canon,target_type,y_true,y_pred
*C(=O)C(F)(F)CC(*)(F)F,eea,3.352,1.8011436780530463
*C(=O)Oc1ccc(C(*)=S)cc1,eea,3.6938,3.5275170845463237
*C(=O)Oc1ccc(C(*)=S)s1,eea,3.8482,3.697138058190447
*C(=O)c1ccc(-c2ccc(-c3ccc(*)s3)cc2)cc1,eea,3.0595,2.5522201516285943
*C(=O)c1ccc(-c2ccc(-c3ccc(*)s3)s2)cc1,eea,2.775,2.8269798325996915
*C(=O)c1ccc(-c2ccc(C(*)=S)s2)s1,eea,4.1032,3.874871746915417
*C(=O)c1ccc(C(=O)C(*)=S)cc1,eea,3.783,4.187464394287354
*C(=O)c1ccc(C(=O)C(*)=S)s1,eea,4.6396,4.3040068979189225
*C(=O)c1ccc(C(=O)c2ccc(*)cc2)cc1,eea,2.1866,2.896840669041969
*C(=O)c1ccc(C(=S)c2ccc(*)cc2)cc1,eea,2.9183,3.3007444614003654
*C(=O)c1ccc(C(=S)c2ccc(*)s2)cc1,eea,3.9759,3.4909114607415854
*C(=O)c1ccc(C(=S)c2ccc(*)s2)s1,eea,4.1286,4.277470529695135
*C(=O)c1ccc(NC(=S)Oc2ccc(Nc3ccc(*)s3)s2)s1,eea,2.7059,3.0041940457786156
*C(=O)c1ccc(OC(*)=S)cc1,eea,3.2631,3.29981344295959
*C(=O)c1ccc(Oc2ccc(*)s2)s1,eea,2.882,2.955925272846315
*C(=S)C(=O)C(F)(F)C(*)(F)F,eea,5.1438,4.478537445921097
*C(=S)C(F)(F)c1ccc(C(*)(F)F)cc1,eea,4.0037,3.845575177179269
*C(=S)C(F)(F)c1ccc(C(*)(F)F)s1,eea,4.1531,3.954987670329275
*C(=S)CC(F)(F)C(*)(F)F,eea,3.5657,3.9803359767298025
*C(=S)OC(=S)c1ccc(*)cc1,eea,3.7508,3.1034190410748606
*C(=S)c1ccc(-c2ccc(-c3ccc(*)cc3)cc2)cc1,eea,3.0264,2.8701590545896205
*C(=S)c1ccc(-c2ccc(-c3ccc(*)cc3)s2)cc1,eea,3.3503,3.1265237357566056
*C(=S)c1ccc(C(=S)c2ccc(*)cc2)cc1,eea,2.9311,3.0473066653164422
*C(=S)c1ccc(C(F)(F)C(*)(F)F)s1,eea,4.1828,4.206590972019276
*C(F)C(*)(F)F,eea,1.524,1.837365970587838
*CC(*)(F)F,eea,1.1415,0.9886528150846264
*CC(*)C,eea,0.4343,0.8999520044449053
*CC(=O)C(=S)C(*)=O,eea,4.8698,3.67919553639021
*CC(=O)C(=S)O*,eea,2.8847,3.936736063364542
*CC(=O)CC(*)=O,eea,1.5258,2.0831667562611167
*CC(=O)CC(*)=S,eea,3.0632,3.2384300163227357
*CC(=O)Cc1ccc(*)cc1,eea,1.8209,1.8611050992406895
*CC(=O)Cc1ccc(*)s1,eea,1.6069,2.1298383316347502
*CC(=O)NC(*)=S,eea,2.9562,3.167824029434724
*CC(=O)Nc1ccc(*)cc1,eea,1.369,1.349904900038935
*CC(=O)Nc1ccc(*)s1,eea,1.3272,1.6373823752125478
*CC(=O)O*,eea,1.2063,1.0884671841831657
*CC(=O)Oc1ccc(*)s1,eea,1.4534,1.5069504647678684
*CC(=O)c1ccc(-c2ccc(*)s2)cc1,eea,2.4129,2.242172301100891
*CC(=O)c1ccc(C(*)=O)s1,eea,3.1941,2.5603482985766215
*CC(=O)c1ccc(C(*)=S)cc1,eea,3.7473,3.4221039232003068
*CC(=O)c1ccc(O*)cc1,eea,2.3793,1.8224305845343693
*CC(=O)c1ccc(O*)s1,eea,2.4711,2.1905901821309315
*CC(=S)C(=O)O*,eea,3.8755,3.687562508574618
*CC(=S)NO*,eea,2.2076,2.7323894579544366
*CC(=S)c1ccc(C(*)=S)cc1,eea,2.9742,3.214916293072136
*CC(=S)c1ccc(N*)cc1,eea,3.0309,2.8440794226323916
*CC(=S)c1ccc(O*)cc1,eea,3.1915,2.963886690030377
*CC(O*)C(F)(F)F,eea,0.7546,1.5981549727997064
*CCC(=O)C(*)=S,eea,3.1911,3.7883197900333245
*CCC(=O)N*,eea,1.1904,1.004396191100966
*CCC(=O)OC(=O)Cc1ccc(-c2ccc(*)cc2)cc1,eea,1.5387,2.244516416128724
*CCC(=O)c1ccc(*)s1,eea,2.6933,2.318802608420746
*CCC(O*)(C(F)(F)F)C(F)(F)F,eea,0.4911,1.827209660980349
*CCCC(*)=O,eea,1.2346,1.5344675503365908
*CCCC(*)=S,eea,2.3997,2.4252956003903625
*CCCCCCC(=O)N*,eea,0.6934,1.124017699731344
*CCCCCOC(=O)Nc1ccc(C)c(NC(=O)O*)c1,eea,0.9199,0.9220429349522754
*CCCCCOCO*,eea,0.5413,0.6222841680764014
*CCCCOC(=O)c1ccc(C(=O)O*)cc1,eea,2.4936,1.4425729694145497
*CCCc1ccc(*)cc1,eea,0.9937,1.0753914704228622
*CCNC(*)=S,eea,1.6837,2.2441174188230417
*CCNc1ccc(*)cc1,eea,0.6326,0.7264813973708176
*CCO*,eea,0.3936,0.8492597771345823
*CCOC(=O)CCCCC(=O)O*,eea,1.0754,1.2277398896150449
*CCOC(=O)CCCCCCC(=O)O*,eea,0.8924,1.343680090184832
*CCOC(=O)NCCOCCOCCNC(=O)O*,eea,0.573,0.8839662601523018
*CCOC(=O)c1ccc(C(=O)O*)cc1,eea,2.2723,1.5177560628358837
*CCOC(=S)NC(=S)c1ccc(N*)cc1,eea,2.6209,3.3804541572043467
*CCOCCOC(=O)Nc1ccc(C)c(NC(=O)O*)c1,eea,0.755,1.0504935617995512
*CCOCCOC(=O)O*,eea,0.4954,0.7019037709112442
*CCc1ccc(-c2ccc(*)s2)cc1,eea,1.6982,1.4690538723910742
*CCc1ccc(-c2ccc(*)s2)s1,eea,1.9411,1.6681730467149574
*CCc1ccc(C(*)=S)s1,eea,3.3272,2.8709693067500073
*CCc1ccc(O*)cc1,eea,0.7536,0.9576727416395034
*CCc1ccc(O*)s1,eea,0.6627,1.189686609181484
*CNC(=O)C(*)=S,eea,4.0732,3.5766973854734645
*CNC(=O)NCOCO*,eea,0.7808,0.6103901285271968
*CNC(=O)c1ccc(*)s1,eea,1.968,2.034849733876473
*CNC(=S)c1ccc(*)s1,eea,2.3974,2.792753506249575
*CNCC(*)=O,eea,1.6269,1.7518532402003697
*CNCC(*)=S,eea,2.6857,2.4765997511838727
*CNCCCOCO*,eea,0.6155,0.6835167588478371
*CNCCNC(=O)OC*,eea,0.5903,0.6583343699416025
*CNCN*,eea,0.8689,0.6970894946090891
*CNCO*,eea,0.7624,0.7854214359092617
*CNCc1ccc(*)s1,eea,1.1612,1.0294176576900682
*CNOC(*)=S,eea,2.5,2.345067170348532
*CNON*,eea,0.9652,0.8210738342300206
*CNc1ccc(N*)cc1,eea,0.54,0.6694632421322163
*CNc1ccc(N*)s1,eea,0.5629,1.169937910238047
*CNc1ccc(O*)cc1,eea,0.7695,0.7678738724848999
*CNc1ccc(O*)s1,eea,0.8203,1.254537669952988
*CO*,eea,0.9897,0.7298765910256053
*COC(=O)O*,eea,0.7529,0.9871642937948049
*COC(=S)O*,eea,2.0771,2.369215077491818
*COCOCCCO*,eea,0.6927,0.6145431215556321
*CONC(*)=O,eea,1.2523,1.1919336040401571
*COc1ccc(-c2ccc(*)cc2)s1,eea,1.6377,1.4073958752178475
*COc1ccc(O*)cc1,eea,0.9466,0.8010588610064507
*COc1ccc(O*)s1,eea,0.8857,1.306086017802158
*Cc1ccc(-c2ccc(-c3ccc(*)cc3)s2)cc1,eea,1.8331,2.0209396034097917
*Cc1ccc(-c2ccc(-c3ccc(*)s3)cc2)s1,eea,1.9244,1.9752481930753136
*Cc1ccc(-c2ccc(-c3ccc(*)s3)s2)cc1,eea,1.9547,1.9965873740771949
*Cc1ccc(-c2ccc(-c3ccc(*)s3)s2)s1,eea,2.0787,2.1612039953792928
*Cc1ccc(-c2ccc(C(*)=S)cc2)cc1,eea,2.7075,2.80088074340183
*Cc1ccc(-c2ccc(C(*)=S)cc2)s1,eea,2.9754,2.8305344804670938
*Cc1ccc(-c2ccc(C(*)=S)s2)s1,eea,3.2587,3.2953169156087037
*Cc1ccc(-c2ccc(N*)cc2)cc1,eea,1.1363,0.9946884070669326
*Cc1ccc(-c2ccc(N*)s2)s1,eea,1.6017,1.6568127368868355
*Cc1ccc(-c2ccc(O*)cc2)s1,eea,1.4385,1.479256217087097
*Cc1ccc(C(=O)C(*)=S)cc1,eea,3.3639,3.7191963544570994
*Cc1ccc(C(=O)O*)cc1,eea,2.2574,1.6683901787758462
*Cc1ccc(C(=O)c2ccc(*)s2)s1,eea,2.8498,2.641174910175144
*Cc1ccc(C(=S)O*)cc1,eea,2.8319,2.61617597506047
*Cc1ccc(C(=S)O*)s1,eea,2.9654,2.972697446581155
*Cc1ccc(C(=S)c2ccc(*)cc2)cc1,eea,2.874,2.8821558369487823
*Cc1ccc(C(=S)c2ccc(*)s2)cc1,eea,3.0211,3.0782938187062427
*Cc1ccc(CC(*)=S)cc1,eea,2.6743,2.529796806917478
*Cc1ccc(CO*)cc1,eea,1.6106,0.9175548780204416
*Cc1ccc(CO*)s1,eea,1.4146,1.1006955862064232
*Cc1ccc(Cc2ccc(*)cc2)cc1,eea,1.0649,1.23070632951686
*Cc1ccc(Cc2ccc(*)s2)s1,eea,1.174,1.7145907709778052
*Cc1ccc(NC(*)=S)cc1,eea,2.0656,2.2740834066929447
*Cc1ccc(NC(*)=S)s1,eea,2.0497,2.2814271164098723
*Cc1ccc(NO*)cc1,eea,0.7333,1.1832868898900344
*Cc1ccc(NO*)s1,eea,1.3873,1.0336026407122556
*Cc1ccc(Nc2ccc(*)cc2)cc1,eea,0.9546,1.097951040203419
*Cc1ccc(Nc2ccc(*)s2)cc1,eea,0.9705,1.1109687977220843
*Cc1ccc(OC(*)=S)cc1,eea,2.2773,2.4099252977719257
*Cc1ccc(Oc2ccc(*)s2)cc1,eea,1.0627,1.207912464274468
*Cc1ccc(Oc2ccc(*)s2)s1,eea,1.2199,1.3394626325397165
*NC(=O)C(=S)O*,eea,4.3681,3.7588218164479814
*NC(=O)C(=S)c1ccc(*)cc1,eea,3.6154,4.055154217002177
*NC(=O)C(=S)c1ccc(*)s1,eea,3.9034,3.7268327572981166
*NC(=O)NC(*)=S,eea,3.7029,3.516429086216918
*NC(=O)NC(=O)c1ccc(C(=S)c2ccc(-c3ccc(*)s3)s2)s1,eea,2.9241,3.892807247060307
*NC(=O)NO*,eea,1.9635,1.5257488366200949
*NC(=O)OC(*)=S,eea,3.7701,3.275637830973477
*NC(=O)c1ccc(-c2ccc(*)cc2)cc1,eea,2.3815,1.959710191114943
*NC(=O)c1ccc(-c2ccc(*)s2)cc1,eea,2.1302,1.9982603609452019
*NC(=O)c1ccc(C(*)=O)s1,eea,3.408,3.139355515413052
*NC(=O)c1ccc(NC(=S)c2ccc(Nc3ccc(*)cc3)cc2)s1,eea,2.5831,2.863871317593637
*NC(=S)C(=O)O*,eea,4.0646,4.435293963020518
*NC(=S)NC(*)=S,eea,4.2115,3.4655509231822115
*NC(=S)Nc1ccc(NC(=S)Nc2ccc(Oc3ccc(*)cc3)cc2)cc1,eea,2.2298,2.9170587689742624
*NC(=S)OC(*)=S,eea,4.0637,3.7429631025180443
*NC(=S)c1ccc(O*)cc1,eea,2.5935,2.7985711095216153
*NC(F)(F)NC(*)(F)F,eea,1.6576,1.4319047466915023
*NCC(F)(F)C(*)(F)F,eea,0.6587,1.381335504456106
*NCCCNC(=O)NC(*)=O,eea,0.6578,1.3278216738359356
*NCNC(=O)OC(=O)NC(*)=O,eea,1.6859,1.3733781496488524
*NOC(=O)O*,eea,1.6985,1.4076842564821064
*NOC(=S)O*,eea,2.7178,2.7626625448794435
*Nc1ccc(*)cc1,eea,0.9827,1.6211470171177418
*Nc1ccc(-c2ccc(-c3ccc(*)cc3)cc2)cc1,eea,1.5312,1.5451309843474659
*Nc1ccc(-c2ccc(-c3ccc(*)s3)cc2)cc1,eea,1.8885,1.8525029030890947
*Nc1ccc(-c2ccc(-c3ccc(*)s3)cc2)s1,eea,2.0751,1.9044562685871869
*Nc1ccc(-c2ccc(C(*)=S)cc2)cc1,eea,2.5787,2.711271352070124
*Nc1ccc(-c2ccc(C(*)=S)cc2)s1,eea,2.3374,2.796221435823178
*Nc1ccc(-c2ccc(C(*)=S)s2)cc1,eea,3.1722,2.7869251224150786
*Nc1ccc(-c2ccc(C(*)=S)s2)s1,eea,3.3026,3.0023448924494733
*Nc1ccc(C(=O)C(*)=S)cc1,eea,4.0513,3.3845399146737334
*Nc1ccc(C(=O)O*)s1,eea,2.6486,1.9046334678611878
*Nc1ccc(C(=O)c2ccc(*)s2)cc1,eea,2.4618,2.8602216784748298
*Nc1ccc(C(=O)c2ccc(*)s2)s1,eea,3.0129,2.806950578836521
*Nc1ccc(C(=S)c2ccc(*)cc2)s1,eea,2.9139,2.961118400636653
*Nc1ccc(NC(*)=S)s1,eea,2.2133,2.396989642851919
*Nc1ccc(NC(=O)NC(=O)NC(*)=O)s1,eea,1.5146,1.7145996606458629
*Nc1ccc(NC(=O)NONC(*)=O)s1,eea,1.3385,1.4630445444511477
*Nc1ccc(Nc2ccc(*)s2)cc1,eea,1.0698,1.2040106408983648
*Nc1ccc(Nc2ccc(*)s2)s1,eea,1.4393,1.2991553108220089
*Nc1ccc(Oc2ccc(*)cc2)cc1,eea,1.1501,1.3126458797357972
*OC(=O)C(=S)C(*)=O,eea,5.1004,4.206668296570657
*OC(=O)c1ccc(C(*)=O)cc1,eea,3.2451,2.8628159041385155
*OC(=O)c1ccc(C(*)=O)s1,eea,3.3779,3.6587967729595037
*OC(=S)C(F)(F)C(*)(F)F,eea,3.6605,3.922225356311108
*OC(=S)OC(*)=O,eea,3.1486,3.15202889233905
*OC(=S)Oc1ccc(*)cc1,eea,1.8722,2.4950185269080696
*OC(=S)Oc1ccc(*)s1,eea,2.5249,2.458121695375851
*OC(=S)c1ccc(-c2ccc(*)cc2)cc1,eea,2.7321,2.839347843267959
*OC(=S)c1ccc(C(*)=O)cc1,eea,3.4955,3.743251437006468
*OC(=S)c1ccc(C(*)=O)s1,eea,4.037,3.7602439892227304
*OC(F)(F)C(=O)C(*)(F)F,eea,3.6501,2.09518828425169
*OC(F)(F)C(=S)C(*)(F)F,eea,4.3264,3.6742862326427628
*OC(F)(F)c1ccc(C(*)(F)F)cc1,eea,2.1427,2.3420627594833916
*OC1C(CO)OC(*)C(O)C1O,eea,0.8344,1.4099795779428161
*OCCC(=O)CC(=O)Oc1ccc(*)cc1,eea,2.0323,2.3242481421780754
*Oc1ccc(-c2ccc(-c3ccc(*)cc3)cc2)cc1,eea,1.6576,1.8620964967291411
*Oc1ccc(-c2ccc(C(*)=O)s2)s1,eea,2.952,2.9280715933065813
*Oc1ccc(C(=O)c2ccc(*)cc2)cc1,eea,2.4594,2.769780521387278
*Oc1ccc(C(=O)c2ccc(C(=O)NOC(*)=O)s2)cc1,eea,3.5136,2.690263597628702
*Oc1ccc(C(=S)c2ccc(*)cc2)cc1,eea,3.1315,2.9419297015008037
*Oc1ccc(C(F)(F)C(*)(F)F)cc1,eea,1.7411,2.0636818491952282
*Oc1ccc(C(F)(F)C(*)(F)F)s1,eea,1.9642,2.2514905171272424
*Oc1ccc(CC(*)=O)cc1,eea,1.5033,1.9366941127325694
*Oc1ccc(Cc2ccc(*)cc2)cc1,eea,1.1795,1.1825960824859982
*Oc1ccc(OC(*)=O)cc1,eea,1.4499,1.833209694629405
*Oc1ccc(OC(*)=O)s1,eea,1.7594,1.9850182675759969
*Oc1ccc(Oc2ccc(*)cc2)s1,eea,1.2264,1.4052578362127037
*Oc1ccc(Oc2ccc(*)s2)s1,eea,1.3443,1.6297729855968746
*c1ccc(-c2ccc(*)s2)s1,eea,2.9681,2.0844408552893627
*c1ccc(-c2ccc(-c3ccc(-c4ccc(*)s4)cc3)cc2)cc1,eea,2.2963,2.217224842965005
*c1ccc(-c2ccc(-c3ccc(-c4ccc(*)s4)cc3)s2)cc1,eea,2.3385,2.5227315986822174
*c1ccc(-c2ccc(-c3ccc(-c4ccc(*)s4)s3)cc2)cc1,eea,2.6224,2.4241358904641346
*c1ccc(-c2ccc(-c3ccc(-c4ccc(*)s4)s3)s2)cc1,eea,2.752,2.5433018021288127
*c1ccc(-c2ccc(C(F)(F)C(*)(F)F)cc2)cc1,eea,2.3351,2.1663707866143875
*c1ccc(-c2ccc(C(F)(F)C(*)(F)F)s2)s1,eea,2.7568,2.6757987257542073
*c1ccc(-c2ccc(Oc3ccc(*)s3)s2)cc1,eea,2.1082,2.2180696354511946
*c1ccc(C(=O)C(F)(F)C(*)(F)F)cc1,eea,3.4595,3.3519900789584316
*c1ccc(C(=O)C(F)(F)C(*)(F)F)s1,eea,3.7613,3.4351188768764533
*c1ccc(C(=S)c2ccc(-c3ccc(*)s3)s2)cc1,eea,3.54,3.257586144201145
*c1ccc(C(F)(F)CC(*)(F)F)cc1,eea,1.9565,1.8519927375214953
*c1ccc(C(F)(F)CC(*)(F)F)s1,eea,2.025,2.0628323058901805
*c1ccc(C(F)(F)NC(*)(F)F)cc1,eea,2.1641,2.2216577818470817
*c1ccc(C(F)(F)NC(*)(F)F)s1,eea,2.4083,2.1605730484143626
*c1ccc(C(F)(F)c2ccc(C(*)(F)F)cc2)s1,eea,2.9023,2.463839353359097
*c1ccc(C(F)(F)c2ccc(C(*)(F)F)s2)s1,eea,2.5399,2.692453510003827
*c1ccc(CC(F)(F)C(*)(F)F)s1,eea,1.8781,2.06354942332138
*c1ccc(OC(=S)c2ccc(*)s2)cc1,eea,3.1094,2.9284419202004544
*c1ccc2oc(-c3ccc4nc(*)oc4c3)nc2c1,eea,3.155,2.0192823451760007
*C#CC(=C(*)c1cnc2ccccc2c1)c1cnc2ccccc2c1,egb,0.5725,2.0161977404728737
*C(*)C,egb,7.4047,7.711230023535941
*C(=O)C(=S)OC(*)=S,egb,1.4146,2.062636312356026
*C(=O)C(F)(F)C(=O)C(*)(F)F,egb,3.1408,4.780788183691157
*C(=O)C(F)(F)CC(*)(F)F,egb,4.9978,4.985846683032124
*C(=O)C(F)(F)NC(*)(F)F,egb,5.0875,5.012502581225687
*C(=O)CC(F)(F)C(*)(F)F,egb,5.0395,5.323247546677042
*C(=O)NC(F)(F)C(*)(F)F,egb,5.4991,5.166325922371256
*C(=O)OCCCCOC(=O)N1CCN(*)CC1,egb,6.4265,6.234155345547712
*C(=O)Oc1ccc(C(*)=S)cc1,egb,2.3448,2.621583837510112
*C(=O)Oc1ccc(C(*)=S)s1,egb,1.9856,2.059540117629656
*C(=O)c1ccc(-c2ccc(-c3ccc(*)cc3)cc2)cc1,egb,2.5479,3.014044851843907
*C(=O)c1ccc(-c2ccc(C(*)=S)cc2)s1,egb,1.9265,1.8220367737973544
*C(=O)c1ccc(-c2ccc(C(*)=S)s2)s1,egb,1.6466,1.7036454776046923
*C(=O)c1ccc(C(=O)C(*)=S)cc1,egb,1.6753,1.865240983695047
*C(=O)c1ccc(C(=O)N2CCN(*)CC2)cc1,egb,4.7036,3.2668593828779207
*C(=O)c1ccc(C(=O)c2ccc(*)cc2)cc1,egb,2.9556,2.9350821900424067
*C(=O)c1ccc(C(=O)c2ccc(*)s2)s1,egb,1.863,1.9456883671839988
*C(=O)c1ccc(NC(=S)Oc2ccc(Nc3ccc(*)s3)s2)s1,egb,2.3992,2.5453626399643965
*C(=O)c1ccc(Oc2ccc(*)s2)s1,egb,2.4838,2.737115990508289
*C(=S)CC(F)(F)C(*)(F)F,egb,2.143,3.854037720940216
*C(=S)OC(=S)c1ccc(*)cc1,egb,2.364,2.410885669548675
*C(=S)Oc1ccc(-c2ccc(*)cc2)s1,egb,2.3094,2.22594724080239
*C(=S)Oc1ccc(-c2ccc(*)s2)s1,egb,1.9834,2.3219129010197905
*C(=S)c1ccc(-c2ccc(-c3ccc(*)cc3)cc2)cc1,egb,1.6353,1.9580752444173595
*C(=S)c1ccc(-c2ccc(-c3ccc(*)cc3)s2)cc1,egb,1.8996,1.461284765807395
*C(=S)c1ccc(C(=S)c2ccc(*)cc2)cc1,egb,1.8035,1.4785239233229919
*C(=S)c1ccc(C(=S)c2ccc(*)cc2)s1,egb,1.1979,1.5203364792607665
*C(=S)c1ccc(C(F)(F)C(*)(F)F)cc1,egb,2.3476,2.1561082697598724
*C(=S)c1ccc(C(F)(F)C(*)(F)F)s1,egb,2.1029,2.402409507647179
*C(C#N)=C(c1ccccc1)c1ccc(*)cc1,egb,2.5883,2.690558681439624
*C(C#N)C(*)(C#N)C#N,egb,5.8992,6.466144695865109
*C(C)C(*)O,egb,7.9156,7.85009558721052
*C(F)(F)C1(F)C(F)(F)C(*)(F)C(F)(F)C1(F)F,egb,6.9544,8.214925857832425
*C(F)C(*)(F)OC(F)(F)F,egb,7.802,8.740342781360933
*C1C(=O)OC(=O)C1*,egb,6.0081,5.417606363989727
*C=C(*)C#N,egb,0.5068,5.02602581120334
*C=CC(C)(C)CC(C#N)C*,egb,5.2738,5.383401252411812
*C=CC(C)C(*)C(=O)OCCCC,egb,5.4974,5.566399674566235
*C=CC1CC(*)C(C#N)(CCC)C1,egb,5.8705,5.6939533714947785
*C=CC1CC(*)C(C(=O)OCCNC(C)(C)C)C1,egb,4.7904,5.154437756519538
*C=CC1CC(*)C2C(=O)N(CCCCCCCCC)C(=O)C12,egb,5.104,4.882147794412534
*C=CC1CC(*)C2CC=CC12,egb,5.6741,5.422557618145485
*C=CCCCC*,egb,5.7962,5.051864186727855
*C=Cc1ccc(*)n1CCCCCC,egb,1.3683,4.642434213954685
*C=c1ccc(=c2ccc(=Cc3ccc(*)s3)s2)s1,egb,1.224,2.4785679086906516
*CC(*)(C#N)C#N,egb,6.9314,5.828875335147813
*CC(*)(C)C#N,egb,7.1863,7.039033549373768
*CC(*)(C)C(=O)OC(C(F)(F)F)C(F)(F)F,egb,5.3218,6.178357716008809
*CC(*)(C)C(=O)OC(F)(C(F)(F)F)C(F)(F)F,egb,6.1125,5.728521063342229
*CC(*)(C)C(=O)OCC,egb,6.2424,6.445725106763489
*CC(*)(C)C(=O)OCC(F)(F)C(F)F,egb,5.3983,6.281365264539222
*CC(*)(C)C(=O)OCCC#N,egb,6.2508,5.935784112033638
*CC(*)(C)C(=O)OCCc1ccccc1,egb,4.9946,4.760043053586314
*CC(*)(C)C(=O)Oc1ccccc1,egb,4.8118,4.430787960938188
*CC(*)(F)C(=O)OCC(F)(F)C(F)(F)C(F)(F)F,egb,6.2862,5.754909688726645
*CC(*)(F)C(=O)OCCC(F)(F)C(F)(F)C(F)(F)C(F)(F)C(F)(F)C(F)(F)C(F)(F)C(F)(F)F,egb,5.7714,6.070070866930384
*CC(*)C,egb,7.6997,7.70344020701037
*CC(*)C(=O)Nc1ccccc1Cl,egb,4.2427,3.9274010877246393
*CC(*)C(=O)OC(C)C,egb,6.455,6.321395815673715
*CC(*)C(=O)OCC(F)(F)C(F)(F)C(F)(F)C(F)(F)C(F)(F)C(F)(F)C(F)(F)F,egb,5.7185,5.9579969102420165
*CC(*)C(=O)OCC(F)(F)C(F)(F)OC(F)(F)C(F)(F)C(F)(F)C(F)(F)F,egb,6.0236,5.989734483083792
*CC(*)C(=O)OCCCSCC,egb,5.1212,5.303817100144154
*CC(*)C(N)=O,egb,6.3764,5.337183419466782
*CC(*)CC,egb,7.9012,7.370582316515725
*CC(*)CCC,egb,7.2705,7.615170705465505
*CC(*)CO,egb,7.4192,7.282330044245499
*CC(*)F,egb,8.3099,7.711245841278606
*CC(*)N1CCCC1=O,egb,5.5902,5.940458104488644
*CC(*)OC(=O)CC1CCCC1,egb,6.4741,6.555566606315377
*CC(*)OC(=O)OCC(F)(F)F,egb,7.9003,6.027113672250321
*CC(*)OC(C)=O,egb,5.9373,6.399630380524588
*CC(*)c1ccc(C(=O)OCC(C)C)cc1,egb,4.8032,4.548688153973971
*CC(=O)C(=S)C(*)=O,egb,1.4812,1.3916443401104306
*CC(=O)C(=S)O*,egb,2.0217,2.1941741509217585
*CC(=O)CC(*)=O,egb,4.6959,4.252919644254317
*CC(=O)NC(*)=O,egb,4.8368,4.603796632551473
*CC(=O)NC(*)=S,egb,3.0348,2.774256077836431
*CC(=O)Nc1ccc(*)s1,egb,3.9328,3.5623693306417654
*CC(=O)OC(*)=S,egb,3.73,3.1950656760542455
*CC(=O)Oc1ccc(*)s1,egb,4.2025,3.705414243913613
*CC(=O)c1ccc(-c2ccc(*)cc2)cc1,egb,3.0649,3.050932681704803
*CC(=O)c1ccc(-c2ccc(*)cc2)s1,egb,2.5123,2.5717520949602006
*CC(=O)c1ccc(-c2ccc(*)s2)s1,egb,2.3893,2.4148172363263574
*CC(=O)c1ccc(C(*)=O)cc1,egb,2.9172,3.652023673130307
*CC(=O)c1ccc(C(*)=O)s1,egb,2.9786,3.250120588629874
*CC(=O)c1ccc(C(*)=S)cc1,egb,2.4669,2.346602917598225
*CC(=O)c1ccc(C(*)=S)s1,egb,2.3542,1.8501217082334338
*CC(=O)c1ccc(O*)cc1,egb,3.8893,3.591359558839823
*CC(=S)C(=O)C(*)=S,egb,0.725,1.4917560423064926
*CC(=S)C(=O)O*,egb,2.0697,2.0403010009868985
*CC(=S)CO*,egb,2.5314,3.514046880602508
*CC(=S)NO*,egb,3.2554,3.244338209977637
*CC(=S)OC(*)=S,egb,2.7744,2.7920277671148814
*CC(=S)c1ccc(C(*)=S)s1,egb,1.6797,1.6943447252426844
*CC(=S)c1ccc(O*)cc1,egb,2.3706,2.5286416898148127
*CC(=S)c1ccc(O*)s1,egb,1.6344,2.3665453868063238
*CC(C#N)(C#N)C(C#N)C(*)(C#N)C#N,egb,6.2447,6.340315626409772
*CC(C#N)(C#N)C(C#N)C(C#N)(C#N)C(C#N)C(C#N)(C#N)C(C#N)C(*)(C#N)C#N,egb,5.9056,6.157389073706235
*CC(C#N)(C#N)CC(C#N)(C#N)C(C#N)C(*)(C#N)C#N,egb,6.5308,6.284246231780863
*CC(C#N)(C#N)CC(C#N)(C#N)CC(C#N)(C#N)C(C#N)C(*)(C#N)C#N,egb,6.4504,6.254331849712507
*CC(C)(C)COC(=O)CCCCC(=O)O*,egb,6.5878,6.222384226379231
*CC(C)CO*,egb,7.3501,7.198519546764635
*CC(C)O*,egb,6.9903,7.425129435115845
*CC(CC(CC(CC(*)c1ccccc1)c1ccccc1)c1ccccc1)c1ccccc1,egb,4.8255,3.984621547989516
*CC(CCC)C(CCC)COC(=O)c1ccc(C(=O)O*)cc1,egb,4.4708,4.577910609391353
*CC(O*)C(F)(F)F,egb,7.4158,8.691670863018807
*CC1CC1CNC(=O)C1CC1C(=O)N*,egb,5.6374,5.8414635869681355
*CC1CC1COC(=O)Nc1ccc(C)c(NC(=O)O*)c1,egb,4.7181,4.182205562325304
*CC1CC1COC(=O)c1cccc(C(=O)O*)c1,egb,4.4908,4.685255117611638
*CC1CCC(CNC(=O)CCCCCC(=O)N*)CC1,egb,5.2823,6.163629252780627
*CC1CCC(COC(=O)NCCSCCCCCSCCNC(=O)O*)CC1,egb,5.4414,4.961605381427347
*CCC(=O)C(*)=S,egb,1.8131,2.7479217799184017
*CCC(=O)c1ccc(*)cc1,egb,3.6964,3.5475993498259357
*CCC(=O)c1ccc(*)s1,egb,3.1093,3.330693756999409
*CCC(C)C(C)CCNC(=O)c1cccc(C(=O)N*)c1,egb,4.7199,4.3498133556736125
*CCC(C)CC(=O)O*,egb,6.7489,6.364340647361769
*CCC(F)(F)C(*)(F)Cl,egb,7.4828,4.893673820713695
*CCC(F)(F)C(*)(F)F,egb,9.1316,8.11795023921568
*CCC(O*)(C(F)(F)F)C(F)(F)F,egb,8.3878,8.135483250834517
*CCC1CC(*)C2CCCC12,egb,7.4997,7.42549207950494
*CCC1CCC(*)C1,egb,7.9915,7.432495273009501
*CCCC(*)=O,egb,5.13,5.582623568833509
*CCCC(*)=S,egb,2.9464,3.69236958857242
*CCCC(*)C#N,egb,7.4859,6.79983659761659
*CCCCCC(=O)S*,egb,5.0001,4.359777058346706
*CCCCCCC(=O)N*,egb,5.9361,6.377718934371312
*CCCCCCC(Cl)C(*)Cl,egb,6.7965,5.098468705560066
*CCCCCCCCCCCNC(=O)c1ccc(C(=O)N*)cc1,egb,4.214,4.4482443093441315
*CCCCCCCCCCOC(=O)CCC(=O)O*,egb,6.6201,6.380203751761879
*CCCCCCCCCCOC(=O)CCCCCCCCCCCCCCCCC(=O)O*,egb,6.0542,6.5043191660056525
*CCCCCCCCCCSCCCCCCS*,egb,5.52,5.106311498974864
*CCCCCCCNC(=S)Nc1ccc(NC(=S)N*)cc1,egb,3.5538,3.041328148614424
*CCCCCCNC(=O)CCCCCCCCCCC(=O)N*,egb,6.3994,5.5498578023801075
*CCCCCCOC(=O)NCCCNC(=O)O*,egb,6.5954,6.4705186758642785
*CCCCCCOC(=O)NCCSCCSCCNC(=O)O*,egb,4.7777,5.2401891451934866
*CCCCCCSCCS*,egb,5.0604,4.946431139067352
*CCCCCCSSCCCCSS*,egb,4.2836,5.073305002854467
*CCCCCNC(=O)C(CCCCCCCCCCCC)C(=O)N*,egb,6.2733,5.372746676782398
*CCCCCOC(=O)O*,egb,7.123,6.301092210417487
*CCCCCOCO*,egb,6.8354,6.782527785467178
*CCCCCS*,egb,4.989,5.415736937633407
*CCCCOC(=O)C1CCC(C(=O)O*)CC1,egb,6.5835,6.292769404214388
*CCCCOC(=O)c1ccc(C(=O)O*)cc1,egb,4.0149,4.247817863727298
*CCCCSCCS*,egb,4.9438,4.938837020359926
*CCCN*,egb,6.381,6.658883138093038
*CCCNC(=O)CCCCCCCC(=O)NCCCNC(=O)C(=O)N*,egb,4.6809,4.576160566505965
*CCCOC(=O)CCCCCCCCCCC(=O)O*,egb,6.3683,6.409109088753563
*CCCOC(=O)CCCCCCCCOC(=O)CCCOC(=O)CCCCCCCCOC(*)=O,egb,6.5329,6.078553528757475
*CCCc1ccc(*)cc1,egb,4.7657,4.023868631294335
*CCNC(*)=S,egb,3.6727,3.5720082423627297
*CCNc1ccc(*)s1,egb,3.793,3.813349144105908
*CCOC(=O)C1C2C=CC(C2)C1C(=O)O*,egb,5.3661,5.180090455332792
*CCOC(=O)C1CCC(C(=O)O*)CC1,egb,6.4481,6.452645273674393
*CCOC(=O)NCCOCCOCCNC(=O)O*,egb,6.4585,6.341050967350827
*CCOC(=O)NCCSCCCCSCCNC(=O)O*,egb,5.1094,4.683674556787631
*CCOC(=O)Nc1ccc(C(C)(C)c2ccc(NC(=O)O*)cc2)cc1,egb,4.3346,4.2511205282898015
*CCOCCOC(=O)CCCCS(=O)(=O)CCCCC(=O)O*,egb,5.7504,4.903218383798822
*CCOCCOC(=O)Nc1ccc(C)c(NC(=O)O*)c1,egb,4.5558,4.477723824121776
*CCOCCOC(=O)O*,egb,6.6617,6.757144378467577
*CCOCCOCCOC(=O)CCCCCC(=O)O*,egb,5.5157,6.40636887289357
*CCOCCOCCOC(=O)CCCCCCC(=O)O*,egb,6.184,6.413256085498793
*CCc1ccc(-c2ccc(*)cc2)cc1,egb,3.7492,3.2491934899628836
*CCc1ccc(-c2ccc(*)s2)cc1,egb,2.9495,3.7169178704131003
*CCc1ccc(-c2ccc(*)s2)s1,egb,2.7315,2.9586073316615042
*CCc1ccc(C(*)=S)cc1,egb,2.7697,2.8162376560471825
*CCc1ccc(C(*)=S)s1,egb,2.295,2.2496636422185237
*CCc1ccc(Cc2ccc(CCS*)cc2)cc1,egb,4.3552,3.796815915828804
*CCc1ccc(O*)cc1,egb,4.052,4.571478110936021
*CCc1ccc(O*)s1,egb,4.1608,3.831577076626857
*CNC(=O)ONC(=O)NO*,egb,5.9707,5.139303078956215
*CNC(=S)C(*)=O,egb,2.1003,2.394501856247576
*CNC(=S)O*,egb,4.2201,3.5677582627861884
*CNC(=S)c1ccc(*)cc1,egb,3.1832,2.8886488675194095
*CNC(=S)c1ccc(*)s1,egb,2.7289,2.365361344405665
*CNCCCOCO*,egb,6.3311,6.447412887510533
*CNCCNC(=O)OC*,egb,6.3647,6.545385136975064
*CNCN*,egb,6.2293,6.592269227511346
*CNCNC(=O)NC(=O)N*,egb,5.4,5.57266609978694
*CNCO*,egb,6.9282,6.352318583901343
*CNCc1ccc(*)cc1,egb,4.4323,4.320661130987123
*CNCc1ccc(*)s1,egb,4.1265,3.821206364250082
*CNOC(*)=S,egb,3.5947,3.644486181677262
*CNON*,egb,4.8889,6.214172873042339
*CNOc1ccc(*)cc1,egb,4.1647,4.377290660667274
*CNc1ccc(-c2ccc(*)cc2)s1,egb,3.3441,2.7139316116070322
*CNc1ccc(C(*)=O)s1,egb,2.5818,3.209816889019637
*CNc1ccc(C(*)=S)s1,egb,1.6806,2.1838259870315615
*CNc1ccc(O*)cc1,egb,3.7495,4.200761907566747
*CO*,egb,8.7732,6.9220274181637285
*COCOCCCO*,egb,7.1737,6.572306644795578
*COc1ccc(-c2ccc(*)cc2)s1,egb,3.0939,3.411328639572726
*COc1ccc(O*)cc1,egb,4.685,4.700262856403005
*Cc1ccc(-c2ccc(-c3ccc(*)cc3)s2)cc1,egb,2.7314,2.7612881608877093
*Cc1ccc(-c2ccc(-c3ccc(*)s3)cc2)s1,egb,2.512,2.7324978656211165
*Cc1ccc(-c2ccc(C(*)=S)cc2)cc1,egb,2.5561,2.476487402746521
*Cc1ccc(-c2ccc(C(*)=S)s2)cc1,egb,1.9323,2.286230997946686
*Cc1ccc(-c2ccc(N*)s2)s1,egb,2.8559,3.016502472084001
*Cc1ccc(-c2ccc(O*)cc2)cc1,egb,3.7323,3.8037731406591244
*Cc1ccc(-c2ccc(O*)s2)s1,egb,2.9968,3.135701897100568
*Cc1ccc(C(=O)C(*)=S)cc1,egb,2.5816,2.2133660299926388
*Cc1ccc(C(=O)N*)cc1,egb,4.2448,3.898153786618828
*Cc1ccc(C(=O)O*)cc1,egb,3.7934,4.22828342050228
*Cc1ccc(C(=O)O*)s1,egb,3.78,3.3437517172486775
*Cc1ccc(C(=O)c2ccc(*)cc2)cc1,egb,3.8451,3.6809817421903217
*Cc1ccc(C(=O)c2ccc(*)s2)cc1,egb,3.4106,3.2854873892111143
*Cc1ccc(C(=O)c2ccc(*)s2)s1,egb,2.7131,2.6750671274831097
*Cc1ccc(C(=S)O*)cc1,egb,3.1473,3.2154955838583796
*Cc1ccc(C(=S)c2ccc(*)cc2)cc1,egb,2.3058,2.3680535902267925
*Cc1ccc(C(=S)c2ccc(*)s2)cc1,egb,2.5143,2.2631048356728036
*Cc1ccc(CC(*)=S)cc1,egb,2.9253,3.036573877557704
*Cc1ccc(CC(*)=S)s1,egb,2.5553,2.6481697732898506
*Cc1ccc(CO*)cc1,egb,4.8019,4.137228369417394
*Cc1ccc(Cc2ccc(*)cc2)cc1,egb,4.2049,4.081221189500245
*Cc1ccc(Cc2ccc(*)s2)cc1,egb,4.0831,3.497550154484573
*Cc1ccc(Cc2ccc(*)s2)s1,egb,4.1954,3.2118495114820376
*Cc1ccc(NC(*)=S)cc1,egb,3.5265,3.2861923551008387
*Cc1ccc(NC(*)=S)s1,egb,2.8469,2.6814381929365467
*Cc1ccc(Nc2ccc(*)cc2)cc1,egb,3.7655,3.9941438020094693
*Cc1ccc(Nc2ccc(*)s2)s1,egb,3.6624,3.269031511655992
*Cc1ccc(OC(*)=S)cc1,egb,3.7121,3.335291879754677
*Cc1ccc(Oc2ccc(*)s2)cc1,egb,4.0475,3.9349120701559532
*NC(=O)C(=S)C(*)=O,egb,1.4363,1.3965783785154755
*NC(=O)C(=S)O*,egb,2.095,2.6378842332690096
*NC(=O)C(=S)c1ccc(*)cc1,egb,1.5619,2.0246612124506838
*NC(=O)C(=S)c1ccc(*)s1,egb,0.9512,1.7488075831285546
*NC(=O)NC(*)=O,egb,3.9867,5.146488854224117
*NC(=O)NO*,egb,5.0658,4.887255068019452
*NC(=O)Nc1ccc(*)cc1,egb,3.4515,3.4462652948899075
*NC(=O)Nc1ccc(*)s1,egb,3.137,3.510720563061568
*NC(=O)Oc1ccc(*)s1,egb,3.4227,3.5581236679746295
*NC(=O)c1ccc(-c2ccc(*)cc2)cc1,egb,2.6675,3.1532900435510793
*NC(=O)c1ccc(-c2ccc(*)cc2)s1,egb,1.9448,2.3313956875285586
*NC(=O)c1ccc(C(*)=S)s1,egb,1.932,1.7915328890629318
*NC(=O)c1ccc(O*)s1,egb,3.0418,3.353355514963874
*NC(=S)NC(*)=S,egb,2.0315,2.6331240313644875
*NC(=S)Nc1ccc(*)cc1,egb,2.6405,3.201573749765418
*NC(=S)Nc1ccc(Cc2ccc(*)cc2)cc1,egb,3.7898,2.7935080392193905
*NC(=S)c1ccc(C(*)=S)s1,egb,1.6122,1.5626140009812832
*NC(=S)c1ccc(O*)cc1,egb,2.6021,3.021263420774236
*NC(=S)c1ccc(O*)s1,egb,2.3899,2.3070011199453178
*NC(C)C(=O)NC(C)C(=O)NC(C(=O)NC(C(*)=O)C(C)C)C(C)C,egb,5.8867,4.1377102293527805
*NC(F)(F)NC(*)(F)F,egb,8.2637,7.946377043680624
*NC1CCCC1C(*)=O,egb,6.4002,5.791697789918945
*NCC(F)(F)C(*)(F)F,egb,7.8675,8.657098158267367
*NCCCNC(=O)NC(*)=O,egb,6.0227,5.0336079836387695
*NNC(=O)C(=O)NNC(=O)CCCCCCCC(*)=O,egb,3.7266,4.702955982867392
*NOC(=O)NCC(=O)NC(*)=O,egb,4.9352,4.749879449879121
*NOC(=O)O*,egb,5.0089,5.787657033274526
*NOC(F)(F)C(*)(F)F,egb,6.3342,7.845528435191809
*NOc1ccc(O*)cc1,egb,4.5587,4.009341379376856
*Nc1ccc(-c2ccc(-c3ccc(*)cc3)cc2)cc1,egb,2.9094,2.706080594548504
*Nc1ccc(-c2ccc(-c3ccc(*)cc3)s2)cc1,egb,1.8163,2.189828111790518
*Nc1ccc(-c2ccc(-c3ccc(*)s3)cc2)s1,egb,1.6397,1.8321329534422932
*Nc1ccc(-c2ccc(-c3ccc(*)s3)s2)cc1,egb,2.587,1.6602681124798344
*Nc1ccc(-c2ccc(-c3ccc(*)s3)s2)s1,egb,1.5003,1.482537873069791
*Nc1ccc(-c2ccc(C(*)=S)cc2)s1,egb,2.3796,1.6522168525735255
*Nc1ccc(-c2ccc(C(*)=S)s2)cc1,egb,1.4764,1.8507760167677096
*Nc1ccc(-c2ccc(NC(=O)c3cc(C(*)=O)cc(S(=O)(=O)c4ccccc4)c3)cc2)cc1,egb,2.4795,2.4416043446820286
*Nc1ccc(Br)cc1-c1ccc(NC(=O)c2ccc(C(*)=O)cc2)cc1,egb,2.9894,2.28277883094711
*Nc1ccc(C(=O)O*)cc1,egb,3.977,3.3873102483203756
*Nc1ccc(C(=O)c2ccc(*)s2)s1,egb,1.7108,2.3667748462656437
*Nc1ccc(C(=S)c2ccc(*)cc2)cc1,egb,1.8785,1.9620769914008873
*Nc1ccc(C(=S)c2ccc(*)cc2)s1,egb,1.7781,1.8683911733781546
*Nc1ccc(NC(*)=S)s1,egb,2.1538,2.4892993695683434
*Nc1ccc(NC(=O)NC(=O)NC(*)=O)s1,egb,3.2632,2.6930702244604934
*Nc1ccc(Nc2ccc(*)s2)cc1,egb,2.8374,2.9234939923237713
*Nc1ccc(OC(*)=S)cc1,egb,3.2479,3.3418613931404986
*Nc1ccc(Oc2ccc(*)cc2)cc1,egb,3.2074,3.753445363424681
*Nc1ccc(Oc2ccc(*)s2)s1,egb,3.9124,3.0757563325862645
*Nc1cccc(C(*)=O)c1,egb,3.2399,3.4451139390092957
*OC(=O)C(=S)C(*)=O,egb,1.4341,1.949914994674111
*OC(=O)OC(*)=O,egb,5.926,4.850668173585396
*OC(=O)OCCCCCCCCCCOC(=O)OC1COC2C(*)COC12,egb,6.1689,6.454671359665084
*OC(=O)OCCOCCOC(=O)OC1COC2C(*)COC12,egb,6.5378,6.375146226537217
*OC(=O)c1ccc(C(*)=O)cc1,egb,3.1295,3.55730077095078
*OC(=O)c1ccc(C(*)=O)s1,egb,3.202,3.241873579156976
*OC(=S)C(F)(F)C(*)(F)F,egb,3.1746,3.024465022913248
*OC(=S)OC(*)=O,egb,3.9378,3.092684888169416
*OC(=S)Oc1ccc(*)cc1,egb,3.9415,3.098186375988474
*OC(=S)Oc1ccc(*)s1,egb,3.0437,3.0639934942331153
*OC(=S)c1ccc(C(*)=O)cc1,egb,2.5144,2.459747863607099
*OC(=S)c1ccc(C(*)=O)s1,egb,2.3663,2.007550186508409
*OC(C)COC(=O)CCCCC(*)=O,egb,6.5974,6.129404995095226
*OC(CC(*)=O)C1CO1,egb,6.1493,6.541778661370768
*OC(CC(C)C)C(*)=O,egb,5.8529,6.201460316691321
*OC(CCCCCCC=C)CC(*)=O,egb,5.5852,5.48601193746587
*OC(F)(F)C(*)(F)F,egb,10.1137,8.611555181484222
*OC(F)(F)C(=O)C(*)(F)F,egb,5.2263,5.431388171067298
*OC(F)(F)C(F)(F)C(*)(F)F,egb,9.1214,8.690963348425166
*OC(F)(F)C(F)(F)C(F)(F)C(*)(F)F,egb,8.7307,7.7412380411994635
*OC(F)(F)CC(*)(F)F,egb,10.0451,8.268114234652494
*OC(F)(F)NC(*)(F)F,egb,8.991,8.20585763085611
*OC(c1ccc(OC)cc1)C(C)(C)C(*)=O,egb,4.5832,4.828326212707481
*OC1C(C)(C)C(OC(*)=O)C1(C)C,egb,6.9495,6.465903318785929
*OC1C(CO)OC(*)C(O)C1O,egb,7.4757,7.479373056458945
*OCC(F)(F)C(*)(F)F,egb,8.8494,8.51618676528348
*OCCC(=O)CC(=O)Oc1ccc(*)cc1,egb,3.7901,4.204402523613718
*OCCCCONC(*)=O,egb,5.6793,5.855623378521276
*ON(C(F)(F)F)C(F)(C(*)(F)F)C(F)(F)F,egb,7.0955,7.043283789762438
*Oc1ccc(-c2ccc(C(*)=O)cc2)cc1,egb,3.0847,3.407817713415675
*Oc1ccc(-c2ccc(C(*)=O)s2)cc1,egb,2.0204,2.5387470121587508
*Oc1ccc(C(=O)c2ccc(C(=O)NOC(*)=O)s2)cc1,egb,2.9014,3.0297965251187096
*Oc1ccc(C(=S)c2ccc(*)cc2)cc1,egb,1.7412,2.395139865426374
*Oc1ccc(C(=S)c2ccc(*)cc2)s1,egb,2.4038,2.38175710838811
*Oc1ccc(C(=S)c2ccc(*)s2)s1,egb,2.3041,1.853025854831023
*Oc1ccc(C(F)(F)C(*)(F)F)cc1,egb,4.7894,4.560156320029476
*Oc1ccc(C(F)(F)C(*)(F)F)s1,egb,4.0762,3.9873855119892263
*Oc1ccc(C2(c3ccc(OC(=O)c4cccc(C(*)=O)c4)c(C)c3)c3ccccc3-c3ccccc32)cc1C,egb,3.0176,3.1530780073812394
*Oc1ccc(CC(*)=O)cc1,egb,4.6878,4.128894462432394
*Oc1ccc(Cc2ccc(*)cc2)cc1,egb,4.3787,4.23972797879102
*Oc1ccc(OC(*)=O)cc1,egb,4.3251,4.46108255112578
*Oc1ccc(OC(*)=O)s1,egb,3.6706,3.625953245587731
*Oc1ccc(OC(=O)c2ccc(C(*)=O)cc2)cc1C1CCCCCCC1,egb,3.1917,4.168110469653799
*Oc1ccc(Oc2ccc(*)s2)s1,egb,4.047,3.4109424304434133
*SC1CCCC(*)C1,egb,5.2199,5.097436502302509
*Sc1ccc(*)cc1,egb,3.1848,2.1511445526555875
*c1cc(-c2sc(-c3cc(C)c(*)s3)cc2C)c2cccccc1-2,egb,1.3327,1.6789051973971059
*c1cc(C#N)c(*)s1,egb,1.0894,2.7170255490874746
*c1ccc(-c2ccc(-c3ccc(-c4ccc(*)cc4)cc3)cc2)cc1,egb,2.5835,2.596261522077112
*c1ccc(-c2ccc(-c3ccc(-c4ccc(*)n4CCCCCCCCCCCC)s3)s2)s1,egb,2.1442,2.3407288539696998
*c1ccc(-c2ccc(-c3ccc(-c4ccc(*)s4)s3)s2)cc1,egb,1.1128,1.1653664081759436
*c1ccc(-c2ccc(C(F)(F)C(*)(F)F)cc2)cc1,egb,3.2719,3.959681553466928
*c1ccc(-c2ccc(C(F)(F)C(*)(F)F)cc2)s1,egb,4.0895,2.770791836210482
*c1ccc(-c2ccc(Oc3ccc(*)s3)s2)cc1,egb,2.1882,2.478814467445784
*c1ccc(C(=O)C(F)(F)C(*)(F)F)cc1,egb,3.5762,3.735529482830286
*c1ccc(C(F)(F)CC(*)(F)F)cc1,egb,4.3368,4.826597092678664
*c1ccc(C(F)(F)NC(*)(F)F)cc1,egb,4.2709,4.379370270670535
*c1ccc(C(F)(F)c2ccc(C(*)(F)F)cc2)cc1,egb,4.1742,3.9968265021903404
*c1ccc(CC(F)(F)C(*)(F)F)cc1,egb,5.11,4.339199513305205
*c1ccc(NC(F)(F)C(*)(F)F)cc1,egb,4.1626,4.0624817910375715
*c1ccc(NC(F)(F)C(*)(F)F)s1,egb,3.3898,3.930410359675384
*c1ccc(OC(=S)c2ccc(*)s2)cc1,egb,2.0472,2.2531063998106093
*c1ccc2oc(-c3ccc4nc(*)oc4c3)nc2c1,egb,2.5367,3.2581349728179783
*c1cccc(*)n1,egb,2.9424,3.208011462447535
*c1cccc(-c2ccc(-c3ccc(*)s3)s2)n1,egb,2.0464,2.0341135441043177
*c1cccc(-c2nc3cc4nc(*)c(-c5ccccc5)nc4cc3nc2-c2ccccc2)c1,egb,1.9959,2.019462747967267
*/C=C\C(C#N)C*,egc,5.3057,5.374019991370521
*=CC1OC(C=*)C2C(=O)N(c3cc(C(F)(F)F)cc(C(F)(F)F)c3)C(=O)C12,egc,5.0857,4.809065637547998
*=CC1OC(C=*)C2C(=O)N(c3cccc(C(F)(F)F)c3)C(=O)C12,egc,5.0879,4.435423303819769
*C#CC#CCCCCCCCC*,egc,5.4216,6.0567738021150825
*C#CC=C*,egc,1.1342,4.156395712153543
*C#Cc1c(F)c(F)c(C#Cc2cc(CCCCCC)c(*)s2)c(F)c1F,egc,2.8156,2.304408294649448
*C#Cc1cc(CCCCCC)c(*)s1,egc,1.5751,2.4239919782118653
*C#Cc1cc(OCC(CC)CCCC)c(C#Cc2cc(OCCNCCCC)c(*)cc2OCCNCCCC)cc1OCC(CC)CCCC,egc,2.9566,3.5123805591769366
*C#Cc1cc(OCCCCCC)c(C#Cc2ccc3c(-c4c(O)ccc5cc(*)ccc45)c(O)ccc3c2)cc1OCCCCCC,egc,3.0868,2.9280784771404815
*C#Cc1sc(-c2sc(*)c3c2OCCO3)c2c1OCCO2,egc,1.7209,2.2613292610689615
*C(*)(F)Cl,egc,3.6564,5.907987792769825
*C(*)(F)F,egc,7.2027,6.492474935365704
*C(*)F,egc,6.7608,6.417299630464776
*C(*)O,egc,6.4482,6.19160712153935
*C(=NCCCCCC)N(*)CCCCCC,egc,4.3588,5.018302830488117
*C(=O)C(F)(F)CC(*)(F)F,egc,4.9534,6.753956151607249
*C(=O)C(F)(F)NC(*)(F)F,egc,4.8818,5.448496958717274
*C(=O)C(O)c1ccc(*)s1,egc,4.0132,4.064334868172659
*C(=O)C1CC(OC(=O)CCC)CN1*,egc,5.4104,5.59982853904845
*C(=O)C1CC(OC(C)=O)CN1*,egc,4.1614,5.629438262341259
*C(=O)C1CCCN1*,egc,5.5773,5.295818200744486
*C(=O)CCCCC(=O)N1CCN(*)CC1,egc,5.6091,5.374463346177516
*C(=O)CCN(C)CCN(C)CCC(=O)N1CCN(*)CC1,egc,4.9845,4.9379971342316065
*C(=O)CCN1CCN(CCC(=O)N2CCN(*)C(C)C2)CC1,egc,4.9509,4.95124060248815
*C(=O)CNC(=O)C1CCCN1C(=O)C1CCCN1*,egc,5.248,5.380675470271672
*C(=O)COCC(=O)N1CCN(*)CC1,egc,5.5847,5.411187874942223
*C(=O)N(*)C(C)C(C)=O,egc,4.4468,5.485557504775918
*C(=O)N1CC(=O)N(C(=O)c2ccc(N3C(=O)c4ccc(*)cc4C3=O)cc2)C1=O,egc,3.533,3.330586869856631
*C(=O)NC(=O)c1ccc(*)cc1,egc,4.4505,4.406270277598553
*C(=O)NC(F)(F)C(*)(F)F,egc,5.8517,5.7818339012100575
*C(=O)NC1CCCC(*)O1,egc,6.2047,5.999511288880287
*C(=O)NCCCCCCCCCCNC(=O)c1ccc(*)nc1,egc,4.5311,4.7812892765319885
*C(=O)NCCCCCCNC(=O)C1=COC=C(*)O1,egc,4.4645,4.684726506763183
*C(=O)NCCCCCCNC(=O)C1COC(*)CO1,egc,5.8235,5.855147971424205
*C(=O)NCCCCCCNC(=O)N1CCN(*)CC1,egc,5.4634,5.4477370061202555
*C(=O)NCCCCCCNC(=O)c1cc(O)cc(*)n1,egc,4.8984,4.554233171809386
*C(=O)NCCCCCCNC(=O)c1ccc(*)nc1,egc,4.574,4.841929937893573
*C(=O)NCCCCCCNC(=O)c1cccc(*)n1,egc,4.786,4.9286948760490565
*C(=O)NCCCCCCNC(=O)c1cncc(*)c1,egc,4.9388,4.712486925570564
*C(=O)NCCCCCCNC(=O)c1cnn(*)c1,egc,5.1584,4.6544352069198
*C(=O)NNC(=O)C(=O)NNC(=O)c1cncc(*)n1,egc,4.3374,4.101143540264866
*C(=O)NNC(=O)c1cccc(*)n1,egc,4.6124,4.641090727529762
*C(=O)NNC(=O)c1cccc(C(=O)NNC(=O)c2ccc(*)nc2)n1,egc,3.6092,3.896703393613248
*C(=O)NNC(=O)c1cccc(C(=O)NNC(=O)c2cccc(*)n2)c1,egc,4.479,3.80898690124613
*C(=O)NNC(=O)c1cccc(C(=O)NNC(=O)c2cnc(*)cn2)c1,egc,3.3027,3.9231528611096786
*C(=O)NNC(=O)c1cncc(C(=O)NNC(=O)c2ccc(*)nc2)c1,egc,3.9225,3.438922335581098
*C(=O)Nc1cc(NC(=O)c2ccc(*)o2)c(N)cc1N,egc,2.8199,3.228275264948226
*C(=O)Nc1cc(NC(=O)c2ccc3[nH]c(-c4cccc(-c5nc6cc(*)ccc6[nH]5)c4)nc3c2)cc(-c2nc3ccccc3[nH]2)c1,egc,3.2918,3.011032503659014
*C(=O)Nc1ccc(-c2ccc(NC(=O)c3ccc4c(c3)C(=O)N(c3ccc(S(=O)(=O)c5ccc(N6C(=O)c7ccc(*)cc7C6=O)cc5)cc3)C4=O)cc2)cc1,egc,2.4779,2.8141854929359926
*C(=O)Nc1ccc(C(=O)Nc2ccc(NC(=O)c3ccc4[nH]c(-c5ccc(-c6nc7cc(*)ccc7[nH]6)cc5)nc4c3)cc2)cc1,egc,2.6204,2.764755251866612
*C(=O)Nc1ccc(C(=O)Nc2ccc(NC(=O)c3ccc4[nH]c(-c5cccc(-c6nc7cc(*)ccc7[nH]6)c5)nc4c3)cc2)cc1,egc,2.9934,2.9805773702563907
*C(=O)Nc1ccc(C2(c3ccc(N4C(=O)c5ccc(*)cc5C4=O)cc3)CC(C)CC(C)(C)C2)cc1,egc,2.7929,3.262903383733582
*C(=O)Nc1ccc(C2(c3ccc(N4C(=O)c5ccc(*)cc5C4=O)cc3)CCC(C(C)(C)C)CC2)cc1,egc,2.7711,2.8420512640797004
*C(=O)Nc1ccc(C2(c3ccc(N4C(=O)c5ccc(*)cc5C4=O)cc3)CCC(C(C)(C)CC)CC2)cc1,egc,2.8521,2.904567371334482
*C(=O)Nc1ccc(C2(c3ccc(N4C(=O)c5ccc(*)cc5C4=O)cc3)CCC(CC)CC2)cc1,egc,2.9185,2.8846513317353946
*C(=O)Nc1ccc(C2(c3ccc(N4C(=O)c5ccc(*)cc5C4=O)cc3)CCCCC2)cc1,egc,2.8477,2.8707283996639688
*C(=O)Nc1ccc(Cc2ccc(N3C(=O)c4ccc(*)cc4C3=O)cc2)cc1,egc,3.1109,3.0184334638615806
*C(=O)Nc1ccc(N2C(=O)c3ccc(*)cc3C2=O)cc1,egc,3.1573,2.939364243103741
*C(=O)Nc1ccc(NC(=O)c2ccc(NC(=O)c3ccc(-c4nc5cc(*)ccc5[nH]4)cc3)cc2)cc1,egc,2.7114,3.1753983869447975
*C(=O)Nc1ccc(NC(=O)c2ccc3[nH]c(-c4cc(-c5nc6cc(*)ccc6[nH]5)cc(N5C(=O)c6ccccc6C5=O)c4)nc3c2)cc1,egc,2.3407,2.5773438877458736
*C(=O)Nc1ccc(NC(=O)c2ccc3c(c2)C(=O)N(c2c(C)cc(C)c(N4C(=O)c5ccc(*)cc5C4=O)c2C)C3=O)cc1,egc,3.3589,2.8361924486669383
*C(=O)Nc1ccc(NC(=O)c2ccc3c(c2)C(=O)N(c2cc(-c4nc5ccccc5s4)cc(N4C(=O)c5ccc(*)cc5C4=O)c2)C3=O)cc1,egc,2.886,2.465332502775957
*C(=O)Nc1ccc(NC(=O)c2ccc3c(c2)C(=O)N(c2ccc(Oc4ccc(N5C(=O)c6ccc(*)cc6C5=O)cc4)cc2)C3=O)cc1,egc,2.6514,2.5181740121506984
*C(=O)Nc1ccc(NC(=O)c2ccc3c(c2)C(=O)N(c2ccc(Oc4cccc5c(N6C(=O)c7ccc(*)cc7C6=O)cccc45)cc2)C3=O)cc1,egc,2.8645,2.660931932474889
*C(=O)Nc1ccc(NC(=O)c2ccc3c(c2)C(=O)N(c2ccc(S(=O)(=O)c4ccc(N5C(=O)c6ccc(*)cc6C5=O)cc4)cc2)C3=O)cc1,egc,2.7403,2.8554066548491863
*C(=O)Nc1ccc(NC(=O)c2cccc(C(=O)Nc3ccc(N4C(=O)c5ccc(*)cc5C4=O)cc3)c2)cc1,egc,2.92,2.695306250294343
*C(=O)Nc1ccc(Oc2ccc(N3C(=O)c4ccc(*)cc4C3=O)cc2)cc1,egc,2.7025,2.991978320123548
*C(=O)Nc1ccc(Oc2ccc(NC(=O)c3ccc4c(c3)C(=O)N(c3ccc(Oc5ccc(N6C(=O)c7ccc(*)cc7C6=O)cc5)cc3)C4=O)cc2)cc1,egc,2.699,2.5922178832424434
*C(=O)Nc1ccc(Oc2ccc(NC(=O)c3cccc(*)n3)cc2)cc1,egc,3.4406,3.853208308293285
*C(=O)Nc1ccc(S(=O)(=O)c2ccc(NC(=O)c3ccc4[nH]c(-c5cccc(-c6nc7cc(*)ccc7[nH]6)c5)nc4c3)cc2)cc1,egc,3.6016,3.091022564462422
*C(=O)Nc1ccc(S(=O)(=O)c2ccc(NC(=O)c3ccc4c(c3)C(=O)N(c3ccc(Oc5ccc(N6C(=O)c7ccc(*)cc7C6=O)cc5)cc3)C4=O)cc2)cc1,egc,2.6835,2.7842981741543564
*C(=O)Nc1ccc(S(=O)(=O)c2ccc(NC(=O)c3ccc4c(c3)C(=O)N(c3ccc(S(=O)(=O)c5ccc(N6C(=O)c7ccc(*)cc7C6=O)cc5)cc3)C4=O)cc2)cc1,egc,3.3421,2.7672292890582524
*C(=O)Nc1cccc(C(=O)Nc2cccc(NC(=O)c3ccc4[nH]c(-c5cccc(-c6nc7cc(*)ccc7[nH]6)c5)nc4c3)c2)c1,egc,3.186,3.2014182277444485
*C(=O)Nc1cccc(C=CC(=O)C=Cc2cccc(NC(=O)c3ccc(N4C(=O)c5ccc(*)cc5C4=O)cc3)c2)c1,egc,3.0227,2.403914699087601
*C(=O)Nc1cccc(NC(=O)c2ccc(-c3nc4cc(*)ccc4[nH]3)cc2)c1,egc,3.2886,3.432634084335481
*C(=O)Nc1cccc(NC(=O)c2ccc3[nH]c(-c4cccc(-c5nc6cc(*)ccc6[nH]5)c4)nc3c2)c1,egc,3.3364,3.230829879558195
*C(=O)Nc1cccc(NC(=O)c2ccc3[nH]c(-c4cccc(-c5nc6cc(*)ccc6[nH]5)c4)nc3c2)n1,egc,3.4965,3.2150152932093583
*C(=O)Nc1cccc(NC(=O)c2ccc3c(c2)C(=O)N(c2ccc(S(=O)(=O)c4ccc(N5C(=O)c6ccc(*)cc6C5=O)cc4)cc2)C3=O)c1,egc,3.0501,2.874062080595366
*C(=O)Nc1cccc(NC(=O)c2cccc(NC(=O)c3ccc(-c4nc5cc(*)ccc5[nH]4)cc3)c2)c1,egc,3.3084,3.230238561530348
*C(=O)Nc1nc(*)c(C#N)n1C,egc,4.3854,4.194500293839517
*C(=O)Nc1nc(C#N)c(*)n1C,egc,4.1864,4.390792765208524
*C(=O)OC1=NCCN1*,egc,5.1364,4.963945108803457
*C(=O)OC1CC(*)N(C(=O)OCc2ccccc2)C1,egc,5.588,4.939143035675611
*C(=O)OC1CC2CC(OC(=O)N3CCN(*)CC3)CC(C1)O2,egc,5.7033,5.924299412915171
*C(=O)OC1CCC(OC(=O)N2CCN(*)CC2)CC1,egc,5.8355,5.8114347274614975
*C(=O)OCC(C)(C)COC(=O)N1CC(C)N(*)CC1C,egc,5.8365,5.820236725265437
*C(=O)OCC(C)(C)COC(=O)N1CCN(*)C(C)C1,egc,5.8979,5.784668083659329
*C(=O)OCC1CC1COC(=O)N1CCN(*)CC1,egc,5.9115,5.894439843886123
*C(=O)OCCCCCCCCCCCCOC(=O)c1ccc(N2C(=O)c3ccc(*)cc3C2=O)cc1,egc,3.2472,3.256706015416976
*C(=O)OCCCCCCOC(=O)N1CCN(*)CC1,egc,5.9678,5.91725887283017
*C(=O)OCCCCOC(=O)N1CCN(*)CC1,egc,5.8653,5.929295371152537
*C(=O)OCCOC(=O)N1CC(C)N(*)CC1C,egc,5.9632,5.761897809532255
*C(=O)OCCOC(=O)N1CCN(*)CC1,egc,5.8752,5.886301799927216
*C(=O)Oc1ccc(-c2ccc(OC(=O)c3ccc4c(c3)C(=O)N(c3ccc(Oc5ccc(N6C(=O)c7ccc(*)cc7C6=O)cc5)cc3)C4=O)cc2)cc1,egc,2.6231,2.591321368161494
*C(=O)Oc1ccc(C(*)=S)cc1,egc,2.9816,3.2228749256741347
*C(=O)Oc1ccc(OC(=O)N2CCN(*)CC2)cc1,egc,5.2692,4.741107993367019
*C(=O)Oc1ccc(OC(=O)c2ccc3c(c2)C(=O)N(c2ccc(Oc4ccc(N5C(=O)c6ccc(*)cc6C5=O)cc4)cc2)C3=O)c(-c2ccccc2)c1,egc,2.5898,2.71221801417963
*C(=O)Oc1ccc(OC(=O)c2ccc3c(c2)C(=O)N(c2ccc(Oc4ccc(N5C(=O)c6ccc(*)cc6C5=O)cc4)cc2)C3=O)cc1,egc,2.5383,2.706352789562833
*C(=O)Oc1ccc(OC(=O)c2ccc3c(c2)C(=O)N(c2ccc(Sc4ccc(N5C(=O)c6ccc(*)cc6C5=O)cc4)cc2)C3=O)cc1,egc,2.9567,2.7191741787915076
*C(=O)Oc1ccc2ccc(OC(=O)c3ccc4c(c3)C(=O)N(c3ccc(Oc5ccc(N6C(=O)c7ccc(*)cc7C6=O)cc5)cc3)C4=O)cc2c1,egc,2.5688,2.594262919701252
*C(=O)SSCCCCCCSSC(=O)N1CCN(*)CC1,egc,4.64,4.404857977623611
*C(=O)SSCCCCSSC(=O)N1CCN(*)CC1,egc,4.2166,4.54857285365848
*C(=O)c1ccc(-c2ccc(-c3ccc(*)cc3)s2)cc1,egc,2.9694,2.924879220584412
*C(=O)c1ccc(-c2ccc(-c3ccc(*)s3)cc2)cc1,egc,2.8474,2.822469462740426
*C(=O)c1ccc(-c2ccc(C(*)=S)cc2)s1,egc,2.3241,2.7316038791706285
*C(=O)c1ccc(-c2ccc(C(*)=S)s2)s1,egc,2.0098,1.9691719846635893
*C(=O)c1ccc(C(=O)C(*)=S)s1,egc,2.2094,2.6277797185977256
*C(=O)c1ccc(C(=O)N(C)N(*)C)cc1,egc,4.0457,4.757625943128317
*C(=O)c1ccc(C(=O)N(C)c2ccc(Cl)c(N(*)C)c2)cc1,egc,3.3332,3.8664331875171314
*C(=O)c1ccc(C(=O)N2CCN(*)CC2)cc1,egc,4.6128,4.568113937174444
*C(=O)c1ccc(C(=S)c2ccc(*)cc2)cc1,egc,2.9419,2.931551099137823
*C(=O)c1ccc(C(=S)c2ccc(*)s2)s1,egc,2.0759,2.2568240488894533
*C(=O)c1ccc(N(*)CCCCCCCC)cc1,egc,3.611,3.7963300790845986
*C(=O)c1ccc(N=Nc2ccc(C(=O)N3C(=O)N(*)C(CC)(CC)C3=O)cc2)cc1,egc,3.6611,3.312807841615725
*C(=O)c1ccc(OC(*)=S)s1,egc,3.5676,2.6045172418048392
*C(=O)c1ccc(Oc2ccc(*)s2)cc1,egc,3.6478,3.449693199090029
*C(=O)c1ccc2c(c1)C(=Nc1ccc(Oc3cccc(N=C4OC(=O)c5ccc(*)cc54)c3)cc1)OC2=O,egc,2.5722,2.8393803251427427
*C(=O)c1ccc2c(c1)C(=O)N(c1cc(-c3nc4ccccc4s3)cc(N3C(=O)c4ccc(*)cc4C3=O)c1)C2=O,egc,2.5125,2.449997327411572
*C(=O)c1ccc2c(c1)C(=O)N(c1ccc(-c3ccc(-c4ccc(N5C(=O)c6ccc(*)cc6C5=O)cc4)cc3)cc1)C2=O,egc,2.3242,2.6063315027187444
*C(=O)c1ccc2c(c1)C(=O)N(c1ccc(-c3ccc(N4C(=O)c5ccc(*)cc5C4=O)cc3C)c(C)c1)C2=O,egc,2.8033,2.70195277469079
*C(=O)c1ccc2c(c1)C(=O)N(c1ccc(-c3nc(-c4ccccc4)nc(-c4ccc(N5C(=O)c6ccc(*)cc6C5=O)cc4)n3)cc1)C2=O,egc,2.8991,2.526450433974232
*C(=O)c1ccc2c(c1)C(=O)N(c1ccc(C(=O)N(C)c3ccc(N4C(=O)c5ccc(*)cc5C4=O)cc3)cc1)C2=O,egc,2.3425,2.439400891614334
*C(=O)c1ccc2c(c1)C(=O)N(c1ccc(C(C)(C)c3ccc(C(C)(C)c4ccc(N5C(=O)c6ccc(*)cc6C5=O)cc4)cc3)cc1)C2=O,egc,2.4861,2.7808871273795503
*C(=O)c1ccc2c(c1)C(=O)N(c1ccc(C(c3ccc(N4C(=O)c5ccc(*)cc5C4=O)cc3)(C(F)(F)F)C(F)(F)F)cc1)C2=O,egc,3.0171,2.842840628520533
*C(=O)c1ccc2c(c1)C(=O)N(c1ccc(C(c3ccccc3)(c3ccc(N4C(=O)c5ccc(*)cc5C4=O)cc3)C(F)(F)F)cc1)C2=O,egc,2.9448,3.135066966546695
*C(=O)c1ccc2c(c1)C(=O)N(c1ccc(C(c3ccccc3)c3ccc(N4C(=O)c5ccc(*)cc5C4=O)cc3)cc1)C2=O,egc,2.6954,2.7223288674879824
*C(=O)c1ccc2c(c1)C(=O)N(c1ccc(Cc3ccc(N4C(=O)c5ccc(*)cc5C4=O)cc3)cc1)C2=O,egc,2.7406,2.6949028354544207
*C(=O)c1ccc2c(c1)C(=O)N(c1ccc(N(c3ccc(C#N)cc3)c3ccc(N4C(=O)c5ccc(*)cc5C4=O)cc3)cc1)C2=O,egc,1.8778,2.4206008991420793
*C(=O)c1ccc2c(c1)C(=O)N(c1ccc(N3C(=O)c4ccc(*)cc4C3=O)cc1)C2=O,egc,2.8765,2.959305266487282
*C(=O)c1ccc2c(c1)C(=O)N(c1ccc(N3C(=O)c4ccc(*)cc4C3=O)nc1)C2=O,egc,3.0206,2.9766460534873125
*C(=O)c1ccc2c(c1)C(=O)N(c1ccc(OCC(C)(C)COc3ccc(N4C(=O)c5ccc(*)cc5C4=O)cc3)cc1)C2=O,egc,2.7216,2.5256366359211717
*C(=O)c1ccc2c(c1)C(=O)N(c1ccc(OCCOCCOCCOc3ccc(N4C(=O)c5ccc(*)cc5C4=O)cc3)cc1)C2=O,egc,2.5902,2.4905700098332026
*C(=O)c1ccc2c(c1)C(=O)N(c1ccc(OCCOc3ccc(N4C(=O)c5ccc(*)cc5C4=O)cc3)cc1)C2=O,egc,2.4523,2.537719112963084
*C(=O)c1ccc2c(c1)C(=O)N(c1ccc(Oc3cc4ccccc4cc3Oc3ccc(N4C(=O)c5ccc(*)cc5C4=O)cc3)cc1)C2=O,egc,2.3398,2.587856286718582
*C(=O)c1ccc2c(c1)C(=O)N(c1ccc(Oc3ccc(N4C(=O)c5ccc(*)cc5C4=O)cc3Br)c(Br)c1)C2=O,egc,2.6114,2.583371446237073
*C(=O)c1ccc2c(c1)C(=O)N(c1ccc(Oc3ccc(S(=O)(=O)c4ccc(Oc5ccc(N6C(=O)c7ccc(*)cc7C6=O)cc5)cc4)cc3)cc1)C2=O,egc,2.6168,2.627942620282537
*C(=O)c1ccc2c(c1)C(=O)N(c1ccc(Oc3cccc(N4C(=O)c5ccc(*)cc5C4=O)c3)cc1)C2=O,egc,2.4357,2.654945786545785
*C(=O)c1ccc2c(c1)C(=O)N(c1ccc(Oc3cccc(Oc4ccc(N5C(=O)c6ccc(*)cc6C5=O)cc4)c3)cc1)C2=O,egc,2.514,2.5631779854323615
*C(=O)c1ccc2c(c1)C(=O)N(c1ccc(Oc3ccccc3Oc3ccc(N4C(=O)c5ccc(*)cc5C4=O)cc3)cc1)C2=O,egc,2.3823,2.4551512038020227
*C(=O)c1ccc2c(c1)C(=O)N(c1ccc(Sc3ccc(N4C(=O)c5ccc(*)cc5C4=O)cc3)cc1)C2=O,egc,2.66,2.6465498385224375
*C(=O)c1ccc2c(c1)C(=O)N(c1ccc3c(c1)C(=O)c1cc(N4C(=O)c5ccc(*)cc5C4=O)ccc1-3)C2=O,egc,2.5033,2.512384549811123
*C(=O)c1ccc2c(c1)C(=O)N(c1cccc(C(=O)N(C)c3ccc(N4C(=O)c5ccc(*)cc5C4=O)cc3)c1)C2=O,egc,2.3447,2.4901655647508107
*C(=O)c1ccc2c(c1)C(=O)N(c1cccc(C(=O)Nc3ccc(N4C(=O)c5ccc(*)cc5C4=O)cc3)c1)C2=O,egc,2.497,2.494284357869539
*C(=O)c1ccc2c(c1)C(=O)N(c1cccc(Cc3ccc(C(=O)c4ccc(N5C(=O)c6ccc(*)cc6C5=O)cc4)cc3)c1)C2=O,egc,2.9158,2.6871129316834383
*C(=O)c1ccc2c(c1)C(=O)N(c1cccc(N3C(=O)c4ccc(*)cc4C3=O)c1C)C2=O,egc,3.3303,3.0165470249030277
*C(=O)c1ccc2c(c1)C(=O)N(c1cccc(Nc3ncnc(Nc4cccc(N5C(=O)c6ccc(*)cc6C5=O)c4)n3)c1)C2=O,egc,2.4957,2.670266310674073
*C(=O)c1ccc2nc(-c3ccc(-c4cnc5cc(*)ccc5n4)cc3)cnc2c1,egc,3.0578,2.89206720886007
*C(=O)c1ccc2nc(-c3ccc(-c4nc5ccc(*)cc5nc4-c4ccccc4)cc3)c(-c3ccccc3)nc2c1,egc,3.0508,3.235978038021994
*C(=O)c1ccc2nc(-c3ccccc3)c(-c3ccc(-c4nc5cc(*)ccc5nc4-c4ccccc4)cc3)nc2c1,egc,3.2924,3.0436426233301233
*C(=O)c1ccc2nc(-c3ccccc3)c(-c3ccc(-c4nc5ccc(*)cc5nc4-c4ccccc4)cc3)nc2c1,egc,3.1886,3.0436426233301233
*C(=O)c1cccc(C(=O)N(C)c2cccc(N(*)C)c2)c1,egc,4.4341,3.6137463050992773
*C(=O)c1cccc(C(=O)N2CCN(*)CC2)c1,egc,4.7816,4.727680353607608
*C(=O)c1cccc(C(=O)N2COCN2*)c1,egc,4.5807,4.412755449512604
*C(=O)c1cccc(C(=O)c2ccc3c(c2)C(=Nc2cccc(N=C4OC(=O)c5cc(*)ccc54)c2)OC3=O)c1,egc,2.869,2.793321500212451
*C(=O)c1cccc(C(=O)c2ccc3c(c2)C(=O)N(c2ccc(Oc4ccc(N5C(=O)c6ccc(*)cc6C5=O)cc4)cc2)C3=O)c1,egc,2.5831,2.514604881333375
*C(=S)C(F)(F)CC(*)(F)F,egc,2.8419,4.34157699456487
*C(=S)C(F)(F)c1ccc(C(*)(F)F)cc1,egc,2.6791,3.389879013496688
*C(=S)C(F)(F)c1ccc(C(*)(F)F)s1,egc,2.8122,3.7322682208705413
*C(=S)OC(=S)c1ccc(*)cc1,egc,2.8098,3.104200081741008
*C(=S)Oc1ccc(-c2ccc(*)s2)s1,egc,2.4847,2.4762016358431227
*C(=S)c1ccc(-c2ccc(-c3ccc(*)cc3)cc2)cc1,egc,2.6076,2.7103524819438447
*C(=S)c1ccc(-c2ccc(-c3ccc(*)cc3)cc2)s1,egc,2.3302,2.63170014586992
*C(=S)c1ccc(C(=S)c2ccc(*)cc2)cc1,egc,2.6743,2.6429483705245818
*C(=S)c1ccc(C(F)(F)C(*)(F)F)cc1,egc,3.118,3.089711579973383
*C(Br)=C(c1ccccc1)c1ccc(*)cc1,egc,3.469,2.0585138447691005
*C(C#N)=C(C#N)n1c(=O)c2cc3c(=O)n(*)c(=O)c3cc2c1=O,egc,3.4736,2.3105051340781624
*C(C)=C(*)C#N,egc,3.2656,4.151160835428869
*C(C)=C(*)CCC,egc,5.0895,4.9533709680594145
*C(C)C(*)C(=O)OC,egc,6.2685,6.571059845238244
*C(C)C(*)O,egc,6.0639,6.275128531694313
*C(C)C(*)OC,egc,5.326,5.7510101179434985
*C(Cl)=C(Cl)C(Cl)(Cl)C(*)(Cl)Cl,egc,4.2472,4.661683512336548
*C(F)(F)C(*)(F)OC(F)(F)F,egc,8.2947,8.819851535628821
*C(F)(F)C(F)(F)C(F)(F)C(*)(F)C(F)(F)F,egc,8.4323,8.559618492109054
*C(F)(F)C1(F)C(F)(F)C(*)(F)C(F)(F)C(F)(Cl)C1(F)F,egc,7.2365,6.830884398813523
*C(F)(F)C1(F)C(F)(F)C(*)(F)C(F)(F)C(F)(F)C(F)(F)C1(F)F,egc,7.4251,6.878360298031378
*C(I)=C(*)I,egc,3.8335,3.3703419281557077
*C(OC(C)=O)=C(OC(C)=O)c1ccc(*)cc1,egc,3.7517,3.4023905216132917
*C(OC(F)(F)F)C(*)(F)F,egc,8.5308,8.415528230380753
*C(OC)=C(OC)c1ccc(*)s1,egc,2.5351,3.4060606888420053
*C([2H])([2H])C(*)(C(=O)OC([2H])([2H])C([2H])([2H])[2H])C([2H])([2H])[2H],egc,6.3862,6.409086994181976
*C([2H])([2H])C(*)(F)F,egc,7.1497,7.196275445981996
*C([2H])([2H])C(*)([2H])C([2H])=C([2H])[2H],egc,5.9833,5.488814632170353
*C(c1ccc(N(C)C)cc1)C(*)c1ccc([N+](=O)[O-])cc1,egc,2.3431,2.967542247613353
*C(c1ccccc1)=c1ccc(=c2ccc(=C(c3ccccc3)c3ccc(-c4ccc(*)s4)s3)s2)s1,egc,1.4486,2.0520274116968076
*C(c1ccccc1)C(*)(C#N)C#N,egc,2.7551,4.770326509636367
*C(c1cccs1)=c1ccc(=c2ccc(=C(c3cccs3)c3ccc(-c4ccc(*)s4)s3)s2)s1,egc,1.0381,1.7756299571594014
*C*,egc,6.8972,5.136325808100663
*C1(C)CC(*)(C)C(=O)N(C)C1=O,egc,5.3373,5.375775543947108
*C1(F)OC(C(F)(F)F)(C(F)(F)Cl)OC1(*)F,egc,8.2297,6.952304544181407
*C12CC3CC(C1)CC(*)(C3)C2,egc,5.7519,6.02065671415656
*C1=C(CCCCCC)C(CCCCCC)=C(c2sc(-c3sc(*)c4c3OCCO4)c3c2OCCO3)S1(=O)=O,egc,1.3792,1.9803429976751576
*C1=CC(C)C(C(=O)C(=O)C2CC3C(*)CC3(O)C2=O)C(=O)N1C,egc,2.7097,4.714631706522651
*C1=CC2=CC(*)=NC2=N1,egc,1.0627,2.041576967273798
*C1=CC2=NC(*)=CC2=N1,egc,1.3051,1.740310134149297
*C1=CC=C(c2sc(-c3sc(*)c4c3OCCO4)c3c2OCCO3)S1(=O)=O,egc,1.7929,1.857372310520615
*C1=NC2=CC(*)C=CC2=C1,egc,3.2065,3.102778561872586
*C1C(=O)OC(=O)C1*,egc,6.3452,5.5120088822828865
*C1C(=O)OC(=O)C1C1C2CC(C(=O)OC3CCCCC3)C(C2)C1*,egc,6.0803,5.924782951073931
*C1C2CC(=CC)C(C2)C1*,egc,5.1841,5.089114644671264
*C1C2CC(C)C(C2)C1*,egc,6.0638,6.285141911280864
*C1C2CCC(C2)C1*,egc,6.1739,6.39010414175617
*C1C=C(C)C(*)S1,egc,5.0392,3.970051516895927
*C1C=C(CCCCCC)C(*)S1,egc,4.7988,4.675848558939271
*C1C=CC(*)C1,egc,5.7164,5.621333215691978
*C1C=CC(*)CC1,egc,5.6051,5.695157895187175
*C1CC(*)OC(O)O1,egc,6.5343,6.503533461416657
*C1CC(C)(C)OC1*,egc,5.8529,5.905738688611744
*C1CC2C3CC4C(C3*)C24C1,egc,5.9559,6.200372444251083
*C1CC2CC1C(*)C2CCCC,egc,6.1498,5.940079546042927
*C1CCC2C(*)CCC12,egc,6.7514,6.331805655761558
*C=C(*)CO,egc,4.3592,5.018073796907582
*C=C(*)c1cc(C(F)(F)F)oc1C(F)(F)F,egc,1.9958,2.460699172353092
*C=C(*)c1ccc(C(=O)Oc2c(F)c(F)c(F)c(F)c2F)cc1,egc,1.1102,2.228091837535063
*C=C(*)c1ccc(NC=O)cc1,egc,0.2219,1.755925535778934
*C=C(*)c1ccc([N+](=O)[O-])cc1,egc,0.7984,0.6928271806492675
*C=C(*)c1cccc(Br)c1,egc,0.2843,1.0887021964905546
*C=C(*)c1cccc(C#C)c1,egc,0.069,0.9403685360842033
*C=C(*)c1cccc([Si](C)(C)C)c1,egc,0.7366,2.333634841896547
*C=C(*)c1cccc2ccccc12,egc,0.8664,1.7415727868025297
*C=C(*)c1cccc[n+]1CC#C,egc,0.3201,1.5296721368719404
*C=C(*)c1ccccc1C(F)(F)F,egc,1.343,1.412417444010572
*C=C(*)c1cccs1,egc,3.6662,2.2032588066518235
*C=C(*)c1ccsc1,egc,2.2157,3.116334899762771
*C=C(F)C(F)(F)C*,egc,5.7867,5.249681983789004
*C=C1CCC(=Cc2ccc(*)cc2)C1=O,egc,2.5147,2.144171527731798
*C=C1CCC(=Cc2ccc(Sc3ccc(*)o3)o2)C1=O,egc,2.4731,2.3362190445062083
*C=CC(=C(C)C)C(*)=C(C)C,egc,3.4443,3.885983948677975
*C=CC(=O)C(C)=Cc1ccc(Sc2ccc(*)o2)o1,egc,2.9229,2.266067475239977
*C=CC(C(=O)OC(C)C)C(*)C(=O)OC(C)C,egc,5.3094,5.197094361337811
*C=CC(C(=O)OC)C(*)c1ccccc1,egc,4.9911,4.309205691749252
*C=CC(C)(C)C(*)(C)C,egc,5.1816,5.607557671718532
*C=CC(C)(C)CC(C#N)C*,egc,5.6628,5.751835804182825
*C=CC(C)=C(C)C=Cc1ccc(-c2ccc(*)s2)s1,egc,1.5733,1.7576013009089084
*C=CC(C)C(*)C(=O)OCC(C)C,egc,5.4659,5.361246541425191
*C=CC(C)C(*)C(=O)OCCCC,egc,5.2364,5.494301049477738
*C=CC(C)C*,egc,5.7207,5.770829196491928
*C=CC(C)CCCCCCCCC*,egc,5.8829,5.905246101173033
*C=CC(C*)OC,egc,5.0501,5.687066273436685
*C=CC1=C(O)C(O)=C(*)C1,egc,1.3796,2.8788283612483405
*C=CC1CC(*)C(C#N)(CC)C1,egc,6.1381,5.653105907156439
*C=CC1CC(*)C(C#N)(C[Si](C)(C)C)C1,egc,5.6706,5.02405258979464
*C=CC1CC(*)C(C(=O)OC)C1C(=O)OC,egc,5.0643,5.277785023504371
*C=CC1CC(*)C(C(=O)OCCNC(C)(C)C)C1,egc,5.2249,5.5789926877852025
*C=CC1CC(*)C(C(F)(F)F)(C(F)(F)F)C1(F)F,egc,5.3867,7.039742165742876
*C=CC1CC(*)C(F)(F)C1(F)OC(F)(F)C(F)(F)C(F)(F)F,egc,3.4449,6.846646380873235
*C=CC1CC(*)C2(Cl)OC(=O)OC12Cl,egc,5.2615,4.969967952723785
*C=CC1CC(*)C2C(=O)N(CCC)C(=O)C12,egc,5.2391,5.441882465655532
*C=CC1CC(*)C2C(=O)N(CCCCCCCCC)C(=O)C12,egc,5.4434,5.333385724874566
*C=CC1CC(*)C2C(=O)N(c3cc(C(F)(F)F)cc(C(F)(F)F)c3)C(=O)C12,egc,5.0009,4.874145032264585
*C=CC1CC(*)C2C(=O)N(c3ccc(C)cc3)C(=O)C12,egc,5.2272,4.783579146336588
*C=CC1CC(*)C2C(=O)N(c3cccc(C)c3)C(=O)C12,egc,4.9512,5.0979253431635225
*C=CC1CC(*)C2C3CCC(C3)C12,egc,5.1047,5.5001825551803885
*C=CC1CC(*)C2CC=CC12,egc,5.3836,3.8738057404866164
*C=CC1CC(*)C2CCCC12,egc,5.6651,5.482969117483153
*C=CC1CCC(*)C1,egc,5.4117,6.012258206297133
*C=CC=CC=CC=C(*)CCS(=O)(=O)O,egc,0.8077,4.094326300266547
*C=CC=CCC*,egc,4.3008,3.9615232036549077
*C=CCC*,egc,5.2133,5.006687688200013
*C=CCCC*,egc,4.6373,5.369927458496725
*C=CCCCC(Cl)CCC*,egc,5.737,5.987046390673817
*C=CCCCC*,egc,5.7726,5.063116154523028
*C=CCCCCC*,egc,5.8026,5.063173632611321
*C=CCCCCCCCCCC(Cl)CCCCCCCCC*,egc,5.874,5.891055666831914
*C=CCCCCCCCCCC*,egc,5.8787,5.587884470200356
*C=Cc1cc(CCCCCC)c(-c2sc(*)cc2CCCCCC)s1,egc,1.7165,2.011329976283428
*C=Cc1cc(Cl)c(*)cc1Cl,egc,3.2579,2.287548344545409
*C=Cc1cc(OC)c(*)cc1Br,egc,1.9302,3.0853899299810563
*C=Cc1cc(OC)c(C=Cc2ccc(*)s2)cc1OC,egc,1.7107,2.9817160385847448
*C=Cc1cc(OCC)c(*)cc1OCC,egc,4.2145,3.0973297008280065
*C=Cc1cc(OCCCCCC)c(*)cc1OC,egc,2.3505,3.488765411212731
*C=Cc1ccc(*)c(C(=O)OC)c1C(=O)OC,egc,4.11,3.3348504888574544
*C=Cc1ccc(*)c(F)c1,egc,2.259,2.526571472315133
*C=Cc1ccc(*)c2ccc(CCCCCC)cc12,egc,2.3017,2.7709370110397686
*C=Cc1ccc(*)c2ccc(CCCCCCCCCCC)cc12,egc,2.3432,2.7340773136024894
*C=Cc1ccc(*)c2occc12,egc,1.6799,2.8294522952279517
*C=Cc1ccc(*)c2sccc12,egc,2.1967,2.1494455610310506
*C=Cc1ccc(*)n1CCCCCC,egc,1.5103,2.005977751886419
*C=Cc1ccc(*)n1CCCCCCCCCCCC,egc,1.2671,2.0607521256184644
*C=Cc1ccc(*)nc1,egc,1.9268,2.9116006723752053
*C=Cc1ccc(*)s1,egc,2.7814,2.062465514549903
*C=Cc1ccc(-c2ccc(*)s2)s1,egc,1.9942,2.0366423762639316
*C=Cc1ccc(-c2ccc(C=Cc3cc(*)ncn3)cc2)cc1,egc,2.7379,2.8392977121331118
*C=Cc1ccc(C=Cc2cc(*)ncn2)cc1,egc,2.9779,3.1389528147031234
*C=Cc1ccc2c(c1)C(CC(CC)CCCC)(CC(CC)CCCC)c1cc(*)ccc1-2,egc,2.8561,2.945303203329114
*C=Cc1cccc(C=Cc2cc(*)nc(-c3ccccc3)n2)c1,egc,3.248,2.9039730304164357
*C=Cc1cccc(C=Cc2cc(*)ncn2)c1,egc,3.4013,2.999788476050638
*C=Cc1csc(C=Cc2cccc(*)n2)c1CCCCCC,egc,3.4055,2.437697093859163
*C=Cc1sc(*)c2c1OC(CCCCCC)CO2,egc,1.0146,2.3948114447979725
*C=NCCCCCCN=Cc1ccc(Sc2ccc(*)o2)o1,egc,3.6661,3.395601336727594
*C=NCCN=Cc1ccc(Sc2ccc(*)o2)o1,egc,3.3427,3.0697884054893714
*C=NN=Cc1cc(CCCCCCCCCCCC)c(*)s1,egc,1.846,2.2332485994542783
*C=Nc1ccc(N=Cc2ccc(Sc3ccc(*)o3)o2)cc1,egc,2.5795,2.7675228514658787
*C=Nc1ccc(S(=O)(=O)c2ccc(N=Cc3ccc(Sc4ccc(*)o4)o3)cc2)cc1,egc,3.0975,2.95964747506259
*C=Nc1cccc(N=Cc2cccc(*)n2)c1,egc,3.1599,2.643463814698998
*C=c1ccc(=c2ccc(=Cc3ccc(-c4ccc(*)s4)s3)s2)s1,egc,0.8337,1.453370160088543
*CC#CC#CCOC(=O)CCC(=O)O*,egc,4.9872,5.71944156414815
*CC#CC#CCOC(=O)NCCCCCCNC(=O)O*,egc,4.9601,5.446329855196687
*CC#CC#CCOC(=O)Nc1ccc(Cc2ccc(NC(=O)O*)cc2)cc1,egc,4.0768,4.17386525753037
*CC#CC#CCOc1ccc(-c2ccc(O*)cc2)cc1,egc,4.0246,3.9675485397365144
*CC#CC#CCOc1ccc(C(C)(C)c2ccc(O*)cc2)cc1,egc,4.3962,4.572815352651237
*CC#CCOC(=O)CCC(=O)O*,egc,5.9483,5.7908837007167
*CC#CCOC(=O)CCCCCCC(=O)O*,egc,6.2765,5.909866453881979
*CC#CCOC(=O)CCCCCCCCC(=O)O*,egc,6.1042,6.382557872180593
*CC#CCOC(=O)CCCCCCCCCCC(=O)O*,egc,6.5433,6.152373638302418
*CC(*)(Br)Br,egc,5.2567,6.011583748563483
*CC(*)(C#N)C(=O)OCC,egc,6.5171,6.213955897598712
*CC(*)(C#N)C(=O)OCCCCCCC,egc,6.3455,6.255058853802367
*CC(*)(C)C#N,egc,7.6319,6.455865812350873
*CC(*)(C)C(=O)Nc1cccc(-c2nnc(-c3ccccc3)o2)c1,egc,3.5944,3.9910584920211236
*CC(*)(C)C(=O)OC,egc,6.5972,6.663494655520096
*CC(*)(C)C(=O)OC(CC)OCC,egc,6.3891,6.139770072234718
*CC(*)(C)C(=O)OC(F)(C(F)(F)F)C(F)(F)F,egc,6.1534,6.726979844683746
*CC(*)(C)C(=O)OCC(=O)N1CCCC1,egc,5.0881,5.604962246289838
*CC(*)(C)C(=O)OCC(F)(F)C(F)F,egc,6.3988,6.6569521860139655
*CC(*)(C)C(=O)OCC(F)(F)F,egc,6.5436,6.466414044790604
*CC(*)(C)C(=O)OCCBr,egc,5.9262,5.90204160014393
*CC(*)(C)C(=O)OCCC1CCCCC1,egc,6.5132,6.262051827096379
*CC(*)(C)C(=O)OCCCCn1c2ccccc2c2ccccc21,egc,3.7637,3.8263230822183827
*CC(*)(C)C(=O)OCC[N+](=O)[O-],egc,4.7247,4.652068543148291
*CC(*)(C)C(=O)OCCc1ccccc1,egc,5.7104,5.458600279678586
*CC(*)(C)C(=O)OCc1ccc(Cl)cc1,egc,4.9536,4.902962173217968
*CC(*)(C)C(=O)OCc1ccc(Cl)cc1Cl,egc,4.8651,4.785481322966129
*CC(*)(C)C(=O)OCc1ccc2c(c1)c1ccccc1n2CC,egc,3.4735,3.907853560190093
*CC(*)(C)C(=O)OCc1cccs1,egc,4.9884,4.482694643789647
*CC(*)(C)C(=O)Oc1ccc2ccccc2c1,egc,3.6336,4.032058438852226
*CC(*)(C)C(=O)Oc1ccccc1,egc,5.2323,5.083237969200431
*CC(*)(CF)C(=O)OC,egc,6.854,6.678094311502059
*CC(*)(CO)C(=O)OCC,egc,5.8505,6.420767821398292
*CC(*)(Cl)C#N,egc,6.5592,6.2376400019044445
*CC(*)(Cl)Cl,egc,5.4955,6.327188390230888
*CC(*)(F)C(=O)OC,egc,6.8022,6.708000857409787
*CC(*)(F)C(=O)OCC(Cl)(Cl)Cl,egc,6.1654,6.11647973999323
*CC(*)(F)C(=O)OCC(F)(F)C(F)(F)C(F)(F)C(F)(F)C(F)(F)C(F)(F)C(F)(F)C(F)(F)F,egc,6.7134,6.316297770414503
*CC(*)(F)C(=O)OCC(F)(F)C(F)(F)F,egc,6.4706,6.595973731331507
*CC(*)(F)C(=O)OCCC,egc,6.5259,6.3993045533746455
*CC(*)(F)C(=O)OCCC(F)(F)C(F)(F)C(F)(F)C(F)(F)C(F)(F)C(F)(F)C(F)(F)C(F)(F)F,egc,6.6046,6.492519180501641
*CC(*)(F)Cl,egc,6.2438,5.403158373417878
*CC(*)=C,egc,5.3034,4.3370207877580915
*CC(*)C#N,egc,7.7741,6.5949552164297485
*CC(*)C(=O)C(C)(C)C,egc,5.3334,5.779451419921356
*CC(*)C(=O)N(CCC)CCC,egc,5.3191,5.329648352140505
*CC(*)C(=O)N(O)c1cccc(C)c1,egc,4.1845,4.342930914136373
*CC(*)C(=O)NC,egc,5.4371,5.8282536963419105
*CC(*)C(=O)NCC,egc,5.2246,5.65519007415157
*CC(*)C(=O)NCC(F)(F)C(F)(F)C(F)(F)F,egc,5.7825,6.335908717025131
*CC(*)C(=O)NCCC,egc,6.0177,5.753153225820871
*CC(*)C(=O)NCCC(F)(F)C(F)(F)C(F)(F)C(F)(F)C(F)(F)C(F)(F)C(F)(F)C(F)(F)F,egc,5.7478,5.777267884933437
*CC(*)C(=O)OC(C)C,egc,6.4162,6.379722146566057
*CC(*)C(=O)OC(C)CC(C)C,egc,6.3605,6.390057845713023
*CC(*)C(=O)OC(OCC)C(F)(F)F,egc,6.3353,6.5526398334807086
*CC(*)C(=O)OC1CCCCC1,egc,6.0771,6.376607124148478
*CC(*)C(=O)OCC,egc,6.2551,6.500675982978779
*CC(*)C(=O)OCC(C)C,egc,6.1261,6.388723486656393
*CC(*)C(=O)OCC(F)(F)C(F)(F)C(F)(F)C(F)(F)C(F)(F)C(F)(F)C(F)(F)F,egc,6.2833,6.668900451857643
*CC(*)C(=O)OCC(F)(F)C(F)(F)C(F)(F)F,egc,6.784,6.795935092444603
*CC(*)C(=O)OCC(F)(F)C(F)(F)OC(F)(F)C(F)(F)C(F)(F)C(F)(F)F,egc,6.9089,5.888625044329026
*CC(*)C(=O)OCC(F)(F)C(F)(F)OC(F)(F)F,egc,6.5517,6.293458767073058
*CC(*)C(=O)OCC(F)(F)C(F)C(F)(F)F,egc,6.8499,6.552832961692086
*CC(*)C(=O)OCC=C,egc,6.066,5.115775612733505
*CC(*)C(=O)OCCC#N,egc,6.4368,6.372243705468372
*CC(*)C(=O)OCCCCC,egc,6.4787,6.342771510975041
*CC(*)C(=O)OCCCCCCSCC#N,egc,5.2126,5.146500386204508
*CC(*)C(=O)OCCCCSC,egc,4.571,5.373754273165548
*CC(*)C(=O)OCCO,egc,6.417,6.448977856108498
*CC(*)C(=O)OCCOCC1(CC)COC1,egc,5.6941,6.085732173627201
*CC(*)C(=O)OCCSCC#N,egc,5.2595,5.182952824308056
*CC(*)C(=O)Oc1ccc(C#N)cc1,egc,4.6366,3.94357358805718
*CC(*)C(=O)Oc1ccc(Cl)cc1,egc,2.4559,3.3360924024068
*CC(*)C(=O)Oc1ccc(OC)cc1,egc,4.4447,4.811448066062431
*CC(*)C(=O)c1ccc(Br)c(OC)c1,egc,3.8338,3.1559787409154496
*CC(*)C(=O)c1ccc(Br)cc1,egc,1.5897,3.4105828572733534
*CC(*)C(=O)c1ccc(CC)cc1,egc,4.27,3.941761338655435
*CC(*)C(=O)c1ccccc1O,egc,1.7298,3.435760467536705
*CC(*)C(=O)n1sc2ccccc2c1=O,egc,1.2252,2.8178030824018934
*CC(*)C(F)(F)C(F)(F)C(F)(F)F,egc,8.6189,7.949081583250161
*CC(*)C(F)(F)F,egc,8.2263,7.270650626342545
*CC(*)CC(C)C,egc,6.7394,6.598004824813666
*CC(*)CCC,egc,6.7336,6.953753129465113
*CC(*)CCCC1CCCCC1,egc,6.3703,6.590972756594103
*CC(*)CCc1ccc(C)cc1,egc,5.1686,4.594723360198508
*CC(*)CN,egc,5.4738,6.1370782155522114
*CC(*)CO,egc,6.2929,6.0521283003625586
*CC(*)N,egc,5.222,6.148953980715465
*CC(*)N1CCCC1=S,egc,4.1333,3.939538185881279
*CC(*)OC(=O)C(C)(C)C,egc,6.1579,6.331785784961159
*CC(*)OC(=O)C(F)(F)C(F)(F)F,egc,6.6309,6.450557657362563
*CC(*)OC(=O)CC1CCCC1,egc,6.5327,6.432027906454422
*CC(*)OC(=O)CCC,egc,6.8545,6.497170578273529
*CC(*)OC(=O)CCC#N,egc,6.425,6.572142200502153
*CC(*)OC(=O)OCC(F)(F)F,egc,7.5359,7.001578909049378
*CC(*)OC(=O)c1ccc(OC(C)=O)cc1,egc,4.6237,4.761053110736086
*CC(*)OC(=O)c1ccc(OC)cc1,egc,4.435,4.280017466509738
*CC(*)OC(=O)c1cccc(Cl)c1,egc,1.7974,3.7523313771333147
*CC(*)OC(=O)c1cccnc1,egc,4.7397,4.414757910295342
*CC(*)OC(C)=O,egc,6.8523,6.346548778039344
*CC(*)OC=O,egc,6.9603,6.430710594503394
*CC(*)OCC(=O)OC,egc,5.3903,6.644273109480699
*CC(*)OCCCCC,egc,5.9056,5.687132042861174
*CC(*)OCCCCCCCCCCCC,egc,5.4919,6.044341608974095
*CC(*)OCCCl,egc,6.0339,6.173259589657726
*CC(*)OCCOc1ccc(C=C(C#N)C(=O)OC)cc1,egc,3.1988,3.609608324401598
*CC(*)OCc1ccccc1,egc,5.0639,4.759829740318075
*CC(*)SC,egc,5.023,5.196740302678932
*CC(*)c1c(F)c(F)c(OC)c(F)c1F,egc,4.6291,4.106858508599699
*CC(*)c1cc(C)ccc1C,egc,4.9137,4.863133015425614
*CC(*)c1cc(OC)ccc1OC,egc,3.8323,4.144242664674235
*CC(*)c1ccc(C(=O)CCN2CCCCC2)cc1,egc,2.7084,3.6234104014956987
*CC(*)c1ccc(C(=O)CCN2CCOCC2)cc1,egc,3.2629,3.63822863457934
*CC(*)c1ccc(C(=O)Cc2ccccc2)cc1,egc,3.6382,3.505319701672984
*CC(*)c1ccc(C(=O)c2ccccc2)cc1,egc,3.5289,3.3518996617985217
*CC(*)c1ccc(C(O)CCN2CCOCC2)cc1,egc,3.8601,4.028988176418214
*CC(*)c1ccc(C)cc1C,egc,4.8585,4.876024096107152
*CC(*)c1ccc(C)nc1,egc,4.8601,3.1683847824485825
*CC(*)c1ccc(CCCCCC)cc1,egc,4.9872,4.481494737037354
*CC(*)c1ccc(CCl)cc1,egc,3.4202,4.013283708889915
*CC(*)c1ccc(Cl)c([N+](=O)[O-])c1,egc,1.4833,3.029285544408062
*CC(*)c1ccc(F)cc1,egc,2.0489,4.527484305935188
*CC(*)c1ccc2c(c1)OCO2,egc,4.4057,3.9918992873168393
*CC(*)c1ccc2ccccc2c1,egc,3.6351,3.511226081674962
*CC(*)c1cccc(C)c1,egc,5.185,4.114579451696206
*CC(*)c1cccc2c1OCO2,egc,4.5452,4.128202848817811
*CC(*)c1ccncc1,egc,2.5368,4.711781948861176
*CC(*)c1nc(C)nc(C)n1,egc,5.2445,3.8612725119220745
*CC(*)n1c(C)c(C)c2ccccc21,egc,2.733,2.603709176164448
*CC(*)n1cc2ccccc2n1,egc,3.7572,3.1304354292606864
*CC(*)n1ccc2ccccc21,egc,1.6204,3.193425367333244
*CC(*)n1nnc2ccccc21,egc,4.0479,3.841760365312814
*CC(=O)C(*)C,egc,4.7758,5.654530101652072
*CC(=O)C(=S)c1ccc(*)s1,egc,2.5515,3.0266547255902565
*CC(=O)CC(*)=O,egc,4.1544,5.455672299768307
*CC(=O)CC(*)=S,egc,2.8292,2.7361490461350653
*CC(=O)Cc1ccc(*)cc1,egc,4.4305,4.852838946724432
*CC(=O)N*,egc,6.0823,5.776684772874323
*CC(=O)NC(*)=O,egc,4.269,5.316485526457348
*CC(=O)NC(*)=S,egc,2.887,2.946446550949626
*CC(=O)NCC(=O)O*,egc,6.011,5.852091469252294
*CC(=O)NCCCCCCNC(=O)CO*,egc,6.0674,5.790114813218264
*CC(=O)NCCCCCCNC(=O)COC(=O)CCCCC(=O)O*,egc,6.0986,5.5696851554182505
*CC(=O)NCCCCCCNC(=O)COc1ccc(O*)cc1,egc,4.6023,4.880750428469344
*CC(=O)Nc1ccc(*)cc1,egc,4.5889,4.09306501182457
*CC(=O)Nc1ccc(*)s1,egc,4.4758,3.9211528925695784
*CC(=O)Nc1ccc(NC(=O)CN2C(=O)c3ccc(C(=O)c4ccc5c(c4)C(=O)N(*)C5=O)cc3C2=O)cc1,egc,2.4122,2.622345136129883
*CC(=O)Nc1ccc(Oc2ccc(NC(=O)CN3C(=O)c4ccc(C(=O)c5ccc6c(c5)C(=O)N(*)C6=O)cc4C3=O)cc2)cc1,egc,2.2667,2.50592173552272
*CC(=O)Nc1ccc(Oc2ccc(Oc3ccc(NC(=O)CN4C(=O)c5ccc(C(=O)c6ccc7c(c6)C(=O)N(*)C7=O)cc5C4=O)cc3)cc2)cc1,egc,2.2729,2.5646959469780892
*CC(=O)OC(*)=O,egc,6.3725,5.474701561749217
*CC(=O)OC(=O)c1ccc(O*)cc1Br,egc,4.4665,4.420591606571993
*CC(=O)OC(=O)c1cccc(O*)c1,egc,4.4815,4.815026163956604
*CC(=O)OCCCCCCOC(=O)Cn1c(=O)c2cc3c(=O)n(*)c(=O)c3cc2c1=O,egc,3.6832,3.463659483265925
*CC(=O)Oc1ccc(*)s1,egc,4.6247,4.258851234939383
*CC(=O)c1ccc(-c2ccc(*)cc2)s1,egc,3.4067,3.3899340865264254
*CC(=O)c1ccc(-c2ccc(*)s2)cc1,egc,3.5141,3.4592663919738857
*CC(=O)c1ccc(-c2ccc(*)s2)s1,egc,2.8653,2.6741684111716073
*CC(=O)c1ccc(C(*)=O)cc1,egc,4.4703,4.077997418926892
*CC(=O)c1ccc(C(*)=O)s1,egc,4.0034,3.4651429485419514
*CC(=O)c1ccc(C(*)=S)cc1,egc,2.7253,2.737818471637871
*CC(=S)C(=O)C(*)=S,egc,1.5344,2.825114682159484
*CC(=S)CC(*)=S,egc,2.5423,2.647895004942798
*CC(=S)CO*,egc,3.0342,4.188175756692475
*CC(=S)NC(*)=S,egc,2.5403,2.7332639772445635
*CC(=S)NO*,egc,3.435,4.035601929382727
*CC(=S)OC(*)=S,egc,3.3702,3.031806136787219
*CC(=S)c1ccc(N*)cc1,egc,2.6292,2.7176738483643303
*CC(=S)c1ccc(O*)cc1,egc,2.734,3.259073317556511
*CC(=S)c1ccc(O*)s1,egc,2.8161,3.597772475864142
*CC(C#N)(C#N)CC(C#N)(C#N)C(C#N)C(*)(C#N)C#N,egc,6.9307,5.3043437924301
*CC(C(=O)Oc1ccccc1)C(C(=O)O)C(*)(C)C,egc,5.2905,5.20756473128497
*CC(C)(C)C(=O)N*,egc,5.6887,5.764202723972827
*CC(C)(C)C(=O)O*,egc,6.6633,6.597390343116419
*CC(C)(C)C1C(=O)N(C(C)C)C(=O)C1*,egc,5.5919,5.614038700280372
*CC(C)(C)CO*,egc,5.8123,5.62620399806507
*CC(C)(C)COC(=O)C(=O)O*,egc,4.957,5.872293422391205
*CC(C)(C)COC(=O)CC(=O)O*,egc,6.7138,6.269245034463262
*CC(C)(C)COC(=O)CCC(=O)O*,egc,6.4486,6.670730317978636
*CC(C)(C)COC(=O)CCCCC(=O)O*,egc,6.692,6.718885540527029
*CC(C)(C)COC(=O)CCCCCCC(=O)O*,egc,6.7281,6.71955842733512
*CC(C)(C)COC(=O)CCCCCCCCC(=O)O*,egc,6.6996,6.570554919604439
*CC(C)(C)COC(=O)NC(=O)c1cccc(C(=O)NC(=O)O*)c1,egc,4.9585,4.7204620483930615
*CC(C)(C)COC(=O)NC1CCC(CC2CCC(NC(=O)O*)CC2)CC1,egc,5.9159,5.780669254944764
*CC(C)(C)COC(=O)NCCCC(CCNC(=O)O*)OC,egc,6.1723,5.644471348477229
*CC(C)(C)COC(=O)Nc1ccc(Cc2ccc(NC(=O)O*)c(C)c2)cc1C,egc,4.5157,4.450675491981207
*CC(C)(C)COC(=O)Nc1ccc(NC(=O)O*)cc1,egc,4.8883,5.0587045998586735
*CC(C)(C)COC(=O)O*,egc,7.3547,7.066798979798529
*CC(C)(C)CS(=O)(=O)CC(C)(C)COC(=O)O*,egc,6.8436,6.010490078661435
*CC(C)(C)O*,egc,5.2445,5.7822143643088175
*CC(C)(CC)CO*,egc,5.6322,5.6142499279923515
*CC(C)(CC)COC(=O)CCCCCCCCC(=O)O*,egc,6.7916,6.516894082261853
*CC(C)(CCl)O*,egc,5.7953,6.258238885104467
*CC(C)(CO*)COCC(F)(F)F,egc,5.3043,6.928356662782841
*CC(C)(CO*)COCCC#N,egc,5.387,5.83384267902044
*CC(C)(COC(=O)NCCCCCCNC(=O)O*)C(=O)O,egc,6.2179,6.121905446367812
*CC(C)(N=C=O)C1C(=O)OC(=O)C1*,egc,6.0105,5.433117947750345
*CC(C)C(C)COC(=O)c1ccc(C(=O)O*)cc1,egc,4.7326,4.86834516211276
*CC(C)C1C(=O)N(CCC)C(=O)C1*,egc,5.8295,5.4961348687700795
*CC(C)C1COC2C(C(=O)OC(O)(C(F)(F)F)C(F)(F)C*)CC12,egc,6.2241,6.2735375130858895
*CC(C)CNC(=O)O*,egc,6.3739,6.120328915644388
*CC(C)CO*,egc,5.976,5.877668291352801
*CC(C)O*,egc,5.7517,6.313572732628843
*CC(CBr)(CBr)COC(=O)CCCCC(=O)O*,egc,6.0899,6.1057966551716
*CC(CBr)O*,egc,6.2128,5.928762692928766
*CC(CC(*)(C#N)C#N)c1ccc(CCl)cc1,egc,5.4178,4.140469377516375
*CC(CC(C)(C)C)O*,egc,5.3855,5.84016073070972
*CC(CC(CC(CC(*)c1ccccc1)c1ccccc1)c1ccccc1)c1ccccc1,egc,5.2025,3.699833211259285
*CC(CC)O*,egc,5.7746,5.762988662780847
*CC(CCCC)O*,egc,5.4348,5.97495554043875
*CC(CCl)(CBr)COC(=O)CCCCC(=O)O*,egc,6.6998,6.385683434794766
*CC(CCl)(CCl)C(=O)O*,egc,6.551,6.516509501023695
*CC(CCl)(CCl)COC(=O)C(=O)O*,egc,5.906,5.72433053016468
*CC(CCl)(CCl)COC(=O)CCCCC(=O)O*,egc,6.8357,6.6692164395525255
*CC(CCl)(CO*)COC(C)=O,egc,6.4853,6.371605761917993
*CC(CCl)O*,egc,6.3441,6.203699813689459
*CC(CO*)(CS(=O)(=O)CC)CS(=O)(=O)CC,egc,5.0473,4.79771891867635
*CC(CO*)(CS(=O)(=O)CCC)CS(=O)(=O)CCC,egc,4.6292,5.454260255556659
*CC(CO*)(CS(=O)(=O)CCCC)CS(=O)(=O)CCCC,egc,5.4465,4.994133362291848
*CC(CO*)(CS(=O)(=O)CCCCC)CS(=O)(=O)CCCCC,egc,5.21,5.287172024418676
*CC(CO*)(CS(C)(=O)=O)CS(C)(=O)=O,egc,5.8874,5.287963108162542
*CC(CO*)(CSC(C)C)CSC(C)C,egc,4.6686,4.301687261686519
*CC(CO*)(CSC)CSC,egc,4.984,4.858702178810647
*CC(CO*)(CSCC)CSCC,egc,4.7171,5.032641869114845
*CC(CO*)C(C)(C)C,egc,5.7599,5.54844581457079
*CC(COCC)O*,egc,5.5518,6.055493425483365
*CC(COCC=C)O*,egc,5.2711,5.2592473375970386
*CC(COCCCCCC)O*,egc,5.6762,5.721790422041226
*CC(COc1c(Cl)cc(Cl)cc1Cl)O*,egc,4.5851,4.43168552177079
*CC(COc1ccc(-c2ccc(C#N)cc2)cc1)O*,egc,4.4378,4.075958947122329
*CC(COc1ccc(Cl)cc1)O*,egc,4.8901,4.672695783835451
*CC(COc1cccc(C)c1)O*,egc,5.1113,4.859973109703216
*CC(CS(=O)(=O)CCC)O*,egc,6.0251,5.177370074011786
*CC(CS(C)(=O)=O)O*,egc,5.2613,6.11981945520098
*CC(CSC(C)C)O*,egc,4.8245,4.761912033393588
*CC(C[N-][N+]#N)O*,egc,5.5722,5.302134246945058
*CC(Cl)(C#N)C1C=CC(*)CC1,egc,5.4881,5.915690917593013
*CC(F)(F)C(F)(F)C(F)(F)C(F)(F)COC(=O)C(F)(F)C(F)(F)C(F)(F)C(F)(F)C(=O)O*,egc,6.3052,6.8453501859758745
*CC(F)(F)C(F)(F)C(F)(F)C(F)(F)COC(=O)CCCC(=O)O*,egc,7.0209,6.62018588681068
*CC(F)(F)C(F)(F)C(F)(F)C(F)(F)COC(=O)NCCCCCCNC(=O)O*,egc,6.4368,6.65156211451978
*CC(F)(F)C(F)(F)C(F)(F)C(F)(F)COC(=O)O*,egc,7.7624,6.959100469028638
*CC(F)(F)C(F)(F)C(F)(F)COC(=O)CC(CC(=O)O*)C(F)(F)C(F)(F)C(F)(F)F,egc,6.6602,6.657296511884266
*CC(F)(F)C(F)(F)C(F)(F)COC(=O)CCCC(=O)O*,egc,6.894,6.488000941226069
*CC(F)(F)C(F)(F)C(F)(F)COC(=O)CCCCC(=O)O*,egc,6.6433,6.853986266398003
*CC(F)(F)C(F)(F)C(F)(F)COC(=O)CSCSCC(=O)O*,egc,5.1865,5.90268105831883
*CC(F)(F)C(F)(F)C(F)(F)COC(=O)NCC(F)(F)C(F)(F)C(F)(F)C(F)(F)CNC(=O)O*,egc,6.897,6.9598261105460395
*CC(F)(F)C(F)(F)C(F)(F)COC(=O)NCCCCCCNC(=O)O*,egc,6.3766,6.566680001459705
*CC(F)(F)C(F)(F)COC(=O)NCC(F)(F)C(F)(F)C(F)(F)C(F)(F)CNC(=O)O*,egc,7.202,6.831742367397172
*CC(F)(F)C(F)=C(*)Cl,egc,4.8591,5.122809053940685
*CC(F)(F)C1(F)CC(CC(O)(C(F)(F)F)C(F)(F)F)CC1*,egc,7.7065,6.753405312934182
*CC(O)C(O)CN(*)c1ccc(N(C)C)cc1,egc,3.7705,3.7371775253748845
*CC(O)C(O)COC(=O)O*,egc,6.9702,6.870081435950143
*CC(O)CN(*)c1cc(C)c(N=Nc2ccc(Cl)cc2)c(C)c1,egc,2.6365,2.8097042578454574
*CC(O)CN(*)c1cc(C)cc(C)c1,egc,4.5575,3.6870577622351264
*CC(O)CN(*)c1ccc(N=Nc2ccc(C#N)cc2)cc1,egc,2.0164,3.0372278263977104
*CC(O)CN(*)c1ccc(N=Nc2ccc(Cl)cc2)cc1,egc,2.6263,2.3791211863477453
*CC(O)CO*,egc,6.5192,6.334321856903728
*CC(O)COc1ccc(O*)cc1,egc,4.7923,4.5310780835128375
*CC(O*)C(C)(C)C,egc,5.5394,5.682192086061153
*CC(O*)C(C)C,egc,5.7752,5.75869762176152
*CC(O*)C(F)(F)F,egc,6.7566,6.8969042848895405
*CC(O*)c1ccccc1,egc,5.2866,4.668619409227347
*CC(O*)c1ccco1,egc,5.0251,4.533923880270864
*CC(OC(=O)OCC)C(COC(=O)O*)OC(=O)OCC,egc,7.1757,6.791899904718522
*CC(OC(C)=O)C1C(=O)N(c2ccc(C)cc2)C(=O)C1(*)Cl,egc,4.7107,4.354741406952246
*CC(OC)C(C(=O)O)C(*)C(=O)O,egc,6.3287,6.19219500384761
*CC(OC)C1C(=O)OC(=O)C1*,egc,5.9975,5.810149277606107
*CC(OC1CCCCC1)C1C(=O)OC(=O)C1*,egc,5.6267,6.086387143732663
*CC(OC=O)C(COC(=O)O*)OC=O,egc,7.0946,6.328176052438431
*CC(c1ccccc1)C1C(=O)OC(=O)C1*,egc,5.3123,4.860435736824372
*CC1(*)CCCCC1,egc,6.3291,6.442820054207391
*CC1(C)CC(*)(C)C(=O)OC1=O,egc,6.0049,5.98748906832896
*CC1(C)CC(N2C(=O)c3ccc(-c4ccc5c(c4)C(=O)N(*)C5=O)cc3C2=O)CC(C)(C)C1,egc,3.6926,3.3774075443928155
*CC1(CO*)CC2C=CC1C2,egc,5.6096,5.3024835202919895
*CC1CC(*)C(=O)OC1=O,egc,6.1563,5.8957170813043485
*CC1CC(*)CN(c2nc(N)nc(N)n2)C1,egc,5.1254,5.104960812337037
*CC1CC(*)OC(C)O1,egc,6.0468,6.325328617345309
*CC1CC(*)OCO1,egc,6.5995,6.18670608820634
*CC1CC(CNC(=O)c2cccc(C(=O)N*)c2)CC(C(C)(C)C)C1,egc,4.8842,4.829949504532468
*CC1CC1CO*,egc,5.9176,6.081399952561982
*CC1CC1COC(=O)NC1CC1NC(=O)O*,egc,6.5515,6.165491080508128
*CC1CC1COC(=O)c1cccc(C(=O)O*)c1,egc,5.0466,4.937315537429535
*CC1CCC(*)C1,egc,6.9613,6.899361130462509
*CC1CCC(CNC(=O)CCCCCCC(=O)N*)CC1,egc,5.8707,5.83176315864608
*CC1CCC(CNC(=O)CCCCCCCC(=O)N*)CC1,egc,5.7062,5.835761251378453
*CC1CCC(CNC(=O)CCCCCCCCC(=O)N*)CC1,egc,5.7331,5.817962144930028
*CC1CCC(CNC(=O)CCCCCCCCCCC(=O)N*)CC1,egc,5.9594,5.779746826123551
*CC1CCC(CNC(=O)c2cc(C(=O)N*)cc(C(C)(C)C)c2)CC1,egc,4.8744,4.330284147128234
*CC1CCC(COC(=O)C(=O)O*)CC1,egc,5.4765,6.029084664068662
*CC1CCC(COC(=O)C2CCC(C(=O)O*)CC2)CC1,egc,6.6637,6.470074598291484
*CC1CCC(COC(=O)CCC(=O)O*)CC1,egc,6.5939,6.692702697738121
*CC1CCC(COC(=O)CCCCC(=O)O*)CC1,egc,6.7775,6.722786760156722
*CC1CCC(COC(=O)CCCCCCCCCCC(=O)O*)CC1,egc,6.723,6.641624304809882
*CC1CCC(COC(=O)Cc2ccc(CC(=O)O*)cc2)CC1,egc,5.3094,5.197665083972101
*CC1CCC(COC(=O)NCCSCCCSCCNC(=O)O*)CC1,egc,5.5784,5.262725472518986
*CC1CCC(COC(=O)c2ccc(NC(=O)O*)cc2)CC1,egc,4.5441,4.751089916853457
*CC1CCC(COC(C)OC(=O)c2cccc(C(=O)OC(C)O*)c2)CC1,egc,4.9396,4.698050220476641
*CC1CCC(COCO*)CC1,egc,6.4282,6.188823254674974
*CC1CCCC(CC(=O)N*)C1,egc,6.0189,6.038000514041232
*CC1CCCC(CNC(=O)CCCCCCC(=O)N*)C1,egc,5.9323,5.827973397462239
*CC1CCCC(CNC(=O)c2cccc(C(=O)N*)c2)C1,egc,4.8123,4.914316826100587
*CC=CCNC(=O)CCC=CCCC(=O)N*,egc,5.3865,5.33468803408169
*CC=CCOC(=O)CCCCCCCCC(=O)O*,egc,6.002,5.948185211207224
*CC=CCOC(=O)NCCCCCCNC(=O)O*,egc,5.7218,5.788184909419494
*CCC(*)=O,egc,5.3275,5.478069452065898
*CCC(=O)C(*)=S,egc,3.2378,2.9873188255174132
*CCC(=O)N(CCN(C(=O)CCN1CCN(*)CC1)C(C)C)C(C)C,egc,4.3463,5.190635895362963
*CCC(=O)N*,egc,5.6558,5.962708159263934
*CCC(=O)NCC(=O)N*,egc,6.1234,5.858649272655276
*CCC(=O)NCc1c(C)c(C)c(CNC(=O)CCO*)c(C)c1C,egc,5.3036,4.932526219312594
*CCC(=O)Oc1ccc(OC(=O)CCN2CCN(*)C(C)C2)cc1,egc,4.6472,4.973572888066923
*CCC(=O)c1ccc(*)s1,egc,3.959,4.004471347921005
*CCC(C(=O)OC)C(*)C(=O)OC,egc,6.6384,6.225422826234534
*CCC(C)(C)CC(C)CNC(=O)CCCCC(=O)N*,egc,5.8095,5.651656614106599
*CCC(C)(C)CC(C)COC(=O)CCCCC(=O)O*,egc,6.7293,6.400715911038534
*CCC(C)=C(*)C,egc,4.9429,5.092333019367964
*CCC(C)C(*)(C)C(=O)OC,egc,6.5856,6.530618251267451
*CCC(C)CC(=O)O*,egc,6.826,6.717346240995434
*CCC(C)CO*,egc,6.1714,6.115186559514613
*CCC(Cl)C(*)Cl,egc,6.5471,6.8817689194372464
*CCC(F)(F)C(*)(F)Cl,egc,7.738,6.034640361062028
*CCC(F)(F)C(*)(F)F,egc,8.6882,7.855965766918653
*CCC([2H])C(*)([2H])C,egc,6.8414,7.113825639895749
*CCC1CC(*)C2C3CC(C12)C(C)(C(=O)OC)C3,egc,6.4636,6.090307151325632
*CCC1CCC(*)C1,egc,7.1099,6.8158471298552055
*CCC=C(*)Cl,egc,5.461,4.850898126061551
*CCCC(*)=S,egc,3.3942,3.7465502533422774
*CCCC(*)C,egc,7.1052,6.6793453060121335
*CCCC(*)C#N,egc,7.8211,7.173736549414913
*CCCC(*)Cl,egc,6.9806,6.557091634049976
*CCCC(=O)NCCCCCCNC(=O)CCCO*,egc,5.652,5.946449589248774
*CCCC(=O)NCCCCCOCCCCCNC(=O)CCCO*,egc,5.8594,5.867362808425595
*CCCC(=O)O*,egc,6.7691,6.505303536746495
*CCCC(C)(C)CNC(=O)c1cccc(C(=O)N*)c1,egc,5.0204,4.923547049552203
*CCCC(C)CC(=O)N*,egc,6.0894,6.015537849415815
*CCCC(C)CCC(=O)O*,egc,6.54,6.677623968870064
*CCCC(CCNC(=O)c1ccc(C(=O)N*)cc1)C(C)C,egc,4.6978,4.639584174171599
*CCCC(Cl)C(*)Cl,egc,6.8622,6.766922748907746
*CCCC1CC(=O)N(*)C(=O)C1,egc,5.8014,5.502942614701709
*CCCC1CCN(C(=O)Nc2ccc(Cc3ccc(NC(=O)N4CCC(*)CC4)cc3)cc2)CC1,egc,4.6275,3.947181134825826
*CCCC1CCN(C(=O)SSCCCCSSC(=O)N2CCC(*)CC2)CC1,egc,5.001,4.160030799814283
*CCCCC(=O)N*,egc,5.9658,5.909274765860645
*CCCCC(=O)NCCCCCCC(=O)NCCC(=O)N*,egc,5.7097,5.80999475087834
*CCCCC(=O)O*,egc,6.623,6.705585426584683
*CCCCC(C)CCn1c(=O)c2cc3c(=O)n(*)c(=O)c3cc2c1=O,egc,3.7606,3.5304036798449623
*CCCCC(N)C(=O)N*,egc,5.746,5.980458056030539
*CCCCCC(*)C,egc,7.1803,6.745196542012228
*CCCCCC(*)CC,egc,6.7743,6.907644510451441
*CCCCCC(=O)NCCCCCCNC(=O)CCCCCO*,egc,5.7609,5.904363831815908
*CCCCCC(=O)NCCCCCCNC(=O)CCCCCOC(=O)CCCCC(=O)O*,egc,5.9182,5.784186949916444
*CCCCCC(=O)NCCCCCOCCCCCNC(=O)CCCCO*,egc,5.905,5.864359700370003
*CCCCCC(=O)NCCCCCOCCCCCNC(=O)CCCO*,egc,5.841,5.899985726993631
*CCCCCC(=O)NCCNC(=O)CCCCCOC(=O)CCCCC(=O)O*,egc,5.9333,5.816539106258298
*CCCCCC(=O)NCCOC(=O)CCCCC(=O)O*,egc,6.3289,6.102623548774105
*CCCCCC(=O)NCc1ccc(CNC(=O)CCCCCO*)cc1,egc,5.243,5.116360195591092
*CCCCCC(=O)NCc1ccc(CNC(=O)CCCCO*)cc1,egc,5.142,5.239213416437851
*CCCCCC(=O)S*,egc,5.3869,4.9201057578969225
*CCCCCCC(=O)N*,egc,6.0436,6.0313966670108385
*CCCCCCC(=O)NCCCCCCNC(=O)CCCCCCO*,egc,5.7692,5.921683681979446
*CCCCCCC(=O)NCCCCCCNC(=O)CCCO*,egc,5.9827,5.823726688799387
*CCCCCCC(=O)NCCCCCOCCCCCNC(=O)CCCO*,egc,5.944,5.839427420462768
*CCCCCCC(=O)O*,egc,6.5222,6.717161581049859
*CCCCCCCC(=O)N(*)C,egc,5.5443,5.602819992973597
*CCCCCCCC(=O)O*,egc,6.6609,6.6309502023183695
*CCCCCCCC(=O)OC1COC(*)OC1,egc,6.6422,6.331451289292812
*CCCCCCCC(=O)OCC1COC(*)O1,egc,6.6417,6.611045030363153
*CCCCCCCCC(*)Cl,egc,6.9974,6.971690657855891
*CCCCCCCCC(=O)N*,egc,6.101,6.034464041875597
*CCCCCCCCC(=O)NCCCCCCNC(=O)CCCO*,egc,5.9837,5.85863206858358
*CCCCCCCCC(=O)NCCCCCOCCCCCNC(=O)CCCCO*,egc,5.8271,5.7961666929578595
*CCCCCCCCC(=O)NCCCCCOCCCCCNC(=O)CCCO*,egc,5.9383,5.822403522784767
*CCCCCCCCC(=O)O*,egc,6.4657,6.708397165241337
*CCCCCCCCC(Cl)C(*)Cl,egc,6.9929,7.033469646987694
*CCCCCCCCCC#CC#CCCCCCCCCCOC(=O)CCCCCCCCC(=O)O*,egc,5.4028,6.0761977585367175
*CCCCCCCCCC(=O)N*,egc,6.1321,6.093665245759113
*CCCCCCCCCCC(=O)N(*)C,egc,5.7405,5.742846509674182
*CCCCCCCCCCC(=O)NCC(=O)N*,egc,6.0226,6.106037340964859
*CCCCCCCCCCC(=O)NCCCCCOCCCCCNC(=O)CCCCO*,egc,5.6858,5.7131940630257985
*CCCCCCCCCCC(=O)NCCCCCOCCCCCNC(=O)CCCO*,egc,5.4741,5.829676268728884
*CCCCCCCCCCC(=O)NCc1ccc(CNC(=O)CCCCO*)cc1,egc,5.2644,5.221332017718208
*CCCCCCCCCCC(=O)O*,egc,6.8465,6.6705223988954465
*CCCCCCCCCCC(Cl)C(*)Cl,egc,7.2165,6.88438879507048
*CCCCCCCCCCCC(=O)N(*)C,egc,5.8019,5.657944883816968
*CCCCCCCCCCCC(=O)N*,egc,6.0986,6.151497870966312
*CCCCCCCCCCCC(=O)NCC(=O)N*,egc,6.1662,5.994982868730675
*CCCCCCCCCCCC(=O)O*,egc,6.7916,6.801609642102988
*CCCCCCCCCCCCC(=O)N*,egc,6.0892,6.0902334262563675
*CCCCCCCCCCCCC(=O)O*,egc,6.7386,6.786455298561468
*CCCCCCCCCCCCCC(=O)O*,egc,6.7839,6.764686689627325
*CCCCCCCCCCCCCCC(*)Cl,egc,7.2258,6.906275448354191
*CCCCCCCCCCCCCCCC(=O)O*,egc,6.7798,6.7519017286748095
*CCCCCCCCCCCCCCCCC(=O)N*,egc,6.0239,6.095749363279552
*CCCCCCCCCCCCCCCCCCCCCC(=O)N*,egc,5.9891,6.1051426217669515
*CCCCCCCCCCCCCCCCCCCCCCOC(=O)CCC(=O)O*,egc,6.6006,6.72929595164256
*CCCCCCCCCCCCCCCCCCCCOC(=O)C(=O)O*,egc,5.2426,5.791351249916643
*CCCCCCCCCCCCCCCCCCCCOC(=O)CC(=O)O*,egc,6.2688,6.7832658924227625
*CCCCCCCCCCCCCCCCCCCCOC(=O)CCC(=O)O*,egc,6.7992,6.55832122023747
*CCCCCCCCCCCCCCCCCCCCOC(=O)CCC(C)CC(=O)O*,egc,6.748,6.602766322184211
*CCCCCCCCCCCCCCCCCCCCOC(=O)CCCCC(=O)O*,egc,6.8416,6.695780685323057
*CCCCCCCCCCCCCCCCCCCCOC(=O)CCCCCC(=O)O*,egc,6.7391,6.694407797445784
*CCCCCCCCCCCCCCCCCCCCOC(=O)CCCCCCC(=O)O*,egc,6.7452,6.556687650626062
*CCCCCCCCCCCCCCCCCCCCOC(=O)CCCCCCCC(=O)O*,egc,6.5108,6.75298498934807
*CCCCCCCCCCCCCCCCCCCCOC(=O)CCCCCCCCC(=O)O*,egc,6.784,6.482201350738529
*CCCCCCCCCCCCCCCCCCCCOC(=O)CCCCSCCCCC(=O)O*,egc,5.0235,5.29840512249878
*CCCCCCCCCCCCCCCCCCCCOC(=O)COCC(=O)O*,egc,6.3895,6.22065517497807
*CCCCCCCCCCCCCCCCCCCCOC(=O)c1ccccc1C(=O)O*,egc,5.216,4.9350707611152345
*CCCCCCCCCCCCCCCCCCNC(=O)CCCCCCCCCCC(=O)N*,egc,5.6172,5.9630591613357895
*CCCCCCCCCCCCCCCCCCNC(=O)NCCCCCCCCCCNC(=O)N*,egc,5.6443,5.556048705530369
*CCCCCCCCCCCCCCCCCCOCO*,egc,6.7236,6.52126726549299
*CCCCCCCCCCCCCCCCOC(=O)CC=CCC(=O)O*,egc,5.8517,6.011855733515272
*CCCCCCCCCCCCCCCCOC(=O)CCCCC(=O)O*,egc,6.7152,6.803893296621504
*CCCCCCCCCCCCCCCCOC(=O)CCCCCCC(=O)O*,egc,6.8244,6.700749422017194
*CCCCCCCCCCCCCCCCOC(=O)NCc1ccc(CNC(=O)O*)cc1,egc,5.353,5.3642934690552835
*CCCCCCCCCCCCCCCc1nnc(*)o1,egc,6.3716,6.412236268501075
*CCCCCCCCCCCCCCNC(=O)CCCCCCCCCCC(=O)N*,egc,5.9384,5.879847127593755
*CCCCCCCCCCCCCCOC(=O)CC=CCC(=O)O*,egc,6.1489,6.003676169801929
*CCCCCCCCCCCCCCOC(=O)CCC=CCCC(=O)O*,egc,6.0458,5.978655209378594
*CCCCCCCCCCCCCCOC(=O)CCCCCCC(=O)O*,egc,6.7022,6.767296374452503
*CCCCCCCCCCCCCCOCO*,egc,6.6169,6.703688328688455
*CCCCCCCCCCCCCOC(=O)c1ccc(C(=O)NCCCCCCNC(=O)c2ccc(C(=O)O*)cc2)cc1,egc,4.6196,4.403254672107278
*CCCCCCCCCCCCNC(=O)C(=O)N*,egc,5.7269,5.622128579047924
*CCCCCCCCCCCCNC(=O)CCCCCCCCC(=O)N*,egc,5.9688,5.895298066390656
*CCCCCCCCCCCCNC(=O)CCCCCCCCCCCCC(=O)N*,egc,6.028,5.905142852167757
*CCCCCCCCCCCCNC(=O)CCCCCCCCCCCCCCCCCCCCC(=O)N*,egc,5.927,5.758256228456375
*CCCCCCCCCCCCNC(=O)CCP(C)(=O)CCC(=O)N*,egc,5.7027,5.79633665737559
*CCCCCCCCCCCCNC(=O)NCCCCCCCCCCNC(=O)N*,egc,5.6621,5.624407286305622
*CCCCCCCCCCCCNC(=O)c1cccc(C(=O)N*)c1,egc,4.8693,4.955110554444093
*CCCCCCCCCCCCO*,egc,6.2452,6.139868441139764
*CCCCCCCCCCCCOC(=O)CCCCC(=O)O*,egc,6.8209,6.797120416666828
*CCCCCCCCCCCCOC(=O)CCCCCCCCCCC(=O)O*,egc,6.669,6.759057668873122
*CCCCCCCCCCCCOC(=O)CCCCCCCCCCCCC(=O)O*,egc,6.4766,6.755502516944962
*CCCCCCCCCCCCOC(=O)c1cccc(C(=O)O*)c1,egc,5.1678,4.973657129450986
*CCCCCCCCCCCCc1nc2cc3sc(*)nc3cc2s1,egc,4.2887,3.95396898551948
*CCCCCCCCCCCCc1nc2ccc(-c3ccc4nc(*)oc4c3)cc2o1,egc,4.1955,4.319306357889625
*CCCCCCCCCCCNC(=O)CCCCC(=O)N*,egc,6.1376,5.901057376923311
*CCCCCCCCCCCNC(=O)CCCCCCCCC(=O)N*,egc,5.9682,5.9298189009432285
*CCCCCCCCCCCNC(=O)CCCCCCCCCCC(=O)N*,egc,6.009,5.867155377564676
*CCCCCCCCCCCOC(=O)c1ccc2cc(C(=O)O*)ccc2c1,egc,3.7387,3.8844678145126506
*CCCCCCCCCCNC(=O)C(C)=C(C)C(=O)N*,egc,4.9889,5.311884145404202
*CCCCCCCCCCNC(=O)CCC(=O)N*,egc,5.9532,5.884917062453331
*CCCCCCCCCCNC(=O)CCCCCCCC(=O)N*,egc,5.9559,5.903354736004099
*CCCCCCCCCCNC(=O)CCCCCCCCC(=O)N*,egc,5.9125,5.907088697097338
*CCCCCCCCCCNC(=O)CCCCCCCCCCCCCCC(=O)N*,egc,5.8964,5.983109131253338
*CCCCCCCCCCNC(=O)CCP(C)(=O)CCC(=O)N*,egc,5.8056,5.811600184798736
*CCCCCCCCCCNC(=O)N*,egc,5.6429,5.903216654234881
*CCCCCCCCCCNC(=O)NCCCCCCNC(=O)N*,egc,5.6863,5.7871223495952036
*CCCCCCCCCCNCCCCCCN*,egc,5.4327,4.905923970859085
*CCCCCCCCCCOC(=O)C(=O)O*,egc,5.4658,5.758453659442752
*CCCCCCCCCCOC(=O)C(O)C(O)C(=O)O*,egc,6.2882,6.285473589376953
*CCCCCCCCCCOC(=O)C1CCC(C(=O)O*)CC1,egc,6.5731,6.703244617384386
*CCCCCCCCCCOC(=O)CC(=O)O*,egc,6.9598,6.719911421113328
*CCCCCCCCCCOC(=O)CC(C)(C)CC(=O)O*,egc,6.7584,6.665587103474694
*CCCCCCCCCCOC(=O)CC(C)C(=O)O*,egc,6.5777,6.612679592060883
*CCCCCCCCCCOC(=O)CC=CCC(=O)O*,egc,6.0213,6.013849122071879
*CCCCCCCCCCOC(=O)CCC(=O)O*,egc,6.7167,6.738668677349061
*CCCCCCCCCCOC(=O)CCC=CCCC(=O)O*,egc,6.0842,6.007505622375068
*CCCCCCCCCCOC(=O)CCCCCC(=O)O*,egc,6.771,6.738032051861599
*CCCCCCCCCCOC(=O)CCCCCCCC(=O)O*,egc,6.6816,6.773419556619952
*CCCCCCCCCCOC(=O)CCCCCCCCC(=O)O*,egc,6.7107,6.797263450880025
*CCCCCCCCCCOC(=O)CCCCCCCCCCC(=O)O*,egc,6.8187,6.707033854347314
*CCCCCCCCCCOC(=O)NCCCCCCCCCCNC(=O)O*,egc,6.2681,6.208474148164613
*CCCCCCCCCCOC(=O)NNC(=O)CCCCCCCCC(=O)NNC(=O)O*,egc,5.6458,5.868635396290213
*CCCCCCCCCCOC(=O)O*,egc,7.22,7.242330676316572
*CCCCCCCCCCOC(=O)c1cccc(C(=O)O*)c1,egc,5.173,5.019427456299302
*CCCCCCCCCCOCCCCCCCCCCOCCCCCCO*,egc,6.1357,5.910143162843008
*CCCCCCCCCCOCCCCCCCCCCOCCCCCO*,egc,5.9245,6.131029859785861
*CCCCCCCCCCOCO*,egc,6.4569,6.60117818577348
*CCCCCCCCCCOc1cccc(OC(=O)c2ccc(C(=O)Oc3cccc(O*)c3)cc2)c1,egc,3.4495,4.110266889948322
*CCCCCCCCCC[n+]1ccc(-c2cc[n+](*)cc2)cc1,egc,2.5264,2.222615772347609
*CCCCCCCCCCc1nnc(*)n1N,egc,5.6319,5.476333591843626
*CCCCCCCCCCc1nnc(*)o1,egc,6.3926,6.37604304339332
*CCCCCCCCCCn1c(=O)c2cc3c(=O)n(*)c(=O)c3cc2c1=O,egc,3.7892,3.8173989449362957
*CCCCCCCCCNC(=O)CCC=CCCC(=O)N*,egc,5.6551,5.4477047910063785
*CCCCCCCCCNC(=O)CCCCC(=O)N*,egc,5.6864,5.83380923796733
*CCCCCCCCCNC(=O)CCCCCCCC(=O)N*,egc,5.928,5.855886924472103
*CCCCCCCCCNC(=O)CCCCCCCCCCCC(=O)N*,egc,5.7342,5.972665113354192
*CCCCCCCCCNC(=O)NCCCCCCCNC(=O)N*,egc,5.422,5.780649781706823
*CCCCCCCCCNC(=O)NCCCCCCNC(=O)N*,egc,5.7131,5.674207062995215
*CCCCCCCCCO*,egc,6.1351,6.163180339464138
*CCCCCCCCCOC(=O)c1ccc(NC(=O)CCCCCCCCC(=O)Nc2ccc(C(=O)O*)cc2)cc1,egc,4.1632,4.4898853998642245
*CCCCCCCCCOC(=O)c1ccc2cc(C(=O)O*)ccc2c1,egc,3.7681,3.968540742495217
*CCCCCCCCCOCO*,egc,6.4692,6.526446733137372
*CCCCCCCCCOc1ccc(C=CC=Cc2ccc(O*)cc2)cc1,egc,3.5795,3.63485691394737
*CCCCCCCCCc1nc2ccc(-c3ccc4nc(*)oc4c3)cc2o1,egc,4.1522,4.408209453823008
*CCCCCCCCCn1c(=O)c2cc3c(=O)n(*)c(=O)c3c(Br)c2c1=O,egc,3.5814,3.2971330972039126
*CCCCCCCCCn1c(=O)c2cc3c(=O)n(*)c(=O)c3cc2c1=O,egc,3.7854,3.8096756360827397
*CCCCCCCCN1C(=O)CC(C2C=C(C)C3C(=O)N(*)C(=O)C3C2)C1=O,egc,5.4303,4.919110749288635
*CCCCCCCCN1C(=O)c2ccc3c4ccc5c6c(ccc(c7ccc(c2c37)C1=O)c64)C(=O)N(*)C5=O,egc,2.0224,2.359479123758968
*CCCCCCCCNC(=O)C(CCCCCCCCCCCC)C(=O)N*,egc,5.9457,5.859755606629411
*CCCCCCCCNC(=O)CC(=O)N*,egc,6.004,5.917322494136535
*CCCCCCCCNC(=O)CCC=CCCC(=O)N*,egc,5.2366,5.682549335011508
*CCCCCCCCNC(=O)CCCCCCCCCCC(=O)N*,egc,5.8323,5.934553446097177
*CCCCCCCCNC(=O)CCCCCCCCCCCCC(=O)N*,egc,5.9612,5.89759601852893
*CCCCCCCCNC(=O)NCCCCCCNC(=O)N*,egc,5.7995,5.59438277332286
*CCCCCCCCO*,egc,6.1709,6.099262179335774
*CCCCCCCCOC(=O)CCCCCCC(=O)O*,egc,6.7527,6.796379033997661
*CCCCCCCCOC(=O)O*,egc,7.3252,7.234161194407618
*CCCCCCCCc1nc(-c2ccc(-c3csc(*)n3)cc2)cs1,egc,3.6182,4.027261374647314
*CCCCCCCCc1nc2cc(-c3ccc4oc(*)nc4c3)ccc2o1,egc,4.6999,4.213126991600355
*CCCCCCCCc1nnc(*)o1,egc,6.3765,6.295158678051323
*CCCCCCCNC(=O)C(OC)C(OC)C(=O)N*,egc,5.7148,5.590903100753962
*CCCCCCCNC(=O)C=CCCC=CC(=O)N*,egc,5.3907,4.921104640577432
*CCCCCCCNC(=O)CCCCCCCC(=O)N*,egc,5.8296,5.940172245059509
*CCCCCCCNC(=O)CCCCCCCCCC(=O)N*,egc,5.7365,5.934863349864219
*CCCCCCCNC(=O)CCCCCCCCCCCCCCCCCCC(=O)N*,egc,5.9137,5.879052249455382
*CCCCCCCNC(=O)c1cccc(C(=O)N*)c1,egc,4.8667,4.973965134949198
*CCCCCCCOC(=O)C(=O)O*,egc,5.2465,5.674545464207799
*CCCCCCCOC(=O)NCCCCCCNC(=O)O*,egc,6.2664,6.359380373732611
*CCCCCCCOc1ccc(C=CC=Cc2ccc(O*)c(C)c2)cc1C,egc,3.4306,3.188152417237723
*CCCCCCCc1nc2ccc(-c3ccc4nc(*)[nH]c4c3)cc2[nH]1,egc,4.2077,3.760134739460816
*CCCCCCCc1nc2ccc(-c3ccc4nc(*)oc4c3)cc2o1,egc,4.0726,4.205018046591422
*CCCCCCCc1nnc(*)n1N,egc,5.5167,5.646495624651266
*CCCCCCCc1nnc(*)o1,egc,6.3125,6.262887634802626
*CCCCCCCc1nnc(-c2ccc(-c3nnc(*)o3)cc2)o1,egc,3.843,4.409517480135472
*CCCCCCCc1nnc(CCCCc2nnc(*)o2)o1,egc,6.3226,4.844307947675699
*CCCCCCN(C)C(=O)CCC(=O)N(*)C,egc,5.3815,5.512873923015683
*CCCCCCN(C)C(=O)CCCCCCCCCCC(=O)N(*)C,egc,5.5795,5.218542872497388
*CCCCCCN(CC)C(=O)CCCCCCCCCCCCCCCCC(=O)N(*)CC,egc,5.5078,5.352538199252989
*CCCCCCNC(=O)C(CC)CC(CC)C(=O)N*,egc,5.6687,5.690807846369061
*CCCCCCNC(=O)C(CCCCCCCCCCCCCCC)C(=O)N*,egc,5.9375,5.902417245607468
*CCCCCCNC(=O)C(O)C(O)C(O)C(O)C(=O)N*,egc,5.9698,5.758752837401362
*CCCCCCNC(=O)C1CC1(C)C(=O)N*,egc,6.1739,5.790192966601529
*CCCCCCNC(=O)CC(=O)N*,egc,5.7541,5.927213156863493
*CCCCCCNC(=O)CCCC(=O)O*,egc,5.9363,6.185132181350309
*CCCCCCNC(=O)CCCCCC(=O)N*,egc,5.936,5.8936673739271725
*CCCCCCNC(=O)CCCCCCC(=O)N*,egc,5.7328,5.837482535499439
*CCCCCCNC(=O)CCCCCCCC(=O)N*,egc,5.6457,5.851534936707611
*CCCCCCNC(=O)CCCCCCCCC(=O)N*,egc,6.0268,5.812190466446082
*CCCCCCNC(=O)CCCCCCCCCCCCCCC(=O)N*,egc,5.9557,5.964606486598582
*CCCCCCNC(=O)CCCCCCCCCCCCCCCCC(=O)N*,egc,5.8888,5.8911070295481744
*CCCCCCNC(=O)CCP(=O)(CCC(=O)N*)c1ccccc1,egc,4.8862,4.841704428710237
*CCCCCCNC(=O)CCP(C)(=O)CCC(=O)N*,egc,5.99,5.838675874078629
*CCCCCCNC(=O)N*,egc,5.7413,5.805763814772658
*CCCCCCNC(=O)NCCCCCNC(=O)N*,egc,5.9068,5.493084712876247
*CCCCCCNC(=O)NCCCCNC(=O)N*,egc,5.3951,5.783472538909281
*CCCCCCNC(=O)NCCCNC(=O)N*,egc,5.6415,5.624713345814841
*CCCCCCNC(=O)c1c(F)c(F)c(C(=O)N*)c(F)c1F,egc,4.7431,4.552937441719146
*CCCCCCNC(=O)c1cccc(C(=O)N*)c1,egc,5.0813,4.95049489834231
*CCCCCCO*,egc,6.1189,6.091721067616046
*CCCCCCOC(=O)C1CCC(C(=O)O*)CC1,egc,6.5806,6.722720051283022
*CCCCCCOC(=O)CC(=O)O*,egc,7.0433,6.632081862144367
*CCCCCCOC(=O)CCC(=O)O*,egc,6.7086,6.684188297102712
*CCCCCCOC(=O)CCCC(=O)O*,egc,6.6665,6.781555157668341
*CCCCCCOC(=O)CCCCCCCC(=O)O*,egc,6.8043,6.690309466974036
*CCCCCCOC(=O)CCCCCNC(=O)CCCCC(=O)NCCCCCC(=O)O*,egc,5.8108,5.89175937603062
*CCCCCCOC(=O)CCCCCNC(=O)O*,egc,6.4222,6.355168188921176
*CCCCCCOC(=O)CCCCS(=O)(=O)CCCCC(=O)O*,egc,6.5053,6.774437893773333
*CCCCCCOC(=O)CCCCSCCCCC(=O)O*,egc,5.2687,5.291265178878398
*CCCCCCOC(=O)NCC(F)(F)C(F)(F)C(F)(F)C(F)(F)CNC(=O)O*,egc,6.7703,6.549968480255329
*CCCCCCOC(=O)NCCCCCCCCCCNC(=O)O*,egc,6.321,6.296888223004978
*CCCCCCOC(=O)NCCCCCCNC(=O)O*,egc,6.343,6.422793699180966
*CCCCCCOC(=O)NCCCCNC(=O)O*,egc,6.3921,6.2797078881399555
*CCCCCCOC(=O)NCCCNC(=O)O*,egc,6.0865,6.295697662076755
*CCCCCCOC(=O)NCCSCCCCCSCCNC(=O)O*,egc,5.2279,5.415338090759612
*CCCCCCOC(=O)NCCSCCCCSCCNC(=O)O*,egc,5.4298,5.304182795124738
*CCCCCCOC(=O)NCCSCCSCCNC(=O)O*,egc,5.3918,5.472964302656404
*CCCCCCOC(=O)Nc1ccc(C)c(NC(=O)O*)c1,egc,5.2905,4.828610041324897
*CCCCCCOC(=O)O*,egc,7.3901,7.307136294101826
*CCCCCCOC(=O)OCCCCCCCCOC(=O)OCCCCCCOc1ccc(Oc2ccc(O*)cc2)cc1,egc,4.4708,4.4134575512963865
*CCCCCCOC(=O)OCCCCCCCCOC(=O)OCCCCCCn1c(=O)c2cc3c(=O)n(*)c(=O)c3cc2c1=O,egc,3.7768,3.196510980378434
*CCCCCCOC(=O)OCCCCCCOC(=O)OCCCCCCOc1ccc(C(=O)c2ccc(O*)cc2)cc1,egc,4.1722,4.158072924434563
*CCCCCCOC(=O)OCCCCCCOC(=O)OCCCCCCOc1ccc(Oc2ccc(O*)cc2)cc1,egc,4.3261,4.502852355034935
*CCCCCCOC(=O)SC(=O)O*,egc,5.9655,4.724474372089216
*CCCCCCOC(=O)SNc1ccc(Cc2ccc(NSC(=O)O*)cc2)cc1,egc,4.1148,4.072010301018648
*CCCCCCOCO*,egc,6.7419,6.489833092417608
*CCCCCCOc1ccc(C(=O)N(C(=O)c2ccc(O*)cc2)c2ccccc2)cc1,egc,3.9898,3.938750101063872
*CCCCCC[N+](*)(C)C,egc,0.0205,2.1651787261170736
*CCCCCC[N+](C)(C)CCC[N+](*)(C)C,egc,0.2161,1.9988212896167097
*CCCCCCn1c(=O)c2cc3c(=O)n(*)c(=O)c3cc2c1=O,egc,3.8389,3.7961727643988024
*CCCCCCn1ccc(-c2ccc(-c3ccn(*)n3)cc2)n1,egc,4.0274,3.767989305678916
*CCCCCN1C(=O)c2ccc3c4ccc5c6c(ccc(c7ccc(c2c37)C1=O)c64)C(=O)N(*)C5=O,egc,1.9902,2.380532971152247
*CCCCCNC(=O)C(CCCCCCCCCCCC)C(=O)N*,egc,5.7457,5.944062438174615
*CCCCCNC(=O)CC(=O)N*,egc,5.7523,5.774455560628504
*CCCCCNC(=O)CCCCCC(=O)N*,egc,5.9272,5.944591094640417
*CCCCCNC(=O)CCCCCCC(=O)N*,egc,5.9286,5.92025972092438
*CCCCCNC(=O)CCCCCCCCC(=O)N*,egc,5.6828,5.891389954486692
*CCCCCNC(=O)CCCCCCCCCCCCCCCCC(=O)N*,egc,5.855,5.970791816406409
*CCCCCNC(=O)CCCCCCCCCCCCCCCCCCC(=O)N*,egc,5.895,5.945733364657385
*CCCCCNC(=O)CCCCCCCCOCCCCCCCCC(=O)NCCCCCO*,egc,5.9278,5.655927757166911
*CCCCCNC(=O)N*,egc,5.6754,5.775430588936541
*CCCCCNC(=O)O*,egc,6.3761,6.061672990945449
*CCCCCNC(=S)N*,egc,4.4944,4.027208359134008
*CCCCCOC(=O)C(=O)O*,egc,5.5658,5.714645650075131
*CCCCCOC(=O)CCCCCNC(=O)O*,egc,6.3976,6.344831505948305
*CCCCCOC(=O)CCCCS(=O)(=O)CCCCC(=O)O*,egc,6.9262,6.400539524766123
*CCCCCOC(=O)CCCCSCCCCC(=O)O*,egc,5.2896,5.394382156809159
*CCCCCOC(=O)NC(=O)C1CC1C(=O)NC(=O)O*,egc,6.0047,5.610905925324342
*CCCCCOC(=O)NC1CC1NC(=O)O*,egc,6.2104,6.427507772511058
*CCCCCOC(=O)NCC(F)(F)C(F)(F)C(F)(F)C(F)(F)CNC(=O)O*,egc,6.5795,6.78892338377221
*CCCCCOC(=O)NCCCCCCNC(=O)O*,egc,6.4123,6.356463232882361
*CCCCCOC(=O)NCCSCCCCCCSCCNC(=O)O*,egc,5.1243,5.396396805917426
*CCCCCOC(=O)NCCSCCCCCSCCNC(=O)O*,egc,5.3077,5.3878897956780385
*CCCCCOC(=O)NCCSCCCCSCCNC(=O)O*,egc,5.2673,5.297353888249866
*CCCCCOC(=O)NCCSCCSCCNC(=O)O*,egc,5.3739,5.527918930908625
*CCCCCOC(=O)NNC(=O)CCCCCCCCC(=O)NNC(=O)O*,egc,5.6607,5.723200559369292
*CCCCCOC(=O)O*,egc,7.3186,7.330302067048087
*CCCCCOCO*,egc,6.5668,6.552305466059614
*CCCCCc1nc2cc3sc(*)nc3cc2s1,egc,4.2723,4.043118832836349
*CCCCCc1nnc(*)o1,egc,6.1707,6.206606781781357
*CCCCNC(=O)C(=O)N*,egc,5.1306,5.626437733780713
*CCCCNC(=O)CC(=O)N*,egc,5.9986,5.728077440923539
*CCCCNC(=O)CCC=CCCC(=O)N*,egc,5.5356,5.697083358392748
*CCCCNC(=O)CCCCCCC(=O)N*,egc,6.0697,5.9429155836933685
*CCCCNC(=O)CCCCCCC(=O)NCCCCNC(=O)C(=O)N*,egc,4.7855,5.412299244494535
*CCCCNC(=O)CCCCCCCCCC(=O)N*,egc,5.9628,5.7065148660490586
*CCCCNC(=O)CCCCCCCCCCCCCCC(=O)N*,egc,6.0415,5.9555466767599565
*CCCCNC(=O)CCCCCCCCCCCCCCCCC(=O)N*,egc,6.0758,5.900896691564555
*CCCCNC(=O)NCCCCCCNC(=O)O*,egc,5.9887,5.7005602715534796
*CCCCNC(=O)c1cccc(C(=O)N*)c1,egc,5.1173,5.073780893724495
*CCCCOC(=O)C1C(=O)C2CCC1C(=O)C2C(=O)O*,egc,5.3882,5.805044831899705
*CCCCOC(=O)CC(=O)O*,egc,6.6946,6.638276241797605
*CCCCOC(=O)CCCCC(=O)O*,egc,6.8238,6.741331180347716
*CCCCOC(=O)CCCCCCCCC(=O)O*,egc,6.818,6.77793623239551
*CCCCOC(=O)CCCCS(=O)(=O)CCCCC(=O)O*,egc,6.544,6.457153149149195
*CCCCOC(=O)CCCCSCCCCC(=O)O*,egc,5.4021,5.340418831197137
*CCCCOC(=O)Cc1ccc(CC(=O)O*)cc1,egc,5.4635,5.270782274167303
*CCCCOC(=O)NC1CCC(CC2CCC(NC(=O)O*)CC2)CC1,egc,6.1232,6.204842319995496
*CCCCOC(=O)NCCCCNC(=O)O*,egc,6.3043,6.257073230285835
*CCCCOC(=O)NCCNC(=O)O*,egc,6.2788,6.3234383631011415
*CCCCOC(=O)NCCSCCSCCNC(=O)O*,egc,5.7445,5.326983198117386
*CCCCOC(=O)NCc1ccc(CNC(=O)O*)cc1,egc,5.6759,5.198195808044803
*CCCCOC(=O)NNC(=O)CCCCCCCCC(=O)NNC(=O)O*,egc,6.1019,5.696234901986407
*CCCCOC(=O)Nc1ccc(C)c(NC(=O)O*)c1,egc,4.832,5.215989634797937
*CCCCOC(=O)OCC1CCC(COC(=O)O*)CC1,egc,7.0222,6.958664020164206
*CCCCOC(=O)SC(=O)O*,egc,5.9582,4.676243610268386
*CCCCOC(=O)SNCCCCCCNSC(=O)O*,egc,5.4377,5.052220391195695
*CCCCOC(=O)SSC(=O)O*,egc,4.2442,5.001063861470586
*CCCCOC(=O)SSSC(=O)O*,egc,3.9747,4.5212633445848205
*CCCCOC(=O)SSSSC(=O)O*,egc,4.6274,4.0247846461041155
*CCCCOC(=O)c1cccc(C(=O)O*)c1,egc,5.1711,5.016397946344856
*CCCCOc1ccc(C(=O)OC(=O)c2ccc(O*)cc2)cc1,egc,4.2843,4.34718654108898
*CCCCOc1ccc(C=C2CCC(=Cc3ccc(O*)cc3)C2=O)cc1,egc,2.9446,3.2274402941119655
*CCCCOc1ccc(OC(=O)c2ccc(C(=O)Oc3ccc(O*)cc3)c(C(=O)OCC=C)c2)cc1,egc,3.1899,3.902532287343298
*CCCCc1nc(-c2ccc(-c3csc(*)n3)cc2)cs1,egc,3.7312,3.6530726374998794
*CCCCc1nnc(*)n1N,egc,5.3914,5.642043709114304
*CCCCc1nnc(*)o1,egc,6.3699,6.167231882699321
*CCCN(*)C,egc,4.8968,4.134941702339925
*CCCN(*)C(C)=O,egc,5.7364,5.4890299768982915
*CCCN*,egc,5.2088,4.768021868521841
*CCCNC(=O)CCC=CCCC(=O)N*,egc,5.7523,5.470283451430061
*CCCNC(=O)CCCCC(=O)NCCCO*,egc,5.8321,5.743535948431944
*CCCNC(=O)CCCCCCCCC(=O)NCCCOCCO*,egc,5.9244,5.851262769276246
*CCCNC(=O)CCCCCCCCCCCCCCCCCCC(=O)N*,egc,5.894,5.952731376276542
*CCCNC(=O)NCCCCCCNC(=O)O*,egc,5.4226,5.769317497775635
*CCCNC(=O)c1cccc(C(=O)N*)c1,egc,4.8185,5.100687757318095
*CCCO*,egc,6.2459,6.118182739216087
*CCCOC(=O)C(=O)O*,egc,5.7163,5.732463524625531
*CCCOC(=O)C1CCC(C(=O)O*)CC1,egc,6.703,6.617165737485852
*CCCOC(=O)CC(=O)O*,egc,6.6256,6.617293440586933
*CCCOC(=O)CCC(=O)O*,egc,6.805,6.541200157210771
*CCCOC(=O)CCC(C)CC(=O)O*,egc,6.7963,6.689728867476145
*CCCOC(=O)CCCC(=O)O*,egc,6.7627,6.709832612598122
*CCCOC(=O)CCCCCCC(=O)O*,egc,6.9244,6.784767014011522
*CCCOC(=O)CCCCCCCCC(=O)O*,egc,6.8385,6.822269095501457
*CCCOC(=O)CCCCCCCCCC(=O)O*,egc,6.7744,6.811644671757535
*CCCOC(=O)CCCCCCCCCCCCCCCCC(=O)O*,egc,6.9154,6.725688479360523
*CCCOC(=O)CCCCSCCCCC(=O)O*,egc,5.3966,5.400869627054343
*CCCOC(=O)COCC(=O)O*,egc,6.0368,6.251165487252112
*CCCOC(=O)Cc1ccc(CC(=O)O*)cc1,egc,5.2766,5.391442546398686
*CCCOC(=O)N1CCC(*)CC1,egc,5.7499,5.94486956278386
*CCCOC(=O)NCCCCCCNC(=O)O*,egc,6.2372,6.2461099812474865
*CCCOCCOCCOC(=O)Nc1ccc(C)c(NC(=O)O*)c1,egc,5.0994,4.729056436430541
*CCCOc1ccc(C(=O)OC(=O)c2ccc(O*)cc2)cc1,egc,4.317,4.329612978748388
*CCCP(C)(=O)CCCNC(=O)CCCCCCCCC(=O)N*,egc,5.7831,5.52861011188552
*CCCP(CCCCCCCC)CCCNC(=O)CCCCC(=O)N*,egc,4.7376,5.617511913099733
*CCCP(CCCNC(=O)C(=O)N*)c1ccccc1,egc,4.5841,4.719404735463806
*CCCP(CCCNC(=O)CCCCC(=O)N*)CC(C)C,egc,5.1348,5.584851251423659
*CCCP(CCCNC(=O)CCCCCCCCC(=O)N*)c1ccccc1,egc,4.6632,4.375758247599998
*CCCS(=O)(=O)CCCCS(=O)(=O)CCCOC(=O)O*,egc,6.4999,6.106903463578609
*CCC[Si](C)(C)O[Si](C)(C)CCCn1c(=O)c2cc3c(=O)n(*)c(=O)c3cc2c1=O,egc,3.5354,3.248971245414103
*CCCc1ccc(*)cc1,egc,4.9932,4.938232457809664
*CCCc1ccc(*)s1,egc,4.7481,4.167008254134349
*CCCc1nc2cc3sc(*)nc3cc2s1,egc,4.1967,4.004835817516353
*CCN(*)C(=O)CO,egc,5.9405,5.615705254057305
*CCN(*)C(=O)c1c(F)cc(F)c(F)c1F,egc,4.9884,4.477156312377895
*CCN(*)C(=O)c1c(F)cccc1F,egc,4.4989,4.790913369775299
*CCN(*)C(=O)c1cc(F)ccc1F,egc,4.4693,4.7058737880703845
*CCN(*)C(=O)c1ccc(F)c(F)c1,egc,5.106,4.563292141782243
*CCN(*)C(=O)c1ccc(F)cc1,egc,5.1588,4.652222112119463
*CCN(*)C(=O)c1ccc(OC)cc1,egc,5.0115,4.628332287963924
*CCN(*)Cc1ccccc1,egc,3.8139,4.90264787032067
*CCN(CCCC(=O)Nc1ccc(N=Nc2ccccc2)cc1)CCOC(=O)NCC1CCCC(CNC(=O)O*)C1,egc,3.1195,4.189130025553803
*CCN(CCOC(=O)C=Cc1ccc(C=CC(=O)O*)cc1)c1ccc(N=Nc2ccc([N+](=O)[O-])cc2)cc1,egc,2.3089,2.8644864324584414
*CCN(CCOC(=O)Nc1ccc(C)c(NC(=O)O*)c1)c1ccc(-c2c(NCCCO)c(=O)c2=O)cc1,egc,3.2653,3.4761493278736575
*CCN(CCOC(=O)Nc1ccc(Cc2ccc(NC(=O)O*)cc2)cc1)c1ccccc1,egc,4.1239,4.017858215534707
*CCN(CCOC(=O)c1cccc(C(=O)O*)c1)c1ccccc1,egc,3.0504,4.446563238201518
*CCN1C(=O)C(=CC=C2SC(=S)N(*)C2=O)SC1=S,egc,2.2801,3.314508708181669
*CCN1C(=O)C(=CCCCC=C2SC(=S)N(*)C2=O)SC1=S,egc,3.4576,2.974127306103131
*CCNC(=O)C(OC)C(OC)C(=O)N*,egc,5.4257,5.615227596496961
*CCNC(=O)CCCCC(=O)N*,egc,5.8254,5.84928674576708
*CCNC(=O)CCCCCCCCC(=O)N*,egc,5.9828,5.976515971081853
*CCNC(=O)CCCCCCCCCCC(=O)N*,egc,5.5657,5.956269650479932
*CCNC(=O)CCCCCCCCCCCCCCC(=O)N*,egc,5.9522,5.915657191621632
*CCNC(=O)CCP(C)(=O)CCC(=O)N*,egc,6.0568,5.482374396790928
*CCNC(=O)NCCCCCCNC(=O)O*,egc,5.6117,5.856326247694553
*CCNC(=O)c1ccc(O*)cc1,egc,5.0314,4.833845219338153
*CCNC(=O)c1cccc(O*)c1,egc,4.5918,4.893366323629818
*CCN[Si](C)(C)N*,egc,4.8016,4.997930176591434
*CCNc1ccc(*)cc1,egc,4.1674,4.199178173714806
*CCNc1ccc(*)s1,egc,3.9675,4.321036821597751
*CCO*,egc,5.5372,6.34527703926164
*CCOC(=O)C(=O)O*,egc,6.5784,5.3526103399477645
*CCOC(=O)C1C2C=CC(C2)C1C(=O)O*,egc,5.7779,5.30866616067716
*CCOC(=O)C=CC(=O)O*,egc,4.8762,5.15108365111016
*CCOC(=O)CC(=O)O*,egc,6.8494,6.478201396215816
*CCOC(=O)CCC(=O)O*,egc,6.5377,6.645435162219276
*CCOC(=O)CCCCCC(=O)O*,egc,6.8822,6.678720052213672
*CCOC(=O)CCCCCCC(=O)O*,egc,6.9025,6.7238365853616395
*CCOC(=O)CCCCCCCCC(=O)O*,egc,6.8048,6.8343456116097085
*CCOC(=O)COCC(=O)O*,egc,6.1826,6.108201516222321
*CCOC(=O)CSC(=O)Nc1ccc(Cc2ccc(NC(=O)SCC(=O)O*)cc2)cc1,egc,4.3268,4.288411736412829
*CCOC(=O)Cc1ccc(CC(=O)O*)cc1,egc,5.1252,5.399268600556696
*CCOC(=O)N(C)c1ccc(C)c(N(C)C(=O)O*)c1,egc,5.1683,4.753457310535789
*CCOC(=O)NC1CCC(NC(=O)O*)CC1,egc,6.3209,6.19120074839222
*CCOC(=O)NCCCCCCCCCNC(=O)O*,egc,6.3118,6.4070733960667186
*CCOC(=O)NCCOCCOCCNC(=O)O*,egc,6.1403,6.0797828522744215
*CCOC(=O)NCCSCCCCSCCNC(=O)O*,egc,5.1396,5.487223594120235
*CCOC(=O)NNC(=O)CCCCCCCCC(=O)NNC(=O)O*,egc,5.8878,6.040255824025127
*CCOC(=O)Nc1cc(NC(=O)O*)ccc1C,egc,5.1142,4.9397845333709025
*CCOC(=O)Nc1ccc(-c2ccc(NC(=O)O*)c(C)c2)cc1C,egc,4.3385,4.124079081716853
*CCOC(=O)Nc1ccc(NC(=O)O*)cc1,egc,4.8391,4.908798103518618
*CCOC(=O)Nc1cccc(NC(=O)O*)c1,egc,5.098,4.950231983634041
*CCOC(=O)Nc1cccc2c(NC(=O)O*)cccc12,egc,3.9352,3.9611194935693725
*CCOC(=O)c1ccc(C(=O)O*)c2c1CC2,egc,4.3335,4.918466160773236
*CCOC(=O)c1ccc(C(=O)O*)cc1,egc,4.6867,4.8601337889600895
*CCOC(=O)c1ccc(C2(C)CC(C)(C)c3ccc(C(=O)O*)cc32)cc1,egc,4.3486,4.346239903665856
*CCOC(=O)c1ccc(NC(=O)CCCCCCCC(=O)Nc2ccc(C(=O)O*)cc2)cc1,egc,4.188,4.488671970218286
*CCOC(=O)c1ccc(O*)c(C)c1,egc,4.4876,4.4690155483970475
*CCOC(=O)c1ccc(O*)cc1Cl,egc,4.6773,3.999794862991654
*CCOC(=O)c1ccc2ccc(C(=O)O*)cc2c1,egc,3.9507,3.9561984697315062
*CCOC(=S)NC(=S)c1ccc(N*)cc1,egc,2.7606,3.1383065598763733
*CCOCCOC(=O)C(C)C(=O)O*,egc,6.4398,6.0693395585330485
*CCOCCOC(=O)C(CCCCCCC)C(=O)O*,egc,6.4036,6.250091210786371
*CCOCCOC(=O)C=CC(=O)NCCCCCCNC(=O)C=CC(=O)O*,egc,3.8434,4.730049447054058
*CCOCCOC(=O)CCC(=O)O*,egc,6.5538,6.329655958008564
*CCOCCOC(=O)CCC(C)CC(=O)O*,egc,6.43,6.521614066482667
*CCOCCOC(=O)CCCC(=O)O*,egc,6.4269,6.4705209972161395
*CCOCCOC(=O)CCCCCCCC(=O)O*,egc,6.5091,6.637506300743464
*CCOCCOC(=O)CCSCCC(=O)O*,egc,5.4283,5.684689551133795
*CCOCCOC(=O)COCC(=O)O*,egc,5.9381,6.179360599390273
*CCOCCOC(=O)NCCNC(=O)O*,egc,6.3071,6.087388700136598
*CCOCCOC(=O)c1ccc(NC=Nc2ccc(C(=O)O*)cc2)cc1,egc,4.1569,3.982573331064373
*CCOCCOC(=O)c1cccc(C(=O)O*)c1,egc,4.8122,4.993585778733016
*CCOCCOCC#CC#CCOCCOCCOC(=O)NCCCCCCNC(=O)O*,egc,4.9082,5.522787893557429
*CCOCCOCCOC(=O)C=CC(=O)NCCCCCCNC(=O)C=CC(=O)O*,egc,4.4951,4.192780334665777
*CCOCCOCCOC(=O)CC(=O)O*,egc,5.6203,6.34969425039387
*CCOCCOCCOC(=O)CCC(=O)O*,egc,6.2323,5.954190842259024
*CCOCCOCCOC(=O)CCCCC(=O)O*,egc,6.384,6.33102679606472
*CCOCCOCCOC(=O)CCCCCCCCC(=O)O*,egc,6.1436,6.6329176946749095
*CCOCCOCCOC(=O)COCC(=O)O*,egc,6.0666,6.072662299199741
*CCOCCOCCOC(=O)CSC(=O)Nc1ccc(C)c(NC(=O)SCC(=O)O*)c1,egc,4.461,4.458140260475818
*CCOCCOCCOC(=O)NCCCCCCNC(=O)O*,egc,6.2098,6.130947606770958
*CCOCCOCCOC(=O)c1cccc(C(=O)O*)c1,egc,4.9478,4.861108193748916
*CCOCCOCCOC(=O)c1ccccc1C(=O)O*,egc,4.8493,4.725416392579858
*CCOCCOCCOCCOC(=O)CCSCCC(=O)O*,egc,5.3735,5.2008766233832535
*CCOCCOCCOCCOC(=O)NCCCCCCNC(=O)O*,egc,6.0228,5.872499516412081
*CCOCCOCCOCCOCCOc1ccc(C(=O)Nc2cc(NC(=O)c3ccc(O*)cc3)cc(-c3nc4ccccc4[nH]3)c2)cc1,egc,3.9357,3.428103573615719
*CCOCCOCCOCCOCCOc1ccc(C=C(C)c2ccc(O*)cc2)cc1,egc,3.9391,3.769545930297434
*CCOCCOCCOc1ccc(C=C(C)c2ccc(O*)cc2)cc1,egc,3.8885,3.859925647850044
*CCOCCOc1ccc(NC=Nc2ccc(O*)cc2)cc1,egc,3.9725,3.7404595404651624
*CCOCO*,egc,6.6358,6.44576535545837
*CCON*,egc,5.6784,5.324159229626012
*CCOc1ccc(C(=O)OC(=O)c2ccc(C(=O)OC(=O)c3ccc(O*)c(OC)c3)cc2)cc1OC,egc,3.2659,4.0715359289248125
*CCOc1ccc(C(=O)OC(=O)c2ccc(O*)cc2)cc1,egc,4.4185,4.420431442685245
*CCOc1ccc(C(=O)OCCCCCCOC(=O)c2ccc(O*)cc2)cc1,egc,4.6906,4.521102508393023
*CCSCCO*,egc,5.5968,5.501021254345532
*CCSSCCO*,egc,5.6114,4.727871931713285
*CCSSSSCCO*,egc,4.5753,5.35704153090906
*CCc1c(C)c(C)c(*)c(C)c1C,egc,4.9544,4.565788001169736
*CCc1cc(Cl)c(*)c(Cl)c1,egc,5.1758,4.739130407111298
*CCc1ccc(*)c(C#N)c1,egc,4.7476,4.156402032704733
*CCc1ccc(*)c(Cl)c1Cl,egc,5.1237,4.753145309665963
*CCc1ccc(*)o1,egc,4.9056,4.558806606833375
*CCc1ccc(C(*)=S)cc1,egc,2.742,2.9354742930275743
*CCc1ccc(Cc2ccc(CCS*)cc2)cc1,egc,4.9003,4.1766815633597965
*CCc1ccc(O*)cc1,egc,4.9179,4.699559025307597
*CCc1ccc(O*)s1,egc,4.8828,4.297687735868584
*CCc1cnc(*)cn1,egc,4.5671,4.548917918689325
*CCc1nc(-c2ccc(-c3csc(*)n3)cc2)cs1,egc,3.7563,3.7158762191045223
*CCc1nnc(*)n1N,egc,5.722,4.9148868748901045
*CNC(=O)CCCC(=O)N*,egc,6.1798,5.84265444154011
*CNC(=O)CCCCCC(=O)N*,egc,5.7012,5.861403841248008
*CNC(=O)CCCCCCCCC(=O)N*,egc,6.1742,5.9583012181168735
*CNC(=O)NCOCO*,egc,6.2147,5.96149316617286
*CNC(=O)OCc1ccc(COCc2ccc(COC(=O)NCc3ccc(C(C)(C)c4ccc(*)o4)o3)o2)o1,egc,4.4843,4.103922143108939
*CNC(=O)ONC(=O)NO*,egc,6.8117,5.71186826816642
*CNC(=S)N*,egc,4.2179,3.94337015987367
*CNC(=S)O*,egc,4.6235,4.4554437555511095
*CNC(=S)c1ccc(*)cc1,egc,3.4579,3.1051085007453665
*CNCCNC(=O)OC*,egc,5.81,6.238614643135477
*CNCN*,egc,5.1634,5.677394692335888
*CNCNC(=O)NC(=O)N*,egc,6.2347,5.042351338859053
*CNON*,egc,5.3302,6.323715968226662
*CNOc1ccc(*)cc1,egc,4.831,4.587639887228495
*CNOc1ccc(*)s1,egc,4.5017,4.191643372163238
*CNc1ccc(C(*)=O)cc1,egc,3.6383,4.041339924778525
*CNc1ccc(C(*)=O)s1,egc,3.1504,4.126513875923167
*CNc1ccc(N*)s1,egc,4.2825,3.9968287358394106
*CNc1ccc(O*)cc1,egc,4.3424,3.9659098224666045
*CO*,egc,6.6048,5.988926490236684
*COC(=O)NCCCCCCNC(=O)OCc1cccc(*)n1,egc,5.1146,5.076719756589325
*COC(=S)O*,egc,4.8041,3.7698328088638493
*COC1CC2CC(O*)C1C2,egc,5.9517,5.907360764552024
*COC1CCC(*)OC1,egc,5.6324,6.087027738377928
*COC1CCC(O*)CC1,egc,6.3134,5.938863360138897
*COCOc1ccc(C(=O)OC(=O)c2ccc(O*)cc2)cc1,egc,4.4493,4.419848569574742
*CONC(*)=O,egc,6.1048,5.807675136488384
*COc1ccc(C(=C(Cl)Cl)c2ccc(O*)cc2)cc1,egc,4.1966,3.1916888161737758
*COc1ccc(C(=O)OC(=O)c2ccc(O*)cc2)cc1,egc,4.3746,4.42284509241166
*COc1ccc(O*)s1,egc,4.8466,3.9466055046103903
*CS(=O)(=O)C1CC(*)C[N+](C)(C)C1,egc,0.1093,3.328083982390676
*CS*,egc,5.3464,4.799743159384078
*Cc1c(C)c(C)c(CNC(=O)CCCC(=O)N*)c(C)c1C,egc,5.2131,5.132205533914562
*Cc1c(O)c(C(C)=O)cc(CNC(=S)N*)c1OC,egc,3.7679,3.676692294328511
*Cc1cc(C23CC4CC(CC(C4)C2)C3)cc(CN(*)C)c1O,egc,4.5466,4.1842529683619265
*Cc1cc(COC(=O)Nc2ccc(Cc3ccc(NC(=O)O*)cc3)cc2)cc(C(C)(C)C)c1,egc,4.7039,4.41307759324175
*Cc1ccc(-c2ccc(-c3ccc(*)cc3)s2)cc1,egc,3.4745,3.367818512867438
*Cc1ccc(-c2ccc(-c3ccc(*)s3)cc2)s1,egc,3.3769,3.168851459456412
*Cc1ccc(-c2ccc(-c3ccc(*)s3)s2)s1,egc,3.0602,2.1262436743035957
*Cc1ccc(-c2ccc(C(*)=S)cc2)cc1,egc,2.9595,2.835686158757627
*Cc1ccc(-c2ccc(C(*)=S)cc2)s1,egc,2.7134,2.8112997303190252
*Cc1ccc(-c2ccc(C(*)=S)s2)cc1,egc,2.7839,2.7585530575661377
*Cc1ccc(-c2ccc(CSC(=O)CCC(=O)S*)cc2)cc1,egc,4.7843,3.9496925418699007
*Cc1ccc(-c2ccc(O*)s2)s1,egc,3.4793,2.9625920608005307
*Cc1ccc(C(=O)C(*)=S)cc1,egc,2.9385,2.767482326375564
*Cc1ccc(C(=O)N*)cc1,egc,5.0419,4.613599637532288
*Cc1ccc(C(=O)O*)cc1,egc,4.9209,4.828808021814189
*Cc1ccc(C(=O)c2ccc(*)s2)s1,egc,3.4685,3.134318832130422
*Cc1ccc(C(=S)O*)cc1,egc,3.4449,3.4176897601827845
*Cc1ccc(C(=S)c2ccc(*)s2)s1,egc,2.5715,2.6190344203061517
*Cc1ccc(CC(*)=S)s1,egc,3.2956,3.6147276890503104
*Cc1ccc(CN2CCN(*)C(C)C2)cc1,egc,4.6219,4.734949979130486
*Cc1ccc(CNC(=O)CCCCCCCCCCC(=O)N*)cc1,egc,5.2323,5.2642638406854285
*Cc1ccc(CNC(=O)CCCCCCCCCCCCCC(=O)N*)cc1,egc,5.2897,5.2395900273366065
*Cc1ccc(CNC(=O)CCCCCCCCCCCCCCCC(=O)N*)cc1,egc,5.288,5.329234446107745
*Cc1ccc(CNC(=O)CCCCCCCCCCCCCCCCCCCCC(=O)N*)cc1,egc,5.5873,5.3325890671257214
*Cc1ccc(CNC(=O)c2cccc(C(=O)N*)c2)cc1,egc,4.6753,4.434339881493332
*Cc1ccc(CNC(C)=N*)cc1,egc,4.9237,4.624387391317131
*Cc1ccc(CO*)cc1,egc,4.9575,4.950377293562405
*Cc1ccc(CO*)s1,egc,4.6049,4.486796990975423
*Cc1ccc(COC(=O)CC(=O)O*)cc1,egc,5.5783,5.227555520711523
*Cc1ccc(COC(=O)CCC(=O)O*)cc1,egc,5.464,5.476970267539764
*Cc1ccc(COC(=O)CCCC(=O)O*)cc1,egc,5.4521,5.4695569597365035
*Cc1ccc(COC(=O)CCCCCCCCCCCCCCCCCCC(=O)O*)cc1,egc,5.5452,5.438057674563214
*Cc1ccc(COC(=O)CCCCSCCCCC(=O)O*)cc1,egc,4.7687,4.7649470891447505
*Cc1ccc(COC(=O)O*)cc1,egc,5.5423,5.185003638656039
*Cc1ccc(CSSSS*)cc1,egc,4.3206,3.8927077400462746
*Cc1ccc(C[n+]2ccc(-c3cc[n+](*)cc3)cc2)cc1,egc,2.0993,2.3338987255129378
*Cc1ccc(Cc2ccc(*)cc2)cc1,egc,5.1689,4.4957575675741985
*Cc1ccc(Nc2ccc(*)cc2)cc1,egc,4.3854,3.902518948131243
*Cc1ccc(Nc2ccc(*)s2)cc1,egc,4.4366,3.891233432995883
*Cc1ccc(Nc2ccc(*)s2)s1,egc,4.1254,3.2084851724445667
*Cc1ccc(OCOc2ccc(*)c3cccnc23)c2ncccc12,egc,3.5315,3.491772693528534
*Cc1ccc(Oc2ccc(*)s2)cc1,egc,4.5691,4.023874087440365
*Cc1cccc(CN(C)C(=O)CCCCC(=O)N(*)C)c1,egc,5.4868,5.044009766658393
*Cc1cccc(CNC(=O)C2=C(C(=O)N*)C3C=CC2C3)c1,egc,3.5629,4.232695373685568
*Cc1nc(-c2ccc(-c3csc(*)n3)cc2)cs1,egc,3.8894,3.677621923485779
*Cc1nc2cc3sc(*)nc3cc2s1,egc,3.8345,3.747490719003815
*N1C(=O)c2ccc(N3C(=O)C4CCC(C5CCC6C(=O)N(*)C(=O)C6C5)CC4C3=O)cc2C1=O,egc,4.0715,4.050118387047436
*N1CC(O)=C(C2C(=O)C3=C(C2=O)C(C)(F)N3*)C1=O,egc,3.4532,3.456988992842235
*N=C(N=C(NC(C)=O)NC(C)=O)N=C(*)OC(C)=O,egc,3.7327,4.592366677326751
*N=C1C(=Nc2ccc(*)cc2)c2cccc3cccc1c23,egc,2.1929,2.6594530706916553
*N=C1C=CC(*)C=C1C,egc,3.8461,2.8645245106326707
*N=C1C=CC(*)C=C1Cl,egc,4.0784,2.7550182663116245
*N=C1c2ccccc2C(=Nc2ccc(*)cc2)c2ccccc21,egc,1.6985,2.8676017547123362
*N=Cc1ccc(-c2ccc(C=Nc3ccc4c(c3)c3cc(*)ccc3n4CCCC)s2)s1,egc,2.8673,2.809621127368859
*N=Cc1ccc(C=Nc2sc(*)c(C#N)c2C#N)cc1,egc,1.5066,2.403670470630965
*N=NNc1ccc(NN=Nc2ccc(*)cc2)cc1,egc,1.9731,3.0484385821037616
*N=Nc1ccc(*)cc1,egc,1.7643,3.3880528213735306
*N=Nc1ccc(-c2ccc(*)c(C)c2)cc1C,egc,2.1369,2.9275152303261036
*N=P(*)(Cl)Cl,egc,3.9556,4.588042889750995
*N=P(*)(OCCC(=O)C=C)OCCC(=O)C=C,egc,3.9384,4.710650451961924
*NC(=O)C(=S)c1ccc(*)cc1,egc,2.9128,2.997091776429338
*NC(=O)C=CC(=O)Nc1nc(*)nc(N)n1,egc,3.896,3.872120679517504
*NC(=O)NC(*)=O,egc,3.9005,5.310655414838559
*NC(=O)NC(*)=S,egc,3.4559,3.086719645011609
*NC(=O)NCCCCCCNC(=O)Nc1cccc(*)n1,egc,4.99,4.570097462113192
*NC(=O)NO*,egc,5.5354,5.624043911868874
*NC(=O)Nc1ccc(*)s1,egc,3.228,4.061049466985513
*NC(=O)OC(*)=O,egc,5.6538,5.222492668376424
*NC(=O)Oc1ccc(*)cc1,egc,4.5955,4.7739717716923735
*NC(=O)c1ccc(-c2ccc(*)cc2)cc1,egc,3.3965,3.739399056112714
*NC(=O)c1ccc(-c2ccc(*)cc2)s1,egc,2.9223,3.1809747718533825
*NC(=O)c1ccc(-c2ccc(*)s2)cc1,egc,4.012,3.046450333868759
*NC(=O)c1ccc(O*)cc1,egc,4.6617,4.4296028187085925
*NC(=S)C(=O)O*,egc,2.4947,4.194398806427649
*NC(=S)NC(*)=S,egc,2.8537,3.188617834118794
*NC(=S)NO*,egc,3.4611,4.1866923740412565
*NC(=S)Nc1ccc(*)cc1,egc,3.4701,3.10216240676685
*NC(=S)c1ccc(O*)s1,egc,3.2187,3.282055043403666
*NC(C#N)=C(C#N)NC(=O)c1ccc(C(*)=O)cc1,egc,3.4817,3.645425950040825
*NC(C(*)=O)C(C)CC,egc,5.462,5.958035270505769
*NC(C(*)=O)C(Cc1ccccc1)c1c[nH]cn1,egc,4.764,4.130388425660998
*NC(C)(C)C(*)=O,egc,6.1893,5.371091286935389
*NC(C)(C)C(C)(C)C(*)=O,egc,5.4856,5.554638270464163
*NC(C)(CC)C(*)=O,egc,5.7479,5.765336151208837
*NC(C)=CC(*)=O,egc,3.6072,4.265385313609644
*NC(C)C(*)=O,egc,6.0729,5.661146057958361
*NC(C)C(=O)NC(C)C(=O)NCC(*)=O,egc,5.7884,5.209580462606914
*NC(C)C(=O)NC(CCC(=O)OCC)C(=O)NCC(*)=O,egc,5.3361,5.719360024919839
*NC(C)C(=O)NCC(=O)NCC(=O)NCC(*)=O,egc,5.9084,4.96568444504221
*NC(C)C(=O)NCCCC(*)=O,egc,5.7766,5.899807796348131
*NC(C)CC(*)=O,egc,5.711,5.647989223211909
*NC(C)CCCCC(*)=O,egc,5.5854,5.948421277499594
*NC(C)CNC(=O)C1CC1C(*)=O,egc,5.5051,5.684307776908645
*NC(C)CNC(=O)NC(CCCCNC(*)=O)C(=O)OC,egc,5.7921,5.596414396313934
*NC(C=C)CC(*)=O,egc,5.5439,5.515912194104379
*NC(CC(*)=O)C(=O)OC,egc,5.61,5.6970540439469906
*NC(CC(*)=O)C(=O)OCC,egc,5.9557,5.614424000197948
*NC(CC(*)=O)C(=O)OCCCC,egc,6.151,5.675644524473598
*NC(CC(*)=O)C(=O)OCCCCCCCCCCCC,egc,5.8778,6.127548702586292
*NC(CC(*)=O)C(=O)OCCOC,egc,5.9247,5.769971817608409
*NC(CC(*)=O)c1ccccc1,egc,5.6573,4.793620492388453
*NC(CC(=O)OCCC)C(*)=O,egc,5.0074,5.943766309574075
*NC(CC(=O)OCc1ccccc1)C(*)=O,egc,5.316,5.451460876755091
*NC(CC(C)C)C(*)=O,egc,6.106,5.696948335268849
*NC(CCC(*)=O)C(=O)O,egc,5.9301,5.731705364503056
*NC(CCC(*)=O)C(=O)OC,egc,5.6456,5.811414482006768
*NC(CCC(=O)OC)C(*)=O,egc,5.9283,5.88509125105323
*NC(CCC(=O)OCCC)C(*)=O,egc,5.8843,5.721470812398836
*NC(CCC(=O)OCCCC)C(*)=O,egc,5.5734,6.022706458532498
*NC(CCC(=O)OCCCCCCCC)C(*)=O,egc,5.9976,5.849488743956698
*NC(CCC(=O)OCCCl)C(*)=O,egc,5.9169,5.77413203136367
*NC(CCC(=O)OCc1ccc(Cl)cc1)C(*)=O,egc,5.2897,4.8161014489112235
*NC(CCCCNC(*)=O)C(=O)OC,egc,6.2157,5.8094820117273125
*NC(CCCCNC(=O)CCCCC(*)=O)C(=O)O,egc,5.7987,5.9315922020893685
*NC(CCCCNC(=O)NCCCCCNC(*)=O)C(=O)OC,egc,5.5834,5.62002293331644
*NC(CCCCNC(=O)NCCNC(*)=O)C(=O)OC,egc,5.4494,5.740353676404627
*NC(CCCNC(=O)c1ccc(Br)cc1)C(*)=O,egc,4.6803,4.437476402575519
*NC(CCCNC(=O)c1ccc(F)cc1)C(*)=O,egc,4.7549,4.855451886221351
*NC(CSC(=O)OCc1ccccc1)C(*)=O,egc,5.0387,4.7958372484601615
*NC(CSSCc1ccccc1)C(*)=O,egc,4.9511,4.614480100313467
*NC(Cc1c[nH]c2ccccc12)C(*)=O,egc,4.3631,3.3899117372124365
*NC(Cc1ccc(O)cc1)C(*)=O,egc,4.9252,4.91666202621901
*NC(Cc1ccccc1)C(*)=O,egc,5.5152,5.026290166782606
*NC(F)(F)CC(*)(F)F,egc,7.1667,7.047370203282446
*NC(F)(F)NC(*)(F)F,egc,8.2137,7.267790879172798
*NC1(F)CC(C(F)F)C(*)C(F)(F)C1F,egc,6.3292,6.295696269683406
*NC1CC(C)(C)CC(C)(CNC(=O)CCCCC(*)=O)C1,egc,5.6216,5.432142984509879
*NC1CC(C2(C)OC(O)OC(C)NC2=O)C(F)(N(C(*)O)C(F)F)O1,egc,5.6343,6.044534553005624
*NC1CCC(CC2CCC(NC(=O)CCCCCCCCCCC(*)=O)CC2)CC1,egc,5.7012,5.76907819938526
*NC1CCC(CCC2CCC(NC(=O)CCCCCCCCCCC(*)=O)CC2)CC1,egc,5.7235,5.713275831696458
*NC1CCCC1C(*)=O,egc,5.8804,5.7215610492531885
*NC1NN(C(C(*)O)(C(F)(F)F)C(O)(Cl)C2(F)OC(O)C(O)C2O)O1,egc,5.0077,5.2945211841934885
*NCC(F)(F)C(*)(F)F,egc,6.8454,7.682032332576973
*NNC(=O)C(*)=O,egc,5.5325,4.041888410893007
*NNC(=O)C(=O)NNC(=O)CCCCC(*)=O,egc,4.5812,4.705014036438192
*NNC(=O)C(=O)NNC(=O)CCCCCCCC(*)=O,egc,4.4307,4.97690265445943
*NNC(=O)C1CCC(C(=O)NNC(=O)CCCCC(*)=O)CC1,egc,4.9352,5.656641056982992
*NNC(=O)CCC(=O)NNC(=O)CCCCC(*)=O,egc,5.7153,5.216789889412996
*NNC(=O)CCC(=O)NNC(=O)CCCCCCCCC(*)=O,egc,5.7186,5.435618211290959
*NNC(=O)CCCCC(*)=O,egc,5.6711,5.7419723238922975
*NNC(=O)CCCCCCCCC(*)=O,egc,6.0464,5.831428724125425
*NNC(=O)c1ccc(C(*)=O)cc1,egc,4.8451,4.694410838047886
*NNC(=O)c1ccc(C(*)=O)cc1OCCCCCCCC,egc,4.1277,4.212139247798847
*NNC(=O)c1ccc(C(*)=O)cc1OCCCCCCCCCC,egc,4.1107,4.149048493209465
*NNC(=O)c1ccc([Si](c2ccccc2)(c2ccccc2)c2ccc(C(*)=O)cc2)cc1,egc,4.754,3.513400970396663
*NNC(=O)c1cccc(C(*)=O)c1,egc,5.0927,4.748566530137141
*NNC(=O)c1cccc(C(=O)NNC(=O)C(*)=O)c1,egc,4.3275,4.142420382906112
*NNC(=O)c1cccc(C(=O)NNC(=O)CCCCCCCCC(*)=O)c1,egc,4.5398,4.692786512617001
*NNC(=S)c1ccc(C(*)=S)cc1,egc,3.4154,2.919570644503528
*NOC(=S)O*,egc,4.8496,3.1699427646542864
*NOC(F)(F)C(*)(F)F,egc,6.8893,8.509475577503656
*NS(=O)Nc1cccc(*)n1,egc,4.5634,3.7332165017293186
*Nc1c(Br)cc(*)cc1Br,egc,4.3604,3.4388002082228457
*Nc1c(Br)cc(C(*)=O)cc1Br,egc,3.8726,3.9114208045631886
*Nc1c(C)c(C)c(C(=O)c2ccc(NC(=O)c3ccc(C(*)=O)cc3)cc2)c(C)c1C,egc,3.4801,3.5116321267132853
*Nc1c(Cl)cc(*)cc1Cl,egc,4.3983,3.9340998613180314
*Nc1c(Cl)cc(C(*)=O)cc1Cl,egc,3.9189,3.80437132439564
*Nc1c(F)c(F)c(-c2ccc3cc(-c4ccc5c(c4)C(=O)N(c4cccc(*)c4)C5=O)ccc3c2)c(F)c1F,egc,2.918,2.8288182566046625
*Nc1c(I)cc(C(*)=O)cc1I,egc,3.842,3.591898301686981
*Nc1c(OC)cc(*)cc1OC,egc,3.4275,3.5017340097410115
*Nc1cc(*)ccc1CCCCCC,egc,4.1073,4.02089675458486
*Nc1cc(*)ccc1CCCCCCCCCCCC,egc,4.025,3.5037524466368004
*Nc1cc(*)ccc1N,egc,3.7339,3.2933506177398657
*Nc1cc(Br)c(*)cc1Br,egc,3.1464,4.346309351055858
*Nc1cc(C(c2ccc(O)c(NC(=O)c3ccc(C(*)=O)cc3)c2)(C(F)(F)F)C(F)(F)F)ccc1O,egc,3.6515,3.7472361600395776
*Nc1cc(C(c2ccc(O)c(NC(=O)c3ccc4cc(C(*)=O)ccc4c3)c2)(C(F)(F)F)C(F)(F)F)ccc1O,egc,3.7695,3.3979708396792176
*Nc1cc(C)c(*)cc1C,egc,3.9275,3.510779969649322
*Nc1cc(F)c(*)cc1F,egc,3.4723,3.790345258549341
*Nc1cc(NC(=O)c2ccc(-c3ccc(C(*)=O)cc3)cc2)cc(C(=O)OCCOc2ccc(C=CC(=O)c3ccccc3)cc2)c1,egc,3.5149,3.0647510947295604
*Nc1cc(NC(=O)c2ccc(C(*)=O)cc2)cc(C(=O)OCCOc2ccc(C=CC(=O)c3ccccc3)cc2)c1,egc,3.1709,2.9698239591308337
*Nc1cc(NC(=O)c2ccc3cc(C(*)=O)ccc3c2)cc(C(=O)OCCOc2ccc(C=CC(=O)c3ccccc3)cc2)c1,egc,2.7406,3.3343650913092477
*Nc1cc(NC(=O)c2cccc(C(*)=O)c2)c(N)cc1N,egc,3.509,3.5025715832258975
*Nc1cc(OC)c(*)cc1OC,egc,3.2172,3.5411617931239867
*Nc1cc(OCC)c(*)cc1OCC,egc,3.3635,3.9928812279573767
*Nc1ccc(*)cc1,egc,4.0074,3.5164969541314335
*Nc1ccc(*)cc1C,egc,3.5769,3.905474730341893
*Nc1ccc(*)cc1C(C)CC,egc,3.553,4.183021032420979
*Nc1ccc(*)cc1CCCCCCCCCCCCCCC,egc,3.3286,3.4520340458321925
*Nc1ccc(*)cc1CO,egc,3.7131,4.212356230115982
*Nc1ccc(*)cc1F,egc,3.5047,3.591671321646706
*Nc1ccc(*)cc1O,egc,3.4121,3.4249463412642425
*Nc1ccc(*)cc1OCCCCCCCCCCCC,egc,3.5203,3.6912552370802816
*Nc1ccc(*)nc1,egc,3.2295,3.998191887353267
*Nc1ccc(-c2ccc(*)cc2)c(C)c1,egc,3.3791,3.5597856065981954
*Nc1ccc(-c2ccc(-c3ccc(*)cc3)cc2)cc1,egc,3.4269,3.107476516849444
*Nc1ccc(-c2ccc(-c3ccc(*)s3)cc2)cc1,egc,2.8401,3.101497075910268
*Nc1ccc(-c2ccc(-c3ccc(*)s3)cc2)s1,egc,2.5627,3.0769066012758914
*Nc1ccc(-c2ccc(-c3ccc(*)s3)s2)cc1,egc,3.3427,2.6107148377542004
*Nc1ccc(-c2ccc(C(*)=O)s2)s1,egc,2.263,2.517762308203939
*Nc1ccc(-c2ccc(C(*)=S)cc2)cc1,egc,2.813,2.837232899107181
*Nc1ccc(-c2ccc(C(*)=S)s2)cc1,egc,2.4476,2.536431698396044
*Nc1ccc(-c2ccc(C(*)=S)s2)s1,egc,2.0192,1.8824329152698116
*Nc1ccc(-c2ccc(NC(=C(C#N)C#N)c3ccc(-c4ccc(C(*)=C(C#N)C#N)cc4)cc3)cc2)cc1,egc,2.7741,2.133972914611121
*Nc1ccc(-c2ccc(NC(=O)CCCCCCCCC(*)=O)c(O)c2)cc1O,egc,3.9935,4.0166376399307335
*Nc1ccc(-c2ccc(NC(=O)c3cc(C(=O)O)c(C(*)=O)cc3C(=O)O)cc2)cc1,egc,3.2555,3.244326667765933
*Nc1ccc(-c2ccc(NC(=O)c3cc(NC(=O)c4ccncc4)cc(C(*)=O)c3)cc2)cc1,egc,3.2688,3.2436710397703648
*Nc1ccc(-c2ccc(NC(=O)c3ccc(C(*)=O)cc3)cc2)cc1,egc,3.3951,3.2429311197368516
*Nc1ccc(-c2ccc(NC(=O)c3ccc(C4(c5ccc(C(*)=O)cc5)OC(=O)c5ccccc54)cc3)cc2)cc1,egc,3.2864,3.5165149678709375
*Nc1ccc(-c2ccc(NC(=O)c3cccc(C(*)=O)c3)cc2)cc1,egc,3.4939,3.353591383753976
*Nc1ccc(-c2ccc(NC3=CC(=O)C(*)=CC3=O)cc2)cc1,egc,2.1114,2.8430327087521676
*Nc1ccc(-c2ccc(Nc3ccc4c(c3)c3cc(*)ccc3n4CC(CC)CCCC)cc2)cc1,egc,3.3558,3.2743977562675384
*Nc1ccc(-c2ccc(O*)cc2)cc1,egc,4.0962,3.5620566982121997
*Nc1ccc(Br)cc1-c1ccc(NC(=O)c2ccc(C(*)=O)cc2)cc1,egc,3.4431,3.33604846647506
*Nc1ccc(C#Cc2ccc(C(*)=O)cc2)cc1,egc,2.946,3.5207913413163427
*Nc1ccc(C(*)=O)cc1,egc,3.7503,3.7754218561393706
*Nc1ccc(C(=O)C(*)=S)cc1,egc,2.378,3.007533970653543
*Nc1ccc(C(=O)C(*)=S)s1,egc,2.1167,2.7191616694855596
*Nc1ccc(C(=O)c2ccc(*)s2)cc1,egc,2.9895,3.2236861464706905
*Nc1ccc(C(=O)c2ccc(NC(=O)c3ccc(C(*)=O)cc3)cc2)cc1,egc,3.6944,3.4175190401358235
*Nc1ccc(C(=S)c2ccc(*)cc2)cc1,egc,2.322,2.972191207339855
*Nc1ccc(C(C)(C)c2ccc(NC(=O)c3cc(C(*)=O)cc(N4C(=O)C5C6CCC(C6)C5C4=O)c3)cc2)cc1,egc,4.0843,3.798142880688494
*Nc1ccc(C2(c3ccc(NC(=O)Cc4ccc(Oc5ccc(C(*)=O)cc5)cc4)cc3)OC(=O)c3ccccc32)cc1,egc,4.1183,3.3948523933007837
*Nc1ccc(C2(c3ccc(NC(=O)c4ccc(C(*)=O)cc4)cc3)c3ccccc3C(=O)c3ccccc32)cc1,egc,3.2678,3.38611323659975
*Nc1ccc(C2(c3ccc(NC(=O)c4ccc(C5(c6ccc(C(*)=O)cc6)OC(=O)c6ccccc65)cc4)cc3)OC(=O)c3ccccc32)cc1,egc,3.8809,3.6250049689437263
*Nc1ccc(C=Cc2ccc(NC(=C(C#N)C#N)c3ccc(C(*)=C(C#N)C#N)cc3)cc2)cc1,egc,2.0414,2.637318877101716
*Nc1ccc(CC(C)(C)NC(=O)CCCCCCCCC(*)=O)cc1,egc,4.455,4.619081028014097
*Nc1ccc(Cc2ccc(NC(=O)c3cc(C(*)=O)cc(N4C(=O)C5C6CCC(C6)C5C4=O)c3)cc2)cc1,egc,3.4808,3.8067171427516993
*Nc1ccc(Cc2ccc(NC(=O)c3cc(C(*)=O)cc(N4C(=O)C=CC4=O)c3)cc2)cc1,egc,2.1937,3.1048024709728566
*Nc1ccc(Cc2ccc(NC(=O)c3cc(NC(=O)c4ccncc4)cc(C(*)=O)c3)cc2)cc1,egc,3.497,3.2799725173788854
*Nc1ccc(Cc2ccc(NC(=O)c3ccc(P(=O)(c4ccccc4)c4ccc(C(*)=O)cc4)cc3)cc2)cc1,egc,3.0916,3.527777627814344
*Nc1ccc(NC(*)=S)s1,egc,2.9073,3.2466429865055244
*Nc1ccc(NC(=O)C=CC(*)=O)cc1,egc,2.7273,3.5613955779984208
*Nc1ccc(NC(=O)C=Cc2ccc(C=CC(*)=O)cc2)cc1,egc,3.0305,2.98503554235785
*Nc1ccc(NC(=O)CCC(*)=O)cc1,egc,4.4554,4.135141554217747
*Nc1ccc(NC(=O)CCCC(*)=O)cc1,egc,3.9291,4.473516772080386
*Nc1ccc(NC(=O)CCCCC(*)=O)cc1,egc,4.5219,4.384012864157858
*Nc1ccc(NC(=O)CCCCCCCC(*)=O)cc1,egc,4.5152,4.58685765488533
*Nc1ccc(NC(=O)CCCCCCCCC(*)=O)cc1,egc,4.5375,4.477748873691684
*Nc1ccc(NC(=O)NC(=O)NC(*)=O)s1,egc,3.5876,3.6268666916139622
*Nc1ccc(NC(=O)c2cc(NC(=O)c3ccc(NC(=O)C(C)N4C(=O)c5ccccc5C4=O)cc3)cc(C(*)=O)c2)cc1C,egc,2.319,2.9440493767570057
*Nc1ccc(NC(=O)c2cc(NC(=O)c3ccccc3)cc(C(*)=O)c2)cc1,egc,3.3958,3.5578006974286476
*Nc1ccc(NC(=O)c2ccc(C(=O)c3ccc(C(*)=O)c(C(=O)O)c3)cc2C(=O)O)cc1,egc,3.0554,3.238190915876435
*Nc1ccc(NC(=O)c2ccc(C3(c4ccc(C(*)=O)cc4)OC(=O)c4ccccc43)cc2)cc1,egc,3.4199,3.561455875633975
*Nc1ccc(NC(=O)c2ccc(NC(=O)c3cc(NC(=O)C45CC6CC(CC(C6)C4)C5)cc(C(*)=O)c3)cc2)cc1,egc,3.1839,3.5294177143671286
*Nc1ccc(NC(=O)c2cccc(C(*)=O)c2)cc1,egc,3.551,3.874620355466249
*Nc1ccc(NC(=S)NC(=O)c2ccc(C(=O)NC(*)=S)cc2)cc1,egc,2.6945,3.181824741474959
*Nc1ccc(NC(=S)NC(=O)c2cccc(C(=O)NC(*)=S)c2)cc1,egc,3.3129,2.8239886718072995
*Nc1ccc(Nc2ccc(*)cc2)cc1C(=O)O,egc,2.6737,3.5053596155953963
*Nc1ccc(Nc2ccc(*)s2)cc1,egc,3.8931,3.297339773387892
*Nc1ccc(Nc2ccc(*)s2)s1,egc,2.5847,2.941601789704222
*Nc1ccc(OC(*)=S)cc1,egc,3.7435,3.221057083359595
*Nc1ccc(Oc2ccc(*)cc2)cc1,egc,3.6519,3.978624317342446
*Nc1ccc(Oc2ccc(*)s2)cc1,egc,4.2211,3.939220383570682
*Nc1cccc(C#Cc2cccc(C(*)=O)c2)c1,egc,3.7438,3.309305273288655
*Nc1cccc(C(*)=O)c1,egc,4.1556,3.8129850950812862
*Nc1cccc(NC(=O)C=CC(*)=O)c1,egc,3.628,3.0962904077144975
*Nc1cccc(NC(=O)CCCCCCC(*)=O)c1,egc,4.8656,4.758383212096557
*Nc1cccc(NC(=O)c2cc(NC(=O)c3ccncc3)cc(C(*)=O)c2)c1,egc,3.2998,3.427658363693857
*Nc1cccc(NC(=O)c2ccc(NC(=O)c3ccc([Si](C)(C)c4ccc(C(=O)Nc5ccc(C(*)=O)cc5)cc4)cc3)cc2)c1,egc,3.5185,2.9906454200460892
*Nc1cccc(NC(=O)c2cccc(C(*)=O)c2)c1,egc,4.1202,3.749608927216717
*Nc1ccccc1NC(=O)c1cccc(C(*)=O)c1,egc,3.6159,3.777209365289157
*Nc1nc(*)nc(-c2ccccc2)n1,egc,4.2193,3.975581294336428
*Nc1nc(Nn2c(=O)c3cc4c(=O)n(*)c(=O)c4cc3c2=O)nc(N(CC)CC)n1,egc,2.6124,2.7308555873164235
*Nc1nc(Nn2c(=O)c3cc4c(=O)n(*)c(=O)c4cc3c2=O)nc(N(CCC)CCC)n1,egc,2.5752,2.885440527247908
*OC(*)(C)C,egc,6.2991,5.749153761112848
*OC(*)C(Cl)Cl,egc,6.5565,5.742664750061055
*OC(*)CC,egc,6.1349,6.313572732628843
*OC(*)CCC,egc,6.6355,6.047226866399141
*OC(*)CCC#N,egc,6.5576,6.644196843222442
*OC(*)CCCC,egc,6.6222,6.239076259221003
*OC(=C(C)C)C(C)(C)C(*)=O,egc,4.7881,4.688862301783272
*OC(=C)CC(*)=O,egc,5.0472,5.307131745031538
*OC(=O)C(Cc1ccccc1)NC(=O)CCCCC(=O)NC(Cc1ccccc1)C(=O)OC1COC2C(*)COC12,egc,5.287,4.636433017881981
*OC(=O)C1CCC(C(=O)OC2COC3C(*)COC23)CC1,egc,6.4746,6.015036878860343
*OC(=O)C=CC(=O)OC1COC2C(*)COC12,egc,4.1943,5.011383878064578
*OC(=O)CCCCC(*)=O,egc,6.1659,6.140996419325192
*OC(=O)CCCCCC(*)=O,egc,5.9809,6.226794446347311
*OC(=O)CCCCCCC(*)=O,egc,6.0659,6.231421312339187
*OC(=O)CCCCCCCC(*)=O,egc,6.2617,6.169643964561592
*OC(=O)CCCCCCCCC(=O)OC1COC2C(*)COC12,egc,6.5166,6.578037575615509
*OC(=O)CCCCCCCCCC(*)=O,egc,6.2966,6.425064136925189
*OC(=O)CCCCCCCCCCC(*)=O,egc,6.499,6.299741989815794
*OC(=O)CCCCCCCCCCCC(*)=O,egc,6.2745,6.412571573748265
*OC(=O)CCCCCCCCCCCCCCCCC(*)=O,egc,6.1592,6.45987130737062
*OC(=O)CCS(=O)(=O)CCC(*)=O,egc,6.2922,5.698540516139048
*OC(=O)CCSCCSCCC(*)=O,egc,4.6742,5.284597526387933
*OC(=O)CCc1ccc(CCC(*)=O)cc1,egc,5.0434,5.3090169658711694
*OC(=O)CS(=O)(=O)CCS(=O)(=O)CC(*)=O,egc,5.7619,5.541284033325076
*OC(=O)NC1CCC(CC2CCC(NC(=O)OC3CC4CC(*)CC(C3)O4)CC2)CC1,egc,5.8672,5.971107440503537
*OC(=O)OC(*)=O,egc,5.0987,5.898129905002489
*OC(=O)OC1CC2CC(*)CC(C1)O2,egc,6.2425,6.881666103606334
*OC(=O)OC1COC2C(*)COC12,egc,6.8979,6.700834719797396
*OC(=O)OCC(O)C(O)COC(=O)OC1COC2C(*)COC12,egc,6.3954,6.705359086797366
*OC(=O)OCC(OC)C(COC(=O)OC1COC2C(*)COC12)OC,egc,6.3606,6.59184460979671
*OC(=O)OCC1OC(C)(C)OC1COC(=O)OC1COC2C(*)COC12,egc,6.6226,6.6681202943011355
*OC(=O)OCCCCCCCCCCOC(=O)OC1COC2C(*)COC12,egc,6.8143,6.64612589735427
*OC(=O)OCCCCCCCCOC(=O)OC1COC2C(*)COC12,egc,6.6539,6.794176384419934
*OC(=O)OCCOCCOC(=O)OC1COC2C(*)COC12,egc,6.7329,6.493777310655138
*OC(=O)OCCOCCOCCOC(=O)OC1COC2C(*)COC12,egc,6.4799,6.429850603154164
*OC(=O)Oc1ccc(C(=O)Oc2ccc(OC(=O)OC3COC4C(*)COC34)cc2)cc1,egc,4.4189,4.483895836997313
*OC(=O)Oc1cccc(OC(=O)OC2CC3CC(*)CC(C2)O3)c1,egc,5.8268,4.771664762865545
*OC(=O)c1ccc(C(*)=O)cc1,egc,4.5736,4.451060961904449
*OC(=O)c1ccc(C(=O)OC2COC3C(*)COC23)o1,egc,4.3511,4.837307474898334
*OC(=O)c1ccc(C(C)(C)c2ccc(C(*)=O)cc2)cc1,egc,4.3936,4.567792051239759
*OC(=O)c1ccc(CCCCCCc2ccc(C(*)=O)cc2)cc1,egc,4.5994,4.620010920160904
*OC(=O)c1ccc(CCCCCc2ccc(C(*)=O)cc2)cc1,egc,4.7446,4.765884615622117
*OC(=O)c1ccc(CCCCc2ccc(C(*)=O)cc2)cc1,egc,4.8401,4.645166717132784
*OC(=O)c1ccc(CCCc2ccc(C(*)=O)cc2)cc1,egc,4.5456,4.538632664186384
*OC(=O)c1ccc(CCc2ccc(C(*)=O)cc2)cc1,egc,4.4852,4.577836863188109
*OC(=O)c1ccc(Cc2ccc(C(*)=O)cc2)cc1,egc,4.3273,4.4731608782150865
*OC(=O)c1cccc(C(*)=O)c1,egc,4.6197,4.604636547924141
*OC(=S)c1ccc(-c2ccc(*)cc2)cc1,egc,3.2538,3.2370806126472873
*OC(=S)c1ccc(C(*)=O)cc1,egc,3.2688,3.1966165306608647
*OC(C)(C)C(*)=O,egc,5.8214,6.162342018124801
*OC(C)(CC(*)=O)C(F)(F)F,egc,6.2535,6.017822118025998
*OC(C)C(*)=O,egc,5.9945,6.307041181219082
*OC(C)C(*)C,egc,5.7581,5.331657089602809
*OC(C)C(=O)NC(C)C(*)=O,egc,5.6199,5.605257756282099
*OC(C)C(=O)OCC(*)=O,egc,5.9109,5.70375972386638
*OC(C)CC(*)=O,egc,6.4371,6.5661286914718655
*OC(C)CCC(C)OC(=O)CCCCC(*)=O,egc,6.4506,6.735472198258178
*OC(C)CCCC(C)C(*)=O,egc,6.6886,6.228083221602331
*OC(C)CCOC(=O)C(*)=O,egc,5.5088,6.046660897012123
*OC(C)CCOC(=O)CC(*)=O,egc,6.8752,6.258008865666866
*OC(C)CCOC(=O)CCCCC(*)=O,egc,6.6227,6.631130847466994
*OC(C)CCOC(=O)CCCCCC(*)=O,egc,6.5798,6.669411993337849
*OC(C)CCOC(=O)CCCCCCCC(*)=O,egc,6.6793,6.673753954257526
*OC(C)CCOC(=O)CCCCCCCCCCC(*)=O,egc,6.742,6.676293214908664
*OC(C)CCOC(=O)COCC(*)=O,egc,6.1998,6.2628423830453155
*OC(C)CCOC(=O)c1cccc(C(*)=O)c1,egc,5.0532,4.886108420135085
*OC(C)COC(*)=O,egc,7.1412,6.6156619208923875
*OC(C)COC(=O)C(*)=O,egc,5.4575,5.629346252331362
*OC(C)COC(=O)CCCCC(*)=O,egc,6.7094,6.614096840366269
*OC(C)COC(=O)CCCCCCCCC(*)=O,egc,6.952,6.711955103641966
*OC(C)COC(=O)CCCCS(=O)(=O)CCCCC(*)=O,egc,6.649,6.165556757106267
*OC(C)COC(=O)c1cccc(C(*)=O)c1,egc,5.0391,4.755015758497124
*OC(C=C)CC(*)=O,egc,6.1885,5.534883889856807
*OC(CC(*)=O)C(C)(Cl)Cl,egc,6.4677,6.051329654468828
*OC(CC(*)=O)C(C)C,egc,6.7353,6.351580625675026
*OC(CC(*)=O)C1CCC=CO1,egc,4.8999,5.61426176744571
*OC(CC(*)=O)C1CO1,egc,6.757,6.27998673189554
*OC(CC)(CC)C(*)=O,egc,6.0873,6.125178035695838
*OC(CC)C(*)=O,egc,6.3762,6.143851361428206
*OC(CCCCC)CC(*)=O,egc,6.5462,6.5918204700541425
*OC(CCCCCC)CC(*)=O,egc,6.7534,6.470602917060058
*OC(CCc1ccccc1)CC(*)=O,egc,5.4818,5.550533521703382
*OC(CCl)CC(*)=O,egc,6.865,6.441443426599123
*OC(COC(*)=O)COC(C)(C)C,egc,6.0333,6.5582761915583765
*OC(COC(*)=O)COc1ccccc1,egc,5.4034,5.219383403482738
*OC(COC(F)(C(F)(F)F)C(F)(F)F)C(*)COC(F)(C(F)(F)F)C(F)(F)F,egc,6.5255,7.489591608543599
*OC(COCCCC)COC(*)=O,egc,6.2375,6.33908334213275
*OC(COCCOC)COC(*)=O,egc,6.2142,6.159870353120536
*OC(F)(C(*)(F)F)C(F)(F)F,egc,8.6002,8.993810354763628
*OC(F)(F)C(*)(F)F,egc,9.8627,8.05858499800162
*OC(F)(F)C(=O)C(*)(F)F,egc,5.2431,7.454717248944651
*OC(F)(F)C(F)(F)C(*)(F)F,egc,9.4523,8.407573107809142
*OC(F)(F)C(F)(F)C(F)(F)C(*)(F)F,egc,9.0549,8.168452290394262
*OC(F)(F)CC(*)(F)F,egc,9.1417,7.3665863345035305
*OC(F)(F)COC(=O)c1cccc(C(=O)OCC(*)(F)F)c1,egc,4.7299,4.788840483128383
*OC(F)(F)NC(*)(F)F,egc,8.2061,7.500382312897033
*OC(F)(F)c1ccc(C(*)(F)F)cc1,egc,4.9933,4.772526237244715
*OC(F)(F)c1ccc(C(*)(F)F)s1,egc,4.9584,4.306352428383905
*OC([2H])([2H])C(*)([2H])C([2H])=C([2H])[2H],egc,5.4798,5.152643775831984
*OC([2H])([2H])C(*)([2H])[2H],egc,5.8501,5.9350897696729765
*OC(c1ccc(Cl)cc1)C(C)(C)C(*)=O,egc,4.9195,4.538800580159711
*OC(c1ccc(OC)cc1)C(C)(C)C(*)=O,egc,5.0038,5.132385429061622
*OC(c1ccccc1)C(C)(C)C(*)=O,egc,5.5004,5.257022477285578
*OC(c1ccco1)C(C)(C)C(*)=O,egc,5.4574,4.6083671230595415
*OC1(C)CC(C)(C)C(C)(N2CCCC(*)C2)C1C,egc,4.6138,5.090834870652367
*OC1(C)CCC(*)CC1CCCCCCCC,egc,5.4763,5.613219241444563
*OC1(F)C(C)C(C)(C2(Cl)CNCNC2*)CC1(C)C,egc,5.4515,5.568989716350283
*OC1(O)CCCC(*)C1,egc,6.0531,6.40122907916433
*OC1=CC(=O)C(*)=CC1=O,egc,3.1359,3.458137480571463
*OC1C(C)(C)C(OC(*)=O)C1(C)C,egc,6.5093,6.175978512312187
*OC1C(C)(C)C(OC(=O)c2ccc(C(*)=O)cc2)C1(C)C,egc,4.7185,4.789765303895364
*OC1C(CO)OC(*)C(NC(C)=O)C1O,egc,5.9496,5.800937623397277
*OC1C(CO)OC(*)C(O)C1O,egc,5.8509,6.190187007312993
*OC1C(COC(C)=O)OC(*)C(OC(C)=O)C1O,egc,5.6034,6.292818054579571
*OC1C(COC(C)=O)OC(*)C(OC(C)=O)C1OC(C)=O,egc,5.9636,6.206486618202368
*OC1C(COC)OC(*)C(OC)C1OC,egc,5.6468,5.617913136671579
*OC1CC(C)CC(*)O1,egc,6.2631,6.037149944830787
*OC1CCC(C2CCC(OC(=O)CCCCCCCCC(*)=O)CC2)CC1,egc,6.3469,6.482705091376058
*OC1CCC(C2CCC(OC(=O)CCCCCCCCCC(*)=O)CC2)CC1,egc,6.4908,6.402181419603089
*OC1CCC(C2CCC(OC(=O)CCCCCCCCCCC(*)=O)CC2)CC1,egc,6.4832,6.37236410867153
*OC1CCC(NC(*)=O)CC1,egc,6.28,6.1730999716409745
*OC1CCC(OC(*)=O)CC1,egc,7.1786,6.566532709169024
*OC1CCC(OC(=O)CCC(*)=O)CC1,egc,6.4253,6.4284649501110405
*OC1CCC(OC(=O)CCCCC(*)=O)CC1,egc,6.706,6.612599806385915
*OC1CCC(OC(=O)NCCNC(*)=O)CC1,egc,6.0582,6.237645330253931
*OC1CCC(OC(=O)OCCCCCCCOC(*)=O)CC1,egc,7.2009,7.016613351274329
*OC1CCC(OC(=O)OCCCCCOC(*)=O)CC1,egc,7.0367,7.108320988177437
*OC1CCC(OC(=O)OCCCCOC(*)=O)CC1,egc,7.0064,7.028467781588126
*OC1CCCC(*)O1,egc,6.1442,6.338239184229108
*OC1CCCC1*,egc,5.3919,5.637063443963223
*OC1CCCCC1*,egc,5.1513,5.650691726444459
*OC1CCCCC1OC(*)=O,egc,6.7044,6.414257851630534
*OC1CCCCCC1*,egc,5.6512,5.4504723462993345
*OC1OC(*)C2CCCCC12,egc,6.0383,6.20344910332088
*OCC(F)(F)C(*)(F)F,egc,8.1009,7.086618438771114
*ON(C(F)(F)F)C(F)(Cl)C(*)(F)F,egc,6.7405,7.235156861022533
*ON(C(F)(F)F)C(F)(F)C(*)(F)F,egc,7.1742,6.498445957391706
*ON(C(F)(F)F)C(F)(F)C(F)=C(F)C(*)(F)F,egc,4.6645,6.23283339484926
*OP(=O)(Oc1ccc(*)cc1)OC1CCCCC1,egc,5.2577,4.921778038602236
*OP(=O)(Oc1ccc(-c2ccc(*)cc2)cc1)OC1CCCCC1,egc,4.479,4.26704716144492
*OP(=O)(Oc1cccc2c(*)cccc12)OC1CCCCC1,egc,4.0777,4.219248990117041
*OP(=O)(Oc1ccccc1)Oc1c(Cl)c(Cl)c(*)c(Cl)c1Cl,egc,4.5449,4.297524990181783
*OP(=O)(Oc1ccccc1)Oc1ccc(*)cc1,egc,5.1351,4.882997229618875
*OP(=O)(Oc1ccccc1)Oc1ccc(-c2ccc(*)cc2)cc1,egc,4.631,4.328361948599032
*OS(=O)(=O)c1cc(S(=O)(=O)Oc2ccc(C3(c4ccc(*)cc4)CCCC3)cc2)ccc1C,egc,3.9679,3.813275482555639
*O[Si](C)(C)O[Si](C)(C)O[Si](C)(C)OC(C)CCC(*)C,egc,6.3039,5.7691838984711605
*O[Si](C)(C)Oc1ccc(*)cc1,egc,4.9485,4.620986659917957
*Oc1c(-c2ccccc2)cc(*)cc1-c1ccccc1,egc,3.9085,3.977015700262007
*Oc1c(Br)cc(C2(c3cc(Br)c(OC(*)=O)c(Br)c3)CC3CCC2C3)cc1Br,egc,4.8531,4.0604369972505
*Oc1c(C)cc(*)cc1C,egc,4.5265,4.525051406422773
*Oc1c(C)cc(N=Nc2ccc(C(*)=O)cc2)cc1C,egc,3.7116,3.18483715954367
*Oc1c(F)c(F)c(S(=O)(=O)c2c(F)c(F)c(Oc3ccc(C(c4ccc(*)cc4)(C(F)(F)F)C(F)(F)F)cc3)c(F)c2F)c(F)c1F,egc,3.7366,3.873769434760627
*Oc1c(OC)cc(*)cc1OC,egc,4.2534,3.962834822510171
*Oc1cc(C)cc(OC(=O)c2cccc(C(*)=O)c2)c1,egc,4.2911,4.034365329658035
*Oc1cc(Cl)cc(Cl)c1*,egc,4.3654,4.189193378313791
*Oc1cc(OC(=O)c2ccc(C=Nc3ccc(OCCCCCCOc4ccc(N=Cc5ccc(C(*)=O)cc5)cc4F)c(F)c3)cc2)c(Cl)cc1Cl,egc,2.9795,3.605250691535688
*Oc1cc(OC(=O)c2ccc(OCCCC)cc2)c(OC(=O)CCCC(*)=O)cc1OC(=O)c1ccc(OCCCC)cc1,egc,4.3317,3.9449847701690963
*Oc1cc(Oc2ccc(C(C)(C)c3ccc(*)cc3)cc2)cc(C(=O)Oc2ccc(N=Nc3ccc(C#N)cc3)cc2)c1,egc,3.1481,3.3760655048292993
*Oc1ccc(-c2ccc(-c3ccc(*)cc3)cc2)cc1,egc,3.9661,3.6477987611918814
*Oc1ccc(-c2ccc(-c3ccc(*)cc3)cc2)s1,egc,3.3694,3.5689813370203645
*Oc1ccc(-c2ccc(-c3ccc(*)cc3)s2)cc1,egc,3.449,3.4389577813429093
*Oc1ccc(-c2ccc(-c3ccc(*)cc3)s2)s1,egc,3.9319,3.22066884098611
*Oc1ccc(-c2ccc(-c3ccc(*)s3)s2)s1,egc,2.5408,2.2109726049039713
*Oc1ccc(-c2ccc(C(*)=O)cc2)cc1,egc,3.8635,3.9682568921829247
*Oc1ccc(-c2ccc(C(*)=O)cc2)cc1Br,egc,3.8867,3.680160136825841
*Oc1ccc(-c2ccc(C(*)=O)s2)cc1,egc,2.8763,3.390163202193997
*Oc1ccc(-c2ccc(C(*)=O)s2)s1,egc,2.6473,2.720240089064043
*Oc1ccc(-c2ccc(N=Nc3ccc(C(*)=O)cc3)cc2)cc1,egc,3.5627,3.359625485817121
*Oc1ccc(-c2ccc(OC(=O)CCCCCCCCC(*)=O)cc2)cc1,egc,4.5699,4.492482226065219
*Oc1ccc(-c2ccc(Oc3ccc(C(C)(C)c4ccc(*)cc4)cc3)cc2)cc1,egc,4.2484,4.103574497591201
*Oc1ccc(-c2ccc(Oc3cccc(*)n3)cc2)cc1,egc,4.055,4.0421928044049835
*Oc1ccc(C(=Nc2ccc(N=C(c3ccccc3)c3ccc(On4c(=O)c5c(F)c6c(=O)n(*)c(=O)c6c(F)c5c4=O)cc3)cc2)c2ccccc2)cc1,egc,0.9593,2.8264446398477405
*Oc1ccc(C(=O)CCCCC(=O)c2ccc(OC(*)=O)cc2)cc1,egc,4.6051,4.085128233915618
*Oc1ccc(C(=O)CNCCCCCCCCNCC(=O)c2ccc(*)cc2)cc1,egc,3.8153,4.052550701777686
*Oc1ccc(C(=O)CNNCC(=O)c2ccc(*)cc2)cc1,egc,4.1658,4.094967397652981
*Oc1ccc(C(=O)NCC(C)(C)CCCNC(=O)c2ccc(*)cc2)cc1,egc,4.7683,4.355613019068376
*Oc1ccc(C(=O)NCCCCCCCCCCCCNC(=O)c2ccc(*)cc2)cc1,egc,4.4794,4.368140991174355
*Oc1ccc(C(=O)NNC(=O)c2cccc(C(=O)NNC(=O)c3ccc(OC(=O)c4cccc(C(*)=O)c4)cc3)c2)cc1,egc,3.7359,3.467302391050991
*Oc1ccc(C(=O)Nc2cc(NC(=O)c3ccc(*)cc3)cc(-c3nc4ccccc4[nH]3)c2)cc1,egc,3.5407,3.40895062152404
*Oc1ccc(C(=O)Nc2ccc(Cc3ccc(NC(=O)c4ccc(Oc5nc(*)nc(Sc6ccccc6)n5)cc4)cc3)cc2)cc1,egc,3.3904,3.732984446433826
*Oc1ccc(C(=O)Nc2ccc(S(=O)(=O)c3ccc(NC(=O)c4ccc(*)cc4)cc3)cc2)cc1,egc,3.8301,3.4946701804381544
*Oc1ccc(C(=O)Nc2ccc(S(=O)(=O)c3ccc(NC(=O)c4ccc(Oc5nc(*)nc(Sc6ccccc6)n5)cc4)cc3)cc2)cc1,egc,3.8673,3.7681316582233997
*Oc1ccc(C(=O)Nc2ccc(SCCC(*)=O)cc2)cc1,egc,3.9873,3.9731916294650653
*Oc1ccc(C(=O)OCCCOC(=O)c2ccc(*)cc2)cc1,egc,4.6133,4.555869361533366
*Oc1ccc(C(=O)OCCCOC(=O)c2ccc(OC(=O)c3ccc(C(*)=O)cc3)cc2)cc1,egc,4.0079,3.7045338365242517
*Oc1ccc(C(=O)OCCOCCOC(=O)c2ccc(OC(*)=O)cc2)cc1,egc,4.6582,4.6961033139297195
*Oc1ccc(C(=O)c2ccc(*)cc2)cc1,egc,3.9194,4.000162283215423
*Oc1ccc(C(=O)c2ccc(OC(=O)OC3C(C)(C)C(OC(*)=O)C3(C)C)cc2)cc1,egc,4.4802,4.4008724543434585
*Oc1ccc(C(=O)c2cccc(C(=O)c3ccc(*)cc3)c2)cc1,egc,3.9576,4.038368982326891
*Oc1ccc(C(=S)c2ccc(*)cc2)cc1,egc,2.6372,3.4953640717585515
*Oc1ccc(C(=S)c2ccc(*)cc2)s1,egc,2.6462,2.8620188142032563
*Oc1ccc(C(=S)c2ccc(*)s2)s1,egc,2.6229,2.4185176508918014
*Oc1ccc(C(C#N)(c2ccccc2)c2ccc(OC(*)=O)cc2)cc1,egc,5.0272,4.777628062159602
*Oc1ccc(C(C)(C)c2ccc(OC(*)=O)c(Cl)c2)cc1,egc,5.0408,4.893893048051609
*Oc1ccc(C(C)(C)c2ccc(OC(*)=O)c(Cl)c2)cc1Cl,egc,4.9898,4.733828465614728
*Oc1ccc(C(C)(C)c2ccc(OC(*)=O)cc2)cc1,egc,5.2059,4.95865861905174
*Oc1ccc(C(C)(C)c2ccc(OC(=O)OCCN(CCOC(*)=O)c3ccc(OC)cc3)cc2)cc1,egc,4.212,4.4982560012352035
*Oc1ccc(C(C)(C)c2ccc(OC(=O)c3ccc(C(*)=O)cc3)c(C(C)C)c2)cc1C(C)C,egc,3.2409,3.5287805036106357
*Oc1ccc(C(C)(C)c2ccc(Oc3cncc(*)n3)cc2)cc1,egc,4.2862,4.622026766553998
*Oc1ccc(C(C)(C)c2ccc(Oc3nc(*)nc(OC)n3)cc2)cc1,egc,5.075,4.256972070441894
*Oc1ccc(C(C)(CC)c2ccc(OC(*)=O)cc2)cc1,egc,5.0105,5.063015537297013
*Oc1ccc(C(C)(CCC#N)c2ccc(OC(*)=O)c(C)c2)cc1C,egc,4.6661,4.6938371571971915
*Oc1ccc(C(C)(c2ccccc2)c2ccc(OC(=O)OC3C(C)(C)C(OC(*)=O)C3(C)C)cc2)cc1,egc,5.136,4.83034816517364
*Oc1ccc(C(C)=Cc2ccc(OC(=O)OCCCCCCOC(*)=O)cc2)cc1,egc,4.2293,4.00841026218371
*Oc1ccc(C(C)=Cc2ccc(OC(=O)OCCCCOC(*)=O)cc2)cc1,egc,4.0366,4.151404541754885
*Oc1ccc(C(C)=Nc2ccc(N=C(C)c3ccc(*)cc3)cc2)cc1,egc,2.9143,2.968454690856608
*Oc1ccc(C(CC)(c2ccccc2)c2ccc(OC(*)=S)cc2)cc1,egc,4.1012,3.758556849252854
*Oc1ccc(C(CC)c2ccc(OC(*)=O)cc2)cc1,egc,5.1581,4.764472064100677
*Oc1ccc(C(CCCC)(CCCC)c2ccc(OC(*)=O)cc2)cc1,egc,4.9969,4.850238015837103
*Oc1ccc(C(F)(F)C(*)(F)F)s1,egc,4.1725,4.54587462724271
*Oc1ccc(C(c2ccc(OC(*)=O)cc2)C2CCCCC2)cc1,egc,4.5492,4.711032192309545
*Oc1ccc(C(c2ccc(OC(=O)c3ccc(OCCCCCCCCCCOc4ccc(C(*)=O)cc4)cc3)cc2)(C(F)(F)F)C(F)(F)F)cc1,egc,4.4545,4.046146430254661
*Oc1ccc(C(c2ccc(OC(=O)c3cccc(C(*)=O)c3)cc2)C(Cl)(Cl)Cl)cc1,egc,3.8681,3.939555629427963
*Oc1ccc(C(c2ccccc2)(c2ccccc2)c2ccc(OC(=O)CCCCCCCCC(*)=O)cc2)cc1,egc,4.7541,4.516210376899844
*Oc1ccc(C(c2ccccc2)(c2ccccc2)c2ccc(OC(=O)c3ccc(S(=O)(=O)c4ccc(C(*)=O)cc4)cc3)cc2)cc1,egc,3.2146,3.7098900463101327
*Oc1ccc(C(c2ccccc2)c2ccc(OC(*)=O)cc2)cc1,egc,5.1003,4.807208078176693
*Oc1ccc(C(c2ccccc2)c2ccc(OC(*)=O)cc2C)c(C)c1,egc,4.7259,4.564927304028496
*Oc1ccc(C2(c3ccc(OC(*)=O)cc3)CC(C)CC(C)(C)C2)cc1,egc,4.7559,4.920175094370143
*Oc1ccc(C2(c3ccc(OC(*)=O)cc3)CCCCCC2)cc1,egc,4.9619,4.880682994509116
*Oc1ccc(C2(c3ccc(OC(*)=O)cc3)c3ccccc3-c3ccccc32)cc1,egc,4.4035,3.8615555097501266
*Oc1ccc(C2(c3ccc(OC(=O)OC4C(C)(C)C(OC(*)=O)C4(C)C)cc3)CC3CCC2C3)cc1,egc,4.7221,4.9061537876245795
*Oc1ccc(C2(c3ccc(OC(=O)OC4C(C)(C)C(OC(*)=O)C4(C)C)cc3)CCC(C(C)(C)C)CC2)cc1,egc,5.0195,4.879878010496772
*Oc1ccc(C2(c3ccc(OC(=O)c4ccc(C(*)=O)cc4)cc3)CC3CC2C2CCCC32)cc1,egc,3.4323,3.564438764755965
*Oc1ccc(C2(c3ccc(OC(=O)c4ccc(C(*)=O)cc4)cc3)CCC(C(C)(C)C)CC2)cc1,egc,3.1462,3.633697661322301
*Oc1ccc(C2(c3ccc(OC(=O)c4ccc(C(*)=O)cc4)cc3)CCc3ccccc32)cc1,egc,3.2587,3.7070024946180804
*Oc1ccc(C2(c3ccc(OC(=O)c4ccc(C(*)=O)cc4)cc3)OC(=O)c3ccccc32)cc1,egc,3.8358,3.6298749029200983
*Oc1ccc(C2(c3ccc(OC(=O)c4cccc(C(*)=O)c4)cc3)CCC3CCCCC3C2)cc1,egc,3.6386,3.453987845058901
*Oc1ccc(C=CC(*)=O)cc1,egc,3.6422,3.283539158994263
*Oc1ccc(C=Nc2ccc(N=Cc3ccc(*)cc3)cc2)cc1,egc,2.8416,3.3182044885545188
*Oc1ccc(CC(*)=O)cc1,egc,4.8618,4.740739322149158
*Oc1ccc(CC(C#N)(C#N)Cc2ccc(*)cc2)cc1,egc,4.9531,4.6608779306535855
*Oc1ccc(CC(NC(=O)CCc2ccc(OC(=O)CCCC(*)=O)cc2)C(=O)OCCOCCOCC)cc1,egc,5.2606,5.138106548297237
*Oc1ccc(CC(NC(=O)CCc2ccc(OC(=O)CCCCCCC(*)=O)cc2)C(=O)OCC(C)C)cc1,egc,5.1444,4.998449778372671
*Oc1ccc(CC(NC(=O)CCc2ccc(OC(=O)CCCCCCC(*)=O)cc2)C(=O)OCC)cc1,egc,5.0929,5.10213301904006
*Oc1ccc(CC(NC(=O)CCc2ccc(OC(=O)COCCOCC(*)=O)cc2)C(=O)OC)cc1,egc,5.2022,4.816390047618638
*Oc1ccc(CC(NC(=O)Cc2ccc(OC(=O)CC(C)CCC(*)=O)cc2)C(=O)OCCCCCC)cc1,egc,4.8662,4.929541845718618
*Oc1ccc(CCNC(=O)c2cccc(C(*)=O)c2)cc1,egc,4.1401,4.551178734488197
*Oc1ccc(Cc2ccc(OC(*)=O)cc2)cc1,egc,4.8502,4.927048544017691
*Oc1ccc(Cc2ccc(OC(=O)OCC3CCC(COC(*)=O)CC3)cc2)cc1,egc,5.1271,5.005358291813288
*Oc1ccc(N=CCCCC=Nc2ccc(OC(=O)Nc3cc(NC(*)=O)ccc3C)cc2)cc1,egc,4.0981,3.6502875035534252
*Oc1ccc(N=CNc2ccc(*)cc2)cc1,egc,3.7365,3.5308967003702754
*Oc1ccc(N=Nc2ccc(*)cc2)cc1,egc,3.1576,3.4172543417266064
*Oc1ccc(NC(=C(C#N)C#N)c2ccc(-c3ccc(-c4ccc(C(Nc5ccc(*)cc5)=C(C#N)C#N)cc4)cc3)cc2)cc1,egc,3.7835,2.932890771184338
*Oc1ccc(NC(=O)CCCCCCCCCCC(=O)Nc2ccc(*)cc2)cc1,egc,4.4722,4.505452881914887
*Oc1ccc(NC(=O)NCCCCCCNC(*)=O)cc1C,egc,4.8377,4.763975345288026
*Oc1ccc(NC(=O)OCCOC(=O)Nc2ccc(*)cc2)cc1,egc,4.8662,4.3908972975093326
*Oc1ccc(NC(=O)c2cc(C(=O)Nc3ccc(*)cc3)cc(S(=O)(=O)c3ccccc3)c2)cc1,egc,3.3682,3.83446322304451
*Oc1ccc(NC(=O)c2cc(NC(=O)c3ccccc3)cc(C(=O)Nc3ccc(*)cc3)c2)cc1,egc,3.6254,3.453926496884388
*Oc1ccc(NC(=O)c2cc(NC(=O)c3ccncc3)cc(C(=O)Nc3ccc(*)cc3)c2)cc1,egc,3.2858,3.409984256181586
*Oc1ccc(NC(=O)c2ccc(Oc3ccc(C(=O)Nc4ccc(*)cc4)c(C(=O)O)c3)cc2C(=O)O)cc1,egc,3.3446,3.2875690986187505
*Oc1ccc(NC(=O)c2cccc(C(=O)Nc3ccc(Oc4ccc(C5(c6ccc(*)cc6)C6CC7CC(C6)CC5C7)cc4)cc3)c2)cc1,egc,3.8847,3.74074762404345
*Oc1ccc(Nc2ccc(N=Nc3ccc(Nc4ccc(*)cc4)cc3)cc2)cc1,egc,2.8393,3.1668052226702215
*Oc1ccc(OC(=O)CCC(*)=O)cc1,egc,5.0485,4.895421583120892
*Oc1ccc(OC(=O)Oc2ccc(C(*)=O)cc2)cc1,egc,4.5384,4.300132435516617
*Oc1ccc(OC(=O)Oc2ccc(OC(*)=O)cc2)cc1Cl,egc,5.1691,4.300337075477556
*Oc1ccc(OC(=O)c2ccc(C(*)=O)cc2)cc1,egc,3.7683,4.152090851610287
*Oc1ccc(OC(=O)c2ccc(C(*)=O)cc2)cc1C1CCCCCC1,egc,3.5076,3.6702239120741096
*Oc1ccc(OC(=O)c2ccc(C(*)=O)cc2)cc1CCC(C)CC,egc,3.5259,3.8802418261038363
*Oc1ccc(OC(=O)c2ccc(C(*)=O)cc2)cc1Cl,egc,3.9402,4.242956848429723
*Oc1ccc(OC(=O)c2ccc(C(*)=O)cc2Oc2ccc(F)cc2)cc1,egc,3.4967,3.6992808394108114
*Oc1ccc(OC(=O)c2ccc(OC(=O)CCCCCCC(*)=O)cc2)cc1,egc,4.1613,4.431684545326727
*Oc1ccc(OC(=O)c2ccc(OC(=O)CCCCCCCCC(*)=O)cc2)cc1,egc,4.2519,4.476729678857872
*Oc1ccc(OC(=O)c2ccc(OCCCCCCCCCCOc3ccc(C(*)=O)cc3)cc2)cc1S(=O)(=O)c1ccccc1,egc,4.4922,3.521241383459152
*Oc1ccc(Oc2ccc(*)cc2)s1,egc,4.6798,3.8273533044101837
*Oc1ccc(Oc2ccc(C(=O)c3ccc(*)cc3)cc2)cc1,egc,3.9034,3.8012370724346862
*Oc1ccc(Oc2ccc(C(=O)c3ccc(*)cc3)cc2)cc1C,egc,3.5517,3.8101975680983804
*Oc1ccc(Oc2ccc(C(=O)c3ccc(*)cc3)cc2)cc1C(=O)O,egc,3.6534,3.6774894810171577
*Oc1ccc(Oc2ccc(C(=O)c3ccc(*)cc3)cc2)cc1C(=O)OC,egc,3.7296,3.756534188014365
*Oc1ccc(Oc2ccc(C(=O)c3ccc(*)cc3)cc2)cc1C(Br)Br,egc,3.947,3.7412020781271917
*Oc1ccc(Oc2ccc(C(=O)c3ccc(*)cc3)cc2)cc1C=O,egc,3.6677,3.72060773877336
*Oc1ccc(Oc2ccc(C(=O)c3ccc(*)cc3)cc2)cc1CBr,egc,3.6235,3.5906893450750563
*Oc1ccc(Oc2ccc(C(=O)c3ccc(*)cc3)cc2)cc1CC#N,egc,4.0183,3.73979418048641
*Oc1ccc(Oc2ccc(C(=O)c3cccc(-c4cccc(C(=O)c5ccc(*)cc5)c4)c3)cc2)cc1,egc,3.724,3.47568126041184
*Oc1ccc(Oc2ccc(C(=O)c3ccccc3-c3ccccc3C(=O)c3ccc(*)cc3)cc2)cc1,egc,3.3644,3.6458220531570484
*Oc1ccc(Oc2ccc(C=NCCCCCCN=Cc3ccc(*)cc3)cc2)cc1,egc,4.2565,4.031212780065786
*Oc1ccc(Oc2ccc(C=NCCCCN=Cc3ccc(*)cc3)cc2)cc1,egc,4.1246,3.9756943752386023
*Oc1ccc(Oc2ccc(NC(=C(C#N)C#N)c3ccc(-c4ccc(-c5ccc(C(Nc6ccc(*)cc6)=C(C#N)C#N)cc5)cc4)cc3)cc2)cc1,egc,3.2228,3.5251907020849154
*Oc1ccc(Oc2ccc(NC(=C(C#N)C#N)c3cccc(C(Nc4ccc(*)cc4)=C(C#N)C#N)c3)cc2)cc1,egc,2.6924,3.4343753574930065
*Oc1ccc(Oc2ccc(NC(=O)c3ccc(Oc4ccc(C(=O)Nc5ccc(*)cc5)c(C(=O)O)c4)cc3C(=O)O)cc2)cc1,egc,3.1241,3.2066496119532575
*Oc1ccc(Oc2ccc(OC(=O)c3ccc(C4(c5ccc(C(*)=O)cc5)OC(=O)c5ccccc54)cc3)cc2)cc1,egc,3.6172,3.7233647717163643
*Oc1ccc(Oc2ccc(OC(=O)c3ccc(OC(=O)c4ccc(C(=O)Oc5ccc(C(*)=O)cc5)cc4)cc3)cc2)cc1,egc,2.7268,3.5822936229494076
*Oc1ccc(Oc2ccc(OC(=O)c3cccc(C(*)=O)c3)cc2)cc1,egc,3.4373,3.666940056207678
*Oc1ccc(Oc2ccc(Oc3cccc(*)n3)cc2)cc1,egc,4.1433,4.223548546343755
*Oc1ccc(Oc2cccc(*)n2)c(-c2ccccc2)c1,egc,4.2637,3.9863433340497285
*Oc1ccc(Oc2cccc(*)n2)c(C)c1,egc,4.4881,4.368892934259197
*Oc1ccc(Oc2cccc(*)n2)cc1,egc,4.3182,4.517343975161269
*Oc1ccc(P(=O)(c2ccccc2)c2ccc(*)cc2)cc1,egc,4.8858,4.255839759566166
*Oc1ccc(P(C)(=O)c2ccc(*)cc2)cc1,egc,4.6884,4.320650482360654
*Oc1ccc(S(=O)(=O)c2ccc(*)cc2)cc1,egc,4.3172,4.167283895905148
*Oc1ccc(S(=O)(=O)c2ccc(-c3ccc(-c4ccc(S(=O)(=O)c5ccc(*)cc5)cc4)cc3)cc2)cc1,egc,3.6921,3.7354155143183014
*Oc1ccc(S(=O)(=O)c2ccc(Oc3ccc(C4(c5ccc(*)cc5)c5ccccc5-c5ccccc54)cc3)cc2)cc1,egc,4.0393,3.561170496158007
*Oc1ccc(S(=O)(=O)c2ccc3cc(S(=O)(=O)c4ccc(Oc5c(C)cc(-c6cc(C)c(*)c(C)c6C)c(C)c5C)cc4)ccc3c2)cc1,egc,3.4715,3.6034200521504745
*Oc1ccc(S(=O)(=O)c2cccc3c(S(=O)(=O)c4ccc(Oc5ccc(-c6ccc(*)cc6)cc5)cc4)cccc23)cc1,egc,3.4062,3.7924628876658164
*Oc1ccc(S(=O)c2ccc(OC(*)=O)cc2)cc1,egc,4.6592,4.52307213486422
*Oc1ccc(SSCCSSc2ccc(*)cc2)cc1,egc,4.0205,3.629342029116131
*Oc1ccc(Sc2ccc(*)cc2)cc1,egc,4.5667,4.179281439328511
*Oc1ccc(Sc2ccc(OC(*)=O)cc2)cc1,egc,4.473,4.488660998675178
*Oc1ccc2c(c1)C(=O)N(Oc1ccc(C(N3C(=O)CC(*)C3=O)(C(F)(F)F)C(F)(F)F)cc1)C2=O,egc,3.5205,3.667910599762919
*Oc1ccc2ccccc2c1N=Nc1ccc(C(*)=O)cc1,egc,2.8394,3.3473637892773853
*Oc1ccc2nc3oc4cc5oc6c7c(cn6ccc5on4cnc3c12)nc1c(*)ccccc17,egc,1.4158,3.0681781074475722
*Oc1cccc(*)c1,egc,4.9932,4.247286989293567
*Oc1cccc(C(=O)Nc2ccc(S(=O)(=O)c3ccc(NC(=O)c4cccc(Oc5nc(*)nc(Sc6ccccc6)n5)c4)cc3)cc2)c1,egc,3.9202,3.712469253070338
*Oc1cccc(C(=O)OCC(F)(F)C(F)(F)C(F)(F)COC(=O)c2cccc(*)c2)c1,egc,4.5011,4.537905474450166
*Oc1cccc(C(=O)c2cccc(Oc3cccc(*)c3)c2)c1,egc,3.6547,3.9536109704902636
*Oc1cccc(NC(=O)c2ccc(*)cc2)c1,egc,4.3679,4.0472997344854456
*Oc1cccc(OC(=O)c2ccc(Oc3ccc(C(*)=O)cc3)cc2)c1,egc,4.2359,3.6345186240000777
*Oc1cccc(OC(=O)c2cccc(C(*)=O)c2)c1,egc,4.1279,4.290727242251926
*Oc1cccc(Oc2ccc(S(=O)(=O)c3ccc(*)cc3)cc2)c1,egc,4.2737,4.152280859512437
*Oc1cccc(Oc2cccc(*)n2)c1,egc,4.536,4.418749772472603
*Oc1cccc2c(OC(=O)Oc3ccc(OC(*)=O)cc3C)cccc12,egc,4.1043,4.130786625907115
*Oc1cccc2c(OC(=O)Oc3cccc(OC(*)=O)c3)cccc12,egc,4.104,4.1167633886674295
*Oc1ccccc1CNC(=O)Nc1ccc(Cc2ccc(NC(*)=O)cc2)cc1,egc,4.6144,3.9988904957197837
*SC1CCCC(*)C1,egc,4.9242,4.866191747144053
*c1[nH]c(*)c(C(=O)O)c1C,egc,3.2017,2.9485646798921485
*c1[nH]c(*)c(CC(=O)OC)c1CC(=O)OC,egc,3.2776,3.689970941149645
*c1[nH]c(*)c(OC)c1OC,egc,2.5591,4.306076030719159
*c1[nH]c(*)c2c1CCCC2,egc,2.7316,3.1313932390575334
*c1[nH]c(*)c2c1CCCCC2,egc,3.1158,2.822108161235438
*c1c(C)cc(-c2cc(C)c(N3C(=O)c4ccc(-c5ccc6c(c5)C(=O)N(*)C6=O)cc4C3=O)c(C)c2)cc1C,egc,2.8885,3.091895255457965
*c1c(C)cc(-c2cc(C)c(N3C(=O)c4ccc(S(=O)(=O)c5ccc6c(c5)C(=O)N(*)C6=O)cc4C3=O)c(C)c2)cc1C,egc,2.7305,2.997308716188377
*c1c(C)cc(Cc2cc(C)c(N3C(=O)c4ccc(Oc5cccc6c(Oc7ccc8c(c7)C(=O)N(*)C8=O)cccc56)cc4C3=O)c(C)c2)cc1C,egc,3.4317,2.630067036266646
*c1c(F)c(F)c(*)c(F)c1F,egc,5.4728,3.889168791204957
*c1cc(*)c(O)c(C=Nc2ccc(C(=O)O)cc2)c1,egc,2.8212,3.338216509878262
*c1cc(*)c(O)c(C=Nc2ccc(Cl)cc2)c1,egc,2.9264,2.6863125785540456
*c1cc(*)c(O)c(C=O)c1,egc,3.2778,3.960325183359256
*c1cc(*)cc(C23CC4CC(CC(C4)C2)C3)c1,egc,4.4178,4.597902438628365
*c1cc(-c2cc(CCCCCCCC)ccc2CCCCCCCC)c(*)s1,egc,1.6967,2.683691900954947
*c1cc(-c2ccc(Br)cc2)c(*)s1,egc,2.7394,2.865241614517495
*c1cc(-c2ccc(F)cc2)c(*)s1,egc,2.6765,2.7452900941562124
*c1cc(-c2ccc(OCCCCCC)cc2)c(*)s1,egc,2.6448,2.8389402309264966
*c1cc(-c2ccc(OCCCCCCCC)cc2)c(*)s1,egc,2.6404,2.800242772096532
*c1cc(-c2ccccc2)c(*)s1,egc,2.7439,2.6876339788171655
*c1cc(-c2nc3ccccc3o2)cc(-n2c(=O)c3cc4c(=O)n(*)c(=O)c4cc3c2=O)c1,egc,2.4745,2.519053721303775
*c1cc(-c2nc3ccccc3s2)cc(-n2c(=O)c3cc4c(=O)n(*)c(=O)c4cc3c2=O)c1,egc,2.4436,2.3491821083018074
*c1cc(-c2sc(-c3cc(C)c(*)s3)cc2C)c2cccccc1-2,egc,1.8668,2.053124800794708
*c1cc(-n2c(=O)c3cc4c(=O)n(*)c(=O)c4cc3c2=O)c(O)cc1O,egc,2.8367,3.1223473116858953
*c1cc(-n2c(=O)c3cc4c(=O)n(-c5ccc(-c6nnc(*)n6N)cc5)c(=O)c4cc3c2=O)c(-c2c(Cl)cccc2Cl)s1,egc,2.1911,2.2965761160839575
*c1cc(Br)c(Oc2c(Br)cc(N3C(=O)c4ccc(-c5ccc6c(c5)C(=O)N(*)C6=O)cc4C3=O)cc2Br)c(Br)c1,egc,2.9494,2.8056349900383433
*c1cc(C#N)c(*)s1,egc,1.691,2.4161601007375846
*c1cc(C(=O)OCC(F)(F)C(F)(F)C(F)(F)F)c(*)s1,egc,2.8607,2.7654640676860605
*c1cc(C(=O)OCCCCCC)c(*)s1,egc,2.8903,2.394250009559734
*c1cc(C(=O)Oc2cccc3cccnc23)c(*)s1,egc,2.8057,2.395159702166145
*c1cc(C(C(=O)OC)C(=O)OC)c(*)s1,egc,2.7717,3.1882514749149617
*c1cc(C(F)(F)C(F)(F)C(F)(F)F)c(*)s1,egc,2.8054,3.2193301483778645
*c1cc(C)c(*)cn1,egc,5.1074,4.655345680710029
*c1cc(C)c(*)s1,egc,1.9299,2.3352203380440617
*c1cc(C)c(-c2c(C)cc(N3C(=O)c4ccc(-c5ccc6c(c5)C(=O)N(*)C6=O)cc4C3=O)cc2C)c(C)c1,egc,3.1002,2.870502514287891
*c1cc(C=NC(=S)Nc2ccc(-n3c(=O)c4cc5c(=O)n(*)c(=O)c5cc4c3=O)cc2)ccc1Cl,egc,2.0293,2.2147173799575546
*c1cc(C=Nc2ccc(C)cc2)c(*)c(OC)c1,egc,3.3765,3.4358025823364904
*c1cc(C=O)cc(*)c1O,egc,4.1592,3.962250621478026
*c1cc(CC(=O)Cl)c(*)s1,egc,2.8053,2.3835344360608195
*c1cc(CC(=O)OCCCCCCCC)c(*)[nH]1,egc,3.192,3.339760327364157
*c1cc(CC(=O)OCCCCCCOc2ccc(N=Nc3ccc(C#N)cc3)cc2)c(*)s1,egc,2.6018,2.605809534855483
*c1cc(CC(=O)OCCN(CC)c2ccc(N=Nc3ccc([N+](=O)[O-])cc3)cc2)c(*)s1,egc,2.2179,1.9813727644959045
*c1cc(CC)c(*)s1,egc,2.3523,2.6480755952079575
*c1cc(CCCC(F)(F)C(F)(F)C(F)(F)C(F)(F)F)c(*)s1,egc,2.4769,2.8589225119371293
*c1cc(CCCC)c(*)s1,egc,2.5394,2.6091260348432552
*c1cc(CCCCC)c(*)s1,egc,2.495,2.4000151676281614
*c1cc(CCCCCC)c(*)[nH]1,egc,2.8742,2.8895748626235194
*c1cc(CCCCCC)c(*)s1,egc,2.5608,2.3550923770781758
*c1cc(CCCCCCBr)c(*)s1,egc,2.553,2.5575408464062037
*c1cc(CCCCCCCC)c(*)s1,egc,2.5682,2.6447536104519482
*c1cc(CCCCCCCCCC(O)CO)c(*)s1,egc,2.497,3.040109288863699
*c1cc(CCCCCCCCCC)c(*)[nH]1,egc,2.8756,3.491416391311347
*c1cc(CCCCCCCCCC2COC(=O)O2)c(*)s1,egc,2.5293,3.42700725642635
*c1cc(CCCCCCCCCC2COC(C)(C)O2)c(*)s1,egc,2.9938,2.6177120444640116
*c1cc(CCCCCCCCCC2COC(c3ccccc3)O2)c(*)s1,egc,3.048,2.7676106637067974
*c1cc(CCCCCCCCCCCC)c(*)s1,egc,2.7478,2.6887132260596074
*c1cc(CCCCCCCCCCCC)c(-c2sc(*)c3c2OCCO3)s1,egc,2.3785,1.4655680823374762
*c1cc(CCCCCCCCCCCCCCCC)c(*)[nH]1,egc,3.0442,3.466392743369636
*c1cc(CCCCCCCCCCCCCCCCCCCCCC)c(*)s1,egc,2.9666,2.7316502124079443
*c1cc(CCCCCCOC(=O)COc2ccccc2)c(*)s1,egc,2.6531,2.7849966943705824
*c1cc(CCN(CC)c2ccc(N=Nc3ccc(C=C(C#N)C#N)cc3)cc2)c(*)s1,egc,1.3795,2.032689176230301
*c1cc(CCOC(=O)C(C)Br)c(*)s1,egc,2.3659,2.942511576962155
*c1cc(CCOCCOC)c(*)[nH]1,egc,2.8631,2.924048249107739
*c1cc(CCOc2ccc(N=Nc3ccc(C#N)cc3)cc2)c(*)s1,egc,2.0292,2.460045453961185
*c1cc(CCS(=O)(=O)O)c(*)s1,egc,2.5623,2.313759822307309
*c1cc(COCCCCCCCCCCCCOc2ccc(-c3ccc(OC)cc3)cc2)c(*)s1,egc,2.5163,3.0224213523198316
*c1cc(COCCCCCCCCOc2ccc(-c3ccc(C#N)cc3)cc2)c(*)s1,egc,2.9654,2.9680174854890153
*c1cc(COCCOCCOC)c(-c2cc(CCCCCCCCCCCC)c(*)s2)s1,egc,1.7176,2.6050763165691557
*c1cc(N=Nc2ccc(C#N)cc2)cc(*)c1O,egc,2.4223,2.937912313704302
*c1cc(N=Nc2ccc(C(=O)O)cc2)cc(*)c1O,egc,2.9911,2.8786997641862015
*c1cc(N=Nc2ccc(S(=O)(=O)O)cc2)cc(*)c1O,egc,3.0327,3.261858075058161
*c1cc(OCC(=O)C23CC4CC(CC(C4)C2)C3)c(*)cc1OC,egc,4.0135,4.441796456019689
*c1cc(OCCOC)c(*)s1,egc,1.6015,3.1509503985584075
*c1cc(OCCOCCCC)c(*)s1,egc,2.819,1.9629579930366248
*c1cc(OCCOCCOC)c(-c2sc(*)c3c2OCCO3)s1,egc,2.2046,1.9497799053164855
*c1cc(SC)c(*)s1,egc,1.5945,2.4493862308828303
*c1cc(SCCCCCC)c(*)s1,egc,1.6201,2.222436274093727
*c1cc(SCCCCCCCCCCCC)c(*)s1,egc,1.5021,2.701539127486897
*c1cc2c(s1)-c1sc(*)cc1C2(CCCCCC)CCCCCC[N+](C)(C)C,egc,0.0751,0.017820717325481964
*c1cc2c(s1)-c1sc(*)cc1C2=C(C#N)C#N,egc,0.6839,2.0300062810521338
*c1cc2c(s1)-c1sc(*)cc1C2=C1c2ccsc2-c2sccc21,egc,1.3371,1.3162842618401303
*c1cc2c(s1)-c1sc(*)cc1C2CCCCCCN,egc,2.6725,2.500268691460337
*c1cc2c(s1)-c1sc(-c3sc(-c4sc(*)c5c4OCCO5)c4c3OCCO4)cc1C2=C(C#N)C#N,egc,0.9952,1.5304489979538036
*c1cc2cc(*)sc2s1,egc,3.3358,2.001337169342674
*c1cc2sc(*)cc2s1,egc,1.8963,2.986533557930482
*c1cc2sc3cc(*)sc3c2s1,egc,1.8464,1.6737621755193535
*c1ccc(*)[nH]1,egc,2.4594,2.9474281728581135
*c1ccc(*)c(C(=O)c2c(F)c(F)c(F)c(F)c2F)c1,egc,4.0903,3.932938251360169
*c1ccc(*)c(OC)c1N,egc,4.71,3.845334371127212
*c1ccc(*)c2nc(-c3ccccc3)c(-c3ccccc3)nc12,egc,3.1914,3.2150679295018563
*c1ccc(*)c2nc(CCCCCCC)c(CCCCCCC)nc12,egc,3.0414,3.7983080923493926
*c1ccc(*)c2nccnc12,egc,3.0389,3.4743444316559557
*c1ccc(*)n1C,egc,2.6193,2.6494586840502086
*c1ccc(*)n1C(=O)OCC,egc,2.3493,3.0920632445013125
*c1ccc(*)n1C(C(=O)NO)n1ccc2ccccc21,egc,2.4131,3.762441999360399
*c1ccc(*)n1C(C)C(=O)OC,egc,2.9894,2.9935397036271665
*c1ccc(*)n1CC(=O)NO,egc,2.9276,2.8840543696789283
*c1ccc(*)n1CC(=O)OC,egc,2.6899,2.8739455049795066
*c1ccc(*)n1CCC(=O)NO,egc,2.8742,3.0685397569648183
*c1ccc(*)n1CCC(=O)OC,egc,2.7978,2.8274376612919014
*c1ccc(*)n1CCC(=O)OCC,egc,2.8986,2.971927199699684
*c1ccc(*)n1CCCCCC,egc,2.8542,2.5363252656915547
*c1ccc(*)n1Cc1ccc[n+](C)c1,egc,0.2844,2.295038030144889
*c1ccc(-c2cc(CCCCCCCCCCCC)c(*)s2)s1,egc,1.5458,1.96543588479933
*c1ccc(-c2cc(CCCCCCOC(=O)COc3ccccc3)c(*)s2)s1,egc,1.9751,2.81308527349401
*c1ccc(-c2ccc(*)c(C)c2)cc1C,egc,3.8863,3.4448291182702167
*c1ccc(-c2ccc(*)c(CCCCCC)n2)nc1CCCCCC,egc,3.9211,2.9836686603967095
*c1ccc(-c2ccc(*)n2C#Cc2ccc(CCCCCC)cc2)s1,egc,2.5339,2.3796785795097164
*c1ccc(-c2ccc(*)nc2)cn1,egc,3.5855,3.391542628120978
*c1ccc(-c2ccc(-c3cc(*)c4cccccc3-4)s2)s1,egc,2.0762,2.051362040679992
*c1ccc(-c2ccc(-c3cc(-c4ccc(Oc5ccc(-c6cc(*)nc7ccccc67)cc5)cc4)c4ccccc4n3)cc2)cc1,egc,3.4086,3.121948340432118
*c1ccc(-c2ccc(-c3cc(-c4ccccc4)c4cc(-c5ccc6nc(*)cc(-c7ccccc7)c6c5)ccc4n3)cc2)cc1,egc,3.1298,3.085744041726874
*c1ccc(-c2ccc(-c3cc(CCCCCCCC)c(*)s3)s2)s1,egc,2.4777,1.9675935851160924
*c1ccc(-c2ccc(-c3cc(OCCCCCCCCCCCC)c(*)s3)s2)s1,egc,1.9946,1.9828661920997102
*c1ccc(-c2ccc(-c3cc(SCCCC)c(*)s3)cc2)cc1,egc,2.8499,2.855082086495298
*c1ccc(-c2ccc(-c3cc(SCCCCCCCCCC)c(*)s3)cc2)cc1,egc,3.0684,2.5710536226606946
*c1ccc(-c2ccc(-c3ccc(*)n3C)n2C)cn1,egc,2.931,2.704701036791277
*c1ccc(-c2ccc(-c3ccc(*)n3C)o2)o1,egc,2.825,2.5394442916528916
*c1ccc(-c2ccc(-c3ccc(*)n3C)s2)s1,egc,2.5449,2.255026370906038
*c1ccc(-c2ccc(-c3ccc(*)s3)o2)o1,egc,1.6749,2.2658844540211414
*c1ccc(-c2ccc(-c3ccc(*)s3)s2)cn1,egc,2.3342,3.2589923837742085
*c1ccc(-c2ccc(-c3ccc(*)s3)s2)o1,egc,1.6557,2.3799572437590553
*c1ccc(-c2ccc(-c3ccc(-c4cc(-c5ccccc5)c5cc(Oc6ccc7nc(*)cc(-c8ccccc8)c7c6)ccc5n4)cc3)cc2)cc1,egc,3.1875,3.3941081344921082
*c1ccc(-c2ccc(-c3ccc(-c4ccc(*)cc4)cc3)cc2)cc1,egc,2.5009,3.5064462063239996
*c1ccc(-c2ccc(-c3ccc(-c4ccc(*)s4)cc3)cc2)cc1,egc,2.8936,2.7155504971082065
*c1ccc(-c2ccc(-c3ccc(-c4ccc(*)s4)cc3)s2)cc1,egc,2.8274,2.2719722273507346
*c1ccc(-c2ccc(-c3ccc(-c4ccc(*)s4)s3)cc2)cc1,egc,2.2403,2.736117023898254
*c1ccc(-c2ccc(-c3ccc(-c4ccc(*)s4)s3)s2)cc1,egc,2.0066,2.6318951942608595
*c1ccc(-c2ccc(-c3ccc(-c4ccc(-c5ccc(*)n5CCCCCCCCCCCC)s4)s3)s2)s1,egc,2.1419,2.002181214852428
*c1ccc(-c2ccc(-c3ccc(-c4nc5cc6sc(*)nc6cc5s4)cc3)c(-c3ccccc3)c2-c2ccccc2)cc1,egc,3.1992,2.8154940912174915
*c1ccc(-c2ccc(-c3ccc(-n4c(=O)c5cc6c(=O)n(*)c(=O)c6cc5c4=O)cc3)cc2)cc1,egc,2.1515,2.3231729736788944
*c1ccc(-c2ccc(-c3ccc4nc(Oc5cc(-c6ccccc6)c6cc(*)ccc6n5)cc(-c5ccccc5)c4c3)cc2)cc1,egc,3.3775,3.339802915526484
*c1ccc(-c2ccc(-c3cnc4cc(-c5ccc6nc(*)cnc6c5)ccc4n3)cc2)cc1,egc,2.7698,3.0214044457703824
*c1ccc(-c2ccc(-c3cnc4cc(Oc5ccc6nc(*)cnc6c5)ccc4n3)cc2)cc1,egc,3.0165,3.095080792947432
*c1ccc(-c2ccc(-c3nc(CCCCCCCCCCCC)c(-c4sc(*)nc4CCCCCCCCCCCC)s3)s2)s1,egc,2.2184,2.396900342738823
*c1ccc(-c2ccc(-c3nc4cc(Oc5ccc6nc(-c7ccccc7)c(*)nc6c5)ccc4nc3-c3ccccc3)cc2)cc1,egc,3.1965,3.1005461465596738
*c1ccc(-c2ccc(-c3nc4ccc(Oc5ccc6nc(*)c(-c7ccccc7)c(-c7ccccc7)c6c5)cc4c(-c4ccccc4)c3-c3ccccc3)cc2)cc1,egc,3.3136,3.2132573868822276
*c1ccc(-c2ccc(-c3nnc(*)n3-c3ccc(OC)cc3)cc2)cc1,egc,3.8442,3.409284171855411
*c1ccc(-c2ccc(-c3sc(*)c4c3OCCO4)s2)s1,egc,1.3916,1.687401204448442
*c1ccc(-c2ccc(-n3c(=O)c4cc5c(=O)n(*)c(=O)c5cc4c3=O)cc2)cc1,egc,2.1894,2.532252547408404
*c1ccc(-c2ccc(-n3c(=O)c4cc5c(=O)n(*)c(=O)c5cc4c3=O)cc2F)c(F)c1,egc,2.7749,2.725399649709781
*c1ccc(-c2ccc(-n3c(=O)c4cc5c(=O)n(*)c(=O)c5cc4c3=O)cc2OC(F)(F)F)c(OC(F)(F)F)c1,egc,2.7837,2.406391457194775
*c1ccc(-c2ccc(C(=S)c3ccc(*)s3)s2)cc1,egc,2.0866,2.349097112608582
*c1ccc(-c2ccc(C(F)(F)C(*)(F)F)cc2)s1,egc,3.7339,3.6647814417552453
*c1ccc(-c2ccc(N(c3ccccc3)c3ccc4ccc(N(*)c5ccccc5)cc4c3)cc2)cc1,egc,3.0933,2.919874301430373
*c1ccc(-c2ccc(N3C(=O)c4ccc(-c5cccc6c5C(=O)N(*)C6=O)cc4C3=O)c(C)c2)cc1C,egc,2.9133,3.1223884850426646
*c1ccc(-c2ccc(N3C(=O)c4ccc(Oc5ccc6c(c5)C(=O)N(*)C6=O)cc4C3=O)cc2)cc1,egc,3.0187,2.9514193130078685
*c1ccc(-c2ccc(N3C(=O)c4ccc(Oc5ccc6c(c5)C(=O)N(*)C6=O)cc4C3=O)cc2C)c(C)c1,egc,3.2926,2.9040871758574975
*c1ccc(-c2ccc(Oc3ccc(*)s3)s2)cc1,egc,3.0679,3.339353567297961
*c1ccc(-c2ccc3nc(*)cc(-c4ccccc4)c3c2)cc1,egc,2.9209,3.145204930196257
*c1ccc(-c2ccc3nc(Oc4cc(-c5ccccc5)c5cc(*)ccc5n4)cc(-c4ccccc4)c3c2)cc1,egc,3.4645,3.1482044762379653
*c1ccc(-c2ccc3nc4oc5cc6[nH]c7nc8cc(*)ccc8nc7nc-6[nH]c=5n-4ccc3c2)cc1,egc,1.9579,2.6537919642996606
*c1ccc(-c2ccn3sc4nc5nc6c(cc5oc-4cc-3nc2)Nc2nc3ccc(*)cc3nc2O6)cc1,egc,1.535,2.8088325355038184
*c1ccc(-c2cnc3cc(-c4ccc5nc(*)cnc5c4)ccc3n2)cc1,egc,3.2178,3.282130400237727
*c1ccc(-c2cnc3cc(S(=O)(=O)c4ccc5nc(*)cnc5c4)ccc3n2)cc1,egc,3.1704,3.28190533672612
*c1ccc(-c2cnc3cc4ncc(*)nc4cc3n2)cc1,egc,2.7084,3.042559286084999
*c1ccc(-c2cnc3ccc(-c4ccc5nc(*)cnc5c4)cc3n2)cc1,egc,3.3633,3.0861157237400665
*c1ccc(-c2cnc3ccc(-c4ccc5ncc(*)nc5c4)cc3n2)cc1,egc,3.3577,3.1233434097413064
*c1ccc(-c2cnc3ccc(S(=O)(=O)c4ccc5ncc(*)nc5c4)cc3n2)cc1,egc,3.2952,3.1746090433877843
*c1ccc(-c2csc(-c3cc(*)cs3)c2)cc1,egc,3.4782,2.8097584828623696
*c1ccc(-c2csc(-c3nc(*)cs3)n2)cc1,egc,3.3372,3.404588813008791
*c1ccc(-c2nc(-c3ccc(-c4nc(*)sc4C(=O)O)cc3)c(C(=O)O)s2)cc1,egc,3.4119,3.05750976242489
*c1ccc(-c2nc3cc(-c4ccc5nc(*)c(-c6ccc7ccccc7c6)nc5c4)ccc3nc2-c2ccc3ccccc3c2)cc1,egc,2.9636,3.0438319758534482
*c1ccc(-c2nc3cc(-c4ccc5nc(*)c(-c6ccccc6)nc5c4)ccc3nc2-c2ccccc2)cc1,egc,2.983,3.1782196310380337
*c1ccc(-c2nc3cc(-c4ccc5nc(-c6ccccc6)c(*)nc5c4)ccc3nc2-c2ccccc2)cc1,egc,3.3015,3.009732009613213
*c1ccc(-c2nc3cc(-c4ccc5oc(*)nc5c4)ccc3o2)cc1,egc,3.1145,3.2840905476723417
*c1ccc(-c2nc3cc(Oc4ccc5nc(*)c(-c6ccccc6)nc5c4)ccc3nc2-c2ccccc2)cc1,egc,3.1353,3.183022435148346
*c1ccc(-c2nc3cc4nc(*)[nH]c4cc3[nH]2)cc1,egc,3.6007,3.217695372811715
*c1ccc(-c2nc3cc4nc(*)c(-c5ccccc5)nc4cc3nc2-c2ccccc2)cc1,egc,2.6364,2.918384808932079
*c1ccc(-c2nc3cc4nc(-c5ccccc5)c(*)nc4cc3nc2-c2ccccc2)cc1,egc,2.8531,2.648717905656015
*c1ccc(-c2nc3ccc(-c4ccc5nc(*)c(-c6ccccc6)nc5c4)cc3nc2-c2ccccc2)cc1,egc,3.1693,3.0110688603218296
*c1ccc(-c2nc3ccc(-c4ccc5nc(*)sc5c4)cc3s2)cc1,egc,3.0122,3.191457291505185
*c1ccc(-c2nc3ccc(Oc4ccc5nc(*)c(-c6ccccc6)nc5c4)cc3nc2-c2ccccc2)cc1,egc,3.199,3.1811580915136224
*c1ccc(-c2nnc(*)o2)c(OCCCCC)c1,egc,3.0444,3.230757062145831
*c1ccc(-c2nnc(*)o2)cc1,egc,3.0775,3.6206754388259412
*c1ccc(-c2nnc(-c3cccc(-c4nnc(*)o4)c3)o2)cc1,egc,3.4013,3.5956680022490692
*c1ccc(-c2nnc(-c3cccc(-c4nnc(*)o4)n3)o2)cc1,egc,3.8824,3.511103705775606
*c1ccc(-c2nnc(-c3nnc(*)o3)o2)cc1,egc,2.9171,4.137326619654733
*c1ccc(-c2sc(-c3cc(SCCCC)c(*)s3)cc2SCCCC)cc1,egc,2.4731,2.617679423292677
*c1ccc(-c2sc(-c3cc(SCCCCCCCC)c(*)s3)cc2SCCCCCCCC)cc1,egc,2.4336,2.1983611377146777
*c1ccc(-n2c(=O)c3cc4c(=O)n(*)c(=O)c4cc3c2=O)c(C)c1,egc,2.9393,2.7923969916879967
*c1ccc(-n2c(=O)c3cc4c(=O)n(*)c(=O)c4cc3c2=O)cc1,egc,2.8625,2.914417622280094
*c1ccc(-n2ccc(-c3ccc(-c4ccn(*)n4)cc3)n2)cc1,egc,3.3335,3.663291375297822
*c1ccc(-n2ccc(-c3cccc(-c4ccn(*)n4)c3)n2)cc1,egc,3.7316,3.3173482440265127
*c1ccc(C(=O)C(F)(F)C(*)(F)F)cc1,egc,4.443,4.327240747982143
*c1ccc(C(=O)Nc2ccc(-c3ccc(NC(=O)c4ccc(-n5c(=O)c6sc7c(=O)n(*)c(=O)c7sc6c5=O)cc4)cc3)cc2)cc1,egc,1.2847,1.8099298728667634
*c1ccc(C(=O)Nc2ccc(-n3c(=O)c4cc5c(=O)n(*)c(=O)c5cc4c3=O)cc2C(=O)OCC)cc1,egc,2.463,2.559873244232642
*c1ccc(C(=O)Nc2ccc(NC(=O)c3ccc(-n4c(=O)c5sc6c(=O)n(*)c(=O)c6sc5c4=O)cc3)cc2)cc1,egc,1.4889,1.6213893900507252
*c1ccc(C(=O)Nc2ccc(Oc3ccc(NC(=O)c4ccc(-n5c(=O)c6cc7c(=O)n(*)c(=O)c7cc6c5=O)cc4)cc3)cc2)cc1,egc,1.639,2.1717877550809184
*c1ccc(C(=O)Nc2ccc(Oc3ccc(NC(=O)c4ccc(Oc5ccc(-c6nn(*)c(=O)c7ccccc67)c6ccccc56)cc4)cc3)cc2)cc1,egc,3.2201,2.8963881224322456
*c1ccc(C(=O)Nc2cccc(-n3c(=O)c4cc5c(=O)n(*)c(=O)c5cc4c3=O)c2)cc1,egc,2.445,2.4722753220345686
*c1ccc(C(=O)c2cccc(-n3c(=O)c4cc5c(=O)n(*)c(=O)c5cc4c3=O)c2)cc1,egc,3.1782,2.5822689304686626
*c1ccc(C(C#N)(C(=O)O)C(*)(C#N)C(=O)O)cc1,egc,5.2415,4.4271939206880155
*c1ccc(C(C)(C)c2ccc(-n3c(=O)c4cc5c(=O)n(*)c(=O)c5cc4c3=O)cc2)cc1,egc,2.5724,2.615483691350238
*c1ccc(C(C=CC)c2ccc(-n3c(=O)c4cc5c(=O)n(*)c(=O)c5cc4c3=O)cc2)cc1,egc,2.5577,2.2922411038598156
*c1ccc(C(F)(F)CC(*)(F)F)cc1,egc,4.7291,5.156220473664975
*c1ccc(C(F)(F)CC(*)(F)F)s1,egc,5.0751,4.478578346076704
*c1ccc(C(F)(F)NC(*)(F)F)s1,egc,4.586,4.162916279711972
*c1ccc(C(F)(F)c2ccc(C(*)(F)F)s2)s1,egc,3.3802,3.339060858153356
*c1ccc(C(c2ccc(-n3c(=O)c4cc5c(=O)n(*)c(=O)c5cc4c3=O)cc2)(C(F)(F)F)C(F)(F)F)cc1,egc,2.7195,2.815674999585965
*c1ccc(C(c2ccccc2)(c2ccc(-c3nc4ccc(-c5ccc6nc(*)oc6c5)cc4o3)cc2)C(F)(F)F)cc1,egc,3.4178,3.7729584189653576
*c1ccc(C(c2ccccc2)(c2ccc(-n3c(=O)c4cc5c(=O)n(*)c(=O)c5cc4c3=O)cc2)C(F)(F)F)cc1,egc,2.7963,2.8050477930823114
*c1ccc(C(c2ccccc2)c2ccc(N3C(=O)c4ccc(-c5ccc6c(c5)C(=O)N(*)C6=O)cc4C3=O)cc2)cc1,egc,2.907,2.822315584886126
*c1ccc(C)c(N2C(=O)c3ccc(-c4ccc5c(c4)C(=O)N(*)C5=O)cc3C2=O)c1,egc,3.4309,3.0835781065365566
*c1ccc(C)c(N2C(=O)c3ccc(S(=O)(=O)c4ccc5c(c4)C(=O)N(*)C5=O)cc3C2=O)c1,egc,3.2404,3.2549241450121253
*c1ccc(C)c(N2CC(=O)N(*)CC2=O)c1,egc,5.1153,4.679423153437893
*c1ccc(C2(c3ccc(N4C(=O)c5ccc(-c6ccc7c(c6)C(=O)N(*)C7=O)cc5C4=O)cc3)c3ccccc3-c3ccccc32)cc1,egc,2.7114,2.8980865306208847
*c1ccc(C2(c3ccc(N4C(=O)c5ccc(C(=O)c6ccc7c(c6)C(=O)N(*)C7=O)cc5C4=O)cc3)c3ccccc3-c3ccccc32)cc1,egc,2.4589,2.759469825308015
*c1ccc(C2(c3ccc(N4C(=O)c5ccc(Oc6ccc7c(c6)C(=O)N(*)C7=O)cc5C4=O)cc3)OC(=O)c3ccccc32)cc1,egc,3.3847,2.9451586201386895
*c1ccc(CC(F)(F)C(*)(F)F)cc1,egc,5.1278,5.05443275650857
*c1ccc(Cc2ccc(N3C(=O)C(=O)N(*)C3=O)cc2)cc1,egc,3.5238,3.5739718987077036
*c1ccc(Cc2ccc(N3C(=O)C4CCC5C(=O)N(*)C(=O)C5C4C3=O)c(C)c2)cc1C,egc,4.8465,4.03751845490855
*c1ccc(Cc2ccc(N3C(=O)N(*)C3=O)cc2)cc1,egc,4.1662,4.109534467980014
*c1ccc(Cc2ccc(N3C(=O)c4ccc(-c5ccc6c(c5)C(=O)N(*)C6=O)cc4C3=O)cc2)cc1,egc,2.9129,2.8874829755078646
*c1ccc(Cc2ccc(N3C(=O)c4ccc([Si](C)(C)c5ccc6c(c5)C(=O)N(*)C6=O)cc4C3=O)cc2)cc1,egc,2.9801,2.90408607288371
*c1ccc(Cc2cccc(-n3c(=O)c4cc5c(=O)n(*)c(=O)c5cc4c3=O)c2)cc1,egc,2.6251,2.7705694521412823
*c1ccc(Cc2ccccc2-n2c(=O)c3cc4c(=O)n(*)c(=O)c4cc3c2=O)cc1,egc,2.9239,2.6867530214365103
*c1ccc(N(*)c2ccc(S(=O)(=O)O)cc2)cc1,egc,3.3685,3.7497202991185845
*c1ccc(N(c2ccc(C#N)cc2)c2ccc(-n3c(=O)c4cc5c(=O)n(*)c(=O)c5cc4c3=O)cc2)cc1,egc,1.6108,2.111255869969895
*c1ccc(N(c2ccc(C#N)cc2)c2ccc(N3C(=O)c4ccc(-c5ccc6c(c5)C(=O)N(*)C6=O)cc4C3=O)cc2)cc1,egc,2.0474,2.425283933421249
*c1ccc(N(c2ccc(C#N)cc2)c2ccc(N3C(=O)c4ccc(Oc5ccc6c(c5)C(=O)N(*)C6=O)cc4C3=O)cc2)cc1,egc,2.2981,2.1573228156821362
*c1ccc(N(c2ccc(CCCC)cc2)c2ccc(-c3ccc(*)s3)cc2)cc1,egc,2.8955,3.0638175164708454
*c1ccc(N2C(=O)c3ccc(-c4ccc5c(c4)C(=O)N(*)C5=O)cc3C2=O)nc1,egc,3.2895,3.175838315164404
*c1ccc(N2C(=O)c3ccc(-c4cccc5c4C(=O)N(*)C5=O)cc3C2=O)cc1,egc,3.1892,3.276139430842211
*c1ccc(N2C(=O)c3ccc(-c4cccc5c4C(=O)N(c4ccc6[nH]c(*)nc6c4)C5=O)cc3C2=O)cc1,egc,2.9114,2.8701533096023
*c1ccc(N2C(=O)c3ccc(C(=O)c4ccc5c(c4)C(=O)N(c4ccc6[nH]c(*)nc6c4)C5=O)cc3C2=O)cc1,egc,2.4444,2.647751057743439
*c1ccc(N2C(=O)c3ccc(Oc4ccc5c(c4)C(=O)N(*)C5=O)cc3C2=O)cc1,egc,3.4906,3.082363582681393
*c1ccc(N2CCC(c3cccc(C4=NN(*)CC4)c3)=N2)cc1,egc,2.8203,3.2374305385955022
*c1ccc(NC(=O)c2cc(NC(=O)c3ccc(OC(C)=O)cc3)cc(C(=O)Nc3ccc(-c4nnc(*)o4)cc3)c2)cc1,egc,3.4669,3.2607045866934863
*c1ccc(NC(=O)c2ccc(C(=O)Nc3ccc(-c4nc5ccc(-c6ccc7nc(*)[nH]c7c6)cc5[nH]4)cc3)cc2)cc1,egc,2.5692,3.076612517955421
*c1ccc(NC(=O)c2cccc(C(=O)Nc3ccc(-n4c(=O)c5cc6c(=O)n(*)c(=O)c6cc5c4=O)cc3)c2)cc1,egc,2.46,1.9739562817149372
*c1ccc(OC(=O)c2cccc(C(=O)Oc3ccc(C4(*)OC(=O)c5ccccc54)cc3)c2)cc1,egc,3.9147,3.5053184214270425
*c1ccc(OC(=S)c2ccc(*)s2)cc1,egc,2.8495,2.9910965441520503
*c1ccc(OCC2CCC(COc3ccc(-n4c(=O)c5cc6c(=O)n(*)c(=O)c6cc5c4=O)cc3)CC2)cc1,egc,2.2219,2.759910589767475
*c1ccc(Oc2ccc(-c3cc(-c4ccccc4)c4cc5nc(*)cc(-c6ccccc6)c5cc4n3)cc2)cc1,egc,2.7429,3.3303981298359573
*c1ccc(Oc2ccc(-c3cnc4cc(-c5ccc6nc(*)cnc6c5)ccc4n3)cc2)cc1,egc,3.1085,2.8739526699431726
*c1ccc(Oc2ccc(-c3cnc4cc5ncc(*)nc5cc4n3)cc2)cc1,egc,2.782,3.2802165510579915
*c1ccc(Oc2ccc(-c3cnc4ccc(-c5ccc6nc(*)cnc6c5)cc4n3)cc2)cc1,egc,3.1515,2.8692439200015816
*c1ccc(Oc2ccc(-c3csc(-c4nc(*)cs4)n3)cc2)cc1,egc,3.5312,3.247797953983804
*c1ccc(Oc2ccc(-c3nc4cc(-c5ccc6nc(*)c(-c7ccccc7)nc6c5)ccc4nc3-c3ccccc3)cc2)cc1,egc,2.9993,3.1305373791112654
*c1ccc(Oc2ccc(-c3nc4cc5sc(*)nc5cc4s3)cc2)cc1,egc,3.2878,3.097213392424874
*c1ccc(Oc2ccc(-c3nnc(*)o3)cc2)cc1,egc,3.7488,3.586122435165434
*c1ccc(Oc2ccc(-n3c(=O)c4c(F)c5c(=O)n(*)c(=O)c5c(F)c4c3=O)cc2)cc1,egc,2.0451,2.860488586081198
*c1ccc(Oc2ccc(-n3c(=O)c4c(Oc5ccc(OCCCC)cc5)c5c(=O)n(*)c(=O)c5c(Oc5ccc(OCCCC)cc5)c4c3=O)cc2)cc1,egc,1.9028,2.7447190102447077
*c1ccc(Oc2ccc(-n3c(=O)c4cc5c(=O)n(*)c(=O)c5cc4c3=O)cc2)cc1,egc,2.3733,2.438424050067673
*c1ccc(Oc2ccc(-n3c(=O)c4cc5c(=O)n(*)c(=O)c5cc4c3=O)cc2-c2ccccc2)cc1,egc,2.1739,2.5404085261261464
*c1ccc(Oc2ccc(-n3c(=O)c4cc5c(=O)n(*)c(=O)c5cc4c3=O)cc2Br)c(Br)c1,egc,2.4917,2.2858713722008828
*c1ccc(Oc2ccc(-n3c(=O)c4cc5c(=O)n(-c6ncc(*)s6)c(=O)c5cc4c3=O)cc2)cc1,egc,1.9001,2.4578807415150794
*c1ccc(Oc2ccc(C(=O)c3ccc(Oc4ccc(-n5c(=O)c6cc7c(=O)n(*)c(=O)c7cc6c5=O)cc4)cc3)cc2)cc1,egc,2.395,2.0297293815291186
*c1ccc(Oc2ccc(C(=O)c3ccc(Oc4ccc(C(=O)c5ccc(Oc6ccc(-c7nc8ccccc8n7-c7ccc(-n8c(*)nc9ccccc98)cc7)cc6)cc5)cc4)cc3)cc2)cc1,egc,3.2485,2.891565932253625
*c1ccc(Oc2ccc(C(C)(C)c3ccc(Oc4ccc(-n5c(=O)c6cc7c(=O)n(*)c(=O)c7cc6c5=O)cc4)cc3)cc2)cc1,egc,2.1293,2.192498449466017
*c1ccc(Oc2ccc(N3C(=O)N(*)C3=O)cc2)cc1,egc,4.3691,4.094179719424203
*c1ccc(Oc2ccc(N3C(=O)c4ccc(S(=O)(=O)c5ccc6c(c5)C(=O)N(*)C6=O)cc4C3=O)cc2Br)c(Br)c1,egc,2.7192,2.759225099968158
*c1ccc(Oc2ccc(Oc3ccc(-n4c(=O)c5cc6c(=O)n(*)c(=O)c6cc5c4=O)cc3)cc2)cc1,egc,2.0871,2.224681149373532
*c1ccc(Oc2ccc(Oc3ccc(-n4c(=O)c5cc6c(=O)n(*)c(=O)c6cc5c4=O)cc3)cc2C(C)(C)C)cc1,egc,1.9644,2.20768261446389
*c1ccc(Oc2ccc(Oc3ccc(-n4c(=O)c5cc6c(=O)n(*)c(=O)c6cc5c4=O)cc3)cc2C)cc1,egc,2.3895,2.2797480564911115
*c1ccc(Oc2ccc(Oc3ccc(N4C(=O)C5CCC6C(=O)N(*)C(=O)C6C5C4=O)cc3)cc2)cc1,egc,4.5419,3.98617323001512
*c1ccc(Oc2ccc(Oc3ccc(N4C(=O)CC(=O)N(*)C4=S)cc3)cc2)cc1,egc,3.1515,3.628272464601733
*c1ccc(Oc2ccc(P(=O)(c3ccccc3)c3ccc(Oc4ccc(-c5cc(*)[nH]n5)cc4)cc3)cc2)cc1,egc,4.1018,3.189478112583901
*c1ccc(Oc2ccc3ccc(Oc4ccc(-n5c(=O)c6cc7c(=O)n(*)c(=O)c7cc6c5=O)cc4)cc3c2)cc1,egc,2.1074,1.9572710039506316
*c1ccc(Oc2cccc(-n3c(=O)c4cc5c(=O)n(*)c(=O)c5cc4c3=O)c2)cc1,egc,2.5637,2.4252948308756244
*c1ccc(Oc2cccc(Oc3ccc(-n4c(=O)c5cc6c(=O)n(*)c(=O)c6cc5c4=O)cc3)c2C#N)cc1,egc,2.6202,2.220469533329516
*c1ccc(Oc2cccc3c(Oc4ccc(-n5c(=O)c6cc7c(=O)n(*)c(=O)c7cc6c5=O)cc4)cccc23)cc1,egc,1.8659,2.261816538076185
*c1ccc(Oc2ccccc2-n2c(=O)c3cc4c(=O)n(*)c(=O)c4cc3c2=O)cc1,egc,2.5326,2.6722798197637947
*c1ccc(Oc2ccccc2Oc2ccc(-n3c(=O)c4cc5c(=O)n(*)c(=O)c5cc4c3=O)cc2)cc1,egc,2.1614,2.2634357692976184
*c1ccc(S(*)(=O)=O)cc1,egc,4.2821,3.8131553711860517
*c1ccc(S(=O)(=O)c2ccc(-n3c(=O)c4cc5c(=O)n(*)c(=O)c5cc4c3=O)cc2)cc1,egc,2.8028,2.765166238470993
*c1ccc(S(=O)(=O)c2ccc(-n3nc(-c4ccc(Oc5ccc(-c6nn(*)c(=O)c7ccccc67)cc5)cc4)c4ccccc4c3=O)cc2)cc1,egc,3.5201,3.508765742602618
*c1ccc(S(=O)(=O)c2ccc(N3C(=O)c4ccc(-c5ccc6c(c5)C(=O)N(*)C6=O)cc4C3=O)cc2)cc1,egc,3.396,2.761773536854091
*c1ccc(SSc2ccc(-n3c(=O)c4cc5c(=O)n(*)c(=O)c5cc4c3=O)cc2)cc1,egc,2.3111,2.507067195371041
*c1ccc(Sc2ccc(-c3nc4ccc(-c5ccc6nc(*)c(-c7ccccc7)nc6c5)cc4nc3-c3ccccc3)cc2)cc1,egc,3.3214,3.1548869564664246
*c1ccc(Sc2ccc(-c3nn(-c4ccc(S(=O)(=O)c5ccc(-n6nc(*)c7ccccc7c6=O)cc5)cc4)c(=O)c4ccccc34)cc2)cc1,egc,3.5491,3.1871326306703844
*c1ccc(Sc2ccc(-n3c(=O)c4cc5c(=O)n(*)c(=O)c5cc4c3=O)cc2)cc1,egc,2.5188,2.4093970180277102
*c1ccc([Si](c2ccccc2)(c2ccccc2)c2ccc(-c3nnc(*)o3)cc2)cc1,egc,4.0946,3.7420431446178264
*c1ccc2[nH]c(*)nc2c1,egc,3.9385,3.6612747595083808
*c1ccc2c(*)c(-c3ccccc3)[nH]c2c1,egc,3.6113,3.0887165802267167
*c1ccc2c(c1)C(=O)N(c1cc(N3C(=O)c4ccc(C(*)(C(F)(F)F)C(F)(F)F)cc4C3=O)c(O)cc1O)C2=O,egc,2.7003,3.2022694275328103
*c1ccc2c(c1)C(=O)N(c1ccc(C(C)(C)C(*)(C(F)(F)F)C(F)(F)F)cc1)C2=O,egc,3.3094,3.4369260870860456
*c1ccc2c(c1)C(=O)N(c1ccc(Oc3ccc(N4C(=O)c5ccc(C(F)(F)C(F)(F)C(F)(F)C(F)(F)C(F)(F)C(F)(F)C(F)(F)C(*)(F)F)cc5C4=O)cc3)cc1)C2=O,egc,2.6011,2.354281665161233
*c1ccc2c(c1)Cc1cc(*)ccc1-2,egc,3.7772,3.3879123156538573
*c1ccc2c(c1)Cc1cc(N3C(=O)c4ccc(-c5ccc6c(c5)C(=O)N(*)C6=O)cc4C3=O)ccc1-2,egc,2.6588,2.813804946372042
*c1ccc2c(c1)[Si](C)(C)c1cc(*)ccc1N2C,egc,3.6899,3.3075350837582946
*c1ccc2c(c1)c1cc(*)ccc1n2-c1ccccc1,egc,3.553,3.0206760990714936
*c1ccc2c(c1)c1cc(*)ccc1n2C,egc,3.4554,3.1870836741153785
*c1ccc2c(c1)c1cc(*)ccc1n2C(=O)NO,egc,3.8619,3.447203871492827
*c1ccc2c(c1)c1cc(*)ccc1n2C(=O)OCC,egc,3.932,3.6028526956125106
*c1ccc2c(c1)c1cc(*)ccc1n2CC(=O)OCC,egc,3.5868,3.6024665932040043
*c1ccc2c(c1)c1cc(*)ccc1n2CC1CO1,egc,3.2508,3.41023630133886
*c1ccc2c(c1)c1cc(*)ccc1n2CCC(=O)OCC,egc,3.5811,3.6247610723844166
*c1ccc2cc(*)n(C(C(=O)NO)n3ccc4ccccc43)c2c1,egc,3.8694,2.7306840763956
*c1ccc2cc(-c3nc4cc5nc(*)[nH]c5cc4[nH]3)ccc2c1,egc,3.1978,3.4156786877073966
*c1ccc2cc(-c3nc4cc5sc(*)nc5cc4s3)ccc2c1,egc,3.27,2.9200239557146133
*c1ccc2cc(N(*)c3ccccc3)ccc2c1,egc,2.8541,3.2979974702734585
*c1ccc2ccc3c(*)cc(C#CC#C[Si](C)(C)C)c4ccc1c2c34,egc,2.225,2.7832813360464748
*c1ccc2ccc3c(*)cc(C#CC=C)c4ccc1c2c34,egc,2.2865,2.5750208204161016
*c1ccc2nc(*)oc2c1,egc,3.8571,3.915996318767162
*c1ccc2nc(*)sc2c1,egc,2.966,3.4122520398586023
*c1ccc2oc(*)nc2c1,egc,3.9774,3.7946638215604316
*c1cccc(*)c1N,egc,3.8845,4.0433390844098325
*c1cccc(*)n1,egc,3.8339,3.881566630896626
*c1cccc(-c2cc(*)cc3c2NC(C)(C)OC3(C)C)c1,egc,3.618,3.8730550588827874
*c1cccc(-c2nc3cc(-c4ccc5[nH]c(*)nc5c4)ccc3[nH]2)c1,egc,3.5069,3.482312427667251
*c1cccc(-c2nc3cc(-c4ccc5nc(*)c(-c6ccc7ccccc7c6)nc5c4)ccc3nc2-c2ccc3ccccc3c2)c1,egc,3.0367,3.0264762513684107
*c1cccc(-c2nc3cc(-c4ccc5oc(*)nc5c4)ccc3o2)c1,egc,3.5152,3.363656276214649
*c1cccc(-c2nc3cc4nc(*)[nH]c4cc3[nH]2)c1,egc,3.5319,3.62192204586481
*c1cccc(-c2nc3cc4nc(*)c(-c5ccccc5)nc4cc3nc2-c2ccccc2)c1,egc,2.9837,2.8420666163636046
*c1cccc(-c2nc3ccc(-c4ccc5nc(*)oc5c4)cc3o2)c1,egc,3.2965,3.459917805012771
*c1cccc(-c2nc3ccc(-c4ccc5oc(*)nc5c4)cc3o2)c1,egc,3.5292,3.3677255064958738
*c1cccc(-c2nnc(*)o2)c1,egc,4.1016,3.3852082587377725
*c1cccc(-c2nnc(-c3cccc(-c4nnc(*)o4)n3)o2)c1,egc,3.6938,3.9412685491364177
*c1cccc(-c2nnc(-c3nnc(*)o3)o2)c1,egc,4.3431,3.4038060518584317
*c1cccc(C(=O)Nc2ccc(NC(=O)c3cccc(N4C(=O)c5ccc(-c6cccc7c6C(=O)N(*)C7=O)cc5C4=O)c3)cc2)c1,egc,2.3122,2.6344565752992017
*c1cccc(C(F)(F)C(F)(F)C(*)(F)F)c1,egc,5.5439,4.99431832067836
*c1cccc(C(c2ccccc2)(c2cccc(N3C(=O)c4ccc(Oc5ccc6c(c5)C(=O)N(*)C6=O)cc4C3=O)c2)C(F)(F)F)c1,egc,3.4747,3.0855346750414956
*c1cccc(N2C(=O)c3ccc(Oc4ccc(Oc5ccc(Oc6ccc7c(c6)C(=O)N(*)C7=O)cc5)cc4)cc3C2=O)c1,egc,3.2083,2.7840862905037382
*c1cccc(N2C(=O)c3ccc(P(=O)(c4ccccc4)c4ccc5c(c4)C(=O)N(*)C5=O)cc3C2=O)c1,egc,3.2222,2.859414746445645
*c1cccc(N2CC(=O)N(*)CC2=O)c1,egc,5.0572,4.657589398725705
*c1cccc2c(-n3c(=O)c4cc5c(=O)n(*)c(=O)c5cc4c3=O)cccc12,egc,2.5506,2.7246048393936153
*c1cnc(*)c(C)c1,egc,5.1042,4.851942444129527
*c1cncc(-c2nc3ccc(-c4ccc5nc(*)sc5c4)cc3s2)c1,egc,3.1882,2.850372720324423
*c1cncc(-c2nnc(-c3nnc(*)o3)o2)n1,egc,3.6277,3.0342861898267746
*c1csc(*)c1,egc,3.5591,2.858758398342629
*c1nc(-c2ccccc2)nc(N(*)C)n1,egc,4.2966,4.189213757088252
*c1nc(-c2ccccc2)nc(N(*)CC)n1,egc,4.1252,4.3594496088441375
*c1nc(-c2ccccc2)nc(N(*)c2ccccc2)n1,egc,3.8771,3.975698364931933
*c1nc(C)nc(N(*)c2ccccc2)n1,egc,4.4826,3.999958655615489
*c1nc(C)nc(N(CCCCCCN(*)c2ccccc2)c2ccccc2)n1,egc,3.751,3.872200703775194
*c1nc(C)nc(N(CCCCN(*)c2ccccc2)c2ccccc2)n1,egc,3.7879,3.847726987802902
*c1nc(Cl)nc(N(c2ccccc2)c2nc(Nc3ccccc3)nc(N(*)c3ccccc3)n2)n1,egc,3.6448,3.212663024452243
*c1nc(Oc2ccccc2)nc(N(*)c2ccccc2)n1,egc,4.4124,3.982881128944228
*c1nc2c(n1C)C(=O)N(*)C2=O,egc,4.0674,3.3110568155444353
*c1nc2cc(S(=O)(=O)c3ccc4oc(C5CCC(*)CC5)nc4c3)ccc2o1,egc,4.8558,3.2738391552856254
*c1nc2cc3nc(-c4ccc(*)o4)[nH]c3cc2[nH]1,egc,2.2261,3.3318854878295623
*c1nc2cc3sc(-c4cc(OCCCC)c(*)cc4OCCCC)nc3cc2s1,egc,3.1607,2.766628642527056
*c1nnc(C2CC3(CC(*)C3)C2)o1,egc,6.0399,5.51610521893852
*c1sc(*)c(C)c1C,egc,3.3355,2.704655249560853
*c1sc(*)c(CCCCCCN(CC)c2ccccc2)c1CCCCCC,egc,1.59,2.6247216188689513
*c1sc(*)c(OC)c1OC,egc,4.1637,2.1017428168769117
*c1sc(*)c(OCCCC)c1C,egc,2.2732,2.9219400281138257
*c1sc(*)c(OCCCC)c1OC,egc,3.2859,3.2607418383123496
*c1sc(*)c(OCCCCCC)c1C,egc,3.4475,2.607836181408563
*c1sc(*)c(OCCCCCCC)c1C,egc,2.9827,3.3134759634286626
*c1sc(*)c(OCCCCCCCCCCCCCCCC)c1C,egc,3.676,2.5716154056629517
*c1sc(*)c(OCCOCCCC)c1C,egc,1.6261,2.6423896308426333
*c1sc(*)c([2H])c1[2H],egc,1.6361,2.8787924832059177
*c1sc(*)c2c1OCC(CCCCCC)O2,egc,3.3322,1.8753856998566103
*c1sc(*)c2c1OCC(CCCCCCCCCCCC)O2,egc,1.9291,3.5995688152591625
*c1sc(*)c2c1OCC(CCCCS(=O)(=O)O)O2,egc,2.1668,2.7366708182624637
*c1sc(*)c2c1OCCO2,egc,1.7526,3.2098567041179153
*c1sc(*)c2nc(-c3ccccc3)c(C)nc12,egc,2.498,2.9337752056229744
*c1sc(*)c2nc(C)c(C)nc12,egc,2.7771,2.6934150277185296
*c1sc(*)c2nc(CC)c(CC)nc12,egc,2.6114,2.8390796305432873
*c1sc(-c2cc(OCCCCC)c(*)s2)cc1OCCCCC,egc,1.2005,2.144054066341718
*c1sc(-c2sc(-c3sc(*)c4nccnc34)c3c2OC(CCCCCC)CO3)c2c1OCC(CCCCCC)O2,egc,1.6167,2.084777233756338
*n1nc(-n2c(=O)c3cc4c(=O)n(*)c(=O)c4cc3c2=O)c2ccccc2c1=O,egc,2.9967,2.770312527507812
*C(=O)C(F)(F)CC(*)(F)F,ei,8.1829,8.144789750884271
*C(=O)C(F)(F)NC(*)(F)F,ei,8.5584,8.51350531407466
*C(=O)CC(F)(F)C(*)(F)F,ei,7.9225,8.363186800117136
*C(=O)NC(F)(F)C(*)(F)F,ei,8.3456,8.367624032792241
*C(=O)Oc1ccc(C(*)=S)cc1,ei,6.6755,6.696196903151295
*C(=O)Oc1ccc(C(*)=S)s1,ei,6.6347,6.23307466342083
*C(=O)c1ccc(-c2ccc(-c3ccc(*)cc3)cc2)cc1,ei,5.9803,5.876055243806554
*C(=O)c1ccc(-c2ccc(-c3ccc(*)cc3)s2)cc1,ei,5.8483,5.83304140787611
*C(=O)c1ccc(-c2ccc(-c3ccc(*)s3)cc2)cc1,ei,5.9085,5.838492111816911
*C(=O)c1ccc(-c2ccc(-c3ccc(*)s3)s2)cc1,ei,5.5122,5.773500911041339
*C(=O)c1ccc(-c2ccc(-c3ccc(*)s3)s2)s1,ei,5.3929,5.478088573632588
*C(=O)c1ccc(-c2ccc(C(*)=S)cc2)cc1,ei,6.1599,5.903070482901709
*C(=O)c1ccc(-c2ccc(C(*)=S)s2)cc1,ei,6.162,5.943920756495827
*C(=O)c1ccc(-c2ccc(C(*)=S)s2)s1,ei,6.113,5.934365189201017
*C(=O)c1ccc(C(=O)C(*)=S)cc1,ei,6.7765,6.685116258284796
*C(=O)c1ccc(C(=O)C(*)=S)s1,ei,6.8471,6.811590502056474
*C(=O)c1ccc(C(=O)c2ccc(*)cc2)cc1,ei,6.4709,6.720520089781688
*C(=O)c1ccc(C(=O)c2ccc(*)s2)cc1,ei,7.268,6.44172268652679
*C(=O)c1ccc(C(=S)c2ccc(*)cc2)cc1,ei,5.8604,6.332807331545771
*C(=O)c1ccc(C(=S)c2ccc(*)s2)s1,ei,6.205,6.1741372141351905
*C(=O)c1ccc(OC(*)=S)cc1,ei,6.7719,6.45559236833298
*C(=O)c1ccc(Oc2ccc(*)s2)cc1,ei,6.1761,6.281535604039551
*C(=S)C(=O)C(F)(F)C(*)(F)F,ei,7.0732,7.344020216456304
*C(=S)C(=O)CCNc1ccc(C(=S)c2ccc(*)cc2)cc1,ei,5.8838,5.775006997633935
*C(=S)C(F)(F)CC(*)(F)F,ei,7.4545,7.5096419152207465
*C(=S)C(F)(F)NC(*)(F)F,ei,7.8892,6.957645768277828
*C(=S)NC(F)(F)C(*)(F)F,ei,6.3593,7.5200549236558185
*C(=S)Oc1ccc(-c2ccc(*)cc2)s1,ei,5.9399,5.68376249966738
*C(=S)c1ccc(C(=S)c2ccc(*)cc2)cc1,ei,5.6051,5.644262164784559
*C(=S)c1ccc(C(F)(F)C(*)(F)F)cc1,ei,6.6143,7.066689351549555
*C(F)C(*)(F)F,ei,8.5986,8.398965268734568
*CC(*)(F)F,ei,8.1531,7.114001678427331
*CC(*)C,ei,6.185,6.2191635224810335
*CC(*)F,ei,7.6332,6.63297970421822
*CC(=O)C(=S)C(*)=O,ei,6.8667,6.69299661656813
*CC(=O)C(=S)O*,ei,6.719,6.882410202287151
*CC(=O)CC(*)=O,ei,5.6663,6.79593036418304
*CC(=O)CO*,ei,6.97,6.919089592312517
*CC(=O)Cc1ccc(*)cc1,ei,6.2518,6.555408882443694
*CC(=O)N*,ei,7.2525,6.305566582915366
*CC(=O)NC(*)=O,ei,5.8547,7.658064159973152
*CC(=O)NC(*)=S,ei,5.8386,6.573646252659154
*CC(=O)O*,ei,8.2018,7.609991413664848
*CC(=O)OC(*)=O,ei,8.5901,6.908067311598768
*CC(=O)c1ccc(-c2ccc(*)cc2)cc1,ei,6.2808,6.058876168963641
*CC(=O)c1ccc(-c2ccc(*)s2)cc1,ei,5.9294,6.019976116389103
*CC(=O)c1ccc(C(*)=O)s1,ei,7.202,6.8908020742526706
*CC(=O)c1ccc(C(*)=S)cc1,ei,6.4748,6.4136137531375415
*CC(=O)c1ccc(O*)cc1,ei,6.5457,6.828904867316596
*CC(=S)CO*,ei,5.5936,6.2514348628202985
*CC(=S)NO*,ei,5.6761,5.852251173038415
*CC(=S)c1ccc(C(*)=S)s1,ei,4.932,5.929698484982962
*CC(=S)c1ccc(N*)cc1,ei,5.6636,5.518042583567858
*CC(=S)c1ccc(O*)s1,ei,5.946,5.740864587439919
*CC(CC(CC(*)c1ccccn1)c1ccccn1)c1ccccn1,ei,6.2005,6.295804929552111
*CC(O*)C(F)(F)F,ei,7.9431,8.30966049119631
*CCC(=O)O*,ei,7.7853,7.524912907659086
*CCC(=O)OC(=O)Cc1ccc(-c2ccc(*)cc2)cc1,ei,6.1951,6.718696139833489
*CCC(=O)c1ccc(*)cc1,ei,6.8635,6.358244665209079
*CCC(=S)O*,ei,6.2041,6.078124723409348
*CCC(F)(F)C(*)(F)F,ei,9.0178,7.893513914274822
*CCC(O*)(C(F)(F)F)C(F)(F)F,ei,8.3643,7.762399133318211
*CCCCCOC(=O)Nc1ccc(C)c(NC(=O)O*)c1,ei,5.1674,6.45159828717168
*CCCCCS*,ei,5.7733,5.877765872067174
*CCCN*,ei,5.8246,5.855374699871215
*CCCO*,ei,6.904,6.275804168707934
*CCCOC(=O)CCCCCCCCOC(=O)CCCOC(=O)CCCCCCCCOC(*)=O,ei,7.4162,6.89150396958762
*CCCc1ccc(*)s1,ei,5.6976,5.542968333570614
*CCNC(*)=S,ei,5.3628,5.943253537596799
*CCOC(=O)CCCCC(=O)O*,ei,7.8277,7.243381243285995
*CCOC(=O)NCCOCCOCCNC(=O)O*,ei,7.1012,7.0039278035637595
*CCOC(=S)NC(=S)c1ccc(N*)cc1,ei,5.413,5.713220137320777
*CCOCCOC(=O)O*,ei,7.5966,7.245375646693329
*CCON*,ei,4.8207,6.485790586761238
*CCc1ccc(-c2ccc(*)cc2)cc1,ei,5.6867,5.683439269272819
*CCc1ccc(-c2ccc(*)s2)s1,ei,5.1709,5.416920173217906
*CCc1ccc(C(*)=S)cc1,ei,5.8549,6.030402588783155
*CNC(=O)C(*)=S,ei,7.0203,6.2752760794874
*CNC(=O)ONC(=O)NO*,ei,7.4526,7.595737523584305
*CNC(=O)c1ccc(*)s1,ei,6.3237,6.402576620522234
*CNC(=S)C(*)=O,ei,6.3386,6.607716328646133
*CNC(=S)N*,ei,5.6855,6.1697036326643095
*CNC(=S)O*,ei,6.2178,6.670611802114266
*CNC(=S)c1ccc(*)cc1,ei,5.75,5.891376143382146
*CNC(=S)c1ccc(*)s1,ei,5.8964,5.733649352857004
*CNCC(*)=O,ei,6.367,6.664961572469586
*CNCC(*)=S,ei,6.0922,5.397686810302332
*CNCCCOCO*,ei,6.3776,6.313979850195601
*CNCCNC(=O)OC*,ei,6.3844,6.707904319642502
*CNCN*,ei,6.0806,5.490671003127573
*CNCO*,ei,6.4057,6.466980504469032
*CNCc1ccc(*)cc1,ei,6.259,5.995087869604888
*CNOc1ccc(*)s1,ei,5.578,5.575241064648027
*CNc1ccc(-c2ccc(*)s2)cc1,ei,5.0179,5.193844675493229
*CNc1ccc(C(*)=O)s1,ei,5.431,5.671184635475305
*CNc1ccc(C(*)=S)s1,ei,5.3497,5.50378106021931
*CNc1ccc(N*)s1,ei,4.8739,4.9222001354432905
*CNc1ccc(O*)cc1,ei,5.1109,5.507106624722258
*COC(=S)O*,ei,6.8707,6.8104111954302216
*COCOCCCO*,ei,7.1508,6.622834771279518
*COc1ccc(O*)cc1,ei,5.8209,5.792681495501551
*COc1ccc(O*)s1,ei,5.7358,5.7225516468975774
*Cc1ccc(-c2ccc(-c3ccc(*)cc3)s2)cc1,ei,5.3092,5.207808056262368
*Cc1ccc(-c2ccc(-c3ccc(*)s3)cc2)cc1,ei,5.3793,5.367976456227538
*Cc1ccc(-c2ccc(-c3ccc(*)s3)s2)cc1,ei,5.1679,5.199919144503451
*Cc1ccc(-c2ccc(C(*)=S)s2)cc1,ei,5.8475,5.626940186542978
*Cc1ccc(-c2ccc(C(*)=S)s2)s1,ei,5.7652,5.542722212264721
*Cc1ccc(-c2ccc(N*)cc2)cc1,ei,5.1363,5.249917286841337
*Cc1ccc(-c2ccc(N*)s2)s1,ei,4.9311,4.904224267360015
*Cc1ccc(-c2ccc(O*)s2)s1,ei,5.2494,5.633644576936945
*Cc1ccc(C(=O)C(*)=S)s1,ei,6.4325,6.524536982989165
*Cc1ccc(C(=O)O*)cc1,ei,7.179,6.7599114823811535
*Cc1ccc(C(=O)O*)s1,ei,6.8862,6.569565511271199
*Cc1ccc(C(=O)c2ccc(*)s2)cc1,ei,6.578,6.492483251443213
*Cc1ccc(C(=O)c2ccc(*)s2)s1,ei,6.3555,6.127448107390151
*Cc1ccc(C(=S)O*)s1,ei,6.4155,6.097644229511625
*Cc1ccc(C(=S)c2ccc(*)cc2)cc1,ei,5.6687,5.891701707011915
*Cc1ccc(C(=S)c2ccc(*)s2)s1,ei,5.9541,5.639894821158528
*Cc1ccc(C*)cc1,ei,6.2134,6.051080496064626
*Cc1ccc(CC(*)=S)cc1,ei,5.9697,6.006822926665704
*Cc1ccc(CO*)s1,ei,6.0202,5.623958637075958
*Cc1ccc(Cc2ccc(*)cc2)cc1,ei,6.2368,5.965697362041412
*Cc1ccc(NO*)cc1,ei,5.6115,5.528348205739944
*Cc1ccc(NO*)s1,ei,5.1816,5.307824742864234
*Cc1ccc(Nc2ccc(*)cc2)cc1,ei,5.3392,5.536991083844141
*Cc1ccc(Nc2ccc(*)s2)cc1,ei,5.4067,5.151476427189507
*Cc1ccc(Oc2ccc(*)s2)s1,ei,5.8606,5.580082375935631
*NC(=O)C(=S)C(*)=O,ei,6.114,6.8861510048453605
*NC(=O)C(=S)c1ccc(*)cc1,ei,6.5245,6.236973300345006
*NC(=O)C(=S)c1ccc(*)s1,ei,6.6147,6.134413853733183
*NC(=O)NC(*)=O,ei,5.9087,8.002074765068365
*NC(=O)NC(*)=S,ei,7.159,6.759718966957024
*NC(=O)NC(=O)c1ccc(C(=S)c2ccc(-c3ccc(*)s3)s2)s1,ei,5.1795,6.167995594844272
*NC(=O)NO*,ei,7.4857,7.045180799327815
*NC(=O)Nc1ccc(*)s1,ei,4.8361,5.349983162951044
*NC(=O)OC(*)=O,ei,8.2121,7.230750144368809
*NC(=O)Oc1ccc(*)s1,ei,5.369,5.9460971629360415
*NC(=O)c1ccc(-c2ccc(*)cc2)s1,ei,5.5458,6.119643812461
*NC(=O)c1ccc(-c2ccc(*)s2)cc1,ei,6.1434,5.806508484515177
*NC(=O)c1ccc(C(*)=O)s1,ei,7.093,6.469882461994481
*NC(=O)c1ccc(C(*)=S)cc1,ei,6.3279,6.409822206420168
*NC(=O)c1ccc(NC(=S)c2ccc(Nc3ccc(*)cc3)cc2)s1,ei,5.2813,5.47290625510287
*NC(=O)c1ccc(O*)cc1,ei,6.7472,6.430021306653173
*NC(=O)c1ccc(O*)s1,ei,6.5697,6.158801070835926
*NC(=S)NC(*)=S,ei,7.0636,6.118001131939845
*NC(=S)Nc1ccc(Cc2ccc(*)cc2)cc1,ei,5.378,5.407405074904976
*NC(=S)OC(*)=S,ei,6.6502,6.92275897382602
*NC(=S)c1ccc(O*)cc1,ei,5.884,6.013040845043919
*NC(=S)c1ccc(O*)s1,ei,6.1012,5.827848163106984
*NC(F)(F)CC(*)(F)F,ei,8.5515,8.611563073521108
*NOC(=O)NCC(=O)NC(*)=O,ei,8.0693,7.248757925216294
*NOC(=S)O*,ei,7.5682,6.792874900521925
*NOC(F)(F)C(*)(F)F,ei,9.0368,8.89461101851059
*Nc1ccc(*)cc1,ei,4.9916,5.6615030539949
*Nc1ccc(-c2ccc(-c3ccc(*)cc3)cc2)cc1,ei,4.7817,5.002995259564176
*Nc1ccc(-c2ccc(-c3ccc(*)s3)s2)cc1,ei,4.896,4.738747953554258
*Nc1ccc(-c2ccc(-c3ccc(*)s3)s2)s1,ei,4.3058,4.745016873106205
*Nc1ccc(-c2ccc(C(*)=O)s2)s1,ei,5.182,5.444057073206062
*Nc1ccc(-c2ccc(C(*)=S)cc2)cc1,ei,5.3872,5.3138110555624305
*Nc1ccc(C(=O)C(*)=S)cc1,ei,6.3689,6.367901762117729
*Nc1ccc(C(=O)O*)s1,ei,6.0364,6.162000245838625
*Nc1ccc(C(=O)c2ccc(*)s2)s1,ei,5.2456,5.625724095180511
*Nc1ccc(C(=S)c2ccc(*)cc2)cc1,ei,5.3904,5.2994792979095955
*Nc1ccc(C(=S)c2ccc(*)s2)s1,ei,5.2424,5.087760432810585
*Nc1ccc(NC(=O)NONC(*)=O)s1,ei,5.6948,5.792070507728339
*Nc1ccc(Nc2ccc(*)s2)s1,ei,4.0261,4.895006456282507
*Nc1ccc(OC(*)=S)cc1,ei,5.9088,5.862087220986846
*Nc1ccc(OC(*)=S)s1,ei,5.6596,5.496755403623082
*Nc1ccc(Oc2ccc(*)cc2)cc1,ei,4.8032,5.39915336033592
*Nc1ccc(Oc2ccc(*)s2)cc1,ei,5.3817,5.007160022659572
*OC(=O)C(F)(F)C(*)(F)F,ei,9.0985,8.421921253655869
*OC(=O)OC(*)=O,ei,7.4502,8.278102801422502
*OC(=O)c1ccc(C(*)=O)cc1,ei,7.8184,7.265399311547485
*OC(=O)c1ccc(C(*)=O)s1,ei,7.3658,7.476317287801307
*OC(=S)OC(*)=O,ei,7.3548,7.572844630724995
*OC(=S)Oc1ccc(*)cc1,ei,6.6287,6.380391813473947
*OC(=S)Oc1ccc(*)s1,ei,6.1007,5.922793951361661
*OC(=S)c1ccc(C(*)=O)cc1,ei,6.7625,6.877688033063054
*OC(=S)c1ccc(C(*)=O)s1,ei,6.7886,6.819619244396267
*OC(F)(F)C(=O)C(*)(F)F,ei,8.7917,8.426800218890008
*OC(F)(F)C(=S)C(*)(F)F,ei,7.385,7.423273950553352
*OC(F)(F)CC(*)(F)F,ei,9.6085,8.725721355234189
*OC(F)(F)NC(*)(F)F,ei,9.067,9.06218554874589
*OC(F)(F)c1ccc(C(*)(F)F)s1,ei,7.2935,7.434621839914492
*OCC(F)(F)C(*)(F)F,ei,9.8385,9.265350883697302
*OCCC(=O)CC(=O)Oc1ccc(*)cc1,ei,6.7464,6.598739273868151
*OCCCCONC(*)=O,ei,6.4266,6.964588473246014
*Oc1ccc(-c2ccc(-c3ccc(*)cc3)cc2)cc1,ei,5.5837,5.479073230183902
*Oc1ccc(-c2ccc(-c3ccc(*)cc3)cc2)s1,ei,5.1012,5.5268499883435815
*Oc1ccc(-c2ccc(-c3ccc(*)cc3)s2)cc1,ei,5.1678,5.2038097971857145
*Oc1ccc(-c2ccc(-c3ccc(*)cc3)s2)s1,ei,5.6406,5.1674445828336015
*Oc1ccc(-c2ccc(-c3ccc(*)s3)s2)s1,ei,4.7769,5.250523797429218
*Oc1ccc(-c2ccc(C(*)=O)cc2)cc1,ei,6.2671,6.2012704791704865
*Oc1ccc(-c2ccc(C(*)=O)cc2)s1,ei,6.028,6.090602013362284
*Oc1ccc(-c2ccc(C(*)=O)s2)cc1,ei,5.7839,6.163831694826255
*Oc1ccc(C(=O)c2ccc(C(=O)NOC(*)=O)s2)cc1,ei,7.1656,6.500769811864349
*Oc1ccc(C(=S)c2ccc(*)cc2)cc1,ei,5.7685,5.766650317972338
*Oc1ccc(C(F)(F)C(*)(F)F)s1,ei,6.8728,7.048209268512685
*Oc1ccc(Cc2ccc(*)cc2)cc1,ei,6.1428,5.854646673567125
*Oc1ccc(OC(*)=O)cc1,ei,6.5915,6.7777057460754175
*Oc1ccc(OC(*)=O)s1,ei,5.9838,6.362911551966285
*Oc1ccc(Oc2ccc(*)cc2)s1,ei,5.9034,5.533082346015189
*Oc1ccc(Oc2ccc(*)s2)s1,ei,5.0541,5.765793282109328
*Sc1ccc(*)cc1,ei,6.1739,5.26761101902484
*c1ccc(*)s1,ei,4.5257,6.049346911969454
*c1ccc(-c2ccc(-c3ccc(-c4ccc(*)s4)cc3)cc2)cc1,ei,5.1853,4.911151372168572
*c1ccc(-c2ccc(-c3ccc(-c4ccc(*)s4)s3)s2)cc1,ei,4.7302,5.166161271030063
*c1ccc(-c2ccc(C(=S)c3ccc(*)s3)s2)cc1,ei,5.7103,5.430689844564667
*c1ccc(-c2ccc(C(F)(F)C(*)(F)F)s2)s1,ei,5.8176,6.570125947928584
*c1ccc(-c2nc3cc4nc(*)oc4cc3o2)cc1,ei,5.6689,5.706615438260615
*c1ccc(C(=O)C(F)(F)C(*)(F)F)cc1,ei,7.7091,7.2816012092093985
*c1ccc(C(=O)C(F)(F)C(*)(F)F)s1,ei,7.5565,7.160665847029407
*c1ccc(C(=S)c2ccc(C(=S)C(=O)Nc3ccc(-c4ccc(*)s4)cc3)s2)s1,ei,5.6233,5.430293228895673
*c1ccc(C(F)(F)CC(*)(F)F)cc1,ei,7.0413,7.216570249118934
*c1ccc(C(F)(F)CC(*)(F)F)s1,ei,7.1393,7.2888865469667445
*c1ccc(C(F)(F)NC(*)(F)F)s1,ei,7.3853,6.791141999328627
*c1ccc(C(F)(F)c2ccc(C(*)(F)F)cc2)s1,ei,6.4074,6.424581285197185
*c1ccc(C(F)(F)c2ccc(C(*)(F)F)s2)s1,ei,6.7826,6.323208860781887
*c1ccc(CC(F)(F)C(*)(F)F)s1,ei,6.8904,7.0516014603488735
*c1ccc(NC(F)(F)C(*)(F)F)cc1,ei,6.1304,6.679403825309708
*c1ccc(NC(F)(F)C(*)(F)F)s1,ei,5.871,6.348320138503557
*c1ccc(OC(=S)c2ccc(*)s2)cc1,ei,5.9615,6.121532468463293
*C(=O)C(=S)OC(*)=S,eps,6.46,5.920095999888727
*C(=O)NC(=O)c1ccc(*)cc1,eps,4.45,4.5397362724120445
*C(=O)NC(F)(F)C(*)(F)F,eps,3.53,3.908849323841675
*C(=O)Oc1ccc(C(*)=S)cc1,eps,4.83,4.617527666530645
*C(=O)Oc1ccc(C(*)=S)s1,eps,5.33,5.397166089386771
*C(=O)c1ccc(-c2ccc(-c3ccc(*)cc3)cc2)cc1,eps,4.43,4.5125297494848535
*C(=O)c1ccc(-c2ccc(-c3ccc(*)s3)cc2)cc1,eps,6.15,4.707791893789222
*C(=O)c1ccc(-c2ccc(-c3ccc(*)s3)s2)s1,eps,8.28,6.324345325226693
*C(=O)c1ccc(-c2ccc(C(*)=S)cc2)cc1,eps,5.49,4.854683481785168
*C(=O)c1ccc(-c2ccc(C(*)=S)cc2)s1,eps,5.9,5.939027273226107
*C(=O)c1ccc(-c2ccc(C(*)=S)s2)cc1,eps,5.75,5.995022075053772
*C(=O)c1ccc(-c2ccc(C(*)=S)s2)s1,eps,6.5,6.611329261468886
*C(=O)c1ccc(C(=O)c2ccc(*)cc2)cc1,eps,4.54,4.436520370071154
*C(=O)c1ccc(C(=S)c2ccc(*)s2)cc1,eps,5.13,6.0126119550871175
*C(=O)c1ccc(C(=S)c2ccc(*)s2)s1,eps,6.22,7.028260791709303
*C(=O)c1ccc(OC(*)=S)cc1,eps,5.05,4.9060762732829355
*C(=S)C(=O)CCNc1ccc(C(=S)c2ccc(*)cc2)cc1,eps,6.47,5.258975316268177
*C(=S)C(F)(F)CC(*)(F)F,eps,3.78,3.734271779033095
*C(=S)C(F)(F)NC(*)(F)F,eps,4.49,3.9914726482935925
*C(=S)C(F)(F)c1ccc(C(*)(F)F)cc1,eps,3.7,3.8628164468287816
*C(=S)C(F)(F)c1ccc(C(*)(F)F)s1,eps,3.9,4.678155120256057
*C(=S)NC(F)(F)C(*)(F)F,eps,3.81,4.4045201192813455
*C(=S)OC(=S)c1ccc(*)s1,eps,6.22,5.771743145847498
*C(=S)Oc1ccc(-c2ccc(*)cc2)s1,eps,5.67,5.039046667560822
*C(=S)c1ccc(-c2ccc(-c3ccc(*)cc3)cc2)cc1,eps,4.57,5.091071399053108
*C(=S)c1ccc(-c2ccc(-c3ccc(*)cc3)cc2)s1,eps,6.66,5.869178945096798
*C(=S)c1ccc(C(=S)c2ccc(*)cc2)s1,eps,6.78,6.139037518021362
*C(=S)c1ccc(C(F)(F)C(*)(F)F)s1,eps,4.44,4.963264565232233
*CC(*)(F)F,eps,3.37,3.479223085693542
*CC(*)C,eps,2.61,3.4141912452453065
*CC(*)F,eps,3.36,3.514546014802788
*CC(=O)C(=S)C(*)=O,eps,6.33,4.999226090330213
*CC(=O)C(=S)O*,eps,4.8,5.430043700900285
*CC(=O)CC(*)=O,eps,3.79,3.9307265759482517
*CC(=O)CC(*)=S,eps,3.82,4.54914290964429
*CC(=O)Cc1ccc(*)cc1,eps,3.64,3.607564251419797
*CC(=O)Nc1ccc(*)cc1,eps,4.03,4.104644903832691
*CC(=O)O*,eps,3.99,3.8000788872992293
*CC(=O)OC(*)=O,eps,3.95,3.7061182056871167
*CC(=O)OC(*)=S,eps,3.78,4.645588178117542
*CC(=O)Oc1ccc(*)s1,eps,3.92,3.8116801461106555
*CC(=O)c1ccc(-c2ccc(*)cc2)cc1,eps,3.96,4.087670928088252
*CC(=O)c1ccc(-c2ccc(*)cc2)s1,eps,4.58,4.345367748271476
*CC(=O)c1ccc(-c2ccc(*)s2)s1,eps,4.89,4.820555231740806
*CC(=O)c1ccc(C(*)=O)cc1,eps,4.2,4.01691105042058
*CC(=O)c1ccc(C(*)=O)s1,eps,4.49,4.426107587467795
*CC(=O)c1ccc(C(*)=S)s1,eps,4.78,5.672628245670926
*CC(=S)C(=O)O*,eps,4.54,5.5886456525802375
*CC(=S)CO*,eps,4.16,4.164364105818017
*CC(=S)NC(*)=S,eps,5.73,5.5997667634875405
*CC(=S)NO*,eps,5.15,4.209669844449498
*CC(=S)c1ccc(C(*)=S)s1,eps,6.4,5.389510393768001
*CC(=S)c1ccc(N*)cc1,eps,5.48,5.069213936528382
*CC(=S)c1ccc(O*)cc1,eps,4.45,4.460914500885767
*CC(=S)c1ccc(O*)s1,eps,5.64,5.001964644485749
*CCC(=O)N*,eps,3.61,3.6519296174910916
*CCC(=O)O*,eps,3.39,3.1957260329941564
*CCC(=O)OC(=O)Cc1ccc(-c2ccc(*)cc2)cc1,eps,3.47,3.5417945161174447
*CCC(=S)O*,eps,3.71,3.8565777908643577
*CCC(F)(F)C(*)(F)F,eps,3.08,3.4603951459199718
*CCC(O*)(C(F)(F)F)C(F)(F)F,eps,3.05,3.2996019006344484
*CCCC(*)=O,eps,3.27,3.1882060008631994
*CCCCCCC(=O)N*,eps,3.34,3.4356419826896563
*CCCCCCN1C(=O)c2ccc(C(=O)c3ccc4c(c3)C(=O)N(*)C4=O)cc2C1=O,eps,3.79,4.503753022313316
*CCCCCCNC(=S)Nc1ccc(NC(=S)N*)cc1,eps,4.17,4.83836339870649
*CCCCCOC(=O)O*,eps,3.09,3.21182262009465
*CCCCOC(=O)c1ccc(C(=O)O*)cc1,eps,3.59,3.389162807433301
*CCCN*,eps,3.03,3.350965002473979
*CCCO*,eps,3.03,3.152200418399463
*CCCc1ccc(*)cc1,eps,3.14,3.53635600445602
*CCCc1ccc(*)s1,eps,3.2,3.573698085518171
*CCNC(*)=S,eps,4.24,3.8814397437059864
*CCOC(=O)CCCCC(=O)O*,eps,3.25,3.248496995094057
*CCOC(=O)CCCCCCC(=O)O*,eps,3.16,3.3526723486722556
*CCOC(=O)NCCOCCOCCNC(=O)O*,eps,3.53,3.9927818799805785
*CCOC(=O)c1ccc(C(=O)O*)cc1,eps,3.82,3.6564602687695844
*CCOC(=S)NC(=S)c1ccc(N*)cc1,eps,5.17,5.54741050321671
*CCOCCOC(=O)O*,eps,3.32,3.460071888303689
*CCc1ccc(-c2ccc(*)cc2)cc1,eps,3.58,3.5457230748265
*CCc1ccc(C(*)=S)s1,eps,4.38,4.647887709211066
*CCc1ccc(O*)cc1,eps,3.46,3.478534866999689
*CNC(=O)C(*)=S,eps,5.23,5.410293278871576
*CNC(=O)NCOCO*,eps,4.22,3.9718304994600024
*CNC(=O)ONC(=O)NO*,eps,4.65,4.334297466627596
*CNC(=O)c1ccc(*)s1,eps,4.11,4.554654881156197
*CNC(=S)C(*)=O,eps,5.35,5.343303531816358
*CNC(=S)c1ccc(*)s1,eps,4.55,5.957200882900571
*CNCCCOCO*,eps,3.54,3.4100527915820016
*CNCCNC(=O)OC*,eps,3.67,3.8750149826987967
*CNCNC(=O)NC(=O)N*,eps,3.92,4.477131567101682
*CNCO*,eps,3.53,3.6116878958666225
*CNCc1ccc(*)s1,eps,3.53,3.8823980549163752
*CNOC(*)=S,eps,3.89,4.622584113710301
*CNON*,eps,3.62,3.7004848209206287
*CNOc1ccc(*)cc1,eps,3.65,3.7234000101540556
*CNc1ccc(-c2ccc(*)cc2)s1,eps,4.18,4.666868888421472
*CNc1ccc(-c2ccc(*)s2)cc1,eps,4.42,4.578164702819445
*CNc1ccc(C(*)=O)cc1,eps,4.8,4.160738278402371
*CNc1ccc(C(*)=O)s1,eps,5.29,4.519852898149099
*CNc1ccc(C(*)=S)s1,eps,6.19,5.72961493499263
*CNc1ccc(N*)cc1,eps,4.2,4.123500100397674
*CNc1ccc(N*)s1,eps,4.18,4.367039817966006
*CNc1ccc(O*)s1,eps,4.2,4.18325521817052
*CO*,eps,3.72,3.7760772739459245
*COC(=O)O*,eps,3.73,4.042412545008245
*COC(=S)O*,eps,4.34,3.8661725948672507
*COCOCCCO*,eps,3.51,3.471438705746766
*CONC(*)=O,eps,4.13,4.314717115549939
*COc1ccc(O*)cc1,eps,3.8,3.7437557032755735
*COc1ccc(O*)s1,eps,3.85,4.021794570486281
*Cc1ccc(-c2ccc(-c3ccc(*)cc3)cc2)cc1,eps,3.67,3.7071925443946756
*Cc1ccc(-c2ccc(-c3ccc(*)s3)cc2)s1,eps,3.91,4.883337167634307
*Cc1ccc(-c2ccc(-c3ccc(*)s3)s2)s1,eps,4.39,5.8420113170493595
*Cc1ccc(-c2ccc(C(*)=S)cc2)cc1,eps,4.45,4.0867026216669
*Cc1ccc(-c2ccc(C(*)=S)cc2)s1,eps,4.8,4.259049037010662
*Cc1ccc(-c2ccc(C(*)=S)s2)cc1,eps,4.61,5.049850476620082
*Cc1ccc(-c2ccc(C(*)=S)s2)s1,eps,5.34,5.536252467911951
*Cc1ccc(-c2ccc(N*)s2)s1,eps,4.54,4.86505455096995
*Cc1ccc(-c2ccc(O*)s2)s1,eps,4.19,4.328052952073042
*Cc1ccc(C(=O)C(*)=S)cc1,eps,4.22,4.732026734816148
*Cc1ccc(C(=O)O*)cc1,eps,4.03,3.94636587513422
*Cc1ccc(C(=O)O*)s1,eps,4.17,4.165756176032643
*Cc1ccc(C(=O)c2ccc(*)cc2)cc1,eps,3.96,3.860803247743604
*Cc1ccc(C(=O)c2ccc(*)s2)cc1,eps,4.07,4.274090666125421
*Cc1ccc(C(=O)c2ccc(*)s2)s1,eps,4.69,4.913694646141636
*Cc1ccc(C(=S)O*)s1,eps,4.71,4.933058814889644
*Cc1ccc(C(=S)c2ccc(*)cc2)cc1,eps,4.09,4.727778675550717
*Cc1ccc(C(=S)c2ccc(*)s2)cc1,eps,4.17,4.564294659287555
*Cc1ccc(C*)cc1,eps,3.97,3.289589602533685
*Cc1ccc(CO*)s1,eps,4.0,3.4888998940881106
*Cc1ccc(Cc2ccc(*)cc2)cc1,eps,3.41,3.730682412708664
*Cc1ccc(Cc2ccc(*)s2)cc1,eps,3.4,3.385950493174209
*Cc1ccc(Cc2ccc(*)s2)s1,eps,3.65,3.6563376611466105
*Cc1ccc(NC(*)=S)s1,eps,4.42,4.746470475118866
*Cc1ccc(NO*)s1,eps,4.04,4.396903624270615
*Cc1ccc(Nc2ccc(*)s2)cc1,eps,4.02,3.7054374548941134
*Cc1ccc(OC(*)=S)cc1,eps,3.66,4.040417497211785
*Cc1ccc(Oc2ccc(*)s2)cc1,eps,3.59,3.819154938975972
*NC(=O)C(=S)O*,eps,6.14,6.130420301160178
*NC(=O)C(=S)c1ccc(*)cc1,eps,5.85,5.475023307293482
*NC(=O)C(=S)c1ccc(*)s1,eps,8.51,6.265334219354376
*NC(=O)NC(*)=S,eps,7.36,5.473275064107822
*NC(=O)NC(=O)c1ccc(C(=S)c2ccc(-c3ccc(*)s3)s2)s1,eps,6.31,6.997519226190543
*NC(=O)NO*,eps,5.14,4.627407774405725
*NC(=O)Nc1ccc(*)s1,eps,4.94,5.227005290070648
*NC(=O)OC(*)=S,eps,5.76,5.772958237477415
*NC(=O)Oc1ccc(*)s1,eps,4.64,4.6356237062755365
*NC(=O)c1ccc(-c2ccc(*)s2)cc1,eps,5.23,5.1805420691791015
*NC(=O)c1ccc(C(*)=S)cc1,eps,5.0,5.49792562283328
*NC(=O)c1ccc(O*)cc1,eps,4.32,4.433820594670384
*NC(=O)c1ccc(O*)s1,eps,4.85,5.075786512470689
*NC(=S)C(=O)O*,eps,6.34,6.21683501952201
*NC(=S)Nc1ccc(*)cc1,eps,5.66,4.987755949805912
*NC(=S)Nc1ccc(NC(=S)Nc2ccc(Cc3ccc(*)cc3)cc2)cc1,eps,4.55,5.170523305699078
*NC(=S)Nc1ccc(NC(=S)Nc2ccc(Oc3ccc(*)cc3)cc2)cc1,eps,5.43,5.279462750907564
*NC(=S)OC(*)=S,eps,6.0,5.89056909056263
*NC(=S)c1ccc(C(*)=S)s1,eps,6.57,6.523448609268833
*NC(=S)c1ccc(O*)cc1,eps,4.57,4.732331584158285
*NC(=S)c1ccc(O*)s1,eps,5.61,5.342023263605629
*NC(F)(F)CC(*)(F)F,eps,3.9,3.6819450815910546
*NCC(F)(F)C(*)(F)F,eps,4.32,3.5870341315006
*NCCCNC(=O)NC(*)=O,eps,4.19,4.048906162271029
*NCNC(=O)OC(=O)NC(*)=O,eps,4.67,4.872328134403577
*NOC(=O)NCC(=O)NC(*)=O,eps,5.02,4.634509365567384
*NOC(F)(F)C(*)(F)F,eps,3.73,3.6237318313809825
*NOc1ccc(O*)cc1,eps,4.11,3.990909070517187
*Nc1ccc(-c2ccc(-c3ccc(*)cc3)cc2)cc1,eps,4.29,4.593254812663392
*Nc1ccc(-c2ccc(-c3ccc(*)cc3)s2)cc1,eps,5.91,5.674388674540942
*Nc1ccc(-c2ccc(-c3ccc(*)s3)cc2)cc1,eps,5.94,5.062845202476584
*Nc1ccc(-c2ccc(-c3ccc(*)s3)s2)s1,eps,7.17,6.491035568494844
*Nc1ccc(-c2ccc(C(*)=S)cc2)cc1,eps,4.84,5.847647243734959
*Nc1ccc(-c2ccc(C(*)=S)cc2)s1,eps,5.47,6.095379565656959
*Nc1ccc(-c2ccc(C(*)=S)s2)cc1,eps,6.84,5.952876654765257
*Nc1ccc(-c2ccc(C(=S)c3ccc(-c4ccc(Nc5ccc(*)cc5)s4)s3)s2)s1,eps,6.88,6.908220679504949
*Nc1ccc(-c2ccc(O*)cc2)cc1,eps,4.41,4.116970021439217
*Nc1ccc(C(=O)C(*)=S)cc1,eps,5.95,5.708181193935646
*Nc1ccc(C(=O)c2ccc(*)s2)cc1,eps,6.11,5.520574179562533
*Nc1ccc(C(=O)c2ccc(*)s2)s1,eps,8.01,5.753750292219547
*Nc1ccc(C(=S)c2ccc(*)cc2)cc1,eps,6.72,5.225569376452673
*Nc1ccc(C(=S)c2ccc(*)cc2)s1,eps,6.46,5.9551617378787896
*Nc1ccc(C(=S)c2ccc(*)s2)s1,eps,6.36,6.529428447930378
*Nc1ccc(NC(*)=S)s1,eps,5.78,5.964124066003599
*Nc1ccc(NC(=O)NC(=O)NC(*)=O)s1,eps,5.34,5.647885999603899
*Nc1ccc(NO*)cc1,eps,4.2,4.366738656268584
*Nc1ccc(Nc2ccc(*)s2)cc1,eps,5.07,5.205698526140144
*Nc1ccc(OC(*)=S)cc1,eps,4.5,4.819937946168791
*Nc1ccc(OC(*)=S)s1,eps,5.02,5.181329021947521
*Nc1ccc(Oc2ccc(*)cc2)cc1,eps,4.38,4.324519596105236
*Nc1ccc(Oc2ccc(*)s2)s1,eps,4.14,5.015812579525661
*Nc1cccc(C(*)=O)c1,eps,4.43,4.721437427649199
*OC(=O)C(F)(F)C(*)(F)F,eps,3.31,3.801515633072591
*OC(=S)Oc1ccc(*)cc1,eps,4.1,4.16942920579408
*OC(=S)c1ccc(-c2ccc(*)cc2)cc1,eps,4.56,4.413902460395432
*OC(=S)c1ccc(C(*)=O)s1,eps,5.45,5.788638042927367
*OC(F)(F)C(=S)C(*)(F)F,eps,3.6,4.093460892274098
*OC(F)(F)CC(*)(F)F,eps,3.47,3.565220580157555
*OC(F)(F)NC(*)(F)F,eps,4.04,3.934209295847384
*OC(F)(F)OC(*)(F)F,eps,3.8,3.7418698411958826
*OC(F)(F)c1ccc(C(*)(F)F)s1,eps,3.93,3.867756314480846
*OC1C(CO)OC(*)C(O)C1O,eps,3.78,3.8283967259382776
*OCC(=S)c1ccc(C(=S)Cc2ccc(-c3ccc(*)cc3)cc2)s1,eps,4.62,5.7124188134058125
*OCC(F)(F)C(*)(F)F,eps,3.5,3.58180923811275
*OCCCCONC(*)=O,eps,3.69,3.7419514856189195
*Oc1ccc(-c2ccc(-c3ccc(*)cc3)cc2)cc1,eps,3.87,3.999841521516686
*Oc1ccc(-c2ccc(-c3ccc(*)cc3)s2)s1,eps,5.17,5.231687336286339
*Oc1ccc(-c2ccc(C(*)=O)cc2)cc1,eps,4.1,4.519211265857565
*Oc1ccc(-c2ccc(C(*)=O)cc2)s1,eps,4.73,4.978111944829673
*Oc1ccc(-c2ccc(C(*)=O)s2)s1,eps,5.23,5.422373310789072
*Oc1ccc(C(=O)c2ccc(*)cc2)cc1,eps,4.32,4.295261391967808
*Oc1ccc(C(=O)c2ccc(C(=O)NOC(*)=O)s2)cc1,eps,4.55,5.2713089683484675
*Oc1ccc(C(=S)c2ccc(*)cc2)s1,eps,4.54,5.304383746582523
*Oc1ccc(C(F)(F)C(*)(F)F)s1,eps,3.9,3.8451736845625173
*Oc1ccc(Cc2ccc(*)cc2)cc1,eps,3.5,3.8087772100099073
*Oc1ccc(OC(*)=O)cc1,eps,3.95,3.9270612304766304
*Oc1ccc(OC(*)=O)s1,eps,4.26,4.215664247029294
*Oc1ccc(Oc2ccc(*)cc2)s1,eps,3.82,4.008842675260283
*Oc1ccc(Oc2ccc(*)s2)s1,eps,3.9,3.9740266027571853
*c1ccc(-c2ccc(-c3ccc(-c4ccc(*)s4)cc3)cc2)cc1,eps,5.39,4.571432403351302
*c1ccc(-c2ccc(C(=S)c3ccc(*)s3)s2)cc1,eps,9.09,6.836759636292581
*c1ccc(-c2ccc(C(F)(F)C(*)(F)F)cc2)s1,eps,3.57,4.580821288794845
*c1ccc(-c2ccc(Oc3ccc(*)s3)s2)cc1,eps,5.22,5.3094156691537
*c1ccc(C(=O)C(F)(F)C(*)(F)F)cc1,eps,3.85,3.8768997731282515
*c1ccc(C(=O)C(F)(F)C(*)(F)F)s1,eps,3.93,4.363715026793374
*c1ccc(C(F)(F)C(=O)C(*)(F)F)s1,eps,4.05,3.8666546474948493
*c1ccc(C(F)(F)CC(*)(F)F)cc1,eps,3.47,3.4829238256515436
*c1ccc(C(F)(F)NC(*)(F)F)s1,eps,4.48,4.078281008439807
*c1ccc(C(F)(F)c2ccc(C(*)(F)F)cc2)s1,eps,4.0,3.5487314452243988
*c1ccc(CC(F)(F)C(*)(F)F)s1,eps,3.59,3.7552721699543743
*c1cccc(*)n1,eps,4.35,4.327382370377332
*C(=O)C(=S)OC(*)=S,nc,2.3004,2.0651049517528617
*C(=O)C(F)(F)CC(*)(F)F,nc,1.6107,1.6120034568827837
*C(=O)CC(F)(F)C(*)(F)F,nc,1.6044,1.6129098523278573
*C(=O)NC(=O)c1ccc(*)cc1,nc,1.8899,1.940231890707933
*C(=O)Oc1ccc(C(*)=S)cc1,nc,2.0099,2.0101195929116673
*C(=O)c1ccc(-c2ccc(-c3ccc(*)cc3)s2)cc1,nc,2.2925,2.132265100005748
*C(=O)c1ccc(-c2ccc(-c3ccc(*)s3)cc2)s1,nc,2.5812,2.2080445745836323
*C(=O)c1ccc(-c2ccc(-c3ccc(*)s3)s2)cc1,nc,2.1519,2.424773645324897
*C(=O)c1ccc(-c2ccc(-c3ccc(*)s3)s2)s1,nc,2.705,2.2452282314165486
*C(=O)c1ccc(-c2ccc(C(*)=S)cc2)cc1,nc,2.2139,2.096887751526904
*C(=O)c1ccc(-c2ccc(C(*)=S)s2)cc1,nc,2.244,2.2636537136188624
*C(=O)c1ccc(C(=O)C(*)=S)cc1,nc,2.0994,2.1444289879764478
*C(=O)c1ccc(C(=O)c2ccc(*)cc2)cc1,nc,1.9846,1.9312750909915304
*C(=O)c1ccc(C(=O)c2ccc(*)s2)s1,nc,2.0879,2.273727221403447
*C(=O)c1ccc(C(=S)c2ccc(*)s2)s1,nc,2.2975,2.232745125465737
*C(=O)c1ccc(NC(=S)Oc2ccc(Nc3ccc(*)s3)s2)s1,nc,2.0222,2.3501643447530745
*C(=O)c1ccc(OC(*)=S)cc1,nc,2.0762,1.9879395702191063
*C(=O)c1ccc(OC(*)=S)s1,nc,2.3124,2.0743076888840326
*C(=O)c1ccc(Oc2ccc(*)s2)cc1,nc,2.0027,2.009675306454448
*C(=S)C(=O)CCNc1ccc(C(=S)c2ccc(*)cc2)cc1,nc,2.3328,2.0498066184702686
*C(=S)C(F)(F)CC(*)(F)F,nc,1.7605,1.74541744765939
*C(=S)C(F)(F)NC(*)(F)F,nc,1.7879,1.7609425182969156
*C(=S)C(F)(F)c1ccc(C(*)(F)F)cc1,nc,1.8005,1.8246809924575016
*C(=S)NC(F)(F)C(*)(F)F,nc,1.765,1.7841434142218962
*C(=S)OC(=S)c1ccc(*)s1,nc,2.2971,2.2619198330603276
*C(=S)Oc1ccc(-c2ccc(*)cc2)s1,nc,2.1962,2.165186288964746
*C(=S)Oc1ccc(-c2ccc(*)s2)s1,nc,2.2317,2.2032775318748117
*C(=S)c1ccc(C(=S)c2ccc(*)cc2)cc1,nc,1.8941,2.2877925143877444
*C(=S)c1ccc(C(=S)c2ccc(*)cc2)s1,nc,2.4956,2.399434806533932
*C(=S)c1ccc(C(F)(F)C(*)(F)F)cc1,nc,1.9682,1.8451123967059644
*C(=S)c1ccc(C(F)(F)C(*)(F)F)s1,nc,1.985,2.1014908166359616
*C(F)C(*)(F)F,nc,1.5796,1.6213335016337402
*CC(*)(F)F,nc,1.6122,1.5969699922178555
*CC(*)C,nc,1.6081,1.643203056826365
*CC(=O)C(=S)c1ccc(*)cc1,nc,2.03,1.9759890882958109
*CC(=O)CC(*)=O,nc,1.7565,1.6688270977485502
*CC(=O)CC(*)=S,nc,1.8167,1.8941063372260996
*CC(=O)CO*,nc,1.6922,1.693746956816796
*CC(=O)Cc1ccc(*)s1,nc,1.799,1.8224279214637187
*CC(=O)NC(*)=O,nc,1.7864,1.723253252622592
*CC(=O)NC(*)=S,nc,1.9255,1.9190672238012687
*CC(=O)Nc1ccc(*)cc1,nc,1.8294,1.8382096024893968
*CC(=O)Nc1ccc(*)s1,nc,1.8784,1.921964521357519
*CC(=O)O*,nc,1.6701,1.7323870710273512
*CC(=O)Oc1ccc(*)s1,nc,1.8447,1.890342165611184
*CC(=O)c1ccc(-c2ccc(*)cc2)s1,nc,2.0173,2.1005446786273403
*CC(=O)c1ccc(-c2ccc(*)s2)cc1,nc,2.0511,1.977828444507521
*CC(=O)c1ccc(C(*)=O)s1,nc,1.9246,1.9141839347842498
*CC(=S)C(=O)O*,nc,1.92,2.005433676466013
*CC(=S)CC(*)=S,nc,1.9346,2.09603955339167
*CC(=S)CO*,nc,1.8843,1.80698082541034
*CC(=S)NC(*)=S,nc,2.0504,2.0797081218708233
*CC(=S)NO*,nc,1.9431,1.8637066053106648
*CC(=S)OC(*)=S,nc,1.9523,2.063167378850056
*CC(=S)c1ccc(C(*)=S)s1,nc,2.4487,2.153664670149033
*CC(=S)c1ccc(O*)s1,nc,2.1619,2.0937301041295866
*CC(CC(CC(CC(*)c1ccccc1)c1ccccc1)c1ccccc1)c1ccccc1,nc,1.6244,1.8643192827902557
*CCC(=O)C(*)=S,nc,1.9627,1.861763842316919
*CCC(=O)N*,nc,1.7036,1.7150046975970694
*CCC(=O)O*,nc,1.6631,1.6648681543525081
*CCC(=O)c1ccc(*)cc1,nc,1.8245,1.8440294391453655
*CCC(=O)c1ccc(*)s1,nc,1.8757,1.8710801926769276
*CCC(O*)(C(F)(F)F)C(F)(F)F,nc,1.5724,1.6233856901814014
*CCCC(*)=O,nc,1.6556,1.6741282784477107
*CCCC(*)=S,nc,1.7702,1.806372817352024
*CCCCCCNC(=S)Nc1ccc(NC(=S)N*)cc1,nc,1.8822,1.9640764913743236
*CCCCCOC(=O)Nc1ccc(C)c(NC(=O)O*)c1,nc,1.7297,1.7509681846782448
*CCCCCOC(=O)O*,nc,1.6374,1.629725207550086
*CCCCCOCO*,nc,1.6043,1.640225789872624
*CCCN*,nc,1.6776,1.7057837967980722
*CCCO*,nc,1.6476,1.6539819354956857
*CCCOC(=O)CCCCCCCCOC(=O)CCCOC(=O)CCCCCCCCOC(*)=O,nc,1.6306,1.711552870680912
*CCCc1ccc(*)cc1,nc,1.7489,1.7732457946858127
*CCCc1ccc(*)s1,nc,1.7538,1.8201318011830434
*CCNc1ccc(*)cc1,nc,1.7816,1.8043283819667488
*CCNc1ccc(*)s1,nc,1.8184,1.853166672209961
*CCO*,nc,1.6377,1.6577813230585121
*CCOC(=O)CCCCC(=O)O*,nc,1.6581,1.6397987049465297
*CCOC(=O)CCCCCCC(=O)O*,nc,1.6577,1.6435281362079677
*CCOC(=O)NCCOCCOCCNC(=O)O*,nc,1.6526,1.63437311742788
*CCOCCOC(=O)Nc1ccc(C)c(NC(=O)O*)c1,nc,1.7289,1.7454846135272915
*CCON*,nc,1.7034,1.7146710565511896
*CCc1ccc(-c2ccc(*)s2)cc1,nc,1.9106,1.8643898834474677
*CCc1ccc(C(*)=S)cc1,nc,1.9173,1.8603935730129724
*CCc1ccc(C(*)=S)s1,nc,2.0043,2.061536551494251
*CCc1ccc(O*)cc1,nc,1.7865,1.7801014475430053
*CNC(=O)C(*)=S,nc,1.9972,2.0535628806027817
*CNC(=O)NCOCO*,nc,1.6883,1.6868175337300946
*CNC(=O)ONC(=O)NO*,nc,1.7609,1.7715514784483413
*CNCO*,nc,1.6697,1.7166410291690004
*CNON*,nc,1.7453,1.7207506090295097
*CNOc1ccc(*)cc1,nc,1.8294,1.8555534676293552
*CNOc1ccc(*)s1,nc,1.8539,1.888413750946554
*CNc1ccc(-c2ccc(*)cc2)s1,nc,1.9424,2.027969263915595
*CNc1ccc(C(*)=O)cc1,nc,1.9491,1.8341255714876818
*CNc1ccc(C(*)=O)s1,nc,2.0195,1.95277564950753
*CNc1ccc(C(*)=S)s1,nc,2.251,2.229154674887319
*CNc1ccc(N*)cc1,nc,1.8632,1.8580915584345548
*CNc1ccc(N*)s1,nc,1.8551,1.9523967058205236
*CNc1ccc(O*)cc1,nc,1.8414,1.8470361247633733
*COC(=S)O*,nc,1.8467,1.7911383965195176
*CONC(*)=O,nc,1.7438,1.72753227908812
*COc1ccc(O*)cc1,nc,1.7891,1.8099609278199167
*Cc1ccc(-c2ccc(-c3ccc(*)cc3)s2)cc1,nc,1.9726,2.043239845062475
*Cc1ccc(-c2ccc(-c3ccc(*)s3)cc2)cc1,nc,2.0164,1.92903365525458
*Cc1ccc(-c2ccc(-c3ccc(*)s3)cc2)s1,nc,1.9468,2.1344803438201034
*Cc1ccc(-c2ccc(-c3ccc(*)s3)s2)cc1,nc,1.9768,1.9952738386734141
*Cc1ccc(-c2ccc(-c3ccc(*)s3)s2)s1,nc,2.0574,2.0990504023531065
*Cc1ccc(-c2ccc(C(*)=S)cc2)cc1,nc,2.0502,1.9788159082926775
*Cc1ccc(-c2ccc(C(*)=S)cc2)s1,nc,2.0986,1.966617174697122
*Cc1ccc(-c2ccc(N*)cc2)cc1,nc,1.9585,1.8743942248266943
*Cc1ccc(-c2ccc(N*)s2)s1,nc,1.9938,2.052837473943321
*Cc1ccc(-c2ccc(O*)cc2)s1,nc,1.9368,1.9816795433391055
*Cc1ccc(-c2ccc(O*)s2)s1,nc,1.9533,1.9707638268986218
*Cc1ccc(C(=O)C(*)=S)cc1,nc,1.9454,1.9949543411370863
*Cc1ccc(C(=O)C(*)=S)s1,nc,1.9676,2.0677009999148095
*Cc1ccc(C(=O)N*)cc1,nc,1.8171,1.8868602832339545
*Cc1ccc(C(=O)O*)cc1,nc,1.8426,1.8185655987447416
*Cc1ccc(C(=O)c2ccc(*)cc2)cc1,nc,1.9018,1.9158786599371347
*Cc1ccc(C(=O)c2ccc(*)s2)s1,nc,2.0215,2.0506494435277025
*Cc1ccc(C(=S)O*)cc1,nc,1.8934,1.9218963791245338
*Cc1ccc(C(=S)c2ccc(*)cc2)cc1,nc,1.9675,2.035679704615206
*Cc1ccc(C(=S)c2ccc(*)s2)s1,nc,2.0063,2.2325979319286295
*Cc1ccc(CC(*)=S)cc1,nc,1.8601,1.8279971591561213
*Cc1ccc(CC(*)=S)s1,nc,1.8463,1.972183503569559
*Cc1ccc(CO*)cc1,nc,1.7774,1.77215399764208
*Cc1ccc(CO*)s1,nc,1.8606,1.7709447141201105
*Cc1ccc(Cc2ccc(*)s2)cc1,nc,1.8173,1.8654824918306792
*Cc1ccc(Cc2ccc(*)s2)s1,nc,1.8382,1.9476064323656679
*Cc1ccc(NO*)s1,nc,1.8806,1.890982966462925
*Cc1ccc(OC(*)=S)cc1,nc,1.8273,1.8832763950057696
*Cc1ccc(Oc2ccc(*)s2)cc1,nc,1.8289,1.8772442528892368
*Cc1ccc(Oc2ccc(*)s2)s1,nc,1.8388,1.9033944137698655
*NC(=O)C(=S)C(*)=O,nc,2.263,2.1578208153465335
*NC(=O)C(=S)O*,nc,2.1173,2.0530584907183282
*NC(=O)C(=S)c1ccc(*)cc1,nc,2.1735,2.0867479212148097
*NC(=O)NO*,nc,1.8753,1.7973016261673884
*NC(=O)Nc1ccc(*)cc1,nc,1.9598,1.9616232404989344
*NC(=O)Nc1ccc(*)s1,nc,2.0074,1.959497824168683
*NC(=O)OC(*)=O,nc,1.7525,1.8152494054841846
*NC(=O)Oc1ccc(*)cc1,nc,1.8802,1.8914382118855144
*NC(=O)Oc1ccc(*)s1,nc,1.9321,1.9305580450825865
*NC(=O)c1ccc(-c2ccc(*)cc2)cc1,nc,2.0808,1.9831449589258165
*NC(=O)c1ccc(-c2ccc(*)cc2)s1,nc,2.2535,2.122157735160839
*NC(=O)c1ccc(C(*)=O)s1,nc,2.034,1.9882983141462123
*NC(=O)c1ccc(C(*)=S)cc1,nc,1.971,2.136441455199541
*NC(=O)c1ccc(C(*)=S)s1,nc,2.2308,2.244298702213493
*NC(=O)c1ccc(NC(=S)c2ccc(Nc3ccc(*)cc3)cc2)s1,nc,2.2302,2.3105734713025563
*NC(=O)c1ccc(O*)s1,nc,1.969,2.0007323975679507
*NC(=S)C(=O)O*,nc,2.1342,2.1100536091013797
*NC(=S)NC(*)=S,nc,2.2528,2.189696177779941
*NC(=S)NO*,nc,2.0671,2.026989610683408
*NC(=S)Nc1ccc(NC(=S)Nc2ccc(Cc3ccc(*)cc3)cc2)cc1,nc,1.9843,2.1812839733525977
*NC(=S)c1ccc(O*)cc1,nc,1.9858,1.9739210611093772
*NC(F)(F)CC(*)(F)F,nc,1.6205,1.6017786641382068
*NCC(F)(F)C(*)(F)F,nc,1.5942,1.6347585491953622
*NCCCNC(=O)NC(*)=O,nc,1.7499,1.7487731810970164
*NCNC(=O)OC(=O)NC(*)=O,nc,1.7355,1.7859214982302236
*NOC(=O)NCC(=O)NC(*)=O,nc,1.7831,1.8114694176717112
*NOC(=S)O*,nc,1.942,2.0069910067833865
*NOC(F)(F)C(*)(F)F,nc,1.6008,1.5931535146730693
*NOc1ccc(O*)cc1,nc,1.8691,1.905072195863921
*Nc1ccc(*)cc1,nc,2.124,2.05392335772456
*Nc1ccc(-c2ccc(-c3ccc(*)s3)cc2)s1,nc,2.4847,2.4146863025473624
*Nc1ccc(-c2ccc(-c3ccc(*)s3)s2)s1,nc,2.5509,2.515083959792912
*Nc1ccc(-c2ccc(C(*)=O)s2)s1,nc,2.393,2.1259804997809844
*Nc1ccc(-c2ccc(C(*)=S)cc2)cc1,nc,2.1003,2.3030648045839897
*Nc1ccc(-c2ccc(C(*)=S)s2)cc1,nc,2.4805,2.4482981745077574
*Nc1ccc(-c2ccc(C(*)=S)s2)s1,nc,2.7581,2.4267894824726417
*Nc1ccc(-c2ccc(C(=S)c3ccc(-c4ccc(Nc5ccc(*)cc5)s4)s3)s2)s1,nc,2.4299,2.523211376584708
*Nc1ccc(C(=O)C(*)=S)cc1,nc,2.2161,2.147288910686875
*Nc1ccc(C(=O)O*)cc1,nc,1.8988,1.8778630763035997
*Nc1ccc(C(=O)c2ccc(*)s2)cc1,nc,2.186,2.1499835423026536
*Nc1ccc(C(=O)c2ccc(*)s2)s1,nc,2.5062,2.1020126995836956
*Nc1ccc(C(=S)c2ccc(*)cc2)cc1,nc,2.3239,2.110017656229768
*Nc1ccc(NC(*)=S)s1,nc,2.19,2.2126600426609575
*Nc1ccc(NC(=O)NC(=O)NC(*)=O)s1,nc,1.9797,2.0183662648147664
*Nc1ccc(NO*)cc1,nc,1.8848,1.9284588410193986
*Nc1ccc(OC(*)=S)cc1,nc,1.9514,2.018144185468438
*Nc1ccc(Oc2ccc(*)cc2)cc1,nc,1.9297,1.933185292300499
*Nc1ccc(Oc2ccc(*)s2)cc1,nc,1.9073,1.918540175278107
*Nc1ccc(Oc2ccc(*)s2)s1,nc,1.9001,2.133853512376953
*OC(=O)C(F)(F)C(*)(F)F,nc,1.5879,1.6068580873845115
*OC(=O)OC(*)=O,nc,1.5714,1.7200187908421578
*OC(=O)c1ccc(C(*)=O)s1,nc,1.8811,1.9362302295805194
*OC(=S)C(F)(F)C(*)(F)F,nc,1.7142,1.7449136184041727
*OC(=S)OC(*)=O,nc,1.7396,1.915914501058131
*OC(=S)Oc1ccc(*)s1,nc,1.9459,2.1090950761959197
*OC(=S)c1ccc(-c2ccc(*)cc2)cc1,nc,2.0445,2.0685473590171672
*OC(=S)c1ccc(C(*)=O)s1,nc,2.068,2.22518695869327
*OC(F)(F)C(=O)C(*)(F)F,nc,1.5807,1.602173601473514
*OC(F)(F)C(=S)C(*)(F)F,nc,1.6753,1.7737869399266366
*OC(F)(F)NC(*)(F)F,nc,1.5936,1.5956138271469849
*OC(F)(F)OC(*)(F)F,nc,1.5596,1.5736294477261403
*OC(F)(F)c1ccc(C(*)(F)F)cc1,nc,1.7269,1.7126155150827533
*OC1C(CO)OC(*)C(O)C1O,nc,1.6879,1.679176425989939
*OCC(F)(F)C(*)(F)F,nc,1.5633,1.591778441435699
*OCCC(=O)CC(=O)Oc1ccc(*)cc1,nc,1.7251,1.77049766798141
*OCCCCONC(*)=O,nc,1.6747,1.6642734205738672
*Oc1ccc(-c2ccc(-c3ccc(*)cc3)cc2)s1,nc,2.1534,2.057785442380208
*Oc1ccc(-c2ccc(-c3ccc(*)cc3)s2)s1,nc,2.1712,2.20321373920141
*Oc1ccc(-c2ccc(-c3ccc(*)s3)s2)s1,nc,2.2729,2.3366436581899634
*Oc1ccc(-c2ccc(C(*)=O)cc2)cc1,nc,1.9035,1.9788765272467783
*Oc1ccc(-c2ccc(C(*)=O)s2)s1,nc,2.0521,2.360125408768671
*Oc1ccc(C(=O)c2ccc(*)cc2)cc1,nc,1.9173,1.9442225823473076
*Oc1ccc(C(=O)c2ccc(C(=O)NOC(*)=O)s2)cc1,nc,1.8941,2.1616330450317025
*Oc1ccc(C(F)(F)C(*)(F)F)cc1,nc,1.7437,1.7370600160007768
*Oc1ccc(OC(*)=O)cc1,nc,1.7876,1.8406523452304708
*Oc1ccc(OC(*)=O)s1,nc,1.8728,1.8403244218938106
*Oc1ccc(Oc2ccc(*)cc2)s1,nc,1.8525,1.904154035573166
*c1ccc(*)cc1,nc,2.0982,2.009786227945476
*c1ccc(-c2ccc(-c3ccc(-c4ccc(*)s4)cc3)cc2)cc1,nc,2.2986,2.2116935133915034
*c1ccc(-c2ccc(-c3ccc(-c4ccc(*)s4)s3)cc2)cc1,nc,2.646,2.3139935788719237
*c1ccc(-c2ccc(C(F)(F)C(*)(F)F)cc2)cc1,nc,1.9016,1.869647511975856
*c1ccc(-c2ccc(C(F)(F)C(*)(F)F)cc2)s1,nc,1.7814,1.9366842946696567
*c1ccc(-c2ccc(C(F)(F)C(*)(F)F)s2)s1,nc,1.9785,1.8913016765148287
*c1ccc(-c2ccc(Oc3ccc(*)s3)s2)cc1,nc,2.1868,2.1096109523831688
*c1ccc(C(=O)C(F)(F)C(*)(F)F)cc1,nc,1.8174,1.7798218061007771
*c1ccc(C(F)(F)C(=O)C(*)(F)F)cc1,nc,1.7375,1.7954478292999314
*c1ccc(C(F)(F)CC(*)(F)F)cc1,nc,1.7249,1.7178049691781012
*c1ccc(C(F)(F)CC(*)(F)F)s1,nc,1.7568,1.765785540317136
*c1ccc(C(F)(F)NC(*)(F)F)cc1,nc,1.7422,1.762008010692392
*c1ccc(C(F)(F)c2ccc(C(*)(F)F)cc2)cc1,nc,1.8364,1.7938061896749407
*c1ccc(CC(F)(F)C(*)(F)F)cc1,nc,1.7264,1.7423796121569732
*c1ccc(CC(F)(F)C(*)(F)F)s1,nc,1.7679,1.7787865791259185
*c1ccc(NC(F)(F)C(*)(F)F)cc1,nc,1.7935,1.7811073017143837
*c1ccc(NC(F)(F)C(*)(F)F)s1,nc,1.862,1.8126427335847115
*c1ccc(OC(=S)c2ccc(*)s2)cc1,nc,2.2131,2.1258947059864783
*c1ccc2oc(-c3ccc4nc(*)oc4c3)nc2c1,nc,2.116,1.9998114554475925
*C#CC#Cc1cc(C(C)(C)C)cc2c3cc(C(C)(C)C)cc(*)c3n(CCCCCCCCCCCCCCCC)c12,tg,67.0,81.37754955421649
*C#CC(COS(=O)(=O)c1ccc(C)cc1)=C(*)COS(=O)(=O)c1ccc(C)cc1,tg,-73.0,94.72512008469651
*C#Cc1cc(C(C)(C)C)cc2c3cc(C(C)(C)C)cc(*)c3n(CCCCCCCCCCCCCCCC)c12,tg,80.0,69.90957804830327
*C#Cc1cccc(C#C[SiH](*)C)c1,tg,72.0,85.25860312581428
*C#Cc1cccc(C#C[Si](*)(C)C)c1,tg,50.0,87.60011420499313
*C#Cc1ccccc1C#C[SiH](*)c1ccccc1,tg,71.0,134.0297617079973
*C(*)(F)Cl,tg,77.0,29.845939047709646
*C(*)C(=O)OC,tg,80.25,39.19011322491267
*C(*)C(=O)OC(C)C,tg,70.0,43.27489996932638
*C(*)C(=O)OC1CCCCC1,tg,140.0,76.59157954948519
*C(*)C(=O)OCC,tg,12.35,32.8793383866245
*C(=C(*)c1ccc(C(C)(C)C)cc1)c1ccccc1,tg,200.0,258.6806290512097
*C(=C(*)c1ccc(CCCC)cc1)c1ccccc1,tg,200.0,122.60021750675794
*C(=C(*)c1ccc(Oc2ccccc2)cc1)c1ccccc1,tg,200.0,161.26222823979438
*C(=C(*)c1ccc([Si](C(C)C)(C(C)C)C(C)C)cc1)c1ccccc1,tg,250.0,171.9492618687702
*C(=C(*)c1ccc([Si](C)(C)C)cc1)c1ccccc1,tg,200.0,197.65639116842615
*C(=C(*)c1ccc[c]([Ge]([CH3])([CH3])[CH3])c1)c1ccccc1,tg,200.0,132.0430502621715
*C(=C(*)c1cccc([Si](C)(C)C)c1)c1ccccc1,tg,200.0,197.57761088097246
*C(=C(C#N)c1ccc(C(=O)OC2CCN(*)CC2)cc1)c1ccc(OC)cc1,tg,183.0,166.55828608706165
*C(=C([2H])C([2H])([2H])C(*)([2H])[2H])C([2H])([2H])[2H],tg,-58.0,-19.231193909195802
*C(=Cc1cc(OC)c(C=C(c2ccc(*)cc2)c2ccc(F)cc2)cc1OC)c1ccc(F)cc1,tg,193.0,192.1930201599059
*C(=Cc1cc(OC)c(C=C(c2ccc(*)cc2)c2ccc(OC)cc2)cc1OC)c1ccc(OC)cc1,tg,170.0,166.54730650542365
*C(=Cc1cc(OC)c(C=C(c2ccc(F)cc2)c2ccc(-c3ccc(*)cc3)cc2)cc1OC)c1ccc(F)cc1,tg,201.0,207.60016769267438
*C(=Cc1cc(OC)c(C=C(c2ccc(F)cc2)c2ccc3cc(*)ccc3c2)cc1OC)c1ccc(F)cc1,tg,208.0,212.5911818251816
*C(=Cc1cc(OC)c(C=C(c2ccccc2)c2ccc3cc(*)ccc3c2)cc1OC)c1ccccc1,tg,198.0,206.4108164234022
*C(=Cc1ccc(C=C(c2ccccc2)c2ccc(-c3ccc(*)cc3)cc2)cc1)c1ccccc1,tg,220.0,218.59608827514444
*C(=Nc1ccccc1)c1ccc(-c2ccc(*)cc2)cc1,tg,225.0,244.12518660820976
*C(=O)C1C2C=CC(C2)C1*,tg,85.5,150.62655306498138
*C(=O)CCC1(CCC(=O)N2CCN(*)CC2)c2ccccc2-c2ccccc21,tg,145.0,164.18566413146578
*C(=O)CCCCCCCCC(=O)N1CC(C)N(*)CC1C,tg,-60.5,67.2453997181578
*C(=O)CCCCCCCCC(=O)N1CCN(*)CC1,tg,70.4,0.9279590812925332
*C(=O)CCCCCCCCC(=O)NC1CCCCN(*)C1,tg,-46.5,63.03714530521661
*C(=O)N1C(=O)N(C(=O)c2ccc3c(c2)C(=O)N(c2ccc(Oc4ccc(N5C(=O)c6ccc(*)cc6C5=O)cc4)cc2)C3=O)C(C)(C)C1=O,tg,156.0,280.2333077826767
*C(=O)N1C(=S)N(C(=O)c2ccc3c(c2)C(=O)N(c2ccc(Oc4ccc(N5C(=O)c6ccc(*)cc6C5=O)cc4)cc2)C3=O)C(C)=C(C(=O)OCC)C1c1ccccc1,tg,155.0,234.29703226347846
*C(=O)NC1CCC(CC2CCC(NC(=O)c3ccc(N4C(=O)c5ccc(*)cc5C4=O)cc3)CC2)CC1,tg,275.0,235.2949672581186
*C(=O)NC1CCCC(*)O1,tg,145.0,145.4398810005059
*C(=O)NCCN(CCNC(=O)c1ccc(N2C(=O)c3ccc(*)cc3C2=O)cc1)c1ccc(C=Cc2ccc([N+](=O)[O-])cc2)cc1,tg,178.0,180.4495384451974
*C(=O)NCCN(CCNC(=O)c1cccc(N2C(=O)c3ccc(*)cc3C2=O)c1)c1ccc(C=Cc2ccc([N+](=O)[O-])cc2)cc1,tg,178.0,179.3065597073858
*C(=O)NCCNC(=O)c1ccc(N2C(=O)c3ccc(*)cc3C2=O)cc1,tg,235.0,245.98142873622314
*C(=O)NNC(=O)c1ccc([Si](c2ccccc2)(c2ccccc2)c2ccc(C(=O)NNC(=O)c3ccc(*)nc3)cc2)cc1,tg,256.0,199.48751596782068
*C(=O)Nc1c(C)cc(Cc2cc(C)c(NC(=O)c3ccc4c(c3)C(=O)N(c3ccc(N=Nc5ccc(OC(F)(F)F)cc5)c(N5C(=O)c6ccc(*)cc6C5=O)c3)C4=O)c(C)c2)cc1C,tg,278.0,276.0501065068445
*C(=O)Nc1c(C)cc(Cc2cc(C)c(NC(=O)c3ccc4c(c3)C(=O)N(c3ccc(N=Nc5ccc([N+](=O)[O-])cc5)c(N5C(=O)c6ccc(*)cc6C5=O)c3)C4=O)c(C)c2)cc1C,tg,280.0,251.15279742087228
*C(=O)Nc1c(CC)cc(Cc2cc(CC)c(NC(=O)c3ccc4c(c3)C(=O)N(c3ccc(N=Nc5ccc(C)cc5)c(N5C(=O)c6ccc(*)cc6C5=O)c3)C4=O)c(CC)c2)cc1CC,tg,269.0,241.85159078720815
*C(=O)Nc1cc(C(F)(F)F)cc(NC(=O)c2ccc3c(c2)C(=O)N(c2cc(C(F)(F)F)cc(N4C(=O)c5ccc(*)cc5C4=O)c2Oc2ccc(C(F)(F)F)cc2)C3=O)c1Oc1ccc(C(F)(F)F)cc1,tg,315.0,258.54644011021986
*C(=O)Nc1cc(C(c2cc(C)c(C)c(NC(=O)c3ccc4c(c3)C(=O)N(c3cccc5c(N6C(=O)c7ccc(*)cc7C6=O)cccc35)C4=O)c2)(C(F)(F)F)C(F)(F)F)cc(C)c1C,tg,250.0,269.0946650502884
*C(=O)Nc1cc(NC(=O)c2ccc3[nH]c(-c4cccc(-c5nc6cc(*)ccc6[nH]5)c4)nc3c2)cc(-c2nc3ccccc3[nH]2)c1,tg,315.0,331.5894649413885
*C(=O)Nc1cc(NC(=O)c2ccc3c(c2)C(=O)N(c2cc(-c4nc5ccccc5o4)cc(N4C(=O)c5ccc(*)cc5C4=O)c2)C3=O)cc(-c2nc3ccccc3[nH]2)c1,tg,371.0,297.8955115352033
*C(=O)Nc1cc(NC(=O)c2ccc3c(c2)C(=O)N(c2cc(-c4nc5ccccc5s4)cc(N4C(=O)c5ccc(*)cc5C4=O)c2)C3=O)cc(-c2nc3ccccc3[nH]2)c1,tg,368.0,296.3480565447706
*C(=O)Nc1cc(NC(=O)c2ccc3c(c2)C(=O)N(c2cc(-c4nnc(-c5ccccn5)o4)cc(N4C(=O)c5ccc(*)cc5C4=O)c2)C3=O)cc(-c2nnc(-c3ccccn3)o2)c1,tg,164.0,265.957277443801
*C(=O)Nc1cc(NC(=O)c2ccc3c(c2)C(=O)N(c2cccc(N4C(=O)c5ccc(*)cc5C4=O)c2)C3=O)cc(-c2nc3ccccc3[nH]2)c1,tg,361.0,322.20536288380345
*C(=O)Nc1cc(NC(=O)c2cccc(*)n2)cc(-c2nnc(-c3ccccn3)o2)c1,tg,255.0,171.2969370729639
*C(=O)Nc1ccc(-c2cc(-c3ccccc3)cc(-c3ccc(NC(=O)c4ccc5c(c4)C(=O)N(c4ccc(Oc6cccc7c(N8C(=O)c9ccc(*)cc9C8=O)cccc67)cc4)C5=O)cc3)n2)cc1,tg,295.0,316.57146172066103
*C(=O)Nc1ccc(-c2cc(-c3ccccc3)cc(-c3ccc(NC(=O)c4ccc5c(c4)C(=O)N(c4cccc(P(=O)(c6ccccc6)c6cccc(N7C(=O)c8ccc(*)cc8C7=O)c6)c4)C5=O)cc3)n2)cc1,tg,258.0,271.1053604059402
*C(=O)Nc1ccc(-c2ccc(N3C(=O)CC(N4C(=O)c5ccc(*)cc5C4=O)C3=O)cc2)cc1,tg,219.0,220.36078181193417
*C(=O)Nc1ccc(-c2ccc(NC(=O)N3CC(C)N(*)CC3C)cc2)cc1,tg,250.0,202.02231770774628
*C(=O)Nc1ccc(-c2ccc(NC(=O)c3ccc4c(c3)C(=O)N(c3c(C)cc(C)c(N5C(=O)c6ccc(*)cc6C5=O)c3C)C4=O)cc2C(F)(F)F)c(C(F)(F)F)c1,tg,267.0,280.63982244221177
*C(=O)Nc1ccc(-c2ccc(NC(=O)c3ccc4c(c3)C(=O)N(c3c(C)cc(C)c(N5C(=O)c6ccc(*)cc6C5=O)c3C)C4=O)cc2C)c(C)c1,tg,259.0,314.0141286367056
*C(=O)Nc1ccc(-c2ccc(NC(=O)c3ccc4c(c3)C(=O)N(c3ccc(Oc5cccc6c(N7C(=O)c8ccc(*)cc8C7=O)cccc56)cc3)C4=O)c(OC)c2)cc1OC,tg,304.0,276.53136956856326
*C(=O)Nc1ccc(-c2ccc(NC(=O)c3ccc4c(c3)C(=O)N(c3ccc(Oc5cccc6c(N7C(=O)c8ccc(*)cc8C7=O)cccc56)cc3)C4=O)cc2)cc1,tg,301.0,292.4208265680389
*C(=O)Nc1ccc(-c2ccc(NC(=O)c3ccc4c(c3)C(=O)N(c3ccc(S(=O)(=O)c5ccc(N6C(=O)c7ccc(*)cc7C6=O)cc5)cc3)C4=O)cc2)cc1,tg,370.0,326.0933480225282
*C(=O)Nc1ccc(-c2ccc(NC(=O)c3ccc4c(c3)C(=O)N(c3cccc(P(=O)(c5ccccc5)c5cccc(N6C(=O)c7ccc(*)cc7C6=O)c5)c3)C4=O)cc2)cc1,tg,253.0,254.82413012315345
*C(=O)Nc1ccc(C(=O)Nc2ccc(NC(=O)c3ccc4[nH]c(-c5cccc(-c6nc7cc(*)ccc7[nH]6)c5)nc4c3)cc2)cc1,tg,322.0,320.18551241436495
*C(=O)Nc1ccc(C(=O)c2ccc(NC(=O)c3ccc4c(c3)C(=O)N(c3ccc(NC(=O)Nc5ccc(N6C(=O)c7ccc(*)cc7C6=O)cc5)cc3)C4=O)cc2)cc1,tg,212.0,219.44094897747823
*C(=O)Nc1ccc(C(c2ccc(NC(=O)c3ccc(N4C(=O)c5ccc(*)cc5C4=O)cc3C)cc2)(C(F)(F)F)C(F)(F)F)cc1,tg,320.0,273.9597463152394
*C(=O)Nc1ccc(C(c2ccc(NC(=O)c3ccc4c(c3)C(=O)N(c3c(C)cc(C)c(N5C(=O)c6ccc(*)cc6C5=O)c3C)C4=O)cc2)(C(F)(F)F)C(F)(F)F)cc1,tg,250.0,275.6144630110169
*C(=O)Nc1ccc(C(c2ccc(NC(=O)c3ccc4c(c3)C(=O)N(c3ccc(-c5ccc(N6C(=O)c7ccc(*)cc7C6=O)c(OC)c5)cc3OC)C4=O)cc2)(C(F)(F)F)C(F)(F)F)cc1,tg,250.0,280.2771099653618
*C(=O)Nc1ccc(C(c2ccc(NC(=O)c3ccc4c(c3)C(=O)N(c3ccc(Oc5ccc6ccc(Oc7ccc(N8C(=O)c9ccc(*)cc9C8=O)cc7)cc6c5)cc3)C4=O)cc2)(C(F)(F)F)C(F)(F)F)cc1,tg,292.0,269.15446743206314
*C(=O)Nc1ccc(C(c2ccc(NC(=O)c3ccc4c(c3)C(=O)N(c3cccc5c(N6C(=O)c7ccc(*)cc7C6=O)cccc35)C4=O)cc2)(C(F)(F)F)C(F)(F)F)cc1,tg,250.0,272.72143556799494
*C(=O)Nc1ccc(C)cc1N1C(=O)CC(N2C(=O)c3ccc(*)cc3C2=O)C1=O,tg,237.0,189.9798376882038
*C(=O)Nc1ccc(C2(c3ccc(N4C(=O)c5ccc(*)cc5C4=O)cc3)CC(C)CC(C)(C)C2)cc1,tg,328.0,326.1050307051673
*C(=O)Nc1ccc(C2(c3ccc(N4C(=O)c5ccc(*)cc5C4=O)cc3)CCC(C(C)(C)C)CC2)cc1,tg,331.0,313.6122414760788
*C(=O)Nc1ccc(C2(c3ccc(N4C(=O)c5ccc(*)cc5C4=O)cc3)CCC(C)CC2)cc1,tg,322.0,314.9941807820842
*C(=O)Nc1ccc(C2(c3ccc(N4C(=O)c5ccc(*)cc5C4=O)cc3)CCC(CC)CC2)cc1,tg,312.0,285.11418202570763
*C(=O)Nc1ccc(C2(c3ccc(N4C(=O)c5ccc(*)cc5C4=O)cc3)CCCCC2)cc1,tg,319.0,311.1350767330163
*C(=O)Nc1ccc(C2(c3ccc(NC(=O)c4ccc5c(c4)C(=O)N(c4ccc(Oc6ccc(N7C(=O)c8ccc(*)cc8C7=O)cc6)cc4)C5=O)cc3)c3ccccc3-c3ccccc32)cc1,tg,240.0,276.80746398656686
*C(=O)Nc1ccc(C2(c3ccc(NC(=O)c4ccc5c(c4)C(=O)N(c4ccc(Sc6ccc(Oc7ccc(Sc8ccc(N9C(=O)c%10ccc(*)cc%10C9=O)cc8)cc7)cc6)cc4)C5=O)cc3)c3ccccc3-c3ccccc32)cc1,tg,273.67,268.5384274198432
*C(=O)Nc1ccc(C2(c3ccc(NC(=O)c4ccc5c(c4)C(=O)N(c4cccc(N6C(=O)c7ccc(*)cc7C6=O)c4)C5=O)cc3)c3ccccc3-c3ccccc32)cc1,tg,209.0,276.7419927922274
*C(=O)Nc1ccc(Cc2ccc(N3C(=O)CC(N4C(=O)c5ccc(*)cc5C4=O)C3=O)cc2)cc1,tg,123.0,211.46625331591252
*C(=O)Nc1ccc(Cc2ccc(N3C(=O)c4ccc(*)cc4C3=O)cc2)cc1,tg,279.5,262.5338132481876
*C(=O)Nc1ccc(Cc2ccc(NC(=O)c3ccc(N4C(=O)c5ccc(*)cc5C4=O)cc3)cc2)cc1,tg,222.0,269.2566646292672
*C(=O)Nc1ccc(Cc2ccc(NC(=O)c3ccc4c(c3)C(=O)N(c3ccc(-c5sc(-c6ccc(N7C(=O)c8ccc(*)cc8C7=O)cc6)c(-c6ccccc6)c5-c5ccccc5)cc3)C4=O)cc2)cc1,tg,253.0,320.4320112389642
*C(=O)Nc1ccc(Cc2ccc(NC(=O)c3ccc4c(c3)C(=O)N(c3ccc(NC(=O)Nc5ccc(N6C(=O)c7ccc(*)cc7C6=O)cc5)cc3)C4=O)cc2)cc1,tg,211.0,220.64941060267657
*C(=O)Nc1ccc(Cc2ccc(NC(=O)c3ccc4c(c3)C(=O)N(c3ccc(Oc5ccc(N6C(=O)c7ccc(*)cc7C6=O)cc5)cc3)C4=O)cc2)cc1,tg,270.0,253.00620922346081
*C(=O)Nc1ccc(Cc2ccc(NC(=O)c3ccc4c(c3)C(=O)N(c3ccc(Oc5ccc6ccc(Oc7ccc(N8C(=O)c9ccc(*)cc9C8=O)cc7)cc6c5)cc3)C4=O)cc2)cc1,tg,273.0,269.50118009145206
*C(=O)Nc1ccc(Cc2ccc(NC(=O)c3ccc4c(c3)C(=O)N(c3cccc(P(=O)(c5ccccc5)c5cccc(N6C(=O)c7ccc(*)cc7C6=O)c5)c3)C4=O)cc2)cc1,tg,233.0,234.92355661893424
*C(=O)Nc1ccc(N2C(=O)CC(N3C(=O)c4ccc(*)cc4C3=O)C2=O)cc1,tg,120.0,218.9013487158552
*C(=O)Nc1ccc(NC(=O)Nc2ccc(NC(=O)c3ccc4c(c3)C(=O)N(c3ccc(NC(=O)Nc5ccc(N6C(=O)c7ccc(*)cc7C6=O)cc5)cc3)C4=O)cc2)cc1,tg,208.0,214.52447950580495
*C(=O)Nc1ccc(NC(=O)c2ccc(N3C(=O)c4ccc(*)cc4C3=O)cc2)cc1,tg,297.5,265.43445254453826
*C(=O)Nc1ccc(NC(=O)c2ccc(NC(=O)c3ccc(-c4nc5cc(*)ccc5[nH]4)cc3)cc2)cc1,tg,295.0,309.49654732535845
*C(=O)Nc1ccc(NC(=O)c2ccc3c(c2)C(=O)N(c2c(C)cc(C)c(N4C(=O)c5ccc(*)cc5C4=O)c2C)C3=O)cc1,tg,327.0,321.4547352465434
*C(=O)Nc1ccc(NC(=O)c2ccc3c(c2)C(=O)N(c2cc(-c4nc5ccccc5s4)cc(N4C(=O)c5ccc(*)cc5C4=O)c2)C3=O)cc1,tg,356.0,334.095656135821
*C(=O)Nc1ccc(NC(=O)c2ccc3c(c2)C(=O)N(c2ccc(-c4sc(-c5ccc(N6C(=O)c7ccc(*)cc7C6=O)cc5)c(-c5ccccc5)c4-c4ccccc4)cc2)C3=O)cc1,tg,333.0,315.16596865021336
*C(=O)Nc1ccc(NC(=O)c2ccc3c(c2)C(=O)N(c2ccc(NC(=O)Nc4ccc(N5C(=O)c6ccc(*)cc6C5=O)cc4)cc2)C3=O)cc1,tg,216.0,219.73035512195293
*C(=O)Nc1ccc(NC(=O)c2ccc3c(c2)C(=O)N(c2ccc(Oc4ccc(N5C(=O)c6ccc(*)cc6C5=O)cc4)cc2)C3=O)c(OCCCCCCS(=O)(=O)c2ccc(C=Cc3ccc(N(C)C)cc3)cc2)c1,tg,192.0,175.21638576707838
*C(=O)Nc1ccc(NC(=O)c2ccc3c(c2)C(=O)N(c2ccc(S(=O)(=O)c4ccc(N5C(=O)c6ccc(*)cc6C5=O)cc4)cc2)C3=O)cc1,tg,368.0,317.06347751042256
*C(=O)Nc1ccc(NC(=O)c2ccc3c(c2)C(=O)N(c2cccc(N4C(=O)c5ccc(*)cc5C4=O)c2)C3=O)cc1,tg,341.0,278.4879554896056
*C(=O)Nc1ccc(Oc2c(C)cc(C(C)(C)c3cc(C)c(Oc4ccc(NC(=O)c5ccc6c(c5)C(=O)N(c5ccc(Oc7ccc(C8(c9ccc(Oc%10ccc(N%11C(=O)c%12ccc(*)cc%12C%11=O)cc%10)cc9)CC9CC8C8CCCC98)cc7)cc5)C6=O)cc4)c(C)c3)cc2C)cc1,tg,276.0,277.1177074856476
*C(=O)Nc1ccc(Oc2cc(C(C)(C)C)c(Oc3ccc(NC(=O)c4ccc5c(c4)C(=O)N(c4ccc(Oc6ccc(C7(c8ccc(Oc9ccc(N%10C(=O)c%11ccc(*)cc%11C%10=O)cc9)cc8)CC8CC7C7CCCC87)cc6)cc4)C5=O)cc3)cc2C(C)(C)C)cc1,tg,290.0,275.7103789791211
*C(=O)Nc1ccc(Oc2ccc(-c3ccc(Oc4ccc(NC(=O)c5ccc6c(c5)C(=O)N(c5ccc(Oc7ccc(C(C)(C)c8ccc(Oc9ccc(N%10C(=O)c%11ccc(*)cc%11C%10=O)cc9)cc8)cc7)cc5)C6=O)cc4)cc3)cc2)cc1,tg,283.0,242.15624528432375
*C(=O)Nc1ccc(Oc2ccc(-c3ccc(Oc4ccc(NC(=O)c5ccc6c(c5)C(=O)N(c5ccc(Oc7ccc(N8C(=O)c9ccc(*)cc9C8=O)cc7)cc5)C6=O)cc4)cc3)cc2)cc1,tg,262.0,268.53474505336715
*C(=O)Nc1ccc(Oc2ccc(-c3ccc(Oc4ccc(NC(=O)c5ccc6c(c5)C(=O)N(c5ccc(Oc7ccc(S(=O)(=O)c8ccc(Oc9ccc(N%10C(=O)c%11ccc(*)cc%11C%10=O)cc9)cc8)cc7)cc5)C6=O)cc4)cc3)cc2)cc1,tg,267.0,262.29865304420207
*C(=O)Nc1ccc(Oc2ccc(-c3ccc(Oc4ccc(NC(=O)c5ccc6c(c5)C(=O)N(c5ccc(Oc7ccccc7-c7ccccc7Oc7ccc(N8C(=O)c9ccc(*)cc9C8=O)cc7)cc5)C6=O)cc4)cc3)cc2)cc1,tg,254.0,247.58582510689152
*C(=O)Nc1ccc(Oc2ccc(-c3ccc(Oc4ccc(NC(=O)c5ccc6c(c5)C(=O)N(c5cccc(N7C(=O)c8ccc(*)cc8C7=O)c5)C6=O)cc4)cc3)cc2)cc1,tg,292.0,276.50186640014124
*C(=O)Nc1ccc(Oc2ccc(C(C)(C)c3ccc(Oc4ccc(NC(=O)c5ccc(N6C(=O)c7ccc(*)cc7C6=O)cc5)cc4)cc3)cc2)cc1,tg,216.0,234.73530444819534
*C(=O)Nc1ccc(Oc2ccc(C(C)(C)c3ccc(Oc4ccc(NC(=O)c5ccc6c(c5)C(=O)N(c5ccc(Oc7ccc8ccc(Oc9ccc(N%10C(=O)c%11ccc(*)cc%11C%10=O)cc9)cc8c7)cc5)C6=O)cc4)cc3)cc2)cc1,tg,250.0,252.75240004876673
*C(=O)Nc1ccc(Oc2ccc(C(C)(C)c3ccc(Oc4ccc(NC(=O)c5ccc6c(c5)C(=O)N(c5ccc(Oc7cccc(N8C(=O)c9ccc(*)cc9C8=O)c7)cc5)C6=O)cc4)cc3)cc2)cc1,tg,207.0,242.32867077214405
*C(=O)Nc1ccc(Oc2ccc(C(C)(C)c3ccc(Oc4ccc(NC(=O)c5ccc6c(c5)C(=O)N(c5ccc(Oc7cccc8c(Oc9ccc(N%10C(=O)c%11ccc(*)cc%11C%10=O)cc9)cccc78)cc5)C6=O)cc4)cc3)cc2)cc1,tg,235.0,249.66316583506344
*C(=O)Nc1ccc(Oc2ccc(C(c3ccc(Oc4ccc(NC(=O)c5ccc6c(c5)C(=O)N(c5ccc(Oc7ccc(C8(c9ccc(Oc%10ccc(N%11C(=O)c%12ccc(*)cc%12C%11=O)cc%10)cc9)CC9CC8C8CCCC98)cc7)cc5)C6=O)cc4)cc3)(C(F)(F)F)C(F)(F)F)cc2)cc1,tg,254.0,257.9161503875474
*C(=O)Nc1ccc(Oc2ccc(C(c3ccc(Oc4ccc(NC(=O)c5ccc6c(c5)C(=O)N(c5ccc(Oc7ccc8ccc(Oc9ccc(N%10C(=O)c%11ccc(*)cc%11C%10=O)cc9)cc8c7)cc5)C6=O)cc4)cc3)(C(F)(F)F)C(F)(F)F)cc2)cc1,tg,250.0,251.45703417555185
*C(=O)Nc1ccc(Oc2ccc(C(c3ccc(Oc4ccc(NC(=O)c5ccc6c(c5)C(=O)N(c5ccc(Oc7cccc8c(Oc9ccc(N%10C(=O)c%11ccc(*)cc%11C%10=O)cc9)cccc78)cc5)C6=O)cc4)cc3)(C(F)(F)F)C(F)(F)F)cc2)cc1,tg,231.0,252.9954553795538
*C(=O)Nc1ccc(Oc2ccc(C3(c4ccc(Oc5ccc(NC(=O)c6ccc7c(c6)C(=O)N(c6ccc(C)c(N8C(=O)c9ccc(*)cc9C8=O)c6)C7=O)cc5)cc4)NC(=O)c4ccccc43)cc2)cc1,tg,315.0,293.5211376641097
*C(=O)Nc1ccc(Oc2ccc(C3(c4ccc(Oc5ccc(NC(=O)c6ccc7c(c6)C(=O)N(c6ccc(Oc8ccc(Oc9ccc(N%10C(=O)c%11ccc(*)cc%11C%10=O)cc9)c(C)c8)cc6)C7=O)cc5)cc4)NC(=O)c4ccccc43)cc2)cc1,tg,293.0,291.3160204844326
*C(=O)Nc1ccc(Oc2ccc(C3(c4ccc(Oc5ccc(NC(=O)c6ccc7c(c6)C(=O)N(c6ccc(Oc8ccc(Oc9ccc(N%10C(=O)c%11ccc(*)cc%11C%10=O)cc9)cc8)cc6)C7=O)cc5)cc4)NC(=O)c4ccccc43)cc2)cc1,tg,284.0,292.16993619605444
*C(=O)Nc1ccc(Oc2ccc(C3(c4ccc(Oc5ccc(NC(=O)c6ccc7c(c6)C(=O)N(c6ccc(Oc8cccc(N9C(=O)c%10ccc(*)cc%10C9=O)c8)cc6)C7=O)cc5)cc4)NC(=O)c4ccccc43)cc2)cc1,tg,272.0,293.3013316433305
*C(=O)Nc1ccc(Oc2ccc(C3(c4ccc(Oc5ccc(NC(=O)c6ccc7c(c6)C(=O)N(c6ccc(Oc8cccc(Oc9ccc(N%10C(=O)c%11ccc(*)cc%11C%10=O)cc9)c8)cc6)C7=O)cc5)cc4)NC(=O)c4ccccc43)cc2)cc1,tg,267.0,280.4726729045671
*C(=O)Nc1ccc(Oc2ccc(N3C(=O)c4ccc(*)cc4C3=O)cc2)cc1,tg,290.17,256.3056179058677
*C(=O)Nc1ccc(Oc2ccc(NC(=O)c3ccc(N4C(=O)c5ccc(*)cc5C4=O)cc3)cc2)cc1,tg,252.67,253.45227148951156
*C(=O)Nc1ccc(Oc2ccc(NC(=O)c3ccc4c(c3)C(=O)N(c3cc(C(F)(F)F)cc(N5C(=O)c6ccc(*)cc6C5=O)c3Oc3ccc(C(F)(F)F)cc3)C4=O)cc2-c2ccccc2)c(-c2ccccc2)c1,tg,312.0,291.19867644483605
*C(=O)Nc1ccc(Oc2ccc(NC(=O)c3ccc4c(c3)C(=O)N(c3ccc(-c5sc(-c6ccc(N7C(=O)c8ccc(*)cc8C7=O)cc6)c(-c6ccccc6)c5-c5ccccc5)cc3)C4=O)cc2)cc1,tg,320.0,313.06971757127957
*C(=O)Nc1ccc(Oc2ccc(NC(=O)c3ccc4c(c3)C(=O)N(c3ccc(Cc5ccc(N6C(=O)c7ccc(*)cc7C6=O)cc5)cc3)C4=O)cc2)cc1,tg,251.0,271.678962242269
*C(=O)Nc1ccc(Oc2ccc(NC(=O)c3ccc4c(c3)C(=O)N(c3ccc(Oc5ccc(C6(c7ccc(Oc8ccc(N9C(=O)c%10ccc(*)cc%10C9=O)cc8)cc7)CC7CC6C6CCCC76)cc5)cc3)C4=O)cc2)cc1,tg,250.0,275.3638376500388
*C(=O)Nc1ccc(Oc2ccc(NC(=O)c3ccc4c(c3)C(=O)N(c3ccc(Oc5ccc(C6(c7ccc(Oc8ccc(N9C(=O)c%10ccc(*)cc%10C9=O)cc8)cc7)NC(=O)c7ccccc76)cc5)cc3)C4=O)cc2)cc1,tg,325.0,304.5009319696013
*C(=O)Nc1ccc(Oc2ccc(NC(=O)c3ccc4c(c3)C(=O)N(c3ccc(Oc5ccc(N6C(=O)c7ccc(*)cc7C6=O)cc5-c5ccccc5)c(-c5ccccc5)c3)C4=O)cc2)cc1,tg,345.0,286.55807097696476
*C(=O)Nc1ccc(Oc2ccc(NC(=O)c3ccc4c(c3)C(=O)N(c3ccc(Oc5ccc(N6C(=O)c7ccc(*)cc7C6=O)cc5-c5ccccc5)c(-c5ccccc5)c3)C4=O)cc2-c2ccccc2)c(-c2ccccc2)c1,tg,369.0,302.2714618400577
*C(=O)Nc1ccc(Oc2ccc(NC(=O)c3ccc4c(c3)C(=O)N(c3ccc(Oc5cccc6c(N7C(=O)c8ccc(*)cc8C7=O)cccc56)cc3)C4=O)cc2)cc1,tg,278.0,270.174857122345
*C(=O)Nc1ccc(Oc2ccc(NC(=O)c3ccc4c(c3)C(=O)N(c3ccc(S(=O)(=O)c5ccc(N6C(=O)c7ccc(*)cc7C6=O)cc5)cc3)C4=O)cc2)cc1,tg,281.0,298.90405944353734
*C(=O)Nc1ccc(Oc2ccc(NC(=O)c3ccc4c(c3)C(=O)N(c3cccc(P(=O)(c5ccccc5)c5cccc(N6C(=O)c7ccc(*)cc7C6=O)c5)c3)C4=O)cc2)cc1,tg,235.0,240.5521410201312
*C(=O)Nc1ccc(Oc2ccc(Oc3ccc(NC(=O)c4ccc5c(c4)C(=O)N(c4ccc(-c6sc(-c7ccc(N8C(=O)c9ccc(*)cc9C8=O)cc7)c(-c7ccccc7)c6-c6ccccc6)cc4)C5=O)cc3)cc2)cc1,tg,303.0,314.97078129094734
*C(=O)Nc1ccc(Oc2ccc(Oc3ccc(NC(=O)c4ccc5c(c4)C(=O)N(c4ccc(Oc6ccc(C7(c8ccc(Oc9ccc(N%10C(=O)c%11ccc(*)cc%11C%10=O)cc9)cc8)CC8CC7C7CCCC87)cc6)cc4)C5=O)cc3)c(C(C)(C)C)c2)cc1,tg,275.0,269.51582769727963
*C(=O)Nc1ccc(Oc2ccc(Oc3ccc(NC(=O)c4ccc5c(c4)C(=O)N(c4ccc(Oc6ccc(C7(c8ccc(Oc9ccc(N%10C(=O)c%11ccc(*)cc%11C%10=O)cc9)cc8)CC8CC7C7CCCC87)cc6)cc4)C5=O)cc3)cc2)cc1,tg,257.0,259.2274961308818
*C(=O)Nc1ccc(Oc2ccc(Oc3ccc(NC(=O)c4ccc5c(c4)C(=O)N(c4ccc(Oc6ccc(C7(c8ccc(Oc9ccc(N%10C(=O)c%11ccc(*)cc%11C%10=O)cc9)cc8)NC(=O)c8ccccc87)cc6)cc4)C5=O)cc3)cc2)cc1,tg,300.0,289.62290740573036
*C(=O)Nc1ccc(Oc2ccc(Oc3ccc(NC(=O)c4ccc5c(c4)C(=O)N(c4ccc(Oc6ccc(N7C(=O)c8ccc(*)cc8C7=O)cc6)cc4)C5=O)cc3)cc2)cc1,tg,260.0,244.27462542360195
*C(=O)Nc1ccc(Oc2ccc(Oc3ccc(NC(=O)c4ccc5c(c4)C(=O)N(c4ccc(Oc6cccc7c(Oc8ccc(N9C(=O)c%10ccc(*)cc%10C9=O)cc8)cccc67)cc4)C5=O)cc3)cc2)cc1,tg,285.0,246.3520546890136
*C(=O)Nc1ccc(Oc2ccc(Oc3ccc(NC(=O)c4ccc5c(c4)C(=O)N(c4ccc(S(=O)(=O)c6ccc(N7C(=O)c8ccc(*)cc8C7=O)cc6)cc4)C5=O)cc3)cc2)cc1,tg,243.0,273.4777158548715
*C(=O)Nc1ccc(Oc2ccc(S(=O)(=O)c3ccc(Oc4ccc(NC(=O)c5ccc6c(c5)C(=O)N(c5ccc(Oc7cccc8c(Oc9ccc(N%10C(=O)c%11ccc(*)cc%11C%10=O)cc9)cccc78)cc5)C6=O)cc4)cc3)cc2)cc1,tg,260.0,255.4119682802924
*C(=O)Nc1ccc(Oc2ccc3ccccc3c2-c2c(Oc3ccc(NC(=O)c4ccc5c(c4)C(=O)N(c4cc(C(F)(F)F)cc(N6C(=O)c7ccc(*)cc7C6=O)c4Oc4ccc(C(F)(F)F)cc4)C5=O)cc3)ccc3ccccc23)cc1,tg,324.0,263.55011835166397
*C(=O)Nc1ccc(Oc2cccc(NC(=O)c3ccc4c(c3)C(=O)N(c3ccc(-c5sc(-c6ccc(N7C(=O)c8ccc(*)cc8C7=O)cc6)c(-c6ccccc6)c5-c5ccccc5)cc3)C4=O)c2)cc1,tg,315.0,312.81139091280966
*C(=O)Nc1ccc(Oc2cccc(NC(=O)c3ccc4c(c3)C(=O)N(c3ccc(Oc5ccc(C6(c7ccc(Oc8ccc(N9C(=O)c%10ccc(*)cc%10C9=O)cc8)cc7)NC(=O)c7ccccc76)cc5)cc3)C4=O)c2)cc1,tg,302.0,300.2594337558702
*C(=O)Nc1ccc(Oc2cccc(NC(=O)c3ccc4c(c3)C(=O)N(c3ccc(Oc5ccc(N6C(=O)c7ccc(*)cc7C6=O)cc5)cc3)C4=O)c2)cc1,tg,236.0,240.59310138572175
*C(=O)Nc1ccc(Oc2cccc(NC(=O)c3ccc4c(c3)C(=O)N(c3ccc(Oc5ccc6ccc(Oc7ccc(N8C(=O)c9ccc(*)cc9C8=O)cc7)cc6c5)cc3)C4=O)c2)cc1,tg,263.0,258.46463514755607
*C(=O)Nc1ccc(Oc2cccc(NC(=O)c3ccc4c(c3)C(=O)N(c3ccc(Oc5cccc(N6C(=O)c7ccc(*)cc7C6=O)c5)cc3)C4=O)c2)cc1,tg,211.0,234.5244704939326
*C(=O)Nc1ccc(Oc2cccc(Oc3ccc(NC(=O)c4ccc5c(c4)C(=O)N(c4ccc(Oc6cccc(Oc7ccc(N8C(=O)c9ccc(*)cc9C8=O)cc7)c6C#N)cc4)C5=O)cc3)c2C#N)cc1,tg,220.0,250.65140872157875
*C(=O)Nc1ccc(Oc2ccccc2-c2ccccc2Oc2ccc(NC(=O)c3ccc4c(c3)C(=O)N(c3ccc(N5C(=O)c6ccc(*)cc6C5=O)cc3)C4=O)cc2)cc1,tg,268.0,253.6787499143086
*C(=O)Nc1ccc(Oc2ccccc2-c2ccccc2Oc2ccc(NC(=O)c3ccc4c(c3)C(=O)N(c3ccc(Oc5ccc(-c6ccc(Oc7ccc(N8C(=O)c9ccc(*)cc9C8=O)cc7)cc6)cc5)cc3)C4=O)cc2)cc1,tg,233.0,243.93811203786663
*C(=O)Nc1ccc(Oc2ccccc2-c2ccccc2Oc2ccc(NC(=O)c3ccc4c(c3)C(=O)N(c3ccc(Oc5ccc(N6C(=O)c7ccc(*)cc7C6=O)cc5)cc3)C4=O)cc2)cc1,tg,241.5,248.51173239450443
*C(=O)Nc1ccc(Oc2ccccc2-c2ccccc2Oc2ccc(NC(=O)c3ccc4c(c3)C(=O)N(c3ccc(Oc5ccc(Oc6ccc(N7C(=O)c8ccc(*)cc8C7=O)cc6)cc5)cc3)C4=O)cc2)cc1,tg,238.0,241.7250819267836
*C(=O)Nc1ccc(Oc2ccccc2-c2ccccc2Oc2ccc(NC(=O)c3ccc4c(c3)C(=O)N(c3ccc(Oc5ccc(S(=O)(=O)c6ccc(Oc7ccc(N8C(=O)c9ccc(*)cc9C8=O)cc7)cc6)cc5)cc3)C4=O)cc2)cc1,tg,236.0,248.8883157215774
*C(=O)Nc1ccc(Oc2ccccc2-c2ccccc2Oc2ccc(NC(=O)c3ccc4c(c3)C(=O)N(c3ccc(Oc5cccc(Oc6ccc(N7C(=O)c8ccc(*)cc8C7=O)cc6)c5)cc3)C4=O)cc2)cc1,tg,229.0,222.70567401977138
*C(=O)Nc1ccc(Oc2ccccc2-c2ccccc2Oc2ccc(NC(=O)c3ccc4c(c3)C(=O)N(c3ccc(Oc5ccccc5-c5ccccc5Oc5ccc(N6C(=O)c7ccc(*)cc7C6=O)cc5)cc3)C4=O)cc2)cc1,tg,233.0,254.2802782406604
*C(=O)Nc1ccc(Oc2ccccc2-c2ccccc2Oc2ccc(NC(=O)c3ccc4c(c3)C(=O)N(c3cccc(N5C(=O)c6ccc(*)cc6C5=O)c3)C4=O)cc2)cc1,tg,237.0,263.2599798035189
*C(=O)Nc1ccc(S(=O)(=O)c2ccc(N3C(=O)CC(N4C(=O)c5ccc(*)cc5C4=O)C3=O)cc2)cc1,tg,145.0,186.83155015879123
*C(=O)Nc1ccc(S(=O)(=O)c2ccc(NC(=O)c3ccc(N4C(=O)c5ccc(*)cc5C4=O)cc3)cc2)cc1,tg,227.33,283.38561148501657
*C(=O)Nc1ccc(S(=O)(=O)c2ccc(NC(=O)c3ccc4[nH]c(-c5cc(-c6nc7cc(*)ccc7[nH]6)cc(N6C(=O)c7ccccc7C6=O)c5)nc4c3)cc2)cc1,tg,325.0,321.5025042977837
*C(=O)Nc1ccc(S(=O)(=O)c2ccc(NC(=O)c3ccc4[nH]c(-c5cccc(-c6nc7cc(*)ccc7[nH]6)c5)nc4c3)cc2)cc1,tg,312.0,301.9586821272965
*C(=O)Nc1ccc(S(=O)(=O)c2ccc(NC(=O)c3ccc4c(c3)C(=O)N(c3cc(-c5nc6ccccc6o5)cc(N5C(=O)c6ccc(*)cc6C5=O)c3)C4=O)cc2)cc1,tg,367.0,325.00200624805734
*C(=O)Nc1ccc(S(=O)(=O)c2ccc(NC(=O)c3ccc4c(c3)C(=O)N(c3cc(-c5nc6ccccc6s5)cc(N5C(=O)c6ccc(*)cc6C5=O)c3)C4=O)cc2)cc1,tg,357.0,339.538593386997
*C(=O)Nc1ccc(S(=O)(=O)c2ccc(NC(=O)c3ccc4c(c3)C(=O)N(c3ccc(-c5sc(-c6ccc(N7C(=O)c8ccc(*)cc8C7=O)cc6)c(-c6ccccc6)c5-c5ccccc5)cc3)C4=O)cc2)cc1,tg,340.0,305.65594049007433
*C(=O)Nc1ccc(S(=O)(=O)c2ccc(NC(=O)c3ccc4c(c3)C(=O)N(c3ccc(NC(=O)Nc5ccc(N6C(=O)c7ccc(*)cc7C6=O)cc5)cc3)C4=O)cc2)cc1,tg,205.0,254.3326396905077
*C(=O)Nc1ccc(S(=O)(=O)c2ccc(NC(=O)c3ccc4c(c3)C(=O)N(c3ccc(S(=O)(=O)c5ccc(N6C(=O)c7ccc(*)cc7C6=O)cc5)cc3)C4=O)cc2)cc1,tg,307.0,308.9234036633996
*C(=O)Nc1ccc(S(=O)(=O)c2ccc(NC(=O)c3ccc4c(c3)C(=O)N(c3cccc(N5C(=O)c6ccc(*)cc6C5=O)c3)C4=O)cc2)cc1,tg,342.0,341.4339490978034
*C(=O)Nc1ccc(Sc2ccc(NC(=O)c3ccc4c(c3)C(=O)N(c3ccc(Oc5ccc(C6(c7ccc(Oc8ccc(N9C(=O)c%10ccc(*)cc%10C9=O)cc8)cc7)NC(=O)c7ccccc76)cc5)cc3)C4=O)cc2)cc1,tg,312.0,307.7737939157343
*C(=O)Nc1ccc(Sc2ccc(NC(=O)c3ccc4c(c3)C(=O)N(c3ccc(Oc5ccc(N6C(=O)c7ccc(*)cc7C6=O)cc5)cc3)C4=O)cc2)cc1,tg,284.0,265.68333880624374
*C(=O)Nc1ccc(Sc2ccc(NC(=O)c3ccc4c(c3)C(=O)N(c3ccc(Oc5cccc6c(Oc7ccc(N8C(=O)c9ccc(*)cc9C8=O)cc7)cccc56)cc3)C4=O)cc2)cc1,tg,265.0,278.39850348165857
*C(=O)Nc1ccc2c(c1)Cc1cc(NC(=O)c3ccc4c(c3)C(=O)N(c3ccc(NC(=O)Nc5ccc(N6C(=O)c7ccc(*)cc7C6=O)cc5)cc3)C4=O)ccc1-2,tg,224.0,235.79248718430125
*C(=O)Nc1cccc(C#Cc2cccc(N3C(=O)c4ccc(*)cc4C3=O)c2)c1,tg,323.5,285.1007202241992
*C(=O)Nc1cccc(C(=O)Nc2cccc(NC(=O)c3ccc4[nH]c(-c5cccc(-c6nc7cc(*)ccc7[nH]6)c5)nc4c3)c2)c1,tg,331.0,311.1308022049259
*C(=O)Nc1cccc(C(=O)c2cccc(NC(=O)c3ccc4c(c3)C(=O)N(c3ccc(-c5sc(-c6ccc(N7C(=O)c8ccc(*)cc8C7=O)cc6)c(-c6ccccc6)c5-c5ccccc5)cc3)C4=O)c2)c1,tg,308.0,297.4415246977488
*C(=O)Nc1cccc(NC(=O)C=Cc2cccc(N3C(=O)c4ccc(*)cc4C3=O)c2)c1,tg,245.0,260.3110611771481
*C(=O)Nc1cccc(NC(=O)c2ccc3[nH]c(-c4cc(-c5nc6cc(*)ccc6[nH]5)cc(N5C(=O)c6ccccc6C5=O)c4)nc3c2)c1,tg,304.0,300.12499188663
*C(=O)Nc1cccc(NC(=O)c2ccc3[nH]c(-c4ccc(-c5nc6cc(*)ccc6[nH]5)cc4)nc3c2)c1,tg,294.0,316.02827427273456
*C(=O)Nc1cccc(NC(=O)c2ccc3[nH]c(-c4cccc(-c5nc6cc(*)ccc6[nH]5)c4)nc3c2)n1,tg,302.0,308.4411076902674
*C(=O)Nc1cccc(NC(=O)c2ccc3c(c2)C(=O)N(c2cc(-c4nc5ccccc5o4)cc(N4C(=O)c5ccc(*)cc5C4=O)c2)C3=O)n1,tg,365.0,322.5155470352742
*C(=O)Nc1cccc(NC(=O)c2ccc3c(c2)C(=O)N(c2cc(-c4nc5ccccc5s4)cc(N4C(=O)c5ccc(*)cc5C4=O)c2)C3=O)n1,tg,358.0,314.87621880590063
*C(=O)Nc1cccc(NC(=O)c2ccc3c(c2)C(=O)N(c2ccc(-c4sc(-c5ccc(N6C(=O)c7ccc(*)cc7C6=O)cc5)c(-c5ccccc5)c4-c4ccccc4)cc2)C3=O)c1,tg,334.0,320.18092655969104
*C(=O)Nc1cccc(NC(=O)c2ccc3c(c2)C(=O)N(c2ccc(Oc4ccc(C5(c6ccc(Oc7ccc(N8C(=O)c9ccc(*)cc9C8=O)cc7)cc6)NC(=O)c6ccccc65)cc4)cc2)C3=O)c1,tg,328.0,303.5857615770344
*C(=O)Nc1cccc(NC(=O)c2ccc3c(c2)C(=O)N(c2ccc(Oc4ccc5ccc(Oc6ccc(N7C(=O)c8ccc(*)cc8C7=O)cc6)cc5c4)cc2)C3=O)c1,tg,286.0,269.4861194037796
*C(=O)Nc1cccc(NC(=O)c2ccc3c(c2)C(=O)N(c2ccc(Oc4cccc5c(N6C(=O)c7ccc(*)cc7C6=O)cccc45)cc2)C3=O)n1,tg,293.0,294.3230123362911
*C(=O)Nc1cccc(NC(=O)c2ccc3c(c2)C(=O)N(c2ccc(Oc4cccc5c(Oc6ccc(N7C(=O)c8ccc(*)cc8C7=O)cc6)cccc45)cc2)C3=O)c1,tg,263.0,267.81131072219387
*C(=O)Nc1cccc(NC(=O)c2ccc3c(c2)C(=O)N(c2ccc(S(=O)(=O)c4ccc(N5C(=O)c6ccc(*)cc6C5=O)cc4)cc2)C3=O)c1,tg,311.0,341.1266140074919
*C(=O)Nc1cccc(NC(=O)c2ccc3c(c2)C(=O)N(c2cccc(P(=O)(c4ccccc4)c4cccc(N5C(=O)c6ccc(*)cc6C5=O)c4)c2)C3=O)n1,tg,156.0,272.5829036961777
*C(=O)Nc1cccc(Oc2ccc(C(=O)c3ccc(Oc4cccc(NC(=O)c5ccc(*)nc5)c4)cc3)cc2)c1,tg,154.0,170.06513169224394
*C(=O)Nc1cccc(Oc2ccc(S(=O)(=O)c3ccc(Oc4cccc(NC(=O)c5ccc(N6C(=O)c7ccc(*)cc7C6=O)cc5)c4)cc3)cc2)c1,tg,235.0,226.54660988639768
*C(=O)Nc1cccc(Oc2cccc(Oc3cccc(Oc4cccc(Oc5cccc(NC(=O)c6ccc7c(c6)C(=O)N(c6ccc(Oc8cccc(Oc9ccc(N%10C(=O)c%11ccc(*)cc%11C%10=O)cc9)c8C#N)cc6)C7=O)c5)c4C#N)c3)c2C#N)c1,tg,199.0,226.9849923599054
*C(=O)Nc1cccc(S(=O)(=O)c2cccc(NC(=O)c3ccc4c(c3)C(=O)N(c3cc(-c5nnc(-c6ccccn6)o5)cc(N5C(=O)c6ccc(*)cc6C5=O)c3)C4=O)c2)c1,tg,173.0,262.3433767127326
*C(=O)Nc1cccc2cccc(N3C(=O)CC(N4C(=O)c5ccc(*)cc5C4=O)C3=O)c12,tg,193.0,218.15595437154767
*C(=O)Nc1nc(NC(=O)c2ccc3c(c2)C(=O)N(c2ccc(Oc4cccc5c(N6C(=O)c7ccc(*)cc7C6=O)cccc45)cc2)C3=O)nc(-c2ccccc2)n1,tg,291.0,286.52682819047993
*C(=O)OC1CC(*)N(C(=O)OCc2ccccc2)C1,tg,78.0,113.98753898081777
*C(=O)OC1CC2CC(OC(=O)N3CCN(*)CC3)CC(C1)O2,tg,113.0,161.3133577392427
*C(=O)OCC(C)(C)COC(=O)N1CCN(*)CC1,tg,70.0,47.039330584222384
*C(=O)OCC(C)(C)CS(=O)(=O)CC(C)(C)COC(=O)N1CC(C)N(*)CC1C,tg,85.0,61.83816403621277
*C(=O)OCC(C)(C)CSCC(C)(C)COC(=O)C1(C)CNC(*)(C)CN1,tg,40.0,57.51737534002056
*C(=O)OCC(COc1ccc(N=Nc2ccc(C#N)cc2)cc1)OC(=O)c1ccc(*)s1,tg,119.0,79.543655294979
*C(=O)OCCCCCCCCCCCCCCCCCCCCCCOC(=O)c1ccc(N2C(=O)c3ccc(*)cc3C2=O)cc1,tg,44.0,54.35341050837998
*C(=O)OCCCCCCCCCCCCOC(=O)c1ccc(NC(=O)c2ccc(N3C(=O)c4ccc(*)cc4C3=O)cc2)cc1,tg,74.0,102.14390962831918
*C(=O)OCCCCCCCCCCCCOC(=O)c1ccc2c(c1)C(=O)N(c1ccc(Oc3ccc(N4C(=O)c5ccc(*)cc5C4=O)cc3)cc1)C2=O,tg,105.0,128.85820063690096
*C(=O)OCCCCCCCCCCOC(=O)c1ccc(NC(=O)c2ccc(N3C(=O)c4ccc(*)cc4C3=O)cc2)cc1,tg,102.0,82.7996678276488
*C(=O)OCCCCCCCCOC(=O)c1ccc(NC(=O)c2ccc(N3C(=O)c4ccc(*)cc4C3=O)cc2)cc1,tg,105.0,85.65155465712864
*C(=O)OCCCCCCCOC(=O)c1ccc(NC(=O)c2ccc(N3C(=O)c4ccc(*)cc4C3=O)cc2)cc1,tg,106.0,117.38011350589959
*C(=O)OCCCCCOC(=O)c1ccc(N2C(=O)c3ccc(*)cc3C2=O)cc1,tg,90.0,103.7642872752043
*C(=O)OCCCSCCCCSCCCOC(=O)c1ccc(N2C(=O)c3ccc(*)cc3C2=O)cc1,tg,39.0,90.29072068093993
*C(=O)OCCN(CCOC(=O)c1ccc2c(c1)C(=O)N(c1c(C)cc(Cc3cc(C)c(N4C(=O)c5ccc(*)cc5C4=O)c(C)c3)cc1C)C2=O)c1ccc(N=Nc2ccc([N+](=O)[O-])cc2)cc1,tg,179.0,190.31210954821202
*C(=O)OCCN(CCOC(=O)c1ccc2c(c1)C(=O)N(c1c(C)cc(Cc3cc(C)c(N4C(=O)c5ccc(*)cc5C4=O)c(C)c3)cc1C)C2=O)c1ccccc1,tg,177.0,149.37825784691293
*C(=O)OCCN(CCOC(=O)c1ccc2c(c1)C(=O)N(c1ccc(N=Nc3ccc(C(C#N)=C(C#N)C#N)cc3)c(N3C(=O)c4ccc(*)cc4C3=O)c1)C2=O)c1ccc(N=Nc2ccc(C(C#N)=C(C#N)C#N)cc2)cc1,tg,121.0,182.82524751897336
*C(=O)OCCN(CCOC(=O)c1ccc2c(c1)C(=O)N(c1ccc(N=Nc3ccccc3)c(N3C(=O)c4ccc(*)cc4C3=O)c1)C2=O)c1ccccc1,tg,156.0,171.22119459447842
*C(=O)OCCN(CCOC(=O)c1ccc2c(c1)C(=O)N(c1cccc(N3C(=O)c4ccc(*)cc4C3=O)c1)C2=O)c1ccc(N=Nc2ccc(F)cc2)cc1,tg,168.0,186.0297033762222
*C(=O)OCCN(CCOC(=O)c1ccc2c(c1)C(=O)N(c1cccc(N3C(=O)c4ccc(*)cc4C3=O)c1)C2=O)c1ccc(N=Nc2ccc([N+](=O)[O-])cc2)cc1,tg,210.0,166.32307224910005
*C(=O)OCCOC(=O)N1CCN(*)CC1,tg,60.0,55.602745945851474
*C(=O)OCCOC(=O)c1ccc(*)o1,tg,85.56,33.45538987659995
*C(=O)OCCOC(=O)c1ccc(N2C(=O)c3ccc(*)cc3C2=O)cc1,tg,280.0,201.69993846402792
*C(=O)OCCOC(=O)c1cccc(N2C(=O)c3ccc(*)cc3C2=O)c1,tg,220.0,226.11507428619083
*C(=O)OCCOCCOC(=O)c1ccc(N2C(=O)c3ccc(*)cc3C2=O)cc1,tg,101.0,122.93517294945555
*C(=O)OCCOCCOCCOC(=O)c1ccc(N2C(=O)c3ccc(*)cc3C2=O)cc1,tg,63.0,76.39110688454228
*C(=O)OCCOCCOCCOCCOC(=O)c1ccc(N2C(=O)c3ccc(*)cc3C2=O)cc1,tg,52.0,70.49711104856523
*C(=O)Oc1c(C)cc(C(c2cc(C)c(OC(=O)c3ccc4c(c3)C(=O)N(c3c(C)cc(-c5cc(C)c(N6C(=O)c7ccc(*)cc7C6=O)c(C)c5)cc3C)C4=O)c(C)c2)(C(F)(F)F)C(F)(F)F)cc1C,tg,327.0,328.62356067830245
*C(=O)Oc1ccc(-c2ccc(OC(=O)c3ccc4c(c3)C(=O)N(c3ccc(-c5ccc(N6C(=O)c7ccc(*)cc7C6=O)cc5C)c(C)c3)C4=O)cc2C)c(C)c1,tg,177.0,217.57403115888238
*C(=O)Oc1ccc(C(C)(C)c2ccc(OC(=O)c3ccc4c(c3)C(=O)N(c3ccc(-c5ccc(N6C(=O)c7ccc(*)cc7C6=O)cc5C)c(C)c3)C4=O)cc2)cc1,tg,166.0,200.58102827872327
*C(=O)Oc1ccc(C(C)(C)c2ccc(OC(=O)c3ccc4c(c3)C(=O)N(c3ccc(O)c(N5C(=O)c6ccc(*)cc6C5=O)c3)C4=O)cc2)cc1,tg,225.0,223.78834323090408
*C(=O)Oc1ccc(C(C)(C)c2ccc(OC(=O)c3ccc4c(c3)C(=O)N(c3ccc(Oc5ccc(N6C(=O)c7ccc(*)cc7C6=O)cc5)cc3)C4=O)cc2)cc1,tg,200.0,221.73710973775718
*C(=O)Oc1ccc(C(C)(C)c2ccc(OC(=O)c3ccc4c(c3)C(=O)N(c3cccc(N5C(=O)c6ccc(*)cc6C5=O)c3)C4=O)cc2)cc1,tg,225.0,208.42846674870233
*C(=O)Oc1ccc(C(c2ccc(OC(=O)c3ccc4c(c3)C(=O)N(c3c(C)cc(-c5cc(C)c(N6C(=O)c7ccc(*)cc7C6=O)c(C)c5)cc3C)C4=O)cc2)(C(F)(F)F)C(F)(F)F)cc1,tg,335.0,279.8671128173434
*C(=O)Oc1ccc(C2(c3ccc(OC(=O)c4ccc5c(c4)C(=O)N(c4ccc(-c6ccc(N7C(=O)c8ccc(*)cc8C7=O)cc6C)c(C)c4)C5=O)cc3)C3CC4CC(C3)CC2C4)cc1,tg,222.0,222.06239316695198
*C(=O)Oc1ccc(C2(c3ccc(OC(=O)c4ccc5c(c4)C(=O)N(c4ccc(-c6ccc(N7C(=O)c8ccc(*)cc8C7=O)cc6C)c(C)c4)C5=O)cc3)CC3CC2C2CCCC32)cc1,tg,226.0,229.45434357849106
*C(=O)Oc1ccc(C2(c3ccc(OC(=O)c4ccc5c(c4)C(=O)N(c4ccc(-c6ccc(N7C(=O)c8ccc(*)cc8C7=O)cc6C)c(C)c4)C5=O)cc3)CCC(C(C)(C)C)CC2)cc1,tg,217.0,213.59133036403915
*C(=O)Oc1ccc(C23CC4CC(CC(C4)C2)C3)c(OC(=O)c2ccc3c(c2)C(=O)N(c2ccc(-c4ccc(N5C(=O)c6ccc(*)cc6C5=O)cc4C)c(C)c2)C3=O)c1,tg,225.0,228.16618842239092
*C(=O)Oc1ccc(OC(=O)c2ccc3c(c2)C(=O)N(C2CCC(N4C(=O)c5ccc(*)cc5C4=O)CC2)C3=O)cc1,tg,360.0,220.4129718520551
*C(=O)Oc1ccc(OC(=O)c2ccc3c(c2)C(=O)N(c2ccc(Oc4ccc(Oc5ccc(N6C(=O)c7ccc(*)cc7C6=O)cc5)cc4)cc2)C3=O)cc1,tg,230.0,201.94665767399596
*C(=O)Oc1ccc(OCCCCCCCCCCCCOc2ccc(OC(=O)c3ccc4c(c3)C(=O)N(c3ccc(S(=O)(=O)c5ccc(N6C(=O)c7ccc(*)cc7C6=O)cc5)cc3)C4=O)cc2)cc1,tg,140.0,153.58902133834937
*C(=O)Oc1ccc([Si](C)(c2ccccc2)c2ccc(OC(=O)c3ccc(*)s3)cc2)cc1,tg,-71.0,120.22866323133255
*C(=O)Oc1ccc([Si](CC)(CC)c2ccc(OC(=O)c3ccc(*)s3)cc2)cc1,tg,-62.0,89.74692104189425
*C(=O)c1cc(C(=O)c2ccc3c(c2)C(=O)N(c2ccc(Oc4ccc(N5C(=O)c6ccc(*)cc6C5=O)cc4)cc2)C3=O)cc(-c2ccccc2)c1,tg,258.5,253.49335617697852
*C(=O)c1cc(C(=O)c2ccc3c(c2)C(=O)N(c2ccc(Oc4ccc(S(=O)(=O)c5ccc(Oc6ccc(N7C(=O)c8ccc(*)cc8C7=O)cc6)cc5)cc4)cc2)C3=O)cc(-c2ccccc2)c1,tg,256.5,253.40976107997415
*C(=O)c1cc(C(=O)c2ccc3c(c2)C(=O)N(c2ccc(Oc4ccc(S(=O)(=O)c5ccc(Oc6ccc(N7C(=O)c8ccc(*)cc8C7=O)cc6)cc5)cc4)cc2)C3=O)cc(C(C)(C)C)c1,tg,254.5,250.9518419029565
*C(=O)c1cc(C(=O)c2ccc3c(c2)C(=O)N(c2cccc(N4C(=O)c5ccc(*)cc5C4=O)c2)C3=O)cc(-c2ccccc2)c1,tg,266.5,274.03506008171104
*C(=O)c1cc(C(=O)c2ccc3c(c2)C(=O)N(c2cccc(N4C(=O)c5ccc(*)cc5C4=O)c2)C3=O)cc(C(C)(C)C)c1,tg,264.5,271.4617767924976
*C(=O)c1cc2c(cc1Cl)C(=O)N(c1cc(Cl)c(N3C(=O)c4cc(*)c(Cl)cc4C3=O)cc1Cl)C2=O,tg,367.0,324.4183613960055
*C(=O)c1cc2c(cc1Cl)C(=O)N(c1cc(N3C(=O)c4cc(*)c(Cl)cc4C3=O)cc(C(C)(C)C)c1)C2=O,tg,290.0,324.5754673344012
*C(=O)c1cc2c(cc1Cl)C(=O)N(c1cc(N3C(=O)c4cc(*)c(Cl)cc4C3=O)cc(C(F)(F)F)c1)C2=O,tg,305.0,286.32489810285523
*C(=O)c1cc2c(cc1Cl)C(=O)N(c1cccc(N3C(=O)c4cc(*)c(Cl)cc4C3=O)c1)C2=O,tg,313.0,299.31004801356295
*C(=O)c1ccc(-c2ccc(C(C)(C)c3ccc(-c4ccc(C(=O)c5ccc6c(c5)C(=O)N(c5ccc(Cc7ccc(N8C(=O)c9ccc(*)cc9C8=O)cc7)cc5)C6=O)cc4)cc3)cc2)cc1,tg,216.0,240.55707505801487
*C(=O)c1ccc(C(=O)c2ccc(Oc3ccc(C(C)(C)c4ccc(Oc5ccc(*)s5)cc4)cc3)s2)cc1,tg,154.0,154.23622142987102
*C(=O)c1ccc(C(C)(CC)c2ccc(C(=O)N3CCN(*)CC3)cc2)cc1,tg,225.5,180.92946009668088
*C(=O)c1ccc(N(*)C)cc1,tg,197.0,137.9483799122559
*C(=O)c1ccc(N(*)CCCC)cc1,tg,124.0,63.85316365184198
*C(=O)c1ccc(N(*)CCCCCCC)cc1,tg,45.9,58.192712588009805
*C(=O)c1ccc(N(*)CCCCCCCC)cc1,tg,30.0,45.95990806312772
*C(=O)c1ccc(Oc2c(C)cc(-c3cc(C)c(Oc4ccc(C(=O)c5ccc6nc(*)ccc6c5)cc4)c(C)c3C)c(C)c2C)cc1,tg,250.0,249.20333957434224
*C(=O)c1ccc(Oc2ccc(-c3ccc(Oc4ccc(C(=O)c5ccc6c(c5)C(=O)N(c5ccc(Cc7ccc(N8C(=O)c9ccc(*)cc9C8=O)cc7)cc5)C6=O)cc4)cc3)cc2)cc1,tg,241.0,238.5362412404745
*C(=O)c1ccc(Oc2ccc(-c3ccc(Oc4ccc(C(=O)c5ccc6c(c5)C(=O)N(c5ccc(N7C(=O)c8ccc(*)cc8C7=O)cc5)C6=O)cc4)cc3)cc2)cc1,tg,229.0,254.43928738238785
*C(=O)c1ccc(Oc2ccc(-c3ccc(Oc4ccc(C(=O)c5ccc6c(c5)C(=O)N(c5ccc(Oc7ccc(N8C(=O)c9ccc(*)cc9C8=O)cc7)cc5)C6=O)cc4)cc3)cc2)cc1,tg,233.0,227.30137459203743
*C(=O)c1ccc(Oc2ccc(-c3ccc(Oc4ccc(C(=O)c5ccc6nc(*)ccc6c5)cc4)cc3)cc2)cc1,tg,155.0,223.77401522696135
*C(=O)c1ccc(Oc2ccc(C(C)(C)c3ccc(Oc4ccc(*)s4)cc3)cc2)s1,tg,124.0,140.44455390113205
*C(=O)c1ccc(Oc2ccc(C(C)(C)c3ccc(Oc4ccc(C(=O)c5ccc6c(c5)C(=O)N(c5ccc(Oc7ccc(N8C(=O)c9ccc(*)cc9C8=O)cc7)cc5)C6=O)cc4)cc3)cc2)cc1,tg,229.0,216.34605107247123
*C(=O)c1ccc(Oc2ccc(C3(c4ccc(Oc5ccc(*)s5)cc4)c4ccccc4-c4ccccc43)cc2)cc1,tg,195.0,228.86204475357047
*C(=O)c1ccc(Oc2ccc(C3(c4ccc(Oc5ccc(C(=O)c6ccc7c(c6)C(=O)N(c6ccc(Cc8ccc(N9C(=O)c%10ccc(*)cc%10C9=O)cc8)cc6)C7=O)cc5)cc4)OC(=O)c4ccccc43)cc2)cc1,tg,268.0,259.7137419275906
*C(=O)c1ccc(Oc2ccc(C3(c4ccc(Oc5ccc(C(=O)c6ccc7c(c6)C(=O)N(c6ccc(Oc8ccc(N9C(=O)c%10ccc(*)cc%10C9=O)cc8)cc6)C7=O)cc5)cc4)OC(=O)c4ccccc43)cc2)cc1,tg,260.0,251.9428200334683
*C(=O)c1ccc(Oc2ccc(N3C(=O)c4ccc(*)cc4C3=O)cc2)cc1,tg,297.0,267.11241479057304
*C(=O)c1ccc(Oc2ccc(Oc3ccc(C(=O)c4ccc5c(c4)C(=O)N(c4ccc(Cc6ccc(N7C(=O)c8ccc(*)cc8C7=O)cc6)cc4)C5=O)cc3)cc2)cc1,tg,225.0,243.4335732081512
*C(=O)c1ccc(Oc2ccc(Oc3ccc(C(=O)c4ccc5c(c4)C(=O)N(c4ccc(N6C(=O)c7ccc(*)cc7C6=O)cc4)C5=O)cc3)cc2)cc1,tg,236.0,252.18016554925546
*C(=O)c1ccc(Oc2ccc(Oc3ccc(C(=O)c4ccc5c(c4)C(=O)N(c4ccc(Oc6ccc(N7C(=O)c8ccc(*)cc8C7=O)cc6)cc4)C5=O)cc3)cc2)cc1,tg,220.0,233.48766956359944
*C(=O)c1ccc(Oc2ccc(S(=O)(=O)c3ccc(Oc4ccc(C(=O)c5ccc6c(c5)C(=O)N(c5ccc(Oc7ccc(N8C(=O)c9ccc(*)cc9C8=O)cc7)cc5)C6=O)cc4)cc3)cc2)cc1,tg,229.0,238.03225861057584
*C(=O)c1ccc2c(c1)C(=Nc1ccc(Oc3ccc(C(c4ccc(Oc5ccc(N=C6OC(=O)c7ccc(*)cc76)cc5)cc4)(C(F)(F)F)C(F)(F)F)cc3)cc1)OC2=O,tg,248.0,218.05922582637885
*C(=O)c1ccc2c(c1)C(=Nc1cccc(Oc3cccc(Oc4cccc(N=C5OC(=O)c6ccc(*)cc65)c4)c3)c1)OC2=O,tg,190.0,184.49175135201074
*C(=O)c1ccc2c(c1)C(=O)N(C1CCC(CC3CCC(N4C(=O)c5ccc(*)cc5C4=O)C(C)C3)CC1C)C2=O,tg,240.0,250.85636007119976
*C(=O)c1ccc2c(c1)C(=O)N(C1CCC(CC3CCC(N4C(=O)c5ccc(*)cc5C4=O)CC3)CC1)C2=O,tg,254.0,243.821030373261
*C(=O)c1ccc2c(c1)C(=O)N(CC1(C)CC(N3C(=O)c4ccc(*)cc4C3=O)CC(C)(C)C1)C2=O,tg,275.0,301.47526627539287
*C(=O)c1ccc2c(c1)C(=O)N(c1c(-c3ccccc3)cc(-c3ccc(-c4cc(-c5ccccc5)c(N5C(=O)c6ccc(*)cc6C5=O)c(-c5ccccc5)c4)cc3)cc1-c1ccccc1)C2=O,tg,265.0,362.59719892814354
*C(=O)c1ccc2c(c1)C(=O)N(c1c(C)cc(C(c3cc(C(F)(F)F)cc(C(F)(F)F)c3)c3cc(C)c(N4C(=O)c5ccc(*)cc5C4=O)c(C)c3)cc1C)C2=O,tg,301.1,300.4002744300236
*C(=O)c1ccc2c(c1)C(=O)N(c1c(C)cc(C(c3cc(C)c(N4C(=O)c5ccc(*)cc5C4=O)c(C)c3)c3cccc4ccccc34)cc1C)C2=O,tg,303.0,305.7236365507704
*C(=O)c1ccc2c(c1)C(=O)N(c1c(C)cc(C(c3cccc(C(F)(F)F)c3)c3cc(C)c(N4C(=O)c5ccc(*)cc5C4=O)c(C)c3)cc1C)C2=O,tg,285.0,285.2564917122722
*C(=O)c1ccc2c(c1)C(=O)N(c1c(C)cc(C)c(N3C(=O)c4ccc(*)cc4C3=O)c1C)C2=O,tg,401.33,346.6154100338924
*C(=O)c1ccc2c(c1)C(=O)N(c1c(C)cc(Cc3cc(C)c(N4C(=O)c5ccc(*)cc5C4=O)c(C)c3)cc1C)C2=O,tg,331.0,337.9312070700775
*C(=O)c1ccc2c(c1)C(=O)N(c1cc(-c3nc4ccccc4[nH]3)cc(N3C(=O)c4ccc(*)cc4C3=O)c1)C2=O,tg,197.0,267.0494892603299
*C(=O)c1ccc2c(c1)C(=O)N(c1cc(-c3nc4ccccc4oc3=O)cc(N3C(=O)c4ccc(*)cc4C3=O)c1)C2=O,tg,95.0,285.7503051920135
*C(=O)c1ccc2c(c1)C(=O)N(c1cc(Br)c(Oc3c(Br)cc(N4C(=O)c5ccc(*)cc5C4=O)cc3Br)c(Br)c1)C2=O,tg,323.0,291.8287567153999
*C(=O)c1ccc2c(c1)C(=O)N(c1cc(C(=O)O)cc(N3C(=O)c4ccc(*)cc4C3=O)c1)C2=O,tg,294.0,279.8270049546153
*C(=O)c1ccc2c(c1)C(=O)N(c1cc(C(=O)c3ccccc3)cc(N3C(=O)c4ccc(*)cc4C3=O)c1)C2=O,tg,282.0,266.2039306721988
*C(=O)c1ccc2c(c1)C(=O)N(c1cc(C(c3ccc(O)c(N4C(=O)c5ccc(*)cc5C4=O)c3)(C(F)(F)F)C(F)(F)F)ccc1O)C2=O,tg,315.0,293.65455477897916
*C(=O)c1ccc2c(c1)C(=O)N(c1cc(N3C(=O)c4ccc(*)cc4C3=O)c(O)cc1O)C2=O,tg,324.0,289.16287190882855
*C(=O)c1ccc2c(c1)C(=O)N(c1cc(N3C(=O)c4ccc(*)cc4C3=O)cc(C(F)(F)F)c1)C2=O,tg,276.75,321.58326928503567
*C(=O)c1ccc2c(c1)C(=O)N(c1cc(OCCCC)cc(N3C(=O)c4ccc(*)cc4C3=O)c1)C2=O,tg,244.0,220.1832115976038
*C(=O)c1ccc2c(c1)C(=O)N(c1cc(OCCCCCCCC)cc(N3C(=O)c4ccc(*)cc4C3=O)c1)C2=O,tg,195.0,194.6759345334351
*C(=O)c1ccc2c(c1)C(=O)N(c1cc(OCCCCCCCCCCCCCCCC)cc(N3C(=O)c4ccc(*)cc4C3=O)c1)C2=O,tg,179.0,185.0546656780131
*C(=O)c1ccc2c(c1)C(=O)N(c1ccc(-c3cc(C(C)(C)C)c(Oc4ccc(N5C(=O)c6ccc(*)cc6C5=O)cc4)c(C(C)(C)C)c3)cc1)C2=O,tg,347.5,355.77174365326044
*C(=O)c1ccc2c(c1)C(=O)N(c1ccc(-c3cc(C(C)(C)C)c(Oc4ccc(N5C(=O)c6ccc(*)cc6C5=O)cc4C(F)(F)F)c(C(C)(C)C)c3)cc1)C2=O,tg,362.0,323.94078220952053
*C(=O)c1ccc2c(c1)C(=O)N(c1ccc(-c3ccc(N4C(=O)c5ccc(*)cc5C4=O)c(C)c3)cc1C)C2=O,tg,365.0,311.8257261489953
*C(=O)c1ccc2c(c1)C(=O)N(c1ccc(-c3ccc(N4C(=O)c5ccc(*)cc5C4=O)c(OCCCCCCOc4ccc(/C=C/c5ccc(F)cc5)cc4)c3)cc1OCCCCCCOc1ccc(/C=C/c3ccc(F)cc3)cc1)C2=O,tg,128.0,145.18768838766727
*C(=O)c1ccc2c(c1)C(=O)N(c1ccc(-c3ccc(N4C(=O)c5ccc(*)cc5C4=O)cc3)cc1)C2=O,tg,337.0,334.0247272725329
*C(=O)c1ccc2c(c1)C(=O)N(c1ccc(-c3ccc(N4C(=O)c5ccc(*)cc5C4=O)cc3C)c(C)c1)C2=O,tg,385.0,295.74723416505816
*C(=O)c1ccc2c(c1)C(=O)N(c1ccc(-c3ccccc3N3C(=O)c4ccc(*)cc4C3=O)cc1)C2=O,tg,305.0,322.41579271101864
*C(=O)c1ccc2c(c1)C(=O)N(c1ccc(C(=O)Nc3ccc(N4C(=O)c5ccc(*)cc5C4=O)cc3)cc1)C2=O,tg,300.0,293.2573658669346
*C(=O)c1ccc2c(c1)C(=O)N(c1ccc(C(=O)Nc3ccc(Oc4ccc(NC(=O)c5ccc(NC(=O)Nc6ccc(Cc7ccc(NC(=O)Nc8ccc(C(=O)Nc9ccc(Oc%10ccc(NC(=O)c%11ccc(N%12C(=O)c%13ccc(*)cc%13C%12=O)cc%11)cc%10)cc9)cc8)cc7)cc6)cc5)cc4)cc3)cc1)C2=O,tg,229.0,260.5633121960426
*C(=O)c1ccc2c(c1)C(=O)N(c1ccc(C(=O)Nc3cccc(N4C(=O)c5ccc(*)cc5C4=O)c3)cc1)C2=O,tg,311.0,275.69019171227757
*C(=O)c1ccc2c(c1)C(=O)N(c1ccc(C(=O)c3ccc(C(=O)c4ccc(N5C(=O)c6ccc(*)cc6C5=O)cc4)cc3)cc1)C2=O,tg,286.0,266.51563442490595
*C(=O)c1ccc2c(c1)C(=O)N(c1ccc(C(=O)c3ccc(Cc4ccc(C(=O)c5ccc(N6C(=O)c7ccc(*)cc7C6=O)cc5)cc4)cc3)cc1)C2=O,tg,285.5,251.14040427692643
*C(=O)c1ccc2c(c1)C(=O)N(c1ccc(C(=O)c3ccc(N4C(=O)c5ccc(*)cc5C4=O)cc3)cc1)C2=O,tg,286.33,301.9338484672211
*C(=O)c1ccc2c(c1)C(=O)N(c1ccc(C(=O)c3cccc(C(=O)c4ccc(N5C(=O)c6ccc(*)cc6C5=O)cc4)c3)cc1)C2=O,tg,276.0,265.67654120272744
*C(=O)c1ccc2c(c1)C(=O)N(c1ccc(C(=O)c3cccc(N4C(=O)c5ccc(*)cc5C4=O)c3)cc1)C2=O,tg,271.5,276.924296892701
*C(=O)c1ccc2c(c1)C(=O)N(c1ccc(C(=O)c3ccccc3N3C(=O)c4ccc(*)cc4C3=O)cc1)C2=O,tg,286.0,275.4952453088607
*C(=O)c1ccc2c(c1)C(=O)N(c1ccc(C(C)(C)c3cccc(C(C)(C)c4ccc(N5C(=O)c6ccc(*)cc6C5=O)cc4)c3)cc1)C2=O,tg,309.75,262.141206144905
*C(=O)c1ccc2c(c1)C(=O)N(c1ccc(C(c3ccc(N4C(=O)c5ccc(*)cc5C4=O)cc3)(C(F)(F)F)C(F)(F)F)cc1)C2=O,tg,300.0,307.0219511017455
*C(=O)c1ccc2c(c1)C(=O)N(c1ccc(C)c(N3C(=O)c4ccc(*)cc4C3=O)c1)C2=O,tg,313.5,356.5995011071424
*C(=O)c1ccc2c(c1)C(=O)N(c1ccc(C3(C)CC(C)(C)c4ccc(N5C(=O)c6ccc(*)cc6C5=O)cc43)cc1)C2=O,tg,318.77,323.35664982046546
*C(=O)c1ccc2c(c1)C(=O)N(c1ccc(C3(c4ccc(N5C(=O)c6ccc(*)cc6C5=O)cc4)c4ccccc4-c4ccccc43)cc1)C2=O,tg,368.2,323.32626505299527
*C(=O)c1ccc2c(c1)C(=O)N(c1ccc(C=Cc3ccc(N4C(=O)c5ccc(*)cc5C4=O)cc3)cc1)C2=O,tg,303.0,308.9331810161162
*C(=O)c1ccc2c(c1)C(=O)N(c1ccc(CP(=O)(OCCCl)OCCCl)c(N3C(=O)c4ccc(*)cc4C3=O)c1)C2=O,tg,261.0,181.55298234775378
*C(=O)c1ccc2c(c1)C(=O)N(c1ccc(Cc3ccc(C(=O)c4cccc(N5C(=O)c6ccc(*)cc6C5=O)c4)cc3)cc1)C2=O,tg,290.0,269.034495714209
*C(=O)c1ccc2c(c1)C(=O)N(c1ccc(Cc3ccc(Cc4ccc(Cc5ccc(N6C(=O)c7ccc(*)cc7C6=O)cc5)cc4)cc3)cc1)C2=O,tg,302.0,246.82828593623685
*C(=O)c1ccc2c(c1)C(=O)N(c1ccc(Cc3ccc(Cc4ccc(N5C(=O)c6ccc(*)cc6C5=O)cc4)cc3)cc1)C2=O,tg,341.0,267.67217677238347
*C(=O)c1ccc2c(c1)C(=O)N(c1ccc(Cc3ccc(N4C(=O)c5ccc(*)cc5C4=O)cc3)cc1)C2=O,tg,305.69,278.1893420186484
*C(=O)c1ccc2c(c1)C(=O)N(c1ccc(Cc3ccccc3N3C(=O)c4ccc(*)cc4C3=O)cc1)C2=O,tg,286.0,277.2015639185901
*C(=O)c1ccc2c(c1)C(=O)N(c1ccc(N(c3ccc(C#N)cc3)c3ccc(N4C(=O)c5ccc(*)cc5C4=O)cc3)cc1)C2=O,tg,315.0,311.50022300214033
*C(=O)c1ccc2c(c1)C(=O)N(c1ccc(N(c3ccccc3)c3ccc(N4C(=O)c5ccc(*)cc5C4=O)cc3)cc1)C2=O,tg,270.0,303.12157020909683
*C(=O)c1ccc2c(c1)C(=O)N(c1ccc(NC(=O)c3cccc(C(=O)Nc4ccc(N5C(=O)c6ccc(*)cc6C5=O)cc4)c3)cc1)C2=O,tg,247.0,293.76272173801954
*C(=O)c1ccc2c(c1)C(=O)N(c1ccc(OCC(C)(C)COc3ccc(N4C(=O)c5ccc(*)cc5C4=O)cc3)cc1)C2=O,tg,233.7,231.08942596012804
*C(=O)c1ccc2c(c1)C(=O)N(c1ccc(OCCOCCOCCOc3ccc(N4C(=O)c5ccc(*)cc5C4=O)cc3)cc1)C2=O,tg,200.0,165.6147237248776
*C(=O)c1ccc2c(c1)C(=O)N(c1ccc(OCCOc3ccc(N4C(=O)c5ccc(*)cc5C4=O)cc3)cc1)C2=O,tg,246.0,242.3110576094433
*C(=O)c1ccc2c(c1)C(=O)N(c1ccc(Oc3c(C)cc(C(c4cc(C)c(Oc5ccc(N6C(=O)c7ccc(*)cc7C6=O)cc5)c(C)c4)c4cccc5ccccc45)cc3C)cc1)C2=O,tg,272.0,278.1989691198229
*C(=O)c1ccc2c(c1)C(=O)N(c1ccc(Oc3cc(C(C)(C)C)c(Oc4ccc(N5C(=O)c6ccc(*)cc6C5=O)cc4)cc3C(C)(C)C)cc1)C2=O,tg,288.0,279.82827984605836
*C(=O)c1ccc2c(c1)C(=O)N(c1ccc(Oc3cc4ccccc4cc3Oc3ccc(N4C(=O)c5ccc(*)cc5C4=O)cc3)cc1)C2=O,tg,246.0,248.72037591730577
*C(=O)c1ccc2c(c1)C(=O)N(c1ccc(Oc3ccc(C(=O)c4ccc(C(=O)c5ccc(C(=O)c6ccc(Oc7ccc(N8C(=O)c9ccc(*)cc9C8=O)cc7)cc6)cc5)cc4)cc3)cc1)C2=O,tg,233.0,248.48077145551864
*C(=O)c1ccc2c(c1)C(=O)N(c1ccc(Oc3ccc(C(=O)c4ccc(C(=O)c5ccc(Oc6ccc(N7C(=O)c8ccc(*)cc8C7=O)cc6)cc5)cc4)cc3)cc1)C2=O,tg,233.0,237.4163616111904
*C(=O)c1ccc2c(c1)C(=O)N(c1ccc(Oc3ccc(C(=O)c4ccc(Oc5ccc(N6C(=O)c7ccc(*)cc7C6=O)cc5)cc4)cc3)cc1)C2=O,tg,252.0,250.17121318076312
*C(=O)c1ccc2c(c1)C(=O)N(c1ccc(Oc3ccc(C(=O)c4cccc(C(=O)c5ccc(Oc6ccc(N7C(=O)c8ccc(*)cc8C7=O)cc6)cc5)c4)cc3)cc1)C2=O,tg,227.82,227.4508782725256
*C(=O)c1ccc2c(c1)C(=O)N(c1ccc(Oc3ccc(C(=O)c4cccc(C(=O)c5ccc(Oc6ccc(N7C(=O)c8ccc(*)cc8C7=O)cc6)cc5)n4)cc3)cc1)C2=O,tg,314.5,223.3694318863264
*C(=O)c1ccc2c(c1)C(=O)N(c1ccc(Oc3ccc(C(=O)c4cccc(C(=O)c5ccc(Oc6ccc(N7C(=O)c8ccc(*)cc8C7=O)cc6C(F)(F)F)cc5)n4)cc3)c(C(F)(F)F)c1)C2=O,tg,225.2,225.0333699481687
*C(=O)c1ccc2c(c1)C(=O)N(c1ccc(Oc3ccc(C(C)(C)c4ccc(Oc5ccc(N6C(=O)c7ccc(*)cc7C6=O)cc5)cc4)cc3)cc1)C2=O,tg,287.73,242.19104797094292
*C(=O)c1ccc2c(c1)C(=O)N(c1ccc(Oc3ccc(C(c4ccc(Oc5ccc(N6C(=O)c7ccc(*)cc7C6=O)cc5C(F)(F)F)cc4)(C(F)(F)F)C(F)(F)F)cc3)c(C(F)(F)F)c1)C2=O,tg,220.0,267.99069404381714
*C(=O)c1ccc2c(c1)C(=O)N(c1ccc(Oc3ccc(N4C(=O)c5ccc(*)cc5C4=O)cc3)cc1)C2=O,tg,270.76,284.5061975210496
*C(=O)c1ccc2c(c1)C(=O)N(c1ccc(Oc3ccc(N4C(=O)c5ccc(*)cc5C4=O)cc3-c3cc(F)c(F)c(F)c3)c(-c3cc(F)c(F)c(F)c3)c1)C2=O,tg,342.0,266.8174347206031
*C(=O)c1ccc2c(c1)C(=O)N(c1ccc(Oc3ccc(N4C(=O)c5ccc(*)cc5C4=O)cc3Br)c(Br)c1)C2=O,tg,296.0,296.70577708100836
*C(=O)c1ccc2c(c1)C(=O)N(c1ccc(Oc3ccc(S(=O)(=O)c4ccc(C)cc4)cc3)c(N3C(=O)c4ccc(*)cc4C3=O)c1)C2=O,tg,293.0,274.62293361845553
*C(=O)c1ccc2c(c1)C(=O)N(c1ccc(Oc3cccc4c(Oc5ccc(N6C(=O)c7ccc(*)cc7C6=O)cc5)cccc34)cc1)C2=O,tg,229.5,268.2334263274308
*C(=O)c1ccc2c(c1)C(=O)N(c1ccc(Oc3ccccc3N3C(=O)c4ccc(*)cc4C3=O)cc1)C2=O,tg,286.0,258.2718157577276
*C(=O)c1ccc2c(c1)C(=O)N(c1ccc(Oc3ccccc3Oc3ccc(N4C(=O)c5ccc(*)cc5C4=O)cc3C(F)(F)F)c(C(F)(F)F)c1)C2=O,tg,236.0,233.52592539145482
*C(=O)c1ccc2c(c1)C(=O)N(c1ccc(Sc3ccc(N4C(=O)c5ccc(*)cc5C4=O)cn3)nc1)C2=O,tg,246.0,272.65147763967826
*C(=O)c1ccc2c(c1)C(=O)N(c1ccc3c(c1)C(=O)c1cc(N4C(=O)c5ccc(*)cc5C4=O)ccc1-3)C2=O,tg,331.0,331.94566209383254
*C(=O)c1ccc2c(c1)C(=O)N(c1ccc3c(c1)Cc1cc(N4C(=O)c5ccc(*)cc5C4=O)ccc1-3)C2=O,tg,341.5,362.094609720401
*C(=O)c1ccc2c(c1)C(=O)N(c1cccc(C#Cc3cccc(N4C(=O)c5ccc(*)cc5C4=O)c3)c1)C2=O,tg,295.8,291.42935677988714
*C(=O)c1ccc2c(c1)C(=O)N(c1cccc(C(=O)N(C)c3ccc(N4C(=O)c5ccc(*)cc5C4=O)cc3)c1)C2=O,tg,260.5,288.1503805940691
*C(=O)c1ccc2c(c1)C(=O)N(c1cccc(C(=O)Nc3cccc(N4C(=O)c5ccc(*)cc5C4=O)c3)c1)C2=O,tg,285.67,288.42264190851665
*C(=O)c1ccc2c(c1)C(=O)N(c1cccc(C(=O)c3c(C)cc(C)c(N4C(=O)c5ccc(*)cc5C4=O)c3C)c1)C2=O,tg,300.0,278.20311025808377
*C(=O)c1ccc2c(c1)C(=O)N(c1cccc(C(=O)c3ccc(Cc4ccc(C(=O)c5cccc(N6C(=O)c7ccc(*)cc7C6=O)c5)cc4)cc3)c1)C2=O,tg,260.5,260.2291366988902
*C(=O)c1ccc2c(c1)C(=O)N(c1cccc(C(=O)c3ccc(Oc4ccc(N5C(=O)c6ccc(*)cc6C5=O)cc4)cc3)c1)C2=O,tg,251.0,247.71465425118512
*C(=O)c1ccc2c(c1)C(=O)N(c1cccc(C(=O)c3ccc(Oc4ccc(N5C(=O)c6ccc(*)cc6C5=O)cc4C(F)(F)F)cc3)c1)C2=O,tg,242.0,235.86754268227298
*C(=O)c1ccc2c(c1)C(=O)N(c1cccc(C(=O)c3ccccc3N3C(=O)c4ccc(*)cc4C3=O)c1)C2=O,tg,258.33,267.8679171188576
*C(=O)c1ccc2c(c1)C(=O)N(c1cccc(C(O)c3cccc(N4C(=O)c5ccc(*)cc5C4=O)c3)c1)C2=O,tg,273.0,252.32911342700547
*C(=O)c1ccc2c(c1)C(=O)N(c1cccc(Cc3ccc(C(=O)c4cccc(N5C(=O)c6ccc(*)cc6C5=O)c4)cc3)c1)C2=O,tg,265.5,258.4581092806245
*C(=O)c1ccc2c(c1)C(=O)N(c1cccc(Cc3ccc(Cc4ccc(Cc5cccc(N6C(=O)c7ccc(*)cc7C6=O)c5)cc4)cc3)c1)C2=O,tg,235.5,257.9745293906008
*C(=O)c1ccc2c(c1)C(=O)N(c1cccc(Cc3ccc(Cc4cccc(N5C(=O)c6ccc(*)cc6C5=O)c4)cc3)c1)C2=O,tg,240.0,244.25468465101693
*C(=O)c1ccc2c(c1)C(=O)N(c1cccc(Cc3cccc(N4C(=O)c5ccc(*)cc5C4=O)c3)c1)C2=O,tg,241.33,265.45929064306154
*C(=O)c1ccc2c(c1)C(=O)N(c1cccc(N3C(=O)c4ccc(*)cc4C3=O)c1)C2=O,tg,292.1,326.3806742179485
*C(=O)c1ccc2c(c1)C(=O)N(c1cccc(NC(=O)c3cccc(C(=O)Nc4cccc(N5C(=O)c6ccc(*)cc6C5=O)c4)c3)c1)C2=O,tg,204.0,286.48499919170126
*C(=O)c1ccc2c(c1)C(=O)N(c1cccc(Nc3nc(Nc4cccc(N5C(=O)c6ccc(*)cc6C5=O)c4)nc(-c4ccccc4)n3)c1)C2=O,tg,292.0,288.7147045328421
*C(=O)c1ccc2c(c1)C(=O)N(c1cccc(Nc3nc(Nc4cccc(N5C(=O)c6ccc(*)cc6C5=O)c4)nc(N(C)C)n3)c1)C2=O,tg,294.0,263.3419348130423
*C(=O)c1ccc2c(c1)C(=O)N(c1cccc(Nc3nc(Nc4cccc(N5C(=O)c6ccc(*)cc6C5=O)c4)nc(N(c4ccccc4)c4ccccc4)n3)c1)C2=O,tg,290.0,254.38943305465762
*C(=O)c1ccc2c(c1)C(=O)N(c1cccc(OCCOCCOc3cccc(N4C(=O)c5ccc(*)cc5C4=O)c3)c1)C2=O,tg,152.33,180.00010090207553
*C(=O)c1ccc2c(c1)C(=O)N(c1cccc(OCCOc3cccc(N4C(=O)c5ccc(*)cc5C4=O)c3)c1)C2=O,tg,191.0,205.99744214377012
*C(=O)c1ccc2c(c1)C(=O)N(c1cccc(OP(=O)(Oc3cccc(N4C(=O)c5ccc(*)cc5C4=O)c3)c3ccccc3)c1)C2=O,tg,176.5,209.84481950771644
*C(=O)c1ccc2c(c1)C(=O)N(c1cccc(P(=O)(c3ccc(Oc4ccc(C56CC7CC(CC(C7)C5)C6)cc4)cc3)c3cccc(N4C(=O)c5ccc(*)cc5C4=O)c3)c1)C2=O,tg,305.0,262.1714418193953
*C(=O)c1ccc2c(c1)C(=O)N(c1cccc(P(=O)(c3ccccc3)c3cccc(N4C(=O)c5ccc(*)cc5C4=O)c3)c1)C2=O,tg,273.0,268.8001409299604
*C(=O)c1ccc2c(c1)C(=O)N(c1ccccc1C(=O)c1ccccc1N1C(=O)c3ccc(*)cc3C1=O)C2=O,tg,289.0,281.36265066977643
*C(=O)c1ccc2c(c1)C(=O)N(c1ccccc1Cc1ccccc1N1C(=O)c3ccc(*)cc3C1=O)C2=O,tg,285.0,295.301300282526
*C(=O)c1ccc2nc(-c3ccc(-c4cnc5cc(*)ccc5n4)cc3)cnc2c1,tg,318.0,320.5893837557014
*C(=O)c1ccc2nc(-c3ccc(-c4nc5ccc(*)cc5nc4-c4ccccc4)cc3)c(-c3ccccc3)nc2c1,tg,325.0,323.1143569040813
*C(=O)c1ccc2nc(-c3ccccc3)c(-c3ccc(-c4nc5cc(*)ccc5nc4-c4ccccc4)cc3)nc2c1,tg,323.79,322.9405026074005
*C(=O)c1ccc2nc(-c3ccccc3)c(-c3ccc(N4C(=O)c5ccc(C(=O)c6ccc7c(c6)C(=O)N(c6ccc(-c8nc9cc(*)ccc9nc8-c8ccccc8)cc6)C7=O)cc5C4=O)cc3)nc2c1,tg,255.0,262.8229281785962
*C(=O)c1ccc2ncc(-c3ccc(-c4cnc5ccc(*)cc5n4)cc3)nc2c1,tg,318.0,319.85833789296976
*C(=O)c1cccc(C(=O)N(*)c2ccccc2)c1,tg,148.0,222.99096113931057
*C(=O)c1cccc(C(=O)N2CCN(*)CC2)c1,tg,214.5,163.6215544872028
*C(=O)c1cccc(C(=O)c2ccc(C=C3CCC(=Cc4ccc(*)cc4)C3=O)cc2)c1,tg,190.0,188.42849549674105
*C(=O)c1cccc(C(=O)c2ccc3c(c2)C(=O)N(c2ccc(Oc4ccc(N5C(=O)c6ccc(*)cc6C5=O)cc4)cc2)C3=O)c1,tg,244.0,252.56395187994036
*C(=O)c1cccc(C(=O)c2ccc3c(c2)C(=O)N(c2cccc(N4C(=O)c5ccc(*)cc5C4=O)c2)C3=O)c1,tg,259.5,272.99025532513167
*C(C#N)=C(C#N)N1C(=O)c2ccc(C(=O)c3ccc(-c4ccc5c(c4)C(=O)N(*)C5=O)cc3)cc2C1=O,tg,249.0,291.5053435084132
*C(C#N)=Cc1cc(OCCCCCCCC)c(C=C(C#N)c2cc(OCCCCCCCC)c(*)cc2OC)cc1OC,tg,174.0,184.80760379058552
*C(C#N)=Cc1cc(OCCCCCCCCCC)c(C=C(C#N)c2cc(OCCCCCCCCCC)c(*)cc2OC)cc1OC,tg,198.0,168.04162905224612
*C(C#N)=Cc1cc(OCCCCCCCCCCCC)c(C=C(C#N)c2cc(OCCCCCCCCCCCC)c(*)cc2OC)cc1OC,tg,181.0,168.90918265380182
*C(C(=O)OC)C(*)C(=O)OC(C)(C)C,tg,84.0,66.9398488485959
*C(C)=C(*)SCCCCCC,tg,110.0,15.125914103660875
*C(C)=C(*)[Si](C)(C)C,tg,198.3,130.53880926948935
*C(C)=C(*)[Si](C)(C)CC[Si](C)(C)C,tg,200.0,113.45607647849826
*C(C)=C(*)[Si](C)(C)C[Si](C)(C)C,tg,200.0,179.56257660260533
*C(C)=C(*)c1ccccc1,tg,200.0,237.686326133327
*C(C)=[C](*)[Ge]([CH3])([CH3])[CH3],tg,250.0,145.19580866885536
*C(C)C(*)C(=O)OC12CC3CC(CC(C3)C1)C2,tg,236.5,184.0069921547921
*C(CC)=C(*)c1ccccc1,tg,200.0,140.3567871674773
*C(Cl)=C(*)CCCC,tg,190.0,94.68506824777933
*C(Cl)=C(*)CCCCCCCC,tg,90.0,78.47100096996185
*C(Cl)=C(*)c1ccccc1,tg,215.0,194.83001125961988
*C(F)(F)C(*)(F)C(F)(F)C(F)(F)C(F)(F)C(F)(F)C(F)(F)F,tg,232.5,33.16642900060941
*C(F)(F)C(*)(F)OC(F)(F)C(F)(F)C(F)(F)C(F)(F)F,tg,-10.0,81.27062990647525
*C(F)(F)C(*)(F)c1c(F)c(F)c(F)c(F)c1F,tg,194.0,135.8167604769934
*C(F)(F)C(=O)NCCCCCCNS(*)(=O)=O,tg,51.0,103.93762134441609
*C(F)(F)C1(*)OC(F)(F)C(F)(C(F)(F)F)O1,tg,133.09,222.79819945059063
*C(F)(F)C1(*)OC(F)(F)C(F)(F)O1,tg,103.5,132.55041427813305
*C(F)(F)C1(F)C(F)(F)C(*)(F)C(F)(F)C(F)(Cl)C1(F)F,tg,147.0,209.94752600766785
*C(F)(F)C1(F)C(F)(F)C(*)(F)C(F)(F)C(F)(F)C(F)(F)C1(F)F,tg,198.0,149.39206524556516
*C(F)(F)C1(F)C(F)(F)C(*)(F)C(F)(F)C1(F)F,tg,117.0,169.04240251246404
*C(F)(F)C1(F)C(F)(F)C(*)(F)C1(F)F,tg,122.0,132.47214912324716
*C(F)=C(F)C(F)(C(*)(F)F)C(F)(F)F,tg,-3.0,95.35840670107272
*C(OC(F)(F)F)C(*)(F)F,tg,-10.0,10.161080427909651
*C(OC)=C(OC)c1ccc(*)s1,tg,91.0,80.16372709298065
*C([2H])([2H])C(*)(C(=O)OC([2H])([2H])[2H])C([2H])([2H])[2H],tg,115.0,84.78054015509845
*C([2H])([2H])C(*)([2H])C([2H])=C([2H])[2H],tg,1.0,-13.4565062135613
*C([2H])([2H])C(*)([2H])Cl,tg,85.0,41.56188559879906
*C([2H])([2H])C(*)([2H])c1c([2H])c([2H])c([2H])c([2H])c1[2H],tg,86.29,98.25996267337554
*C*,tg,-63.48,-27.305874697695888
*C/C=C\COC(=O)CCCCCCCCC(=O)O*,tg,-41.0,-49.635355691537384
*C/C=C\C[Si](*)(C)C,tg,-57.5,-39.05421652175241
*C/C=C\C[Si](*)(C)CCCOc1ccc(-c2ccccc2)cc1,tg,10.0,28.959046863832903
*C/C=C\C[Si](*)(C)CCCOc1ccc2ccccc2c1,tg,-1.0,0.2318989240689037
*C/C=C\C[Si](*)(C)CCCOc1ccccc1,tg,-30.0,-25.612022844779304
*C/C=C\C[Si](*)(CCCOc1ccccc1)c1ccccc1,tg,-5.0,3.4186366504514214
*C/C=C\C[Si](*)(c1ccccc1)c1ccccc1,tg,23.63,38.84028431776515
*C1(C)CC(*)(C)C(=O)N(C)C1=O,tg,170.0,197.89597932923584
*C1(F)OC(C(F)(F)F)(C(F)(F)Cl)OC1(*)F,tg,330.0,120.863076227561
*C1=C(c2ccc(-c3ccc4c(c3)C(CCCCCC)(CCCCCC)c3cc(-c5ccc(*)cc5)ccc3-4)cc2)C(=O)N(CCCC)C1=O,tg,155.0,134.2603551954536
*C1C(*)C2CC1C(C(=O)OCC13CC4CC(CC(C4)C1)C3)C2C(=O)OCC12CC3CC(CC(C3)C1)C2,tg,328.0,285.77893941395985
*C1C(*)C2CC1C(C(=O)OCCC13CC4CC(CC(C4)C1)C3)C2C(=O)OCCC12CC3CC(CC(C3)C1)C2,tg,300.0,266.81487297887384
*C1C(*)C2CC1C(C(=O)OCCC1CC3CCC1C3)C2C(=O)OCCC1CC2CCC1C2,tg,260.0,229.93196500260535
*C1C(*)C2CC1C(C(=O)OCCCc1ccccc1)C2C(=O)OCCCc1ccccc1,tg,200.0,170.56725157239052
*C1C(*)C2CC1C(C(=O)OCc1ccccc1)C2C(=O)OCc1ccccc1,tg,277.0,194.76284238537392
*C1C(*)C2CC1C(COCc1ccccc1)C2COCc1ccccc1,tg,176.0,177.92323292080187
*C1C(*)C2CC1C1C=CCC12,tg,103.55,174.01514167731742
*C1C(=O)N(C(C)(C)C)C(=O)C1*,tg,195.0,213.58435678369452
*C1C(=O)N(C2CCCCC2)C(=O)C1*,tg,205.0,198.76088021197612
*C1C(=O)N(CCCCCCCCOc2ccc(-c3ccc(C#N)cc3)cc2)C(=O)C1*,tg,43.0,62.21362003606367
*C1C(=O)N(CCCCCCOc2ccc(-c3ccc(C#N)cc3)cc2)C(=O)C1*,tg,76.0,103.85233996404234
*C1C(=O)N(CCCCCOc2ccc(-c3ccc(C#N)cc3)cc2)C(=O)C1*,tg,75.0,113.393889332857
*C1C(=O)N(CCCCOc2ccc(-c3ccc(C#N)cc3)cc2)C(=O)C1*,tg,115.0,92.49809784050177
*C1C(=O)N(CCCOc2ccc(-c3ccc(C#N)cc3)cc2)C(=O)C1*,tg,130.0,134.00157662871337
*C1C(=O)N(CCOc2ccc(-c3ccc(C#N)cc3)cc2)C(=O)C1*,tg,150.0,151.31691063492192
*C1C(=O)N(c2c(CC)cccc2CC)C(=O)C1*,tg,288.0,205.37677513196653
*C1C(=O)N(c2cc(Br)c(O[Si](C)(C)C)c(Br)c2)C(=O)C1*,tg,167.0,182.73621088338015
*C1C(=O)N(c2cc(Br)c(O[Si](c3ccccc3)(c3ccccc3)c3ccccc3)c(Br)c2)C(=O)C1*,tg,179.0,207.05276319246198
*C1C(=O)N(c2ccccc2C(=O)OCCCC)C(=O)C1*,tg,181.0,161.08685492214906
*C1C(=O)N(c2ccccc2C)C(=O)C1*,tg,335.0,243.95682044165306
*C1C(=O)OC(=O)C1C1C2CC(C(=O)OC3CCCCC3)C(C2)C1*,tg,195.0,220.38887689770343
*C1C(=O)OC(=O)C1C1C2CC(COCCC)C(C2)C1*,tg,209.0,187.48171999787533
*C1C2CC(C(=O)OCCc3ccc(N(c4ccccc4)c4cccc(C)c4)cc3)C(C2)C1*,tg,305.0,277.2177397068837
*C1C2CC(C(=O)OCCc3ccc(N(c4ccccc4)c4ccccc4)cc3)C(C2)C1*,tg,307.0,288.0682822622373
*C1C2CC(C)C(C2)C1*,tg,350.0,172.87604783328226
*C1C2CC(C1*)C([Si](C)(C)C)C2,tg,298.0,240.43828555785913
*C1C2CC(CCCCc3ccccc3)C(C2)C1*,tg,148.0,148.63569683836087
*C1C=C(CCCCCC)C(*)S1,tg,23.47,86.85857301548141
*C1CC(*)(C#N)C1,tg,220.0,148.70936505660313
*C1CC2CC1C(*)C2CCCCCC,tg,237.33,134.7131814340013
*C1CCC(*)C1,tg,65.1,81.00981807823977
*C1CCC(CC2CCC(N3C(=O)C4C5C=CC(C6C(=O)N(*)C(=O)C56)C4C3=O)CC2)CC1,tg,239.0,249.2696317396654
*C1CCC(CC2CCC(N3C(=O)c4ccc(-c5ccc6c(c5)C(=O)N(*)C6=O)cc4C3=O)C(C)C2)CC1C,tg,260.0,260.3822500959165
*C1CCC(CC2CCC(N3C(=O)c4ccc(-c5ccc6c(c5)C(=O)N(*)C6=O)cc4C3=O)CC2)CC1,tg,242.0,258.82301732517965
*C1CCOC1*,tg,131.43,75.21934202284186
*C1Cc2ccccc2C1*,tg,200.0,178.59891682139687
*C1OC(C(F)(F)F)(C(F)(F)F)OC1(*)F,tg,256.0,127.05991041520384
*C1OCCCC1C1C(=O)OC(=O)C1*,tg,210.0,181.60895716948085
*C1OCOC(C(*)(F)F)C1(F)F,tg,125.0,99.75274640061703
*C1Oc2ccccc2C1*,tg,65.2,159.55947766758376
*C1c2cccc3cccc(c23)C1*,tg,282.85,215.56867200498857
*C=C(*)C(C)(C)C,tg,200.0,75.80637637514083
*C=C(*)C(CCC)[Si](C)(C)c1ccccc1,tg,110.0,96.36944440604859
*C=C(*)C(CCCCCCC)[Si](C)(C)C,tg,150.0,19.613060448353874
*C=C(*)CCCOC(=O)c1cc(-c2ccc(OC)cc2)ccc1-c1ccc(OC)cc1,tg,72.4,118.06850877132612
*C=C(*)CCCOc1ccc(OC(=O)c2ccc(OCCCC)cc2)cc1,tg,36.0,70.07521544851929
*C=C(*)CCCOc1ccc(OC(=O)c2ccc(OCCCCCCCC)cc2)cc1,tg,38.25,48.3304152124007
*C=C(*)c1c(C)cc(C(C)(C)C)cc1C,tg,200.0,215.81842927024357
*C=C(*)c1c(F)c(F)c(CCCC)c(F)c1F,tg,110.0,99.27874337272263
*C=C(*)c1ccc(-n2c(=O)c3cc4c(=O)n(-c5ccc(C#C)cc5)c(=O)c4cc3c2=O)cc1,tg,420.0,343.2435398901237
*C=C(*)c1cccc[c]1[Ge]([CH3])([CH3])[CH3],tg,180.0,156.53309099345532
*C=C(*)c1ccccc1C(F)(F)F,tg,130.0,109.10931091921476
*C=C(*)c1ccccc1C[Si](C)(C)C,tg,170.0,111.29021552270491
*C=C(C#N)C(=O)OCCCCCCCCCCOC(=O)C(C#N)=Cc1ccc2c(c1)c1cc(*)ccc1n2CCCCCCCCCCCCCC,tg,35.0,44.745267673996125
*C=C(C#N)C(=O)OCCCCCCOC(=O)C(C#N)=Cc1ccc2c(c1)c1cc(*)ccc1n2CCCCCCCCCCCCCC,tg,53.0,54.36003270351551
*C=C(C#N)C(=O)OCCCCCCOC(=O)C(C#N)=Cc1ccc2c(c1)c1cc(*)ccc1n2CCCCCCCCCCCOc1ccc(C=Cc2ccc([N+](=O)[O-])cc2)cc1,tg,87.0,71.5626413724726
*C=C(F)C(F)(F)C*,tg,-35.0,-1.6834048189015391
*C=C*,tg,-25.5,12.183571509749022
*C=C1CCCC(=Cc2ccc(-c3cc(OCCCCCC)c(-c4ccc(*)cc4)cc3OCCCCCC)cc2)C1=O,tg,85.0,110.20215857150828
*C=CC(C(=O)OCC)C(*)C(=O)OCC,tg,6.0,4.5399204072927
*C=CC(C(=O)OCc1ccccc1)C(*)C(=O)OCc1ccccc1,tg,21.0,64.88838978667336
*C=CC(C)C(*)C(=O)OC,tg,53.0,23.4608166136814
*C=CC(C)C(*)C(=O)OCCCN(C)c1ccc(N(C)C)cc1,tg,16.0,55.85903253709058
*C=CC(C*)COCC(=O)OCCCCCCCCOc1ccc(C=Cc2ccc([N+](=O)[O-])cc2)cc1,tg,19.6,31.25996625371204
*C=CC(C*)OC,tg,-10.5,-28.415305674922802
*C=CC(COCc1ccccc1)C(*)COCc1ccccc1,tg,-4.0,26.425397203267924
*C=CC1=C(*)CC(C(=O)OCC)(C(=O)OCC)C1,tg,27.65,101.50563949632104
*C=CC1CC(*)C(C#N)(CCC)C1,tg,108.0,106.53305020680965
*C=CC1CC(*)C(C#N)(CCCC)C1,tg,87.0,81.9269558437296
*C=CC1CC(*)C(C#N)(C[Si](C)(C)C)C1,tg,128.0,139.51750341749957
*C=CC1CC(*)C(C#N)([Si](C)(C)C)C1,tg,211.0,145.3844504948528
*C=CC1CC(*)C(C#N)([Si](C)(C)O[Si](C)(C)C)C1,tg,88.0,101.43562767391201
*C=CC1CC(*)C(C#N)([Si](C)(C)O[Si](C)(C)O[Si](C)(C)C)C1,tg,47.0,51.15005971392005
*C=CC1CC(*)C(C(=O)OC(C)(C)C)C1C(=O)OC(C)(C)C,tg,83.4,89.03598985351954
*C=CC1CC(*)C(C(=O)OC)C1C(=O)OC,tg,77.3,107.77469704144147
*C=CC1CC(*)C(C(=O)OCCCCCCCCCCCOc2ccc(-c3ccc(C#N)cc3)cc2)C1C(=O)OCCCCCCCCCCCOc1ccc(-c2ccc(C#N)cc2)cc1,tg,23.82,48.20204812529229
*C=CC1CC(*)C(C(=O)OCCCCCCCCOc2ccc(C=Cc3ccc([N+](=O)[O-])cc3)cc2)C1,tg,49.6,45.49308848076014
*C=CC1CC(*)C(C(=O)OCCCCCCOc2ccc(-c3ccc(C#N)cc3)cc2)C1C(=O)OCCCCCCOc1ccc(-c2ccc(C#N)cc2)cc1,tg,41.93,80.46471617192117
*C=CC1CC(*)C(C(=O)OCCN(C)C)C1,tg,12.5,24.038093337474738
*C=CC1CC(*)C(C(=O)OCCNC(C)(C)C)C1,tg,29.0,35.82632750043917
*C=CC1CC(*)C(C(=O)Oc2ccccc2)C1C(=O)Oc1ccccc1,tg,96.5,131.03345829500853
*C=CC1CC(*)C(C2CC=CCC2)C1,tg,105.0,128.37935424319903
*C=CC1CC(*)C(F)(F)C1(F)OC(F)(F)C(F)(F)C(F)(F)F,tg,77.0,90.77240258259867
*C=CC1CC(*)C([Si](C)(C)C)C1,tg,109.0,130.85896555220324
*C=CC1CC(*)C2C(=O)N(CCC)C(=O)C12,tg,139.0,97.24460867241963
*C=CC1CC(*)C2C(=O)N(CCCCCCC)C(=O)C12,tg,59.0,65.78932100297688
*C=CC1CC(*)C2C(=O)N(CCCCCCCC)C(=O)C12,tg,56.5,60.17100550817652
*C=CC1CC(*)C2C(=O)N(CCCCCCCCC)C(=O)C12,tg,52.0,51.490709898730735
*C=CC1CC(*)C2C(=O)N(CCCCCCCCCC)C(=O)C12,tg,46.0,52.324120834149326
*C=CC1CC(*)C2C(=O)N(CCCCCCCCCCCC)C(=O)C12,tg,50.0,50.33569090475102
*C=CC1CC(*)C2C(=O)N(c3ccc(Br)cc3)C(=O)C12,tg,227.8,205.846650494192
*C=CC1CC(*)C2C(=O)N(c3cccc(Cl)c3)C(=O)C12,tg,204.8,238.99365071086467
*C=CC1CC(*)C2C(=O)N(c3cccc(F)c3)C(=O)C12,tg,207.8,210.3625351731874
*C=CC1CC(*)C2C(=O)N(c3ccccc3C)C(=O)C12,tg,248.0,243.7521575705902
*C=CC1CC(*)C2C(=O)N(c3ccccc3Cl)C(=O)C12,tg,255.6,210.9671031649657
*C=CC1CC(=CC)C(*)C1,tg,118.43,96.27733260095872
*C=CC1CCC(*)C1,tg,39.97,58.27068857552506
*C=CCC(C*)(C(=O)OC12CC3CC(CC(C3)C1)C2)C(=O)OC12CC3CC(CC(C3)C1)C2,tg,34.0,247.87414751116086
*C=CCC*,tg,-89.57,-66.40379104672168
*C=CCCCC(Cl)CCC*,tg,-63.0,-42.49245769892366
*C=CCCCCCCC(Cl)CCCCCC*,tg,-57.0,-43.65819860775965
*C=CCCCCCCCCCC(CCCCCCCCC*)COCCOCCOCCOCCOCc1ccc2ccc3cccc4ccc1c2c34,tg,-36.0,-7.752455123652239
*C=CCCCCCCCCCC(Cl)CCCCCCCCC*,tg,-37.0,-60.61754609639524
*C=CCCCCCCCCCC*,tg,-53.0,-74.39081591728947
*C=Cc1c(OC(=O)c2ccc(C(=O)Oc3ccc4ccccc4c3C=Cc3cccc(*)n3)cc2)ccc2ccccc12,tg,145.0,224.94707804005236
*C=Cc1cc(CCCCCCCCCCCCCCCC)c(C=Cc2nc(*)c(C#N)c(C=Cc3ccc(N(c4ccccc4)c4ccccc4)cc3)c2C#N)cc1CCCCCCCCCCCCCCCC,tg,165.0,103.29284760704282
*C=Cc1cc(OC)c(C=Cc2ccc(C=C(Oc3ccccc3)c3ccc(C(=Cc4ccc(*)cc4)c4ccc(Oc5ccccc5)cc4)cc3)cc2)cc1OC,tg,175.0,152.0818178085484
*C=Cc1cc(OCC(CC)CCCC)c(*)cc1-c1ccc(N(c2ccc(OC)cc2)c2ccc(OC)cc2)cc1,tg,163.0,123.3753416569435
*C=Cc1cc(OCC(CC)CCCC)c(*)cc1OC,tg,70.67,62.01094684220715
*C=Cc1cc(OCC2CC3CC2C2CCCC32)c(*)cc1OC,tg,174.0,169.02045770015403
*C=Cc1cc(OCCCCCC)c(*)cc1OC,tg,60.0,66.73589924578916
*C=Cc1cc(OCCCCCCCC)c(*)cc1OC,tg,58.0,49.34228206217733
*C=Cc1cc(OCCCCCCCCCCCC)c(*)cc1OC,tg,36.0,40.12128519687878
*C=Cc1ccc(*)c(-c2cc(OCCC(C)C)c(OCCC(C)C)cc2-c2ccccc2)c1,tg,164.0,124.64580046488285
*C=Cc1ccc(*)c(OCc2cc(OCCC(C)CCCC(C)C)cc(OCC(CC)CCCC)c2)c1,tg,227.0,37.23907093890897
*C=Cc1ccc(*)cc1,tg,230.0,154.37845017796394
*C=Cc1ccc(-c2ccc(C(C#N)=Cc3ccc4c(c3)C(CC)(CC)c3cc(C=C(C#N)c5ccc(-c6ccc(C=CC7=CC(=C(C#N)C#N)C=C(*)O7)s6)cc5)ccc3-4)cc2)s1,tg,144.0,224.22048842559371
*C=Cc1ccc(-c2nnc(-c3ccc(C=Cc4ccc5c(c4)c4cc(*)ccc4n5CCCCCCCC)cc3)n2-c2ccccc2)cc1,tg,147.0,161.8407975394597
*C=Cc1ccc(-c2nnc(-c3ccc(C=Cc4ccc5c(c4)c4cc(-c6ccc7c(c6)c6cc(*)ccc6n7CCCCCCCC)ccc4n5CCCCCCCC)cc3)n2-c2ccccc2)cc1,tg,157.0,168.01398733890971
*C=Cc1ccc(C=Cc2ccc3c(c2)C(CCCCCCOc2ccc4ccc(=O)oc4c2)(CCCCCCOc2ccc4ccc(=O)oc4c2)c2cc(*)ccc2-3)cc1,tg,104.0,136.1923060363017
*C=Cc1ccc(N(C)CCOC(=O)Nc2ccc(C)c(NC(=O)OCCN(C)c3ccc(C=CC4=CC(=C(C#N)C#N)C=C(*)O4)s3)c2)s1,tg,183.0,162.81543302730338
*C=Cc1ccc(N=Nc2ccc(N(C)CCOC(=O)Nc3ccc(C)c(NC(=O)OCCN(C)c4ccc(N=Nc5ccc(C=CC6=CC(=C(C#N)C#N)C=C(*)O6)cc5)cc4)c3)cc2)cc1,tg,196.0,176.46810579956292
*C=Cc1ccc(OC(=O)CCCCCCCCC(=O)Oc2cccc(-c3nnc(*)s3)c2)cc1,tg,37.0,61.88987210948666
*C=Cc1ccc2c(c1)C(CCCCCC)(CCCCCC)c1cc(C=Cc3nc(*)c(C#N)c(C=Cc4ccc(N(c5ccccc5)c5ccccc5)cc4)c3C#N)ccc1-2,tg,178.0,146.18351331684792
*C=Cc1ccc2c(c1)C(CCCCCCOc1ccc3ccc(=O)oc3c1)(CCCCCCOc1ccc3ccc(=O)oc3c1)c1cc(C=Cc3ccc4c(c3)C(CCCCCC)(CCCCCC)c3cc(*)ccc3-4)ccc1-2,tg,115.0,110.02411603979532
*C=Cc1ccc2c(c1)Sc1cc(*)ccc1N2c1ccc(OCCCCCCCCCCCC)cc1,tg,129.0,94.46571940723801
*C=Cc1ccc2c(c1)Sc1cc(-c3ccc(-c4ccc(-c5ccc6c(c5)Sc5cc(*)ccc5N6c5ccc(OCCCCCCCCCCCC)cc5)s4)s3)ccc1N2c1ccc(OCCCCCCCCCCCC)cc1,tg,115.8,128.56798273734958
*C=Cc1ccc2c(c1)Sc1cc(-c3ccc4c(c3)Sc3cc(*)ccc3N4c3ccc(OCCCCCCCCCCCC)cc3)ccc1N2c1ccc(OCCCCCCCCCCCC)cc1,tg,118.6,122.64688882452215
*C=Cc1cccc(OC(=O)CCCCCCCCC(=O)Oc2ccc(-c3nnc(*)s3)cc2)c1,tg,55.0,37.722539939080825
*C=Cc1nc(C=Cc2ccc3c(c2)c2cc(*)ccc2n3CCCCCC)c(C#N)c(C=Cc2ccc(N(c3ccccc3)c3ccccc3)cc2)c1C#N,tg,134.0,190.1373769030823
*C=Cc1sc(-c2ccc(-c3sc(C=CC4=CC(=C(C#N)C#N)C=C(*)O4)c(CCCCCC)c3CCCCCC)s2)c(CCCCCC)c1CCCCCC,tg,114.0,69.7417709029777
*C=Cc1sc(-c2ccc3c(c2)C(CCCCCC)(CCCCCC)c2cc(-c4sc(C=CC5=CC(=C(C#N)C#N)C=C(*)O5)c(CCCCCC)c4CCCCCC)ccc2-3)c(CCCCCC)c1CCCCCC,tg,115.0,81.07792535036383
*C=Nc1ccc(C(=O)OCCCCOCCCCOCCCCOC(=O)c2ccc(N=Cc3ccc(*)s3)cc2)cc1,tg,25.0,33.30412441425128
*C=[CH][Ge]([CH]=C[Si](*)(c1ccccc1)c1ccccc1)([c]1ccccc1)[c]1ccccc1,tg,28.0,128.65311209444727
*CC#CC#CCOc1ccc(C(=O)OCCN(CCOC(=O)c2ccc(O*)cc2)c2ccc(N=Nc3ccc(C#N)cc3)cc2)cc1,tg,121.0,103.31526259774044
*CC#CC#CCOc1ccc(C(=O)OCCN(CCOC(=O)c2ccc(O*)cc2)c2ccc(N=Nc3ccc([N+](=O)[O-])cc3)cc2)cc1,tg,100.0,112.95992061908612
*CC#CC#CCOc1ccc(C(=O)OCCN(CCOC(=O)c2ccc(O*)cc2)c2ccc([N+](=O)[O-])cc2)cc1,tg,100.0,100.69358772729063
*CC#CC(C#CCOC(=O)CCCCCCCCC(=O)O*)=Cc1ccc(C#Cc2ccc(C=C(C#Cc3ccccc3)C#Cc3ccccc3)cc2)cc1,tg,60.0,76.15973524382959
*CC#CC(C#CCOC(=O)CCCCCCCCC(=O)O*)=Cc1ccc(C#Cc2ccc([N+](=O)[O-])cc2)cc1,tg,60.0,43.059098487828464
*CC#CCOC(=O)CCCCCCC(=O)O*,tg,-38.0,-37.73130397617949
*CC#CCOC(=O)CCCCCCCCC(=O)O*,tg,-30.88,-34.81662370520546
*CC#CCOC(=O)CCCCCCCCCCC(=O)O*,tg,-27.0,-32.02271690893473
*CC(*)(C#N)C(=O)OC,tg,130.0,98.58918773773931
*CC(*)(C#N)C(=O)OC(C)C,tg,66.0,112.28189789754362
*CC(*)(C#N)C(=O)OCC(C)C,tg,51.0,74.17641903084048
*CC(*)(C#N)C(=O)OCCCCCCC,tg,102.0,24.629217880194204
*CC(*)(C(=O)OC)c1ccccc1,tg,121.0,96.13084214580113
*CC(*)(C)C,tg,-65.41,49.57530326791321
*CC(*)(C)C(=O)NC(=O)OC(C)COc1ccc(S(=O)(=O)c2ccc(OCC(C)O)cc2)cc1,tg,73.0,121.96434963448671
*CC(*)(C)C(=O)NC(=O)OCCOc1ccc(S(=O)(=O)c2ccc(OCCO)cc2)cc1,tg,131.0,84.35138109724983
*CC(*)(C)C(=O)NC(=O)Oc1ccc(S(=O)(=O)c2ccc(O)cc2)cc1,tg,182.0,141.30773698504746
*CC(*)(C)C(=O)NC(C)c1ccccc1,tg,156.5,124.773130195208
*CC(*)(C)C(=O)NC1C(O)OC(CO)C(O)C1O,tg,100.0,171.89951213342889
*CC(*)(C)C(=O)Nc1cccc(-c2nnc(-c3ccccc3)o2)c1,tg,65.0,178.97768310402054
*CC(*)(C)C(=O)O,tg,182.64,125.43641120184229
*CC(*)(C)C(=O)OC,tg,103.23,-3.411854371367792
*CC(*)(C)C(=O)OC(C(F)(F)F)C(F)(F)F,tg,73.0,85.05832596545496
*CC(*)(C)C(=O)OC(C)C,tg,72.71,60.668564162533585
*CC(*)(C)C(=O)OC(C)C(C)(C)C,tg,108.0,62.755139095073645
*CC(*)(C)C(=O)OC(COc1cc2ccccc2c2ccccc12)COc1cc2ccccc2c2ccccc12,tg,112.0,169.1606007041015
*CC(*)(C)C(=O)OC(COc1ccc(-c2ccccc2)cc1)COc1ccc(-c2ccccc2)cc1,tg,85.0,94.1794995415879
*CC(*)(C)C(=O)OC(COc1cccc2ccccc12)COc1cccc2ccccc12,tg,80.0,122.14607725997395
*CC(*)(C)C(=O)OC(F)(F)C(F)(F)C(F)(F)C(F)(F)C(F)(F)C(F)(F)C(F)(F)C(F)(F)F,tg,49.0,50.37288576092095
*CC(*)(C)C(=O)OC1(C)C2CC3CC(C2)CC1C3,tg,165.0,193.28858422800377
*CC(*)(C)C(=O)OC1(C)CCOC(=O)C1,tg,110.0,142.98360713484593
*CC(*)(C)C(=O)OC12CC3CC(C)(CC(C)(C3)C1)C2,tg,193.0,142.15564901542984
*CC(*)(C)C(=O)OC12CC3CC(CC(C3)C1)C2,tg,183.0,190.87760963876693
*CC(*)(C)C(=O)OC1CC(C)CC(C)(C)C1,tg,125.0,111.65790461013123
*CC(*)(C)C(=O)OC1CC(C)CCC1C(C)C,tg,147.0,106.65102550137938
*CC(*)(C)C(=O)OC1CCC(C)CC1,tg,109.0,90.70850547123777
*CC(*)(C)C(=O)OC1CCC1,tg,119.0,89.32758279247611
*CC(*)(C)C(=O)OC1CCCC1,tg,75.0,109.40189129121433
*CC(*)(C)C(=O)OC1CCCCC1C,tg,85.0,102.92695263146028
*CC(*)(C)C(=O)OC1CCCCCCCCC1,tg,58.0,74.0613373136326
*CC(*)(C)C(=O)OC1CCCCCCCCCCC1,tg,56.0,67.35538093315076
*CC(*)(C)C(=O)OC1CCOCC1,tg,153.5,97.18067987572113
*CC(*)(C)C(=O)OCC,tg,64.96,30.35707350852984
*CC(*)(C)C(=O)OCC#C,tg,58.0,74.7610694439442
*CC(*)(C)C(=O)OCC#CO[Si](C)(C)C,tg,57.0,31.569400517458572
*CC(*)(C)C(=O)OCC#N,tg,91.0,78.89841594830696
*CC(*)(C)C(=O)OCC(=O)N1CCOCC1,tg,128.0,94.08378759007014
*CC(*)(C)C(=O)OCC(=O)Nc1cc(C)on1,tg,128.0,106.74301167169365
*CC(*)(C)C(=O)OCC(=O)c1ccccc1,tg,92.5,68.64187239687772
*CC(*)(C)C(=O)OCC(C)(C)C,tg,32.67,69.35022252419436
*CC(*)(C)C(=O)OCC(C)O,tg,72.67,73.0871206887537
*CC(*)(C)C(=O)OCC(C)Oc1ccc(-c2ccc(-c3ccc(C#N)cc3)cc2)cc1,tg,140.0,117.5012226792466
*CC(*)(C)C(=O)OCC(F)(F)C(F)(F)C(F)(F)C(F)(F)C(F)(F)C(F)(F)C(F)(F)C(F)F,tg,-15.0,38.57897041709214
*CC(*)(C)C(=O)OCC(F)(F)C(F)(F)C(F)(F)C(F)F,tg,36.67,24.331114752698277
*CC(*)(C)C(=O)OCC(F)(F)C(F)(F)F,tg,77.0,72.5656699728128
*CC(*)(C)C(=O)OCC(F)(F)C(F)F,tg,80.0,69.58835894063158
*CC(*)(C)C(=O)OCC(F)(F)F,tg,78.27,76.54270831492498
*CC(*)(C)C(=O)OCC1(C)COCOC1,tg,142.0,74.09239728485109
*CC(*)(C)C(=O)OCC1CC(NC(=O)OC(C)(C)C)CN1C(=O)OC(C)(C)C,tg,127.0,82.31881477980855
*CC(*)(C)C(=O)OCC1CCC1,tg,114.0,77.25651967960945
*CC(*)(C)C(=O)OCC1CCCO1,tg,105.0,70.83077616303825
*CC(*)(C)C(=O)OCC1CO1,tg,62.81,96.80084981260157
*CC(*)(C)C(=O)OCC1COC(CP(=O)(OCC)OCC)O1,tg,-38.0,56.91316767512547
*CC(*)(C)C(=O)OCC1COC(c2ccccc2)O1,tg,130.0,87.3863963834287
*CC(*)(C)C(=O)OCC1COCCOCCOCCO1,tg,35.0,63.64813491753619
*CC(*)(C)C(=O)OCC1OC(n2ccc(=O)[nH]c2=O)C(O)C1O,tg,151.0,124.73556477357639
*CC(*)(C)C(=O)OCCC#N,tg,79.0,71.98056460978405
*CC(*)(C)C(=O)OCCC(C)CC(C)(C)C,tg,1.0,13.35197342642293
*CC(*)(C)C(=O)OCCC(F)(F)C(F)(F)C(F)(F)C(F)(F)F,tg,23.0,33.220866135238815
*CC(*)(C)C(=O)OCCC1CCCCC1,tg,76.33,59.94617461409246
*CC(*)(C)C(=O)OCCC1CCN(CCCCCCOc2ccc(N=Nc3ccc([N+](=O)[O-])cc3)cc2)CC1,tg,27.0,64.7807129838951
*CC(*)(C)C(=O)OCCCCC(F)(F)C(F)(F)C(F)(F)C(F)(F)C(F)(F)C(F)(F)F,tg,23.0,35.82378643615504
*CC(*)(C)C(=O)OCCCCCC,tg,-7.25,-0.023277272052305537
*CC(*)(C)C(=O)OCCCCCC(=O)Oc1ccc(OC(=O)c2ccc(OC)cc2)cc1,tg,40.0,53.54111718486745
*CC(*)(C)C(=O)OCCCCCC(=O)Oc1ccc(OC(=O)c2ccc(OCCCC)cc2)cc1,tg,40.0,35.09714947760701
*CC(*)(C)C(=O)OCCCCCCC(F)(F)C(F)(F)C(F)(F)C(F)(F)C(F)(F)C(F)(F)C(F)(F)C(F)(F)C(F)(F)C(F)(F)C(F)(F)C(F)(F)F,tg,84.0,41.289678997216484
*CC(*)(C)C(=O)OCCCCCCCC,tg,-10.0,-10.693357660295382
*CC(*)(C)C(=O)OCCCCCCCC/C=C\CCCCCCCC,tg,-40.0,-13.92225776332099
*CC(*)(C)C(=O)OCCCCCCCCCCCC,tg,-44.99,-36.04142476555286
*CC(*)(C)C(=O)OCCCCCCCCCCCCCC,tg,-72.0,-46.549747640386876
*CC(*)(C)C(=O)OCCCCCCCCCCCCCCC(=O)NC1OC(CO)C(OC2OC(CO)C(O)C(O)C2O)C(O)C1O,tg,133.1,90.94369959771106
*CC(*)(C)C(=O)OCCCCCCCCCCCCCCCC[n+]1ccc(N(C)C)cc1,tg,60.0,0.6670707409372169
*CC(*)(C)C(=O)OCCCCCCCCCCCCOc1ccc(C(=O)Oc2ccc(-c3cccc(OC(=O)c4ccc(OC(=O)c5ccc(OCCCCCCCCCCCC)cc5)cc4)c3)cc2)cc1,tg,74.5,67.4428336565106
*CC(*)(C)C(=O)OCCCCCCCCCCCCOc1ccc2cc(C(=O)Oc3ccccc3)ccc2c1,tg,12.0,15.092038743010617
*CC(*)(C)C(=O)OCCCCCCCCCCCOc1ccc(C(=O)Oc2ccc(C#N)cc2)cc1,tg,10.0,27.864199228289117
*CC(*)(C)C(=O)OCCCCCCCCCCCOc1ccc(C=Nc2ccc(C#N)cc2)cc1,tg,23.0,31.609384583958413
*CC(*)(C)C(=O)OCCCCCCCCCCCOc1ccc2cc(C(=O)Oc3ccccc3)ccc2c1,tg,10.0,14.945751101178056
*CC(*)(C)C(=O)OCCCCCCCCCCCn1c2ccccc2c2ccccc21,tg,6.0,31.307267540742444
*CC(*)(C)C(=O)OCCCCCCCCCCOc1ccc(C#Cc2cc(C)c(C=Cc3ccncc3)cc2C)cc1,tg,51.0,67.29446867651515
*CC(*)(C)C(=O)OCCCCCCCCCCOc1ccc(C#Cc2cc(OC)c(C=Cc3ccncc3)cc2OC)cc1,tg,62.0,71.0890312957059
*CC(*)(C)C(=O)OCCCCCCCCCCOc1ccc(C(=O)Oc2ccc(C(=O)C=Cc3c(C)c4ccccc4n3C)cc2)cc1,tg,72.0,68.23312659849114
*CC(*)(C)C(=O)OCCCCCCCCCCOc1ccc(C(=O)Oc2ccc(C(=O)C=Cc3c(C)c4ccccc4n3CCCC)cc2)cc1,tg,57.0,57.41077004883184
*CC(*)(C)C(=O)OCCCCCCCCCCOc1ccc(N=Nc2ccc(C#N)cc2)cc1,tg,51.0,52.57296339661099
*CC(*)(C)C(=O)OCCCCCCCCCCOc1ccc(N=Nc2ccc(Cl)cc2)cc1,tg,54.0,46.24293129456672
*CC(*)(C)C(=O)OCCCCCCCCCCOc1ccc(N=Nc2ccc(OC)cc2)cc1,tg,62.0,60.990462057010774
*CC(*)(C)C(=O)OCCCCCCCCCCOc1ccc(N=Nc2ccc([N+](=O)[O-])cc2)cc1,tg,55.0,47.98261183084046
*CC(*)(C)C(=O)OCCCCCCCCCCOc1ccc(OC(=O)c2ccc(-c3ccc(OC)cc3)cc2)cc1,tg,57.0,50.157928312491464
*CC(*)(C)C(=O)OCCCCCCCCCCOc1ccc(OC(=O)c2ccc(OC)cc2)cc1,tg,21.0,23.614092532506792
*CC(*)(C)C(=O)OCCCCCCCCCCOc1ccc(OC(=O)c2ccc(OCCCCCC)cc2)cc1,tg,41.0,23.097467290171338
*CC(*)(C)C(=O)OCCCCCCCCCCOc1ccc(OC(=O)c2ccc(OCCCCCCCC)cc2)cc1,tg,12.0,35.93740845229935
*CC(*)(C)C(=O)OCCCCCCCCCCn1c2ccccc2c2cc(C=C(C#N)C(=O)OC)ccc21,tg,58.0,49.73541893205206
*CC(*)(C)C(=O)OCCCCCCCCCCn1c2ccccc2c2cc(C=C(C#N)c3ccc([N+](=O)[O-])cc3)ccc21,tg,40.0,72.99999772670907
*CC(*)(C)C(=O)OCCCCCCCCCCn1c2ccccc2c2cc(N=Nc3ccc([N+](=O)[O-])cc3)ccc21,tg,36.0,62.59673642333957
*CC(*)(C)C(=O)OCCCCCCCCCOc1ccc2cc(C(=O)Oc3ccccc3)ccc2c1,tg,18.0,25.70666075279207
*CC(*)(C)C(=O)OCCCCCCCCOc1ccc(C(=O)Oc2ccc(C(=O)C=Cc3c(C)c4ccccc4n3C)cc2)cc1,tg,75.0,65.80550044392872
*CC(*)(C)C(=O)OCCCCCCCCOc1ccc(N=Nc2ccc(C3OCC4(CO3)CC3C=CC4C3)cc2)cc1,tg,106.2,87.14361736501994
*CC(*)(C)C(=O)OCCCCCCCCOc1ccc2cc(C(=O)Oc3ccccc3)ccc2c1,tg,34.0,28.65372762142356
*CC(*)(C)C(=O)OCCCCCCN(C)c1ccc(N(C)C)cc1,tg,8.5,43.16414706748145
*CC(*)(C)C(=O)OCCCCCCOc1ccc(-c2ccc(C#N)cc2)cc1,tg,58.6,64.75420290712164
*CC(*)(C)C(=O)OCCCCCCOc1ccc(C(=O)Oc2ccc(-c3cccc(OC(=O)c4ccc(OC(=O)c5ccc(OCCCCCCCCCCCC)cc5)cc4)c3)cc2)cc1,tg,73.0,70.25597561015883
*CC(*)(C)C(=O)OCCCCCCOc1ccc(C(=O)Oc2ccc(N=Nc3ccc(F)cc3)c3ccccc23)cc1,tg,42.0,63.61305561224411
*CC(*)(C)C(=O)OCCCCCCOc1ccc(C(=O)Oc2ccc(N=Nc3ccccc3)c3ccccc23)cc1,tg,46.0,54.39632544421418
*CC(*)(C)C(=O)OCCCCCCOc1ccc(C(=O)Oc2ccc(OCCCC)cc2)cc1,tg,55.17,35.5883180325049
*CC(*)(C)C(=O)OCCCCCCOc1ccc(C(=O)Oc2ccc3ccc(=O)oc3c2)cc1,tg,102.0,65.49588967801286
*CC(*)(C)C(=O)OCCCCCCOc1ccc(C=CC2=C(C#N)C(=C(C#N)C#N)OC2(C)C)cc1OCCCCCC,tg,80.0,63.67689158900825
*CC(*)(C)C(=O)OCCCCCCOc1ccc(N=Nc2ccc(OC)cc2)cc1,tg,82.0,70.89441388587663
*CC(*)(C)C(=O)OCCCCCCOc1ccc(N=Nc2ccc(OCCCC)cc2)cc1,tg,79.0,57.73560381125068
*CC(*)(C)C(=O)OCCCCCCOc1ccc(N=Nc2ccc([N+](=O)[O-])cc2)cc1,tg,108.0,56.97193433139357
*CC(*)(C)C(=O)OCCCCCCOc1ccc(N=Nc2ccncc2)cc1,tg,40.0,82.82780080274279
*CC(*)(C)C(=O)OCCCCCCOc1ccc(OC(=O)c2ccc(-c3ccc(OC)cc3)cc2)cc1,tg,57.0,61.25375985576254
*CC(*)(C)C(=O)OCCCCCCOc1ccc(OC(=O)c2ccc(OC)cc2)cc1,tg,38.0,54.23062018632916
*CC(*)(C)C(=O)OCCCCCCOc1ccc(OC(=O)c2ccc(OCCCC)cc2)cc1,tg,36.0,54.183071266649016
*CC(*)(C)C(=O)OCCCCCCOc1ccc(OC(=O)c2ccc(OCCCCCC)cc2)cc1,tg,16.0,40.7175632074661
*CC(*)(C)C(=O)OCCCCCCOc1ccc2cc(C(=O)Oc3ccccc3)ccc2c1,tg,39.0,45.38347511196595
*CC(*)(C)C(=O)OCCCCCCOc1cccc(C(=O)Oc2ccc(C#N)cc2)c1,tg,38.0,45.768440967425796
*CC(*)(C)C(=O)OCCCCCCc1ccc(C(C)=Cc2ccc(OC)cc2)cc1,tg,31.0,57.89660396155676
*CC(*)(C)C(=O)OCCCCCCc1ccc(N=Nc2ccc(OC(F)(F)F)cc2)cc1,tg,194.5,155.72341976831407
*CC(*)(C)C(=O)OCCCCCCn1c2ccccc2c2ccccc21,tg,73.0,72.093574739231
*CC(*)(C)C(=O)OCCCCCc1ccc(N=Nc2ccc(OC(F)(F)F)cc2)cc1,tg,202.5,189.90019834753693
*CC(*)(C)C(=O)OCCCCCn1c2ccccc2c2ccccc21,tg,91.0,80.18458909998088
*CC(*)(C)C(=O)OCCCCOc1ccc(N=Nc2ccc(C#N)cc2)cc1,tg,80.0,93.64585418598752
*CC(*)(C)C(=O)OCCCCOc1ccc(OC(=O)c2ccc(OC)c(Br)c2)cc1,tg,69.0,78.10031071915235
*CC(*)(C)C(=O)OCCCCOc1ccc(OC(=O)c2ccc(OCCCC)cc2)cc1,tg,51.0,55.05753255044652
*CC(*)(C)C(=O)OCCCCOc1ccc(OC(=O)c2ccc(OCCCCCC)cc2)cc1,tg,34.0,42.01788829601539
*CC(*)(C)C(=O)OCCCCOc1ccc2cc(C(=O)Oc3ccccc3)ccc2c1,tg,88.0,55.10544508109443
*CC(*)(C)C(=O)OCCCCc1ccc(N=Nc2ccc(OC(F)(F)F)cc2)cc1,tg,203.5,186.7117928375819
*CC(*)(C)C(=O)OCCCCc1ccccc1,tg,9.0,28.61999134735235
*CC(*)(C)C(=O)OCCCl,tg,62.0,61.872229698599234
*CC(*)(C)C(=O)OCCCn1c2ccccc2c2ccccc21,tg,113.0,106.20567321551428
*CC(*)(C)C(=O)OCCN(C)C,tg,24.75,23.72101133537636
*CC(*)(C)C(=O)OCCN(C)c1ccc(N=Nc2ccc([N+](=O)[O-])cc2)cc1,tg,110.0,131.69071671301504
*CC(*)(C)C(=O)OCCN(CC)c1ccc(N=Nc2ccc(C#N)cc2)cc1,tg,116.25,108.6311142521184
*CC(*)(C)C(=O)OCCN(CC)c1ccc(N=Nc2ccc(S(C)(=O)=O)cc2)cc1,tg,144.0,112.04155794412137
*CC(*)(C)C(=O)OCCN(CC)c1ccc(N=Nc2ccc([N+](=O)[O-])c3ccccc23)cc1,tg,116.0,127.95165854466357
*CC(*)(C)C(=O)OCCN(CC)c1ccc(N=Nc2ccc([N+](=O)[O-])cc2)cc1,tg,125.25,114.29726743484666
*CC(*)(C)C(=O)OCCN(CC)c1ccc(N=Nc2nc3ccc([N+](=O)[O-])cc3s2)cc1,tg,140.0,123.90730720616571
*CC(*)(C)C(=O)OCCN(CC)c1ccc([N+](=O)[O-])cc1,tg,98.0,77.66246593832426
*CC(*)(C)C(=O)OCCN(CC)c1ccccc1,tg,36.5,53.930004050009856
*CC(*)(C)C(=O)OCCNC(C)(C)C,tg,41.0,44.026442278101136
*CC(*)(C)C(=O)OCCO,tg,83.78,67.30393281911077
*CC(*)(C)C(=O)OCCOC,tg,22.75,28.5741717478706
*CC(*)(C)C(=O)OCCOCCO,tg,18.12,13.960830481832431
*CC(*)(C)C(=O)OCCOCCOCCOCCOCCOCCOCCOCCOC,tg,-58.0,-46.09250558963458
*CC(*)(C)C(=O)OCCOCCOCCOc1ccc(N=Nc2ccc(C#N)cc2)cc1,tg,37.0,50.936354945184114
*CC(*)(C)C(=O)OCCOCCOc1ccc(N=Nc2ccc(C#N)cc2)cc1,tg,57.0,56.63062603629734
*CC(*)(C)C(=O)OCCO[Si](C)(C)C,tg,89.0,10.51194628605549
*CC(*)(C)C(=O)OCCOc1ccc(-c2ccc(-c3ccc(C#N)cc3)cc2)cc1,tg,115.0,121.09186685057806
*CC(*)(C)C(=O)OCCOc1ccc(C(=O)Oc2ccc(OCCCC)cc2)cc1,tg,137.0,47.2380713727205
*CC(*)(C)C(=O)OCCOc1ccc(N=Nc2ccc([N+](=O)[O-])cc2)cc1,tg,112.0,106.10551132091787
*CC(*)(C)C(=O)OCCS(=O)CC,tg,25.0,48.20007201778219
*CC(*)(C)C(=O)OCCc1ccc(N=Nc2ccc(OC(F)(F)F)cc2)cc1,tg,209.5,147.08557299326267
*CC(*)(C)C(=O)OCCc1ccc(N=Nc2ccccc2)cc1,tg,80.0,103.11972452824394
*CC(*)(C)C(=O)OCCc1ccccc1,tg,49.0,60.13237473001287
*CC(*)(C)C(=O)OCCn1c2ccccc2c2cc(N=Nc3ccc([N+](=O)[O-])cc3)ccc21,tg,164.0,149.2922620475095
*CC(*)(C)C(=O)OCCn1c2ccccc2c2ccccc21,tg,145.33,112.8593904217021
*CC(*)(C)C(=O)OCSC,tg,60.0,38.9328921555366
*CC(*)(C)C(=O)OCc1ccc(C=CC(=O)C2c3ccccc3C(=O)c3ccccc32)cc1,tg,163.0,161.7970624264136
*CC(*)(C)C(=O)OCc1ccc(C=CC(=O)Oc2ccc(OC)cc2)cc1,tg,89.0,91.3942192358921
*CC(*)(C)C(=O)OCc1ccc(C=CC(=O)Oc2ccc3oc(=O)ccc3c2)cc1,tg,140.0,119.8533987214929
*CC(*)(C)C(=O)OCc1ccc(Cl)c(Cl)c1,tg,34.45,37.37095770957862
*CC(*)(C)C(=O)OCc1ccc(Cl)cc1Cl,tg,19.4,34.665075583080906
*CC(*)(C)C(=O)OCc1ccc(F)cc1F,tg,46.0,76.39317203202287
*CC(*)(C)C(=O)OCc1ccc(OCCOCC)c(OCCOCC)c1,tg,-2.0,17.41915956312131
*CC(*)(C)C(=O)OCc1ccc2c(c1)c1ccccc1n2CC,tg,131.14,125.35408858320962
*CC(*)(C)C(=O)OCc1ccc2c(c1)c1ccccc1n2CCCCCC,tg,73.0,58.81050737006092
*CC(*)(C)C(=O)OCc1ccc2c(c1)c1ccccc1n2CCCCCCCCCCCC,tg,25.0,22.594718983971468
*CC(*)(C)C(=O)OCc1ccc[se]1,tg,54.43,72.9322688142226
*CC(*)(C)C(=O)OCc1cccc(Cl)c1,tg,18.25,56.424921235422254
*CC(*)(C)C(=O)OCc1cccc(Cl)c1Cl,tg,42.6,40.854056834399465
*CC(*)(C)C(=O)O[Si](C)(C)C,tg,97.5,107.3861940967496
*CC(*)(C)C(=O)Oc1c(C(C)C)cccc1C(C)C,tg,198.0,98.54745151929517
*CC(*)(C)C(=O)Oc1c(C)cccc1C,tg,169.0,126.13111925491069
*CC(*)(C)C(=O)Oc1cc(C)cc(C)c1,tg,106.0,106.1891970526206
*CC(*)(C)C(=O)Oc1ccc(C(=O)C=Cc2ccc(OC)c(OC)c2)cc1,tg,137.0,111.99573277076244
*CC(*)(C)C(=O)Oc1ccc(C(=O)C=Cc2ccc(OCc3ccccc3)cc2)cc1,tg,152.0,100.30907786678097
*CC(*)(C)C(=O)Oc1ccc(C(=O)OC)cc1,tg,106.0,102.61885942774359
*CC(*)(C)C(=O)Oc1ccc(C(=O)Oc2ccc(-c3ccccc3)cc2)cc1,tg,100.0,109.3849524055973
*CC(*)(C)C(=O)Oc1ccc(C(=O)Oc2ccc(C(=O)c3ccccc3)cc2)cc1,tg,72.0,113.80061163781629
*CC(*)(C)C(=O)Oc1ccc(C(=O)Oc2ccc(Oc3ccccc3)cc2)cc1,tg,74.0,82.34613387011386
*CC(*)(C)C(=O)Oc1ccc(C(=O)Oc2ccccc2)cc1,tg,99.0,91.85759503529519
*CC(*)(C)C(=O)Oc1ccc(C(=O)c2ccccc2)cc1,tg,118.0,108.16738419201106
*CC(*)(C)C(=O)Oc1ccc(C(C)(C)C)cc1,tg,88.57,119.96997767231944
*CC(*)(C)C(=O)Oc1ccc(C)cc1C,tg,109.0,125.20320293207638
*CC(*)(C)C(=O)Oc1ccc(C=Cc2ccccc2)cc1,tg,143.0,125.90900354742045
*CC(*)(C)C(=O)Oc1ccc(CC#N)cc1,tg,128.0,95.69276792786927
*CC(*)(C)C(=O)Oc1ccc(N=Nc2ccc(OC)cc2)cc1,tg,120.0,151.99446536721652
*CC(*)(C)C(=O)Oc1ccc(N=Nc2ccc([N+](=O)[O-])cc2)cc1,tg,145.0,147.06705285336145
*CC(*)(C)C(=O)Oc1ccc([N+](=O)[O-])c(C)c1,tg,101.0,126.90279784696388
*CC(*)(C)C(=O)Oc1ccc2c(c1)CCC2,tg,104.25,114.78320686283966
*CC(*)(C)C(=O)Oc1cccc(C)c1C,tg,120.0,150.67234120478628
*CC(*)(C)C1=NC(C)(C)C(=O)O1,tg,165.0,143.1775013021685
*CC(*)(C)CCC,tg,27.0,39.16381933622106
*CC(*)(C)OC,tg,67.0,91.22847136735948
*CC(*)(C)c1ccc(C#N)cc1,tg,238.75,173.09770042161833
*CC(*)(C)c1ccc(C(C)C)cc1,tg,134.91,123.58572196347023
*CC(*)(C)c1ccc2ccccc2c1,tg,208.0,169.3316848249164
*CC(*)(C)c1ccc2ccccc2n1,tg,181.8,176.82933093004547
*CC(*)(C)c1nc(N(CCOCCOCCOC)CCOCCOCCOC)nc(N(CCOCCOCCOC)c2ccccc2)n1,tg,-75.0,23.825267014771256
*CC(*)(CC(=O)O)C(=O)O,tg,141.0,128.02046245835072
*CC(*)(CC(=O)OC(C)C)C(=O)OC12CC3CC(CC(C3)C1)C2,tg,180.0,172.58479157858991
*CC(*)(CC(=O)OC)C(=O)O,tg,159.0,120.85127106338365
*CC(*)(CC(=O)OC)C(=O)OC12CC3CC(C)(CC(C)(C3)C1)C2,tg,144.0,183.6735694399021
*CC(*)(CC(=O)OC)C(=O)OC12CC3CC(CC(C3)C1)C2,tg,197.0,158.19203126190203
*CC(*)(CC(=O)OC1CCC1)C(=O)OC1CCC1,tg,60.0,122.93078965789779
*CC(*)(CC(=O)OC1CCCCC1)C(=O)OC1CCCCC1,tg,142.0,71.67730386710024
*CC(*)(CC(=O)OCC)C(=O)O,tg,135.0,92.2303037028526
*CC(*)(CC(=O)OCC1CCCCC1)C(=O)OCC1CCCCC1,tg,83.0,80.6007883284462
*CC(*)(CC(=O)OCCC1CCCCC1)C(=O)OCCC1CCCCC1,tg,48.0,56.69893457319635
*CC(*)(CC(=O)OCCCCCCCCC)C(=O)OCCCCCCCCC,tg,-13.0,30.32236563822867
*CC(*)(CC(=O)OCCCCl)C(=O)OCCCCl,tg,47.0,17.925330141658698
*CC(*)(CC(=O)OCCCl)C(=O)OCCCl,tg,43.0,37.794640557771345
*CC(*)(CC(=O)OCCOC)C(=O)OCCOC,tg,29.0,14.170533092428125
*CC(*)(CC(=O)OCCOCCOC)C(=O)OCCOCCOC,tg,-59.4,15.613662218658467
*CC(*)(CC(=O)OCCOCCOCCOCCOCCOCCOCCOC)C(=O)OCCOCCOCCOCCOCCOCCOCCOC,tg,-71.0,0.0551356441135289
*CC(*)(CC(=O)OCCc1ccccc1)C(=O)OCCc1ccccc1,tg,35.0,47.15998357626553
*CC(*)(CC(=O)OCc1ccccc1)C(=O)OCc1ccccc1,tg,55.0,36.22899109945611
*CC(*)(CC(=O)Oc1ccc(OC)cc1)C(=O)Oc1ccc(OC)cc1,tg,119.5,122.2001580215255
*CC(*)(CC(=O)Oc1ccc(OCC)cc1)C(=O)Oc1ccc(OCC)cc1,tg,110.5,86.0952695232879
*CC(*)(CC(=O)Oc1ccc(OCCC)cc1)C(=O)Oc1ccc(OCCC)cc1,tg,94.5,79.96879082398935
*CC(*)(CC(=O)Oc1ccc(OCCCCC)cc1)C(=O)Oc1ccc(OCCCCC)cc1,tg,73.5,88.53288978338341
*CC(*)(CC(=O)Oc1ccc(OCCCCCCC)cc1)C(=O)Oc1ccc(OCCCCCCC)cc1,tg,111.0,54.04416685623133
*CC(*)(CC(=O)Oc1ccccc1)C(=O)Oc1ccccc1,tg,132.0,95.21490751382669
*CC(*)(CC)C(=O)OCC,tg,27.0,50.340076381722895
*CC(*)(CCC(C)C(=O)OC)C(=O)OC,tg,34.0,37.710752532516096
*CC(*)(CCCCCCCC)C(=O)OC,tg,20.0,12.000185354770979
*CC(*)(CF)C(=O)OCC,tg,43.0,61.827644506287804
*CC(*)(Cl)C(=O)OC,tg,125.0,94.96006844832984
*CC(*)(Cl)C(=O)OCC,tg,85.31,72.26865071827477
*CC(*)(Cl)C(=O)OCCC,tg,66.0,65.96888542354718
*CC(*)(Cl)C(=O)OCCC(F)(F)C(F)(F)C(F)(F)C(F)(F)C(F)(F)C(F)(F)C(F)(F)C(F)(F)F,tg,61.0,54.493088761912205
*CC(*)(Cl)C(=O)OCCCC,tg,42.0,38.50374695682375
*CC(*)(Cl)C(=O)OCCCCCCOc1ccc(C(=O)Oc2ccc(OCCCC)cc2)cc1,tg,75.75,50.365499109589706
*CC(*)(Cl)Cl,tg,-11.96,45.47779182738757
*CC(*)(F)C(=O)OC,tg,142.0,106.2950556931929
*CC(*)(F)C(=O)OCC,tg,94.0,65.69795630897839
*CC(*)(F)C(=O)OCC(F)(F)C(F)(F)C(F)(F)F,tg,75.0,62.25147300497239
*CC(*)(F)C(=O)OCC(F)(F)C(F)(F)F,tg,99.0,85.13269868261764
*CC(*)(F)C(=O)OCC(F)(F)F,tg,117.75,78.20549096618637
*CC(*)(F)C(=O)OCCC,tg,62.0,79.46439138662598
*CC(*)(F)C(=O)OCCC(F)(F)C(F)(F)C(F)(F)C(F)(F)C(F)(F)C(F)(F)C(F)(F)C(F)(F)F,tg,87.5,58.16084548772105
*CC(*)(F)C(=O)OCCC(F)(F)C(F)(F)C(F)(F)C(F)(F)C(F)(F)C(F)(F)F,tg,53.0,52.96800052767995
*CC(*)(F)C(C)=O,tg,142.0,109.14127428102317
*CC(*)(F)C(F)(F)F,tg,46.0,66.60152366789201
*CC(*)(F)F,tg,-28.45,-4.648383801578856
*CC(*)C#N,tg,93.96,58.261082074982816
*CC(*)C(=O)N(C)C,tg,113.45,88.07066842739296
*CC(*)C(=O)N1CCCCC1,tg,108.0,106.46279236125002
*CC(*)C(=O)NC(C)(C)C,tg,135.0,109.67062921434636
*CC(*)C(=O)NC(C)(C)CC(C)=O,tg,86.0,98.64648155700613
*CC(*)C(=O)NC(C)C,tg,132.69,109.67601476407582
*CC(*)C(=O)NCCCCCC(=O)O,tg,68.0,40.96594808844692
*CC(*)C(=O)NCCC[N+](C)(C)C,tg,78.0,56.917964121034714
*CC(*)C(=O)NCCC[N+](C)(C)CCCS(=O)(=O)O,tg,141.5,57.96923819407544
*CC(*)C(=O)NCP(=O)(O)O,tg,26.0,108.25474169855615
*CC(*)C(=O)Nc1ccc(C(=O)C=Cc2ccc(Br)cc2)cc1,tg,64.0,86.50961737729777
*CC(*)C(=O)Nc1ccc(C(=O)C=Cc2cccc(Br)c2)cc1,tg,55.0,68.91553455979732
*CC(*)C(=O)Nc1ccc(Cl)cc1,tg,76.0,96.21505678944942
*CC(*)C(=O)Nc1cccc(Cl)c1,tg,70.0,70.55886112602357
*CC(*)C(=O)Nc1ccccc1,tg,160.0,108.42058164089796
*CC(*)C(=O)OC(C(F)(F)F)C(F)(F)F,tg,24.06,52.06694554880365
*CC(*)C(=O)OC(C)(C)C,tg,40.66,61.60669383164596
*CC(*)C(=O)OC(Cl)C(Cl)(Cl)Cl,tg,70.5,70.5945716577581
*CC(*)C(=O)OC(F)(F)C(F)(F)C(F)(F)C(F)(F)C(F)(F)C(F)(F)C(F)(F)C(F)(F)F,tg,9.0,8.299819167817578
*CC(*)C(=O)OC12CC3CC(C)(CC(C)(C3)C1)C2,tg,103.43,147.78251671992007
*CC(*)C(=O)OC12CC3CC(CC(C3)C1)C2,tg,153.0,142.0402743578113
*CC(*)C(=O)OC1CC2CCC1(C)C2(C)C,tg,98.6,139.05787013419666
*CC(*)C(=O)OC1CCCCC1,tg,23.69,78.74277492010724
*CC(*)C(=O)OC1CCCCCCCCCCC1,tg,37.0,35.21940675168349
*CC(*)C(=O)OCC,tg,-9.27,2.2278801577918244
*CC(*)C(=O)OCC(C)(C)C,tg,22.0,13.327008237697028
*CC(*)C(=O)OCC(C)CC,tg,-32.0,-29.335399221896317
*CC(*)C(=O)OCC(C)O,tg,-7.0,37.700240216284314
*CC(*)C(=O)OCC(CC)CCCC,tg,-62.58,-54.58188515124717
*CC(*)C(=O)OCC(COC(=O)c1ccccc1)(COC(=O)c1ccccc1)COC(=O)c1ccccc1,tg,48.0,56.18427233725491
*CC(*)C(=O)OCC(F)(F)C(F)(F)C(F)(F)C(F)(F)C(F)(F)C(F)(F)C(F)(F)F,tg,-17.0,-35.1096580173302
*CC(*)C(=O)OCC(F)(F)C(F)(F)C(F)(F)C(F)(F)C(F)(F)F,tg,-39.0,-43.226202281786
*CC(*)C(=O)OCC(F)(F)C(F)(F)C(F)(F)C(F)(F)F,tg,-37.0,-37.03831372601195
*CC(*)C(=O)OCC(F)(F)C(F)(F)C(F)(F)C(F)F,tg,-35.0,-29.6114880824034
*CC(*)C(=O)OCC(F)(F)C(F)(F)OC(F)(F)C(F)(F)C(F)(F)F,tg,-68.0,-42.89920154926237
*CC(*)C(=O)OCC(F)(F)C(F)(F)OC(F)(F)C(F)(F)F,tg,-49.0,-32.08043642422432
*CC(*)C(=O)OCCC#N,tg,4.0,-10.726699187556466
*CC(*)C(=O)OCCC(C)OC,tg,-56.0,-56.758798181839325
*CC(*)C(=O)OCCCC,tg,-31.07,-52.27326784208468
*CC(*)C(=O)OCCCCC,tg,-57.0,-41.602552567482284
*CC(*)C(=O)OCCCCCC,tg,-57.0,-65.90948653233403
*CC(*)C(=O)OCCCCCCC,tg,-60.0,-63.296680683488006
*CC(*)C(=O)OCCCCCCCC,tg,-65.0,-59.590850344408686
*CC(*)C(=O)OCCCCCCCCCCCCCCCCCC,tg,-42.5,-63.95288040065165
*CC(*)C(=O)OCCCCCCCCCCCCOC(=O)c1ccc(OC(=O)c2ccc(C#N)cc2)cc1,tg,15.0,12.906539181329444
*CC(*)C(=O)OCCCCCCCCCCCCOc1ccc(C(=O)Oc2ccc(-c3cccc(OC(=O)c4ccc(OC(=O)c5ccc(OCCCCCCCCCCCC)cc5)cc4)c3)cc2)cc1,tg,67.0,65.7241015596372
*CC(*)C(=O)OCCCCCCCCCCCOc1ccc(C(=O)Oc2ccc(-c3ccc(OC(C)CCCCCC)cc3)cc2)cc1,tg,50.0,34.23216844108638
*CC(*)C(=O)OCCCCCCCCCCCn1c2ccccc2c2ccccc21,tg,15.0,-0.6337546780883784
*CC(*)C(=O)OCCCCCCCCCCOc1cnc(-c2ccc(OC(=O)C3COC(C)(C)O3)cc2)nc1,tg,29.0,24.021358238883014
*CC(*)C(=O)OCCCCCCCCCOC(=O)c1ccc(OC(=O)c2ccc(C#N)cc2)cc1,tg,15.0,15.72952947899734
*CC(*)C(=O)OCCCCCCCCOC(=O)c1ccc(OC(=O)c2ccc(C#N)cc2)cc1,tg,15.0,24.436290679594155
*CC(*)C(=O)OCCCCCCCCn1c2ccccc2c2ccccc21,tg,12.0,38.631417493730524
*CC(*)C(=O)OCCCCCCCOC(=O)c1ccc(OC(=O)c2ccc(C#N)cc2)cc1,tg,20.0,21.411789638475756
*CC(*)C(=O)OCCCCCCOC(=O)c1ccc(OC(=O)c2ccc(C#N)cc2)cc1,tg,30.0,27.234979215875715
*CC(*)C(=O)OCCCCCCOc1ccc(C(=O)Oc2ccc(C#N)cc2)cc1,tg,19.5,38.3534760450815
*CC(*)C(=O)OCCCCCCOc1ccc(C(=O)Oc2ccc(OC)cc2)cc1,tg,24.75,30.305347212005348
*CC(*)C(=O)OCCCCCCOc1ccc(C=Nc2ccc(OCCCCC)cc2)c(O)c1,tg,36.0,34.672814327065346
*CC(*)C(=O)OCCCCCCOc1ccc(N=Nc2ccc([N+](=O)[O-])cc2)cc1,tg,35.8,55.60693163667617
*CC(*)C(=O)OCCCCCCSCC#N,tg,-59.0,-51.779700806003355
*CC(*)C(=O)OCCCCCOC(=O)c1ccc(OC(=O)c2ccc(C#N)cc2)cc1,tg,30.0,31.37728604494528
*CC(*)C(=O)OCCCCCn1c2ccccc2c2ccccc21,tg,53.0,60.69769230103512
*CC(*)C(=O)OCCCCOC(=O)c1ccc(OC(=O)c2ccc(C#N)cc2)cc1,tg,40.0,36.01128338726501
*CC(*)C(=O)OCCCCSC,tg,-70.0,-57.39398606660047
*CC(*)C(=O)OCCCCn1c2ccccc2c2ccccc21,tg,68.0,61.48463770904643
*CC(*)C(=O)OCCCOc1ccc(-c2ccc(C#N)cc2)cc1,tg,51.55,44.6143208823088
*CC(*)C(=O)OCCCOc1ccc(C(=O)OCCCC(F)(F)C(F)(F)C(F)(F)C(F)(F)C(F)(F)C(F)(F)C(F)(F)C(F)(F)F)cc1,tg,48.0,41.73966379871324
*CC(*)C(=O)OCCCSC,tg,-65.0,-65.18763369540608
*CC(*)C(=O)OCCN(C)C,tg,-39.0,-31.831067441070278
*CC(*)C(=O)OCCN(CC)c1ccc(N=Nc2ccc([N+](=O)[O-])cc2Cl)cc1,tg,87.0,100.2507229417025
*CC(*)C(=O)OCCO,tg,0.1,12.048576754361273
*CC(*)C(=O)OCCOC(=O)c1cc([N+](=O)[O-])cc([N+](=O)[O-])c1,tg,60.8,69.03295514765152
*CC(*)C(=O)OCCOC(F)(F)C(F)F,tg,-22.0,-13.681651542329028
*CC(*)C(=O)OCCOCC,tg,-50.0,-55.71130510088582
*CC(*)C(=O)OCCOCC(F)(F)F,tg,-38.0,-24.05705684004147
*CC(*)C(=O)OCCOCC1(CC)COC1,tg,-16.0,19.17751422255661
*CC(*)C(=O)OCCOCCOC(F)(F)C(F)F,tg,-40.0,-40.52276087450264
*CC(*)C(=O)OCCOc1ccc(C(=O)Oc2ccc(OC(=O)c3ccc(OCCCC)cc3)cc2)cc1,tg,45.0,56.48862111312835
*CC(*)C(=O)OCCOc1ccc(C(=O)Oc2ccc(OC(=O)c3ccc(OCCCCC)cc3)cc2)cc1,tg,46.0,44.76756219918227
*CC(*)C(=O)OCCOc1ccc(C(=O)Oc2ccc(OC)cc2)cc1,tg,70.0,55.73819890579892
*CC(*)C(=O)OCCOc1ccc(C(C)(C)c2ccc(OCCO)cc2)cc1,tg,22.0,64.46941198862947
*CC(*)C(=O)OCCSCC,tg,-71.0,-58.80212339877466
*CC(*)C(=O)OCCSCCCC#N,tg,-58.0,-48.118712575444775
*CC(*)C(=O)OCF,tg,15.0,8.202985350981672
*CC(*)C(=O)OCc1c(Br)c(Br)c(Br)c(Br)c1Br,tg,181.0,69.09884296809868
*CC(*)C(=O)Oc1c(Cl)c(Cl)c(Cl)c(Cl)c1Cl,tg,145.0,125.40302636623166
*CC(*)C(=O)Oc1cc(C)cc(C)c1,tg,54.0,56.15290703701484
*CC(*)C(=O)Oc1ccc(-c2ccccc2)cc1,tg,105.0,99.99997367780078
*CC(*)C(=O)Oc1ccc(C(=O)O)cc1,tg,113.33,81.04756061580682
*CC(*)C(=O)Oc1ccc(C(=O)OCC)cc1,tg,37.0,45.69492674902178
*CC(*)C(=O)Oc1ccc(C(=O)OCCCC)cc1,tg,13.0,18.117729541780395
*CC(*)C(=O)Oc1ccc(C(=O)OCc2ccccc2)cc1,tg,16.25,55.66737343418434
*CC(*)C(=O)Oc1ccc(C(=O)c2ccc(Cl)cc2)cc1,tg,78.0,115.44799685363625
*CC(*)C(=O)Oc1ccc(C(C)(C)C)cc1,tg,71.0,80.57081949877174
*CC(*)C(=O)Oc1ccc(C)cc1,tg,42.5,62.97758901852243
*CC(*)C(=O)Oc1ccc(Cl)cc1Cl,tg,60.0,62.441350209283385
*CC(*)C(=O)Oc1ccc(N=Nc2ccc(OC)cc2)cc1,tg,133.6,123.88697977613931
*CC(*)C(=O)Oc1ccc(N=Nc2ccc([N+](=O)[O-])cc2)cc1,tg,128.2,119.16563035594503
*CC(*)C(=O)Oc1ccc([N+](=O)[O-])cc1,tg,73.3,108.04741814304036
*CC(*)C(=O)Oc1cccc(C(=O)OCC)c1,tg,24.0,27.786724410262533
*CC(*)C(=O)Oc1cccc(C)c1,tg,24.5,47.954406862717924
*CC(*)C(=O)Oc1cccc2ccccc12,tg,85.0,85.57551679086417
*CC(*)C(=O)Oc1ccccc1,tg,101.83,53.91980743030003
*CC(*)C(=O)Oc1ccccc1C,tg,51.5,63.223729072545886
*CC(*)C(=O)Oc1ccccc1C(=O)OCC,tg,30.0,41.81210659222763
*CC(*)C(=O)Oc1ccccc1C(C)(C)C,tg,72.0,85.94502821316684
*CC(*)C(=O)[O][Na],tg,230.0,50.28827136215634
*CC(*)C(=O)c1ccc(Br)c(OC)c1,tg,44.0,93.28030270827746
*CC(*)C(=O)c1ccc(Br)cc1,tg,101.5,60.4134746390685
*CC(*)C(=O)c1ccc(C(C)C)cc1,tg,62.5,95.56193540257878
*CC(*)C(=O)c1ccc(CC)cc1,tg,49.25,93.5351099741765
*CC(*)C(=O)c1ccccc1,tg,57.25,105.09619369274412
*CC(*)C(=O)n1c2ccccc2c2ccccc21,tg,47.8,207.05328648277788
*CC(*)C(C)=O,tg,83.33,71.33606678047808
*CC(*)C(F)(F)C(F)(F)F,tg,41.0,-31.847864798924167
*CC(*)C(N)=O,tg,178.5,122.73142726056467
*CC(*)C1=NC(C)(C)C(=O)O1,tg,92.0,130.90614176793943
*CC(*)C1CCC(C)CC1,tg,132.0,143.23266102645158
*CC(*)C1CCCC(C)C1,tg,141.0,115.68515239569726
*CC(*)C1CCCC1,tg,75.0,97.52664916392418
*CC(*)C1CCCCC1,tg,117.68,93.75329599378124
*CC(*)C=C,tg,-13.22,-28.39227179301993
*CC(*)CC,tg,-22.54,-32.50165786923996
*CC(*)CC(C)C,tg,45.5,-25.7201338950513
*CC(*)CC1CCCCC1,tg,75.0,69.34745834667142
*CC(*)CCC,tg,-32.29,-31.62756145578636
*CC(*)CCCC,tg,-49.86,-29.230668530953277
*CC(*)CCCCC,tg,-45.5,-55.22673888006379
*CC(*)CCCCCC,tg,-56.48,-44.18785006691683
*CC(*)CCCCCCC,tg,-47.0,-51.406116561300465
*CC(*)CCCCCCCC,tg,-35.0,-49.11114885793738
*CC(*)CCCCCCCCCCCC,tg,10.0,-62.56787504984151
*CC(*)CCCCCCCCCCCCCC,tg,-24.0,-64.43369372677763
*CC(*)CCCCCCCCCCCCCCCCCC,tg,-88.0,-58.91052843411173
*CC(*)CCCCCCCCCI,tg,-6.0,-44.2619751978324
*CC(*)CCc1ccccc1,tg,17.5,46.17241192612014
*CC(*)CNc1ccc([N+](=O)[O-])cc1,tg,140.25,114.19346953919286
*CC(*)CNc1ccc([N+](=O)[O-])cc1[N+](=O)[O-],tg,160.0,124.90399669263684
*CC(*)Cc1ccc(C)cc1,tg,62.5,58.192044562850064
*CC(*)Cc1cccc(C)c1,tg,38.75,48.753303360430465
*CC(*)Cc1ccccc1,tg,63.33,49.58912604339917
*CC(*)N,tg,57.0,35.427187977906854
*CC(*)N1CCCC1=O,tg,143.16,109.0380984047736
*CC(*)NC=O,tg,145.67,100.88757542497918
*CC(*)O,tg,76.98,60.996124764978084
*CC(*)OC(=O)C(C)(C)C(C)(C)CC,tg,90.0,73.78896676822754
*CC(*)OC(=O)C(C)(C)C(C)C(C)C,tg,50.0,88.54520931666113
*CC(*)OC(=O)C(Cl)(Cl)Cl,tg,59.0,94.50412247910464
*CC(*)OC(=O)C(F)(F)C(F)(F)C(F)(F)C(F)(F)C(F)(F)F,tg,-9.0,35.34655864302155
*CC(*)OC(=O)C(F)(F)C(F)(F)C(F)(F)C(F)(F)F,tg,17.5,46.44760637712057
*CC(*)OC(=O)C(F)(F)C(F)(F)C(F)(F)F,tg,27.0,64.97169127013383
*CC(*)OC(=O)C(F)(F)C(F)(F)F,tg,42.0,50.83058634035462
*CC(*)OC(=O)C(F)(F)F,tg,52.4,48.86004310935809
*CC(*)OC(=O)C1(F)C(F)(F)C(F)(F)C(F)(F)C(F)(F)C1(F)F,tg,54.0,122.21587166368808
*CC(*)OC(=O)C=Cc1ccccc1,tg,127.0,73.19613775080305
*CC(*)OC(=O)CC,tg,11.27,-5.7572054959840395
*CC(*)OC(=O)CC(C)(C)c1ccccc1,tg,20.0,64.95399451303508
*CC(*)OC(=O)CCC,tg,-10.1,-17.874439598487886
*CC(*)OC(=O)CCCC(=O)c1ccc(C)cc1,tg,40.0,41.05559812609305
*CC(*)OC(=O)C[N-][N+]#N,tg,24.6,41.40870888630304
*CC(*)OC(=O)OCC(F)(F)F,tg,57.0,19.9912207856856
*CC(*)OC(=O)c1ccc(-c2ccccc2)cc1,tg,84.5,122.5116696925055
*CC(*)OC(=O)c1ccc(Br)cc1,tg,85.5,68.30613941744396
*CC(*)OC(=O)c1ccc(C(C)(C)C)cc1,tg,116.8,89.79283877005523
*CC(*)OC(=O)c1ccc(C(C)C)cc1,tg,65.65,91.78162976471982
*CC(*)OC(=O)c1ccc(C)cc1,tg,66.75,75.42799178550442
*CC(*)OC(=O)c1ccc(Cl)cc1,tg,70.25,75.52996745784162
*CC(*)OC(=O)c1ccc(OC(=O)CC)cc1,tg,71.5,57.58844933034174
*CC(*)OC(=O)c1ccc(OC(=O)CCC)cc1,tg,61.0,48.00426110726459
*CC(*)OC(=O)c1ccc(OC(C)=O)cc1,tg,76.0,92.18842264279944
*CC(*)OC(=O)c1ccc([N+](=O)[O-])cc1,tg,122.0,99.51165324538621
*CC(*)OC(=O)c1ccc([Si](C)(C)C)cc1,tg,125.25,71.00440995952705
*CC(*)OC(=O)c1cccc(Br)c1,tg,57.5,65.03069088826643
*CC(*)OC(=O)c1cccc(C)c1,tg,49.0,53.67830427647172
*CC(*)OC(=O)c1cccc(Cl)c1,tg,61.75,52.925623393632655
*CC(*)OC(=O)c1cccc([N+](=O)[O-])c1,tg,93.0,102.56945178462468
*CC(*)OC(=O)c1ccccc1,tg,70.29,88.13650434421486
*CC(*)OC(=O)c1ccncc1,tg,98.5,65.91691561676154
*CC(*)OC(C)=O,tg,34.27,20.127377500212436
*CC(*)OC(C)C,tg,-7.5,-7.009482003898499
*CC(*)OC(F)(C(F)(F)F)C(F)(F)F,tg,60.0,7.413168016058817
*CC(*)OCC,tg,-37.29,-40.361981204967776
*CC(*)OCC(C)(C)CC,tg,9.0,-19.679846410115264
*CC(*)OCC(CC)CCCC,tg,-66.0,-61.53512326915512
*CC(*)OCCCCC,tg,-66.0,-59.05276791053001
*CC(*)OCCCCCCCC,tg,-79.75,-61.32132774317037
*CC(*)OCCCCCCCCCCCOc1ccc(C(=O)Oc2ccc(C#N)cc2)cc1,tg,37.0,33.08365746666843
*CC(*)OCCOCCOCCOC,tg,-71.3,-77.69099362204868
*CC(*)OCCOc1ccc(C=C(C#N)C#N)cc1,tg,38.0,61.1254850467388
*CC(*)OCCOc1ccc(C=C(C#N)C(=O)OC)cc1,tg,47.0,35.92775076718461
*CC(*)OCCOc1ccc(N=Nc2ccc([N+](=O)[O-])cc2)cc1,tg,54.0,67.74041081348022
*CC(*)O[N+](=O)[O-],tg,34.5,61.98339596614325
*CC(*)P(=O)(Oc1ccccc1)N(C)C,tg,27.0,65.52567539915927
*CC(*)P(=O)(c1ccccc1)c1ccccc1,tg,127.5,90.9700578718811
*CC(*)SCCCC,tg,-20.0,-52.12057404194372
*CC(*)[Si](C)(C)C,tg,147.0,-25.858517635273692
*CC(*)c1c(C)cc(C)cc1C,tg,126.0,155.93467935374468
*CC(*)c1c(Cl)cccc1Cl,tg,165.0,116.5570447609617
*CC(*)c1c(F)c(F)c(C(F)(F)F)c(F)c1F,tg,112.0,112.46768979380148
*CC(*)c1c(F)c(F)c(F)c(F)c1F,tg,102.15,119.56870748637043
*CC(*)c1c(F)c(F)c(OC)c(F)c1F,tg,94.0,117.60460702597858
*CC(*)c1c(F)c(F)c(OCC(F)(F)C(F)(F)C(F)(F)C(F)(F)C(F)(F)C(F)(F)C(F)(F)F)c(F)c1F,tg,21.0,66.43649853135595
*CC(*)c1c([2H])c([2H])c([2H])c([2H])c1[2H],tg,100.0,99.43290083948617
*CC(*)c1cc(-c2ccc(C(=O)OC(C)CC)cc2)ccc1-c1ccc(C(=O)OC(C)CC)cc1,tg,212.5,123.96362711791265
*CC(*)c1cc(-c2ccc(C(=O)OC(C)CCCCCC)cc2)ccc1-c1ccc(C(=O)OC(C)CCCCCC)cc1,tg,102.0,94.59683988692592
*CC(*)c1cc(Br)ccc1OC,tg,86.0,96.92009861462917
*CC(*)c1cc(Br)ccc1OCCC,tg,54.0,86.89363472644439
*CC(*)c1cc(Br)ccc1OCCCCC,tg,49.0,46.47332148662264
*CC(*)c1cc(C(=O)OC)ccc1-c1ccc(OCCCCCCCC)cc1,tg,126.0,43.41510502692306
*CC(*)c1cc(C(=O)OCC)ccc1-c1ccc(OCCCCCCCC)cc1,tg,95.0,59.06263171438382
*CC(*)c1cc(C(=O)OCCCC)ccc1-c1ccc(OCCCCCCCC)cc1,tg,76.0,59.928438682236596
*CC(*)c1cc(C(=O)OCCCCCC)ccc1-c1ccc(OCCCCCCCC)cc1,tg,64.0,60.66320387583686
*CC(*)c1cc(C(=O)OCCCCCCCCCC)ccc1-c1ccc(OCCCCCCCC)cc1,tg,44.0,50.640045990917045
*CC(*)c1cc(C(=O)OCCCCCCCCCCCC)ccc1-c1ccc(OCCCCCCCC)cc1,tg,42.0,48.4797944305918
*CC(*)c1cc(C(=O)Oc2ccc(OC)cc2)ccc1C(=O)Oc1ccc(OC)cc1,tg,109.67,131.50643431597868
*CC(*)c1cc(C(=O)Oc2ccc(OCC)cc2)ccc1C(=O)Oc1ccc(OCC)cc1,tg,112.0,111.74951961228567
*CC(*)c1cc(C(=O)Oc2ccc(OCCCC)cc2)ccc1C(=O)Oc1ccc(OCCCC)cc1,tg,104.36,97.66811363895003
*CC(*)c1cc(C(=O)Oc2ccc(OCCCCCCCC)cc2)ccc1C(=O)Oc1ccc(OCCCCCCCC)cc1,tg,105.0,100.68465472900141
*CC(*)c1cc(C(=O)Oc2ccc(OCCCCCCCCCC)cc2)ccc1C(=O)Oc1ccc(OCCCCCCCCCC)cc1,tg,109.0,99.96246886529005
*CC(*)c1cc(C(=O)Oc2ccc(OCCCCCCCCCCCC)cc2)ccc1C(=O)Oc1ccc(OCCCCCCCCCCCC)cc1,tg,108.0,92.47702581929488
*CC(*)c1cc(C(F)(F)F)cc(C(F)(F)F)c1,tg,116.0,102.38229247283562
*CC(*)c1cc(C)c(C)cc1C,tg,104.0,149.80178931316027
*CC(*)c1cc(C)ccc1C,tg,143.0,100.20781037819279
*CC(*)c1cc(Cl)ccc1Cl,tg,108.0,141.24205352184583
*CC(*)c1cc(OC)c(O)c(OC)c1,tg,147.0,131.08141256164993
*CC(*)c1ccc(-c2c3ccccc3cc3ccccc23)cc1,tg,270.0,272.7746927213795
*CC(*)c1ccc(-c2ccc3c(c2)C(CCCCCC)(CCCCCC)c2cc(-c4ccc5c(c4)C(CCCCCC)(CCCCCC)c4ccccc4-5)ccc2-3)cc1,tg,78.33,137.65545269095722
*CC(*)c1ccc(-c2ccc3c(c2)C(CCCCCC)(CCCCCC)c2ccccc2-3)cc1,tg,76.55,93.18457894667381
*CC(*)c1ccc(B(O[Si](C)(C)C)O[Si](C)(C)C)cc1,tg,84.0,74.18039397011988
*CC(*)c1ccc(B(Oc2ccc(-c3c(F)c(F)c(F)c(F)c3F)c3cccnc23)c2ccc(C(C)(C)C)cc2)cc1,tg,245.0,208.1690351403439
*CC(*)c1ccc(B(Oc2ccc(-c3ccc(N(C)C)cc3)c3cccnc23)c2ccc(C(C)(C)C)cc2)cc1,tg,230.0,232.599604441237
*CC(*)c1ccc(B(Oc2ccc(Cl)c3cccnc23)c2ccc(C(C)(C)C)cc2)cc1,tg,238.0,204.00952834875457
*CC(*)c1ccc(B(Oc2cccc3cccnc23)c2ccc(C(C)(C)C)cc2)cc1,tg,240.0,214.45651068056765
*CC(*)c1ccc(C#N)cc1,tg,180.0,145.60164763428915
*CC(*)c1ccc(C(=O)CCC)cc1,tg,74.0,82.00798981461305
*CC(*)c1ccc(C(=O)CCCCC)cc1,tg,66.0,36.9565342705163
*CC(*)c1ccc(C(=O)CCN2CCCCC2)cc1,tg,38.0,50.3569780694574
*CC(*)c1ccc(C(=O)CCN2CCOCC2)cc1,tg,41.0,71.3271799608795
*CC(*)c1ccc(C(=O)Cc2ccccc2)cc1,tg,78.0,97.00734745086747
*CC(*)c1ccc(C(=O)N(CC)CC)cc1,tg,102.0,113.12417360796509
*CC(*)c1ccc(C(=O)N2CCCCC2)cc1,tg,114.0,135.84523877426545
*CC(*)c1ccc(C(=O)N2CCOCC2)cc1,tg,127.0,139.39414992094308
*CC(*)c1ccc(C(=O)OCC)cc1,tg,94.0,93.95396789182509
*CC(*)c1ccc(C(=O)OCCC)cc1,tg,92.0,71.30328977710458
*CC(*)c1ccc(C(=O)OCCCC)cc1,tg,76.0,62.59934286759277
*CC(*)c1ccc(C(=O)OCCN(CC)CC)cc1,tg,74.0,38.03552446557245
*CC(*)c1ccc(C(C)(C)O)cc1,tg,165.0,173.0212870609987
*CC(*)c1ccc(C(C)(O)CC)cc1,tg,186.0,136.85519551409038
*CC(*)c1ccc(C(C)(O)CCC)cc1,tg,130.0,124.0920426797181
*CC(*)c1ccc(C(C)(O)CCCC)cc1,tg,82.5,110.44270163638564
*CC(*)c1ccc(C(C)=NO)cc1,tg,134.0,144.22236796243683
*CC(*)c1ccc(C(C)=O)cc1,tg,115.5,123.11150033307315
*CC(*)c1ccc(C(C)C)cc1,tg,62.4,94.21685827338776
*CC(*)c1ccc(C(Cc2ccccc2)=NO)cc1,tg,111.0,108.06494045571947
*CC(*)c1ccc(C(F)(F)C(F)(F)C(F)(F)C(F)(F)C(F)(F)C(F)(F)C(F)(F)F)cc1,tg,42.0,78.27194960269803
*CC(*)c1ccc(C(O)C(F)(F)F)cc1,tg,110.0,122.398921030703
*CC(*)c1ccc(C(O)CCN(C)C)cc1,tg,43.0,86.75897954052941
*CC(*)c1ccc(C(O)CCN2CCOCC2)cc1,tg,50.0,45.80907729958909
*CC(*)c1ccc(C([Si](C)(C)C)[Si](C)(C)C)cc1,tg,156.0,118.26345900541673
*CC(*)c1ccc(C)cc1C,tg,98.83,136.9189240802695
*CC(*)c1ccc(CCC(F)(F)C(F)(F)C(F)(F)C(F)(F)F)cc1,tg,23.0,53.16493129538097
*CC(*)c1ccc(CCC)cc1,tg,46.75,36.71156665933539
*CC(*)c1ccc(CCCCCC)cc1,tg,-27.0,3.2644055017149527
*CC(*)c1ccc(CCCCCCCC)cc1,tg,-45.0,-41.69813272620472
*CC(*)c1ccc(CCCCCCCCCCCC)cc1,tg,-52.0,-26.525379815368236
*CC(*)c1ccc(CCCCCCCCCCCCCCCC)cc1,tg,4.5,-36.06008766990837
*CC(*)c1ccc(COC(C)CC)cc1,tg,40.0,39.19108865573821
*CC(*)c1ccc(COC)cc1,tg,77.0,56.45222376939299
*CC(*)c1ccc(COCCC(F)(F)C(F)(F)C(F)(F)C(F)(F)C(F)(F)C(F)(F)C(F)(F)C(F)(F)F)cc1,tg,53.33,16.405555316711965
*CC(*)c1ccc(COCCC(F)(F)C(F)(F)C(F)(F)C(F)(F)C(F)(F)C(F)(F)F)cc1,tg,18.0,25.389392603769746
*CC(*)c1ccc(COCCC(F)(F)C(F)(F)C(F)(F)C(F)(F)F)cc1,tg,13.0,18.37800424636605
*CC(*)c1ccc(COCCC)cc1,tg,22.0,42.94100774498203
*CC(*)c1ccc(COCCCCCC)cc1,tg,-20.0,-6.75897840378355
*CC(*)c1ccc(COCCCCO)cc1,tg,20.0,17.611769858480315
*CC(*)c1ccc(COCCO)cc1,tg,46.0,50.438578359469794
*CC(*)c1ccc(COCCOCC)cc1,tg,0.0,14.641427940992768
*CC(*)c1ccc(COCCOCCCCCCCC)cc1,tg,-42.0,-19.944740780404548
*CC(*)c1ccc(COc2ccc(-c3ccc(-c4ccc(-c5ccc(CCCCCC)s5)s4)c4nsnc34)cc2)cc1,tg,122.0,112.6771161321213
*CC(*)c1ccc(COc2ccc(-c3ccc(-c4ccc(C)s4)c4nsnc34)cc2)cc1,tg,128.33,190.73248862192847
*CC(*)c1ccc(C[Si](C)(C)C)cc1,tg,82.0,58.427808973049885
*CC(*)c1ccc(Cl)c(Cl)c1,tg,128.0,132.19613561720058
*CC(*)c1ccc(Cl)c(F)c1,tg,122.0,105.75209984631503
*CC(*)c1ccc(Cl)cc1,tg,119.38,100.37212326311774
*CC(*)c1ccc(Cn2c3ccccc3c3ccccc32)cc1,tg,166.0,162.16636014975234
*CC(*)c1ccc(F)cc1,tg,98.23,109.62730131350345
*CC(*)c1ccc(I)cc1,tg,155.0,97.64098364562703
*CC(*)c1ccc(N(c2ccccc2)c2ccccc2)cc1,tg,123.5,141.62003084205486
*CC(*)c1ccc(O)cc1,tg,161.43,147.6151838336376
*CC(*)c1ccc(OC(C)=O)cc1,tg,114.44,86.0447326850351
*CC(*)c1ccc(OC)cc1,tg,101.33,93.82365660480691
*CC(*)c1ccc(OCC)cc1,tg,86.0,72.34917769016891
*CC(*)c1ccc(OCCC(C)C)cc1,tg,57.0,69.52685440216298
*CC(*)c1ccc(OCCC)cc1,tg,70.0,61.70635392307849
*CC(*)c1ccc(OCCCC)cc1,tg,52.0,42.251084070990835
*CC(*)c1ccc(OCCOCCOC(C)=O)cc1,tg,-3.0,13.322059005222119
*CC(*)c1ccc(OP2(OCCOCCOCCOC)=NP(OCCOCCOCCOC)(OCCOCCOCCOC)=NP(OCCOCCOCCOC)(OCCOCCOCCOC)=N2)cc1,tg,-66.5,-3.42547557204937
*CC(*)c1ccc(Oc2ccccc2)cc1,tg,85.0,111.32760965592676
*CC(*)c1ccc(S(=O)(=O)[N]([Li])S(=O)(=O)C(F)(F)F)cc1,tg,152.0,116.35705391103453
*CC(*)c1ccc([CH]([Sn]([CH3])([CH3])[CH3])[Sn]([CH3])([CH3])[CH3])cc1,tg,140.0,115.00289095830637
*CC(*)c1ccc([SiH](C)C)cc1,tg,105.0,78.7035812422898
*CC(*)c1ccc([Si](C)(C)C)cc1,tg,136.0,91.73063962828198
*CC(*)c1ccc([Si](O[Si](C)(C)C)(O[Si](C)(C)C)O[Si](C)(C)C)cc1,tg,114.0,8.915985491829701
*CC(*)c1cccc(B(O[Si](C)(C)C)O[Si](C)(C)C)c1,tg,35.0,76.19111731492487
*CC(*)c1cccc(Br)c1,tg,102.0,122.24692354016152
*CC(*)c1cccc(C)c1,tg,74.83,90.29935890036644
*CC(*)c1cccc(C)n1,tg,92.0,82.44258568310453
*CC(*)c1cccc(F)c1,tg,86.0,89.00377254577002
*CC(*)c1cccc(N(c2ccc(C)cc2)c2ccc(C)cc2)c1,tg,126.5,179.8209567904837
*CC(*)c1cccc(NC(C)=O)c1,tg,163.0,128.12789118127614
*CC(*)c1cccc(OC(C)=O)c1,tg,76.0,103.982010538309
*CC(*)c1cccc2ccccc12,tg,159.0,167.66852309379357
*CC(*)c1ccccc1,tg,92.74,62.43580629199227
*CC(*)c1ccccc1Br,tg,148.5,116.6888823125595
*CC(*)c1ccccc1C(=O)N(C)C,tg,190.0,135.71717901680032
*CC(*)c1ccccc1C(=O)NC,tg,189.0,171.5990221608441
*CC(*)c1ccccc1C(=O)Nc1ccccc1,tg,191.0,158.75789850238527
*CC(*)c1ccccc1C(=O)OC,tg,130.0,120.61071309336351
*CC(*)c1ccccc1C(=O)OC(C)C,tg,146.0,127.13916938864273
*CC(*)c1ccccc1C(=O)OCC,tg,118.0,114.42822819594682
*CC(*)c1ccccc1C(=O)OCC(C)C,tg,127.0,98.64544932991258
*CC(*)c1ccccc1C(=O)OCCCC,tg,66.0,102.01191767781361
*CC(*)c1ccccc1C(=O)OCCCCC,tg,92.0,56.15055159848187
*CC(*)c1ccccc1C(=O)OCCN(C)C,tg,69.0,83.11919066869986
*CC(*)c1ccccc1COC,tg,89.0,93.52511695773708
*CC(*)c1ccccc1COCC,tg,74.0,87.10496987991453
*CC(*)c1ccccc1COCCC,tg,97.0,56.22541866050518
*CC(*)c1ccccc1COCCCC,tg,67.0,66.27441890209153
*CC(*)c1ccccc1COCCCCC,tg,47.0,51.70455033210803
*CC(*)c1ccccc1COCCc1ccccc1,tg,63.0,66.30185007067685
*CC(*)c1ccccc1COCc1ccccc1,tg,72.0,86.66585252029215
*CC(*)c1ccccc1Cl,tg,112.63,133.51849556399645
*CC(*)c1ccccc1O,tg,172.0,140.38592007774855
*CC(*)c1ccccn1,tg,101.64,81.13286858813403
*CC(*)c1cccs1,tg,71.0,47.30550389239424
*CC(*)c1nc(C)nc(C)n1,tg,70.0,93.84911956138613
*CC(*)c1nnn[nH]1,tg,72.0,92.57445018748908
*CC(=C)COCC(=C)COC(=O)O*,tg,70.5,-3.049036902014759
*CC(=O)C(*)c1ccc(C(C)(C)C)cc1,tg,158.0,134.08987745869317
*CC(=O)NCCCCCCNC(=O)CCc1ccc(O*)cc1,tg,72.0,67.33272139630702
*CC(=O)NCCCCCCNC(=O)CO*,tg,10.0,28.541548466289097
*CC(=O)NCCCCCCNC(=O)COC(=O)CCCCCCCCC(=O)O*,tg,2.0,4.902612545853227
*CC(=O)NCCCCCCNC(=O)COC(=O)CCCCCCCCCCC(=O)O*,tg,0.9,7.289627307984096
*CC(=O)NCCCCCCNC(=O)COc1ccc(O*)cc1,tg,67.0,65.86865630584845
*CC(=O)NCCCCCCNC(=O)CS*,tg,-7.0,32.06984860163347
*CC(=O)NCCCCCCNC(=O)Cc1ccc(O*)cc1,tg,69.5,68.9468081174805
*CC(=O)Nc1ccc(Cc2ccc(NC(=O)CN3C(=O)c4ccc(C(=O)c5ccc6c(c5)C(=O)N(*)C6=O)cc4C3=O)cc2)cc1,tg,233.0,221.52575758445496
*CC(=O)Nc1ccc(Cc2ccc(NC(=O)COc3ccc4ccccc4c3Sc3c(O*)ccc4ccccc34)cc2)cc1,tg,241.0,242.3029367228429
*CC(=O)Nc1ccc(NC(=O)COc2ccc3ccccc3c2Sc2c(O*)ccc3ccccc23)cc1,tg,268.0,236.92102414288237
*CC(=O)Nc1ccc(Oc2c(F)c(F)c(Oc3ccc(NC(=O)c4ccc5c(c4)C(=O)N(*)C5=O)cc3)c(F)c2F)cc1,tg,254.0,234.37619738718888
*CC(=O)Nc1ccc(Oc2ccc(-c3ccc(Oc4ccc(NC(=O)CN5C(=O)c6ccc(C(c7ccc8c(c7)C(=O)N(*)C8=O)(C(F)(F)F)C(F)(F)F)cc6C5=O)cc4)cc3)cc2)cc1,tg,245.0,240.13152443967684
*CC(=O)Nc1ccc(Oc2ccc(NC(=O)CN3C(=O)c4ccc(C(=O)c5ccc6c(c5)C(=O)N(*)C6=O)cc4C3=O)cc2)cc1,tg,235.0,235.4280346126844
*CC(=O)Nc1ccc(Oc2ccc(Oc3ccc(NC(=O)CN4C(=O)c5ccc(C(=O)c6ccc7c(c6)C(=O)N(*)C7=O)cc5C4=O)cc3)cc2)cc1,tg,230.0,228.65687577432882
*CC(=O)Nc1ccc(Oc2ccc(Oc3ccc(NC(=O)CN4C(=O)c5ccc(C(c6ccc7c(c6)C(=O)N(*)C7=O)(C(F)(F)F)C(F)(F)F)cc5C4=O)cc3)cc2)cc1,tg,242.0,235.79780277690972
*CC(=O)Nc1ccc(Oc2ccc(S(=O)(=O)c3ccc(Oc4ccc(NC(=O)CN5C(=O)c6ccc(C(c7ccc8c(c7)C(=O)N(*)C8=O)(C(F)(F)F)C(F)(F)F)cc6C5=O)cc4)cc3)cc2)cc1,tg,241.0,240.93794299007416
*CC(=O)Nc1ccc(Oc2cccc(NC(=O)CN3C(=O)c4ccc(C(=O)c5ccc6c(c5)C(=O)N(*)C6=O)cc4C3=O)c2)cc1,tg,226.0,210.3945516009432
*CC(=O)Nc1ccc(Oc2cccc(Oc3ccc(NC(=O)CN4C(=O)c5ccc(C(c6ccc7c(c6)C(=O)N(*)C7=O)(C(F)(F)F)C(F)(F)F)cc5C4=O)cc3)c2)cc1,tg,221.0,227.88469123235402
*CC(=O)Nc1ccc(S(=O)(=O)c2ccc(NC(=O)c3ccc4c(c3)C(=O)N(*)C4=O)cc2)cc1,tg,232.0,208.25559677202693
*CC(=O)Nc1cccc2c(NC(=O)COc3ccc4ccccc4c3Sc3c(O*)ccc4ccccc34)cccc12,tg,264.0,234.61111034482002
*CC(=O)O*,tg,55.86,59.330083956873146
*CC(C#N)C(CCC(C)(O)C=C)C(*)(C)C,tg,50.0,74.7840420362868
*CC(C)(C)C(=O)O*,tg,-6.17,103.29260413188779
*CC(C)(C)C1C(=O)N(C)C(=O)C1*,tg,156.5,151.71703981794596
*CC(C)(C)C1C(=O)N(CCCC)C(=O)C1*,tg,80.0,136.4863411146954
*CC(C)(C)C1C(=O)N(c2c(C)cccc2C)C(=O)C1*,tg,237.0,219.0407160298233
*CC(C)(C)C1C(=O)N(c2c(CC)cccc2CC)C(=O)C1*,tg,210.0,212.89145364116825
*CC(C)(C)C1C(=O)N(c2ccccc2C)C(=O)C1*,tg,207.0,227.8002889837793
*CC(C)(C)CO*,tg,-50.0,-20.715275095112876
*CC(C)(C)COC(=O)C1CCC(C(=O)O*)CC1,tg,30.0,24.32162322181947
*CC(C)(C)COC(=O)CCC(=O)O*,tg,-18.0,-0.37970286848357465
*CC(C)(C)COC(=O)NC(=O)c1ccc(C(=O)NC(=O)O*)cc1,tg,102.0,106.71559780592105
*CC(C)(C)COC(=O)NC(=O)c1cccc(C(=O)NC(=O)O*)c1,tg,66.0,102.96528768094858
*CC(C)(C)COC(=O)Nc1ccc(C)c(NC(=O)O*)c1,tg,-32.0,84.49423247935995
*CC(C)(C)COC(=O)Nc1ccc(Cc2ccc(NC(=O)O*)cc2)cc1,tg,94.0,62.77499075066708
*CC(C)(C)COC(=O)c1ccc(-c2ccc(-c3ccc(C(=O)O*)cc3)cc2)cc1,tg,100.0,57.88764641058996
*CC(C)(C)COC(=O)c1ccc(C=Cc2ccc(C(=O)O*)cc2)cc1,tg,80.0,60.86357024225792
*CC(C)(C)CS(=O)(=O)CC(C)(C)COC(=O)Nc1ccc(Cc2ccc(NC(=O)O*)cc2)cc1,tg,90.0,73.08674269578634
*CC(C)(C)CS(=O)(=O)CC(C)(C)COC(=O)O*,tg,50.0,74.05686514115472
*CC(C)(C)CS(=O)(=O)CC(C)(C)COC(=O)c1ccc(C(=O)O*)cc1,tg,105.0,47.364114274432936
*CC(C)(C)CS*,tg,-51.03,-4.2900937072333925
*CC(C)(C)O*,tg,92.0,60.43691777313133
*CC(C)(C)S*,tg,-14.0,-7.245323952210095
*CC(C)(CC)C(=O)O*,tg,-7.4,59.731065391036516
*CC(C)(CC)CO*,tg,-47.0,3.1757366239364955
*CC(C)(CCC)COC(=O)c1ccc(-c2ccc(C(=O)O*)cc2)cc1,tg,95.0,63.04093637957476
*CC(C)(CO)CO*,tg,62.0,41.5375673292812
*CC(C)(CO*)COCC(F)(F)C(F)(F)C(F)(F)F,tg,-45.0,-9.048988287711527
*CC(C)(CO*)COCC(F)(F)F,tg,-41.0,-13.519527068226848
*CC(C)(CO*)COCCC#N,tg,-52.0,-15.421832648025276
*CC(C)(CO*)COCCCCCCCCCCOc1ccc(-c2ccc(C#N)cc2)cc1,tg,7.0,25.653990084231022
*CC(C)(CO*)COCCOCCOCCOC,tg,-18.0,-74.30362297543974
*CC(C)(COC(=O)NCCCCCCNC(=O)O*)C(=O)O,tg,-26.0,41.18816271506679
*CC(C)(N=C=O)C1C(=O)OC(=O)C1*,tg,100.0,152.8825350002678
*CC(C)=CC(C)S(*)(=O)=O,tg,83.0,71.78613617308702
*CC(C)C(*)(C)C,tg,37.0,100.2278469698636
*CC(C)C(=O)O*,tg,-26.33,34.65217570677427
*CC(C)C(C)COC(=O)c1ccc(C(=O)O*)cc1,tg,37.5,39.98919068862287
*CC(C)C=C(*)C,tg,2.08,66.11209231998362
*CC(C)CCC(C)CNC(=O)c1cc(C(=O)N*)cc(C(C)(C)C)c1,tg,149.0,141.57600948688687
*CC(C)CNC(=O)O*,tg,40.0,50.12450020028523
*CC(C)CO*,tg,-55.0,-55.08562911030584
*CC(C)COC(=O)c1ccc(C(=O)O*)cc1,tg,55.0,54.283859828700784
*CC(C)O*,tg,-58.58,-14.401945799410303
*CC(C)S*,tg,-45.29,-24.645355649460168
*CC(CBr)O*,tg,-14.0,-2.5814619198953297
*CC(CC(*)(C#N)C#N)c1ccc(CCl)cc1,tg,150.0,92.7055108142745
*CC(CC(C)C)S(*)(=O)=O,tg,23.0,48.93217153103328
*CC(CC(Cl)(Cl)Cl)O*,tg,-36.0,-19.130502009842925
*CC(CC)(CC)C(=O)O*,tg,60.0,29.772566965147934
*CC(CC)(CC)COC(=O)c1ccc(-c2ccc(-c3ccc(C(=O)O*)cc3)cc2)cc1,tg,-20.0,95.91569704878427
*CC(CC)(CCl)CO*,tg,20.0,-23.189929962364698
*CC(CC)(CO*)COC(=O)C(=C)C,tg,72.5,22.393917731148488
*CC(CC)N(*)C(=O)CCCC,tg,50.67,18.720245858714954
*CC(CC)O*,tg,-72.01,-43.93321202169577
*CC(CC)S(*)(=O)=O,tg,32.73,23.84463782731137
*CC(CC)S*,tg,-50.0,-11.796450219780063
*CC(CCC)C(CCC)COC(=O)c1ccc(C(=O)O*)cc1,tg,19.67,22.70309501471254
*CC(CCCC)C(CCCC)COC(=O)c1ccc(C(=O)O*)cc1,tg,16.0,7.757010029238325
*CC(CCCCCC)C(CCCCCC)COC(=O)c1ccc(C(=O)O*)cc1,tg,-15.5,-6.113629785278169
*CC(CCCCCC)O*,tg,-71.67,-63.44378691373668
*CC(CCCCCCCC)COC(=O)NC(=O)c1cccc(C(=O)NC(=O)O*)c1,tg,65.0,93.77272474195632
*CC(CCCCCCCCCC)C(CCCCCCCCCC)COC(=O)c1ccc(C(=O)O*)cc1,tg,-38.0,-10.449220648762514
*CC(CCCCCCCCCC)O*,tg,-41.0,-61.604001739293025
*CC(CCCCCCCCCCCC)COC(=O)NC(=O)c1ccc(C(=O)NC(=O)O*)cc1,tg,75.0,109.12157781038688
*CC(CCCCCCCCCCCC)COC(=O)NC(=O)c1cccc(C(=O)NC(=O)O*)c1,tg,112.0,66.17337483219839
*CC(CCCCCCOc1ccc(N=Nc2ccc(C#N)cc2)cc1)COC(=O)CCCCCCCCCCCCC(=O)O*,tg,21.5,14.211082191108837
*CC(CCCCCCOc1ccc(N=Nc2ccc(C(F)(F)F)cc2)cc1)COC(=O)CCCCC(=O)O*,tg,44.0,24.093504211193274
*CC(CCCCCCOc1ccc(N=Nc2ccc(C)cc2)cc1)COC(=O)CCCCC(=O)O*,tg,29.0,22.686658474041494
*CC(CCCCCCOc1ccc(N=Nc2ccc(Cl)cc2)cc1)COC(=O)CCCCC(=O)O*,tg,9.0,23.27152995688474
*CC(CCCCCCOc1ccc(N=Nc2ccc(OC)cc2)cc1)COC(=O)CCCCC(=O)O*,tg,22.0,30.697112885181035
*CC(CCl)O*,tg,-21.5,-23.993573036425303
*CC(CN1C(=O)C2C3C=CC(C3)C2C1=O)O*,tg,87.5,104.70148083777035
*CC(CO)(CCl)COc1ccc(C(c2ccc(O*)cc2)(C(F)(F)F)C(F)(F)F)cc1,tg,107.0,115.44222958178528
*CC(CO*)(CS(=O)(=O)C(C)C)CS(=O)(=O)C(C)C,tg,91.0,75.7958142177766
*CC(CO*)(CS(=O)(=O)CCC)CS(=O)(=O)CCC,tg,71.0,74.59632886424299
*CC(CO*)(CS(=O)(=O)CCCCC)CS(=O)(=O)CCCCC,tg,56.0,44.28206727593986
*CC(CO*)(CS(C)(=O)=O)CS(C)(=O)=O,tg,102.0,64.31148304603465
*CC(CO*)(CSC)CSC,tg,-6.0,-26.64913999747245
*CC(CO*)(CSCC)CSCC,tg,-32.0,-19.888426533593968
*CC(CO*)(CSCCCCC)CSCCCCC,tg,-33.0,-33.74907104266766
*CC(CO*)C(C)(C)C,tg,-4.0,-16.981978509636743
*CC(COC(=O)CCCCCCCCCCN1C(=O)C2C3C=CC(C3)C2C1=O)O*,tg,-31.0,17.762560935710983
*CC(COC(=O)CCCCCN1C(=O)C2C3C=CC(C3)C2C1=O)O*,tg,1.0,23.160924771886762
*CC(COC(=O)O*)OCCCCCCOc1ccc(C=Cc2ccc([N+](=O)[O-])cc2)cc1,tg,32.0,27.439588098662576
*CC(COC(=O)O*)OCCCCOc1ccc(C=Cc2ccc([N+](=O)[O-])cc2)cc1,tg,42.0,45.11726160330817
*CC(COC(C)(C)C)O*,tg,-24.0,-41.502565901209756
*CC(COC(C)C)O*,tg,-67.0,-54.408018289030394
*CC(COC(C)OCC)O*,tg,-67.0,-49.27905568965404
*CC(COC(F)(C(F)(F)F)C(F)(F)F)O*,tg,-43.0,-29.90217957051717
*CC(COCC)O*,tg,-61.0,-64.39814794996508
*CC(COCC=C)O*,tg,-74.0,-72.19652517790195
*CC(COCC=C)S*,tg,-59.0,-60.889707333856
*CC(COCCCC)O*,tg,-79.0,-78.29758483346455
*CC(COCCCCCC)O*,tg,-85.5,-80.7680034145632
*CC(COCOCC(C)([N+](=O)[O-])[N+](=O)[O-])O*,tg,-17.5,31.082564015223735
*CC(COc1c(Cl)cc(C(C)(C)c2cc(Cl)c(O*)c(Cl)c2)cc1Cl)OC(C)=O,tg,100.0,115.38260032514852
*CC(COc1ccc(-c2ccc(C#N)cc2)cc1)O*,tg,94.15,111.21935700852387
*CC(COc1ccc(C(C)(C)c2ccc(O*)cc2)cc1)OC(=O)C=Cc1ccccc1,tg,100.6,97.51539672928268
*CC(COc1ccc(C(C)(C)c2ccc(O*)cc2)cc1)OC(=O)C=Cc1ccco1,tg,107.2,105.39856255415059
*CC(COc1ccc(C(C)(C)c2ccc(O*)cc2)cc1)OC(=O)CC,tg,60.0,57.9372174117198
*CC(COc1ccc(C(C)(C)c2ccc(O*)cc2)cc1)OC(=O)c1ccccc1Cl,tg,66.0,108.82269681425096
*CC(COc1ccc(C(C)(C)c2ccc(O*)cc2)cc1)OC(C)=O,tg,60.0,81.03940344712646
*CC(COc1ccc(C(C)(c2ccccc2)c2ccc(O*)cc2)cc1)OC(=O)c1ccccc1,tg,126.0,100.74787794972319
*CC(COc1ccc(C2CCCC(CC)(c3ccc(O*)cc3)C2)cc1)OC(C)=O,tg,107.0,97.59023552596302
*CC(COc1ccc(O*)cc1)OC(C)=O,tg,54.5,37.51644436318925
*CC(COc1ccc(S(=O)(=O)c2ccc(O*)cc2)cc1)OC(C)=O,tg,130.0,79.07835625247428
*CC(CS(=O)(=O)CC)O*,tg,57.0,47.4276208291191
*CC(CS(=O)(=O)CCC)O*,tg,43.0,24.0955107113953
*CC(CS(=O)(=O)CCCCC)O*,tg,38.5,22.378084647857467
*CC(CS(C)(=O)=O)O*,tg,59.4,61.879267864511974
*CC(CSC(C)C)O*,tg,-44.0,-60.98580545182613
*CC(CSCC)O*,tg,-57.0,-62.730025744682074
*CC(CSCCCC)O*,tg,-65.0,-70.73793334344253
*CC(CSCCCCC)O*,tg,-68.0,-73.77471745467126
*CC(C[N-][N+]#N)O*,tg,-44.57,1.6828223052140696
*CC(C[Si](*)(C)C)c1ccccc1,tg,5.67,60.105869940484574
*CC(Cc1ccc(-c2ccccc2)cc1)C[Si](*)(C)C,tg,28.0,60.707492800118516
*CC(F)(F)C(F)(F)C(F)(F)C(F)(F)COC(=O)NCCCCCCNC(=O)O*,tg,-2.0,39.08140318996381
*CC(F)(F)C(F)(F)C(F)(F)COC(=O)CCCCC(=O)O*,tg,-60.5,-27.474178497672103
*CC(F)(F)C(F)(F)C(F)(F)COC(=O)c1ccc(OCCCCC)c(C(=O)O*)c1,tg,9.0,33.333760401498985
*CC(F)(F)C(F)(F)C(F)(F)COC(=O)c1cccc(-c2cccc(C(=O)O*)c2)c1,tg,45.0,36.297100668808696
*CC(F)(F)C(F)(F)C(F)(F)COC(=O)c1cccc(C(=O)O*)c1OCCCCC,tg,17.0,24.13686574481222
*CC(F)(F)C(F)(F)COC(=O)NCC(F)(F)C(F)(F)C(F)(F)C(F)(F)CNC(=O)O*,tg,38.0,21.53315626362455
*CC(F)(F)C(F)=C(*)Cl,tg,-17.0,60.07106286277456
*CC(F)(F)C1(F)C(*)CC(O)(C(F)(F)F)C1(F)F,tg,152.0,113.15252437697782
*CC(F)(F)C1(F)CC(C(O)(C(F)(F)F)C(F)(F)F)CC1*,tg,118.0,131.24529588961852
*CC(O)C(O)COC(=O)O*,tg,51.38,34.58597776543412
*CC(O)CN(*)c1cc(C)c(N=Nc2ccc(C#N)cc2)c(C)c1,tg,150.0,155.90460667528353
*CC(O)CN(*)c1cc(C)c(N=Nc2ccc(Cl)cc2)c(C)c1,tg,150.0,153.96734742508406
*CC(O)CN(*)c1cc(C)c(N=Nc2ccc([N+](=O)[O-])cc2)c(C)c1,tg,152.0,145.2072762281638
*CC(O)CN(*)c1cc(C)c(N=Nc2ccc([N+](=O)[O-])cc2C)c(C)c1,tg,149.0,156.76596836417642
*CC(O)CN(*)c1cc(C)cc(C)c1,tg,80.0,95.76287568403724
*CC(O)CN(*)c1ccc(N=Nc2ccc(Cl)cc2)cc1,tg,160.0,120.75319404797254
*CC(O)CN(*)c1ccc(N=Nc2ccc([N+](=O)[O-])cc2C)cc1,tg,156.0,126.93412641694945
*CC(O)CN(C)S(=O)(=O)c1ccc(-c2ccc(S(=O)(=O)N(C)CC(O)COc3ccc(C(C)(C)c4ccc(O*)cc4)cc3)cc2)cc1,tg,101.0,113.97940096798624
*CC(O)CN(C)S(=O)(=O)c1ccc(-c2ccc(S(=O)(=O)N(C)CC(O)COc3ccc(O*)cc3)cc2)cc1,tg,84.0,74.8826345381193
*CC(O)CN(C)S(=O)(=O)c1cccc(S(=O)(=O)N(C)CC(O)COc2ccc(-c3ccc(O*)cc3)cc2)c1,tg,58.0,95.21510538686957
*CC(O)CN(C)S(=O)(=O)c1cccc(S(=O)(=O)N(C)CC(O)COc2ccc(C(C)(C)c3ccc(O*)cc3)cc2)c1,tg,76.0,88.5496987214662
*CC(O)CN(C)S(=O)(=O)c1cccc(S(=O)(=O)N(C)CC(O)COc2ccc(Sc3ccc(O*)cc3)cc2)c1,tg,90.0,68.71584123747176
*CC(O)CN(CC(O)COc1ccc(C(C)(C)c2ccc(O*)cc2)cc1)c1ccc(C#N)cc1,tg,100.0,86.15213492161656
*CC(O)CN(CCO)S(=O)(=O)c1ccc(-c2ccc(S(=O)(=O)N(CCO)CC(O)COc3ccc(C(C)(C)c4ccc(O*)cc4)cc3)cc2)cc1,tg,76.0,100.39436004580703
*CC(O)CO*,tg,17.0,21.174848305547357
*CC(O)COC(=O)C1CCC(C(=O)OCC(O)COc2ccc(C(C)(C)c3ccc(O*)cc3)cc2)CC1,tg,70.0,62.058066785125234
*CC(O)COC(=O)CCCCC(=O)O*,tg,-20.0,-13.59560443940527
*CC(O)COC(=O)CCCCC(=O)OCC(O)COc1ccc(C(=O)Oc2ccc(O*)cc2)cc1,tg,37.0,36.845566594246314
*CC(O)COC(=O)CCCCC(=O)OCC(O)COc1ccc(C(C)(C)c2ccc(O*)cc2)cc1,tg,37.33,40.4360988594361
*CC(O)COC(=O)CCCCC(=O)OCC(O)COc1ccc(O*)cc1,tg,19.0,27.291117564432994
*CC(O)COC(=O)CCCCCCCCC(=O)OCC(O)COc1ccc(C(C)(C)c2ccc(O*)cc2)cc1,tg,30.0,33.07492152584952
*CC(O)COC(=O)CCCCCCCCC(=O)OCC(O)COc1ccc(C=C(C)c2ccc(O*)cc2)cc1,tg,30.0,40.309653110286895
*CC(O)COC(=O)CCCCCCCCCCC(=O)OCC(O)COc1ccc(C(C)(C)c2ccc(O*)cc2)cc1,tg,25.0,32.22591010355937
*CC(O)COC(=O)CCCCCCCCCCC(=O)OCC(O)COc1ccc(O*)cc1,tg,10.0,15.80286740426774
*CC(O)COC(=O)c1cccc(C(=O)OCC(O)COc2ccc(C(C)(C)c3ccc(O*)cc3)cc2)c1,tg,97.0,76.3394228779813
*CC(O)COc1c(C)cc(C(C)(C)c2cc(C)c(O*)c(C)c2)cc1C,tg,130.0,121.07398412074693
*CC(O)COc1c(C)cc(C(C)(C)c2cc(C)c(OCC(O)COc3c(C)cc(S(=O)(=O)c4cc(C)c(O*)c(C)c4)cc3C)c(C)c2)cc1C,tg,145.0,128.6883870870771
*CC(O)COc1c(C)cc(S(=O)(=O)c2cc(C)c(O*)c(C)c2)cc1C,tg,152.5,138.40843177940772
*CC(O)COc1c(Cl)cc(C(C)(C)c2cc(Cl)c(O*)c(Cl)c2)cc1Cl,tg,145.0,130.08026439356237
*CC(O)COc1c(Cl)cc(C(C)(C)c2cc(Cl)c(OCC(O)COc3ccc(C(C)(C)c4ccc(O*)cc4)cc3)c(Cl)c2)cc1Cl,tg,100.0,113.9511825709402
*CC(O)COc1ccc(C(=O)c2ccc(OCC(O)COc3ccc(C(C)(C)c4ccc(O*)cc4)cc3)cc2)cc1,tg,120.0,109.23938625219819
*CC(O)COc1ccc(C(C)(C)C2CCC(C)(c3ccc(O*)cc3)CC2)cc1,tg,135.0,103.8763250676547
*CC(O)COc1ccc(C(C)(C)c2ccc(O*)cc2)cc1,tg,87.45,85.13661559867438
*CC(O)COc1ccc(C(C)(C)c2ccc(OCC(O)COc3c(C)cc(C(C)(C)c4cc(C)c(O*)c(C)c4)cc3C)cc2)cc1,tg,100.0,119.68059926372484
*CC(O)COc1ccc(C(C)(C)c2ccc(OCC(O)COc3ccc(C4(c5ccc(O*)cc5)c5ccccc5-c5ccccc54)cc3)cc2)cc1,tg,161.0,128.92262207294164
*CC(O)COc1ccc(C(C)(C)c2ccc(OCC(O)COc3ccc(NC(=O)CCCC(=O)Nc4ccc(O*)cc4)cc3)cc2)cc1,tg,105.0,115.34588205182749
*CC(O)COc1ccc(C(C)(C)c2ccc(OCC(O)COc3ccc(NC(=O)CCCCC(=O)Nc4ccc(O*)cc4)cc3)cc2)cc1,tg,112.0,107.92630655821975
*CC(O)COc1ccc(C(C)(C)c2ccc(OCC(O)COc3ccc(Oc4ccc(O*)cc4)cc3)cc2)cc1,tg,85.0,95.40515912060732
*CC(O)COc1ccc(C(C)(C)c2ccc(OCC(O)COc3ccc(S(=O)(=O)c4ccc(O*)c(C)c4)cc3C)cc2)cc1,tg,117.5,129.95548243766305
*CC(O)COc1ccc(C(C)(C)c2ccc(OCC(O)COc3ccc(S(=O)(=O)c4ccc(O*)cc4)cc3)cc2)cc1,tg,130.33,109.71790746305577
*CC(O)COc1ccc(C(C)(C)c2ccc(OCC(O)COc3cccc(NC(=O)C(=O)Nc4cccc(O*)c4)c3)cc2)cc1,tg,119.0,120.92101362316494
*CC(O)COc1ccc(C(C)(C)c2ccc(OCC(O)COc3cccc(NC(=O)Cc4cccc(CC(=O)Nc5cccc(O*)c5)c4)c3)cc2)cc1,tg,119.0,127.51767995426168
*CC(O)COc1ccc(C(C)(C)c2ccc(OCC(O)COc3ccccc3C(=O)Nc3ccc(O*)cc3)cc2)cc1,tg,121.0,141.73538456108324
*CC(O)COc1ccc(C(C)(c2ccccc2)c2ccc(O*)cc2)cc1,tg,115.0,125.2220083605888
*CC(O)COc1ccc(C(C)CC(C)(C)c2ccc(O*)cc2)cc1,tg,75.0,76.7351432944106
*CC(O)COc1ccc(C2CCCC(CC)(c3ccc(O*)cc3)C2)cc1,tg,140.0,100.37899595495277
*CC(O)COc1ccc(O*)cc1,tg,54.5,75.42571320468973
*CC(O)COc1ccc(S(=O)(=O)c2ccc(O*)c(C)c2)cc1C,tg,132.5,110.30086687698464
*CC(O)COc1ccc(S(=O)(=O)c2ccc(OCC(O)COc3cccc(O*)c3)cc2)cc1,tg,105.0,92.22569820897127
*CC(O*)C1CC(F)(F)C1(F)F,tg,-25.0,88.22830860463958
*CC(O*)c1ccccc1,tg,32.38,47.24441389806638
*CC(O*)c1ccco1,tg,12.5,41.62451085527587
*CC(OC(=O)C(=O)OCC)C(COC(=O)O*)OC(=O)C(=O)OCC,tg,51.38,29.074689473601197
*CC(OC(=O)C(CC(C)C)NC(=O)OCc1ccccc1)C(COC(=O)O*)OC(=O)C(CC(C)C)NC(=O)OCc1ccccc1,tg,51.38,60.47384400796065
*CC(OC(=O)OCC)C(COC(=O)O*)OC(=O)OCC,tg,49.8,17.7262092514155
*CC(OC(=O)Oc1ccc(C(=O)OC)cc1)C(COC(=O)O*)OC(=O)Oc1ccc(C(=O)OC)cc1,tg,51.38,69.15156985815644
*CC(OC(C)=O)C(CCC(C)(O)C=C)C(*)(C)C,tg,85.0,65.82344811075681
*CC(OC(C)C)C1C(=O)OC(=O)C1*,tg,142.0,146.81491954250697
*CC(OC)C1(C)C(=O)OC(=O)C1(*)C,tg,170.2,141.78635032820785
*CC(OC)C1C(=O)N(c2ccc(N(C)C)cc2)C(=O)C1*,tg,221.0,208.9353774102645
*CC(OC1CCCCC1)C1C(=O)OC(=O)C1*,tg,201.0,145.76063959871533
*CC(OCC(C)C)C(C)(C(=O)OC)C(*)(C)C(=O)OC,tg,125.5,59.06628987802519
*CC(OCC)C(C(=O)OC)C(*)C(=O)OC,tg,50.0,41.724957198534135
*CC(OCC)C1C(=O)OC(=O)C1*,tg,146.0,111.56351066130918
*CC(OCCCC)C(C(=O)OC)C(*)C(=O)OC,tg,32.5,29.10396487770548
*CC(OCCCC)C1C(=O)OC(=O)C1*,tg,118.0,95.12701780493636
*CC(OO*)c1ccc(Br)cc1,tg,9.6,87.54328120652369
*CC(S*)c1ccccc1,tg,-2.5,85.22063298962904
*CC(c1ccccc1)C1C(=O)N(C(C)(C)C)C(=O)C1*,tg,178.0,182.45370138299847
*CC(c1ccccc1)C1C(=O)N(C)C(=O)C1*,tg,205.0,182.54764427889123
*CC(c1ccccc1)C1C(=O)N(CCCCCCCCCCCC)C(=O)C1*,tg,70.0,56.04877545055236
*CC(c1ccccc1)C1C(=O)N(CCCCNC(=O)C(F)(F)C(F)(F)C(F)(F)C(F)(F)C(F)(F)C(F)(F)C(F)(F)F)C(=O)C1*,tg,113.0,103.79437220416891
*CC(c1ccccc1)C1C(=O)N(CCCN(CC)c2ccc(N=Nc3ccc([N+](=O)[O-])cc3Cl)c(C)c2)C(=O)C1*,tg,149.0,162.0282999939836
*CC(c1ccccc1)C1C(=O)N(CCN(CC)c2ccc(N=Nc3ccc([N+](=O)[O-])cc3)cc2)C(=O)C1*,tg,171.67,149.70512337203996
*CC(c1ccccc1)C1C(=O)N(c2ccc(NC(=O)OCC3CCCN3c3ccc([N+](=O)[O-])cc3)cc2)C(=O)C1*,tg,208.0,204.06691849654854
*CC(c1ccccc1)C1C(=O)OC(=O)C1*,tg,177.0,146.94396642821798
*CC(c1ccccn1)C(c1ccccc1)C(*)c1ccccn1,tg,150.0,140.51673742905615
*CC/C=C\C[Si](*)(C)c1ccccc1,tg,-12.65,9.169708294382348
*CC1(*)CC(=O)N(c2ccccc2)C1=O,tg,236.0,213.7719899147307
*CC1(*)CCCCC1,tg,100.0,107.9175120903923
*CC1(*)OCC(c2ccccc2)O1,tg,75.0,100.5013298480746
*CC1(C)CC(*)(C)C(=O)OC1=O,tg,144.0,165.34532854414172
*CC1(C)CC(N2C(=O)c3ccc(-c4ccc5c(c4)C(=O)N(*)C5=O)cc3C2=O)CC(C)(C)C1,tg,311.0,268.8743430211619
*CC1(COC(=O)O*)CC=CCC1,tg,30.0,57.39882591107806
*CC1CC(*)C(=O)OC1=O,tg,140.0,123.23611510487045
*CC1CC(*)C(OC(=O)CCCCCCCCCCOc2ccc(-c3ccc(C#N)cc3)cc2)C1OC(=O)CCCCCCCCCCOc1ccc(-c2ccc(C#N)cc2)cc1,tg,14.5,40.2703697540755
*CC1CC(*)OC(CCC)O1,tg,45.92,68.46924961707093
*CC1CC(*)OCO1,tg,68.0,64.6245728075196
*CC1CC(COC(=O)c2ccc(C(=O)O*)cc2)CC(C(C)(C)C)C1,tg,118.0,112.83248570993776
*CC1CC2CC1C1CCC(CN3C(=O)c4ccc(C(=O)c5ccc6c(c5)C(=O)N(*)C6=O)cc4C3=O)C21,tg,217.0,228.95795113686043
*CC1CC2CC1C1CCC(CN3C(=O)c4ccc(C(c5ccc6c(c5)C(=O)N(*)C6=O)(C(F)(F)F)C(F)(F)F)cc4C3=O)C21,tg,207.0,252.77266608616594
*CC1CC2CC1C1CCC(CN3C(=O)c4ccc(Oc5ccc6c(c5)C(=O)N(*)C6=O)cc4C3=O)C21,tg,201.0,216.99508438893042
*CC1CCC(CNC(=O)CCCCC(=O)N*)CC1,tg,113.0,97.08954842063892
*CC1CCC(CNC(=O)CCCCCCCCC(=O)N*)CC1,tg,89.0,93.09987273031447
*CC1CCC(CNC(=O)CCCCCCCCCCC(=O)N*)CC1,tg,85.0,83.03823146230143
*CC1CCC(COC(=O)C2CCC(C(=O)O*)CC2)CC1,tg,67.68,67.21346422779233
*CC1CCC(COC(=O)CCC(=O)O*)CC1,tg,-1.0,23.475394050693566
*CC1CCC(COC(=O)Nc2ccc(Cc3ccc(NC(=O)O*)cc3)cc2)CC1,tg,134.0,99.78379140459744
*CC1CCC(COC(=O)O*)CC1,tg,38.7,57.755337107319306
*CC1CCC(COC(C)OC(=O)c2ccc(C(=O)OC(C)O*)c3ccccc23)CC1,tg,60.0,62.91993654131774
*CC1CCC(COC(C)OC(=O)c2ccc(C(=O)OC(C)O*)cc2)CC1,tg,61.0,51.131713821190964
*CC1CCC(COP(=O)(N=Nc2ccc(C(=O)c3ccc(N=NP(=O)(O*)OC)cc3)cc2)OC)CC1,tg,52.0,87.58470422057124
*CC1CCCC(CN2C(=O)c3ccc(-c4ccc5c(c4)C(=O)N(*)C5=O)cc3C2=O)C1,tg,234.0,227.16649420866105
*CC1CCCC(CN2C(=O)c3ccc(C(=O)c4ccc5c(c4)C(=O)N(*)C5=O)cc3C2=O)C1,tg,213.0,205.39877022623915
*CC=C(C)C(C)S(*)(=O)=O,tg,73.0,80.58950492364978
*CC=C(C)CS(*)(=O)=O,tg,88.2,69.85343728367853
*CC=CCOC(=O)C(Cc1ccccc1)NC(=O)C=CC(=O)NC(Cc1ccccc1)C(=O)O*,tg,109.0,99.15350638090709
*CC=CCOC(=O)C(Cc1ccccc1)NC(=O)CCCCC(=O)NC(Cc1ccccc1)C(=O)O*,tg,61.0,84.44761129894283
*CC=CCOC(=O)C(Cc1ccccc1)NC(=O)CCCCCCCCC(=O)NC(Cc1ccccc1)C(=O)O*,tg,46.0,64.88076891885028
*CC=CCS(*)(=O)=O,tg,86.0,47.32694744524909
*CC=CC[Si](*)(C=C)C=C,tg,-65.0,16.237214349184477
*CC=Cc1cc(C(C)(C)c2ccc(O)c(C=CCC3CC(=O)N(c4ccc(Cc5ccc(N6C(=O)CC(*)C6=O)cc5)cc4)C3=O)c2)ccc1O,tg,215.0,210.3632720571419
*CCC(*)(C)c1ccccc1,tg,93.0,98.52274093505225
*CCC(*)=O,tg,10.0,25.213235151357253
*CCC(=C(*)c1ccccc1)c1ccccc1,tg,120.5,148.54829271659506
*CCC(=O)N*,tg,127.0,59.81178092780049
*CCC(=O)NCCCCCCNC(=O)CCS*,tg,20.5,24.039180177961807
*CCC(=O)NCc1cc(C)c(CNC(=O)CCO*)cc1C,tg,80.0,102.61732843624316
*CCC(=O)Nc1ccc(NC(=O)CCN2C(=O)c3ccc(C(=O)c4ccc5c(c4)C(=O)N(*)C5=O)cc3C2=O)cc1,tg,237.0,222.03325272857376
*CCC(=O)Nc1ccc(Oc2ccc(NC(=O)CCN3C(=O)c4ccc(C(=O)c5ccc6c(c5)C(=O)N(*)C6=O)cc4C3=O)cc2)cc1,tg,232.0,221.14830568555237
*CCC(=O)O*,tg,-24.18,13.434280256061331
*CCC(C)(C)C(*)(C)C,tg,87.0,43.13276327985486
*CCC(C)(C)CC(C)CNC(=O)CCCCC(=O)N*,tg,65.0,60.711762742770276
*CCC(C)(C)CC(C)CNC(=O)c1ccc(C(=O)N*)cc1,tg,148.0,139.00467319683037
*CCC(C)(C)CC(C)COC(=O)CCCCC(=O)O*,tg,-70.0,-42.5703706945094
*CCC(C)(C)CC(C)COC(=O)c1ccc(C(=O)O*)cc1,tg,-12.0,33.69689420763695
*CCC(C)C(*)(C)C(=O)OC,tg,41.29,67.79433767684576
*CCC(C)C(*)C,tg,-32.0,20.064330771097357
*CCC(C)C(C)CCNC(=O)c1cc(C(=O)N*)cc(C(C)(C)C)c1,tg,173.0,137.57936714095675
*CCC(C)C(C)CCNC(=O)c1cccc(C(=O)N*)c1,tg,125.0,139.4135786439217
*CCC(C)CC(=O)O*,tg,-71.5,-33.500007021104054
*CCC(C)CC(C)(C)CNC(=O)c1ccc(C(=O)N*)cc1,tg,143.84,146.4891693170814
*CCC(C)CCC(=O)O*,tg,-53.0,-36.149742864814925
*CCC(C)CCC(=O)S*,tg,-50.0,9.130391073556362
*CCC(C)CCOC(=O)CCCCC(=O)O*,tg,-78.6,-65.94072270181175
*CCC(C)O[Si](C)(C)O*,tg,-88.0,-50.45916819083643
*CCC(C)S*,tg,-59.0,-50.15283246075426
*CCC(CC)CC(C)CNC(=O)c1ccc(C(=O)N*)cc1,tg,139.0,134.03679450820584
*CCC(F)(F)C(*)(F)F,tg,-108.0,9.227443329527514
*CCC([2H])C(*)([2H])C,tg,-47.5,-35.40461025356344
*CCC(c1ccccc1)C(*)c1ccccc1,tg,101.65,113.47914748560954
*CCC1C(=O)N(C)C(=O)C1*,tg,141.2,120.62757096528765
*CCC1C(=O)N(CC)C(=O)C1*,tg,109.2,115.33696094598747
*CCC1C(=O)N(CCCCCCCCCCCC)C(=O)C1*,tg,55.4,58.526723960064565
*CCC1C(=O)N(CCCCCCCCCCCCCCCC)C(=O)C1*,tg,65.6,46.57140904145026
*CCC1C(=O)N(CCCCNC(=O)C(F)(F)C(F)(F)C(F)(F)C(F)(F)C(F)(F)C(F)(F)C(F)(F)F)C(=O)C1*,tg,100.0,103.50964439972603
*CCC1C(=O)N(c2ccc(N(C)C)cc2)C(=O)C1*,tg,195.0,215.35145493242285
*CCC1CC(*)C2C3CC(c4ccc(COC(C)CC)cc4)C(C3)C12,tg,139.0,163.3177277815974
*CCC1CC(=O)N(*)C1=O,tg,121.0,98.78822475147554
*CCC1CC(OC(=O)CCCCCCCCCCOc2ccc(-c3ccc(C#N)cc3)cc2)CC1*,tg,24.0,48.7236249066952
*CCC1C[N+](C)(C)CC1*,tg,8.0,67.669432870919
*CCC=C(*)C,tg,-60.98,-9.190865092753194
*CCC=C(*)C(C)(C)C,tg,20.0,68.3352434069711
*CCC=C(*)C(C)C,tg,-47.0,3.1212469138122922
*CCC=C(*)CCCCCCC,tg,-83.0,-51.064376680320194
*CCCC(*)(C)C,tg,45.5,-21.829882545535405
*CCCC(*)(C)C(=O)O,tg,132.0,124.75511370543666
*CCCC(*)C,tg,-56.55,-55.40073441979081
*CCCC(=O)N*,tg,62.18,45.83610203543255
*CCCC(=O)NNC(=O)c1ccc(C(=O)NNC(=O)CCCOc2ccc(O*)c(C)c2)cc1,tg,125.5,152.14438616194704
*CCCC(=O)Nc1ccc(Cc2ccc(NC(=O)CCCN3C(=O)c4ccc(C(=O)c5ccc6c(c5)C(=O)N(*)C6=O)cc4C3=O)cc2)cc1,tg,195.0,201.13158622398706
*CCCC(=O)Nc1ccc(NC(=O)CCCN2C(=O)c3ccc(C(=O)c4ccc5c(c4)C(=O)N(*)C5=O)cc3C2=O)cc1,tg,209.0,211.42868255454596
*CCCC(=O)Nc1ccc(Oc2ccc(NC(=O)CCCN3C(=O)c4ccc(C(=O)c5ccc6c(c5)C(=O)N(*)C6=O)cc4C3=O)cc2)cc1,tg,198.0,195.69359520702093
*CCCC(=O)Nc1ccc(Oc2ccc(Oc3ccc(NC(=O)CCCN4C(=O)c5ccc(C(=O)c6ccc7c(c6)C(=O)N(*)C7=O)cc5C4=O)cc3)cc2)cc1,tg,178.0,192.3673463435044
*CCCC(=O)Nc1ccc(Oc2cccc(NC(=O)CCCN3C(=O)c4ccc(C(=O)c5ccc6c(c5)C(=O)N(*)C6=O)cc4C3=O)c2)cc1,tg,188.0,189.90373506857856
*CCCC(=O)O*,tg,-28.78,-30.805411613050786
*CCCC(=O)Oc1ccc(-c2ccc(OC(=O)c3ccc4c(c3)C(=O)N(*)C4=O)cc2)cc1,tg,132.0,149.27882409771382
*CCCC(C)(C)CCCNC(=O)c1ccc(C(=O)N*)cc1,tg,152.0,135.64023826178587
*CCCC(C)(C)CNC(=O)C(=O)N*,tg,109.0,144.46001448988576
*CCCC(C)(C)CNC(=O)CCCCC(=O)N*,tg,77.0,72.08212825863677
*CCCC(C)(C)CNC(=O)CCCCCC(=O)N*,tg,70.5,72.67400011516172
*CCCC(C)(C)CNC(=O)c1ccc(C(=O)N*)cc1,tg,157.0,157.6801056747624
*CCCC(C)(C)CNC(=O)c1cccc(C(=O)N*)c1,tg,153.0,142.10163366342965
*CCCC(C)CN1C(=O)c2ccc(C(=O)Oc3ccc4cc(OC(=O)c5ccc6c(c5)C(=O)N(*)C6=O)ccc4c3)cc2C1=O,tg,130.0,150.4651659511011
*CCCC(C)O[Si](C)(C)O*,tg,-81.0,-55.78348679411435
*CCCC(CCNC(=O)c1ccc(C(=O)N*)cc1)C(C)C,tg,146.5,132.98616924341616
*CCCC1(C)CCN(C(=O)CC(C)C(=O)N2CCC(*)(C)CC2)CC1,tg,72.0,103.40673341210784
*CCCC1(C)CCN(C(=O)CCC(=O)N2CCC(*)(C)CC2)CC1,tg,99.0,84.01068606622647
*CCCC1(CCCNC(=O)CCC2(CCC(=O)N*)c3ccccc3-c3ccccc32)c2ccccc2-c2ccccc21,tg,165.0,136.5298667307362
*CCCC1(CCCNC(=O)CCCCCCCCC(=O)N*)c2ccccc2-c2ccccc21,tg,85.0,92.93896892442977
*CCCC1(CCCNC(=O)c2cccc(C(=O)N*)c2)c2ccccc2-c2ccccc21,tg,175.0,178.12686200594948
*CCCC1(CCCNC(=O)c2ccccc2-c2ccccc2C(=O)N*)c2ccccc2-c2ccccc21,tg,165.0,180.55663043189753
*CCCC1CC(=O)N(*)C(=O)C1,tg,90.23,110.94714284009517
*CCCC=C(*)c1ccc(OC)cc1,tg,11.0,72.5707663396178
*CCCCC(=O)NCc1ccc(CNC(=O)CCCCO*)cc1,tg,70.0,74.66212392103931
*CCCCC(=O)NCc1ccc(CNC(=O)CCCCS*)cc1,tg,70.0,80.69918630559596
*CCCCC(=O)NNC(=O)c1ccc(C(=O)NNC(=O)CCCCOc2ccc(O*)c(C)c2)cc1,tg,139.5,115.76205030312703
*CCCCC(=O)Oc1ccc(OC(=O)c2ccc3c(c2)C(=O)N(*)C3=O)c(C)c1,tg,75.76,97.34870187700885
*CCCCC(=O)Oc1ccc(OC(=O)c2ccc3c(c2)C(=O)N(*)C3=O)cc1,tg,89.32,96.99789254334796
*CCCCC(c1ccc(O)cc1)C(*)c1ccc(O)cc1C,tg,25.0,84.27405047030275
*CCCCC=CCCCCC1CC(CCC2CC(*)OC2=O)C(=O)O1,tg,24.7,31.061222256606616
*CCCCCC(*)C,tg,-66.0,-50.39587552531153
*CCCCCC(*)CCC,tg,-68.0,-50.488038826341096
*CCCCCC(*)CCCCCCCC,tg,-72.0,-38.806022188834454
*CCCCCC(*)CCCCCCCCCC,tg,-65.0,-73.47733219505916
*CCCCCC(=O)N*,tg,48.52,32.03859596570293
*CCCCCC(=O)NNC(=O)c1ccc(C(=O)NNC(=O)CCCCCOc2ccc(O*)c(C)c2)cc1,tg,110.5,100.9799148367792
*CCCCCC(=O)Nc1ccc(Cc2ccc(NC(=O)CCCCCN3C(=O)c4ccc(C(=O)c5ccc6c(c5)C(=O)N(*)C6=O)cc4C3=O)cc2)cc1,tg,187.0,174.1401457552149
*CCCCCC(=O)Nc1ccc(Oc2cccc(NC(=O)CCCCCN3C(=O)c4ccc(C(=O)c5ccc6c(c5)C(=O)N(*)C6=O)cc4C3=O)c2)cc1,tg,170.0,168.22950549807308
*CCCCCC(=O)O*,tg,-57.39,-41.91176264811945
*CCCCCC(=O)Oc1ccc(C(C)(C)c2ccc(OC(=O)c3ccc4c(c3)C(=O)N(*)C4=O)cc2)cc1,tg,110.0,88.50314083717697
*CCCCCC(=O)Oc1ccc(C2(c3ccc(OC(=O)c4ccc5c(c4)C(=O)N(*)C5=O)cc3)CCCCC2)cc1,tg,122.0,150.47140088526731
*CCCCCC(=O)Oc1ccc(OC(=O)c2ccc3c(c2)C(=O)N(*)C3=O)cc1,tg,89.0,80.9489870720345
*CCCCCC(=O)S*,tg,19.0,-25.123671099586584
*CCCCCCC(=O)N*,tg,51.14,51.25344071499626
*CCCCCCC(=O)O*,tg,-14.0,-38.23260671400037
*CCCCCCC(=O)Oc1ccc(-c2ccc(OC(=O)c3ccc4c(c3)C(=O)N(*)C4=O)cc2)cc1,tg,107.0,101.8379805991546
*CCCCCCC(=O)Oc1ccc(OC(=O)c2ccc3c(c2)C(=O)N(*)C3=O)cc1,tg,74.32,79.74102500007095
*CCCCCCC(Cl)C(*)Cl,tg,-18.0,-25.96664366828181
*CCCCCCCC(*)C,tg,-58.0,-53.01584168451108
*CCCCCCCC(=O)N*,tg,38.45,50.391147021010845
*CCCCCCCC(=O)OC1COC(*)OC1,tg,6.5,2.0690058399235047
*CCCCCCCC(=O)OCC1(C)COC(*)OC1,tg,-26.0,7.068585727517137
*CCCCCCCC(=O)OCC1COC(*)O1,tg,-23.0,-10.1510330745467
*CCCCCCCC(=O)OCCOC(=O)CCCCCCCC1OCC2(COC(*)OC2)CO1,tg,0.0,23.403269131467646
*CCCCCCCC(c1ccc(O)cc1)C(*)c1ccc(O)cc1C,tg,4.0,-0.908921438941925
*CCCCCCCCC(*)Cl,tg,-33.0,-35.643850549321
*CCCCCCCCC(=O)N*,tg,44.29,33.46683385611307
*CCCCCCCCCC(=O)N*,tg,43.0,34.57426824392259
*CCCCCCCCCC(c1ccc(O)cc1)C(*)c1ccc(O)cc1C,tg,-1.0,-1.774388471662218
*CCCCCCCCCCC(=O)NCCc1ccc(CCNC(=O)CCCCCCCCCCS*)cc1,tg,58.0,41.99206259000424
*CCCCCCCCCCC(=O)Nc1ccc(Oc2cccc(NC(=O)CCCCCCCCCCN3C(=O)c4ccc(C(=O)c5ccc6c(c5)C(=O)N(*)C6=O)cc4C3=O)c2)cc1,tg,126.0,150.14187353817098
*CCCCCCCCCCC(=O)Oc1ccc(-c2ccc(OC(=O)c3ccc4c(c3)C(=O)N(*)C4=O)cc2)cc1,tg,61.0,71.71720924625652
*CCCCCCCCCCC(Cl)C(*)Cl,tg,-32.0,-16.180517055375013
*CCCCCCCCCCC(c1ccc(O)cc1)C(*)c1ccc(O)cc1C,tg,-4.0,0.2983650777165389
*CCCCCCCCCCCC(=O)N*,tg,42.59,42.58022130630505
*CCCCCCCCCCCC(=O)Oc1ccc(C(C)(C)c2ccc(C(C)(C)c3ccc(OC(=O)c4ccc5c(c4)C(=O)N(*)C5=O)cc3)cc2)cc1,tg,97.0,106.29223962077188
*CCCCCCCCCCCC(=O)Oc1ccc(C2(c3ccc(OC(=O)c4ccc5c(c4)C(=O)N(*)C5=O)cc3)OC(=O)c3ccccc32)cc1,tg,114.0,110.93079521464374
*CCCCCCCCCCCC(=O)Oc1ccc2ccc(OC(=O)c3ccc4c(c3)C(=O)N(*)C4=O)cc2c1,tg,98.0,70.52923515576003
*CCCCCCCCCCCCC(=O)N*,tg,41.0,23.415915278819252
*CCCCCCCCCCCCCCC(=O)N*,tg,-7.0,35.75984057542211
*CCCCCCCCCCCCCCCCCCCCC(*)COCCOCCOCCOCCOCc1ccc2ccc3cccc4ccc1c2c34,tg,-21.0,-22.011857100731273
*CCCCCCCCCCCCCCCCCCNC(=O)CCCCCCCCCCCCCCCCC(=O)N*,tg,50.0,46.66077155263495
*CCCCCCCCCCCCCCCCCCNC(=O)CCc1ccc(CCC(=O)N*)cc1,tg,65.0,73.05317993095655
*CCCCCCCCCCCCCCCCCCNC(=O)Cc1ccc(CC(=O)N*)cc1,tg,78.0,73.13107166948694
*CCCCCCCCCCCCCCCCOC(=O)C/C=C/CC(=O)O*,tg,-22.0,-31.26937210010272
*CCCCCCCCCCCCCCCCOC(=O)NCCCCCCCCCCNC(=O)O*,tg,34.0,29.15875636561976
*CCCCCCCCCCCCCCCCOC(=O)NCCCCCCNC(=O)O*,tg,39.0,35.124684808179225
*CCCCCCCCCCCCCCCCOC(=O)Nc1ccc(Cc2ccc(NC(=O)O*)cc2)cc1,tg,40.0,61.10634866713873
*CCCCCCCCCCCCCCNC(=O)CCCCCCCCCCCCCCCCC(=O)N*,tg,47.0,45.84572370016098
*CCCCCCCCCCCCCCNC(=O)NCCCCCCCCCCNC(=O)N*,tg,40.0,65.31715059066823
*CCCCCCCCCCCCCCNC(=O)NCc1ccc(CNC(=O)N*)cc1,tg,54.0,74.20800607234538
*CCCCCCCCCCCCCCc1ccc(-c2c(-c3ccccc3)cc(-c3ccc(-c4cc(-c5ccccc5)c(-c5ccc(*)cc5)c(-c5ccccc5)c4-c4ccccc4)cc3)c(-c3ccccc3)c2-c2ccccc2)cc1,tg,185.0,210.47934863165148
*CCCCCCCCCCCCCNC(=O)CCCCCCCCCCCC(=O)N*,tg,56.5,49.56892000436237
*CCCCCCCCCCCCN1C(=O)c2ccc(C(=O)c3ccc4c(c3)C(=O)N(*)C4=O)cc2C1=O,tg,87.5,105.37754884168194
*CCCCCCCCCCCCN1C(=O)c2ccc(C(c3ccc4c(c3)C(=O)N(*)C4=O)(C(F)(F)F)C(F)(F)F)cc2C1=O,tg,100.0,117.38172815710215
*CCCCCCCCCCCCN1C(=O)c2ccc(Oc3ccc4c(c3)C(=O)N(*)C4=O)cc2C1=O,tg,70.0,82.88790687942799
*CCCCCCCCCCCCNC(=O)C(OC)C(OC)C(=O)N*,tg,84.0,91.86761965056034
*CCCCCCCCCCCCNC(=O)CCCCCCCCCCCCC(=O)N*,tg,49.0,49.77945040755583
*CCCCCCCCCCCCNC(=O)CCCCCCCCCCCCCCC(=O)N*,tg,46.0,42.74649148163453
*CCCCCCCCCCCCNC(=O)CCCCCCCCCCCCCCCCC(=O)N*,tg,47.0,43.00200528444933
*CCCCCCCCCCCCNC(=O)CCP(C)(=O)CCC(=O)N*,tg,44.0,40.276285533995015
*CCCCCCCCCCCCNC(=O)CCc1ccc(CCC(=O)N*)cc1,tg,85.0,73.89805141874676
*CCCCCCCCCCCCNC(=O)c1ccc(C(=O)N*)c(Oc2ccccc2)c1,tg,75.0,98.74395978920404
*CCCCCCCCCCCCNC(=O)c1ccc(C(=O)N*)c(Sc2ccccc2)c1,tg,92.0,118.65067611486681
*CCCCCCCCCCCCNC(=O)c1ccc(C(=O)N*)cc1,tg,130.0,121.08589487620979
*CCCCCCCCCCCCOC(=O)NCCCCCCNC(=O)O*,tg,36.0,28.349469573425562
*CCCCCCCCCCCCOC(=O)Nc1ccc(Cc2ccc(NC(=O)O*)cc2)cc1,tg,43.0,70.54517793840742
*CCCCCCCCCCCCOc1ccc(C(C)Cc2ccc(-c3ccc(O*)cc3)cc2)cc1,tg,40.0,36.13982529219695
*CCCCCCCCCCCCOc1ccc(CCc2ccc(O*)cc2C)cc1,tg,-0.9,5.599210891992284
*CCCCCCCCCCCCOc1ccc(N(c2ccccc2)c2ccc(-c3ccc(N(c4ccccc4)c4ccc(O*)cc4)cc3)cc2)cc1,tg,92.0,134.08152754422275
*CCCCCCCCCCCCOc1ccc(OCc2ccc(COc3ccc(O*)cc3)cc2)cc1,tg,24.0,41.309006604043084
*CCCCCCCCCCCCc1nc2ccc(-c3ccc4nc(*)oc4c3)cc2o1,tg,55.0,61.94885779611068
*CCCCCCCCCCCN1C(=O)c2ccc(-c3ccc(-c4ccc5c(c4)C(=O)N(*)C5=O)cc3)cc2C1=O,tg,89.0,111.21386026714008
*CCCCCCCCCCCN1C(=O)c2ccc(C(=O)Oc3ccc(-c4ccc(OC(=O)c5ccc6c(c5)C(=O)N(*)C6=O)cc4)cc3)cc2C1=O,tg,97.0,104.58404978096948
*CCCCCCCCCCCNC(=O)CCCCCCCCC(=O)N*,tg,40.0,48.8569681121743
*CCCCCCCCCCCNC(=O)CCCCCCCCCCC(=O)N*,tg,39.0,44.77374665997257
*CCCCCCCCCCCOC(=O)Nc1ccc(NC(=O)OCCCCCCCCCCCOc2ccc(-c3ccc(O*)cc3)cc2)c(C)c1,tg,77.0,68.53958344257471
*CCCCCCCCCCCOC(=O)c1cc(OCCCCCCCCCCOc2ccc(N=Nc3ccc(OC)cc3)cc2)cc(C(=O)OCCCCCCCCCCCOc2ccc(-c3ccc(O*)cc3)cc2)c1,tg,53.0,70.11817866760998
*CCCCCCCCCCCOC(=O)c1ccc2cc(C(=O)O*)ccc2c1,tg,39.0,39.57945491236766
*CCCCCCCCCCCOc1ccc(CCc2ccc(O*)cc2C)cc1,tg,3.9,-0.5847343934916814
*CCCCCCCCCCCc1nc2ccc(-c3ccc4nc(*)oc4c3)cc2o1,tg,62.0,66.40674860357939
*CCCCCCCCCCN1C(=O)C2C3C=CC(C4C(=O)N(*)C(=O)C34)C2C1=O,tg,219.0,124.7379110070822
*CCCCCCCCCCN1C(=O)c2ccc(Oc3ccc4c(c3)C(=O)N(*)C4=O)cc2C1=O,tg,91.5,91.64001972134058
*CCCCCCCCCCNC(=O)C=C(C)C(=O)N*,tg,74.0,70.31140432924795
*CCCCCCCCCCNC(=O)CCCCC(=O)N*,tg,45.0,53.223476990323924
*CCCCCCCCCCNC(=O)CCCCCCCCCCCCCCC(=O)N*,tg,45.0,45.58527782603593
*CCCCCCCCCCNC(=O)CCP(C)(=O)CCC(=O)N*,tg,45.5,48.73539177616431
*CCCCCCCCCCNC(=O)c1ccc(C(=O)N*)c(Oc2ccccc2)c1,tg,94.0,82.0349776197316
*CCCCCCCCCCNC(=O)c1ccc(C(=O)N*)c(Sc2ccccc2)c1,tg,100.0,117.02144845720262
*CCCCCCCCCCOC(=O)CCCCC(=O)O*,tg,-68.0,-50.50053921839309
*CCCCCCCCCCOC(=O)CCCCCCC(=O)O*,tg,-22.0,-55.57749621861583
*CCCCCCCCCCOC(=O)CCCCCCCCC(=O)O*,tg,-53.0,-44.38032361422181
*CCCCCCCCCCOC(=O)NCc1ccc(CNC(=O)O*)cc1,tg,49.0,54.5480175680022
*CCCCCCCCCCOC(=O)O*,tg,-39.67,-18.353582626699456
*CCCCCCCCCCOC(=O)c1ccc(-c2ccc(C(=O)O*)cc2)cc1,tg,46.0,33.466237599785536
*CCCCCCCCCCOC(=O)c1ccc(C(=O)O*)cc1,tg,5.33,20.62334205070013
*CCCCCCCCCCOC(=O)c1ccc2cc(C(=O)O*)ccc2c1,tg,43.75,36.66268606627847
*CCCCCCCCCCOc1c(OC)cc(/C=C/c2ccc(/C=C/c3cc(OC)c(O*)c(OC)c3)cc2)cc1OC,tg,68.5,81.34864471021773
*CCCCCCCCCCOc1ccc(-c2cc(-c3ccccc3)c(-c3ccc(NC(=O)c4ccc(C(=O)Nc5ccc(-c6c(-c7ccccc7)cc(-c7ccc(O*)cc7)cc6-c6ccccc6)cc5)cc4)cc3)c(-c3ccccc3)c2)cc1,tg,116.0,125.9638243049975
*CCCCCCCCCCOc1ccc(C=C2CCC(=Cc3ccc(OCCCCCCCCCCOP(=O)(O*)OCC)c(OC)c3)C2=O)cc1OC,tg,47.0,54.46909189744563
*CCCCCCCCCCOc1ccc(C=C2CCCC(=Cc3ccc(O*)c(OC)c3)C2=O)cc1OC,tg,60.0,73.16294218415793
*CCCCCCCCCCOc1ccc(C=Cc2ccc(OCCCCCCCCCCOP(=O)(O*)OCCCCCCCCCCOc3ccc(N=Nc4ccc(-c5ccccc5)cc4)cc3)cc2)cc1,tg,50.0,56.65956320185099
*CCCCCCCCCCOc1ccc(C=Cc2ccc(OCCCCCCCCCCOP(=O)(O*)OCCCCCCCCCCOc3ccc(N=Nc4ccc(C#N)cc4)cc3)cc2)cc1,tg,60.0,47.35029328094644
*CCCCCCCCCCOc1ccc(C=Cc2ccc(OCCCCCCCCCCOP(=O)(O*)OCCCCCCCCCCOc3ccc(N=Nc4ccc(Cl)cc4)cc3)cc2)cc1,tg,60.0,58.32608712956975
*CCCCCCCCCCOc1ccc(C=Cc2ccc(OCCCCCCCCCCOP(=O)(O*)OCCCCCCCCCCOc3ccc(N=Nc4ccc([N+](=O)[O-])cc4)cc3)cc2)cc1,tg,50.0,47.92650891271526
*CCCCCCCCCCOc1ccc(C=Cc2ccc(OCCCCCCCCCCOP(=O)(O*)OCCCCCCCCCCOc3ccc(N=Nc4ccccc4)cc3)cc2)cc1,tg,55.0,45.3657329807028
*CCCCCCCCCCOc1ccc(CCc2ccc(O*)cc2C)cc1,tg,-3.8,0.6335166881877261
*CCCCCCCCCCOc1ccc(N=Cc2ccc(C=Nc3ccc(O*)cc3C)cc2)c(C)c1,tg,77.6,95.35919753023069
*CCCCCCCCCCOc1ccc(OC(=O)c2ccc(OCCOCCOCCOc3ccc(C(=O)Oc4ccc(O*)cc4)cc3)cc2)cc1,tg,64.0,29.400691054191295
*CCCCCCCCCCSS*,tg,-65.0,-56.249723410118214
*CCCCCCCCCCSSS*,tg,-70.0,-49.16472818488083
*CCCCCCCCCCc1ccc(-c2c(-c3ccccc3)cc(-c3ccc(-c4cc(-c5ccccc5)c(-c5ccc(*)cc5)c(-c5ccccc5)c4-c4ccccc4)cc3)c(-c3ccccc3)c2-c2ccccc2)cc1,tg,235.0,227.72802920785375
*CCCCCCCCCCc1ccc(-c2c(-c3ccccc3)cc(-c3cccc(-c4cc(-c5ccccc5)c(-c5ccc(*)cc5)c(-c5ccccc5)c4-c4ccccc4)c3)c(-c3ccccc3)c2-c2ccccc2)cc1,tg,180.0,200.36697120383968
*CCCCCCCCCN1C(=O)c2ccc(-c3ccc(-c4ccc5c(c4)C(=O)N(*)C5=O)cc3)cc2C1=O,tg,104.0,110.04513396648049
*CCCCCCCCCN1C(=O)c2ccc(C(c3ccc4c(c3)C(=O)N(*)C4=O)(C(F)(F)F)C(F)(F)F)cc2C1=O,tg,122.5,129.72371562078067
*CCCCCCCCCN1C(=O)c2ccc(Oc3ccc4c(c3)C(=O)N(*)C4=O)cc2C1=O,tg,89.0,108.81487709822889
*CCCCCCCCCNC(=O)C(OC)C(OC)C(=O)N*,tg,84.0,86.57442190128432
*CCCCCCCCCNC(=O)CCCCC(=O)N*,tg,60.33,55.745742074560454
*CCCCCCCCCNC(=O)CCCCCCCCCCCCCCCCCCC(=O)N*,tg,42.0,46.529709476011945
*CCCCCCCCCNC(=O)N*,tg,125.0,67.55492980855688
*CCCCCCCCCNC(=S)N*,tg,48.0,63.17459541180741
*CCCCCCCCCOC(=O)CCC(=O)O*,tg,31.0,-46.029814913793274
*CCCCCCCCCOC(=O)Nc1ccc(Cc2ccc(NC(=O)O*)cc2)cc1,tg,72.0,68.04932303135952
*CCCCCCCCCOC(=O)c1ccc(-c2ccc(C(=O)O*)cc2)cc1,tg,43.75,44.21925965006688
*CCCCCCCCCOc1ccc(CCc2ccc(O*)cc2C)cc1,tg,-1.1,-6.418979800787451
*CCCCCCCCN(C)c1ccc(C(=O)c2ccc(N(*)C)cc2)cc1,tg,50.0,71.65005189631441
*CCCCCCCCN1C(=O)c2ccc(C(c3ccc4c(c3)C(=O)N(*)C4=O)(C(F)(F)F)C(F)(F)F)cc2C1=O,tg,138.5,133.3638002737033
*CCCCCCCCNC(=O)CC(=O)N*,tg,55.0,58.71541682780811
*CCCCCCCCNC(=O)CCCCCCCCC(=O)N*,tg,54.0,54.149367038305954
*CCCCCCCCNC(=O)CCCCCCCCCCCCCCC(=O)N*,tg,52.0,44.88869426122328
*CCCCCCCCNC(=O)CCCCCCCCCCCCCCCCC(=O)N*,tg,36.0,47.62433040177936
*CCCCCCCCNC(=O)CCP(C)(=O)CCC(=O)N*,tg,52.0,50.94098885142196
*CCCCCCCCNC(=O)Cc1ccc(CC(=O)N*)cc1,tg,110.0,92.9525032843986
*CCCCCCCCNC(=O)NCc1ccc(CNC(=O)N*)cc1,tg,68.0,91.96600294662254
*CCCCCCCCNC(=O)c1ccc(C(=O)N*)c(Oc2ccccc2)c1,tg,96.0,102.24254481790958
*CCCCCCCCO*,tg,-19.0,-68.99126503940165
*CCCCCCCCOC(=O)Nc1ccc(C)c(NC(=O)O*)c1,tg,64.0,57.083660389272026
*CCCCCCCCOC(=O)Nc1ccc(Cc2ccc(NC(=O)O*)cc2)cc1,tg,79.0,78.73427923010145
*CCCCCCCCOC(=O)c1ccc2cc(C(=O)O*)ccc2c1,tg,53.0,48.19970245573444
*CCCCCCCCOc1c(OC)cc(/C=C/c2ccc(/C=C/c3cc(OC)c(O*)c(OC)c3)cc2)cc1OC,tg,80.9,79.97513121587845
*CCCCCCCCOc1c(OC)cc(C=Cc2cc(C(C)C)c(C=Cc3cc(OC)c(O*)c(OC)c3)cc2C(C)C)cc1OC,tg,85.0,65.14597725772424
*CCCCCCCCOc1c(OC)cc(C=Cc2cc(CCCCCC)c(C=Cc3cc(OC)c(O*)c(OC)c3)cc2CCCCCC)cc1OC,tg,21.0,79.17111816147832
*CCCCCCCCOc1c(OC)cc(C=Cc2ccc(C=Cc3cc(OC)c(O*)c(OC)c3)cc2)cc1OC,tg,80.45,80.79139145159247
*CCCCCCCCOc1ccc(C(C)(C)c2ccc(O*)cc2)cc1,tg,13.37,37.78522843758247
*CCCCCCCCOc1ccc(C=C2CCC(=Cc3ccc(OCCCCCCCCOP(=O)(O*)OCC)c(OC)c3)C2=O)cc1OC,tg,62.0,64.86136602620405
*CCCCCCCCOc1ccc(C=C2CCCC(=Cc3ccc(O*)c(OC)c3)C2=O)cc1OC,tg,72.0,65.77723211295113
*CCCCCCCCOc1ccc(C=Cc2cc(OCCCCCCCC)c(C=Cc3ccc(O*)cc3)cc2OCCCCCCCC)cc1,tg,130.0,61.49498646198843
*CCCCCCCCOc1ccc(CCc2ccc(O*)cc2C)cc1,tg,-12.1,-1.513805823539358
*CCCCCCCCOc1cccc(NC(=O)c2ccc(C(=O)Nc3cccc(O*)c3)cc2)c1,tg,122.0,118.67875828211201
*CCCCCCCCc1nc2cc(NC(=O)CCCCC(=O)Nc3ccc4oc(*)nc4c3)ccc2o1,tg,87.2,104.17878119123465
*CCCCCCCCc1nc2cc(NC(=O)CCCCCCCCC(=O)Nc3ccc4oc(*)nc4c3)ccc2o1,tg,88.12,90.20436014729741
*CCCCCCCN1C(=O)c2ccc(-c3ccc(-c4ccc5c(c4)C(=O)N(*)C5=O)cc3)cc2C1=O,tg,135.0,144.90577489910072
*CCCCCCCN1C(=O)c2ccc(C(=O)Oc3ccc(-c4ccc(OC(=O)c5ccc6c(c5)C(=O)N(*)C6=O)cc4)cc3)cc2C1=O,tg,117.0,131.04043021764292
*CCCCCCCN1C(=O)c2ccc(C(c3ccc4c(c3)C(=O)N(*)C4=O)(C(F)(F)F)C(F)(F)F)cc2C1=O,tg,150.0,145.48144636511987
*CCCCCCCNC(=O)C(OC)C(OC)C(=O)N*,tg,87.0,97.90750488748647
*CCCCCCCNC(=O)CCCCCCCCCCCCCCCCCCC(=O)N*,tg,46.0,43.40513610152427
*CCCCCCCNC(=O)N*,tg,62.0,103.02116161402421
*CCCCCCCNC(=O)c1ccc(C(=O)N*)cc1,tg,138.25,140.93424299981197
*CCCCCCCNC(=S)N*,tg,52.0,41.76299015033504
*CCCCCCCOC(=O)NCCCCCCNC(=O)O*,tg,55.0,30.74489919290091
*CCCCCCCOC(=O)Nc1ccc(C)c(NC(=O)O*)c1,tg,61.0,50.39291292120429
*CCCCCCCOC(=O)Nc1ccc(Cc2ccc(NC(=O)O*)cc2)cc1,tg,84.0,76.66073092906262
*CCCCCCCOC(=O)c1ccc(-c2ccc(C(=O)O*)cc2)cc1,tg,41.71,51.865426935428324
*CCCCCCCOC(=O)c1ccc(C(=O)O*)cc1,tg,-1.0,20.246906579052563
*CCCCCCCOc1ccc(-c2ccc(O*)c3ccccc23)c2ccccc12,tg,129.5,114.14089976643386
*CCCCCCN(C(=O)C(F)(F)C(F)(F)C(F)(F)C(=O)N(*)C(C)C)C(C)C,tg,142.5,18.94125608770752
*CCCCCCN(C)C(=O)CCC(=O)N(*)C,tg,7.5,26.89969421984041
*CCCCCCN(C)C(=O)CCCC(=O)N(*)C,tg,3.0,17.438072467866235
*CCCCCCN(C)c1ccc(C(=O)c2ccc(N(*)C)cc2)cc1,tg,75.5,77.23034018823348
*CCCCCCN(CC(F)(F)C(F)(F)F)C(=O)C(F)(F)C(F)(F)C(F)(F)C(F)(F)C(=O)N(*)CC(F)(F)C(F)(F)F,tg,174.0,20.176264262430568
*CCCCCCN1C(=O)C(=O)N(c2ccc(C)c(N3C(=O)C(=O)N(*)C3=O)c2)C1=O,tg,181.5,153.45225921678278
*CCCCCCN1C(=O)C(=O)N(c2ccc(CCc3ccccc3N3C(=O)C(=O)N(*)C3=O)cc2)C1=O,tg,137.0,151.93644138392588
*CCCCCCN1C(=O)C(=O)N(c2ccc(Cc3ccc(N4C(=O)C(=O)N(*)C4=O)cc3)cc2)C1=O,tg,158.0,153.8212085974395
*CCCCCCN1C(=O)C(=O)N(c2ccc(Oc3ccc(N4C(=O)C(=O)N(*)C4=O)cc3)cc2)C1=O,tg,172.0,149.2302747984984
*CCCCCCN1C(=O)C(C)C(SCCOCCSC2C(=O)N(CCCCCCN3C(=O)CC(C)(SCCOCCSC4(C)CC(=O)N(*)C4=O)C3=O)C(=O)C2C)C1=O,tg,78.0,31.068796764095787
*CCCCCCN1C(=O)c2ccc(-c3ccc(-c4ccc5c(c4)C(=O)N(*)C5=O)cc3)cc2C1=O,tg,141.0,153.02229669153957
*CCCCCCN1C(=O)c2ccc(C(=O)Nc3ccc(S(=O)(=O)c4ccc(NC(=O)c5ccc6c(c5)C(=O)N(*)C6=O)cc4)cc3)cc2C1=O,tg,198.0,209.79476300782946
*CCCCCCN1C(=O)c2ccc(C(=O)Nc3ccc(S(=O)(=O)c4cccc(NC(=O)c5ccc6c(c5)C(=O)N(*)C6=O)c4)cc3)cc2C1=O,tg,190.0,189.42578355922473
*CCCCCCN1C(=O)c2ccc(C(=O)c3ccc4c(c3)C(=O)N(*)C4=O)cc2C1=O,tg,127.0,136.86481004856242
*CCCCCCN1C(=O)c2ccc(C(c3ccc4c(c3)C(=O)N(*)C4=O)(C(F)(F)F)C(F)(F)F)cc2C1=O,tg,143.67,159.62357755716607
*CCCCCCN1C(=O)c2ccc(Oc3ccc4c(c3)C(=O)N(*)C4=O)cc2C1=O,tg,164.0,113.3721702436873
*CCCCCCNC(=O)C(=O)N*,tg,250.0,92.37977084983838
*CCCCCCNC(=O)C(CC)CC(CC)C(=O)N*,tg,94.0,69.99134720859028
*CCCCCCNC(=O)C(OC)C(OC)C(=O)N*,tg,106.0,102.37738867713207
*CCCCCCNC(=O)CC(C)(C)c1ccc(C(C)(C)CC(=O)N*)cc1,tg,91.0,111.41984729423639
*CCCCCCNC(=O)CC(C)c1ccc(C(C)CC(=O)N*)cc1,tg,88.0,92.79170903366392
*CCCCCCNC(=O)CCC(C)(C)c1ccc(C(C)(C)CCC(=O)N*)cc1,tg,92.0,87.79391995476675
*CCCCCCNC(=O)CCC1(CCC(=O)N*)c2ccccc2-c2ccccc21,tg,122.0,91.0822922203937
*CCCCCCNC(=O)CCCC(=O)O*,tg,-18.0,6.931461838604786
*CCCCCCNC(=O)CCCCC(=O)N*,tg,55.55,49.11552417861838
*CCCCCCNC(=O)CCCCC(=O)NCC(=O)N*,tg,53.4,51.227630349219616
*CCCCCCNC(=O)CCCCCC(=O)N*,tg,54.0,49.89176407711595
*CCCCCCNC(=O)CCCCCCC(=O)N*,tg,52.67,56.05287574364171
*CCCCCCNC(=O)CCCCCCCC1C(CCCCCCCC(=O)N*)C=CC(CCCCCC)C1CCCCCCCC,tg,-10.0,88.83254304853929
*CCCCCCNC(=O)CCCCCCCCCCC(=O)N*,tg,50.61,52.99957596853838
*CCCCCCNC(=O)CCCCCCCCCCCCCCC(=O)N*,tg,40.0,45.60986998693427
*CCCCCCNC(=O)CCP(=O)(CCC(=O)N*)c1ccccc1,tg,29.0,72.03032271168613
*CCCCCCNC(=O)CCP(C)(=O)CCC(=O)N*,tg,57.5,36.24892125870065
*CCCCCCNC(=O)CCc1ccc(C(C)CC(=O)N*)cc1,tg,77.0,83.8512109212865
*CCCCCCNC(=O)Cc1ccc(C(=O)N*)cc1,tg,104.0,101.06494203994079
*CCCCCCNC(=O)Cc1ccc(CC(=O)N*)cc1,tg,95.0,101.13768224851704
*CCCCCCNC(=O)c1c(Cl)c(Cl)c(C(=O)N*)c(Cl)c1Cl,tg,268.83,120.5853292420472
*CCCCCCNC(=O)c1cc(C(=O)N*)cc(C(C)(C)C)c1,tg,163.0,139.37411485072906
*CCCCCCNC(=O)c1cc(NC(=O)C(C(C)CC)N2C(=O)c3ccccc3C2=O)cc(C(=O)N*)c1,tg,135.0,145.93505317238885
*CCCCCCNC(=O)c1cc(NC(=O)c2ccc(NC(=O)C(CC(C)C)N3C(=O)c4ccccc4C3=O)cc2)cc(C(=O)N*)c1,tg,200.0,166.03255402590165
*CCCCCCNC(=O)c1ccc(C(=O)N*)c(Oc2ccc(-c3ccccc3)cc2)c1,tg,112.0,131.11163382641288
*CCCCCCNC(=O)c1ccc(C(=O)N*)c(Oc2ccc(Cl)cc2)c1,tg,112.5,116.14127729722908
*CCCCCCNC(=O)c1ccc(C(C)(CC)c2ccc(C(=O)N*)cc2)cc1,tg,159.0,150.78877428141837
*CCCCCCNC(=O)c1cccc(C(=O)N*)c1,tg,121.6,132.89255133671543
*CCCCCCNC(=O)c1ccccc1-c1ccccc1C(=O)N*,tg,122.5,164.0916593025695
*CCCCCCOC(=O)C(=O)O*,tg,66.5,2.5948023934270616
*CCCCCCOC(=O)C(C(=O)OCCCCCCOc1ccc(-n2on2-c2ccc(O*)cc2)cc1)c1ccccc1,tg,23.0,38.79998882025657
*CCCCCCOC(=O)C(CCCCCBr)C(=O)OCCCCCCOc1ccc(-n2on2-c2ccc(O*)cc2)cc1,tg,7.0,26.758704898196566
*CCCCCCOC(=O)C(CCCCCCCCCCBr)C(=O)OCCCCCCOc1ccc(-n2on2-c2ccc(O*)cc2)cc1,tg,16.0,14.679665189553184
*CCCCCCOC(=O)C(CCCCCCCCCCP(=O)(O)O)C(=O)OCCCCCCOc1ccc(-n2on2-c2ccc(O*)cc2)cc1,tg,12.5,16.22335661595323
*CCCCCCOC(=O)C(CCCCCCP(=O)(OCC)OCC)C(=O)OCCCCCCOc1ccc(-n2on2-c2ccc(O*)cc2)cc1,tg,15.0,7.308865598653226
*CCCCCCOC(=O)C(CCCCCP(=O)(O)O)C(=O)OCCCCCCOc1ccc(-n2on2-c2ccc(O*)cc2)cc1,tg,12.0,9.600748490393098
*CCCCCCOC(=O)C(CCCCCP(=O)(OCC)OCC)C(=O)OCCCCCCOc1ccc(-n2on2-c2ccc(O*)cc2)cc1,tg,12.0,13.565466247809619
*CCCCCCOC(=O)C(CCCCP(=O)(OCC)OCC)C(=O)OCCCCCCOc1ccc(-n2on2-c2ccc(O*)cc2)cc1,tg,11.5,11.52577323186615
*CCCCCCOC(=O)C(Cc1ccccc1)NC(=O)C=CC(=O)NC(Cc1ccccc1)C(=O)O*,tg,92.0,73.50443549624939
*CCCCCCOC(=O)CC(=O)OCCCCCCOc1ccc(-n2on2-c2ccc(O*)cc2)cc1,tg,16.0,15.67591823335222
*CCCCCCOC(=O)CCCCCCC(=O)OCCCCCCN1C(=O)c2ccc(S(=O)(=O)c3ccc4c(c3)C(=O)N(*)C4=O)cc2C1=O,tg,46.0,71.92654485504956
*CCCCCCOC(=O)CCCCCCCCC(=O)OCCCCCCN1C(=O)c2ccc(S(=O)(=O)c3ccc4c(c3)C(=O)N(*)C4=O)cc2C1=O,tg,72.0,47.91402611013856
*CCCCCCOC(=O)CCCCCCCCCCN1C(=O)c2ccc(-c3ccc(-c4ccc5c(c4)C(=O)N(CCCCCCCCCCC(=O)OCCCCCCN4C(=O)c6ccc(-c7ccc8c(c7)C(=O)N(*)C8=O)cc6C4=O)C5=O)cc3)cc2C1=O,tg,45.0,53.278976614858955
*CCCCCCOC(=O)NC1CCC(CC2CCC(NC(=O)OCCCCCCOc3ccc(CCc4ccc(O*)cc4)cc3)CC2)CC1,tg,40.3,87.69014054828945
*CCCCCCOC(=O)NCCCCNC(=O)O*,tg,16.0,35.90745983745285
*CCCCCCOC(=O)Nc1ccc(C)c(NC(=O)OCCCCCCOc2ccc(-c3ccc(O*)cc3)cc2)c1,tg,85.68,84.58261855260105
*CCCCCCOC(=O)Nc1ccc(Cc2ccc(NC(=O)O*)cc2)cc1,tg,71.0,86.92050407957916
*CCCCCCOC(=O)Nc1ccc(NC(=O)OCCCCCCOc2ccc(-c3ccc(O*)cc3)cc2)c(C)c1,tg,85.4,87.92580171408429
*CCCCCCOC(=O)Nc1cccc(P(=O)(c2ccccc2)c2cccc(NC(=O)O*)c2)c1,tg,30.0,96.43449109886829
*CCCCCCOC(=O)O*,tg,-54.25,-17.062984637992237
*CCCCCCOC(=O)OCCCCCCCCCCCCOC(=O)OCCCCCCOc1ccc(C(=O)c2ccc(O*)cc2)cc1,tg,-8.0,-8.762856247685898
*CCCCCCOC(=O)OCCCCCCCCCCOC(=O)OCCCCCCOc1ccc(C(=O)c2ccc(O*)cc2)cc1,tg,-13.0,-6.575034540441863
*CCCCCCOC(=O)OCCCCCCCCCOC(=O)OCCCCCCOc1ccc(Oc2ccc(O*)cc2)cc1,tg,-20.0,-10.518879595923798
*CCCCCCOC(=O)OCCCCCCN1C(=O)c2ccc(-c3ccc(-c4ccc5c(c4)C(=O)N(*)C5=O)cc3)cc2C1=O,tg,74.0,88.02729699789158
*CCCCCCOC(=O)OCCCCCCN1C(=O)c2ccc(-c3ccc4c(c3)C(=O)N(*)C4=O)cc2C1=O,tg,71.0,70.58782009824439
*CCCCCCOC(=O)OCCCCCCOC(=O)OCCCCCCN1C(=O)c2ccc(C(=O)c3ccc4c(c3)C(=O)N(*)C4=O)cc2C1=O,tg,55.0,54.60621024929621
*CCCCCCOC(=O)OCCCCCCOC(=O)OCCCCCCOc1ccc(-c2ccc(O*)cc2)cc1,tg,14.95,0.43864222128167496
*CCCCCCOC(=O)OCCCCCCOC(=O)OCCCCCCOc1ccc(C(=O)c2ccc(O*)cc2)cc1,tg,-0.3,0.3702677431936386
*CCCCCCOC(=O)OCCCCCOC(=O)OCCCCCCOc1ccc(C(=O)c2ccc(O*)cc2)cc1,tg,-0.2,7.909581265956452
*CCCCCCOC(=O)OCCCCCOC(=O)OCCCCCCOc1ccc(Oc2ccc(O*)cc2)cc1,tg,-11.0,-6.26337442407612
*CCCCCCOC(=O)OCCCCOC(=O)OCCCCCCOc1ccc(C(=O)c2ccc(O*)cc2)cc1,tg,2.1,11.749371950153051
*CCCCCCOC(=O)OCCCCOC(=O)OCCCCCCOc1ccc(Oc2ccc(O*)cc2)cc1,tg,-8.0,-6.224190547790516
*CCCCCCOC(=O)OCCCOC(=O)OCCCCCCN1C(=O)c2ccc(C(=O)c3ccc4c(c3)C(=O)N(*)C4=O)cc2C1=O,tg,61.0,56.12669598208269
*CCCCCCOC(=O)OCCCOC(=O)OCCCCCCOc1ccc(C(=O)c2ccc(O*)cc2)cc1,tg,16.0,1.6437423659464914
*CCCCCCOC(=O)OCCCOC(=O)OCCCCCCOc1ccc(Oc2ccc(O*)cc2)cc1,tg,-6.0,-4.726766444183771
*CCCCCCOC(=O)OCCOC(=O)OCCCCCCOc1ccc(Oc2ccc(O*)cc2)cc1,tg,-4.0,1.463377981721949
*CCCCCCOC(=O)c1cc(N=Nc2ccc(OCC)cc2)ccc1-c1ccc(N=Nc2ccc(OCC)cc2)cc1C(=O)O*,tg,83.0,77.86547313675037
*CCCCCCOC(=O)c1cc(OCCCCCCOc2ccc(N=Nc3ccc(C#N)cc3)cc2)cc(C(=O)OCCCCCCN2C(=O)c3ccc(-c4ccc(-c5ccc6c(c5)C(=O)N(*)C6=O)cc4)cc3C2=O)c1,tg,67.0,94.65562184379417
*CCCCCCOC(=O)c1cc(OCCCCCCOc2ccc(N=Nc3ccc(C#N)cc3)cc2)cc(C(=O)OCCCCCCN2C(=O)c3ccc(-c4ccc5c(c4)C(=O)N(*)C5=O)cc3C2=O)c1,tg,93.0,68.61946979472393
*CCCCCCOC(=O)c1cc(OCCCCCCOc2ccc(N=Nc3ccc(C#N)cc3)cc2)cc(C(=O)OCCCCCCN2C(=O)c3ccc(S(=O)(=O)c4ccc5c(c4)C(=O)N(*)C5=O)cc3C2=O)c1,tg,83.0,96.78488648785022
*CCCCCCOC(=O)c1ccc(-c2ccc(C(=O)O*)cc2)cc1,tg,52.0,46.35290329110109
*CCCCCCOC(=O)c1cccc(C(=O)O*)c1,tg,5.5,8.111547180428213
*CCCCCCOc1c(OC)cc(/C=C/c2ccc(/C=C/c3cc(OC)c(O*)c(OC)c3)cc2)cc1OC,tg,90.0,83.48809131229493
*CCCCCCOc1c(OC)cc(C=C2CCCC(=Cc3cc(OC)c(O*)c(OC)c3)C2=O)cc1OC,tg,71.0,71.39499544205859
*CCCCCCOc1ccc(-c2cc(-c3ccccc3)c(-c3ccc(NC(=O)c4ccc(C(=O)Nc5ccc(-c6c(-c7ccccc7)cc(-c7ccc(O*)cc7)cc6-c6ccccc6)cc5)cc4)cc3)c(-c3ccccc3)c2)cc1,tg,127.0,149.38542238352736
*CCCCCCOc1ccc(C(=O)N(C(=O)c2ccc(O*)cc2)c2cc(C)cc(C)c2)cc1,tg,75.0,122.42916906977526
*CCCCCCOc1ccc(C(=O)N(C(=O)c2ccc(O*)cc2)c2ccc(Oc3ccccc3)cc2)cc1,tg,78.0,102.226464467786
*CCCCCCOc1ccc(C=C2CCC(=Cc3ccc(OCCCCCCOP(=O)(O*)OCC)c(OC)c3)C2=O)cc1OC,tg,75.0,65.25118120353953
*CCCCCCOc1ccc(C=C2CCCC(=Cc3ccc(O*)cc3)C2=O)cc1,tg,116.0,83.2931066037941
*CCCCCCOc1ccc(C=Cc2ccc(O*)cc2)cc1,tg,76.0,55.931621963172155
*CCCCCCOc1ccc(OC(=O)c2ccc(C(=O)Oc3ccc(O*)cc3)cc2)cc1,tg,53.0,73.43232827530221
*CCCCCCS(=O)(=O)c1ccc(N=Nc2ccc(N(C)CCCCCC(=O)O*)cc2)cc1,tg,60.5,50.814651881540264
*CCCCCCSS*,tg,-74.0,-47.5865736533534
*CCCCCCc1ccc(-c2c(-c3ccccc3)cc(-c3ccc(-c4cc(-c5ccccc5)c(-c5ccc(*)cc5)c(-c5ccccc5)c4-c4ccccc4)cc3)c(-c3ccccc3)c2-c2ccccc2)cc1,tg,250.0,219.1377159044344
*CCCCCCc1ccc(-c2c(-c3ccccc3)cc(-c3cccc(-c4cc(-c5ccccc5)c(-c5ccc(*)cc5)c(-c5ccccc5)c4-c4ccccc4)c3)c(-c3ccccc3)c2-c2ccccc2)cc1,tg,215.0,191.95799309204764
*CCCCCCc1nc2cc(NC(=O)CCCCCCC(=O)Nc3ccc4oc(*)nc4c3)ccc2o1,tg,77.0,95.11049290740115
*CCCCCN1C(=O)c2ccc(C(=O)Oc3ccc(-c4ccc(OC(=O)c5ccc6c(c5)C(=O)N(*)C6=O)cc4)cc3)cc2C1=O,tg,147.0,134.4932002770542
*CCCCCN1C(=O)c2ccc(C(c3ccc4c(c3)C(=O)N(*)C4=O)(C(F)(F)F)C(F)(F)F)cc2C1=O,tg,170.0,168.41792636480628
*CCCCCNC(=O)C(OC)C(OC)C(=O)N*,tg,113.0,113.89820347913117
*CCCCCNC(=O)CC(=O)N*,tg,65.0,108.7901934189576
*CCCCCNC(=O)CCCCCCCCCCCCCCCCCCC(=O)N*,tg,52.0,47.47069021424204
*CCCCCNC(=O)Cc1ccc(C(=O)N*)cc1,tg,103.0,109.8646378800579
*CCCCCNC(=O)c1ccc(C(=O)N*)cc1,tg,177.0,138.59571470242116
*CCCCCOC(=O)CCCCC(=O)O*,tg,-70.33,-59.39366050326656
*CCCCCOC(=O)CCCCCCCCCCN1C(=O)c2ccc(-c3ccc(-c4ccc5c(c4)C(=O)N(CCCCCCCCCCC(=O)OCCCCCN4C(=O)c6ccc(-c7ccc8c(c7)C(=O)N(*)C8=O)cc6C4=O)C5=O)cc3)cc2C1=O,tg,41.0,52.31468491413882
*CCCCCOC(=O)NCC(F)(F)C(F)(F)C(F)(F)C(F)(F)CNC(=O)O*,tg,33.0,38.437328033903384
*CCCCCOC(=O)NNC(=O)CCCCCCCCC(=O)NNC(=O)O*,tg,20.0,41.73578937674539
*CCCCCOC(=O)Nc1ccc(Cc2ccc(NC(=O)O*)cc2)cc1,tg,95.0,87.6456947986707
*CCCCCOC(=O)O*,tg,-40.0,-37.724328311908735
*CCCCCOC(=O)OCCCCCN1C(=O)c2ccc(C(=O)c3ccc4c(c3)C(=O)N(*)C4=O)cc2C1=O,tg,77.0,71.02497431034365
*CCCCCOC(=O)c1ccc(-c2ccc(-c3ccc(C(=O)O*)cc3)cc2)cc1,tg,40.0,55.30769623264349
*CCCCCOC(=O)c1ccc(C=Cc2ccc(C(=O)O*)cc2)cc1,tg,60.0,60.652512130916335
*CCCCCOC(=O)c1ccc2cc(C(=O)O*)ccc2c1,tg,50.83,56.34670570484035
*CCCCCOC(=O)c1cccc(C(=O)O*)c1,tg,7.0,12.487215213795253
*CCCCCOC(=O)c1ccccc1C(=O)[O][Cd][O]C(=O)c1ccccc1C(=O)OCCCCCOC(=O)NCCCCCCNC(=O)O*,tg,-6.8,-8.59783744464984
*CCCCCOC(=O)c1ccccc1C(=O)[O][Pb][O]C(=O)c1ccccc1C(=O)OCCCCCOC(=O)NCCCCCCNC(=O)O*,tg,-19.2,0.12210908136567863
*CCCCCOc1ccc(-c2ccc(O*)c3ccccc23)c2ccccc12,tg,151.0,130.9683509781599
*CCCCCOc1ccc(C=CC(=O)OCCN(CCOC(=O)C=Cc2ccc(O*)cc2)c2ccc(N=Nc3ccc([N+](=O)[O-])cc3)cc2)cc1,tg,92.0,91.80566387063834
*CCCCCOc1ccc(CCc2ccc(O*)cc2C)cc1,tg,15.4,18.973759381478253
*CCCCCOc1cccc(C(=O)OC(=O)c2cccc(O*)c2)c1,tg,61.0,30.11047117924577
*CCCCCOc1cccc(NC(=O)c2ccc(C(=O)Nc3cccc(O*)c3)cc2)c1,tg,135.0,142.33308163203338
*CCCCCOc1cccc(NC(=O)c2cccc(C(=O)Nc3cccc(O*)c3)c2)c1,tg,131.5,132.12682673193666
*CCCCN1C(=O)c2ccc(C(c3ccc4c(c3)C(=O)N(*)C4=O)(C(F)(F)F)C(F)(F)F)cc2C1=O,tg,185.0,172.63203095619917
*CCCCNC(=O)C(=O)N*,tg,120.0,177.76214737939802
*CCCCNC(=O)Cc1ccc(C(=O)N*)cc1,tg,84.0,124.89772851860391
*CCCCNC(=O)c1ccc(C(=O)N*)c(Sc2ccccc2)c1,tg,136.0,142.00844604801696
*CCCCNC(=O)c1cccc(C(=O)N*)c1,tg,141.0,143.60316304213228
*CCCCOC(=O)C(Cc1ccccc1)NC(=O)C=CC(=O)NC(Cc1ccccc1)C(=O)O*,tg,103.0,97.04774239878886
*CCCCOC(=O)C1CCC(C(=O)O*)CC1,tg,-10.5,15.649589434042857
*CCCCOC(=O)CCCCC(=O)OCCCCOC(=O)c1ccc(C(=O)O*)cc1,tg,-20.0,-1.6811708788498463
*CCCCOC(=O)CCCCCCCCC(=O)O*,tg,-64.4,-40.55422970078901
*CCCCOC(=O)COCC(=O)O*,tg,-27.0,-18.394598895954047
*CCCCOC(=O)NCC(F)(F)C(F)(F)C(F)(F)C(F)(F)CNC(=O)O*,tg,33.0,34.41156892957647
*CCCCOC(=O)NCCCCCCNC(=O)O*,tg,38.12,34.3864536507753
*CCCCOC(=O)NNC(=O)CCCCCCCCC(=O)NNC(=O)O*,tg,56.0,21.77125162731224
*CCCCOC(=O)Nc1ccc(C)c(NC(=O)O*)c1,tg,42.0,84.96398490156268
*CCCCOC(=O)O*,tg,-28.75,-34.20981668136251
*CCCCOC(=O)c1ccc(-c2ccc(C(=O)O*)cc2)cc1,tg,70.0,63.501409111266874
*CCCCOC(=O)c1ccc(NC=Nc2ccc(C(=O)O*)cc2)cc1,tg,91.0,86.16926542720697
*CCCCOC(=O)c1ccc2cc(C(=O)O*)ccc2c1,tg,65.5,58.73330799817356
*CCCCOC(=O)c1cccc(C(=O)O*)c1,tg,19.1,21.839296472178685
*CCCCOCCCCOCCCCOC(=O)c1ccc(N=Cc2cc(OCCCCCC)c(C=Cc3cc(OCCCCCC)c(C=Cc4cc(OCCCCCC)c(C=Nc5ccc(C(=O)O*)cc5)cc4OCCCCCC)cc3OCCCCCC)cc2OCCCCCC)cc1,tg,14.3,74.66551603987222
*CCCCOCO*,tg,-83.2,-81.2996837211739
*CCCCOc1ccc(-c2ccc(O*)c3ccccc23)c2ccccc12,tg,130.0,160.21247224647098
*CCCCOc1ccc(C(=O)OC(=O)c2ccc(O*)cc2)cc1,tg,45.0,64.7601523138227
*CCCCOc1ccc(C(=O)OCCOC(=O)c2ccc(O*)cc2)cc1,tg,53.0,46.38035053513898
*CCCCOc1ccc(C=C2CCC(=Cc3ccc(OCCCCOP(=O)(O*)OC)c(OC)c3)C2=O)cc1OC,tg,75.0,75.79585505281761
*CCCCOc1ccc(C=C2CCC(=Cc3ccc(OCCCCOP(=O)(O*)OCC)c(OC)c3)C2=O)cc1OC,tg,79.0,76.40135117753394
*CCCCOc1ccc(OC(=O)c2ccc(C(=O)Oc3ccc(O*)cc3)c(C(=O)OCC=C)c2)cc1,tg,56.0,99.65979198136237
*CCCCOc1ccc(OCCCCc2nnc(-c3ccc(-c4nnc(*)o4)cc3)o2)c(C)c1,tg,139.5,108.42629549891522
*CCCCOc1cccc(C(=O)OC(=O)c2cccc(O*)c2)c1,tg,20.0,49.730638587298145
*CCCCSS*,tg,-55.0,-44.65557560789414
*CCCCSSCCCCO*,tg,-76.0,-56.79356357389743
*CCCCSSCCCCOCO*,tg,-76.0,-78.43893357977379
*CCCCc1ccc(-c2c(-c3ccccc3)cc(-c3ccc(-c4cc(-c5ccccc5)c(-c5ccc(*)cc5)c(-c5ccccc5)c4-c4ccccc4)cc3)c(-c3ccccc3)c2-c2ccccc2)cc1,tg,205.0,234.5251021223941
*CCCCc1ccc(-c2c(-c3ccccc3)cc(-c3cccc(-c4cc(-c5ccccc5)c(-c5ccc(*)cc5)c(-c5ccccc5)c4-c4ccccc4)c3)c(-c3ccccc3)c2-c2ccccc2)cc1,tg,180.0,202.425372397512
*CCCN(*)C(=O)C(F)(F)C(F)(F)C(F)(F)C(F)(F)C(F)(F)C(F)(F)C(F)(F)F,tg,25.0,92.66514421916615
*CCCN(*)C(=O)CC,tg,8.0,32.14216158002856
*CCCN(*)C(=O)CCCCC,tg,-16.0,13.571810004058424
*CCCN(*)C(=O)c1ccccc1,tg,72.0,92.17035839412014
*CCCN(C)c1ccc(C(=O)c2ccc(N(*)C)cc2)cc1,tg,101.0,99.82746667281917
*CCCN1C(=O)c2ccc(C(c3ccc4c(c3)C(=O)N(*)C4=O)(C(F)(F)F)C(F)(F)F)cc2C1=O,tg,190.0,177.42522166648325
*CCCNC(=O)C(Cc1ccccc1)NC(=O)CCCCCCCCC(=O)NC(Cc1ccccc1)C(=O)NCCCOCCOCCO*,tg,44.0,48.04386958335335
*CCCNC(=O)C(NC(=O)C(Cc1ccccc1)NC(=O)CCCCCCCCC(=O)NC(Cc1ccccc1)C(=O)NC(C(=O)NCCCOCCOCCO*)C(C)C)C(C)C,tg,66.0,48.1285915853968
*CCCNC(=O)C(OC)C(OC)C(=O)N*,tg,123.0,99.72370166849176
*CCCNC(=O)CCCCC(=O)NCCCN(*)C,tg,5.0,41.300554859938586
*CCCNC(=O)CCCCC(=O)NCCCO*,tg,34.0,33.98783372474609
*CCCNC(=O)CCCCCCCCC(=O)NCCCOCCOCCO*,tg,40.0,22.55401874899756
*CCCNC(=O)CNC(=O)C(Cc1ccccc1)NC(=O)CCCCCCCCC(=O)NC(Cc1ccccc1)C(=O)NCC(=O)NCCCOCCOCCO*,tg,36.0,48.85909945393824
*CCCNC(=O)c1ccc(C(=O)NCCCO*)cc1,tg,72.0,134.67498443723554
*CCCO*,tg,-72.46,-73.71972847450111
*CCCOC(=O)C(C)O*,tg,-33.0,-26.960317901704965
*CCCOC(=O)CCC(=O)O*,tg,-34.42,-32.79821390921108
*CCCOC(=O)CCCC(=O)O*,tg,-33.67,-46.23913796224976
*CCCOC(=O)CCCCC(=O)O*,tg,-52.17,-51.96270980611377
*CCCOC(=O)CCCCCCC(=O)O*,tg,-58.75,-53.08442145243796
*CCCOC(=O)NCCCCCCNC(=O)O*,tg,55.0,38.72511208936119
*CCCOC(=O)NNC(=O)CCCCCCCCC(=O)NNC(=O)O*,tg,22.0,56.21970178310258
*CCCOC(=O)Nc1ccc(Cc2ccc(NC(=O)O*)cc2)cc1,tg,119.0,77.99173851561956
*CCCOC(=O)O*,tg,-22.38,-23.719429056086184
*CCCOC(=O)c1cc(N=Nc2ccc(OCC)cc2)ccc1-c1ccc(N=Nc2ccc(OCC)cc2)cc1C(=O)O*,tg,101.0,109.5188102229388
*CCCOC(=O)c1ccc2cc(C(=O)O*)ccc2c1,tg,84.0,77.97893603561448
*CCCOC(=O)c1cccc(C(=O)O*)c1,tg,36.0,56.99371843962113
*CCCOCCCCOCCCN1C(=O)c2ccc(C(=O)Oc3ccc(-c4ccc(OC(=O)c5ccc6c(c5)C(=O)N(*)C6=O)cc4)cc3)cc2C1=O,tg,70.0,94.12959834529005
*CCCOCCCCOCCCN1C(=O)c2ccc(C(=O)Oc3ccc(OC(=O)c4ccc5c(c4)C(=O)N(*)C5=O)cc3)cc2C1=O,tg,56.0,77.02234686315315
*CCCOCCCCOCCCN1C(=O)c2ccc(C(=O)Oc3ccc4cc(OC(=O)c5ccc6c(c5)C(=O)N(*)C6=O)ccc4c3)cc2C1=O,tg,68.0,76.3820452237894
*CCCOCCCOC(=O)c1ccc(-c2ccc(C(=O)O*)cc2)cc1,tg,16.25,35.51810020245642
*CCCOc1ccc(-c2ccc(O*)c3ccccc23)c2ccccc12,tg,173.5,152.4510066631154
*CCCOc1ccc(C(=O)OC(=O)c2ccc(O*)cc2)cc1,tg,95.0,69.22608553478217
*CCCOc1ccc(OCCCc2nnc(-c3ccc(-c4nnc(*)o4)cc3)o2)c(C)c1,tg,125.5,134.1247521085702
*CCCOc1cccc(C(=O)OC(=O)c2cccc(O*)c2)c1,tg,53.0,65.33623475536538
*CCCP(=O)(CCCNC(=O)CCCCC(=O)N*)c1ccccc1,tg,55.0,32.4111882891462
*CCCP(C)(=O)CCCNC(=O)CCCCC(=O)N*,tg,33.0,53.21125027563493
*CCCP(CCCNC(=O)CCCCC(=O)N*)CC(C)C,tg,71.0,47.758451792005346
*CCCP(CCCNC(=O)CCCCC(=O)N*)c1ccccc1,tg,49.0,59.19370986148633
*CCCS(=O)(=O)CCCCS(=O)(=O)CCCOC(=O)c1cccc(C(=O)O*)c1,tg,65.0,39.89945295530599
*CCCS(=O)(=O)CCCCS(=O)(=O)CCCOC(=O)c1ccccc1C(=O)O*,tg,49.0,50.425129849005934
*CCCS(=O)(=O)c1ccc(N=Nc2ccc(N(CCCC)CC(=O)O*)cc2)cc1,tg,92.4,106.67502724577159
*CCC[Si](*)(C)CCC[Si](C)(C)C,tg,-46.0,-60.61155790011094
*CCC[Si](*)(C)C[Si](C)(C)C,tg,-51.0,-14.128211492353753
*CCC[Si](*)(C)O[Si](C)(C)CCCOc1ccc(-c2ccc(C#N)cc2)cc1,tg,-4.6,-13.35726601789474
*CCC[Si](*)(C)O[Si](C)(C)CCCOc1ccc(C#N)cc1,tg,-45.5,5.524537195544707
*CCC[Si](*)(C)O[Si](C)(C)CCCOc1ccc(C(=O)Oc2ccc(-c3ccc(C#N)cc3)cc2)cc1,tg,10.1,38.716379127552536
*CCC[Si](*)(C)c1ccc(N(C)C)cc1,tg,6.5,32.4052750880601
*CCC[Si](*)(C)c1ccccc1,tg,-1.5,7.813511758440833
*CCC[Si](*)(C[Si](C)(C)c1ccccc1)C[Si](C)(C)c1ccccc1,tg,-36.0,14.55759961625871
*CCC[Si](*)(c1ccc(C)cc1)c1ccc(C)cc1,tg,38.0,65.97947204438364
*CCC[Si](C)(C)O[Si](C)(C)CCCN1C(=O)c2ccc(-c3ccc4c(c3)C(=O)N(*)C4=O)cc2C1=O,tg,75.0,94.33652236743539
*CCCc1ccc(-c2c(-c3ccccc3)cc(-c3ccc(-c4cc(-c5ccccc5)c(-c5ccc(*)cc5)c(-c5ccccc5)c4-c4ccccc4)cc3)c(-c3ccccc3)c2-c2ccccc2)cc1,tg,290.0,252.57587773143246
*CCCc1ccc(-c2c(-c3ccccc3)cc(-c3cccc(-c4cc(-c5ccccc5)c(-c5ccc(*)cc5)c(-c5ccccc5)c4-c4ccccc4)c3)c(-c3ccccc3)c2-c2ccccc2)cc1,tg,240.0,245.33288206597447
*CCCc1nc2cc(-c3ccc4[nH]c(*)nc4c3)ccc2[nH]1,tg,275.0,220.1999404440749
*CCN(*)C(=O)C(C)C,tg,30.0,73.27990509962551
*CCN(*)C(=O)C(CC)CCCC,tg,33.0,40.76729829837794
*CCN(*)C(=O)C(OC)(c1ccccc1)C(F)(F)F,tg,89.0,107.58854640583193
*CCN(*)C(=O)C1(c2ccc(Cl)cc2)CCC1,tg,112.0,123.23582930811438
*CCN(*)C(=O)C12CC3CC(CC(C3)C1)C2,tg,123.0,158.82193892782033
*CCN(*)C(=O)C1CC1,tg,77.0,93.7511113029062
*CCN(*)C(=O)CC(C)C,tg,30.0,28.99806967868824
*CCN(*)C(=O)CC12CC3CC(CC(C3)C1)C2,tg,139.0,123.88301544447812
*CCN(*)C(=O)CCCCC,tg,7.0,7.2665422220527605
*CCN(*)C(=O)CCCCCCCCCCC,tg,10.0,-2.120708829302807
*CCN(*)C(=O)c1c(F)c(F)c(F)c(F)c1F,tg,136.0,126.82498518874937
*CCN(*)C(=O)c1c(F)cc(F)c(F)c1F,tg,122.0,114.45410666477474
*CCN(*)C(=O)c1c(F)cc(F)cc1F,tg,135.0,116.16236681690171
*CCN(*)C(=O)c1c(F)ccc(F)c1F,tg,124.0,110.7074537558618
*CCN(*)C(=O)c1cc(F)c(F)c(F)c1F,tg,97.0,117.77472683863438
*CCN(*)C(=O)c1cc(F)cc(F)c1F,tg,110.0,107.76054621560635
*CCN(*)C(=O)c1cc(F)ccc1F,tg,112.0,103.07232186653964
*CCN(*)C(=O)c1ccc(F)c(F)c1,tg,101.0,109.2406417560248
*CCN(*)C(=O)c1ccc(F)c(F)c1F,tg,102.0,115.43014923958219
*CCN(*)C(=O)c1ccc(F)cc1,tg,104.0,105.95303260898002
*CCN(*)C(=O)c1ccc(SC(F)(F)F)cc1,tg,100.0,90.73670910286532
*CCN(*)C(=O)c1cccc(F)c1,tg,97.0,92.55240991009052
*CCN(*)C(=O)c1cccc(F)c1F,tg,110.0,102.85433375861018
*CCN(*)C(=O)c1ccccc1,tg,108.5,90.83108991107787
*CCN(*)C(=O)c1ccccc1F,tg,109.0,103.16141352480322
*CCN(*)CCOCCOC,tg,-76.0,-75.30504873439651
*CCN(CCCCCCOc1ccc(C=Cc2ccc([N+](=O)[O-])cc2)cc1)CCOC(=O)NCCCCCCNC(=O)O*,tg,29.05,47.389642059050395
*CCN(CCCCCCOc1ccc(C=Cc2ccc([N+](=O)[O-])cc2)cc1)CCOC(=O)Nc1ccc(C)c(NC(=O)O*)c1,tg,58.5,80.02543051701221
*CCN(CCCCCOc1ccc(N=Nc2ccccc2)cc1)CCOC(=O)Nc1ccc(Cc2ccc(NC(=O)O*)cc2)cc1,tg,59.6,68.4868024686039
*CCN(CCN1C(=O)c2ccc(C(c3ccc4c(c3)C(=O)N(*)C4=O)(C(F)(F)F)C(F)(F)F)cc2C1=O)c1ccc(N=Nc2ccc(C=O)cc2)cc1,tg,170.0,212.2596528179532
*CCN(CCN1C(=O)c2ccc(C(c3ccc4c(c3)C(=O)N(*)C4=O)(C(F)(F)F)C(F)(F)F)cc2C1=O)c1ccc(N=Nc2ccc([N+](=O)[O-])cc2)cc1,tg,210.0,194.0614559288203
*CCN(CCN1C(=O)c2ccc(C(c3ccc4c(c3)C(=O)N(*)C4=O)(C(F)(F)F)C(F)(F)F)cc2C1=O)c1ccc(N=Nc2ccc([N+](=O)[O-])cc2C)cc1,tg,205.0,198.76879518077084
*CCN(CCNC(=O)c1ccc2c(c1)C(=O)N(*)C2=O)c1ccc(C=Cc2ccc([N+](=O)[O-])cc2)cc1,tg,142.0,173.93493631899182
*CCN(CCOC(=O)CCC#CC#CCCC(=O)O*)c1ccc(N=Nc2c(C)cc(N=Nc3ccc(C#N)cc3)cc2C)cc1,tg,63.0,93.75256400334287
*CCN(CCOC(=O)CCC#CC#CCCC(=O)O*)c1ccc([N+](=O)[O-])cc1,tg,30.0,39.22404941565931
*CCN(CCOC(=O)NCC1(C)CC(NC(=O)O*)CC(C)(C)C1)c1ccc(C=C(C#N)C#N)cc1,tg,141.0,115.22184363963393
*CCN(CCOC(=O)NCC1(C)CC(NC(=O)O*)CC(C)(C)C1)c1ccc(N=Nc2ccc(C#N)cc2)cc1,tg,136.0,118.54452541472322
*CCN(CCOC(=O)NCC1(C)CC(NC(=O)O*)CC(C)(C)C1)c1ccc(N=Nc2ccc(P(=O)(c3ccccc3)c3ccccc3)cc2)cc1,tg,163.0,170.85374577264864
*CCN(CCOC(=O)NCCCCCCNC(=O)O*)c1ccc(N=Nc2ccc(P(=O)(c3ccccc3)c3ccccc3)cc2)cc1,tg,120.0,85.1911334241188
*CCN(CCOC(=O)NCCCCCCNC(=O)O*)c1ccccc1,tg,31.9,50.900376709819724
*CCN(CCOC(=O)Nc1ccc(-c2ccc(NC(=O)O*)c(C)c2)cc1C)c1ccc(N=Nc2ccc([N+](=O)[O-])cc2)cc1,tg,119.5,134.9995552108786
*CCN(CCOC(=O)Nc1ccc(C)c(NC(=O)O*)c1)c1ccc(-c2nc3ccc([N+](=O)[O-])cc3o2)cc1,tg,156.0,153.29016846831692
*CCN(CCOC(=O)Nc1ccc(C)c(NC(=O)O*)c1)c1ccc(C(C#N)=C(C#N)C#N)cc1,tg,125.0,126.2513726130647
*CCN(CCOC(=O)Nc1ccc(C)c(NC(=O)O*)c1)c1ccc(C=Cc2cc[n+](CCCC)cc2)cc1,tg,121.0,88.48004530255159
*CCN(CCOC(=O)Nc1ccc(C)c(NC(=O)O*)c1)c1ccc(C=Cc2ccc([N+](=O)[O-])cc2)cc1,tg,121.0,125.8259467611147
*CCN(CCOC(=O)Nc1ccc(C)c(NC(=O)O*)c1)c1ccc(N=Nc2cc(OC)c(N=Nc3ccc([N+](=O)[O-])cc3)cc2OC)cc1,tg,150.0,131.78243177190978
*CCN(CCOC(=O)Nc1ccc(C)c(NC(=O)O*)c1)c1ccc(N=Nc2ccc(-c3nc4ccc([N+](=O)[O-])cc4n3CC)cc2)cc1,tg,158.0,174.68316091927625
*CCN(CCOC(=O)Nc1ccc(C)c(NC(=O)O*)c1)c1ccc(N=Nc2ccc(B(c3c(C)cc(C)cc3C)c3c(C)cc(C)cc3C)cc2)cc1,tg,159.0,176.59422659603047
*CCN(CCOC(=O)Nc1ccc(C)c(NC(=O)O*)c1)c1ccc(N=Nc2ccc(C=Cc3nc4ccc([N+](=O)[O-])cc4n3CC)cc2)cc1,tg,171.0,179.42342590320962
*CCN(CCOC(=O)Nc1ccc(C)c(NC(=O)O*)c1)c1ccc(N=Nc2ccc([N+](=O)[O-])cc2C)c(C)c1,tg,135.0,130.0607977417474
*CCN(CCOC(=O)Nc1ccc(C)c(NC(=O)O*)c1)c1ccc(N=Nc2ccc([N+](=O)[O-])cc2C)cc1,tg,137.0,125.636381832643
*CCN(CCOC(=O)Nc1ccc(C)c(NC(=O)O*)c1)c1ccc([N+](=O)[O-])cc1C,tg,98.0,110.89571772003295
*CCN(CCOC(=O)Nc1ccc(Cc2ccc(NC(=O)O*)cc2)cc1)c1ccc(N=Nc2ccc([N+](=O)[O-])cc2)c(C)c1,tg,115.0,132.71382987916184
*CCN(CCOC(=O)Nc1ccc(Cc2ccc(NC(=O)O*)cc2)cc1)c1ccc(N=Nc2ccc([N+](=O)[O-])cc2)cc1,tg,136.4,123.6189853080001
*CCN(CCOC(=O)Nc1ccc(Cc2ccc(NC(=O)O*)cc2)cc1)c1ccc(N=Nc2ccc([N+](=O)[O-])cc2C)c(C)c1,tg,130.0,113.8530024694628
*CCN(CCOC(=O)Nc1ccc(Cc2ccc(NC(=O)O*)cc2)cc1)c1ccccc1,tg,31.9,100.8130640164042
*CCN(CCOC(=O)Nc1cccc(NC(=O)O*)c1C)c1ccc(C=Cc2ccc([N+](=O)[O-])cc2)cc1,tg,123.0,119.7248681146875
*CCN(CCOC(=O)Nc1cccc(NC(=O)O*)c1C)c1ccc(N=Nc2ccc([N+](=O)[O-])cc2)cc1,tg,147.0,123.20321721265209
*CCN(CCOC(=O)c1cc(OCCC2CCN(c3ccc(S(=O)(=O)C(F)(F)C(F)(F)C(F)(F)C(F)(F)C(F)(F)C(F)(F)C(F)(F)C(F)(F)F)cc3)CC2)cc(C(=O)O*)c1)c1ccc(S(=O)(=O)C(F)(F)C(F)(F)C(F)(F)C(F)(F)C(F)(F)C(F)(F)C(F)(F)C(F)(F)F)cc1,tg,86.0,90.61886152408054
*CCN(CCOC(=O)c1cc(OCCN(C)c2ccc(S(=O)(=O)C(F)(F)C(F)(F)C(F)(F)C(F)(F)C(F)(F)C(F)(F)C(F)(F)C(F)(F)F)cc2)cc(C(=O)O*)c1)c1ccc(S(=O)(=O)C(F)(F)C(F)(F)C(F)(F)C(F)(F)C(F)(F)C(F)(F)C(F)(F)C(F)(F)F)cc1,tg,83.0,88.2056323925109
*CCN(CCOC(=O)c1cc(OCc2c(F)c(F)c(OC)c(F)c2F)cc(C(=O)O*)c1)c1ccc(C=Cc2ccc(C=CC3=C(C#N)C(=C(C#N)C#N)OC3(c3ccccc3)C(F)(F)F)s2)cc1,tg,140.0,138.52697307084185
*CCN(CCOC(=O)c1cc(OCc2cc(OCc3ccccc3)cc(OCc3ccccc3)c2)cc(C(=O)O*)c1)c1ccc(C=Cc2ccc(C=CC3=C(C#N)C(=C(C#N)C#N)OC3(c3ccccc3)C(F)(F)F)s2)cc1,tg,130.0,142.2971865311254
*CCN(CCOC(=O)c1ccc(C(=O)O*)c(OC)c1)c1ccc(N=Nc2ccc(-c3nc4ccc([N+](=O)[O-])cc4n3CC)cc2)cc1,tg,146.0,145.1923701240001
*CCN(CCOC(=O)c1ccc(C(=O)O*)c(OC)c1)c1ccc(N=Nc2ccc(C=Cc3nc4ccc([N+](=O)[O-])cc4n3CC)cc2)cc1,tg,173.0,138.76333517300824
*CCN(CCOC(=O)c1ccc(C(=O)O*)c(OCCC)c1)c1ccc(C=C(C#N)C#N)cc1,tg,94.0,111.18502548535851
*CCN(CCOC(=O)c1ccc(C(=O)O*)c(OCCC)c1)c1ccc(N=Nc2ccc(-c3nc4cc([N+](=O)[O-])ccc4[nH]3)cc2)cc1,tg,152.0,157.6755001454947
*CCN(CCOC(=O)c1ccc(C(=O)O*)c(OCCC)c1)c1ccc(N=Nc2nc(C#N)c(C#N)[nH]2)cc1,tg,152.0,107.345994558581
*CCN(CCOC(=O)c1ccc(C(=O)O*)cc1)c1ccc(C=C(C#N)C#N)cc1,tg,127.0,91.43647977399603
*CCN(CCOC(=O)c1ccc(C(=O)O*)cc1)c1ccc(N=Nc2ccc(-c3nc4ccc([N+](=O)[O-])cc4n3CC)cc2)cc1,tg,149.0,162.05386780964298
*CCN(CCOC(=O)c1ccc([Si](C)(C)c2ccc(C(=O)O*)cc2)cc1)c1ccc(C=Cc2ccc([N+](=O)[O-])cc2)cc1,tg,127.0,103.81352126198469
*CCN(Cc1ccccc1)C(=O)S*,tg,32.0,51.3952781684783
*CCN1C(=O)c2ccc(C(c3ccc4c(c3)C(=O)N(*)C4=O)(C(F)(F)F)C(F)(F)F)cc2C1=O,tg,180.0,195.3963789169634
*CCNC(=O)CCCCC(=O)N*,tg,71.0,92.7735904831338
*CCNC(=O)c1ccc(-c2ccc(O*)cc2)cc1,tg,169.0,147.13151663258415
*CCNC(=O)c1ccc(C(=O)N*)c(Sc2ccccc2)c1,tg,172.0,133.55951660307488
*CCNC(=O)c1ccc(C(=O)NCCOc2ccc3ccc(O*)cc3c2)cc1,tg,159.0,153.24216590082685
*CCNC(=O)c1ccc([Si](C)(C)c2ccc(C(=O)NCCN(*)c3ccc(/C=C/c4ccc([N+](=O)[O-])cc4)cc3)cc2)cc1,tg,157.5,162.16359604842194
*CCNC(=O)c1ccc([Si](CCCC)(CCCC)c2ccc(C(=O)NCCN(*)c3ccc(/C=C/c4ccc([N+](=O)[O-])cc4)cc3)cc2)cc1,tg,115.0,125.31035087127007
*CCNC(=O)c1ccc([Si](c2ccccc2)(c2ccccc2)c2ccc(C(=O)NCCN(*)c3ccc(/C=C/c4ccc([N+](=O)[O-])cc4)cc3)cc2)cc1,tg,157.5,149.84438755133587
*CCNC(=O)c1ccc2cc(O*)ccc2c1,tg,182.0,128.95229893148172
*CCNC(=O)c1cccc(C(=O)NCCOc2ccc3c(O*)cccc3c2)c1,tg,155.5,157.0436193806336
*CCNC(=O)c1cccc(C(=O)NCCOc2ccc3ccc(O*)cc3c2)c1,tg,143.0,150.70057515078145
*CCNC(=O)c1cccc(C(=O)NCCOc2cccc3c(O*)cccc23)c1,tg,171.0,155.79498433043366
*CCOC(=O)C(C)O*,tg,-21.0,-8.569641527279606
*CCOC(=O)C1C2C=CC(C2)C1C(=O)O*,tg,0.0,82.34130281483684
*CCOC(=O)C1CCC(C(=O)O*)CC1,tg,25.0,45.441971040154705
*CCOC(=O)C1CCC(C(=O)OCCOc2ccc(C(C)(C)c3ccc(O*)cc3)cc2)CC1,tg,57.0,47.3684074687746
*CCOC(=O)CC(C)O*,tg,-37.1,-49.44575609577586
*CCOC(=O)CCC(=O)OCCOC(=O)c1ccc(C(=O)O*)cc1,tg,23.0,17.126407878099513
*CCOC(=O)CCCCC(=O)OCCOC(=O)c1ccc(C(=O)O*)cc1,tg,6.0,4.016331138550847
*CCOC(=O)CCCCCC(=O)O*,tg,-54.0,-47.86394391002123
*CCOC(=O)CCCCCCC(=O)OCCOC(=O)c1ccc(C(=O)O*)cc1,tg,-1.33,4.830863913942699
*CCOC(=O)CCCCCCCC(=O)O*,tg,-45.0,-57.435592969483245
*CCOC(=O)CCCCCCCCC(=O)O*,tg,-37.16,-43.5043615175389
*CCOC(=O)CCSCCC(=O)O*,tg,-47.0,-41.4121740299567
*CCOC(=O)NC1CCC(CC2CCC(NC(=O)OCCOc3ccc(C4(c5ccc(O*)cc5)c5ccccc5-c5ccccc54)cc3)CC2)CC1,tg,140.0,139.90910919840468
*CCOC(=O)NCC1(C)CC(NC(=O)O*)CC(C)(C)C1,tg,84.0,97.53214045253826
*CCOC(=O)NCCCCCCCCCCNC(=O)O*,tg,60.8,31.692519247141753
*CCOC(=O)NCCCCCCCCCNC(=O)O*,tg,44.0,33.331218765306225
*CCOC(=O)NCCCCCCNC(=O)OCCOc1ccc(C2(c3ccc(O*)cc3)c3ccccc3-c3ccccc32)cc1,tg,61.0,130.90200711273988
*CCOC(=O)Nc1ccc(C)c(NC(=O)OCCOc2ccc(C3(c4ccc(O*)cc4)c4ccccc4-c4ccccc43)cc2)c1,tg,175.0,139.79422251839722
*CCOC(=O)Nc1ccc(CCCc2ccc(NC(=O)O*)cc2)cc1,tg,74.1,101.17251325630869
*CCOC(=O)Nc1ccc(CCc2ccc(NC(=O)O*)cc2)cc1,tg,116.9,70.93440051094126
*CCOC(=O)Nc1ccc(Cc2ccc(NC(=O)OCCOc3ccc(O*)cc3)cc2)cc1,tg,98.0,74.86701483672866
*CCOC(=O)O*,tg,15.33,1.5810993803775784
*CCOC(=O)c1ccc(-c2ccc(C(=O)O*)cc2C)c(C)c1,tg,73.0,101.06653710098904
*CCOC(=O)c1ccc(C(=O)O*)cc1,tg,77.74,71.44813342289328
*CCOC(=O)c1ccc(C(C#N)=C(c2ccc(OC)cc2)N2CCC(*)CC2)cc1,tg,171.5,129.2008433417788
*CCOC(=O)c1ccc(C(C)(CC)c2ccc(C(=O)O*)cc2)cc1,tg,94.0,105.58252450698524
*CCOC(=O)c1ccc(C2(C)CC(C)(C)c3ccc(C(=O)O*)cc32)cc1,tg,154.0,139.55096305488055
*CCOC(=O)c1ccc(O*)cc1,tg,77.67,70.58950431421319
*CCOC(=O)c1cccc(C(=O)O*)c1,tg,56.5,65.13927473918035
*CCOC(=O)c1cccc2c(C(=O)O*)cccc12,tg,75.0,100.8767917828326
*CCOC(=O)c1ccccc1C(=O)O*,tg,70.88,64.81191463618464
*CCOCCC(=O)O*,tg,-35.55,-61.38859582804128
*CCOCCOC(=O)C(C)C(=O)O*,tg,-29.0,-17.957067220516404
*CCOCCOC(=O)C(CCCCC)C(=O)O*,tg,-47.0,-46.385671595211235
*CCOCCOC(=O)C(CCCCCCC)C(=O)O*,tg,-58.0,-43.62448380710532
*CCOCCOC(=O)C1CCC(C(=O)O*)CC1,tg,-10.15,5.896736369189977
*CCOCCOC(=O)C=CC(=O)NCCCCCCNC(=O)C=CC(=O)O*,tg,76.0,7.392445466141844
*CCOCCOC(=O)CC(=O)O*,tg,-41.5,-27.03894904520488
*CCOCCOC(=O)CCC(=O)O*,tg,-41.51,-36.98762722454364
*CCOCCOC(=O)CCCC(=O)O*,tg,-55.0,-51.86486121613029
*CCOCCOC(=O)CCCCCC(=O)O*,tg,-59.67,-60.76897030028567
*CCOCCOC(=O)CCCCCCCCC(=O)O*,tg,-74.5,-58.03977965150296
*CCOCCOC(=O)O*,tg,-40.0,-24.97576726097279
*CCOCCOC(=O)c1ccc(-c2ccc(C(=O)O*)cc2)cc1,tg,53.5,41.760879067323955
*CCOCCOC(=O)c1ccc(NC=Nc2ccc(C(=O)O*)cc2)cc1,tg,77.0,80.19766267477297
*CCOCCOC(=O)c1ccccc1C(=O)O*,tg,-50.0,38.72436586959678
*CCOCCOCCN1C(=O)c2ccc(C(=O)Oc3ccc(-c4ccc(OC(=O)c5ccc6c(c5)C(=O)N(*)C6=O)cc4)cc3)cc2C1=O,tg,109.0,107.97804322146112
*CCOCCOCCN1C(=O)c2ccc(C(=O)Oc3ccc(OC(=O)c4ccc5c(c4)C(=O)N(*)C5=O)c(-c4ccccc4)c3)cc2C1=O,tg,105.0,113.35108643240316
*CCOCCOCCN1C(=O)c2ccc(C(=O)Oc3ccc(OC(=O)c4ccc5c(c4)C(=O)N(*)C5=O)cc3)cc2C1=O,tg,105.0,94.25303637898739
*CCOCCOCCN1C(=O)c2ccc(C(=O)Oc3ccc4cc(OC(=O)c5ccc6c(c5)C(=O)N(*)C6=O)ccc4c3)cc2C1=O,tg,105.0,101.49731557217926
*CCOCCOCCOC(=O)CCCCC(=O)O*,tg,-49.0,-53.365474229237904
*CCOCCOCCOC(=O)CCCCCC(=O)O*,tg,-54.0,-57.27809923883965
*CCOCCOCCOC(=O)c1cc(N=Nc2ccc(OCC)cc2)ccc1-c1ccc(N=Nc2ccc(OCC)cc2)cc1C(=O)O*,tg,65.0,69.92899852635576
*CCOCCOCCOC(=O)c1ccc(-c2ccc(C(=O)O*)cc2)cc1,tg,20.0,17.065602775203043
*CCOCCOCCOCCOC(=O)c1ccc(-c2ccc(-c3ccc(C(=O)O*)cc3)cc2)cc1,tg,20.0,16.148116351460512
*CCOCCOCCOCCOC(=O)c1ccc(-c2ccc(C(=O)O*)cc2)cc1,tg,4.0,20.106814981869952
*CCOCCOCCOCCOCCOCCOCCOCCOCCOCCOC(=O)c1ccc(-c2ccc(-c3ccc(C(=O)O*)cc3)cc2)cc1,tg,13.33,-10.062470192616377
*CCOCCOCCOCCOCCOCCOc1ccc(C(=O)Nc2cc(NC(=O)c3ccc(O*)cc3)cc(-c3nc4ccccc4[nH]3)c2)cc1,tg,125.0,133.07074381064078
*CCOCCOCCOCCOCCOc1ccc(C(=O)Nc2cc(NC(=O)c3ccc(O*)cc3)cc(-c3nc4ccccc4[nH]3)c2)cc1,tg,145.0,142.1606071269601
*CCOCCOCCOCCOc1ccc(/C=C(\C)c2ccc(O*)cc2)cc1,tg,7.5,14.864638955750443
*CCOCCOCCOc1ccc(/C=C(\C)c2ccc(O*)cc2)cc1,tg,15.33,34.31596622510725
*CCOCCOCCOc1ccc(C(=O)Nc2cc(NC(=O)c3ccc(O*)cc3)cc(-c3nc4ccccc4[nH]3)c2)cc1,tg,165.0,150.5201933262276
*CCOCCOCCOc1ccc(C=Cc2cc(OC)c(C=Cc3ccc(O*)c4ccccc34)cc2OC)c2ccccc12,tg,79.5,88.64248915942454
*CCOCCOCCOc1ccc(C=Cc2ccc(C=Cc3ccc(O*)c4ccccc34)cc2)c2ccccc12,tg,83.5,102.05712643492218
*CCOCCOCCOc1cccc(NC(=O)c2ccc(C(=O)Nc3cccc(O*)c3)cc2)c1,tg,116.0,115.03373342819538
*CCOCCOCCOc1cccc(NC(=O)c2cccc(C(=O)Nc3cccc(O*)c3)c2)c1,tg,111.0,111.9020338242068
*CCOCCOP(=O)(N=Nc1ccc(C(=O)c2ccc(N=NP(=O)(O*)OC)cc2)cc1)OC,tg,33.0,47.601406726665324
*CCOCCOP(=O)(N=Nc1ccc(Oc2ccc(N=NP(=O)(O*)OC)cc2)cc1)OC,tg,32.0,31.008890234994837
*CCOCCOc1ccc(C(=O)OC(=O)c2ccc(O*)cc2)cc1,tg,41.0,45.482372149853205
*CCOCCOc1ccc(C=C(C)c2ccc(O*)cc2)cc1,tg,39.0,35.931508084634565
*CCOCCOc1ccc(NC=Nc2ccc(O*)cc2)cc1,tg,62.0,58.021337051989505
*CCOCCOc1cccc(NC(=O)c2ccc(C(=O)Nc3cccc(O*)c3)cc2)c1,tg,140.0,135.3981505082182
*CCOCCOc1cccc(NC(=O)c2cccc(C(=O)Nc3cccc(O*)c3)c2)c1,tg,128.5,132.1199856917212
*CCOP(=O)(N=Nc1ccc(CCOC(=O)c2cc(C(=O)OCCc3ccc(N=NP(=O)(O*)OC)cc3)cc(C(C)(C)C)c2)cc1)OC,tg,84.0,90.54905889878401
*CCOP(=O)(N=Nc1ccc(COC(=O)c2cc(C(=O)OCc3ccc(N=NP(=O)(O*)OC)cc3)cc(C(C)(C)C)c2)cc1)OC,tg,105.0,72.58429368036342
*CCOP(=O)(N=Nc1ccc(Oc2ccc(N=NP(=O)(O*)OCC)cc2)cc1)OCC,tg,22.0,38.624498609739845
*CCOc1ccc(C2(c3ccc(OCCO[Si](O*)(c4ccccc4)c4ccccc4)cc3)c3ccccc3-c3ccccc32)cc1,tg,97.0,143.73326831942617
*CCOc1ccc(C=C2CCC(=Cc3ccc(OCCOP(=O)(O*)OC)c(OC)c3)C2=O)cc1OC,tg,99.0,84.1441320513713
*CCOc1ccc(C=C2CCC(=Cc3ccc(OCCOP(=O)(O*)OCC)c(OC)c3)C2=O)cc1OC,tg,80.0,94.55535794624825
*CCOc1ccc(S(=O)(=O)c2ccc(OCCOP(=O)(O*)Oc3ccc(Br)cc3)cc2)cc1,tg,59.0,54.99044078062382
*CCOc1ccc(S(=O)(=O)c2ccc(OCCOP(=O)(O*)Oc3ccc(C)cc3)cc2)cc1,tg,46.0,58.640885821842836
*CCOc1ccc(S(=O)(=O)c2ccc(OCCOP(=O)(O*)Oc3ccc([N+](=O)[O-])cc3)cc2)cc1,tg,56.0,72.37948818642104
*CCOc1ccc(S(=O)(=O)c2ccc(OCCOP(=O)(O*)Oc3ccccc3)cc2)cc1,tg,49.0,50.688252021859874
*CCS*,tg,-5.5,-45.00756461428766
*CCSCCOC(=O)CCC(=O)O*,tg,-34.0,-46.04803900758084
*CCSCc1ccc(Cc2ccc(CSCCOC(=O)CCSCc3ccc(Cc4ccc(CSCCC(=O)O*)cc4)cc3)cc2)cc1,tg,-4.6,4.427488691100313
*CCSCc1ccc(Cc2ccc(CSCCOC(=O)CSCc3ccc(Cc4ccc(CSCC(=O)O*)cc4)cc3)cc2)cc1,tg,-1.25,17.21496614040024
*CCSS*,tg,-27.0,-59.44783946368111
*CCSSSSCCO*,tg,-40.0,-63.5807376249774
*CC[CH2][Sn]([CH3])([CH3])[CH2]CCOC(=O)C(CCCCCCOc1ccc(-c2ccc(OCc3ccc([N+](=O)[O-])cc3)cc2)cc1)C(=O)O*,tg,40.5,35.82821697560946
*CCc1cc(C)c(*)cc1C,tg,95.0,74.79965343842875
*CCc1cc(Cl)c(*)c(Cl)c1,tg,110.0,118.53421833605654
*CCc1ccc(*)c(C#N)c1,tg,90.0,132.14134759078618
*CCc1ccc(*)c(C)c1,tg,54.38,78.11906852746255
*CCc1ccc(*)c(CCCC)c1,tg,20.0,34.141570756813685
*CCc1ccc(*)c(Cl)c1,tg,63.69,74.07366437488517
*CCc1ccc(*)c2ccccc12,tg,160.0,180.68946644461204
*CCc1ccc(CCNC(=O)CCCCCCCCCC(=O)N*)cc1,tg,96.0,91.1152573932611
*CCc1ccc(CCNC(=O)CCCCCCCCCCCCC(=O)N*)cc1,tg,93.0,80.82359326066592
*CCc1ccc(CCNC(=O)CCCCCCCCCCCCCCCCC(=O)N*)cc1,tg,75.0,79.74495336141469
*CN1C(=O)c2ccc(C(c3ccc4c(c3)C(=O)N(Cc3nc5cc(-c6ccc7oc(*)nc7c6)ccc5o3)C4=O)(C(F)(F)F)C(F)(F)F)cc2C1=O,tg,231.0,267.4099578981579
*CN1C(=O)c2ccc(C(c3ccc4c(c3)C(=O)N(Cc3nc5cc(C(c6ccc7oc(*)nc7c6)(C(F)(F)F)C(F)(F)F)ccc5o3)C4=O)(C(F)(F)F)C(F)(F)F)cc2C1=O,tg,225.0,222.63392996699017
*CN1C(=O)c2ccc(C(c3ccc4c(c3)C(=O)N(Cc3nc5ccc(Cc6ccc7nc(*)oc(=O)c7c6)cc5c(=O)o3)C4=O)(C(F)(F)F)C(F)(F)F)cc2C1=O,tg,218.0,231.9800332787673
*CN1C(=O)c2ccc(C(c3ccc4c(c3)C(=O)N(Cc3nnc(-c5ccc(-c6nnc(*)o6)c(Oc6ccccc6)c5)o3)C4=O)(C(F)(F)F)C(F)(F)F)cc2C1=O,tg,208.0,202.59199128575588
*CN1C(=O)c2ccc(C(c3ccc4c(c3)C(=O)N(Cc3nnc(-c5ccc(Oc6ccc(-c7nnc(*)o7)cc6)cc5)o3)C4=O)(C(F)(F)F)C(F)(F)F)cc2C1=O,tg,210.0,216.47379360242658
*CNC(=O)CCCCC(=O)NCC1COC(*)CO1,tg,93.0,82.67915940604148
*CNC(=O)CCCCCCCCC(=O)NCC1COC(*)CO1,tg,73.0,70.50455744692623
*CNC(=O)OCC(OC(=O)NCc1ccc(*)o1)c1ccco1,tg,30.0,70.48805994157433
*CNC(=O)OCC(OC(=O)NCc1ccc(C(CCC)c2ccc(*)o2)o1)c1ccco1,tg,43.0,72.40703068413805
*CNC(=O)OCCOC(=O)NCc1ccc(C(C)(C)c2ccc(*)o2)o1,tg,50.0,45.49310581415991
*CO*,tg,-53.97,-28.23680655863221
*COC(=O)NCCCCCCNC(=O)OCc1ccc(*)o1,tg,33.0,34.26448896121625
*COC(=O)Nc1ccc(Cc2ccc(NC(=O)OCc3cocc3*)cc2)cc1,tg,45.0,105.66562488211943
*COC(=O)OC1C(*)OC2OC(C)(C)OC21,tg,128.0,112.27384494501213
*COC(=O)OCC1OC(C)(C)OC1*,tg,51.38,72.67672988327061
*COC(=O)OCC1OC(OCC)OC1*,tg,51.38,38.84837944631346
*COC(=O)c1ccc(C(C#N)=C(c2ccc(OC)cc2)N2CCCC(*)C2)cc1,tg,171.5,166.70077952363982
*COCOc1ccc(C(=O)OC(=O)c2ccc(O*)cc2)cc1,tg,57.0,95.24976556349796
*COc1ccc(C(C)(C)c2ccc(Oc3ccc(*)n3-c3ccc(C#N)cc3)cc2)cc1,tg,73.13,124.50308730189465
*COc1ccc(C(C)(C)c2ccc(Oc3ccc(*)n3-c3ccc([N+](=O)[O-])cc3)cc2)cc1,tg,76.75,125.64507518145767
*COc1ccc(C(c2ccc(O*)cc2)(C(F)(F)F)C(F)(F)F)cc1,tg,123.0,106.97592159900735
*C[Si](*)(C)C,tg,-91.17,-2.857921209753322
*C[Si](*)(C)CCCCCC,tg,-77.6,-49.717402876403064
*C[Si](*)(C)CCCOCCOCCOC,tg,-73.3,-71.26817979293753
*C[Si](*)(C)CCCn1c2ccccc2c2ccccc21,tg,71.2,56.136274115475686
*C[Si](*)(C)c1ccccc1,tg,28.0,15.803537817118205
*C[Si](*)(CCC)CCC,tg,-41.0,-32.92581144196347
*C[Si](*)(CCCC)CCCC,tg,-30.0,-42.54158896245837
*C[Si](*)(CCCCC)CCCCC,tg,-55.0,-39.77240018936395
*C[Si](C)(C)[Si](C)(C)[Si](C)(C)[Si](*)(C)C,tg,-68.0,3.5333033517634878
*Cc1c(C)c(C)c(CNC(=O)CCCC(=O)N*)c(C)c1C,tg,192.0,131.32903532778644
*Cc1cc(C)c(CNC(=O)c2ccc(C(=O)N*)cc2)cc1C,tg,225.0,198.12547087214867
*Cc1cc(C23CC4CC(CC(C4)C2)C3)cc(CN(*)C)c1O,tg,188.8,141.17114364063508
*Cc1cc(C23CC4CC(CC(C4)C2)C3)cc(CN(*)c2ccccc2)c1O,tg,109.4,204.03954327395027
*Cc1cc(CNC(=O)CCCCC(=O)N*)cc(C(C)(C)C)c1,tg,109.0,121.90779956775023
*Cc1cc(CNC(=O)c2cccc(C(=O)N*)c2)cc(C(C)(C)C)c1,tg,188.0,177.75674353498937
*Cc1cc(COC(=O)Nc2ccc(Cc3ccc(NC(=O)O*)cc3)cc2)cc(C(C)(C)C)c1,tg,114.0,123.98745986435407
*Cc1cc2cc(C(=O)Nc3ccc(C(c4ccc(NC(=O)c5cc6cc(*)c(OC(=O)COc7ccc8ccc(=O)oc8c7)cc6oc5=O)cc4)(C(F)(F)F)C(F)(F)F)cc3)c(=O)oc2cc1OC(=O)COc1ccc2ccc(=O)oc2c1,tg,257.0,256.412283292089
*Cc1cc2cc(C(=O)Nc3ccc(Cc4ccc(NC(=O)c5cc6cc(*)c(OC(=O)COc7ccc8ccc(=O)oc8c7)cc6oc5=O)cc4)cc3)c(=O)oc2cc1OC(=O)COc1ccc2ccc(=O)oc2c1,tg,221.0,221.64701302720718
*Cc1cc2cc(C(=O)Nc3ccc(NC(=O)c4cc5cc(*)c(OC(=O)COc6ccc7ccc(=O)oc7c6)cc5oc4=O)cc3)c(=O)oc2cc1OC(=O)COc1ccc2ccc(=O)oc2c1,tg,252.0,235.10068929233685
*Cc1cc2cc(C(=O)Nc3ccc(Oc4ccc(NC(=O)c5cc6cc(*)c(OC(=O)COc7ccc8ccc(=O)oc8c7)cc6oc5=O)cc4)cc3)c(=O)oc2cc1OC(=O)COc1ccc2ccc(=O)oc2c1,tg,226.0,246.16727309983756
*Cc1cc2cc(C(=O)Nc3cccc(NC(=O)c4cc5cc(*)c(OC(=O)COc6ccc7ccc(=O)oc7c6)cc5oc4=O)c3)c(=O)oc2cc1OC(=O)COc1ccc2ccc(=O)oc2c1,tg,240.0,242.5031620277754
*Cc1ccc(C(C)(C)c2ccc(CN3C(=O)c4ccc(-c5ccc6c(c5)C(=O)N(*)C6=O)cc4C3=O)o2)o1,tg,129.0,207.5754611689423
*Cc1ccc(C(C)(C)c2ccc(CN3C(=O)c4ccc(Oc5ccc6c(c5)C(=O)N(*)C6=O)cc4C3=O)o2)o1,tg,116.0,147.16389974295205
*Cc1ccc(C(C)c2ccc(CN3C(=O)c4ccc(Oc5ccc6c(c5)C(=O)N(*)C6=O)cc4C3=O)o2)o1,tg,129.0,142.94922103292996
*Cc1ccc(CNC(=O)CC(C)(C)CC(C)C(=O)N*)cc1,tg,125.0,105.16215651199008
*Cc1ccc(CNC(=O)CCCCCCCCCC(=O)N*)cc1,tg,108.8,95.39037726788337
*Cc1ccc(CNC(=O)CCCCCCCCCCCC(=O)N*)cc1,tg,100.0,95.89149288189346
*Cc1ccc(CNC(=O)CCCCCCCCCCCCCCCCC(=O)N*)cc1,tg,75.0,83.38453851123279
*Cc1ccc(COC(=O)Cc2ccc(C(=O)O*)cc2)cc1,tg,47.0,94.49364115589462
*Cc1ccc(COC(=O)c2cccc(C(=O)O*)c2)cc1,tg,143.0,69.56233906712002
*Cc1ccc(COP(=O)(N=Nc2ccc(-c3ccc(N=NP(=O)(O*)OC)cc3)cc2)OC)cc1,tg,48.0,75.70644129550497
*Cc1ccc(COP(=O)(N=Nc2ccc(Oc3ccc(N=NP(=O)(O*)OC)cc3)cc2)OC)cc1,tg,50.0,53.15355711634513
*Cc1ccc(CSS*)cc1,tg,23.0,34.442044632658096
*Cc1ccc(C[n+]2ccc(-c3cc[n+](*)cc3)cc2)cc1,tg,95.0,113.57390356678172
*Cc1ccc2nc(-c3cc(-c4nc5ccc(*)cc5c(=O)o4)cc(N4C(=O)c5ccccc5C4=O)c3)oc(=O)c2c1,tg,322.0,331.54748069762377
*Cc1ccc2oc(=O)c(C(=O)Nc3ccc(C(c4ccc(NC(=O)c5cc6cc(*)ccc6oc5=O)cc4)(C(F)(F)F)C(F)(F)F)cc3)cc2c1,tg,329.0,268.1497046512242
*Cc1ccc2oc(=O)c(C(=O)Nc3ccc(Oc4ccc(C(c5ccc(Oc6ccc(NC(=O)c7cc8cc(*)ccc8oc7=O)cc6)cc5)(C(F)(F)F)C(F)(F)F)cc4)cc3)cc2c1,tg,283.0,282.18173802364913
*Cc1ccc2oc(=O)c(C(=O)Nc3ccc(Oc4ccc(NC(=O)c5cc6cc(*)ccc6oc5=O)cc4)cc3)cc2c1,tg,312.0,273.4118215274592
*Cc1ccc2oc(=O)c(C(=O)Nc3ccc(Oc4ccc(Oc5ccc(NC(=O)c6cc7cc(*)ccc7oc6=O)cc5)cc4)cc3)cc2c1,tg,290.0,270.5791449910442
*Cc1cccc(CNC(=O)C=C(C)C(=O)N*)c1,tg,135.0,111.19041344868126
*Cc1cccc(CNC(=O)CCCCC(=O)N*)c1,tg,81.05,92.73664871916385
*Cc1cccc(CNC(=O)c2cccc(C(=O)N*)c2)c1,tg,167.33,182.36150342707472
*Cc1cccc(CNC(=O)c2ccccc2-c2ccccc2C(=O)N*)c1,tg,159.0,167.6760778770912
*Cc1cccc(C[n+]2ccc(-c3cc[n+](*)cc3)cc2)c1,tg,128.0,112.06288843903698
*Cc1ccccc1CN(CC)c1ccc(/C=C(\C#N)C(=O)Nc2cccc(NC(=O)/C(C#N)=C/c3ccc(N(*)CC)cc3)c2)cc1,tg,188.0,162.35672683344495
*Cc1ccccc1CSS*,tg,39.0,41.41675909579015
*Cc1ccccc1C[n+]1ccc(-c2cc[n+](*)cc2)cc1,tg,70.5,130.01649962235214
*Cc1ccccc1[Si](*)(C)C,tg,48.0,125.37812871619073
*Cc1ccccc1[Si](*)(C)c1ccccc1,tg,93.8,93.52951976556143
*Cc1ccccc1[Si](*)(c1ccccc1)c1ccccc1,tg,122.0,100.18225415274655
*N1CCOC1(*)CC,tg,55.0,76.03091201519523
*N=Nc1ccc(C(=O)NCCCCNC(=O)c2ccc(*)cc2)cc1,tg,215.0,176.43914141201387
*N=Nc1ccc(NC(=O)CCC(=O)Nc2ccc(*)cc2)cc1,tg,220.0,194.9216824714465
*N=Nc1ccc(Nc2ccc(C(=O)c3ccc(C(=O)c4ccc(Nc5ccc(*)cc5)cc4)cc3)cc2)cc1,tg,203.0,210.18925139268129
*N=Nc1ccc(Nc2ccc(C(=O)c3ccc(Nc4ccc(*)cc4)cc3)cc2)cc1,tg,216.42,220.14301278633144
*N=P(*)(NCC)NCC,tg,30.0,-19.282958479111215
*N=P(*)(OCC(F)(F)C(F)(F)F)OCC(F)(F)C(F)(F)F,tg,-65.0,-73.14317170001887
*N=P(*)(OCC(F)(F)F)OCC(F)(F)F,tg,-66.57,-44.110301587568244
*N=P(*)(OCC=Cc1ccccc1)OCC=Cc1ccccc1,tg,1.0,10.162881838570256
*N=P(*)(OCCC)OCCC,tg,-100.0,-75.22651372429262
*N=P(*)(OCCC)OCCCCC,tg,-100.0,-89.66833264157506
*N=P(*)(OCCCCC)OCCCCC,tg,-104.0,-94.89829184216309
*N=P(*)(OCCCCCCC)OCCCCCCC,tg,-94.0,-91.48671841514694
*N=P(*)(OCCCCCCCCC)OCCCCCCCCC,tg,-56.0,-86.46960736686839
*N=P(*)(OCCOC)OCCOC,tg,-75.0,-81.20399898732528
*N=P(*)(OCCOCCOCC)OCCOCCOCC,tg,-78.0,-83.80772550723582
*N=P(*)(OCCOCCOCCCC)OCCOCCOCCCC,tg,-84.0,-80.27227410702274
*N=P(*)(OCCc1ccccc1)OCCc1ccccc1,tg,-32.7,5.1944673905868815
*N=P(*)(OCc1ccc(-c2ccccc2)cc1)OCc1ccc(-c2ccccc2)cc1,tg,52.0,73.04783325778719
*N=P(*)(OCc1ccc(Br)cc1)OCc1ccc(Br)cc1,tg,-0.8,8.479957594798186
*N=P(*)(Oc1ccc(C(C)C)cc1)Oc1ccc(C(C)C)cc1,tg,0.0,70.083669124461
*N=P(*)(Oc1ccc(C)cc1)Oc1ccc(C)cc1,tg,0.3,69.63493308753979
*N=P(*)(Oc1ccc(Cl)cc1Cl)Oc1ccc(Cl)cc1Cl,tg,2.0,69.23635851571888
*N=P(*)(Oc1ccc(F)cc1)Oc1ccc(F)cc1,tg,-10.0,28.793632847743755
*N=P(*)(Oc1ccc2ccccc2c1)Oc1ccc2ccccc2c1,tg,47.0,130.7876143912833
*N=P(*)(Oc1cccc(C(F)(F)F)c1)Oc1cccc(C(F)(F)F)c1,tg,-35.0,53.098421122522566
*N=P(*)(Oc1cccc(C)c1)Oc1cccc(C)c1,tg,-25.0,47.51485961293202
*N=P(N=P(N=S(*)(=O)NC)(NC)NC)(NC)NC,tg,22.0,22.60240697718796
*N=P(N=P(N=S(*)(=O)NCC)(NCC)NCC)(NCC)NCC,tg,4.0,20.414434955266287
*N=P(N=P(N=S(*)(=O)NCCCC)(NCCCC)NCCCC)(NCCCC)NCCCC,tg,-17.0,15.973381755764276
*N=P1(*)Oc2ccccc2-c2ccccc2O1,tg,160.0,114.65960858233437
*NC(=O)NCCCCCCNC(=O)Nc1cccc(*)n1,tg,169.67,104.96016503088164
*NC(=O)Nc1ccc(Cc2ccc(NC(=O)Nc3cccc(*)n3)cc2)cc1,tg,216.67,214.19612673262918
*NC(C#N)=C(C#N)NC(=O)c1ccc(C(*)=O)cc1,tg,232.0,226.09828599342137
*NC(C)CC(*)=O,tg,115.0,109.86352392607175
*NC(CCC(=O)Nc1ccc(N(c2ccccc2)c2ccccc2)cc1)C(*)=O,tg,132.0,172.0962994224338
*NC(CCC(=O)OCC)C(*)=O,tg,-27.33,7.0321036651633
*NC(CCC(=O)OCCCC)C(*)=O,tg,-39.33,-11.248158829524371
*NC(CCC(=O)OCCCCC)C(*)=O,tg,-20.0,-37.987193758093255
*NC(CCC(=O)OCCCCCC)C(*)=O,tg,-48.33,-33.65536951397982
*NC(CCC(=O)OCCCCCCCC)C(*)=O,tg,-59.5,-32.657275125717064
*NC(CCC(=O)OCc1ccc(C(F)(F)F)cc1)C(*)=O,tg,26.57,41.60254203274503
*NC(CCC(=O)OCc1ccc(F)cc1)C(*)=O,tg,46.9,33.23366424620161
*NC(CCC(=O)OCc1ccc([N+](=O)[O-])cc1)C(*)=O,tg,53.15,68.32874023785969
*NC1CC(C)(C)CC(C)(CNC(=O)c2cc(NC(=O)C(C(C)CC)N3C(=O)c4ccccc4C3=O)cc(C(*)=O)c2)C1,tg,128.0,191.98990219765886
*NC1CCC(CC(C)(C)NC(=O)CCCCC(*)=O)CC1,tg,80.0,134.93329833265182
*NC1CCC(CC2CCC(NC(=O)CCCCC(*)=O)CC2)CC1,tg,173.33,129.4177704833857
*NC1CCC(CC2CCC(NC(=O)CCCCCCCCC(*)=O)CC2)CC1,tg,139.33,125.85578117544696
*NC1CCC(CC2CCC(NC(=O)CCCCCCCCCCC(*)=O)CC2)CC1,tg,139.67,122.27836766384804
*NC1CCC(CC2CCC(NC(=O)CCCCCCCCCCCCC(*)=O)CC2)CC1,tg,131.0,111.26401737271759
*NC1CCC(CCC2CCC(NC(=O)CCCCCCCCCCC(*)=O)CC2)CC1,tg,105.0,124.66138129855135
*NCCCCCCNc1nc(*)nc(-c2ccccc2)n1,tg,95.0,77.11917042536864
*NNC(=O)C=CC(=O)NCCCCCCNC(=O)C=CC(*)=O,tg,102.4,121.21940250588264
*NNC(=O)c1cc(NC(=O)c2ccc3c(c2)C(=O)N(c2ccc(C)cn2)C3=O)cc(C(=O)NNC(=O)C(*)=O)c1,tg,146.4,184.30409368468804
*NNC(=O)c1cc(NC(=O)c2ccc3c(c2)C(=O)N(c2ccc(C)cn2)C3=O)cc(C(=O)NNC(=O)c2ccc(C(*)=O)cc2)c1,tg,145.6,152.511432107002
*NNC(=O)c1cc(NC(=O)c2ccc3c(c2)C(=O)N(c2ncccc2C)C3=O)cc(C(=O)NNC(=O)C(*)=O)c1,tg,134.1,175.061935962432
*NNC(=O)c1cc(NC(=O)c2ccc3c(c2)C(=O)N(c2ncccc2C)C3=O)cc(C(=O)NNC(=O)CC(*)=O)c1,tg,156.3,164.99108325439173
*NNC(=O)c1cc(NC(=O)c2ccc3c(c2)C(=O)N(c2ncccc2C)C3=O)cc(C(=O)NNC(=O)CCCC(*)=O)c1,tg,131.7,152.32029925736342
*NNC(=O)c1cc(NC(=O)c2ccc3c(c2)C(=O)N(c2ncccc2C)C3=O)cc(C(=O)NNC(=O)c2ccc(C(*)=O)cc2)c1,tg,130.3,151.34028942491062
*NNC(=O)c1ccc(C(*)=O)cc1OCC,tg,240.0,179.22007347888834
*NNC(=O)c1ccc(C(*)=O)cc1OCCCCC,tg,234.0,164.11943631668183
*NNC(=O)c1ccc(C(=O)NNC(=O)c2ccc([Si](c3ccccc3)(c3ccccc3)c3ccc(C(*)=O)cc3)cc2)c2ccccc12,tg,271.5,236.98656110711315
*NNC(=O)c1ccccc1C(=O)NCCCCCCNC(=O)c1ccccc1C(*)=O,tg,224.5,161.74851934190173
*NNC(=O)c1ccccc1C(=O)Nc1cccc(C=C2CCCC(=Cc3cccc(NC(=O)c4ccccc4C(*)=O)c3)C2=O)c1,tg,195.0,224.5673933202348
*Nc1c(C)c(C)c(C(=O)c2ccc(NC(=O)c3ccc(C(*)=O)cc3)cc2)c(C)c1C,tg,366.0,298.75487337570746
*Nc1cc(NC(=O)C(*)=O)ccc1C,tg,-54.65,212.26347156843283
*Nc1cc(NC(=O)CCCCC(*)=O)cc(-c2nnc(-c3ccccn3)o2)c1,tg,159.0,140.22096899047028
*Nc1cc(NC(=O)NC2CCC(CC3CCC(NC(*)=O)CC3)CC2)cc(C(=O)Nc2ccc3c(c2)C(=O)c2ccccc2C3=O)c1,tg,148.0,245.94510728518387
*Nc1cc(NC(=O)NC2CCC(CC3CCC(NC(*)=O)CC3)CC2)cc(C(=O)Nc2cccc3c2C(=O)c2ccccc2C3=O)c1,tg,156.0,240.71301737276426
*Nc1cc(NC(=O)Nc2ccc(CCc3ccccc3NC(*)=O)cc2)ccc1C,tg,227.0,171.27855166026654
*Nc1cc(NC(=O)Nc2ccc(Cc3ccc(NC(*)=O)cc3)cc2)cc(C(=O)Nc2ccc3c(c2)C(=O)c2ccccc2C3=O)c1,tg,168.0,182.7930735680093
*Nc1cc(NC(=O)Nc2ccc(Cc3ccc(NC(*)=O)cc3)cc2)cc(C(=O)Nc2cccc3c2C(=O)c2ccccc2C3=O)c1,tg,178.0,190.31980769708545
*Nc1cc(NC(=O)Nc2ccc(NC(*)=O)cc2)cc(C(=O)Nc2ccc3c(c2)C(=O)c2ccccc2C3=O)c1,tg,184.0,180.80407259923456
*Nc1cc(NC(=O)Nc2ccc(NC(*)=O)cc2)cc(C(=O)Nc2cccc3c2C(=O)c2ccccc2C3=O)c1,tg,190.0,189.933806841945
*Nc1cc(NC(=O)c2cc(NC(=O)C(C(C)CC)N3C(=O)c4ccccc4C3=O)cc(C(*)=O)c2)ccc1C,tg,166.0,211.68496145337426
*Nc1cc(NC(=O)c2cc(OCCCN(C)c3ccc(N=Nc4ccc(S(C)(=O)=O)cc4)cc3)cc(C(*)=O)c2)cc(C(=O)OCCCN(C)c2ccc(N=Nc3ccc(S(C)(=O)=O)cc3)cc2)c1,tg,168.0,166.42405916224342
*Nc1cc(NC(=O)c2cc(OCCCS(=O)(=O)c3ccc(N=Nc4ccc(N(C)C)cc4)cc3)cc(C(*)=O)c2)cc(C(=O)OCCCN(C)c2ccc(N=Nc3ccc(S(C)(=O)=O)cc3)cc2)c1,tg,166.0,168.10524951685582
*Nc1cc(NC(=O)c2cc(OCCN(C)c3ccc(C#N)cc3)cc(C(*)=O)c2)cc(C(=O)OCCN(C)c2ccc(C#N)cc2)c1,tg,167.0,192.57429589365614
*Nc1cc(NC(=O)c2cc(OCCN(C)c3ccc(S(=O)(=O)C(F)(F)C(F)(F)C(F)(F)C(F)(F)C(F)(F)C(F)(F)C(F)(F)C(F)(F)F)cc3)cc(C(*)=O)c2)cc(C(=O)OCCN(C)c2ccc(C#N)cc2)c1,tg,157.0,153.08213473760668
*Nc1cc(NC(=O)c2cc(OCCN(C)c3ccc([N+](=O)[O-])cc3)cc(C(*)=O)c2)cc(C(=O)OC)c1,tg,177.0,196.0845842825053
*Nc1cc(NC(=O)c2cc(OCCN(C)c3ccc([N+](=O)[O-])cc3)cc(C(*)=O)c2)cc(C(=O)OC2CC(C)CCC2C(C)C)c1,tg,193.0,168.1415918579395
*Nc1cc(NC(=O)c2ccc(-c3ccc(C(*)=O)cc3)cc2)cc(C(=O)OCCOc2ccc(C=CC(=O)c3ccccc3)cc2)c1,tg,254.0,192.72661761701178
*Nc1cc(NC(=O)c2ccc(C(*)=O)cc2)cc(-c2nc3ccccc3[nH]2)c1,tg,267.5,256.9682725437932
*Nc1cc(NC(=O)c2ccc(C(*)=O)cc2)cc(-c2nc3ccccc3oc2=O)c1,tg,103.0,242.05886731831424
*Nc1cc(NC(=O)c2ccc(C(*)=O)cc2)cc(-c2nnc(-c3ccccn3)o2)c1,tg,230.0,229.08799778201035
*Nc1cc(NC(=O)c2ccc(C(*)=O)cc2)cc(C(=O)OC(c2ccccc2)c2ccccc2)c1,tg,217.0,198.94398046253832
*Nc1cc(NC(=O)c2ccc(C(*)=O)cc2)cc(C(=O)OCCOC(=O)C=Cc2ccc(N(C)C)cc2)c1,tg,198.0,194.82475680484393
*Nc1cc(NC(=O)c2ccc(C(*)=O)cc2)cc(C(=O)Oc2ccc(-c3ccccc3)cc2)c1,tg,178.0,219.17868291575695
*Nc1cc(NC(=O)c2ccc(C(*)=O)cc2)cc(C(=O)Oc2ccccc2)c1,tg,200.0,208.3346067576684
*Nc1cc(NC(=O)c2cccc(C(*)=O)c2)cc(C(=O)OCCOc2ccc(C=CC(=O)c3ccccc3)cc2)c1,tg,216.0,208.0827160089648
*Nc1cc(NC(=O)c2cccc(C(*)=O)c2)cc(C(=O)Oc2ccc(Oc3ccc(C#N)c(C#N)c3)cc2)c1,tg,305.0,192.04222291984755
*Nc1cc(NC(=O)c2ccccc2C(*)=O)cc(-c2nnc(-c3ccccn3)o2)c1,tg,90.0,222.1765216780981
*Nc1cc([N+](=O)[O-])c(NC(=O)CCCCCCC(*)=O)cc1C=Cc1ccc(N(C)C)cc1,tg,177.6,162.91615397239184
*Nc1cc([N+](=O)[O-])c(NC(=O)CCCCCCCCC(*)=O)cc1C=Cc1ccc(N(C)C)cc1,tg,159.0,148.0660633011427
*Nc1cc([N+](=O)[O-])c(NC(=O)CCCCCCCCCCCCC(*)=O)cc1C=Cc1ccc(N(C)C)cc1,tg,125.0,127.73968248569491
*Nc1ccc(*)cc1OC,tg,90.0,160.5770343647855
*Nc1ccc(*)cc1OCCCCCCCCCCOc1ccc(C2CCC(CCCCC)CC2)cc1,tg,54.0,71.1806900992608
*Nc1ccc(-c2c(-c3ccc(-c4ccccc4)cc3)cc(-c3ccc(-c4cc(-c5ccc(-c6ccccc6)cc5)c(-c5ccc(NC(=O)c6ccc(C(*)=O)cc6)cc5)c(-c5ccc(-c6ccccc6)cc5)c4)cc3)cc2-c2ccc(-c3ccccc3)cc2)cc1,tg,305.0,261.28695453309257
*Nc1ccc(-c2ccc(NC(=O)Cc3cc(C)c(CC(*)=O)cc3C)cc2)cc1,tg,171.0,216.76203339118788
*Nc1ccc(-c2ccc(NC(=O)c3cc(C(*)=O)cc(S(=O)(=O)c4ccccc4)c3)cc2)cc1,tg,319.0,290.2776386182029
*Nc1ccc(-c2ccc(NC(=O)c3cc(NC(=O)c4ccc(NC(=O)C(C)N5C(=O)c6ccccc6C5=O)cc4)cc(C(*)=O)c3)cc2)cc1,tg,202.0,246.81773344134268
*Nc1ccc(-c2ccc(NC(=O)c3cc(NC(=O)c4ccncc4)cc(C(*)=O)c3)cc2)cc1,tg,339.0,311.30537169246793
*Nc1ccc(-c2ccc(NC(=O)c3ccc(NC(=O)c4ccc([Si](C)(C)c5ccc(C(=O)Nc6ccc(C(*)=O)cc6)cc5)cc4)cc3)cc2)cc1,tg,320.0,267.2171346402135
*Nc1ccc(-c2ccc(NC(=O)c3cccc(C(*)=O)c3)c(O)c2)cc1O,tg,386.0,244.67886752469758
*Nc1ccc(-c2ccc(NC(=O)c3cccc(C(*)=O)c3)c(OC)c2)cc1OC,tg,218.2,247.58689634172623
*Nc1ccc(-c2ccc(Nc3ccc4c(c3)c3cc(*)ccc3n4CC(CC)CCCC)cc2)cc1,tg,231.0,226.82607779523954
*Nc1ccc(Br)cc1-c1ccc(NC(=O)c2ccc(C(*)=O)cc2)cc1,tg,267.0,262.5423943519187
*Nc1ccc(Br)cc1-c1ccc(NC(=O)c2cccc(C(*)=O)c2)cc1,tg,253.0,265.4032512013747
*Nc1ccc(C(=O)c2ccc(NC(=O)c3ccc(C(*)=O)cc3)cc2)cc1,tg,300.0,270.90417332032683
*Nc1ccc(C(=O)c2ccc(NC(=O)c3cccc(C(*)=O)c3)cc2)cc1,tg,253.2,261.3399201581009
*Nc1ccc(C(=O)c2ccc(Nc3ccc4c(c3)c3cc(*)ccc3n4CC(CC)CCCC)cc2)cc1,tg,236.06,218.7209523375338
*Nc1ccc(C(C)(C)c2ccc(NC(=O)c3cc(C(*)=O)cc(N4C(=O)C5C6CCC(C6)C5C4=O)c3)cc2)cc1,tg,311.0,277.8368964790142
*Nc1ccc(C(C)(C)c2ccc(NC(=O)c3cc(C(*)=O)cc(S(=O)(=O)c4ccccc4)c3)cc2)cc1,tg,287.0,264.63170011595537
*Nc1ccc(C(C)(C)c2ccc(NC(=O)c3cccc(C(*)=O)c3)cc2)cc1,tg,278.33,258.4420427399068
*Nc1ccc(C(c2ccc(NC(=O)c3cc(C(*)=O)cc(C(C)(C)C)c3)cc2)(C(F)(F)F)C(F)(F)F)cc1,tg,284.1,220.26759701957968
*Nc1ccc(C(c2ccc(NC(=O)c3cc(C(*)=O)cc(C(C)(C)C)c3)cc2)(P2(=O)Oc3ccccc3-c3ccccc32)P2(=O)Oc3ccccc3-c3ccccc32)cc1,tg,235.0,246.70827818970938
*Nc1ccc(C(c2ccc(NC(=O)c3cc(NC(=O)C45CC6CC(CC(C6)C4)C5)cc(C(*)=O)c3)cc2)(C(F)(F)F)C(F)(F)F)cc1,tg,365.0,277.668402010349
*Nc1ccc(C(c2ccc(NC(=O)c3cc(NC(=O)CCCCCN4C(=O)c5ccccc5C4=O)cc(C(*)=O)c3)cc2)(C(F)(F)F)C(F)(F)F)cc1,tg,225.0,202.34318910287362
*Nc1ccc(C(c2ccc(NC(=O)c3cc(NC(=O)CCCN4C(=O)c5ccccc5C4=O)cc(C(*)=O)c3)cc2)(C(F)(F)F)C(F)(F)F)cc1,tg,240.0,243.37081224606717
*Nc1ccc(C(c2ccc(NC(=O)c3ccc(-c4ccc(C(*)=O)cc4)cc3)cc2)(P2(=O)Oc3ccccc3-c3ccccc32)P2(=O)Oc3ccccc3-c3ccccc32)cc1,tg,251.0,261.9939655716991
*Nc1ccc(C(c2ccc(NC(=O)c3ccc(C(*)=O)cc3)cc2)(P2(=O)Oc3ccccc3-c3ccccc32)P2(=O)Oc3ccccc3-c3ccccc32)cc1,tg,245.0,234.32749110578948
*Nc1ccc(C(c2ccc(NC(=O)c3ccc(C(c4ccc(C(*)=O)cc4)(C(F)(F)F)C(F)(F)F)cc3)cc2)(P2(=O)Oc3ccccc3-c3ccccc32)P2(=O)Oc3ccccc3-c3ccccc32)cc1,tg,235.0,237.81656194564857
*Nc1ccc(C(c2ccc(NC(=O)c3ccc4cc(C(*)=O)ccc4c3)cc2)(P2(=O)Oc3ccccc3-c3ccccc32)P2(=O)Oc3ccccc3-c3ccccc32)cc1,tg,241.0,237.9564593670424
*Nc1ccc(C(c2ccc(NC(=O)c3cccc(C(*)=O)c3)cc2)(P2(=O)Oc3ccccc3-c3ccccc32)P2(=O)Oc3ccccc3-c3ccccc32)cc1,tg,230.0,223.67794655673916
*Nc1ccc(C2(c3ccc(NC(=O)c4ccc(C(*)=O)cc4)cc3)c3ccccc3-c3ccccc32)cc1,tg,319.0,287.50197343473667
*Nc1ccc(CC(C)(C)NC(=O)CCC(*)=O)cc1,tg,158.0,127.6929400669191
*Nc1ccc(CC(C)(C)NC(=O)CCCCC(*)=O)cc1,tg,130.0,124.83194597580388
*Nc1ccc(CC(C)(C)NC(=O)CCCCCCCCC(*)=O)cc1,tg,92.0,94.63067887023612
*Nc1ccc(CCNC(=O)CCCCC(*)=O)cc1,tg,115.0,100.71440911478317
*Nc1ccc(Cc2ccc(NC(=O)NCCCCCCCCCCCCCCCCCCNC(*)=O)cc2)cc1,tg,48.0,43.34608635733487
*Nc1ccc(Cc2ccc(NC(=O)NCCCCCCCCCCCCNC(*)=O)cc2)cc1,tg,51.0,48.97217893931325
*Nc1ccc(Cc2ccc(NC(=O)NCCCCCCCCCCNC(*)=O)cc2)cc1,tg,46.0,67.09723331869232
*Nc1ccc(Cc2ccc(NC(=O)NCCCCCCCCNC(*)=O)cc2)cc1,tg,50.0,72.89164147316687
*Nc1ccc(Cc2ccc(NC(=O)NCCCCCCNC(*)=O)cc2)cc1,tg,78.0,101.45454081625726
*Nc1ccc(Cc2ccc(NC(=O)c3cc(C(*)=O)cc(N4C(=O)C5CC=CCC5C4=O)c3)cc2)cc1,tg,286.0,265.8486866165259
*Nc1ccc(Cc2ccc(NC(=O)c3cc(C(*)=O)cc(N4C(=O)C=CC4=O)c3)cc2)cc1,tg,287.0,270.374260561019
*Nc1ccc(Cc2ccc(NC(=O)c3cc(C(*)=O)cc(S(=O)(=O)c4ccccc4)c3)cc2)cc1,tg,270.0,264.41107304952027
*Nc1ccc(Cc2ccc(NC(=O)c3cc(NC(=O)CCCCCN4C(=O)c5ccccc5C4=O)cc(C(*)=O)c3)cc2)cc1,tg,195.0,206.76465038913457
*Nc1ccc(Cc2ccc(NC(=O)c3cc(NC(=O)CCN4C(=O)c5ccccc5C4=O)cc(C(*)=O)c3)cc2)cc1,tg,235.0,222.24183672542893
*Nc1ccc(Cc2ccc(NC(=O)c3cc(NC(=O)c4ccc(NC(=O)C(CC(C)C)N5C(=O)c6ccccc6C5=O)cc4)cc(C(*)=O)c3)cc2)cc1,tg,238.0,219.12639161489105
*Nc1ccc(Cc2ccc(NC(=O)c3cc(NC(=O)c4ccccc4)cc(C(*)=O)c3)cc2)cc1,tg,285.0,272.56189567857643
*Nc1ccc(Cc2ccc(NC(=O)c3cc(NC(=O)c4ccncc4)cc(C(*)=O)c3)cc2)cc1,tg,302.0,295.29570481190467
*Nc1ccc(NC(=O)CCCC(*)=O)cc1,tg,135.0,150.49727005193822
*Nc1ccc(NC(=O)CCCCC(*)=O)cc1,tg,133.0,134.51715531243477
*Nc1ccc(NC(=O)CCCCCCC(*)=O)cc1,tg,138.0,132.32400793774852
*Nc1ccc(NC(=O)CCCCCCCC(*)=O)cc1,tg,130.0,123.25883246071467
*Nc1ccc(NC(=O)CCCCCCCCC(*)=O)cc1,tg,125.0,122.16037363682727
*Nc1ccc(NC(=O)Cc2cc(CC(*)=O)c(C)cc2C)cc1,tg,208.0,230.93531424173904
*Nc1ccc(NC(=O)c2cc(-c3ccc(C(=O)OC)c(C(*)=O)c3)ccc2C(=O)OC)cc1,tg,234.2,219.873025521051
*Nc1ccc(NC(=O)c2cc(-c3ccc(C(=O)OCC)c(C(*)=O)c3)ccc2C(=O)OCC)cc1,tg,231.7,200.4080748935076
*Nc1ccc(NC(=O)c2cc(C(*)=O)c(C(=O)O)cc2C(=O)O)cc1,tg,283.4,198.7095398577742
*Nc1ccc(NC(=O)c2cc(C(=O)c3ccc(C(=O)O)c(C(*)=O)c3)ccc2C(=O)O)cc1,tg,213.2,243.91030900316278
*Nc1ccc(NC(=O)c2cc(NC(=O)c3ccccc3)cc(C(*)=O)c2)cc1,tg,321.0,299.4532030591322
*Nc1ccc(NC(=O)c2cc(NC(=O)c3ccncc3)cc(C(*)=O)c2)cc1,tg,327.0,327.0011085981501
*Nc1ccc(NC(=O)c2ccc(C(=O)c3ccc(C(*)=O)c(C(=O)OCC)c3)cc2C(=O)OCC)cc1,tg,275.0,206.73584050066873
*Nc1ccc(NC(=O)c2ccc(NC(=O)CCCCCCCCC(=O)Nc3ccc(C(*)=O)cc3)cc2)cc1C(=O)OCCCCCCCCCCCC,tg,228.5,225.2445674939883
*Nc1ccc(NC(=O)c2ccc(NC(=O)CCCCCCCCC(=O)Nc3ccc(C(*)=O)cc3)cc2)cc1C(=O)OCCCCCCCCCCCCCC,tg,225.0,224.89543217221978
*Nc1ccc(NC(=O)c2ccc(NC(=O)CCCCCCCCC(=O)Nc3ccc(C(*)=O)cc3)cc2)cc1C(=O)OCCCCCCCCCCCCCCCC,tg,220.0,209.8983106008092
*Nc1ccc(NC(=O)c2ccc(NC(=O)CCCCCCCCC(=O)Nc3ccc(C(*)=O)cc3)cc2)cc1C(=O)OCCCCCCCCCCCCCCCCCC,tg,280.0,212.75020270816137
*Nc1ccc(NC(=O)c2ccc(NC(=O)CCCCCCCCCCC(=O)Nc3ccc(C(*)=O)cc3)cc2)cc1C(=O)OCCCCCCCCCCCC,tg,205.5,216.31557695953586
*Nc1ccc(NC(=O)c2ccc(NC(=O)CCCCCCCCCCC(=O)Nc3ccc(C(*)=O)cc3)cc2)cc1C(=O)OCCCCCCCCCCCCCC,tg,199.5,210.06350727243347
*Nc1ccc(NC(=O)c2ccc(NC(=O)CCCCCCCCCCC(=O)Nc3ccc(C(*)=O)cc3)cc2)cc1C(=O)OCCCCCCCCCCCCCCCC,tg,199.5,222.85181076700172
*Nc1ccc(NC(=O)c2ccc(NC(=O)CCCCCCCCCCCCC(=O)Nc3ccc(C(*)=O)cc3)cc2)cc1C(=O)OCCCCCCCCCCCCCC,tg,204.5,220.06264067322607
*Nc1ccc(NC(=O)c2ccc(NC(=O)CCCCCCCCCCCCC(=O)Nc3ccc(C(*)=O)cc3)cc2)cc1C(=O)OCCCCCCCCCCCCCCCC,tg,250.0,225.65551982432063
*Nc1ccc(NC(=O)c2ccc(NC(=O)c3cc(NC(=O)C45CC6CC(CC(C6)C4)C5)cc(C(*)=O)c3)cc2)cc1,tg,365.0,322.2692192653483
*Nc1ccc(NC(=O)c2ccc(NC(=O)c3ccc(P(=O)(c4ccccc4)c4ccc(C(*)=O)cc4)cc3)cc2)cc1,tg,243.0,260.3755419305139
*Nc1ccc(NC(=O)c2cccc(C(*)=O)c2)cc1,tg,285.75,252.5946110297033
*Nc1ccc(NC(=O)c2cccc(C(=O)c3ccc(C(*)=O)cc3)c2)cc1,tg,257.5,270.82111657644623
*Nc1ccc(N[Se]*)cc1,tg,55.0,63.95620420601652
*Nc1ccc(Oc2ccc(Nc3ccc4c(c3)c3cc(*)ccc3n4CC(CC)CCCC)cc2)cc1,tg,220.0,213.4152971507683
*Nc1ccc([Si](c2ccccc2)(c2ccccc2)c2ccc(NC(=O)c3ccc4c(c3)Cc3cc(C(*)=O)ccc3-4)cc2)cc1,tg,54.45,242.5648667004819
*Nc1cccc(C(=O)c2ccc(NC(=O)c3cccc(C(=O)c4ccc(C(*)=O)cc4)c3)cc2)c1,tg,215.0,252.4722753635913
*Nc1cccc(C=Cc2ccc(NC(=O)c3cccc(C(*)=O)c3)cc2)c1,tg,272.0,265.1965443889469
*Nc1cccc(CCc2ccc(NC(=O)c3ccc(C(*)=O)cc3)cc2)c1,tg,203.0,238.32665121981694
*Nc1cccc(NC(=O)CCCCC(*)=O)c1,tg,113.35,124.23407859306266
*Nc1cccc(NC(=O)CCCCC(=O)Nc2ccc(C(=O)NC(*)=S)cc2)c1,tg,267.0,217.1713189197968
*Nc1cccc(NC(=O)CCCCC(=O)Nc2cccc(NC(=S)NC(=O)c3ccc(C(=O)NC(*)=S)cc3)c2)c1,tg,241.0,238.79821671391713
*Nc1cccc(NC(=O)CCCCCCCCC(=O)Nc2ccc(C(=O)NC(*)=S)cc2)c1,tg,265.0,174.52825217506137
*Nc1cccc(NC(=O)Cc2cc(C)c(CC(*)=O)cc2C)c1,tg,249.0,177.16338505256067
*Nc1cccc(NC(=O)Nc2ccc(Cc3ccc(NC(*)=O)cc3)cc2)c1,tg,132.0,231.6950900182546
*Nc1cccc(NC(=O)c2cc(C(*)=O)cc(S(=O)(=O)c3ccccc3)c2)c1,tg,277.0,224.43589523812523
*Nc1cccc(NC(=O)c2cc(NC(=O)c3ccccc3)cc(C(*)=O)c2)c1,tg,300.0,298.35532361852006
*Nc1cccc(NC(=O)c2cc(NC(=O)c3ccncc3)cc(C(*)=O)c2)c1,tg,321.0,314.72723710683147
*Nc1cccc(NC(=O)c2ccc(C(=O)Nc3cccc(NC(=S)NC(=O)c4ccc(C(=O)NC(*)=S)cc4)c3)cc2)c1,tg,258.0,258.38523412744087
*Nc1cccc(NC(=O)c2cccc(C(=O)Nc3ccc(C(=O)NC(*)=S)cc3)c2)c1,tg,270.0,280.6477708387469
*Nc1cccc(NC(=O)c2cccc(C(=O)Nc3cccc(NC(=S)NC(=O)CCCCC(=O)NC(*)=S)c3)c2)c1,tg,242.0,234.14633118824926
*Nc1cccc(NC(=O)c2cccc(C(=O)Nc3cccc(NC(=S)NC(=O)c4cccc(C(=O)NC(*)=S)c4)c3)c2)c1,tg,244.0,263.9547366155711
*Nc1cccc2c(NC(=O)Nc3cc(NC(*)=O)cc(C(=O)Nc4ccc5c(c4)C(=O)c4ccccc4C5=O)c3)cccc12,tg,178.0,191.22260858804435
*Nc1cccc2c(NC(=O)Nc3cc(NC(*)=O)cc(C(=O)Nc4cccc5c4C(=O)c4ccccc4C5=O)c3)cccc12,tg,185.0,196.87283891958748
*Nc1cccc2c(NC(=O)c3cc(NC(=O)C(CCSC)N4C(=O)c5ccccc5C4=O)cc(C(*)=O)c3)cccc12,tg,198.0,205.98201041143022
*Nc1cccc2c(NC(=O)c3ccc(C(*)=O)cc3)cccc12,tg,305.0,268.33431687485745
*Nc1cccc2c(N[Se]*)cccc12,tg,53.0,129.90516543169693
*Nc1ccccc1-c1ccc(NC(=O)c2ccc(C(*)=O)cc2)cc1,tg,263.0,282.17121655932164
*Nc1ccccc1CCc1ccc(NC(*)=O)cc1,tg,197.0,162.01751989961957
*Nc1ccccc1CCc1ccc(NC(=O)NCCCCCCNC(*)=O)cc1,tg,150.0,80.9739084389333
*Nc1cnc(*)s1,tg,62.0,88.86935415016958
*OC(*)C,tg,-21.07,-24.120921330039664
*OC(=O)C(C)NC(=O)CCCCC(=O)NC(C)C(=O)OC1COC2C(*)COC12,tg,56.0,86.4604164665058
*OC(=O)C(C)NC(=O)CCCCCC(=O)NC(C)C(=O)OC1COC2C(*)COC12,tg,45.0,78.9470391747321
*OC(=O)C(C)NC(=O)CCCCCCC(=O)NC(C)C(=O)OC1COC2C(*)COC12,tg,57.0,76.64787080273824
*OC(=O)C(C)NC(=O)CCCCCCCCC(=O)NC(C)C(=O)OC1COC2C(*)COC12,tg,57.0,63.657892312234154
*OC(=O)C(CC(C)C)NC(=O)CCCCC(=O)NC(CC(C)C)C(=O)OC1COC2C(*)COC12,tg,91.0,97.04410082228073
*OC(=O)C(CC(C)C)NC(=O)CCCCCCCCC(=O)NC(CC(C)C)C(=O)OC1COC2C(*)COC12,tg,89.0,75.00864742929036
*OC(=O)C(CCSC)NC(=O)CCCCC(=O)NC(CCSC)C(=O)OC1COC2C(*)COC12,tg,71.0,56.539654055220794
*OC(=O)C(CCSC)NC(=O)CCCCCCCCC(=O)NC(CCSC)C(=O)OC1COC2C(*)COC12,tg,61.0,60.96833442547969
*OC(=O)C(Cc1ccccc1)NC(=O)CCCCC(=O)NC(Cc1ccccc1)C(=O)OC1COC2C(*)COC12,tg,97.5,96.38217844238314
*OC(=O)C(Cc1ccccc1)NC(=O)CCCCCCC(=O)NC(Cc1ccccc1)C(=O)OC1COC2C(*)COC12,tg,91.0,76.21745413348097
*OC(=O)C(Cc1ccccc1)NC(=O)CCCCCCCCC(=O)NC(Cc1ccccc1)C(=O)OC1COC2C(*)COC12,tg,74.0,80.88408799985851
*OC(=O)C(Cc1ccccc1)NC(=O)CCCCCCCCCCC(=O)NC(Cc1ccccc1)C(=O)OC1COC2C(*)COC12,tg,76.0,69.92318145031714
*OC(=O)C(NC(=O)CCCCC(=O)NC(C(=O)OC1COC2C(*)COC12)C(C)CC)C(C)CC,tg,102.0,83.44631632153984
*OC(=O)C=CC(=O)OC1COC2C(*)COC12,tg,52.0,184.76585550895635
*OC(=O)CNC(=O)CCCCCCCCC(=O)NCC(=O)OC1COC2C(*)COC12,tg,66.0,63.38849891756276
*OC(=O)NC1CCC(CC2CCC(NC(=O)OC3CC4CC(*)CC(C3)O4)CC2)CC1,tg,225.0,168.40407888628326
*OC(=O)Nc1ccc(C)c(NC(=O)OC2CCN(c3ccc(C=CC4=CC(=C(C#N)C#N)C=C(C=Cc5ccc(N6CCC(*)CC6)s5)O4)s3)CC2)c1,tg,212.0,202.88834962826928
*OC(=O)OC1CC2CC(*)CC(C1)O2,tg,207.0,168.04785636690934
*OC(=O)OC1COC2C(*)COC12,tg,139.7,167.37267795606454
*OC(=O)OCC(O)C(O)COC(=O)OC1COC2C(*)COC12,tg,78.5,74.4256571645191
*OC(=O)OCC1OC(C)(C)OC1COC(=O)OC1COC2C(*)COC12,tg,95.5,82.41355615653035
*OC(=O)OCCCCCCCCCCOC(=O)OC1COC2C(*)COC12,tg,6.5,16.91718900525972
*OC(=O)OCCCCCCCCOC(=O)OC1COC2C(*)COC12,tg,19.5,13.967751214663789
*OC(=O)OCCCCCCOC(=O)OC1COC2C(*)COC12,tg,25.67,36.1509339800418
*OC(=O)OCCCCOC(=O)OC1COC2C(*)COC12,tg,49.0,49.231360145466674
*OC(=O)OCCOCCOC(=O)OC1COC2C(*)COC12,tg,46.5,22.889787619511324
*OC(=O)OCCOCCOCCOC(=O)OC1COC2C(*)COC12,tg,17.0,24.35789140428518
*OC(=O)OCCOCCOCCOCCOC(=O)OC1COC2C(*)COC12,tg,9.5,11.798802308436317
*OC(=O)Oc1ccc(S(=O)(=O)c2ccc(OC(=O)OC3CC4CC(*)CC(C3)O4)cc2)cc1,tg,184.0,157.8491925674457
*OC(=O)Oc1ccc2c(c1)Oc1cc(*)ccc1C21c2ccccc2-c2ccccc21,tg,295.0,276.90946256092224
*OC(=O)c1ccc(C(=O)OC2COC3C(*)COC23)cc1,tg,255.5,122.73359431867131
*OC(=O)c1ccc(C(C)(C)c2ccc(C(*)=O)cc2)cc1,tg,100.0,160.58833540878013
*OC(=O)c1ccc(C(F)(F)C(F)(F)C(F)(F)c2ccc(C(*)=O)cc2)cc1,tg,98.0,96.59111113240346
*OC(=O)c1ccc(C2(C)CC(C)(C)c3ccc(C(=O)Oc4ccc5c(c4)Oc4cc(*)ccc4C5(C)C)cc32)cc1,tg,297.0,290.650791774697
*OC(=O)c1ccc(CCCCCc2ccc(C(*)=O)cc2)cc1,tg,42.5,44.44537135033531
*OC(=O)c1ccc(CCCCc2ccc(C(*)=O)cc2)cc1,tg,46.0,69.28767340338058
*OC(=O)c1ccc(Cc2ccc(C(*)=O)cc2)cc1,tg,122.0,118.24324279131883
*OC(=O)c1ccc(SCCCCSc2ccc(C(*)=O)cc2)cc1,tg,62.0,70.62178519388304
*OC(=O)c1cccc(C(*)=O)c1,tg,130.0,140.05085432017452
*OC(=O)c1cccc(OCCCCCCCCOc2cccc(C(=O)OC3COC4C(*)COC34)c2)c1,tg,31.75,20.800153166505794
*OC(C)(CC(*)=O)C(F)(F)F,tg,26.2,87.72112405316403
*OC(C)C#CC#CC(C)OC(=O)c1ccc(C(*)=O)cc1,tg,133.0,105.46402144652065
*OC(C)C(*)=O,tg,53.36,51.93855289769179
*OC(C)C(=O)NC(C)C(*)=O,tg,57.65,109.73747931507914
*OC(C)C(=O)OCC(*)=O,tg,43.0,36.8282670748824
*OC(C)CCOC(=O)C(CCCCCCOc1ccc(N=Cc2ccc([N+](=O)[O-])cc2)cc1)C(*)=O,tg,3.0,40.06163517631844
*OC(C)CCOC(=O)c1ccc(-c2ccc(C(*)=O)cc2)cc1,tg,86.83,71.88269063970363
*OC(C)COC(*)=O,tg,31.72,20.535581094441678
*OC(C)COC(=O)c1ccccc1C(*)=O,tg,95.0,69.50061675708729
*OC(C)COC(C)COC(=O)c1ccc(C(*)=O)cc1,tg,37.0,37.074630962107975
*OC(C)COCC(C)OC(=O)c1ccccc1C(*)=O,tg,25.0,31.560283870142978
*OC(CC(*)=O)C(C)(Cl)Cl,tg,109.0,112.88845200873514
*OC(CC(*)=O)C(Cl)(Cl)Cl,tg,156.0,85.13819403909221
*OC(CCC)CCC(C(*)=O)C1OCCCO1,tg,17.4,31.91971542269012
*OC(CCCCC)CC(*)=O,tg,-34.5,-36.86699553090223
*OC(CCCCCC)CC(*)=O,tg,-47.0,-40.077491007098864
*OC(COC(*)=O)COC(C)(C)C,tg,11.0,-3.0087601005751847
*OC(COC(=O)C1=C(C(=O)OCC(COC(=O)C2=C(c3ccccc3)C3C=CC2C3)OC(=O)c2ccc(C(*)=O)cc2)C2C=CC1C2)COC(=O)C1=C(c2ccccc2)C2C=CC1C2,tg,74.0,102.41408986502036
*OC(COC(=O)NCCCCCCNC(*)=O)c1ccco1,tg,17.0,38.397859550035115
*OC(COC(=O)Nc1ccc(Cc2ccc(NC(*)=O)cc2)cc1)c1ccco1,tg,40.0,105.28856121325111
*OC(COC(=O)c1cc(C(*)=O)cc(C(C)(C)C)c1)COc1ccc(N=Nc2ccc(C#N)cc2)cc1,tg,137.0,123.35469060654067
*OC(COC(=O)c1ccc(-c2cc(CCCCCCCC)c(-c3ccc(C(*)=O)c(F)c3F)cc2CCCCCCCC)c(F)c1F)COc1ccc(N=Nc2ccc(C#N)cc2)cc1,tg,61.0,75.58623881627449
*OC(COC(=O)c1ccc(-c2ccc(C(*)=O)cc2)cc1)COc1ccc(N=Nc2ccc(C#N)cc2)cc1,tg,141.0,133.62791105735596
*OC(COC(=O)c1ccc(C(*)=O)c(OC)c1)COc1ccc(N=Nc2ccc(C#N)cc2)cc1,tg,120.0,126.68598384563373
*OC(COC(=O)c1ccc(C(*)=O)cc1)COc1ccc(N=Nc2ccc(C#N)cc2)cc1,tg,122.0,112.88942854723291
*OC(COC(=O)c1ccc2cc(C(*)=O)ccc2c1)COc1ccc(N=Nc2ccc(C#N)cc2)cc1,tg,138.0,145.56171282454025
*OC(COC(=O)c1cccc(C(*)=O)c1)COc1ccc(N=Nc2ccc(C#N)cc2)cc1,tg,119.0,119.74509936193695
*OC(COC(=O)c1ccccc1-c1ccccc1C(*)=O)COc1ccc(N=Nc2ccc(C#N)cc2)cc1,tg,120.0,127.57592671533526
*OC(COCC)COC(*)=O,tg,-5.0,-20.843021794944853
*OC(COCCCC)COC(*)=O,tg,-24.0,-34.631430652165974
*OC(COc1ccccc1)CC(*)=O,tg,20.0,47.20615492134658
*OC(Cc1ccccc1)C(*)=O,tg,35.05,66.67408403753208
*OC(F)(C(*)(F)F)C(F)(F)F,tg,-76.93,-54.83967286797719
*OC(F)(C(=O)[N]([Li])S(=O)(=O)C(F)(F)C(*)(F)F)C(F)(F)F,tg,67.0,76.82769815410069
*OC(F)(F)C(F)(F)C(*)(F)F,tg,-109.82,-66.32944725431331
*OC(F)(F)COC(=O)c1cccc(C(=O)OCC(*)(F)F)c1,tg,28.0,53.74101253285346
*OC(F)(F)COC(=O)c1cccc(C(F)(F)C(F)(F)C(F)(F)c2cccc(C(=O)OCC(*)(F)F)c2)c1,tg,30.0,55.933675751686614
*OC(c1ccco1)C(OC(=O)Nc1ccc(Cc2ccc(NC(*)=O)cc2)cc1)c1ccco1,tg,74.0,117.5484076645292
*OC1C(C)(C)C(OC(=O)C2CCC(C(*)=O)CC2)C1(C)C,tg,169.0,151.65707290908384
*OC1C(CO)OC(*)C(NC(C)=O)C1O,tg,236.5,175.7918030342899
*OC1C(CO)OC(*)C(O)C1O,tg,144.0,206.26573257505268
*OC1C(COC(=O)Nc2ccccc2)OC(*)C(OC(=O)Nc2ccccc2)C1OC(=O)Nc1ccccc1,tg,217.0,133.43498029317618
*OC1C(COC(C)=O)OC(*)C(OC(C)=O)C1O,tg,202.0,143.8098706709466
*OC1C(COCC)OC(*)C(OCC)C1OCC,tg,119.5,63.82845488377576
*OC1C(COCO)OC(*)C(O)C1O,tg,208.0,120.89021528406712
*OC1CCC(OC(=O)C(*)=O)CC1,tg,139.6,107.31369444479996
*OC1CCC(OC(=O)CCCCC(*)=O)CC1,tg,77.8,44.292573125477105
*OC1CCC(OC(=O)CCCCCCCCC(*)=O)CC1,tg,66.0,39.7741551705579
*OC1CCC(OC(=O)OCCCCCCCOC(*)=O)CC1,tg,-5.0,21.95609013263064
*OC1CCC(OC(=O)OCCCCCCOC(*)=O)CC1,tg,10.0,23.87607141804541
*OC1CCC(OC(=O)c2ccc(C(*)=O)cc2)CC1,tg,94.3,147.5786868265767
*OC1CCCCC1*,tg,68.0,47.99832705967194
*OC1CCCCC1OC(*)=O,tg,117.3,116.74363248142599
*OCCCCOc1ncnc(*)n1,tg,-11.0,31.16831898680367
*OCCOC(=O)CCCC(=O)OCCOc1nc(-c2ccc(OCCCC)cc2)nc(*)c1-c1ccc(OCCCC)cc1,tg,37.0,33.189031180223104
*OCCOC(=O)CCCCC(=O)OCCOc1nc(-c2ccc(OCCCC)cc2)nc(*)c1-c1ccc(OC)cc1,tg,34.0,57.51334469382846
*OCCOC(=O)c1cc(N=Nc2ccc(OCC)cc2)ccc1-c1ccc(N=Nc2ccc(OCC)cc2)cc1C(=O)OCCOc1nc(-c2ccc(OCCCC)cc2)nc(*)c1-c1ccc(OC)cc1,tg,126.0,97.0238870816049
*OCCOC(=O)c1ccc(C(=O)OCCOc2nc(-c3ccc(OCCCC)cc3)nc(*)c2-c2ccc(OC)cc2)cc1,tg,94.0,77.77749969947655
*OCCOC(=O)c1cccc(C(=O)OCCOc2nc(-c3ccc(OCCCC)cc3)nc(*)c2-c2ccc(OC)cc2)c1,tg,92.0,75.3140575540431
*ON(C(F)(F)F)C(F)(Br)C(*)(F)F,tg,3.0,-21.312843722132055
*ON(C(F)(F)F)C(F)(Cl)C(*)(F)F,tg,-50.0,14.423346295898167
*ON(C(F)(F)F)C(F)(F)C(*)(F)F,tg,-40.62,-56.402283724481364
*OP(=O)(Oc1c(Cl)cc(Cl)cc1Cl)Oc1c(Cl)c(Cl)c(*)c(Cl)c1Cl,tg,127.0,151.85167665670645
*OP(=O)(Oc1c(Cl)cccc1Cl)Oc1c(Cl)c(Cl)c(*)c(Cl)c1Cl,tg,144.0,120.53818384833002
*OP(=O)(Oc1ccc(Br)cc1)Oc1c(Br)cc(C(c2cc(Br)c(*)c(Br)c2)(C(F)(F)F)C(F)(F)F)cc1Br,tg,152.0,149.23326326898348
*OP(=O)(Oc1ccc(Br)cc1)Oc1ccc(S(=O)(=O)c2ccc(*)cc2)cc1,tg,89.0,84.74381579262946
*OP(=O)(Oc1ccc(C(C)(C)c2ccc(*)cc2)cc1)Oc1c(Cl)c(Cl)c(Cl)c(Cl)c1Cl,tg,130.0,112.07298154140005
*OP(=O)(Oc1ccc(C(C)(C)c2ccc(*)cc2)cc1)Oc1c(Cl)cc(Cl)cc1Cl,tg,94.0,117.21836266198653
*OP(=O)(Oc1ccc(C(C)(C)c2ccc(*)cc2)cc1)Oc1c(Cl)cccc1Cl,tg,96.0,102.19776775224443
*OP(=O)(Oc1ccc(C)cc1)Oc1c(Br)cc(C(c2cc(Br)c(*)c(Br)c2)(C(F)(F)F)C(F)(F)F)cc1Br,tg,146.0,150.44270567006362
*OP(=O)(Oc1ccc(C)cc1)Oc1c(C)cc(S(=O)(=O)c2cc(C)c(*)c(C)c2)cc1C,tg,128.0,143.24800615660965
*OP(=O)(Oc1ccc(C)cc1)Oc1ccc(S(=O)(=O)c2ccc(*)cc2)cc1,tg,66.0,91.46262134339486
*OP(=O)(Oc1ccc(Cl)cc1)Oc1c(Cl)c(Cl)c(*)c(Cl)c1Cl,tg,119.0,114.63139021381787
*OP(=O)(Oc1ccc(NC(=O)Oc2ccc(-c3ccc(OC(=O)Nc4ccc(*)cc4)cc3)cc2)cc1)c1ccccc1,tg,34.0,119.31371849252545
*OP(=O)(Oc1ccc(NC(=O)Oc2ccc(C(C)(C)c3ccc(OC(=O)Nc4ccc(*)cc4)cc3)cc2)cc1)c1ccccc1,tg,34.0,80.51320380783898
*OP(=O)(Oc1ccc(OC)cc1)Oc1c(Br)cc(C(c2cc(Br)c(*)c(Br)c2)(C(F)(F)F)C(F)(F)F)cc1Br,tg,151.0,136.51425173153052
*OP(=O)(Oc1ccc(OC)cc1)Oc1c(C)cc(S(=O)(=O)c2cc(C)c(*)c(C)c2)cc1C,tg,147.0,153.02068278480937
*OP(=O)(Oc1ccc(OC)cc1)Oc1ccc(S(=O)(=O)c2ccc(*)cc2)cc1,tg,81.0,111.3184743931946
*OP(=O)(Oc1ccc([N+](=O)[O-])cc1)Oc1c(Br)cc(C(c2cc(Br)c(*)c(Br)c2)(C(F)(F)F)C(F)(F)F)cc1Br,tg,154.0,156.30113061372168
*OP(=O)(Oc1ccc([N+](=O)[O-])cc1)Oc1c(C)cc(S(=O)(=O)c2cc(C)c(*)c(C)c2)cc1C,tg,173.0,149.44184203104194
*OP(=O)(Oc1cccc2c(*)cccc12)OC1CCCCC1,tg,134.0,99.07217085770932
*OP(=O)(Oc1ccccc1)Oc1c(C)cc(S(=O)(=O)c2cc(C)c(*)c(C)c2)cc1C,tg,142.0,128.7125089156045
*OP(=O)(Oc1ccccc1)Oc1c(Cl)c(Cl)c(*)c(Cl)c1Cl,tg,79.0,110.50504880924572
*OP(=O)(Oc1ccccc1)Oc1ccc(*)cc1,tg,97.0,74.0404918873775
*OP(=O)(Oc1ccccc1)Oc1ccc(S(=O)(=O)c2ccc(*)cc2)cc1,tg,100.5,93.51509741153164
*OP(=O)(Oc1ccccc1)Oc1cccc2c(*)cccc12,tg,138.0,124.9934825533361
*OS(=O)(=O)c1cc(C)c(*)c(C)c1,tg,153.0,157.6768149242807
*OS(=O)(=O)c1cc(S(=O)(=O)Oc2ccc(C3(c4ccc(*)cc4)CCCC3)cc2)ccc1C,tg,134.0,152.0057971071719
*OS(=O)(=O)c1cc(S(=O)(=O)Oc2ccc(C3(c4ccc(*)cc4)CCCCC3)cc2)ccc1C,tg,140.0,143.49251460409033
*OS(=O)(=O)c1ccc(Oc2ccc(S(=O)(=O)Oc3ccc(C(C)(C)c4ccc(*)cc4)cc3)cc2)cc1,tg,110.0,140.90449507222255
*OS(=O)(=O)c1cccc(C(=O)c2cccc(S(=O)(=O)Oc3ccc(C(C)(C)c4ccc(*)cc4)cc3)c2)c1,tg,122.0,143.73887254899174
*OS(=O)(=O)c1cccc(S(=O)(=O)Oc2ccc(C(C)(C)c3ccc(*)cc3)cc2)c1,tg,117.5,126.88428185382928
*OS(=O)(=O)c1cccc(S(=O)(=O)Oc2ccc(C(C)(CC)c3ccc(*)cc3)cc2)c1,tg,136.5,117.89034172806457
*OS(=O)(=O)c1cccc(S(=O)(=O)Oc2ccc(C3(c4ccc(*)cc4)CCCCC3)cc2)c1,tg,126.0,141.3004673185301
*O[Si](*)(C)CCCCCCCCCCCOc1ccc(/C=C/c2ccc(C#N)cc2)cc1,tg,-55.0,20.203706856232174
*O[Si](*)(C)CCCCCCCCCCCOc1ccc(/C=C/c2ccc(OC)cc2)cc1,tg,55.0,-4.1283247932417275
*O[Si](*)(C)CCCCCCOc1ccc(C(=O)Oc2ccc(C(=O)OCC(C)CC)cc2)cc1,tg,-10.9,23.596850509880273
*O[Si](*)(C)CCCCCOc1ccc(/C=C/c2ccc(OC)cc2)cc1,tg,52.0,31.26401942657195
*O[Si](*)(C)CCCCCn1c2ccccc2c2ccccc21,tg,7.0,30.813391436556962
*O[Si](*)(C)CCCOCC1COC(=O)O1,tg,-32.2,-10.392654711682127
*O[Si](*)(C)CCCOc1ccc(C(=O)OC2CCC3(C)C(=CCC4C3CCC3(C)C(C(C)CCCC(C)C)CCC43)C2)cc1,tg,66.59,170.87101877466398
*O[Si](*)(C)CCCOc1ccc(C(=O)OC2CCC3(C)C(=CCC4C3CCC3(C)C(C(C)CCCC(C)C)CCC43)C2)cc1S(=O)(=O)[O][K],tg,112.6,69.86771101026049
*O[Si](*)(C)CCCOc1ccc(C(=O)Oc2ccc(-c3ccc(OC(=O)c4cc(OCC(C)CC)c(OCC(C)CC)c(OCC(C)CC)c4)cc3)cc2)cc1,tg,57.67,56.83287920229894
*O[Si](*)(C)CCCOc1ccc(C(=O)Oc2ccc(-c3ccc(OC(=O)c4cc(OCCCCC)c(OCCCCC)c(OCCCCC)c4)cc3)cc2)cc1,tg,48.67,58.027617033091765
*O[Si](*)(C)CCCOc1ccc(N=Nc2ccc(S(=O)(=O)O)cc2)cc1,tg,9.2,64.40225415096978
*O[Si](*)(C)CCCn1c2ccccc2c2ccccc21,tg,51.0,37.59205056060797
*O[Si](*)(C)OCCOCCOCCOCCOCCOCCOCCOCCOC,tg,-78.0,-67.43943274289619
*O[Si](*)(C)c1ccccc1,tg,-24.27,40.66290268614078
*O[Si](*)(CC)CC,tg,-105.5,0.8540998538357185
*O[Si](*)(CCC)c1ccccc1,tg,40.6,-8.685410657442116
*O[Si](*)(CCCOCCOCCOC)CCCOCCOCCOC,tg,-63.4,-71.84302814378708
*O[Si](*)(CCCOCCOCCOCCOCCOC)CCCOCCOCCOCCOCCOC,tg,-69.8,-64.9255470071901
*O[Si](*)(CCCOCCOCCOCCOCCOCCOCCOC)CCCOCCOCCOCCOCCOCCOCCOC,tg,-68.9,-65.51823267985166
*O[Si](*)(CCCOCCOCCOCCOCCOCCOCCOCCOC)CCCOCCOCCOCCOCCOCCOCCOCCOC,tg,-66.4,-70.2417765869766
*O[Si](*)(c1ccccc1)c1ccccc1,tg,45.8,25.33276324795732
*O[Si](C)(C)C#C[Si](C)(C)C#C[Si](C)(C)C#C[Si](C)(C)C#C[Si](*)(C)C,tg,-23.0,-15.663813246598506
*O[Si](C)(C)C#C[Si](C)(C)C#C[Si](C)(C)C#C[Si](C)(C)C#C[Si](C)(C)C#C[Si](*)(C)C,tg,-16.1,-11.329219985517252
*O[Si](C)(C)CC(C)(C)COC(=O)c1cccc(C(=O)OCC(C)(C)C[Si](*)(C)C)c1,tg,-52.0,4.628303050879216
*O[Si](C)(C)CCCC(=O)Oc1ccc(C=Nc2ccc(Oc3ccc(N=Cc4ccc(OC(=O)CCC[Si](*)(C)C)cc4)cc3)cc2)cc1,tg,52.0,40.095074467738925
*O[Si](C)(C)CCCCCCOC(=O)C(C)Oc1ccc(OC(=O)c2ccc(-c3ccc(OCCCCCCCCCC[Si](*)(C)C)cc3)cc2)cc1,tg,35.0,10.566321750847179
*O[Si](C)(C)CCCCCCOC(=O)C(C)Oc1ccc(OC(=O)c2ccc(-c3ccc(OCCCCCCCCCC[Si](*)(C)C)cc3)cc2)cc1[N+](=O)[O-],tg,20.0,37.201132088499136
*O[Si](C)(C)CCCN=C1C=CC(=NCCC[Si](*)(C)C)c2c(O)ccc(O)c21,tg,32.9,15.630196735858414
*O[Si](C)(C)CCCN=C1c2ccccc2C(=NCCC[Si](*)(C)C)c2c(O)ccc(O)c21,tg,7.5,56.246493834691925
*O[Si](C)(C)CC[Si](*)(C)O[Si](C)(C)C,tg,-89.0,-74.18863003663175
*O[Si](C)(C)COC(=O)CCCCCCCCC(=O)Oc1ccc(S(=O)(=O)c2ccc(Oc3ccc(C=C4CCCC(=Cc5ccc(Oc6ccc(S(=O)(=O)c7ccc(OC(=O)CCCCCCCCC(=O)OC[Si](*)(C)C)cc7)cc6)cc5)C4=O)cc3)cc2)cc1,tg,80.0,48.86753450429811
*O[Si](C)(C)COC(=O)CCCCCCCCC(=O)Oc1ccc(S(=O)(=O)c2ccc(Oc3ccc(C=C4CCCCC(=Cc5ccc(Oc6ccc(S(=O)(=O)c7ccc(OC(=O)CCCCCCCCC(=O)OC[Si](*)(C)C)cc7)cc6)cc5)C4=O)cc3)cc2)cc1,tg,81.0,48.082136038518094
*O[Si](C)(C)OC(CCl)COc1ccc(C(C)(C)c2ccc(OCC(*)CCl)cc2)cc1,tg,24.0,52.36324588574557
*O[Si](C)(C)O[Si](*)(C)c1c(F)c(F)c(F)c(F)c1F,tg,-65.0,8.865688590245757
*O[Si](C)(C)O[Si](C)(C)OC(C)CCC(*)C,tg,-83.0,-76.33664280748884
*O[Si](C)(C)O[Si](C)(C)OC(C)CCCCC(*)C,tg,-87.0,-83.62582045122362
*O[Si](C)(C)O[Si](C)(C)O[Si](*)(C)c1c(F)c(F)c(Cl)c(F)c1F,tg,-75.0,-63.2758196418712
*O[Si](C)(C)O[Si](C)(C)O[Si](*)(C)c1c(F)c(F)c(F)c(F)c1F,tg,-83.0,-38.86064913831003
*O[Si](C)(C)O[Si](C)(C)O[Si](C)(C)OC(C)CCCCC(*)C,tg,-94.0,-91.24404946919839
*O[Si](C)(C)O[Si](C)(C)O[Si](C)(C)O[Si](C)(C)OC(C)CCC(*)C,tg,-96.0,-85.47777435222544
*O[Si](C)(C)O[Si](C)(C)O[Si](C)(C)O[Si](C)(C)OC(C)CCCCC(*)C,tg,-98.0,-100.29449033623062
*O[Si](C)(C)O[Si](C)(C)O[Si](C)(C)O[Si](C)(C)O[Si](C)(C)C#Cc1ccc(C#C[Si](*)(C)C)cc1,tg,78.0,-43.34705039254298
*O[Si](C)(C)O[Si](C)(C)O[Si](C)(C)O[Si](C)(C)O[Si](C)(C)OC(C)CCCCC(*)C,tg,-104.0,-86.45577794827012
*O[Si](C)(C)O[Si](C)(C)O[Si](C)(C)O[Si](C)(C)O[Si](C)(C)O[Si](C)(C)OC1=C(*)c2cccc3cccc1c23,tg,-93.0,31.629229487324864
*O[Si](C)(C)O[Si](C)(C)O[Si](C)(C)O[Si](C)(C)O[Si](C)(C)Oc1c(*)c2ccccc2c2ccccc12,tg,-38.0,-10.24412452342526
*O[Si](C)(C)O[Si](C)(C)O[Si](C)(C)O[Si](C)(C)O[Si](C)(C)c1ccc([Si](*)(C)C)cc1,tg,-80.0,-59.86737179865713
*O[Si](C)(C)O[Si](C)(C)O[Si](C)(C)O[Si](C)(C)c1ccc(Oc2ccc([Si](*)(C)C)cc2)cc1,tg,-52.0,-44.455988523642816
*O[Si](C)(C)O[Si](C)(C)O[Si](C)(C)O[Si](C)(C)c1ccc([Si](*)(C)C)cc1,tg,-72.0,-65.8206001238263
*O[Si](C)(C)O[Si](C)(C)O[Si](C)(C)O[Si](C)(C)c1cccc([Si](*)(C)C)c1,tg,-75.0,-85.97255900698342
*O[Si](C)(C)O[Si](C)(C)O[Si](C)(C)O[Si](C)(c1ccccc1)c1cccc([Si](*)(C)c2ccccc2)c1,tg,-42.0,-30.049923716445463
*O[Si](C)(C)O[Si](C)(C)O[Si](C)(C)Oc1c(C)cc(-c2cc(C)c(*)c(C)c2)cc1C,tg,14.0,17.98708092765293
*O[Si](C)(C)O[Si](C)(C)O[Si](C)(C)c1ccc(Oc2ccc([Si](*)(C)C)cc2)cc1,tg,-37.0,-54.1236003847781
*O[Si](C)(C)O[Si](C)(C)O[Si](C)(C)c1ccc([Si](*)(C)C)cc1,tg,-62.0,-69.9719469555076
*O[Si](C)(C)O[Si](C)(C)Oc1ccc(-c2ccc(*)cc2)cc1,tg,-4.0,26.295923200371924
*O[Si](C)(C)O[Si](C)(C)c1c(F)c(F)c(F)c([Si](*)(C)C)c1F,tg,-61.0,-19.40619503591346
*O[Si](C)(C)Oc1ccc(*)cc1,tg,90.0,38.31718148893113
*O[Si](C)(C)Oc1ccc(C(C)(C)c2ccc(*)cc2)cc1,tg,45.0,79.9756034031799
*O[Si](C)(C)c1cc(OCCO)c([Si](*)(C)C)cc1OCCO,tg,73.0,39.61746806158558
*O[Si](C)(C)c1cc(OCCOCc2ccccc2)c([Si](*)(C)C)cc1OCCOCc1ccccc1,tg,76.0,27.980300640191565
*O[Si](C)(C)c1ccc(-c2ccc([Si](*)(C)C)cc2)cc1,tg,67.0,38.58991520352674
*O[Si](C)(C)c1ccc([Si](*)(C)C)c2ccccc12,tg,60.0,56.7317413710798
*O[Si](C)(C)c1ccc([Si](C)(C)O[SiH](*)C)cc1,tg,-70.33,-28.247326183908147
*O[Si](C)(C)c1ccc([Si](C)(C)O[SiH](*)CCC(F)(F)F)cc1,tg,-37.0,-23.811778028370657
*O[Si](C)(C)c1ccc([Si](C)(C)Oc2c(C)cc(-c3cc(C)c(*)c(C)c3)cc2C)cc1,tg,67.0,105.04085716297338
*O[Si](C)(C)c1ccc2cc([Si](*)(C)C)ccc2c1,tg,29.0,27.020339675171023
*O[Si](C)(C)c1ccc2ccc([Si](*)(C)C)cc2c1,tg,26.0,27.42527293029125
*O[Si](C)(C)c1ccc2ccc3c([Si](*)(C)C)ccc4ccc1c2c43,tg,65.0,174.01348967851982
*O[Si](C)(C)c1cccc(C(F)(F)C(F)(F)c2cccc([Si](*)(C)C)c2)c1,tg,-2.0,31.046614776467703
*O[Si](C)(C)c1cccc([Si](*)(C)C)c1,tg,-52.0,-4.936196683768939
*O[Si](C)(C)c1cccc2c([Si](*)(C)C)cccc12,tg,62.0,52.50826788177134
*O[Si](C)(C=C)O[Si](C)(C)c1ccc([Si](*)(C)C)cc1,tg,-63.0,-51.7103825776915
*O[Si](C)(CCC(F)(F)F)CCC(F)(F)C(F)(F)C(F)(F)C(F)(F)C(F)(F)C(F)(F)C(F)(F)C(F)(F)C(F)(F)C(F)(F)CC[Si](*)(C)CCC(F)(F)F,tg,-11.0,-11.443209668519048
*O[Si](C)(CCC(F)(F)F)CCC(F)(F)CC[Si](*)(C)CCC(F)(F)F,tg,-38.0,-26.371356694330437
*O[Si](C)(Oc1ccc(C(C)(C)c2ccc(*)cc2)cc1)c1ccccc1,tg,58.0,85.34531181839154
*O[Si](C=C)(C=C)O[Si](C)(C)c1ccc([Si](*)(C)C)cc1,tg,-71.0,-53.06687896634891
*O[Si](O[Si](O[Si](O[Si](CC[Si](C)(C)O[Si](C)(C)CC[Si](*)(c1ccccc1)c1ccccc1)(c1ccccc1)c1ccccc1)(c1ccccc1)c1ccccc1)(c1ccccc1)c1ccccc1)(c1ccccc1)c1ccccc1,tg,11.0,132.22862241325186
*O[Si](Oc1ccc(C2(c3ccc(*)c(C)c3)c3ccccc3-c3ccccc32)cc1C)(c1ccccc1)c1ccccc1,tg,171.0,169.92310158421745
*O[Si](Oc1ccc(C2(c3ccc(*)cc3)c3ccccc3-c3ccccc32)cc1)(c1ccccc1)c1ccccc1,tg,166.0,187.09544003223868
*O[Si](c1ccccc1)(c1ccccc1)c1ccc([Si](*)(c2ccccc2)c2ccccc2)cc1,tg,114.13,151.13257002989965
*Oc1c(-c2ccccc2)cc(*)cc1-c1ccc(C(C)(C)C)cc1,tg,240.0,210.8597473326148
*Oc1c(-c2ccccc2)cc(*)cc1-c1ccc(C)cc1,tg,218.0,228.17254150705057
*Oc1c(-c2ccccc2)cc(*)cc1-c1cccc2ccccc12,tg,234.0,253.0936658624444
*Oc1c(-c2ccccc2)cc(*)cc1-c1ccccc1-c1ccccc1,tg,211.0,215.1991119628151
*Oc1c(-c2ccccc2)cc(-c2cc(-c3ccccc3)c(OC(=O)CCCCCCCCC(*)=O)c(-c3ccccc3)c2)cc1-c1ccccc1,tg,98.0,114.23435736851823
*Oc1c(-c2ccccc2)cc(Cc2cc(-c3ccccc3)c(OC(=O)CCCCC(*)=O)c(-c3ccccc3)c2)cc1-c1ccccc1,tg,115.0,124.56661140364962
*Oc1c(-c2ccccc2)cc(Cc2cc(-c3ccccc3)c(OC(=O)CCCCCC(*)=O)c(-c3ccccc3)c2)cc1-c1ccccc1,tg,111.0,103.31093851835791
*Oc1c(Br)cc(*)cc1Br,tg,196.0,201.83243925914263
*Oc1c(Br)cc(C(C)(C)c2cc(Br)c(OC(*)=O)c(Br)c2)cc1Br,tg,206.75,234.27005714559755
*Oc1c(Br)cc(C(C)(C)c2cc(Br)c(OC(=O)c3ccc(OCCCCCCCCCCOc4ccc(C(*)=O)cc4)cc3)c(Br)c2)cc1Br,tg,128.0,103.65797322942136
*Oc1c(Br)cc(C(C)(C)c2cc(Br)c(OC(=O)c3cccc(C(*)=O)c3)c(Br)c2)cc1Br,tg,115.0,162.61471467111323
*Oc1c(Br)cc(C2(c3cc(Br)c(OC(*)=O)c(Br)c3)CC3CCC2C3)cc1Br,tg,283.0,228.01938043794934
*Oc1c(Br)cc(S(=O)(=O)c2cc(Br)c(OC(*)=O)c(Br)c2)cc1Br,tg,196.0,175.2684994099522
*Oc1c(C(C)C)cc(C(=O)c2cccc(C(=O)c3ccc(*)cc3)c2)cc1C(C)C,tg,132.0,164.91367865784756
*Oc1c(C)c(C)c(NC(=O)c2ccc(C(=O)Nc3ccc(*)cc3)cc2)c(C)c1C,tg,333.0,305.1048520585801
*Oc1c(C)c(C)c(Oc2ccc(NC(=O)c3ccc(C(=O)Nc4ccc(*)cc4)cc3)cc2)c(C)c1C,tg,310.0,264.1757917824827
*Oc1c(C)cc(*)cc1-c1ccccc1,tg,171.67,177.83510914836995
*Oc1c(C)cc(*)cc1C,tg,204.61,177.12272564819452
*Oc1c(C)cc(*)cc1C(C)CCC,tg,100.0,99.19553339776205
*Oc1c(C)cc(*)cc1C(C)CCCC,tg,85.0,81.38999859888017
*Oc1c(C)cc(*)cc1C(C)CCCCC,tg,60.0,56.88666739966098
*Oc1c(C)cc(*)cc1C(C)CCCCCCCC,tg,20.0,15.009896679606806
*Oc1c(C)cc(*)cc1C(C)CCCCCCCCCCCC,tg,-10.0,10.334528478728922
*Oc1c(C)cc(-c2cc(C)c(OC(=O)CCCCC(*)=O)c(C)c2)cc1C,tg,108.0,122.7557833625498
*Oc1c(C)cc(-c2cc(C)c(OC(=O)CCCCCCCCC(*)=O)c(C)c2)cc1C,tg,57.0,69.26695731382733
*Oc1c(C)cc(-c2cc(C)c(Oc3ccc(C(=O)c4ccc(*)cc4)cc3)c(C)c2)cc1C,tg,246.64,207.52031368247847
*Oc1c(C)cc(C(=O)c2ccc(*)cc2)cc1C,tg,200.0,166.50482174099028
*Oc1c(C)cc(C(C)(C)c2cc(C)c(OC(*)=O)c(C)c2)cc1C,tg,193.62,201.7575729335657
*Oc1c(C)cc(C(C)(C)c2cc(C)c(OC(=O)CCCCC(*)=O)c(C)c2)cc1C,tg,93.0,87.71859917118594
*Oc1c(C)cc(C(C)(C)c2cc(C)c(OC(=O)CCCCCC(*)=O)c(C)c2)cc1C,tg,84.0,68.69098607160502
*Oc1c(C)cc(C(C)(C)c2cc(C)c(OC(=O)CCCCCCCCC(*)=O)c(C)c2)cc1C,tg,45.0,71.32960761989807
*Oc1c(C)cc(C(C)(C)c2cc(C)c(OC(=O)c3ccc(C(*)=O)cc3)c(C)c2)cc1C,tg,239.0,183.4981045438937
*Oc1c(C)cc(C(C)(C)c2cc(C)c(OC(=O)c3cccc(C(*)=O)c3)c(C)c2)cc1C,tg,187.0,171.0287644249573
*Oc1c(C)cc(C(C)(C)c2cc(C)c(ON3C(=O)c4ccc(Oc5ccc(C6(c7ccc(Oc8ccc9c(c8)C(=O)N(*)C9=O)cc7)CCC(C(C)(C)C)CC6)cc5)cc4C3=O)c(C)c2)cc1C,tg,248.0,232.118792109431
*Oc1c(C)cc(C2(c3cc(C)c(OC(=O)c4ccc(C(*)=O)cc4)c(C)c3)CCC3CCCCC3C2)cc1C,tg,287.0,261.1610816270213
*Oc1c(C)cc(C2(c3cc(C)c(Oc4ccc(C(=O)c5ccc(*)cc5)cc4)c(C)c3)CCC3CCCCC3C2)cc1C,tg,251.0,230.31694733192805
*Oc1c(C)cc(C2(c3cc(C)c(Oc4ccc(C(=O)c5cccc(C(=O)c6ccc(*)cc6)c5)cc4)c(C)c3)CCC3CCCCC3C2)cc1C,tg,224.0,210.52538781921086
*Oc1c(C)cc(C2(c3cc(C)c(Oc4ccc(C(=O)c5cccc(C(=O)c6ccc(*)cc6)c5)cc4)c(C)c3)c3ccccc3-c3ccccc32)cc1C,tg,229.0,233.53836887383636
*Oc1c(Cl)cc(*)cc1Br,tg,188.5,180.6478893812627
*Oc1c(Cl)cc(C(=C(Cl)Cl)c2cc(Cl)c(OC(*)=O)c(Cl)c2)cc1Cl,tg,250.0,236.20575371783696
*Oc1c(Cl)cc(C(C)(C)c2cc(Cl)c(OC(=O)c3ccc(OCCCCCCCCCCOc4ccc(C(*)=O)cc4)cc3)c(Cl)c2)cc1Cl,tg,140.0,108.26197288719256
*Oc1c(Cl)cc(C(c2cc(Cl)c(OC(*)=O)c(Cl)c2)C(Cl)(Cl)Cl)cc1Cl,tg,273.0,217.1518864021121
*Oc1c(Cl)cc(C2(c3cc(Cl)c(OC(*)=O)c(Cl)c3)CC3CC2C2CCCC32)cc1Cl,tg,281.0,265.6946297841669
*Oc1c(F)c(C#N)c(Oc2ccc(C(C)(C)c3cccc(C(C)(C)c4ccc(*)cc4)c3)cc2)c(F)c1C#N,tg,131.5,173.41239017988457
*Oc1c(F)c(F)c(-c2c(F)c(F)c(Oc3ccc(Cc4ccc(*)c(C=O)c4)cc3C=O)c(F)c2F)c(F)c1F,tg,198.0,191.24366520370688
*Oc1c(F)c(F)c(COC(c2cccc(C(OCc3c(F)c(F)c(Oc4ccc(Cc5ccc(*)cc5)cc4)c(F)c3F)(C(F)(F)F)C(F)(F)F)c2)(C(F)(F)F)C(F)(F)F)c(F)c1F,tg,94.0,124.29865145743601
*Oc1c(F)c(F)c(S(=O)(=O)c2c(F)c(F)c(Oc3ccc(C(c4ccc(*)cc4)(C(F)(F)F)C(F)(F)F)cc3)c(F)c2F)c(F)c1F,tg,182.0,145.02847254777453
*Oc1c(F)c(F)c(Sc2c(F)c(F)c(Oc3ccc(C(c4ccc(*)cc4)(C(F)(F)F)C(F)(F)F)cc3)c(F)c2F)c(F)c1F,tg,130.33,160.70429256396164
*Oc1c(OC)cc(*)cc1OC,tg,171.45,114.13821563644132
*Oc1c(OC)cc(-c2cc(OC)c(OC(=O)CCCCCCCCC(*)=O)c(OC)c2)cc1OC,tg,94.0,58.375545874870596
*Oc1c([2H])c([2H])c(S(=O)(=O)c2c([2H])c([2H])c(Oc3c([2H])c([2H])c(C(c4c([2H])c([2H])c(*)c([2H])c4[2H])(C([2H])([2H])[2H])C([2H])([2H])[2H])c([2H])c3[2H])c([2H])c2[2H])c([2H])c1[2H],tg,175.0,208.2317305448522
*Oc1cc(Br)c(C(C)(C)c2c(Br)cc(OC(*)=O)cc2Br)c(Br)c1,tg,267.0,206.42400507833634
*Oc1cc(C(=O)c2ccccc2)c(Oc2ccc(*)cc2)cc1C(=O)c1ccccc1,tg,137.0,164.36154623313044
*Oc1cc(C(C)(C)C)c(Oc2ccc(C(=O)Nc3c(C)cc(C(C)(C)c4cc(C)c(NC(=O)c5ccc(*)cc5)c(C)c4)cc3C)cc2)cc1C(C)(C)C,tg,295.0,263.9186199631158
*Oc1cc(C(C)(C)C)c(Oc2ccc(C(=O)Nc3c(C)cc(Cc4cc(C)c(NC(=O)c5ccc(*)cc5)c(C(C)C)c4)cc3C(C)C)cc2)cc1C(C)(C)C,tg,260.0,254.76398754549723
*Oc1cc(C(C)(C)C)c(Oc2ccc(C(=O)Nc3ccc(C(C)(C)c4ccc(NC(=O)c5ccc(*)cc5)c(C)c4)cc3C)cc2)cc1C(C)(C)C,tg,275.0,271.1949791449528
*Oc1cc(C(C)(C)C)c(Oc2ccc(C(=O)Nc3ccc(C(C)(C)c4ccc(NC(=O)c5ccc(*)cc5)cc4)cc3)cc2)cc1C(C)(C)C,tg,254.0,234.11879534728746
*Oc1cc(C(C)(C)C)c(Oc2ccc(C(=O)c3ccc(*)cc3)cc2)cc1C(C)(C)C,tg,206.0,160.50689914813788
*Oc1cc(C(C)(C)c2ccccc2)c(OC(=O)c2ccc(C(*)=O)cc2)cc1C(C)(C)c1ccccc1,tg,170.0,192.67873916184044
*Oc1cc(C(C)(C)c2ccccc2)c(OC(=O)c2cccc(C(*)=O)c2)cc1C(C)(C)c1ccccc1,tg,180.0,153.85962818112966
*Oc1cc(C)c(*)c(C)c1Br,tg,280.15,168.20666754678993
*Oc1cc(CC)cc(OC(=O)c2cccc(C(*)=O)c2)c1,tg,138.0,129.57907369864097
*Oc1cc(CCC)cc(OC(=O)c2cccc(C(*)=O)c2)c1,tg,129.0,109.76179043008821
*Oc1cc(CCCC)cc(OC(=O)c2cccc(C(*)=O)c2)c1,tg,97.5,105.95161718958033
*Oc1cc(CCCCCC)cc(OC(=O)c2cccc(C(*)=O)c2)c1,tg,67.5,84.6769439999451
*Oc1cc(CCCCCCCCCCC)cc(OC(=O)c2cccc(C(*)=O)c2)c1,tg,34.5,34.70176604756752
*Oc1cc(CCCCCCCCCCCCC)cc(OC(=O)c2cccc(C(*)=O)c2)c1,tg,25.5,31.070976134318116
*Oc1cc(Cl)c(C(C)(C)c2c(Cl)cc(OC(*)=O)cc2Cl)c(Cl)c1,tg,240.0,220.68817876698608
*Oc1cc(Cl)cc(Cl)c1*,tg,165.0,145.35053872034473
*Oc1cc(OC(=O)c2ccc(C(*)=O)cc2)cc(C(=O)OCCN(CC)c2ccc(N=Nc3ccc([N+](=O)[O-])cc3)cc2)c1,tg,130.0,140.2000569931053
*Oc1cc(OC(=O)c2ccc(OCCCC)cc2)c(OC(=O)C(C)(C)CCC(*)=O)cc1OC(=O)c1ccc(OCCCC)cc1,tg,61.0,71.06479429992702
*Oc1cc(OC(=O)c2ccc(OCCCC)cc2)c(OC(=O)CCCCCC(*)=O)cc1OC(=O)c1ccc(OCCCC)cc1,tg,45.0,45.19714763788164
*Oc1cc(OC(=O)c2ccc(OCCCC)cc2)c(OC(=O)CCCCCCCC(*)=O)cc1OC(=O)c1ccc(OCCCC)cc1,tg,38.0,45.43509829433062
*Oc1cc(OC(=O)c2ccc(OCCCCCCCCCCCC)cc2)c(OC(=O)CCCC(*)=O)cc1OC(=O)c1ccc(OCCCCCCCCCCCC)cc1,tg,23.0,37.83543118469056
*Oc1cc(OC(=O)c2ccc(Oc3ccc(C4(c5ccc(Oc6ccc(C(*)=O)cc6)cc5)CCC(C(C)(C)C)CC4)cc3)cc2)ccc1C12CC3CC(CC(C3)C1)C2,tg,180.0,205.34630881008536
*Oc1cc(Oc2ccc(C(C)(C)c3ccc(*)cc3)cc2)cc([N+](=O)[O-])c1,tg,150.0,154.83950076077488
*Oc1cc(Oc2ccc(NC(=O)c3cc(NC(=O)C45CC6CC(CC(C6)C4)C5)cc(C(=O)Nc4ccc(*)cc4)c3)cc2)ccc1C12CC3CC(CC(C3)C1)C2,tg,345.0,270.59647728431503
*Oc1cc2ccccc2cc1OC(=O)c1ccc(Oc2ccc(C(*)=O)cc2)cc1,tg,148.0,140.30852718096705
*Oc1ccc(*)cc1,tg,119.75,147.6064093159429
*Oc1ccc(-c2cc(-c3ccccc3)c(-c3ccc(OC(=O)c4ccc(C(*)=O)cc4-c4ccccc4)cc3)c(-c3ccccc3)c2-c2ccccc2)cc1,tg,225.0,198.20031395417132
*Oc1ccc(-c2ccc(-c3ccc(Oc4ccc(C(=O)c5cccc(C(=O)c6ccc(*)cc6)c5)cc4)cc3)cc2)cc1,tg,174.0,178.7722428393297
*Oc1ccc(-c2ccc(-c3ccc(Oc4ccc(C(C)(C)c5ccc(*)cc5)cc4)c(C(F)(F)F)c3)cc2)cc1C(F)(F)F,tg,192.0,177.25016663146897
*Oc1ccc(-c2ccc(-c3ccc(Oc4ccc(C(C)(C)c5ccc(*)cc5)cc4)cc3)cc2)cc1,tg,182.0,181.24293545023764
*Oc1ccc(-c2ccc(NC(=O)c3cc(C(=O)Nc4ccc(-c5ccc(Oc6ccc(C(C)(C)c7ccc(*)cc7)cc6)c(C(F)(F)F)c5)cc4)cc(C(C)(C)C)c3)cc2)cc1C(F)(F)F,tg,248.5,225.04496042666412
*Oc1ccc(-c2ccc(OC(*)(Oc3ccccc3)Oc3ccccc3)cc2)cc1,tg,112.0,118.42406621828985
*Oc1ccc(-c2ccc(OC(=O)/C=C/c3ccc(/C=C/C(*)=O)cc3)cc2)cc1,tg,243.0,195.117429897101
*Oc1ccc(-c2ccc(OC(=O)CCCCCCCCCCCCC(*)=O)cc2)cc1,tg,95.0,42.788790330106835
*Oc1ccc(-c2ccc(OC(=O)Nc3cccc(P(=O)(c4ccccc4)c4cccc(NC(*)=O)c4)c3)cc2)cc1,tg,72.0,149.7365625448716
*Oc1ccc(-c2ccc(OC(=O)c3cc(CCCCC)cc(C(*)=O)c3)cc2)cc1,tg,138.0,127.86661537182974
*Oc1ccc(-c2ccc(OC(=O)c3cc(N=Nc4ccc(OCC)cc4)ccc3-c3ccc(N=Nc4ccc(OCC)cc4)cc3C(*)=O)cc2)cc1,tg,165.0,163.24730038711056
*Oc1ccc(-c2ccc(OC(=O)c3cc(OCCCCCC)c(C(*)=O)cc3OCCCCCC)cc2)cc1,tg,113.0,89.80608642324958
*Oc1ccc(-c2ccc(OC(=O)c3ccc(C(*)=O)cc3)cc2)cc1-c1ccccc1,tg,132.0,196.74966771168548
*Oc1ccc(-c2ccc(OC(=O)c3ccc(C(*)=O)cc3Sc3ccc4ccccc4c3)cc2)cc1,tg,141.0,168.99860961971146
*Oc1ccc(-c2ccc(OC(=O)c3cccc(C(*)=O)c3)cc2)cc1,tg,185.5,186.52397942630708
*Oc1ccc(-c2ccc(Oc3ccc(*)cc3)c3ccccc23)c2ccccc12,tg,226.0,231.59250392489696
*Oc1ccc(-c2ccc(Oc3ccc(-c4ccc(-c5ccc(*)c(C(F)(F)F)c5)cc4)cc3C(F)(F)F)cc2)cc1,tg,203.5,187.78369496555234
*Oc1ccc(-c2ccc(Oc3ccc(C(=O)c4ccc(*)c(S(=O)(=O)O)c4)cc3S(=O)(=O)O)cc2)cc1,tg,225.0,209.65730718980197
*Oc1ccc(-c2ccc(Oc3ccc(C(=O)c4ccc(C(=O)c5ccc(*)c(C(F)(F)F)c5)cc4)cc3C(F)(F)F)cc2)cc1,tg,187.0,172.23073106310977
*Oc1ccc(-c2ccc(Oc3ccc(C(=O)c4ccc5cc(C(=O)c6ccc(*)cc6)ccc5c4)cc3)cc2)cc1,tg,195.0,193.8678957595117
*Oc1ccc(-c2ccc(Oc3ccc(C(=O)c4cccc(C(=O)c5ccc(*)cc5)c4)cc3)cc2)cc1,tg,159.0,167.02049341578163
*Oc1ccc(-c2ccc(Oc3ccc(C(=O)c4ccccc4-c4ccccc4C(=O)c4ccc(*)cc4)cc3)cc2)cc1,tg,193.0,188.80014517670728
*Oc1ccc(-c2ccc(Oc3ccc(C(C)(C)c4ccc(*)cc4)cc3)cc2)cc1,tg,154.0,181.55030693656641
*Oc1ccc(-c2ccc(Oc3ccc(Oc4ccc(Oc5ccc(*)cc5)cc4)cc3)c3ccccc23)c2ccccc12,tg,147.0,172.2487329459319
*Oc1ccc(-c2ccc(Oc3ccc(Oc4ccc(S(=O)(=O)c5ccc(Oc6ccc(*)cc6)cc5)cc4)cc3)c3ccccc23)c2ccccc12,tg,214.0,199.54271484495067
*Oc1ccc(-c2ccc(Oc3ccc(Oc4cccc(Oc5ccc(*)cc5)c4C)cc3)c3ccccc23)c2ccccc12,tg,156.0,183.7620983779725
*Oc1ccc(-c2ccc(Oc3ccc4ccccc4c3-c3c(*)ccc4ccccc34)c3ccccc23)c2ccccc12,tg,301.0,262.7531344980813
*Oc1ccc(-c2ccc(Oc3cccc(*)n3)cc2)cc1,tg,119.0,168.78834137078744
*Oc1ccc(C(=Cc2cc(OC)c(C=C(c3ccc(*)cc3)c3ccc(C(F)(F)F)cc3)cc2OC)c2ccc(C(F)(F)F)cc2)cc1,tg,194.0,168.55798368804392
*Oc1ccc(C(=Cc2ccc(-c3ccc(C=C(c4ccccc4)c4ccc(OC(=O)CCCCC(*)=O)cc4)cc3)cc2)c2ccccc2)cc1,tg,128.0,140.17060229926133
*Oc1ccc(C(=Cc2ccc(-c3ccc(C=C(c4ccccc4)c4ccc(OC(=O)CCCCCCCCC(*)=O)cc4)cc3)cc2)c2ccccc2)cc1,tg,111.0,123.45961518885044
*Oc1ccc(C(=Cc2ccc(-c3ccc(C=C(c4ccccc4)c4ccc(OC(=O)c5ccc(C(*)=O)cc5)cc4)cc3)cc2)c2ccccc2)cc1,tg,236.0,189.82130577546644
*Oc1ccc(C(=Cc2ccc(-c3ccc(C=C(c4ccccc4)c4ccc(OC(=O)c5cccc(C(*)=O)c5)cc4)cc3)cc2)c2ccccc2)cc1,tg,224.0,182.08998380965144
*Oc1ccc(C(=Nc2ccc(N=C(c3ccccc3)c3ccc(Oc4ccc(C(C)(C)c5ccc(*)cc5)cc4)cc3)cc2)c2ccccc2)cc1,tg,161.0,168.0362793744724
*Oc1ccc(C(=Nc2ccc(N=C(c3ccccc3)c3ccc(Oc4ccc(C(c5ccccc5)(c5ccccc5)c5ccc(*)cc5)cc4)cc3)cc2)c2ccccc2)cc1,tg,198.0,171.7021610669413
*Oc1ccc(C(=O)NNC(=O)c2ccc(*)cc2)cc1,tg,256.2,199.39663572611903
*Oc1ccc(C(=O)NNC(=O)c2ccc(C(=O)NNC(=O)c3ccc(OC(=O)c4cccc(C(*)=O)c4)cc3)cc2)cc1,tg,175.0,190.46471555680807
*Oc1ccc(C(=O)NNC(=O)c2cccc(C(=O)NNC(=O)c3ccc(OC(=O)c4cccc(C(*)=O)c4)cc3)c2)cc1,tg,180.0,177.87241715931296
*Oc1ccc(C(=O)Nc2cc(C(c3ccc(C)c(NC(=O)c4ccc(OC(=O)c5cccc(C(*)=O)c5)cc4)c3)(C(F)(F)F)C(F)(F)F)ccc2C)cc1,tg,214.0,213.16825615276187
*Oc1ccc(C(=O)Nc2cc(NC(=O)c3ccc(*)cc3)cc(-c3nc4ccccc4[nH]3)c2)cc1,tg,335.0,263.3115722058181
*Oc1ccc(C(=O)Nc2cc(NC(=O)c3ccc(*)cc3)cc(C(=O)OCCOC(=O)C=Cc3ccc(N(C)C)cc3)c2)cc1,tg,182.0,175.9631491850484
*Oc1ccc(C(=O)Nc2cc(SCCC#N)c(NC(=O)c3ccc(*)cc3)cc2SCCC#N)cc1,tg,158.0,196.31178098901765
*Oc1ccc(C(=O)Nc2ccc(Br)cc2-c2ccc(NC(=O)c3ccc(*)cc3)cc2)cc1,tg,267.0,251.27658923083416
*Oc1ccc(C(=O)Nc2ccc(C(c3ccc(NC(=O)c4ccc(*)cc4)cc3)(P3(=O)Oc4ccccc4-c4ccccc43)P3(=O)Oc4ccccc4-c4ccccc43)cc2)cc1,tg,243.0,256.5669330009163
*Oc1ccc(C(=O)Nc2ccc(C(c3ccc(NC(=O)c4ccc(OC(=O)c5ccc(C(*)=O)cc5)cc4)cc3)(C(F)(F)F)C(F)(F)F)cc2)cc1,tg,266.0,228.9882035954193
*Oc1ccc(C(=O)Nc2ccc(C(c3ccc(NC(=O)c4ccc(OC(=O)c5cccc(C(*)=O)c5)cc4)cc3)(C(F)(F)F)C(F)(F)F)cc2)cc1,tg,227.0,222.67282534088648
*Oc1ccc(C(=O)Nc2ccc(S(=O)(=O)c3ccc(NC(=O)c4ccc(Oc5ccc(C(=O)c6ccc(S(=O)(=O)c7ccc(C(=O)c8ccc(*)cc8)cc7)cc6)cc5)cc4)cc3)cc2)cc1,tg,260.0,224.05368145637206
*Oc1ccc(C(=O)O)c(C(=O)Nc2ccc(NC(=O)c3cc(*)ccc3C(=O)O)cc2)c1,tg,166.3,219.63071290973804
*Oc1ccc(C(=O)OC(C)COC(=O)c2ccc(OC(=O)c3ccc(C(*)=O)cc3)cc2)cc1,tg,87.0,107.03766583621332
*Oc1ccc(C(=O)OC(C)COC(C)COC(C)COC(=O)c2ccc(OC(=O)c3ccc(C(*)=O)cc3)cc2)cc1,tg,36.0,61.26897851043213
*Oc1ccc(C(=O)OCCCCCCCOC(=O)c2ccc(OC(=O)c3ccc(C(*)=O)cc3)cc2)cc1,tg,65.0,48.70594509651836
*Oc1ccc(C(=O)OCCCCCCOC(=O)c2ccc(*)cc2)cc1,tg,15.0,39.63544894620245
*Oc1ccc(C(=O)OCCCCOC(=O)c2ccc(*)cc2)cc1,tg,38.0,48.17652541956299
*Oc1ccc(C(=O)OCCCOC(=O)c2ccc(*)cc2)cc1,tg,57.0,69.4543037830658
*Oc1ccc(C(=O)OCCN(CCOC(=O)c2ccc(OC3(F)C(*)(F)C(F)(F)C3(F)F)cc2)c2ccc(C=CC3=CC(=C(C#N)C#N)CC(C)(C)C3)cc2)cc1,tg,143.0,141.86085853412018
*Oc1ccc(C(=O)OCCOC(=O)c2ccc(*)cc2)cc1,tg,74.0,93.10863831108661
*Oc1ccc(C(=O)OCCOCCOC(=O)c2ccc(OC(*)=O)cc2)cc1,tg,51.0,44.84558262165625
*Oc1ccc(C(=O)OCCOCCOCCOC(=O)c2ccc(OC(=O)c3ccc(C(*)=O)cc3)cc2)cc1,tg,25.0,50.682513389015035
*Oc1ccc(C(=O)OCCOCCOCCOCCOC(=O)c2ccc(OC(=O)c3ccc(C(*)=O)cc3)cc2)cc1,tg,25.0,22.488233206049618
*Oc1ccc(C(=O)c2ccc(C(=O)c3ccc(*)c(C(C)C)c3)cc2)cc1C,tg,149.0,157.36487872136442
*Oc1ccc(C(=O)c2ccc(C(=O)c3ccc(Oc4ccc(Cc5ccc(*)cc5)cc4)cc3)cc2)cc1,tg,120.0,143.16342746051
*Oc1ccc(C(=O)c2ccc(C(=O)c3ccc(Oc4cccc(Cc5cccc(*)c5)c4)cc3)cc2)cc1,tg,122.0,121.80583840669519
*Oc1ccc(C(=O)c2ccc(NC(=O)c3ccc(C(=O)Nc4ccc(C(=O)c5ccc(*)cc5)cc4)cc3)cc2)cc1,tg,187.0,215.10348141175015
*Oc1ccc(C(=O)c2ccc(NC(=O)c3cccc(C(=O)Nc4ccc(C(=O)c5ccc(*)cc5)cc4)c3)cc2)cc1,tg,204.2,173.8246260223977
*Oc1ccc(C(=O)c2ccc(Oc3ccc(C(=O)c4c(C(=O)c5ccc(*)cc5)c(-c5ccc(F)cc5)c(-c5ccc(F)cc5)c(-c5ccc(F)cc5)c4-c4ccc(F)cc4)cc3)cc2)cc1,tg,260.0,273.2339904832137
*Oc1ccc(C(=O)c2ccc(Oc3ccc(C(=O)c4c(C(=O)c5ccc(*)cc5)c(-c5ccccc5)c(-c5ccc6ccccc6c5)c(-c5ccc6ccccc6c5)c4-c4ccccc4)cc3)cc2)cc1,tg,290.0,257.9712762415798
*Oc1ccc(C(=O)c2ccc(Oc3ccc(C(=O)c4ccc(Oc5ccc(Cc6ccc(*)cc6)cc5)cc4)cc3)cc2)cc1,tg,128.0,153.81445193513593
*Oc1ccc(C(=O)c2ccc(Oc3ccc(C(=O)c4cccc(C(=O)c5ccc(*)cc5)c4)cc3)cc2)cc1,tg,152.0,139.54529378933134
*Oc1ccc(C(=O)c2ccc(Oc3ccc(C(c4ccc(*)cc4)(C(F)(F)F)C(F)(F)F)cc3)cc2)c2ccccc12,tg,190.0,212.92210897088614
*Oc1ccc(C(=O)c2ccc(Oc3ccc(C4(c5ccc(*)cc5)c5ccccc5-c5ccccc54)cc3)cc2)c2ccccc12,tg,260.0,238.25526463203389
*Oc1ccc(C(=O)c2cccc(-c3cccc(C(=O)c4ccc(*)cc4)c3)c2)cc1,tg,123.0,161.7210768856448
*Oc1ccc(C(=O)c2cccc(C(=O)c3ccc(*)c(C(C)C)c3)c2)cc1CC,tg,136.0,127.11094572138937
*Oc1ccc(C(=O)c2cccc(C(=O)c3ccc(*)cc3)c2)cc1,tg,139.0,162.86176247595256
*Oc1ccc(C(=O)c2cccc(C(=O)c3ccc(Oc4cccc(Cc5cccc(*)c5)c4)cc3)c2)cc1,tg,114.0,121.37374013997406
*Oc1ccc(C(=O)c2ccccc2)c(-c2cc(Oc3ccc(-c4ccc(*)cc4)cc3)ccc2C(=O)c2ccccc2)c1,tg,174.0,180.0722214751341
*Oc1ccc(C(=O)c2ccccc2)c(-c2cc(Oc3ccc(C(C)(C)c4ccc(*)cc4)cc3)ccc2C(=O)c2ccccc2)c1,tg,156.0,171.99716220212258
*Oc1ccc(C(C#N)(c2ccccc2)c2ccc(OC(*)=O)cc2)cc1,tg,138.0,190.13392373293624
*Oc1ccc(C(C)(C)c2ccc(C(C)(C)c3ccc(Oc4ccc(C(=O)Nc5ccc(Cc6ccc(NC(=O)c7ccc(*)cc7)cc6)cc5)cc4)cc3)cc2)cc1,tg,162.0,179.19631809463493
*Oc1ccc(C(C)(C)c2ccc(C(C)(C)c3ccc(Oc4ccc(C(=O)Nc5ccc(NC(=O)c6ccc(*)cc6)cc5)cc4)cc3)cc2)cc1,tg,163.0,186.1705604178184
*Oc1ccc(C(C)(C)c2ccc(OC(*)(Oc3ccccc3)Oc3ccccc3)cc2)cc1,tg,92.0,105.42166933075656
*Oc1ccc(C(C)(C)c2ccc(OC(*)=O)c(C(C)C)c2)cc1C(C)C,tg,80.0,150.3788569490128
*Oc1ccc(C(C)(C)c2ccc(OC(*)=S)cc2)cc1,tg,140.5,106.1361953685042
*Oc1ccc(C(C)(C)c2ccc(OC(=O)C3CCC(C(*)=O)CC3)cc2)cc1,tg,150.0,130.4914777327684
*Oc1ccc(C(C)(C)c2ccc(OC(=O)CC(C)CCC(*)=O)cc2)cc1,tg,56.0,73.23775439988319
*Oc1ccc(C(C)(C)c2ccc(OC(=O)CCCCC(*)=O)c(C)c2)cc1C,tg,33.5,75.35033123608943
*Oc1ccc(C(C)(C)c2ccc(OC(=O)CCCCC(*)=O)cc2)cc1,tg,54.0,66.70980967340698
*Oc1ccc(C(C)(C)c2ccc(OC(=O)CCCCCCCCC(*)=O)cc2)cc1,tg,14.25,43.883110415964225
*Oc1ccc(C(C)(C)c2ccc(OC(=O)CN(CC(*)=O)c3ccc(N=Nc4ccc([N+](=O)[O-])cc4)cc3)cc2)cc1,tg,152.0,157.05875568037646
*Oc1ccc(C(C)(C)c2ccc(OC(=O)OCC3CCC(COC(*)=O)CC3)cc2)cc1,tg,90.4,74.48300261100272
*Oc1ccc(C(C)(C)c2ccc(OC(=O)OCCN(CCOC(*)=O)c3ccc(OC)cc3)cc2)cc1,tg,60.0,77.24982745732667
*Oc1ccc(C(C)(C)c2ccc(OC(=O)OCCN(CCOC(*)=O)c3ccc4[nH]c5ccccc5c4c3)cc2)cc1,tg,90.0,144.74910423818497
*Oc1ccc(C(C)(C)c2ccc(OC(=O)OCCN(CCOC(*)=O)c3ccccc3)cc2)cc1,tg,70.0,59.884458361629946
*Oc1ccc(C(C)(C)c2ccc(OC(=O)Oc3ccc(Cc4ccc(OC(*)=O)cc4)cc3)cc2)cc1,tg,107.8,108.79641548638656
*Oc1ccc(C(C)(C)c2ccc(OC(=O)SCCCSC(*)=O)cc2)cc1,tg,90.0,74.78741472200181
*Oc1ccc(C(C)(C)c2ccc(OC(=O)c3cc(NC(=O)c4ccc(NC(=O)C(C)N5C(=O)c6ccccc6C5=O)cc4)cc(C(*)=O)c3)cc2)cc1,tg,238.0,197.84185231510554
*Oc1ccc(C(C)(C)c2ccc(OC(=O)c3ccc(C(*)=O)cc3)c(C(C)C)c2)cc1C(C)C,tg,130.0,183.64402482316387
*Oc1ccc(C(C)(C)c2ccc(OC(=O)c3ccc(C(*)=O)cc3)c(C(C)CC)c2)cc1C(C)CC,tg,90.0,150.8287152097971
*Oc1ccc(C(C)(C)c2ccc(OC(=O)c3ccc(C(*)=O)cc3)c(C)c2)cc1C,tg,167.0,170.68205536415314
*Oc1ccc(C(C)(C)c2ccc(OC(=O)c3ccc(C(*)=O)cc3)c(Cl)c2)cc1Cl,tg,190.0,165.8905679018728
*Oc1ccc(C(C)(C)c2ccc(OC(=O)c3ccc(C(C)(CC)c4ccc(C(*)=O)cc4)cc3)cc2)cc1,tg,207.5,158.52633039509305
*Oc1ccc(C(C)(C)c2ccc(OC(=O)c3ccc(C(c4ccc(C(*)=O)cc4)(C(F)(F)F)C(F)(F)F)cc3)cc2)cc1,tg,124.0,163.37894401703625
*Oc1ccc(C(C)(C)c2ccc(OC(=O)c3ccc(Cc4ccc(C(*)=O)cc4)cc3)cc2)cc1,tg,187.5,172.8157228724328
*Oc1ccc(C(C)(C)c2ccc(OC(=O)c3ccc(OCCCCCCCCCCOc4ccc(C(*)=O)cc4)cc3)cc2)cc1,tg,77.0,89.79351396800685
*Oc1ccc(C(C)(C)c2ccc(OC(=O)c3ccc([Si](C)(C)c4ccc(C(*)=O)cc4)cc3)cc2)cc1,tg,180.0,132.63926663744687
*Oc1ccc(C(C)(C)c2ccc(OC(=O)c3ccc4c(c3)C(C)(c3ccc(C(*)=O)cc3)CC4(C)C)cc2)cc1,tg,265.0,239.3211820228766
*Oc1ccc(C(C)(C)c2ccc(OC(=O)c3cccc(C(*)=O)c3)cc2)cc1,tg,166.08,175.56353733913713
*Oc1ccc(C(C)(C)c2ccc(OC(=O)c3cccc(C(F)(F)C(F)(F)C(F)(F)c4cccc(C(*)=O)c4)c3)cc2)cc1,tg,122.0,102.5700931056763
*Oc1ccc(C(C)(C)c2ccc(OC(=O)c3cccc(Oc4cccc(C(*)=O)c4)c3)cc2)cc1,tg,85.0,132.25582547459783
*Oc1ccc(C(C)(C)c2ccc(OC(=O)c3ccccc3-c3ccccc3C(*)=O)cc2)cc1,tg,154.5,163.49248373030363
*Oc1ccc(C(C)(C)c2ccc(OP3(Oc4ccc(C(=O)OCCC)cc4)=NP(Oc4ccc(C(=O)OCCC)cc4)(Oc4ccc(C(=O)OCCC)cc4)=NP(*)(Oc4ccc(C(=O)OCCC)cc4)=N3)cc2)cc1,tg,26.0,103.28392988460583
*Oc1ccc(C(C)(C)c2ccc(Oc3ccc(*)nn3)cc2)cc1,tg,180.0,107.4952587716788
*Oc1ccc(C(C)(C)c2ccc(Oc3ccc(C(=O)Nc4ccc(NC(=O)c5ccc(*)cc5)cc4)cc3)cc2)cc1,tg,230.0,220.3973444608209
*Oc1ccc(C(C)(C)c2ccc(Oc3ccc(C(=O)Nc4cccc(NC(=O)c5ccc(*)cc5)c4)cc3)cc2)cc1,tg,214.0,214.53189894801358
*Oc1ccc(C(C)(C)c2ccc(Oc3ccc(C(=O)c4c(C(=O)c5ccc(*)cc5)c(-c5ccccc5)c(-c5ccc6ccccc6c5)c(-c5ccc6ccccc6c5)c4-c4ccccc4)cc3)cc2)cc1,tg,264.0,293.7299054206385
*Oc1ccc(C(C)(C)c2ccc(Oc3ccc(C(=O)c4c(C)ccc5c(C(=O)c6ccc(*)cc6)c(C)ccc45)cc3)cc2)cc1,tg,222.0,192.59143509800612
*Oc1ccc(C(C)(C)c2ccc(Oc3ccc(C(=O)c4ccc(*)cc4)cc3)cc2)cc1,tg,155.23,160.51279664860573
*Oc1ccc(C(C)(C)c2ccc(Oc3ccc(C(=O)c4ccc(C(=O)c5ccc(*)c(C(F)(F)F)c5)cc4)cc3C(F)(F)F)cc2)cc1,tg,171.0,166.83596320690555
*Oc1ccc(C(C)(C)c2ccc(Oc3ccc(C(=O)c4ccc(C(=O)c5ccc(*)cc5)cc4)cc3)cc2)cc1,tg,156.4,171.49679904560173
*Oc1ccc(C(C)(C)c2ccc(Oc3ccc(C(=O)c4ccc(C(C)(C)c5ccc(C(=O)c6ccc(*)cc6)cc5)cc4)cc3)cc2)cc1,tg,171.0,163.06200848257643
*Oc1ccc(C(C)(C)c2ccc(Oc3ccc(C(=O)c4ccc(Oc5ccc(C(=O)c6ccc(*)cc6)cc5)cc4)cc3)cc2)cc1,tg,162.0,159.22095974800038
*Oc1ccc(C(C)(C)c2ccc(Oc3ccc(C(=O)c4ccc5cc(C(=O)c6ccc(*)cc6)ccc5c4)cc3)cc2)cc1,tg,185.0,200.03049933547462
*Oc1ccc(C(C)(C)c2ccc(Oc3ccc(C(=O)c4cccc5cccc(C(=O)c6ccc(*)cc6)c45)cc3)cc2)cc1,tg,210.5,192.62788608034072
*Oc1ccc(C(C)(C)c2ccc(Oc3ccc(C(=O)c4ccccc4-c4ccccc4C(=O)c4ccc(*)cc4)cc3)cc2)cc1,tg,172.0,179.753870129738
*Oc1ccc(C(C)(C)c2ccc(Oc3ccc(C(O)C(O)c4ccc(*)cc4)cc3)cc2)cc1,tg,149.4,169.0180111792797
*Oc1ccc(C(C)(C)c2ccc(Oc3ccc4c(=O)n5c6cc(-c7ccc8c(c7)nc7c9ccc(*)c%10cccc(c(=O)n87)c%109)ccc6nc5c5cccc3c45)cc2)cc1,tg,380.0,347.36042821392357
*Oc1ccc(C(C)(C)c2ccc(Oc3ccc4c(=O)n5c6cc(Oc7ccc8c(c7)nc7c9ccc(*)c%10cccc(c(=O)n87)c%109)ccc6nc5c5cccc3c45)cc2)cc1,tg,334.0,337.6206536872086
*Oc1ccc(C(C)(C)c2ccc(Oc3cncc(*)n3)cc2)cc1,tg,94.0,164.18928892398495
*Oc1ccc(C(C)(C)c2cccc(C(C)(C)c3ccc(Oc4ccc(C(=O)Nc5cccc(NC(=O)c6ccc(*)cc6)c5)cc4)cc3)c2)cc1,tg,155.0,172.2615629720816
*Oc1ccc(C(C)(CC(C)C)c2ccc(OC(*)=S)cc2)cc1,tg,128.0,123.43615313499708
*Oc1ccc(C(C)(CC)c2ccc(OC(*)=O)c(C)c2)cc1C,tg,119.0,125.1784652986374
*Oc1ccc(C(C)(CC)c2ccc(OC(*)=O)cc2)cc1,tg,131.5,129.36098646562812
*Oc1ccc(C(C)(CC)c2ccc(OC(*)=S)cc2)cc1,tg,102.0,123.48349291186194
*Oc1ccc(C(C)(CCC#N)c2ccc(OC(*)=O)c(C)c2)cc1C,tg,117.0,128.0860492290248
*Oc1ccc(C(C)(CCC#N)c2ccc(OC(*)=O)cc2)cc1,tg,150.0,125.78671937310362
*Oc1ccc(C(C)(c2ccccc2)c2ccc(OC(*)=O)cc2)cc1,tg,180.0,153.86934268181005
*Oc1ccc(C(C)(c2ccccc2)c2ccc(OC(=O)c3cccc(C(*)=O)c3)cc2)cc1,tg,202.0,182.6517504741077
*Oc1ccc(C(C)(c2ccccc2)c2ccc(Oc3c(F)c(F)c(C(=O)c4c(F)c(F)c(*)c(F)c4F)c(F)c3F)cc2)cc1,tg,175.0,190.63010587813082
*Oc1ccc(C(C)(c2ccccc2)c2ccc(Oc3ccc(C(=O)C(=O)c4ccc(*)cc4)cc3)cc2)cc1,tg,177.0,184.42171299542443
*Oc1ccc(C(C)=Nc2ccc(N=C(C)c3ccc(Oc4ccc(C(C)(C)c5ccc(*)cc5)cc4)cc3)cc2)cc1,tg,161.0,168.10154880387577
*Oc1ccc(C(C)c2ccc(OC(*)=O)cc2)cc1,tg,122.2,134.40199486090208
*Oc1ccc(C(C)c2ccc(OC(*)=S)cc2)cc1,tg,101.67,122.0630641536067
*Oc1ccc(C(CC)(CC)c2ccc(OC(*)=S)cc2)cc1,tg,121.0,120.147610734379
*Oc1ccc(C(CC)(CC)c2ccc(OC(=O)c3ccc(C(*)=O)cc3)cc2)cc1,tg,165.0,185.3002693197937
*Oc1ccc(C(CC)(c2ccccc2)c2ccc(OC(=O)CCCCCCCCC(*)=O)cc2)cc1,tg,88.0,68.96441575821895
*Oc1ccc(C(CC)(c2ccccc2)c2ccc(OC(=O)c3ccc(C(*)=O)cc3)cc2)cc1,tg,243.0,197.84139798437914
*Oc1ccc(C(CC)c2ccc(OC(*)=O)cc2)cc1,tg,128.0,124.35677140640459
*Oc1ccc(C(CC)c2ccc(OC(*)=S)cc2)cc1,tg,97.33,106.7748506819999
*Oc1ccc(C(CCC)(CCC)c2ccc(OC(*)=O)cc2)cc1,tg,140.8,124.75886080015546
*Oc1ccc(C(CCC)c2ccc(OC(*)=O)cc2)cc1,tg,110.33,114.9821901165415
*Oc1ccc(C(c2ccc(OC(*)=O)cc2)C(C)C)cc1,tg,149.0,134.09124742032802
*Oc1ccc(C(c2ccc(OC(*)=O)cc2)C(Cl)(Cl)Cl)cc1,tg,230.0,165.96435058244467
*Oc1ccc(C(c2ccc(OC(*)=O)cc2)C2C3CCC(C3)C2c2ccccc2)cc1,tg,196.0,247.9626094155954
*Oc1ccc(C(c2ccc(OC(*)=O)cc2)C2CC3CC2C2C4CCC(C4)C32)cc1,tg,253.0,222.93347682221273
*Oc1ccc(C(c2ccc(OC(*)=S)cc2)C(CC)CC)cc1,tg,148.0,89.14318708513919
*Oc1ccc(C(c2ccc(OC(*)=S)cc2)c2cccc3ccccc23)cc1,tg,191.0,188.82452140998092
*Oc1ccc(C(c2ccc(OC(=O)Nc3ccc(Cc4ccc(NC(*)=O)cc4)cc3)cc2)(C(F)(F)F)C(F)(F)F)cc1,tg,81.0,160.02533612320659
*Oc1ccc(C(c2ccc(OC(=O)c3ccc(C(c4ccc(C(*)=O)cc4)(C(F)(F)F)C(F)(F)F)cc3)cc2)(C(F)(F)F)C(F)(F)F)cc1,tg,135.0,167.97285246611332
*Oc1ccc(C(c2ccc(OC(=O)c3ccc(OCCCCCCCCCCOc4ccc(C(*)=O)cc4)cc3)cc2)(C(F)(F)F)C(F)(F)F)cc1,tg,89.0,93.74444246950263
*Oc1ccc(C(c2ccc(OC(=O)c3ccccc3-c3ccccc3C(*)=O)cc2)(C(F)(F)F)C(F)(F)F)cc1,tg,162.0,148.08374208541866
*Oc1ccc(C(c2ccc(OC3(F)C(*)(F)C(F)(F)C3(F)F)cc2)(C(F)(F)F)C(F)(F)F)cc1,tg,122.5,135.07503933139105
*Oc1ccc(C(c2ccc(Oc3c(F)c(F)c(C(=O)c4c(F)c(F)c(*)c(F)c4F)c(F)c3F)cc2)(C(F)(F)F)C(F)(F)F)cc1,tg,148.69,156.2458099896121
*Oc1ccc(C(c2ccc(Oc3c(F)c(F)c(COC(c4cccc(C(OCc5c(F)c(F)c(*)c(F)c5F)(C(F)(F)F)C(F)(F)F)c4)(C(F)(F)F)C(F)(F)F)c(F)c3F)cc2)(C(F)(F)F)C(F)(F)F)cc1,tg,113.0,122.80827544362452
*Oc1ccc(C(c2ccc(Oc3ccc(C(=O)Nc4ccc(-c5ccc(NC(=O)c6ccc(*)cc6)cc5C(F)(F)F)c(C(F)(F)F)c4)cc3)cc2)(C(F)(F)F)C(F)(F)F)cc1,tg,240.0,222.07079052060337
*Oc1ccc(C(c2ccc(Oc3ccc(C(=O)c4c(C(=O)c5ccc(*)cc5)c(-c5ccc(F)cc5)c(-c5ccc(F)cc5)c(-c5ccc(F)cc5)c4-c4ccc(F)cc4)cc3)cc2)(C(F)(F)F)C(F)(F)F)cc1,tg,253.0,235.8266091664098
*Oc1ccc(C(c2ccc(Oc3ccc(C(=O)c4cc(C(=O)c5ccc(*)cc5)cc(C(C)(C)C)c4)cc3)cc2)(C(F)(F)F)C(F)(F)F)cc1,tg,181.0,188.99255686317878
*Oc1ccc(C(c2ccc(Oc3ccc(C(=O)c4ccc(*)cc4)cc3)cc2)(C(F)(F)F)C(F)(F)F)cc1,tg,170.5,153.98331463473082
*Oc1ccc(C(c2ccc(Oc3ccc(C(=O)c4ccc(*)cc4)cc3)cc2)c2ccccc2C(=O)O)cc1,tg,220.5,194.9415042195807
*Oc1ccc(C(c2ccc(Oc3ccc(C(=O)c4ccc(C(c5ccc(C(=O)c6ccc(*)cc6)cc5)(C(F)(F)F)C(F)(F)F)cc4)cc3)cc2)(C(F)(F)F)C(F)(F)F)cc1,tg,185.0,183.18864363723904
*Oc1ccc(C(c2ccc(Oc3ccc(C(=O)c4ccc(P(=O)(c5ccccc5)c5ccc(C(=O)c6ccc(*)cc6)cc5)cc4)cc3)cc2)(C(F)(F)F)C(F)(F)F)cc1,tg,207.0,187.15839100533472
*Oc1ccc(C(c2ccc(Oc3ccc(C(=O)c4cccc(C(=O)c5ccc(*)cc5)c4)cc3)cc2)(C(F)(F)F)C(F)(F)F)cc1,tg,175.0,175.99010697784223
*Oc1ccc(C(c2ccc(Oc3ccc(C(=O)c4cccc5cccc(C(=O)c6ccc(*)cc6)c45)cc3)cc2)(C(F)(F)F)C(F)(F)F)cc1,tg,213.0,214.75535820478888
*Oc1ccc(C(c2ccccc2)(c2ccccc2)c2ccc(OC(=O)OC3C(C)(C)C(OC(*)=O)C3(C)C)cc2)cc1,tg,161.0,143.11585397907382
*Oc1ccc(C(c2ccccc2)(c2ccccc2)c2ccc(OC(=O)c3cccc(C(*)=O)c3)cc2)cc1,tg,229.0,198.2861476278141
*Oc1ccc(C(c2ccccc2)(c2ccccc2)c2ccc(Oc3ccc(C(=O)Nc4ccc(NC(=O)c5ccc(*)cc5)cc4)cc3)cc2)cc1,tg,254.0,217.75874376993877
*Oc1ccc(C(c2ccccc2)(c2ccccc2)c2ccc(Oc3ccc4c(=O)n5c6cc(-c7ccc8c(c7)nc7c9ccc(*)c%10cccc(c(=O)n87)c%109)ccc6nc5c5cccc3c45)cc2)cc1,tg,357.0,343.5690091768488
*Oc1ccc(C(c2ccccc2)c2ccc(OC(*)=O)cc2C)c(C)c1,tg,182.0,169.75127990137165
*Oc1ccc(C2(C)CCC(C(C)(C)c3ccc(Oc4ccc(C(=O)c5ccc(*)cc5)cc4)cc3)CC2)cc1,tg,200.0,205.95245190541593
*Oc1ccc(C2(c3ccc(OC(*)=O)c(C)c3)CC3CC2C2CCCC32)cc1C,tg,217.0,231.75388317812687
*Oc1ccc(C2(c3ccc(OC(*)=O)c(C)c3)CC3CCC2C3)cc1C,tg,161.0,194.53292858244916
*Oc1ccc(C2(c3ccc(OC(*)=O)c(Cl)c3)CC3CCC2C3)cc1Cl,tg,200.0,184.4217045355278
*Oc1ccc(C2(c3ccc(OC(*)=O)cc3)CC3CC2C2CCCC32)cc1,tg,251.5,233.07901045678912
*Oc1ccc(C2(c3ccc(OC(*)=O)cc3)CCCCC2)cc1,tg,175.19,168.8236361325925
*Oc1ccc(C2(c3ccc(OC(*)=O)cc3)CCCCCC2)cc1,tg,155.0,181.05676153443613
*Oc1ccc(C2(c3ccc(OC(*)=O)cc3)CCc3ccccc32)cc1,tg,219.0,221.37669193518173
*Oc1ccc(C2(c3ccc(OC(*)=O)cc3)c3cc(N(C)C)ccc3-c3ccc([N+](=O)[O-])cc32)cc1,tg,278.0,257.4814708694113
*Oc1ccc(C2(c3ccc(OC(*)=O)cc3)c3cc(OC)ccc3-c3ccc([N+](=O)[O-])cc32)cc1,tg,294.0,254.97121248341477
*Oc1ccc(C2(c3ccc(OC(*)=O)cc3)c3ccccc3-c3ccccc32)cc1,tg,303.33,274.640683913985
*Oc1ccc(C2(c3ccc(OC(*)=O)cc3C)CC3CC2C2C4CCC(C4)C32)cc1C,tg,232.0,226.41234154497283
*Oc1ccc(C2(c3ccc(OC(*)=S)cc3)CCC(C)CC2)cc1,tg,168.0,154.61803035633596
*Oc1ccc(C2(c3ccc(OC(*)=S)cc3)CCCC2)cc1,tg,79.0,154.05779610599774
*Oc1ccc(C2(c3ccc(OC(*)=S)cc3)CCCCC2)cc1,tg,155.0,121.98559348749829
*Oc1ccc(C2(c3ccc(OC(=O)C45CC6CC(CC(C(*)=O)(C6)C4)C5)cc3)c3ccccc3-c3ccccc32)cc1,tg,335.0,248.63957591221234
*Oc1ccc(C2(c3ccc(OC(=O)CCC(*)=O)cc3)c3cc(N(C)C)ccc3-c3ccc([N+](=O)[O-])cc32)cc1,tg,215.0,223.39204543794648
*Oc1ccc(C2(c3ccc(OC(=O)CCC(*)=O)cc3)c3cc(OC)ccc3-c3ccc([N+](=O)[O-])cc32)cc1,tg,230.0,214.70123733658554
*Oc1ccc(C2(c3ccc(OC(=O)CCC(*)=O)cc3)c3ccccc3-c3ccccc32)cc1,tg,234.0,215.02638885344322
*Oc1ccc(C2(c3ccc(OC(=O)CCCC(*)=O)cc3)c3cc(N(C)C)ccc3-c3ccc([N+](=O)[O-])cc32)cc1,tg,181.0,204.6037074143209
*Oc1ccc(C2(c3ccc(OC(=O)CCCCC(*)=O)cc3)c3cc(N(C)C)ccc3-c3ccc([N+](=O)[O-])cc32)cc1,tg,150.0,161.6189815123898
*Oc1ccc(C2(c3ccc(OC(=O)CCCCC(*)=O)cc3)c3ccccc3-c3ccccc32)cc1,tg,166.0,178.2525240105182
*Oc1ccc(C2(c3ccc(OC(=O)CCCCCCCC(*)=O)cc3)c3ccccc3-c3ccccc32)cc1,tg,150.0,146.70958312519198
*Oc1ccc(C2(c3ccc(OC(=O)CCCCCCCCCC(*)=O)cc3)c3ccccc3-c3ccccc32)cc1,tg,136.0,120.69779441977346
*Oc1ccc(C2(c3ccc(OC(=O)CCCCCCCCCCC(*)=O)cc3)c3ccccc3-c3ccccc32)cc1,tg,117.0,129.51062590168132
*Oc1ccc(C2(c3ccc(OC(=O)OC4C(C)(C)C(OC(*)=O)C4(C)C)cc3)CCC(C(C)(C)C)CC2)cc1,tg,172.0,145.32064801568825
*Oc1ccc(C2(c3ccc(OC(=O)OC4C(C)(C)C(OC(*)=O)C4(C)C)cc3)CCCCC2)cc1,tg,136.0,167.75387107109535
*Oc1ccc(C2(c3ccc(OC(=O)OC4C(C)(C)C(OC(*)=O)C4(C)C)cc3)c3ccccc3-c3ccccc32)cc1,tg,214.0,253.38449335919768
*Oc1ccc(C2(c3ccc(OC(=O)c4ccc(C(*)=O)cc4)cc3)CCC3CCCCC3C2)cc1,tg,275.0,274.75319573542396
*Oc1ccc(C2(c3ccc(OC(=O)c4ccc(C(*)=O)cc4)cc3)CCCCC2)cc1,tg,275.0,206.08917239440558
*Oc1ccc(C2(c3ccc(OC(=O)c4ccc(C(*)=O)cc4)cc3)CCc3ccccc32)cc1,tg,312.0,279.6852815219893
*Oc1ccc(C2(c3ccc(OC(=O)c4ccc(C(*)=O)cc4)cc3)c3ccccc3-c3ccccc32)cc1,tg,285.0,323.7627848843032
*Oc1ccc(C2(c3ccc(OC(=O)c4ccc(C(*)=O)cc4)cc3)c3ccccc3C(=O)c3ccccc32)cc1,tg,400.0,295.3276789897323
*Oc1ccc(C2(c3ccc(OC(=O)c4ccc(C(*)=O)cc4)cc3)c3ccccc3Cc3ccccc32)cc1,tg,342.0,307.3174899586769
*Oc1ccc(C2(c3ccc(OC(=O)c4ccc(Oc5ccc(C6(c7ccc(Oc8ccc(C(*)=O)cc8)cc7)CCC(C(C)(C)C)CC6)cc5)cc4)cc3)CC3CC2C2CCCC32)cc1,tg,181.0,200.8513115406836
*Oc1ccc(C2(c3ccc(OC(=O)c4ccc(Oc5ccc(C6(c7ccc(Oc8ccc(C(*)=O)cc8)cc7)CCC(C(C)(C)C)CC6)cc5)cc4)cc3)CCCCCCCCCCC2)cc1,tg,181.0,179.35150558729242
*Oc1ccc(C2(c3ccc(OC(=O)c4cccc(C(*)=O)c4)cc3)CCC3CCCCC3C2)cc1,tg,248.0,258.0466171235262
*Oc1ccc(C2(c3ccc(OC4(F)C(*)(F)C(F)(F)C4(F)F)cc3)c3ccccc3-c3ccccc32)cc1,tg,228.0,246.65880321285573
*Oc1ccc(C2(c3ccc(Oc4ccc(C(=O)Oc5c(C)cc(C(C)(C)c6cc(C)c(OC(=O)c7ccc(*)cc7)c(C)c6)cc5C)cc4)cc3)CCC(C(C)(C)C)CC2)cc1,tg,176.0,182.18222537377076
*Oc1ccc(C2(c3ccc(Oc4ccc(C(=O)Oc5ccc(C(C)(C)c6ccc(OC(=O)c7ccc(*)cc7)cc6)cc5)cc4)cc3)CCC(C(C)(C)C)CC2)cc1,tg,144.0,157.83818453464156
*Oc1ccc(C2(c3ccc(Oc4ccc(C(=O)Oc5ccc(C6(c7ccc(OC(=O)c8ccc(*)cc8)cc7)CCC(c7ccccc7)CC6)cc5)cc4)cc3)CCC(C(C)(C)C)CC2)cc1,tg,172.0,172.9005282489269
*Oc1ccc(C2(c3ccc(Oc4ccc(C(=O)c5ccc(*)cc5)cc4)c(C)c3)CCC3CCCCC3C2)cc1C,tg,201.0,241.3043066046409
*Oc1ccc(C2(c3ccc(Oc4ccc(C(=O)c5ccc(*)cc5)cc4)cc3)CCC3CCCCC3C2)cc1,tg,214.0,227.23443832264215
*Oc1ccc(C2(c3ccc(Oc4ccc(C(=O)c5ccc(*)cc5)cc4)cc3)c3ccccc3-c3ccccc32)cc1,tg,252.0,243.3247313362967
*Oc1ccc(C2(c3ccc(Oc4ccc(C(=O)c5ccc(C(=O)c6ccc(*)c(C(F)(F)F)c6)cc5)cc4C(F)(F)F)cc3)c3ccccc3-c3ccccc32)cc1,tg,229.0,222.78872209187026
*Oc1ccc(C2(c3ccc(Oc4ccc(C(=O)c5ccc(C(=O)c6ccc(*)cc6)cc5)cc4)cc3)c3ccccc3-c3ccccc32)cc1,tg,243.0,235.44169397175116
*Oc1ccc(C2(c3ccc(Oc4ccc(C(=O)c5ccc(Oc6ccc(C(=O)c7ccc(*)cc7)cc6)cc5)cc4)cc3)c3ccccc3-c3ccccc32)cc1,tg,231.0,224.7917088043987
*Oc1ccc(C2(c3ccc(Oc4ccc(C(=O)c5cccc(-c6cccc(C(=O)c7ccc(*)cc7)c6)c5)cc4)cc3)c3ccccc3-c3ccccc32)cc1,tg,212.0,227.36380685047638
*Oc1ccc(C2(c3ccc(Oc4ccc(C(=O)c5cccc(C(=O)c6ccc(*)cc6)c5)cc4)c(C)c3)c3ccccc3-c3ccccc32)cc1C,tg,217.0,221.59991868503226
*Oc1ccc(C2(c3ccc(Oc4ccc(C(=O)c5cccc(C(=O)c6ccc(*)cc6)c5)cc4)cc3)CCC3CCCCC3C2)cc1,tg,194.0,222.2071173375803
*Oc1ccc(C2(c3ccc(Oc4ccc(C(=O)c5cccc6cccc(C(=O)c7ccc(*)cc7)c56)cc4)cc3)c3ccccc3-c3ccccc32)cc1,tg,269.0,241.91073695127858
*Oc1ccc(C2(c3ccc(Oc4ccc(C(=O)c5ccccc5-c5ccccc5C(=O)c5ccc(*)cc5)cc4)cc3)c3ccccc3-c3ccccc32)cc1,tg,229.0,244.50658932568174
*Oc1ccc(C2(c3ccc(Oc4ccc(C=NN=Cc5ccc(*)cc5)cc4)cc3)c3ccccc3-c3ccccc32)cc1,tg,227.0,233.34308837042622
*Oc1ccc(C2(c3ccc(Oc4ccc5c(=O)n6c7cc(-c8ccc9c(c8)nc8c%10ccc(*)c%11cccc(c(=O)n98)c%11%10)ccc7nc6c6cccc4c56)cc3)c3ccccc3-c3ccccc32)cc1,tg,421.0,350.54339782641557
*Oc1ccc(C=C2CCC(=Cc3ccc(OC(=O)c4ccc(N=Cc5ccc(C=Nc6ccc(C(*)=O)cc6)cc5)cc4)c(OC)c3)C2=O)cc1OC,tg,140.0,155.1311970731226
*Oc1ccc(C=C2CCC(=Cc3ccc(OC(=O)c4ccc(N=Cc5ccc(C=Nc6ccc(C(*)=O)cc6)cc5)cc4)cc3)C2=O)cc1,tg,205.0,168.311542230288
*Oc1ccc(C=C2CCCC(=Cc3ccc(OC(=O)c4cccc(C(*)=O)c4)c(OC)c3)C2=O)cc1OC,tg,57.86,148.98968617947082
*Oc1ccc(C=CC(=O)c2ccc(Oc3ccc(C(C)(c4ccccc4)c4ccc(*)cc4)cc3)cc2)cc1,tg,167.0,182.21421917019538
*Oc1ccc(C=NN=Cc2ccc(Oc3ccc(C(=O)c4ccc(*)cc4)cc3)cc2)cc1,tg,179.0,180.54433205361386
*Oc1ccc(C=NN=Cc2ccc(Oc3ccc(C(c4ccc(*)cc4)(C(F)(F)F)C(F)(F)F)cc3)cc2)cc1,tg,162.0,153.3245461777707
*Oc1ccc(CC(C#N)(C#N)Cc2ccc(*)cc2)cc1,tg,147.0,126.72470627704871
*Oc1ccc(CC(NC(=O)CCc2ccc(OC(*)=O)cc2)C(=O)OCCCC)cc1,tg,67.0,71.02964239845936
*Oc1ccc(CC(NC(=O)CCc2ccc(OC(*)=O)cc2)C(=O)OCCCCCC)cc1,tg,51.5,56.586096920210615
*Oc1ccc(CC(NC(=O)CCc2ccc(OC(=O)CC(C)CCC(*)=O)cc2)C(=O)OC(C)CC)cc1,tg,45.0,53.980068505930106
*Oc1ccc(CC(NC(=O)CCc2ccc(OC(=O)CCC(*)=O)cc2)C(=O)OC(C)C)cc1,tg,82.0,88.27687151112347
*Oc1ccc(CC(NC(=O)CCc2ccc(OC(=O)CCC(*)=O)cc2)C(=O)OC(C)CC)cc1,tg,75.0,77.36473531807547
*Oc1ccc(CC(NC(=O)CCc2ccc(OC(=O)CCC(*)=O)cc2)C(=O)OC)cc1,tg,91.5,90.06607370694667
*Oc1ccc(CC(NC(=O)CCc2ccc(OC(=O)CCC(*)=O)cc2)C(=O)OCC(C)C)cc1,tg,75.0,73.74484615046988
*Oc1ccc(CC(NC(=O)CCc2ccc(OC(=O)CCC(*)=O)cc2)C(=O)OCC)cc1,tg,78.0,73.51745551606336
*Oc1ccc(CC(NC(=O)CCc2ccc(OC(=O)CCC(*)=O)cc2)C(=O)OCCCC)cc1,tg,67.0,66.23194558371294
*Oc1ccc(CC(NC(=O)CCc2ccc(OC(=O)CCC(*)=O)cc2)C(=O)OCCCCCCCC)cc1,tg,46.75,40.938691351390595
*Oc1ccc(CC(NC(=O)CCc2ccc(OC(=O)CCC(*)=O)cc2)C(=O)OCCCCCCCCCCCC)cc1,tg,40.0,32.70721997823922
*Oc1ccc(CC(NC(=O)CCc2ccc(OC(=O)CCC(*)=O)cc2)C(=O)OCCOCCOCC)cc1,tg,34.0,35.711824736160764
*Oc1ccc(CC(NC(=O)CCc2ccc(OC(=O)CCC(*)=O)cc2)C(=O)OCc2ccccc2)cc1,tg,78.0,88.04821761755352
*Oc1ccc(CC(NC(=O)CCc2ccc(OC(=O)CCC(C)CC(*)=O)cc2)C(=O)OC)cc1,tg,53.0,70.23813390363716
*Oc1ccc(CC(NC(=O)CCc2ccc(OC(=O)CCC(C)CC(*)=O)cc2)C(=O)OCc2ccccc2)cc1,tg,55.0,48.60387896527417
*Oc1ccc(CC(NC(=O)CCc2ccc(OC(=O)CCCC(*)=O)cc2)C(=O)OC(C)C)cc1,tg,68.0,71.9513560091448
*Oc1ccc(CC(NC(=O)CCc2ccc(OC(=O)CCCC(*)=O)cc2)C(=O)OC)cc1,tg,76.0,79.04054166290847
*Oc1ccc(CC(NC(=O)CCc2ccc(OC(=O)CCCC(*)=O)cc2)C(=O)OCC(C)C)cc1,tg,62.0,63.910449770427356
*Oc1ccc(CC(NC(=O)CCc2ccc(OC(=O)CCCC(*)=O)cc2)C(=O)OCC)cc1,tg,67.67,65.17665414206706
*Oc1ccc(CC(NC(=O)CCc2ccc(OC(=O)CCCC(*)=O)cc2)C(=O)OCCCC)cc1,tg,53.67,56.62068876933218
*Oc1ccc(CC(NC(=O)CCc2ccc(OC(=O)CCCC(*)=O)cc2)C(=O)OCCCCCCCC)cc1,tg,32.5,32.9054227011626
*Oc1ccc(CC(NC(=O)CCc2ccc(OC(=O)CCCC(*)=O)cc2)C(=O)OCCCCCCCCCCCC)cc1,tg,27.5,23.690327660311766
*Oc1ccc(CC(NC(=O)CCc2ccc(OC(=O)CCCC(*)=O)cc2)C(=O)OCc2ccccc2)cc1,tg,66.0,67.28390327332488
*Oc1ccc(CC(NC(=O)CCc2ccc(OC(=O)CCCCC(*)=O)cc2)C(=O)OC)cc1,tg,68.67,74.3335687068123
*Oc1ccc(CC(NC(=O)CCc2ccc(OC(=O)CCCCC(*)=O)cc2)C(=O)OCC(C)C)cc1,tg,56.0,46.73415537738503
*Oc1ccc(CC(NC(=O)CCc2ccc(OC(=O)CCCCC(*)=O)cc2)C(=O)OCC)cc1,tg,58.8,56.66023029934426
*Oc1ccc(CC(NC(=O)CCc2ccc(OC(=O)CCCCC(*)=O)cc2)C(=O)OCCCCCC)cc1,tg,35.57,36.534521709178364
*Oc1ccc(CC(NC(=O)CCc2ccc(OC(=O)CCCCC(*)=O)cc2)C(=O)OCCCCCCCCCCCC)cc1,tg,22.0,24.24268351819923
*Oc1ccc(CC(NC(=O)CCc2ccc(OC(=O)CCCCC(*)=O)cc2)C(=O)OCCOCCOCC)cc1,tg,15.0,21.510774477589575
*Oc1ccc(CC(NC(=O)CCc2ccc(OC(=O)CCCCC(*)=O)cc2)C(=O)OCc2ccccc2)cc1,tg,54.5,56.096750532818454
*Oc1ccc(CC(NC(=O)CCc2ccc(OC(=O)CCCCCCC(*)=O)cc2)C(=O)OC(C)C)cc1,tg,46.0,50.978876535851484
*Oc1ccc(CC(NC(=O)CCc2ccc(OC(=O)CCCCCCC(*)=O)cc2)C(=O)OCC)cc1,tg,50.0,46.26073759362387
*Oc1ccc(CC(NC(=O)CCc2ccc(OC(=O)CCCCCCC(*)=O)cc2)C(=O)OCCCC)cc1,tg,37.0,37.05017952847792
*Oc1ccc(CC(NC(=O)CCc2ccc(OC(=O)CCCCCCC(*)=O)cc2)C(=O)OCCCCCCCC)cc1,tg,21.33,23.900642134917174
*Oc1ccc(CC(NC(=O)CCc2ccc(OC(=O)CCCCCCC(*)=O)cc2)C(=O)OCCCCCCCCCCCC)cc1,tg,15.0,18.135522441374544
*Oc1ccc(CC(NC(=O)CCc2ccc(OC(=O)CCCCCCC(*)=O)cc2)C(=O)OCc2ccccc2)cc1,tg,47.0,53.474135244993924
*Oc1ccc(CC(NC(=O)CCc2ccc(OC(=O)CCCCCCCCC(*)=O)cc2)C(=O)OC(C)C)cc1,tg,44.0,43.90515815648448
*Oc1ccc(CC(NC(=O)CCc2ccc(OC(=O)CCCCCCCCC(*)=O)cc2)C(=O)OC(C)CC)cc1,tg,36.0,39.494541381739815
*Oc1ccc(CC(NC(=O)CCc2ccc(OC(=O)CCCCCCCCC(*)=O)cc2)C(=O)OCC(C)C)cc1,tg,33.0,38.14158036878175
*Oc1ccc(CC(NC(=O)CCc2ccc(OC(=O)CCCCCCCCC(*)=O)cc2)C(=O)OCC)cc1,tg,44.0,37.71189604740263
*Oc1ccc(CC(NC(=O)CCc2ccc(OC(=O)CCCCCCCCC(*)=O)cc2)C(=O)OCCCC)cc1,tg,30.0,25.530581062058005
*Oc1ccc(CC(NC(=O)CCc2ccc(OC(=O)CCCCCCCCC(*)=O)cc2)C(=O)OCCCCCCCC)cc1,tg,14.25,20.49322136968561
*Oc1ccc(CC(NC(=O)CCc2ccc(OC(=O)CCCCCCCCC(*)=O)cc2)C(=O)OCCCCCCCCCCCC)cc1,tg,12.5,15.697957827942034
*Oc1ccc(CC(NC(=O)CCc2ccc(OC(=O)COCC(*)=O)cc2)C(=O)OC(C)CC)cc1,tg,68.0,70.36154263356306
*Oc1ccc(CC(NC(=O)CCc2ccc(OC(=O)COCC(*)=O)cc2)C(=O)OCCCC)cc1,tg,64.0,60.513946885541884
*Oc1ccc(CC(NC(=O)CCc2ccc(OC(=O)COCC(*)=O)cc2)C(=O)OCCCCCC)cc1,tg,45.0,45.072578665992744
*Oc1ccc(CC(NC(=O)CCc2ccc(OC(=O)COCC(*)=O)cc2)C(=O)OCCCCCCCC)cc1,tg,40.0,36.19334043602699
*Oc1ccc(CC(NC(=O)CCc2ccc(OC(=O)COCC(*)=O)cc2)C(=O)OCCCCCCCCCCCC)cc1,tg,36.0,27.535758371859867
*Oc1ccc(CC(NC(=O)CCc2ccc(OC(=O)COCC(*)=O)cc2)C(=O)OCCOCCOCC)cc1,tg,27.0,32.91124971847539
*Oc1ccc(CC(NC(=O)CCc2ccc(OC(=O)COCC(*)=O)cc2)C(=O)OCc2ccccc2)cc1,tg,76.0,69.79721979792407
*Oc1ccc(CC(NC(=O)CCc2ccc(OC(=O)COCCOCC(*)=O)cc2)C(=O)OC(C)C)cc1,tg,58.0,49.21049260034432
*Oc1ccc(CC(NC(=O)CCc2ccc(OC(=O)COCCOCC(*)=O)cc2)C(=O)OC(C)CC)cc1,tg,44.0,46.74100930729677
*Oc1ccc(CC(NC(=O)CCc2ccc(OC(=O)COCCOCC(*)=O)cc2)C(=O)OC)cc1,tg,63.0,56.260721269839
*Oc1ccc(CC(NC(=O)CCc2ccc(OC(=O)COCCOCC(*)=O)cc2)C(=O)OCC(C)C)cc1,tg,50.0,45.28965607363113
*Oc1ccc(CC(NC(=O)CCc2ccc(OC(=O)COCCOCC(*)=O)cc2)C(=O)OCCCC)cc1,tg,45.0,44.033247392559055
*Oc1ccc(CC(NC(=O)CCc2ccc(OC(=O)COCCOCC(*)=O)cc2)C(=O)OCCCCCCCC)cc1,tg,16.0,27.581558121710568
*Oc1ccc(CC(NC(=O)CCc2ccc(OC(=O)COCCOCC(*)=O)cc2)C(=O)OCCCCCCCCCCCC)cc1,tg,17.0,20.158766056574986
*Oc1ccc(CC(NC(=O)Cc2ccc(OC(=O)CC(C)CCC(*)=O)cc2)C(=O)OCCCCCCCC)cc1,tg,30.0,29.729638510993418
*Oc1ccc(CC(NC(=O)Cc2ccc(OC(=O)CCC(*)=O)cc2)C(=O)OCCCCCCCC)cc1,tg,51.0,43.86529838614797
*Oc1ccc(CC(NC(=O)Cc2ccc(OC(=O)CCCC(*)=O)cc2)C(=O)OCCCCCC)cc1,tg,42.0,45.64829556276877
*Oc1ccc(CC(NC(=O)Cc2ccc(OC(=O)CCCCC(*)=O)cc2)C(=O)OCC)cc1,tg,63.0,66.31524221835625
*Oc1ccc(CC(NC(=O)Cc2ccc(OC(=O)CCCCC(*)=O)cc2)C(=O)OCCCCCCCC)cc1,tg,28.0,32.147755840482716
*Oc1ccc(CC(NC(=O)Cc2ccc(OC(=O)CCCCCCC(*)=O)cc2)C(=O)OCC)cc1,tg,54.0,48.325431303808514
*Oc1ccc(CC(NC(=O)Cc2ccc(OC(=O)CCCCCCCCC(*)=O)cc2)C(=O)OCC)cc1,tg,43.0,45.03226855572083
*Oc1ccc(CC(NC(=O)Cc2ccc(OC(=O)CCCCCCCCC(*)=O)cc2)C(=O)OCCCCCC)cc1,tg,23.0,26.25491787761644
*Oc1ccc(CC(NC(=O)Cc2ccc(OC(=O)COCCOCC(*)=O)cc2)C(=O)OCC)cc1,tg,50.0,54.464117493293806
*Oc1ccc(CCNC(=O)c2cccc(C(*)=O)c2)cc1,tg,152.0,150.81653631291968
*Oc1ccc(CCNC(=O)c2cccc(C(=O)NCCc3ccc(OC(=O)c4cccc(C(*)=O)c4)cc3)c2)cc1,tg,147.0,155.82927407444762
*Oc1ccc(CNC(=O)CCCCC(=O)NCc2ccc(OC3COC4C(*)COC34)cc2)cc1,tg,116.0,69.11478943574225
*Oc1ccc(Cc2ccc(OC(=O)c3cc(OCCCCC)cc(C(*)=O)c3)cc2)cc1,tg,110.0,98.03865625289399
*Oc1ccc(Cc2ccc(OC(=O)c3ccc(C(C)(C)c4ccc(C(*)=O)cc4)cc3)cc2)cc1,tg,135.0,177.34156476698993
*Oc1ccc(N(CC)c2ccc(/C=C(\C#N)C(=O)NC3CCCCC3NC(=O)/C(C#N)=C/c3ccc(N(CC)c4ccc(*)cc4)cc3)cc2)cc1,tg,235.0,215.69524259920559
*Oc1ccc(N(c2ccccc2)c2ccc(-c3ccc(N(c4ccccc4)c4ccc(*)cc4)cc3)cc2)cc1,tg,218.0,186.3097790327878
*Oc1ccc(N=C(C)c2ccc(Oc3ccc(C(C)(C)c4ccc(Oc5ccc(C(C)=Nc6ccc(*)cc6)cc5)cc4)cc3)cc2)cc1,tg,141.0,141.52508964386487
*Oc1ccc(N=C(C)c2ccc(Oc3ccc(C(c4ccccc4)(c4ccccc4)c4ccc(Oc5ccc(C(C)=Nc6ccc(*)cc6)cc5)cc4)cc3)cc2)cc1,tg,150.0,173.81544763933738
*Oc1ccc(N=C(c2ccccc2)c2ccc(Oc3ccc(-c4ccc(Oc5ccc(C(=Nc6ccc(*)cc6)c6ccccc6)cc5)cc4)cc3)cc2)cc1,tg,174.0,190.0027622379737
*Oc1ccc(N=C(c2ccccc2)c2ccc(Oc3ccc(C(C)(C)c4ccc(Oc5ccc(C(=Nc6ccc(*)cc6)c6ccccc6)cc5)cc4)cc3)cc2)cc1,tg,155.0,141.4154196022688
*Oc1ccc(N=C(c2ccccc2)c2ccc(Oc3ccc(C(c4ccccc4)(c4ccccc4)c4ccc(Oc5ccc(C(=Nc6ccc(*)cc6)c6ccccc6)cc5)cc4)cc3)cc2)cc1,tg,177.0,177.22644294774318
*Oc1ccc(N=CC=Nc2ccc(OC(=O)NC3CC(C)(C)CC(C)(CNC(*)=O)C3)cc2)cc1,tg,62.0,170.05813375251182
*Oc1ccc(N=CC=Nc2ccc(OC(=O)NCCCCCCNC(*)=O)cc2)cc1,tg,80.0,75.612191040836
*Oc1ccc(N=CC=Nc2ccc(OC(=O)Nc3cc(NC(*)=O)ccc3C)cc2)cc1,tg,76.0,158.19252204029283
*Oc1ccc(N=CC=Nc2ccc(OC(=O)Nc3ccc(Cc4ccc(NC(*)=O)cc4)cc3)cc2)cc1,tg,133.0,99.27380664988054
*Oc1ccc(N=CCCCC=Nc2ccc(OC(=O)NCCCCCCNC(*)=O)cc2)cc1,tg,72.0,85.44925285655673
*Oc1ccc(N=CCCCC=Nc2ccc(OC(=O)Nc3cc(NC(*)=O)ccc3C)cc2)cc1,tg,69.0,129.74351186563422
*Oc1ccc(N=Nc2c(C)cc(Cc3cc(C)c(N=Nc4ccc(OC(=O)c5ccc(C(*)=O)cc5)cc4)c(C)c3[N+](=O)[O-])c([N+](=O)[O-])c2C)cc1,tg,203.0,200.0364850329958
*Oc1ccc(N=Nc2ccc(Cc3ccc(N=Nc4ccc(OC(=O)c5ccc(C(*)=O)cc5)cc4)cc3[N+](=O)[O-])c([N+](=O)[O-])c2)cc1,tg,198.0,166.68632769179595
*Oc1ccc(N=Nc2ccc(Cc3ccc(N=Nc4ccc(OC(=O)c5ccc(N=Nc6ccc(C(*)=O)cc6)cc5)cc4)cc3[N+](=O)[O-])c([N+](=O)[O-])c2)cc1,tg,160.0,192.0373415194496
*Oc1ccc(N=Nc2ccc(Oc3ccc(C(C)(C)c4ccc(*)cc4)cc3)cc2)cc1,tg,175.0,153.78617598977434
*Oc1ccc(N=Nc2ccc(S(=O)(=O)c3ccc(N=Nc4ccc(OC(=O)c5ccc(N=Nc6ccc(C(*)=O)cc6)cc5)cc4)cc3[N+](=O)[O-])c([N+](=O)[O-])c2)cc1,tg,150.0,214.34831177073505
*Oc1ccc(NC(=C(C#N)C#N)c2ccc(-c3ccc(-c4ccc(C(Nc5ccc(*)cc5)=C(C#N)C#N)cc4)cc3)cc2)cc1,tg,240.0,243.16658504330002
*Oc1ccc(NC(=C(C#N)C#N)c2ccc(-c3ccc(C(Nc4ccc(*)cc4)=C(C#N)C#N)cc3)cc2)cc1,tg,220.0,228.240504161678
*Oc1ccc(NC(=C(C#N)C#N)c2ccc(C(Nc3ccc(*)cc3)=C(C#N)C#N)cc2)cc1,tg,274.0,208.438398534916
*Oc1ccc(NC(=C(C#N)C#N)c2cccc(C(Nc3ccc(Oc4ccc(NC(=O)c5ccc(C(=O)Nc6ccc(*)cc6)cc5)cc4)cc3)=C(C#N)C#N)c2)cc1,tg,274.0,229.0992577770915
*Oc1ccc(NC(=O)/C=C/c2ccc(/C=C/C(=O)Nc3ccc(*)cc3)cc2)cc1,tg,205.0,241.3819309600442
*Oc1ccc(NC(=O)C=CC(=O)NNC(=O)C=CC(=O)Nc2ccc(OC(=O)C=CC(=O)NNC(=O)C=CC(*)=O)cc2)cc1,tg,265.0,179.6099369048985
*Oc1ccc(NC(=O)C=CC(=O)NNC(=O)C=CC(=O)Nc2ccc(OC(=O)c3ccccc3C(=O)NNC(=O)c3ccccc3C(*)=O)cc2)cc1,tg,240.0,215.02478273249895
*Oc1ccc(NC(=O)CCCCCC(=O)Nc2ccc(*)cc2)cc1,tg,180.0,157.6577804635161
*Oc1ccc(NC(=O)CCCCCCC(=O)Nc2ccc(OC3COC4C(*)COC34)cc2)cc1,tg,72.5,102.81359201515019
*Oc1ccc(NC(=O)CCCCCCCC(=O)Nc2ccc(*)cc2)cc1,tg,160.0,139.1328102705019
*Oc1ccc(NC(=O)CCCCCCCCCCC(=O)Nc2ccc(*)cc2)cc1,tg,150.0,134.79928649244664
*Oc1ccc(NC(=O)NC2CC(C)(C)CC(C)(CNC(=O)Nc3ccc(*)c(-c4ccc(Oc5ccccc5)cc4)c3)C2)cc1-c1ccc(Oc2ccccc2)cc1,tg,281.0,216.37024475760415
*Oc1ccc(NC(=O)NC2CC(C)(C)CC(C)(CNC(=O)Nc3ccc(*)cc3)C2)cc1,tg,274.0,185.33002920623184
*Oc1ccc(NC(=O)Nc2cc(NC(=O)Nc3ccc(*)cc3)ccc2C)cc1,tg,269.0,189.6531155711649
*Oc1ccc(NC(=O)Nc2ccccc2CCc2ccc(NC(=O)Nc3ccc(*)cc3)cc2)cc1,tg,200.0,228.01749411194578
*Oc1ccc(NC(=O)Nc2ccccc2CCc2ccccc2NC(=O)Nc2ccc(*)cc2)cc1,tg,232.0,209.40983425176583
*Oc1ccc(NC(=O)c2cc(-c3ccc(C(=O)O)c(C(=O)Nc4ccc(*)cc4)c3)ccc2C(=O)O)cc1,tg,184.4,229.70784926858775
*Oc1ccc(NC(=O)c2cc(-c3ccc(C(=O)OCC)c(C(=O)Nc4ccc(*)cc4)c3)ccc2C(=O)OCC)cc1,tg,190.15,192.42998129602015
*Oc1ccc(NC(=O)c2cc(C(=O)Nc3ccc(*)cc3)c(C(=O)OCC)cc2C(=O)OCC)cc1,tg,208.05,191.68030822820216
*Oc1ccc(NC(=O)c2cc(C(=O)Nc3ccc(*)cc3)cc(C(C)(C)C)c2)cc1,tg,268.0,276.64439312646346
*Oc1ccc(NC(=O)c2cc(C(=O)Nc3ccc(*)cc3)cc(C(F)(F)C(F)(F)C(F)(F)C(F)(F)F)c2)cc1,tg,257.0,227.63503067310685
*Oc1ccc(NC(=O)c2cc(C(=O)Nc3ccc(Oc4ccc(C(C)(C)c5ccc(*)cc5)cc4)cc3)cc(C(C)(C)C)c2)cc1,tg,215.33,222.16596364607875
*Oc1ccc(NC(=O)c2cc(C(=O)Nc3ccc(Oc4ccc(C(c5ccc(*)cc5)(C(F)(F)F)C(F)(F)F)cc4)cc3)cc(C(C)(C)C)c2)cc1,tg,254.25,235.7562921169024
*Oc1ccc(NC(=O)c2cc(C(=O)Nc3ccc(Oc4ccc(C(c5ccc(*)cc5)(C(F)(F)F)C(F)(F)F)cc4)cc3)cc([N+](=O)[O-])c2)cc1,tg,232.0,247.4723504325023
*Oc1ccc(NC(=O)c2cc(C(=O)Nc3ccc(Oc4ccc(C5(c6ccc(*)cc6)CC6CCC5C6)cc4)cc3)cc(C(C)(C)C)c2)cc1,tg,272.0,269.3431797093768
*Oc1ccc(NC(=O)c2cc(C(c3ccc(C(=O)O)c(C(=O)Nc4ccc(Oc5ccc(C(c6ccc(*)cc6)(C(F)(F)F)C(F)(F)F)cc5)cc4)c3)(C(F)(F)F)C(F)(F)F)ccc2C(=O)O)cc1,tg,260.0,217.87156476655468
*Oc1ccc(NC(=O)c2cc(NC(=O)C34CC5CC(CC(C5)C3)C4)cc(C(=O)Nc3ccc(*)cc3)c2)cc1,tg,335.0,328.8236956563241
*Oc1ccc(NC(=O)c2cc(NC(=O)CCN3C(=O)c4ccccc4C3=O)cc(C(=O)Nc3ccc(*)cc3)c2)cc1,tg,240.0,241.53626752064775
*Oc1ccc(NC(=O)c2cc(NC(=O)c3ccc(OC(C)=O)cc3)cc(C(=O)Nc3ccc(Oc4ccc(-c5ccc(*)cc5)cc4)cc3)c2)cc1,tg,252.0,257.69641878538346
*Oc1ccc(NC(=O)c2cc(NC(=O)c3ccc(OC(C)=O)cc3)cc(C(=O)Nc3ccc(Oc4ccc(C(C)(C)c5ccc(*)cc5)cc4)cc3)c2)cc1,tg,243.0,240.21154856149965
*Oc1ccc(NC(=O)c2cc(NC(=O)c3ccccc3)cc(C(=O)Nc3ccc(*)cc3)c2)cc1,tg,294.5,254.42801707024134
*Oc1ccc(NC(=O)c2ccc(*)cc2)cc1,tg,225.0,213.24090164062446
*Oc1ccc(NC(=O)c2ccc(-c3ccc(C(=O)Nc4ccc(Oc5ccc(C6(c7ccc(*)cc7)CC7CCC6C7)cc5)cc4)cc3)cc2)cc1,tg,296.0,260.3382680853142
*Oc1ccc(NC(=O)c2ccc(C(=O)Nc3ccc(*)cc3)cc2)cc1,tg,184.75,282.01642785000047
*Oc1ccc(NC(=O)c2ccc(C(=O)Nc3ccc(OC4COC5C(*)COC45)cc3)cc2)cc1,tg,132.67,200.74370093709416
*Oc1ccc(NC(=O)c2ccc(C(=O)Nc3ccc(Oc4ccc(C(=O)c5ccc(*)cc5)cc4)cc3)cc2)cc1,tg,160.0,179.65384886665368
*Oc1ccc(NC(=O)c2ccc(C(=O)Nc3ccc(Oc4ccc(C5(c6ccc(*)cc6)C6CC7CC(C6)CC5C7)cc4)cc3)c3ccccc23)cc1,tg,269.0,263.3227279991106
*Oc1ccc(NC(=O)c2ccc(C(=O)Nc3ccc(Oc4ccc(C5(c6ccc(*)cc6)C6CC7CC(C6)CC5C7)cc4)cc3)cc2)cc1,tg,264.0,265.13363731506814
*Oc1ccc(NC(=O)c2ccc(OC3COC4C(Oc5ccc(C(=O)Nc6ccc(OC7COC8C(*)COC78)cc6)cc5)COC34)cc2)cc1,tg,165.0,171.2662192815284
*Oc1ccc(NC(=O)c2ccc(Oc3ccc(C(=O)Nc4ccc(*)cc4)cc3)cc2)cc1,tg,274.0,229.36629726652254
*Oc1ccc(NC(=O)c2ccc(Oc3ccc(C(=O)Nc4ccc(Oc5ccc(C6(c7ccc(*)cc7)C7CC8CC(C7)CC6C8)cc5)cc4)cc3)cc2)cc1,tg,230.0,240.31106763181438
*Oc1ccc(NC(=O)c2ccc(Oc3ccc(C(C)(C)c4ccc(C(C)(C)c5ccc(Oc6ccc(C(=O)Nc7ccc(*)cc7)cc6)cc5)cc4)cc3)cc2)cc1,tg,174.0,162.4291090468746
*Oc1ccc(NC(=O)c2ccc(Oc3ccc(C(C)(C)c4ccc(C(C)(C)c5ccc(Oc6ccc(C(=O)Nc7ccc(Oc8ccc(C(c9ccc(*)cc9)(C(F)(F)F)C(F)(F)F)cc8)cc7)cc6)cc5)cc4)cc3)cc2)cc1,tg,169.0,164.97655849024278
*Oc1ccc(NC(=O)c2ccc(Oc3ccc(C(C)(C)c4cccc(C(C)(C)c5ccc(Oc6ccc(C(=O)Nc7ccc(*)cc7)cc6)cc5)c4)cc3)cc2)cc1,tg,155.0,156.4605423849455
*Oc1ccc(NC(=O)c2ccc(Oc3ccc(C(C)(C)c4cccc(C(C)(C)c5ccc(Oc6ccc(C(=O)Nc7ccc(Oc8ccc(C(c9ccc(*)cc9)(C(F)(F)F)C(F)(F)F)cc8)cc7)cc6)cc5)c4)cc3)cc2)cc1,tg,154.0,160.8565172079965
*Oc1ccc(NC(=O)c2ccc(P(=O)(c3ccccc3)c3ccc(C(=O)Nc4ccc(Oc5ccc(P(=O)(c6ccccc6)c6ccc(*)cc6)cc5)cc4)cc3)cc2)cc1,tg,225.0,216.74422526848116
*Oc1ccc(NC(=O)c2ccc([Si](C)(C)c3ccc(C(*)=O)cc3)cc2)cc1,tg,220.0,221.3653699420156
*Oc1ccc(NC(=O)c2ccc3cc(C(=O)Nc4ccc(Oc5ccc(C6(c7ccc(*)cc7)C7CC8CC(C7)CC6C8)cc5)cc4)ccc3c2)cc1,tg,266.0,267.7407588213074
*Oc1ccc(NC(=O)c2cccc(C(=O)Nc3ccc(*)cc3)c2)cc1,tg,205.39,260.37777904707116
*Oc1ccc(NC(=O)c2cccc(C(=O)Nc3ccc(Oc4ccc(C(c5ccc(*)cc5)(C(F)(F)F)C(F)(F)F)cc4)cc3)c2)cc1,tg,226.25,234.0555312422521
*Oc1ccc(NC(=O)c2cccc(C(=O)Nc3ccc(Oc4ccc(C5(c6ccc(*)cc6)C6CC7CC(C6)CC5C7)cc4)cc3)c2)cc1,tg,257.33,259.2510951972825
*Oc1ccc(NC(=O)c2cccc(C(=O)Nc3ccc(Oc4ccc(C5(c6ccc(*)cc6)CC6CCC5C6)cc4)cc3)c2)cc1,tg,256.0,255.70584767031355
*Oc1ccc(N[Se]Nc2ccc(*)cc2)cc1,tg,55.0,131.24479565543936
*Oc1ccc(Nc2ccc(N=Nc3ccc(Nc4ccc(*)cc4)cc3)cc2)cc1,tg,169.0,199.40640817159553
*Oc1ccc(OC(=O)/C=C/c2ccc(/C=C/C(*)=O)cc2)cc1,tg,210.0,188.51507528732614
*Oc1ccc(OC(=O)CCCCC(*)=O)cc1,tg,90.0,39.57909023087491
*Oc1ccc(OC(=O)CCCCCCCCC(*)=O)cc1,tg,52.8,36.031154671300925
*Oc1ccc(OC(=O)Oc2ccc(C(*)=O)cc2)cc1,tg,74.0,172.07362387044185
*Oc1ccc(OC(=O)Oc2ccc(C(C)(C)c3ccc(OC(*)=O)cc3)cc2)cc1,tg,97.0,90.39535519845245
*Oc1ccc(OC(=O)c2cc(OCCCCCCCCCCC(F)(F)C(F)(F)C(F)(F)C(F)(F)C(F)(F)C(F)(F)C(F)(F)C(F)(F)C(F)(F)C(F)(F)F)cc(C(*)=O)c2)cc1,tg,137.0,57.41698551717008
*Oc1ccc(OC(=O)c2cc(OCCCCCCCCCOCC3CCCN3c3ccc([N+](=O)[O-])cc3)c(C(*)=O)cc2OCCCCCCCCCOCC2CCCN2c2ccc([N+](=O)[O-])cc2)cc1,tg,34.0,62.42391939676555
*Oc1ccc(OC(=O)c2cc(OCCCCCCCCOCC3CCCN3c3ccc([N+](=O)[O-])cc3)c(C(*)=O)cc2OCCCCCCCCOCC2CCCN2c2ccc([N+](=O)[O-])cc2)cc1,tg,41.0,62.8162016602974
*Oc1ccc(OC(=O)c2cc(OCCCCCCOCC3CCCN3c3ccc([N+](=O)[O-])cc3)c(C(*)=O)cc2OCCCCCCOCC2CCCN2c2ccc([N+](=O)[O-])cc2)cc1,tg,56.0,56.62183880340634
*Oc1ccc(OC(=O)c2cc(OCCCCCOCC3CCCN3c3ccc([N+](=O)[O-])cc3)c(C(*)=O)cc2OCCCCCOCC2CCCN2c2ccc([N+](=O)[O-])cc2)cc1,tg,63.0,61.49173217858149
*Oc1ccc(OC(=O)c2cc(OCCCc3ccccc3)c(C(*)=O)cc2OCCCc2ccccc2)cc1C,tg,91.0,102.69430214111561
*Oc1ccc(OC(=O)c2ccc(-c3ccc(C(*)=O)cc3)cc2-c2ccccc2)cc1,tg,140.0,121.20236558039954
*Oc1ccc(OC(=O)c2ccc(-c3ccc(C(*)=O)cc3)cc2-c2ccccc2)cc1-c1ccccc1,tg,148.0,141.37775484776952
*Oc1ccc(OC(=O)c2ccc(-c3ccc(C(*)=O)cc3)cc2-c2ccccc2)cc1C,tg,133.0,131.0192593028011
*Oc1ccc(OC(=O)c2ccc(-c3ccc(C(*)=O)cc3)cc2-c2ccccc2)cc1C(C)(C)c1ccccc1,tg,146.0,155.34361526015087
*Oc1ccc(OC(=O)c2ccc(C(*)=O)cc2)cc1,tg,267.0,153.2338681186352
*Oc1ccc(OC(=O)c2ccc(C(*)=O)cc2)cc1-c1cccc(C(F)(F)F)c1,tg,158.13,149.43913027128073
*Oc1ccc(OC(=O)c2ccc(C(*)=O)cc2)cc1C(F)(F)F,tg,158.13,151.91406978569884
*Oc1ccc(OC(=O)c2ccc(C(*)=O)cc2)cc1C1CCCCCCC1,tg,213.0,199.75910476650523
*Oc1ccc(OC(=O)c2ccc(C(*)=O)cc2)cc1CCC(C)CC,tg,237.0,96.01301188588731
*Oc1ccc(OC(=O)c2ccc(C(*)=O)cc2Oc2ccc(-c3ccccc3)cc2)cc1,tg,112.5,106.36159592498443
*Oc1ccc(OC(=O)c2ccc(C(*)=O)cc2Oc2ccc(Br)cc2)cc1,tg,112.5,134.95511424909984
*Oc1ccc(OC(=O)c2ccc(C(*)=O)cc2Oc2ccc(C3CCCCC3)cc2)cc1,tg,113.0,131.24656673811361
*Oc1ccc(OC(=O)c2ccc(C(*)=O)cc2Oc2ccc(Cl)cc2)cc1,tg,107.0,139.96750691859611
*Oc1ccc(OC(=O)c2ccc(C(*)=O)cc2Oc2ccc(F)cc2)cc1,tg,106.0,134.13834832947427
*Oc1ccc(OC(=O)c2ccc(C(*)=O)cc2Oc2ccc(Oc3ccccc3)cc2)cc1,tg,83.0,107.78305670270889
*Oc1ccc(OC(=O)c2ccc(C(*)=O)cc2Oc2ccc3ccccc3c2)cc1,tg,102.0,119.75159727255809
*Oc1ccc(OC(=O)c2ccc(C(*)=O)cc2Sc2ccc(Cl)cc2)cc1,tg,140.0,150.75207417346394
*Oc1ccc(OC(=O)c2ccc(C(*)=O)cc2Sc2ccccc2)cc1-c1ccccc1,tg,130.0,124.5430016305087
*Oc1ccc(OC(=O)c2ccc(C(*)=O)cc2Sc2ccccc2)cc1C,tg,130.0,146.54714070805363
*Oc1ccc(OC(=O)c2ccc(C(C)(C)c3ccc(C(*)=O)cc3)cc2)cc1,tg,195.0,169.87736030400828
*Oc1ccc(OC(=O)c2ccc(OCCCCCCCCCCCCOc3ccc(C(*)=O)cc3)cc2)cc1C=Cc1ccncc1,tg,91.35,91.14777005881356
*Oc1ccc(OC(=O)c2ccc(OCCCCCCCCCCOc3ccc(C(*)=O)cc3)cc2)cc1S(=O)(=O)c1ccccc1,tg,88.0,95.48311615462583
*Oc1ccc(OC(=O)c2ccc(OCCCCCCCCOc3ccc(C(*)=O)cc3)cc2)cc1C(=O)CC,tg,70.0,83.35237433423205
*Oc1ccc(OC(=O)c2ccc(OCCCCCCOc3ccc(C(*)=O)cc3)cc2)cc1S(=O)(=O)c1ccccc1,tg,112.6,104.21524166338614
*Oc1ccc(OC(=O)c2ccc(Oc3ccc(C(*)=O)cc3)cc2)c2ccccc12,tg,166.0,155.4357304064392
*Oc1ccc(OC(=O)c2ccc(Sc3cccc(OC(=O)c4ccc(C(=O)Oc5cccc(Sc6ccc(C(*)=O)cc6)c5)cc4)c3)cc2)cc1C,tg,135.0,110.64655661853196
*Oc1ccc(OC(=O)c2cccc(Sc3ccc(OC(=O)c4ccc(C(=O)Oc5ccc(Sc6cccc(C(*)=O)c6)cc5)cc4)cc3)c2)cc1C,tg,106.5,135.29939710895792
*Oc1ccc(Oc2ccc(C(=Nc3ccccc3)c3ccc(Oc4ccc(Oc5cccc(*)n5)cc4)cc3)cc2)cc1,tg,135.0,144.9876974079093
*Oc1ccc(Oc2ccc(C(=O)Nc3ccc(Cc4ccc(NC(=O)c5ccc(*)cc5)cc4)cc3)cc2)cc1,tg,216.0,215.72406207249855
*Oc1ccc(Oc2ccc(C(=O)Nc3ccc(Oc4ccc(-c5ccc(Oc6ccc(NC(=O)c7ccc(*)cc7)cc6)cc5)cc4)cc3)cc2)cc1-c1ccccc1,tg,232.0,211.83491415318764
*Oc1ccc(Oc2ccc(C(=O)Nc3ccc(Oc4ccc(-c5ccc(Oc6ccc(NC(=O)c7ccc(*)cc7)cc6)cc5)cc4)cc3)cc2)cc1C,tg,220.0,219.1198723463925
*Oc1ccc(Oc2ccc(C(=O)Nc3ccc(Oc4ccc(S(=O)(=O)c5ccc(Oc6ccc(NC(=O)c7ccc(*)cc7)cc6)cc5)cc4)cc3)cc2)cc1,tg,220.0,223.3933057651678
*Oc1ccc(Oc2ccc(C(=O)Nc3ccc(Oc4ccc(S(=O)(=O)c5ccc(Oc6ccc(NC(=O)c7ccc(*)cc7)cc6)cc5)cc4)cc3)cc2)cc1-c1ccccc1,tg,231.0,223.17345689849353
*Oc1ccc(Oc2ccc(C(=O)Nc3ccc(Oc4ccc(S(=O)(=O)c5ccc(Oc6ccc(NC(=O)c7ccc(*)cc7)cc6)cc5)cc4)cc3)cc2)cc1C,tg,217.0,218.114613085437
*Oc1ccc(Oc2ccc(C(=O)c3c(C(=O)c4ccc(*)cc4)c(-c4ccc(F)cc4)c(-c4ccc(F)cc4)c(-c4ccc(F)cc4)c3-c3ccc(F)cc3)cc2)cc1,tg,266.0,243.4830118436385
*Oc1ccc(Oc2ccc(C(=O)c3ccc(*)c(S(=O)(=O)O)c3)cc2S(=O)(=O)O)cc1,tg,220.0,213.40202610584703
*Oc1ccc(Oc2ccc(C(=O)c3ccc(*)cc3)cc2)cc1,tg,150.4,166.91855976080825
*Oc1ccc(Oc2ccc(C(=O)c3ccc(*)cc3)cc2)cc1-c1cc(C)cc(C)c1,tg,162.0,177.71485940153246
*Oc1ccc(Oc2ccc(C(=O)c3ccc(*)cc3)cc2)cc1-c1cccc(C(F)(F)F)c1,tg,134.0,141.00505701410788
*Oc1ccc(Oc2ccc(C(=O)c3ccc(*)cc3)cc2)cc1C(C)(C)C,tg,176.25,177.60190905682316
*Oc1ccc(Oc2ccc(C(=O)c3ccc(-c4ccc(C(=O)c5ccc(*)cc5)cc4)cc3)cc2)cc1-c1ccc(S(=O)(=O)O)c(C)c1,tg,182.0,202.60561278928444
*Oc1ccc(Oc2ccc(C(=O)c3ccc(-c4ccc(C(=O)c5ccc(*)cc5)cc4)cc3)cc2)cc1-c1cccc(C)c1,tg,170.0,177.62327665043287
*Oc1ccc(Oc2ccc(C(=O)c3ccc(C(=O)c4ccc(*)cc4)cc3)cc2)cc1-c1ccc(S(=O)(=O)O)c(C)c1,tg,167.0,194.62354377612814
*Oc1ccc(Oc2ccc(C(=O)c3ccc(C(=O)c4ccc(*)cc4)cc3)cc2)cc1-c1cccc(C)c1,tg,159.0,161.30391065827115
*Oc1ccc(Oc2ccc(C(=O)c3ccc(C(=O)c4ccc(*)cc4)cc3)cc2)cc1-c1ccccc1,tg,166.0,163.53028973268846
*Oc1ccc(Oc2ccc(C(=O)c3ccc(NC(=O)c4ccc(C(=O)Nc5ccc(C(=O)c6ccc(*)cc6)cc5)cc4)cc3)cc2)cc1,tg,224.0,198.34784959278488
*Oc1ccc(Oc2ccc(C(=O)c3ccc(NC(=O)c4cccc(C(=O)Nc5ccc(C(=O)c6ccc(*)cc6)cc5)c4)cc3)cc2)cc1,tg,198.0,221.95684347126186
*Oc1ccc(Oc2ccc(C(=O)c3ccc(Oc4ccc(Oc5cccc(*)n5)cc4)cc3)cc2)cc1,tg,124.0,147.85701440583492
*Oc1ccc(Oc2ccc(C(=O)c3cccc(C(=O)c4ccc(*)cc4)c3)cc2)cc1S(=O)(=O)O,tg,195.0,171.0802390939394
*Oc1ccc(Oc2ccc(C(=O)c3cccc(NC(=O)c4ccc(C(=O)Nc5cccc(C(=O)c6ccc(*)cc6)c5)cc4)c3)cc2)cc1,tg,210.0,205.68574623868327
*Oc1ccc(Oc2ccc(C(=O)c3cccc(NC(=O)c4cccc(C(=O)Nc5cccc(C(=O)c6ccc(*)cc6)c5)c4)c3)cc2)cc1,tg,202.0,199.932164995035
*Oc1ccc(Oc2ccc(C(=O)c3cccc4cccc(C(=O)c5ccc(*)cc5)c34)cc2)cc1,tg,202.0,199.11433239134968
*Oc1ccc(Oc2ccc(C(=O)c3ccccc3)c(-c3cc(*)ccc3C(=O)c3ccccc3)c2)cc1,tg,156.0,166.29228683004308
*Oc1ccc(Oc2ccc(C(=O)c3ccccc3-c3ccccc3C(=O)c3ccc(*)cc3)cc2)cc1,tg,175.0,161.2660916645732
*Oc1ccc(Oc2ccc(C=NCCCCN=Cc3ccc(*)cc3)cc2)cc1,tg,105.0,95.37938361662226
*Oc1ccc(Oc2ccc(C=NCCN=Cc3ccc(*)cc3)cc2)cc1,tg,101.0,108.14525864282386
*Oc1ccc(Oc2ccc(C=Nc3ccc(Oc4ccc(N=Cc5ccc(*)cc5)cc4)cc3)cc2)cc1,tg,120.0,138.8049297316941
*Oc1ccc(Oc2ccc(NC(=O)c3cc(C(=O)Nc4ccc(*)cc4)cc(C(C)(C)C)c3)cc2)cc1,tg,195.5,268.4366253206313
*Oc1ccc(Oc2ccc(NC(=O)c3cc(NC(=O)c4ccc(OC(C)=O)cc4)cc(C(=O)Nc4ccc(*)cc4)c3)cc2)cc1,tg,251.0,242.20282711255598
*Oc1ccc(Oc2ccc(NC(=O)c3ccc(-c4ccc(C(=O)Nc5ccc(*)cc5)c(C)c4)cc3C)cc2)cc1,tg,219.0,216.608196148226
*Oc1ccc(Oc2ccc(NC(=O)c3ccc(Oc4ccc(C(C)(C)c5cccc(C(C)(C)c6ccc(Oc7ccc(C(=O)Nc8ccc(*)cc8)cc7)cc6)c5)cc4)cc3)cc2)cc1,tg,147.0,159.72827366319473
*Oc1ccc(Oc2ccc(NC(=O)c3ccc(Oc4ccc(Oc5ccc(C(=O)Nc6ccc(*)cc6)cc5)cc4)cc3)cc2)cc1,tg,236.0,171.08524045066864
*Oc1ccc(Oc2ccc(NC(=O)c3ccc(Oc4ccc(Oc5ccc(C(=O)Nc6ccc(*)cc6)cc5)cc4-c4ccccc4)cc3)cc2)cc1,tg,209.0,210.2657461932156
*Oc1ccc(Oc2ccc(NC(=O)c3ccc(Oc4ccc(Oc5ccc(C(=O)Nc6ccc(*)cc6)cc5)cc4-c4ccccc4)cc3)cc2)cc1-c1ccccc1,tg,200.5,221.6174278091914
*Oc1ccc(Oc2ccc(NC(=O)c3ccc(Oc4ccc(Oc5ccc(C(=O)Nc6ccc(*)cc6)cc5)cc4C)cc3)cc2)cc1,tg,200.0,218.76521114924333
*Oc1ccc(Oc2ccc(NC(=O)c3cccc(C(=O)Nc4ccc(*)cc4)c3)cc2)cc1C(C)(C)C,tg,208.0,261.41575862294155
*Oc1ccc(Oc2ccc(Nc3ccc(S(=O)(=O)c4ccc(Nc5ccc(*)cc5)cc4)cc3)cc2)cc1,tg,144.6,210.78073662401505
*Oc1ccc(Oc2ccc(OC(*)=O)cc2)cc1,tg,118.0,126.85542972839426
*Oc1ccc(Oc2ccc(OC(=O)c3cccc(C(*)=O)c3)cc2)cc1,tg,164.5,142.55359997345724
*Oc1ccc(Oc2ccc(OC(=O)c3ccccc3-c3ccccc3C(*)=O)cc2)cc1,tg,147.0,122.28459112391269
*Oc1ccc(Oc2ccc(Oc3ccc(-c4ccc(Oc5ccc(Oc6ccc(Oc7ccc(C(=O)c8ccc(*)c(S(=O)(=O)[O][Na])c8)cc7S(=O)(=O)[O][Na])cc6)cc5)cc4)cc3)cc2)cc1,tg,348.0,305.63157986873324
*Oc1ccc(Oc2ccc(Oc3ccc(C(C)(C)c4ccc(*)cc4)cc3)cc2)cc1,tg,122.0,137.28033931612828
*Oc1ccc(Oc2ccc(Oc3ccc(NC(=O)c4cc(C(=O)Nc5ccc(*)cc5)cc(C(C)(C)C)c4)cc3)cc2)cc1,tg,230.0,201.96267229602003
*Oc1ccc(Oc2ccc(Oc3ccc(NC(=O)c4ccc(-c5ccc(C(=O)Nc6ccc(*)cc6)c(C)c5)cc4C)cc3)cc2)cc1,tg,200.0,220.38303885997493
*Oc1ccc(Oc2ccc(Oc3ccc(S(=O)(=O)c4ccc(*)cc4)cc3)cc2)cc1,tg,184.33,177.0056683970606
*Oc1ccc(Oc2ccc(Oc3ccc(S(=O)(=O)c4ccc(Oc5ccc(Oc6ccc(Oc7ccc(-c8ccc(*)cc8)cc7)cc6)cc5)c(S(=O)(=O)[O][Na])c4)cc3S(=O)(=O)[O][Na])cc2)cc1,tg,302.0,274.70331871704127
*Oc1ccc(Oc2ccc(Oc3cccc(C(=O)Oc4ccc(-c5ccc(OC(=O)c6cccc(*)c6)cc5)cc4)c3)cc2)cc1,tg,119.0,139.46340201302488
*Oc1ccc(Oc2ccc(Oc3cccc(C(=O)Oc4ccc(OC(=O)c5cccc(*)c5)cc4)c3)cc2)cc1,tg,101.0,113.07677390906777
*Oc1ccc(Oc2ccc(P(=O)(c3ccccc3)c3ccc(Oc4ccc(Oc5cccc(*)n5)cc4)cc3)cc2)cc1,tg,164.0,168.28257916144193
*Oc1ccc(Oc2ccc(P(C)(=O)c3ccc(*)cc3)cc2)cc1,tg,213.0,147.17546856445333
*Oc1ccc(Oc2ccc(S(=O)(=O)c3ccc(*)cc3)cc2)cc1,tg,206.67,188.48818755906984
*Oc1ccc(Oc2ccc(S(=O)(=O)c3ccc(-c4ccc(-c5ccc(S(=O)(=O)c6ccc(*)cc6)cc5)cc4)cc3)cc2)cc1,tg,259.0,258.3472683705642
*Oc1ccc(Oc2ccc(S(=O)(=O)c3ccc(-c4ccc(S(=O)(=O)c5ccc(*)cc5)cc4)cc3)cc2)cc1,tg,251.0,233.71901198729785
*Oc1ccc(Oc2cccc(*)n2)c(C)c1,tg,89.0,117.1483850645749
*Oc1ccc(Oc2cccc(*)n2)cc1,tg,100.0,97.65180353305279
*Oc1ccc(Oc2cccc(C(=O)Oc3ccc(OC(=O)c4cccc(*)c4)cc3)c2)cc1,tg,119.0,103.41470502634795
*Oc1ccc(Oc2cccc(Oc3ccc(-c4ccc(Oc5cccc(Oc6ccc(Oc7ccc(C(=O)c8ccc(*)c(S(=O)(=O)[O][Na])c8)cc7S(=O)(=O)[O][Na])cc6)c5)cc4)cc3)c2)cc1,tg,304.0,312.51461874442356
*Oc1ccc(P(=O)(c2ccccc2)c2ccc(Oc3ccc(-c4ccc(*)cc4)cc3)cc2)cc1,tg,229.17,225.40454098906866
*Oc1ccc(P(=O)(c2ccccc2)c2ccc(Oc3ccc(C(c4ccc(*)cc4)(C(F)(F)F)C(F)(F)F)cc3)cc2)cc1,tg,210.5,175.67460858076845
*Oc1ccc(S(=O)(=O)c2ccc(-c3ccc(*)cc3)cc2)cc1,tg,265.5,209.05327649263316
*Oc1ccc(S(=O)(=O)c2ccc(-c3ccc(-c4ccc(S(=O)(=O)c5ccc(Oc6ccc(-c7ccc(*)cc7)cc6)cc5)cc4)cc3)cc2)cc1,tg,264.0,250.31677320742364
*Oc1ccc(S(=O)(=O)c2ccc(OC(=O)OC3C(C)(C)C(OC(*)=O)C3(C)C)cc2)cc1,tg,162.0,157.37147640509767
*Oc1ccc(S(=O)(=O)c2ccc(OC(=O)c3cc(CCCCC)cc(C(*)=O)c3)cc2)cc1,tg,170.0,134.76962585686937
*Oc1ccc(S(=O)(=O)c2ccc(OC(=O)c3cc(NC(=O)c4ccc(NC(=O)C(C)N5C(=O)c6ccccc6C5=O)cc4)cc(C(*)=O)c3)cc2)cc1,tg,200.0,219.88901156048553
*Oc1ccc(S(=O)(=O)c2ccc(OC3(F)C(*)(F)C(F)(F)C3(F)F)cc2)cc1,tg,159.47,150.59674830561676
*Oc1ccc(S(=O)(=O)c2ccc(Oc3c(C)cc(-c4cc(C)c(*)c(C)c4)cc3C)cc2)cc1,tg,268.07,250.63027637314923
*Oc1ccc(S(=O)(=O)c2ccc(Oc3c(C)cc(C(C)(C)c4cc(C)c(*)c(C)c4)cc3C)cc2)cc1,tg,233.29,204.19466583223146
*Oc1ccc(S(=O)(=O)c2ccc(Oc3c(C)cc(C(C)(C)c4cc(C)c(*)c(C)c4)cc3C)cc2C(O)(C(F)(F)F)C(F)(F)F)c(C(O)(C(F)(F)F)C(F)(F)F)c1,tg,187.0,184.58374321458274
*Oc1ccc(S(=O)(=O)c2ccc(Oc3c(C)cc(C(c4cc(C)c(*)c(C)c4)(C(F)(F)F)C(F)(F)F)cc3C)cc2C(O)(C(F)(F)F)C(F)(F)F)c(C(O)(C(F)(F)F)C(F)(F)F)c1,tg,196.0,182.79299102570855
*Oc1ccc(S(=O)(=O)c2ccc(Oc3c(C)cc(C(c4cc(C)c(*)c(C)c4)(C(F)(F)F)C(F)(F)F)cc3C)cc2C(OC)(C(F)(F)F)C(F)(F)F)c(C(OC)(C(F)(F)F)C(F)(F)F)c1,tg,163.0,174.47920446630417
*Oc1ccc(S(=O)(=O)c2ccc(Oc3c(C)cc(Cc4cc(C)c(*)c(C)c4)cc3C)cc2)cc1,tg,232.0,206.85713653606706
*Oc1ccc(S(=O)(=O)c2ccc(Oc3cc(C)c(C(c4cc(C(C)C)c(*)cc4C)c4ccccc4C(=O)O)cc3C(C)C)cc2)cc1,tg,240.0,229.55317155621984
*Oc1ccc(S(=O)(=O)c2ccc(Oc3ccc(-c4ccc(*)cc4)cc3)cc2)cc1,tg,217.39,201.98301674657537
*Oc1ccc(S(=O)(=O)c2ccc(Oc3ccc(-c4ccc(-c5ccc(*)c(C(F)(F)F)c5)cc4)cc3C(F)(F)F)cc2)cc1,tg,214.0,211.37126060611106
*Oc1ccc(S(=O)(=O)c2ccc(Oc3ccc(-c4ccc(-c5ccc(*)cc5)cc4)cc3)cc2)cc1,tg,251.0,212.50917274476024
*Oc1ccc(S(=O)(=O)c2ccc(Oc3ccc(C(=C)c4ccc(*)cc4)cc3)cc2)cc1,tg,167.0,207.58331025828997
*Oc1ccc(S(=O)(=O)c2ccc(Oc3ccc(C(=O)c4cc(Br)cc(C(=O)c5ccc(*)cc5)c4)cc3)cc2)cc1,tg,192.0,198.65293320988113
*Oc1ccc(S(=O)(=O)c2ccc(Oc3ccc(C(=O)c4cc(I)cc(C(=O)c5ccc(*)cc5)c4)cc3)cc2)cc1,tg,203.0,194.7859346368639
*Oc1ccc(S(=O)(=O)c2ccc(Oc3ccc(C(=O)c4ccc(*)cc4)cc3)cc2)cc1,tg,201.67,192.07538970002517
*Oc1ccc(S(=O)(=O)c2ccc(Oc3ccc(C(C)(C)c4ccc(*)c(C(OC)(C(F)(F)F)C(F)(F)F)c4)cc3C(OC)(C(F)(F)F)C(F)(F)F)cc2)cc1,tg,163.0,150.89503602997326
*Oc1ccc(S(=O)(=O)c2ccc(Oc3ccc(C(C)(C)c4ccc(*)c(C)c4)cc3C)cc2)cc1,tg,178.67,208.36564734210808
*Oc1ccc(S(=O)(=O)c2ccc(Oc3ccc(C(C)(C)c4ccc(*)c(N)c4)cc3N)cc2)c(N)c1,tg,237.1,225.46035872062177
*Oc1ccc(S(=O)(=O)c2ccc(Oc3ccc(C(C)(C)c4ccc(*)c(N)c4)cc3N)cc2)cc1,tg,230.4,226.68043212123573
*Oc1ccc(S(=O)(=O)c2ccc(Oc3ccc(C(C)(C)c4ccc(*)cc4)cc3)c([N+](=O)[O-])c2)cc1[N+](=O)[O-],tg,206.0,168.59138581679164
*Oc1ccc(S(=O)(=O)c2ccc(Oc3ccc(C(C)(C)c4ccc(*)cc4)cc3)cc2)c(N)c1,tg,202.0,191.6568925724831
*Oc1ccc(S(=O)(=O)c2ccc(Oc3ccc(C(C)(C)c4ccc(*)cc4)cc3)cc2)cc1,tg,183.86,190.49181895847937
*Oc1ccc(S(=O)(=O)c2ccc(Oc3ccc(C(C)(C)c4ccc(*)cc4)cc3)cc2N)c(N)c1,tg,210.5,214.0069747116413
*Oc1ccc(S(=O)(=O)c2ccc(Oc3ccc(C(C)(C)c4ccc(OCCCCOc5ccc(C(C)(C)c6ccc(*)cc6)cc5)cc4)cc3)cc2)cc1,tg,140.0,127.12786153950636
*Oc1ccc(S(=O)(=O)c2ccc(Oc3ccc(C(C)(C)c4ccc(Oc5ccc(C(=O)c6ccc(*)cc6)cc5)cc4)cc3)cc2)cc1,tg,175.0,190.66928458546147
*Oc1ccc(S(=O)(=O)c2ccc(Oc3ccc(C(C)(c4ccc(*)cc4)c4ccc(O)cc4)cc3)cc2)cc1,tg,219.29,217.18819807740525
*Oc1ccc(S(=O)(=O)c2ccc(Oc3ccc(C(C)(c4ccccc4)c4ccc(*)cc4)cc3)cc2)cc1,tg,207.0,204.58401543149662
*Oc1ccc(S(=O)(=O)c2ccc(Oc3ccc(C(c4ccc(*)c([Si](C)(C)C)c4)(C(F)(F)F)C(F)(F)F)cc3[Si](C)(C)C)cc2[Si](C)(C)C)c([Si](C)(C)C)c1,tg,148.9,132.51393425697407
*Oc1ccc(S(=O)(=O)c2ccc(Oc3ccc(C(c4ccc(*)cc4)(C(F)(F)F)C(F)(F)F)cc3)cc2C(O)(C(F)(F)F)C(F)(F)F)c(C(O)(C(F)(F)F)C(F)(F)F)c1,tg,148.0,179.73345136898382
*Oc1ccc(S(=O)(=O)c2ccc(Oc3ccc(C(c4ccc(*)cc4)(C(F)(F)F)C(F)(F)F)cc3)cc2[Si](C)(C)C)c([Si](C)(C)C)c1,tg,172.0,137.77060264910756
*Oc1ccc(S(=O)(=O)c2ccc(Oc3ccc(C(c4ccc(*)cc4)c4ccccc4C(=O)O)cc3)cc2)cc1,tg,223.0,229.51968794920546
*Oc1ccc(S(=O)(=O)c2ccc(Oc3ccc(C(c4ccccc4)(c4ccccc4)c4ccc(*)cc4)cc3)cc2)cc1,tg,230.0,221.10086585699926
*Oc1ccc(S(=O)(=O)c2ccc(Oc3ccc(C4(c5ccc(*)cc5)CC5CCC4C5)cc3)cc2)cc1,tg,250.0,252.8669955863433
*Oc1ccc(S(=O)(=O)c2ccc(Oc3ccc(C4(c5ccc(*)cc5)CCCCC4)cc3)cc2)cc1,tg,226.0,238.83515801978956
*Oc1ccc(S(=O)(=O)c2ccc(Oc3ccc(C4(c5ccc(*)cc5)CCCCCC4)cc3)cc2)cc1,tg,247.0,222.4325882589195
*Oc1ccc(S(=O)(=O)c2ccc(Oc3ccc(C4(c5ccc(Oc6ccc(S(=O)(=O)c7ccc(Oc8ccc(C=C9CCC(=Cc%10ccc(*)cc%10)C9=O)cc8)cc7)cc6)cc5)CCCC4)cc3)cc2)cc1,tg,240.0,199.50291069339087
*Oc1ccc(S(=O)(=O)c2ccc(Oc3ccc(C4(c5ccc(Oc6ccc(S(=O)(=O)c7ccc(Oc8ccc(C=C9CCCC(=Cc%10ccc(*)cc%10)C9=O)cc8)cc7)cc6)cc5)CCCCC4)cc3)cc2)cc1,tg,190.0,199.31080169760244
*Oc1ccc(S(=O)(=O)c2ccc(Oc3ccc(C4(c5ccc(Oc6ccc(S(=O)(=O)c7ccc(Oc8ccc(C=C9CCCCC(=Cc%10ccc(*)cc%10)C9=O)cc8)cc7)cc6)cc5)CCCCCC4)cc3)cc2)cc1,tg,196.0,206.1205662780128
*Oc1ccc(S(=O)(=O)c2ccc(Oc3ccc(C45CC6CC(CC(c7ccc(*)cc7)(C6)C4)C5)cc3)cc2)cc1,tg,242.0,253.59392644711244
*Oc1ccc(S(=O)(=O)c2ccc(Oc3ccc(C4CCCC(C(C)c5ccc(*)cc5)C4)cc3)cc2)cc1,tg,230.0,228.33772576347664
*Oc1ccc(S(=O)(=O)c2ccc(Oc3ccc(C=C4CCCC(=Cc5ccc(Oc6ccc(S(=O)(=O)c7ccc(Oc8ccc(C(C)(C)c9ccc(*)cc9)cc8)cc7)cc6)cc5)C4=O)cc3)cc2)cc1,tg,194.0,202.7066054777719
*Oc1ccc(S(=O)(=O)c2ccc(Oc3ccc(C=C4CCCCC(=Cc5ccc(*)cc5)C4=O)cc3)cc2)cc1,tg,186.0,208.47200622028961
*Oc1ccc(S(=O)(=O)c2ccc(Oc3ccc(C=NN=Cc4ccc(*)cc4)cc3)cc2)cc1,tg,151.0,197.61272921177897
*Oc1ccc(S(=O)(=O)c2ccc(Oc3ccc(C=Nc4ccc(Oc5ccc(N=Cc6ccc(*)cc6)cc5)cc4)cc3)cc2)cc1,tg,162.0,182.74972126561372
*Oc1ccc(S(=O)(=O)c2ccc(Oc3ccc(NC(=O)c4cc(NC(=O)c5ccc(OC(C)=O)cc5)cc(C(=O)Nc5ccc(*)cc5)c4)cc3)cc2)cc1,tg,263.0,255.60685356082837
*Oc1ccc(S(=O)(=O)c2ccc(Oc3ccc(NC(=O)c4ccc(Oc5ccc(C(C)(C)c6ccc(C(C)(C)c7ccc(Oc8ccc(C(=O)Nc9ccc(*)cc9)cc8)cc7)cc6)cc5)cc4)cc3)cc2)cc1,tg,177.0,189.65671802955998
*Oc1ccc(S(=O)(=O)c2ccc(Oc3ccc(NC(=O)c4cccc(C(=O)Nc5ccc(*)cc5)c4)cc3)cc2)cc1,tg,260.0,224.95167333608055
*Oc1ccc(S(=O)(=O)c2ccc(Oc3ccc(P(C)(=O)c4ccc(*)cc4)cc3)cc2)cc1,tg,233.0,182.83854167992547
*Oc1ccc(S(=O)(=O)c2ccc(Oc3ccc(S(=O)(=O)c4ccc(-c5ccc(S(=O)(=O)c6ccc(*)cc6)cc5)cc4)cc3)cc2)cc1,tg,234.0,262.657577144709
*Oc1ccc(S(=O)(=O)c2ccc(Oc3ccc(Sc4ccc(*)cc4)cc3)cc2)cc1,tg,175.0,180.9297311763993
*Oc1ccc(S(=O)(=O)c2ccc(Oc3ccc4c(=O)n5c6cc(Oc7ccc8c(c7)nc7c9ccc(*)c%10cccc(c(=O)n87)c%109)ccc6nc5c5cccc3c45)cc2)cc1,tg,374.0,346.0070111938853
*Oc1ccc(S(=O)(=O)c2ccc3cc(S(=O)(=O)c4ccc(Oc5c(C)cc(-c6cc(C)c(*)c(C)c6)cc5C)cc4)ccc3c2)cc1,tg,280.0,282.9500332348336
*Oc1ccc(S(=O)(=O)c2ccc3cc(S(=O)(=O)c4ccc(Oc5c(C)cc(-c6cc(C)c(*)c(C)c6C)c(C)c5C)cc4)ccc3c2)cc1,tg,300.0,271.6021077033008
*Oc1ccc(S(=O)(=O)c2ccc3ccc(S(=O)(=O)c4ccc(*)cc4)cc3c2)cc1,tg,250.0,235.8011827878146
*Oc1ccc(S(=O)(=O)c2cccc3c(S(=O)(=O)c4ccc(Oc5c(C)cc(-c6cc(C)c(*)c(C)c6)cc5C)cc4)cccc23)cc1,tg,262.0,276.8664233805449
*Oc1ccc(S(=O)(=O)c2cccc3c(S(=O)(=O)c4ccc(Oc5ccc(-c6ccc(*)cc6)cc5)cc4)cccc23)cc1,tg,248.0,253.36157518471157
*Oc1ccc(S(=O)c2ccc(Oc3ccc(C(C)(C)c4ccc(*)cc4)cc3)cc2)cc1,tg,165.0,156.59021947370516
*Oc1ccc(S(=O)c2ccc(Oc3ccc(C=NN=Cc4ccc(*)cc4)cc3)cc2)cc1,tg,151.0,153.37960124232023
*Oc1ccc(SC(=O)Oc2ccc(C(C)(C)c3ccc(OC(=O)Sc4ccc(*)cc4)cc3)cc2)cc1,tg,145.0,104.08690755977305
*Oc1ccc(Sc2ccc(OC(*)=O)cc2)cc1,tg,110.0,114.82909511077118
*Oc1ccc(Sc2ccc(Oc3ccc4c(=O)n5c6cc(-c7ccc8c(c7)nc7c9ccc(*)c%10cccc(c(=O)n87)c%109)ccc6nc5c5cccc3c45)cc2)cc1,tg,386.0,361.3388864588176
*Oc1ccc(Sc2ccc(Oc3ccc4c(=O)n5c6cc(Oc7ccc8c(c7)nc7c9ccc(*)c%10cccc(c(=O)n87)c%109)ccc6nc5c5cccc3c45)cc2)cc1,tg,346.0,348.92971230541474
*Oc1ccc(Sc2ccc(Sc3ccc(Sc4ccc(*)cc4)cc3)cc2)cc1,tg,84.0,153.1273390526007
*Oc1ccc([Si](c2ccccc2)(c2ccccc2)c2ccc(OC(=O)c3ccc4c(c3)Cc3cc(C(*)=O)ccc3-4)cc2)cc1,tg,72.1,218.1580313804864
*Oc1ccc2c(c1)C(C)(c1ccc(OC(*)=O)cc1)CC2(C)C,tg,201.7,172.6081808983615
*Oc1ccc2c(c1)C(C)(c1ccc(OC(=O)c3ccc(C(*)=O)cc3)cc1)CC2(C)C,tg,252.5,259.78736345497293
*Oc1ccc2c(c1)C1(CC2(C)C)CC(C)(C)c2ccc(OC(=O)c3ccc(C(*)=O)cc3)cc21,tg,290.0,279.53741915834246
*Oc1ccc2cc(OC(=O)c3ccc(-c4ccc(C(*)=O)cc4)cc3-c3ccccc3)ccc2c1,tg,125.0,200.92774463001888
*Oc1ccc2cc(Oc3ccc(C(=O)c4ccc(*)cc4)cc3)ccc2c1,tg,247.0,189.4492228587387
*Oc1ccc2cc(Oc3ccc(S(=O)(=O)c4ccc(*)cc4)cc3)ccc2c1,tg,231.0,240.69928657432254
*Oc1ccc2cc(Oc3ccc(S(=O)(=O)c4ccc(Oc5ccc(C(=O)c6ccc(*)cc6)cc5)cc4)cc3)ccc2c1,tg,199.0,202.08242992562145
*Oc1ccc2cc(Oc3ccc4c(=O)n5c6cc(-c7ccc8c(c7)nc7c9ccc(*)c%10cccc(c(=O)n87)c%109)ccc6nc5c5cccc3c45)ccc2c1,tg,413.0,384.3828487420143
*Oc1ccc2ccc(OC(=O)c3ccc(Oc4ccc(C(*)=O)cc4)cc3)cc2c1,tg,142.0,173.78378387735066
*Oc1ccc2ccc(Oc3ccc(C(=O)Nc4ccc(C(C)(C)c5ccc(C(C)(C)c6ccc(NC(=O)c7ccc(*)cc7)cc6)cc5)cc4)cc3)cc2c1,tg,155.0,191.07366501751955
*Oc1ccc2ccc(Oc3ccc(C(=O)Nc4ccc(Oc5ccc(C(C)(C)c6ccc(C(C)(C)c7ccc(Oc8ccc(NC(=O)c9ccc(*)cc9)cc8)cc7)cc6)cc5)cc4)cc3)cc2c1,tg,166.0,165.31992945747376
*Oc1ccc2ccc(Oc3ccc(C(=O)Nc4ccc(Oc5ccc(C(C)(C)c6ccc(Oc7ccc(NC(=O)c8ccc(*)cc8)cc7)cc6)cc5)cc4)cc3)cc2c1,tg,143.0,177.2579117098592
*Oc1ccc2ccc(Oc3ccc(C(=O)Nc4ccc(Oc5ccc(C(C)(c6ccccc6)c6ccc(Oc7ccc(NC(=O)c8ccc(*)cc8)cc7)cc6)cc5)cc4)cc3)cc2c1,tg,177.0,177.5725105069199
*Oc1ccc2ccc(Oc3ccc(C(=O)Nc4ccc(Oc5ccc(C(c6ccc(Oc7ccc(NC(=O)c8ccc(*)cc8)cc7)cc6)(C(F)(F)F)C(F)(F)F)cc5)cc4)cc3)cc2c1,tg,163.0,203.04219742749237
*Oc1ccc2ccc(Oc3ccc(C(=O)Nc4ccc(Oc5ccc(S(=O)(=O)c6ccc(Oc7ccc(NC(=O)c8ccc(*)cc8)cc7)cc6)cc5)cc4)cc3)cc2c1,tg,227.0,219.20310439599533
*Oc1ccc2ccc(Oc3ccc(C(=O)Nc4cccc(Oc5ccc(NC(=O)c6ccc(*)cc6)cc5)c4)cc3)cc2c1,tg,164.0,190.44367360177634
*Oc1cccc(C(=O)Nc2ccc(-c3ccc(NC(=O)c4cccc(Oc5nc(*)nc(Sc6ccccc6)n5)c4)cc3)cc2)c1,tg,279.0,208.79263596325478
*Oc1cccc(C(=O)OCC(F)(F)C(F)(F)C(F)(F)COC(=O)c2cccc(*)c2)c1,tg,20.0,53.53612585129272
*Oc1cccc(C(=O)c2ccc(*)cc2)c1,tg,132.67,127.61525642279065
*Oc1cccc(C(=O)c2ccc(Oc3ccc(C(=O)c4ccc(*)cc4)cc3)cc2)c1,tg,146.0,131.33326594830487
*Oc1cccc(C(F)(F)C(F)(F)C(F)(F)c2cccc(OC(=O)c3cccc(C(F)(F)C(F)(F)C(F)(F)c4cccc(C(*)=O)c4)c3)c2)c1,tg,74.0,128.35052791896112
*Oc1cccc(N(c2ccccc2)c2ccc(-c3ccc(N(c4ccccc4)c4cccc(OC(=O)OCCOCCOC(*)=O)c4)cc3)cc2)c1,tg,113.0,112.30120895708862
*Oc1cccc(NC(=O)CCCCCCC(=O)Nc2ccc(*)cc2)c1,tg,140.0,124.06303097998149
*Oc1cccc(NC(=O)CCCCCCCC(=O)Nc2ccc(*)cc2)c1,tg,120.0,138.84672965272156
*Oc1cccc(NC(=O)CCCCCCCCC(=O)Nc2ccc(*)cc2)c1,tg,125.0,116.61402724227771
*Oc1cccc(NC(=O)CCCCCCCCCC(=O)Nc2ccc(*)cc2)c1,tg,110.0,121.35962462745299
*Oc1cccc(NC(=O)c2cc(NC(=O)c3ccc(OC(C)=O)cc3)cc(C(=O)Nc3ccc(*)cc3)c2)c1,tg,251.0,243.5890489186521
*Oc1cccc(NC(=O)c2ccc(C(=O)Nc3ccc(*)cc3)cc2)c1,tg,280.0,247.80700183971325
*Oc1cccc(NC(=O)c2ccc(C(=O)Nc3ccc(Oc4ccc(C(=O)c5ccc(*)cc5)cc4)cc3)cc2)c1,tg,126.0,171.46714625968826
*Oc1cccc(NC(=O)c2ccc([Si](C)(C)c3ccc(C(*)=O)cc3)cc2)c1,tg,220.0,219.2164535164923
*Oc1cccc(NC(=O)c2cccc(C(=O)Nc3ccc(*)cc3)c2)c1,tg,236.75,237.5489068252142
*Oc1cccc(NC(=O)c2cccc(C(=O)Nc3ccc(Oc4ccc(C(=O)c5ccc(*)cc5)cc4)cc3)c2)c1,tg,114.0,174.3201121945446
*Oc1cccc(OC(=O)CCC(*)=O)c1,tg,38.2,86.68026844346416
*Oc1cccc(OC(=O)Oc2ccc(C(C)(C)c3ccc(OC(*)=O)cc3)cc2)c1,tg,83.1,92.91872846685752
*Oc1cccc(OC(=O)c2cc(OCCCCC)cc(C(*)=O)c2)c1,tg,96.0,69.41912179619177
*Oc1cccc(OC(=O)c2ccc(OC(=O)c3cccc(C(=O)Oc4ccc(C(*)=O)cc4)c3)cc2)c1,tg,156.75,106.41696087125275
*Oc1cccc(OC(=O)c2ccc(Oc3ccc(C(*)=O)cc3)cc2)c1,tg,159.0,158.69761313066925
*Oc1cccc(OC(=O)c2ccc([Si](C)(C)c3ccc(C(*)=O)cc3)cc2)c1,tg,134.0,131.79196963655855
*Oc1cccc(OC(=O)c2cccc(C(*)=O)c2)c1,tg,141.6,175.03832866906407
*Oc1cccc(Oc2ccc(C(=O)O)c(C(=O)Nc3ccc(Oc4ccc(-c5ccc(Oc6ccc(NC(=O)c7cc(*)ccc7C(=O)O)cc6)cc5)cc4)cc3)c2)c1,tg,100.0,222.08543279821725
*Oc1cccc(Oc2ccc(C(=O)Oc3cccc(OC(=O)c4ccc(*)cc4)c3)cc2)c1,tg,131.0,118.10867027519039
*Oc1cccc(Oc2ccc(C(=O)c3ccc(*)cc3)cc2)c1,tg,123.0,155.4598339998031
*Oc1cccc(Oc2ccc(C(=O)c3ccc(NC(=O)c4ccc(C(=O)Nc5ccc(C(=O)c6ccc(*)cc6)cc5)cc4)cc3)cc2)c1,tg,190.0,211.55155565245386
*Oc1cccc(Oc2ccc(C(=O)c3ccc(NC(=O)c4cccc(C(=O)Nc5ccc(C(=O)c6ccc(*)cc6)cc5)c4)cc3)cc2)c1,tg,214.0,177.0259519591545
*Oc1cccc(Oc2ccc(C(=O)c3ccc(P(=O)(c4ccccc4)c4ccc(C(=O)c5ccc(*)cc5)cc4)cc3)cc2)c1,tg,201.0,171.1193633018138
*Oc1cccc(Oc2ccc(NC(=O)c3cc(NC(=O)c4ccc(OC(C)=O)cc4)cc(C(=O)Nc4ccc(*)cc4)c3)cc2)c1,tg,230.0,230.31164993464176
*Oc1cccc(Oc2ccc(NC(=O)c3ccc(-c4ccc(C(=O)Nc5ccc(*)cc5)c(C)c4)cc3C)cc2)c1,tg,213.0,207.12609716228502
*Oc1cccc(Oc2ccc(Oc3ccc(S(=O)(=O)c4ccc(Oc5ccc(Oc6cccc(Oc7ccc(-c8ccc(*)cc8)cc7)c6)cc5)c(S(=O)(=O)[O][Na])c4)cc3S(=O)(=O)[O][Na])cc2)c1,tg,283.0,246.25705057082953
*Oc1cccc(Oc2ccc(Oc3cccc(OC(=O)c4ccc(C(*)=O)cc4)c3)cc2)c1,tg,103.0,123.35659294097108
*Oc1cccc(Oc2ccc3c(=O)n4c5cc(-c6ccc7c(c6)nc6c8ccc(*)c9cccc(c(=O)n76)c98)ccc5nc4c4cccc2c34)c1,tg,396.5,390.0818543221702
*Oc1cccc(Oc2ccc3c(=O)n4c5cc(Oc6ccc7c(c6)nc6c8ccc(*)c9cccc(c(=O)n76)c98)ccc5nc4c4cccc2c34)c1,tg,369.5,350.5159699957406
*Oc1cccc(Oc2cccc(*)c2)c1C#N,tg,144.25,139.16155615850568
*Oc1cccc(Oc2cccc(*)n2)c1,tg,82.0,88.51820271185211
*Oc1cccc(Oc2cccc(NC(=O)c3cc(Oc4ccc(C(=O)O)c(C(=O)Nc5cccc(*)c5)c4)ccc3C(=O)O)c2)c1,tg,176.4,174.82262358880703
*Oc1cccc(Oc2cccc(NC(=O)c3cc(Oc4ccc(C(=O)O)c(C(=O)Nc5cccc(*)c5)c4)ccc3C(=O)O)c2)c1C#N,tg,200.1,177.9788536852715
*Oc1cccc(Oc2cccc(NC(=O)c3cccc(Oc4cccc(Oc5cccc(C(=O)Nc6cccc(*)c6)c5)c4)c3)c2)c1,tg,137.5,173.84331551337783
*Oc1cccc2c(OC3(F)C(*)(F)C(F)(F)C3(F)F)cccc12,tg,124.8,134.4761661956967
*Oc1cccc2cc(OC(=O)c3ccc(Oc4ccc(C(*)=O)cc4)cc3)ccc12,tg,179.0,174.14940443886536
*Oc1cccc2ccc(Oc3ccc(NC(=O)c4cc(C(=O)Nc5ccc(*)cc5)cc(C(C)(C)C)c4)cc3)cc12,tg,263.0,220.16440772424178
*Oc1cccc2ccc(Oc3ccc(NC(=O)c4ccc(C(c5ccc(C(=O)Nc6ccc(*)cc6)cc5)(C(F)(F)F)C(F)(F)F)cc4)cc3)cc12,tg,252.0,236.32917121451788
*Oc1cccc2ccc(Oc3ccc(NC(=O)c4ccc(Oc5ccc(C(=O)Nc6ccc(*)cc6)cc5)cc4)cc3)cc12,tg,236.0,231.41014259970297
*Oc1cccc2ccc(Oc3ccc(NC(=O)c4ccc(Oc5ccc(C(C)(C)c6cccc(C(C)(C)c7ccc(Oc8ccc(C(=O)Nc9ccc(*)cc9)cc8)cc7)c6)cc5)cc4)cc3)cc12,tg,175.5,165.3019129805584
*Oc1cccc2ccc(Oc3ccc(NC(=O)c4ccc(Oc5ccc(Oc6ccc(C(=O)Nc7ccc(*)cc7)cc6)cc5)cc4)cc3)cc12,tg,224.0,198.04525850337868
*Oc1cccc2ccc(Oc3ccc(NC(=O)c4ccc(Oc5ccc(S(=O)(=O)c6ccc(Oc7ccc(C(=O)Nc8ccc(*)cc8)cc7)cc6)cc5)cc4)cc3)cc12,tg,218.0,226.17215858372722
*Oc1cccc2ccc(Oc3ccc(NC(=O)c4ccc(Oc5cccc(Oc6ccc(C(=O)Nc7ccc(*)cc7)cc6)c5)cc4)cc3)cc12,tg,196.0,200.07580207939694
*Oc1cccc2ccc(Oc3ccc(NC(=O)c4ccc(Oc5ccccc5Oc5ccc(C(=O)Nc6ccc(*)cc6)cc5)cc4)cc3)cc12,tg,180.0,200.79614692584678
*Oc1cccc2ccc(Oc3ccc(NC(=O)c4ccc(S(=O)(=O)c5ccc(C(=O)Nc6ccc(*)cc6)cc5)cc4)cc3)cc12,tg,259.0,250.57941870226563
*Oc1cccc2ccc(Oc3ccc(NC(=O)c4cccc(C(=O)Nc5ccc(*)cc5)c4)cc3)cc12,tg,256.0,226.88813121949104
*Oc1ccccc1C(=O)OC(=O)c1ccccc1OC(=O)CCCCC(*)=O,tg,60.0,57.71815423711684
*Oc1ccccc1C(=O)OC(=O)c1ccccc1OC(=O)CCCCCC(*)=O,tg,40.0,39.05624150485793
*Oc1ccccc1C(=O)OC(=O)c1ccccc1OC(=O)CCCCCCC(*)=O,tg,28.0,38.37799313618456
*Oc1ccccc1C(=O)OC(=O)c1ccccc1OC(=O)CCCCCCCCC(*)=O,tg,28.0,37.75686032822256
*Oc1ccccc1C(=O)OC(=O)c1ccccc1OC(=O)c1ccc(C(*)=O)cc1,tg,120.0,115.27248868871399
*Oc1ccccc1Oc1ccc(S(=O)(=O)c2ccc(*)cc2)cc1,tg,171.0,194.3671925451077
*SC(C)C(*)=O,tg,12.0,60.53367013472975
*SC1CCCCC1*,tg,-45.0,107.835706671684
*SCC(=O)NN=Cc1ccc(OCCCCCCCCCCOc2ccc(C=NNC(=O)CSc3nnc(*)s3)cc2OC)c(OC)c1,tg,156.0,90.22249161950404
*Sc1c(C)cc(*)cc1C,tg,198.0,156.69801387135868
*Sc1ccc(*)cc1,tg,93.49,152.63694641367204
*Sc1ccc(C(=O)CNCCCCCCCCNCC(=O)c2ccc(*)cc2)cc1,tg,231.0,89.91142337388673
*Sc1ccc(C(=O)c2ccc(C(C)(C)c3ccc(C(=O)c4ccc(*)cc4)cc3)cc2)cc1,tg,175.0,157.6426672180455
*Sc1ccc(C(=O)c2ccc(C(c3ccc(C(=O)c4ccc(*)cc4)cc3)(C(F)(F)F)C(F)(F)F)cc2)cc1,tg,175.0,155.42673136022623
*Sc1ccc(Cc2ccc(SC(*)=O)cc2)cc1,tg,117.0,116.20870282456214
*Sc1ccc(Nc2ccc(*)cc2)cc1,tg,145.0,132.49254882334256
*Sc1ccc(Nc2ccc(Nc3ccc(*)cc3)cc2)cc1,tg,114.0,161.7013920541656
*Sc1ccc(P(=O)(c2ccccc2)c2ccc(Sc3ccc(-c4ccc(*)cc4)cc3)cc2)cc1,tg,232.0,220.99958947985058
*Sc1ccc(Sc2ccc(Sc3ccc4c(c3)C(=O)N(N3C(=O)c5cccc(*)c5C3=O)C4=O)cc2)cc1,tg,242.0,262.17990433131547
*Sc1ccc(Sc2ccc(Sc3ccc4c(c3)Sc3ccc(*)cc3S4)cc2)cc1,tg,151.2,197.68329311950558
*Sc1ccc2c(c1)Sc1ccc(*)cc1S2,tg,209.9,196.27450838421834
*[O][Ca][O]C(=O)c1ccccc1C(=O)OCCCCCOC(=O)NCCCCCCNC(=O)OCCCCCOC(=O)c1ccccc1C(*)=O,tg,-2.4,17.68245481457558
*c1c(C)cc(-c2cc(C)c(N3C(=O)c4ccc(-c5ccc6c(c5)C(=O)N(*)C6=O)cc4C3=O)c(C)c2)cc1C,tg,285.0,347.6923187548235
*c1c(C)cc(-c2cc(C)c(N3C(=O)c4cccc(Oc5c(C)cc(Cc6cc(C)c(Oc7cccc8c7C(=O)N(*)C8=O)c(C)c6)cc5C)c4C3=O)c(C)c2)cc1C,tg,276.0,278.899655066126
*c1c(C)cc(-c2cc(C)c(N3C(=O)c4cccc(Oc5ccc(C(C)(C)c6ccc(Oc7cccc8c7C(=O)N(*)C8=O)cc6)cc5)c4C3=O)c(C)c2)cc1C,tg,265.0,267.5150234338953
*c1c(C)cc(C(C)(C)c2cc(C)c(S(*)(=O)=O)c(C)c2)cc1C,tg,229.0,182.33639979712305
*c1c(C)cc(C(c2cc(C)c(N3C(=O)c4ccc(-c5ccc6c(c5)C(=O)N(*)C6=O)cc4C3=O)c(C)c2)c2cccc3ccccc23)cc1C,tg,311.67,332.24286578799723
*c1c(C)cc(C(c2cccc(C(F)(F)F)c2)c2cc(C)c(N3C(=O)c4ccc(-c5ccc6c(c5)C(=O)N(*)C6=O)cc4C3=O)c(C)c2)cc1C,tg,312.9,301.9873627357965
*c1c(C)cc(C(c2cccc(C(F)(F)F)c2)c2cc(C)c(N3C(=O)c4ccc(Oc5ccc6c(c5)C(=O)N(*)C6=O)cc4C3=O)c(C)c2)cc1C,tg,264.1,284.6564822092239
*c1c(C)cc(C)c(N2C(=O)c3ccc(-c4ccc5c(c4)C(=O)N(*)C5=O)cc3C2=O)c1C,tg,385.0,373.1474460854831
*c1c(C)cc(C)c(N2C(=O)c3ccc(Oc4ccc(Oc5ccc6c(c5)C(=O)N(*)C6=O)cc4)cc3C2=O)c1C,tg,345.0,293.60303437419867
*c1c(C)cc(C)c(N2C(=O)c3ccc(S(=O)(=O)c4ccc5c(c4)C(=O)N(*)C5=O)cc3C2=O)c1C,tg,418.0,356.689647409652
*c1c(C)cc(C)c(N2C(=O)c3ccc(Sc4ccc5c(c4)C(=O)N(*)C5=O)cc3C2=O)c1C,tg,378.0,358.8515226550815
*c1c(C)cc(C)c(N2C(=O)c3cccc(Oc4c(C)cc(Cc5cc(C)c(Oc6cccc7c6C(=O)N(*)C7=O)c(C)c5)cc4C)c3C2=O)c1C,tg,287.0,286.71988936924754
*c1c(C)cc(Cc2cc(C)c(N3C(=O)c4ccc(Oc5c(C)cc(-c6cc(C)c(Oc7ccc8c(c7)C(=O)N(*)C8=O)c(C)c6)cc5C)cc4C3=O)c(C)c2)cc1C,tg,420.0,290.61004241808536
*c1c(C)cc(Cc2cc(C)c(N3C(=O)c4ccc(Oc5c(C)cc(Cc6cc(C)c(Oc7ccc8c(c7)C(=O)N(*)C8=O)c(C)c6)cc5C)cc4C3=O)c(C)c2)cc1C,tg,264.0,314.1212145130085
*c1c(C)cc(Cc2cc(C)c(N3C(=O)c4ccc(Oc5ccc(C(C)(C)c6ccc(Oc7ccc8c(c7)C(=O)N(*)C8=O)cc6)cc5)cc4C3=O)c(C)c2)cc1C,tg,249.0,263.38093461906624
*c1c(C)cc(Cc2cc(C)c(N3C(=O)c4ccc(Oc5cccc6c(Oc7ccc8c(c7)C(=O)N(*)C8=O)cccc56)cc4C3=O)c(C)c2)cc1C,tg,281.0,273.24503346698594
*c1c(C)cc(Cc2cc(C)c(N3C(=O)c4cccc(Oc5c(C)cc(Cc6cc(C)c(Oc7cccc8c7C(=O)N(*)C8=O)c(C)c6)cc5C)c4C3=O)c(C)c2)cc1C,tg,243.0,240.37666209139826
*c1cc(*)c(O)c(N=Cc2ccc(F)cc2)c1,tg,154.0,169.5019301573217
*c1cc(*)cc(-c2nc3ccccc3o2)c1,tg,250.0,216.67516775034804
*c1cc(-c2ccc(C(=C3C=C(C(C)(C)C)C(=O)C(C(C)(C)C)=C3)c3cc(C(C)(C)C)c(OC(C)=O)c(C(C)(C)C)c3)cc2)c(*)s1,tg,-4.3,208.80035640518304
*c1cc(-c2sc(-c3cc(CCCCCCCCCC)c(*)s3)cc2CCCCCCCCCC)c2cccccc1-2,tg,22.5,11.256783555276042
*c1cc(-c2sc(-c3cc(CCCCCCCCCCCCCC)c(*)s3)cc2CCCCCCCCCCCCCC)c2cccccc1-2,tg,-10.0,24.300709014147838
*c1cc(Br)c(-c2c(Br)cc(N3C(=O)c4ccc(-c5ccc6c(c5)C(=O)N(*)C6=O)cc4C3=O)cc2C(=O)OCCCC)c(C(=O)OCCCC)c1,tg,196.0,158.9052920813545
*c1cc(Br)c(-c2c(Br)cc(N3C(=O)c4ccc(-c5ccc6c(c5)C(=O)N(*)C6=O)cc4C3=O)cc2C(=O)OCCCCCCCC)c(C(=O)OCCCCCCCC)c1,tg,135.5,131.8692291651627
*c1cc(Br)c(-c2c(Br)cc(N3C(=O)c4ccc(-c5ccc6c(c5)C(=O)N(*)C6=O)cc4C3=O)cc2C(=O)OCCCCCCCCCC)c(C(=O)OCCCCCCCCCC)c1,tg,116.0,122.90103133468095
*c1cc(Br)c(-c2c(Br)cc(N3C(=O)c4ccc(-c5ccc6c(c5)C(=O)N(*)C6=O)cc4C3=O)cc2C(=O)OCCCCCCCCCCCCCCCC)c(C(=O)OCCCCCCCCCCCCCCCC)c1,tg,92.0,89.071426549614
*c1cc(Br)c(-c2c(Br)cc(N3C(=O)c4ccc(-c5ccc6c(c5)C(=O)N(*)C6=O)cc4C3=O)cc2C(=O)OCCCCCCCCCCCCCCCCCC)c(C(=O)OCCCCCCCCCCCCCCCCCC)c1,tg,83.5,93.0385874363504
*c1cc(Br)c(OC(=O)c2ccc(C(=O)Oc3c(Br)cc(C4(*)OC(=O)c5ccccc54)cc3Br)cc2)c(Br)c1,tg,319.0,273.0686923392072
*c1cc(Br)c(Oc2c(Br)cc(N3C(=O)c4ccc(-c5ccc6c(c5)C(=O)N(*)C6=O)cc4C3=O)cc2Br)c(Br)c1,tg,287.0,325.4388975686919
*c1cc(Br)c(Oc2c(Br)cc(N3C(=O)c4ccc(Oc5ccc6c(c5)C(=O)N(*)C6=O)cc4C3=O)cc2Br)c(Br)c1,tg,283.0,299.58207306072535
*c1cc(C(=O)NCCCCCC)cc(N2C(=O)c3ccc(-c4ccc5c(c4)C(=O)N(*)C5=O)cc3C2=O)c1,tg,256.9,243.71228375103058
*c1cc(C(=O)NCCCCCCCC)cc(N2C(=O)c3ccc(-c4ccc5c(c4)C(=O)N(*)C5=O)cc3C2=O)c1,tg,245.5,246.80807746163345
*c1cc(C(=O)NCCCCCCCCCC)cc(N2C(=O)c3ccc(-c4ccc5c(c4)C(=O)N(*)C5=O)cc3C2=O)c1,tg,245.1,238.43009475312456
*c1cc(C(=O)NCCCCCCCCCCCC)cc(N2C(=O)c3ccc(-c4ccc5c(c4)C(=O)N(*)C5=O)cc3C2=O)c1,tg,243.1,242.02112872131104
*c1cc(C(=O)NCCCCCCCCCCCCCC)cc(N2C(=O)c3ccc(-c4ccc5c(c4)C(=O)N(*)C5=O)cc3C2=O)c1,tg,247.6,224.60248366728035
*c1cc(C(=O)Nc2ccc(-c3nnc(*)o3)cc2)cc(N2C(=O)c3ccccc3C2=O)c1,tg,324.0,291.96578382211476
*c1cc(C(=O)OC)cc(N2C(=O)CC(C3Cc4ccccc4C4C(=O)N(*)C(=O)C43)C2=O)c1,tg,249.43,290.31089218380185
*c1cc(C(=O)OCCC)cc(N2C(=O)CC(C3Cc4ccccc4C4C(=O)N(*)C(=O)C43)C2=O)c1,tg,249.43,224.6176923535209
*c1cc(C(=O)OCCCCCC)cc(N2C(=O)CC(C3Cc4ccccc4C4C(=O)N(*)C(=O)C43)C2=O)c1,tg,249.43,180.32433366960214
*c1cc(C(C(=O)OC)C(=O)OC)c(*)s1,tg,-20.1,105.34909513726127
*c1cc(C(C)C)c(Oc2ccc(S(=O)(=O)c3ccc(Oc4cc(C)c(C5(*)OC(=O)c6ccccc65)cc4C(C)C)cc3)cc2)cc1C,tg,230.0,238.5170070638758
*c1cc(C(c2ccc(OCCN(C)c3ccc(C=CC4=CC(=C(C#N)C#N)CC(C)(C)C4)cc3)c(N3C(=O)c4ccc(Oc5ccc6c(c5)C(=O)N(*)C6=O)cc4C3=O)c2)(C(F)(F)F)C(F)(F)F)ccc1OCCN(C)c1ccc(C=CC2=CC(=C(C#N)C#N)CC(C)(C)C2)cc1,tg,215.0,207.27401616807282
*c1cc(C(c2ccc(OCCN(C)c3ccc(C=CC4=CC(=C(C#N)C(=O)OCCc5ccccc5)CC(C)(C)C4)cc3)c(N3C(=O)c4ccc(Oc5ccc6c(c5)C(=O)N(*)C6=O)cc4C3=O)c2)(C(F)(F)F)C(F)(F)F)ccc1OCCN(c1ccccc1)c1ccc(C=CC2=CC(=C(C#N)C(=O)OCCc3ccccc3)CC(C)(C)C2)cc1,tg,177.0,176.1828377740042
*c1cc(C(c2ccc(OCCN(C)c3ccc(C=CC4=CC(=C(C#N)C(=O)OCc5ccc(Oc6c(F)c(F)c(F)c(F)c6F)cc5)CC(C)(C)C4)cc3)c(N3C(=O)c4ccc(Oc5ccc6c(c5)C(=O)N(*)C6=O)cc4C3=O)c2)(C(F)(F)F)C(F)(F)F)ccc1OCCN(c1ccccc1)c1ccc(C=CC2=CC(=C(C#N)C(=O)OCc3ccc(Oc4c(F)c(F)c(F)c(F)c4F)cc3)CC(C)(C)C2)cc1,tg,162.0,196.02882271115303
*c1cc(C(c2ccc(OCCN(C)c3ccc(C=CC4=CC(=C(C#N)S(C)(=O)=O)CC(C)(C)C4)cc3)c(N3C(=O)c4ccc(Oc5ccc6c(c5)C(=O)N(*)C6=O)cc4C3=O)c2)(C(F)(F)F)C(F)(F)F)ccc1OCCN(C)c1ccc(C=CC2=CC(=C(C#N)S(C)(=O)=O)CC(C)(C)C2)cc1,tg,225.0,200.49231429850653
*c1cc(C(c2ccc(OCCN(CC)c3ccc(C=CC4=CC(=C(C#N)C#N)CC(C)(C)C4)cc3)c(N3C(=O)c4ccc(Oc5ccc6c(c5)C(=O)N(*)C6=O)cc4C3=O)c2)(C(F)(F)F)C(F)(F)F)ccc1OCCN(CC)c1ccc(C=CC2=CC(=C(C#N)C#N)CC(C)(C)C2)cc1,tg,202.0,204.66671378580526
*c1cc(C(c2ccc(OCCN(c3ccccc3)c3ccc(C=CC4=CC(=C(C#N)C#N)CC(C)(C)C4)cc3)c(N3C(=O)c4ccc(Oc5ccc6c(c5)C(=O)N(*)C6=O)cc4C3=O)c2)(C(F)(F)F)C(F)(F)F)ccc1OCCN(c1ccccc1)c1ccc(C=CC2=CC(=C(C#N)C#N)CC(C)(C)C2)cc1,tg,220.0,210.84694986761735
*c1cc(C)c(-c2c(C)cc(N3C(=O)c4ccc(-c5ccc6c(c5)C(=O)N(*)C6=O)cc4C3=O)cc2C)c(C)c1,tg,280.0,320.15686890120134
*c1cc(C)c(Cc2cc(C)c(N3C(=O)c4ccc(Oc5ccc(Oc6ccc7c(c6)C(=O)N(*)C7=O)cc5)cc4C3=O)cc2C)cc1C,tg,278.0,261.3121316426057
*c1cc(C)c(Oc2ccc(S(=O)(=O)c3ccc(Oc4cc(C)c(C5(*)OC(=O)c6ccccc65)cc4C)cc3)cc2)cc1C,tg,269.0,242.02765671608825
*c1cc(CC(=O)OCC)c(*)s1,tg,56.7,63.78592286017186
*c1cc(CC(=O)OCCCCCCOc2ccc(N=Nc3ccc(C#N)cc3)cc2)c(*)s1,tg,64.0,58.48132652310941
*c1cc(CCCC)c(*)s1,tg,53.58,52.392412545080546
*c1cc(CCCCCC)c(*)s1,tg,23.47,20.606209388677566
*c1cc(CCCCCC)c(-c2ccc3c4ccc(-c5sc(-c6sc(*)c7nc(CC)c(CC)nc67)cc5CCCCCC)cc4n(CCCCCCCCCCCC)c3c2)s1,tg,89.0,70.3251394931646
*c1cc(CCCCCCCCCC)c(*)s1,tg,-33.0,-4.9461515460235495
*c1cc(CCCCCCCCCCCC)c(*)s1,tg,-13.51,-7.865250899263085
*c1cc(CCCCCCOC(=O)COC)c(*)s1,tg,37.0,-7.08871295875532
*c1cc(CCCCCCOC(=O)Cc2ccccc2)c(*)s1,tg,45.0,21.772167162759395
*c1cc(CCCCCCO[Si](C)(C)C)c(*)s1,tg,10.0,16.243648779463935
*c1cc(CCOC(=O)C(C)Br)c(*)s1,tg,49.0,40.7289305352212
*c1cc(CCOC(=O)NCCCC)c(*)s1,tg,67.5,39.44792226395622
*c1cc(CCOc2ccc(N=Nc3ccc(C#N)cc3)cc2)c(*)s1,tg,73.0,128.72501927156063
*c1cc(N2C(=O)c3ccc(Oc4cc5ccccc5cc4Oc4ccc5c(c4)C(=O)N(*)C5=O)cc3C2=O)cc(C(F)(F)F)c1,tg,250.0,250.04429674957782
*c1cc(N2C(=O)c3ccc(Oc4ccc5c(c4)C(=O)N(*)C5=O)cc3C2=O)c(O)cc1O,tg,263.0,319.70104102484197
*c1cc(N2C(=O)c3ccc(P(=O)(c4ccccc4)c4ccc5c(c4)C(=O)N(*)C5=O)cc3C2=O)cc(C(F)(F)F)c1,tg,317.0,298.08881394434036
*c1cc(N=Cc2ccc(F)cc2)c(O)c(*)c1C,tg,156.0,181.04278892252276
*c1cc(N=Nc2ccc(C#N)cc2)cc(*)c1O,tg,176.0,211.63341758020135
*c1cc(OCCCC)c(*)cc1OCCCC,tg,37.0,60.804402425136274
*c1cc(OCCCC)cc(N2C(=O)c3ccc(Oc4ccc5c(c4)C(=O)N(*)C5=O)cc3C2=O)c1,tg,237.0,212.8179064052633
*c1cc(OCCCCCCCC)cc(N2C(=O)c3ccc(Oc4ccc5c(c4)C(=O)N(*)C5=O)cc3C2=O)c1,tg,185.0,172.41937491682842
*c1cc(OCCCCCCCCCCCC)cc(N2C(=O)c3ccc(Oc4ccc5c(c4)C(=O)N(*)C5=O)cc3C2=O)c1,tg,162.0,161.67511627736673
*c1cc(OCCCCCCCCCCCCCCCC)cc(N2C(=O)c3ccc(Oc4ccc5c(c4)C(=O)N(*)C5=O)cc3C2=O)c1,tg,159.0,152.54764185206022
*c1cc(Oc2c(C)cc(-c3cc(C)c(Oc4cc(N5C(=O)c6ccc(-c7ccc8c(c7)C(=O)N(*)C8=O)cc6C5=O)cc(C(F)(F)F)c4)c(C)c3)cc2C)cc(C(F)(F)F)c1,tg,281.1,279.232791741399
*c1cc(Oc2c(C)cc(-c3cc(C)c(Oc4cc(N5C(=O)c6ccc(Oc7ccc8c(c7)C(=O)N(*)C8=O)cc6C5=O)cc(C(F)(F)F)c4)c(C)c3)cc2C)cc(C(F)(F)F)c1,tg,252.2,279.70907466124095
*c1cc(SCCCCCCCCCCCC)c(*)s1,tg,33.0,-20.82096135559069
*c1ccc(*)c(C(=O)c2ccc(C)cc2)c1,tg,202.0,203.85036901548835
*c1ccc(*)cc1,tg,291.5,114.04429189850778
*c1ccc(-c2cc(-c3ccc(-c4ccccc4)cc3)cc(-c3ccc(N4C(=O)c5ccc(NC(=O)Nc6ccc(-c7cc(-c8ccc(-c9ccccc9)cc8)cc(-c8ccc(NC(=O)Nc9ccc%10c(c9)C(=O)N(*)C%10=O)cc8)n7)cc6)cc5C4=O)cc3)n2)cc1,tg,272.0,288.1420799969986
*c1ccc(-c2cc(-c3ccc(-c4ccccc4)cc3)cc(-c3ccc(N4C(=O)c5ccc(NC(=O)Nc6ccc(Oc7ccc(NC(=O)Nc8ccc9c(c8)C(=O)N(*)C9=O)cc7)cc6)cc5C4=O)cc3)n2)cc1,tg,241.0,279.0239037826005
*c1ccc(-c2cc(-c3ccc(OCCCC#N)cc3)cc(-c3ccc(N4C(=O)c5ccc(Oc6ccc7c(c6)C(=O)N(*)C7=O)cc5C4=O)cc3)n2)cc1,tg,315.0,247.26141559017825
*c1ccc(-c2cc(C(C)(C)C)c(Oc3ccc(N4C(=O)c5ccc(-c6ccc7c(c6)C(=O)N(*)C7=O)cc5C4=O)cc3)c(C(C)(C)C)c2)cc1,tg,381.5,335.4911686230569
*c1ccc(-c2cc(C(C)(C)C)c(Oc3ccc(N4C(=O)c5ccc(-c6ccc7c(c6)C(=O)N(*)C7=O)cc5C4=O)cc3C(F)(F)F)c(C(C)(C)C)c2)cc1,tg,389.0,324.9201655549123
*c1ccc(-c2cc(C(C)(C)C)c(Oc3ccc(N4C(=O)c5ccc(Oc6ccc7c(c6)C(=O)N(*)C7=O)cc5C4=O)cc3)c(C(C)(C)C)c2)cc1,tg,342.0,309.25651484076917
*c1ccc(-c2cc(C(C)(C)C)c(Oc3ccc(N4C(=O)c5ccc(S(=O)(=O)c6ccc7c(c6)C(=O)N(*)C7=O)cc5C4=O)cc3)c(C(C)(C)C)c2)cc1,tg,354.5,360.8512403030889
*c1ccc(-c2cc(CCCCCC)c(-c3ccc(-c4ccc5ccc6ccc(*)nc6c5n4)cc3)cc2CCCCCC)cc1,tg,190.0,155.87734228660423
*c1ccc(-c2cc(CCCCCCBr)c(*)s2)s1,tg,51.0,71.09149327783149
*c1ccc(-c2cc(CCCCCCCC)c(-c3ccc(-c4ccc(-c5sc(-c6ccc([Si](*)(CCCC)CCCC)s6)cc5CCCCCCCC)s4)s3)s2)s1,tg,-1.0,10.164051113044222
*c1ccc(-c2cc(CCCCCCCC)c(-c3ccc(-c4ccc(-c5sc(-c6ccc([Si](C)(C)[Si](C)(C)[Si](C)(C)[Si](*)(C)C)s6)cc5CCCCCCCC)s4)s3)s2)s1,tg,6.0,18.263002596099767
*c1ccc(-c2cc(CCCCCCCC)c(-c3ccc(-c4ccc(-c5sc(-c6ccc([Si](C)(C)[Si](C)(C)[Si](C)(C)[Si](C)(C)[Si](C)(C)[Si](C)(C)[Si](C)(C)[Si](*)(C)C)s6)cc5CCCCCCCC)s4)s3)s2)s1,tg,13.0,17.814362383158652
*c1ccc(-c2cc(CCCCCCCC)c(-c3ccc(-c4ccc(-c5sc(-c6ccc([Si](CCCC)(CCCC)[Si](*)(CCCC)CCCC)s6)cc5CCCCCCCC)s4)s3)s2)s1,tg,-10.0,0.16971862556782444
*c1ccc(-c2cc(CCCCCCCC)c(-c3ccc(-c4sc(*)cc4CCCCCCCC)cc3)s2)cn1,tg,16.2,33.222715095883615
*c1ccc(-c2ccc(-c3c(-c4ccccc4)nc4ccc(-c5ccc6nc(-c7ccccc7)c(*)c(-c7ccccc7)c6c5)cc4c3-c3ccccc3)cc2)cc1,tg,372.0,342.8112683460346
*c1ccc(-c2ccc(-c3cc(-c4ccc(-c5ccc(Oc6ccccc6)cc5)cc4)c4cc(-c5ccc6nc(*)cc(-c7ccc(-c8ccc(Oc9ccccc9)cc8)cc7)c6c5)ccc4n3)cc2)cc1,tg,352.0,321.119765522516
*c1ccc(-c2ccc(-c3cc(-c4ccc(Oc5ccc(-c6cc(*)nc7ccccc67)cc5)cc4)c4ccccc4n3)cc2)cc1,tg,326.0,303.9087850834469
*c1ccc(-c2ccc(-c3cc(-c4ccc(Oc5ccc(-c6ccccc6)cc5)cc4)c4cc(-c5ccc6nc(*)cc(-c7ccc(Oc8ccc(-c9ccccc9)cc8)cc7)c6c5)ccc4n3)cc2)cc1,tg,318.0,346.6632933235071
*c1ccc(-c2ccc(-c3cc(-c4ccc(Oc5ccc(Oc6ccccc6)cc5)cc4)c4cc(-c5ccc6nc(*)cc(-c7ccc(Oc8ccc(Oc9ccccc9)cc8)cc7)c6c5)ccc4n3)cc2)cc1,tg,348.33,272.83928727754375
*c1ccc(-c2ccc(-c3cc(-c4ccccc4)c4cc(-c5ccc6nc(*)cc(-c7ccccc7)c6c5)ccc4n3)cc2)cc1,tg,372.0,368.44667192760966
*c1ccc(-c2ccc(-c3cc(-c4ccccc4)c4cc(C5(c6ccc7nc(*)cc(-c8ccccc8)c7c6)c6ccccc6C(=O)c6ccccc65)ccc4n3)cc2)cc1,tg,350.0,406.6819021895935
*c1ccc(-c2ccc(-c3cc(-c4ccccc4)c4cc5c(-c6ccccc6)cc(*)nc5cc4n3)cc2)cc1,tg,392.0,377.07785072228944
*c1ccc(-c2ccc(-c3ccc(-c4cc(-c5ccccc5)c5cc(Oc6ccc7nc(*)cc(-c8ccccc8)c7c6)ccc5n4)cc3)cc2)cc1,tg,282.5,304.47412032064403
*c1ccc(-c2ccc(-c3ccc(-c4ccc(*)n4CCCCCCCCCCCC)s3)s2)s1,tg,53.0,15.855032715281201
*c1ccc(-c2ccc(-c3ccc(-c4ccc(-c5cc(-c6ccccc6)c6cc(Oc7ccc8nc(*)cc(-c9ccccc9)c8c7)ccc6n5)cc4)cc3)cc2)cc1,tg,298.33,301.9316809672207
*c1ccc(-c2ccc(-c3ccc(-c4ccc(-c5ccc(*)n5CCCCCCCCCCCC)s4)s3)s2)s1,tg,53.0,89.1043184081519
*c1ccc(-c2ccc(-c3ccc(-c4ccc(-c5ccc6c(c5)C(=O)N(c5ccc(Oc7ccc(-c8ccc(Oc9ccc(N%10C(=O)c%11ccc(*)cc%11C%10=O)cc9)cc8)cc7)cc5)C6=O)cc4)cc3)cc2)cc1,tg,232.0,297.86616564440095
*c1ccc(-c2ccc(-c3ccc(-c4ccc([Si](*)(CCCC)CCCC)s4)s3)s2)s1,tg,1.0,25.579138654515763
*c1ccc(-c2ccc(-c3ccc([Si](*)(CCCC)CCCC)s3)s2)s1,tg,30.0,-5.391863074347992
*c1ccc(-c2ccc(-c3ccc([Si](C)(C)[Si](*)(C)C)s3)s2)s1,tg,45.0,65.10692652560883
*c1ccc(-c2ccc(-c3ccc([Si](CCCC)(CCCC)[Si](*)(CCCC)CCCC)s3)s2)s1,tg,-5.0,-4.93298815288194
*c1ccc(-c2ccc(-c3ccc4nc(Oc5cc(-c6ccccc6)c6cc(*)ccc6n5)cc(-c5ccccc5)c4c3)cc2)cc1,tg,308.0,319.2269533454877
*c1ccc(-c2ccc(-c3cnc4cc(-c5ccc6nc(*)cnc6c5)ccc4n3)cc2)cc1,tg,345.5,354.13835316566605
*c1ccc(-c2ccc(-c3nc4ccc(Oc5ccc6nc(*)c(-c7ccccc7)c(-c7ccccc7)c6c5)cc4c(-c4ccccc4)c3-c3ccccc3)cc2)cc1,tg,351.0,346.24813441821635
*c1ccc(-c2ccc(-c3nc4ccccc4c(-c4ccc(Oc5ccc(-c6c(-c7ccccc7)c(*)nc7ccccc67)cc5)cc4)c3-c3ccccc3)cc2)cc1,tg,345.0,339.8377606527052
*c1ccc(-c2ccc(-c3nnc(-c4ccc([Si](c5ccccc5)(c5ccccc5)c5ccc(-c6nnc(*)o6)cc5)cc4)o3)cc2)cc1,tg,278.0,262.3936899356349
*c1ccc(-c2ccc(C3(*)CCCCC3)cc2)cc1,tg,287.0,181.51869569122823
*c1ccc(-c2ccc(N(*)c3cc(C(F)(F)F)cc(C(F)(F)F)c3)cc2)cc1,tg,209.0,195.7818925610428
*c1ccc(-c2ccc(N(*)c3ccc(C(F)(F)F)cc3)cc2)cc1,tg,225.0,150.30900363565237
*c1ccc(-c2ccc(N3C(=O)c4c(c(-c5ccccc5)c(-c5ccc(Oc6ccc(-c7c(-c8ccccc8)c8c(c(-c9ccccc9)c7-c7ccccc7)C(=O)N(*)C8=O)cc6)cc5)c(-c5ccccc5)c4-c4ccccc4)C3=O)cc2)cc1,tg,399.0,375.86742220897855
*c1ccc(-c2ccc(N3C(=O)c4ccc(-c5ccc6c(c5)C(=O)N(*)C6=O)cc4C3=O)c(C)c2)cc1C,tg,300.67,345.70793835087426
*c1ccc(-c2ccc(N3C(=O)c4ccc(-c5cccc6c5C(=O)N(*)C6=O)cc4C3=O)c(C)c2)cc1C,tg,384.0,346.0987739361129
*c1ccc(-c2ccc(N3C(=O)c4ccc(-c5cccc6c5C(=O)N(*)C6=O)cc4C3=O)cc2C(F)(F)F)c(C(F)(F)F)c1,tg,346.0,318.1557793909865
*c1ccc(-c2ccc(N3C(=O)c4ccc(-c5cccc6c5C(=O)N(*)C6=O)cc4C3=O)cc2C)c(C)c1,tg,372.0,371.16744698798425
*c1ccc(-c2ccc(N3C(=O)c4ccc(Oc5ccc(Oc6ccc7c(c6)C(=O)N(*)C7=O)cc5)cc4C3=O)cc2)cc1,tg,266.0,267.43650752704735
*c1ccc(-c2ccc(N3C(=O)c4ccc(Oc5ccc6c(c5)C(=O)N(*)C6=O)cc4C3=O)c(OCCCCCCOc3ccc(/C=C/c4ccc(F)cc4)cc3)c2)cc1OCCCCCCOc1ccc(/C=C/c2ccc(F)cc2)cc1,tg,124.0,131.68027830165605
*c1ccc(-c2ccc(N3C(=O)c4ccc(Oc5ccc6c(c5)C(=O)N(*)C6=O)cc4C3=O)cc2)cc1,tg,286.0,297.45751489387675
*c1ccc(-c2ccc(N3C(=O)c4ccc(Oc5ccc6c(c5)C(=O)N(*)C6=O)cc4C3=O)cc2C(F)(F)F)c(C(F)(F)F)c1,tg,275.0,318.7161106650802
*c1ccc(-c2ccc(NC(=O)c3cccc(C(=O)Nc4ccc(-c5ccc(N6C(=O)c7ccc(-c8ccc9c(c8)C(=O)N(*)C9=O)cc7C6=O)cc5)cc4)c3)cc2)cc1,tg,230.0,266.8982990687829
*c1ccc(-c2ccc(NC(=O)c3cccc(C(=O)Nc4ccc(-c5ccc(N6C(=O)c7ccc(Oc8ccc9c(c8)C(=O)N(*)C9=O)cc7C6=O)cc5)cc4)c3)cc2)cc1,tg,233.0,261.62403375781315
*c1ccc(-c2ccc(Oc3ccc(C4(C)CC(C)(C)c5ccc(Oc6ccc(-c7ccc(N8C(=O)c9ccc(Oc%10ccc%11c(c%10)C(=O)N(*)C%11=O)cc9C8=O)cc7)cc6C(F)(F)F)cc54)cc3)c(C(F)(F)F)c2)cc1,tg,249.0,257.55183468144384
*c1ccc(-c2ccc([Si](*)(C)C)s2)s1,tg,45.0,57.62423048648748
*c1ccc(-c2ccc([Si](*)(CCCC)CCCC)s2)s1,tg,-10.0,3.1247720317695356
*c1ccc(-c2ccc([Si](C)(C)[Si](*)(C)C)s2)s1,tg,45.0,39.0261604256133
*c1ccc(-c2ccc([Si](CCCC)(CCCC)[Si](*)(CCCC)CCCC)s2)s1,tg,-20.0,-24.739558195180724
*c1ccc(-c2ccc3c(c2)C(CCCCCC)(CCCCCC)c2cc(*)ccc2-3)cc1,tg,105.87,103.71752514866687
*c1ccc(-c2ccc3c(c2)C(CCCCCCBr)(CCCCCCBr)c2cc(*)ccc2-3)cc1,tg,117.2,82.71778204767162
*c1ccc(-c2ccc3c(c2)C(CCCCCCC#N)(CCCCCCC#N)c2cc(*)ccc2-3)cc1,tg,90.0,127.57506071444884
*c1ccc(-c2ccc3c(c2)C(CCCCCCCC)(CCCCCCCC)c2cc(*)ccc2-3)c(F)c1,tg,34.0,50.4356868163788
*c1ccc(-c2ccc3c(c2)C(CCCCCCCC)(CCCCCCCC)c2cc(*)ccc2-3)cc1,tg,81.0,80.2241881834193
*c1ccc(-c2ccc3nc(*)cc(-c4ccccc4)c3c2)cc1,tg,383.0,354.3838906859519
*c1ccc(-c2cnc3cc(-c4ccc5nc(*)cnc5c4)ccc3n2)cc1,tg,350.0,369.65317523660156
*c1ccc(-c2cnc3cc(Oc4ccc5nc(*)cnc5c4)ccc3n2)cc1,tg,306.0,327.54730355499487
*c1ccc(-c2cnc3cc(S(=O)(=O)c4ccc5nc(*)cnc5c4)ccc3n2)cc1,tg,342.0,355.60918756051905
*c1ccc(-c2cnc3cc4nc(*)cnc4cc3n2)cc1,tg,392.0,391.01315453515207
*c1ccc(-c2cnc3cc4ncc(*)nc4cc3n2)cc1,tg,392.0,392.2624927043084
*c1ccc(-c2cnc3ccc(Oc4ccc5ncc(*)nc5c4)cc3n2)cc1,tg,306.0,331.7562742205814
*c1ccc(-c2nc3cc(-c4ccc5nc(*)c(-c6ccc7ccccc7c6)nc5c4)ccc3nc2-c2ccc3ccccc3c2)cc1,tg,333.0,364.3023452120048
*c1ccc(-c2nc3cc(-c4ccc5nc(*)c(-c6ccccc6)nc5c4)ccc3nc2-c2ccccc2)cc1,tg,367.45,342.6571583366346
*c1ccc(-c2nc3cc(-c4ccc5nc(-c6ccccc6)c(-c6ccc(N7C(=O)C8OC9C(=O)N(*)C(=O)C9C8C7=O)cc6)nc5c4)ccc3nc2-c2ccccc2)cc1,tg,230.0,318.37415774982287
*c1ccc(-c2nc3cc(-c4ccc5oc(*)nc5c4)ccc3o2)cc1,tg,430.0,377.32751773017014
*c1ccc(-c2nc3cc(C(=O)c4ccc5nc(-c6ccccc6)c(-c6ccc(N7C(=O)C8OC9C(=O)N(*)C(=O)C9C8C7=O)cc6)nc5c4)ccc3nc2-c2ccccc2)cc1,tg,255.0,295.869677770611
*c1ccc(-c2nc3cc(C)ccc3o2)c(*)c1,tg,221.0,293.3978438431068
*c1ccc(-c2nc3cc(Oc4ccc(NC(=O)CN5C(=O)c6ccc(C(c7ccc8c(c7)C(=O)N(CC(=O)Nc7ccc(Oc9ccc%10nc(-c%11ccccc%11)c(*)nc%10c9)cc7)C8=O)(C(F)(F)F)C(F)(F)F)cc6C5=O)cc4)ccc3nc2-c2ccccc2)cc1,tg,280.0,261.03555715482
*c1ccc(-c2nc3cc(Oc4ccc(NC(=O)c5cc(C(=O)Nc6ccc(Oc7ccc8nc(-c9ccccc9)c(*)nc8c7)cc6)cc(N6C(=O)c7ccccc7C6=O)c5)cc4)ccc3nc2-c2ccccc2)cc1,tg,302.0,297.58227993869474
*c1ccc(-c2nc3cc(Oc4ccc5nc(*)c(-c6ccccc6)nc5c4)ccc3nc2-c2ccccc2)cc1,tg,326.0,301.71726537864004
*c1ccc(-c2nc3cc(Oc4ccc5nc(-c6ccccc6)c(*)nc5c4)ccc3nc2-c2ccccc2)cc1,tg,296.43,325.72907027862675
*c1ccc(-c2nc3cc(S(=O)(=O)c4ccc5nc(*)c(-c6ccccc6)nc5c4)ccc3nc2-c2ccccc2)cc1,tg,277.5,320.2598223440554
*c1ccc(-c2nc3cc(S(=O)(=O)c4ccc5nc(-c6ccccc6)c(*)nc5c4)ccc3nc2-c2ccccc2)cc1,tg,291.8,309.6935092437507
*c1ccc(-c2nc3cc4nc(*)c(-c5ccccc5)nc4cc3nc2-c2ccccc2)cc1,tg,395.0,388.547750313298
*c1ccc(-c2nc3ccc(-c4ccc5nc(*)c(-c6ccccc6)c(-c6ccccc6)c5c4)cc3c(-c3ccccc3)c2-c2ccccc2)cc1,tg,376.25,379.55550442535565
*c1ccc(-c2nc3ccc(Oc4ccc5nc(*)c(-c6ccccc6)c(-c6ccccc6)c5c4)cc3c(-c3ccccc3)c2-c2ccccc2)cc1,tg,345.0,296.26790696850315
*c1ccc(-c2nc3ccc(Oc4ccc5nc(*)c(-c6ccccc6)nc5c4)cc3nc2-c2ccccc2)cc1,tg,304.0,324.6582540750327
*c1ccc(-c2nc3ccc(S(=O)(=O)c4ccc5nc(*)c(-c6ccccc6)nc5c4)cc3nc2-c2ccccc2)cc1,tg,345.0,285.3072067591674
*c1ccc(-c2nnc(*)o2)c(OCC)c1,tg,231.0,172.20144560018127
*c1ccc(-c2nnc(*)o2)c(OCCCCC)c1,tg,205.0,175.64261558683447
*c1ccc(-c2nnc(*)o2)c(OCCCCCCCC)c1,tg,173.0,137.44469064199055
*c1ccc(-c2nnc(-c3cccc(-c4nnc(*)n4-c4ccccc4)c3)n2-c2ccccc2)cc1,tg,265.0,251.68270367044778
*c1ccc(-c2nnc(-c3cccc(-c4nnc(*)o4)c3)o2)cc1,tg,277.0,260.28584090616243
*c1ccc(-c2sc(-c3cc(CCCC)c(*)s3)cc2CCCC)cc1,tg,122.3,99.97401058306275
*c1ccc(-c2sc(-c3cc(SCCCCCCCCCCCC)c(*)s3)cc2SCCCCCCCCCCCC)cc1,tg,60.35,39.12579168372261
*c1ccc(-c2sc(-c3ccc(-c4cc(CCCCCCCCCCCC)c(*)s4)cc3)cc2CCCCCCCCCCCC)cc1,tg,-19.2,43.646337878773615
*c1ccc(-c2sc(-c3ccc(-c4cc(SCCCC)c(*)s4)cc3)cc2SCCCC)cc1,tg,26.4,81.1602809128039
*c1ccc(/C=C(\C#N)C(=O)NC2CCCCC2NC(=O)/C(C#N)=C/c2ccc(N(c3ccccc3)c3ccc(N(*)c4ccccc4)cc3)cc2)cc1,tg,239.0,225.79390540350596
*c1ccc(C#Cc2cc(OCCCCCCCC)c(C#Cc3ccc(-c4nnc(*)o4)cc3)cc2OCCCCCCCC)cc1,tg,130.0,102.02360053179623
*c1ccc(C(*)C)cc1,tg,79.43,130.23736744893137
*c1ccc(C(=O)NCCCCCCCCCCNC(=O)c2ccc(-c3nc4ccccc4nc3*)cc2)cc1,tg,166.0,159.52429409843583
*c1ccc(C(=O)NCCCCCCCCNC(=O)c2ccc(-c3nc4ccccc4nc3*)cc2)cc1,tg,185.0,170.39856557713966
*c1ccc(C(=O)NNC(=O)c2ccc(C(=O)NNC(=O)c3ccc(C4(*)OC(=O)c5ccccc54)cc3)cc2)cc1,tg,237.0,273.5638757133528
*c1ccc(C(=O)Nc2ccc(-c3cc(Br)ccc3NC(=O)c3ccc(S(*)(=O)=O)cc3)cc2)cc1,tg,288.0,277.92661064407196
*c1ccc(C(=O)Nc2ccc(-c3nnc(*)o3)cc2)c(Oc2ccccc2)c1,tg,235.0,211.52979861731154
*c1ccc(C(=O)Nc2cccc(Oc3ccc(S(=O)(=O)c4ccc(Oc5cccc(NC(=O)c6ccc(N7C(=O)c8ccc(-c9ccc%10c(c9)C(=O)N(*)C%10=O)cc8C7=O)cc6)c5)cc4)cc3)c2)cc1,tg,262.0,233.6316057732685
*c1ccc(C(=O)Nc2cccc(Oc3ccc(S(=O)(=O)c4ccc(Oc5cccc(NC(=O)c6ccc(N7C(=O)c8ccc(-c9cccc%10c9C(=O)N(*)C%10=O)cc8C7=O)cc6)c5)cc4)cc3)c2)cc1,tg,241.0,261.01447647596814
*c1ccc(C(=O)Nc2cccc(S(=O)(=O)c3cccc(NC(=O)c4ccc(N5C(=O)c6ccc(-c7ccc8c(c7)C(=O)N(*)C8=O)cc6C5=O)cc4)c3)c2)cc1,tg,256.0,269.1780460512617
*c1ccc(C(=O)OCCCCCCCCCCOc2ccc(C=CC(=O)C=Cc3ccc(OCCCCCCCCCCOC(=O)c4ccc(-c5nnc(*)o5)cc4)cc3)cc2)cc1,tg,58.0,67.655590529705
*c1ccc(C(=O)OCCCCCCCCCOC(=O)c2ccc(-c3nnc(*)s3)cc2)cc1,tg,72.0,59.90577774403716
*c1ccc(C(=O)OCCCCCCCCOc2ccc(C=C3CCC(=Cc4ccc(OCCCCCCCCOC(=O)c5ccc(-c6nnc(*)o6)cc5)cc4)C3=O)cc2)cc1,tg,99.0,82.17784430918358
*c1ccc(C(=O)OCCCCCCCCOc2ccc(C=C3CCCCC(=Cc4ccc(OCCCCCCCCOC(=O)c5ccc(-c6nnc(*)o6)cc5)cc4)C3=O)cc2)cc1,tg,98.0,87.45303836756554
*c1ccc(C(=O)OCCCCCCCCOc2ccc(C=CC(=O)C=Cc3ccc(OCCCCCCCCOC(=O)c4ccc(-c5nnc(*)o5)cc4)cc3)cc2)cc1,tg,59.0,67.68841118156212
*c1ccc(C(=O)OCCCCCCOc2ccc(C=C3CCCC(=Cc4ccc(OCCCCCCOC(=O)c5ccc(-c6nnc(*)o6)cc5)cc4)C3=O)cc2)cc1,tg,71.0,98.63859345725007
*c1ccc(C(=O)OCCCCCCOc2ccc(C=C3CCCCC(=Cc4ccc(OCCCCCCOC(=O)c5ccc(-c6nnc(*)o6)cc5)cc4)C3=O)cc2)cc1,tg,104.0,77.56059885526703
*c1ccc(C(=O)Oc2c(C)cc(C(c3cccnc3)c3cc(C)c(OC(=O)c4ccc(N5C(=O)CC(Nc6ccc(Cc7ccc(NC8CC(=O)N(*)C8=O)cc7)cc6)C5=O)cc4)c(C)c3)cc2C)cc1,tg,186.0,216.85802657459462
*c1ccc(C(=O)Oc2c(C)cc(C(c3cccnc3)c3cc(C)c(OC(=O)c4ccc(N5C(=O)CC(Nc6ccc(NC7CC(=O)N(*)C7=O)cc6)C5=O)cc4)c(C)c3)cc2C)cc1,tg,212.0,204.63693017935358
*c1ccc(C(=O)Oc2ccc(C(C)(C)c3ccc(OC(=O)c4ccc(N5C(=O)CC(SCCOCCSC6CC(=O)N(*)C6=O)C5=O)cc4)cc3)cc2)cc1,tg,143.0,145.0108325980192
*c1ccc(C(=O)Oc2ccc(OC(=O)c3ccc(N4C(=O)CC(SCCOCCSC5CC(=O)N(*)C5=O)C4=O)cc3)cc2)cc1,tg,166.0,148.39868995337875
*c1ccc(C(=O)Oc2ccc3ccc(OC(=O)c4ccc(N5C(=O)CC(SCCOCCSC6CC(=O)N(*)C6=O)C5=O)cc4)cc3c2)cc1,tg,160.0,177.6510038544838
*c1ccc(C(=O)c2ccc(C(=O)c3ccc(S(*)(=O)=O)cc3)cc2)cc1,tg,213.5,165.30549914171834
*c1ccc(C(C#N)(C(=O)OCC(C)C)C(*)(C#N)C(=O)OCC(C)C)cc1,tg,108.0,118.84718912691162
*c1ccc(C(C#N)(C(=O)OCC)C(*)(C#N)C(=O)OCC)cc1,tg,108.0,124.05028190894723
*c1ccc(C(C)(C)c2ccc(C(C)(C)c3ccc(N4C(=O)c5ccc(Oc6ccc7ccc(Oc8ccc9c(c8)C(=O)N(*)C9=O)cc7c6)cc5C4=O)cc3)cc2)cc1,tg,246.0,235.99415525253283
*c1ccc(C(C)(C)c2ccc(C(C)(C)c3ccc(N4C(=O)c5ccc(Oc6cccc7c(Oc8ccc9c(c8)C(=O)N(*)C9=O)cccc67)cc5C4=O)cc3)cc2)cc1,tg,253.0,234.6199480873902
*c1ccc(C(C)(C)c2ccc(N3C(=O)c4ccc(Oc5ccc(Oc6ccc7c(c6)C(=O)N(*)C7=O)cc5)cc4C3=O)cc2)cc1,tg,264.0,243.19833374469408
*c1ccc(C(C)(C)c2ccc(N3C(=O)c4ccc(Oc5ccc6c(c5)C(=O)N(*)C6=O)cc4C3=O)cc2)cc1,tg,265.0,271.37731969436567
*c1ccc(C(C)(C)c2ccc(N3C(=O)c4ccc(Oc5cccc6c(Oc7ccc8c(c7)C(=O)N(*)C8=O)cccc56)cc4C3=O)cc2)cc1,tg,265.0,255.44780053786013
*c1ccc(C(F)(F)C(*)(F)F)cc1,tg,76.95,88.09705808163949
*c1ccc(C(c2ccc(-c3cc(-c4ccccc4)c4cc(Oc5ccc6nc(*)cc(-c7ccccc7)c6c5)ccc4n3)cc2)(C(F)(F)F)C(F)(F)F)cc1,tg,260.0,302.27275828653376
*c1ccc(C(c2ccc(-c3nc4ccc(-c5ccc6nc(*)[nH]c6c5)cc4[nH]3)cc2)(C(F)(F)F)C(F)(F)F)cc1,tg,269.0,321.5422520400146
*c1ccc(C(c2ccc(-c3nc4ccc(-c5ccc6nc(*)oc6c5)cc4o3)cc2)(C(F)(F)F)C(F)(F)F)cc1,tg,345.0,305.8631097134287
*c1ccc(C(c2ccc(C#N)cc2)c2ccc(N(*)c3ccc(C)cc3)cc2)cc1,tg,230.0,213.4405756762728
*c1ccc(C(c2ccc(C(=O)OC)cc2)c2ccc(N(*)c3ccc(C)cc3)cc2)cc1,tg,222.0,198.09007020058277
*c1ccc(C(c2ccc(N(*)c3ccc(C)cc3)cc2)c2ccc([N+](=O)[O-])cc2)cc1,tg,215.0,213.9353744871673
*c1ccc(C(c2ccc(N3C(=O)c4cc(-c5ccc(C(C)(C)C)cc5)c(-c5cc6c(cc5-c5ccc(C(C)(C)C)cc5)C(=O)N(*)C6=O)cc4C3=O)cc2)(C(F)(F)F)C(F)(F)F)cc1,tg,381.0,355.7809966962823
*c1ccc(C(c2ccc(N3C(=O)c4cc5c(cc4C3=O)C(C(F)(F)F)(C(F)(F)F)c3cc4c(cc3O5)C(=O)N(*)C4=O)cc2)(C(F)(F)F)C(F)(F)F)cc1,tg,430.0,309.56019545999595
*c1ccc(C(c2ccc(N3C(=O)c4ccc(-c5ccc6c(c5)C(=O)N(*)C6=O)cc4C3=O)cc2)(C(F)(F)F)C(F)(F)F)cc1,tg,333.67,330.73217371082507
*c1ccc(C(c2ccc(N3C(=O)c4ccc(Oc5ccc6c(c5)C(=O)N(*)C6=O)cc4C3=O)cc2)(C(F)(F)F)C(F)(F)F)cc1,tg,305.0,280.208592842305
*c1ccc(C(c2ccc(N3C(=O)c4ccc(Oc5ccc6cc(Oc7ccc8c(c7)C(=O)N(*)C8=O)ccc6c5)cc4C3=O)cc2)(C(F)(F)F)C(F)(F)F)cc1,tg,218.0,257.77243770136283
*c1ccc(C(c2ccc(N3C(=O)c4ccc(Oc5ccc6ccc(Oc7ccc8c(c7)C(=O)N(*)C8=O)cc6c5)cc4C3=O)cc2)(C(F)(F)F)C(F)(F)F)cc1,tg,256.0,228.5819375963481
*c1ccc(C(c2ccc(OCCCC)cc2)c2ccc(N(*)c3ccc(C)cc3)cc2)cc1,tg,170.0,143.45998463634592
*c1ccc(C(c2ccccc2)(c2ccc(-c3nc4ccc(-c5ccc6nc(*)oc6c5)cc4o3)cc2)C(F)(F)F)cc1,tg,350.0,323.05597520773955
*c1ccc(C(c2ccccc2)c2ccc(N(*)c3ccc(C)cc3)cc2)cc1,tg,199.0,201.01978606635691
*c1ccc(C(c2ccccc2)c2ccc(N(c3ccc(C)cc3)c3ccc(-c4ccc(N(*)c5ccc(C)cc5)cc4)cc3)cc2)cc1,tg,239.0,234.74767301892285
*c1ccc(C(c2ccccc2)c2ccc(N3C(=O)c4ccc(Oc5ccc6c(c5)C(=O)N(*)C6=O)cc4C3=O)cc2)cc1,tg,269.0,281.017971355625
*c1ccc(C(c2ccccc2)c2ccc(N3C(=O)c4ccc(S(=O)(=O)c5ccc6c(c5)C(=O)N(*)C6=O)cc4C3=O)cc2)cc1,tg,305.0,313.49672699358484
*c1ccc(C)c(N2C(=O)c3ccc(-c4ccc5c(c4)C(=O)N(*)C5=O)cc3C2=O)c1,tg,341.33,361.2660993280392
*c1ccc(C2(c3ccc(-c4cc(-c5ccccc5)c5cc(-c6ccc7nc(*)cc(-c8ccccc8)c7c6)ccc5n4)cc3)c3ccccc3C(=O)c3ccccc32)cc1,tg,417.0,352.29675891456645
*c1ccc(C2(c3ccc(-c4cc(-c5ccccc5)c5cc(C6(c7ccc8nc(*)cc(-c9ccccc9)c8c7)c7ccccc7-c7ccccc76)ccc5n4)cc3)c3ccccc3C(=O)c3ccccc32)cc1,tg,385.0,402.41077458624164
*c1ccc(C2(c3ccc(-c4cc(-c5ccccc5)c5cc(C6(c7ccc8nc(*)cc(-c9ccccc9)c8c7)c7ccccc7C(=O)c7ccccc76)ccc5n4)cc3)c3ccccc3-c3ccccc32)cc1,tg,405.0,385.39469879590075
*c1ccc(C2(c3ccc(N4C(=O)C(c5ccccc5)=C(c5ccc(C6=C(c7ccccc7)C(=O)N(*)C6=O)cc5)C4=O)cc3)c3ccccc3-c3ccccc32)cc1,tg,325.67,320.1358854655035
*c1ccc(C=C(C#N)c2cc(OCCCCCCCC)c(C(C#N)=Cc3ccc(N(*)c4ccccc4)cc3)cc2OCCCCCCCC)cc1,tg,78.0,116.42923496899095
*c1ccc(C=C(c2ccc(OC)cc2)c2ccc(C(=Cc3ccc(N(*)c4ccccc4)cc3)c3ccc(OC)cc3)cc2)cc1,tg,197.0,193.0994517867275
*c1ccc(C=Cc2cc(OCC(CC)CCCC)c(C=Cc3ccc(N(*)c4ccccc4)cc3)cc2OC)cc1,tg,147.0,112.52915811341978
*c1ccc(C=Nc2ccc(C(c3ccccc3)c3ccc(N=Cc4ccc(-c5ccc(*)s5)cc4)cc3)cc2)cc1,tg,129.0,194.46130728289205
*c1ccc(C=Nc2cccc(N=Cc3ccc(-c4ccc(*)s4)cc3)c2)cc1,tg,150.0,168.47734836063916
*c1ccc(CC(=O)Nc2ccc(-c3ccc(NC(=O)Cc4ccc(-c5sc(*)c(-c6ccccc6)c5-c5ccccc5)cc4)cc3)cc2)cc1,tg,272.0,236.90250422248
*c1ccc(CC(=O)Nc2ccc(Cc3ccc(NC(=O)Cc4ccc(-c5sc(*)c(-c6ccccc6)c5-c5ccccc5)cc4)cc3)cc2)cc1,tg,227.0,232.4547897507992
*c1ccc(CC(=O)Nc2ccc(NC(=O)Cc3ccc(-c4sc(*)c(-c5ccccc5)c4-c4ccccc4)cc3)cc2)cc1,tg,251.0,239.56415531756426
*c1ccc(CC(=O)Nc2ccc(S(=O)(=O)c3ccc(NC(=O)Cc4ccc(-c5sc(*)c(-c6ccccc6)c5-c5ccccc5)cc4)cc3)cc2)cc1,tg,252.0,260.31282032362793
*c1ccc(CC(=O)Nc2cccc(NC(=O)Cc3ccc(-c4sc(*)c(-c5ccccc5)c4-c4ccccc4)cc3)c2)cc1,tg,228.0,231.0128976532354
*c1ccc(CCc2ccc(N3C(=O)C(=O)N(*)C3=O)cc2)cc1,tg,197.0,219.255932020043
*c1ccc(CCc2ccc(N3C(=O)C(=O)N(c4ccc(CCc5ccccc5N5C(=O)C(=O)N(*)C5=O)cc4)C3=O)cc2)cc1,tg,220.0,205.42927039545444
*c1ccc(Cc2ccc(N3C(=O)C(C)C(SCCOCCSC4C(=O)N(c5ccc(Cc6ccc(N7C(=O)CC(C)(SCCOCCSC8(C)CC(=O)N(*)C8=O)C7=O)cc6)cc5)C(=O)C4C)C3=O)cc2)cc1,tg,105.0,154.6170778639693
*c1ccc(Cc2ccc(N3C(=O)C(Cl)=C(Oc4ccc(C(C)(C)c5ccc(OC6=C(Cl)C(=O)N(*)C6=O)cc5)cc4)C3=O)cc2)cc1,tg,172.0,191.3548772605974
*c1ccc(Cc2ccc(N3C(=O)C4CCC(C5CCC6C(=O)N(*)C(=O)C6C5)CC4C3=O)cc2)cc1,tg,260.0,270.04098420875783
*c1ccc(Cc2ccc(N3C(=O)C4CCC5C(=O)N(*)C(=O)C5C4C3=O)c(C)c2)cc1C,tg,340.0,310.1632956143757
*c1ccc(Cc2ccc(N3C(=O)CC(Nc4ccc(Cc5ccc(NC6CC(=O)N(*)C6=O)cc5)cc4)C3=O)cc2)cc1,tg,239.0,242.98197787839152
*c1ccc(Cc2ccc(N3C(=O)CC(Nc4ccc(N(c5ccc(NC6CC(=O)N(*)C6=O)cc5)c5ccc([N+](=O)[O-])cc5)cc4)C3=O)cc2)cc1,tg,276.0,262.4554228844022
*c1ccc(Cc2ccc(N3C(=O)CC(Nc4ccc(N(c5ccc(Nc6ccc([N+](=O)[O-])cc6)cc5)c5ccc(NC6CC(=O)N(*)C6=O)cc5)cc4)C3=O)cc2)cc1,tg,324.0,245.9415573224946
*c1ccc(Cc2ccc(N3C(=O)c4c(c(-c5ccccc5)c(-c5ccc(Oc6ccc(-c7c(-c8ccccc8)c8c(c(-c9ccccc9)c7-c7ccccc7)C(=O)N(*)C8=O)cc6)cc5)c(-c5ccccc5)c4-c4ccccc4)C3=O)cc2)cc1,tg,356.0,387.6342616813417
*c1ccc(Cc2ccc(N3C(=O)c4cc(-c5ccc(C(C)(C)C)cc5)c(-c5cc6c(cc5-c5ccc(C(C)(C)C)cc5)C(=O)N(*)C6=O)cc4C3=O)cc2)cc1,tg,360.0,353.3536573870118
*c1ccc(Cc2ccc(N3C(=O)c4cc(-c5ccc([Si](C)(C)C)cc5)c(-c5cc6c(cc5-c5ccc([Si](C)(C)C)cc5)C(=O)N(*)C6=O)cc4C3=O)cc2)cc1,tg,348.0,306.7726793881072
*c1ccc(Cc2ccc(N3C(=O)c4ccc(-c5ccc(-c6ccc(-c7ccc(-c8ccc(-c9ccc%10c(c9)C(=O)N(*)C%10=O)cc8)cc7)cc6)cc5)cc4C3=O)cc2)cc1,tg,244.0,267.7284900514763
*c1ccc(Cc2ccc(N3C(=O)c4ccc(-c5ccc6c(c5)C(=O)N(*)C6=O)cc4C3=O)c(C(C)(C)C)c2)cc1C(C)(C)C,tg,324.0,308.6295944119968
*c1ccc(Cc2ccc(N3C(=O)c4ccc(-c5ccc6c(c5)C(=O)N(*)C6=O)cc4C3=O)cc2)cc1,tg,298.0,300.3859716735269
*c1ccc(Cc2ccc(N3C(=O)c4ccc(Oc5ccc(C6(c7ccc(Oc8ccc9c(c8)C(=O)N(*)C9=O)cc7)CCC(c7ccccc7)CC6)cc5)cc4C3=O)cc2)cc1,tg,232.0,238.10355259239364
*c1ccc(Cc2ccc(N3C(=O)c4ccc(Oc5ccc(C6(c7ccc(Oc8ccc9c(c8)C(=O)N(*)C9=O)cc7)CCCCCCCCCCC6)cc5)cc4C3=O)cc2)cc1,tg,240.0,242.59298460304066
*c1ccc(Cc2ccc(N3C(=O)c4ccc(Oc5ccc(Oc6ccc7c(c6)C(=O)N(*)C7=O)cc5)cc4C3=O)c(C)c2)cc1C,tg,268.0,254.0911867923682
*c1ccc(Cc2ccc(N3C(=O)c4ccc(Oc5ccc(Oc6ccc7c(c6)C(=O)N(*)C7=O)cc5)cc4C3=O)c(C)c2C)c(C)c1C,tg,277.0,278.74736482814166
*c1ccc(Cc2ccc(N3C(=O)c4ccc(Oc5ccc(Oc6ccc7c(c6)C(=O)N(*)C7=O)cc5)cc4C3=O)c(OC)c2)cc1OC,tg,269.0,220.2554213610991
*c1ccc(Cc2ccc(N3C(=O)c4ccc(Oc5ccc(Oc6ccc7c(c6)C(=O)N(*)C7=O)cc5)cc4C3=O)cc2)cc1,tg,257.33,250.04214160356952
*c1ccc(Cc2ccc(N3C(=O)c4ccc(Oc5ccc6c(c5)C(=O)N(*)C6=O)cc4C3=O)cc2)cc1,tg,265.33,274.92936233423404
*c1ccc(Cc2ccc(N3C(=O)c4ccc(Sc5ccc6c(c5)C(=O)N(*)C6=O)cc4C3=O)c(C(C)(C)C)c2)cc1C(C)(C)C,tg,300.5,301.45116905873704
*c1ccc(Cc2ccc(N3C(=O)c4ccc([Si](C)(C)c5ccc6c(c5)C(=O)N(*)C6=O)cc4C3=O)cc2)cc1,tg,280.0,285.9200461144698
*c1ccc(Cc2ccc(NC(=O)c3ccc(Oc4ccc5c(c4)C(=O)N(*)C5=O)cc3)cc2)cc1,tg,250.0,238.45792332325138
*c1ccc(N(c2ccc(C#N)cc2)c2ccc(N3C(=O)c4ccc(Oc5ccc(C(C)(C)c6ccc(C(C)(C)c7ccc(Oc8ccc9c(c8)C(=O)N(*)C9=O)cc7)cc6)cc5)cc4C3=O)cc2)cc1,tg,224.0,233.8408347332692
*c1ccc(N(c2ccc(C#N)cc2)c2ccc(N3C(=O)c4ccc(Oc5ccc(C(C)(C)c6ccc(Oc7ccc8c(c7)C(=O)N(*)C8=O)cc6)cc5)cc4C3=O)cc2)cc1,tg,230.0,236.99268952042442
*c1ccc(N(c2ccc(C#N)cc2)c2ccc(N3C(=O)c4ccc(Oc5ccc(C6(c7ccc(Oc8ccc9c(c8)C(=O)N(*)C9=O)cc7)CCCCC6)cc5)cc4C3=O)cc2)cc1,tg,243.0,255.01661649976103
*c1ccc(N(c2ccc(C#N)cc2)c2ccc(N3C(=O)c4ccc(Oc5ccc(C6(c7ccc(Oc8ccc9c(c8)C(=O)N(*)C9=O)cc7)c7ccccc7-c7ccccc76)cc5)cc4C3=O)cc2)cc1,tg,279.0,275.369851082807
*c1ccc(N(c2ccc(C#N)cc2)c2ccc(N3C(=O)c4ccc(Oc5ccc6c(c5)C(=O)N(*)C6=O)cc4C3=O)cc2)cc1,tg,304.0,289.9458240314258
*c1ccc(N(c2ccc(C#N)cc2)c2ccc(N3C(=O)c4ccc(S(=O)(=O)c5ccc6c(c5)C(=O)N(*)C6=O)cc4C3=O)cc2)cc1,tg,325.0,322.357746528657
*c1ccc(N(c2ccc(OC)cc2)c2ccc(N3C(=O)c4ccc(S(=O)(=O)c5ccc6c(c5)C(=O)N(*)C6=O)cc4C3=O)cc2)cc1,tg,304.0,292.2513781158151
*c1ccc(N(c2ccccc2)c2ccc(N3C(=O)c4ccc(S(=O)(=O)c5ccc6c(c5)C(=O)N(*)C6=O)cc4C3=O)cc2)cc1,tg,306.0,305.3295050195228
*c1ccc(N2C(=O)CC(C3C=C(C)C4C(=O)N(*)C(=O)C4C3)C2=O)cc1,tg,327.0,268.9427927182682
*c1ccc(N2C(=O)c3ccc(-c4ccc5c(c4)C(=O)N(*)C5=O)cc3C2=O)cc1,tg,372.08,351.63051693008407
*c1ccc(N2C(=O)c3ccc(-c4ccc5c(c4)C(=O)N(c4ccc6[nH]c(*)nc6c4)C5=O)cc3C2=O)cc1,tg,425.0,318.7670222617465
*c1ccc(N2C(=O)c3ccc(-c4cccc5c4C(=O)N(*)C5=O)cc3C2=O)cc1,tg,407.6,367.04416730481364
*c1ccc(N2C(=O)c3ccc(C(=O)c4ccc5c(c4)C(=O)N(c4ccc(-c6nc7cc(S(=O)(=O)c8ccc9nc(-c%10ccccc%10)c(*)nc9c8)ccc7nc6-c6ccccc6)cc4)C5=O)cc3C2=O)cc1,tg,240.0,291.51416822937904
*c1ccc(N2C(=O)c3ccc(C(c4ccc5c(c4)C(=O)N(c4ccc(N6C(=O)c7ccc(-c8ccc9c(c8)C(=O)N(*)C9=O)cc7C6=O)cc4)C5=O)(C(F)(F)F)C(F)(F)F)cc3C2=O)cc1,tg,342.0,310.4820611171229
*c1ccc(N2C(=O)c3ccc(Oc4ccc5c(c4)C(=O)N(*)C5=O)cc3C2=O)cc1,tg,363.0,315.21991858423826
*c1ccc(N2C(=O)c3ccc(P(=O)(c4ccccc4)c4ccc5c(c4)C(=O)N(*)C5=O)cc3C2=O)cc1,tg,366.0,330.6856853797406
*c1ccc(NC(=O)CCCCC(=O)Nc2ccc(S(*)(=O)=O)cc2)cc1,tg,194.0,153.64747858963776
*c1ccc(NC(=O)CCCCCC(=O)Nc2ccc(S(*)(=O)=O)cc2)cc1,tg,163.0,156.79640469002382
*c1ccc(NC(=O)CCCCCCCCC(=O)Nc2ccc(S(*)(=O)=O)cc2)cc1,tg,97.0,168.38303268442868
*c1ccc(NC(=O)CCCCCCCCCCC(=O)Nc2ccc(S(*)(=O)=O)cc2)cc1,tg,160.0,110.73421419817203
*c1ccc(NC(=O)Nc2ccc(NC(=O)Nc3ccc(-c4nc(-c5ccc(-c6nc(-c7ccc([N+](=O)[O-])cc7)c(-c7ccc([N+](=O)[O-])cc7)[nH]6)cc5)[nH]c4*)cc3)cc2)cc1,tg,272.0,270.87982146685454
*c1ccc(NC(=O)Nc2ccc(NC(=O)Nc3ccc(-c4nc(-c5ccc([N+](=O)[O-])cc5)[nH]c4*)cc3)cc2)cc1,tg,292.0,281.471490630581
*c1ccc(NC(=O)c2cc(C(=O)Nc3ccc(-c4nnc(*)o4)cc3)cc(N3C(=O)c4ccccc4C3=O)c2)cc1,tg,327.0,307.22862260363917
*c1ccc(NC(=O)c2cc(NC(=O)c3ccc(NC(=O)C(C)N4C(=O)c5ccccc5C4=O)cc3)cc(C(=O)Nc3ccc(S(*)(=O)=O)cc3)c2)cc1,tg,208.0,238.62823598178562
*c1ccc(NC(=O)c2cc(NC(=O)c3ccc(OC(C)=O)cc3)cc(C(=O)Nc3ccc(-c4nnc(*)o4)cc3)c2)cc1,tg,280.0,289.41537782922074
*c1ccc(NC(=O)c2ccc(C(=O)Nc3ccc(-c4nnc(*)o4)cc3)c(Oc3ccccc3)c2)cc1,tg,272.0,252.70770811180665
*c1ccc(NC(=O)c2ccc(NC(=O)c3ccc([Si](C)(C)c4ccc(C(=O)Nc5ccc(C(=O)Nc6ccc(-c7sc(*)c(-c8ccccc8)c7-c7ccccc7)cc6)cc5)cc4)cc3)cc2)cc1,tg,337.0,262.85020619302554
*c1ccc(NC(=O)c2ccc(NC(=O)c3ccc([Si](C)(C)c4ccc(C(=O)Nc5ccc(C(=O)Nc6ccc(S(*)(=O)=O)cc6)cc5)cc4)cc3)cc2)cc1,tg,315.0,269.53087316926593
*c1ccc(NC(=O)c2ccc(OCCOCCOCCOCCOCCOc3ccc(C(=O)Nc4ccc5[nH]c(*)nc5c4)cc3)cc2)cc1,tg,125.0,132.86495258867575
*c1ccc(NC(=O)c2ccc(OCCOCCOCCOCCOc3ccc(C(=O)Nc4ccc5[nH]c(*)nc5c4)cc3)cc2)cc1,tg,140.0,150.11032109186897
*c1ccc(NC(=O)c2ccc(OCCOCCOCCOc3ccc(C(=O)Nc4ccc5[nH]c(*)nc5c4)cc3)cc2)cc1,tg,155.0,172.25377912289247
*c1ccc(NC(=O)c2ccc(OCCOCCOc3ccc(C(=O)Nc4ccc5[nH]c(*)nc5c4)cc3)cc2)cc1,tg,175.0,186.0080081481543
*c1ccc(NC(=O)c2ccc(OCCOc3ccc(C(=O)Nc4ccc5[nH]c(*)nc5c4)cc3)cc2)cc1,tg,225.0,224.636317635593
*c1ccc(NC(=O)c2cccc(C(=O)Nc3ccc(S(*)(=O)=O)cc3)c2)cc1,tg,78.0,264.3436250381456
*c1ccc(NC2CC(=O)N(c3ccc(-c4sc(-c5ccc(N6C(=O)CC(Nc7ccc(-c8nc(-c9ccc(-c%10nc(-c%11ccc([N+](=O)[O-])cc%11)c(-c%11ccc([N+](=O)[O-])cc%11)[nH]%10)cc9)[nH]c8*)cc7)C6=O)cc5)c(-c5ccccc5)c4-c4ccccc4)cc3)C2=O)cc1,tg,152.0,280.38997139132215
*c1ccc(NC2CC(=O)N(c3ccc(-c4sc(-c5ccc(N6C(=O)CC(Nc7ccc(-c8nc(C#N)c(C#N)nc8*)cc7)C6=O)cc5)c(-c5ccccc5)c4-c4ccccc4)cc3)C2=O)cc1,tg,231.0,238.23023145988395
*c1ccc(NC2CC(=O)N(c3ccc(Cc4ccc(N5C(=O)CC(Nc6ccc(-c7nc(-c8ccc(C=Cc9ccc([N+](=O)[O-])cc9)cc8)[nH]c7*)cc6)C5=O)cc4)cc3)C2=O)cc1,tg,250.0,248.06263235819566
*c1ccc(NC2CC(=O)N(c3ccc(Cc4ccc(N5C(=O)CC(Nc6ccc(-c7nc(-c8ccc(N=Nc9ccc([N+](=O)[O-])cc9)cc8)[nH]c7*)cc6)C5=O)cc4)cc3)C2=O)cc1,tg,258.0,244.30160435640772
*c1ccc(NC=Nc2ccc(S(*)(=O)=O)cc2)cc1,tg,163.0,153.81348135903127
*c1ccc(Nc2c(F)c(F)c(-c3c(F)c(F)c(Nc4ccc(S(*)(=O)=O)cc4)c(F)c3F)c(F)c2F)cc1,tg,332.0,252.1651848328516
*c1ccc(Nc2ccc(C(c3ccc(Nc4ccc(S(*)(=O)=O)cc4)cc3)(C(F)(F)F)C(F)(F)F)cc2)cc1,tg,145.0,192.19539312670463
*c1ccc(Nc2ccc(C3(c4ccc(Nc5ccc(S(*)(=O)=O)cc5)c(C)c4)c4ccccc4-c4ccccc43)cc2C)cc1,tg,269.0,204.71724984546333
*c1ccc(Nc2ccc(C3(c4ccc(Nc5ccc(S(*)(=O)=O)cc5)c(F)c4)c4ccccc4-c4ccccc43)cc2F)cc1,tg,145.0,257.6902921276437
*c1ccc(Nc2ccc(C3(c4ccc(Nc5ccc(S(*)(=O)=O)cc5)cc4)c4ccccc4-c4ccccc43)cc2)cc1,tg,221.0,229.17721027762664
*c1ccc(Nc2cccc(Nc3ccc(S(*)(=O)=O)cc3)c2)cc1,tg,145.0,187.85170687999957
*c1ccc(O)c(N2C(=O)c3ccc(Oc4ccc(C(C)(C)c5ccc(Oc6ccc7c(c6)C(=O)N(*)C7=O)cc5)cc4)cc3C2=O)c1,tg,246.0,255.99951562017398
*c1ccc(OC(=O)Nc2ccc(-c3ccc(NC(=O)Oc4ccc(-c5nc(-c6ccc(-c7nc(-c8ccc([N+](=O)[O-])cc8)c(-c8ccc([N+](=O)[O-])cc8)[nH]7)cc6)[nH]c5*)cc4)cc3OC)c(OC)c2)cc1,tg,223.0,246.4755074822519
*c1ccc(OC(=O)Oc2ccc(C3(*)OC(=O)c4ccccc43)cc2)cc1,tg,252.5,214.91292879420067
*c1ccc(OC(=O)c2cc(Cl)cc(C(=O)Oc3ccc(C4(*)OC(=O)c5ccccc54)cc3)c2)cc1,tg,313.0,271.2960553520948
*c1ccc(OC(=O)c2ccc(C(=O)Oc3ccc(C4(*)NC(=O)c5ccccc54)cc3)cc2)cc1,tg,327.0,312.49819752933075
*c1ccc(OC(=O)c2ccc(C(=O)Oc3ccc(C4(*)OC(=O)c5ccccc54)cc3)cc2)cc1,tg,279.0,316.55617304760716
*c1ccc(OC(=O)c2ccc(C(=O)Oc3ccc(C4(*)OCc5ccccc54)cc3)cc2)cc1,tg,312.0,247.56312458826443
*c1ccc(OC(=O)c2ccc(C(=O)Oc3ccc(C4(*)c5ccccc5Oc5ccccc54)cc3)cc2)cc1,tg,252.0,274.27504540109277
*c1ccc(OC(=O)c2ccc([Si](C)(C)c3ccc(C(=O)Oc4ccc(C5(*)c6ccccc6C(=O)N5c5ccccc5)cc4)cc3)cc2)cc1,tg,255.0,242.2093401461349
*c1ccc(OC(=O)c2ccc([Si](c3ccccc3)(c3ccccc3)c3ccc(C(=O)Oc4ccc(C5(*)OC(=O)c6ccccc65)cc4)cc3)cc2)cc1,tg,250.0,214.7110295782379
*c1ccc(OC(=O)c2cccc(C(=O)Oc3ccc(-c4nc5ccccc5nc4*)cc3)c2)cc1,tg,245.0,239.76662447372553
*c1ccc(OC(=O)c2cccc(C(=O)Oc3ccc(C4(*)NC(=O)c5ccccc54)cc3)c2)cc1,tg,325.0,303.5041479350212
*c1ccc(OC(=O)c2cccc(C(=O)Oc3ccc(C4(*)OC(=O)c5ccccc54)cc3C)c2)c(C)c1,tg,273.0,274.9948989812793
*c1ccc(OCCCCCCCCCCCCCCCC)c(N2C(=O)CC(C3C=C(C)C4C(=O)N(*)C(=O)C4C3)C2=O)c1,tg,186.0,114.88119117207017
*c1ccc(OCCCCCCCCCCCOC(=O)CCCCCCCCC(=O)OCCCCCCCCCCCOc2ccc(-c3nnc(*)s3)cc2)cc1,tg,52.0,35.333649453814374
*c1ccc(OCCCCCCCCCCCOC(=O)c2ccc(C(=O)OCCCCCCCCCCCOc3ccc(-c4nnc(*)s4)cc3)cc2)cc1,tg,49.5,55.49215417816436
*c1ccc(OCCCCCCCCCCCOC(=O)c2ccc(C(=O)OCCCCCCCCCCCOc3cccc(-c4nnc(*)s4)c3)cc2)cc1,tg,49.5,55.48575590825624
*c1ccc(OCCCCCCCCCCCOC(=O)c2cccc(C(=O)OCCCCCCCCCCCOc3ccc(-c4nnc(*)s4)cc3)c2)cc1,tg,53.5,56.78252098394475
*c1ccc(OCCCCCCCCCCCOc2ccc(-c3ccc4nc(-c5cccc(-c6cc(-c7ccccc7)c7cc(*)ccc7n6)c5)cc(-c5ccccc5)c4c3)cc2)cc1,tg,133.5,134.58370357075887
*c1ccc(OCCCCCCCCCCOc2ccc(N3C(=O)c4ccc(-c5ccc6c(c5)C(=O)N(*)C6=O)cc4C3=O)cc2)cc1,tg,153.0,134.8577074783841
*c1ccc(OCCCCCCN(CC)c2ccc(C(C#N)=C(C#N)C#N)cc2)c(-c2cc(-c3ccccc3)c3cc(Oc4ccc5nc(*)cc(-c6ccccc6)c5c4)ccc3n2)c1,tg,175.0,151.07873279019233
*c1ccc(OCCCCCOc2ccc(N3C(=O)c4ccc(-c5cccc6c5C(=O)N(*)C6=O)cc4C3=O)cc2)cc1,tg,208.0,184.0085415377933
*c1ccc(OCCCCOc2ccc(-c3nc4ccc(-c5ccc6nc(*)c(-c7ccccc7)nc6c5)cc4nc3-c3ccccc3)cc2)cc1,tg,219.0,147.52641887833147
*c1ccc(OCCCOc2ccc(N3C(=O)c4ccc(-c5cccc6c5C(=O)N(*)C6=O)cc4C3=O)cc2)cc1,tg,237.5,222.3546892057395
*c1ccc(OCCN(C)c2ccc(C=CC3=CC(=C4C(=O)c5ccccc5C4=C(C#N)C#N)C=C(C=Cc4ccc(N(C)CCOc5ccc(-c6nc7ccc(Oc8ccc9nc(*)c(-c%10ccccc%10)nc9c8)cc7nc6-c6ccccc6)cc5)cc4)O3)cc2)cc1,tg,260.0,202.82200358675158
*c1ccc(OCCN(CC)c2ccc(-c3ccc(C(=C(C#N)C#N)c4ccc(-c5ccc(N(CC)CC)cc5)s4)s3)cc2)c(-c2cc(-c3ccccc3)c3cc(Oc4ccc5nc(*)cc(-c6ccccc6)c5c4)ccc3n2)c1,tg,205.0,192.5014511188899
*c1ccc(OCCN(CC)c2ccc(C(C#N)=C(C#N)C#N)cc2)c(-c2cc(-c3ccccc3)c3cc(Oc4ccc5nc(*)cc(-c6ccccc6)c5c4)ccc3n2)c1,tg,200.0,224.7668893557757
*c1ccc(OCCN(CCOc2ccc(-c3nc4ccc(Oc5ccc6nc(*)c(-c7ccccc7)nc6c5)cc4nc3-c3ccccc3)cc2)c2ccc(N=Nc3ccc([N+](=O)[O-])cc3)cc2)cc1,tg,199.0,191.77391537632144
*c1ccc(OCCN(CCOc2ccc(-c3nc4ccc(Oc5ccc6nc(*)c(-c7ccccc7)nc6c5)cc4nc3-c3ccccc3)cc2)c2ccc(N=Nc3ccc([N+](=O)[O-])cc3C)cc2)cc1,tg,188.0,195.4690005585937
*c1ccc(OCCOCCOc2cccc(N3C(=O)c4ccc(Oc5ccc6c(c5)C(=O)N(*)C6=O)cc4C3=O)c2)cc1,tg,146.5,157.06618592054542
*c1ccc(OCCOc2ccc(C=Cc3ccc([N+](=O)[O-])cc3)c(OCCOc3ccc(-c4nc5ccc(Oc6ccc7nc(*)c(-c8ccccc8)nc7c6)cc5nc4-c4ccccc4)cc3)c2)cc1,tg,187.0,206.7877356689406
*c1ccc(Oc2c(C)cc(-c3cc(C)c(Oc4ccc(N5C(=O)c6ccc(Oc7ccccc7Oc7ccc8c(c7)C(=O)N(*)C8=O)cc6C5=O)cc4C(F)(F)F)c(C)c3)cc2C)c(C(F)(F)F)c1,tg,270.0,237.08911947915618
*c1ccc(Oc2c(C)cc(C(c3cc(C)c(Oc4ccc(N5C(=O)c6ccc(-c7ccc8c(c7)C(=O)N(*)C8=O)cc6C5=O)cc4)c(C)c3)c3cccc4ccccc34)cc2C)cc1,tg,289.5,270.2699666150196
*c1ccc(Oc2c(C)cc(C(c3cccnc3)c3cc(C)c(Oc4ccc(N5C(=O)CC(Nc6ccc(NC7CC(=O)N(*)C7=O)cc6)C5=O)cc4)c(C)c3)cc2C)cc1,tg,229.0,227.59904178029674
*c1ccc(Oc2c(C)cc(C(c3cccnc3)c3cc(C)c(Oc4ccc(N5C(=O)CC(Nc6cccc(NC7CC(=O)N(*)C7=O)c6)C5=O)cc4)c(C)c3)cc2C)cc1,tg,217.0,227.75337405712148
*c1ccc(Oc2c(F)c(F)c(C(=O)c3c(F)c(F)c(Oc4ccc(C5(*)OC(=O)c6ccccc65)cc4)c(F)c3F)c(F)c2F)cc1,tg,215.0,236.0160533564904
*c1ccc(Oc2cc(C(C)(C)C)ccc2Oc2ccc(N3C(=O)c4ccc(-c5ccc6c(c5)C(=O)N(*)C6=O)cc4C3=O)cc2)cc1,tg,257.0,281.48255602149374
*c1ccc(Oc2cc3ccccc3cc2Oc2ccc(N3C(=O)c4ccc(Oc5cc6ccccc6cc5Oc5ccc6c(c5)C(=O)N(*)C6=O)cc4C3=O)cc2)cc1,tg,222.0,230.72324214835905
*c1ccc(Oc2cc3ccccc3cc2Oc2ccc(N3C(=O)c4ccc(Oc5ccc6c(c5)C(=O)N(*)C6=O)cc4C3=O)cc2)cc1,tg,254.17,234.18999045143013
*c1ccc(Oc2cc3ccccc3cc2Oc2ccc(N3C(=O)c4ccc(Oc5ccccc5Oc5ccc6c(c5)C(=O)N(*)C6=O)cc4C3=O)cc2)cc1,tg,216.0,206.3320428834735
*c1ccc(Oc2cc3ccccc3cc2Oc2ccc(N3C(=O)c4ccc(S(=O)(=O)c5ccc6c(c5)C(=O)N(*)C6=O)cc4C3=O)cc2)cc1,tg,275.0,283.41710950692425
*c1ccc(Oc2ccc(-c3c(-c4ccccc4)c(-c4ccc(-c5nc6ccccc6c(*)c5-c5ccccc5)cc4)nc4ccccc34)cc2)cc1,tg,273.0,334.90668250037686
*c1ccc(Oc2ccc(-c3c(-c4ccccc4)c4c(c(-c5ccccc5)c3-c3ccccc3)C(=O)N(c3cccc(N5C(=O)c6c(c(-c7ccccc7)c(-c7ccccc7)c(*)c6-c6ccccc6)C5=O)c3)C4=O)cc2)cc1,tg,357.0,347.9483157664521
*c1ccc(Oc2ccc(-c3c(-c4ccccc4)nc4ccc(Oc5ccc6nc(-c7ccccc7)c(*)c(-c7ccccc7)c6c5)cc4c3-c3ccccc3)cc2)cc1,tg,252.5,313.5413463063488
*c1ccc(Oc2ccc(-c3cc(-c4ccc(Oc5ccc(-c6cc(*)nc7ccccc67)cc5)cc4)c4ccccc4n3)cc2)cc1,tg,275.67,267.96516736418334
*c1ccc(Oc2ccc(-c3cc(-c4cccc(-c5cc(*)c6ccccc6n5)c4)nc4ccccc34)cc2)cc1,tg,268.0,302.49525393727544
*c1ccc(Oc2ccc(-c3cc(-c4ccccc4)c4cc(-c5ccc6nc(*)cc(-c7ccccc7)c6c5)ccc4n3)cc2)cc1,tg,286.67,336.2663846741688
*c1ccc(Oc2ccc(-c3cc(-c4ccccc4)c4cc(C5(c6ccc7nc(*)cc(-c8ccccc8)c7c6)c6ccccc6-c6ccccc65)ccc4n3)cc2)cc1,tg,315.0,319.19042148164914
*c1ccc(Oc2ccc(-c3cc(-c4ccccc4)c4cc5nc(*)cc(-c6ccccc6)c5cc4n3)cc2)cc1,tg,365.0,297.7532292285929
*c1ccc(Oc2ccc(-c3cc(OCCCCCC)c(-c4ccc(Oc5ccc(-c6nnc(*)o6)cc5)cc4)cc3OCCCCCC)cc2)cc1,tg,103.0,140.88007529319404
*c1ccc(Oc2ccc(-c3ccc(-c4ccc(-c5ccc(Oc6ccc(-c7c8c(c(*)c9ccccc79)C(=O)N(c7ccccc7)C8=O)cc6)c(C(F)(F)F)c5)cc4)cc3)cc2C(F)(F)F)cc1,tg,334.0,283.79973264348376
*c1ccc(Oc2ccc(-c3ccc(Oc4ccc(-c5nc(*)nc(-c6ccccc6)n5)cc4)cc3)cc2)cc1,tg,241.0,229.70897910737006
*c1ccc(Oc2ccc(-c3ccc(Oc4ccc(-c5ncc(*)o5)cc4C(F)(F)F)cc3)cc2)c(C(F)(F)F)c1,tg,200.0,217.1513914580845
*c1ccc(Oc2ccc(-c3ccc(Oc4ccc(-c5nnc(*)c6c(-c7ccccc7)c(-c7ccc8ccccc8c7)c(-c7ccc8ccccc8c7)c(-c7ccccc7)c56)cc4)cc3)cc2)cc1,tg,326.33,308.75766077533825
*c1ccc(Oc2ccc(-c3ccc(Oc4ccc(N5C(=O)C(c6ccccc6)=C(c6ccc(C7=C(c8ccccc8)C(=O)N(*)C7=O)cc6)C5=O)cc4)cc3)cc2)cc1,tg,257.67,250.30845679769493
*c1ccc(Oc2ccc(-c3ccc(Oc4ccc(N5C(=O)CC(=O)N(*)C5=S)cc4)cc3)cc2)cc1,tg,158.5,167.30865843143087
*c1ccc(Oc2ccc(-c3ccc(Oc4ccc(N5C(=O)c6ccc(Oc7c(C)cc(C(C)(C)c8cc(C)c(Oc9ccc%10c(c9)C(=O)N(*)C%10=O)c(C)c8)cc7C)cc6C5=O)cc4)cc3C)c(C)c2)cc1,tg,257.0,254.51706740342414
*c1ccc(Oc2ccc(-c3ccc(Oc4ccc(N5C(=O)c6ccc(Oc7cc8ccccc8cc7Oc7ccc8c(c7)C(=O)N(*)C8=O)cc6C5=O)cc4)cc3)cc2)cc1,tg,222.5,225.9918635624371
*c1ccc(Oc2ccc(-c3ccc(Oc4ccc(N5C(=O)c6ccc(Oc7ccc(-c8ccc(Oc9ccc%10c(c9)C(=O)N(*)C%10=O)cc8)cc7)cc6C5=O)cc4)cc3)cc2)cc1,tg,220.0,215.3439487562607
*c1ccc(Oc2ccc(-c3ccc(Oc4ccc(N5C(=O)c6ccc(Oc7ccc(C(C)(C)c8ccc(Oc9ccc%10c(c9)C(=O)N(*)C%10=O)cc8)cc7)cc6C5=O)cc4)cc3)cc2)cc1,tg,220.0,208.0295187969191
*c1ccc(Oc2ccc(-c3ccc(Oc4ccc(N5C(=O)c6ccc(Oc7ccc(C(c8ccc(Oc9ccc%10c(c9)C(=O)N(*)C%10=O)cc8)(C(F)(F)F)C(F)(F)F)cc7)cc6C5=O)cc4)cc3)cc2)cc1,tg,217.0,241.66422371849674
*c1ccc(Oc2ccc(-c3ccc(Oc4ccc(N5C(=O)c6ccc(Oc7ccc(C8(c9ccc(Oc%10ccc%11c(c%10)C(=O)N(*)C%11=O)cc9)CCCCCCCCCCC8)cc7)cc6C5=O)cc4)cc3C)c(C)c2)cc1,tg,257.0,246.3495337389959
*c1ccc(Oc2ccc(-c3ccc(Oc4ccc(N5C(=O)c6ccc(Oc7ccc(Oc8ccc(Oc9ccc%10c(c9)C(=O)N(*)C%10=O)cc8)cc7)cc6C5=O)cc4)cc3)cc2)cc1,tg,211.0,211.6529473668019
*c1ccc(Oc2ccc(-c3ccc(Oc4ccc(N5C(=O)c6ccc(Oc7ccc8c(c7)C(=O)N(*)C8=O)cc6C5=O)cc4)cc3)cc2)cc1,tg,245.0,236.17707532331784
*c1ccc(Oc2ccc(-c3ccc(Oc4ccc(N5C(=O)c6ccc(Oc7ccc8cc(Oc9ccc%10c(c9)C(=O)N(*)C%10=O)ccc8c7)cc6C5=O)cc4)cc3)cc2)cc1,tg,230.0,229.11374311760977
*c1ccc(Oc2ccc(-c3ccc(Oc4ccc(N5C(=O)c6cccc(Oc7c(C)cc(-c8cc(C)c(Oc9cccc%10c9C(=O)N(*)C%10=O)c(C)c8)cc7C)c6C5=O)cc4)cc3)cc2)cc1,tg,290.0,266.89888248378327
*c1ccc(Oc2ccc(-c3ccc(Oc4ccc(N5C(=O)c6cccc(Oc7c(C)cc(Cc8cc(C)c(Oc9cccc%10c9C(=O)N(*)C%10=O)c(C)c8)cc7C)c6C5=O)cc4)cc3)cc2)cc1,tg,259.0,262.4216911348436
*c1ccc(Oc2ccc(-c3ccc(Oc4ccc(N5C(=O)c6cccc(Oc7c(Oc8cccc9c8C(=O)N(*)C9=O)cc(C(C)(C)C)cc7C(C)(C)C)c6C5=O)cc4)cc3)cc2)cc1,tg,237.0,267.79525031616083
*c1ccc(Oc2ccc(-c3ccc(Oc4ccc(N5C(=O)c6cccc(Oc7ccc(C(C)(C)c8ccc(Oc9cccc%10c9C(=O)N(*)C%10=O)cc8)cc7)c6C5=O)cc4)cc3)cc2)cc1,tg,236.0,225.493419927122
*c1ccc(Oc2ccc(-c3ccc4nc(Oc5cc(-c6ccccc6)c6cc(*)ccc6n5)cc(-c5ccccc5)c4c3)cc2)cc1,tg,268.5,285.503103399081
*c1ccc(Oc2ccc(-c3cccc(-c4ccc(Oc5ccc(-c6c7c(c(*)c8ccccc68)C(=O)N(c6ccccc6)C7=O)cc5)c(C(F)(F)F)c4)c3)cc2C(F)(F)F)cc1,tg,271.0,303.374924064779
*c1ccc(Oc2ccc(-c3cccc(-c4ccc(Oc5ccc(-c6c7c(c(*)c8ccccc68)C(=O)N(c6ccccc6)C7=O)cc5)c(C(F)(F)F)c4)n3)cc2C(F)(F)F)cc1,tg,298.0,248.79577218242017
*c1ccc(Oc2ccc(-c3cccc4c3C(=O)N(Oc3ccc(C(=O)c5ccc(Oc6cccc7c6C(=O)N(*)C7=O)cc5)cc3)C4=O)cc2)cc1,tg,252.0,245.1443863013837
*c1ccc(Oc2ccc(-c3cnc4cc5nc(*)cnc5cc4n3)cc2)cc1,tg,353.0,315.4014617972665
*c1ccc(Oc2ccc(-c3cnnc(-c4cccc(-c5ncc(*)nn5)n4)n3)cc2)cc1,tg,223.0,256.1387729495705
*c1ccc(Oc2ccc(-c3csc(N=Cc4ccc(OCCCCCCCCOc5ccc(C=Nc6nc(*)cs6)cc5)cc4)n3)cc2)cc1,tg,150.0,122.4833242074478
*c1ccc(Oc2ccc(-c3csc(N=Cc4ccc(OCCCCCCOc5ccc(C=Nc6nc(*)cs6)cc5)cc4)n3)cc2)cc1,tg,117.0,146.8641290359694
*c1ccc(Oc2ccc(-c3nc4cc(-c5ccc6nc(*)c(-c7ccccc7)nc6c5)ccc4nc3-c3ccccc3)cc2)cc1,tg,292.5,310.99411640284603
*c1ccc(Oc2ccc(-c3nc4cc(-c5ccc6nc(-c7ccccc7)c(*)nc6c5)ccc4nc3-c3ccccc3)cc2)cc1,tg,297.36,320.72526980413994
*c1ccc(Oc2ccc(-c3nc4cc(Oc5ccc(NC(=O)CN6C(=O)c7ccc(C(c8ccc9c(c8)C(=O)N(CC(=O)Nc8ccc(Oc%10ccc%11nc(-c%12ccccc%12)c(*)nc%11c%10)cc8)C9=O)(C(F)(F)F)C(F)(F)F)cc7C6=O)cc5)ccc4nc3-c3ccccc3)cc2)cc1,tg,260.0,269.606340503287
*c1ccc(Oc2ccc(-c3nc4cc(Oc5ccc(NC(=O)c6cc(C(=O)Nc7ccc(Oc8ccc9nc(-c%10ccc([N+](=O)[O-])cc%10)c(*)nc9c8)cc7)cc(N7C(=O)c8ccccc8C7=O)c6)cc5)ccc4nc3-c3ccc([N+](=O)[O-])cc3)cc2)cc1,tg,305.0,276.7827414865794
*c1ccc(Oc2ccc(-c3nc4cc(Oc5ccc(NC(=O)c6cc(C(=O)Nc7ccc(Oc8ccc9nc(-c%10ccccc%10)c(*)nc9c8)cc7)cc(N7C(=O)c8c(Cl)c(Cl)c(Cl)c(Cl)c8C7=O)c6)cc5)ccc4nc3-c3ccccc3)cc2)cc1,tg,295.0,301.5983730152297
*c1ccc(Oc2ccc(-c3nc4cc(Oc5ccc(NC(=O)c6ccc7c(c6)C(=O)N(c6ccc(C(c8ccc(N9C(=O)c%10ccc(C(=O)Nc%11ccc(Oc%12ccc%13nc(-c%14ccc([N+](=O)[O-])cc%14)c(*)nc%13c%12)cc%11)cc%10C9=O)cc8)(C(F)(F)F)C(F)(F)F)cc6)C7=O)cc5)ccc4nc3-c3ccc([N+](=O)[O-])cc3)cc2)cc1,tg,303.0,287.9189404018134
*c1ccc(Oc2ccc(-c3nc4cc(Oc5ccc6nc(*)c(-c7ccccc7)nc6c5)ccc4nc3-c3ccccc3)cc2)cc1,tg,340.0,261.22104056075193
*c1ccc(Oc2ccc(-c3nc4cc(Oc5ccc6nc(-c7ccccc7)c(*)nc6c5)ccc4nc3-c3ccccc3)cc2)cc1,tg,261.33,326.984074245646
*c1ccc(Oc2ccc(-c3nc4cc(S(=O)(=O)c5ccc6nc(-c7ccccc7)c(*)nc6c5)ccc4nc3-c3ccccc3)cc2)cc1,tg,271.0,275.90310152473455
*c1ccc(Oc2ccc(-c3nc4cc5sc(*)nc5cc4s3)cc2)cc1,tg,350.0,361.92639736363856
*c1ccc(Oc2ccc(-c3nc4ccc(-c5ccc6nc(*)c(-c7ccccc7)nc6c5)cc4nc3-c3ccccc3)cc2)cc1,tg,335.33,295.9762977023031
*c1ccc(Oc2ccc(-c3nc4ccc(Oc5ccc(N6C(=O)c7ccc(C(c8ccc9c(c8)C(=O)N(c8ccc(Oc%10ccc%11nc(*)c(-c%12ccccc%12)nc%11c%10)cc8)C9=O)(C(F)(F)F)C(F)(F)F)cc7C6=O)cc5)cc4nc3-c3ccccc3)cc2)cc1,tg,267.0,290.8023456290153
*c1ccc(Oc2ccc(-n3c(=O)c4cc5c(=O)n(-c6ccc(Oc7ccc(-c8nc9cc%10sc(*)nc%10cc9s8)cc7)cc6)c(=O)c5cc4c3=O)cc2)cc1,tg,400.0,379.65762767541594
*c1ccc(Oc2ccc(C(=O)c3ccc(-c4ccc(C(=O)c5ccc(Oc6ccc(-c7nc(-c8cccc(-c9nc(*)c(-c%10ccccc%10)[nH]9)c8)[nH]c7-c7ccccc7)cc6)cc5)cc4)cc3)cc2)cc1,tg,276.0,266.1324624870562
*c1ccc(Oc2ccc(C(=O)c3ccc(-c4ccc(C(=O)c5ccc(Oc6ccc(-c7nc(-c8ccccc8)[nH]c7*)cc6)cc5)cc4)cc3)cc2)cc1,tg,258.0,253.15261327578773
*c1ccc(Oc2ccc(C(=O)c3ccc(C(=O)c4ccc(C(=O)c5ccc(Oc6ccc(-c7nc(-c8ccccc8)[nH]c7*)cc6)cc5)cc4)cc3)cc2)cc1,tg,239.0,241.87708766679125
*c1ccc(Oc2ccc(C(=O)c3ccc(C(=O)c4ccc(Oc5ccc(-c6cc(*)n(-c7ccccc7)n6)cc5)cc4)cc3)cc2)cc1,tg,205.0,213.49634799731373
*c1ccc(Oc2ccc(C(=O)c3ccc(C(=O)c4ccc(Oc5ccc(-c6nc(-c7ccc(-c8nc(*)c(-c9ccccc9)[nH]8)cc7)[nH]c6-c6ccccc6)cc5)cc4)cc3)cc2)cc1,tg,270.0,266.2351799442015
*c1ccc(Oc2ccc(C(=O)c3ccc(C(=O)c4ccc(Oc5ccc(-c6nc(-c7cccc(-c8nc(*)c(-c9ccccc9)[nH]8)c7)[nH]c6-c6ccccc6)cc5)cc4)cc3)cc2)cc1,tg,270.0,269.2005958941258
*c1ccc(Oc2ccc(C(=O)c3ccc(C(=O)c4ccc(Oc5ccc(-c6nc(-c7ccccc7)[nH]c6*)cc5)cc4)cc3)cc2)cc1,tg,248.0,245.07174471597835
*c1ccc(Oc2ccc(C(=O)c3ccc(C(=O)c4ccc(Oc5ccc(-c6nc7ccccc7n6-c6ccc(-n7c(*)nc8ccccc87)cc6)cc5)cc4)cc3)cc2)cc1,tg,238.0,232.6620732466624
*c1ccc(Oc2ccc(C(=O)c3ccc(C(=O)c4ccc(Oc5ccc(N6C(=O)c7ccc(-c8ccc9c(c8)C(=O)N(*)C9=O)cc7C6=O)cc5)cc4)cc3)cc2)cc1,tg,245.0,229.0833037275783
*c1ccc(Oc2ccc(C(=O)c3ccc(Oc4ccc(-c5c6c(c(*)c7ccccc57)C(=O)N(C)C6=O)cc4)cc3)cc2)cc1,tg,283.0,261.32791085961304
*c1ccc(Oc2ccc(C(=O)c3ccc(Oc4ccc(-c5c6c(c(*)c7ccccc57)C(=O)N(c5ccc(C(F)(F)F)cc5)C6=O)cc4)cc3)cc2)cc1,tg,260.0,268.8379308234028
*c1ccc(Oc2ccc(C(=O)c3ccc(Oc4ccc(-c5c6c(c(*)c7ccccc57)C(=O)N(c5ccc(Cl)cc5)C6=O)cc4)cc3)cc2)cc1,tg,272.0,253.46768626689095
*c1ccc(Oc2ccc(C(=O)c3ccc(Oc4ccc(-c5c6c(c(*)c7ccccc57)C(=O)N(c5cccc(C(F)(F)F)c5)C6=O)cc4)cc3)cc2)cc1,tg,252.0,258.77563324252566
*c1ccc(Oc2ccc(C(=O)c3ccc(Oc4ccc(-c5c6c(c(*)c7ccccc57)C(=O)N(c5ccccc5)C6=O)cc4)cc3)cc2)cc1,tg,273.5,269.446593119362
*c1ccc(Oc2ccc(C(=O)c3ccc(Oc4ccc(-c5c6c(c(*)c7ccccc57)C(=O)N(c5ccccc5-c5ccccc5)C6=O)cc4)cc3)cc2)cc1,tg,245.0,274.9770857452487
*c1ccc(Oc2ccc(C(=O)c3ccc(Oc4ccc(-c5c6c(c(*)c7ccccc57)C(=O)N(c5ccccc5C(F)(F)F)C6=O)cc4)cc3)cc2)cc1,tg,260.0,265.61727711145704
*c1ccc(Oc2ccc(C(=O)c3ccc(Oc4ccc(-c5cc(*)n(-c6ccccc6)n5)cc4)cc3)cc2)cc1,tg,205.0,201.25111163269568
*c1ccc(Oc2ccc(C(=O)c3ccc(Oc4ccc(-c5nc(-c6cccc(-c7nc(*)c(-c8ccccc8)[nH]7)c6)[nH]c5-c5ccccc5)cc4)cc3)cc2)cc1,tg,279.0,255.38288221789836
*c1ccc(Oc2ccc(C(=O)c3ccc(Oc4ccc(-c5nnc(*)c6c(-c7ccccc7)c(-c7ccc8ccccc8c7)c(-c7ccc8ccccc8c7)c(-c7ccccc7)c56)cc4)cc3)cc2)cc1,tg,305.67,300.00352695678964
*c1ccc(Oc2ccc(C(=O)c3ccc(Oc4ccc(C(=O)c5ccc(Oc6ccc(-c7cc(*)n(-c8ccccc8)n7)cc6)cc5)cc4)cc3)cc2)cc1,tg,190.0,214.65930574243916
*c1ccc(Oc2ccc(C(=O)c3ccc(Oc4ccc(C(=O)c5ccc(Oc6ccc(-c7nc(-c8ccc(-c9nc(*)c(-c%10ccccc%10)[nH]9)cc8)[nH]c7-c7ccccc7)cc6)cc5)cc4)cc3)cc2)cc1,tg,245.0,255.0609400363619
*c1ccc(Oc2ccc(C(=O)c3ccc(Oc4ccc(C(=O)c5ccc(Oc6ccc(-c7nc(-c8ccccc8)[nH]c7*)cc6)cc5)cc4)cc3)cc2)cc1,tg,239.0,223.60225063163992
*c1ccc(Oc2ccc(C(=O)c3ccc(Oc4ccc(C5(*)NC(=O)c6ccccc65)cc4)cc3)cc2)cc1,tg,270.6,230.76187954399666
*c1ccc(Oc2ccc(C(=O)c3ccc(Oc4ccc(C5(*)c6ccccc6C(=O)N5C)cc4)cc3)cc2)cc1,tg,245.0,240.03439376283615
*c1ccc(Oc2ccc(C(=O)c3ccc(Oc4ccc(N5C(=O)c6ccc(-c7ccc8c(c7)C(=O)N(*)C8=O)cc6C5=O)cc4)cc3)cc2)cc1,tg,253.0,248.89530531146562
*c1ccc(Oc2ccc(C(=O)c3ccc(Oc4ccc(N5C(=O)c6ccc(Oc7cccc(Oc8ccc9c(c8)C(=O)N(*)C9=O)c7)cc6C5=O)cc4)cc3)cc2)cc1,tg,201.0,200.31792145724745
*c1ccc(Oc2ccc(C(=O)c3ccc4cc(C(=O)c5ccc(Oc6ccc(-c7nc(-c8ccc(-c9nc(*)c(-c%10ccccc%10)[nH]9)cc8)[nH]c7-c7ccccc7)cc6)cc5)ccc4c3)cc2)cc1,tg,281.0,273.29810371206327
*c1ccc(Oc2ccc(C(=O)c3ccc4cc(C(=O)c5ccc(Oc6ccc(-c7nc(-c8ccccc8)[nH]c7*)cc6)cc5)ccc4c3)cc2)cc1,tg,239.0,260.766391961851
*c1ccc(Oc2ccc(C(=O)c3cccc(-c4cccc(C(=O)c5ccc(Oc6ccc(-c7nc(-c8cccc(-c9nc(*)c(-c%10ccccc%10)[nH]9)c8)[nH]c7-c7ccccc7)cc6)cc5)c4)c3)cc2)cc1,tg,250.0,264.07458192387674
*c1ccc(Oc2ccc(C(=O)c3cccc(C(=O)c4ccc(Oc5ccc(-c6c7c(c(*)c8ccccc68)C(=O)N(C)C7=O)cc5)cc4)c3)cc2)cc1,tg,251.0,257.0395232959439
*c1ccc(Oc2ccc(C(=O)c3cccc(C(=O)c4ccc(Oc5ccc(-c6c7c(c(*)c8ccccc68)C(=O)N(CCCCCCCCCCCC)C7=O)cc5)cc4)c3)cc2)cc1,tg,140.0,155.67928643221055
*c1ccc(Oc2ccc(C(=O)c3cccc(C(=O)c4ccc(Oc5ccc(-c6c7c(c(*)c8ccccc68)C(=O)N(c6ccc(F)cc6)C7=O)cc5)cc4)c3)cc2)cc1,tg,243.0,254.14173742060336
*c1ccc(Oc2ccc(C(=O)c3cccc(C(=O)c4ccc(Oc5ccc(-c6cc(*)[nH]n6)cc5)cc4)c3)cc2)cc1,tg,205.0,212.74794419913533
*c1ccc(Oc2ccc(C(=O)c3cccc(C(=O)c4ccc(Oc5ccc(-c6cc(*)n(-c7ccccc7)n6)cc5)cc4)c3)cc2)cc1,tg,190.0,209.54948463244654
*c1ccc(Oc2ccc(C(=O)c3cccc(C(=O)c4ccc(Oc5ccc(-c6nc(-c7ccc(-c8nc(*)c(-c9ccccc9)[nH]8)cc7)[nH]c6-c6ccccc6)cc5)cc4)c3)cc2)cc1,tg,264.5,264.52484447732326
*c1ccc(Oc2ccc(C(=O)c3cccc(C(=O)c4ccc(Oc5ccc(-c6nc(-c7cccc(-c8nc(*)c(-c9ccccc9)[nH]8)c7)[nH]c6-c6ccccc6)cc5)cc4)c3)cc2)cc1,tg,264.5,265.5830673052943
*c1ccc(Oc2ccc(C(=O)c3cccc(C(=O)c4ccc(Oc5ccc(-c6nc7ccccc7n6-c6ccc(-n7c(*)nc8ccccc87)cc6)cc5)cc4)c3)cc2)cc1,tg,219.0,237.50650926794304
*c1ccc(Oc2ccc(C(=O)c3cccc(C(=O)c4ccc(Oc5ccc(N6C(=O)c7ccc(Oc8ccc9c(c8)C(=O)N(*)C9=O)cc7C6=O)cc5)cc4)c3)cc2)cc1,tg,208.0,221.03171110870895
*c1ccc(Oc2ccc(C(C)(C)c3ccc(Oc4ccc(-c5ccc(*)s5)cc4C(F)(F)F)cc3)cc2)c(C(F)(F)F)c1,tg,123.33,133.0031942001124
*c1ccc(Oc2ccc(C(C)(C)c3ccc(Oc4ccc(-c5cccc(*)n5)cc4C(F)(F)F)cc3)cc2)c(C(F)(F)F)c1,tg,121.0,150.31777889468648
*c1ccc(Oc2ccc(C(C)(C)c3ccc(Oc4ccc(-c5nc(*)nc(-c6ccccc6)n5)cc4)cc3)cc2)cc1,tg,228.0,199.05344753820694
*c1ccc(Oc2ccc(C(C)(C)c3ccc(Oc4ccc(-c5ncc(*)o5)cc4C(F)(F)F)cc3)cc2)c(C(F)(F)F)c1,tg,185.0,166.37504318860542
*c1ccc(Oc2ccc(C(C)(C)c3ccc(Oc4ccc(-c5nnc(*)c6c(-c7ccc(F)cc7)c(-c7ccc(F)cc7)c(-c7ccc(F)cc7)c(-c7ccc(F)cc7)c56)cc4)cc3)cc2)cc1,tg,276.67,268.72522028313904
*c1ccc(Oc2ccc(C(C)(C)c3ccc(Oc4ccc(-c5nnc(*)c6c(-c7ccccc7)c(-c7ccc8ccccc8c7)c(-c7ccc8ccccc8c7)c(-c7ccccc7)c56)cc4)cc3)cc2)cc1,tg,286.0,296.886026993776
*c1ccc(Oc2ccc(C(C)(C)c3ccc(Oc4ccc(-c5nnc(*)n5-c5ccc(C)cc5)cc4)cc3)cc2)cc1,tg,205.0,208.33480055211476
*c1ccc(Oc2ccc(C(C)(C)c3ccc(Oc4ccc(-c5nnc(*)n5-c5ccc(S(=O)(=O)c6ccccc6)cc5)cc4)cc3)cc2)cc1,tg,198.0,231.54860204741138
*c1ccc(Oc2ccc(C(C)(C)c3ccc(Oc4ccc(-c5nnc(*)n5-c5cccc(C(F)(F)F)c5)cc4)cc3)cc2)cc1,tg,190.0,178.00615431159326
*c1ccc(Oc2ccc(C(C)(C)c3ccc(Oc4ccc(-c5nnc(*)n5-c5ccccc5)cc4)cc3)cc2)cc1,tg,207.0,185.40445386617006
*c1ccc(Oc2ccc(C(C)(C)c3ccc(Oc4ccc(-c5nnc(*)o5)cc4)cc3)cc2)cc1,tg,180.0,200.29264692445915
*c1ccc(Oc2ccc(C(C)(C)c3ccc(Oc4ccc(N5C(=O)C6CCC7C(=O)N(*)C(=O)C7C6C5=O)cc4)cc3)cc2)cc1,tg,263.5,254.52104818326097
*c1ccc(Oc2ccc(C(C)(C)c3ccc(Oc4ccc(N5C(=O)CC(=O)N(*)C5=S)cc4)cc3)cc2)cc1,tg,132.0,141.56924744653008
*c1ccc(Oc2ccc(C(C)(C)c3ccc(Oc4ccc(N5C(=O)c6ccc(-c7ccc8c(c7)C(=O)N(*)C8=O)cc6C5=O)cc4)cc3)cc2)cc1,tg,230.0,244.09274031411994
*c1ccc(Oc2ccc(C(C)(C)c3ccc(Oc4ccc(N5C(=O)c6ccc(Oc7ccc(C(C)(C)c8ccc(Oc9ccc%10c(c9)C(=O)N(*)C%10=O)cc8)cc7)cc6C5=O)cc4)cc3)cc2)cc1,tg,205.0,216.04158046788538
*c1ccc(Oc2ccc(C(C)(C)c3ccc(Oc4ccc(N5C(=O)c6ccc(Oc7ccc8c(c7)C(=O)N(*)C8=O)cc6C5=O)cc4)cc3)cc2)cc1,tg,227.5,225.47957120448632
*c1ccc(Oc2ccc(C(c3ccc(Oc4ccc(-c5ccc(*)s5)cc4C(F)(F)F)cc3)(C(F)(F)F)C(F)(F)F)cc2)c(C(F)(F)F)c1,tg,153.33,149.08220781286514
*c1ccc(Oc2ccc(C(c3ccc(Oc4ccc(-c5cccc(*)n5)cc4C(F)(F)F)cc3)(C(F)(F)F)C(F)(F)F)cc2)c(C(F)(F)F)c1,tg,148.67,143.3161189060781
*c1ccc(Oc2ccc(C(c3ccc(Oc4ccc(-c5ncc(*)o5)cc4C(F)(F)F)cc3)(C(F)(F)F)C(F)(F)F)cc2)c(C(F)(F)F)c1,tg,205.0,185.05548553161663
*c1ccc(Oc2ccc(C(c3ccc(Oc4ccc(-c5nnc(*)c6c(-c7ccc(F)cc7)c(-c7ccc(F)cc7)c(-c7ccc(F)cc7)c(-c7ccc(F)cc7)c56)cc4)cc3)(C(F)(F)F)C(F)(F)F)cc2)cc1,tg,285.33,275.15475545330963
*c1ccc(Oc2ccc(C(c3ccc(Oc4ccc(-c5nnc(*)c6c(-c7ccccc7)c(-c7ccc8ccccc8c7)c(-c7ccc8ccccc8c7)c(-c7ccccc7)c56)cc4)cc3)(C(F)(F)F)C(F)(F)F)cc2)cc1,tg,286.0,308.74597281813874
*c1ccc(Oc2ccc(C(c3ccc(Oc4ccc(-c5nnc(*)n5-c5ccc(C)cc5)cc4)cc3)(C(F)(F)F)C(F)(F)F)cc2)cc1,tg,213.0,200.45269367721545
*c1ccc(Oc2ccc(C(c3ccc(Oc4ccc(-c5nnc(*)n5-c5ccc(S(=O)(=O)c6ccccc6)cc5)cc4)cc3)(C(F)(F)F)C(F)(F)F)cc2)cc1,tg,211.0,226.0333540190235
*c1ccc(Oc2ccc(C(c3ccc(Oc4ccc(-c5nnc(*)n5-c5ccc(S(C)(=O)=O)cc5)cc4)cc3)(C(F)(F)F)C(F)(F)F)cc2)cc1,tg,226.0,208.41417313461687
*c1ccc(Oc2ccc(C(c3ccc(Oc4ccc(N5C(=O)c6ccc(Oc7ccc(C8(c9ccc(Oc%10ccc%11c(c%10)C(=O)N(*)C%11=O)cc9)CCC(C(C)(C)C)CC8)cc7)cc6C5=O)cc4)cc3)(C(F)(F)F)C(F)(F)F)cc2)cc1,tg,227.0,232.01777184685628
*c1ccc(Oc2ccc(C(c3ccc(Oc4ccc(N5C(=O)c6ccc(Oc7ccc8c(c7)C(=O)N(*)C8=O)cc6C5=O)cc4)cc3)(C(F)(F)F)C(F)(F)F)cc2)cc1,tg,246.0,244.76232808831327
*c1ccc(Oc2ccc(C3(c4ccc(Oc5ccc(-c6ccc(*)s6)cc5C(F)(F)F)cc4)c4ccccc4-c4ccccc43)cc2)c(C(F)(F)F)c1,tg,169.0,198.6108585891737
*c1ccc(Oc2ccc(C3(c4ccc(Oc5ccc(-c6cccc(*)n6)cc5C(F)(F)F)cc4)c4ccccc4-c4ccccc43)cc2)c(C(F)(F)F)c1,tg,182.5,212.75029161027663
*c1ccc(Oc2ccc(C3(c4ccc(Oc5ccc(-c6nc(-c7ccccn7)nnc6*)cc5)cc4)c4ccccc4-c4ccccc43)cc2)cc1,tg,277.0,250.8703907795294
*c1ccc(Oc2ccc(C3(c4ccc(Oc5ccc(-c6nnc(*)c7c(-c8ccc(F)cc8)c(-c8ccc(F)cc8)c(-c8ccc(F)cc8)c(-c8ccc(F)cc8)c67)cc5)cc4)c4ccccc4-c4ccccc43)cc2)cc1,tg,311.33,297.08210510694573
*c1ccc(Oc2ccc(C3(c4ccc(Oc5ccc(-c6nnc(*)c7c(-c8ccccc8)c(-c8ccc9ccccc9c8)c(-c8ccc9ccccc9c8)c(-c8ccccc8)c67)cc5)cc4)c4ccccc4-c4ccccc43)cc2)cc1,tg,327.33,318.87273244840225
*c1ccc(Oc2ccc(C3(c4ccc(Oc5ccc(N6C(=O)CC(=O)N(*)C6=S)cc5)cc4)c4ccccc4-c4ccccc43)cc2)cc1,tg,175.0,211.9937584124087
*c1ccc(Oc2ccc(C3(c4ccc(Oc5ccc(N6C(=O)c7ccc(Oc8c(C)cc(C(C)(C)c9cc(C)c(Oc%10ccc%11c(c%10)C(=O)N(*)C%11=O)c(C)c9)cc8C)cc7C6=O)cc5)cc4)C4CC5CC(C4)CC3C5)cc2)cc1,tg,282.0,265.48360550006333
*c1ccc(Oc2ccc(C3(c4ccc(Oc5ccc(N6C(=O)c7ccc(Oc8ccc(C9(c%10ccc(Oc%11ccc%12c(c%11)C(=O)N(*)C%12=O)cc%10)CCC(C(C)(C)C)CC9)cc8)cc7C6=O)cc5)cc4)C4CC5CC(C4)CC3C5)cc2)cc1,tg,266.0,253.6483182660389
*c1ccc(Oc2ccc(C3(c4ccc(Oc5ccc(N6C(=O)c7ccc(Oc8ccc(C9(c%10ccc(Oc%11ccc%12c(c%11)C(=O)N(*)C%12=O)cc%10)CCC(C(C)(C)C)CC9)cc8)cc7C6=O)cc5)cc4)CC4CC3C3CCCC43)cc2)cc1,tg,257.0,249.25133937378243
*c1ccc(Oc2ccc(C3(c4ccc(Oc5ccc(N6C(=O)c7ccc(Oc8ccc(C9(c%10ccc(Oc%11ccc%12c(c%11)C(=O)N(*)C%12=O)cc%10)CCC(c%10ccccc%10)CC9)cc8)cc7C6=O)cc5)cc4)CC4CC3C3CCCC43)cc2)cc1,tg,255.0,254.6052326523281
*c1ccc(Oc2ccc(C3(c4ccc(Oc5ccc(N6C(=O)c7ccc(Oc8ccc(C9(c%10ccc(Oc%11ccc%12c(c%11)C(=O)N(*)C%12=O)cc%10)CCC(c%10ccccc%10)CC9)cc8)cc7C6=O)cc5)cc4)CC4CCC3C4)cc2)cc1,tg,245.0,251.0256641845312
*c1ccc(Oc2ccc(C3(c4ccc(Oc5ccc(N6C(=O)c7ccc(Oc8ccc(C9(c%10ccc(Oc%11ccc%12c(c%11)C(=O)N(*)C%12=O)cc%10)CCC(c%10ccccc%10)CC9)cc8)cc7C6=O)cc5)cc4)CCC(C(C)(C)C)CC3)cc2)cc1,tg,243.0,252.70911712231333
*c1ccc(Oc2ccc(C3(c4ccc(Oc5ccc(N6C(=O)c7ccc(Oc8ccc(C9(c%10ccc(Oc%11ccc%12c(c%11)C(=O)N(*)C%12=O)cc%10)CCCCCCCCCCC9)cc8)cc7C6=O)cc5)cc4)C4CC5CC(C4)CC3C5)cc2)cc1,tg,262.0,260.5127903990773
*c1ccc(Oc2ccc(C3(c4ccc(Oc5ccc(N6C(=O)c7ccc(Oc8ccc(C9(c%10ccc(Oc%11ccc%12c(c%11)C(=O)N(*)C%12=O)cc%10)CCCCCCCCCCC9)cc8)cc7C6=O)cc5)cc4)CC4CCC3C4)cc2)cc1,tg,259.0,251.1036686661835
*c1ccc(Oc2ccc(C3(c4ccc(Oc5ccc(N6C(=O)c7ccc(Oc8ccc(C9(c%10ccc(Oc%11ccc%12c(c%11)C(=O)N(*)C%12=O)cc%10)CCCCCCCCCCC9)cc8)cc7C6=O)cc5)cc4)CCC(C(C)(C)C)CC3)cc2)cc1,tg,254.0,247.6177951221319
*c1ccc(Oc2ccc(C3(c4ccc(Oc5ccc(N6C(=O)c7ccc(Oc8ccccc8Oc8ccc9c(c8)C(=O)N(*)C9=O)cc7C6=O)cc5C(F)(F)F)cc4)c4ccccc4-c4ccccc43)cc2)c(C(F)(F)F)c1,tg,241.0,239.59670187665046
*c1ccc(Oc2ccc(C=Cc3ccc(Oc4ccc(-c5nnc(*)o5)cc4)c4ccccc34)cc2)cc1,tg,213.0,231.6598505691746
*c1ccc(Oc2ccc(N3C(=O)C(C)C(SCCOCCSC4C(=O)N(c5ccc(Oc6ccc(N7C(=O)CC(C)(SCCOCCSC8(C)CC(=O)N(*)C8=O)C7=O)cc6)cc5)C(=O)C4C)C3=O)cc2)cc1,tg,145.0,128.3343669492717
*c1ccc(Oc2ccc(N3C(=O)C(Cl)=C(Oc4ccc(C(C)(C)c5ccc(OC6=C(Cl)C(=O)N(*)C6=O)cc5)cc4)C3=O)cc2)cc1,tg,175.0,173.06194755715384
*c1ccc(Oc2ccc(N3C(=O)C(c4ccccc4)=C(c4ccc(C5=C(c6ccccc6)C(=O)N(*)C5=O)cc4)C3=O)cc2)cc1,tg,275.0,272.67388806070284
*c1ccc(Oc2ccc(N3C(=O)C4CCC(C5CCC6C(=O)N(*)C(=O)C6C5)CC4C3=O)cc2)cc1,tg,257.0,265.24271603777083
*c1ccc(Oc2ccc(N3C(=O)C4CCC5C(=O)N(*)C(=O)C5C4C3=O)cc2)cc1,tg,342.0,290.3137676770349
*c1ccc(Oc2ccc(N3C(=O)c4c(c(-c5ccccc5)c(-c5ccc(-c6c(-c7ccccc7)c7c(c(-c8ccccc8)c6-c6ccccc6)C(=O)N(*)C7=O)cc5)c(-c5ccccc5)c4-c4ccccc4)C3=O)cc2)cc1,tg,413.0,381.35822372385513
*c1ccc(Oc2ccc(N3C(=O)c4c(c(-c5ccccc5)c(-c5ccc(Oc6ccc(-c7c(-c8ccccc8)c8c(c(-c9ccccc9)c7-c7ccccc7)C(=O)N(*)C8=O)cc6)cc5)c(-c5ccccc5)c4-c4ccccc4)C3=O)cc2)cc1,tg,360.0,343.5909509986911
*c1ccc(Oc2ccc(N3C(=O)c4cc(-c5ccc(C(C)(C)C)cc5)c(-c5cc6c(cc5-c5ccc(C(C)(C)C)cc5)C(=O)N(*)C6=O)cc4C3=O)cc2)cc1,tg,370.0,354.41088137963624
*c1ccc(Oc2ccc(N3C(=O)c4ccc(-c5ccc6c(c5)C(=O)N(*)C6=O)cc4C3=O)cc2Br)c(Br)c1,tg,275.0,283.83033317173505
*c1ccc(Oc2ccc(N3C(=O)c4ccc(Oc5c(C)cc(-c6cc(C)c(Oc7ccc8c(c7)C(=O)N(*)C8=O)c(C)c6)cc5C)cc4C3=O)cc2)cc1,tg,299.0,288.6280133987349
*c1ccc(Oc2ccc(N3C(=O)c4ccc(Oc5c(C)cc(Cc6cc(C)c(Oc7ccc8c(c7)C(=O)N(*)C8=O)c(C)c6)cc5C)cc4C3=O)cc2)cc1,tg,266.0,266.49245586699345
*c1ccc(Oc2ccc(N3C(=O)c4ccc(Oc5cc6ccccc6cc5Oc5ccc6c(c5)C(=O)N(*)C6=O)cc4C3=O)cc2)cc1,tg,228.75,250.7938570772025
*c1ccc(Oc2ccc(N3C(=O)c4ccc(Oc5ccc(-c6ccc(Oc7ccc8c(c7)C(=O)N(*)C8=O)cc6)cc5)cc4C3=O)cc2)cc1,tg,229.0,241.1113087375068
*c1ccc(Oc2ccc(N3C(=O)c4ccc(Oc5ccc(C(=O)c6ccc(Oc7ccc8c(c7)C(=O)N(*)C8=O)cc6)cc5)cc4C3=O)cc2)cc1,tg,210.0,235.10639778071672
*c1ccc(Oc2ccc(N3C(=O)c4ccc(Oc5ccc(C(C)(C)c6ccc(Oc7ccc8c(c7)C(=O)N(*)C8=O)cc6)cc5)cc4C3=O)cc2)cc1,tg,217.25,221.2738449822865
*c1ccc(Oc2ccc(N3C(=O)c4ccc(Oc5ccc(C(c6ccc(Oc7ccc8c(c7)C(=O)N(*)C8=O)cc6)(C(F)(F)F)C(F)(F)F)cc5)cc4C3=O)cc2)cc1,tg,257.0,239.95562684951918
*c1ccc(Oc2ccc(N3C(=O)c4ccc(Oc5ccc(Oc6ccc(Oc7ccc8c(c7)C(=O)N(*)C8=O)cc6)cc5)cc4C3=O)cc2)cc1,tg,215.0,218.1559539838857
*c1ccc(Oc2ccc(N3C(=O)c4ccc(Oc5ccc(Oc6ccc7c(c6)C(=O)N(*)C7=O)cc5)cc4C3=O)cc2)cc1,tg,248.75,233.15285757047718
*c1ccc(Oc2ccc(N3C(=O)c4ccc(Oc5ccc(S(=O)(=O)c6ccc(Oc7ccc8c(c7)C(=O)N(*)C8=O)cc6)cc5)cc4C3=O)cc2)cc1,tg,260.0,251.0767260256195
*c1ccc(Oc2ccc(N3C(=O)c4ccc(Oc5ccc6c(c5)C(=O)N(*)C6=O)cc4C3=O)cc2)cc1,tg,266.3,263.59361350369073
*c1ccc(Oc2ccc(N3C(=O)c4ccc(Oc5ccc6c(c5)C(=O)N(*)C6=O)cc4C3=O)cc2Br)c(Br)c1,tg,251.0,262.15651017448005
*c1ccc(Oc2ccc(N3C(=O)c4ccc(Oc5ccc6c(c5)C(=O)N(c5ncc(*)s5)C6=O)cc4C3=O)cc2)cc1,tg,300.0,272.6050041130165
*c1ccc(Oc2ccc(N3C(=O)c4ccc(Oc5cccc(Oc6ccc7c(c6)C(=O)N(*)C7=O)c5)cc4C3=O)cc2)cc1,tg,209.0,213.1015361458561
*c1ccc(Oc2ccc(N3C(=O)c4ccc(Oc5cccc6c5C(=O)N(*)C6=O)cc4C3=O)cc2)cc1,tg,277.0,266.74010728513997
*c1ccc(Oc2ccc(N3C(=O)c4ccc(P(=O)(c5ccccc5)c5ccc6c(c5)C(=O)N(*)C6=O)cc4C3=O)cc2)cc1,tg,318.0,288.7111461933545
*c1ccc(Oc2ccc(N3C(=O)c4ccc(S(=O)(=O)c5ccc6c(c5)C(=O)N(*)C6=O)cc4C3=O)cc2)cc1,tg,283.5,279.3468133071803
*c1ccc(Oc2ccc(N3C(=O)c4ccc(S(=O)(=O)c5ccc6c(c5)C(=O)N(*)C6=O)cc4C3=O)cc2Br)c(Br)c1,tg,281.0,295.0929617010455
*c1ccc(Oc2ccc(N3C(=O)c4ccc(Sc5ccc6c(c5)C(=O)N(*)C6=O)cc4C3=O)cc2)cc1,tg,258.0,259.26377350725625
*c1ccc(Oc2ccc(N3C(=O)c4ccc([Si](C)(C)O[Si](C)(C)c5ccc6c(c5)C(=O)N(c5ccc(Oc7ccc(-c8nnc(*)o8)cc7)cc5)C6=O)cc4C3=O)cc2)cc1,tg,190.5,202.17434151268924
*c1ccc(Oc2ccc(N3C(=O)c4cccc(Oc5c(C)cc(Cc6cc(C)c(Oc7cccc8c7C(=O)N(*)C8=O)c(C)c6)cc5C)c4C3=O)cc2)cc1,tg,270.0,246.89070081841504
*c1ccc(Oc2ccc(N3C(=O)c4cccc(Oc5ccc(-c6ccc(Oc7cccc8c7C(=O)N(*)C8=O)cc6)cc5)c4C3=O)cc2)cc1,tg,277.0,257.16603095738725
*c1ccc(Oc2ccc(N3C(=O)c4cccc(Oc5ccc(C(C)(C)c6ccc(Oc7cccc8c7C(=O)N(*)C8=O)cc6)cc5)c4C3=O)cc2)cc1,tg,233.67,243.36102919153825
*c1ccc(Oc2ccc(N3C(=O)c4cccc(Oc5ccc(S(=O)(=O)c6ccc(Oc7cccc8c7C(=O)N(*)C8=O)cc6)cc5)c4C3=O)cc2)cc1,tg,267.0,257.83220625598085
*c1ccc(Oc2ccc(N3C(=O)c4cccc(Oc5ccc(Sc6ccc(Oc7cccc8c7C(=O)N(*)C8=O)cc6)cc5)c4C3=O)cc2)cc1,tg,234.0,237.07585595497397
*c1ccc(Oc2ccc(N3C(=O)c4cccc(Oc5cccc(Oc6cccc7c6C(=O)N(*)C7=O)c5)c4C3=O)cc2)cc1,tg,226.0,235.624786352046
*c1ccc(Oc2ccc(N3C(=O)c4cccc(Oc5cccc6c5C(=O)N(*)C6=O)c4C3=O)cc2)cc1,tg,292.5,278.7068960262192
*c1ccc(Oc2ccc(NC(=O)CN3C(=O)c4ccc(C(c5ccc6c(c5)C(=O)N(CC(=O)Nc5ccc(Oc7ccc(-c8nnc(*)o8)cc7)cc5)C6=O)(C(F)(F)F)C(F)(F)F)cc4C3=O)cc2)cc1,tg,263.0,246.16131861404156
*c1ccc(Oc2ccc(NC(=O)c3cc(C(=O)Nc4ccc(Oc5ccc(-c6nnc(*)o6)cc5)cc4)cc(N4C(=O)c5ccccc5C4=O)c3)cc2)cc1,tg,285.0,272.32344558447556
*c1ccc(Oc2ccc(NC(=O)c3cc(NC(=O)c4ccc(OC(C)=O)cc4)cc(C(=O)Nc4ccc(Oc5ccc(-c6nnc(*)o6)cc5)cc4)c3)cc2)cc1,tg,270.0,258.2098237403128
*c1ccc(Oc2ccc(NC(=O)c3ccc(C(=O)Nc4ccc(Oc5ccc(-c6nnc(*)o6)cc5)cc4)c(Oc4ccccc4)c3)cc2)cc1,tg,245.0,243.7815784796914
*c1ccc(Oc2ccc(NC(=O)c3ccc(Oc4cccc5c4C(=O)N(*)C5=O)cc3)cc2)cc1,tg,253.0,257.55199664858407
*c1ccc(Oc2ccc(NC(=O)c3ccc4c(c3)C(=O)N(c3ccc(Cc5ccc(N6C(=O)c7ccc(C(=O)Nc8ccc(Oc9ccc(C%10(*)NC(=O)c%11ccccc%11%10)cc9)cc8)cc7C6=O)cc5)cc3)C4=O)cc2)cc1,tg,302.0,287.03935282222386
*c1ccc(Oc2ccc(NC(=O)c3cccc(Oc4ccc5c(c4)C(=O)N(*)C5=O)c3)cc2)cc1,tg,231.0,234.16540877584168
*c1ccc(Oc2ccc(Oc3ccc(-c4cnc5cc(-c6ccc7nc(*)cnc7c6)ccc5n4)cc3)cc2)cc1,tg,195.0,275.7728980473531
*c1ccc(Oc2ccc(Oc3ccc(-c4nc(*)nc(-c5ccccc5)n4)cc3)cc2)cc1,tg,244.0,229.6592728271442
*c1ccc(Oc2ccc(Oc3ccc(N4C(=O)C(c5ccccc5)=C(c5ccc(C6=C(c7ccccc7)C(=O)N(*)C6=O)cc5)C4=O)cc3)cc2)cc1,tg,249.0,251.98996536734927
*c1ccc(Oc2ccc(Oc3ccc(N4C(=O)C5CCC(C6CCC7C(=O)N(*)C(=O)C7C6)CC5C4=O)cc3)cc2)cc1,tg,238.0,260.0484958241369
*c1ccc(Oc2ccc(Oc3ccc(N4C(=O)C5CCC6C(=O)N(*)C(=O)C6C5C4=O)cc3)cc2)cc1,tg,274.0,285.4879107420113
*c1ccc(Oc2ccc(Oc3ccc(N4C(=O)c5ccc(-c6ccc7c(c6)C(=O)N(*)C7=O)cc5C4=O)cc3)c(-c3ccccc3)c2)cc1,tg,247.0,263.3357216008773
*c1ccc(Oc2ccc(Oc3ccc(N4C(=O)c5ccc(-c6ccc7c(c6)C(=O)N(*)C7=O)cc5C4=O)cc3)c(C(C)(C)C)c2)cc1,tg,274.0,284.36063820913137
*c1ccc(Oc2ccc(Oc3ccc(N4C(=O)c5ccc(-c6ccc7c(c6)C(=O)N(*)C7=O)cc5C4=O)cc3)c(C)c2)cc1,tg,265.0,273.1961871794014
*c1ccc(Oc2ccc(Oc3ccc(N4C(=O)c5ccc(-c6ccc7c(c6)C(=O)N(*)C7=O)cc5C4=O)cc3)cc2)cc1,tg,264.88,257.8243250797836
*c1ccc(Oc2ccc(Oc3ccc(N4C(=O)c5ccc(-c6cccc7c6C(=O)N(*)C7=O)cc5C4=O)cc3)cc2)cc1,tg,285.0,283.52888219225554
*c1ccc(Oc2ccc(Oc3ccc(N4C(=O)c5ccc(Oc6c(C)cc(C(C)(C)c7cc(C)c(Oc8ccc9c(c8)C(=O)N(*)C9=O)c(C)c7)cc6C)cc5C4=O)cc3)c(C(C)(C)C)c2)cc1,tg,244.0,260.76215385216045
*c1ccc(Oc2ccc(Oc3ccc(N4C(=O)c5ccc(Oc6cc7ccccc7cc6Oc6ccc7c(c6)C(=O)N(*)C7=O)cc5C4=O)cc3)cc2)cc1,tg,224.5,214.69839322982662
*c1ccc(Oc2ccc(Oc3ccc(N4C(=O)c5ccc(Oc6ccc(-c7ccc(Oc8ccc9c(c8)C(=O)N(*)C9=O)cc7)cc6)cc5C4=O)cc3)cc2)cc1,tg,212.0,223.7319324513289
*c1ccc(Oc2ccc(Oc3ccc(N4C(=O)c5ccc(Oc6ccc(C7(c8ccc(Oc9ccc%10c(c9)C(=O)N(*)C%10=O)cc8)CCC(C(C)(C)C)CC7)cc6)cc5C4=O)cc3)c(C(C)(C)C)c2)cc1,tg,233.0,250.75118231877948
*c1ccc(Oc2ccc(Oc3ccc(N4C(=O)c5ccc(Oc6ccc(C7(c8ccc(Oc9ccc%10c(c9)C(=O)N(*)C%10=O)cc8)CCC(c8ccccc8)CC7)cc6)cc5C4=O)cc3)c(C(C)(C)C)c2)cc1,tg,236.0,231.98541591533288
*c1ccc(Oc2ccc(Oc3ccc(N4C(=O)c5ccc(Oc6ccc(Sc7ccc(Oc8ccc9c(c8)C(=O)N(*)C9=O)cc7)cc6)cc5C4=O)cc3)cc2)cc1,tg,201.0,194.02679712863548
*c1ccc(Oc2ccc(Oc3ccc(N4C(=O)c5ccc(Oc6ccc7c(c6)C(=O)N(*)C7=O)cc5C4=O)cc3)cc2)cc1,tg,235.78,247.00921768794223
*c1ccc(Oc2ccc(Oc3ccc(N4C(=O)c5ccc(Oc6ccc7ccc(Oc8ccc9c(c8)C(=O)N(*)C9=O)cc7c6)cc5C4=O)cc3)cc2)cc1,tg,228.0,220.14133593970098
*c1ccc(Oc2ccc(Oc3ccc(N4C(=O)c5ccc(Oc6cccc7c6C(=O)N(*)C7=O)cc5C4=O)cc3)cc2)cc1,tg,249.0,249.00051535812287
*c1ccc(Oc2ccc(Oc3ccc(N4C(=O)c5ccc(Oc6ccccc6Oc6ccc7c(c6)C(=O)N(*)C7=O)cc5C4=O)cc3)cc2)cc1,tg,202.0,211.37607963607437
*c1ccc(Oc2ccc(Oc3ccc(N4C(=O)c5ccc(Oc6ccccc6Oc6ccc7c(c6)C(=O)N(*)C7=O)cc5C4=O)cc3C(F)(F)F)cc2)c(C(F)(F)F)c1,tg,197.0,193.49165871114084
*c1ccc(Oc2ccc(Oc3ccc(N4C(=O)c5cccc(Oc6c(C)cc(Cc7cc(C)c(Oc8cccc9c8C(=O)N(*)C9=O)c(C)c7)cc6C)c5C4=O)c(C)c3)cc2)cc1C,tg,238.0,236.6775553055723
*c1ccc(Oc2ccc(Oc3ccc(N4C(=O)c5cccc(Oc6ccc(C(C)(C)c7ccc(Oc8cccc9c8C(=O)N(*)C9=O)cc7)cc6)c5C4=O)c(C)c3)cc2)cc1C,tg,222.0,220.1438481931447
*c1ccc(Oc2ccc(Oc3ccc(NC(=O)c4ccc(Oc5ccc6c(c5)C(=O)N(*)C6=O)cc4)cc3)cc2)cc1,tg,242.0,226.64031899335353
*c1ccc(Oc2ccc(Oc3ccc(NC(=O)c4ccc(Oc5cccc6c5C(=O)N(*)C6=O)cc4)cc3)cc2)cc1,tg,244.0,235.689717716807
*c1ccc(Oc2ccc(Oc3ccc(NC(=O)c4cccc(Oc5ccc6c(c5)C(=O)N(*)C6=O)c4)cc3)cc2)cc1,tg,213.0,219.3210587201921
*c1ccc(Oc2ccc(Oc3ccc(Oc4ccc(-c5nc6ccc(-c7ccc8nc(*)c(-c9ccccc9)nc8c7)cc6nc5-c5ccccc5)cc4)cc3)cc2)cc1,tg,263.0,270.92568838617007
*c1ccc(Oc2ccc(Oc3ccc(Oc4ccc(N5C(=O)c6ccc(-c7ccc8c(c7)C(=O)N(*)C8=O)cc6C5=O)cc4)cc3)cc2)cc1,tg,228.51,243.2490443479354
*c1ccc(Oc2ccc(Oc3ccc(Oc4ccc(N5C(=O)c6ccc(Oc7ccc(-c8ccc(Oc9ccc%10c(c9)C(=O)N(*)C%10=O)cc8)cc7)cc6C5=O)cc4)cc3)cc2)cc1,tg,212.0,211.81327543685683
*c1ccc(Oc2ccc(Oc3ccc(Oc4ccc(N5C(=O)c6ccc(Oc7ccc(Oc8ccc9c(c8)C(=O)N(*)C9=O)cc7)cc6C5=O)cc4)cc3)cc2)cc1,tg,210.0,203.54460436678912
*c1ccc(Oc2ccc(Oc3ccc(P(=O)(c4ccccc4)c4ccc(Oc5ccc(Oc6ccc(-c7nc8ccccc8nc7*)cc6)cc5)cc4)cc3)cc2)cc1,tg,209.0,247.33442117037768
*c1ccc(Oc2ccc(P(=O)(c3ccccc3)c3ccc(Oc4ccc(-c5cc(*)[nH]n5)cc4)cc3)cc2)cc1,tg,296.0,269.52512037899066
*c1ccc(Oc2ccc(P(=O)(c3ccccc3)c3ccc(Oc4ccc(-c5ccc(*)nc5)cc4)cc3)cc2)cc1,tg,257.0,262.7775951465966
*c1ccc(Oc2ccc(P(=O)(c3ccccc3)c3ccc(Oc4ccc(-c5nc(-c6ccccc6)[nH]c5*)cc4)cc3)cc2)cc1,tg,318.0,270.8012726778278
*c1ccc(Oc2ccc(S(=O)(=O)c3ccc(Oc4ccc(-c5c6c(c(*)c7ccccc57)C(=O)N(CCCCCCCCCCCC)C6=O)cc4)cc3)cc2)cc1,tg,167.0,149.4958156584796
*c1ccc(Oc2ccc(S(=O)(=O)c3ccc(Oc4ccc(-c5c6c(c(*)c7ccccc57)C(=O)N(c5ccc(C(F)(F)F)cc5)C6=O)cc4)cc3)cc2)cc1,tg,290.0,287.21113899913394
*c1ccc(Oc2ccc(S(=O)(=O)c3ccc(Oc4ccc(-c5c6c(c(*)c7ccccc57)C(=O)N(c5ccc(F)cc5)C6=O)cc4)cc3)cc2)cc1,tg,300.0,294.59881126481616
*c1ccc(Oc2ccc(S(=O)(=O)c3ccc(Oc4ccc(-c5c6c(c(*)c7ccccc57)C(=O)N(c5cccc(C(F)(F)F)c5)C6=O)cc4)cc3)cc2)cc1,tg,280.5,280.8661736767818
*c1ccc(Oc2ccc(S(=O)(=O)c3ccc(Oc4ccc(-c5c6c(c(*)c7ccccc57)C(=O)N(c5ccccc5)C6=O)cc4)cc3)cc2)cc1,tg,305.0,288.48932971308204
*c1ccc(Oc2ccc(S(=O)(=O)c3ccc(Oc4ccc(-c5c6c(c(*)c7ccccc57)C(=O)N(c5ccccc5-c5ccccc5)C6=O)cc4)cc3)cc2)cc1,tg,278.0,273.16762945590517
*c1ccc(Oc2ccc(S(=O)(=O)c3ccc(Oc4ccc(-c5c6c(c(*)c7ccccc57)C(=O)N(c5ccccc5C(F)(F)F)C6=O)cc4)cc3)cc2)cc1,tg,290.0,284.4145567469506
*c1ccc(Oc2ccc(S(=O)(=O)c3ccc(Oc4ccc(-c5cc(*)[nH]n5)cc4)cc3)cc2)cc1,tg,260.0,241.1417351084614
*c1ccc(Oc2ccc(S(=O)(=O)c3ccc(Oc4ccc(-c5nc(-c6ccccc6)[nH]c5*)cc4)cc3)cc2)cc1,tg,277.0,254.15000457553768
*c1ccc(Oc2ccc(S(=O)(=O)c3ccc(Oc4ccc(-c5nc(-c6ccccn6)nnc5*)cc4)cc3)cc2)cc1,tg,265.0,246.0196892253676
*c1ccc(Oc2ccc(S(=O)(=O)c3ccc(Oc4ccc(-c5ncc(*)o5)cc4C(F)(F)F)cc3)cc2)c(C(F)(F)F)c1,tg,210.0,208.65612091334032
*c1ccc(Oc2ccc(S(=O)(=O)c3ccc(Oc4ccc(C5(*)OC(=O)c6ccccc65)cc4)cc3)cc2)cc1,tg,247.14,250.6853523176307
*c1ccc(Oc2ccc(S(=O)(=O)c3ccc(Oc4ccc(C5(*)OC(=O)c6ccccc65)cc4C)cc3)cc2)c(C)c1,tg,245.0,252.11620649926664
*c1ccc(Oc2ccc(S(=O)(=O)c3ccc(Oc4ccc(N5C(=O)C6CCC(C7CCC8C(=O)N(*)C(=O)C8C7)CC6C5=O)cc4)cc3)cc2)cc1,tg,256.5,268.53127255432173
*c1ccc(Oc2ccc(S(=O)(=O)c3ccc(Oc4ccc(N5C(=O)c6ccc(Oc7ccc(C(C)(C)c8ccc(Oc9ccc%10c(c9)C(=O)N(*)C%10=O)cc8)cc7)cc6C5=O)cc4)cc3)cc2)cc1,tg,200.0,207.69147860915479
*c1ccc(Oc2ccc(S(=O)(=O)c3ccc(Oc4ccc(N5C(=O)c6ccc(Oc7ccc(Oc8ccc9c(c8)C(=O)N(*)C9=O)cc7)cc6C5=O)cc4)cc3)cc2)cc1,tg,201.0,216.82123593994126
*c1ccc(Oc2ccc(S(=O)(=O)c3ccc(Oc4ccc(N5C(=O)c6ccc(Oc7cccc(Oc8ccc9c(c8)C(=O)N(*)C9=O)c7)cc6C5=O)cc4)cc3)cc2)cc1,tg,201.0,204.8063296559871
*c1ccc(Oc2ccc(S(=O)(=O)c3ccc(Oc4ccc(N5C(=O)c6ccc(Oc7cccc8c(Oc9ccc%10c(c9)C(=O)N(*)C%10=O)cccc78)cc6C5=O)cc4)cc3)cc2)cc1,tg,201.0,227.63150832814
*c1ccc(Oc2ccc(S(=O)(=O)c3ccc(Oc4ccc(N5C(=O)c6ccc([Si](C)(C)c7ccc8c(c7)C(=O)N(*)C8=O)cc6C5=O)cc4)cc3)cc2)cc1,tg,238.0,260.34036115783005
*c1ccc(Oc2ccc(Sc3ccc(Oc4ccc(-c5ccc(*)s5)cc4C(F)(F)F)cc3)cc2)c(C(F)(F)F)c1,tg,142.0,147.11615970859265
*c1ccc(Oc2ccc(Sc3ccc(Oc4ccc(-c5nc(*)nc(-c6ccccc6)n5)cc4)cc3)cc2)cc1,tg,211.0,218.51978442044748
*c1ccc(Oc2ccc(Sc3ccc(Oc4ccc(N5C(=O)c6ccc(Oc7ccc(-c8ccc(Oc9ccc%10c(c9)C(=O)N(*)C%10=O)cc8)cc7)cc6C5=O)cc4)cc3)cc2)cc1,tg,212.0,208.4415895348657
*c1ccc(Oc2ccc(Sc3ccc(Oc4ccc(N5C(=O)c6ccc(Oc7ccc(Oc8ccc(Oc9ccc%10c(c9)C(=O)N(*)C%10=O)cc8)cc7)cc6C5=O)cc4)cc3)cc2)cc1,tg,198.5,206.72725195496835
*c1ccc(Oc2ccc(Sc3ccc(Oc4ccc(N5C(=O)c6ccc(Oc7ccc(Sc8ccc(Oc9ccc%10c(c9)C(=O)N(*)C%10=O)cc8)cc7)cc6C5=O)cc4)cc3)cc2)cc1,tg,195.5,197.95391086297533
*c1ccc(Oc2ccc3ccc(Oc4ccc(N5C(=O)CC(=O)N(*)C5=S)cc4)cc3c2)cc1,tg,151.5,180.34245344539542
*c1ccc(Oc2ccc3ccccc3c2-c2c(Oc3ccc(N4C(=O)c5ccc(NC(=O)Nc6ccc(-c7cc(-c8ccc(-c9ccccc9)cc8)cc(-c8ccc(NC(=O)Nc9ccc%10c(c9)C(=O)N(*)C%10=O)cc8)n7)cc6)cc5C4=O)cc3)ccc3ccccc23)cc1,tg,302.0,299.5646883717022
*c1ccc(Oc2ccc3ccccc3c2-c2c(Oc3ccc(N4C(=O)c5ccc(NC(=O)Nc6ccc(Oc7ccc(NC(=O)Nc8ccc9c(c8)C(=O)N(*)C9=O)cc7)cc6)cc5C4=O)cc3)ccc3ccccc23)cc1,tg,274.0,282.9220877724932
*c1ccc(Oc2ccc3ccccc3c2-c2c(Oc3ccc(N4C(=O)c5ccc(NC(=O)Nc6ccc(Oc7ccccc7-c7ccccc7Oc7ccc(NC(=O)Nc8ccc9c(c8)C(=O)N(*)C9=O)cc7)cc6)cc5C4=O)cc3)ccc3ccccc23)cc1,tg,285.0,274.16193164535235
*c1ccc(Oc2ccc3ccccc3c2-c2c(Oc3ccc(N4C(=O)c5ccc(NC(=O)Nc6cccc(NC(=O)Nc7ccc8c(c7)C(=O)N(*)C8=O)n6)cc5C4=O)cc3)ccc3ccccc23)cc1,tg,283.0,273.21950493155583
*c1ccc(Oc2ccc3ccccc3c2-c2c(Oc3ccc(N4C(=O)c5ccc(NC(=O)Nc6cccc7c(NC(=O)Nc8ccc9c(c8)C(=O)N(*)C9=O)cccc67)cc5C4=O)cc3)ccc3ccccc23)cc1,tg,297.0,306.04199060542
*c1ccc(Oc2cccc(-n3c(=O)c4cc5c(=O)n(-c6cccc(Oc7ccc(-c8nc9cc%10sc(*)nc%10cc9s8)cc7)c6)c(=O)c5cc4c3=O)c2)cc1,tg,400.0,351.8298953576666
*c1ccc(Oc2cccc(N3C(=O)c4ccc(-c5ccc6c(c5)C(=O)N(*)C6=O)cc4C3=O)c2)cc1,tg,255.5,268.7517119548833
*c1ccc(Oc2cccc(N3C(=O)c4ccc(-c5cccc6c5C(=O)N(*)C6=O)cc4C3=O)c2)cc1,tg,286.0,285.1669010324713
*c1ccc(Oc2cccc(N3C(=O)c4ccc(Oc5ccc6c(c5)C(=O)N(*)C6=O)cc4C3=O)c2)cc1,tg,233.75,237.5835792455685
*c1ccc(Oc2cccc(N3C(=O)c4ccc(Oc5ccc6cc(Oc7ccc8c(c7)C(=O)N(*)C8=O)ccc6c5)cc4C3=O)c2)cc1,tg,225.0,231.59068491402806
*c1ccc(Oc2cccc(N3C(=O)c4ccc([Si](C)(C)O[Si](C)(C)c5ccc6c(c5)C(=O)N(c5cccc(Oc7ccc(-c8nnc(*)o8)cc7)c5)C6=O)cc4C3=O)c2)cc1,tg,165.0,199.74575313094107
*c1ccc(Oc2cccc(N3C(=O)c4ccc5c6c(ccc(c46)C3=O)C(=O)N(c3cccc(Oc4ccc(-c6nnc(*)o6)cc4)c3)C5=O)c2)cc1,tg,318.0,278.4723663487322
*c1ccc(Oc2cccc(Oc3ccc(N4C(=O)C5CCC(C6CCC7C(=O)N(*)C(=O)C7C6)CC5C4=O)cc3)c2)cc1,tg,215.0,245.13031291635485
*c1ccc(Oc2cccc(Oc3ccc(N4C(=O)CC(=O)N(*)C4=S)cc3)c2)cc1,tg,128.0,142.61075485411826
*c1ccc(Oc2cccc(Oc3ccc(N4C(=O)c5ccc(-c6ccc7c(c6)C(=O)N(*)C7=O)cc5C4=O)cc3)c2)cc1,tg,220.0,247.40202300531806
*c1ccc(Oc2cccc(Oc3ccc(N4C(=O)c5ccc(-c6ccc7c(c6)C(=O)N(*)C7=O)cc5C4=O)cc3)c2C#N)cc1,tg,271.0,268.5002540478553
*c1ccc(Oc2cccc(Oc3ccc(N4C(=O)c5ccc(-c6cccc7c6C(=O)N(*)C7=O)cc5C4=O)cc3)c2)cc1,tg,259.0,253.94484090745556
*c1ccc(Oc2cccc(Oc3ccc(N4C(=O)c5ccc(Oc6ccc(-c7ccc(Oc8ccc9c(c8)C(=O)N(*)C9=O)cc7)cc6)cc5C4=O)cc3)c2)cc1,tg,205.0,201.8826181280274
*c1ccc(Oc2cccc(Oc3ccc(N4C(=O)c5ccc(Oc6ccc(C(=O)c7ccc(Oc8ccc9c(c8)C(=O)N(*)C9=O)cc7)cc6)cc5C4=O)cc3)c2)cc1,tg,194.0,196.67876480840755
*c1ccc(Oc2cccc(Oc3ccc(N4C(=O)c5ccc(Oc6ccc(C(C)(C)c7ccc(Oc8ccc9c(c8)C(=O)N(*)C9=O)cc7)cc6)cc5C4=O)cc3)c2C#N)cc1,tg,213.0,203.6439283839326
*c1ccc(Oc2cccc(Oc3ccc(N4C(=O)c5ccc(Oc6ccc(S(=O)(=O)c7ccc(Oc8ccc9c(c8)C(=O)N(*)C9=O)cc7)cc6)cc5C4=O)cc3)c2)cc1,tg,219.0,201.93699838723632
*c1ccc(Oc2cccc(Oc3ccc(N4C(=O)c5ccc(Oc6ccc(Sc7ccc(Oc8ccc9c(c8)C(=O)N(*)C9=O)cc7)cc6)cc5C4=O)cc3)c2)cc1,tg,178.0,194.9750568985353
*c1ccc(Oc2cccc(Oc3ccc(N4C(=O)c5cccc(Oc6ccc(-c7ccc(Oc8cccc9c8C(=O)N(*)C9=O)cc7)cc6)c5C4=O)cc3)c2)cc1,tg,224.0,219.2975276436529
*c1ccc(Oc2cccc(Oc3ccc(N4C(=O)c5cccc(Oc6ccc(C(=O)c7ccc(Oc8cccc9c8C(=O)N(*)C9=O)cc7)cc6)c5C4=O)cc3)c2)cc1,tg,216.0,211.52675054157473
*c1ccc(Oc2cccc(Oc3ccc(N4C(=O)c5cccc(Oc6ccc(Oc7ccc(Oc8cccc9c8C(=O)N(*)C9=O)cc7)cc6)c5C4=O)cc3)c2)cc1,tg,198.0,207.33862976621387
*c1ccc(Oc2cccc(Oc3ccc(N4C(=O)c5cccc(Oc6ccc(S(=O)(=O)c7ccc(Oc8cccc9c8C(=O)N(*)C9=O)cc7)cc6)c5C4=O)cc3)c2)cc1,tg,230.0,218.3284929122398
*c1ccc(Oc2cccc(Oc3ccc(N4C(=O)c5cccc(Oc6ccc(Sc7ccc(Oc8cccc9c8C(=O)N(*)C9=O)cc7)cc6)c5C4=O)cc3)c2)cc1,tg,202.0,205.68680139274653
*c1ccc(Oc2cccc3c(NC(=O)c4ccc(C(c5ccc(C(=O)Nc6cccc7c(Oc8ccc(-c9nnc(*)o9)cc8)cccc67)cc5)(C(F)(F)F)C(F)(F)F)cc4)cccc23)cc1,tg,279.0,252.47960159901828
*c1ccc(Oc2cccc3c(NC(=O)c4ccc([Si](c5ccccc5)(c5ccccc5)c5ccc(C(=O)Nc6cccc7c(Oc8ccc(-c9nnc(*)o9)cc8)cccc67)cc5)cc4)cccc23)cc1,tg,275.0,250.34623685451044
*c1ccc(Oc2cccc3c(Oc4ccc(N5C(=O)c6ccc(-c7ccc8c(c7)C(=O)N(*)C8=O)cc6C5=O)cc4)cccc23)cc1,tg,305.0,269.72062600810386
*c1ccc(Oc2cccc3c(Oc4ccc(N5C(=O)c6ccc(S(=O)(=O)c7ccc8c(c7)C(=O)N(*)C8=O)cc6C5=O)cc4)cccc23)cc1,tg,306.0,267.99097461742053
*c1ccc(Oc2ccccc2N2C(=O)c3ccc(Oc4ccc5c(c4)C(=O)N(*)C5=O)cc3C2=O)cc1,tg,264.0,261.2612829573573
*c1ccc(Oc2ccccc2Oc2ccc(N3C(=O)c4ccc(Oc5cc6ccccc6cc5Oc5ccc6c(c5)C(=O)N(*)C6=O)cc4C3=O)cc2)cc1,tg,204.0,217.22424578480175
*c1ccc(Oc2ccccc2Oc2ccc(N3C(=O)c4ccc(Oc5ccc6c(c5)C(=O)N(*)C6=O)cc4C3=O)cc2C(F)(F)F)c(C(F)(F)F)c1,tg,223.0,224.21767973790912
*c1ccc(Oc2ccccc2Oc2ccc(N3C(=O)c4ccc(Oc5ccccc5Oc5ccc6c(c5)C(=O)N(*)C6=O)cc4C3=O)cc2C(F)(F)F)c(C(F)(F)F)c1,tg,185.0,199.11173505055478
*c1ccc(Oc2ccccc2Oc2ccc(N3C(=O)c4ccc(S(=O)(=O)c5ccc6c(c5)C(=O)N(*)C6=O)cc4C3=O)cc2C(F)(F)F)c(C(F)(F)F)c1,tg,255.0,246.85309627820024
*c1ccc(S(=O)(=O)c2ccc(-n3nc(*)c4ccccc4c3=O)cc2)cc1,tg,422.0,300.00512480628674
*c1ccc(S(=O)(=O)c2ccc(N3C(=O)C(C)C(SCCOCCSC4C(=O)N(c5ccc(S(=O)(=O)c6ccc(N7C(=O)CC(C)(SCCOCCSC8(C)CC(=O)N(*)C8=O)C7=O)cc6)cc5)C(=O)C4C)C3=O)cc2)cc1,tg,157.0,123.52367997688877
*c1ccc(S(=O)(=O)c2ccc(N3C(=O)c4ccc(-c5ccc6c(c5)C(=O)N(*)C6=O)cc4C3=O)cc2)cc1,tg,350.0,326.33001611781583
*c1ccc(S(=O)(=O)c2ccc(N3C(=O)c4ccc(Oc5ccc(C(C)(C)c6ccc(Oc7ccc8c(c7)C(=O)N(*)C8=O)cc6)cc5)cc4C3=O)cc2)cc1,tg,240.0,241.3448462226278
*c1ccc(S(=O)(=O)c2ccc(N3C(=O)c4ccc(Oc5ccc(Oc6ccc7c(c6)C(=O)N(*)C7=O)cc5)cc4C3=O)cc2)cc1,tg,283.0,267.1954114389723
*c1ccc(S(=O)(=O)c2ccc(N3C(=O)c4ccc(Oc5ccc6c(c5)C(=O)N(*)C6=O)cc4C3=O)cc2)cc1,tg,262.0,282.68763166049297
*c1ccc(Sc2cc3c(cc2Sc2ccc(N4C(=O)C5C6C=CC(C7C(=O)N(*)C(=O)C67)C5C4=O)cc2)C(=O)N(CCN(C)C)C3=O)cc1,tg,310.0,244.41009607614
*c1ccc(Sc2cc3c(cc2Sc2ccc(N4C(=O)C5C6C=CC(C7C(=O)N(*)C(=O)C67)C5C4=O)cc2)C(=O)N(CCc2ccccc2)C3=O)cc1,tg,258.0,264.4980696465068
*c1ccc(Sc2cc3c(cc2Sc2ccc(N4C(=O)C5C6C=CC(C7C(=O)N(*)C(=O)C67)C5C4=O)cc2)C(=O)N(c2ccc(CC)cc2)C3=O)cc1,tg,320.0,277.1928689860278
*c1ccc(Sc2cc3c(cc2Sc2ccc(N4C(=O)c5ccc(Oc6ccc7c(c6)C(=O)N(*)C7=O)cc5C4=O)cc2)C(=O)N(c2ccc(CC)cc2)C3=O)cc1,tg,271.0,255.990755820527
*c1ccc(Sc2ccc(-c3nc4cc(-c5ccc6nc(-c7ccccc7)c(*)nc6c5)ccc4nc3-c3ccccc3)cc2)cc1,tg,281.0,287.12740745649927
*c1ccc(Sc2ccc(-c3nc4ccc(-c5ccc6nc(*)c(-c7ccccc7)nc6c5)cc4nc3-c3ccccc3)cc2)cc1,tg,288.0,286.31107130276496
*c1ccc(Sc2ccc(Sc3ccc(N4C(=O)c5ccc(Sc6ccc(Sc7ccc(Sc8ccc9c(c8)C(=O)N(*)C9=O)cc7)cc6)cc5C4=O)cc3)s2)cc1,tg,185.5,204.79045226720478
*c1ccc(Sc2ccc(Sc3ccc(Sc4ccc(N5C(=O)c6ccc(-c7ccc8c(c7)C(=O)N(*)C8=O)cc6C5=O)cc4)cc3)cc2)cc1,tg,227.1,238.03971076927064
*c1ccc(Sc2ccc(Sc3ccc(Sc4ccc(N5C(=O)c6ccc(Oc7ccc8c(c7)C(=O)N(*)C8=O)cc6C5=O)cc4)cc3)cc2)cc1,tg,202.65,226.3618279978779
*c1ccc(Sc2ccc(Sc3ccc(Sc4ccc(N5C(=O)c6ccc(Sc7ccc(Sc8ccc(Sc9ccc%10c(c9)C(=O)N(*)C%10=O)cc8)cc7)cc6C5=O)cc4)cc3)cc2)cc1,tg,176.45,191.07557350749187
*c1ccc(Sc2ccc(Sc3ccc(Sc4ccc(S(*)(=O)=O)cc4S(=O)(=O)O)cc3)cc2)c(S(=O)(=O)O)c1,tg,202.0,169.77349022097582
*c1ccc(Sc2ccc(Sc3ccc(Sc4ccc(S(*)=O)cc4)cc3)cc2)cc1,tg,133.0,145.67857899295961
*c1ccc(Sc2ccc(Sc3ccc(Sc4ccc(Sc5ccc(N6C(=O)c7ccc(Sc8ccc(Sc9ccc(Sc%10ccc%11c(c%10)C(=O)N(*)C%11=O)cc9)cc8)cc7C6=O)cc5)s4)s3)s2)cc1,tg,177.0,214.42495340236363
*c1ccc(Sc2cccc(Sc3ccc(S(*)=O)cc3)c2)cc1,tg,121.0,125.30184860218228
*c1ccc([Si](*)(C)C)s1,tg,21.0,34.21978107646813
*c1ccc([Si](CCCC)(CCCC)[Si](*)(CCCC)CCCC)s1,tg,-53.0,-13.261287357315052
*c1ccc([Si](c2ccccc2)(c2ccccc2)c2ccc(-c3nnc(-c4ccc(-c5nnc(*)o5)c5ccccc45)o3)cc2)cc1,tg,271.5,281.3550580431926
*c1ccc([Si](c2ccccc2)(c2ccccc2)c2ccc(-c3nnc(-c4ccc(-c5nnc(*)o5)cc4)o3)cc2)cc1,tg,274.0,267.7988450187667
*c1ccc([Si](c2ccccc2)(c2ccccc2)c2ccc(-c3nnc(-c4ccc(-c5nnc(*)o5)o4)o3)cc2)cc1,tg,264.0,258.2380086524786
*c1ccc([Si](c2ccccc2)(c2ccccc2)c2ccc(-c3nnc(-c4cccc(-c5nnc(*)o5)n4)o3)cc2)cc1,tg,265.0,256.4540123474249
*c1ccc([Si](c2ccccc2)(c2ccccc2)c2ccc(-c3nnc(-c4cncc(-c5nnc(*)o5)c4)o3)cc2)cc1,tg,272.0,258.9385808364526
*c1ccc2c(c1)C(*)(C)CC2(C)C,tg,212.75,232.38771820203542
*c1ccc2c(c1)C(=O)N(C1CC(C)(C)CC(C)(CN3C(=O)c4ccc(C(*)(C(F)(F)F)C(F)(F)F)cc4C3=O)C1)C2=O,tg,278.0,270.3934923667207
*c1ccc2c(c1)C(=O)N(c1c(C(C)C)cc(C(c3ccccc3)(c3cc(C(C)C)c(N4C(=O)c5ccc(C(*)(C(F)(F)F)C(F)(F)F)cc5C4=O)c(C(C)C)c3)C(F)(F)F)cc1C(C)C)C2=O,tg,274.0,267.18779255130426
*c1ccc2c(c1)C(=O)N(c1c(C(C)C)cc(Cc3cc(C(C)C)c(N4C(=O)c5ccc(C(*)(C(F)(F)F)C(F)(F)F)cc5C4=O)c(C(C)C)c3)cc1C(C)C)C2=O,tg,278.5,261.1682519508353
*c1ccc2c(c1)C(=O)N(c1c(C)cc(-c3cc(C)c(-c4cc(C)c(N5C(=O)c6ccc(C(*)(C(F)(F)F)C(F)(F)F)cc6C5=O)c(C)c4)cc3C)cc1C)C2=O,tg,361.0,343.6673565494086
*c1ccc2c(c1)C(=O)N(c1c(C)cc(-c3cc(C)c(N4C(=O)c5ccc(C(*)(C(F)(F)F)C(F)(F)F)cc5C4=O)c4ccccc34)c3ccccc13)C2=O,tg,403.0,343.7082217311571
*c1ccc2c(c1)C(=O)N(c1c(C)cc(C(c3cccc(C(F)(F)F)c3)c3cc(C)c(N4C(=O)c5ccc(C(*)(C(F)(F)F)C(F)(F)F)cc5C4=O)c(C)c3)cc1C)C2=O,tg,286.1,297.6055125443702
*c1ccc2c(c1)C(=O)N(c1c(C)cc(C(c3ccccc3)(c3cc(C)c(N4C(=O)c5ccc(C(*)(C(F)(F)F)C(F)(F)F)cc5C4=O)c(C(C)C)c3)C(F)(F)F)cc1C(C)C)C2=O,tg,289.0,288.4411118746631
*c1ccc2c(c1)C(=O)N(c1c(C)cc(C)c(C(=O)c3cccc(N4C(=O)c5ccc(C(*)(C(F)(F)F)C(F)(F)F)cc5C4=O)c3)c1C)C2=O,tg,280.0,287.9242408707625
*c1ccc2c(c1)C(=O)N(c1c(C)cc(C)c(N3C(=O)c4ccc(C(*)(C(F)(F)F)C(F)(F)F)cc4C3=O)c1C)C2=O,tg,366.25,350.8005665153081
*c1ccc2c(c1)C(=O)N(c1c(C)cc(C3(c4cc(C)c(N5C(=O)c6ccc(C(*)(C(F)(F)F)C(F)(F)F)cc6C5=O)c(C(C)C)c4)c4ccccc4-c4ccccc43)cc1C(C)C)C2=O,tg,335.0,304.4481536162866
*c1ccc2c(c1)C(=O)N(c1c(C)cc(C3(c4cc(C)c(N5C(=O)c6ccc(C(*)(C(F)(F)F)C(F)(F)F)cc6C5=O)c(C)c4)c4ccccc4-c4ccccc43)cc1C)C2=O,tg,361.0,365.5180479480727
*c1ccc2c(c1)C(=O)N(c1c(C)cc(Cc3cc(C)c(N4C(=O)c5ccc(C(*)(C(F)(F)F)C(F)(F)F)cc5C4=O)c(C(C)C)c3)cc1C(C)C)C2=O,tg,276.0,271.311466259119
*c1ccc2c(c1)C(=O)N(c1c(C)cc(Cc3cc(C)c(N4C(=O)c5ccc(C(*)(C(F)(F)F)C(F)(F)F)cc5C4=O)c(C)c3)cc1C)C2=O,tg,307.5,342.0283723864696
*c1ccc2c(c1)C(=O)N(c1c(CC)cc(Cc3cc(CC)c(N4C(=O)c5ccc(C(*)(C(F)(F)F)C(F)(F)F)cc5C4=O)c(CC)c3)cc1CC)C2=O,tg,266.0,221.53997478885177
*c1ccc2c(c1)C(=O)N(c1cc(-c3ccc(O)c(N4C(=O)c5ccc(C(*)(C(F)(F)F)C(F)(F)F)cc5C4=O)c3)ccc1O)C2=O,tg,350.0,356.3429207625981
*c1ccc2c(c1)C(=O)N(c1cc(C(=O)Nc3cccc4c(NC(=O)c5ccc(C)c(N6C(=O)c7ccc(C(*)(C(F)(F)F)C(F)(F)F)cc7C6=O)c5)cccc34)ccc1C)C2=O,tg,250.0,290.4242733731138
*c1ccc2c(c1)C(=O)N(c1cc(C(=O)Oc3ccc(C(c4ccc(OC(=O)c5ccc(C)c(N6C(=O)c7ccc(C(*)(C(F)(F)F)C(F)(F)F)cc7C6=O)c5)cc4)(C(F)(F)F)C(F)(F)F)cc3)ccc1C)C2=O,tg,289.0,256.9940916401703
*c1ccc2c(c1)C(=O)N(c1cc(C(c3ccc(O)c(N4C(=O)c5ccc(C(*)(C(F)(F)F)C(F)(F)F)cc5C4=O)c3)(C(F)(F)F)C(F)(F)F)ccc1O)C2=O,tg,310.33,309.0834726809588
*c1ccc2c(c1)C(=O)N(c1cc(C(c3ccc(OC(=O)C45CC6CC(CC(C6)C4)C5)c(N4C(=O)c5ccc(C(*)(C(F)(F)F)C(F)(F)F)cc5C4=O)c3)(C(F)(F)F)C(F)(F)F)ccc1OC(=O)C13CC4CC(CC(C4)C1)C3)C2=O,tg,305.0,277.62192986167355
*c1ccc2c(c1)C(=O)N(c1cc(C(c3ccc(OC(C)=O)c(N4C(=O)c5ccc(C(*)(C(F)(F)F)C(F)(F)F)cc5C4=O)c3)(C(F)(F)F)C(F)(F)F)ccc1OC(C)=O)C2=O,tg,266.5,249.9129274264964
*c1ccc2c(c1)C(=O)N(c1cc(C(c3ccc(OCCN(CC)c4ccc(N=Nc5ccc([N+](=O)[O-])cc5)cc4)c(N4C(=O)c5ccc(C(*)(C(F)(F)F)C(F)(F)F)cc5C4=O)c3)(C(F)(F)F)C(F)(F)F)ccc1OCCN(CC)c1ccc(N=Nc3ccc([N+](=O)[O-])cc3)cc1)C2=O,tg,199.0,198.07572107519022
*c1ccc2c(c1)C(=O)N(c1cc(N3C(=O)c4ccc(C(*)(C(F)(F)F)C(F)(F)F)cc4C3=O)c(O)cc1O)C2=O,tg,324.0,321.03509164099887
*c1ccc2c(c1)C(=O)N(c1cc(N3C(=O)c4ccc(C(*)(C(F)(F)F)C(F)(F)F)cc4C3=O)cc(C(F)(F)F)c1)C2=O,tg,284.0,335.8705176935316
*c1ccc2c(c1)C(=O)N(c1cc(N3C(=O)c4ccc(C(*)(C(F)(F)F)C(F)(F)F)cc4C3=O)ccc1C)C2=O,tg,307.0,337.6554104199764
*c1ccc2c(c1)C(=O)N(c1cc(N3C(=O)c4ccc(C(*)(C(F)(F)F)C(F)(F)F)cc4C3=O)ccc1OCCCCCCOc1ccc(-c3ccc(OCC)cc3)cc1)C2=O,tg,150.3,164.2551721019945
*c1ccc2c(c1)C(=O)N(c1cc(N3C(=O)c4ccc(C(*)(C(F)(F)F)C(F)(F)F)cc4C3=O)ccc1OCCCCCCOc1ccc(N=Nc3ccc(OCC)cc3)cc1)C2=O,tg,198.0,166.93590939356375
*c1ccc2c(c1)C(=O)N(c1cc(NC(=O)OCCN(CCOC(=O)Nc3cc(N4C(=O)c5ccc(C(*)(C(F)(F)F)C(F)(F)F)cc5C4=O)ccc3C)c3ccc(N=Nc4ccc([N+](=O)[O-])cc4)cc3)ccc1C)C2=O,tg,196.0,193.81790545133927
*c1ccc2c(c1)C(=O)N(c1cc(OCCCCCCCC)cc(N3C(=O)c4ccc(C(*)(C(F)(F)F)C(F)(F)F)cc4C3=O)c1)C2=O,tg,195.0,171.8179532436277
*c1ccc2c(c1)C(=O)N(c1cc(OCCCCCCCCCCCC)cc(N3C(=O)c4ccc(C(*)(C(F)(F)F)C(F)(F)F)cc4C3=O)c1)C2=O,tg,165.0,179.52968227490868
*c1ccc2c(c1)C(=O)N(c1cc(OCCN(CC)c3ccc(N=Nc4ccc([N+](=O)[O-])cc4)cc3)cc(N3C(=O)c4ccc(C(*)(C(F)(F)F)C(F)(F)F)cc4C3=O)c1)C2=O,tg,210.0,227.41402148624113
*c1ccc2c(c1)C(=O)N(c1ccc(-c3cc(-c4ccc(OCCCC#N)cc4)cc(-c4ccc(N5C(=O)c6ccc(C(*)(C(F)(F)F)C(F)(F)F)cc6C5=O)cc4)n3)cc1)C2=O,tg,339.0,257.52492168850125
*c1ccc2c(c1)C(=O)N(c1ccc(-c3ccc(N4C(=O)c5ccc(C(*)(C(F)(F)F)C(F)(F)F)cc5C4=O)c(C)c3)cc1C)C2=O,tg,352.0,336.7611763823707
*c1ccc2c(c1)C(=O)N(c1ccc(-c3ccc(N4C(=O)c5ccc(C(*)(C(F)(F)F)C(F)(F)F)cc5C4=O)c(O)c3)cc1O)C2=O,tg,360.0,341.2856963410003
*c1ccc2c(c1)C(=O)N(c1ccc(-c3ccc(N4C(=O)c5ccc(C(*)(C(F)(F)F)C(F)(F)F)cc5C4=O)c(OC(=O)C=Cc4ccccc4)c3)cc1OC(=O)C=Cc1ccccc1)C2=O,tg,181.0,270.935431636981
*c1ccc2c(c1)C(=O)N(c1ccc(-c3ccc(N4C(=O)c5ccc(C(*)(C(F)(F)F)C(F)(F)F)cc5C4=O)c(OCCCCCCOc4ccc(/C=C/c5ccc(F)cc5)cc4)c3)cc1OCCCCCCOc1ccc(/C=C/c3ccc(F)cc3)cc1)C2=O,tg,140.0,148.9736360799921
*c1ccc2c(c1)C(=O)N(c1ccc(-c3ccc(N4C(=O)c5ccc(C(*)(C(F)(F)F)C(F)(F)F)cc5C4=O)c(OCCN(CC)c4ccc(C(C#N)=C(C#N)C#N)cc4)c3)cc1OCCN(CC)c1ccc(C(C#N)=C(C#N)C#N)cc1)C2=O,tg,222.0,178.83618955496317
*c1ccc2c(c1)C(=O)N(c1ccc(-c3ccc(N4C(=O)c5ccc(C(*)(C(F)(F)F)C(F)(F)F)cc5C4=O)cc3C(F)(F)F)c(C(F)(F)F)c1)C2=O,tg,321.5,327.8483345585147
*c1ccc2c(c1)C(=O)N(c1ccc(-c3ccc(Oc4ccc5c(c4)C(C)(c4ccc(Oc6ccc(-c7ccc(N8C(=O)c9ccc(C(*)(C(F)(F)F)C(F)(F)F)cc9C8=O)cc7)cc6C(F)(F)F)cc4)CC5(C)C)c(C(F)(F)F)c3)cc1)C2=O,tg,262.0,274.21290151425654
*c1ccc2c(c1)C(=O)N(c1ccc(C(=O)Nc3ccc(Oc4ccc(-c5ccc(Oc6ccc(NC(=O)c7ccc(N8C(=O)c9ccc(C(*)(C(F)(F)F)C(F)(F)F)cc9C8=O)cc7)cc6)cc5)cc4)cc3)cc1)C2=O,tg,296.0,286.7064996880658
*c1ccc2c(c1)C(=O)N(c1ccc(C(=O)Nc3ccc(Oc4ccc(C(C)(C)c5ccc(Oc6ccc(NC(=O)c7ccc(N8C(=O)c9ccc(C(*)(C(F)(F)F)C(F)(F)F)cc9C8=O)cc7)cc6)cc5)cc4)cc3)cc1)C2=O,tg,266.0,271.2858833180602
*c1ccc2c(c1)C(=O)N(c1ccc(C(=O)Nc3ccc(Oc4ccc(C(c5ccc(Oc6ccc(NC(=O)c7ccc(N8C(=O)c9ccc(C(*)(C(F)(F)F)C(F)(F)F)cc9C8=O)cc7)cc6)cc5)(C(F)(F)F)C(F)(F)F)cc4)cc3)cc1)C2=O,tg,293.0,271.11053676908983
*c1ccc2c(c1)C(=O)N(c1ccc(C(=O)Nc3ccc(Oc4cccc(Oc5ccc(NC(=O)c6ccc(N7C(=O)c8ccc(C(*)(C(F)(F)F)C(F)(F)F)cc8C7=O)cc6)cc5)c4)cc3)cc1)C2=O,tg,286.0,254.02755314449408
*c1ccc2c(c1)C(=O)N(c1ccc(C(C)(C)c3ccc(C(C)(C)c4ccc(N5C(=O)c6ccc(C(*)(C(F)(F)F)C(F)(F)F)cc6C5=O)cc4)cc3)cc1)C2=O,tg,235.4,283.4766158872344
*c1ccc2c(c1)C(=O)N(c1ccc(C(C)(C)c3ccc(N4C(=O)c5ccc(C(*)(C(F)(F)F)C(F)(F)F)cc5C4=O)cc3)cc1)C2=O,tg,297.0,292.0433455709463
*c1ccc2c(c1)C(=O)N(c1ccc(C(c3ccc(C)c(N4C(=O)c5ccc(C(*)(C(F)(F)F)C(F)(F)F)cc5C4=O)c3)(C(F)(F)F)C(F)(F)F)cc1C)C2=O,tg,266.0,308.7441876728029
*c1ccc2c(c1)C(=O)N(c1ccc(C(c3ccc(N4C(=O)c5ccc(C(*)(C(F)(F)F)C(F)(F)F)cc5C4=O)c(O)c3)(C(F)(F)F)C(F)(F)F)cc1O)C2=O,tg,303.0,299.91496752777
*c1ccc2c(c1)C(=O)N(c1ccc(C(c3ccc(N4C(=O)c5ccc(C(*)(C(F)(F)F)C(F)(F)F)cc5C4=O)cc3)(C(F)(F)F)C(F)(F)F)cc1)C2=O,tg,312.22,304.41797477276276
*c1ccc2c(c1)C(=O)N(c1ccc(C(c3ccccc3)(c3ccc(N4C(=O)c5ccc(C(*)(C(F)(F)F)C(F)(F)F)cc5C4=O)cc3)C(F)(F)F)cc1)C2=O,tg,305.0,328.9766418128944
*c1ccc2c(c1)C(=O)N(c1ccc(C3(c4ccc(N5C(=O)c6ccc(C(*)(C(F)(F)F)C(F)(F)F)cc6C5=O)c(F)c4)c4ccccc4-c4ccccc43)cc1F)C2=O,tg,352.0,300.73816793227553
*c1ccc2c(c1)C(=O)N(c1ccc(Cc3ccc(N4C(=O)c5ccc(C(*)(C(F)(F)F)C(F)(F)F)cc5C4=O)c(C(C)(C)C)c3)cc1C(C)(C)C)C2=O,tg,274.0,293.63867998788294
*c1ccc2c(c1)C(=O)N(c1ccc(Cc3ccc(N4C(=O)c5ccc(C(*)(C(F)(F)F)C(F)(F)F)cc5C4=O)cc3)cc1)C2=O,tg,296.35,310.38502291199694
*c1ccc2c(c1)C(=O)N(c1ccc(Cc3ccc(N4C(=O)c5ccc(C(F)(F)C(F)(F)C(*)(F)F)cc5C4=O)cc3)cc1)C2=O,tg,272.4,244.4611519913235
*c1ccc2c(c1)C(=O)N(c1ccc(N(c3ccc(C#N)cc3)c3ccc(N4C(=O)c5ccc(C(*)(C(F)(F)F)C(F)(F)F)cc5C4=O)cc3)cc1)C2=O,tg,321.0,318.96904577424556
*c1ccc2c(c1)C(=O)N(c1ccc(N(c3ccc(C=Cc4ccc([N+](=O)[O-])cc4)cc3)c3ccc(N4C(=O)c5ccc(C(*)(C(F)(F)F)C(F)(F)F)cc5C4=O)cc3)cc1)C2=O,tg,290.0,268.6711320351288
*c1ccc2c(c1)C(=O)N(c1ccc(N3C(=O)c4ccc(C(*)(C(F)(F)F)C(F)(F)F)cc4C3=O)cc1)C2=O,tg,348.86,343.5206465851595
*c1ccc2c(c1)C(=O)N(c1ccc(NC(=O)C(F)(F)C(F)(F)C(F)(F)C(F)(F)C(=O)Nc3ccc(N4C(=O)c5ccc(C(*)(C(F)(F)F)C(F)(F)F)cc5C4=O)cc3)cc1)C2=O,tg,285.0,257.8037959601883
*c1ccc2c(c1)C(=O)N(c1ccc(NC(=O)C(F)(F)C(F)(F)C(F)(F)C(F)(F)C(F)(F)C(F)(F)C(=O)Nc3ccc(N4C(=O)c5ccc(C(*)(C(F)(F)F)C(F)(F)F)cc5C4=O)cc3)cc1)C2=O,tg,265.0,262.3551910163271
*c1ccc2c(c1)C(=O)N(c1ccc(NC(=S)N=Cc3ccc(Cl)c(N4C(=O)c5ccc(C(*)(C(F)(F)F)C(F)(F)F)cc5C4=O)c3)cc1)C2=O,tg,272.0,273.98870704374673
*c1ccc2c(c1)C(=O)N(c1ccc(OC(C)COc3ccc(N4C(=O)c5ccc(C(*)(C(F)(F)F)C(F)(F)F)cc5C4=O)cc3)cc1)C2=O,tg,234.0,247.0319182905638
*c1ccc2c(c1)C(=O)N(c1ccc(OCCCCCCCCCCOc3ccc(N4C(=O)c5ccc(C(*)(C(F)(F)F)C(F)(F)F)cc5C4=O)cc3)cc1)C2=O,tg,143.0,157.4467267795459
*c1ccc2c(c1)C(=O)N(c1ccc(OCCCCOc3ccc(N4C(=O)c5ccc(C(*)(C(F)(F)F)C(F)(F)F)cc5C4=O)cc3)cc1)C2=O,tg,169.0,204.8208160227235
*c1ccc2c(c1)C(=O)N(c1ccc(OCCOCCOCCOCCOc3ccc(N4C(=O)c5ccc(C(*)(C(F)(F)F)C(F)(F)F)cc5C4=O)cc3)cc1)C2=O,tg,140.0,157.31224243648813
*c1ccc2c(c1)C(=O)N(c1ccc(OCCOCCOCCOc3ccc(N4C(=O)c5ccc(C(*)(C(F)(F)F)C(F)(F)F)cc5C4=O)cc3)cc1)C2=O,tg,166.0,162.7008005470588
*c1ccc2c(c1)C(=O)N(c1ccc(Oc3c(C(C)(C)C)cc(-c4ccc(N5C(=O)c6ccc(C(*)(C(F)(F)F)C(F)(F)F)cc6C5=O)cc4)cc3C(C)(C)C)c(C(F)(F)F)c1)C2=O,tg,362.5,329.6597414028973
*c1ccc2c(c1)C(=O)N(c1ccc(Oc3cc(C(C)(C)C)c(Oc4ccc(N5C(=O)c6ccc(C(*)(C(F)(F)F)C(F)(F)F)cc6C5=O)cc4)cc3C(C)(C)C)cc1)C2=O,tg,277.0,260.9764991566439
*c1ccc2c(c1)C(=O)N(c1ccc(Oc3ccc(-c4ccc(Oc5ccc(N6C(=O)c7ccc(C(*)(C(F)(F)F)C(F)(F)F)cc7C6=O)cc5)cc4)cc3)cc1)C2=O,tg,288.0,276.2244873255754
*c1ccc2c(c1)C(=O)N(c1ccc(Oc3ccc(C(=O)c4cccc(C(=O)c5ccc(Oc6ccc(N7C(=O)c8ccc(C(*)(C(F)(F)F)C(F)(F)F)cc8C7=O)cc6)cc5)c4)cc3)cc1)C2=O,tg,236.0,235.01629185666735
*c1ccc2c(c1)C(=O)N(c1ccc(Oc3ccc(C(=O)c4cccc(C(=O)c5ccc(Oc6ccc(N7C(=O)c8ccc(C(*)(C(F)(F)F)C(F)(F)F)cc8C7=O)cc6C(F)(F)F)cc5)n4)cc3)c(C(F)(F)F)c1)C2=O,tg,206.4,245.6743491392472
*c1ccc2c(c1)C(=O)N(c1ccc(Oc3ccc(C(C)(C)c4ccc(Oc5ccc(N6C(=O)c7ccc(C(*)(C(F)(F)F)C(F)(F)F)cc7C6=O)cc5)cc4)cc3)cc1)C2=O,tg,244.4,257.4518834424726
*c1ccc2c(c1)C(=O)N(c1ccc(Oc3ccc(C(c4ccc(Oc5ccc(N6C(=O)c7ccc(C(*)(C(F)(F)F)C(F)(F)F)cc7C6=O)cc5)cc4)(C(F)(F)F)C(F)(F)F)cc3)cc1)C2=O,tg,259.43,261.5672640975237
*c1ccc2c(c1)C(=O)N(c1ccc(Oc3ccc(N4C(=O)c5ccc(-c6c(-c7ccccc7)c(-c7ccccc7)c(-c7ccc(Oc8ccc(-c9c(-c%10ccccc%10)c(-c%10ccccc%10)c(*)c(-c%10ccccc%10)c9-c9ccccc9)cc8)cc7)c(-c7ccccc7)c6-c6ccccc6)cc5C4=O)cc3)cc1)C2=O,tg,329.0,325.5077156969705
*c1ccc2c(c1)C(=O)N(c1ccc(Oc3ccc(N4C(=O)c5ccc(-c6c(-c7ccccc7)c(-c7ccccc7)c(-c7ccc(Sc8ccc(-c9c(-c%10ccccc%10)c(-c%10ccccc%10)c(*)c(-c%10ccccc%10)c9-c9ccccc9)cc8)cc7)c(-c7ccccc7)c6-c6ccccc6)cc5C4=O)cc3)cc1)C2=O,tg,322.0,319.8442161000413
*c1ccc2c(c1)C(=O)N(c1ccc(Oc3ccc(N4C(=O)c5ccc(C(*)(C(F)(F)F)C(F)(F)F)cc5C4=O)cc3)c(O)c1)C2=O,tg,277.33,281.9618116512584
*c1ccc2c(c1)C(=O)N(c1ccc(Oc3ccc(N4C(=O)c5ccc(C(*)(C(F)(F)F)C(F)(F)F)cc5C4=O)cc3)c(OCCN(CC)c3ccc(N=Nc4ccc([N+](=O)[O-])cc4)cc3)c1)C2=O,tg,202.0,222.79542639972175
*c1ccc2c(c1)C(=O)N(c1ccc(Oc3ccc(N4C(=O)c5ccc(C(*)(C(F)(F)F)C(F)(F)F)cc5C4=O)cc3)cc1)C2=O,tg,304.1,283.27233027065125
*c1ccc2c(c1)C(=O)N(c1ccc(Oc3ccc(N4C(=O)c5ccc(C(*)(C(F)(F)F)C(F)(F)F)cc5C4=O)cc3Br)c(Br)c1)C2=O,tg,299.0,296.2625922247193
*c1ccc2c(c1)C(=O)N(c1ccc(Oc3ccc(N4C(=O)c5ccc(C(F)(F)C(F)(F)C(*)(F)F)cc5C4=O)cc3)cc1)C2=O,tg,216.5,254.85593553569265
*c1ccc2c(c1)C(=O)N(c1ccc(Oc3ccc(N4C(=O)c5ccc(C(F)(F)C(F)(F)C(F)(F)C(F)(F)C(F)(F)C(*)(F)F)cc5C4=O)cc3)cc1)C2=O,tg,185.0,195.27370392015953
*c1ccc2c(c1)C(=O)N(c1ccc(Oc3ccc(N4C(=O)c5ccc(C(F)(F)C(F)(F)C(F)(F)C(F)(F)C(F)(F)C(F)(F)C(*)(F)F)cc5C4=O)cc3)cc1)C2=O,tg,178.0,183.72693418056863
*c1ccc2c(c1)C(=O)N(c1ccc(Oc3ccc(Oc4ccc(N5C(=O)c6ccc(C(*)(C(F)(F)F)C(F)(F)F)cc6C5=O)cc4)cc3)c(C(F)(F)F)c1)C2=O,tg,260.8,253.31140734338177
*c1ccc2c(c1)C(=O)N(c1ccc(Oc3ccc(Oc4ccc(N5C(=O)c6ccc(C(*)(C(F)(F)F)C(F)(F)F)cc6C5=O)cc4)cc3)cc1)C2=O,tg,272.0,274.10270883796863
*c1ccc2c(c1)C(=O)N(c1ccc(Oc3ccc(S(=O)(=O)c4ccc(Oc5ccc(N6C(=O)c7ccc(C(*)(C(F)(F)F)C(F)(F)F)cc7C6=O)cc5)cc4)cc3)cc1)C2=O,tg,276.04,265.1169933950715
*c1ccc2c(c1)C(=O)N(c1ccc(Oc3ccc4ccc(Oc5ccc(N6C(=O)c7ccc(C(*)(C(F)(F)F)C(F)(F)F)cc7C6=O)cc5)cc4c3)cc1)C2=O,tg,302.3,273.2199438423333
*c1ccc2c(c1)C(=O)N(c1ccc(Oc3cccc(-c4cc(-c5ccccc5)cc(-c5cccc(Oc6ccc(N7C(=O)c8ccc(C(*)(C(F)(F)F)C(F)(F)F)cc8C7=O)cc6)c5)n4)c3)cc1)C2=O,tg,180.0,285.68915185536304
*c1ccc2c(c1)C(=O)N(c1ccc(Oc3ccccc3Oc3ccc(N4C(=O)c5ccc(C(*)(C(F)(F)F)C(F)(F)F)cc5C4=O)cc3C(F)(F)F)c(C(F)(F)F)c1)C2=O,tg,247.0,244.67641815778262
*c1ccc2c(c1)C(=O)N(c1ccc(S(=O)(=O)c3ccc(N4C(=O)c5ccc(C(F)(F)C(F)(F)C(*)(F)F)cc5C4=O)cc3)cc1)C2=O,tg,259.0,267.57132983440005
*c1ccc2c(c1)C(=O)N(c1ccc(S(=O)(=O)c3ccc(S(=O)(=O)c4ccc(N5C(=O)c6ccc(C(*)(C(F)(F)F)C(F)(F)F)cc6C5=O)cc4)cc3)cc1)C2=O,tg,331.0,283.5642083347784
*c1ccc2c(c1)C(=O)N(c1ccc(S(=O)(=O)c3ccc(S(=O)(=O)c4ccc(S(=O)(=O)c5ccc(N6C(=O)c7ccc(C(*)(C(F)(F)F)C(F)(F)F)cc7C6=O)cc5)cc4)cc3)cc1)C2=O,tg,327.0,272.6128047108895
*c1ccc2c(c1)C(=O)N(c1ccc(Sc3ccc(Oc4ccc(Sc5ccc(N6C(=O)c7ccc(C(*)(C(F)(F)F)C(F)(F)F)cc7C6=O)cc5)cc4)cc3)cc1)C2=O,tg,232.67,249.29214950109494
*c1ccc2c(c1)C(=O)N(c1ccc(Sc3ccc(Sc4ccc(N5C(=O)c6ccc(C(*)(C(F)(F)F)C(F)(F)F)cc6C5=O)cc4)cc3)cc1)C2=O,tg,257.0,262.49043382505727
*c1ccc2c(c1)C(=O)N(c1ccc(Sc3ccc(Sc4ccc(Sc5ccc(Sc6ccc(N7C(=O)c8ccc(C(*)(C(F)(F)F)C(F)(F)F)cc8C7=O)cc6)cc5)cc4)cc3)cc1)C2=O,tg,216.0,236.73633550184977
*c1ccc2c(c1)C(=O)N(c1ccc3c(c1)-c1cc(N4C(=O)c5ccc(C(*)(C(F)(F)F)C(F)(F)F)cc5C4=O)ccc1C3)C2=O,tg,394.0,344.33190935422186
*c1ccc2c(c1)C(=O)N(c1ccc3c(c1)Cc1cc(N4C(=O)c5ccc(C(*)(C(F)(F)F)C(F)(F)F)cc5C4=O)ccc1-3)C2=O,tg,394.0,341.15429395207644
*c1ccc2c(c1)C(=O)N(c1cccc(C(=O)Nc3ccc(-c4ccc(NC(=O)c5cccc(N6C(=O)c7ccc(C(*)(C(F)(F)F)C(F)(F)F)cc7C6=O)c5)cc4)cc3)c1)C2=O,tg,324.0,297.811050050123
*c1ccc2c(c1)C(=O)N(c1cccc(C(=O)Nc3ccc(C(c4ccc(NC(=O)c5cccc(N6C(=O)c7ccc(C(*)(C(F)(F)F)C(F)(F)F)cc7C6=O)c5)cc4)(C(F)(F)F)C(F)(F)F)cc3)c1)C2=O,tg,273.5,261.8385854504685
*c1ccc2c(c1)C(=O)N(c1cccc(C(=O)Nc3ccc(C(c4ccc(NC(=O)c5cccc(N6C(=O)c7ccc(C(*)(C(F)(F)F)C(F)(F)F)cc7C6=O)c5C)cc4)(C(F)(F)F)C(F)(F)F)cc3)c1C)C2=O,tg,250.0,274.6094902496738
*c1ccc2c(c1)C(=O)N(c1cccc(C(=O)Nc3ccc(NC(=O)c4ccc(NC(=O)c5cccc(N6C(=O)c7ccc(C(*)(C(F)(F)F)C(F)(F)F)cc7C6=O)c5)cc4)cc3)c1)C2=O,tg,328.0,265.17538067664793
*c1ccc2c(c1)C(=O)N(c1cccc(C(=O)Nc3ccc(Oc4ccc(C(C)(C)c5ccc(Oc6ccc(NC(=O)c7cccc(N8C(=O)c9ccc(C(*)(C(F)(F)F)C(F)(F)F)cc9C8=O)c7)cc6)cc5)cc4)cc3)c1)C2=O,tg,259.0,261.5318327320134
*c1ccc2c(c1)C(=O)N(c1cccc(C(=O)Nc3ccc(Oc4ccc(C(c5ccc(Oc6ccc(NC(=O)c7cccc(N8C(=O)c9ccc(C(*)(C(F)(F)F)C(F)(F)F)cc9C8=O)c7)cc6)cc5)(C(F)(F)F)C(F)(F)F)cc4)cc3)c1)C2=O,tg,266.0,266.90706508465024
*c1ccc2c(c1)C(=O)N(c1cccc(C(=O)Nc3ccc(Oc4ccc(NC(=O)c5cccc(N6C(=O)c7ccc(C(*)(C(F)(F)F)C(F)(F)F)cc7C6=O)c5)cc4)cc3)c1)C2=O,tg,298.0,286.7816642146494
*c1ccc2c(c1)C(=O)N(c1cccc(C(=O)Nc3ccc(Oc4ccc(Oc5ccc(NC(=O)c6cccc(N7C(=O)c8ccc(C(*)(C(F)(F)F)C(F)(F)F)cc8C7=O)c6)cc5)cc4)cc3)c1)C2=O,tg,283.0,287.14544237283087
*c1ccc2c(c1)C(=O)N(c1cccc(C(=O)Nc3ccc(Oc4ccccc4Oc4ccc(NC(=O)c5cccc(N6C(=O)c7ccc(C(*)(C(F)(F)F)C(F)(F)F)cc7C6=O)c5)cc4)cc3)c1)C2=O,tg,265.0,269.15506996680153
*c1ccc2c(c1)C(=O)N(c1cccc(C(C)(C)c3ccc(N4C(=O)c5ccc(C(*)(C(F)(F)F)C(F)(F)F)cc5C4=O)cc3)c1)C2=O,tg,260.0,270.92788420818886
*c1ccc2c(c1)C(=O)N(c1cccc(C(F)(F)C(F)(F)C(F)(F)C(F)(F)C(F)(F)c3cccc(N4C(=O)c5ccc(C(F)(F)C(F)(F)C(*)(F)F)cc5C4=O)c3)c1)C2=O,tg,104.5,144.98789410768856
*c1ccc2c(c1)C(=O)N(c1cccc(C(F)(F)C(F)(F)C(F)(F)C(F)(F)C(F)(F)c3cccc(N4C(=O)c5ccc(C(F)(F)C(F)(F)C(F)(F)C(*)(F)F)cc5C4=O)c3)c1)C2=O,tg,144.0,140.60141090391835
*c1ccc2c(c1)C(=O)N(c1cccc(C(F)(F)C(F)(F)C(F)(F)C(F)(F)C(F)(F)c3cccc(N4C(=O)c5ccc(C(F)(F)C(F)(F)C(F)(F)C(F)(F)C(F)(F)C(F)(F)C(*)(F)F)cc5C4=O)c3)c1)C2=O,tg,108.5,160.03798798553294
*c1ccc2c(c1)C(=O)N(c1cccc(C(F)(F)C(F)(F)C(F)(F)c3cccc(N4C(=O)c5ccc(C(F)(F)C(F)(F)C(*)(F)F)cc5C4=O)c3)c1)C2=O,tg,151.0,181.47459469917408
*c1ccc2c(c1)C(=O)N(c1cccc(C(F)(F)C(F)(F)C(F)(F)c3cccc(N4C(=O)c5ccc(C(F)(F)C(F)(F)C(F)(F)C(*)(F)F)cc5C4=O)c3)c1)C2=O,tg,159.0,149.72179509855022
*c1ccc2c(c1)C(=O)N(c1cccc(C(O)c3cccc(N4C(=O)c5ccc(C(*)(C(F)(F)F)C(F)(F)F)cc5C4=O)c3)c1)C2=O,tg,236.5,271.21720766422874
*c1ccc2c(c1)C(=O)N(c1cccc(C(c3cccc(N4C(=O)c5ccc(C(*)(C(F)(F)F)C(F)(F)F)cc5C4=O)c3)(C(F)(F)F)C(F)(F)F)c1)C2=O,tg,266.5,245.72978076338723
*c1ccc2c(c1)C(=O)N(c1cccc(C(c3ccccc3)(c3cccc(N4C(=O)c5ccc(C(*)(C(F)(F)F)C(F)(F)F)cc5C4=O)c3)C(F)(F)F)c1)C2=O,tg,305.0,266.11903624848725
*c1ccc2c(c1)C(=O)N(c1cccc(N3C(=O)c4ccc(C(*)(C(F)(F)F)C(F)(F)F)cc4C3=O)c1)C2=O,tg,298.6,306.49359738971145
*c1ccc2c(c1)C(=O)N(c1cccc(N3C(=O)c4ccc(C(*)(C(F)(F)F)C(F)(F)F)cc4C3=O)c1C)C2=O,tg,353.5,317.77335514935163
*c1ccc2c(c1)C(=O)N(c1cccc(NC(=O)C(F)(F)C(F)(F)C(F)(F)C(F)(F)C(=O)Nc3cccc(N4C(=O)c5ccc(C(*)(C(F)(F)F)C(F)(F)F)cc5C4=O)c3)c1)C2=O,tg,232.0,233.01912692019152
*c1ccc2c(c1)C(=O)N(c1cccc(Oc3ccc(N4C(=O)c5ccc(-c6c(-c7ccccc7)c(-c7ccccc7)c(-c7ccc(Oc8ccc(-c9c(-c%10ccccc%10)c(-c%10ccccc%10)c(*)c(-c%10ccccc%10)c9-c9ccccc9)cc8)cc7)c(-c7ccccc7)c6-c6ccccc6)cc5C4=O)cc3)c1)C2=O,tg,309.0,312.7261824950081
*c1ccc2c(c1)C(=O)N(c1cccc(Oc3ccc(N4C(=O)c5ccc(C(*)(C(F)(F)F)C(F)(F)F)cc5C4=O)cc3)c1)C2=O,tg,261.3,255.71598103836027
*c1ccc2c(c1)C(=O)N(c1cccc(Oc3ccc(Oc4cccc(N5C(=O)c6ccc(C(*)(C(F)(F)F)C(F)(F)F)cc6C5=O)c4)cc3)c1)C2=O,tg,230.0,232.20408832500377
*c1ccc2c(c1)C(=O)N(c1cccc(Oc3ccc(P(=O)(c4ccccc4)c4ccc(Oc5cccc(N6C(=O)c7ccc(C(*)(C(F)(F)F)C(F)(F)F)cc7C6=O)c5)cc4)cc3)c1)C2=O,tg,243.0,246.41691862641088
*c1ccc2c(c1)C(=O)N(c1cccc(Oc3cccc(N4C(=O)c5ccc(C(*)(C(F)(F)F)C(F)(F)F)cc5C4=O)c3)c1)C2=O,tg,244.0,249.75733159510017
*c1ccc2c(c1)C(=O)N(c1cccc(P(=O)(c3ccc(C(F)(F)F)cc3)c3cccc(N4C(=O)c5ccc(C(*)(C(F)(F)F)C(F)(F)F)cc5C4=O)c3)c1)C2=O,tg,260.0,273.4804210701137
*c1ccc2c(c1)C(=O)N(c1cccc(P(=O)(c3ccc(Oc4ccc(C56CC7CC(CC(C7)C5)C6)cc4)cc3)c3cccc(N4C(=O)c5ccc(C(*)(C(F)(F)F)C(F)(F)F)cc5C4=O)c3)c1)C2=O,tg,298.0,266.7806005196474
*c1ccc2c(c1)C(=O)N(c1cccc(S(=O)(=O)c3cccc(N4C(=O)c5ccc(C(*)(C(F)(F)F)C(F)(F)F)cc5C4=O)c3)c1)C2=O,tg,262.38,281.805946307489
*c1ccc2c(c1)C(=O)N(c1cccc3c(N4C(=O)c5ccc(C(*)(C(F)(F)F)C(F)(F)F)cc5C4=O)cccc13)C2=O,tg,390.0,324.2239516799437
*c1ccc2c(c1)C(CC(CC)CCCC)(CC(CC)CCCC)c1cc(*)ccc1-2,tg,27.64,79.56555417514004
*c1ccc2c(c1)C(CCCCCC)(CCCCCC)c1cc(-c3cc(CCCCCCCC)c(*)cc3CCCCCCCC)ccc1-2,tg,74.5,64.15844446653827
*c1ccc2c(c1)C(CCCCCC)(CCCCCC)c1cc(-c3cc(OCCCCCCCC)c(*)cc3OCCCCCCCC)ccc1-2,tg,58.0,85.24804097334962
*c1ccc2c(c1)C(CCCCCC)(CCCCCC)c1cc(-c3cc(OCc4ccccc4)c(*)cc3OCc3ccccc3)ccc1-2,tg,73.0,131.64287687922607
*c1ccc2c(c1)C(CCCCCC)(CCCCCC)c1cc(-c3ccc4c(c3)C3(CCC(C5=NC(Cc6ccccc6)CO5)(C5=NC(Cc6ccccc6)CO5)CC3)c3cc(*)ccc3-4)ccc1-2,tg,142.0,127.91782588927744
*c1ccc2c(c1)C(CCCCCC)(CCCCCC)c1cc(-c3ccc4c(c3)c3cc(*)ccc3n4-c3ccc(C)cc3)ccc1-2,tg,155.0,173.40574168038427
*c1ccc2c(c1)C(CCCCCC)(CCCCCC)c1cc(-c3ccc4c(c3)c3cc(*)ccc3n4-c3ccc(OC)cc3)ccc1-2,tg,174.0,148.9681555328721
*c1ccc2c(c1)C(CCCCCCCC)(CCCCCCCC)c1cc(*)ccc1-2,tg,57.66,26.96941874555967
*c1ccc2c(c1)C(CCCCCCCC)(CCCCCCCC)c1cc(-c3cc(F)c(*)cc3F)ccc1-2,tg,34.0,51.86803996458019
*c1ccc2c(c1)C(CCCCCCCC)(CCCCCCCC)c1cc(-c3ccc4c(c3)C(c3ccc(-c5nnc(-c6ccc(C(C)(C)C)cc6)o5)cc3)(c3ccc(-c5nnc(-c6ccc(C(C)(C)C)cc6)o5)cc3)c3cc(*)ccc3-4)ccc1-2,tg,213.0,145.67637784089584
*c1ccc2c(c1)C(CCCCCCCC)(CCCCCCCC)c1cc(-c3ccc4c(c3)C3(CC(C)(C)CC(C)(C)C3)c3cc(*)ccc3-4)ccc1-2,tg,132.0,148.42986137842604
*c1ccc2c(c1)C(CCCCCCCC)(CCCCCCCC)c1cc(-c3ccc4c(c3)C3(CCC(C(C)(C)C)CC3)c3cc(*)ccc3-4)ccc1-2,tg,166.0,130.6052436261828
*c1ccc2c(c1)Sc1cc(-c3ccc(-c4ccc(*)s4)s3)ccc1N2CCCCCC,tg,140.0,159.79078108479337
*c1ccc2c(c1)Sc1cc(-c3ccc(-c4ccc(*)s4)s3)ccc1N2CCCCCCCCCC,tg,142.0,118.74444531843301
*c1ccc2c(c1)Sc1cc(-c3sc4cc(*)sc4c3CCCCC)ccc1N2CCCCCCCCCC,tg,131.0,131.84930622997427
*c1ccc2c(c1)Sc1cc(-c3sc4cc(*)sc4c3CCCCC)ccc1N2CCCCCCCCCCCC,tg,136.0,123.16656040993148
*c1ccc2c(c1)c1cc(-c3c4ccc(C=Cc5ccc(N(CCCCCC)CCCCCC)cc5)cc4c(*)c4ccc(C=Cc5ccc(N(CCCCCC)CCCCCC)cc5)cc34)ccc1n2CCCCCCCC,tg,131.0,107.41817613309298
*c1ccc2c(c1)c1cc(-c3ccc(-c4ccc(-c5ccc(*)s5)c5nsnc45)s3)ccc1n2C(CCCCCCCC)CCCCCCCC,tg,133.57,128.46049469345684
*c1ccc2c3ccc(-c4ccc(-c5ccc(-c6ccc(*)s6)c6nsnc56)s4)cc3n(C(CCCCCCCC)CCCCCCCC)c2c1,tg,128.0,130.99100833494768
*c1ccc2c3ccc(-c4sc(-c5ccc(-c6cc(CCCCCC)c(*)s6)c6nsnc56)cc4CCCCCC)cc3n(C(CCCCCCCC)CCCCCCCC)c2c1,tg,77.0,94.19708833808821
*c1ccc2cc3cc(-c4sc(-c5cc(CCCCCCCCCCCC)c(*)s5)cc4CCCCCCCCCCCC)ccc3cc2c1,tg,158.0,75.74429373661832
*c1ccc2nc(*)cc(-c3ccccc3)c2c1,tg,415.0,257.2422112028951
*c1ccc2oc(-c3ccc(-c4nc5cc(C(*)(C(F)(F)F)C(F)(F)F)ccc5o4)cc3)nc2c1,tg,353.5,348.3862989925652
*c1ccc2oc(-c3ccc(-c4nc5cc(C(*)(C(F)(F)F)C(F)(F)F)ccc5o4)cn3)nc2c1,tg,352.0,325.7322189664389
*c1ccc2oc(-c3ccc(-c4nc5cc(C(*)(c6ccccc6)C(F)(F)F)ccc5o4)cc3)nc2c1,tg,369.0,322.34137198825425
*c1ccc2oc(-c3ccc(C(c4ccc(-c5nc6cc(C(*)(c7ccccc7)C(F)(F)F)ccc6o5)cc4)(C(F)(F)F)C(F)(F)F)cc3)nc2c1,tg,334.0,318.0862746723415
*c1ccc2oc(-c3ccc(C(c4ccccc4)(c4ccc(-c5nc6cc(C(*)(c7ccccc7)C(F)(F)F)ccc6o5)cc4)C(F)(F)F)cc3)nc2c1,tg,330.0,303.59315579514896
*c1ccc2oc(-c3ccc(Oc4ccc(-c5nc6cc(C(*)(C(F)(F)F)C(F)(F)F)ccc6o5)cc4)cc3)nc2c1,tg,294.92,313.89359480561575
*c1ccc2oc(-c3ccc(Oc4ccc(C(c5ccc(Oc6ccc(-c7nc8cc(C(*)(C(F)(F)F)C(F)(F)F)ccc8o7)cc6)cc5)(C(F)(F)F)C(F)(F)F)cc4)cc3)nc2c1,tg,230.67,275.33104912601567
*c1ccc2oc(-c3cccc(-c4nc5cc(C(*)(c6ccccc6)C(F)(F)F)ccc5o4)c3)nc2c1,tg,301.0,356.8687388979868
*c1ccc2oc(C3CCC(c4nc5cc(C(*)(C(F)(F)F)C(F)(F)F)ccc5o4)CC3)nc2c1,tg,271.0,285.4239563336956
*c1ccc2oc3ccc(S(*)(=O)=O)cc3c2c1,tg,360.0,210.06762963129242
*c1cccc(*)c1,tg,104.93,219.93757388683488
*c1cccc(-c2cc(C(=O)Nc3ccc(OC(=O)c4cc(OCCCCCCCCCCCC)c(OCCCCCCCCCCCC)c(OCCCCCCCCCCCC)c4)cc3)cc(-c3cccc(N4C(=O)c5ccc(S(=O)(=O)c6ccc7c(c6)C(=O)N(*)C7=O)cc5C4=O)c3)c2)c1,tg,268.0,106.87557231959893
*c1cccc(-c2ccc3[nH]c(S(=O)(=O)c4nc5ccc(*)cc5[nH]4)nc3c2)c1,tg,286.5,355.9249926503431
*c1cccc(-c2nc3cc(-c4ccc5[nH]c(*)nc5c4)ccc3[nH]2)c1,tg,415.89,396.988744308911
*c1cccc(-c2nc3cc(-c4ccc5nc(*)c(-c6ccccc6)nc5c4)ccc3nc2-c2ccccc2)c1,tg,319.0,320.19724091850355
*c1cccc(-c2nc3cc(-c4ccc5nc(-c6ccccc6)c(*)nc5c4)ccc3nc2-c2ccccc2)c1,tg,320.0,320.4615623531348
*c1cccc(-c2nc3cc(Oc4ccc5nc(-c6ccccc6)c(*)nc5c4)ccc3nc2-c2ccccc2)c1,tg,263.2,297.5205308356199
*c1cccc(-c2nc3cc4nc(-c5ccccc5)c(*)nc4cc3nc2-c2ccccc2)c1,tg,365.0,371.7764346260751
*c1cccc(-c2nc3ccc(-c4ccc5nc(*)[nH]c5c4)cc3[nH]2)c1,tg,395.88,414.3883237153998
*c1cccc(-c2nc3ccc(-c4ccc5nc(*)sc5c4)cc3s2)c1,tg,495.0,355.3103488471627
*c1cccc(C(=O)Nc2ccc(Cc3ccc(N4C(=O)c5ccc(S(=O)(=O)c6ccc7c(c6)C(=O)N(c6ccc(Cc8ccc(NC(=O)c9cccc(-c%10nc%11cc(-c%12ccc%13[nH]c(*)nc%13c%12)ccc%11[nH]%10)c9)cc8)cc6)C7=O)cc5C4=O)cc3)cc2)c1,tg,270.0,264.4157495957881
*c1cccc(C(=O)Nc2ccc(NC(=O)c3cccc(N4C(=O)c5ccc(-c6cccc7c6C(=O)N(*)C7=O)cc5C4=O)c3)cc2)c1,tg,328.0,294.8827904877994
*c1cccc(C(=O)Nc2ccc(Oc3ccc(-c4ccc(Oc5ccc(NC(=O)c6cccc(N7C(=O)c8ccc(-c9cccc%10c9C(=O)N(*)C%10=O)cc8C7=O)c6)cc5)cc4)cc3)cc2)c1,tg,275.0,268.4117641229659
*c1cccc(C(=O)Nc2ccc(Oc3ccc(C(C)(C)c4ccc(Oc5ccc(NC(=O)c6cccc(N7C(=O)c8ccc(-c9ccc%10c(c9)C(=O)N(*)C%10=O)cc8C7=O)c6)cc5)cc4)cc3)cc2)c1,tg,257.0,251.49381119103643
*c1cccc(C(=O)Nc2ccc(Oc3ccc(C(C)(C)c4ccc(Oc5ccc(NC(=O)c6cccc(N7C(=O)c8ccc(-c9cccc%10c9C(=O)N(*)C%10=O)cc8C7=O)c6)cc5)cc4)cc3)cc2)c1,tg,261.0,257.73618722226723
*c1cccc(C(=O)Nc2ccc(Oc3ccc(NC(=O)c4cccc(N5C(=O)c6ccc(-c7ccc8c(c7)C(=O)N(*)C8=O)cc6C5=O)c4)cc3)cc2)c1,tg,253.0,271.1977483183288
*c1cccc(C(=O)Nc2ccc(Oc3ccc(NC(=O)c4cccc(N5C(=O)c6ccc(-c7cccc8c7C(=O)N(*)C8=O)cc6C5=O)c4)cc3)cc2)c1,tg,291.0,274.7772929415815
*c1cccc(C(=O)Nc2ccc(Oc3ccc(Oc4ccc(NC(=O)c5cccc(N6C(=O)c7ccc(-c8ccc9c(c8)C(=O)N(*)C9=O)cc7C6=O)c5)cc4)cc3)cc2)c1,tg,244.0,259.93282841631964
*c1cccc(C(=O)Nc2ccc(Oc3ccc(Oc4ccc(NC(=O)c5cccc(N6C(=O)c7ccc(-c8cccc9c8C(=O)N(*)C9=O)cc7C6=O)c5)cc4)cc3)cc2)c1,tg,268.0,265.7449748045544
*c1cccc(C(=O)Nc2ccc(Oc3ccc(Oc4ccc(Oc5ccc(NC(=O)c6cccc(N7C(=O)c8ccc(-c9ccc%10c(c9)C(=O)N(*)C%10=O)cc8C7=O)c6)cc5)cc4)cc3)cc2)c1,tg,244.0,250.32384265283144
*c1cccc(C(=O)Nc2ccc(Oc3ccc(Oc4ccc(Oc5ccc(NC(=O)c6cccc(N7C(=O)c8ccc(-c9cccc%10c9C(=O)N(*)C%10=O)cc8C7=O)c6)cc5)cc4)cc3)cc2)c1,tg,260.0,256.3723274186339
*c1cccc(C(=O)Nc2ccc(Oc3cccc(Oc4ccc(NC(=O)c5cccc(N6C(=O)c7ccc(-c8cccc9c8C(=O)N(*)C9=O)cc7C6=O)c5)cc4)c3)cc2)c1,tg,253.0,246.42819678299958
*c1cccc(C(=O)Nc2cccc(S(=O)(=O)c3cccc(NC(=O)c4cccc(N5C(=O)c6ccc(-c7cccc8c7C(=O)N(*)C8=O)cc6C5=O)c4)c3)c2)c1,tg,261.0,275.5794913341159
*c1cccc(C(=O)c2ccc(Oc3ccc(N4C(=O)c5ccc(Oc6ccc7c(c6)C(=O)N(*)C7=O)cc5C4=O)cc3C(F)(F)F)cc2)c1,tg,224.0,238.01193419756146
*c1cccc(C(F)(F)C(F)(F)C(F)(F)C(F)(F)C(F)(F)c2cccc(N3C(=O)c4ccc(Oc5ccc6c(c5)C(=O)N(*)C6=O)cc4C3=O)c2)c1,tg,138.5,190.8989821692876
*c1cccc(C(c2cccc(N3C(=O)c4ccc(-c5ccc6c(c5)C(=O)N(*)C6=O)cc4C3=O)c2)(C(F)(F)F)C(F)(F)F)c1,tg,267.0,288.86148442176426
*c1cccc(C(c2cccc(N3C(=O)c4ccc(Oc5ccc6c(c5)C(=O)N(*)C6=O)cc4C3=O)c2)(C(F)(F)F)C(F)(F)F)c1,tg,224.5,255.07916348594688
*c1cccc(C(c2ccccc2)(c2cccc(N3C(=O)c4ccc(Oc5ccc6c(c5)C(=O)N(*)C6=O)cc4C3=O)c2)C(F)(F)F)c1,tg,293.0,241.3579637459011
*c1cccc(Cc2cccc(N3C(=O)c4ccc([Si](C)(C)O[Si](C)(C)c5ccc6c(c5)C(=O)N(*)C6=O)cc4C3=O)c2)c1,tg,217.0,218.54589001164163
*c1cccc(Cc2cccc(N3C(=O)c4ccc([Si](C)(C)c5ccc(-c6ccc([Si](C)(C)c7ccc8c(c7)C(=O)N(*)C8=O)cc6)cc5)cc4C3=O)c2)c1,tg,285.0,260.58554254451855
*c1cccc(Cc2cccc(N3C(=O)c4ccc([Si](C)(C)c5ccc([Si](C)(C)c6ccc7c(c6)C(=O)N(*)C7=O)cc5)cc4C3=O)c2)c1,tg,246.0,267.72563264379096
*c1cccc(N/C=C\C(=O)c2cccc(C(=O)/C=C\Nc3cccc(S(*)(=O)=O)c3)c2)c1,tg,215.0,196.04197717495495
*c1cccc(N2C(=O)C3CCC(C4CCC5C(=O)N(*)C(=O)C5C4)CC3C2=O)c1,tg,263.0,280.75991419525246
*c1cccc(N2C(=O)c3c(c(-c4ccccc4)c(-c4ccc(-c5c(-c6ccccc6)c6c(c(-c7ccccc7)c5-c5ccccc5)C(=O)N(*)C6=O)cc4)c(-c4ccccc4)c3-c3ccccc3)C2=O)c1,tg,416.0,326.86174105972987
*c1cccc(N2C(=O)c3ccc(-c4ccc5c(c4)C(=O)N(*)C5=O)cc3C2=O)c1,tg,327.88,354.337944065038
*c1cccc(N2C(=O)c3ccc(-c4cccc5c4C(=O)N(*)C5=O)cc3C2=O)c1,tg,341.0,390.83193433951925
*c1cccc(N2C(=O)c3ccc(Oc4cc5ccccc5cc4Oc4ccc5c(c4)C(=O)N(*)C5=O)cc3C2=O)c1,tg,228.75,254.21738530894376
*c1cccc(N2C(=O)c3ccc(Oc4ccc(C(=O)c5ccc(Oc6ccc7c(c6)C(=O)N(*)C7=O)cc5)cc4)cc3C2=O)c1,tg,239.0,232.30881766167926
*c1cccc(N2C(=O)c3ccc(Oc4ccc(C(C)(C)c5ccc(Oc6ccc7c(c6)C(=O)N(*)C7=O)cc5)cc4)cc3C2=O)c1,tg,221.3,218.9070704790599
*c1cccc(N2C(=O)c3ccc(Oc4ccc(Oc5ccc(Oc6ccc7c(c6)C(=O)N(*)C7=O)cc5)cc4)cc3C2=O)c1,tg,227.0,227.33089036612313
*c1cccc(N2C(=O)c3ccc(Oc4ccc(S(=O)(=O)c5ccc(Oc6ccc7c(c6)C(=O)N(*)C7=O)cc5)cc4)cc3C2=O)c1,tg,265.0,242.5174685653351
*c1cccc(N2C(=O)c3ccc(Oc4ccc5c(c4)C4(CC(C)(C)c6ccc(Oc7ccc8c(c7)C(=O)N(*)C8=O)cc64)CC5(C)C)cc3C2=O)c1,tg,253.0,288.5425581350546
*c1cccc(N2C(=O)c3ccc(Oc4cccc(Oc5ccc6c(c5)C(=O)N(*)C6=O)c4)cc3C2=O)c1,tg,224.0,225.94604326577033
*c1cccc(N2C(=O)c3ccc(Oc4ccccc4Oc4ccc5c(c4)C(=O)N(*)C5=O)cc3C2=O)c1,tg,224.0,245.64318959105907
*c1cccc(N2C(=O)c3ccc(P(=O)(c4ccccc4)c4ccc5c(c4)C(=O)N(*)C5=O)cc3C2=O)c1,tg,323.0,323.0656959956244
*c1cccc(N2C(=O)c3cccc(Oc4c(C)cc(-c5cc(C)c(Oc6cccc7c6C(=O)N(*)C7=O)c(C)c5)cc4C)c3C2=O)c1,tg,311.0,306.5172540979053
*c1cccc(N2C(=O)c3cccc(Oc4c(C)cc(Cc5cc(C)c(Oc6cccc7c6C(=O)N(*)C7=O)c(C)c5)cc4C)c3C2=O)c1,tg,269.0,257.61934636392976
*c1cccc(N2C(=O)c3cccc(Oc4ccc(C(C)(C)c5ccc(Oc6cccc7c6C(=O)N(*)C7=O)cc5)cc4)c3C2=O)c1,tg,222.5,246.47425003344
*c1cccc(N2C(=O)c3cccc(Oc4ccc(Oc5ccc(Oc6cccc7c6C(=O)N(*)C7=O)cc5)cc4)c3C2=O)c1,tg,238.0,239.3430923219288
*c1cccc(N2C(=O)c3cccc(Oc4ccc(Oc5cccc6c5C(=O)N(*)C6=O)cc4)c3C2=O)c1,tg,259.0,254.07341669965294
*c1cccc(N2C(=O)c3cccc(Oc4ccc(S(=O)(=O)c5ccc(Oc6cccc7c6C(=O)N(*)C7=O)cc5)cc4)c3C2=O)c1,tg,266.0,259.08968622412823
*c1cccc(NC(=O)CCCCC(=O)Nc2cccc(S(*)(=O)=O)c2)c1,tg,140.0,160.15185532968633
*c1cccc(NC(=O)CCCCCCCCC(=O)Nc2cccc(S(*)(=O)=O)c2)c1,tg,112.0,147.43546335778623
*c1cccc(NC(=O)CCCCCCCCCCC(=O)Nc2cccc(S(*)(=O)=O)c2)c1,tg,107.0,132.9590766336221
*c1cccc(NC(=O)c2ccc(OCCOCCOCCOCCOc3ccc(C(=O)Nc4ccc5[nH]c(*)nc5c4)cc3)cc2)c1,tg,155.0,151.9185018283138
*c1cccc(NC(=O)c2ccc(OCCOCCOCCOc3ccc(C(=O)Nc4ccc5[nH]c(*)nc5c4)cc3)cc2)c1,tg,180.0,162.65057982039784
*c1cccc(OCCCCCCCCCCCCOc2cccc(N3C(=O)c4ccc(-c5cccc6c5C(=O)N(*)C6=O)cc4C3=O)c2)c1,tg,116.0,124.4070407475297
*c1cccc(OCCCCCCCCCCOc2cccc(N3C(=O)c4ccc(-c5ccc6c(c5)C(=O)N(*)C6=O)cc4C3=O)c2)c1,tg,125.0,126.30213073313531
*c1cccc(OCCCCCCCCCCOc2cccc(N3C(=O)c4ccc(-c5cccc6c5C(=O)N(*)C6=O)cc4C3=O)c2)c1,tg,127.0,125.8545060373061
*c1cccc(OCCCCCCCCCOc2cccc(N3C(=O)c4ccc(-c5ccc6c(c5)C(=O)N(*)C6=O)cc4C3=O)c2)c1,tg,132.0,133.42313543333685
*c1cccc(OCCCCCCCCCOc2cccc(N3C(=O)c4ccc(-c5cccc6c5C(=O)N(*)C6=O)cc4C3=O)c2)c1,tg,134.0,135.81925674952114
*c1cccc(OCCCCCCCCOc2cccc(N3C(=O)c4ccc(-c5ccc6c(c5)C(=O)N(*)C6=O)cc4C3=O)c2)c1,tg,138.0,137.72774960052413
*c1cccc(OCCCCCCOc2cccc(N3C(=O)c4ccc(-c5ccc6c(c5)C(=O)N(*)C6=O)cc4C3=O)c2)c1,tg,153.0,147.30378899862671
*c1cccc(OCCCCCCOc2cccc(N3C(=O)c4ccc(-c5cccc6c5C(=O)N(*)C6=O)cc4C3=O)c2)c1,tg,157.0,158.06808037820304
*c1cccc(OCCCCCOc2cccc(N3C(=O)c4ccc(-c5cccc6c5C(=O)N(*)C6=O)cc4C3=O)c2)c1,tg,168.0,163.84162979521108
*c1cccc(OCCCOc2cccc(N3C(=O)c4ccc(-c5ccc6c(c5)C(=O)N(*)C6=O)cc4C3=O)c2)c1,tg,184.0,192.83556113074505
*c1cccc(Oc2ccc(Oc3cccc(N4C(=O)c5ccc(Oc6ccc7c(c6)C(=O)N(*)C7=O)cc5C4=O)c3)cc2)c1,tg,204.0,201.44062614355124
*c1cccc(Oc2ccc(P(=O)(c3ccccc3)c3ccccc3)c(Oc3cccc(N4C(=O)c5ccc(-c6ccc7c(c6)C(=O)N(*)C7=O)cc5C4=O)c3)c2)c1,tg,234.0,222.33109562352098
*c1cccc(Oc2ccc(P(=O)(c3ccccc3)c3ccccc3)c(Oc3cccc(N4C(=O)c5ccc(Oc6ccc(-c7ccc(Oc8ccc9c(c8)C(=O)N(*)C9=O)cc7)cc6)cc5C4=O)c3)c2)c1,tg,227.0,226.9226424787195
*c1cccc(Oc2ccc(P(=O)(c3ccccc3)c3ccccc3)c(Oc3cccc(N4C(=O)c5ccc(Oc6ccc7c(c6)C(=O)N(*)C7=O)cc5C4=O)c3)c2)c1,tg,212.0,216.5124641074244
*c1cccc(Oc2cccc(Oc3cccc(N4C(=O)c5c(c(-c6ccccc6)c(-c6ccc(-c7c(-c8ccccc8)c8c(c(-c9ccccc9)c7-c7ccccc7)C(=O)N(*)C8=O)cc6)c(-c6ccccc6)c5-c5ccccc5)C4=O)c3)c2)c1,tg,280.0,311.7329231701885
*c1cccc(Oc2cccc(Oc3cccc(N4C(=O)c5c(c(-c6ccccc6)c(-c6ccc(Oc7ccc(-c8c(-c9ccccc9)c9c(c(-c%10ccccc%10)c8-c8ccccc8)C(=O)N(*)C9=O)cc7)cc6)c(-c6ccccc6)c5-c5ccccc5)C4=O)c3)c2)c1,tg,261.0,295.59110551340154
*c1cccc(Oc2cccc(Oc3cccc(N4C(=O)c5ccc(-c6ccc7c(c6)C(=O)N(*)C7=O)cc5C4=O)c3)c2)c1,tg,208.0,228.76211575761045
*c1cccc(Oc2cccc(Oc3cccc(N4C(=O)c5ccc(Oc6ccc(Sc7ccc(Oc8ccc9c(c8)C(=O)N(*)C9=O)cc7)cc6)cc5C4=O)c3)c2)c1,tg,190.5,180.45887783850114
*c1cccc(Oc2cccc(Oc3cccc(N4C(=O)c5ccc(Oc6ccc7c(c6)C(=O)N(*)C7=O)cc5C4=O)c3)c2)c1,tg,189.33,200.25275504717234
*c1cccc(P(=O)(c2cccc(N3C(=O)c4ccc(Oc5ccc6c(c5)C(=O)N(*)C6=O)cc4C3=O)c2)c2cc(C(F)(F)F)cc(C(F)(F)F)c2)c1,tg,228.0,254.42255545597382
*c1cccc(P(=O)(c2ccccc2)c2cccc(N3C(=O)c4ccc(NC(=O)OCCOc5c(Br)cc(C(C)(C)c6cc(Br)c(OCCOC(=O)Nc7ccc8c(c7)C(=O)N(*)C8=O)c(Br)c6)cc5Br)cc4C3=O)c2)c1,tg,201.0,199.76268939529214
*c1cccc(P(=O)(c2ccccc2)c2cccc(N3C(=O)c4ccc(NC(=O)OCCOc5ccc(C(C)(C)c6ccc(OCCOC(=O)Nc7ccc8c(c7)C(=O)N(*)C8=O)cc6)cc5)cc4C3=O)c2)c1,tg,220.0,200.62451058949298
*c1cccc(P(C)(=O)c2cccc(N3C(=O)c4ccc(NC(=O)OCCOc5c(Br)cc(C(C)(C)c6cc(Br)c(OCCOC(=O)Nc7ccc8c(c7)C(=O)N(*)C8=O)c(Br)c6)cc5Br)cc4C3=O)c2)c1,tg,191.0,204.81239623555825
*c1cccc(P(C)(=O)c2cccc(N3C(=O)c4ccc(NC(=O)OCCOc5ccc(C(C)(C)c6ccc(OCCOC(=O)Nc7ccc8c(c7)C(=O)N(*)C8=O)cc6)cc5)cc4C3=O)c2)c1,tg,211.0,200.9814688966568
*c1cccc(S(=O)(=O)NCCCCCNS(*)(=O)=O)c1,tg,74.0,76.89252326686052
*c1cccc(S(=O)(=O)NCCCCNS(*)(=O)=O)c1,tg,82.0,81.09223550787414
*c1cccc(S(=O)(=O)NCCNS(*)(=O)=O)c1,tg,107.0,76.696993271163
*c1cccc(S(=O)(=O)c2cccc(N3C(=O)c4ccc(Oc5ccc(S(=O)(=O)c6ccc(Oc7ccc8c(c7)C(=O)N(*)C8=O)cc6)cc5)cc4C3=O)c2)c1,tg,205.0,264.9181509104464
*c1ccccc1C(=O)Oc1ccc2c(*)c3ccc(=O)cc-3oc2c1,tg,250.0,241.93866040013694
*c1ccccc1CCc1ccc(N2C(=O)C(=O)N(c3ccc(C)c(N4C(=O)C(=O)N(*)C4=O)c3)C2=O)cc1,tg,255.0,223.30162643334313
*c1nc(-c2ccccc2)nc(N(CCCCCCCCCCN(*)c2ccccc2)c2ccccc2)n1,tg,62.0,85.43295226396914
*c1nc(-c2ccccc2)nc(N(CCCCCCN(*)c2ccccc2)c2ccccc2)n1,tg,74.0,109.66606228275572
*c1nc(C(F)(F)C(F)(F)C(F)(F)F)nc(C(F)(F)C(F)(F)C(F)(F)C(F)(F)C(F)(F)C(*)(F)F)n1,tg,-11.0,91.78604448600024
*c1nc(C)nc(N(CCCCCCN(*)c2ccccc2)c2ccccc2)n1,tg,67.0,73.87735461098325
*c1nc(C)nc(N(CCCCN(*)c2ccccc2)c2ccccc2)n1,tg,89.5,80.8183991977323
*c1ncnc(N(CCCCCCN(*)c2ccccc2)c2ccccc2)n1,tg,72.0,63.45383352498638
*c1ncnc(N(CCCCN(*)c2ccccc2)c2ccccc2)n1,tg,91.0,85.4842905551344
*c1nnc(-c2cc(CCCCCCCC)c(-c3ccc(-c4sc(-c5nnc(-c6cc(OCCCCCCCC)c(*)cc6OCCCCCCCC)o5)cc4CCCCCCCC)s3)s2)o1,tg,34.1,64.96575880359302
*c1nnc(-c2cc(CCCCCCCCCC)c(-c3sc(-c4nnc(-c5cc(OCCCCCCCC)c(*)cc5OCCCCCCCC)o4)cc3CCCCCCCCCC)s2)o1,tg,53.8,38.0667636776024
*c1nnc(-c2ccc(Oc3ccc(C=Cc4ccc(Oc5ccc(*)c6ccccc56)cc4)c4ccccc34)c3ccccc23)o1,tg,241.0,270.3156904569512
*c1sc(*)c(CCCCCCN(CC)c2ccc(N=Nc3ccc([N+](=O)[O-])cc3)cc2)c1CCCCCC,tg,17.0,92.37088891812603
