canon,target_type,y_true,y_pred_chemprop,y_pred_lgb,y_pred_cat,y_pred_blend
*/C=C\C(C#N)C*,egc,5.3057,5.592665672302246,4.7006921477083825,4.856296176160779,5.192385223864628
*=CC1OC(C=*)C2C(=O)N(c3cc(C(F)(F)F)cc(C(F)(F)F)c3)C(=O)C12,egc,5.0857,4.488565444946289,4.957530588946123,4.758795260146669,4.667234673091819
*=CC1OC(C=*)C2C(=O)N(c3cccc(C(F)(F)F)c3)C(=O)C12,egc,5.0879,4.490455150604248,4.851758255700358,4.788607397680919,4.652559770012244
*C#CC#CCCCCCCCC*,egc,5.4216,4.292788982391357,6.092274662062896,5.548403125915905,5.037816718021004
*C#CC#Cc1cc(C(C)(C)C)cc2c3cc(C(C)(C)C)cc(*)c3n(CCCCCCCCCCCCCCCC)c12,tg,67.0,79.2994384765625,82.4000856072912,83.28671959103077,81.16964169160003
*C#CC(=C(*)c1cnc2ccccc2c1)c1cnc2ccccc2c1,egb,0.5725,2.03222131729126,2.213098274339082,2.5223012539501406,2.0741795830742737
*C#CC(COS(=O)(=O)c1ccc(C)cc1)=C(*)COS(=O)(=O)c1ccc(C)cc1,tg,-73.0,108.35775756835938,88.32077569591176,104.0933100798313,102.92459824710443
*C#CC=C*,egc,1.1342,2.447744846343994,4.0611673880155745,4.305236411536259,3.3146319317472397
*C#Cc1c(F)c(F)c(C#Cc2cc(CCCCCC)c(*)s2)c(F)c1F,egc,2.8156,2.154690742492676,2.1193183833788143,2.2909978772738033,2.183806061171924
*C#Cc1cc(C(C)(C)C)cc2c3cc(C(C)(C)C)cc(*)c3n(CCCCCCCCCCCCCCCC)c12,tg,80.0,79.07192993164062,70.92868346745036,58.09053822082883,70.90869188462594
*C#Cc1cc(CCCCCC)c(*)s1,egc,1.5751,2.5252785682678223,2.4989628414644627,2.6651813892769836,2.5574031769220307
*C#Cc1cc(OCC(CC)CCCC)c(C#Cc2cc(OCCNCCCC)c(*)cc2OCCNCCCC)cc1OCC(CC)CCCC,egc,2.9566,2.503955125808716,3.64177423757577,3.354696476561541,2.9904811199406174
*C#Cc1cc(OCCCCCC)c(C#Cc2ccc3c(-c4c(O)ccc5cc(*)ccc45)c(O)ccc3c2)cc1OCCCCCC,egc,3.0868,2.412414073944092,2.698337915420166,2.645839353764626,2.540012739414312
*C#Cc1cccc(C#C[SiH](*)C)c1,tg,72.0,33.02772521972656,79.295934319147,71.54950105340697,54.44515886603969
*C#Cc1cccc(C#C[Si](*)(C)C)c1,tg,50.0,113.15576171875,94.67509054432296,90.28847337731182,102.28667372593654
*C#Cc1ccccc1C#C[SiH](*)c1ccccc1,tg,71.0,78.38652801513672,115.96124641534904,122.0567702950238,99.61196063753236
*C#Cc1sc(-c2sc(*)c3c2OCCO3)c2c1OCCO2,egc,1.7209,1.3985860347747805,2.439114838650453,2.0641185274365936,1.8129405755047348
*C(*)(F)Cl,egc,3.6564,5.867991924285889,6.689244494099055,6.35718236283896,6.185217022664917
*C(*)(F)Cl,tg,77.0,-85.82029724121094,12.986557190307622,20.42568445703111,-32.663226454092865
*C(*)(F)F,egc,7.2027,4.284261703491211,6.217802980373065,6.431917990562825,5.301842292967647
*C(*)C,egb,7.4047,7.065612316131592,7.776989804616555,7.320811838041993,7.230631488396929
*C(*)C(=O)OC,tg,80.25,106.28970336914062,33.663092085353426,45.11867523331467,72.45325930624958
*C(*)C(=O)OC(C)C,tg,70.0,51.23845672607422,56.9238469602325,61.04429478938064,55.43951351570563
*C(*)C(=O)OC1CCCCC1,tg,140.0,90.55827331542967,79.01737437995838,91.14192176988529,88.36937991546935
*C(*)C(=O)OCC,tg,12.35,72.6667251586914,25.344491051434083,35.559837460271154,51.470635612903436
*C(*)F,egc,6.7608,6.133509635925293,6.326928355672566,6.263114780339143,6.212133683923864
*C(*)O,egc,6.4482,5.810612678527832,6.064699698523319,5.979588253721445,5.913549731433796
*C(=C(*)c1ccc(C(C)(C)C)cc1)c1ccccc1,tg,200.0,221.3151092529297,233.1594908698997,241.0296147135221,229.84627198707312
*C(=C(*)c1ccc(CCCC)cc1)c1ccccc1,tg,200.0,165.0570068359375,119.8351814896179,129.43201835789296,144.75063156155196
*C(=C(*)c1ccc(Oc2ccccc2)cc1)c1ccccc1,tg,200.0,156.26809692382812,165.72379009532793,194.477490118958,170.03089340047822
*C(=C(*)c1ccc([Si](C(C)C)(C(C)C)C(C)C)cc1)c1ccccc1,tg,250.0,188.7666015625,179.37272012176894,172.90344911471544,181.93010591819439
*C(=C(*)c1ccc([Si](C)(C)C)cc1)c1ccccc1,tg,200.0,217.2605743408203,208.4953752239732,217.3693175173426,215.49463186927176
*C(=C(*)c1ccc[c]([Ge]([CH3])([CH3])[CH3])c1)c1ccccc1,tg,200.0,218.5501251220703,167.46921937661034,167.7644557144024,192.35032016451675
*C(=C(*)c1cccc([Si](C)(C)C)c1)c1ccccc1,tg,200.0,188.12657165527344,187.1898245399977,200.03333957408933,191.61803305730595
*C(=C(C#N)c1ccc(C(=O)OC2CCN(*)CC2)cc1)c1ccc(OC)cc1,tg,183.0,161.53839111328125,160.12616233534996,142.51892740911737,155.3640933660539
*C(=C([2H])C([2H])([2H])C(*)([2H])[2H])C([2H])([2H])[2H],tg,-58.0,17.40772247314453,1.6927846069110772,25.311223639690667,16.626514401155717
*C(=Cc1cc(OC)c(C=C(c2ccc(*)cc2)c2ccc(F)cc2)cc1OC)c1ccc(F)cc1,tg,193.0,196.67491149902344,179.96630748912105,164.54944199539855,183.30529716552468
*C(=Cc1cc(OC)c(C=C(c2ccc(*)cc2)c2ccc(OC)cc2)cc1OC)c1ccc(OC)cc1,tg,170.0,197.31053161621097,174.24835813888953,172.10101278939734,184.7761608740939
*C(=Cc1cc(OC)c(C=C(c2ccc(F)cc2)c2ccc(-c3ccc(*)cc3)cc2)cc1OC)c1ccc(F)cc1,tg,201.0,194.22097778320312,199.59680772261328,200.61069646867736,197.3015797117775
*C(=Cc1cc(OC)c(C=C(c2ccc(F)cc2)c2ccc3cc(*)ccc3c2)cc1OC)c1ccc(F)cc1,tg,208.0,185.33055114746097,211.56985743928735,218.187950522208,200.88336600145766
*C(=Cc1cc(OC)c(C=C(c2ccccc2)c2ccc3cc(*)ccc3c2)cc1OC)c1ccccc1,tg,198.0,183.73768615722656,209.0949534923709,224.2884465294767,201.4896261661304
*C(=Cc1ccc(C=C(c2ccccc2)c2ccc(-c3ccc(*)cc3)cc2)cc1)c1ccccc1,tg,220.0,221.73141479492188,235.40499035374577,234.11044828501863,228.36863888625763
*C(=NCCCCCC)N(*)CCCCCC,egc,4.3588,4.230038642883301,4.74915543740091,4.8001520215036555,4.501474639770019
*C(=Nc1ccccc1)c1ccc(-c2ccc(*)cc2)cc1,tg,225.0,190.20571899414065,215.8848872122245,220.06959269863663,204.71737728144052
*C(=O)C(=S)OC(*)=S,egb,1.4146,1.2105872631072998,1.6784503954415926,2.0037435215599007,1.3191180896811086
*C(=O)C(=S)OC(*)=S,eps,6.46,6.54500675201416,6.246024288167895,5.891469147758044,6.381145238355766
*C(=O)C(=S)OC(*)=S,nc,2.3004,2.199003219604492,2.267802807204184,2.2086765311554943,2.217988838264307
*C(=O)C(F)(F)C(=O)C(*)(F)F,egb,3.1408,3.433353900909424,4.403450614482631,4.823615023393828,3.658388512325243
*C(=O)C(F)(F)CC(*)(F)F,eea,3.352,3.3431954383850098,1.732175533486935,1.8910116355768205,2.911243997363758
*C(=O)C(F)(F)CC(*)(F)F,egb,4.9978,4.869556427001953,5.097359438204716,5.258255568376384,4.922400191327827
*C(=O)C(F)(F)CC(*)(F)F,egc,4.9534,5.43813943862915,6.550816077184346,6.203685306841136,5.895866571217675
*C(=O)C(F)(F)CC(*)(F)F,ei,8.1829,8.365303039550781,8.290758455436618,8.05303519168722,8.259033555393133
*C(=O)C(F)(F)CC(*)(F)F,nc,1.6107,1.580798625946045,1.615343923976861,1.630099850075529,1.594671948193866
*C(=O)C(F)(F)NC(*)(F)F,egb,5.0875,4.688623428344727,4.739955074618209,5.243387723206405,4.700530897889633
*C(=O)C(F)(F)NC(*)(F)F,egc,4.8818,5.309367656707764,5.51930548500145,5.656239300374539,5.450755691572594
*C(=O)C(F)(F)NC(*)(F)F,ei,8.5584,8.384578704833984,8.410772749762739,8.202598006347852,8.332208938196594
*C(=O)C(O)c1ccc(*)s1,egc,4.0132,4.318220615386963,4.060431764652068,3.979077322751791,4.16819768935665
*C(=O)C1C2C=CC(C2)C1*,tg,85.5,174.69920349121094,123.06924885941068,128.9766425971318,149.95312714709658
*C(=O)C1CC(OC(=O)CCC)CN1*,egc,5.4104,5.275478363037109,5.597109908394053,5.639515265835936,5.446591366077541
*C(=O)C1CC(OC(C)=O)CN1*,egc,4.1614,5.666684627532959,5.631516730638539,5.582043480393063,5.635787190224392
*C(=O)C1CCCN1*,egc,5.5773,4.86018705368042,5.120262916726917,5.189642096687966,5.008089602462998
*C(=O)CC(F)(F)C(*)(F)F,egb,5.0395,5.3827972412109375,5.302668896207968,5.374023201749776,5.364209763561704
*C(=O)CC(F)(F)C(*)(F)F,ei,7.9225,7.973153591156006,8.31278743407753,8.302691096748553,8.12113068305015
*C(=O)CC(F)(F)C(*)(F)F,nc,1.6044,1.6275556087493896,1.6143907149825305,1.6045716185352106,1.6218588618578125
*C(=O)CCC1(CCC(=O)N2CCN(*)CC2)c2ccccc2-c2ccccc21,tg,145.0,126.89503479003906,144.2258462213396,164.3446988055731,142.03962508391453
*C(=O)CCCCC(=O)N1CCN(*)CC1,egc,5.6091,5.488725185394287,5.405506955015664,5.347294718821472,5.431610811134267
*C(=O)CCCCCCCCC(=O)N1CC(C)N(*)CC1C,tg,-60.5,73.37041473388672,75.79654344473153,81.01493102358478,76.23362907905096
*C(=O)CCCCCCCCC(=O)N1CCN(*)CC1,tg,70.4,37.028175354003906,4.6105930870843,7.732800827516229,21.308936532324594
*C(=O)CCCCCCCCC(=O)NC1CCCCN(*)C1,tg,-46.5,78.90589141845703,67.90720906278679,77.88242944644587,76.33110349903308
*C(=O)CCN(C)CCN(C)CCC(=O)N1CCN(*)CC1,egc,4.9845,4.764955043792725,5.243171902293315,5.335890800147844,5.027438465977431
*C(=O)CCN1CCN(CCC(=O)N2CCN(*)C(C)C2)CC1,egc,4.9509,4.995598316192627,4.817117924539196,5.251349391671827,5.025074101183254
*C(=O)CNC(=O)C1CCCN1C(=O)C1CCCN1*,egc,5.248,5.203634738922119,5.39710403581687,5.148115094110394,5.231949123376506
*C(=O)COCC(=O)N1CCN(*)CC1,egc,5.5847,5.100759983062744,5.570739382462984,5.437081136177158,5.297621851641289
*C(=O)N(*)C(C)C(C)=O,egc,4.4468,4.937380790710449,5.26239840488918,5.3644168195837745,5.126378031418093
*C(=O)N1C(=O)N(C(=O)c2ccc3c(c2)C(=O)N(c2ccc(Oc4ccc(N5C(=O)c6ccc(*)cc6C5=O)cc4)cc2)C3=O)C(C)(C)C1=O,tg,156.0,233.6516876220703,263.09763713245303,265.4691252284732,249.54111007195232
*C(=O)N1C(=S)N(C(=O)c2ccc3c(c2)C(=O)N(c2ccc(Oc4ccc(N5C(=O)c6ccc(*)cc6C5=O)cc4)cc2)C3=O)C(C)=C(C(=O)OCC)C1c1ccccc1,tg,155.0,225.5067443847656,244.14788383041596,217.99586573126277,227.01020375964626
*C(=O)N1CC(=O)N(C(=O)c2ccc(N3C(=O)c4ccc(*)cc4C3=O)cc2)C1=O,egc,3.533,3.5197505950927734,3.1492780027856373,3.0065002141450288,3.2971203245646246
*C(=O)NC(=O)c1ccc(*)cc1,egc,4.4505,3.6217503547668457,4.323693870451945,4.177753037442979,3.9303688862742696
*C(=O)NC(=O)c1ccc(*)cc1,eps,4.45,4.8753252029418945,4.443397910105509,4.442646280430605,4.638601419600089
*C(=O)NC(=O)c1ccc(*)cc1,nc,1.8899,1.993708848953247,1.9343187898115592,1.941525369979924,1.973039145130362
*C(=O)NC(F)(F)C(*)(F)F,egb,5.4991,6.122931480407715,5.019830192938217,5.489670176583269,5.867043622934569
*C(=O)NC(F)(F)C(*)(F)F,egc,5.8517,6.054191589355469,5.8512103567230165,6.19599108284363,6.0471959227357654
*C(=O)NC(F)(F)C(*)(F)F,ei,8.3456,7.374719142913818,8.497224375942611,7.704037437158306,7.6301163431269465
*C(=O)NC(F)(F)C(*)(F)F,eps,3.53,4.082515716552734,4.150018297304847,3.860031068662045,4.119511448394642
*C(=O)NC1CCC(CC2CCC(NC(=O)c3ccc(N4C(=O)c5ccc(*)cc5C4=O)cc3)CC2)CC1,tg,275.0,250.23947143554688,227.6947675240956,229.49207695593847,239.19186059481729
*C(=O)NC1CCCC(*)O1,egc,6.2047,5.977442264556885,5.832895626052672,6.028738001897568,5.958955783656087
*C(=O)NC1CCCC(*)O1,tg,145.0,129.14767456054688,140.27288491498194,166.03748168233938,142.84497895607
*C(=O)NCCCCCCCCCCNC(=O)c1ccc(*)nc1,egc,4.5311,4.991860389709473,4.658198190881885,4.643863329575605,4.822408230340656
*C(=O)NCCCCCCNC(=O)C1=COC=C(*)O1,egc,4.4645,4.0785322189331055,4.682262860742471,4.4372853735379,4.311499394203382
*C(=O)NCCCCCCNC(=O)C1COC(*)CO1,egc,5.8235,5.688262462615967,5.868104065437185,5.898152493169916,5.785663620363904
*C(=O)NCCCCCCNC(=O)N1CCN(*)CC1,egc,5.4634,5.548200607299805,5.5840836193483865,5.355289479786044,5.5038136395542665
*C(=O)NCCCCCCNC(=O)c1cc(O)cc(*)n1,egc,4.8984,5.070749759674072,4.570971236558057,4.725017697764358,4.864644208318353
*C(=O)NCCCCCCNC(=O)c1ccc(*)nc1,egc,4.574,4.719998359680176,4.823562528987045,4.774700883605704,4.758102879693752
*C(=O)NCCCCCCNC(=O)c1cccc(*)n1,egc,4.786,4.959201335906982,4.915663571162297,4.753050992793079,4.893397188833232
*C(=O)NCCCCCCNC(=O)c1cncc(*)c1,egc,4.9388,5.063163757324219,4.741247183116218,4.86721248902691,4.937676198371525
*C(=O)NCCCCCCNC(=O)c1cnn(*)c1,egc,5.1584,4.818470001220703,4.173145034608517,4.2046367681525965,4.50683451592339
*C(=O)NCCN(CCNC(=O)c1ccc(N2C(=O)c3ccc(*)cc3C2=O)cc1)c1ccc(C=Cc2ccc([N+](=O)[O-])cc2)cc1,tg,178.0,188.2732696533203,187.8000315936017,199.58066758811975,191.67445768016822
*C(=O)NCCN(CCNC(=O)c1cccc(N2C(=O)c3ccc(*)cc3C2=O)c1)c1ccc(C=Cc2ccc([N+](=O)[O-])cc2)cc1,tg,178.0,193.52493286132812,184.97435862535048,195.903270555335,192.50523548238746
*C(=O)NCCNC(=O)c1ccc(N2C(=O)c3ccc(*)cc3C2=O)cc1,tg,235.0,225.57611083984375,250.4411204379683,247.25001257900016,237.38675266317236
*C(=O)NNC(=O)C(=O)NNC(=O)c1cncc(*)n1,egc,4.3374,3.896454334259033,4.135513351248336,3.994095180092553,3.976629419233215
*C(=O)NNC(=O)c1ccc([Si](c2ccccc2)(c2ccccc2)c2ccc(C(=O)NNC(=O)c3ccc(*)nc3)cc2)cc1,tg,256.0,216.69680786132812,221.95201735274617,214.5043313491238,217.09743557811743
*C(=O)NNC(=O)c1cccc(*)n1,egc,4.6124,4.2650933265686035,4.516799145103322,4.529471186119742,4.393428594656569
*C(=O)NNC(=O)c1cccc(C(=O)NNC(=O)c2ccc(*)nc2)n1,egc,3.6092,3.90677547454834,3.7033764479398497,3.892782650002453,3.857338277072768
*C(=O)NNC(=O)c1cccc(C(=O)NNC(=O)c2cccc(*)n2)c1,egc,4.479,4.097516059875488,3.900155258186823,3.944106788177907,4.011537097017006
*C(=O)NNC(=O)c1cccc(C(=O)NNC(=O)c2cnc(*)cn2)c1,egc,3.3027,4.258829116821289,3.912234376437843,3.8347846595419472,4.065804109986684
*C(=O)NNC(=O)c1cncc(C(=O)NNC(=O)c2ccc(*)nc2)c1,egc,3.9225,3.902575254440307,3.5442509436165626,3.515914953033626,3.717080497083639
*C(=O)Nc1c(C)cc(Cc2cc(C)c(NC(=O)c3ccc4c(c3)C(=O)N(c3ccc(N=Nc5ccc(OC(F)(F)F)cc5)c(N5C(=O)c6ccc(*)cc6C5=O)c3)C4=O)c(C)c2)cc1C,tg,278.0,287.8318786621094,294.10409902530955,299.43275399474373,292.7087768447138
*C(=O)Nc1c(C)cc(Cc2cc(C)c(NC(=O)c3ccc4c(c3)C(=O)N(c3ccc(N=Nc5ccc([N+](=O)[O-])cc5)c(N5C(=O)c6ccc(*)cc6C5=O)c3)C4=O)c(C)c2)cc1C,tg,280.0,265.2057800292969,269.025343431847,274.4108329602717,268.837888858355
*C(=O)Nc1c(CC)cc(Cc2cc(CC)c(NC(=O)c3ccc4c(c3)C(=O)N(c3ccc(N=Nc5ccc(C)cc5)c(N5C(=O)c6ccc(*)cc6C5=O)c3)C4=O)c(CC)c2)cc1CC,tg,269.0,246.6174468994141,227.9758389137043,236.4356955298904,239.64004230110424
*C(=O)Nc1cc(C(F)(F)F)cc(NC(=O)c2ccc3c(c2)C(=O)N(c2cc(C(F)(F)F)cc(N4C(=O)c5ccc(*)cc5C4=O)c2Oc2ccc(C(F)(F)F)cc2)C3=O)c1Oc1ccc(C(F)(F)F)cc1,tg,315.0,284.098876953125,283.22030754697766,279.2758031893687,282.4263068834566
*C(=O)Nc1cc(C(c2cc(C)c(C)c(NC(=O)c3ccc4c(c3)C(=O)N(c3cccc5c(N6C(=O)c7ccc(*)cc7C6=O)cccc35)C4=O)c2)(C(F)(F)F)C(F)(F)F)cc(C)c1C,tg,250.0,310.248779296875,289.2850912307308,296.3841869920211,301.6552088321006
*C(=O)Nc1cc(NC(=O)c2ccc(*)o2)c(N)cc1N,egc,2.8199,3.636587142944336,3.3886353810779255,3.5076586949427,3.5459122619838457
*C(=O)Nc1cc(NC(=O)c2ccc3[nH]c(-c4cccc(-c5nc6cc(*)ccc6[nH]5)c4)nc3c2)cc(-c2nc3ccccc3[nH]2)c1,egc,3.2918,2.6508474349975586,3.108508516063323,3.144028306561446,2.8875835638711003
*C(=O)Nc1cc(NC(=O)c2ccc3[nH]c(-c4cccc(-c5nc6cc(*)ccc6[nH]5)c4)nc3c2)cc(-c2nc3ccccc3[nH]2)c1,tg,315.0,377.9674072265625,328.753057516486,319.05590024578146,349.6368065324848
*C(=O)Nc1cc(NC(=O)c2ccc3c(c2)C(=O)N(c2cc(-c4nc5ccccc5o4)cc(N4C(=O)c5ccc(*)cc5C4=O)c2)C3=O)cc(-c2nc3ccccc3[nH]2)c1,tg,371.0,287.9283142089844,284.6764580310038,275.2906522803745,283.3507609626889
*C(=O)Nc1cc(NC(=O)c2ccc3c(c2)C(=O)N(c2cc(-c4nc5ccccc5s4)cc(N4C(=O)c5ccc(*)cc5C4=O)c2)C3=O)cc(-c2nc3ccccc3[nH]2)c1,tg,368.0,286.27056884765625,281.11502951553683,286.86133619033365,285.39485832474554
*C(=O)Nc1cc(NC(=O)c2ccc3c(c2)C(=O)N(c2cc(-c4nnc(-c5ccccn5)o4)cc(N4C(=O)c5ccc(*)cc5C4=O)c2)C3=O)cc(-c2nnc(-c3ccccn3)o2)c1,tg,164.0,215.69192504882812,267.1106787277394,264.99051505147634,241.50101238649816
*C(=O)Nc1cc(NC(=O)c2ccc3c(c2)C(=O)N(c2cccc(N4C(=O)c5ccc(*)cc5C4=O)c2)C3=O)cc(-c2nc3ccccc3[nH]2)c1,tg,361.0,292.0168762207031,289.3721498745313,290.18737543360925,290.9078649178841
*C(=O)Nc1cc(NC(=O)c2cccc(*)n2)cc(-c2nnc(-c3ccccn3)o2)c1,tg,255.0,196.4237365722656,148.27053668346522,178.65548653169438,181.04014161963005
*C(=O)Nc1ccc(-c2cc(-c3ccccc3)cc(-c3ccc(NC(=O)c4ccc5c(c4)C(=O)N(c4ccc(Oc6cccc7c(N8C(=O)c9ccc(*)cc9C8=O)cccc67)cc4)C5=O)cc3)n2)cc1,tg,295.0,314.482666015625,297.0969594237024,305.91090148709293,308.26121808322216
*C(=O)Nc1ccc(-c2cc(-c3ccccc3)cc(-c3ccc(NC(=O)c4ccc5c(c4)C(=O)N(c4cccc(P(=O)(c6ccccc6)c6cccc(N7C(=O)c8ccc(*)cc8C7=O)c6)c4)C5=O)cc3)n2)cc1,tg,258.0,261.1235656738281,260.24737708984094,268.4941659027292,263.224034362446
*C(=O)Nc1ccc(-c2ccc(N3C(=O)CC(N4C(=O)c5ccc(*)cc5C4=O)C3=O)cc2)cc1,tg,219.0,154.356689453125,232.56227919119183,227.76314654392888,193.12402386118652
*C(=O)Nc1ccc(-c2ccc(NC(=O)N3CC(C)N(*)CC3C)cc2)cc1,tg,250.0,178.03195190429688,178.31906656920208,160.9085384954086,172.79315804308473
*C(=O)Nc1ccc(-c2ccc(NC(=O)c3ccc4c(c3)C(=O)N(c3c(C)cc(C)c(N5C(=O)c6ccc(*)cc6C5=O)c3C)C4=O)cc2C(F)(F)F)c(C(F)(F)F)c1,tg,267.0,338.755615234375,283.9984110362811,282.71248703575964,310.1744449144283
*C(=O)Nc1ccc(-c2ccc(NC(=O)c3ccc4c(c3)C(=O)N(c3c(C)cc(C)c(N5C(=O)c6ccc(*)cc6C5=O)c3C)C4=O)cc2C)c(C)c1,tg,259.0,320.79998779296875,313.3833882509175,302.34573594693836,313.5677991424443
*C(=O)Nc1ccc(-c2ccc(NC(=O)c3ccc4c(c3)C(=O)N(c3ccc(Oc5cccc6c(N7C(=O)c8ccc(*)cc8C7=O)cccc56)cc3)C4=O)c(OC)c2)cc1OC,tg,304.0,292.8978271484375,279.5596927071395,267.9625102300323,282.444736417101
*C(=O)Nc1ccc(-c2ccc(NC(=O)c3ccc4c(c3)C(=O)N(c3ccc(Oc5cccc6c(N7C(=O)c8ccc(*)cc8C7=O)cccc56)cc3)C4=O)cc2)cc1,tg,301.0,284.4790344238281,298.01303033850166,290.9131171247392,289.24831783488696
*C(=O)Nc1ccc(-c2ccc(NC(=O)c3ccc4c(c3)C(=O)N(c3ccc(S(=O)(=O)c5ccc(N6C(=O)c7ccc(*)cc7C6=O)cc5)cc3)C4=O)cc2)cc1,egc,2.4779,2.872373580932617,2.8789700322419964,2.833672540765048,2.863333730988564
*C(=O)Nc1ccc(-c2ccc(NC(=O)c3ccc4c(c3)C(=O)N(c3ccc(S(=O)(=O)c5ccc(N6C(=O)c7ccc(*)cc7C6=O)cc5)cc3)C4=O)cc2)cc1,tg,370.0,300.0225524902344,319.08636225856355,315.15358520280824,308.6178769998996
*C(=O)Nc1ccc(-c2ccc(NC(=O)c3ccc4c(c3)C(=O)N(c3cccc(P(=O)(c5ccccc5)c5cccc(N6C(=O)c7ccc(*)cc7C6=O)c5)c3)C4=O)cc2)cc1,tg,253.0,239.84130859375,243.91004149383429,244.6677175865057,242.16988410895053
*C(=O)Nc1ccc(C(=O)Nc2ccc(NC(=O)c3ccc4[nH]c(-c5ccc(-c6nc7cc(*)ccc7[nH]6)cc5)nc4c3)cc2)cc1,egc,2.6204,3.1368281841278076,2.8807886597382275,2.9689902133667054,3.033762302657763
*C(=O)Nc1ccc(C(=O)Nc2ccc(NC(=O)c3ccc4[nH]c(-c5cccc(-c6nc7cc(*)ccc7[nH]6)c5)nc4c3)cc2)cc1,egc,2.9934,2.720627784729004,3.001555589638956,2.962108219806484,2.849295132490041
*C(=O)Nc1ccc(C(=O)Nc2ccc(NC(=O)c3ccc4[nH]c(-c5cccc(-c6nc7cc(*)ccc7[nH]6)c5)nc4c3)cc2)cc1,tg,322.0,354.03173828125,306.7884497368554,305.9837081875115,329.4668226535186
*C(=O)Nc1ccc(C(=O)c2ccc(NC(=O)c3ccc4c(c3)C(=O)N(c3ccc(NC(=O)Nc5ccc(N6C(=O)c7ccc(*)cc7C6=O)cc5)cc3)C4=O)cc2)cc1,tg,212.0,254.39700317382812,210.79373603039292,210.558880459632,231.88190729138557
*C(=O)Nc1ccc(C(c2ccc(NC(=O)c3ccc(N4C(=O)c5ccc(*)cc5C4=O)cc3C)cc2)(C(F)(F)F)C(F)(F)F)cc1,tg,320.0,260.55224609375,277.46768229888374,279.7997916539863,269.98007802705456
*C(=O)Nc1ccc(C(c2ccc(NC(=O)c3ccc4c(c3)C(=O)N(c3c(C)cc(C)c(N5C(=O)c6ccc(*)cc6C5=O)c3C)C4=O)cc2)(C(F)(F)F)C(F)(F)F)cc1,tg,250.0,324.8836669921875,292.27984896103226,291.70033863523236,307.92331421774156
*C(=O)Nc1ccc(C(c2ccc(NC(=O)c3ccc4c(c3)C(=O)N(c3ccc(-c5ccc(N6C(=O)c7ccc(*)cc7C6=O)c(OC)c5)cc3OC)C4=O)cc2)(C(F)(F)F)C(F)(F)F)cc1,tg,250.0,275.9171447753906,269.54762281457124,275.21492333778167,274.3921586509348
*C(=O)Nc1ccc(C(c2ccc(NC(=O)c3ccc4c(c3)C(=O)N(c3ccc(Oc5ccc6ccc(Oc7ccc(N8C(=O)c9ccc(*)cc9C8=O)cc7)cc6c5)cc3)C4=O)cc2)(C(F)(F)F)C(F)(F)F)cc1,tg,292.0,248.42117309570312,261.431271757536,267.34707632669483,256.9476872450029
*C(=O)Nc1ccc(C(c2ccc(NC(=O)c3ccc4c(c3)C(=O)N(c3cccc5c(N6C(=O)c7ccc(*)cc7C6=O)cccc35)C4=O)cc2)(C(F)(F)F)C(F)(F)F)cc1,tg,250.0,305.8312683105469,298.6042649789165,287.24487082236135,298.5971217345155
*C(=O)Nc1ccc(C)cc1N1C(=O)CC(N2C(=O)c3ccc(*)cc3C2=O)C1=O,tg,237.0,209.97930908203125,203.55433083039227,181.72043938444352,199.917300709066
*C(=O)Nc1ccc(C2(c3ccc(N4C(=O)c5ccc(*)cc5C4=O)cc3)CC(C)CC(C)(C)C2)cc1,egc,2.7929,3.1528525352478027,3.0445267304499017,2.982036708820844,3.082117554471134
*C(=O)Nc1ccc(C2(c3ccc(N4C(=O)c5ccc(*)cc5C4=O)cc3)CC(C)CC(C)(C)C2)cc1,tg,328.0,287.14678955078125,322.7144122281367,332.8052205158342,308.57526206134196
*C(=O)Nc1ccc(C2(c3ccc(N4C(=O)c5ccc(*)cc5C4=O)cc3)CCC(C(C)(C)C)CC2)cc1,egc,2.7711,2.874509572982788,2.894480959035537,2.9028014832890503,2.886680624938564
*C(=O)Nc1ccc(C2(c3ccc(N4C(=O)c5ccc(*)cc5C4=O)cc3)CCC(C(C)(C)C)CC2)cc1,tg,331.0,314.0563049316406,311.48355093445593,320.23567499603564,315.43990145373994
*C(=O)Nc1ccc(C2(c3ccc(N4C(=O)c5ccc(*)cc5C4=O)cc3)CCC(C(C)(C)CC)CC2)cc1,egc,2.8521,3.368894577026367,2.8627606209510184,2.838187609763307,3.1110828819118352
*C(=O)Nc1ccc(C2(c3ccc(N4C(=O)c5ccc(*)cc5C4=O)cc3)CCC(C)CC2)cc1,tg,322.0,315.34356689453125,311.319788443036,314.3623204799337,314.2138598090819
*C(=O)Nc1ccc(C2(c3ccc(N4C(=O)c5ccc(*)cc5C4=O)cc3)CCC(CC)CC2)cc1,egc,2.9185,3.0441155433654785,2.9742575479204043,2.9609485862811384,3.005835917959424
*C(=O)Nc1ccc(C2(c3ccc(N4C(=O)c5ccc(*)cc5C4=O)cc3)CCC(CC)CC2)cc1,tg,312.0,273.74603271484375,305.14406121277176,300.64681610699984,288.51509403276384
*C(=O)Nc1ccc(C2(c3ccc(N4C(=O)c5ccc(*)cc5C4=O)cc3)CCCCC2)cc1,egc,2.8477,3.101010799407959,2.952854934344787,2.9023466604835115,3.0137699486556193
*C(=O)Nc1ccc(C2(c3ccc(N4C(=O)c5ccc(*)cc5C4=O)cc3)CCCCC2)cc1,tg,319.0,320.8990478515625,315.1263130597776,310.9630132198364,316.6397773471193
*C(=O)Nc1ccc(C2(c3ccc(NC(=O)c4ccc5c(c4)C(=O)N(c4ccc(Oc6ccc(N7C(=O)c8ccc(*)cc8C7=O)cc6)cc4)C5=O)cc3)c3ccccc3-c3ccccc32)cc1,tg,240.0,318.8575134277344,289.9182889887892,280.6818651846764,301.1049866018213
*C(=O)Nc1ccc(C2(c3ccc(NC(=O)c4ccc5c(c4)C(=O)N(c4ccc(Sc6ccc(Oc7ccc(Sc8ccc(N9C(=O)c%10ccc(*)cc%10C9=O)cc8)cc7)cc6)cc4)C5=O)cc3)c3ccccc3-c3ccccc32)cc1,tg,273.67,287.7572937011719,263.3907322910014,249.4974836194724,270.9175434266796
*C(=O)Nc1ccc(C2(c3ccc(NC(=O)c4ccc5c(c4)C(=O)N(c4cccc(N6C(=O)c7ccc(*)cc7C6=O)c4)C5=O)cc3)c3ccccc3-c3ccccc32)cc1,tg,209.0,329.3908386230469,268.88751774147613,275.5757494202667,300.3192547890369
*C(=O)Nc1ccc(Cc2ccc(N3C(=O)CC(N4C(=O)c5ccc(*)cc5C4=O)C3=O)cc2)cc1,tg,123.0,208.8915252685547,197.06227361725615,207.98912382956848,206.18366729260384
*C(=O)Nc1ccc(Cc2ccc(N3C(=O)c4ccc(*)cc4C3=O)cc2)cc1,egc,3.1109,3.2981295585632324,2.9828441724878143,2.9522140035191855,3.133366132621254
*C(=O)Nc1ccc(Cc2ccc(N3C(=O)c4ccc(*)cc4C3=O)cc2)cc1,tg,279.5,289.3021240234375,281.5476559639356,274.6999682858795,283.19235142281775
*C(=O)Nc1ccc(Cc2ccc(NC(=O)c3ccc(N4C(=O)c5ccc(*)cc5C4=O)cc3)cc2)cc1,tg,222.0,288.355224609375,260.8858527800533,269.9156490328823,277.01053495828097
*C(=O)Nc1ccc(Cc2ccc(NC(=O)c3ccc4c(c3)C(=O)N(c3ccc(-c5sc(-c6ccc(N7C(=O)c8ccc(*)cc8C7=O)cc6)c(-c6ccccc6)c5-c5ccccc5)cc3)C4=O)cc2)cc1,tg,253.0,288.2767333984375,322.5672866151427,315.8624480127772,303.8515679839551
*C(=O)Nc1ccc(Cc2ccc(NC(=O)c3ccc4c(c3)C(=O)N(c3ccc(NC(=O)Nc5ccc(N6C(=O)c7ccc(*)cc7C6=O)cc5)cc3)C4=O)cc2)cc1,tg,211.0,222.2274932861328,202.7178237897732,207.99829671336855,213.81964448390954
*C(=O)Nc1ccc(Cc2ccc(NC(=O)c3ccc4c(c3)C(=O)N(c3ccc(Oc5ccc(N6C(=O)c7ccc(*)cc7C6=O)cc5)cc3)C4=O)cc2)cc1,tg,270.0,266.5226135253906,254.73897613029249,261.1557765051025,262.44288751969776
*C(=O)Nc1ccc(Cc2ccc(NC(=O)c3ccc4c(c3)C(=O)N(c3ccc(Oc5ccc6ccc(Oc7ccc(N8C(=O)c9ccc(*)cc9C8=O)cc7)cc6c5)cc3)C4=O)cc2)cc1,tg,273.0,250.990966796875,259.2605797555996,261.37444490610943,255.90130489515292
*C(=O)Nc1ccc(Cc2ccc(NC(=O)c3ccc4c(c3)C(=O)N(c3cccc(P(=O)(c5ccccc5)c5cccc(N6C(=O)c7ccc(*)cc7C6=O)c5)c3)C4=O)cc2)cc1,tg,233.0,278.803955078125,233.70742216041145,242.46293187387437,258.3017726375068
*C(=O)Nc1ccc(N2C(=O)CC(N3C(=O)c4ccc(*)cc4C3=O)C2=O)cc1,tg,120.0,167.8772735595703,220.03724977362089,220.86676762805385,194.98045497133714
*C(=O)Nc1ccc(N2C(=O)c3ccc(*)cc3C2=O)cc1,egc,3.1573,3.1804256439208984,2.971210009721128,3.1313247983683734,3.1201403236832945
*C(=O)Nc1ccc(NC(=O)Nc2ccc(NC(=O)c3ccc4c(c3)C(=O)N(c3ccc(NC(=O)Nc5ccc(N6C(=O)c7ccc(*)cc7C6=O)cc5)cc3)C4=O)cc2)cc1,tg,208.0,250.8954162597656,221.20970295754427,216.6170630373568,234.19539540185693
*C(=O)Nc1ccc(NC(=O)c2ccc(N3C(=O)c4ccc(*)cc4C3=O)cc2)cc1,tg,297.5,295.04376220703125,276.5559720407566,287.5481675766763,288.92899683123215
*C(=O)Nc1ccc(NC(=O)c2ccc(NC(=O)c3ccc(-c4nc5cc(*)ccc5[nH]4)cc3)cc2)cc1,egc,2.7114,3.0969347953796387,3.167487413420075,3.061389943431265,3.103101768612886
*C(=O)Nc1ccc(NC(=O)c2ccc(NC(=O)c3ccc(-c4nc5cc(*)ccc5[nH]4)cc3)cc2)cc1,tg,295.0,305.8310546875,310.9688871420477,317.6508416781352,310.5427794603388
*C(=O)Nc1ccc(NC(=O)c2ccc3[nH]c(-c4cc(-c5nc6cc(*)ccc6[nH]5)cc(N5C(=O)c6ccccc6C5=O)c4)nc3c2)cc1,egc,2.3407,2.713606357574463,2.7202806620613873,2.806320670404221,2.7403055729172756
*C(=O)Nc1ccc(NC(=O)c2ccc3c(c2)C(=O)N(c2c(C)cc(C)c(N4C(=O)c5ccc(*)cc5C4=O)c2C)C3=O)cc1,egc,3.3589,2.674487590789795,2.832118434530779,2.87071612885333,2.7631921525370817
*C(=O)Nc1ccc(NC(=O)c2ccc3c(c2)C(=O)N(c2c(C)cc(C)c(N4C(=O)c5ccc(*)cc5C4=O)c2C)C3=O)cc1,tg,327.0,312.01513671875,325.9024023092215,317.1480044579025,316.4543725782678
*C(=O)Nc1ccc(NC(=O)c2ccc3c(c2)C(=O)N(c2cc(-c4nc5ccccc5s4)cc(N4C(=O)c5ccc(*)cc5C4=O)c2)C3=O)cc1,egc,2.886,2.3336703777313232,2.6561684432833643,2.843734807053286,2.544671299477576
*C(=O)Nc1ccc(NC(=O)c2ccc3c(c2)C(=O)N(c2cc(-c4nc5ccccc5s4)cc(N4C(=O)c5ccc(*)cc5C4=O)c2)C3=O)cc1,tg,356.0,321.6394348144531,355.0150992531814,353.0309200548924,338.203884772318
*C(=O)Nc1ccc(NC(=O)c2ccc3c(c2)C(=O)N(c2ccc(-c4sc(-c5ccc(N6C(=O)c7ccc(*)cc7C6=O)cc5)c(-c5ccccc5)c4-c4ccccc4)cc2)C3=O)cc1,tg,333.0,341.876953125,305.38533621045036,303.88463145222727,322.6305606247155
*C(=O)Nc1ccc(NC(=O)c2ccc3c(c2)C(=O)N(c2ccc(NC(=O)Nc4ccc(N5C(=O)c6ccc(*)cc6C5=O)cc4)cc2)C3=O)cc1,tg,216.0,272.8855285644531,226.2012692845846,223.38718804725025,247.98668193448506
*C(=O)Nc1ccc(NC(=O)c2ccc3c(c2)C(=O)N(c2ccc(Oc4ccc(N5C(=O)c6ccc(*)cc6C5=O)cc4)cc2)C3=O)c(OCCCCCCS(=O)(=O)c2ccc(C=Cc3ccc(N(C)C)cc3)cc2)c1,tg,192.0,213.93655395507812,182.21551126377648,192.0616733790556,200.65611759618065
*C(=O)Nc1ccc(NC(=O)c2ccc3c(c2)C(=O)N(c2ccc(Oc4ccc(N5C(=O)c6ccc(*)cc6C5=O)cc4)cc2)C3=O)cc1,egc,2.6514,2.3700997829437256,2.5481776344713993,2.6168067138833893,2.4771128813795364
*C(=O)Nc1ccc(NC(=O)c2ccc3c(c2)C(=O)N(c2ccc(Oc4cccc5c(N6C(=O)c7ccc(*)cc7C6=O)cccc45)cc2)C3=O)cc1,egc,2.8645,2.367882490158081,2.639464150405373,2.464299512571487,2.4550215384542886
*C(=O)Nc1ccc(NC(=O)c2ccc3c(c2)C(=O)N(c2ccc(S(=O)(=O)c4ccc(N5C(=O)c6ccc(*)cc6C5=O)cc4)cc2)C3=O)cc1,egc,2.7403,2.730764865875244,2.996492120216946,2.961833505130376,2.8531917340863564
*C(=O)Nc1ccc(NC(=O)c2ccc3c(c2)C(=O)N(c2ccc(S(=O)(=O)c4ccc(N5C(=O)c6ccc(*)cc6C5=O)cc4)cc2)C3=O)cc1,tg,368.0,307.06396484375,311.22184749024666,297.8013439621342,305.0518975205266
*C(=O)Nc1ccc(NC(=O)c2ccc3c(c2)C(=O)N(c2cccc(N4C(=O)c5ccc(*)cc5C4=O)c2)C3=O)cc1,tg,341.0,273.9844970703125,276.17612078453715,291.9476824492599,279.9920151155967
*C(=O)Nc1ccc(NC(=O)c2cccc(C(=O)Nc3ccc(N4C(=O)c5ccc(*)cc5C4=O)cc3)c2)cc1,egc,2.92,2.808624505996704,2.689257471511551,2.680937394677729,2.7471357057675467
*C(=O)Nc1ccc(Oc2c(C)cc(C(C)(C)c3cc(C)c(Oc4ccc(NC(=O)c5ccc6c(c5)C(=O)N(c5ccc(Oc7ccc(C8(c9ccc(Oc%10ccc(N%11C(=O)c%12ccc(*)cc%12C%11=O)cc%10)cc9)CC9CC8C8CCCC98)cc7)cc5)C6=O)cc4)c(C)c3)cc2C)cc1,tg,276.0,259.5227355957031,279.8704093267908,270.2664118860876,267.0242647517988
*C(=O)Nc1ccc(Oc2cc(C(C)(C)C)c(Oc3ccc(NC(=O)c4ccc5c(c4)C(=O)N(c4ccc(Oc6ccc(C7(c8ccc(Oc9ccc(N%10C(=O)c%11ccc(*)cc%11C%10=O)cc9)cc8)CC8CC7C7CCCC87)cc6)cc4)C5=O)cc3)cc2C(C)(C)C)cc1,tg,290.0,283.2064514160156,278.73972826347307,281.9162823957913,281.8902269236339
*C(=O)Nc1ccc(Oc2ccc(-c3ccc(Oc4ccc(NC(=O)c5ccc6c(c5)C(=O)N(c5ccc(Oc7ccc(C(C)(C)c8ccc(Oc9ccc(N%10C(=O)c%11ccc(*)cc%11C%10=O)cc9)cc8)cc7)cc5)C6=O)cc4)cc3)cc2)cc1,tg,283.0,230.32623291015625,262.7813230688406,262.19637194164034,246.8497681439305
*C(=O)Nc1ccc(Oc2ccc(-c3ccc(Oc4ccc(NC(=O)c5ccc6c(c5)C(=O)N(c5ccc(Oc7ccc(N8C(=O)c9ccc(*)cc9C8=O)cc7)cc5)C6=O)cc4)cc3)cc2)cc1,tg,262.0,271.5529479980469,268.94777495371704,263.18429922941993,268.428937670566
*C(=O)Nc1ccc(Oc2ccc(-c3ccc(Oc4ccc(NC(=O)c5ccc6c(c5)C(=O)N(c5ccc(Oc7ccc(S(=O)(=O)c8ccc(Oc9ccc(N%10C(=O)c%11ccc(*)cc%11C%10=O)cc9)cc8)cc7)cc5)C6=O)cc4)cc3)cc2)cc1,tg,267.0,251.5185546875,263.78067099252365,259.88655390587564,256.62503442216024
*C(=O)Nc1ccc(Oc2ccc(-c3ccc(Oc4ccc(NC(=O)c5ccc6c(c5)C(=O)N(c5ccc(Oc7ccccc7-c7ccccc7Oc7ccc(N8C(=O)c9ccc(*)cc9C8=O)cc7)cc5)C6=O)cc4)cc3)cc2)cc1,tg,254.0,243.2225646972656,256.30616211890776,262.18266452402304,251.7747488445926
*C(=O)Nc1ccc(Oc2ccc(-c3ccc(Oc4ccc(NC(=O)c5ccc6c(c5)C(=O)N(c5cccc(N7C(=O)c8ccc(*)cc8C7=O)c5)C6=O)cc4)cc3)cc2)cc1,tg,292.0,257.1549072265625,266.45134757135656,268.8368666718106,262.67779533754947
*C(=O)Nc1ccc(Oc2ccc(C(C)(C)c3ccc(Oc4ccc(NC(=O)c5ccc(N6C(=O)c7ccc(*)cc7C6=O)cc5)cc4)cc3)cc2)cc1,tg,216.0,240.7801818847656,231.32071432649903,233.67696943196063,236.6404220393893
*C(=O)Nc1ccc(Oc2ccc(C(C)(C)c3ccc(Oc4ccc(NC(=O)c5ccc6c(c5)C(=O)N(c5ccc(Oc7ccc8ccc(Oc9ccc(N%10C(=O)c%11ccc(*)cc%11C%10=O)cc9)cc8c7)cc5)C6=O)cc4)cc3)cc2)cc1,tg,250.0,216.32516479492188,240.0287147024066,241.0916408011169,228.85414558342336
*C(=O)Nc1ccc(Oc2ccc(C(C)(C)c3ccc(Oc4ccc(NC(=O)c5ccc6c(c5)C(=O)N(c5ccc(Oc7cccc(N8C(=O)c9ccc(*)cc9C8=O)c7)cc5)C6=O)cc4)cc3)cc2)cc1,tg,207.0,232.26063537597656,236.98411531163393,233.5848352477435,233.64010335577007
*C(=O)Nc1ccc(Oc2ccc(C(C)(C)c3ccc(Oc4ccc(NC(=O)c5ccc6c(c5)C(=O)N(c5ccc(Oc7cccc8c(Oc9ccc(N%10C(=O)c%11ccc(*)cc%11C%10=O)cc9)cccc78)cc5)C6=O)cc4)cc3)cc2)cc1,tg,235.0,236.41358947753903,254.17566280107292,243.8482332311869,242.3605003391672
*C(=O)Nc1ccc(Oc2ccc(C(c3ccc(Oc4ccc(NC(=O)c5ccc6c(c5)C(=O)N(c5ccc(Oc7ccc(C8(c9ccc(Oc%10ccc(N%11C(=O)c%12ccc(*)cc%12C%11=O)cc%10)cc9)CC9CC8C8CCCC98)cc7)cc5)C6=O)cc4)cc3)(C(F)(F)F)C(F)(F)F)cc2)cc1,tg,254.0,254.75743103027344,254.99335755508932,251.79250886580704,253.88856428167716
*C(=O)Nc1ccc(Oc2ccc(C(c3ccc(Oc4ccc(NC(=O)c5ccc6c(c5)C(=O)N(c5ccc(Oc7ccc8ccc(Oc9ccc(N%10C(=O)c%11ccc(*)cc%11C%10=O)cc9)cc8c7)cc5)C6=O)cc4)cc3)(C(F)(F)F)C(F)(F)F)cc2)cc1,tg,250.0,259.2991638183594,256.5885229610793,263.23108676660974,259.9591224496496
*C(=O)Nc1ccc(Oc2ccc(C(c3ccc(Oc4ccc(NC(=O)c5ccc6c(c5)C(=O)N(c5ccc(Oc7cccc8c(Oc9ccc(N%10C(=O)c%11ccc(*)cc%11C%10=O)cc9)cccc78)cc5)C6=O)cc4)cc3)(C(F)(F)F)C(F)(F)F)cc2)cc1,tg,231.0,246.43194580078125,252.3608177704184,249.18883239761473,248.50214620875647
*C(=O)Nc1ccc(Oc2ccc(C3(c4ccc(Oc5ccc(NC(=O)c6ccc7c(c6)C(=O)N(c6ccc(C)c(N8C(=O)c9ccc(*)cc9C8=O)c6)C7=O)cc5)cc4)NC(=O)c4ccccc43)cc2)cc1,tg,315.0,279.7934875488281,297.35408241509515,286.04297455040364,285.33236209293995
*C(=O)Nc1ccc(Oc2ccc(C3(c4ccc(Oc5ccc(NC(=O)c6ccc7c(c6)C(=O)N(c6ccc(Oc8ccc(Oc9ccc(N%10C(=O)c%11ccc(*)cc%11C%10=O)cc9)c(C)c8)cc6)C7=O)cc5)cc4)NC(=O)c4ccccc43)cc2)cc1,tg,293.0,272.0186767578125,287.5105050546312,286.64681360430325,279.7250476581802
*C(=O)Nc1ccc(Oc2ccc(C3(c4ccc(Oc5ccc(NC(=O)c6ccc7c(c6)C(=O)N(c6ccc(Oc8ccc(Oc9ccc(N%10C(=O)c%11ccc(*)cc%11C%10=O)cc9)cc8)cc6)C7=O)cc5)cc4)NC(=O)c4ccccc43)cc2)cc1,tg,284.0,285.26690673828125,288.3456476251701,289.67837506600506,287.26384988791574
*C(=O)Nc1ccc(Oc2ccc(C3(c4ccc(Oc5ccc(NC(=O)c6ccc7c(c6)C(=O)N(c6ccc(Oc8cccc(N9C(=O)c%10ccc(*)cc%10C9=O)c8)cc6)C7=O)cc5)cc4)NC(=O)c4ccccc43)cc2)cc1,tg,272.0,270.4028015136719,278.7726070449558,277.12492997889035,274.20094048465455
*C(=O)Nc1ccc(Oc2ccc(C3(c4ccc(Oc5ccc(NC(=O)c6ccc7c(c6)C(=O)N(c6ccc(Oc8cccc(Oc9ccc(N%10C(=O)c%11ccc(*)cc%11C%10=O)cc9)c8)cc6)C7=O)cc5)cc4)NC(=O)c4ccccc43)cc2)cc1,tg,267.0,244.46975708007812,277.0647750803932,280.34490598740285,262.2611142527469
*C(=O)Nc1ccc(Oc2ccc(N3C(=O)c4ccc(*)cc4C3=O)cc2)cc1,egc,2.7025,3.052781581878662,3.028542490448129,2.93900201329922,3.0164156122007917
*C(=O)Nc1ccc(Oc2ccc(N3C(=O)c4ccc(*)cc4C3=O)cc2)cc1,tg,290.17,238.89990234375,273.03831644619163,288.0674579879155,261.12061699826836
*C(=O)Nc1ccc(Oc2ccc(NC(=O)c3ccc(N4C(=O)c5ccc(*)cc5C4=O)cc3)cc2)cc1,tg,252.67,269.29461669921875,244.71933501735975,254.3026334092153,259.61074990124666
*C(=O)Nc1ccc(Oc2ccc(NC(=O)c3ccc4c(c3)C(=O)N(c3cc(C(F)(F)F)cc(N5C(=O)c6ccc(*)cc6C5=O)c3Oc3ccc(C(F)(F)F)cc3)C4=O)cc2-c2ccccc2)c(-c2ccccc2)c1,tg,312.0,266.3827209472656,302.4816051199084,296.5704176951193,283.13384099070464
*C(=O)Nc1ccc(Oc2ccc(NC(=O)c3ccc4c(c3)C(=O)N(c3ccc(-c5sc(-c6ccc(N7C(=O)c8ccc(*)cc8C7=O)cc6)c(-c6ccccc6)c5-c5ccccc5)cc3)C4=O)cc2)cc1,tg,320.0,291.92681884765625,291.7631945505377,305.9347946921964,296.2270943219483
*C(=O)Nc1ccc(Oc2ccc(NC(=O)c3ccc4c(c3)C(=O)N(c3ccc(Cc5ccc(N6C(=O)c7ccc(*)cc7C6=O)cc5)cc3)C4=O)cc2)cc1,tg,251.0,271.2729187011719,272.8675146691578,273.45912003821,272.27668546773674
*C(=O)Nc1ccc(Oc2ccc(NC(=O)c3ccc4c(c3)C(=O)N(c3ccc(Oc5ccc(C6(c7ccc(Oc8ccc(N9C(=O)c%10ccc(*)cc%10C9=O)cc8)cc7)CC7CC6C6CCCC76)cc5)cc3)C4=O)cc2)cc1,tg,250.0,262.669921875,263.3913980966227,268.52742134428314,264.6302757441295
*C(=O)Nc1ccc(Oc2ccc(NC(=O)c3ccc4c(c3)C(=O)N(c3ccc(Oc5ccc(C6(c7ccc(Oc8ccc(N9C(=O)c%10ccc(*)cc%10C9=O)cc8)cc7)NC(=O)c7ccccc76)cc5)cc3)C4=O)cc2)cc1,tg,325.0,277.7742919921875,303.22109446804717,304.95841028871723,291.40916483688517
*C(=O)Nc1ccc(Oc2ccc(NC(=O)c3ccc4c(c3)C(=O)N(c3ccc(Oc5ccc(N6C(=O)c7ccc(*)cc7C6=O)cc5)cc3)C4=O)cc2)cc1,egc,2.699,2.315870761871338,2.615191206872449,2.5726605839534447,2.4528260247766296
*C(=O)Nc1ccc(Oc2ccc(NC(=O)c3ccc4c(c3)C(=O)N(c3ccc(Oc5ccc(N6C(=O)c7ccc(*)cc7C6=O)cc5-c5ccccc5)c(-c5ccccc5)c3)C4=O)cc2)cc1,tg,345.0,256.57470703125,268.27877756985066,287.42143890680677,268.52121556012105
*C(=O)Nc1ccc(Oc2ccc(NC(=O)c3ccc4c(c3)C(=O)N(c3ccc(Oc5ccc(N6C(=O)c7ccc(*)cc7C6=O)cc5-c5ccccc5)c(-c5ccccc5)c3)C4=O)cc2-c2ccccc2)c(-c2ccccc2)c1,tg,369.0,249.4320068359375,322.7289645271891,323.6218812859362,287.43392652672424
*C(=O)Nc1ccc(Oc2ccc(NC(=O)c3ccc4c(c3)C(=O)N(c3ccc(Oc5cccc6c(N7C(=O)c8ccc(*)cc8C7=O)cccc56)cc3)C4=O)cc2)cc1,tg,278.0,270.60137939453125,290.8134299925188,272.3615425829487,275.29569205938645
*C(=O)Nc1ccc(Oc2ccc(NC(=O)c3ccc4c(c3)C(=O)N(c3ccc(S(=O)(=O)c5ccc(N6C(=O)c7ccc(*)cc7C6=O)cc5)cc3)C4=O)cc2)cc1,tg,281.0,274.38427734375,293.9885334919828,296.7489604781427,285.3285500278495
*C(=O)Nc1ccc(Oc2ccc(NC(=O)c3ccc4c(c3)C(=O)N(c3cccc(P(=O)(c5ccccc5)c5cccc(N6C(=O)c7ccc(*)cc7C6=O)c5)c3)C4=O)cc2)cc1,tg,235.0,242.7674560546875,242.7529692887119,249.80623703608137,244.9421808689535
*C(=O)Nc1ccc(Oc2ccc(NC(=O)c3cccc(*)n3)cc2)cc1,egc,3.4406,3.6520140171051025,3.7497928272727887,3.757446125414385,3.7026099841122875
*C(=O)Nc1ccc(Oc2ccc(Oc3ccc(NC(=O)c4ccc5c(c4)C(=O)N(c4ccc(-c6sc(-c7ccc(N8C(=O)c9ccc(*)cc9C8=O)cc7)c(-c7ccccc7)c6-c6ccccc6)cc4)C5=O)cc3)cc2)cc1,tg,303.0,286.82952880859375,313.9490924278607,311.21902463575594,299.9432202309183
*C(=O)Nc1ccc(Oc2ccc(Oc3ccc(NC(=O)c4ccc5c(c4)C(=O)N(c4ccc(Oc6ccc(C7(c8ccc(Oc9ccc(N%10C(=O)c%11ccc(*)cc%11C%10=O)cc9)cc8)CC8CC7C7CCCC87)cc6)cc4)C5=O)cc3)c(C(C)(C)C)c2)cc1,tg,275.0,273.013427734375,263.7448570952598,262.5224641472231,267.86473880459187
*C(=O)Nc1ccc(Oc2ccc(Oc3ccc(NC(=O)c4ccc5c(c4)C(=O)N(c4ccc(Oc6ccc(C7(c8ccc(Oc9ccc(N%10C(=O)c%11ccc(*)cc%11C%10=O)cc9)cc8)CC8CC7C7CCCC87)cc6)cc4)C5=O)cc3)cc2)cc1,tg,257.0,259.6261901855469,264.3625519711014,265.16701364729323,262.3128665322476
*C(=O)Nc1ccc(Oc2ccc(Oc3ccc(NC(=O)c4ccc5c(c4)C(=O)N(c4ccc(Oc6ccc(C7(c8ccc(Oc9ccc(N%10C(=O)c%11ccc(*)cc%11C%10=O)cc9)cc8)NC(=O)c8ccccc87)cc6)cc4)C5=O)cc3)cc2)cc1,tg,300.0,285.2669372558594,308.93351269034406,306.45764434476007,296.6820345675694
*C(=O)Nc1ccc(Oc2ccc(Oc3ccc(NC(=O)c4ccc5c(c4)C(=O)N(c4ccc(Oc6ccc(N7C(=O)c8ccc(*)cc8C7=O)cc6)cc4)C5=O)cc3)cc2)cc1,tg,260.0,257.83123779296875,239.91857866931528,248.31815538687624,251.2103706405976
*C(=O)Nc1ccc(Oc2ccc(Oc3ccc(NC(=O)c4ccc5c(c4)C(=O)N(c4ccc(Oc6cccc7c(Oc8ccc(N9C(=O)c%10ccc(*)cc%10C9=O)cc8)cccc67)cc4)C5=O)cc3)cc2)cc1,tg,285.0,263.80645751953125,254.6170973245289,246.3671437905233,256.5243102366416
*C(=O)Nc1ccc(Oc2ccc(Oc3ccc(NC(=O)c4ccc5c(c4)C(=O)N(c4ccc(S(=O)(=O)c6ccc(N7C(=O)c8ccc(*)cc8C7=O)cc6)cc4)C5=O)cc3)cc2)cc1,tg,243.0,261.362548828125,279.94761571093136,282.62140167821985,271.7554431902781
*C(=O)Nc1ccc(Oc2ccc(S(=O)(=O)c3ccc(Oc4ccc(NC(=O)c5ccc6c(c5)C(=O)N(c5ccc(Oc7cccc8c(Oc9ccc(N%10C(=O)c%11ccc(*)cc%11C%10=O)cc9)cccc78)cc5)C6=O)cc4)cc3)cc2)cc1,tg,260.0,266.6427917480469,247.89401899839868,256.16575368098415,259.55202759484786
*C(=O)Nc1ccc(Oc2ccc3ccccc3c2-c2c(Oc3ccc(NC(=O)c4ccc5c(c4)C(=O)N(c4cc(C(F)(F)F)cc(N6C(=O)c7ccc(*)cc7C6=O)c4Oc4ccc(C(F)(F)F)cc4)C5=O)cc3)ccc3ccccc23)cc1,tg,324.0,276.44384765625,290.66452934449035,274.6731927576825,278.815685208125
*C(=O)Nc1ccc(Oc2cccc(NC(=O)c3ccc4c(c3)C(=O)N(c3ccc(-c5sc(-c6ccc(N7C(=O)c8ccc(*)cc8C7=O)cc6)c(-c6ccccc6)c5-c5ccccc5)cc3)C4=O)c2)cc1,tg,315.0,287.0958251953125,310.69854317649765,303.91055367763045,297.14394613720674
*C(=O)Nc1ccc(Oc2cccc(NC(=O)c3ccc4c(c3)C(=O)N(c3ccc(Oc5ccc(C6(c7ccc(Oc8ccc(N9C(=O)c%10ccc(*)cc%10C9=O)cc8)cc7)NC(=O)c7ccccc76)cc5)cc3)C4=O)c2)cc1,tg,302.0,272.4997253417969,308.0734877348387,296.07628388070265,287.0976399675636
*C(=O)Nc1ccc(Oc2cccc(NC(=O)c3ccc4c(c3)C(=O)N(c3ccc(Oc5ccc(N6C(=O)c7ccc(*)cc7C6=O)cc5)cc3)C4=O)c2)cc1,tg,236.0,242.5895538330078,245.8220939371863,245.09469004454405,244.02828140894607
*C(=O)Nc1ccc(Oc2cccc(NC(=O)c3ccc4c(c3)C(=O)N(c3ccc(Oc5ccc6ccc(Oc7ccc(N8C(=O)c9ccc(*)cc9C8=O)cc7)cc6c5)cc3)C4=O)c2)cc1,tg,263.0,262.1174621582031,252.5195206444496,251.0856831648586,256.7338293565525
*C(=O)Nc1ccc(Oc2cccc(NC(=O)c3ccc4c(c3)C(=O)N(c3ccc(Oc5cccc(N6C(=O)c7ccc(*)cc7C6=O)c5)cc3)C4=O)c2)cc1,tg,211.0,252.15960693359375,233.67427406168676,241.30565841113713,245.00631895888955
*C(=O)Nc1ccc(Oc2cccc(Oc3ccc(NC(=O)c4ccc5c(c4)C(=O)N(c4ccc(Oc6cccc(Oc7ccc(N8C(=O)c9ccc(*)cc9C8=O)cc7)c6C#N)cc4)C5=O)cc3)c2C#N)cc1,tg,220.0,241.15733337402344,241.7835752396585,232.10478248302417,238.48517633613284
*C(=O)Nc1ccc(Oc2ccccc2-c2ccccc2Oc2ccc(NC(=O)c3ccc4c(c3)C(=O)N(c3ccc(N5C(=O)c6ccc(*)cc6C5=O)cc3)C4=O)cc2)cc1,tg,268.0,263.1446838378906,264.1147126497584,260.43000834449015,262.50395865842654
*C(=O)Nc1ccc(Oc2ccccc2-c2ccccc2Oc2ccc(NC(=O)c3ccc4c(c3)C(=O)N(c3ccc(Oc5ccc(-c6ccc(Oc7ccc(N8C(=O)c9ccc(*)cc9C8=O)cc7)cc6)cc5)cc3)C4=O)cc2)cc1,tg,233.0,241.74452209472656,246.58637511948217,247.15599124125316,244.41283649212204
*C(=O)Nc1ccc(Oc2ccccc2-c2ccccc2Oc2ccc(NC(=O)c3ccc4c(c3)C(=O)N(c3ccc(Oc5ccc(N6C(=O)c7ccc(*)cc7C6=O)cc5)cc3)C4=O)cc2)cc1,tg,241.5,244.37835693359375,240.95807097738887,246.97477246111387,244.47943101155516
*C(=O)Nc1ccc(Oc2ccccc2-c2ccccc2Oc2ccc(NC(=O)c3ccc4c(c3)C(=O)N(c3ccc(Oc5ccc(Oc6ccc(N7C(=O)c8ccc(*)cc8C7=O)cc6)cc5)cc3)C4=O)cc2)cc1,tg,238.0,240.27703857421875,242.22166269855217,234.6498849884688,238.93532844382884
*C(=O)Nc1ccc(Oc2ccccc2-c2ccccc2Oc2ccc(NC(=O)c3ccc4c(c3)C(=O)N(c3ccc(Oc5ccc(S(=O)(=O)c6ccc(Oc7ccc(N8C(=O)c9ccc(*)cc9C8=O)cc7)cc6)cc5)cc3)C4=O)cc2)cc1,tg,236.0,249.55160522460935,247.17261546613443,250.3784670885067,249.31899335670963
*C(=O)Nc1ccc(Oc2ccccc2-c2ccccc2Oc2ccc(NC(=O)c3ccc4c(c3)C(=O)N(c3ccc(Oc5cccc(Oc6ccc(N7C(=O)c8ccc(*)cc8C7=O)cc6)c5)cc3)C4=O)cc2)cc1,tg,229.0,232.85760498046875,229.3002137120914,224.0498906979968,229.40225375079012
*C(=O)Nc1ccc(Oc2ccccc2-c2ccccc2Oc2ccc(NC(=O)c3ccc4c(c3)C(=O)N(c3ccc(Oc5ccccc5-c5ccccc5Oc5ccc(N6C(=O)c7ccc(*)cc7C6=O)cc5)cc3)C4=O)cc2)cc1,tg,233.0,231.76080322265625,258.47816053926476,251.1955113415928,243.25897642118758
*C(=O)Nc1ccc(Oc2ccccc2-c2ccccc2Oc2ccc(NC(=O)c3ccc4c(c3)C(=O)N(c3cccc(N5C(=O)c6ccc(*)cc6C5=O)c3)C4=O)cc2)cc1,tg,237.0,250.42381286621097,247.3991268268847,255.45546645801764,251.35953585040286
*C(=O)Nc1ccc(S(=O)(=O)c2ccc(N3C(=O)CC(N4C(=O)c5ccc(*)cc5C4=O)C3=O)cc2)cc1,tg,145.0,195.34619140625,178.16720850760706,188.69797537225023,189.76230463480863
*C(=O)Nc1ccc(S(=O)(=O)c2ccc(NC(=O)c3ccc(N4C(=O)c5ccc(*)cc5C4=O)cc3)cc2)cc1,tg,227.33,289.7808837890625,283.13705176926175,282.5475683831187,286.17895104208003
*C(=O)Nc1ccc(S(=O)(=O)c2ccc(NC(=O)c3ccc4[nH]c(-c5cc(-c6nc7cc(*)ccc7[nH]6)cc(N6C(=O)c7ccccc7C6=O)c5)nc4c3)cc2)cc1,tg,325.0,361.4660034179687,319.81038525791377,322.9249511389698,340.98961855752054
*C(=O)Nc1ccc(S(=O)(=O)c2ccc(NC(=O)c3ccc4[nH]c(-c5cccc(-c6nc7cc(*)ccc7[nH]6)c5)nc4c3)cc2)cc1,egc,3.6016,3.314772605895996,3.2271751150924888,3.2160597064706247,3.2682873008213793
*C(=O)Nc1ccc(S(=O)(=O)c2ccc(NC(=O)c3ccc4[nH]c(-c5cccc(-c6nc7cc(*)ccc7[nH]6)c5)nc4c3)cc2)cc1,tg,312.0,292.30609130859375,324.1618186007903,322.24147399868446,308.1079849476255
*C(=O)Nc1ccc(S(=O)(=O)c2ccc(NC(=O)c3ccc4c(c3)C(=O)N(c3cc(-c5nc6ccccc6o5)cc(N5C(=O)c6ccc(*)cc6C5=O)c3)C4=O)cc2)cc1,tg,367.0,313.42596435546875,330.75929084507993,342.65382500663213,326.0273615575773
*C(=O)Nc1ccc(S(=O)(=O)c2ccc(NC(=O)c3ccc4c(c3)C(=O)N(c3cc(-c5nc6ccccc6s5)cc(N5C(=O)c6ccc(*)cc6C5=O)c3)C4=O)cc2)cc1,tg,357.0,300.966796875,349.77823629776407,355.43364727826963,327.8395621533153
*C(=O)Nc1ccc(S(=O)(=O)c2ccc(NC(=O)c3ccc4c(c3)C(=O)N(c3ccc(-c5sc(-c6ccc(N7C(=O)c8ccc(*)cc8C7=O)cc6)c(-c6ccccc6)c5-c5ccccc5)cc3)C4=O)cc2)cc1,tg,340.0,318.56146240234375,284.44280967214996,293.28498687351464,303.7363666168062
*C(=O)Nc1ccc(S(=O)(=O)c2ccc(NC(=O)c3ccc4c(c3)C(=O)N(c3ccc(NC(=O)Nc5ccc(N6C(=O)c7ccc(*)cc7C6=O)cc5)cc3)C4=O)cc2)cc1,tg,205.0,226.00924682617188,238.17744195214567,245.55454949053637,234.55454287653635
*C(=O)Nc1ccc(S(=O)(=O)c2ccc(NC(=O)c3ccc4c(c3)C(=O)N(c3ccc(Oc5ccc(N6C(=O)c7ccc(*)cc7C6=O)cc5)cc3)C4=O)cc2)cc1,egc,2.6835,2.6898598670959473,2.964878926207922,3.017055115618378,2.8405007381835023
*C(=O)Nc1ccc(S(=O)(=O)c2ccc(NC(=O)c3ccc4c(c3)C(=O)N(c3ccc(S(=O)(=O)c5ccc(N6C(=O)c7ccc(*)cc7C6=O)cc5)cc3)C4=O)cc2)cc1,egc,3.3421,2.8729805946350098,2.7065324837114453,2.817783028668475,2.820633169140801
*C(=O)Nc1ccc(S(=O)(=O)c2ccc(NC(=O)c3ccc4c(c3)C(=O)N(c3ccc(S(=O)(=O)c5ccc(N6C(=O)c7ccc(*)cc7C6=O)cc5)cc3)C4=O)cc2)cc1,tg,307.0,286.08978271484375,300.362041432169,322.0103514605653,300.13334008120427
*C(=O)Nc1ccc(S(=O)(=O)c2ccc(NC(=O)c3ccc4c(c3)C(=O)N(c3cccc(N5C(=O)c6ccc(*)cc6C5=O)c3)C4=O)cc2)cc1,tg,342.0,295.61614990234375,307.82393394252244,314.4880486976159,303.9612323513397
*C(=O)Nc1ccc(Sc2ccc(NC(=O)c3ccc4c(c3)C(=O)N(c3ccc(Oc5ccc(C6(c7ccc(Oc8ccc(N9C(=O)c%10ccc(*)cc%10C9=O)cc8)cc7)NC(=O)c7ccccc76)cc5)cc3)C4=O)cc2)cc1,tg,312.0,265.55926513671875,310.9265529516451,313.0188454343029,289.55696037560347
*C(=O)Nc1ccc(Sc2ccc(NC(=O)c3ccc4c(c3)C(=O)N(c3ccc(Oc5ccc(N6C(=O)c7ccc(*)cc7C6=O)cc5)cc3)C4=O)cc2)cc1,tg,284.0,262.68310546875,258.3637871549202,260.3732459446511,261.08166692186546
*C(=O)Nc1ccc(Sc2ccc(NC(=O)c3ccc4c(c3)C(=O)N(c3ccc(Oc5cccc6c(Oc7ccc(N8C(=O)c9ccc(*)cc9C8=O)cc7)cccc56)cc3)C4=O)cc2)cc1,tg,265.0,260.30670166015625,282.84152641927193,275.4180539974518,269.6085726317043
*C(=O)Nc1ccc2c(c1)Cc1cc(NC(=O)c3ccc4c(c3)C(=O)N(c3ccc(NC(=O)Nc5ccc(N6C(=O)c7ccc(*)cc7C6=O)cc5)cc3)C4=O)ccc1-2,tg,224.0,245.00997924804688,228.66500685667293,225.21955744280143,235.53131122038587
*C(=O)Nc1cccc(C#Cc2cccc(N3C(=O)c4ccc(*)cc4C3=O)c2)c1,tg,323.5,221.4600830078125,277.56549223193895,281.0508897424703,251.4156552380619
*C(=O)Nc1cccc(C(=O)Nc2cccc(NC(=O)c3ccc4[nH]c(-c5cccc(-c6nc7cc(*)ccc7[nH]6)c5)nc4c3)c2)c1,egc,3.186,3.3107428550720215,3.2353124332694394,3.187191383453735,3.2602356226411935
*C(=O)Nc1cccc(C(=O)Nc2cccc(NC(=O)c3ccc4[nH]c(-c5cccc(-c6nc7cc(*)ccc7[nH]6)c5)nc4c3)c2)c1,tg,331.0,296.53118896484375,305.36712841051354,307.81493960924524,301.83633131615517
*C(=O)Nc1cccc(C(=O)c2cccc(NC(=O)c3ccc4c(c3)C(=O)N(c3ccc(-c5sc(-c6ccc(N7C(=O)c8ccc(*)cc8C7=O)cc6)c(-c6ccccc6)c5-c5ccccc5)cc3)C4=O)c2)c1,tg,308.0,306.74530029296875,289.66500519217135,297.162830872005,300.2738587275049
*C(=O)Nc1cccc(C=CC(=O)C=Cc2cccc(NC(=O)c3ccc(N4C(=O)c5ccc(*)cc5C4=O)cc3)c2)c1,egc,3.0227,2.4973056316375732,2.5880238937565014,2.508761792668032,2.520772787395318
*C(=O)Nc1cccc(NC(=O)C=Cc2cccc(N3C(=O)c4ccc(*)cc4C3=O)c2)c1,tg,245.0,231.5945281982422,243.6903459143731,269.9160756964967,245.93406851263416
*C(=O)Nc1cccc(NC(=O)c2ccc(-c3nc4cc(*)ccc4[nH]3)cc2)c1,egc,3.2886,3.451204776763916,3.358444706704102,3.4082811614446777,3.4187259808696555
*C(=O)Nc1cccc(NC(=O)c2ccc3[nH]c(-c4cc(-c5nc6cc(*)ccc6[nH]5)cc(N5C(=O)c6ccccc6C5=O)c4)nc3c2)c1,tg,304.0,308.59014892578125,324.8793473807672,309.7476510655368,312.29260466829885
*C(=O)Nc1cccc(NC(=O)c2ccc3[nH]c(-c4ccc(-c5nc6cc(*)ccc6[nH]5)cc4)nc3c2)c1,tg,294.0,330.70184326171875,301.48682860215735,314.04107554848645,319.54909302341235
*C(=O)Nc1cccc(NC(=O)c2ccc3[nH]c(-c4cccc(-c5nc6cc(*)ccc6[nH]5)c4)nc3c2)c1,egc,3.3364,2.8874611854553223,3.371892881408279,3.2945882252758416,3.106812108077427
*C(=O)Nc1cccc(NC(=O)c2ccc3[nH]c(-c4cccc(-c5nc6cc(*)ccc6[nH]5)c4)nc3c2)n1,egc,3.4965,3.2213172912597656,3.301587999619297,3.321239136157555,3.2664874123753664
*C(=O)Nc1cccc(NC(=O)c2ccc3[nH]c(-c4cccc(-c5nc6cc(*)ccc6[nH]5)c4)nc3c2)n1,tg,302.0,320.3876647949219,326.4534370173132,328.9146163447349,324.2711485767805
*C(=O)Nc1cccc(NC(=O)c2ccc3c(c2)C(=O)N(c2cc(-c4nc5ccccc5o4)cc(N4C(=O)c5ccc(*)cc5C4=O)c2)C3=O)n1,tg,365.0,288.45989990234375,329.27940860392044,328.82243446147675,309.3281636473532
*C(=O)Nc1cccc(NC(=O)c2ccc3c(c2)C(=O)N(c2cc(-c4nc5ccccc5s4)cc(N4C(=O)c5ccc(*)cc5C4=O)c2)C3=O)n1,tg,358.0,287.0521240234375,327.60867351220463,323.45310919863545,306.6407522764491
*C(=O)Nc1cccc(NC(=O)c2ccc3c(c2)C(=O)N(c2ccc(-c4sc(-c5ccc(N6C(=O)c7ccc(*)cc7C6=O)cc5)c(-c5ccccc5)c4-c4ccccc4)cc2)C3=O)c1,tg,334.0,316.938232421875,323.25094586279585,312.222662222484,316.77536720619304
*C(=O)Nc1cccc(NC(=O)c2ccc3c(c2)C(=O)N(c2ccc(Oc4ccc(C5(c6ccc(Oc7ccc(N8C(=O)c9ccc(*)cc9C8=O)cc7)cc6)NC(=O)c6ccccc65)cc4)cc2)C3=O)c1,tg,328.0,291.2611083984375,310.4958186513692,305.9124517632047,299.7431114587581
*C(=O)Nc1cccc(NC(=O)c2ccc3c(c2)C(=O)N(c2ccc(Oc4ccc5ccc(Oc6ccc(N7C(=O)c8ccc(*)cc8C7=O)cc6)cc5c4)cc2)C3=O)c1,tg,286.0,252.28717041015625,275.90924467039014,271.4434572133172,263.06371036136403
*C(=O)Nc1cccc(NC(=O)c2ccc3c(c2)C(=O)N(c2ccc(Oc4cccc5c(N6C(=O)c7ccc(*)cc7C6=O)cccc45)cc2)C3=O)n1,tg,293.0,283.986083984375,283.7067596176721,285.6524297493908,284.4442795696435
*C(=O)Nc1cccc(NC(=O)c2ccc3c(c2)C(=O)N(c2ccc(Oc4cccc5c(Oc6ccc(N7C(=O)c8ccc(*)cc8C7=O)cc6)cccc45)cc2)C3=O)c1,tg,263.0,267.1461181640625,262.60564701490944,260.1176887360265,264.03941598501007
*C(=O)Nc1cccc(NC(=O)c2ccc3c(c2)C(=O)N(c2ccc(S(=O)(=O)c4ccc(N5C(=O)c6ccc(*)cc6C5=O)cc4)cc2)C3=O)c1,egc,3.0501,2.952646017074585,2.865015406874983,2.9470904141871186,2.931475494382433
*C(=O)Nc1cccc(NC(=O)c2ccc3c(c2)C(=O)N(c2ccc(S(=O)(=O)c4ccc(N5C(=O)c6ccc(*)cc6C5=O)cc4)cc2)C3=O)c1,tg,311.0,295.37554931640625,325.67023081384195,338.12540372181957,314.8215600717645
*C(=O)Nc1cccc(NC(=O)c2ccc3c(c2)C(=O)N(c2cccc(P(=O)(c4ccccc4)c4cccc(N5C(=O)c6ccc(*)cc6C5=O)c4)c2)C3=O)n1,tg,156.0,261.2738952636719,261.85682315887544,261.0842122573635,261.33489115755856
*C(=O)Nc1cccc(NC(=O)c2cccc(NC(=O)c3ccc(-c4nc5cc(*)ccc5[nH]4)cc3)c2)c1,egc,3.3084,3.3731515407562256,3.0816881880061104,3.045218754986845,3.218620827215148
*C(=O)Nc1cccc(Oc2ccc(C(=O)c3ccc(Oc4cccc(NC(=O)c5ccc(*)nc5)c4)cc3)cc2)c1,tg,154.0,185.8848419189453,178.848614464678,185.57896220662957,184.34559677219434
*C(=O)Nc1cccc(Oc2ccc(S(=O)(=O)c3ccc(Oc4cccc(NC(=O)c5ccc(N6C(=O)c7ccc(*)cc7C6=O)cc5)c4)cc3)cc2)c1,tg,235.0,226.20852661132812,228.30370243994903,237.723098518683,230.20113327552124
*C(=O)Nc1cccc(Oc2cccc(Oc3cccc(Oc4cccc(Oc5cccc(NC(=O)c6ccc7c(c6)C(=O)N(c6ccc(Oc8cccc(Oc9ccc(N%10C(=O)c%11ccc(*)cc%11C%10=O)cc9)c8C#N)cc6)C7=O)c5)c4C#N)c3)c2C#N)c1,tg,199.0,190.00975036621097,241.56114226181924,234.42952699744416,214.33663397704674
*C(=O)Nc1cccc(S(=O)(=O)c2cccc(NC(=O)c3ccc4c(c3)C(=O)N(c3cc(-c5nnc(-c6ccccn6)o5)cc(N5C(=O)c6ccc(*)cc6C5=O)c3)C4=O)c2)c1,tg,173.0,233.74661254882812,235.03066801003857,231.47746118317843,233.30819914172912
*C(=O)Nc1cccc2cccc(N3C(=O)CC(N4C(=O)c5ccc(*)cc5C4=O)C3=O)c12,tg,193.0,186.21310424804688,222.3193354583651,207.5943624353266,200.24114540956208
*C(=O)Nc1nc(*)c(C#N)n1C,egc,4.3854,4.210909843444824,4.151948502367283,4.134724871169377,4.176972797437397
*C(=O)Nc1nc(C#N)c(*)n1C,egc,4.1864,4.382668972015381,4.159512337400709,4.1966262849974765,4.282032094944841
*C(=O)Nc1nc(NC(=O)c2ccc3c(c2)C(=O)N(c2ccc(Oc4cccc5c(N6C(=O)c7ccc(*)cc7C6=O)cccc45)cc2)C3=O)nc(-c2ccccc2)n1,tg,291.0,285.9775390625,286.3830389012972,280.43404982620734,284.34571535565817
*C(=O)OC1=NCCN1*,egc,5.1364,5.4154462814331055,5.020346846923804,5.406672051143151,5.324418621336563
*C(=O)OC1CC(*)N(C(=O)OCc2ccccc2)C1,egc,5.588,5.336087226867676,5.059794341509504,5.130091399530921,5.218105248560021
*C(=O)OC1CC(*)N(C(=O)OCc2ccccc2)C1,tg,78.0,126.09444427490234,114.71788269456351,102.19252909507048,116.36380460248051
*C(=O)OC1CC2CC(OC(=O)N3CCN(*)CC3)CC(C1)O2,egc,5.7033,5.8189239501953125,5.565701941773041,5.715290870886905,5.7339425022667765
*C(=O)OC1CC2CC(OC(=O)N3CCN(*)CC3)CC(C1)O2,tg,113.0,147.10450744628906,161.57107535295353,172.3672003950852,157.89056274855258
*C(=O)OC1CCC(OC(=O)N2CCN(*)CC2)CC1,egc,5.8355,5.877993583679199,5.586066575035524,5.860013073153503,5.8076107279156295
*C(=O)OCC(C)(C)COC(=O)N1CC(C)N(*)CC1C,egc,5.8365,5.714555740356445,5.5440085381472475,5.85262966469197,5.71382412650123
*C(=O)OCC(C)(C)COC(=O)N1CCN(*)C(C)C1,egc,5.8979,6.013186931610107,5.519419046097824,5.864473383404593,5.86198388639894
*C(=O)OCC(C)(C)COC(=O)N1CCN(*)CC1,tg,70.0,55.24054718017578,45.981195472208434,58.84304976839985,54.454069724779075
*C(=O)OCC(C)(C)CS(=O)(=O)CC(C)(C)COC(=O)N1CC(C)N(*)CC1C,tg,85.0,52.94860076904297,48.74381070563304,81.02384895592544,60.77139783048246
*C(=O)OCC(C)(C)CSCC(C)(C)COC(=O)C1(C)CNC(*)(C)CN1,tg,40.0,92.16584014892578,82.51826600504812,87.01657810922222,88.59198464588289
*C(=O)OCC(COc1ccc(N=Nc2ccc(C#N)cc2)cc1)OC(=O)c1ccc(*)s1,tg,119.0,89.78512573242188,77.39801217310558,96.92126977482312,89.44974500173186
*C(=O)OCC1CC1COC(=O)N1CCN(*)CC1,egc,5.9115,5.85504150390625,5.528502696999321,5.818127148380445,5.771746671978646
*C(=O)OCCCCCCCCCCCCCCCCCCCCCCOC(=O)c1ccc(N2C(=O)c3ccc(*)cc3C2=O)cc1,tg,44.0,49.2955322265625,51.45458089461216,56.20921245401112,51.87780195371978
*C(=O)OCCCCCCCCCCCCOC(=O)c1ccc(N2C(=O)c3ccc(*)cc3C2=O)cc1,egc,3.2472,3.9023613929748535,3.3120081484005595,3.4713129317722635,3.6527440441630588
*C(=O)OCCCCCCCCCCCCOC(=O)c1ccc(NC(=O)c2ccc(N3C(=O)c4ccc(*)cc4C3=O)cc2)cc1,tg,74.0,107.83204650878906,91.83797896875144,97.43298768125209,101.33097750896071
*C(=O)OCCCCCCCCCCCCOC(=O)c1ccc2c(c1)C(=O)N(c1ccc(Oc3ccc(N4C(=O)c5ccc(*)cc5C4=O)cc3)cc1)C2=O,tg,105.0,98.19557189941406,132.41414565738498,118.52818473426292,111.51162144205459
*C(=O)OCCCCCCCCCCOC(=O)c1ccc(NC(=O)c2ccc(N3C(=O)c4ccc(*)cc4C3=O)cc2)cc1,tg,102.0,107.62480926513672,85.55326004183554,89.81698937946493,97.58380470351835
*C(=O)OCCCCCCCCOC(=O)c1ccc(NC(=O)c2ccc(N3C(=O)c4ccc(*)cc4C3=O)cc2)cc1,tg,105.0,124.99252319335938,96.64110064739162,105.11107727983767,113.02064515263396
*C(=O)OCCCCCCCOC(=O)c1ccc(NC(=O)c2ccc(N3C(=O)c4ccc(*)cc4C3=O)cc2)cc1,tg,106.0,137.57867431640625,117.9052095207148,112.88927245281415,125.90095734699179
*C(=O)OCCCCCCOC(=O)N1CCN(*)CC1,egc,5.9678,6.005297660827637,5.993389027414996,5.888888330722736,5.970983266749283
*C(=O)OCCCCCOC(=O)c1ccc(N2C(=O)c3ccc(*)cc3C2=O)cc1,tg,90.0,94.09284210205078,104.08711101580047,98.68083803792166,97.56422984901948
*C(=O)OCCCCOC(=O)N1CCN(*)CC1,egb,6.4265,6.195616722106934,6.207563962340686,5.883118962970893,6.198388139148015
*C(=O)OCCCCOC(=O)N1CCN(*)CC1,egc,5.8653,6.022242546081543,5.9881688718314106,5.806041017738051,5.9558295829709
*C(=O)OCCCSCCCCSCCCOC(=O)c1ccc(N2C(=O)c3ccc(*)cc3C2=O)cc1,tg,39.0,46.543121337890625,79.63169588355956,73.5804515133027,61.70151489086123
*C(=O)OCCN(CCOC(=O)c1ccc2c(c1)C(=O)N(c1c(C)cc(Cc3cc(C)c(N4C(=O)c5ccc(*)cc5C4=O)c(C)c3)cc1C)C2=O)c1ccc(N=Nc2ccc([N+](=O)[O-])cc2)cc1,tg,179.0,193.59036254882812,175.24287895522588,182.4247258704015,186.36894455835932
*C(=O)OCCN(CCOC(=O)c1ccc2c(c1)C(=O)N(c1c(C)cc(Cc3cc(C)c(N4C(=O)c5ccc(*)cc5C4=O)c(C)c3)cc1C)C2=O)c1ccccc1,tg,177.0,200.18414306640625,159.7370375789809,172.99530843867672,183.46809364389875
*C(=O)OCCN(CCOC(=O)c1ccc2c(c1)C(=O)N(c1ccc(N=Nc3ccc(C(C#N)=C(C#N)C#N)cc3)c(N3C(=O)c4ccc(*)cc4C3=O)c1)C2=O)c1ccc(N=Nc2ccc(C(C#N)=C(C#N)C#N)cc2)cc1,tg,121.0,220.29444885253903,194.04021306359007,185.9510680146776,204.27882720975094
*C(=O)OCCN(CCOC(=O)c1ccc2c(c1)C(=O)N(c1ccc(N=Nc3ccccc3)c(N3C(=O)c4ccc(*)cc4C3=O)c1)C2=O)c1ccccc1,tg,156.0,168.72213745117188,162.91357212045108,155.47722394199673,163.43179032797428
*C(=O)OCCN(CCOC(=O)c1ccc2c(c1)C(=O)N(c1cccc(N3C(=O)c4ccc(*)cc4C3=O)c1)C2=O)c1ccc(N=Nc2ccc(F)cc2)cc1,tg,168.0,173.56414794921875,188.5886256504745,190.76340675094627,181.97003563733722
*C(=O)OCCN(CCOC(=O)c1ccc2c(c1)C(=O)N(c1cccc(N3C(=O)c4ccc(*)cc4C3=O)c1)C2=O)c1ccc(N=Nc2ccc([N+](=O)[O-])cc2)cc1,tg,210.0,171.98619079589844,164.9625503853836,163.6838165525377,167.97552780064328
*C(=O)OCCOC(=O)N1CC(C)N(*)CC1C,egc,5.9632,5.692349910736084,5.745625474785758,5.749275295525527,5.719776141141912
*C(=O)OCCOC(=O)N1CCN(*)CC1,egc,5.8752,5.8553667068481445,5.891616032472921,5.9148120318648925,5.879657986835254
*C(=O)OCCOC(=O)N1CCN(*)CC1,tg,60.0,57.922996520996094,54.089291402668266,64.37539436498044,59.132177657497564
*C(=O)OCCOC(=O)c1ccc(*)o1,tg,85.56,76.82234191894531,46.24602705592639,63.37948950457671,66.38568006002615
*C(=O)OCCOC(=O)c1ccc(N2C(=O)c3ccc(*)cc3C2=O)cc1,tg,280.0,188.6721954345703,203.22142195405763,174.28440011623923,187.20792217669563
*C(=O)OCCOC(=O)c1cccc(N2C(=O)c3ccc(*)cc3C2=O)c1,tg,220.0,179.3787841796875,223.6152160706371,221.80278937762705,201.58636741425
*C(=O)OCCOCCOC(=O)c1ccc(N2C(=O)c3ccc(*)cc3C2=O)cc1,tg,101.0,122.53487396240234,119.84513238057669,112.87178871384968,118.99302053424374
*C(=O)OCCOCCOCCOC(=O)c1ccc(N2C(=O)c3ccc(*)cc3C2=O)cc1,tg,63.0,82.38600158691406,72.83003654351872,79.30598804388276,79.47115054399204
*C(=O)OCCOCCOCCOCCOC(=O)c1ccc(N2C(=O)c3ccc(*)cc3C2=O)cc1,tg,52.0,51.16552734375,65.27916125899307,60.894858642242085,57.07331965659189
*C(=O)Oc1c(C)cc(C(c2cc(C)c(OC(=O)c3ccc4c(c3)C(=O)N(c3c(C)cc(-c5cc(C)c(N6C(=O)c7ccc(*)cc7C6=O)c(C)c5)cc3C)C4=O)c(C)c2)(C(F)(F)F)C(F)(F)F)cc1C,tg,327.0,276.768798828125,324.9883653091137,315.2773429941789,298.5827726444919
*C(=O)Oc1ccc(-c2ccc(OC(=O)c3ccc4c(c3)C(=O)N(c3ccc(-c5ccc(N6C(=O)c7ccc(*)cc7C6=O)cc5C)c(C)c3)C4=O)cc2C)c(C)c1,tg,177.0,231.97935485839844,226.63041459531823,238.27292882070657,232.82830468353234
*C(=O)Oc1ccc(-c2ccc(OC(=O)c3ccc4c(c3)C(=O)N(c3ccc(Oc5ccc(N6C(=O)c7ccc(*)cc7C6=O)cc5)cc3)C4=O)cc2)cc1,egc,2.6231,2.6747946739196777,2.581899916897395,2.586793711507487,2.630032640705834
*C(=O)Oc1ccc(C(*)=S)cc1,eea,3.6938,3.341876983642578,3.4745337280587942,3.29508816430208,3.355271058744665
*C(=O)Oc1ccc(C(*)=S)cc1,egb,2.3448,2.7515132427215576,2.437817121618304,2.348809284038949,2.6787447406460236
*C(=O)Oc1ccc(C(*)=S)cc1,egc,2.9816,3.5357003211975098,3.170806768850179,3.0909076851330513,3.3329300661943058
*C(=O)Oc1ccc(C(*)=S)cc1,ei,6.6755,6.588597297668457,6.658571066650039,6.67933309218939,6.626109438984171
*C(=O)Oc1ccc(C(*)=S)cc1,eps,4.83,5.032722473144531,4.813343669986715,4.812627057615664,4.912488857140581
*C(=O)Oc1ccc(C(*)=S)cc1,nc,2.0099,2.0074596405029297,2.0089608232734673,2.009807332815009,2.008082560241974
*C(=O)Oc1ccc(C(*)=S)s1,eea,3.8482,4.100379467010498,3.772506839949421,3.654824184969666,3.992475284747785
*C(=O)Oc1ccc(C(*)=S)s1,egb,1.9856,2.3687896728515625,2.0691119748162445,2.041055986436122,2.2992730428250905
*C(=O)Oc1ccc(C(*)=S)s1,ei,6.6347,6.778482913970947,6.4596690167559965,6.503971230840689,6.65028697490073
*C(=O)Oc1ccc(C(*)=S)s1,eps,5.33,5.505018711090088,5.105973967412802,5.12803892056743,5.286316667916051
*C(=O)Oc1ccc(C(C)(C)c2ccc(OC(=O)c3ccc4c(c3)C(=O)N(c3ccc(-c5ccc(N6C(=O)c7ccc(*)cc7C6=O)cc5C)c(C)c3)C4=O)cc2)cc1,tg,166.0,227.5825958251953,213.241635014076,207.8660799257588,218.5382375498702
*C(=O)Oc1ccc(C(C)(C)c2ccc(OC(=O)c3ccc4c(c3)C(=O)N(c3ccc(O)c(N5C(=O)c6ccc(*)cc6C5=O)c3)C4=O)cc2)cc1,tg,225.0,255.24612426757812,241.96142980566552,244.25363966524844,249.1177200677635
*C(=O)Oc1ccc(C(C)(C)c2ccc(OC(=O)c3ccc4c(c3)C(=O)N(c3ccc(Oc5ccc(N6C(=O)c7ccc(*)cc7C6=O)cc5)cc3)C4=O)cc2)cc1,tg,200.0,225.972900390625,215.0678553014886,218.1753292678535,221.32152378768467
*C(=O)Oc1ccc(C(C)(C)c2ccc(OC(=O)c3ccc4c(c3)C(=O)N(c3cccc(N5C(=O)c6ccc(*)cc6C5=O)c3)C4=O)cc2)cc1,tg,225.0,216.288330078125,222.9138722683893,225.9549035416636,220.63932329799582
*C(=O)Oc1ccc(C(c2ccc(OC(=O)c3ccc4c(c3)C(=O)N(c3c(C)cc(-c5cc(C)c(N6C(=O)c7ccc(*)cc7C6=O)c(C)c5)cc3C)C4=O)cc2)(C(F)(F)F)C(F)(F)F)cc1,tg,335.0,281.06268310546875,296.630498059487,291.6368329468007,287.5304087177395
*C(=O)Oc1ccc(C2(c3ccc(OC(=O)c4ccc5c(c4)C(=O)N(c4ccc(-c6ccc(N7C(=O)c8ccc(*)cc8C7=O)cc6C)c(C)c4)C5=O)cc3)C3CC4CC(C3)CC2C4)cc1,tg,222.0,249.9240264892578,221.89733527708384,226.02947991829984,236.77722267285662
*C(=O)Oc1ccc(C2(c3ccc(OC(=O)c4ccc5c(c4)C(=O)N(c4ccc(-c6ccc(N7C(=O)c8ccc(*)cc8C7=O)cc6C)c(C)c4)C5=O)cc3)CC3CC2C2CCCC32)cc1,tg,226.0,284.32525634765625,220.09790172724257,226.64780207178757,253.29412883113667
*C(=O)Oc1ccc(C2(c3ccc(OC(=O)c4ccc5c(c4)C(=O)N(c4ccc(-c6ccc(N7C(=O)c8ccc(*)cc8C7=O)cc6C)c(C)c4)C5=O)cc3)CCC(C(C)(C)C)CC2)cc1,tg,217.0,241.19876098632812,207.15791611068352,219.89798122156856,227.61966389279547
*C(=O)Oc1ccc(C23CC4CC(CC(C4)C2)C3)c(OC(=O)c2ccc3c(c2)C(=O)N(c2ccc(-c4ccc(N5C(=O)c6ccc(*)cc6C5=O)cc4C)c(C)c2)C3=O)c1,tg,225.0,284.67657470703125,245.12770649922007,244.95098065201609,264.2662469689418
*C(=O)Oc1ccc(OC(=O)N2CCN(*)CC2)cc1,egc,5.2692,5.246045112609863,4.689822433255403,4.958468792716358,5.043084035264488
*C(=O)Oc1ccc(OC(=O)c2ccc3c(c2)C(=O)N(C2CCC(N4C(=O)c5ccc(*)cc5C4=O)CC2)C3=O)cc1,tg,360.0,187.2874298095703,215.7531319102788,242.17172664045643,210.11215671417517
*C(=O)Oc1ccc(OC(=O)c2ccc3c(c2)C(=O)N(c2ccc(Oc4ccc(N5C(=O)c6ccc(*)cc6C5=O)cc4)cc2)C3=O)c(-c2ccccc2)c1,egc,2.5898,2.7008371353149414,2.5766730988652564,2.6980399420478247,2.6722199435598593
*C(=O)Oc1ccc(OC(=O)c2ccc3c(c2)C(=O)N(c2ccc(Oc4ccc(N5C(=O)c6ccc(*)cc6C5=O)cc4)cc2)C3=O)cc1,egc,2.5383,2.5138566493988037,2.6467942548557044,2.6290881030979967,2.575004355265177
*C(=O)Oc1ccc(OC(=O)c2ccc3c(c2)C(=O)N(c2ccc(Oc4ccc(Oc5ccc(N6C(=O)c7ccc(*)cc7C6=O)cc5)cc4)cc2)C3=O)cc1,tg,230.0,204.76364135742188,218.43715205895964,215.204309535006,210.80114937152948
*C(=O)Oc1ccc(OC(=O)c2ccc3c(c2)C(=O)N(c2ccc(Sc4ccc(N5C(=O)c6ccc(*)cc6C5=O)cc4)cc2)C3=O)cc1,egc,2.9567,2.663588047027588,2.6494051081380388,2.7097146423465936,2.6729442587623
*C(=O)Oc1ccc(OCCCCCCCCCCCCOc2ccc(OC(=O)c3ccc4c(c3)C(=O)N(c3ccc(S(=O)(=O)c5ccc(N6C(=O)c7ccc(*)cc7C6=O)cc5)cc3)C4=O)cc2)cc1,tg,140.0,130.9430389404297,144.79703746228324,147.5898469936023,138.93769470896947
*C(=O)Oc1ccc([Si](C)(c2ccccc2)c2ccc(OC(=O)c3ccc(*)s3)cc2)cc1,tg,-71.0,84.204833984375,158.96089737032625,143.9747019186415,118.04497748448182
*C(=O)Oc1ccc([Si](CC)(CC)c2ccc(OC(=O)c3ccc(*)s3)cc2)cc1,tg,-62.0,63.834869384765625,113.9234559413408,104.87069841653415,86.814478487041
*C(=O)Oc1ccc2ccc(OC(=O)c3ccc4c(c3)C(=O)N(c3ccc(Oc5ccc(N6C(=O)c7ccc(*)cc7C6=O)cc5)cc3)C4=O)cc2c1,egc,2.5688,2.7711939811706543,2.650733486783082,2.658446286950811,2.713520721353316
*C(=O)SSCCCCCCSSC(=O)N1CCN(*)CC1,egc,4.64,4.524852752685547,4.434951938087824,4.369504594766242,4.46245596938186
*C(=O)SSCCCCSSC(=O)N1CCN(*)CC1,egc,4.2166,4.500948429107666,4.514698168775446,4.729245443243281,4.566089431369643
*C(=O)c1cc(C(=O)c2ccc3c(c2)C(=O)N(c2ccc(Oc4ccc(N5C(=O)c6ccc(*)cc6C5=O)cc4)cc2)C3=O)cc(-c2ccccc2)c1,tg,258.5,252.61529541015625,261.09540661095946,250.7504555125436,253.7793949409368
*C(=O)c1cc(C(=O)c2ccc3c(c2)C(=O)N(c2ccc(Oc4ccc(S(=O)(=O)c5ccc(Oc6ccc(N7C(=O)c8ccc(*)cc8C7=O)cc6)cc5)cc4)cc2)C3=O)cc(-c2ccccc2)c1,tg,256.5,268.4709777832031,254.2974047012073,252.87290438604333,260.7351736930904
*C(=O)c1cc(C(=O)c2ccc3c(c2)C(=O)N(c2ccc(Oc4ccc(S(=O)(=O)c5ccc(Oc6ccc(N7C(=O)c8ccc(*)cc8C7=O)cc6)cc5)cc4)cc2)C3=O)cc(C(C)(C)C)c1,tg,254.5,255.4375,257.71714062315544,258.462058926975,256.84128948114585
*C(=O)c1cc(C(=O)c2ccc3c(c2)C(=O)N(c2cccc(N4C(=O)c5ccc(*)cc5C4=O)c2)C3=O)cc(-c2ccccc2)c1,tg,266.5,257.55859375,276.3208301087591,265.06770495040314,263.7338876039712
*C(=O)c1cc(C(=O)c2ccc3c(c2)C(=O)N(c2cccc(N4C(=O)c5ccc(*)cc5C4=O)c2)C3=O)cc(C(C)(C)C)c1,tg,264.5,308.64093017578125,266.8967474048688,276.4489000128517,290.11065956242885
*C(=O)c1cc2c(cc1Cl)C(=O)N(c1cc(Cl)c(N3C(=O)c4cc(*)c(Cl)cc4C3=O)cc1Cl)C2=O,tg,367.0,366.22369384765625,351.11168492265944,332.5410342532159,352.70010445560695
*C(=O)c1cc2c(cc1Cl)C(=O)N(c1cc(N3C(=O)c4cc(*)c(Cl)cc4C3=O)cc(C(C)(C)C)c1)C2=O,tg,290.0,333.2506103515625,295.93387872000307,313.06873530337305,319.3451130770552
*C(=O)c1cc2c(cc1Cl)C(=O)N(c1cc(N3C(=O)c4cc(*)c(Cl)cc4C3=O)cc(C(F)(F)F)c1)C2=O,tg,305.0,321.59051513671875,290.99117089513356,291.0433792810456,305.8573021764
*C(=O)c1cc2c(cc1Cl)C(=O)N(c1cccc(N3C(=O)c4cc(*)c(Cl)cc4C3=O)c1)C2=O,tg,313.0,315.5547790527344,298.4201823223479,295.61666809002656,305.86830004568907
*C(=O)c1ccc(-c2ccc(-c3ccc(*)cc3)cc2)cc1,egb,2.5479,2.358238697052002,3.1749849375600827,2.8843092565016173,2.5477003974025587
*C(=O)c1ccc(-c2ccc(-c3ccc(*)cc3)cc2)cc1,ei,5.9803,5.931336402893066,5.965881658208678,6.031360207996986,5.966840668410482
*C(=O)c1ccc(-c2ccc(-c3ccc(*)cc3)cc2)cc1,eps,4.43,4.4170708656311035,4.285664543923781,4.514039181336432,4.345051796344433
*C(=O)c1ccc(-c2ccc(-c3ccc(*)cc3)s2)cc1,egc,2.9694,3.041414260864258,2.995371491844308,2.9154875166525165,2.9968546508565708
*C(=O)c1ccc(-c2ccc(-c3ccc(*)cc3)s2)cc1,ei,5.8483,5.849456787109375,5.746922487103197,5.689831459068093,5.786287887780565
*C(=O)c1ccc(-c2ccc(-c3ccc(*)cc3)s2)cc1,nc,2.2925,2.1397790908813477,2.181367964235316,2.2059479135925946,2.1571466809258713
*C(=O)c1ccc(-c2ccc(-c3ccc(*)s3)cc2)cc1,eea,3.0595,2.7192463874816895,2.6455251948304093,2.6089465625416195,2.6936358627966186
*C(=O)c1ccc(-c2ccc(-c3ccc(*)s3)cc2)cc1,egc,2.8474,2.969276428222656,2.8811697761645134,2.940873914034276,2.9417888074095204
*C(=O)c1ccc(-c2ccc(-c3ccc(*)s3)cc2)cc1,ei,5.9085,5.790727138519287,5.871971358703898,5.890864744436834,5.8326781273179105
*C(=O)c1ccc(-c2ccc(-c3ccc(*)s3)cc2)cc1,eps,6.15,5.169215679168701,4.647879076500278,4.945731579153907,4.883489875254332
*C(=O)c1ccc(-c2ccc(-c3ccc(*)s3)cc2)s1,nc,2.5812,2.386752128601074,2.2112284073362303,2.207874996603166,2.323256583519224
*C(=O)c1ccc(-c2ccc(-c3ccc(*)s3)s2)cc1,eea,2.775,2.8977537155151367,2.910181737032953,2.800280615690219,2.8866010407557643
*C(=O)c1ccc(-c2ccc(-c3ccc(*)s3)s2)cc1,ei,5.5122,5.5421223640441895,5.73274679090454,5.6390313051225,5.598098214212477
*C(=O)c1ccc(-c2ccc(-c3ccc(*)s3)s2)cc1,nc,2.1519,2.349398374557495,2.3755297420222847,2.4287020211861536,2.3639953602261157
*C(=O)c1ccc(-c2ccc(-c3ccc(*)s3)s2)s1,ei,5.3929,5.050421714782715,5.564516841206978,5.562624160608439,5.278528797122783
*C(=O)c1ccc(-c2ccc(-c3ccc(*)s3)s2)s1,eps,8.28,6.864444732666016,7.340902425334761,7.461508770545453,7.12557402336258
*C(=O)c1ccc(-c2ccc(-c3ccc(*)s3)s2)s1,nc,2.705,2.423795700073242,2.43328799111468,2.430579910835521,2.4269473490575586
*C(=O)c1ccc(-c2ccc(C(*)=S)cc2)cc1,ei,6.1599,6.050458908081055,6.018228154980842,6.026225971154537,6.038581078970875
*C(=O)c1ccc(-c2ccc(C(*)=S)cc2)cc1,eps,5.49,4.808177471160889,5.60307901026467,5.554204389590696,5.243834357960472
*C(=O)c1ccc(-c2ccc(C(*)=S)cc2)cc1,nc,2.2139,2.045327425003052,2.0936502775597647,2.137476541110859,2.0669980343722956
*C(=O)c1ccc(-c2ccc(C(*)=S)cc2)s1,egb,1.9265,1.9997851848602295,1.6950450093672875,1.871077288157878,1.9290942052750608
*C(=O)c1ccc(-c2ccc(C(*)=S)cc2)s1,egc,2.3241,2.4825632572174072,2.676352514091913,2.522306068836612,2.5368438682677117
*C(=O)c1ccc(-c2ccc(C(*)=S)cc2)s1,eps,5.9,5.6640944480896,5.709635417956625,5.45318948949381,5.689053812461282
*C(=O)c1ccc(-c2ccc(C(*)=S)s2)cc1,ei,6.162,6.202153205871582,5.939518730294116,6.025887615489884,6.111885167423335
*C(=O)c1ccc(-c2ccc(C(*)=S)s2)cc1,eps,5.75,5.603911399841309,5.975014639136529,5.9413763326561035,5.8072997114237435
*C(=O)c1ccc(-c2ccc(C(*)=S)s2)cc1,nc,2.244,2.1360552310943604,2.219009000523359,2.2622453579722626,2.1701313193360656
*C(=O)c1ccc(-c2ccc(C(*)=S)s2)s1,eea,4.1032,3.70782470703125,3.9073458661888374,3.8083438446615863,3.750747299933611
*C(=O)c1ccc(-c2ccc(C(*)=S)s2)s1,egb,1.6466,1.5459082126617432,1.4390910173140954,1.8185484798638756,1.5211296872722007
*C(=O)c1ccc(-c2ccc(C(*)=S)s2)s1,egc,2.0098,1.6303551197052002,2.067389738940997,2.0945780514992705,1.8545921854026721
*C(=O)c1ccc(-c2ccc(C(*)=S)s2)s1,ei,6.113,5.5253190994262695,5.984624728721558,6.093454476716014,5.763105198892324
*C(=O)c1ccc(-c2ccc(C(*)=S)s2)s1,eps,6.5,6.584372520446777,6.405876348169913,6.0731644449184845,6.486545201094175
*C(=O)c1ccc(-c2ccc(C(C)(C)c3ccc(-c4ccc(C(=O)c5ccc6c(c5)C(=O)N(c5ccc(Cc7ccc(N8C(=O)c9ccc(*)cc9C8=O)cc7)cc5)C6=O)cc4)cc3)cc2)cc1,tg,216.0,261.8338623046875,255.80831191900535,268.060854802798,262.52329770940196
*C(=O)c1ccc(C(=O)C(*)=S)cc1,eea,3.783,4.275505065917969,4.206080241091675,4.0116974733760715,4.230069945353519
*C(=O)c1ccc(C(=O)C(*)=S)cc1,egb,1.6753,2.114872932434082,1.9136994306094024,2.072168214289333,2.068206450446397
*C(=O)c1ccc(C(=O)C(*)=S)cc1,ei,6.7765,7.163834571838379,6.832227993504686,6.663742933912089,6.964507547185425
*C(=O)c1ccc(C(=O)C(*)=S)cc1,nc,2.0994,2.005133867263794,2.128049856933937,2.0535409973433714,2.0420928296690404
*C(=O)c1ccc(C(=O)C(*)=S)s1,eea,4.6396,4.949563980102539,4.321735016727639,3.77640302249187,4.7002933872773145
*C(=O)c1ccc(C(=O)C(*)=S)s1,egc,2.2094,2.2380125522613525,2.636932877782481,2.6239749405063533,2.432425530200856
*C(=O)c1ccc(C(=O)C(*)=S)s1,ei,6.8471,7.035343170166016,6.890232758677882,6.821416159899338,6.949628717846851
*C(=O)c1ccc(C(=O)N(C)N(*)C)cc1,egc,4.0457,4.636387348175049,4.7205297703807,4.511605085053732,4.62134656386468
*C(=O)c1ccc(C(=O)N(C)c2ccc(Cl)c(N(*)C)c2)cc1,egc,3.3332,3.782415866851806,3.750781149841823,3.820986402878478,3.7858027766570252
*C(=O)c1ccc(C(=O)N2CCN(*)CC2)cc1,egb,4.7036,3.6193416118621826,3.163547331123271,3.3449937104543537,3.5136104126770684
*C(=O)c1ccc(C(=O)N2CCN(*)CC2)cc1,egc,4.6128,4.6285881996154785,4.738408973760318,4.112055953266149,4.512822181263703
*C(=O)c1ccc(C(=O)c2ccc(*)cc2)cc1,eea,2.1866,3.0221753120422363,2.943645277936952,2.541929708254556,2.9465447584623026
*C(=O)c1ccc(C(=O)c2ccc(*)cc2)cc1,egb,2.9556,2.653001308441162,2.929921158413272,2.851137546262271,2.717238770500246
*C(=O)c1ccc(C(=O)c2ccc(*)cc2)cc1,ei,6.4709,6.632549285888672,6.668251792942606,6.723884999273377,6.6655405128733864
*C(=O)c1ccc(C(=O)c2ccc(*)cc2)cc1,eps,4.54,4.873125076293945,4.629237453687832,4.584226609848923,4.739459059602966
*C(=O)c1ccc(C(=O)c2ccc(*)cc2)cc1,nc,1.9846,2.009063959121704,1.917500361282472,1.9390580088573792,1.9782170448220886
*C(=O)c1ccc(C(=O)c2ccc(*)s2)cc1,ei,7.268,6.50294303894043,6.458428049151317,6.221278389926905,6.410208271596131
*C(=O)c1ccc(C(=O)c2ccc(*)s2)s1,egb,1.863,2.556668281555176,1.9286516491388357,2.2380100931673557,2.410986436785358
*C(=O)c1ccc(C(=O)c2ccc(*)s2)s1,nc,2.0879,2.2394511699676514,2.306353618747375,2.246279177496068,2.257661443347403
*C(=O)c1ccc(C(=O)c2ccc(Oc3ccc(C(C)(C)c4ccc(Oc5ccc(*)s5)cc4)cc3)s2)cc1,tg,154.0,127.9090576171875,140.94111280787484,127.35686887708516,130.41383401471748
*C(=O)c1ccc(C(=S)c2ccc(*)cc2)cc1,eea,2.9183,3.0168604850769043,3.284035995848737,3.343372430130927,3.099916042411451
*C(=O)c1ccc(C(=S)c2ccc(*)cc2)cc1,egc,2.9419,2.9855947494506836,2.9538314988628547,2.9347464048289975,2.9646467932755014
*C(=O)c1ccc(C(=S)c2ccc(*)cc2)cc1,ei,5.8604,6.202451705932617,6.279402110426479,6.195671795953499,6.210931838356286
*C(=O)c1ccc(C(=S)c2ccc(*)s2)cc1,eea,3.9759,3.234416961669922,3.424100085945154,3.6400927313580382,3.3165567038845025
*C(=O)c1ccc(C(=S)c2ccc(*)s2)cc1,eps,5.13,6.088586330413818,5.774490321814682,5.712477498628196,5.916441627540612
*C(=O)c1ccc(C(=S)c2ccc(*)s2)s1,eea,4.1286,3.708541870117187,4.16837292469392,3.9494077221197736,3.808690923092959
*C(=O)c1ccc(C(=S)c2ccc(*)s2)s1,egc,2.0759,2.0970711708068848,2.32292084746942,2.341705995786051,2.214238884546179
*C(=O)c1ccc(C(=S)c2ccc(*)s2)s1,ei,6.205,5.835952281951904,6.253270273057561,6.086053755458936,5.970165648299288
*C(=O)c1ccc(C(=S)c2ccc(*)s2)s1,eps,6.22,6.547247886657715,6.4229968886883935,6.380017654179199,6.479150392447192
*C(=O)c1ccc(C(=S)c2ccc(*)s2)s1,nc,2.2975,2.3281290531158447,2.283597915667899,2.267613241337378,2.3105419959645683
*C(=O)c1ccc(C(C)(CC)c2ccc(C(=O)N3CCN(*)CC3)cc2)cc1,tg,225.5,172.75100708007812,201.16993366167785,204.23784128782853,188.32728708944833
*C(=O)c1ccc(N(*)C)cc1,tg,197.0,203.18234252929688,122.7161768569978,134.9903334665189,165.56416482441128
*C(=O)c1ccc(N(*)CCCC)cc1,tg,124.0,133.89462280273438,68.1647015764107,71.51941548834229,101.10158459174113
*C(=O)c1ccc(N(*)CCCCCCC)cc1,tg,45.9,70.47975158691406,54.36664135066822,59.268808151034634,63.70305629631379
*C(=O)c1ccc(N(*)CCCCCCCC)cc1,egc,3.611,3.898329019546509,3.8918076356622096,3.856313886258802,3.885445270693605
*C(=O)c1ccc(N(*)CCCCCCCC)cc1,tg,30.0,48.69868469238281,46.591294302046,53.65935777173911,49.800777599517055
*C(=O)c1ccc(N=Nc2ccc(C(=O)N3C(=O)N(*)C(CC)(CC)C3=O)cc2)cc1,egc,3.6611,3.5883188247680664,3.1445443077821693,3.1845748202080473,3.3790091372637847
*C(=O)c1ccc(NC(=S)Oc2ccc(Nc3ccc(*)s3)s2)s1,eea,2.7059,2.473088264465332,3.150101284085987,2.925451923046791,2.6335651822488026
*C(=O)c1ccc(NC(=S)Oc2ccc(Nc3ccc(*)s3)s2)s1,egb,2.3992,2.4316086769104004,2.257499174795739,2.2809481316412734,2.391220266555047
*C(=O)c1ccc(NC(=S)Oc2ccc(Nc3ccc(*)s3)s2)s1,nc,2.0222,2.1799991130828857,2.256079943948251,2.1982288870063194,2.201729665967539
*C(=O)c1ccc(OC(*)=S)cc1,eea,3.2631,3.49834942817688,3.2369664062326,3.441473859011257,3.452089665268244
*C(=O)c1ccc(OC(*)=S)cc1,ei,6.7719,7.028438091278076,6.698514326587826,6.44113373505316,6.802520792215876
*C(=O)c1ccc(OC(*)=S)cc1,eps,5.05,4.662081718444824,5.052700029393151,5.009358480189386,4.87616553751319
*C(=O)c1ccc(OC(*)=S)cc1,nc,2.0762,2.0067832469940186,2.0238288896734584,2.0127791954550247,2.0118385887041104
*C(=O)c1ccc(OC(*)=S)s1,egc,3.5676,3.157508850097656,2.5969254319238337,2.5926189801108244,2.878189463851588
*C(=O)c1ccc(OC(*)=S)s1,nc,2.3124,2.066416025161743,2.072338285195628,2.0593057765434892,2.067274607934652
*C(=O)c1ccc(Oc2c(C)cc(-c3cc(C)c(Oc4ccc(C(=O)c5ccc6nc(*)ccc6c5)cc4)c(C)c3C)c(C)c2C)cc1,tg,250.0,325.83111572265625,263.9067265392887,265.3576654722516,294.4077693027396
*C(=O)c1ccc(Oc2ccc(*)s2)cc1,egc,3.6478,3.685646295547486,3.511964019194853,3.3725838326836346,3.5615824667679052
*C(=O)c1ccc(Oc2ccc(*)s2)cc1,ei,6.1761,6.129335880279541,6.3998233984524795,6.171169456416041,6.179339030083023
*C(=O)c1ccc(Oc2ccc(*)s2)cc1,nc,2.0027,1.967113256454468,2.021566730913985,1.9920492027236087,1.9838275046286842
*C(=O)c1ccc(Oc2ccc(*)s2)s1,eea,2.882,3.0746006965637207,2.9695169549505622,2.85777852263716,3.030151299380454
*C(=O)c1ccc(Oc2ccc(*)s2)s1,egb,2.4838,2.5548176765441895,2.5949986425522655,2.8322962948712296,2.5641385081122445
*C(=O)c1ccc(Oc2ccc(-c3ccc(Oc4ccc(C(=O)c5ccc6c(c5)C(=O)N(c5ccc(Cc7ccc(N8C(=O)c9ccc(*)cc9C8=O)cc7)cc5)C6=O)cc4)cc3)cc2)cc1,tg,241.0,227.50244140625,236.47493292018655,230.06316566515355,230.13683855029345
*C(=O)c1ccc(Oc2ccc(-c3ccc(Oc4ccc(C(=O)c5ccc6c(c5)C(=O)N(c5ccc(N7C(=O)c8ccc(*)cc8C7=O)cc5)C6=O)cc4)cc3)cc2)cc1,tg,229.0,241.02345275878903,246.3232659958761,248.29292404542457,244.3606306606969
*C(=O)c1ccc(Oc2ccc(-c3ccc(Oc4ccc(C(=O)c5ccc6c(c5)C(=O)N(c5ccc(Oc7ccc(N8C(=O)c9ccc(*)cc9C8=O)cc7)cc5)C6=O)cc4)cc3)cc2)cc1,tg,233.0,225.9793701171875,235.4648072410909,224.3109463217117,227.41064182059216
*C(=O)c1ccc(Oc2ccc(-c3ccc(Oc4ccc(C(=O)c5ccc6nc(*)ccc6c5)cc4)cc3)cc2)cc1,tg,155.0,184.78250122070312,230.547058683217,236.2486156706493,210.1013249234383
*C(=O)c1ccc(Oc2ccc(C(C)(C)c3ccc(Oc4ccc(*)s4)cc3)cc2)s1,tg,124.0,126.89922332763672,95.15852123613624,102.06296779487975,112.69854324107786
*C(=O)c1ccc(Oc2ccc(C(C)(C)c3ccc(Oc4ccc(C(=O)c5ccc6c(c5)C(=O)N(c5ccc(Oc7ccc(N8C(=O)c9ccc(*)cc9C8=O)cc7)cc5)C6=O)cc4)cc3)cc2)cc1,tg,229.0,208.33631896972656,220.35419527203928,216.13956870424065,213.21792821686014
*C(=O)c1ccc(Oc2ccc(C3(c4ccc(Oc5ccc(*)s5)cc4)c4ccccc4-c4ccccc43)cc2)cc1,tg,195.0,231.4979705810547,217.56637627578095,222.02462769945535,225.70675207251753
*C(=O)c1ccc(Oc2ccc(C3(c4ccc(Oc5ccc(C(=O)c6ccc7c(c6)C(=O)N(c6ccc(Cc8ccc(N9C(=O)c%10ccc(*)cc%10C9=O)cc8)cc6)C7=O)cc5)cc4)OC(=O)c4ccccc43)cc2)cc1,tg,268.0,249.1947326660156,259.6177062348362,261.6762272155927,255.19627453577704
*C(=O)c1ccc(Oc2ccc(C3(c4ccc(Oc5ccc(C(=O)c6ccc7c(c6)C(=O)N(c6ccc(Oc8ccc(N9C(=O)c%10ccc(*)cc%10C9=O)cc8)cc6)C7=O)cc5)cc4)OC(=O)c4ccccc43)cc2)cc1,tg,260.0,264.0452880859375,255.5205907228437,258.2389139382737,260.49866962902155
*C(=O)c1ccc(Oc2ccc(N3C(=O)c4ccc(*)cc4C3=O)cc2)cc1,tg,297.0,256.0600280761719,266.5532538127283,295.29121659845305,270.35196971899603
*C(=O)c1ccc(Oc2ccc(Oc3ccc(C(=O)c4ccc5c(c4)C(=O)N(c4ccc(Cc6ccc(N7C(=O)c8ccc(*)cc8C7=O)cc6)cc4)C5=O)cc3)cc2)cc1,tg,225.0,221.280029296875,232.62256528793537,233.17703407072207,227.28953399186838
*C(=O)c1ccc(Oc2ccc(Oc3ccc(C(=O)c4ccc5c(c4)C(=O)N(c4ccc(N6C(=O)c7ccc(*)cc7C6=O)cc4)C5=O)cc3)cc2)cc1,tg,236.0,238.5770568847656,238.2365198161313,244.80902467137685,240.435223628306
*C(=O)c1ccc(Oc2ccc(Oc3ccc(C(=O)c4ccc5c(c4)C(=O)N(c4ccc(Oc6ccc(N7C(=O)c8ccc(*)cc8C7=O)cc6)cc4)C5=O)cc3)cc2)cc1,tg,220.0,225.47821044921875,227.7336455206156,228.58448911646923,226.90231320982647
*C(=O)c1ccc(Oc2ccc(S(=O)(=O)c3ccc(Oc4ccc(C(=O)c5ccc6c(c5)C(=O)N(c5ccc(Oc7ccc(N8C(=O)c9ccc(*)cc9C8=O)cc7)cc5)C6=O)cc4)cc3)cc2)cc1,tg,229.0,252.1146240234375,236.40752229047487,234.44414796942715,243.42279861792898
*C(=O)c1ccc2c(c1)C(=Nc1ccc(Oc3ccc(C(c4ccc(Oc5ccc(N=C6OC(=O)c7ccc(*)cc76)cc5)cc4)(C(F)(F)F)C(F)(F)F)cc3)cc1)OC2=O,tg,248.0,223.0853271484375,210.9341998069801,206.1991118251541,215.36621923530552
*C(=O)c1ccc2c(c1)C(=Nc1ccc(Oc3cccc(N=C4OC(=O)c5ccc(*)cc54)c3)cc1)OC2=O,egc,2.5722,2.4972338676452637,2.917390751508706,2.6223822840583093,2.625516374726836
*C(=O)c1ccc2c(c1)C(=Nc1cccc(Oc3cccc(Oc4cccc(N=C5OC(=O)c6ccc(*)cc65)c4)c3)c1)OC2=O,tg,190.0,181.76852416992188,211.3036794882217,221.26326403033545,200.05151002636546
*C(=O)c1ccc2c(c1)C(=O)N(C1CCC(CC3CCC(N4C(=O)c5ccc(*)cc5C4=O)C(C)C3)CC1C)C2=O,tg,240.0,246.64801025390625,257.1445892206741,277.32983720143295,258.2955890214832
*C(=O)c1ccc2c(c1)C(=O)N(C1CCC(CC3CCC(N4C(=O)c5ccc(*)cc5C4=O)CC3)CC1)C2=O,tg,254.0,290.2884216308594,239.85891048615753,238.48355916491053,263.9070308341948
*C(=O)c1ccc2c(c1)C(=O)N(CC1(C)CC(N3C(=O)c4ccc(*)cc4C3=O)CC(C)(C)C1)C2=O,tg,275.0,283.1669616699219,288.2957676005812,290.829454232912,286.59062521631415
*C(=O)c1ccc2c(c1)C(=O)N(c1c(-c3ccccc3)cc(-c3ccc(-c4cc(-c5ccccc5)c(N5C(=O)c6ccc(*)cc6C5=O)c(-c5ccccc5)c4)cc3)cc1-c1ccccc1)C2=O,tg,265.0,344.7695617675781,351.87965455159747,335.0482405134802,343.22169833565954
*C(=O)c1ccc2c(c1)C(=O)N(c1c(C)cc(C(c3cc(C(F)(F)F)cc(C(F)(F)F)c3)c3cc(C)c(N4C(=O)c5ccc(*)cc5C4=O)c(C)c3)cc1C)C2=O,tg,301.1,319.11236572265625,293.89203027557795,299.15770831750876,307.76068166160826
*C(=O)c1ccc2c(c1)C(=O)N(c1c(C)cc(C(c3cc(C)c(N4C(=O)c5ccc(*)cc5C4=O)c(C)c3)c3cccc4ccccc34)cc1C)C2=O,tg,303.0,317.7940673828125,309.2266078070732,308.3123972574082,313.10158490405286
*C(=O)c1ccc2c(c1)C(=O)N(c1c(C)cc(C(c3cccc(C(F)(F)F)c3)c3cc(C)c(N4C(=O)c5ccc(*)cc5C4=O)c(C)c3)cc1C)C2=O,tg,285.0,264.140869140625,283.88593890814036,285.75726067171775,274.8825414988328
*C(=O)c1ccc2c(c1)C(=O)N(c1c(C)cc(C)c(N3C(=O)c4ccc(*)cc4C3=O)c1C)C2=O,tg,401.33,339.08758544921875,349.1716710279219,350.38052246072436,344.6518272476362
*C(=O)c1ccc2c(c1)C(=O)N(c1c(C)cc(Cc3cc(C)c(N4C(=O)c5ccc(*)cc5C4=O)c(C)c3)cc1C)C2=O,tg,331.0,322.1973571777344,313.366787405336,322.59450583856653,320.5072220044158
*C(=O)c1ccc2c(c1)C(=O)N(c1cc(-c3nc4ccccc4[nH]3)cc(N3C(=O)c4ccc(*)cc4C3=O)c1)C2=O,tg,197.0,317.4437255859375,298.10766404461515,301.6882233554291,308.5993029501591
*C(=O)c1ccc2c(c1)C(=O)N(c1cc(-c3nc4ccccc4oc3=O)cc(N3C(=O)c4ccc(*)cc4C3=O)c1)C2=O,tg,95.0,297.6565856933594,291.52025651990857,294.39425917093854,295.38741622397424
*C(=O)c1ccc2c(c1)C(=O)N(c1cc(-c3nc4ccccc4s3)cc(N3C(=O)c4ccc(*)cc4C3=O)c1)C2=O,egc,2.5125,2.6768879890441895,2.674960379245113,2.8267276027944983,2.7171852396244827
*C(=O)c1ccc2c(c1)C(=O)N(c1cc(Br)c(Oc3c(Br)cc(N4C(=O)c5ccc(*)cc5C4=O)cc3Br)c(Br)c1)C2=O,tg,323.0,280.4515380859375,283.4229687237188,291.39886470593035,284.44855127465627
*C(=O)c1ccc2c(c1)C(=O)N(c1cc(C(=O)O)cc(N3C(=O)c4ccc(*)cc4C3=O)c1)C2=O,tg,294.0,266.0782165527344,280.85804605364706,297.47319925170916,278.8258312566305
*C(=O)c1ccc2c(c1)C(=O)N(c1cc(C(=O)c3ccccc3)cc(N3C(=O)c4ccc(*)cc4C3=O)c1)C2=O,tg,282.0,246.94915771484375,252.93162054433077,263.9118481842554,253.42543530497716
*C(=O)c1ccc2c(c1)C(=O)N(c1cc(C(c3ccc(O)c(N4C(=O)c5ccc(*)cc5C4=O)c3)(C(F)(F)F)C(F)(F)F)ccc1O)C2=O,tg,315.0,293.921875,296.5060782293188,308.37826223048285,298.92504002528153
*C(=O)c1ccc2c(c1)C(=O)N(c1cc(N3C(=O)c4ccc(*)cc4C3=O)c(O)cc1O)C2=O,tg,324.0,323.31427001953125,317.31943309834566,307.4331852181991,317.17008536786085
*C(=O)c1ccc2c(c1)C(=O)N(c1cc(N3C(=O)c4ccc(*)cc4C3=O)cc(C(F)(F)F)c1)C2=O,tg,276.75,294.8663635253906,306.6285517996134,307.07788038097976,301.05933275763323
*C(=O)c1ccc2c(c1)C(=O)N(c1cc(OCCCC)cc(N3C(=O)c4ccc(*)cc4C3=O)c1)C2=O,tg,244.0,246.55978393554688,239.8430084586173,233.96525169455884,241.284190620939
*C(=O)c1ccc2c(c1)C(=O)N(c1cc(OCCCCCCCC)cc(N3C(=O)c4ccc(*)cc4C3=O)c1)C2=O,tg,195.0,201.71334838867188,196.27642188445895,189.25408879959753,196.74237275207352
*C(=O)c1ccc2c(c1)C(=O)N(c1cc(OCCCCCCCCCCCCCCCC)cc(N3C(=O)c4ccc(*)cc4C3=O)c1)C2=O,tg,179.0,160.86822509765625,170.32728053634162,159.35158273499755,162.34103939271682
*C(=O)c1ccc2c(c1)C(=O)N(c1ccc(-c3cc(C(C)(C)C)c(Oc4ccc(N5C(=O)c6ccc(*)cc6C5=O)cc4)c(C(C)(C)C)c3)cc1)C2=O,tg,347.5,343.07318115234375,364.26050331452825,356.8838013222826,351.69596779714203
*C(=O)c1ccc2c(c1)C(=O)N(c1ccc(-c3cc(C(C)(C)C)c(Oc4ccc(N5C(=O)c6ccc(*)cc6C5=O)cc4C(F)(F)F)c(C(C)(C)C)c3)cc1)C2=O,tg,362.0,362.0833435058594,322.84166650437163,309.48636280259626,337.7538606574206
*C(=O)c1ccc2c(c1)C(=O)N(c1ccc(-c3ccc(-c4ccc(N5C(=O)c6ccc(*)cc6C5=O)cc4)cc3)cc1)C2=O,egc,2.3242,2.4897379875183105,2.52322225843643,2.4773737146205423,2.493889476567655
*C(=O)c1ccc2c(c1)C(=O)N(c1ccc(-c3ccc(N4C(=O)c5ccc(*)cc5C4=O)c(C)c3)cc1C)C2=O,tg,365.0,308.17755126953125,326.13291052531,329.7698161171914,318.5443130881162
*C(=O)c1ccc2c(c1)C(=O)N(c1ccc(-c3ccc(N4C(=O)c5ccc(*)cc5C4=O)c(OCCCCCCOc4ccc(/C=C/c5ccc(F)cc5)cc4)c3)cc1OCCCCCCOc1ccc(/C=C/c3ccc(F)cc3)cc1)C2=O,tg,128.0,142.60557556152344,151.12255744729217,150.19607499393092,146.70259303343667
*C(=O)c1ccc2c(c1)C(=O)N(c1ccc(-c3ccc(N4C(=O)c5ccc(*)cc5C4=O)cc3)cc1)C2=O,tg,337.0,306.6492004394531,329.3276029841346,319.44206021052076,315.2632406686211
*C(=O)c1ccc2c(c1)C(=O)N(c1ccc(-c3ccc(N4C(=O)c5ccc(*)cc5C4=O)cc3C)c(C)c1)C2=O,egc,2.8033,2.8485257625579834,2.7240532467037166,2.703941268771786,2.7812984386538395
*C(=O)c1ccc2c(c1)C(=O)N(c1ccc(-c3ccc(N4C(=O)c5ccc(*)cc5C4=O)cc3C)c(C)c1)C2=O,tg,385.0,280.336181640625,308.8191302604202,304.1120542182849,293.53994377163065
*C(=O)c1ccc2c(c1)C(=O)N(c1ccc(-c3ccccc3N3C(=O)c4ccc(*)cc4C3=O)cc1)C2=O,tg,305.0,292.648193359375,321.125582999022,313.0120622722877,304.795188587928
*C(=O)c1ccc2c(c1)C(=O)N(c1ccc(-c3nc(-c4ccccc4)nc(-c4ccc(N5C(=O)c6ccc(*)cc6C5=O)cc4)n3)cc1)C2=O,egc,2.8991,3.0639307498931885,2.4094762189985333,2.392977614650745,2.734720546644009
*C(=O)c1ccc2c(c1)C(=O)N(c1ccc(C(=O)N(C)c3ccc(N4C(=O)c5ccc(*)cc5C4=O)cc3)cc1)C2=O,egc,2.3425,2.653153419494629,2.4896362433932944,2.356713486246469,2.5358885553403923
*C(=O)c1ccc2c(c1)C(=O)N(c1ccc(C(=O)Nc3ccc(N4C(=O)c5ccc(*)cc5C4=O)cc3)cc1)C2=O,tg,300.0,311.75115966796875,283.6134381213948,293.3878688670801,300.29285233334366
*C(=O)c1ccc2c(c1)C(=O)N(c1ccc(C(=O)Nc3ccc(Oc4ccc(NC(=O)c5ccc(NC(=O)Nc6ccc(Cc7ccc(NC(=O)Nc8ccc(C(=O)Nc9ccc(Oc%10ccc(NC(=O)c%11ccc(N%12C(=O)c%13ccc(*)cc%13C%12=O)cc%11)cc%10)cc9)cc8)cc7)cc6)cc5)cc4)cc3)cc1)C2=O,tg,229.0,268.6148681640625,284.3148150625999,271.2409033057671,272.65068776715646
*C(=O)c1ccc2c(c1)C(=O)N(c1ccc(C(=O)Nc3cccc(N4C(=O)c5ccc(*)cc5C4=O)c3)cc1)C2=O,tg,311.0,276.66912841796875,270.28168220019,271.0442465842792,273.6174608848877
*C(=O)c1ccc2c(c1)C(=O)N(c1ccc(C(=O)c3ccc(C(=O)c4ccc(N5C(=O)c6ccc(*)cc6C5=O)cc4)cc3)cc1)C2=O,tg,286.0,294.6512451171875,267.12045049096656,277.0995645301217,283.5686468587621
*C(=O)c1ccc2c(c1)C(=O)N(c1ccc(C(=O)c3ccc(Cc4ccc(C(=O)c5ccc(N6C(=O)c7ccc(*)cc7C6=O)cc5)cc4)cc3)cc1)C2=O,tg,285.5,263.2801513671875,257.6367832805061,258.98013969349574,260.7911468274659
*C(=O)c1ccc2c(c1)C(=O)N(c1ccc(C(=O)c3ccc(N4C(=O)c5ccc(*)cc5C4=O)cc3)cc1)C2=O,tg,286.33,291.91864013671875,284.31266481173543,290.2899062133898,289.853147508856
*C(=O)c1ccc2c(c1)C(=O)N(c1ccc(C(=O)c3cccc(C(=O)c4ccc(N5C(=O)c6ccc(*)cc6C5=O)cc4)c3)cc1)C2=O,tg,276.0,267.709716796875,256.51529381977446,220.81264493456143,250.90209642446567
*C(=O)c1ccc2c(c1)C(=O)N(c1ccc(C(=O)c3cccc(N4C(=O)c5ccc(*)cc5C4=O)c3)cc1)C2=O,tg,271.5,262.82232666015625,292.22039283202025,289.8189420317941,277.2104240760717
*C(=O)c1ccc2c(c1)C(=O)N(c1ccc(C(=O)c3ccccc3N3C(=O)c4ccc(*)cc4C3=O)cc1)C2=O,tg,286.0,320.1067199707031,276.0344208521128,231.13068325420647,283.53029597574584
*C(=O)c1ccc2c(c1)C(=O)N(c1ccc(C(C)(C)c3ccc(C(C)(C)c4ccc(N5C(=O)c6ccc(*)cc6C5=O)cc4)cc3)cc1)C2=O,egc,2.4861,2.9012134075164795,2.549955276575034,2.5922912767173742,2.7384349382266224
*C(=O)c1ccc2c(c1)C(=O)N(c1ccc(C(C)(C)c3cccc(C(C)(C)c4ccc(N5C(=O)c6ccc(*)cc6C5=O)cc4)c3)cc1)C2=O,tg,309.75,259.1063537597656,269.23757314874706,273.30787300166566,265.5801467450381
*C(=O)c1ccc2c(c1)C(=O)N(c1ccc(C(c3ccc(N4C(=O)c5ccc(*)cc5C4=O)cc3)(C(F)(F)F)C(F)(F)F)cc1)C2=O,egc,3.0171,2.752591609954834,2.9145818563200327,2.838721148650941,2.812346884244365
*C(=O)c1ccc2c(c1)C(=O)N(c1ccc(C(c3ccc(N4C(=O)c5ccc(*)cc5C4=O)cc3)(C(F)(F)F)C(F)(F)F)cc1)C2=O,tg,300.0,337.3814392089844,314.17099784206664,313.41984774960133,325.20271857959744
*C(=O)c1ccc2c(c1)C(=O)N(c1ccc(C(c3ccccc3)(c3ccc(N4C(=O)c5ccc(*)cc5C4=O)cc3)C(F)(F)F)cc1)C2=O,egc,2.9448,2.7607994079589844,3.1450271407534793,2.950804980072508,2.898650630462174
*C(=O)c1ccc2c(c1)C(=O)N(c1ccc(C(c3ccccc3)c3ccc(N4C(=O)c5ccc(*)cc5C4=O)cc3)cc1)C2=O,egc,2.6954,2.721151113510132,2.730844220978788,2.6528382232048147,2.70475685903547
*C(=O)c1ccc2c(c1)C(=O)N(c1ccc(C)c(N3C(=O)c4ccc(*)cc4C3=O)c1)C2=O,tg,313.5,363.7451171875,352.1784095977258,343.0735147204329,354.9748515522596
*C(=O)c1ccc2c(c1)C(=O)N(c1ccc(C3(C)CC(C)(C)c4ccc(N5C(=O)c6ccc(*)cc6C5=O)cc43)cc1)C2=O,tg,318.77,365.37493896484375,319.7130660598536,334.6873403510954,346.50577583559357
*C(=O)c1ccc2c(c1)C(=O)N(c1ccc(C3(c4ccc(N5C(=O)c6ccc(*)cc6C5=O)cc4)c4ccccc4-c4ccccc43)cc1)C2=O,tg,368.2,381.4720764160156,320.47460486778067,322.528413612903,350.7123303364634
*C(=O)c1ccc2c(c1)C(=O)N(c1ccc(C=Cc3ccc(N4C(=O)c5ccc(*)cc5C4=O)cc3)cc1)C2=O,tg,303.0,295.3852844238281,302.1902538329206,288.7070125204663,294.71625235560145
*C(=O)c1ccc2c(c1)C(=O)N(c1ccc(CP(=O)(OCCCl)OCCCl)c(N3C(=O)c4ccc(*)cc4C3=O)c1)C2=O,tg,261.0,217.12860107421875,194.410649015938,157.5632853136895,194.03570579599378
*C(=O)c1ccc2c(c1)C(=O)N(c1ccc(Cc3ccc(C(=O)c4cccc(N5C(=O)c6ccc(*)cc6C5=O)c4)cc3)cc1)C2=O,tg,290.0,245.53558349609375,261.28519966018587,267.8999544828696,255.68836213463288
*C(=O)c1ccc2c(c1)C(=O)N(c1ccc(Cc3ccc(Cc4ccc(Cc5ccc(N6C(=O)c7ccc(*)cc7C6=O)cc5)cc4)cc3)cc1)C2=O,tg,302.0,249.6871032714844,249.35230591152813,233.16310128636525,244.50607383778447
*C(=O)c1ccc2c(c1)C(=O)N(c1ccc(Cc3ccc(Cc4ccc(N5C(=O)c6ccc(*)cc6C5=O)cc4)cc3)cc1)C2=O,tg,341.0,262.6384582519531,259.74308032896323,259.8006576010936,261.16603189660236
*C(=O)c1ccc2c(c1)C(=O)N(c1ccc(Cc3ccc(N4C(=O)c5ccc(*)cc5C4=O)cc3)cc1)C2=O,egc,2.7406,2.627843856811523,2.629839603218885,2.7013766960698726,2.648279464495416
*C(=O)c1ccc2c(c1)C(=O)N(c1ccc(Cc3ccc(N4C(=O)c5ccc(*)cc5C4=O)cc3)cc1)C2=O,tg,305.69,298.3096923828125,294.85060846677464,288.249392399966,294.48699240297367
*C(=O)c1ccc2c(c1)C(=O)N(c1ccc(Cc3ccccc3N3C(=O)c4ccc(*)cc4C3=O)cc1)C2=O,tg,286.0,297.32305908203125,293.74561963204536,292.083343461553,294.96747998127046
*C(=O)c1ccc2c(c1)C(=O)N(c1ccc(N(c3ccc(C#N)cc3)c3ccc(N4C(=O)c5ccc(*)cc5C4=O)cc3)cc1)C2=O,egc,1.8778,2.1272542476654053,2.3541741671592877,2.2316000637436506,2.206528421609057
*C(=O)c1ccc2c(c1)C(=O)N(c1ccc(N(c3ccc(C#N)cc3)c3ccc(N4C(=O)c5ccc(*)cc5C4=O)cc3)cc1)C2=O,tg,315.0,293.32879638671875,312.16220901911777,308.8193978394372,301.98806345369724
*C(=O)c1ccc2c(c1)C(=O)N(c1ccc(N(c3ccccc3)c3ccc(N4C(=O)c5ccc(*)cc5C4=O)cc3)cc1)C2=O,tg,270.0,292.14788818359375,287.2862214414693,290.0231139643266,290.49236266355393
*C(=O)c1ccc2c(c1)C(=O)N(c1ccc(N3C(=O)c4ccc(*)cc4C3=O)cc1)C2=O,egc,2.8765,2.61080551147461,2.8892444257923704,2.8110891723138938,2.7277162694854624
*C(=O)c1ccc2c(c1)C(=O)N(c1ccc(N3C(=O)c4ccc(*)cc4C3=O)nc1)C2=O,egc,3.0206,2.78407621383667,2.85542894507101,2.8485064612318443,2.8175981390971536
*C(=O)c1ccc2c(c1)C(=O)N(c1ccc(NC(=O)c3cccc(C(=O)Nc4ccc(N5C(=O)c6ccc(*)cc6C5=O)cc4)c3)cc1)C2=O,tg,247.0,285.5854797363281,283.2563123529633,284.6279026153111,284.8110167808257
*C(=O)c1ccc2c(c1)C(=O)N(c1ccc(OCC(C)(C)COc3ccc(N4C(=O)c5ccc(*)cc5C4=O)cc3)cc1)C2=O,egc,2.7216,2.8396337032318115,2.5917471866280266,2.695443515252032,2.74482498202737
*C(=O)c1ccc2c(c1)C(=O)N(c1ccc(OCC(C)(C)COc3ccc(N4C(=O)c5ccc(*)cc5C4=O)cc3)cc1)C2=O,tg,233.7,266.6360168457031,256.77100155219534,229.08024053708775,252.9914021053134
*C(=O)c1ccc2c(c1)C(=O)N(c1ccc(OCCOCCOCCOc3ccc(N4C(=O)c5ccc(*)cc5C4=O)cc3)cc1)C2=O,egc,2.5902,2.836060047149658,2.577191084400128,2.739046578522755,2.7516110319430873
*C(=O)c1ccc2c(c1)C(=O)N(c1ccc(OCCOCCOCCOc3ccc(N4C(=O)c5ccc(*)cc5C4=O)cc3)cc1)C2=O,tg,200.0,136.30795288085938,164.98426807094052,163.30515281164656,150.54804820679848
*C(=O)c1ccc2c(c1)C(=O)N(c1ccc(OCCOc3ccc(N4C(=O)c5ccc(*)cc5C4=O)cc3)cc1)C2=O,egc,2.4523,2.606666326522827,2.474233687341604,2.5368292605292995,2.557971110730212
*C(=O)c1ccc2c(c1)C(=O)N(c1ccc(OCCOc3ccc(N4C(=O)c5ccc(*)cc5C4=O)cc3)cc1)C2=O,tg,246.0,261.6097717285156,241.99937783684337,240.09076831567597,250.92588022488098
*C(=O)c1ccc2c(c1)C(=O)N(c1ccc(Oc3c(C)cc(C(c4cc(C)c(Oc5ccc(N6C(=O)c7ccc(*)cc7C6=O)cc5)c(C)c4)c4cccc5ccccc45)cc3C)cc1)C2=O,tg,272.0,257.6299133300781,282.3727465985927,277.45733285399297,268.8441956557874
*C(=O)c1ccc2c(c1)C(=O)N(c1ccc(Oc3cc(C(C)(C)C)c(Oc4ccc(N5C(=O)c6ccc(*)cc6C5=O)cc4)cc3C(C)(C)C)cc1)C2=O,tg,288.0,298.853759765625,285.0326049970312,288.9312112437183,292.94623777671495
*C(=O)c1ccc2c(c1)C(=O)N(c1ccc(Oc3cc4ccccc4cc3Oc3ccc(N4C(=O)c5ccc(*)cc5C4=O)cc3)cc1)C2=O,egc,2.3398,2.303372621536255,2.5115940796140213,2.3576697979632217,2.3648473707685
*C(=O)c1ccc2c(c1)C(=O)N(c1ccc(Oc3cc4ccccc4cc3Oc3ccc(N4C(=O)c5ccc(*)cc5C4=O)cc3)cc1)C2=O,tg,246.0,287.30010986328125,258.7651155389152,260.06904308315364,273.0166740839477
*C(=O)c1ccc2c(c1)C(=O)N(c1ccc(Oc3ccc(C(=O)c4ccc(C(=O)c5ccc(C(=O)c6ccc(Oc7ccc(N8C(=O)c9ccc(*)cc9C8=O)cc7)cc6)cc5)cc4)cc3)cc1)C2=O,tg,233.0,219.32424926757812,242.32615665264856,243.5472040186561,231.54101781182845
*C(=O)c1ccc2c(c1)C(=O)N(c1ccc(Oc3ccc(C(=O)c4ccc(C(=O)c5ccc(Oc6ccc(N7C(=O)c8ccc(*)cc8C7=O)cc6)cc5)cc4)cc3)cc1)C2=O,tg,233.0,226.44332885742188,236.72368322748957,236.71141474758136,231.7307922544755
*C(=O)c1ccc2c(c1)C(=O)N(c1ccc(Oc3ccc(C(=O)c4ccc(Oc5ccc(N6C(=O)c7ccc(*)cc7C6=O)cc5)cc4)cc3)cc1)C2=O,tg,252.0,235.4948577880859,249.1114056692276,244.0880336583067,240.94908280457014
*C(=O)c1ccc2c(c1)C(=O)N(c1ccc(Oc3ccc(C(=O)c4cccc(C(=O)c5ccc(Oc6ccc(N7C(=O)c8ccc(*)cc8C7=O)cc6)cc5)c4)cc3)cc1)C2=O,tg,227.82,234.36489868164065,222.363073083382,222.07220756689583,228.09761526176413
*C(=O)c1ccc2c(c1)C(=O)N(c1ccc(Oc3ccc(C(=O)c4cccc(C(=O)c5ccc(Oc6ccc(N7C(=O)c8ccc(*)cc8C7=O)cc6)cc5)n4)cc3)cc1)C2=O,tg,314.5,222.60903930664065,221.7196547783154,202.53863862775535,216.2169418851998
*C(=O)c1ccc2c(c1)C(=O)N(c1ccc(Oc3ccc(C(=O)c4cccc(C(=O)c5ccc(Oc6ccc(N7C(=O)c8ccc(*)cc8C7=O)cc6C(F)(F)F)cc5)n4)cc3)c(C(F)(F)F)c1)C2=O,tg,225.2,214.909423828125,214.10368329120328,198.16986871102415,209.56501580281002
*C(=O)c1ccc2c(c1)C(=O)N(c1ccc(Oc3ccc(C(C)(C)c4ccc(Oc5ccc(N6C(=O)c7ccc(*)cc7C6=O)cc5)cc4)cc3)cc1)C2=O,tg,287.73,253.80535888671875,239.0727553731079,243.2968561234822,247.52942110059172
*C(=O)c1ccc2c(c1)C(=O)N(c1ccc(Oc3ccc(C(c4ccc(Oc5ccc(N6C(=O)c7ccc(*)cc7C6=O)cc5C(F)(F)F)cc4)(C(F)(F)F)C(F)(F)F)cc3)c(C(F)(F)F)c1)C2=O,tg,220.0,224.82562255859375,248.46624111215937,257.87603906483486,239.90461669756945
*C(=O)c1ccc2c(c1)C(=O)N(c1ccc(Oc3ccc(N4C(=O)c5ccc(*)cc5C4=O)cc3)cc1)C2=O,tg,270.76,303.4635009765625,286.20232172673934,291.3541627329315,296.17314461535653
*C(=O)c1ccc2c(c1)C(=O)N(c1ccc(Oc3ccc(N4C(=O)c5ccc(*)cc5C4=O)cc3-c3cc(F)c(F)c(F)c3)c(-c3cc(F)c(F)c(F)c3)c1)C2=O,tg,342.0,259.23773193359375,293.3749836654445,266.46003678477456,268.4809417037373
*C(=O)c1ccc2c(c1)C(=O)N(c1ccc(Oc3ccc(N4C(=O)c5ccc(*)cc5C4=O)cc3Br)c(Br)c1)C2=O,egc,2.6114,2.556436061859131,2.5598239547788495,2.6089071646424316,2.571458959268737
*C(=O)c1ccc2c(c1)C(=O)N(c1ccc(Oc3ccc(N4C(=O)c5ccc(*)cc5C4=O)cc3Br)c(Br)c1)C2=O,tg,296.0,294.51336669921875,287.9950958728369,287.25136106733,290.92833661501663
*C(=O)c1ccc2c(c1)C(=O)N(c1ccc(Oc3ccc(S(=O)(=O)c4ccc(C)cc4)cc3)c(N3C(=O)c4ccc(*)cc4C3=O)c1)C2=O,tg,293.0,295.91998291015625,274.2739223948147,289.2800218501462,289.42151285651806
*C(=O)c1ccc2c(c1)C(=O)N(c1ccc(Oc3ccc(S(=O)(=O)c4ccc(Oc5ccc(N6C(=O)c7ccc(*)cc7C6=O)cc5)cc4)cc3)cc1)C2=O,egc,2.6168,2.788717746734619,2.779632270028732,2.7206892739561477,2.7681877293847412
*C(=O)c1ccc2c(c1)C(=O)N(c1ccc(Oc3cccc(N4C(=O)c5ccc(*)cc5C4=O)c3)cc1)C2=O,egc,2.4357,2.734987258911133,2.677195095509662,2.6589368605694004,2.701349104217902
*C(=O)c1ccc2c(c1)C(=O)N(c1ccc(Oc3cccc(Oc4ccc(N5C(=O)c6ccc(*)cc6C5=O)cc4)c3)cc1)C2=O,egc,2.514,2.603299856185913,2.5703135461217967,2.5795708890845788,2.5894491466180054
*C(=O)c1ccc2c(c1)C(=O)N(c1ccc(Oc3cccc4c(Oc5ccc(N6C(=O)c7ccc(*)cc7C6=O)cc5)cccc34)cc1)C2=O,tg,229.5,266.9236755371094,282.1558160644155,269.65621199164406,270.8963996490244
*C(=O)c1ccc2c(c1)C(=O)N(c1ccc(Oc3ccccc3N3C(=O)c4ccc(*)cc4C3=O)cc1)C2=O,tg,286.0,277.04339599609375,277.23815073658363,266.84813497982094,273.92911186621234
*C(=O)c1ccc2c(c1)C(=O)N(c1ccc(Oc3ccccc3Oc3ccc(N4C(=O)c5ccc(*)cc5C4=O)cc3)cc1)C2=O,egc,2.3823,2.3701601028442383,2.45035052925996,2.4724550434427264,2.4159572721649267
*C(=O)c1ccc2c(c1)C(=O)N(c1ccc(Oc3ccccc3Oc3ccc(N4C(=O)c5ccc(*)cc5C4=O)cc3C(F)(F)F)c(C(F)(F)F)c1)C2=O,tg,236.0,242.63284301757812,241.54850640266096,239.25310286151148,241.36457377734598
*C(=O)c1ccc2c(c1)C(=O)N(c1ccc(Sc3ccc(N4C(=O)c5ccc(*)cc5C4=O)cc3)cc1)C2=O,egc,2.66,2.5494446754455566,2.591487431176034,2.623282045841562,2.5789478180016543
*C(=O)c1ccc2c(c1)C(=O)N(c1ccc(Sc3ccc(N4C(=O)c5ccc(*)cc5C4=O)cn3)nc1)C2=O,tg,246.0,319.5538330078125,272.5391668819411,282.65164632529604,298.4842219446528
*C(=O)c1ccc2c(c1)C(=O)N(c1ccc3c(c1)C(=O)c1cc(N4C(=O)c5ccc(*)cc5C4=O)ccc1-3)C2=O,egc,2.5033,2.368567705154419,2.6284929473789265,2.682914506634011,2.5123297072774005
*C(=O)c1ccc2c(c1)C(=O)N(c1ccc3c(c1)C(=O)c1cc(N4C(=O)c5ccc(*)cc5C4=O)ccc1-3)C2=O,tg,331.0,336.01678466796875,318.65849425929196,330.99121269741596,330.89810729009446
*C(=O)c1ccc2c(c1)C(=O)N(c1ccc3c(c1)Cc1cc(N4C(=O)c5ccc(*)cc5C4=O)ccc1-3)C2=O,tg,341.5,312.70355224609375,350.5878126794963,341.0409457858518,329.2487709145263
*C(=O)c1ccc2c(c1)C(=O)N(c1cccc(C#Cc3cccc(N4C(=O)c5ccc(*)cc5C4=O)c3)c1)C2=O,tg,295.8,253.298583984375,304.2595468346868,287.8281935515105,274.4443688557229
*C(=O)c1ccc2c(c1)C(=O)N(c1cccc(C(=O)N(C)c3ccc(N4C(=O)c5ccc(*)cc5C4=O)cc3)c1)C2=O,egc,2.3447,2.7924349308013916,2.4922411783199587,2.5277384731565826,2.6531345384222074
*C(=O)c1ccc2c(c1)C(=O)N(c1cccc(C(=O)N(C)c3ccc(N4C(=O)c5ccc(*)cc5C4=O)cc3)c1)C2=O,tg,260.5,266.5758361816406,295.353574236947,276.9795054788942,275.7029514209359
*C(=O)c1ccc2c(c1)C(=O)N(c1cccc(C(=O)Nc3ccc(N4C(=O)c5ccc(*)cc5C4=O)cc3)c1)C2=O,egc,2.497,2.4727346897125244,2.520339428187821,2.5616949071592856,2.5075964164605526
*C(=O)c1ccc2c(c1)C(=O)N(c1cccc(C(=O)Nc3cccc(N4C(=O)c5ccc(*)cc5C4=O)c3)c1)C2=O,tg,285.67,309.1255187988281,289.40200626643434,285.9686649493607,297.9116751508433
*C(=O)c1ccc2c(c1)C(=O)N(c1cccc(C(=O)c3c(C)cc(C)c(N4C(=O)c5ccc(*)cc5C4=O)c3C)c1)C2=O,tg,300.0,352.6343994140625,285.6868159879231,291.76299231883934,320.05661703386875
*C(=O)c1ccc2c(c1)C(=O)N(c1cccc(C(=O)c3ccc(Cc4ccc(C(=O)c5cccc(N6C(=O)c7ccc(*)cc7C6=O)c5)cc4)cc3)c1)C2=O,tg,260.5,224.83840942382812,250.8801372245817,256.220646964038,239.8942652005322
*C(=O)c1ccc2c(c1)C(=O)N(c1cccc(C(=O)c3ccc(Oc4ccc(N5C(=O)c6ccc(*)cc6C5=O)cc4)cc3)c1)C2=O,tg,251.0,237.41262817382812,258.62099333591965,261.27889693063275,249.15081035003163
*C(=O)c1ccc2c(c1)C(=O)N(c1cccc(C(=O)c3ccc(Oc4ccc(N5C(=O)c6ccc(*)cc6C5=O)cc4C(F)(F)F)cc3)c1)C2=O,tg,242.0,270.938720703125,244.22430527172776,238.92093513351688,255.54812564108008
*C(=O)c1ccc2c(c1)C(=O)N(c1cccc(C(=O)c3ccccc3N3C(=O)c4ccc(*)cc4C3=O)c1)C2=O,tg,258.33,301.74078369140625,267.192260955218,285.0799739031295,289.49299604338876
*C(=O)c1ccc2c(c1)C(=O)N(c1cccc(C(O)c3cccc(N4C(=O)c5ccc(*)cc5C4=O)c3)c1)C2=O,tg,273.0,252.78330993652344,234.6942939592036,256.580195838325,250.24415049166527
*C(=O)c1ccc2c(c1)C(=O)N(c1cccc(Cc3ccc(C(=O)c4ccc(N5C(=O)c6ccc(*)cc6C5=O)cc4)cc3)c1)C2=O,egc,2.9158,2.911219596862793,2.7672390760701355,2.6575140171831944,2.809954025940791
*C(=O)c1ccc2c(c1)C(=O)N(c1cccc(Cc3ccc(C(=O)c4cccc(N5C(=O)c6ccc(*)cc6C5=O)c4)cc3)c1)C2=O,tg,265.5,243.45187377929688,248.60854285760703,260.23909049747954,249.70431827588692
*C(=O)c1ccc2c(c1)C(=O)N(c1cccc(Cc3ccc(Cc4ccc(Cc5cccc(N6C(=O)c7ccc(*)cc7C6=O)c5)cc4)cc3)c1)C2=O,tg,235.5,224.58935546875,246.8218134627695,251.74409355318696,237.5552003121901
*C(=O)c1ccc2c(c1)C(=O)N(c1cccc(Cc3ccc(Cc4cccc(N5C(=O)c6ccc(*)cc6C5=O)c4)cc3)c1)C2=O,tg,240.0,280.8607482910156,244.85135540324555,250.4307585680246,264.05303972104593
*C(=O)c1ccc2c(c1)C(=O)N(c1cccc(Cc3cccc(N4C(=O)c5ccc(*)cc5C4=O)c3)c1)C2=O,tg,241.33,288.1943359375,266.8128518558857,283.58757387514856,282.37922912295835
*C(=O)c1ccc2c(c1)C(=O)N(c1cccc(N3C(=O)c4ccc(*)cc4C3=O)c1)C2=O,tg,292.1,293.81048583984375,312.2467094531612,312.4806648249381,303.37192212601065
*C(=O)c1ccc2c(c1)C(=O)N(c1cccc(N3C(=O)c4ccc(*)cc4C3=O)c1C)C2=O,egc,3.3303,2.854483127593994,3.042110004008792,3.1261278256027083,2.970417236304532
*C(=O)c1ccc2c(c1)C(=O)N(c1cccc(NC(=O)c3cccc(C(=O)Nc4cccc(N5C(=O)c6ccc(*)cc6C5=O)c4)c3)c1)C2=O,tg,204.0,254.75242614746097,283.88065162367235,270.4719285245635,265.5961435110297
*C(=O)c1ccc2c(c1)C(=O)N(c1cccc(Nc3nc(Nc4cccc(N5C(=O)c6ccc(*)cc6C5=O)c4)nc(-c4ccccc4)n3)c1)C2=O,tg,292.0,272.6877746582031,290.5135480931194,277.73063601908075,277.907780230645
*C(=O)c1ccc2c(c1)C(=O)N(c1cccc(Nc3nc(Nc4cccc(N5C(=O)c6ccc(*)cc6C5=O)c4)nc(N(C)C)n3)c1)C2=O,tg,294.0,250.3500213623047,257.7632901651584,274.80554678522395,259.4382351851855
*C(=O)c1ccc2c(c1)C(=O)N(c1cccc(Nc3nc(Nc4cccc(N5C(=O)c6ccc(*)cc6C5=O)c4)nc(N(c4ccccc4)c4ccccc4)n3)c1)C2=O,tg,290.0,261.8257751464844,262.6581181751507,277.87352333885906,266.9616096788886
*C(=O)c1ccc2c(c1)C(=O)N(c1cccc(Nc3ncnc(Nc4cccc(N5C(=O)c6ccc(*)cc6C5=O)c4)n3)c1)C2=O,egc,2.4957,2.68450927734375,2.8021685308274464,2.549094196280919,2.67409793490956
*C(=O)c1ccc2c(c1)C(=O)N(c1cccc(OCCOCCOc3cccc(N4C(=O)c5ccc(*)cc5C4=O)c3)c1)C2=O,tg,152.33,185.53515625,166.7671586927126,165.83511027438664,175.58697708656234
*C(=O)c1ccc2c(c1)C(=O)N(c1cccc(OCCOc3cccc(N4C(=O)c5ccc(*)cc5C4=O)c3)c1)C2=O,tg,191.0,189.40359497070312,198.3842275639347,196.5402704827916,193.45539803977653
*C(=O)c1ccc2c(c1)C(=O)N(c1cccc(OP(=O)(Oc3cccc(N4C(=O)c5ccc(*)cc5C4=O)c3)c3ccccc3)c1)C2=O,tg,176.5,189.34890747070312,232.0552604620803,210.2810255070989,204.59306432484937
*C(=O)c1ccc2c(c1)C(=O)N(c1cccc(P(=O)(c3ccc(Oc4ccc(C56CC7CC(CC(C7)C5)C6)cc4)cc3)c3cccc(N4C(=O)c5ccc(*)cc5C4=O)c3)c1)C2=O,tg,305.0,265.6461181640625,272.338081214118,286.60278349966507,273.5037427200542
*C(=O)c1ccc2c(c1)C(=O)N(c1cccc(P(=O)(c3ccccc3)c3cccc(N4C(=O)c5ccc(*)cc5C4=O)c3)c1)C2=O,tg,273.0,251.53244018554688,277.7423819944129,276.1810265995441,264.5395357949143
*C(=O)c1ccc2c(c1)C(=O)N(c1ccccc1C(=O)c1ccccc1N1C(=O)c3ccc(*)cc3C1=O)C2=O,tg,289.0,261.9485778808594,279.30978075765006,291.45057628870734,274.64051273111306
*C(=O)c1ccc2c(c1)C(=O)N(c1ccccc1Cc1ccccc1N1C(=O)c3ccc(*)cc3C1=O)C2=O,tg,285.0,294.1263732910156,297.20326569679116,302.2200091465665,297.2621473857201
*C(=O)c1ccc2nc(-c3ccc(-c4cnc5cc(*)ccc5n4)cc3)cnc2c1,egc,3.0578,3.2087130546569824,2.9347822967601536,3.0852211902092455,3.1136874332972324
*C(=O)c1ccc2nc(-c3ccc(-c4cnc5cc(*)ccc5n4)cc3)cnc2c1,tg,318.0,306.3548583984375,325.0711173437608,316.75547820915517,313.41530440552
*C(=O)c1ccc2nc(-c3ccc(-c4nc5ccc(*)cc5nc4-c4ccccc4)cc3)c(-c3ccccc3)nc2c1,egc,3.0508,3.2500274181365967,3.2092958317413047,3.2209650517346793,3.2329892793516573
*C(=O)c1ccc2nc(-c3ccc(-c4nc5ccc(*)cc5nc4-c4ccccc4)cc3)c(-c3ccccc3)nc2c1,tg,325.0,275.4676513671875,329.0426512179373,322.9001885658516,301.1421080580731
*C(=O)c1ccc2nc(-c3ccccc3)c(-c3ccc(-c4nc5cc(*)ccc5nc4-c4ccccc4)cc3)nc2c1,egc,3.2924,2.8508362770080566,3.0671327736318608,3.107599317106223,2.9691574017245177
*C(=O)c1ccc2nc(-c3ccccc3)c(-c3ccc(-c4nc5cc(*)ccc5nc4-c4ccccc4)cc3)nc2c1,tg,323.79,357.9569091796875,323.6014952592912,317.9006609236164,338.5105516173801
*C(=O)c1ccc2nc(-c3ccccc3)c(-c3ccc(-c4nc5ccc(*)cc5nc4-c4ccccc4)cc3)nc2c1,egc,3.1886,3.2269325256347656,3.0659184820835934,3.1078313459838536,3.1584338465569544
*C(=O)c1ccc2nc(-c3ccccc3)c(-c3ccc(N4C(=O)c5ccc(C(=O)c6ccc7c(c6)C(=O)N(c6ccc(-c8nc9cc(*)ccc9nc8-c8ccccc8)cc6)C7=O)cc5C4=O)cc3)nc2c1,tg,255.0,331.3682861328125,271.92622077101777,298.24830731193276,308.91736294315774
*C(=O)c1ccc2ncc(-c3ccc(-c4cnc5ccc(*)cc5n4)cc3)nc2c1,tg,318.0,286.7748107910156,321.5116120427287,325.34622697381326,305.8400851149079
*C(=O)c1cccc(C(=O)N(*)c2ccccc2)c1,tg,148.0,193.97059631347656,206.93041989145,218.2620285325216,204.14680710807124
*C(=O)c1cccc(C(=O)N(C)c2cccc(N(*)C)c2)c1,egc,4.4341,3.766968250274658,3.447245439317226,3.77430222584425,3.6972302975017293
*C(=O)c1cccc(C(=O)N2CCN(*)CC2)c1,egc,4.7816,4.787312984466553,4.768228920902193,4.536955469619815,4.7149786668138916
*C(=O)c1cccc(C(=O)N2CCN(*)CC2)c1,tg,214.5,158.0633087158203,140.6510641019327,168.93138499644024,157.85082353975648
*C(=O)c1cccc(C(=O)N2COCN2*)c1,egc,4.5807,4.764546871185303,4.437862579832119,4.700413247535171,4.673820600169085
*C(=O)c1cccc(C(=O)c2ccc(C=C3CCC(=Cc4ccc(*)cc4)C3=O)cc2)c1,tg,190.0,170.85992431640625,197.58250264473085,200.40738960787925,185.48791321564866
*C(=O)c1cccc(C(=O)c2ccc3c(c2)C(=Nc2cccc(N=C4OC(=O)c5cc(*)ccc54)c2)OC3=O)c1,egc,2.869,2.6012630462646484,2.8641614366454893,2.9822711351657736,2.763812101561861
*C(=O)c1cccc(C(=O)c2ccc3c(c2)C(=O)N(c2ccc(Oc4ccc(N5C(=O)c6ccc(*)cc6C5=O)cc4)cc2)C3=O)c1,egc,2.5831,2.4729487895965576,2.593185934581984,2.6129815317765277,2.537988619107954
*C(=O)c1cccc(C(=O)c2ccc3c(c2)C(=O)N(c2ccc(Oc4ccc(N5C(=O)c6ccc(*)cc6C5=O)cc4)cc2)C3=O)c1,tg,244.0,265.2394104003906,254.0117210776319,255.3788010226737,259.8835167948389
*C(=O)c1cccc(C(=O)c2ccc3c(c2)C(=O)N(c2cccc(N4C(=O)c5ccc(*)cc5C4=O)c2)C3=O)c1,tg,259.5,286.201416015625,273.29610806828407,269.7368140579016,278.4579082219403
*C(=S)C(=O)C(F)(F)C(*)(F)F,eea,5.1438,4.597743511199951,4.420905829489427,4.093466883118207,4.504362549661145
*C(=S)C(=O)C(F)(F)C(*)(F)F,ei,7.0732,7.488954544067383,7.437508970881897,7.394445529581819,7.452825894283048
*C(=S)C(=O)CCNc1ccc(C(=S)c2ccc(*)cc2)cc1,ei,5.8838,6.1270527839660645,5.644508114464888,5.874026942880891,5.982984497003408
*C(=S)C(=O)CCNc1ccc(C(=S)c2ccc(*)cc2)cc1,eps,6.47,5.527031421661377,5.921247976855628,5.997008137463976,5.7430873087268575
*C(=S)C(=O)CCNc1ccc(C(=S)c2ccc(*)cc2)cc1,nc,2.3328,2.1445369720458984,2.2427585738182514,2.190259193793403,2.174758257041089
*C(=S)C(F)(F)CC(*)(F)F,egc,2.8419,3.3187708854675293,5.0807593547037575,5.03305549242779,4.180062698370817
*C(=S)C(F)(F)CC(*)(F)F,ei,7.4545,7.352590560913086,7.490096815380624,7.77692359360867,7.501969053730093
*C(=S)C(F)(F)CC(*)(F)F,eps,3.78,3.9738423824310303,3.896722194147257,3.8547896493747458,3.9315755865018303
*C(=S)C(F)(F)CC(*)(F)F,nc,1.7605,1.7826422452926636,1.7764528749896846,1.75861387549508,1.7786726583329429
*C(=S)C(F)(F)NC(*)(F)F,ei,7.8892,7.668967247009277,6.931119054025585,7.076987920300467,7.385604561454241
*C(=S)C(F)(F)NC(*)(F)F,eps,4.49,3.834444284439087,3.914380442480541,3.9751355644045496,3.878254411910123
*C(=S)C(F)(F)NC(*)(F)F,nc,1.7879,1.7748730182647705,1.8256063641893816,1.8392946904398757,1.7944678879401625
*C(=S)C(F)(F)c1ccc(C(*)(F)F)cc1,eea,4.0037,3.934800148010254,3.825519026916408,3.3988756115704035,3.8471978974746666
*C(=S)C(F)(F)c1ccc(C(*)(F)F)cc1,egc,2.6791,2.7323548793792725,3.725145985256347,3.372684317092717,3.129148469623056
*C(=S)C(F)(F)c1ccc(C(*)(F)F)cc1,eps,3.7,3.904602527618408,3.907252089962459,3.994861874943303,3.9060546572538497
*C(=S)C(F)(F)c1ccc(C(*)(F)F)cc1,nc,1.8005,1.8443384170532229,1.7841700460763033,1.800423900294765,1.824272158089386
*C(=S)C(F)(F)c1ccc(C(*)(F)F)s1,eea,4.1531,4.194389343261719,3.826562696604596,3.437721130194484,4.0391059687917235
*C(=S)C(F)(F)c1ccc(C(*)(F)F)s1,egc,2.8122,2.2203001976013184,3.927909373541156,3.312590090078043,2.900319815245652
*C(=S)C(F)(F)c1ccc(C(*)(F)F)s1,eps,3.9,3.740838050842285,4.919877654142101,4.4971725791124575,4.387027167001426
*C(=S)CC(F)(F)C(*)(F)F,eea,3.5657,3.8305180072784424,4.040670507488578,3.2351838938587636,3.782266632491633
*C(=S)CC(F)(F)C(*)(F)F,egb,2.143,2.8912322521209717,3.7366458735503367,3.5312872892566176,3.0873439625536867
*C(=S)NC(F)(F)C(*)(F)F,ei,6.3593,6.9758501052856445,7.577014444929995,7.77193410854564,7.303216396926125
*C(=S)NC(F)(F)C(*)(F)F,eps,3.81,4.203850746154785,4.028526748278935,3.98151893035836,4.1077619812720725
*C(=S)NC(F)(F)C(*)(F)F,nc,1.765,1.8365634679794312,1.7573032911444733,1.7926238739679394,1.811488421637454
*C(=S)OC(=S)c1ccc(*)cc1,eea,3.7508,3.4609875679016113,3.258035725594598,3.1406171397459453,3.388254309163602
*C(=S)OC(=S)c1ccc(*)cc1,egb,2.364,2.2005248069763184,2.1148556558639227,2.3148118247543907,2.1806520212414906
*C(=S)OC(=S)c1ccc(*)cc1,egc,2.8098,3.226722717285156,2.867255363915816,2.831835905209983,3.0387353648518802
*C(=S)OC(=S)c1ccc(*)s1,eps,6.22,5.900991439819336,6.111559071615154,6.0512081927166905,6.016395970338115
*C(=S)OC(=S)c1ccc(*)s1,nc,2.2971,2.2656877040863037,2.2321387055881208,2.2453368367459494,2.2549028941903373
*C(=S)Oc1ccc(-c2ccc(*)cc2)s1,egb,2.3094,2.206044912338257,2.1588448951222294,2.0002778050675523,2.1950958622235466
*C(=S)Oc1ccc(-c2ccc(*)cc2)s1,ei,5.9399,5.790501594543457,5.743508742455093,5.702989142426709,5.757136015962384
*C(=S)Oc1ccc(-c2ccc(*)cc2)s1,eps,5.67,5.882440567016602,5.3613989165241485,5.446476441254198,5.5968764157603506
*C(=S)Oc1ccc(-c2ccc(*)cc2)s1,nc,2.1962,2.218412399291992,2.209153183805139,2.190788036252315,2.213286643328389
*C(=S)Oc1ccc(-c2ccc(*)s2)s1,egb,1.9834,1.8485960960388184,1.8347104181440292,2.163930373562566,1.8453750170622807
*C(=S)Oc1ccc(-c2ccc(*)s2)s1,egc,2.4847,2.31532883644104,2.636529819848576,2.6171054527106676,2.469421518205843
*C(=S)Oc1ccc(-c2ccc(*)s2)s1,nc,2.2317,2.364741802215576,2.2799048109939144,2.1598425148391582,2.3224852418848365
*C(=S)c1ccc(-c2ccc(-c3ccc(*)cc3)cc2)cc1,eea,3.0264,2.6856749057769775,2.9874534578262195,3.059134969827027,2.7801084753178373
*C(=S)c1ccc(-c2ccc(-c3ccc(*)cc3)cc2)cc1,egb,1.6353,2.074145555496216,1.9953612586941472,2.2895378858431106,2.0558698584770814
*C(=S)c1ccc(-c2ccc(-c3ccc(*)cc3)cc2)cc1,egc,2.6076,2.6788253784179688,2.6565743045992867,2.780087647814293,2.701358557022045
*C(=S)c1ccc(-c2ccc(-c3ccc(*)cc3)cc2)cc1,eps,4.57,5.200072288513184,5.444112449203448,4.909105959641432,5.333821905830895
*C(=S)c1ccc(-c2ccc(-c3ccc(*)cc3)cc2)s1,egc,2.3302,2.2759008407592773,2.580159501373303,2.47321591156865,2.397797465863098
*C(=S)c1ccc(-c2ccc(-c3ccc(*)cc3)cc2)s1,eps,6.66,6.453400611877441,5.214678159069679,5.692389848345948,5.774501476762651
*C(=S)c1ccc(-c2ccc(-c3ccc(*)cc3)s2)cc1,eea,3.3503,2.8735179901123047,3.031800229885194,3.092256636161666,2.926095060162337
*C(=S)c1ccc(-c2ccc(-c3ccc(*)cc3)s2)cc1,egb,1.8996,1.6966686248779297,1.6513758910942584,1.606148760164193,1.686162009811246
*C(=S)c1ccc(C(=S)c2ccc(*)cc2)cc1,eea,2.9311,3.459493637084961,3.120068780013401,3.111808330551902,3.362924625700217
*C(=S)c1ccc(C(=S)c2ccc(*)cc2)cc1,egb,1.8035,1.5452609062194824,1.7851985376720971,2.008630916650199,1.6009195543753878
*C(=S)c1ccc(C(=S)c2ccc(*)cc2)cc1,egc,2.6743,2.0706357955932617,2.6962644295044234,2.5801580647092175,2.349498279046146
*C(=S)c1ccc(C(=S)c2ccc(*)cc2)cc1,ei,5.6051,5.770678520202637,5.481997205751946,5.666044132239845,5.6988636720497015
*C(=S)c1ccc(C(=S)c2ccc(*)cc2)cc1,nc,1.8941,2.2902090549468994,2.279263605790439,2.2237607018877044,2.2808496214649474
*C(=S)c1ccc(C(=S)c2ccc(*)cc2)s1,egb,1.1979,1.7776756286621094,1.4554598343487914,1.6028525105029985,1.7029308067790847
*C(=S)c1ccc(C(=S)c2ccc(*)cc2)s1,eps,6.78,6.397161960601807,6.826028111855942,6.786292419986293,6.632208042560269
*C(=S)c1ccc(C(=S)c2ccc(*)cc2)s1,nc,2.4956,2.335775375366211,2.380799965715509,2.391932483501752,2.3530661619949176
*C(=S)c1ccc(C(F)(F)C(*)(F)F)cc1,egb,2.3476,2.307777404785156,2.115454034302234,2.5145313084911605,2.263163899412695
*C(=S)c1ccc(C(F)(F)C(*)(F)F)cc1,egc,3.118,2.658200740814209,3.1015475194763806,3.0426784927918997,2.8621774695564124
*C(=S)c1ccc(C(F)(F)C(*)(F)F)cc1,ei,6.6143,6.480570316314697,7.008491719774318,6.96499264994715,6.702032262390357
*C(=S)c1ccc(C(F)(F)C(*)(F)F)cc1,nc,1.9682,1.8849663734436035,1.942716157024809,1.8828225033665056,1.8999004110347628
*C(=S)c1ccc(C(F)(F)C(*)(F)F)s1,eea,4.1828,3.646490812301636,4.120595190157847,3.438640486440726,3.6889446314807195
*C(=S)c1ccc(C(F)(F)C(*)(F)F)s1,egb,2.1029,2.4275002479553223,2.312192722788687,2.136599312851329,2.4007522095833362
*C(=S)c1ccc(C(F)(F)C(*)(F)F)s1,eps,4.44,4.234523773193359,4.800210186481623,4.713145762881915,4.544556110023207
*C(=S)c1ccc(C(F)(F)C(*)(F)F)s1,nc,1.985,1.9253278970718384,1.9696295578013263,1.9935583544639457,1.9436081831548049
*C(Br)=C(c1ccccc1)c1ccc(*)cc1,egc,3.469,3.0472230911254883,2.8397562763580635,3.0518026582902715,3.0019216507418855
*C(C#N)=C(C#N)N1C(=O)c2ccc(C(=O)c3ccc(-c4ccc5c(c4)C(=O)N(*)C5=O)cc3)cc2C1=O,tg,249.0,234.9706268310547,303.2823144934097,303.1075725708411,270.0763286299824
*C(C#N)=C(C#N)n1c(=O)c2cc3c(=O)n(*)c(=O)c3cc2c1=O,egc,3.4736,2.550523281097412,2.398070378552606,1.71285455052532,2.288622791145138
*C(C#N)=C(c1ccccc1)c1ccc(*)cc1,egb,2.5883,1.7483627796173096,2.6343614710042615,2.622354453303992,1.9538890621430993
*C(C#N)=Cc1cc(OCCCCCCCC)c(C=C(C#N)c2cc(OCCCCCCCC)c(*)cc2OC)cc1OC,tg,174.0,164.18057250976562,187.119806985887,183.49160930321924,174.86479584237645
*C(C#N)=Cc1cc(OCCCCCCCCCC)c(C=C(C#N)c2cc(OCCCCCCCCCC)c(*)cc2OC)cc1OC,tg,198.0,158.16859436035156,170.7240443024368,173.65387099314157,165.53728330703802
*C(C#N)=Cc1cc(OCCCCCCCCCCCC)c(C=C(C#N)c2cc(OCCCCCCCCCCCC)c(*)cc2OC)cc1OC,tg,181.0,161.5131378173828,171.1409715899195,174.34622449970678,167.46020688376785
*C(C#N)C(*)(C#N)C#N,egb,5.8992,5.984449863433838,6.456593242664734,6.348671096252006,6.0939735845135905
*C(C(=O)OC)C(*)C(=O)OC(C)(C)C,tg,84.0,77.27865600585938,71.05610952138989,97.86356359731518,82.36978155369115
*C(C)=C(*)C#N,egc,3.2656,3.578291893005371,4.4552472286037474,4.4396472259119735,4.009176845826713
*C(C)=C(*)CCC,egc,5.0895,4.092240810394287,4.97562721732596,4.959896917025988,4.5262812974058715
*C(C)=C(*)SCCCCCC,tg,110.0,109.10967254638672,40.434782562634055,68.30375665648063,82.38523491204248
*C(C)=C(*)[Si](C)(C)C,tg,198.3,258.5152893066406,157.44577793848725,145.52653116293146,202.80755215128713
*C(C)=C(*)[Si](C)(C)CC[Si](C)(C)C,tg,200.0,209.25991821289065,125.53178060371977,140.77604804605858,170.88172622878352
*C(C)=C(*)[Si](C)(C)C[Si](C)(C)C,tg,200.0,145.15797424316406,180.672645171641,187.99369741306776,165.70226941731613
*C(C)=C(*)c1ccccc1,tg,200.0,206.03611755371097,210.7070320309457,219.50330578775691,211.16166183604338
*C(C)=[C](*)[Ge]([CH3])([CH3])[CH3],tg,250.0,208.28305053710935,151.83444008040948,161.44013783616415,182.20103332116952
*C(C)C(*)C(=O)OC,egc,6.2685,6.283491134643555,6.573888110205949,6.4079552866119265,6.382475327542045
*C(C)C(*)C(=O)OC12CC3CC(CC(C3)C1)C2,tg,236.5,203.3212127685547,174.40970645800644,186.40744989063333,192.152502815555
*C(C)C(*)O,egb,7.9156,7.446398735046387,7.600825956424349,7.116713906728651,7.482221420834913
*C(C)C(*)O,egc,6.0639,6.296995639801025,7.1338374451638575,6.750092236583717,6.607907160713804
*C(C)C(*)OC,egc,5.326,6.346011161804199,5.753068311958143,5.782560961307261,6.059823101345454
*C(CC)=C(*)c1ccccc1,tg,200.0,182.34176635742188,166.6142449601709,161.0396096332001,172.52215804454616
*C(Cl)=C(*)CCCC,tg,190.0,127.7567138671875,82.30333805467255,80.1681007467345,103.70142294465138
*C(Cl)=C(*)CCCCCCCC,tg,90.0,138.41952514648438,89.87974050290377,81.89050399233551,110.96452699538034
*C(Cl)=C(*)c1ccccc1,tg,215.0,206.39926147460935,198.95803447303285,210.21990702863528,206.05355417557539
*C(Cl)=C(Cl)C(Cl)(Cl)C(*)(Cl)Cl,egc,4.2472,4.1895856857299805,4.672299993899188,4.649203516173614,4.422819460850402
*C(F)(F)C(*)(F)C(F)(F)C(F)(F)C(F)(F)C(F)(F)C(F)(F)F,tg,232.5,21.234130859375,38.92320434334407,54.492754019600866,35.155627405254975
*C(F)(F)C(*)(F)OC(F)(F)C(F)(F)C(F)(F)C(F)(F)F,tg,-10.0,50.74674224853515,33.158242771938234,40.36168328999557,43.922651236129326
*C(F)(F)C(*)(F)OC(F)(F)F,egc,8.2947,8.356454849243164,8.54023465174303,7.970645079799736,8.292815186272263
*C(F)(F)C(*)(F)c1c(F)c(F)c(F)c(F)c1F,tg,194.0,171.0325927734375,135.98215993683968,128.74918273491406,150.75448833953385
*C(F)(F)C(=O)NCCCCCCNS(*)(=O)=O,tg,51.0,97.34691619873048,103.91834145687862,78.56514761152707,92.88528473059188
*C(F)(F)C(F)(F)C(F)(F)C(*)(F)C(F)(F)F,egc,8.4323,8.107950210571289,8.37561493908248,7.726724427819693,8.064376599635683
*C(F)(F)C1(*)OC(F)(F)C(F)(C(F)(F)F)O1,tg,133.09,240.79544067382812,205.35612763512663,190.40941609723367,217.93066098551884
*C(F)(F)C1(*)OC(F)(F)C(F)(F)O1,tg,103.5,217.6014404296875,131.7442484698159,115.0094802023488,168.23357180032875
*C(F)(F)C1(F)C(F)(F)C(*)(F)C(F)(F)C(F)(Cl)C1(F)F,egc,7.2365,7.271182060241699,6.481358955678861,7.3392025601937165,7.112470580164333
*C(F)(F)C1(F)C(F)(F)C(*)(F)C(F)(F)C(F)(Cl)C1(F)F,tg,147.0,152.6169891357422,208.6609700478814,204.4113483062448,180.14783909606135
*C(F)(F)C1(F)C(F)(F)C(*)(F)C(F)(F)C(F)(F)C(F)(F)C1(F)F,egc,7.4251,7.332522392272949,7.102178396390642,7.266148096974824,7.262801507725923
*C(F)(F)C1(F)C(F)(F)C(*)(F)C(F)(F)C(F)(F)C(F)(F)C1(F)F,tg,198.0,118.00941467285156,158.4935310848108,146.078062599697,135.0052645890352
*C(F)(F)C1(F)C(F)(F)C(*)(F)C(F)(F)C1(F)F,egb,6.9544,6.792618274688721,7.371909535774809,6.804152819744228,6.926997230942396
*C(F)(F)C1(F)C(F)(F)C(*)(F)C(F)(F)C1(F)F,tg,117.0,173.25128173828125,152.52739269866453,134.09524900876664,156.88213120316863
*C(F)(F)C1(F)C(F)(F)C(*)(F)C1(F)F,tg,122.0,187.52330017089844,108.86024802563448,97.66506890251458,143.57209818595697
*C(F)=C(F)C(F)(C(*)(F)F)C(F)(F)F,tg,-3.0,53.906768798828125,75.78452857574398,79.87706199004975,66.43333996178336
*C(F)C(*)(F)F,eea,1.524,1.1852494478225708,1.8014481655471544,1.8812430454543008,1.3691995039164262
*C(F)C(*)(F)F,ei,8.5986,8.704354286193848,8.260640713070886,8.197431171829518,8.487534127604262
*C(F)C(*)(F)F,nc,1.5796,1.5696678161621094,1.6545180295422817,1.647354322941339,1.5995043911259794
*C(F)C(*)(F)OC(F)(F)F,egb,7.802,7.939380168914795,8.104278338221825,7.685689720786451,7.9776318142755
*C(I)=C(*)I,egc,3.8335,2.838810682296753,3.6503066257646832,4.064744159716446,3.3541098776253655
*C(OC(C)=O)=C(OC(C)=O)c1ccc(*)cc1,egc,3.7517,3.782741069793701,3.951377828701186,3.5860169345994657,3.7671016416158407
*C(OC(F)(F)F)C(*)(F)F,egc,8.5308,7.851136207580566,8.345993705097586,7.831158468575207,7.956729691357022
*C(OC(F)(F)F)C(*)(F)F,tg,-10.0,70.9260025024414,36.62170845828754,23.75660162987758,49.28943175237216
*C(OC)=C(OC)c1ccc(*)s1,egc,2.5351,3.515368938446045,2.958616974028434,2.7498090298328948,3.182362605662269
*C(OC)=C(OC)c1ccc(*)s1,tg,91.0,120.05474090576172,52.821615267195725,75.54055333969389,92.47902569800246
*C([2H])([2H])C(*)(C(=O)OC([2H])([2H])C([2H])([2H])[2H])C([2H])([2H])[2H],egc,6.3862,5.095580101013184,6.58997991645385,6.34766820863342,5.771201768402466
*C([2H])([2H])C(*)(C(=O)OC([2H])([2H])[2H])C([2H])([2H])[2H],tg,115.0,48.557899475097656,83.69624901058447,80.89123998362882,65.77564359528904
*C([2H])([2H])C(*)(F)F,egc,7.1497,7.166240215301514,7.136468552289326,6.936970355103767,7.097240169438007
*C([2H])([2H])C(*)([2H])C([2H])=C([2H])[2H],egc,5.9833,4.153818607330322,5.156384775614423,5.319753528744821,4.695676475619667
*C([2H])([2H])C(*)([2H])C([2H])=C([2H])[2H],tg,1.0,14.181289672851562,19.71372762710965,-4.663860726416459,9.486733926601957
*C([2H])([2H])C(*)([2H])Cl,tg,85.0,11.790756225585938,48.90357052270171,49.573652560261976,31.09989374376569
*C([2H])([2H])C(*)([2H])c1c([2H])c([2H])c([2H])c([2H])c1[2H],tg,86.29,116.8640594482422,100.76306179511737,108.28383417377196,110.90375791855442
*C(c1ccc(N(C)C)cc1)C(*)c1ccc([N+](=O)[O-])cc1,egc,2.3431,1.838017463684082,2.9403478121074476,2.8398833589352437,2.357660360167581
*C(c1ccccc1)=c1ccc(=c2ccc(=C(c3ccccc3)c3ccc(-c4ccc(*)s4)s3)s2)s1,egc,1.4486,1.742922306060791,1.6889872141088185,1.6579168995090088,1.7077153363510422
*C(c1ccccc1)C(*)(C#N)C#N,egc,2.7551,6.348285675048828,4.744382072840476,5.239147042694637,5.6869530867531255
*C(c1cccs1)=c1ccc(=c2ccc(=C(c3cccs3)c3ccc(-c4ccc(*)s4)s3)s2)s1,egc,1.0381,1.4304986000061035,1.692918741059922,2.078142900144724,1.665417975059011
*C*,egc,6.8972,6.246241569519043,5.471725990904919,5.945494456689413,5.990725222621564
*C*,tg,-63.48,-19.046127319335938,-31.739213814347536,-33.17395484624893,-26.023098955905475
*C/C=C\COC(=O)CCCCCCCCC(=O)O*,tg,-41.0,-33.800537109375,-42.61748471401183,-40.91945182461896,-37.81323901781603
*C/C=C\C[Si](*)(C)C,tg,-57.5,-56.45289611816406,-36.48317230705555,-36.23189625299176,-46.096814369333494
*C/C=C\C[Si](*)(C)CCCOc1ccc(-c2ccccc2)cc1,tg,10.0,9.35443115234375,15.68580451774465,17.385493455893027,13.13902449083454
*C/C=C\C[Si](*)(C)CCCOc1ccc2ccccc2c1,tg,-1.0,5.9955291748046875,7.483489264586254,25.47594733274741,12.327988120269561
*C/C=C\C[Si](*)(C)CCCOc1ccccc1,tg,-30.0,-24.615493774414062,-19.28249955410313,-27.56214012302456,-24.432225508883242
*C/C=C\C[Si](*)(CCCOc1ccccc1)c1ccccc1,tg,-5.0,10.129348754882812,7.879925947786895,-2.7012384042343456,5.697917118899326
*C/C=C\C[Si](*)(c1ccccc1)c1ccccc1,tg,23.63,35.27983093261719,41.90429177490022,33.667599522664986,36.141099731612854
*C1(C)CC(*)(C)C(=O)N(C)C1=O,egc,5.3373,5.1566972732543945,5.343305764402161,5.2721721737567435,5.2299524980364245
*C1(C)CC(*)(C)C(=O)N(C)C1=O,tg,170.0,122.22395324707033,191.79124600776365,192.74148157536305,158.3239622844428
*C1(F)OC(C(F)(F)F)(C(F)(F)Cl)OC1(*)F,egc,8.2297,5.90017557144165,6.801270978416199,6.593787795748661,6.290880190191443
*C1(F)OC(C(F)(F)F)(C(F)(F)Cl)OC1(*)F,tg,330.0,292.55169677734375,126.81450286896748,138.25595403981276,210.78721958021174
*C12CC3CC(C1)CC(*)(C3)C2,egc,5.7519,6.095771312713623,6.0547869466899,6.104938084936093,6.089067986611851
*C1=C(CCCCCC)C(CCCCCC)=C(c2sc(-c3sc(*)c4c3OCCO4)c3c2OCCO3)S1(=O)=O,egc,1.3792,1.966380596160889,1.6224786638762083,2.2350004104936616,1.9622411986721993
*C1=C(c2ccc(-c3ccc4c(c3)C(CCCCCC)(CCCCCC)c3cc(-c5ccc(*)cc5)ccc3-4)cc2)C(=O)N(CCCC)C1=O,tg,155.0,111.09548950195312,152.82984907693935,134.58814656297034,126.93228054257719
*C1=CC(C)C(C(=O)C(=O)C2CC3C(*)CC3(O)C2=O)C(=O)N1C,egc,2.7097,4.735257148742676,4.355582507121247,3.965901037641448,4.440947150274445
*C1=CC2=CC(*)=NC2=N1,egc,1.0627,3.027683734893799,1.9010218769399616,1.870060206659509,2.4602435682134534
*C1=CC2=NC(*)=CC2=N1,egc,1.3051,3.0345559120178223,1.5612572296145557,1.721437243561042,2.347078938682613
*C1=CC=C(c2sc(-c3sc(*)c4c3OCCO4)c3c2OCCO3)S1(=O)=O,egc,1.7929,1.0654032230377195,1.7740013868445836,2.0669514402162417,1.4966238869746822
*C1=NC2=CC(*)C=CC2=C1,egc,3.2065,2.542167901992798,2.9789519296475535,3.045863117486734,2.777078185590608
*C1C(*)C2CC1C(C(=O)OCC13CC4CC(CC(C4)C1)C3)C2C(=O)OCC12CC3CC(CC(C3)C1)C2,tg,328.0,281.7152099609375,280.85891336380905,277.8848140844509,280.35433320164043
*C1C(*)C2CC1C(C(=O)OCCC13CC4CC(CC(C4)C1)C3)C2C(=O)OCCC12CC3CC(CC(C3)C1)C2,tg,300.0,256.4642333984375,234.42005952456083,264.4845370945349,254.41970473500328
*C1C(*)C2CC1C(C(=O)OCCC1CC3CCC1C3)C2C(=O)OCCC1CC2CCC1C2,tg,260.0,271.02520751953125,256.2567592172714,260.04074916193457,264.5946565107414
*C1C(*)C2CC1C(C(=O)OCCCc1ccccc1)C2C(=O)OCCCc1ccccc1,tg,200.0,175.6564178466797,161.72380048937973,188.91816189504053,176.89890303845823
*C1C(*)C2CC1C(C(=O)OCc1ccccc1)C2C(=O)OCc1ccccc1,tg,277.0,239.7476043701172,190.43423961396132,207.2532802817532,219.56977692213994
*C1C(*)C2CC1C(COCc1ccccc1)C2COCc1ccccc1,tg,176.0,161.69288635253906,203.34509076024057,189.321257435503,178.792341403251
*C1C(*)C2CC1C1C=CCC12,tg,103.55,283.0050354003906,202.9321551071137,191.87370857702817,238.3705033844624
*C1C(=O)N(C(C)(C)C)C(=O)C1*,tg,195.0,176.52481079101562,205.0166663682055,194.48930325453136,187.9324429515686
*C1C(=O)N(C2CCCCC2)C(=O)C1*,tg,205.0,204.61196899414065,214.32700635262523,218.652441320094,210.95048986866135
*C1C(=O)N(CCCCCCCCOc2ccc(-c3ccc(C#N)cc3)cc2)C(=O)C1*,tg,43.0,75.09242248535156,67.1038989037657,71.34205039715269,72.29198395737217
*C1C(=O)N(CCCCCCOc2ccc(-c3ccc(C#N)cc3)cc2)C(=O)C1*,tg,76.0,67.67729949951172,100.52436235932176,92.08779433988872,81.97340257371737
*C1C(=O)N(CCCCCOc2ccc(-c3ccc(C#N)cc3)cc2)C(=O)C1*,tg,75.0,87.24098205566406,106.55818674862776,109.8463566569978,98.20078663527515
*C1C(=O)N(CCCCOc2ccc(-c3ccc(C#N)cc3)cc2)C(=O)C1*,tg,115.0,105.46537017822266,102.1989493001618,97.25448878315493,102.25440981859015
*C1C(=O)N(CCCOc2ccc(-c3ccc(C#N)cc3)cc2)C(=O)C1*,tg,130.0,118.86963653564452,133.1516539845356,136.99451681359713,127.40946362077773
*C1C(=O)N(CCOc2ccc(-c3ccc(C#N)cc3)cc2)C(=O)C1*,tg,150.0,163.47430419921875,155.49216085982232,158.14810004617146,160.18763548940655
*C1C(=O)N(c2c(CC)cccc2CC)C(=O)C1*,tg,288.0,203.9012451171875,208.1148680228372,214.8232092506892,208.14544643714063
*C1C(=O)N(c2cc(Br)c(O[Si](C)(C)C)c(Br)c2)C(=O)C1*,tg,167.0,222.47848510742188,151.1357440886339,163.89986514661118,189.70768724907225
*C1C(=O)N(c2cc(Br)c(O[Si](c3ccccc3)(c3ccccc3)c3ccccc3)c(Br)c2)C(=O)C1*,tg,179.0,169.43582153320312,203.9661246883792,185.52714758960445,181.50367831558015
*C1C(=O)N(c2ccccc2C(=O)OCCCC)C(=O)C1*,tg,181.0,174.47816467285156,159.4947295366426,164.37457204666703,168.2760020182182
*C1C(=O)N(c2ccccc2C)C(=O)C1*,tg,335.0,230.19119262695312,234.32304965998568,233.14329918012004,231.95284556353926
*C1C(=O)OC(=O)C1*,egb,6.0081,6.007579803466797,5.677968717082808,5.643384328140022,5.931119485949012
*C1C(=O)OC(=O)C1*,egc,6.3452,6.203643798828125,5.633101174169782,5.974319802493241,6.0133042361433855
*C1C(=O)OC(=O)C1C1C2CC(C(=O)OC3CCCCC3)C(C2)C1*,egc,6.0803,6.115610599517822,5.80054652081755,5.72284094697801,5.9381608454098185
*C1C(=O)OC(=O)C1C1C2CC(C(=O)OC3CCCCC3)C(C2)C1*,tg,195.0,292.4619140625,231.6801671196825,249.23821454497912,266.6099923676016
*C1C(=O)OC(=O)C1C1C2CC(COCCC)C(C2)C1*,tg,209.0,233.800048828125,214.4006150329482,178.04643510793986,212.56776628505352
*C1C2CC(=CC)C(C2)C1*,egc,5.1841,5.069633960723877,5.3412261315064224,5.077718540028011,5.132764656059792
*C1C2CC(C(=O)OCCc3ccc(N(c4ccccc4)c4cccc(C)c4)cc3)C(C2)C1*,tg,305.0,272.20220947265625,289.0952881397784,272.05045877102964,275.62358379367265
*C1C2CC(C(=O)OCCc3ccc(N(c4ccccc4)c4ccccc4)cc3)C(C2)C1*,tg,307.0,254.8341522216797,283.0371479817897,273.7979815275995,266.4916591316352
*C1C2CC(C)C(C2)C1*,egc,6.0638,6.385693073272705,6.206598630429844,6.203676152873722,6.296036072394887
*C1C2CC(C)C(C2)C1*,tg,350.0,252.85775756835935,199.01803433653924,192.0077910132478,222.9777879083326
*C1C2CC(C1*)C([Si](C)(C)C)C2,tg,298.0,275.0323486328125,251.3920981699515,271.09018335207924,268.95911053644386
*C1C2CC(CCCCc3ccccc3)C(C2)C1*,tg,148.0,201.0248260498047,163.81778200464856,173.6940642534311,184.9300845104153
*C1C2CCC(C2)C1*,egc,6.1739,6.2987895011901855,6.427779930274165,6.3950060963474975,6.3538829783682536
*C1C=C(C)C(*)S1,egc,5.0392,4.4767069816589355,4.347315425736584,4.1214602305911825,4.351113386077031
*C1C=C(CCCCCC)C(*)S1,egc,4.7988,4.251158237457275,4.722042780152905,4.903923166127182,4.534239594401135
*C1C=C(CCCCCC)C(*)S1,tg,23.47,44.351219177246094,49.41674149021726,29.400018447093217,40.76553366977138
*C1C=CC(*)C1,egc,5.7164,5.633272171020508,5.553486430267217,5.159869693789593,5.486690561462676
*C1C=CC(*)CC1,egc,5.6051,5.679562568664551,5.84397163196846,5.860152220718598,5.765536864529678
*C1CC(*)(C#N)C1,tg,220.0,217.67300415039065,135.1576718175959,151.96822032038705,180.40362357143766
*C1CC(*)OC(O)O1,egc,6.5343,6.363246917724609,6.409984183750933,5.94086190108713,6.258919082089531
*C1CC(C)(C)OC1*,egc,5.8529,5.6396355628967285,5.670260531130075,5.8246152111286005,5.696787993399742
*C1CC2C3CC4C(C3*)C24C1,egc,5.9559,6.956641674041748,6.081973079489128,6.002014305372055,6.500916362016321
*C1CC2CC1C(*)C2CCCC,egc,6.1498,5.876236915588379,5.92027592739043,6.1490125810785905,5.960263755765975
*C1CC2CC1C(*)C2CCCCCC,tg,237.33,129.53402709960938,123.40580746111794,112.87624793499604,123.12215936564557
*C1CCC(*)C1,tg,65.1,140.1917266845703,67.23206765535446,71.6692528442157,104.01247134146257
*C1CCC(CC2CCC(N3C(=O)C4C5C=CC(C6C(=O)N(*)C(=O)C56)C4C3=O)CC2)CC1,tg,239.0,291.01153564453125,229.26115236723388,206.6354936617368,252.22879125152406
*C1CCC(CC2CCC(N3C(=O)c4ccc(-c5ccc6c(c5)C(=O)N(*)C6=O)cc4C3=O)C(C)C2)CC1C,tg,260.0,247.4212646484375,255.17312594142948,260.456980403719,253.04586771861608
*C1CCC(CC2CCC(N3C(=O)c4ccc(-c5ccc6c(c5)C(=O)N(*)C6=O)cc4C3=O)CC2)CC1,tg,242.0,283.46759033203125,258.8562233930725,257.0787552849318,270.25029041538596
*C1CCC2C(*)CCC12,egc,6.7514,6.552962303161621,6.294461180197857,6.266071370230796,6.416982921780491
*C1CCOC1*,tg,131.43,91.54278564453124,75.41644334835237,67.68511406079998,80.85065518834534
*C1Cc2ccccc2C1*,tg,200.0,251.28463745117188,176.7677382918655,183.05881637045664,214.8774447573839
*C1OC(C(F)(F)F)(C(F)(F)F)OC1(*)F,tg,256.0,315.6955871582031,138.0982580847418,147.78362362155798,227.28343572301821
*C1OCCCC1C1C(=O)OC(=O)C1*,tg,210.0,206.96083068847656,189.5139813622052,208.9607535055673,203.99755978565628
*C1OCOC(C(*)(F)F)C1(F)F,tg,125.0,134.64337158203125,105.9875839858626,104.22632199169276,119.34943775758795
*C1Oc2ccccc2C1*,tg,65.2,246.42236328125,154.15251132138906,181.9567181225126,207.53365084235267
*C1c2cccc3cccc(c23)C1*,tg,282.85,187.50424194335935,215.02907234925297,216.8968498067784,202.24903080084638
*C=C(*)C#N,egb,0.5068,2.204700469970703,5.405115931441546,5.722557187876185,2.9471050567139208
*C=C(*)C(C)(C)C,tg,200.0,207.3785400390625,63.37846062592181,81.27139862012677,138.7980711748716
*C=C(*)C(CCC)[Si](C)(C)c1ccccc1,tg,110.0,107.637939453125,79.46475410698427,105.07101326883082,101.05952241385907
*C=C(*)C(CCCCCCC)[Si](C)(C)C,tg,150.0,116.21385955810548,17.831339586461844,44.66303714205206,73.87809968295228
*C=C(*)CCCOC(=O)c1cc(-c2ccc(OC)cc2)ccc1-c1ccc(OC)cc1,tg,72.4,111.04903411865234,112.16364734008005,129.96785633675162,117.1310912630793
*C=C(*)CCCOc1ccc(OC(=O)c2ccc(OCCCC)cc2)cc1,tg,36.0,69.86673736572266,64.08683710768373,61.762371592572734,66.17268810729914
*C=C(*)CCCOc1ccc(OC(=O)c2ccc(OCCCCCCCC)cc2)cc1,tg,38.25,65.54347229003906,38.94671656191329,25.683130103837485,47.750658093098465
*C=C(*)CO,egc,4.3592,1.429802656173706,4.878563903372914,4.285843365073747,2.979885340977175
*C=C(*)c1c(C)cc(C(C)(C)C)cc1C,tg,200.0,136.0479278564453,205.15445207405645,191.57509608587793,167.41553134097867
*C=C(*)c1c(F)c(F)c(CCCC)c(F)c1F,tg,110.0,153.88075256347656,108.86197389550996,106.7617895237056,130.05999201145272
*C=C(*)c1cc(C(F)(F)F)oc1C(F)(F)F,egc,1.9958,2.1762888431549072,2.427359168217667,2.211866455049946,2.2422885688978202
*C=C(*)c1ccc(-n2c(=O)c3cc4c(=O)n(-c5ccc(C#C)cc5)c(=O)c4cc3c2=O)cc1,tg,420.0,332.7760925292969,351.73224414071353,318.17530862607583,332.1507109397352
*C=C(*)c1ccc(C(=O)Oc2c(F)c(F)c(F)c(F)c2F)cc1,egc,1.1102,2.6169185638427734,2.0903545659271376,2.585128959083324,2.4901400518076913
*C=C(*)c1ccc(NC=O)cc1,egc,0.2219,1.7778847217559814,1.645912458609,1.8584826928901776,1.770184362928315
*C=C(*)c1ccc([N+](=O)[O-])cc1,egc,0.7984,0.9170761108398438,0.5399133959143533,0.3873200066707811,0.6884582557040502
*C=C(*)c1cccc(Br)c1,egc,0.2843,1.9195103645324707,0.778197293822701,1.7143670544855718,1.6076883039255256
*C=C(*)c1cccc(C#C)c1,egc,0.069,0.9429266452789308,0.926911522762888,0.9463939893917708,0.9402760693404002
*C=C(*)c1cccc([Si](C)(C)C)c1,egc,0.7366,2.510186195373535,1.9584273367993523,1.964977175295279,2.238196335501493
*C=C(*)c1cccc2ccccc12,egc,0.8664,1.0363214015960691,1.5253127235987505,1.3470912290030514,1.2305032794589317
*C=C(*)c1cccc[c]1[Ge]([CH3])([CH3])[CH3],tg,180.0,212.60543823242188,159.80342255009958,155.47736602577328,184.09002204189588
*C=C(*)c1cccc[n+]1CC#C,egc,0.3201,0.5400865077972412,2.1514442469887425,1.2478330527339223,1.0939842267415971
*C=C(*)c1ccccc1C(F)(F)F,egc,1.343,1.374772548675537,1.4324389545242515,1.9746758327189455,1.5507772856436983
*C=C(*)c1ccccc1C(F)(F)F,tg,130.0,197.17758178710935,151.5625302592244,165.96077161017547,178.15430101222117
*C=C(*)c1ccccc1C[Si](C)(C)C,tg,170.0,161.3941192626953,140.49560010437276,128.4637835218566,146.91525778850635
*C=C(*)c1cccs1,egc,3.6662,0.9873442649841307,2.0051834975284315,2.1381963293357904,1.5285288713134042
*C=C(*)c1ccsc1,egc,2.2157,0.8111581802368164,2.926766597916263,2.569865910602359,1.7638616703309675
*C=C(C#N)C(=O)OCCCCCCCCCCOC(=O)C(C#N)=Cc1ccc2c(c1)c1cc(*)ccc1n2CCCCCCCCCCCCCC,tg,35.0,66.34336853027344,49.95125436376402,57.25070958826099,60.16475805266319
*C=C(C#N)C(=O)OCCCCCCOC(=O)C(C#N)=Cc1ccc2c(c1)c1cc(*)ccc1n2CCCCCCCCCCCCCC,tg,53.0,59.12139129638672,52.4539718845066,49.2227484544953,54.6900012723522
*C=C(C#N)C(=O)OCCCCCCOC(=O)C(C#N)=Cc1ccc2c(c1)c1cc(*)ccc1n2CCCCCCCCCCCOc1ccc(C=Cc2ccc([N+](=O)[O-])cc2)cc1,tg,87.0,59.82128143310547,72.07713886494913,92.03126571492204,72.30284849774955
*C=C(F)C(F)(F)C*,egc,5.7867,5.008921146392822,5.4489987550410515,5.408556708475272,5.216284647619962
*C=C(F)C(F)(F)C*,tg,-35.0,-18.788009643554688,1.391226652898934,33.73665907598469,1.6053845918529444
*C=C*,tg,-25.5,38.542877197265625,3.709261616520157,9.000791227278086,22.251272713553007
*C=C1CCC(=Cc2ccc(*)cc2)C1=O,egc,2.5147,2.727186679840088,2.308109481280478,2.510604019007707,2.5742925565886154
*C=C1CCC(=Cc2ccc(Sc3ccc(*)o3)o2)C1=O,egc,2.4731,2.278752326965332,2.4363063047036553,2.5546108661007434,2.3890848383203482
*C=C1CCCC(=Cc2ccc(-c3cc(OCCCCCC)c(-c4ccc(*)cc4)cc3OCCCCCC)cc2)C1=O,tg,85.0,108.7684555053711,94.43445452864012,105.37054745263838,104.77427219169068
*C=CC(=C(C)C)C(*)=C(C)C,egc,3.4443,2.232635974884033,3.484827545638238,3.3834056566503157,2.826376363988258
*C=CC(=O)C(C)=Cc1ccc(Sc2ccc(*)o2)o1,egc,2.9229,2.309762477874756,2.30109803510263,2.2251635898005593,2.284822716449367
*C=CC(C(=O)OC(C)C)C(*)C(=O)OC(C)C,egc,5.3094,5.3249921798706055,5.347009702116655,5.326971014131248,5.330469817365388
*C=CC(C(=O)OC)C(*)c1ccccc1,egc,4.9911,4.495522975921631,4.5330141376223265,4.3509814501634505,4.464644732186508
*C=CC(C(=O)OCC)C(*)C(=O)OCC,tg,6.0,-24.955841064453125,15.6554240172249,17.138747996954436,-3.5944587691804157
*C=CC(C(=O)OCc1ccccc1)C(*)C(=O)OCc1ccccc1,tg,21.0,26.256248474121097,58.49172100259593,64.49009925852157,44.70353617964367
*C=CC(C)(C)C(*)(C)C,egc,5.1816,4.497920513153076,5.348536419844929,5.435017955439745,4.943484456933095
*C=CC(C)(C)CC(C#N)C*,egb,5.2738,5.705453872680664,5.695014656864181,5.852085626924988,5.703032274048405
*C=CC(C)(C)CC(C#N)C*,egc,5.6628,5.767441749572754,5.683966763962224,5.606840989201202,5.705058861223073
*C=CC(C)=C(C)C=Cc1ccc(-c2ccc(*)s2)s1,egc,1.5733,1.9215669631958008,1.9479918591449583,1.9002711690504024,1.92170685949693
*C=CC(C)C(*)C(=O)OC,tg,53.0,17.581329345703125,28.58437339047249,64.77131350614546,34.44028055768562
*C=CC(C)C(*)C(=O)OCC(C)C,egc,5.4659,5.582850456237793,5.240314182787514,5.346735763017168,5.441819452714749
*C=CC(C)C(*)C(=O)OCCCC,egb,5.4974,5.393110275268555,5.411684689826587,5.339403959593637,5.3974190066598275
*C=CC(C)C(*)C(=O)OCCCC,egc,5.2364,5.549874782562256,5.656829413836925,5.57263284883445,5.580056760622951
*C=CC(C)C(*)C(=O)OCCCN(C)c1ccc(N(C)C)cc1,tg,16.0,20.469398498535156,51.32901787251369,62.23364449277929,39.72646356868724
*C=CC(C)C*,egc,5.7207,5.507752895355225,5.515931964998356,5.445945312877481,5.492787245052647
*C=CC(C)CCCCCCCCC*,egc,5.8829,5.871382713317871,5.988455881032508,5.794237388777006,5.87667888762569
*C=CC(C*)COCC(=O)OCCCCCCCCOc1ccc(C=Cc2ccc([N+](=O)[O-])cc2)cc1,tg,19.6,21.136680603027344,19.558813849897025,12.039030547546986,17.99804421803233
*C=CC(C*)OC,egc,5.0501,5.457852363586426,5.5083592478702315,5.092765762010335,5.369945237650838
*C=CC(C*)OC,tg,-10.5,-40.7991943359375,-26.786287368501807,-18.99923436472528,-31.177600835263394
*C=CC(COCc1ccccc1)C(*)COCc1ccccc1,tg,-4.0,11.546157836914062,21.4068657842391,23.588742489850972,17.29646825425868
*C=CC1=C(*)CC(C(=O)OCC)(C(=O)OCC)C1,tg,27.65,92.7686004638672,79.08348765623731,81.586697314205,86.49938282015884
*C=CC1=C(O)C(O)=C(*)C1,egc,1.3796,1.7565178871154783,3.0242555274832106,3.0249676351905097,2.385734162382948
*C=CC1CC(*)C(C#N)(CC)C1,egc,6.1381,5.55859899520874,5.692267737336662,5.55411701681358,5.587369977732798
*C=CC1CC(*)C(C#N)(CCC)C1,egb,5.8705,5.9597954750061035,5.604305831653665,5.857327576194876,5.8773320745689395
*C=CC1CC(*)C(C#N)(CCC)C1,tg,108.0,101.93637084960938,116.71253661933297,108.77229491677356,107.08500860894598
*C=CC1CC(*)C(C#N)(CCCC)C1,tg,87.0,89.75193786621094,98.4881984291176,97.64916381145903,93.98887235615506
*C=CC1CC(*)C(C#N)(C[Si](C)(C)C)C1,egc,5.6706,4.680636405944824,5.221457128793556,5.470057331851967,5.016554433192149
*C=CC1CC(*)C(C#N)(C[Si](C)(C)C)C1,tg,128.0,127.7261734008789,148.13419824889914,130.56191115993872,132.79348913838302
*C=CC1CC(*)C(C#N)([Si](C)(C)C)C1,tg,211.0,147.12521362304688,142.9592269219836,139.37795984042504,143.87300290618242
*C=CC1CC(*)C(C#N)([Si](C)(C)O[Si](C)(C)C)C1,tg,88.0,87.95987701416016,71.94217529745649,78.41314464053927,81.71765340083503
*C=CC1CC(*)C(C#N)([Si](C)(C)O[Si](C)(C)O[Si](C)(C)C)C1,tg,47.0,41.030296325683594,65.78206218983395,76.05032566529135,56.946790805755555
*C=CC1CC(*)C(C(=O)OC(C)(C)C)C1C(=O)OC(C)(C)C,tg,83.4,104.2602767944336,111.72494843907268,102.3285432882345,105.19520014327028
*C=CC1CC(*)C(C(=O)OC)C1C(=O)OC,egc,5.0643,5.305048942565918,5.193860452612551,5.602478977097402,5.3609512812140885
*C=CC1CC(*)C(C(=O)OC)C1C(=O)OC,tg,77.3,90.16136169433594,118.66410841912568,101.18044835573346,99.42241978032374
*C=CC1CC(*)C(C(=O)OCCCCCCCCCCCOc2ccc(-c3ccc(C#N)cc3)cc2)C1C(=O)OCCCCCCCCCCCOc1ccc(-c2ccc(C#N)cc2)cc1,tg,23.82,25.46350860595703,38.14678234026691,59.22667789119603,38.51336209151044
*C=CC1CC(*)C(C(=O)OCCCCCCCCOc2ccc(C=Cc3ccc([N+](=O)[O-])cc3)cc2)C1,tg,49.6,46.76696014404297,38.33045749155882,51.35172237006623,46.4533193269701
*C=CC1CC(*)C(C(=O)OCCCCCCOc2ccc(-c3ccc(C#N)cc3)cc2)C1C(=O)OCCCCCCOc1ccc(-c2ccc(C#N)cc2)cc1,tg,41.93,23.748779296875,73.12533246005917,75.77071746475968,49.981147071553686
*C=CC1CC(*)C(C(=O)OCCN(C)C)C1,tg,12.5,15.86883544921875,27.048193151756017,24.45859484511348,20.821623096437587
*C=CC1CC(*)C(C(=O)OCCNC(C)(C)C)C1,egb,4.7904,5.116153240203857,5.27803858463034,5.757659439442724,5.153705996611769
*C=CC1CC(*)C(C(=O)OCCNC(C)(C)C)C1,egc,5.2249,4.965421676635742,5.490759865274371,5.456302697227296,5.216716369195176
*C=CC1CC(*)C(C(=O)OCCNC(C)(C)C)C1,tg,29.0,47.88562774658203,37.088097848459014,41.28609984969985,43.62698272278705
*C=CC1CC(*)C(C(=O)Oc2ccccc2)C1C(=O)Oc1ccccc1,tg,96.5,103.10537719726562,133.8172996741294,129.992841882085,117.72945323080862
*C=CC1CC(*)C(C(F)(F)F)(C(F)(F)F)C1(F)F,egc,5.3867,5.700263977050781,6.627071073618653,6.420337084520482,6.103929801300445
*C=CC1CC(*)C(C2CC=CCC2)C1,tg,105.0,78.614501953125,140.02093754314078,125.08961574380382,105.6006201948335
*C=CC1CC(*)C(F)(F)C1(F)OC(F)(F)C(F)(F)C(F)(F)F,egc,3.4449,6.023528099060059,6.860910894158401,6.226972369130829,6.266699971682
*C=CC1CC(*)C(F)(F)C1(F)OC(F)(F)C(F)(F)C(F)(F)F,tg,77.0,27.871673583984375,68.82380059473385,68.86329782613686,48.961796673850834
*C=CC1CC(*)C([Si](C)(C)C)C1,tg,109.0,161.1393280029297,120.42054718018558,94.56083499241534,132.18089866484348
*C=CC1CC(*)C2(Cl)OC(=O)OC12Cl,egc,5.2615,5.4872307777404785,5.305972434408143,5.502918048885739,5.450828664910229
*C=CC1CC(*)C2C(=O)N(CCC)C(=O)C12,egc,5.2391,5.219071388244629,5.335920516983396,5.262168143082349,5.257001753942407
*C=CC1CC(*)C2C(=O)N(CCC)C(=O)C12,tg,139.0,132.7482147216797,102.44850612764384,111.62321308308108,119.9915948766258
*C=CC1CC(*)C2C(=O)N(CCCCCCC)C(=O)C12,tg,59.0,67.04646301269531,75.04306884188814,73.3834677581781,70.6488284017139
*C=CC1CC(*)C2C(=O)N(CCCCCCCC)C(=O)C12,tg,56.5,63.13323974609375,56.07994896656312,54.82145640679373,59.11357818233828
*C=CC1CC(*)C2C(=O)N(CCCCCCCCC)C(=O)C12,egb,5.104,5.524446487426758,4.89498380791188,5.121997882636197,5.378429201208314
*C=CC1CC(*)C2C(=O)N(CCCCCCCCC)C(=O)C12,egc,5.4434,5.407453536987305,5.251416770955082,5.341193497428378,5.354434926411738
*C=CC1CC(*)C2C(=O)N(CCCCCCCCC)C(=O)C12,tg,52.0,55.61553955078125,53.67872178097204,44.74794166119048,51.855610028118925
*C=CC1CC(*)C2C(=O)N(CCCCCCCCCC)C(=O)C12,tg,46.0,60.895790100097656,52.968182945677064,55.967433378189696,57.74340659108825
*C=CC1CC(*)C2C(=O)N(CCCCCCCCCCCC)C(=O)C12,tg,50.0,53.01799774169922,47.53668815760929,49.93087180443382,50.9375151497768
*C=CC1CC(*)C2C(=O)N(c3cc(C(F)(F)F)cc(C(F)(F)F)c3)C(=O)C12,egc,5.0009,4.7203755378723145,4.960748540147578,4.743484237408603,4.780585937078827
*C=CC1CC(*)C2C(=O)N(c3ccc(Br)cc3)C(=O)C12,tg,227.8,231.6485595703125,213.161739476578,214.9699616494663,222.69290226409413
*C=CC1CC(*)C2C(=O)N(c3ccc(C)cc3)C(=O)C12,egc,5.2272,4.960081100463867,4.507845764159655,4.745724350501891,4.800352826894315
*C=CC1CC(*)C2C(=O)N(c3cccc(C)c3)C(=O)C12,egc,4.9512,4.958759307861328,5.118826786534794,4.9885077912220215,5.002757581718161
*C=CC1CC(*)C2C(=O)N(c3cccc(Cl)c3)C(=O)C12,tg,204.8,231.5718688964844,226.24829364100248,221.10149826303604,227.23949950468415
*C=CC1CC(*)C2C(=O)N(c3cccc(F)c3)C(=O)C12,tg,207.8,222.21170043945312,219.05260058764225,215.68248953411603,219.54305921744043
*C=CC1CC(*)C2C(=O)N(c3ccccc3C)C(=O)C12,tg,248.0,247.54135131835935,255.4093235717756,257.1572922156529,252.13176328669385
*C=CC1CC(*)C2C(=O)N(c3ccccc3Cl)C(=O)C12,tg,255.6,247.60073852539065,216.71850232858827,216.3815522768782,231.60152205097552
*C=CC1CC(*)C2C3CCC(C3)C12,egc,5.1047,5.644615173339844,5.546421322323307,5.599886957402701,5.610426749842046
*C=CC1CC(*)C2CC=CC12,egb,5.6741,4.872883319854736,5.3090453380721465,5.297547006460031,4.974060397264233
*C=CC1CC(*)C2CC=CC12,egc,5.3836,4.718461513519287,4.10635796095987,4.294006763879986,4.465756685626236
*C=CC1CC(*)C2CCCC12,egc,5.6651,5.492554664611816,5.342255491957863,5.280432031686935,5.401174635325921
*C=CC1CC(=CC)C(*)C1,tg,118.43,49.09837341308594,105.6117445144354,88.22286366819066,72.80571612353391
*C=CC1CCC(*)C1,egc,5.4117,5.723941802978516,5.655024367006188,5.7240839143078075,5.70851844376879
*C=CC1CCC(*)C1,tg,39.97,55.37370300292969,67.81931638650083,65.29583683586716,60.998683814302694
*C=CC=CC=CC=C(*)CCS(=O)(=O)O,egc,0.8077,2.270340919494629,4.345335639627687,4.248260156380055,3.2735190477431484
*C=CC=CCC*,egc,4.3008,3.3319497108459473,4.197037915793718,4.689662441265251,3.895093125697006
*C=CCC(C*)(C(=O)OC12CC3CC(CC(C3)C1)C2)C(=O)OC12CC3CC(CC(C3)C1)C2,tg,34.0,193.51614379882812,215.520022032044,179.98394956360906,193.8470985201361
*C=CCC*,egc,5.2133,5.1813883781433105,4.864918382320662,5.057259729894443,5.076645763733381
*C=CCC*,tg,-89.57,-15.540802001953123,-72.6918916379768,-50.05933319122116,-37.954056456600114
*C=CCCC*,egc,4.6373,5.563433647155762,5.426443736574344,5.521691862364858,5.521352902236304
*C=CCCCC(Cl)CCC*,egc,5.737,5.72249698638916,5.70309565505198,5.769035109937642,5.730794286880986
*C=CCCCC(Cl)CCC*,tg,-63.0,-51.661285400390625,-42.4612180426129,-41.947220460111254,-46.76702233585761
*C=CCCCC*,egb,5.7962,5.206190586090088,5.401706050935256,5.795827430759067,5.251544565792953
*C=CCCCC*,egc,5.7726,5.41033411026001,5.057181840123969,5.203102194195356,5.274772329627696
*C=CCCCCC*,egc,5.8026,5.374033451080322,5.100165284586769,5.272062804418048,5.284871815255115
*C=CCCCCCCC(Cl)CCCCCC*,tg,-57.0,-43.7576904296875,-36.92584710080965,-48.498692071582695,-43.82184103604684
*C=CCCCCCCCCCC(CCCCCCCCC*)COCCOCCOCCOCCOCc1ccc2ccc3cccc4ccc1c2c34,tg,-36.0,-9.975143432617188,-2.613911038940122,-6.825642718086016,-7.489395364662023
*C=CCCCCCCCCCC(Cl)CCCCCCCCC*,egc,5.874,5.982491970062256,5.964221717320356,5.977569355810181,5.977054867645802
*C=CCCCCCCCCCC(Cl)CCCCCCCCC*,tg,-37.0,-48.20835876464844,-56.87587176292378,-57.284412571913975,-52.79589130496461
*C=CCCCCCCCCCC*,egc,5.8787,5.701891899108887,5.714375369270712,5.606185015129431,5.678677383981358
*C=CCCCCCCCCCC*,tg,-53.0,-53.8563232421875,-69.1581666280128,-71.32252282587572,-62.401744670594226
*C=Cc1c(OC(=O)c2ccc(C(=O)Oc3ccc4ccccc4c3C=Cc3cccc(*)n3)cc2)ccc2ccccc12,tg,145.0,192.10940551757812,211.2506800223303,218.50312757144744,204.20515083077413
*C=Cc1cc(CCCCCC)c(-c2sc(*)cc2CCCCCC)s1,egc,1.7165,2.053962469100952,1.797669934770823,1.79686771386318,1.9265778560490796
*C=Cc1cc(CCCCCCCCCCCCCCCC)c(C=Cc2nc(*)c(C#N)c(C=Cc3ccc(N(c4ccccc4)c4ccccc4)cc3)c2C#N)cc1CCCCCCCCCCCCCCCC,tg,165.0,131.08714294433594,100.51665724127832,114.4521327908816,119.66406950017517
*C=Cc1cc(Cl)c(*)cc1Cl,egc,3.2579,2.271461248397827,2.197322338164927,2.691624984021181,2.369037588150163
*C=Cc1cc(OC)c(*)cc1Br,egc,1.9302,2.980710029602051,2.431435354579414,2.826391393464138,2.8155301582205765
*C=Cc1cc(OC)c(C=Cc2ccc(*)s2)cc1OC,egc,1.7107,2.833617925643921,2.6970564096743574,2.555457934382125,2.727369597613005
*C=Cc1cc(OC)c(C=Cc2ccc(C=C(Oc3ccccc3)c3ccc(C(=Cc4ccc(*)cc4)c4ccc(Oc5ccccc5)cc4)cc3)cc2)cc1OC,tg,175.0,172.02879333496094,173.91274981716063,174.10872094604537,173.05908922408963
*C=Cc1cc(OCC(CC)CCCC)c(*)cc1-c1ccc(N(c2ccc(OC)cc2)c2ccc(OC)cc2)cc1,tg,163.0,140.4998779296875,125.77701072055105,133.60978145872826,135.34542274218347
*C=Cc1cc(OCC(CC)CCCC)c(*)cc1OC,tg,70.67,67.8265380859375,62.942137978766254,68.28544999280201,66.96570104783282
*C=Cc1cc(OCC)c(*)cc1OCC,egc,4.2145,2.3742687702178955,2.773044270748578,2.763056209550757,2.569417167258361
*C=Cc1cc(OCC2CC3CC2C2CCCC32)c(*)cc1OC,tg,174.0,108.20288848876952,195.4876914999655,181.17216066473725,148.69902050380566
*C=Cc1cc(OCCCCCC)c(*)cc1OC,egc,2.3505,3.241128921508789,3.1662578387305884,3.440891218111294,3.2786310103423606
*C=Cc1cc(OCCCCCC)c(*)cc1OC,tg,60.0,78.03482055664062,72.68921697080884,58.02715333418029,70.74722409806908
*C=Cc1cc(OCCCCCCCC)c(*)cc1OC,tg,58.0,73.36620330810547,55.75597545162513,47.34257654817284,61.699299952816595
*C=Cc1cc(OCCCCCCCCCCCC)c(*)cc1OC,tg,36.0,64.83379364013672,38.04996374473789,37.83550246305643,50.981907510015105
*C=Cc1ccc(*)c(-c2cc(OCCC(C)C)c(OCCC(C)C)cc2-c2ccccc2)c1,tg,164.0,122.1384735107422,125.92097750716648,129.64770133837396,125.23830940288428
*C=Cc1ccc(*)c(C(=O)OC)c1C(=O)OC,egc,4.11,2.329878568649292,3.1386642674207517,3.1353206188973823,2.7302708394590254
*C=Cc1ccc(*)c(F)c1,egc,2.259,2.327550888061523,2.579231914815565,2.6418966359773135,2.469462970823403
*C=Cc1ccc(*)c(OCc2cc(OCCC(C)CCCC(C)C)cc(OCC(CC)CCCC)c2)c1,tg,227.0,36.76038360595703,53.48021747983437,58.147570954896494,46.81003120785107
*C=Cc1ccc(*)c2ccc(CCCCCC)cc12,egc,2.3017,2.530647993087769,2.590804532244316,2.6362219444424873,2.572841762352275
*C=Cc1ccc(*)c2ccc(CCCCCCCCCCC)cc12,egc,2.3432,2.5803661346435547,2.3712035320283724,2.4612238892385117,2.5010539112354606
*C=Cc1ccc(*)c2occc12,egc,1.6799,2.1707069873809814,2.6586919479254076,2.704669850161957,2.425331884551392
*C=Cc1ccc(*)c2sccc12,egc,2.1967,2.189138174057007,2.06774959311518,2.1111688098100077,2.1407102121839063
*C=Cc1ccc(*)cc1,tg,230.0,123.7933578491211,144.16314933059664,136.33687451154924,131.85627311586887
*C=Cc1ccc(*)n1CCCCCC,egb,1.3683,2.567002773284912,4.4502050434951395,4.193432336545451,3.003851682434594
*C=Cc1ccc(*)n1CCCCCC,egc,1.5103,1.783334732055664,1.8644210994527115,1.6215360537624952,1.7575464257498938
*C=Cc1ccc(*)n1CCCCCCCCCCCC,egc,1.2671,2.0427610874176025,2.127690011849818,1.9301402455730536,2.031202502196928
*C=Cc1ccc(*)nc1,egc,1.9268,2.9025893211364746,2.972218126483055,3.4023138076967463,3.054047073077165
*C=Cc1ccc(*)s1,egc,2.7814,1.7830445766448977,2.370304230845767,2.6564677642655483,2.152215093709925
*C=Cc1ccc(-c2ccc(*)s2)s1,egc,1.9942,1.731386423110962,2.015750838389899,1.6485122224464956,1.7726580310058508
*C=Cc1ccc(-c2ccc(C(C#N)=Cc3ccc4c(c3)C(CC)(CC)c3cc(C=C(C#N)c5ccc(-c6ccc(C=CC7=CC(=C(C#N)C#N)C=C(*)O7)s6)cc5)ccc3-4)cc2)s1,tg,144.0,175.20774841308594,235.51134445358363,200.00513628734913,195.26066105600654
*C=Cc1ccc(-c2ccc(C=Cc3cc(*)ncn3)cc2)cc1,egc,2.7379,2.562626838684082,2.8363804286177943,2.65437881645894,2.6489851085203533
*C=Cc1ccc(-c2nnc(-c3ccc(C=Cc4ccc5c(c4)c4cc(*)ccc4n5CCCCCCCC)cc3)n2-c2ccccc2)cc1,tg,147.0,167.5489959716797,146.8590238766192,148.30289220379106,157.34665883634116
*C=Cc1ccc(-c2nnc(-c3ccc(C=Cc4ccc5c(c4)c4cc(-c6ccc7c(c6)c6cc(*)ccc6n7CCCCCCCC)ccc4n5CCCCCCCC)cc3)n2-c2ccccc2)cc1,tg,157.0,167.83226013183594,167.5726102022758,160.4407958193961,165.49213699241128
*C=Cc1ccc(C=Cc2cc(*)ncn2)cc1,egc,2.9779,2.8913803100585938,3.127846478402878,3.19786624922261,3.027742389741095
*C=Cc1ccc(C=Cc2ccc3c(c2)C(CCCCCCOc2ccc4ccc(=O)oc4c2)(CCCCCCOc2ccc4ccc(=O)oc4c2)c2cc(*)ccc2-3)cc1,tg,104.0,83.99613952636719,130.49246216318986,133.69757361407704,108.91923509190622
*C=Cc1ccc(N(C)CCOC(=O)Nc2ccc(C)c(NC(=O)OCCN(C)c3ccc(C=CC4=CC(=C(C#N)C#N)C=C(*)O4)s3)c2)s1,tg,183.0,164.460205078125,153.33036419462516,154.47583892853476,159.08611217795726
*C=Cc1ccc(N=Nc2ccc(N(C)CCOC(=O)Nc3ccc(C)c(NC(=O)OCCN(C)c4ccc(N=Nc5ccc(C=CC6=CC(=C(C#N)C#N)C=C(*)O6)cc5)cc4)c3)cc2)cc1,tg,196.0,186.70428466796875,170.45074420987964,175.87356208506583,180.01639254407655
*C=Cc1ccc(OC(=O)CCCCCCCCC(=O)Oc2cccc(-c3nnc(*)s3)c2)cc1,tg,37.0,81.41061401367188,62.73386284867354,64.4951078051131,72.34266582610037
*C=Cc1ccc2c(c1)C(CC(CC)CCCC)(CC(CC)CCCC)c1cc(*)ccc1-2,egc,2.8561,2.5568346977233887,2.8923945084620266,3.270864971538126,2.826208516694057
*C=Cc1ccc2c(c1)C(CCCCCC)(CCCCCC)c1cc(C=Cc3nc(*)c(C#N)c(C=Cc4ccc(N(c5ccccc5)c5ccccc5)cc4)c3C#N)ccc1-2,tg,178.0,161.4301300048828,155.41307831054468,137.6029396175525,152.82297195720793
*C=Cc1ccc2c(c1)C(CCCCCCOc1ccc3ccc(=O)oc3c1)(CCCCCCOc1ccc3ccc(=O)oc3c1)c1cc(C=Cc3ccc4c(c3)C(CCCCCC)(CCCCCC)c3cc(*)ccc3-4)ccc1-2,tg,115.0,79.15731811523438,91.81233938427302,100.56064787530975,88.37741186526728
*C=Cc1ccc2c(c1)Sc1cc(*)ccc1N2c1ccc(OCCCCCCCCCCCC)cc1,tg,129.0,132.0206298828125,109.24254813666651,114.17037603816492,121.82143841835628
*C=Cc1ccc2c(c1)Sc1cc(-c3ccc(-c4ccc(-c5ccc6c(c5)Sc5cc(*)ccc5N6c5ccc(OCCCCCCCCCCCC)cc5)s4)s3)ccc1N2c1ccc(OCCCCCCCCCCCC)cc1,tg,115.8,126.24478912353516,120.69999472997092,117.7928516149048,122.49147576173571
*C=Cc1ccc2c(c1)Sc1cc(-c3ccc4c(c3)Sc3cc(*)ccc3N4c3ccc(OCCCCCCCCCCCC)cc3)ccc1N2c1ccc(OCCCCCCCCCCCC)cc1,tg,118.6,144.4068145751953,115.75874613989126,124.48770724809036,132.3623801563797
*C=Cc1cccc(C=Cc2cc(*)nc(-c3ccccc3)n2)c1,egc,3.248,3.0233821868896484,2.9225115811848728,2.8493151367450213,2.9534360646392175
*C=Cc1cccc(C=Cc2cc(*)ncn2)c1,egc,3.4013,2.8563239574432373,3.067711512965882,3.159456901717387,2.9861481006643413
*C=Cc1cccc(OC(=O)CCCCCCCCC(=O)Oc2ccc(-c3nnc(*)s3)cc2)c1,tg,55.0,79.729248046875,63.930161161051544,51.125743183164246,67.63601294333971
*C=Cc1csc(C=Cc2cccc(*)n2)c1CCCCCC,egc,3.4055,2.4368972778320312,2.09367338587653,2.1560479563761823,2.2835521424608243
*C=Cc1nc(C=Cc2ccc3c(c2)c2cc(*)ccc2n3CCCCCC)c(C#N)c(C=Cc2ccc(N(c3ccccc3)c3ccccc3)cc2)c1C#N,tg,134.0,193.88052368164065,203.87512059715309,191.68310883053715,195.25266882149123
*C=Cc1sc(*)c2c1OC(CCCCCC)CO2,egc,1.0146,2.388131618499756,2.372373803539795,2.4894843812437655,2.412146191876621
*C=Cc1sc(-c2ccc(-c3sc(C=CC4=CC(=C(C#N)C#N)C=C(*)O4)c(CCCCCC)c3CCCCCC)s2)c(CCCCCC)c1CCCCCC,tg,114.0,139.56817626953125,68.64878065592579,80.82771891225723,106.83422540583442
*C=Cc1sc(-c2ccc3c(c2)C(CCCCCC)(CCCCCC)c2cc(-c4sc(C=CC5=CC(=C(C#N)C#N)C=C(*)O5)c(CCCCCC)c4CCCCCC)ccc2-3)c(CCCCCC)c1CCCCCC,tg,115.0,86.87651824951172,99.1057588432357,118.47818588973075,99.16441605273562
*C=NCCCCCCN=Cc1ccc(Sc2ccc(*)o2)o1,egc,3.6661,3.464622974395752,3.591637327256607,3.16710550616221,3.4122474846792805
*C=NCCN=Cc1ccc(Sc2ccc(*)o2)o1,egc,3.3427,3.883908271789551,3.31516777030128,2.9738645773960304,3.5089383603481306
*C=NN=Cc1cc(CCCCCCCCCCCC)c(*)s1,egc,1.846,2.11240553855896,2.403116597198562,2.602245926904988,2.310777537103627
*C=Nc1ccc(C(=O)OCCCCOCCCCOCCCCOC(=O)c2ccc(N=Cc3ccc(*)s3)cc2)cc1,tg,25.0,4.1938629150390625,19.907085971530226,17.58734843039781,11.563704823235733
*C=Nc1ccc(N=Cc2ccc(Sc3ccc(*)o3)o2)cc1,egc,2.5795,2.654660701751709,2.91095774681995,2.8215378809385427,2.757523194943786
*C=Nc1ccc(S(=O)(=O)c2ccc(N=Cc3ccc(Sc4ccc(*)o4)o3)cc2)cc1,egc,3.0975,3.4257984161376953,2.9489728367686765,3.0960718620358545,3.229193128994252
*C=Nc1cccc(N=Cc2cccc(*)n2)c1,egc,3.1599,2.6837573051452637,2.8813382426666614,3.0071654356499393,2.8159951051050798
*C=[CH][Ge]([CH]=C[Si](*)(c1ccccc1)c1ccccc1)([c]1ccccc1)[c]1ccccc1,tg,28.0,91.15753173828124,136.56922309370697,139.0276152113045,115.29134734917486
*C=c1ccc(=c2ccc(=Cc3ccc(*)s3)s2)s1,egb,1.224,1.643249750137329,2.1726220073662312,2.309057333090796,1.7660489293666186
*C=c1ccc(=c2ccc(=Cc3ccc(-c4ccc(*)s4)s3)s2)s1,egc,0.8337,1.8515374660491943,1.4432153174843176,1.4365704174485798,1.647131031826873
*CC#CC#CCOC(=O)CCC(=O)O*,egc,4.9872,5.325711727142334,5.526499840726114,5.5790694877459845,5.439627834530258
*CC#CC#CCOC(=O)NCCCCCCNC(=O)O*,egc,4.9601,5.415438652038574,5.596397187528766,5.440188659112192,5.46276524768901
*CC#CC#CCOC(=O)Nc1ccc(Cc2ccc(NC(=O)O*)cc2)cc1,egc,4.0768,4.371401786804199,4.476900918949596,4.168277618377898,4.339857430388648
*CC#CC#CCOc1ccc(-c2ccc(O*)cc2)cc1,egc,4.0246,4.005955696105957,3.826324722126984,3.8128553020806377,3.9131655884682566
*CC#CC#CCOc1ccc(C(=O)OCCN(CCOC(=O)c2ccc(O*)cc2)c2ccc(N=Nc3ccc(C#N)cc3)cc2)cc1,tg,121.0,93.33355712890624,101.80628319933108,101.42350379218064,97.57601032016873
*CC#CC#CCOc1ccc(C(=O)OCCN(CCOC(=O)c2ccc(O*)cc2)c2ccc(N=Nc3ccc([N+](=O)[O-])cc3)cc2)cc1,tg,100.0,96.26199340820312,103.94447151183364,93.45587254451158,96.97111161817155
*CC#CC#CCOc1ccc(C(=O)OCCN(CCOC(=O)c2ccc(O*)cc2)c2ccc([N+](=O)[O-])cc2)cc1,tg,100.0,62.390777587890625,79.32986378150137,86.61148688401458,73.36209149945515
*CC#CC#CCOc1ccc(C(C)(C)c2ccc(O*)cc2)cc1,egc,4.3962,4.379617214202881,4.44429977983139,4.376416198190298,4.3932589801155455
*CC#CC(C#CCOC(=O)CCCCCCCCC(=O)O*)=Cc1ccc(C#Cc2ccc(C=C(C#Cc3ccccc3)C#Cc3ccccc3)cc2)cc1,tg,60.0,105.42604064941406,89.5737622930953,87.21773071440242,96.53801079927364
*CC#CC(C#CCOC(=O)CCCCCCCCC(=O)O*)=Cc1ccc(C#Cc2ccc([N+](=O)[O-])cc2)cc1,tg,60.0,32.38318634033203,43.2261171234598,45.375241586157955,38.628910016211734
*CC#CCOC(=O)CCC(=O)O*,egc,5.9483,6.213725566864014,5.7790772054643025,5.584923932573319,5.945287740478557
*CC#CCOC(=O)CCCCCCC(=O)O*,egc,6.2765,6.28204870223999,6.080842882595001,6.15896767960403,6.203450978085002
*CC#CCOC(=O)CCCCCCC(=O)O*,tg,-38.0,-13.016342163085938,-39.07492868309119,-32.828422972704914,-24.496016664161875
*CC#CCOC(=O)CCCCCCCCC(=O)O*,egc,6.1042,6.337947368621826,6.431150681021517,6.400529824843506,6.375869315870977
*CC#CCOC(=O)CCCCCCCCC(=O)O*,tg,-30.88,-10.7945556640625,-36.76813208135819,-37.22079900731416,-24.303104877729922
*CC#CCOC(=O)CCCCCCCCCCC(=O)O*,egc,6.5433,6.144481658935547,6.188767166450069,6.19624029767004,6.168486487193933
*CC#CCOC(=O)CCCCCCCCCCC(=O)O*,tg,-27.0,-27.565689086914062,-30.381596190122064,-38.26309234619973,-31.45344893840342
*CC(*)(Br)Br,egc,5.2567,5.876916408538818,6.364922598136913,5.724105418241093,5.9448657508263905
*CC(*)(C#N)C#N,egb,6.9314,7.178206443786621,5.90313295800863,6.093995117366696,6.882425969134997
*CC(*)(C#N)C(=O)OC,tg,130.0,116.62863159179688,103.33150899997392,127.00178135864572,117.10790029442762
*CC(*)(C#N)C(=O)OC(C)C,tg,66.0,102.22282409667967,119.30592249840106,113.29103280808492,109.15450789259592
*CC(*)(C#N)C(=O)OCC,egc,6.5171,6.696461200714111,6.1593274434627014,6.306825432321182,6.470040808537015
*CC(*)(C#N)C(=O)OCC(C)C,tg,51.0,104.01962280273438,75.82323795082714,68.7127712055458,87.30717366180086
*CC(*)(C#N)C(=O)OCCCCCCC,egc,6.3455,6.371230125427246,6.481161027428188,6.535860002979667,6.440643740505167
*CC(*)(C#N)C(=O)OCCCCCCC,tg,102.0,20.929603576660156,11.824898655022292,1.7296460484346028,13.12011865386517
*CC(*)(C(=O)OC)c1ccccc1,tg,121.0,125.99405670166016,101.5929973966567,108.45351769198932,115.55747253325484
*CC(*)(C)C,tg,-65.41,60.44501495361328,49.67504869646007,29.45332188436366,48.645438759360275
*CC(*)(C)C#N,egb,7.1863,6.887513160705566,7.330645850713514,7.430386802242797,6.990307234024587
*CC(*)(C)C#N,egc,7.6319,7.177729606628418,6.141153965387718,6.021733411743526,6.6309431003265455
*CC(*)(C)C(=O)NC(=O)OC(C)COc1ccc(S(=O)(=O)c2ccc(OCC(C)O)cc2)cc1,tg,73.0,125.3849639892578,135.60274901358326,125.5422355115534,127.53143855549574
*CC(*)(C)C(=O)NC(=O)OCCOc1ccc(S(=O)(=O)c2ccc(OCCO)cc2)cc1,tg,131.0,95.46763610839844,89.42216285606429,90.97958693323145,92.8378990792164
*CC(*)(C)C(=O)NC(=O)Oc1ccc(S(=O)(=O)c2ccc(O)cc2)cc1,tg,182.0,111.39909362792967,131.84387783563653,148.04837259255132,126.9353869586932
*CC(*)(C)C(=O)NC(C)c1ccccc1,tg,156.5,153.03561401367188,131.3895606564109,145.77079529095937,146.34382332295755
*CC(*)(C)C(=O)NC1C(O)OC(CO)C(O)C1O,tg,100.0,136.1014862060547,180.01025274997394,207.57679742917625,167.22985878632068
*CC(*)(C)C(=O)Nc1cccc(-c2nnc(-c3ccccc3)o2)c1,egc,3.5944,3.893749713897705,4.059328655687852,4.306054379336357,4.042971741958558
*CC(*)(C)C(=O)Nc1cccc(-c2nnc(-c3ccccc3)o2)c1,tg,65.0,213.5596923828125,167.9404714590495,185.97118048795429,195.65809966386266
*CC(*)(C)C(=O)O,tg,182.64,140.70457458496094,129.60745707795223,154.57186652794545,142.7165651721205
*CC(*)(C)C(=O)OC,egc,6.5972,6.461223125457764,6.627817176724772,6.598686501059738,6.535964959376905
*CC(*)(C)C(=O)OC,tg,103.23,96.10552978515624,-1.4064900850007098,12.419435508432144,50.19401142885775
*CC(*)(C)C(=O)OC(C(F)(F)F)C(F)(F)F,egb,5.3218,6.4120025634765625,6.1189907492956666,6.0083259041586885,6.344032227300936
*CC(*)(C)C(=O)OC(C(F)(F)F)C(F)(F)F,tg,73.0,121.0822525024414,89.92952385279685,85.17074408025765,103.575763137698
*CC(*)(C)C(=O)OC(C)C,tg,72.71,91.27334594726562,59.46586016633897,66.92910415363343,77.21117655740443
*CC(*)(C)C(=O)OC(C)C(C)(C)C,tg,108.0,60.98662567138672,58.54432877563642,72.21988798207809,63.96060903434632
*CC(*)(C)C(=O)OC(CC)OCC,egc,6.3891,6.231100082397461,6.3226957982693115,6.211936576570608,6.246440997058647
*CC(*)(C)C(=O)OC(COc1cc2ccccc2c2ccccc12)COc1cc2ccccc2c2ccccc12,tg,112.0,132.48257446289062,141.30598259600285,127.17343455541942,132.6515387880068
*CC(*)(C)C(=O)OC(COc1ccc(-c2ccccc2)cc1)COc1ccc(-c2ccccc2)cc1,tg,85.0,79.91557312011719,94.65869872117214,95.85979594871046,87.87540596457825
*CC(*)(C)C(=O)OC(COc1cccc2ccccc12)COc1cccc2ccccc12,tg,80.0,79.42683410644531,98.96031590027827,116.227709952241,94.82292954960755
*CC(*)(C)C(=O)OC(F)(C(F)(F)F)C(F)(F)F,egb,6.1125,5.290513038635254,5.898017764667487,5.941587657289325,5.431436709484924
*CC(*)(C)C(=O)OC(F)(C(F)(F)F)C(F)(F)F,egc,6.1534,6.210779190063477,6.567914390311074,6.465111132324135,6.360037390450057
*CC(*)(C)C(=O)OC(F)(F)C(F)(F)C(F)(F)C(F)(F)C(F)(F)C(F)(F)C(F)(F)C(F)(F)F,tg,49.0,40.93614959716797,31.11495039599228,51.89559798624478,42.31045382215892
*CC(*)(C)C(=O)OC1(C)C2CC3CC(C2)CC1C3,tg,165.0,197.17478942871097,175.20006603168545,175.73756155500053,186.03077680770173
*CC(*)(C)C(=O)OC1(C)CCOC(=O)C1,tg,110.0,93.22030639648438,139.25614141853856,150.8105423684126,120.48954261006934
*CC(*)(C)C(=O)OC12CC3CC(C)(CC(C)(C3)C1)C2,tg,193.0,133.88577270507812,126.01064248652966,147.88965836752132,136.60153078075243
*CC(*)(C)C(=O)OC12CC3CC(CC(C3)C1)C2,tg,183.0,198.9924468994141,195.3631864528651,193.9163680218651,196.6768553014382
*CC(*)(C)C(=O)OC1CC(C)CC(C)(C)C1,tg,125.0,137.6942596435547,108.74300180060936,82.34281903093228,114.62531545445921
*CC(*)(C)C(=O)OC1CC(C)CCC1C(C)C,tg,147.0,121.28330993652344,119.9005742127578,106.84678400966196,116.53296342725324
*CC(*)(C)C(=O)OC1CCC(C)CC1,tg,109.0,109.24073791503906,89.9669739690006,92.7854837448867,100.19261228539669
*CC(*)(C)C(=O)OC1CCC1,tg,119.0,92.72233581542967,73.9980659625259,85.24592453573638,86.56495377005311
*CC(*)(C)C(=O)OC1CCCC1,tg,75.0,110.21209716796876,98.36085501193152,102.95168195448753,105.53264494410425
*CC(*)(C)C(=O)OC1CCCCC1C,tg,85.0,117.72494506835938,111.48214001101334,104.27548469841328,112.2821601360163
*CC(*)(C)C(=O)OC1CCCCCCCCC1,tg,58.0,78.02069091796875,74.9858860248428,74.75730596072974,76.38796900911103
*CC(*)(C)C(=O)OC1CCCCCCCCCCC1,tg,56.0,96.09806823730467,50.7430109345057,64.1980058424143,76.9167784122484
*CC(*)(C)C(=O)OC1CCOCC1,tg,153.5,89.09906768798828,89.43659609145618,89.70432536894938,89.35562391160425
*CC(*)(C)C(=O)OCC,egb,6.2424,5.994877815246582,6.317805427785982,6.324271112735055,6.069787758540352
*CC(*)(C)C(=O)OCC,tg,64.96,52.6282958984375,35.88517384173717,55.92007126223015,50.20918835790813
*CC(*)(C)C(=O)OCC#C,tg,58.0,76.39247131347656,67.02867181903301,55.150302268106614,67.89796028852851
*CC(*)(C)C(=O)OCC#CO[Si](C)(C)C,tg,57.0,84.29421997070312,5.199783255789765,30.63968016572925,51.45535940830866
*CC(*)(C)C(=O)OCC#N,tg,91.0,86.90692901611328,76.93378096610034,72.86808131458115,80.51591798180564
*CC(*)(C)C(=O)OCC(=O)N1CCCC1,egc,5.0881,5.793504238128662,5.695517599479261,5.8482087348324026,5.786390313550162
*CC(*)(C)C(=O)OCC(=O)N1CCOCC1,tg,128.0,92.35346221923828,83.9029564321621,109.2954520225742,95.86009752617419
*CC(*)(C)C(=O)OCC(=O)Nc1cc(C)on1,tg,128.0,66.63008117675781,94.88671956218218,99.5342455654858,82.61154361495362
*CC(*)(C)C(=O)OCC(=O)c1ccccc1,tg,92.5,95.33821868896484,68.301491193766,76.4226929808218,83.93510316951001
*CC(*)(C)C(=O)OCC(C)(C)C,tg,32.67,75.85552978515625,67.19270491259036,53.99426880653243,67.31339783113481
*CC(*)(C)C(=O)OCC(C)O,tg,72.67,74.93856048583984,75.58480738216815,76.17444794461565,75.45360772758468
*CC(*)(C)C(=O)OCC(C)Oc1ccc(-c2ccc(-c3ccc(C#N)cc3)cc2)cc1,tg,140.0,110.52928924560548,110.8259456944114,113.39742995496536,111.4775579783257
*CC(*)(C)C(=O)OCC(F)(F)C(F)(F)C(F)(F)C(F)(F)C(F)(F)C(F)(F)C(F)(F)C(F)F,tg,-15.0,51.37031555175781,35.63707633127749,31.273480579512903,41.922442781452354
*CC(*)(C)C(=O)OCC(F)(F)C(F)(F)C(F)(F)C(F)F,tg,36.67,37.666465759277344,31.324276908077454,20.54585948074059,31.067475781211634
*CC(*)(C)C(=O)OCC(F)(F)C(F)(F)F,tg,77.0,62.406288146972656,71.54848258835068,52.78185757280396,61.305612814280835
*CC(*)(C)C(=O)OCC(F)(F)C(F)F,egb,5.3983,6.133412837982178,6.119784494646727,6.393192267368304,6.130251453242054
*CC(*)(C)C(=O)OCC(F)(F)C(F)F,egc,6.3988,6.594499588012695,6.434257609188752,6.5403092022399445,6.543818314649556
*CC(*)(C)C(=O)OCC(F)(F)C(F)F,tg,80.0,39.931358337402344,68.42867823235679,58.66450207433364,51.577922191255695
*CC(*)(C)C(=O)OCC(F)(F)F,egc,6.5436,6.787282943725586,6.3647406750629765,6.334876363076584,6.569509258386076
*CC(*)(C)C(=O)OCC(F)(F)F,tg,78.27,108.19645690917967,79.54085189241056,83.4015683745892,94.64197753567638
*CC(*)(C)C(=O)OCC1(C)COCOC1,tg,142.0,76.5924301147461,67.05669541204504,66.95555382051207,71.65313214458953
*CC(*)(C)C(=O)OCC1CC(NC(=O)OC(C)(C)C)CN1C(=O)OC(C)(C)C,tg,127.0,105.42351531982422,68.22829166507532,101.33761499461346,96.52283139199133
*CC(*)(C)C(=O)OCC1CCC1,tg,114.0,82.99828338623047,62.23972500093595,70.50414373994687,74.87082680080832
*CC(*)(C)C(=O)OCC1CCCO1,tg,105.0,70.1834945678711,81.7060507047014,70.09847838035853,72.52289175933362
*CC(*)(C)C(=O)OCC1CO1,tg,62.81,86.36322021484375,99.05018970480282,99.23627589047462,92.95072733612064
*CC(*)(C)C(=O)OCC1COC(CP(=O)(OCC)OCC)O1,tg,-38.0,18.076217651367188,39.11258365199008,54.08417178514347,33.535552029939666
*CC(*)(C)C(=O)OCC1COC(c2ccccc2)O1,tg,130.0,95.19274139404295,71.44763858740518,88.96071979743738,88.38952692939941
*CC(*)(C)C(=O)OCC1COCCOCCOCCO1,tg,35.0,56.81697082519531,52.03343641756141,56.10320573666854,55.61403291310849
*CC(*)(C)C(=O)OCC1OC(n2ccc(=O)[nH]c2=O)C(O)C1O,tg,151.0,126.58604431152344,129.5802369369517,136.6230440175858,130.30608852383813
*CC(*)(C)C(=O)OCCBr,egc,5.9262,6.332716941833496,6.094978641849051,6.012953430664138,6.192460315109434
*CC(*)(C)C(=O)OCCC#N,egb,6.2508,6.1107659339904785,5.867211141876108,5.666325437207613,6.054268208315231
*CC(*)(C)C(=O)OCCC#N,tg,79.0,61.1953125,77.27560013739792,74.2214740128995,68.52687172312355
*CC(*)(C)C(=O)OCCC(C)CC(C)(C)C,tg,1.0,47.71036529541016,6.934579116984606,22.03898902580778,31.396314440138458
*CC(*)(C)C(=O)OCCC(F)(F)C(F)(F)C(F)(F)C(F)(F)F,tg,23.0,39.32684326171875,29.2228930023208,34.294369718605196,35.69542172614725
*CC(*)(C)C(=O)OCCC1CCCCC1,egc,6.5132,5.803431510925293,6.268400041756687,6.185858263336286,6.011701686136565
*CC(*)(C)C(=O)OCCC1CCCCC1,tg,76.33,62.620697021484375,60.70759887383476,70.65483828331664,64.71356764141565
*CC(*)(C)C(=O)OCCC1CCN(CCCCCCOc2ccc(N=Nc3ccc([N+](=O)[O-])cc3)cc2)CC1,tg,27.0,46.46107482910156,67.77813317936958,60.65335301452156,55.22857723760869
*CC(*)(C)C(=O)OCCCCC(F)(F)C(F)(F)C(F)(F)C(F)(F)C(F)(F)C(F)(F)F,tg,23.0,24.463165283203125,27.023505962486215,37.00747029884012,28.869859936698322
*CC(*)(C)C(=O)OCCCCCC,tg,-7.25,-7.277999877929688,-3.887033777017142,5.039598861350953,-2.7709089406618066
*CC(*)(C)C(=O)OCCCCCC(=O)Oc1ccc(OC(=O)c2ccc(OC)cc2)cc1,tg,40.0,43.158843994140625,44.65006272431185,47.71759945768629,44.8754209721881
*CC(*)(C)C(=O)OCCCCCC(=O)Oc1ccc(OC(=O)c2ccc(OCCCC)cc2)cc1,tg,40.0,36.62480926513672,33.04208444063994,36.797115686410805,35.94254795450982
*CC(*)(C)C(=O)OCCCCCCC(F)(F)C(F)(F)C(F)(F)C(F)(F)C(F)(F)C(F)(F)C(F)(F)C(F)(F)C(F)(F)C(F)(F)C(F)(F)C(F)(F)F,tg,84.0,18.147964477539062,37.75281845858247,38.37392523233386,28.430669504016244
*CC(*)(C)C(=O)OCCCCCCCC,tg,-10.0,1.233612060546875,-14.353013082923894,-18.789974152834304,-8.161497194709142
*CC(*)(C)C(=O)OCCCCCCCC/C=C\CCCCCCCC,tg,-40.0,-44.98152160644531,-17.79284340080028,-32.19317822807051,-35.442872425558015
*CC(*)(C)C(=O)OCCCCCCCCCCCC,tg,-44.99,-28.1429443359375,-30.452873732810087,-33.42473418762856,-30.251307679211894
*CC(*)(C)C(=O)OCCCCCCCCCCCCCC,tg,-72.0,-18.733062744140625,-35.87068082456572,-34.367851280516845,-27.088775084312708
*CC(*)(C)C(=O)OCCCCCCCCCCCCCCC(=O)NC1OC(CO)C(OC2OC(CO)C(O)C(O)C2O)C(O)C1O,tg,133.1,66.13156127929688,76.24934811652213,107.83205810729326,81.1103904316117
*CC(*)(C)C(=O)OCCCCCCCCCCCCCCCC[n+]1ccc(N(C)C)cc1,tg,60.0,10.771316528320312,8.481450783681662,10.272426633396975,10.146833934116957
*CC(*)(C)C(=O)OCCCCCCCCCCCCOc1ccc(C(=O)Oc2ccc(-c3cccc(OC(=O)c4ccc(OC(=O)c5ccc(OCCCCCCCCCCCC)cc5)cc4)c3)cc2)cc1,tg,74.5,41.53002166748047,68.40139819342983,66.75532963790957,54.851346145430554
*CC(*)(C)C(=O)OCCCCCCCCCCCCOc1ccc2cc(C(=O)Oc3ccccc3)ccc2c1,tg,12.0,37.99810791015625,22.90369208324989,21.833454172053635,29.897953347706192
*CC(*)(C)C(=O)OCCCCCCCCCCCOc1ccc(C(=O)Oc2ccc(C#N)cc2)cc1,tg,10.0,34.341949462890625,21.61670855776073,27.008626324471237,29.460499573960966
*CC(*)(C)C(=O)OCCCCCCCCCCCOc1ccc(C=Nc2ccc(C#N)cc2)cc1,tg,23.0,32.11279296875,21.784115008237308,29.68816848460378,29.242064056980382
*CC(*)(C)C(=O)OCCCCCCCCCCCOc1ccc2cc(C(=O)Oc3ccccc3)ccc2c1,tg,10.0,29.858726501464844,16.515798940952685,14.537032884175972,22.37897051897832
*CC(*)(C)C(=O)OCCCCCCCCCCCn1c2ccccc2c2ccccc21,tg,6.0,28.322540283203125,27.08662661910682,31.912692339305664,29.17953659460961
*CC(*)(C)C(=O)OCCCCCCCCCCOc1ccc(C#Cc2cc(C)c(C=Cc3ccncc3)cc2C)cc1,tg,51.0,44.14710235595703,58.65112228085792,61.58172451956432,52.518952766677685
*CC(*)(C)C(=O)OCCCCCCCCCCOc1ccc(C#Cc2cc(OC)c(C=Cc3ccncc3)cc2OC)cc1,tg,62.0,66.92301177978516,72.05823045606458,56.61986946464053,64.78967906816266
*CC(*)(C)C(=O)OCCCCCCCCCCOc1ccc(C(=O)Oc2ccc(C(=O)C=Cc3c(C)c4ccccc4n3C)cc2)cc1,tg,72.0,66.36894989013672,72.83806370398806,69.41452124196788,68.6393825110224
*CC(*)(C)C(=O)OCCCCCCCCCCOc1ccc(C(=O)Oc2ccc(C(=O)C=Cc3c(C)c4ccccc4n3CCCC)cc2)cc1,tg,57.0,65.60755920410156,63.44510758396041,60.212670426101795,63.49448336909133
*CC(*)(C)C(=O)OCCCCCCCCCCOc1ccc(N=Nc2ccc(C#N)cc2)cc1,tg,51.0,41.30926513671875,46.676231447529766,50.54692264854474,45.26915918865525
*CC(*)(C)C(=O)OCCCCCCCCCCOc1ccc(N=Nc2ccc(Cl)cc2)cc1,tg,54.0,46.245140075683594,49.16427171875039,51.43858408945787,48.45124599292406
*CC(*)(C)C(=O)OCCCCCCCCCCOc1ccc(N=Nc2ccc(OC)cc2)cc1,tg,62.0,60.28765106201172,53.01736281083078,54.780172581608966,57.091049858899645
*CC(*)(C)C(=O)OCCCCCCCCCCOc1ccc(N=Nc2ccc([N+](=O)[O-])cc2)cc1,tg,55.0,45.8494873046875,56.106096737145215,46.79048697568611,48.24640730752179
*CC(*)(C)C(=O)OCCCCCCCCCCOc1ccc(OC(=O)c2ccc(-c3ccc(OC)cc3)cc2)cc1,tg,57.0,48.91446685791016,45.40438735928943,37.14407621039348,44.55221913740151
*CC(*)(C)C(=O)OCCCCCCCCCCOc1ccc(OC(=O)c2ccc(OC)cc2)cc1,tg,21.0,38.6416015625,32.29588141528279,31.11321107559725,35.00958221854954
*CC(*)(C)C(=O)OCCCCCCCCCCOc1ccc(OC(=O)c2ccc(OCCCCCC)cc2)cc1,tg,41.0,30.03997039794922,14.725761651677,20.67790291757713,23.99931387157602
*CC(*)(C)C(=O)OCCCCCCCCCCOc1ccc(OC(=O)c2ccc(OCCCCCCCC)cc2)cc1,tg,12.0,30.77324676513672,38.76909120637418,38.22031957141961,34.718895161849915
*CC(*)(C)C(=O)OCCCCCCCCCCn1c2ccccc2c2cc(C=C(C#N)C(=O)OC)ccc21,tg,58.0,58.09264373779297,56.20381169642478,43.81544497547243,53.28768398516485
*CC(*)(C)C(=O)OCCCCCCCCCCn1c2ccccc2c2cc(C=C(C#N)c3ccc([N+](=O)[O-])cc3)ccc21,tg,40.0,76.3875732421875,67.4863495122514,69.7326435177603,72.50111895480705
*CC(*)(C)C(=O)OCCCCCCCCCCn1c2ccccc2c2cc(N=Nc3ccc([N+](=O)[O-])cc3)ccc21,tg,36.0,65.18043518066406,66.423747436857,77.41254871810872,69.22014265236547
*CC(*)(C)C(=O)OCCCCCCCCCOc1ccc2cc(C(=O)Oc3ccccc3)ccc2c1,tg,18.0,32.4835205078125,30.04334386247759,25.239696939508537,29.741390626593578
*CC(*)(C)C(=O)OCCCCCCCCOc1ccc(C(=O)Oc2ccc(C(=O)C=Cc3c(C)c4ccccc4n3C)cc2)cc1,tg,75.0,65.0600357055664,68.2234944545852,75.73933929481012,69.01355172450855
*CC(*)(C)C(=O)OCCCCCCCCOc1ccc(N=Nc2ccc(C3OCC4(CO3)CC3C=CC4C3)cc2)cc1,tg,106.2,48.24872589111328,84.34641547299442,87.85396110172782,67.91325362803094
*CC(*)(C)C(=O)OCCCCCCCCOc1ccc2cc(C(=O)Oc3ccccc3)ccc2c1,tg,34.0,44.567718505859375,31.859319513517004,24.725967957601497,35.81979623775108
*CC(*)(C)C(=O)OCCCCCCN(C)c1ccc(N(C)C)cc1,tg,8.5,26.142311096191406,43.23770764251638,38.12300495444585,33.358829803102296
*CC(*)(C)C(=O)OCCCCCCOc1ccc(-c2ccc(C#N)cc2)cc1,tg,58.6,36.66010284423828,53.54687858073439,53.959209626956664,45.479231138101085
*CC(*)(C)C(=O)OCCCCCCOc1ccc(C(=O)Oc2ccc(-c3cccc(OC(=O)c4ccc(OC(=O)c5ccc(OCCCCCCCCCCCC)cc5)cc4)c3)cc2)cc1,tg,73.0,51.39927673339844,73.39411682188243,68.52501347885044,61.21350525738123
*CC(*)(C)C(=O)OCCCCCCOc1ccc(C(=O)Oc2ccc(N=Nc3ccc(F)cc3)c3ccccc23)cc1,tg,42.0,53.50486755371094,63.09963950903202,63.525360723282375,58.57497210810848
*CC(*)(C)C(=O)OCCCCCCOc1ccc(C(=O)Oc2ccc(N=Nc3ccccc3)c3ccccc23)cc1,tg,46.0,64.39692687988281,47.739707388242834,50.12193440059242,56.5605469724874
*CC(*)(C)C(=O)OCCCCCCOc1ccc(C(=O)Oc2ccc(OCCCC)cc2)cc1,tg,55.17,39.13270568847656,36.29320207458613,38.060021025886314,38.21785278224945
*CC(*)(C)C(=O)OCCCCCCOc1ccc(C(=O)Oc2ccc3ccc(=O)oc3c2)cc1,tg,102.0,51.941917419433594,63.38663466430528,61.093105728969945,57.12288427680701
*CC(*)(C)C(=O)OCCCCCCOc1ccc(C=CC2=C(C#N)C(=C(C#N)C#N)OC2(C)C)cc1OCCCCCC,tg,80.0,121.13375091552734,53.945056616257986,61.93562147880027,89.02415437583483
*CC(*)(C)C(=O)OCCCCCCOc1ccc(N=Nc2ccc(OC)cc2)cc1,tg,82.0,67.43441772460938,78.16940724492933,70.50857902392633,70.58952409036547
*CC(*)(C)C(=O)OCCCCCCOc1ccc(N=Nc2ccc(OCCCC)cc2)cc1,tg,79.0,65.89286041259766,71.8657970769141,64.87615909203615,66.80461312782649
*CC(*)(C)C(=O)OCCCCCCOc1ccc(N=Nc2ccc([N+](=O)[O-])cc2)cc1,tg,108.0,48.34662628173828,66.63970607441773,72.75455355127791,59.653851676669476
*CC(*)(C)C(=O)OCCCCCCOc1ccc(N=Nc2ccncc2)cc1,tg,40.0,67.74687957763672,75.1573632340138,72.40606294377706,70.70981385985114
*CC(*)(C)C(=O)OCCCCCCOc1ccc(OC(=O)c2ccc(-c3ccc(OC)cc3)cc2)cc1,tg,57.0,57.63551330566406,63.260162204474774,63.51688454802317,60.609924845360545
*CC(*)(C)C(=O)OCCCCCCOc1ccc(OC(=O)c2ccc(OC)cc2)cc1,tg,38.0,48.43315124511719,42.424833777162206,50.548506432925066,47.854042423598656
*CC(*)(C)C(=O)OCCCCCCOc1ccc(OC(=O)c2ccc(OCCCC)cc2)cc1,tg,36.0,42.147552490234375,52.56410402527744,51.94545365141562,47.317510081746
*CC(*)(C)C(=O)OCCCCCCOc1ccc(OC(=O)c2ccc(OCCCCCC)cc2)cc1,tg,16.0,38.66717529296875,47.277227609350746,46.46847534635974,42.84851981237808
*CC(*)(C)C(=O)OCCCCCCOc1ccc2cc(C(=O)Oc3ccccc3)ccc2c1,tg,39.0,43.18598175048828,46.77697141947531,42.29776659600368,43.64844790146296
*CC(*)(C)C(=O)OCCCCCCOc1cccc(C(=O)Oc2ccc(C#N)cc2)c1,tg,38.0,37.746543884277344,41.350033229393176,43.30902141296713,40.207329258953095
*CC(*)(C)C(=O)OCCCCCCc1ccc(C(C)=Cc2ccc(OC)cc2)cc1,tg,31.0,45.88838195800781,59.0194701524654,57.485219678111434,52.172227492846936
*CC(*)(C)C(=O)OCCCCCCc1ccc(N=Nc2ccc(OC(F)(F)F)cc2)cc1,tg,194.5,158.88644409179688,139.95172314185183,163.7404173344462,156.5007005103062
*CC(*)(C)C(=O)OCCCCCCn1c2ccccc2c2ccccc21,tg,73.0,62.522972106933594,73.1239090499293,71.23226965675663,67.39398739846636
*CC(*)(C)C(=O)OCCCCCc1ccc(N=Nc2ccc(OC(F)(F)F)cc2)cc1,tg,202.5,188.64437866210935,189.1851404478036,187.76318920438183,188.48277511990392
*CC(*)(C)C(=O)OCCCCCn1c2ccccc2c2ccccc21,tg,91.0,66.53596496582031,77.52662474309464,77.23031486810562,72.10114145754056
*CC(*)(C)C(=O)OCCCCOc1ccc(N=Nc2ccc(C#N)cc2)cc1,tg,80.0,71.35942840576172,101.10560187176334,84.78461048686744,81.62018669593152
*CC(*)(C)C(=O)OCCCCOc1ccc(OC(=O)c2ccc(OC)c(Br)c2)cc1,tg,69.0,64.29728698730469,77.79223222744085,60.748550059120305,65.97000995259602
*CC(*)(C)C(=O)OCCCCOc1ccc(OC(=O)c2ccc(OCCCC)cc2)cc1,tg,51.0,49.20191955566406,49.37973273936563,56.706447063415354,51.56022091496595
*CC(*)(C)C(=O)OCCCCOc1ccc(OC(=O)c2ccc(OCCCCCC)cc2)cc1,tg,34.0,42.66968536376953,41.472643364408384,43.488584801093154,42.677276138107864
*CC(*)(C)C(=O)OCCCCOc1ccc2cc(C(=O)Oc3ccccc3)ccc2c1,tg,88.0,60.90223693847656,50.90907214587756,51.327643560581194,55.88829328975234
*CC(*)(C)C(=O)OCCCCc1ccc(N=Nc2ccc(OC(F)(F)F)cc2)cc1,tg,203.5,171.62420654296875,171.56546220483682,186.27630225972888,176.1452965193876
*CC(*)(C)C(=O)OCCCCc1ccccc1,tg,9.0,19.13237762451172,35.7089682625554,23.33417607430863,23.835700096890335
*CC(*)(C)C(=O)OCCCCn1c2ccccc2c2ccccc21,egc,3.7637,3.4399287700653076,3.328977015089486,3.668472752583666,3.477159469449979
*CC(*)(C)C(=O)OCCCl,tg,62.0,58.41630554199219,66.34545748300255,65.73272704254515,62.30783961567795
*CC(*)(C)C(=O)OCCCn1c2ccccc2c2ccccc21,tg,113.0,99.53201293945312,96.46169014939044,93.55829072487502,97.05345889649851
*CC(*)(C)C(=O)OCCN(C)C,tg,24.75,23.06109619140625,23.579753677591835,25.39763560020336,23.89047412439021
*CC(*)(C)C(=O)OCCN(C)c1ccc(N=Nc2ccc([N+](=O)[O-])cc2)cc1,tg,110.0,122.5784149169922,134.1845387221108,123.30404967676476,125.1857733316952
*CC(*)(C)C(=O)OCCN(CC)c1ccc(N=Nc2ccc(C#N)cc2)cc1,tg,116.25,114.1117706298828,121.0363557254893,116.52117574630095,116.27889539867306
*CC(*)(C)C(=O)OCCN(CC)c1ccc(N=Nc2ccc(S(C)(=O)=O)cc2)cc1,tg,144.0,117.90973663330078,111.21503854953652,108.48385897087934,113.61901286320338
*CC(*)(C)C(=O)OCCN(CC)c1ccc(N=Nc2ccc([N+](=O)[O-])c3ccccc23)cc1,tg,116.0,124.6140594482422,111.34659788876118,113.83853852509792,118.55631882959867
*CC(*)(C)C(=O)OCCN(CC)c1ccc(N=Nc2ccc([N+](=O)[O-])cc2)cc1,tg,125.25,123.14600372314452,110.3430461069176,103.56400025482851,114.45902965714217
*CC(*)(C)C(=O)OCCN(CC)c1ccc(N=Nc2nc3ccc([N+](=O)[O-])cc3s2)cc1,tg,140.0,134.80384826660156,115.85382450960516,131.03293845218496,129.74654625588587
*CC(*)(C)C(=O)OCCN(CC)c1ccc([N+](=O)[O-])cc1,tg,98.0,70.40190887451172,65.74641684439912,83.80909157197549,73.59408054069522
*CC(*)(C)C(=O)OCCN(CC)c1ccccc1,tg,36.5,74.62748718261719,59.20486473355281,60.51974567777576,67.09632790363017
*CC(*)(C)C(=O)OCCNC(C)(C)C,tg,41.0,59.96351623535156,38.21677633650302,38.37919574793064,48.82080261499017
*CC(*)(C)C(=O)OCCO,tg,83.78,75.76856231689453,67.15530608538738,70.35365386215595,72.32487574638513
*CC(*)(C)C(=O)OCCOC,tg,22.75,53.23077392578125,21.772712422082527,31.65846227936609,40.097940865149425
*CC(*)(C)C(=O)OCCOCCO,tg,18.12,38.620582580566406,13.973936521837349,21.51787947083416,28.269037133985453
*CC(*)(C)C(=O)OCCOCCOCCOCCOCCOCCOCCOCCOC,tg,-58.0,-65.88502502441406,-46.46527210431404,-35.347611871607995,-52.45010590066489
*CC(*)(C)C(=O)OCCOCCOCCOc1ccc(N=Nc2ccc(C#N)cc2)cc1,tg,37.0,34.29896545410156,48.155630102686125,51.77302256690352,42.55010774310355
*CC(*)(C)C(=O)OCCOCCOc1ccc(N=Nc2ccc(C#N)cc2)cc1,tg,57.0,62.43174743652344,68.13413231538978,60.77950559849383,63.0913258402895
*CC(*)(C)C(=O)OCCO[Si](C)(C)C,tg,89.0,19.753707885742188,4.2475342572941015,2.550125757164039,11.247585463745773
*CC(*)(C)C(=O)OCCOc1ccc(-c2ccc(-c3ccc(C#N)cc3)cc2)cc1,tg,115.0,123.75753021240234,110.52058146181432,114.41993780820266,118.15092889766899
*CC(*)(C)C(=O)OCCOc1ccc(C(=O)Oc2ccc(OCCCC)cc2)cc1,tg,137.0,66.68435668945312,47.79750297709779,55.59978657153651,59.37728127802987
*CC(*)(C)C(=O)OCCOc1ccc(N=Nc2ccc([N+](=O)[O-])cc2)cc1,tg,112.0,102.92649841308594,119.49063891309936,122.13404234414222,112.26982976612993
*CC(*)(C)C(=O)OCCS(=O)CC,tg,25.0,25.268524169921875,62.11525674283024,55.310462164896464,42.12808953492938
*CC(*)(C)C(=O)OCC[N+](=O)[O-],egc,4.7247,5.71941614151001,4.900462034182199,4.552212685038396,5.218407786209195
*CC(*)(C)C(=O)OCCc1ccc(N=Nc2ccc(OC(F)(F)F)cc2)cc1,tg,209.5,181.71728515625,139.47259631080723,163.28656430247796,167.34180957185467
*CC(*)(C)C(=O)OCCc1ccc(N=Nc2ccccc2)cc1,tg,80.0,103.4656219482422,111.96645700124677,104.50457282244156,105.53236801883776
*CC(*)(C)C(=O)OCCc1ccccc1,egb,4.9946,4.8707966804504395,4.966359172333056,4.948200829704403,4.892964437464606
*CC(*)(C)C(=O)OCCc1ccccc1,egc,5.7104,5.1342082023620605,5.313916854928498,5.35642483387814,5.234930174703837
*CC(*)(C)C(=O)OCCc1ccccc1,tg,49.0,56.4814453125,46.923715725785655,45.04720209816156,50.98155170841081
*CC(*)(C)C(=O)OCCn1c2ccccc2c2cc(N=Nc3ccc([N+](=O)[O-])cc3)ccc21,tg,164.0,142.86114501953125,162.88462041048425,152.38038145395973,149.91728856070702
*CC(*)(C)C(=O)OCCn1c2ccccc2c2ccccc21,tg,145.33,121.1249542236328,101.83243450920024,113.27244608863316,114.73454556438116
*CC(*)(C)C(=O)OCSC,tg,60.0,25.114601135253903,37.89074812630221,45.34097441591361,33.995429591824895
*CC(*)(C)C(=O)OCc1ccc(C=CC(=O)C2c3ccccc3C(=O)c3ccccc32)cc1,tg,163.0,157.6388397216797,159.85575519162603,161.29957199102603,159.2265740975263
*CC(*)(C)C(=O)OCc1ccc(C=CC(=O)Oc2ccc(OC)cc2)cc1,tg,89.0,106.73294830322266,108.37487576048916,113.61548262677849,109.19941159398125
*CC(*)(C)C(=O)OCc1ccc(C=CC(=O)Oc2ccc3oc(=O)ccc3c2)cc1,tg,140.0,99.3888702392578,129.83892642618864,135.8387214143365,116.91764929658419
*CC(*)(C)C(=O)OCc1ccc(Cl)c(Cl)c1,tg,34.45,50.60533905029297,40.24503803067902,53.41565699835091,49.347734607499305
*CC(*)(C)C(=O)OCc1ccc(Cl)cc1,egc,4.9536,4.080718994140625,5.012542562342645,4.99798182598116,4.539110817030104
*CC(*)(C)C(=O)OCc1ccc(Cl)cc1Cl,egc,4.8651,3.8911592960357666,4.492388432542414,4.53805306587595,4.201888235437971
*CC(*)(C)C(=O)OCc1ccc(Cl)cc1Cl,tg,19.4,47.32630157470703,42.58093115042075,46.594139932439845,46.12550749022142
*CC(*)(C)C(=O)OCc1ccc(F)cc1F,tg,46.0,42.61553955078125,61.968268826706286,67.53035691367901,54.29714656081912
*CC(*)(C)C(=O)OCc1ccc(OCCOCC)c(OCCOCC)c1,tg,-2.0,-7.9391632080078125,5.380296910213469,16.163961704258057,2.252625076915476
*CC(*)(C)C(=O)OCc1ccc2c(c1)c1ccccc1n2CC,egc,3.4735,4.614282608032227,3.5738884754022173,3.5370943332716704,4.088061138281291
*CC(*)(C)C(=O)OCc1ccc2c(c1)c1ccccc1n2CC,tg,131.14,133.94680786132812,120.5877005488878,123.6913461493004,128.03115037213308
*CC(*)(C)C(=O)OCc1ccc2c(c1)c1ccccc1n2CCCCCC,tg,73.0,69.75563049316406,57.553423723949514,75.17751821572016,68.92784642504074
*CC(*)(C)C(=O)OCc1ccc2c(c1)c1ccccc1n2CCCCCCCCCCCC,tg,25.0,27.312210083007812,38.64533547980314,52.622665839730985,37.46971435321656
*CC(*)(C)C(=O)OCc1ccc[se]1,tg,54.43,52.64556121826172,66.74236767794166,29.043418400687088,48.23761289066407
*CC(*)(C)C(=O)OCc1cccc(Cl)c1,tg,18.25,34.51643371582031,48.541479034080616,49.19830761172368,41.93828437598313
*CC(*)(C)C(=O)OCc1cccc(Cl)c1Cl,tg,42.6,68.98585510253906,53.99776437725414,64.02728198863763,64.3745327402721
*CC(*)(C)C(=O)OCc1cccs1,egc,4.9884,4.925156116485596,4.692784564182808,4.303103154158469,4.7039345913523185
*CC(*)(C)C(=O)O[Si](C)(C)C,tg,97.5,87.24180603027344,88.44575679888739,75.38087279763971,83.81938490537914
*CC(*)(C)C(=O)Oc1c(C(C)C)cccc1C(C)C,tg,198.0,99.9742431640625,114.924067749597,111.9261271709345,106.7413403880676
*CC(*)(C)C(=O)Oc1c(C)cccc1C,tg,169.0,115.7270050048828,136.58942967954886,123.78323440849228,122.5027598696002
*CC(*)(C)C(=O)Oc1cc(C)cc(C)c1,tg,106.0,83.15767669677734,106.893163842761,114.74308266492422,97.80289483783767
*CC(*)(C)C(=O)Oc1ccc(C(=O)C=Cc2ccc(OC)c(OC)c2)cc1,tg,137.0,115.4182586669922,99.42062140451807,95.21361453570697,105.88274761685267
*CC(*)(C)C(=O)Oc1ccc(C(=O)C=Cc2ccc(OCc3ccccc3)cc2)cc1,tg,152.0,120.31407165527344,109.666222800298,92.79681452447184,109.61450867433713
*CC(*)(C)C(=O)Oc1ccc(C(=O)OC)cc1,tg,106.0,118.75867462158205,97.0141413596708,98.78369958376628,108.11432272454824
*CC(*)(C)C(=O)Oc1ccc(C(=O)Oc2ccc(-c3ccccc3)cc2)cc1,tg,100.0,110.922607421875,122.15909549968411,127.57663038187567,118.38209340362066
*CC(*)(C)C(=O)Oc1ccc(C(=O)Oc2ccc(C(=O)c3ccccc3)cc2)cc1,tg,72.0,114.06208038330078,99.63597810149383,114.33720646931609,111.18537243495042
*CC(*)(C)C(=O)Oc1ccc(C(=O)Oc2ccc(Oc3ccccc3)cc2)cc1,tg,74.0,99.29715728759766,89.24248639139272,99.64510691150988,97.34048000328585
*CC(*)(C)C(=O)Oc1ccc(C(=O)Oc2ccccc2)cc1,tg,99.0,92.39161682128906,92.0966848931671,99.88670829459228,94.64993934243515
*CC(*)(C)C(=O)Oc1ccc(C(=O)c2ccccc2)cc1,tg,118.0,109.13607788085938,117.2699317102765,116.06857216675527,112.95085773019618
*CC(*)(C)C(=O)Oc1ccc(C(C)(C)C)cc1,tg,88.57,117.04275512695312,128.32204302755696,118.20456483900756,119.71795709849405
*CC(*)(C)C(=O)Oc1ccc(C)cc1C,tg,109.0,123.1863250732422,127.46141820783237,124.73475325677336,124.54310766583671
*CC(*)(C)C(=O)Oc1ccc(C=Cc2ccccc2)cc1,tg,143.0,115.80359649658205,117.7924649636406,117.86882160034132,116.85088315425995
*CC(*)(C)C(=O)Oc1ccc(CC#N)cc1,tg,128.0,122.61306762695312,103.5347309659588,102.39041515154256,112.4394855887574
*CC(*)(C)C(=O)Oc1ccc(N=Nc2ccc(OC)cc2)cc1,tg,120.0,145.28370666503906,150.17102273317127,144.59429825042866,146.0738300267027
*CC(*)(C)C(=O)Oc1ccc(N=Nc2ccc([N+](=O)[O-])cc2)cc1,tg,145.0,140.3533935546875,135.0380997784466,145.4140984665751,140.82781913706197
*CC(*)(C)C(=O)Oc1ccc([N+](=O)[O-])c(C)c1,tg,101.0,128.7440643310547,108.06301692239008,127.9658283887342,124.25725614458858
*CC(*)(C)C(=O)Oc1ccc2c(c1)CCC2,tg,104.25,110.70793151855467,100.39958632363783,135.16932225874586,116.15952927369221
*CC(*)(C)C(=O)Oc1ccc2ccccc2c1,egc,3.6336,4.123039245605469,4.138158642440073,4.392173236058687,4.19958793069872
*CC(*)(C)C(=O)Oc1cccc(C)c1C,tg,120.0,127.8665771484375,169.44492486171362,151.8470410938521,143.8222578775309
*CC(*)(C)C(=O)Oc1ccccc1,egb,4.8118,4.884589672088623,4.474546230821768,4.717368498570823,4.789471355349651
*CC(*)(C)C(=O)Oc1ccccc1,egc,5.2323,4.783987045288086,4.961123880889381,5.041043271298956,4.893602189087171
*CC(*)(C)C1=NC(C)(C)C(=O)O1,tg,165.0,115.3520965576172,137.14323994364435,145.7047468395609,129.21672366588064
*CC(*)(C)CCC,tg,27.0,-4.38555908203125,19.932110180079523,22.16596093517572,8.821774087288743
*CC(*)(C)OC,tg,67.0,94.28092956542967,84.5625666130194,83.51412446973609,88.95455216575373
*CC(*)(C)c1ccc(C#N)cc1,tg,238.75,187.2298889160156,174.95321361396745,164.8072487527596,177.77211331236032
*CC(*)(C)c1ccc(C(C)C)cc1,tg,134.91,172.30213928222656,107.59121865677469,92.38551695210296,134.2912471911328
*CC(*)(C)c1ccc2ccccc2c1,tg,208.0,169.0787811279297,165.34509369867314,175.21087286937325,170.2093987614111
*CC(*)(C)c1ccc2ccccc2n1,tg,181.8,194.3031463623047,173.8962937273234,176.37614593245004,184.5670484627683
*CC(*)(C)c1nc(N(CCOCCOCCOC)CCOCCOCCOC)nc(N(CCOCCOCCOC)c2ccccc2)n1,tg,-75.0,13.30810546875,42.22571146785901,27.842162991478787,23.741820634081186
*CC(*)(CC(=O)O)C(=O)O,tg,141.0,172.09613037109375,145.27988765997384,151.63201181348728,160.2591699747941
*CC(*)(CC(=O)OC(C)C)C(=O)OC12CC3CC(CC(C3)C1)C2,tg,180.0,150.8556365966797,158.71790549076428,163.27045345951288,156.31081017043314
*CC(*)(CC(=O)OC)C(=O)O,tg,159.0,144.4425506591797,126.7099461969814,134.62267370649442,137.7637327062904
*CC(*)(CC(=O)OC)C(=O)OC12CC3CC(C)(CC(C)(C3)C1)C2,tg,144.0,124.14205169677734,180.09256129091392,178.5152068375877,152.45155396046692
*CC(*)(CC(=O)OC)C(=O)OC12CC3CC(CC(C3)C1)C2,tg,197.0,178.78546142578125,173.61002149662536,169.2044220803,174.75865224799702
*CC(*)(CC(=O)OC1CCC1)C(=O)OC1CCC1,tg,60.0,113.97492218017578,121.39939511401646,112.39705887828144,115.01107474468805
*CC(*)(CC(=O)OC1CCCCC1)C(=O)OC1CCCCC1,tg,142.0,81.18800354003906,67.53051882446407,77.99224538557657,77.39525832857049
*CC(*)(CC(=O)OCC)C(=O)O,tg,135.0,115.58489990234376,98.85023865097914,98.27275918357655,106.79296977103529
*CC(*)(CC(=O)OCC1CCCCC1)C(=O)OCC1CCCCC1,tg,83.0,78.83224487304688,59.6711183127759,57.070105670547846,68.16536983285467
*CC(*)(CC(=O)OCCC1CCCCC1)C(=O)OCCC1CCCCC1,tg,48.0,67.71453094482422,63.22666074397669,54.60609521903882,62.73756048892511
*CC(*)(CC(=O)OCCCCCCCCC)C(=O)OCCCCCCCCC,tg,-13.0,-14.816421508789062,31.251397009990153,-3.2709779263595635,-1.7862250701631892
*CC(*)(CC(=O)OCCCCl)C(=O)OCCCCl,tg,47.0,56.79789733886719,15.082490009462328,-0.2472451818448746,30.584333822627862
*CC(*)(CC(=O)OCCCl)C(=O)OCCCl,tg,43.0,73.9329605102539,36.80653355222127,39.81124928110808,55.75374696516914
*CC(*)(CC(=O)OCCOC)C(=O)OCCOC,tg,29.0,0.6150970458984375,-1.676436137831464,-10.923210557431103,-3.425167302950778
*CC(*)(CC(=O)OCCOCCOC)C(=O)OCCOCCOC,tg,-59.4,-9.542251586914062,19.237336704125568,1.5089814820209142,-0.21440941999869595
*CC(*)(CC(=O)OCCOCCOCCOCCOCCOCCOCCOC)C(=O)OCCOCCOCCOCCOCCOCCOCCOC,tg,-71.0,-69.33416748046875,1.3271806372969837,-18.806904594187785,-39.19424242724167
*CC(*)(CC(=O)OCCc1ccccc1)C(=O)OCCc1ccccc1,tg,35.0,36.78302001953125,51.88365078056238,40.546757095946106,41.047782676196384
*CC(*)(CC(=O)OCc1ccccc1)C(=O)OCc1ccccc1,tg,55.0,63.81536865234375,47.296525755081426,39.9046595645044,53.026244709435346
*CC(*)(CC(=O)Oc1ccc(OC)cc1)C(=O)Oc1ccc(OC)cc1,tg,119.5,107.14342498779295,115.3410178312986,120.04426360691272,112.817812282398
*CC(*)(CC(=O)Oc1ccc(OCC)cc1)C(=O)Oc1ccc(OCC)cc1,tg,110.5,97.90229034423828,109.18895847277966,103.28476134432348,101.88482034933807
*CC(*)(CC(=O)Oc1ccc(OCCC)cc1)C(=O)Oc1ccc(OCCC)cc1,tg,94.5,94.54037475585938,94.04052434176444,95.9621425856908,94.87762511436888
*CC(*)(CC(=O)Oc1ccc(OCCCCC)cc1)C(=O)Oc1ccc(OCCCCC)cc1,tg,73.5,75.97710418701172,91.99329381991468,84.2553211229674,81.82655665214044
*CC(*)(CC(=O)Oc1ccc(OCCCCCCC)cc1)C(=O)Oc1ccc(OCCCCCCC)cc1,tg,111.0,65.51542663574219,58.19784309903584,64.1762737314795,63.598736089894324
*CC(*)(CC(=O)Oc1ccccc1)C(=O)Oc1ccccc1,tg,132.0,93.68917846679688,93.04526257273716,102.4390060715878,96.26404854857323
*CC(*)(CC)C(=O)OCC,tg,27.0,98.28843688964844,45.3007560416938,19.793599613211526,63.12432737074535
*CC(*)(CCC(C)C(=O)OC)C(=O)OC,tg,34.0,94.4751434326172,43.2711929837822,40.42130250529223,67.23895016565581
*CC(*)(CCCCCCCC)C(=O)OC,tg,20.0,46.35978698730469,-3.471094707662285,-3.1691529860473793,20.80543918024581
*CC(*)(CF)C(=O)OC,egc,6.854,6.641742706298828,6.5757895773138335,6.711859930548499,6.646005187739464
*CC(*)(CF)C(=O)OCC,tg,43.0,89.36216735839844,51.16558820351106,50.76041245976853,69.57717846494991
*CC(*)(CO)C(=O)OCC,egc,5.8505,6.279557704925537,6.376494583970716,6.288037643879251,6.3036110370411365
*CC(*)(Cl)C#N,egc,6.5592,7.270391464233398,6.163626209670834,6.064963280663646,6.694420842601586
*CC(*)(Cl)C(=O)OC,tg,125.0,123.30580139160156,94.84900767441188,110.5410157644315,113.51408340980858
*CC(*)(Cl)C(=O)OCC,tg,85.31,73.7218246459961,88.81507529837022,77.380834556794,77.95267098892002
*CC(*)(Cl)C(=O)OCCC,tg,66.0,68.05360412597656,58.80382033223622,57.35528703293096,62.84462009337399
*CC(*)(Cl)C(=O)OCCC(F)(F)C(F)(F)C(F)(F)C(F)(F)C(F)(F)C(F)(F)C(F)(F)C(F)(F)F,tg,61.0,34.56694793701172,66.13531806271556,54.07381666754932,47.083409727902904
*CC(*)(Cl)C(=O)OCCCC,tg,42.0,81.54505920410156,43.174804085110914,46.894670415223416,62.94690952236483
*CC(*)(Cl)C(=O)OCCCCCCOc1ccc(C(=O)Oc2ccc(OCCCC)cc2)cc1,tg,75.75,53.00177001953125,34.20674559518476,33.367396860743966,43.068360199600136
*CC(*)(Cl)Cl,egc,5.4955,5.253507614135742,5.861101359416882,5.70655001565859,5.512971398963952
*CC(*)(Cl)Cl,tg,-11.96,153.41221618652344,42.36678932343585,34.896483240478815,93.94635267488161
*CC(*)(F)C(=O)OC,egc,6.8022,6.64936637878418,6.5747311606044665,6.781974224754208,6.668667320620848
*CC(*)(F)C(=O)OC,tg,142.0,118.70059204101562,81.29800678002341,83.58549262386404,100.15734010979601
*CC(*)(F)C(=O)OCC,tg,94.0,77.10517120361328,84.50526690538318,71.54195945105819,76.90330853129136
*CC(*)(F)C(=O)OCC(Cl)(Cl)Cl,egc,6.1654,5.407783508300781,5.9181572837379335,5.876466240201341,5.649686870607728
*CC(*)(F)C(=O)OCC(F)(F)C(F)(F)C(F)(F)C(F)(F)C(F)(F)C(F)(F)C(F)(F)C(F)(F)F,egc,6.7134,6.264599323272705,6.333070505591638,6.506619511673854,6.345747630373228
*CC(*)(F)C(=O)OCC(F)(F)C(F)(F)C(F)(F)F,egb,6.2862,5.8620781898498535,5.604861127077997,5.630497762954712,5.8024112092689375
*CC(*)(F)C(=O)OCC(F)(F)C(F)(F)C(F)(F)F,tg,75.0,61.90632629394531,72.00945873728266,44.46228266711978,58.58366399979321
*CC(*)(F)C(=O)OCC(F)(F)C(F)(F)F,egc,6.4706,6.973729133605957,6.849896411818379,6.738220081252742,6.8819300455095025
*CC(*)(F)C(=O)OCC(F)(F)C(F)(F)F,tg,99.0,65.94161224365234,79.83895090643702,60.25688978413601,67.03610708524245
*CC(*)(F)C(=O)OCC(F)(F)F,tg,117.75,85.65348815917969,86.04068934133507,81.93223810244126,84.58168253010695
*CC(*)(F)C(=O)OCCC,egc,6.5259,6.518680572509766,6.442383831462596,6.502422220486378,6.4971436189533085
*CC(*)(F)C(=O)OCCC,tg,62.0,59.92295837402344,85.24803145496242,72.44969206501756,68.99805181035626
*CC(*)(F)C(=O)OCCC(F)(F)C(F)(F)C(F)(F)C(F)(F)C(F)(F)C(F)(F)C(F)(F)C(F)(F)F,egb,5.7714,5.951138496398926,6.130555743058044,6.181082495708583,5.992758151241911
*CC(*)(F)C(=O)OCCC(F)(F)C(F)(F)C(F)(F)C(F)(F)C(F)(F)C(F)(F)C(F)(F)C(F)(F)F,egc,6.6046,6.584648132324219,6.535983732292152,6.641978282403995,6.58931362129985
*CC(*)(F)C(=O)OCCC(F)(F)C(F)(F)C(F)(F)C(F)(F)C(F)(F)C(F)(F)C(F)(F)C(F)(F)F,tg,87.5,32.45556640625,49.0393894130482,49.433748296157944,41.113205755768
*CC(*)(F)C(=O)OCCC(F)(F)C(F)(F)C(F)(F)C(F)(F)C(F)(F)C(F)(F)F,tg,53.0,68.73704528808594,51.93317543488575,53.71843568916026,60.64049194424015
*CC(*)(F)C(C)=O,tg,142.0,125.90059661865234,112.12547463150888,149.51548057827213,130.37853202564014
*CC(*)(F)C(F)(F)F,tg,46.0,114.77095794677734,16.612123577304406,17.17717971447979,64.42380153524525
*CC(*)(F)Cl,egc,6.2438,6.129688262939453,5.472945267564548,5.573499867750885,5.831160224459453
*CC(*)(F)F,eea,1.1415,1.2328665256500244,0.9158533650942068,1.059632365777004,1.1628657795165944
*CC(*)(F)F,ei,8.1531,7.838971138000488,7.659350315527518,8.116095237738499,7.899535867177704
*CC(*)(F)F,eps,3.37,3.2846031188964844,3.3277548389244846,3.3844631361110444,3.3082530215355472
*CC(*)(F)F,nc,1.6122,1.5930243730545044,1.6512331884460698,1.661247706165596,1.6149507594232853
*CC(*)(F)F,tg,-28.45,-0.3240966796875,-4.2578778768721826,4.022708851877155,0.21309737682155871
*CC(*)=C,egc,5.3034,4.340058326721191,4.480996397741293,5.243411083172422,4.617229774326943
*CC(*)C,eea,0.4343,0.8626434803009033,0.9614701644588314,0.8782589715357327,0.8793490256332783
*CC(*)C,egb,7.6997,7.578843116760254,7.583350198648087,7.481639774484865,7.579888630477656
*CC(*)C,ei,6.185,6.939755916595459,6.469019265277109,6.2344854077102445,6.65822592973778
*CC(*)C,eps,2.61,3.3777265548706055,3.3444235357538696,3.353679963156127,3.359474370272017
*CC(*)C,nc,1.6081,1.625846266746521,1.5868678331499555,1.593231724080575,1.6124400698955867
*CC(*)C#N,egc,7.7741,7.356562614440918,6.456781746547368,6.224330539290569,6.8469263461507985
*CC(*)C#N,tg,93.96,35.455650329589844,48.583682888750104,66.8564531683611,47.86593469949513
*CC(*)C(=O)C(C)(C)C,egc,5.3334,5.3790082931518555,5.690242136801126,5.685443629370101,5.532131137922942
*CC(*)C(=O)N(C)C,tg,113.45,104.48475646972656,84.06830947859865,73.13859327856265,90.59498993870474
*CC(*)C(=O)N(CCC)CCC,egc,5.3191,5.293051242828369,5.2008630025568285,5.336041598357393,5.284054056767582
*CC(*)C(=O)N(O)c1cccc(C)c1,egc,4.1845,3.727792501449585,4.166946230876895,4.291332701097071,3.9795016299248673
*CC(*)C(=O)N1CCCCC1,tg,108.0,49.9169921875,105.92024246793126,91.4405891896705,74.26185144792372
*CC(*)C(=O)NC,egc,5.4371,5.80217170715332,5.775066605898922,5.684936659663041,5.764223457572049
*CC(*)C(=O)NC(C)(C)C,tg,135.0,71.16023254394531,110.91724901113837,117.31369754987789,93.60198746361311
*CC(*)C(=O)NC(C)(C)CC(C)=O,tg,86.0,117.41667175292967,94.6078595020286,98.8333242408628,106.98436220501199
*CC(*)C(=O)NC(C)C,tg,132.69,111.31805419921876,101.21118732899946,101.1438465749803,106.095254186141
*CC(*)C(=O)NCC,egc,5.2246,5.722454071044922,5.608975612872225,5.623934885560946,5.670214890935593
*CC(*)C(=O)NCC(F)(F)C(F)(F)C(F)(F)F,egc,5.7825,6.407868385314941,6.3420960241368896,6.0502594494386805,6.295905995678474
*CC(*)C(=O)NCCC,egc,6.0177,5.544528484344482,5.694137124127249,5.667301887083036,5.611466492696542
*CC(*)C(=O)NCCC(F)(F)C(F)(F)C(F)(F)C(F)(F)C(F)(F)C(F)(F)C(F)(F)C(F)(F)F,egc,5.7478,6.151390075683594,5.793077418857524,5.843761713147259,5.98738056133155
*CC(*)C(=O)NCCCCCC(=O)O,tg,68.0,52.224830627441406,53.42953512100153,58.761334049293296,54.49447046215731
*CC(*)C(=O)NCCC[N+](C)(C)C,tg,78.0,139.75218200683594,69.7247523198094,53.06477918808419,98.55497205485293
*CC(*)C(=O)NCCC[N+](C)(C)CCCS(=O)(=O)O,tg,141.5,61.527587890625,49.883698785820016,50.89678974879726,55.84795867336807
*CC(*)C(=O)NCP(=O)(O)O,tg,26.0,97.5079345703125,100.4985512523202,80.910698538872,92.98698947024069
*CC(*)C(=O)Nc1ccc(C(=O)C=Cc2ccc(Br)cc2)cc1,tg,64.0,205.7958984375,93.09747117168466,103.76372530534208,151.09043667703094
*CC(*)C(=O)Nc1ccc(C(=O)C=Cc2cccc(Br)c2)cc1,tg,55.0,203.03140258789065,76.46762091723079,86.55459786658564,141.01027577207924
*CC(*)C(=O)Nc1ccc(Cl)cc1,tg,76.0,177.98471069335938,106.80798843267128,116.57966515493234,144.37354218008892
*CC(*)C(=O)Nc1cccc(Cl)c1,tg,70.0,172.68899536132812,72.24837538232518,79.36280861295776,123.19369708924928
*CC(*)C(=O)Nc1ccccc1,tg,160.0,82.97416687011719,100.06075182200274,96.75619217392084,90.74618289018517
*CC(*)C(=O)Nc1ccccc1Cl,egb,4.2427,4.148311138153076,4.050115746840372,3.989877555940633,4.125532623992888
*CC(*)C(=O)OC(C(F)(F)F)C(F)(F)F,tg,24.06,17.09063720703125,49.92438940916973,37.918208141161415,30.275501578377717
*CC(*)C(=O)OC(C)(C)C,tg,40.66,45.76959228515625,61.49513310712193,35.577078592711445,45.84478921310102
*CC(*)C(=O)OC(C)C,egb,6.455,6.173366546630859,6.342007320430802,6.3318997648687,6.212486368881519
*CC(*)C(=O)OC(C)C,egc,6.4162,6.155648708343506,6.333529880986584,6.278655923497148,6.22899336310747
*CC(*)C(=O)OC(C)CC(C)C,egc,6.3605,6.152191638946533,6.223366469684566,6.325785247099882,6.215346666337035
*CC(*)C(=O)OC(Cl)C(Cl)(Cl)Cl,tg,70.5,52.00163269042969,63.27485890003241,71.23144257850801,60.2655733677975
*CC(*)C(=O)OC(F)(F)C(F)(F)C(F)(F)C(F)(F)C(F)(F)C(F)(F)C(F)(F)C(F)(F)F,tg,9.0,26.19762420654297,14.202975531634996,-1.7977887013701377,15.073614665608421
*CC(*)C(=O)OC(OCC)C(F)(F)F,egc,6.3353,6.754592418670654,6.574526557900982,6.73191347738147,6.70802906074673
*CC(*)C(=O)OC12CC3CC(C)(CC(C)(C3)C1)C2,tg,103.43,174.49620056152344,158.28330109812754,153.41686789684675,164.64587771625256
*CC(*)C(=O)OC12CC3CC(CC(C3)C1)C2,tg,153.0,157.53140258789062,143.50821725787276,142.9777858140818,150.14961473875127
*CC(*)C(=O)OC1CC2CCC1(C)C2(C)C,tg,98.6,152.69570922851562,153.9800794050569,163.91749672582014,156.4312657554217
*CC(*)C(=O)OC1CCCCC1,egc,6.0771,6.259428024291992,6.277626991763162,6.306647683596446,6.276346405510566
*CC(*)C(=O)OC1CCCCC1,tg,23.69,61.90290832519531,77.26325893491897,70.7813953592118,67.80342531570801
*CC(*)C(=O)OC1CCCCCCCCCCC1,tg,37.0,2.6161346435546875,44.16433255757153,25.976062425466083,18.373640210822586
*CC(*)C(=O)OCC,egc,6.2551,6.242439270019531,6.446780420675937,6.334355742837881,6.3132692084468855
*CC(*)C(=O)OCC,tg,-9.27,-17.984664916992188,5.747896684198521,7.044519871392566,-5.3684493529309645
*CC(*)C(=O)OCC(C)(C)C,tg,22.0,-13.689468383789062,0.1531570485576634,7.380294901533347,-4.328747951959831
*CC(*)C(=O)OCC(C)C,egc,6.1261,6.3953022956848145,6.371478246810867,6.475775862219093,6.411831740012507
*CC(*)C(=O)OCC(C)CC,tg,-32.0,-33.03932189941406,-32.87170366543927,-17.684946255566558,-28.254481886594785
*CC(*)C(=O)OCC(C)O,tg,-7.0,5.3336029052734375,27.906853488704083,17.489427942856366,13.728964828964799
*CC(*)C(=O)OCC(CC)CCCC,tg,-62.58,-51.137786865234375,-50.73990625061411,-42.73257852943246,-48.45564549970376
*CC(*)C(=O)OCC(COC(=O)c1ccccc1)(COC(=O)c1ccccc1)COC(=O)c1ccccc1,tg,48.0,27.814971923828125,41.945363358065215,48.41256304454499,37.088690316148416
*CC(*)C(=O)OCC(F)(F)C(F)(F)C(F)(F)C(F)(F)C(F)(F)C(F)(F)C(F)(F)F,egb,5.7185,5.860530853271484,5.947672263800284,6.081133631539713,5.880745160960813
*CC(*)C(=O)OCC(F)(F)C(F)(F)C(F)(F)C(F)(F)C(F)(F)C(F)(F)C(F)(F)F,egc,6.2833,6.53466796875,6.769407215639214,6.779959567315753,6.654008629774702
*CC(*)C(=O)OCC(F)(F)C(F)(F)C(F)(F)C(F)(F)C(F)(F)C(F)(F)C(F)(F)F,tg,-17.0,-1.6781005859375,-37.90673305305604,-31.54399850751921,-18.356299299688615
*CC(*)C(=O)OCC(F)(F)C(F)(F)C(F)(F)C(F)(F)C(F)(F)F,tg,-39.0,-20.679641723632812,-54.91910811720704,-42.595010282939995,-34.48966293427714
*CC(*)C(=O)OCC(F)(F)C(F)(F)C(F)(F)C(F)(F)F,tg,-37.0,-1.4949493408203125,-29.78352312900555,-28.69451388939575,-15.718046090378442
*CC(*)C(=O)OCC(F)(F)C(F)(F)C(F)(F)C(F)F,tg,-35.0,-26.543411254882812,-27.5114986197707,-33.01157130676819,-28.743326674625415
*CC(*)C(=O)OCC(F)(F)C(F)(F)C(F)(F)F,egc,6.784,6.821876525878906,6.74279139269432,6.618672977341745,6.74889814417982
*CC(*)C(=O)OCC(F)(F)C(F)(F)OC(F)(F)C(F)(F)C(F)(F)C(F)(F)F,egb,6.0236,6.1331562995910645,6.253462294675325,6.21810869766316,6.161063839608452
*CC(*)C(=O)OCC(F)(F)C(F)(F)OC(F)(F)C(F)(F)C(F)(F)C(F)(F)F,egc,6.9089,6.45897912979126,6.237461978903345,6.066632252948692,6.3026320393447595
*CC(*)C(=O)OCC(F)(F)C(F)(F)OC(F)(F)C(F)(F)C(F)(F)F,tg,-68.0,-34.033203125,-38.191737803391504,-43.59072778304571,-37.84395602210539
*CC(*)C(=O)OCC(F)(F)C(F)(F)OC(F)(F)C(F)(F)F,tg,-49.0,-9.813980102539062,-45.48857481417511,-47.87496243522372,-28.913872126355486
*CC(*)C(=O)OCC(F)(F)C(F)(F)OC(F)(F)F,egc,6.5517,6.938827037811279,6.483009536334453,6.890818967927319,6.823512335887155
*CC(*)C(=O)OCC(F)(F)C(F)C(F)(F)F,egc,6.8499,6.574080467224121,6.533844557952852,6.444610796585953,6.529860610919971
*CC(*)C(=O)OCC=C,egc,6.066,5.604465484619141,5.092341221173182,5.697826103522316,5.514945200588222
*CC(*)C(=O)OCCC#N,egc,6.4368,6.3036885261535645,6.364978686344114,6.408653334852526,6.345971050800655
*CC(*)C(=O)OCCC#N,tg,4.0,0.674957275390625,-12.154862650187834,-11.26062642752052,-5.651837973820816
*CC(*)C(=O)OCCC(C)OC,tg,-56.0,-30.985763549804688,-52.98466756602177,-33.57476142842228,-36.30336541813084
*CC(*)C(=O)OCCCC,tg,-31.07,-34.8558349609375,-49.747333630250075,-48.904929293514414,-42.25980442849081
*CC(*)C(=O)OCCCCC,egc,6.4787,6.069984436035156,6.2062213249465,6.2747911614421445,6.156220892794089
*CC(*)C(=O)OCCCCC,tg,-57.0,-53.52656555175781,-40.45703298252778,-46.34179482041614,-48.62038903169445
*CC(*)C(=O)OCCCCCC,tg,-57.0,-48.22157287597656,-64.44671858768194,-65.39083759353156,-56.8646903849491
*CC(*)C(=O)OCCCCCCC,tg,-60.0,-56.06257629394531,-60.580967152152304,-64.99122178355773,-59.75264508449412
*CC(*)C(=O)OCCCCCCCC,tg,-65.0,-57.48338317871094,-59.27586324337427,-58.72947371691578,-58.236920637834025
*CC(*)C(=O)OCCCCCCCCCCCCCCCCCC,tg,-42.5,-57.266754150390625,-67.63237952441038,-63.98758590986475,-61.47425440283387
*CC(*)C(=O)OCCCCCCCCCCCCOC(=O)c1ccc(OC(=O)c2ccc(C#N)cc2)cc1,tg,15.0,9.350311279296877,12.910250525541397,13.848453468560765,11.472865095522891
*CC(*)C(=O)OCCCCCCCCCCCCOc1ccc(C(=O)Oc2ccc(-c3cccc(OC(=O)c4ccc(OC(=O)c5ccc(OCCCCCCCCCCCC)cc5)cc4)c3)cc2)cc1,tg,67.0,43.740257263183594,66.2931765295564,58.65200343799545,52.98408790600564
*CC(*)C(=O)OCCCCCCCCCCCOc1ccc(C(=O)Oc2ccc(-c3ccc(OC(C)CCCCCC)cc3)cc2)cc1,tg,50.0,31.43425750732422,26.308820352761607,28.76608600915569,29.556457774222913
*CC(*)C(=O)OCCCCCCCCCCCn1c2ccccc2c2ccccc21,tg,15.0,11.692214965820312,-0.5987632187925283,2.871907598770605,6.439871856591903
*CC(*)C(=O)OCCCCCCCCCCOc1cnc(-c2ccc(OC(=O)C3COC(C)(C)O3)cc2)nc1,tg,29.0,30.883590698242188,24.991697085761775,33.061415471050424,30.347712103268975
*CC(*)C(=O)OCCCCCCCCCOC(=O)c1ccc(OC(=O)c2ccc(C#N)cc2)cc1,tg,15.0,17.72075653076172,16.77279761566432,18.95478722155497,17.907922366963138
*CC(*)C(=O)OCCCCCCCCOC(=O)c1ccc(OC(=O)c2ccc(C#N)cc2)cc1,tg,15.0,12.586624145507812,19.181551666658788,17.091046325257224,15.33423539672604
*CC(*)C(=O)OCCCCCCCCn1c2ccccc2c2ccccc21,tg,12.0,28.746864318847656,30.735810395704053,37.124638187819784,31.747180050742166
*CC(*)C(=O)OCCCCCCCOC(=O)c1ccc(OC(=O)c2ccc(C#N)cc2)cc1,tg,20.0,12.787979125976562,25.743671598941035,16.169729988962416,16.49418263733946
*CC(*)C(=O)OCCCCCCOC(=O)c1ccc(OC(=O)c2ccc(C#N)cc2)cc1,tg,30.0,21.81761932373047,30.254663426138432,25.658508499248924,24.738148459541257
*CC(*)C(=O)OCCCCCCOc1ccc(C(=O)Oc2ccc(C#N)cc2)cc1,tg,19.5,26.02471160888672,35.331502346211145,30.635506433895685,29.362006626354045
*CC(*)C(=O)OCCCCCCOc1ccc(C(=O)Oc2ccc(OC)cc2)cc1,tg,24.75,30.740951538085938,27.90005838479282,19.513621783684272,26.68411004337835
*CC(*)C(=O)OCCCCCCOc1ccc(C=Nc2ccc(OCCCCC)cc2)c(O)c1,tg,36.0,38.715232849121094,26.33668193280434,39.10187540315965,36.293409996521405
*CC(*)C(=O)OCCCCCCOc1ccc(N=Nc2ccc([N+](=O)[O-])cc2)cc1,tg,35.8,50.706085205078125,57.77840145424323,52.5470359473739,52.72766897977914
*CC(*)C(=O)OCCCCCCSCC#N,egc,5.2126,5.294584274291992,5.229663243502221,5.044589467506823,5.212064784712108
*CC(*)C(=O)OCCCCCCSCC#N,tg,-59.0,-47.06156921386719,-46.83359665652485,-46.86623916848228,-46.95433174083762
*CC(*)C(=O)OCCCCCOC(=O)c1ccc(OC(=O)c2ccc(C#N)cc2)cc1,tg,30.0,17.233932495117188,28.93825726046151,29.577787378263707,23.455965260808203
*CC(*)C(=O)OCCCCCn1c2ccccc2c2ccccc21,tg,53.0,44.10235595703125,64.95825915245513,58.072138069358715,52.70634130853919
*CC(*)C(=O)OCCCCOC(=O)c1ccc(OC(=O)c2ccc(C#N)cc2)cc1,tg,40.0,24.04792022705078,35.84199541690968,34.4119536390762,29.67585097411213
*CC(*)C(=O)OCCCCSC,egc,4.571,5.10804557800293,5.354027341886893,5.385948496810861,5.238773034552099
*CC(*)C(=O)OCCCCSC,tg,-70.0,-45.14137268066406,-56.307522547395166,-57.15390590647104,-51.150406345336236
*CC(*)C(=O)OCCCCn1c2ccccc2c2ccccc21,tg,68.0,73.59444427490234,58.676214664834525,58.28808970665354,65.79600816690044
*CC(*)C(=O)OCCCOc1ccc(-c2ccc(C#N)cc2)cc1,tg,51.55,32.0181884765625,51.58200778619385,45.102521815210565,40.08295033362032
*CC(*)C(=O)OCCCOc1ccc(C(=O)OCCCC(F)(F)C(F)(F)C(F)(F)C(F)(F)C(F)(F)C(F)(F)C(F)(F)C(F)(F)F)cc1,tg,48.0,9.24462890625,52.86491922891946,39.87048143387436,27.67553064361239
*CC(*)C(=O)OCCCSC,tg,-65.0,-42.798126220703125,-57.45596138591377,-46.94457733586563,-47.09038466066744
*CC(*)C(=O)OCCCSCC,egb,5.1212,5.320426940917969,5.354041751268526,5.124483766953846,5.328224612716269
*CC(*)C(=O)OCCN(C)C,tg,-39.0,-62.69268798828125,-31.213574542170377,-31.175260712481247,-46.478654891065176
*CC(*)C(=O)OCCN(CC)c1ccc(N=Nc2ccc([N+](=O)[O-])cc2Cl)cc1,tg,87.0,106.28092193603516,100.64634645491527,75.4910573625701,95.59813747911781
*CC(*)C(=O)OCCO,egc,6.417,6.190361499786377,6.37814203895377,6.371681819171776,6.281777920373264
*CC(*)C(=O)OCCO,tg,0.1,3.9915771484375,25.632848505949575,10.46209343607697,10.436640126855968
*CC(*)C(=O)OCCOC(=O)c1cc([N+](=O)[O-])cc([N+](=O)[O-])c1,tg,60.8,83.98837280273438,61.878553483524925,58.35539457348227,71.51851788423082
*CC(*)C(=O)OCCOC(F)(F)C(F)F,tg,-22.0,-39.33030700683594,-16.37750037305254,-28.948559582238342,-31.40589277391185
*CC(*)C(=O)OCCOCC,tg,-50.0,-37.759368896484375,-51.05899470746014,-47.44136943773299,-43.48539345760866
*CC(*)C(=O)OCCOCC(F)(F)F,tg,-38.0,-18.812103271484375,-26.79720489401605,-24.005984487121623,-22.058440505593484
*CC(*)C(=O)OCCOCC1(CC)COC1,egc,5.6941,5.657108306884766,6.162364432152195,5.97171215257097,5.8559814496018054
*CC(*)C(=O)OCCOCC1(CC)COC1,tg,-16.0,13.784591674804688,19.310779177629584,6.754535898483823,12.744175504489977
*CC(*)C(=O)OCCOCCOC(F)(F)C(F)F,tg,-40.0,-43.973419189453125,-40.66148109323841,-41.687345372591665,-42.586165185075686
*CC(*)C(=O)OCCOc1ccc(C(=O)Oc2ccc(OC(=O)c3ccc(OCCCC)cc3)cc2)cc1,tg,45.0,43.83843994140625,52.21341499336404,54.73178746145501,48.92815633850956
*CC(*)C(=O)OCCOc1ccc(C(=O)Oc2ccc(OC(=O)c3ccc(OCCCCC)cc3)cc2)cc1,tg,46.0,52.00993347167969,51.085429555471066,41.62869461019656,48.608315048924325
*CC(*)C(=O)OCCOc1ccc(C(=O)Oc2ccc(OC)cc2)cc1,tg,70.0,50.73999786376953,60.445837778885945,59.4035748029998,55.41309516512335
*CC(*)C(=O)OCCOc1ccc(C(C)(C)c2ccc(OCCO)cc2)cc1,tg,22.0,49.536102294921875,68.62537527956039,61.25423507998504,57.08075178904504
*CC(*)C(=O)OCCSCC,tg,-71.0,-54.80998229980469,-56.09495766974672,-64.0582426757008,-57.93508175238647
*CC(*)C(=O)OCCSCC#N,egc,5.2595,5.387332439422607,5.129144712401554,5.275715931085246,5.2990668339603
*CC(*)C(=O)OCCSCCCC#N,tg,-58.0,-36.98219299316406,-42.36526906885841,-55.49127058654548,-43.81384054516573
*CC(*)C(=O)OCF,tg,15.0,12.99603271484375,-6.054060952222257,3.7820026654621586,6.234161043667845
*CC(*)C(=O)OCc1c(Br)c(Br)c(Br)c(Br)c1Br,tg,181.0,107.15155029296876,74.15771956868674,81.60146691435651,92.4727417116878
*CC(*)C(=O)Oc1c(Cl)c(Cl)c(Cl)c(Cl)c1Cl,tg,145.0,134.848876953125,126.64954141725524,131.5641471568783,132.1492196767762
*CC(*)C(=O)Oc1cc(C)cc(C)c1,tg,54.0,24.2005615234375,53.11747882459113,59.22645380536652,40.974018600336024
*CC(*)C(=O)Oc1ccc(-c2ccccc2)cc1,tg,105.0,67.85078430175781,95.9515654101657,96.7741792958782,82.56865398456708
*CC(*)C(=O)Oc1ccc(C#N)cc1,egc,4.6366,3.9471676349639897,3.9532302000923543,4.322807790268602,4.050635102805394
*CC(*)C(=O)Oc1ccc(C(=O)O)cc1,tg,113.33,82.305419921875,74.64842246761793,80.80463523048988,80.26903760230486
*CC(*)C(=O)Oc1ccc(C(=O)OCC)cc1,tg,37.0,45.51612091064453,36.87065519909372,46.9248726952176,44.17696518845878
*CC(*)C(=O)Oc1ccc(C(=O)OCCCC)cc1,tg,13.0,41.60710906982422,21.36703351469889,24.91286650687664,32.286650046406756
*CC(*)C(=O)Oc1ccc(C(=O)OCc2ccccc2)cc1,tg,16.25,57.56407928466797,46.18674028744954,46.57607203442608,51.82866012586421
*CC(*)C(=O)Oc1ccc(C(=O)c2ccc(Cl)cc2)cc1,tg,78.0,90.5148696899414,94.092992852939,101.0697835753548,94.5150361916954
*CC(*)C(=O)Oc1ccc(C(C)(C)C)cc1,tg,71.0,65.6457290649414,83.48737213199458,82.7514398526518,74.60106752101997
*CC(*)C(=O)Oc1ccc(C)cc1,tg,42.5,46.88238525390625,71.39810090060007,73.97370696446555,60.29738639012291
*CC(*)C(=O)Oc1ccc(Cl)cc1,egc,2.4559,4.14615535736084,3.712145600787331,4.26544776246756,4.081209305471228
*CC(*)C(=O)Oc1ccc(Cl)cc1Cl,tg,60.0,44.87384796142578,67.40413823501997,64.52764968126893,55.580157429337916
*CC(*)C(=O)Oc1ccc(N=Nc2ccc(OC)cc2)cc1,tg,133.6,102.279541015625,104.48283010535638,102.63666632179203,102.84238857181504
*CC(*)C(=O)Oc1ccc(N=Nc2ccc([N+](=O)[O-])cc2)cc1,tg,128.2,116.9604721069336,112.74728729040416,120.03373026048982,117.04628419670098
*CC(*)C(=O)Oc1ccc(OC)cc1,egc,4.4447,4.7084503173828125,4.372441015380355,4.553731717988011,4.591008932093169
*CC(*)C(=O)Oc1ccc([N+](=O)[O-])cc1,tg,73.3,84.7986068725586,110.9048128392606,102.58915942249314,95.6626259399399
*CC(*)C(=O)Oc1cccc(C(=O)OCC)c1,tg,24.0,49.59796142578125,29.408117678141632,30.89767781138211,39.66717483614433
*CC(*)C(=O)Oc1cccc(C)c1,tg,24.5,39.85353088378906,52.47101237794328,53.95173732938376,46.80581568858727
*CC(*)C(=O)Oc1cccc2ccccc12,tg,85.0,68.71029663085938,91.31425965836692,92.57462921680631,80.73441046482375
*CC(*)C(=O)Oc1ccccc1,tg,101.83,62.809906005859375,55.46132569508937,42.31419897542874,54.96008510034007
*CC(*)C(=O)Oc1ccccc1C,tg,51.5,43.338897705078125,63.87898873401684,75.07379979068232,57.37431994193919
*CC(*)C(=O)Oc1ccccc1C(=O)OCC,tg,30.0,46.239967346191406,59.33101547220377,51.88833289581113,50.67521924007481
*CC(*)C(=O)Oc1ccccc1C(C)(C)C,tg,72.0,97.16175842285156,82.21509937502222,84.3529491889997,90.13019059375986
*CC(*)C(=O)[O][Na],tg,230.0,156.8162384033203,45.81148175948333,35.15401503865532,96.38524535825178
*CC(*)C(=O)c1ccc(Br)c(OC)c1,egc,3.8338,3.5573081970214844,3.1174872933563327,2.4957454496515052,3.1700758448329593
*CC(*)C(=O)c1ccc(Br)c(OC)c1,tg,44.0,100.41268920898438,104.99789107313455,89.18978637197196,97.88187148237576
*CC(*)C(=O)c1ccc(Br)cc1,egc,1.5897,3.148428440093994,3.402503638275838,3.679701881923629,3.3498434112165385
*CC(*)C(=O)c1ccc(Br)cc1,tg,101.5,54.958038330078125,65.64833836846935,69.73087884495519,61.723375063634315
*CC(*)C(=O)c1ccc(C(C)C)cc1,tg,62.5,61.147605895996094,91.18964973161496,87.57815548150485,75.49278585615379
*CC(*)C(=O)c1ccc(CC)cc1,egc,4.27,3.988934993743897,3.4858461332793693,3.122094292376573,3.640437901004895
*CC(*)C(=O)c1ccc(CC)cc1,tg,49.25,55.267822265625,77.79832737296582,76.17224127261117,66.36109910871764
*CC(*)C(=O)c1ccccc1,tg,57.25,70.6726303100586,98.64636622296764,90.54101119048444,82.5629232411
*CC(*)C(=O)c1ccccc1O,egc,1.7298,3.658958196640014,3.501795972623176,3.6282149976842737,3.6153413462108164
*CC(*)C(=O)n1c2ccccc2c2ccccc21,tg,47.8,215.2629547119141,209.36445396590724,202.35112807855063,210.05719527701126
*CC(*)C(=O)n1sc2ccccc2c1=O,egc,1.2252,3.4831817150115967,2.937297170060325,3.0268982702250185,3.2366817257050586
*CC(*)C(C)=O,tg,83.33,86.497314453125,87.04132428704264,57.82757902797108,77.73899540588148
*CC(*)C(F)(F)C(F)(F)C(F)(F)F,egc,8.6189,7.375624179840088,7.591487123017642,7.403905167698879,7.431741561064895
*CC(*)C(F)(F)C(F)(F)F,tg,41.0,16.50153350830078,-14.922418540518674,13.14668826267021,9.011929437411265
*CC(*)C(F)(F)F,egc,8.2263,8.107115745544434,7.080772960389657,6.936009748374863,7.558517855837203
*CC(*)C(N)=O,egb,6.3764,6.19541072845459,5.442156903939973,5.637183325152336,6.020677447405974
*CC(*)C(N)=O,tg,178.5,130.39886474609375,127.00255065296096,122.0856492847564,127.12957525539609
*CC(*)C1=NC(C)(C)C(=O)O1,tg,92.0,101.18846130371094,122.03867110052865,130.79997879585466,114.6306090271334
*CC(*)C1CCC(C)CC1,tg,132.0,134.21995544433594,134.087732127963,123.16552569999602,130.77272470606323
*CC(*)C1CCCC(C)C1,tg,141.0,174.37164306640625,121.72067053655137,115.04713507951088,145.2076914906238
*CC(*)C1CCCC1,tg,75.0,109.67546081542967,84.03845408972876,83.20117050300053,96.22114779038364
*CC(*)C1CCCCC1,tg,117.68,94.4571762084961,88.19279078059789,89.57633638312316,91.66097038326299
*CC(*)C=C,tg,-13.22,-0.695953369140625,-14.652734106557483,-13.385797606491964,-7.4874828549384205
*CC(*)CC,egb,7.9012,7.684738159179688,7.306189094151272,7.017719051634661,7.596925634347273
*CC(*)CC,tg,-22.54,61.102806091308594,-34.86565973296483,-24.71748199073849,14.847906029133433
*CC(*)CC(C)C,egc,6.7394,6.162320137023926,6.442408312974888,6.555868027425717,6.3321344061699065
*CC(*)CC(C)C,tg,45.5,58.61241912841797,-35.07701065681703,-22.761624135796495,14.201033889577289
*CC(*)CC1CCCCC1,tg,75.0,69.8065185546875,58.28021078326194,65.84717240791608,66.2150827155837
*CC(*)CCC,egb,7.2705,7.658193111419678,7.557299162817296,7.552103277651998,7.634788609373366
*CC(*)CCC,egc,6.7336,6.940278053283691,7.192307213610517,7.062042328927027,7.029920339527724
*CC(*)CCC,tg,-32.29,-9.75653076171875,-37.206295672839424,-55.50236195524113,-29.54536347215084
*CC(*)CCCC,tg,-49.86,-37.57841491699219,-33.76895261290402,-21.729985702214123,-31.893013461361775
*CC(*)CCCC1CCCCC1,egc,6.3703,6.011457443237305,6.6841959996862705,6.446622566522132,6.280677368626457
*CC(*)CCCCC,tg,-45.5,-13.503311157226562,-50.94249351731618,-47.80965690877193,-31.803859927324893
*CC(*)CCCCCC,tg,-56.48,-36.22834777832031,-48.791214976029025,-43.98218166173905,-41.20656073101682
*CC(*)CCCCCCC,tg,-47.0,-36.843292236328125,-47.20616368322199,-52.25228519694056,-43.73822104477688
*CC(*)CCCCCCCC,tg,-35.0,-17.051345825195312,-41.792500611726,-46.42682372339763,-31.219317507688096
*CC(*)CCCCCCCCCCCC,tg,10.0,-52.85087585449219,-53.42302571642442,-62.828253567584824,-56.05520342754397
*CC(*)CCCCCCCCCCCCCC,tg,-24.0,-9.661895751953123,-56.33968532347276,-62.21754555414725,-35.50530225503606
*CC(*)CCCCCCCCCCCCCCCCCC,tg,-88.0,-5.5426483154296875,-57.34943956639849,-60.80941085433443,-33.277871796188414
*CC(*)CCCCCCCCCI,tg,-6.0,-13.122207641601562,-39.36350687649564,-44.84070926953186,-28.323072842569374
*CC(*)CCc1ccc(C)cc1,egc,5.1686,5.712060928344727,4.503298731499365,4.752508409098329,5.180041199605946
*CC(*)CCc1ccccc1,tg,17.5,31.874710083007812,46.338454021117784,33.4225400568093,35.32314302676705
*CC(*)CN,egc,5.4738,5.83293342590332,5.96961176461948,6.1441526545915615,5.9481941953973605
*CC(*)CNc1ccc([N+](=O)[O-])cc1,tg,140.25,132.0723876953125,107.6534459520043,110.63449320356186,120.42634551606503
*CC(*)CNc1ccc([N+](=O)[O-])cc1[N+](=O)[O-],tg,160.0,151.79881286621094,130.7410447288522,110.65157469451069,134.74506274904758
*CC(*)CO,egb,7.4192,7.828273773193359,7.303022020033827,7.327342454940239,7.706430432716139
*CC(*)CO,egc,6.2929,6.389718055725098,6.245470608629439,6.049466812737435,6.264867573688469
*CC(*)Cc1ccc(C)cc1,tg,62.5,44.271583557128906,49.96322359001815,58.67923964495328,49.897660784844284
*CC(*)Cc1cccc(C)c1,tg,38.75,34.27375793457031,53.42560388007358,54.73732898903316,44.53696898403348
*CC(*)Cc1ccccc1,tg,63.33,67.07402801513672,41.880343968871045,44.80748252492073,55.012550348003955
*CC(*)F,egb,8.3099,7.587251663208008,7.348701057775552,7.322692042143805,7.531914765303498
*CC(*)F,ei,7.6332,7.021124362945557,6.879463930479034,6.745204833906623,6.916818464529282
*CC(*)F,eps,3.36,3.112731456756592,3.4823289712617473,3.24986853798589,3.3152945348451315
*CC(*)N,egc,5.222,5.272921562194824,6.0209597546983495,5.983992107311692,5.634032549737102
*CC(*)N,tg,57.0,69.16969299316406,37.966383393424294,47.015450376398505,55.90912193789907
*CC(*)N1CCCC1=O,egb,5.5902,5.704572677612305,6.136919375801875,6.265201516269366,5.804864710213506
*CC(*)N1CCCC1=O,tg,143.16,92.9134521484375,118.22697865653576,102.37465615616014,101.03774350797221
*CC(*)N1CCCC1=S,egc,4.1333,3.4469563961029053,4.114467387666329,3.971490660338634,3.7392959983416088
*CC(*)NC=O,tg,145.67,129.12843322753906,95.88185813190294,76.76979540462615,106.103546739734
*CC(*)O,tg,76.98,74.60177612304688,50.51461173281681,35.30870373884106,57.49971223235356
*CC(*)OC(=O)C(C)(C)C,egc,6.1579,6.514427185058594,6.295321418116436,6.437835986775068,6.44445047598973
*CC(*)OC(=O)C(C)(C)C(C)(C)CC,tg,90.0,84.35647583007812,90.38283878817828,56.37240293182103,76.93587487353042
*CC(*)OC(=O)C(C)(C)C(C)C(C)C,tg,50.0,88.11192321777344,104.79199540714986,98.25985455942848,94.67614078429435
*CC(*)OC(=O)C(Cl)(Cl)Cl,tg,59.0,122.44161987304688,102.98531761673333,83.86166938430148,106.51094970217265
*CC(*)OC(=O)C(F)(F)C(F)(F)C(F)(F)C(F)(F)C(F)(F)F,tg,-9.0,38.677146911621094,23.54174739573361,27.601817270157795,32.143142734346526
*CC(*)OC(=O)C(F)(F)C(F)(F)C(F)(F)C(F)(F)F,tg,17.5,36.66816711425781,33.672269913771956,34.019446016971216,35.233601645842874
*CC(*)OC(=O)C(F)(F)C(F)(F)C(F)(F)F,tg,27.0,34.3277587890625,48.130703977051816,47.73697975932241,41.31026921257944
*CC(*)OC(=O)C(F)(F)C(F)(F)F,egc,6.6309,6.405946254730225,6.6467418635722595,6.432447409078912,6.467173612161105
*CC(*)OC(=O)C(F)(F)C(F)(F)F,tg,42.0,21.666336059570312,40.84136541215641,34.83727248729848,29.678069084366477
*CC(*)OC(=O)C(F)(F)F,tg,52.4,53.508819580078125,46.82626177419715,36.31104695263622,46.81607415900809
*CC(*)OC(=O)C1(F)C(F)(F)C(F)(F)C(F)(F)C(F)(F)C1(F)F,tg,54.0,48.30000305175781,134.33882612866822,112.41991027589074,85.80245437254456
*CC(*)OC(=O)C=Cc1ccccc1,tg,127.0,98.58628845214844,61.03266741033065,86.85739793569434,87.24738896733577
*CC(*)OC(=O)CC,tg,11.27,23.354522705078125,1.642133224440957,4.221048866611369,12.977118806059037
*CC(*)OC(=O)CC(C)(C)c1ccccc1,tg,20.0,61.412132263183594,67.88967194382377,72.91425791959786,66.3006328754789
*CC(*)OC(=O)CC1CCCC1,egb,6.4741,6.447852611541748,6.483347656839801,6.714701320190295,6.456086443915444
*CC(*)OC(=O)CC1CCCC1,egc,6.5327,6.6069135665893555,6.465637244314645,6.440840013428123,6.530075019126031
*CC(*)OC(=O)CCC,egc,6.8545,6.624645233154297,6.550252872471754,6.455670379354555,6.562023815599059
*CC(*)OC(=O)CCC,tg,-10.1,6.7520904541015625,-21.04350549733342,-1.970516701426675,-1.6532840430880105
*CC(*)OC(=O)CCC#N,egc,6.425,6.603399276733398,6.631338847527199,6.4663604526746035,6.572417483688653
*CC(*)OC(=O)CCCC(=O)c1ccc(C)cc1,tg,40.0,12.001663208007812,47.41151588782912,38.50353524818408,27.470976019782782
*CC(*)OC(=O)C[N-][N+]#N,tg,24.6,39.67975616455078,28.614235717047077,29.148989376524582,34.14982030027673
*CC(*)OC(=O)OCC(F)(F)F,egb,7.9003,5.927825450897217,6.112560909880097,6.394807686372914,5.970678778452375
*CC(*)OC(=O)OCC(F)(F)F,egc,7.5359,6.5816969871521,7.121704165282654,7.096731480326728,6.842848192316062
*CC(*)OC(=O)OCC(F)(F)F,tg,57.0,30.082313537597656,3.252223754302775,3.626873414180267,16.3888801977425
*CC(*)OC(=O)c1ccc(-c2ccccc2)cc1,tg,84.5,92.4189682006836,119.40205560658136,108.18471346323209,102.83657341683987
*CC(*)OC(=O)c1ccc(Br)cc1,tg,85.5,66.27088928222656,70.53021723659303,68.63426380748874,67.87656797067231
*CC(*)OC(=O)c1ccc(C(C)(C)C)cc1,tg,116.8,99.88552856445312,95.021618147445,95.9090677598716,97.65665680335988
*CC(*)OC(=O)c1ccc(C(C)C)cc1,tg,65.65,90.92626953125,99.75923454721428,92.38377267649496,93.19069946152797
*CC(*)OC(=O)c1ccc(C)cc1,tg,66.75,69.29837799072266,77.28723587325207,83.65268808610483,75.37959331741393
*CC(*)OC(=O)c1ccc(Cl)cc1,tg,70.25,76.59104919433594,72.59743762088328,74.1707640063726,75.02231747555243
*CC(*)OC(=O)c1ccc(OC(=O)CC)cc1,tg,71.5,63.80220031738281,66.61436778014875,59.0547596114977,62.91077651021087
*CC(*)OC(=O)c1ccc(OC(=O)CCC)cc1,tg,61.0,51.09607696533203,47.68489104481525,40.59493500812751,47.14682067935529
*CC(*)OC(=O)c1ccc(OC(C)=O)cc1,egc,4.6237,4.4969658851623535,4.635907991412879,4.632669108030161,4.565025411761267
*CC(*)OC(=O)c1ccc(OC(C)=O)cc1,tg,76.0,80.92051696777344,87.0760622158898,88.78312406806296,84.6168933216421
*CC(*)OC(=O)c1ccc(OC)cc1,egc,4.435,4.071152210235596,4.174350900187565,4.287505068602915,4.1531148680046925
*CC(*)OC(=O)c1ccc([N+](=O)[O-])cc1,tg,122.0,110.17051696777344,98.79957815129778,100.03856694618342,104.70126380864389
*CC(*)OC(=O)c1ccc([Si](C)(C)C)cc1,tg,125.25,112.01162719726562,78.27851302477924,71.66614497808682,92.60354932216177
*CC(*)OC(=O)c1cccc(Br)c1,tg,57.5,60.61125183105469,67.44414702143219,65.6735664331017,63.5803243171529
*CC(*)OC(=O)c1cccc(C)c1,tg,49.0,77.14903259277344,58.30705355686116,73.21497069542364,72.06343633858172
*CC(*)OC(=O)c1cccc(Cl)c1,egc,1.7974,3.974439859390259,4.011657564488928,4.048999560871368,4.00305682209077
*CC(*)OC(=O)c1cccc(Cl)c1,tg,61.75,61.64207458496094,59.42295489482266,52.908028666503355,58.484276304933296
*CC(*)OC(=O)c1cccc([N+](=O)[O-])c1,tg,93.0,110.28741455078124,98.9048252867184,92.71298180016888,102.51317073668234
*CC(*)OC(=O)c1ccccc1,tg,70.29,84.40934753417969,87.74875902842136,74.41500385604516,82.00285495008605
*CC(*)OC(=O)c1cccnc1,egc,4.7397,2.9078524112701416,3.85678982950516,4.366291511962277,3.5171874913703594
*CC(*)OC(=O)c1ccncc1,tg,98.5,105.08102416992188,73.41613731150849,84.42809711603856,92.1901722894018
*CC(*)OC(C)=O,egb,5.9373,6.614988327026367,6.335624856389919,6.195704640816167,6.550184015065668
*CC(*)OC(C)=O,egc,6.8523,6.400759220123291,6.28433217055035,6.291981221137123,6.345069935738161
*CC(*)OC(C)=O,tg,34.27,75.99091339111328,13.450732172669246,21.623336602178753,46.330209224686946
*CC(*)OC(C)C,tg,-7.5,13.119049072265623,-16.007457222850075,-12.39271718988084,-0.7539030168118313
*CC(*)OC(F)(C(F)(F)F)C(F)(F)F,tg,60.0,15.572921752929688,-13.389502648665792,22.438837403915613,11.750853371499826
*CC(*)OC=O,egc,6.9603,7.074675559997559,6.48433855510984,6.363254210666614,6.748850304649361
*CC(*)OCC,tg,-37.29,-33.75767517089844,-38.007016640109775,-29.65739162929458,-33.361539313756495
*CC(*)OCC(=O)OC,egc,5.3903,5.8384809494018555,6.460004818277768,6.412544770778876,6.13396632819933
*CC(*)OCC(C)(C)CC,tg,9.0,-17.184677124023438,-26.57341406026291,-22.600472135091906,-20.787852194839278
*CC(*)OCC(CC)CCCC,tg,-66.0,-55.86024475097656,-56.70804050420379,-52.097672338403186,-54.870219401610356
*CC(*)OCCCCC,egc,5.9056,5.926796913146973,5.803634221544668,5.649987008288143,5.823921664970084
*CC(*)OCCCCC,tg,-66.0,-57.84117126464844,-61.50554837425201,-60.53508522892815,-59.4269646076317
*CC(*)OCCCCCCCC,tg,-79.75,-57.22962951660156,-56.20747911946972,-61.57023489884355,-58.36269326375877
*CC(*)OCCCCCCCCCCCC,egc,5.4919,5.959100246429443,6.0811834968114935,6.030869826817567,6.0059988227056635
*CC(*)OCCCCCCCCCCCOc1ccc(C(=O)Oc2ccc(C#N)cc2)cc1,tg,37.0,10.222381591796877,13.694016789287684,22.711977121188937,14.799248098943139
*CC(*)OCCCl,egc,6.0339,6.195997714996338,6.393909655622507,6.055557535841557,6.202225551057605
*CC(*)OCCOCCOCCOC,tg,-71.3,-65.62107849121094,-67.11916845614704,-67.4550771785776,-66.49606506768038
*CC(*)OCCOc1ccc(C=C(C#N)C#N)cc1,tg,38.0,75.78338623046875,60.963623742718056,48.86019207555272,64.41108088218373
*CC(*)OCCOc1ccc(C=C(C#N)C(=O)OC)cc1,egc,3.1988,2.8386168479919434,3.585549890776866,3.751246781391897,3.2542681875814865
*CC(*)OCCOc1ccc(C=C(C#N)C(=O)OC)cc1,tg,47.0,58.87742614746094,51.63226901511783,47.112063843586384,53.74988404132904
*CC(*)OCCOc1ccc(N=Nc2ccc([N+](=O)[O-])cc2)cc1,tg,54.0,102.41770935058594,70.26656623239607,56.51372221658343,81.61470384359811
*CC(*)OCc1ccccc1,egc,5.0639,4.881813049316406,4.6310732373131325,4.5525857483374,4.736066997868782
*CC(*)O[N+](=O)[O-],tg,34.5,61.336326599121094,50.41867526662306,52.676547563759485,56.41560689318247
*CC(*)P(=O)(Oc1ccccc1)N(C)C,tg,27.0,17.59442138671875,82.10494865829831,65.39082007967271,45.626628594090285
*CC(*)P(=O)(c1ccccc1)c1ccccc1,tg,127.5,135.641845703125,96.28011121873192,102.536112516793,117.31802960503906
*CC(*)SC,egc,5.023,4.838231563568115,4.999008918567611,5.371078796293185,5.019142465415945
*CC(*)SCCCC,tg,-20.0,-54.687591552734375,-57.22319499472413,-57.547018088825894,-56.09284322711595
*CC(*)[Si](C)(C)C,tg,147.0,99.55261993408205,-20.266451270160985,-9.517302682871671,41.20783633117557
*CC(*)c1c(C)cc(C)cc1C,tg,126.0,129.53659057617188,161.63500745593493,138.22041320357974,138.81337934647368
*CC(*)c1c(Cl)cccc1Cl,tg,165.0,143.63320922851562,133.643555101562,122.9246249318347,135.17528733242054
*CC(*)c1c(F)c(F)c(C(F)(F)F)c(F)c1F,tg,112.0,112.12004089355467,102.08967875089328,111.40673393589393,109.84001669936262
*CC(*)c1c(F)c(F)c(F)c(F)c1F,tg,102.15,99.48677825927734,124.7692130419433,114.07946475908024,109.19229413662472
*CC(*)c1c(F)c(F)c(OC)c(F)c1F,egc,4.6291,4.342105865478516,3.976762334191563,4.741521909236236,4.36870923984156
*CC(*)c1c(F)c(F)c(OC)c(F)c1F,tg,94.0,95.24462890625,91.91136385144377,88.04297957650662,92.33218684586554
*CC(*)c1c(F)c(F)c(OCC(F)(F)C(F)(F)C(F)(F)C(F)(F)C(F)(F)C(F)(F)C(F)(F)F)c(F)c1F,tg,21.0,68.2778091430664,80.5276162604329,66.77174182424226,70.32686540151961
*CC(*)c1c([2H])c([2H])c([2H])c([2H])c1[2H],tg,100.0,77.83265686035156,107.26896350912097,91.02412954672164,87.95748991174213
*CC(*)c1cc(-c2ccc(C(=O)OC(C)CC)cc2)ccc1-c1ccc(C(=O)OC(C)CC)cc1,tg,212.5,128.46775817871094,112.24432791403794,115.70107449240018,121.18708905594146
*CC(*)c1cc(-c2ccc(C(=O)OC(C)CCCCCC)cc2)ccc1-c1ccc(C(=O)OC(C)CCCCCC)cc1,tg,102.0,96.8287124633789,116.3794694049992,102.8942932608519,102.7192898995247
*CC(*)c1cc(Br)ccc1OC,tg,86.0,125.1816635131836,100.75526270157602,104.47586606539228,113.7605903617373
*CC(*)c1cc(Br)ccc1OCCC,tg,54.0,87.95675659179688,76.92399235769014,75.58038938370488,81.86254329895434
*CC(*)c1cc(Br)ccc1OCCCCC,tg,49.0,47.436988830566406,44.293024359095554,39.628896907366595,44.3757873933571
*CC(*)c1cc(C(=O)OC)ccc1-c1ccc(OCCCCCCCC)cc1,tg,126.0,80.48811340332031,56.75242313350236,57.371361052919084,68.4629349886603
*CC(*)c1cc(C(=O)OCC)ccc1-c1ccc(OCCCCCCCC)cc1,tg,95.0,79.47703552246094,60.3647148315673,58.222825918835525,68.97732705283916
*CC(*)c1cc(C(=O)OCCCC)ccc1-c1ccc(OCCCCCCCC)cc1,tg,76.0,75.26017761230469,57.96676061083319,55.14520429268404,65.4863724532247
*CC(*)c1cc(C(=O)OCCCCCC)ccc1-c1ccc(OCCCCCCCC)cc1,tg,64.0,57.76480865478515,63.80903824085311,67.54717532824645,62.03227716073118
*CC(*)c1cc(C(=O)OCCCCCCCCCC)ccc1-c1ccc(OCCCCCCCC)cc1,tg,44.0,52.913352966308594,47.95092751511408,48.171243526024625,50.42737421062814
*CC(*)c1cc(C(=O)OCCCCCCCCCCCC)ccc1-c1ccc(OCCCCCCCC)cc1,tg,42.0,58.892860412597656,48.11717462495717,54.83316272476533,55.42448768837974
*CC(*)c1cc(C(=O)Oc2ccc(OC)cc2)ccc1C(=O)Oc1ccc(OC)cc1,tg,109.67,127.00918579101562,134.09319105619568,131.44582696213365,129.83623927979485
*CC(*)c1cc(C(=O)Oc2ccc(OCC)cc2)ccc1C(=O)Oc1ccc(OCC)cc1,tg,112.0,108.00331115722656,116.25407088866272,124.96149674169178,114.94389982312713
*CC(*)c1cc(C(=O)Oc2ccc(OCCCC)cc2)ccc1C(=O)Oc1ccc(OCCCC)cc1,tg,104.36,96.36244201660156,102.61959334962783,105.0063087886863,100.32138982311425
*CC(*)c1cc(C(=O)Oc2ccc(OCCCCCCCC)cc2)ccc1C(=O)Oc1ccc(OCCCCCCCC)cc1,tg,105.0,85.7047119140625,97.46571504232531,99.52487986197808,92.39513167720705
*CC(*)c1cc(C(=O)Oc2ccc(OCCCCCCCCCC)cc2)ccc1C(=O)Oc1ccc(OCCCCCCCCCC)cc1,tg,109.0,88.75694274902344,80.218741264329,83.9315121438944,85.51104178846262
*CC(*)c1cc(C(=O)Oc2ccc(OCCCCCCCCCCCC)cc2)ccc1C(=O)Oc1ccc(OCCCCCCCCCCCC)cc1,tg,108.0,80.02201843261719,73.70634868689018,77.91316975159289,78.07289818768871
*CC(*)c1cc(C(F)(F)F)cc(C(F)(F)F)c1,tg,116.0,105.5711669921875,108.97048670297278,114.8415683531401,109.13721332145296
*CC(*)c1cc(C)c(C)cc1C,tg,104.0,134.2245330810547,158.22175599991235,148.61769567184132,143.60445179484606
*CC(*)c1cc(C)ccc1C,egc,4.9137,4.939311504364014,4.7900871650108625,4.637708008478664,4.823849742605379
*CC(*)c1cc(C)ccc1C,tg,143.0,102.15321350097656,99.9368012575526,87.75765426737249,97.2443790908298
*CC(*)c1cc(Cl)ccc1Cl,tg,108.0,132.8524627685547,129.58196038439894,134.20850449248388,132.600534884695
*CC(*)c1cc(OC)c(O)c(OC)c1,tg,147.0,118.02632904052734,141.50828997720936,130.52436593917383,126.71413410261013
*CC(*)c1cc(OC)ccc1OC,egc,3.8323,3.873064994812012,4.060990622554339,4.188850126056887,4.001064475641602
*CC(*)c1ccc(-c2c3ccccc3cc3ccccc23)cc1,tg,270.0,209.96218872070312,224.07341156305387,228.331722610488,218.54264226675193
*CC(*)c1ccc(-c2ccc3c(c2)C(CCCCCC)(CCCCCC)c2cc(-c4ccc5c(c4)C(CCCCCC)(CCCCCC)c4ccccc4-5)ccc2-3)cc1,tg,78.33,89.25668334960938,135.349975807402,119.35667852485062,108.03262519918972
*CC(*)c1ccc(-c2ccc3c(c2)C(CCCCCC)(CCCCCC)c2ccccc2-3)cc1,tg,76.55,75.7228012084961,77.93412362369693,79.39406786921742,77.31264646375459
*CC(*)c1ccc(B(O[Si](C)(C)C)O[Si](C)(C)C)cc1,tg,84.0,22.09584045410156,62.796096822717715,49.57956787236887,38.9551000225987
*CC(*)c1ccc(B(Oc2ccc(-c3c(F)c(F)c(F)c(F)c3F)c3cccnc23)c2ccc(C(C)(C)C)cc2)cc1,tg,245.0,266.23919677734375,212.3950133429069,227.43330208128236,243.17843486368994
*CC(*)c1ccc(B(Oc2ccc(-c3ccc(N(C)C)cc3)c3cccnc23)c2ccc(C(C)(C)C)cc2)cc1,tg,230.0,224.52447509765625,239.8438314058998,245.11655052948333,234.04059380447552
*CC(*)c1ccc(B(Oc2ccc(Cl)c3cccnc23)c2ccc(C(C)(C)C)cc2)cc1,tg,238.0,220.94564819335935,214.19505569101707,221.36218663665352,219.68855279840776
*CC(*)c1ccc(B(Oc2cccc3cccnc23)c2ccc(C(C)(C)C)cc2)cc1,tg,240.0,238.6323699951172,222.10400891909603,207.7769888060992,225.69270872844746
*CC(*)c1ccc(C#N)cc1,tg,180.0,181.61557006835935,155.62547052364337,150.63271611726856,166.69387773007145
*CC(*)c1ccc(C(=O)CCC)cc1,tg,74.0,107.35574340820312,81.1840213721661,80.07165389325314,93.54110739888017
*CC(*)c1ccc(C(=O)CCCCC)cc1,tg,66.0,59.824249267578125,46.16650494316828,49.398203532224215,53.794502230252995
*CC(*)c1ccc(C(=O)CCN2CCCCC2)cc1,egc,2.7084,2.699683666229248,3.4396758815065502,3.452167046821352,3.0702464208958253
*CC(*)c1ccc(C(=O)CCN2CCCCC2)cc1,tg,38.0,57.94979095458984,48.540182843948216,47.88132966917637,52.90286179799719
*CC(*)c1ccc(C(=O)CCN2CCOCC2)cc1,egc,3.2629,3.8462305068969727,3.359191401053128,3.2259984161559907,3.568367933630297
*CC(*)c1ccc(C(=O)CCN2CCOCC2)cc1,tg,41.0,52.74695587158203,53.295363051004834,59.42189260594501,54.924680382512804
*CC(*)c1ccc(C(=O)Cc2ccccc2)cc1,egc,3.6382,3.325420379638672,3.4711783511801024,3.633909056473786,3.441975988011168
*CC(*)c1ccc(C(=O)Cc2ccccc2)cc1,tg,78.0,109.3850555419922,96.03903824188704,100.26853639285022,103.82445825808564
*CC(*)c1ccc(C(=O)N(CC)CC)cc1,tg,102.0,126.14037322998048,97.26663623068646,92.91432425553366,109.93262753166205
*CC(*)c1ccc(C(=O)N2CCCCC2)cc1,tg,114.0,158.7926025390625,130.91227419803636,139.8046468762397,147.1938782358258
*CC(*)c1ccc(C(=O)N2CCOCC2)cc1,tg,127.0,138.83892822265625,144.41688187369925,128.78669945964026,136.874122679817
*CC(*)c1ccc(C(=O)OCC(C)C)cc1,egb,4.8032,3.859086751937866,4.33414354626793,4.202609676497307,3.9692863017525903
*CC(*)c1ccc(C(=O)OCC)cc1,tg,94.0,88.49540710449219,97.72143697561292,104.13364004881552,95.22785417755206
*CC(*)c1ccc(C(=O)OCCC)cc1,tg,92.0,63.70387268066406,68.26147819675087,69.78223636661369,66.52015584421436
*CC(*)c1ccc(C(=O)OCCCC)cc1,tg,76.0,39.28516387939453,52.661693425034414,59.16042799994706,48.18062888742068
*CC(*)c1ccc(C(=O)OCCN(CC)CC)cc1,tg,74.0,58.634666442871094,33.79211782907516,41.39757539420786,48.20132245074277
*CC(*)c1ccc(C(=O)c2ccccc2)cc1,egc,3.5289,2.7660999298095703,3.2512712677411257,3.4966816698155903,3.0735389340334787
*CC(*)c1ccc(C(C)(C)O)cc1,tg,165.0,124.50375366210938,168.95098035851416,161.94405544807736,145.21272803389908
*CC(*)c1ccc(C(C)(O)CC)cc1,tg,186.0,111.97761535644533,129.82875546875522,134.16873030692224,122.50825564275155
*CC(*)c1ccc(C(C)(O)CCC)cc1,tg,130.0,119.94293212890624,123.9194566977938,119.40267248103282,120.59220508711081
*CC(*)c1ccc(C(C)(O)CCCC)cc1,tg,82.5,123.9913330078125,117.28580934735648,110.44052905487212,118.42219289008916
*CC(*)c1ccc(C(C)=NO)cc1,tg,134.0,133.40496826171875,142.3898668449959,139.0294180983194,136.98978598669422
*CC(*)c1ccc(C(C)=O)cc1,tg,115.5,160.52867126464844,118.68334528221293,130.2088290715092,142.55686333271348
*CC(*)c1ccc(C(C)C)cc1,tg,62.4,125.48214721679688,110.7020013631432,87.76316499272015,110.7779117194335
*CC(*)c1ccc(C(Cc2ccccc2)=NO)cc1,tg,111.0,113.7011260986328,99.7327193714658,107.08313475969098,108.78575492640493
*CC(*)c1ccc(C(F)(F)C(F)(F)C(F)(F)C(F)(F)C(F)(F)C(F)(F)C(F)(F)F)cc1,tg,42.0,49.69318389892578,89.52267224804957,73.08461724944314,65.10756798606297
*CC(*)c1ccc(C(O)C(F)(F)F)cc1,tg,110.0,112.87879943847656,119.93388360037343,122.03273942824458,117.15938053661336
*CC(*)c1ccc(C(O)CCN(C)C)cc1,tg,43.0,55.000579833984375,71.43645643264428,66.40929043447993,61.90472875675414
*CC(*)c1ccc(C(O)CCN2CCOCC2)cc1,egc,3.8601,3.5333023071289062,3.849897890097376,3.7039718315993446,3.650723936842394
*CC(*)c1ccc(C(O)CCN2CCOCC2)cc1,tg,50.0,62.627403259277344,48.02007824998877,59.98326481173166,58.81030932876044
*CC(*)c1ccc(C([Si](C)(C)C)[Si](C)(C)C)cc1,tg,156.0,127.36265563964844,118.8434708576026,102.53930561879773,117.9335861050866
*CC(*)c1ccc(C)cc1C,egc,4.8585,4.344294548034668,4.810641497719802,4.732389730496992,4.554414783361238
*CC(*)c1ccc(C)cc1C,tg,98.83,119.78665161132812,126.54607763501788,117.92801994235931,120.59939740982318
*CC(*)c1ccc(C)nc1,egc,4.8601,4.068084239959717,3.3585093052667703,3.584132624364047,3.7773386326440628
*CC(*)c1ccc(CCC(F)(F)C(F)(F)C(F)(F)C(F)(F)F)cc1,tg,23.0,63.06684112548828,40.249489941820755,48.86503098961124,53.98836402481355
*CC(*)c1ccc(CCC)cc1,tg,46.75,62.872703552246094,44.34712008687606,38.497607447183114,51.52790024474457
*CC(*)c1ccc(CCCCCC)cc1,egc,4.9872,4.705198764801025,4.255856576474897,4.251912795153084,4.481173339554624
*CC(*)c1ccc(CCCCCC)cc1,tg,-27.0,2.0003509521484375,5.3248087963782655,-3.7241626713011726,0.9118131450779348
*CC(*)c1ccc(CCCCCCCC)cc1,tg,-45.0,4.5189971923828125,-39.32763935103847,-36.7960150021384,-17.265450303241167
*CC(*)c1ccc(CCCCCCCCCCCC)cc1,tg,-52.0,1.9236297607421875,-21.809630243109584,-18.294640139792847,-9.204300296226943
*CC(*)c1ccc(CCCCCCCCCCCCCCCC)cc1,tg,4.5,4.8834686279296875,-40.71490401235301,-42.77546796481474,-19.223348729438733
*CC(*)c1ccc(CCl)cc1,egc,3.4202,4.276824951171875,4.309893437646626,4.235596098218259,4.273037125750029
*CC(*)c1ccc(COC(C)CC)cc1,tg,40.0,50.79339599609375,35.58485660814746,38.74060397279808,43.94196243588097
*CC(*)c1ccc(COC)cc1,tg,77.0,73.3876953125,60.73692967091512,49.422538778721375,63.37588238371839
*CC(*)c1ccc(COCCC(F)(F)C(F)(F)C(F)(F)C(F)(F)C(F)(F)C(F)(F)C(F)(F)C(F)(F)F)cc1,tg,53.33,16.567337036132812,27.933032117274387,19.41101520523003,19.780625564660937
*CC(*)c1ccc(COCCC(F)(F)C(F)(F)C(F)(F)C(F)(F)C(F)(F)C(F)(F)F)cc1,tg,18.0,17.59337615966797,27.458449371193687,29.56444611515407,23.32245717687989
*CC(*)c1ccc(COCCC(F)(F)C(F)(F)C(F)(F)C(F)(F)F)cc1,tg,13.0,38.0081787109375,20.54907141315131,25.993107391284155,30.70635052411552
*CC(*)c1ccc(COCCC)cc1,tg,22.0,40.82481384277344,31.29194716155747,33.38678062682273,36.56639559825852
*CC(*)c1ccc(COCCCCCC)cc1,tg,-20.0,8.833480834960938,-5.226722235664698,-4.441857685461287,1.8395740392573612
*CC(*)c1ccc(COCCCCO)cc1,tg,20.0,27.691909790039062,22.975184106401286,29.69893826221727,27.344463374698126
*CC(*)c1ccc(COCCO)cc1,tg,46.0,57.97649383544922,49.20648943702208,55.391521783863354,55.376167467822896
*CC(*)c1ccc(COCCOCC)cc1,tg,0.0,-0.196746826171875,16.270826265716043,3.1124524702336487,4.208035685942117
*CC(*)c1ccc(COCCOCCCCCCCC)cc1,tg,-42.0,-17.735870361328125,-16.134599748578367,-17.140778576209613,-17.222999970721673
*CC(*)c1ccc(COc2ccc(-c3ccc(-c4ccc(-c5ccc(CCCCCC)s5)s4)c4nsnc34)cc2)cc1,tg,122.0,117.33195495605467,114.30852380895196,97.80722476997737,110.67053840186776
*CC(*)c1ccc(COc2ccc(-c3ccc(-c4ccc(C)s4)c4nsnc34)cc2)cc1,tg,128.33,187.80709838867188,201.71401529207705,174.262940340416,186.47196173798903
*CC(*)c1ccc(C[Si](C)(C)C)cc1,tg,82.0,85.1300277709961,61.79414169492033,68.39860044549349,75.16246237760215
*CC(*)c1ccc(Cl)c(Cl)c1,tg,128.0,111.80974578857422,118.19501007924504,115.24716869272685,114.18419655259856
*CC(*)c1ccc(Cl)c(F)c1,tg,122.0,100.23651885986328,110.10568989624096,106.89394434665356,104.3224748978179
*CC(*)c1ccc(Cl)c([N+](=O)[O-])c1,egc,1.4833,3.3095788955688477,3.233108347144241,2.5712960153629454,3.091740716803039
*CC(*)c1ccc(Cl)cc1,tg,119.38,102.07962799072266,114.87471188095812,104.19874003902892,105.36221434041786
*CC(*)c1ccc(Cn2c3ccccc3c3ccccc32)cc1,tg,166.0,169.2174835205078,150.4388999443643,172.97843555652912,166.52563128397352
*CC(*)c1ccc(F)cc1,egc,2.0489,4.6969895362854,4.351433203056126,4.497973610550365,4.565365231762355
*CC(*)c1ccc(F)cc1,tg,98.23,120.97599029541016,106.50031678037782,99.8777613126783,111.47649165882905
*CC(*)c1ccc(I)cc1,tg,155.0,119.80514526367188,104.38094849698436,113.65312297313396,114.73504955458874
*CC(*)c1ccc(N(c2ccccc2)c2ccccc2)cc1,tg,123.5,160.57235717773438,120.24539025542394,122.06069683125013,140.3778516109792
*CC(*)c1ccc(O)cc1,tg,161.43,109.19873046875,147.9319318989842,143.86335927279666,127.87580244239251
*CC(*)c1ccc(OC(C)=O)cc1,tg,114.44,110.36444091796876,99.34739488772637,96.81319856604064,103.90996501330622
*CC(*)c1ccc(OC)cc1,tg,101.33,104.5078582763672,98.06794319282186,94.68927926697882,100.14794786014104
*CC(*)c1ccc(OCC)cc1,tg,86.0,62.752540588378906,70.55563616205586,77.11735843218476,68.79886793950679
*CC(*)c1ccc(OCCC(C)C)cc1,tg,57.0,77.19097137451172,60.35186659690746,49.843823446292035,65.2729088705091
*CC(*)c1ccc(OCCC)cc1,tg,70.0,58.94346618652344,56.31076949380736,55.998594883354826,57.49184486297935
*CC(*)c1ccc(OCCCC)cc1,tg,52.0,26.061805725097656,42.73480001483632,44.62232481104513,35.227305568613524
*CC(*)c1ccc(OCCOCCOC(C)=O)cc1,tg,-3.0,28.94867706298828,17.500963514903454,19.12436515742857,23.55884013101048
*CC(*)c1ccc(OP2(OCCOCCOCCOC)=NP(OCCOCCOCCOC)(OCCOCCOCCOC)=NP(OCCOCCOCCOC)(OCCOCCOCCOC)=N2)cc1,tg,-66.5,-31.283462524414062,14.091149602748954,-3.9961506804665703,-13.52527755009158
*CC(*)c1ccc(Oc2ccccc2)cc1,tg,85.0,108.46736145019533,117.6031385790354,102.58569312073296,108.52332618099443
*CC(*)c1ccc(S(=O)(=O)[N]([Li])S(=O)(=O)C(F)(F)F)cc1,tg,152.0,122.22901153564452,127.41328578215986,154.81033354723434,133.37359603665246
*CC(*)c1ccc([CH]([Sn]([CH3])([CH3])[CH3])[Sn]([CH3])([CH3])[CH3])cc1,tg,140.0,168.33102416992188,118.05752558949274,98.40100507971508,136.37399773802275
*CC(*)c1ccc([SiH](C)C)cc1,tg,105.0,94.2655029296875,82.28815531479029,72.37389564899604,85.03347644646732
*CC(*)c1ccc([Si](C)(C)C)cc1,tg,136.0,96.2178192138672,86.24174487384991,87.45192388432568,91.45758412892266
*CC(*)c1ccc([Si](O[Si](C)(C)C)(O[Si](C)(C)C)O[Si](C)(C)C)cc1,tg,114.0,5.6334075927734375,25.16278408924716,13.631460456777743,12.117474876869787
*CC(*)c1ccc2c(c1)OCO2,egc,4.4057,4.329372882843018,4.218404233170784,4.200240722599024,4.269375508045944
*CC(*)c1ccc2ccccc2c1,egc,3.6351,3.0619044303894043,3.1987763179003323,3.5637651299438686,3.2290291904060586
*CC(*)c1cccc(B(O[Si](C)(C)C)O[Si](C)(C)C)c1,tg,35.0,91.1810302734375,49.7457717858968,49.70977710992716,69.84332490057311
*CC(*)c1cccc(Br)c1,tg,102.0,82.0694580078125,131.4086546497432,116.35722855340596,102.80745593022314
*CC(*)c1cccc(C)c1,egc,5.185,4.781797885894775,3.980479825462812,4.266238057381211,4.461877416031305
*CC(*)c1cccc(C)c1,tg,74.83,83.17526245117188,101.40253075474232,90.05568356706753,89.04621402455811
*CC(*)c1cccc(C)n1,tg,92.0,88.34103393554688,82.62862692394343,88.62478076513219,87.25600491998286
*CC(*)c1cccc(F)c1,tg,86.0,96.51612854003906,97.96562589048,92.1630755907359,95.46695244315423
*CC(*)c1cccc(N(c2ccc(C)cc2)c2ccc(C)cc2)c1,tg,126.5,143.20907592773438,170.63084932151733,175.01468313475044,158.6792539194194
*CC(*)c1cccc(NC(C)=O)c1,tg,163.0,172.66616821289062,127.19774566812944,133.3716622185181,151.17386725914105
*CC(*)c1cccc(OC(C)=O)c1,tg,76.0,96.8218231201172,99.68810578998628,126.58456600769878,106.61847152475826
*CC(*)c1cccc2c1OCO2,egc,4.5452,4.158846855163574,4.084321730457084,4.20826240449172,4.15555899145206
*CC(*)c1cccc2ccccc12,tg,159.0,167.103271484375,172.78667576779802,181.94393971126016,172.8616256476229
*CC(*)c1ccccc1,tg,92.74,105.53849792480467,68.11129525064396,82.5956701975721,90.75612016561601
*CC(*)c1ccccc1Br,tg,148.5,139.45462036132812,113.68117309934738,114.15635966996076,126.33614158307545
*CC(*)c1ccccc1C(=O)N(C)C,tg,190.0,140.6998748779297,153.56808100821934,157.59525970364268,148.56904339992246
*CC(*)c1ccccc1C(=O)NC,tg,189.0,158.82620239257812,179.95614750289147,176.61967071414853,168.66944571674028
*CC(*)c1ccccc1C(=O)Nc1ccccc1,tg,191.0,212.96502685546875,178.75485191964128,200.49991904987135,202.08479625264138
*CC(*)c1ccccc1C(=O)OC,tg,130.0,144.17030334472656,132.72210862127596,127.54097202191866,136.67499104083836
*CC(*)c1ccccc1C(=O)OC(C)C,tg,146.0,146.01039123535156,134.98040725348486,128.79234184805617,138.41880089669866
*CC(*)c1ccccc1C(=O)OCC,tg,118.0,116.80506896972656,118.02792331418172,116.81563777807918,117.0594034586845
*CC(*)c1ccccc1C(=O)OCC(C)C,tg,127.0,104.42634582519533,87.74261985096958,81.6777294226568,93.96290469075153
*CC(*)c1ccccc1C(=O)OCCCC,tg,66.0,87.87277221679688,89.04805889449682,95.61921444407736,90.51071019129446
*CC(*)c1ccccc1C(=O)OCCCCC,tg,92.0,76.54486846923828,58.263010046959046,59.52009841192111,67.52419116102588
*CC(*)c1ccccc1C(=O)OCCN(C)C,tg,69.0,89.49341583251953,73.89445422850103,79.65714357479976,83.24758435949796
*CC(*)c1ccccc1COC,tg,89.0,105.6802215576172,86.03675930292323,90.49655816455852,96.94960520824303
*CC(*)c1ccccc1COCC,tg,74.0,66.12568664550781,77.78411469881937,90.5873438211251,76.08737266325502
*CC(*)c1ccccc1COCCC,tg,97.0,66.14552307128906,63.42373720948812,57.11063204467089,62.79144501175133
*CC(*)c1ccccc1COCCCC,tg,67.0,36.39904022216797,62.19015441784797,61.15029990933611,49.351911844923364
*CC(*)c1ccccc1COCCCCC,tg,47.0,32.98927307128906,49.95194355654927,47.4858930796303,40.95693364514228
*CC(*)c1ccccc1COCCc1ccccc1,tg,63.0,60.24651336669922,64.4754676119974,52.1706081989723,58.616190804365594
*CC(*)c1ccccc1COCc1ccccc1,tg,72.0,76.51078796386719,68.89607549396581,82.95397214492445,76.9408385934245
*CC(*)c1ccccc1Cl,tg,112.63,122.9194564819336,135.78080446761265,131.33595401658965,128.16396937254063
*CC(*)c1ccccc1O,tg,172.0,132.4148712158203,139.3022270683032,142.07996416916387,136.81915944057374
*CC(*)c1ccccn1,tg,101.64,100.68437957763672,88.97114655361011,98.15500827798758,97.49698000529455
*CC(*)c1cccs1,tg,71.0,99.09364318847656,46.33901996266479,49.74581592883939,72.99505470137107
*CC(*)c1ccncc1,egc,2.5368,4.740651607513428,4.566057388518599,4.421513213946968,4.6147316073163385
*CC(*)c1nc(C)nc(C)n1,egc,5.2445,5.224983215332031,4.448297556723157,5.276030948592987,5.064605616904364
*CC(*)c1nc(C)nc(C)n1,tg,70.0,39.53105163574219,85.44217229376498,93.50512922507276,65.65589453683705
*CC(*)c1nnn[nH]1,tg,72.0,125.31399536132812,107.92438339031337,127.5350462645178,122.4308897762476
*CC(*)n1c(C)c(C)c2ccccc21,egc,2.733,3.7885630130767822,2.7252787271968058,2.786661814460677,3.2776707092743034
*CC(*)n1cc2ccccc2n1,egc,3.7572,3.07300066947937,3.050999235439124,2.894513580940833,3.0195477953745136
*CC(*)n1ccc2ccccc21,egc,1.6204,3.513516902923584,3.296162398239155,3.3232790978893463,3.413041438303015
*CC(*)n1nnc2ccccc21,egc,4.0479,3.4887919425964355,3.6303476465182487,3.718544159900341,3.58300243963713
*CC(=C)COCC(=C)COC(=O)O*,tg,70.5,-8.082061767578125,-17.0230605865795,-2.4422634669163585,-8.172867655706666
*CC(=O)C(*)C,egc,4.7758,5.493765830993652,5.805883613578582,5.61585823265851,5.596978506695048
*CC(=O)C(*)c1ccc(C(C)(C)C)cc1,tg,158.0,140.72328186035156,110.1139498230805,106.72319720062438,123.91972487001144
*CC(=O)C(=S)C(*)=O,eea,4.8698,4.4796905517578125,3.779620616915149,3.4505055172299057,4.238919756092851
*CC(=O)C(=S)C(*)=O,egb,1.4812,1.2272887229919434,1.3259918157459571,1.6015592810717685,1.25018500932367
*CC(=O)C(=S)C(*)=O,ei,6.8667,6.701512813568115,6.785089672236383,6.728819399487703,6.72138568324136
*CC(=O)C(=S)C(*)=O,eps,6.33,4.698539733886719,5.072080606224756,4.822928062873732,4.903264024292129
*CC(=O)C(=S)O*,eea,2.8847,3.924856662750244,4.064878127115885,4.021385072745869,3.958442672785342
*CC(=O)C(=S)O*,egb,2.0217,2.3904476165771484,2.291961767791893,2.4316220031888105,2.367601724614775
*CC(=O)C(=S)O*,ei,6.719,6.902803897857666,6.877992311915578,6.866871430989381,6.888346650383472
*CC(=O)C(=S)O*,eps,4.8,4.98665714263916,5.4499435970469134,5.319917313607771,5.240567752311973
*CC(=O)C(=S)c1ccc(*)cc1,nc,2.03,2.0122945308685303,1.9572222908803036,1.9952665204137792,1.996190307077093
*CC(=O)C(=S)c1ccc(*)s1,egc,2.5515,2.616368293762207,2.9281957528699905,2.846471075350121,2.748875443225028
*CC(=O)CC(*)=O,eea,1.5258,2.031522750854492,2.046973753981074,1.6024217597869377,1.9766162091794597
*CC(=O)CC(*)=O,egb,4.6959,4.312177658081055,4.498779081872563,4.919991446113466,4.355463835948713
*CC(=O)CC(*)=O,egc,4.1544,5.190521240234375,5.155772248212785,5.4017151122183975,5.240132285496275
*CC(=O)CC(*)=O,ei,5.6663,6.619861602783203,6.78102359186842,6.927583064460974,6.736625385626322
*CC(=O)CC(*)=O,eps,3.79,3.5050084590911865,3.774666215774824,3.7545251175677943,3.6527981575620245
*CC(=O)CC(*)=O,nc,1.7565,1.685931921005249,1.7154629598978943,1.728025443819674,1.6977864861425944
*CC(=O)CC(*)=S,eea,3.0632,3.1739630699157715,3.38667464145518,3.1917050764655857,3.2078045656881935
*CC(=O)CC(*)=S,egc,2.8292,3.29623031616211,2.919769413230675,2.6095626550487614,3.025117885759822
*CC(=O)CC(*)=S,eps,3.82,4.077628135681152,4.338129803946954,4.1095605604626,4.220399712058689
*CC(=O)CC(*)=S,nc,1.8167,1.8094220161437988,1.8202276365891732,1.8354695809609467,1.8147992890182116
*CC(=O)CO*,ei,6.97,6.594862937927246,7.001640448863354,6.907664149715732,6.746911728732242
*CC(=O)CO*,nc,1.6922,1.7855570316314695,1.690079221781534,1.7123362819775825,1.753369761647335
*CC(=O)Cc1ccc(*)cc1,eea,1.8209,1.4541140794754028,1.6170811130550942,1.5953969609067586,1.4970606647898281
*CC(=O)Cc1ccc(*)cc1,egc,4.4305,5.163446426391602,4.997847843163824,4.281312300465928,4.886509956452821
*CC(=O)Cc1ccc(*)cc1,ei,6.2518,6.470820426940918,6.555192832791136,6.466364322596976,6.481034254503321
*CC(=O)Cc1ccc(*)cc1,eps,3.64,3.5749857425689697,3.629314071268689,3.585725342379944,3.60476114163667
*CC(=O)Cc1ccc(*)s1,eea,1.6069,1.9691014289855957,1.721893366038224,1.8706102207105464,1.9193924924643742
*CC(=O)Cc1ccc(*)s1,nc,1.799,1.8244816064834597,1.8120820953603265,1.838572373082892,1.8226062393678168
*CC(=O)N*,egc,6.0823,5.824615478515625,5.654560245221696,5.541464282156921,5.709495939438645
*CC(=O)N*,ei,7.2525,6.686398506164551,6.625963049474474,6.651613288617876,6.6674029579387
*CC(=O)NC(*)=O,egb,4.8368,5.279008388519287,4.6392812290746415,4.859374205443037,5.1306100373821995
*CC(=O)NC(*)=O,egc,4.269,5.308223724365234,4.90923156678456,5.021758320500048,5.14084011074408
*CC(=O)NC(*)=O,ei,5.8547,6.698632717132568,7.491417818493881,7.1585919782483565,6.948936854244851
*CC(=O)NC(*)=O,nc,1.7864,1.7426612377166748,1.726102334414389,1.7231765122492382,1.736416232663313
*CC(=O)NC(*)=S,eea,2.9562,3.1975183486938477,3.0832392393879435,3.0355697304691462,3.1590220862571803
*CC(=O)NC(*)=S,egb,3.0348,3.005505084991455,2.985254692385181,2.859171612420651,3.0008075747665357
*CC(=O)NC(*)=S,egc,2.887,3.2117438316345215,3.027164322071514,3.1623550650170267,3.1569074918567006
*CC(=O)NC(*)=S,ei,5.8386,6.190145492553711,6.675213126726639,6.566380860433238,6.3724519304650755
*CC(=O)NC(*)=S,nc,1.9255,1.9140195846557615,1.893100830301012,1.921885998934417,1.9093024006119883
*CC(=O)NCC(=O)O*,egc,6.011,6.194396495819092,5.905705945640573,5.829705336608185,6.030496136453986
*CC(=O)NCCCCCCNC(=O)CCc1ccc(O*)cc1,tg,72.0,65.13721466064453,68.11664986251594,73.88544895591146,68.45550326471795
*CC(=O)NCCCCCCNC(=O)CO*,egc,6.0674,5.614198684692383,5.7749322371052285,5.68059323738263,5.668307607568796
*CC(=O)NCCCCCCNC(=O)CO*,tg,10.0,54.150054931640625,34.295618723974464,40.375038458375414,45.81193884351529
*CC(=O)NCCCCCCNC(=O)COC(=O)CCCCC(=O)O*,egc,6.0986,6.03568172454834,5.786043873921159,5.78571928723064,5.91172884639213
*CC(=O)NCCCCCCNC(=O)COC(=O)CCCCCCCCC(=O)O*,tg,2.0,32.00983428955078,11.68364144484256,12.343180498271266,21.75207258011218
*CC(=O)NCCCCCCNC(=O)COC(=O)CCCCCCCCCCC(=O)O*,tg,0.9,11.155731201171877,4.798419478927886,10.52026437496042,9.653904895895053
*CC(=O)NCCCCCCNC(=O)COc1ccc(O*)cc1,egc,4.6023,5.139145851135254,4.88494687837756,5.016899770621435,5.048885790875929
*CC(=O)NCCCCCCNC(=O)COc1ccc(O*)cc1,tg,67.0,85.51936340332031,62.00096450825709,59.28255139114545,72.57349490755168
*CC(=O)NCCCCCCNC(=O)CS*,tg,-7.0,29.294898986816406,48.62862116418367,56.301795621261775,41.61986332503855
*CC(=O)NCCCCCCNC(=O)Cc1ccc(O*)cc1,tg,69.5,75.25348663330078,65.25072849801597,75.78907718135122,73.36552101901677
*CC(=O)Nc1ccc(*)cc1,eea,1.369,1.432262659072876,1.1085593354249976,1.1807892465530212,1.3508437513293585
*CC(=O)Nc1ccc(*)cc1,egc,4.5889,4.3025288581848145,4.096101266990156,4.3781878377131545,4.276781528895595
*CC(=O)Nc1ccc(*)cc1,eps,4.03,4.382257461547852,4.089904489620474,4.120300441357321,4.222029333495556
*CC(=O)Nc1ccc(*)cc1,nc,1.8294,1.9069905281066897,1.8211579151377535,1.8317354782479696,1.8771337972087523
*CC(=O)Nc1ccc(*)s1,eea,1.3272,1.4541034698486328,1.4532586886877448,1.544613723938312,1.466042168664838
*CC(=O)Nc1ccc(*)s1,egb,3.9328,3.433955192565918,3.7057756005134,3.478264493483771,3.497009730347047
*CC(=O)Nc1ccc(*)s1,egc,4.4758,4.063031196594238,4.102902989308883,3.9187661921976353,4.032762224532692
*CC(=O)Nc1ccc(*)s1,nc,1.8784,1.8841172456741333,1.8874396915189051,1.8984027623527313,1.8863835792034285
*CC(=O)Nc1ccc(Cc2ccc(NC(=O)CN3C(=O)c4ccc(C(=O)c5ccc6c(c5)C(=O)N(*)C6=O)cc4C3=O)cc2)cc1,tg,233.0,220.1889190673828,216.19408210548943,221.92831029142684,219.9068807035806
*CC(=O)Nc1ccc(Cc2ccc(NC(=O)COc3ccc4ccccc4c3Sc3c(O*)ccc4ccccc34)cc2)cc1,tg,241.0,184.96759033203125,234.40105926551217,224.69555356430195,207.40806186187655
*CC(=O)Nc1ccc(NC(=O)CN2C(=O)c3ccc(C(=O)c4ccc5c(c4)C(=O)N(*)C5=O)cc3C2=O)cc1,egc,2.4122,2.5166492462158203,2.748997790808673,2.7364736176973836,2.6285309852438323
*CC(=O)Nc1ccc(NC(=O)COc2ccc3ccccc3c2Sc2c(O*)ccc3ccccc23)cc1,tg,268.0,212.05352783203125,240.41751444484976,243.57246360182592,227.62845986578617
*CC(=O)Nc1ccc(Oc2c(F)c(F)c(Oc3ccc(NC(=O)c4ccc5c(c4)C(=O)N(*)C5=O)cc3)c(F)c2F)cc1,tg,254.0,253.78314208984375,226.81953107028357,220.86917120866525,238.06411755860603
*CC(=O)Nc1ccc(Oc2ccc(-c3ccc(Oc4ccc(NC(=O)CN5C(=O)c6ccc(C(c7ccc8c(c7)C(=O)N(*)C8=O)(C(F)(F)F)C(F)(F)F)cc6C5=O)cc4)cc3)cc2)cc1,tg,245.0,246.04425048828125,239.47018336656996,239.5053564419706,242.67148532554017
*CC(=O)Nc1ccc(Oc2ccc(NC(=O)CN3C(=O)c4ccc(C(=O)c5ccc6c(c5)C(=O)N(*)C6=O)cc4C3=O)cc2)cc1,egc,2.2667,2.462217092514038,2.4786712003194316,2.621016779790881,2.50907392393571
*CC(=O)Nc1ccc(Oc2ccc(NC(=O)CN3C(=O)c4ccc(C(=O)c5ccc6c(c5)C(=O)N(*)C6=O)cc4C3=O)cc2)cc1,tg,235.0,235.0628967285156,237.7789150414909,234.97443341279876,235.5931540935988
*CC(=O)Nc1ccc(Oc2ccc(Oc3ccc(NC(=O)CN4C(=O)c5ccc(C(=O)c6ccc7c(c6)C(=O)N(*)C7=O)cc5C4=O)cc3)cc2)cc1,egc,2.2729,2.4956021308898926,2.571223840586402,2.630301675865015,2.5491825725835655
*CC(=O)Nc1ccc(Oc2ccc(Oc3ccc(NC(=O)CN4C(=O)c5ccc(C(=O)c6ccc7c(c6)C(=O)N(*)C7=O)cc5C4=O)cc3)cc2)cc1,tg,230.0,239.2012939453125,228.616803727927,226.33141277396436,233.04642971904002
*CC(=O)Nc1ccc(Oc2ccc(Oc3ccc(NC(=O)CN4C(=O)c5ccc(C(c6ccc7c(c6)C(=O)N(*)C7=O)(C(F)(F)F)C(F)(F)F)cc5C4=O)cc3)cc2)cc1,tg,242.0,243.72634887695312,234.53670177477187,235.39294435079273,239.2613819670942
*CC(=O)Nc1ccc(Oc2ccc(S(=O)(=O)c3ccc(Oc4ccc(NC(=O)CN5C(=O)c6ccc(C(c7ccc8c(c7)C(=O)N(*)C8=O)(C(F)(F)F)C(F)(F)F)cc6C5=O)cc4)cc3)cc2)cc1,tg,241.0,239.42445373535156,230.61299970611609,235.41485227401307,236.37485717705363
*CC(=O)Nc1ccc(Oc2cccc(NC(=O)CN3C(=O)c4ccc(C(=O)c5ccc6c(c5)C(=O)N(*)C6=O)cc4C3=O)c2)cc1,tg,226.0,208.93836975097656,210.10024840717335,211.82637462820176,210.07042324712586
*CC(=O)Nc1ccc(Oc2cccc(Oc3ccc(NC(=O)CN4C(=O)c5ccc(C(c6ccc7c(c6)C(=O)N(*)C7=O)(C(F)(F)F)C(F)(F)F)cc5C4=O)cc3)c2)cc1,tg,221.0,231.11917114257812,225.90724047176377,219.73537821504695,226.52712362442475
*CC(=O)Nc1ccc(S(=O)(=O)c2ccc(NC(=O)c3ccc4c(c3)C(=O)N(*)C4=O)cc2)cc1,tg,232.0,256.35479736328125,215.1250498891332,251.27065668994203,246.31694253255628
*CC(=O)Nc1cccc2c(NC(=O)COc3ccc4ccccc4c3Sc3c(O*)ccc4ccccc34)cccc12,tg,264.0,232.91387939453125,248.5758316396531,235.9663868673757,237.0738427983681
*CC(=O)O*,eea,1.2063,1.5750890970230105,1.020224400336556,1.168205120484528,1.4387492909421662
*CC(=O)O*,ei,8.2018,7.832222938537598,7.487803620496178,7.669910966601892,7.735017199796607
*CC(=O)O*,eps,3.99,3.695079088211059,3.632165208870748,3.572860628377712,3.6605982582446375
*CC(=O)O*,nc,1.6701,1.68840491771698,1.7582597705972571,1.7538947655280572,1.7131182309023194
*CC(=O)O*,tg,55.86,49.551536560058594,45.42843691527402,24.907519785343084,41.0805119543386
*CC(=O)OC(*)=O,egc,6.3725,5.619711875915527,5.546729252901934,5.340921141316728,5.52755635598633
*CC(=O)OC(*)=O,ei,8.5901,7.000259876251221,6.877692102775517,7.041547608428832,6.996129026359639
*CC(=O)OC(*)=O,eps,3.95,3.9252891540527344,3.692940120304641,3.730157368840888,3.7979470220854066
*CC(=O)OC(*)=S,egb,3.73,3.274416446685791,3.396465271175098,3.348132948813346,3.3027282731340475
*CC(=O)OC(*)=S,eps,3.78,4.172875881195068,4.553322603728966,4.549903236468754,4.381385019218744
*CC(=O)OC(=O)c1ccc(O*)cc1Br,egc,4.4665,4.719232559204102,4.638971152459773,4.593163732966115,4.666957197320604
*CC(=O)OC(=O)c1cccc(O*)c1,egc,4.4815,4.859253406524658,4.801552692827057,4.960565962956641,4.873846941627602
*CC(=O)OCCCCCCOC(=O)Cn1c(=O)c2cc3c(=O)n(*)c(=O)c3cc2c1=O,egc,3.6832,3.270608901977539,3.5597974740840135,3.4911452393167064,3.3954365273481986
*CC(=O)Oc1ccc(*)s1,eea,1.4534,1.7088994979858398,1.4100775115401791,1.4804600206420977,1.6342325841475391
*CC(=O)Oc1ccc(*)s1,egb,4.2025,3.833498477935791,3.9101314225390382,3.675523368878666,3.851275122953917
*CC(=O)Oc1ccc(*)s1,egc,4.6247,4.1923041343688965,4.647762587582349,4.3347017694399055,4.333195452688825
*CC(=O)Oc1ccc(*)s1,eps,3.92,3.858744382858277,4.0563900953708245,4.073608617825521,3.9670668750999987
*CC(=O)Oc1ccc(*)s1,nc,1.8447,1.8448469638824463,1.8277593241250432,1.818831115352355,1.8378254893011226
*CC(=O)c1ccc(-c2ccc(*)cc2)cc1,egb,3.0649,3.0428590774536133,3.046573279983641,3.1560111889150937,3.0437206659028577
*CC(=O)c1ccc(-c2ccc(*)cc2)cc1,ei,6.2808,6.335854530334473,6.071107258323051,6.081043621845006,6.221140648373143
*CC(=O)c1ccc(-c2ccc(*)cc2)cc1,eps,3.96,3.835837364196778,4.0466147636805365,3.878172121289889,3.951356860825677
*CC(=O)c1ccc(-c2ccc(*)cc2)s1,egb,2.5123,2.7869186401367188,2.6138019376557575,2.580289017220146,2.746760530819043
*CC(=O)c1ccc(-c2ccc(*)cc2)s1,egc,3.4067,3.4372398853302,3.049381030367272,3.305135632985043,3.3143128604268344
*CC(=O)c1ccc(-c2ccc(*)cc2)s1,eps,4.58,4.718959808349609,4.706567899150807,4.675635814276353,4.712168249499264
*CC(=O)c1ccc(-c2ccc(*)cc2)s1,nc,2.0173,2.0414879322052,2.0119105442006013,2.001767750124435,2.029852990899403
*CC(=O)c1ccc(-c2ccc(*)s2)cc1,eea,2.4129,2.612156391143799,2.238403931613818,2.332928920743515,2.519632071867998
*CC(=O)c1ccc(-c2ccc(*)s2)cc1,egc,3.5141,3.4719338417053223,3.4101088842019824,3.2421418495716496,3.3956005441086394
*CC(=O)c1ccc(-c2ccc(*)s2)cc1,ei,5.9294,6.095277786254883,5.945014821639278,5.870276200277964,6.005450027776354
*CC(=O)c1ccc(-c2ccc(*)s2)cc1,nc,2.0511,1.9621870517730713,2.007948114121144,1.9875385183922736,1.9766625161646072
*CC(=O)c1ccc(-c2ccc(*)s2)s1,egb,2.3893,2.4629690647125244,2.3621158038471006,2.611210277105858,2.4395740010541047
*CC(=O)c1ccc(-c2ccc(*)s2)s1,egc,2.8653,2.8521595001220703,2.747207882628385,2.9595781344795227,2.8578118141265447
*CC(=O)c1ccc(-c2ccc(*)s2)s1,eps,4.89,5.133635520935059,4.733576037403303,5.0705238952215925,4.914377335416136
*CC(=O)c1ccc(C(*)=O)cc1,egb,2.9172,3.1367080211639404,3.771180801212141,3.7365902267028193,3.2838875069970164
*CC(=O)c1ccc(C(*)=O)cc1,egc,4.4703,4.129122734069824,4.29459405864196,4.173331229677841,4.178263940133025
*CC(=O)c1ccc(C(*)=O)cc1,eps,4.2,4.211048126220703,4.177054169308006,3.848656611696188,4.192417263516271
*CC(=O)c1ccc(C(*)=O)s1,eea,3.1941,3.234377861022949,2.6273258213525463,2.829159587881406,3.0905374635242033
*CC(=O)c1ccc(C(*)=O)s1,egb,2.9786,2.775993824005127,3.2377806610976703,2.942179169752192,2.8831151243745445
*CC(=O)c1ccc(C(*)=O)s1,egc,4.0034,3.8691372871398926,3.540301703047998,3.305030605558236,3.6420246308407194
*CC(=O)c1ccc(C(*)=O)s1,ei,7.202,6.901834964752197,6.720013638040225,6.694906002920462,6.813232311118047
*CC(=O)c1ccc(C(*)=O)s1,eps,4.49,4.573746681213379,4.469607540761937,4.4987686987887745,4.5166717713142095
*CC(=O)c1ccc(C(*)=O)s1,nc,1.9246,1.9283123016357424,1.94129474648876,1.935457252211104,1.9324143837284486
*CC(=O)c1ccc(C(*)=S)cc1,eea,3.7473,3.283277750015259,3.4816094709142704,3.3778074412032844,3.325226024992813
*CC(=O)c1ccc(C(*)=S)cc1,egb,2.4669,2.3045239448547363,2.244213584606536,2.421349460011662,2.290533671212007
*CC(=O)c1ccc(C(*)=S)cc1,egc,2.7253,2.9047513008117676,2.6950930343709367,2.799246050728697,2.8290347094651924
*CC(=O)c1ccc(C(*)=S)cc1,ei,6.4748,6.366788387298584,6.536068847330604,6.472237195346013,6.422460073608057
*CC(=O)c1ccc(C(*)=S)s1,egb,2.3542,1.9932680130004885,2.116610659991099,2.154917160195873,2.0218799691572045
*CC(=O)c1ccc(C(*)=S)s1,eps,4.78,4.812986850738525,4.978971306368346,5.230636297418297,4.90395694909604
*CC(=O)c1ccc(O*)cc1,eea,2.3793,2.117698431015014,2.104769746098645,1.9918213264223987,2.099007665280193
*CC(=O)c1ccc(O*)cc1,egb,3.8893,3.755894184112549,3.55438333837818,3.755768433242175,3.7091494480141467
*CC(=O)c1ccc(O*)cc1,ei,6.5457,6.737916946411133,6.714730269044214,6.791544077732646,6.75122587796644
*CC(=O)c1ccc(O*)s1,eea,2.4711,2.4686472415924072,2.2499195010353517,2.444931906771533,2.4331193237567974
*CC(=S)C(=O)C(*)=S,egb,0.725,0.4748117923736572,1.4607460455348944,1.7702303568780002,0.7035202586918886
*CC(=S)C(=O)C(*)=S,egc,1.5344,1.3076298236846924,3.220132979279875,2.983572215869838,2.1922681341592964
*CC(=S)C(=O)O*,eea,3.8755,3.7549896240234375,3.686382827241909,3.4285535085318557,3.701328077405183
*CC(=S)C(=O)O*,egb,2.0697,1.9263360500335691,2.0660485071817636,1.899416790292416,1.958745332597251
*CC(=S)C(=O)O*,eps,4.54,5.598027229309082,4.773036442750126,4.7641384179092885,5.145879510340217
*CC(=S)C(=O)O*,nc,1.92,2.054668426513672,1.9693204077424968,1.9543144708673752,2.0224876380491628
*CC(=S)CC(*)=S,egc,2.5423,1.319072723388672,2.909572335800694,2.8353430627573095,2.0880654558605047
*CC(=S)CC(*)=S,nc,1.9346,1.9297155141830444,1.9723511071950524,1.955109496553865,1.9433755561241088
*CC(=S)CO*,egb,2.5314,3.453291893005371,3.702111658377188,3.650715986887528,3.5110109414565094
*CC(=S)CO*,egc,3.0342,3.841634750366211,3.877575047103308,4.218659277853592,3.952181746961057
*CC(=S)CO*,ei,5.5936,6.08969259262085,6.145348033205049,6.339068706727886,6.174026945837602
*CC(=S)CO*,eps,4.16,4.312516689300537,4.250964100006744,4.21865317249909,4.278781933350233
*CC(=S)CO*,nc,1.8843,1.8187047243118288,1.8292380864631967,1.847242894408315,1.8242538340253847
*CC(=S)NC(*)=S,egc,2.5403,2.3933091163635254,2.7437842994542443,2.4849351519250655,2.4968460441275204
*CC(=S)NC(*)=S,eps,5.73,5.140179634094238,4.895218586499588,5.060099128703206,5.005925311851296
*CC(=S)NC(*)=S,nc,2.0504,2.027693033218384,2.1106373809103696,2.114514777386488,2.0579219802764097
*CC(=S)NO*,eea,2.2076,2.393958806991577,2.612722573855134,2.670711747044102,2.4632183103239105
*CC(=S)NO*,egb,3.2554,2.816314697265625,3.264637311623006,3.1074773732036984,2.9203126841665714
*CC(=S)NO*,egc,3.435,3.5411462783813477,3.604527755495981,3.722967724454296,3.6047893342754973
*CC(=S)NO*,ei,5.6761,5.715400695800781,5.655768136504958,6.116153290624758,5.830460302900663
*CC(=S)NO*,eps,5.15,4.688847541809082,4.4776526927913745,4.53770182776442,4.573099256134736
*CC(=S)NO*,nc,1.9431,1.9644283056259155,1.9421486483504224,1.9744166675395167,1.9595614865009092
*CC(=S)OC(*)=S,egb,2.7744,2.4545154571533203,2.6445663156732864,2.9013284092655733,2.4986018049348253
*CC(=S)OC(*)=S,egc,3.3702,3.276364803314209,2.97455606040804,3.0320443992525803,3.1422407412384668
*CC(=S)OC(*)=S,nc,1.9523,2.036348342895508,2.0149835105975384,1.972308695235927,2.024491923734953
*CC(=S)c1ccc(C(*)=S)cc1,eea,2.9742,4.079298496246338,3.322786625660879,3.162332991029831,3.845132747453337
*CC(=S)c1ccc(C(*)=S)s1,egb,1.6797,1.4180536270141602,1.67491172232662,1.5823333665013042,1.477637337441074
*CC(=S)c1ccc(C(*)=S)s1,ei,4.932,6.146867752075195,5.93689901627711,6.027565644276324,6.081349171091801
*CC(=S)c1ccc(C(*)=S)s1,eps,6.4,6.05051851272583,6.612184826491566,6.501245938422258,6.3583475778843415
*CC(=S)c1ccc(C(*)=S)s1,nc,2.4487,2.2741663455963135,2.2932689504811923,2.242278105028829,2.2760613471560385
*CC(=S)c1ccc(N*)cc1,eea,3.0309,2.541989803314209,2.8944334550281896,2.7407452230664395,2.6206351159275987
*CC(=S)c1ccc(N*)cc1,egc,2.6292,2.468017339706421,2.7683013938247556,2.5528176274760237,2.5584382352823756
*CC(=S)c1ccc(N*)cc1,ei,5.6636,5.40183687210083,5.478197870834181,5.532178454485541,5.45240630360039
*CC(=S)c1ccc(N*)cc1,eps,5.48,5.109457492828369,5.032414533979515,4.9181488271801,5.067233023569242
*CC(=S)c1ccc(O*)cc1,eea,3.1915,2.964134931564331,3.0357358450386296,2.9284414159820247,2.9699728989519967
*CC(=S)c1ccc(O*)cc1,egb,2.3706,2.047682762145996,2.2900897645411944,2.532815266583991,2.1039142335294527
*CC(=S)c1ccc(O*)cc1,egc,2.734,2.7499732971191406,3.2446840413018045,3.206828874233933,2.9851476940490076
*CC(=S)c1ccc(O*)cc1,eps,4.45,4.714161396026611,4.457266804531197,4.362108094239169,4.573366728434539
*CC(=S)c1ccc(O*)s1,egb,1.6344,2.2616770267486572,2.3220787191781103,2.4685593622924182,2.2756884868376765
*CC(=S)c1ccc(O*)s1,egc,2.8161,2.65344762802124,3.296828821788194,3.1865360812140375,2.942698801261308
*CC(=S)c1ccc(O*)s1,ei,5.946,5.760422706604004,5.716049402001491,5.6792646900559065,5.72937102705437
*CC(=S)c1ccc(O*)s1,eps,5.64,4.618223190307617,5.5296004769006775,5.355617792915253,5.117716236735278
*CC(=S)c1ccc(O*)s1,nc,2.1619,2.0098633766174316,2.132615572573109,2.1162531115940313,2.0524419022187645
*CC(C#N)(C#N)C(C#N)C(*)(C#N)C#N,egb,6.2447,6.008331775665283,6.060902236534179,6.302350206598316,6.020526614662323
*CC(C#N)(C#N)C(C#N)C(C#N)(C#N)C(C#N)C(C#N)(C#N)C(C#N)C(*)(C#N)C#N,egb,5.9056,6.486005783081055,6.068953382940915,5.781420452132747,6.3892615889275834
*CC(C#N)(C#N)CC(C#N)(C#N)C(C#N)C(*)(C#N)C#N,egb,6.5308,6.01885986328125,6.357920627144317,6.425594054844235,6.09751223492081
*CC(C#N)(C#N)CC(C#N)(C#N)C(C#N)C(*)(C#N)C#N,egc,6.9307,6.051340103149414,5.546040728573604,5.707074492579213,5.844394533710623
*CC(C#N)(C#N)CC(C#N)(C#N)CC(C#N)(C#N)C(C#N)C(*)(C#N)C#N,egb,6.4504,5.885882377624512,6.032495164691051,6.011276090867954,5.919892338801047
*CC(C#N)C(CCC(C)(O)C=C)C(*)(C)C,tg,50.0,107.8967742919922,59.35438900412201,82.24470586911765,89.99413385514312
*CC(C(=O)Oc1ccccc1)C(C(=O)O)C(*)(C)C,egc,5.2905,5.473782062530518,5.07564017386097,5.141392364556672,5.294105972681073
*CC(C)(C)C(=O)N*,egc,5.6887,5.722101211547852,5.80392228724106,5.850743526624702,5.7754260245058635
*CC(C)(C)C(=O)O*,egc,6.6633,6.636164665222168,6.587445322688426,6.521197840963657,6.593983700474313
*CC(C)(C)C(=O)O*,tg,-6.17,16.073333740234375,101.65745011674674,97.3496738155418,58.79038629088666
*CC(C)(C)C1C(=O)N(C(C)C)C(=O)C1*,egc,5.5919,5.179127216339111,5.645751218039013,5.49291678429955,5.369111700830784
*CC(C)(C)C1C(=O)N(C)C(=O)C1*,tg,156.5,138.75543212890625,153.48468826116948,169.26936524575115,151.22007934057632
*CC(C)(C)C1C(=O)N(CCCC)C(=O)C1*,tg,80.0,135.95106506347656,134.65243135416912,130.0754174416725,133.86660000922205
*CC(C)(C)C1C(=O)N(c2c(C)cccc2C)C(=O)C1*,tg,237.0,233.0570373535156,223.2601134720307,240.62332332599553,233.3865291816972
*CC(C)(C)C1C(=O)N(c2c(CC)cccc2CC)C(=O)C1*,tg,210.0,197.2674560546875,187.4037653123964,203.32867205821796,197.1175926337441
*CC(C)(C)C1C(=O)N(c2ccccc2C)C(=O)C1*,tg,207.0,213.2791748046875,222.3528359275214,235.5924969786389,222.04551701988197
*CC(C)(C)CO*,egc,5.8123,5.819465637207031,5.599472648478437,5.648385162954854,5.723605600925357
*CC(C)(C)CO*,tg,-50.0,-54.10978698730469,-36.74276528271306,-26.61584761825736,-42.03792248421836
*CC(C)(C)COC(=O)C(=O)O*,egc,4.957,5.660024166107178,5.699855833527864,5.953678853967123,5.748782446418698
*CC(C)(C)COC(=O)C1CCC(C(=O)O*)CC1,tg,30.0,21.178550720214844,28.912497989105603,45.49858384560609,30.290683753183473
*CC(C)(C)COC(=O)CC(=O)O*,egc,6.7138,6.704351425170898,6.3820541421641055,6.458607398396432,6.565243679538077
*CC(C)(C)COC(=O)CCC(=O)O*,egc,6.4486,6.560589790344238,6.624622169132253,6.440127652405771,6.542211517864159
*CC(C)(C)COC(=O)CCC(=O)O*,tg,-18.0,-15.160385131835938,-17.234907158812362,4.614783244642155,-9.468149083791095
*CC(C)(C)COC(=O)CCCCC(=O)O*,egb,6.5878,6.259178638458252,6.3161610322347395,6.336305176561526,6.272396919338519
*CC(C)(C)COC(=O)CCCCC(=O)O*,egc,6.692,6.724244117736816,6.70220085532834,6.6525035001499395,6.699797910171091
*CC(C)(C)COC(=O)CCCCCCC(=O)O*,egc,6.7281,6.5179314613342285,6.73833660169009,6.726598346668174,6.624100783556953
*CC(C)(C)COC(=O)CCCCCCCCC(=O)O*,egc,6.6996,6.704639911651611,6.645022936768962,6.652129932763038,6.676991157414472
*CC(C)(C)COC(=O)NC(=O)c1ccc(C(=O)NC(=O)O*)cc1,tg,102.0,101.71954345703124,89.60532321440226,106.60775986572374,100.74471359071546
*CC(C)(C)COC(=O)NC(=O)c1cccc(C(=O)NC(=O)O*)c1,egc,4.9585,5.017139434814453,4.641649925282527,4.740360753184897,4.857661828822778
*CC(C)(C)COC(=O)NC(=O)c1cccc(C(=O)NC(=O)O*)c1,tg,66.0,118.27337646484376,96.46206951148592,99.55315810162456,108.00351917348239
*CC(C)(C)COC(=O)NC1CCC(CC2CCC(NC(=O)O*)CC2)CC1,egc,5.9159,5.908438682556152,5.912252146512608,6.033254290140835,5.9432218949908675
*CC(C)(C)COC(=O)NCCCC(CCNC(=O)O*)OC,egc,6.1723,5.9104719161987305,5.735598426836902,6.198661957926277,5.949574556882487
*CC(C)(C)COC(=O)Nc1ccc(C)c(NC(=O)O*)c1,tg,-32.0,84.61569213867188,68.67303733609074,95.31477494820815,84.65264477091804
*CC(C)(C)COC(=O)Nc1ccc(Cc2ccc(NC(=O)O*)c(C)c2)cc1C,egc,4.5157,4.888528823852539,4.3778792075410635,4.332095602346209,4.6227110519738925
*CC(C)(C)COC(=O)Nc1ccc(Cc2ccc(NC(=O)O*)cc2)cc1,tg,94.0,81.36602783203125,87.43145302479151,86.22854560385045,84.1157164786617
*CC(C)(C)COC(=O)Nc1ccc(NC(=O)O*)cc1,egc,4.8883,4.93341064453125,4.902590040756168,4.970606918612739,4.936606650129069
*CC(C)(C)COC(=O)O*,egc,7.3547,6.893268585205078,6.931364424577407,6.9027872235436885,6.9044029629252694
*CC(C)(C)COC(=O)c1ccc(-c2ccc(-c3ccc(C(=O)O*)cc3)cc2)cc1,tg,100.0,103.54840087890624,70.43691121430957,97.40097841895025,94.8483440553411
*CC(C)(C)COC(=O)c1ccc(C=Cc2ccc(C(=O)O*)cc2)cc1,tg,80.0,93.20614624023438,69.57396977661692,82.23792981450856,84.96080515324154
*CC(C)(C)CS(=O)(=O)CC(C)(C)COC(=O)Nc1ccc(Cc2ccc(NC(=O)O*)cc2)cc1,tg,90.0,92.99761962890624,81.90165650011282,94.13330390107043,91.07086821340727
*CC(C)(C)CS(=O)(=O)CC(C)(C)COC(=O)O*,egc,6.8436,6.167407035827637,5.737017749612633,6.2255897527916675,6.0866622910881
*CC(C)(C)CS(=O)(=O)CC(C)(C)COC(=O)O*,tg,50.0,72.2379379272461,76.36495578541194,46.99616326966721,65.27580998747212
*CC(C)(C)CS(=O)(=O)CC(C)(C)COC(=O)c1ccc(C(=O)O*)cc1,tg,105.0,66.31494903564453,47.770697136940385,58.8922935618492,60.21115782348862
*CC(C)(C)CS*,tg,-51.03,-54.16529846191406,5.638546459583612,12.618598030087014,-21.224959070466802
*CC(C)(C)O*,egc,5.2445,6.187947750091553,5.807430766634754,5.833035082056299,6.006103658921641
*CC(C)(C)O*,tg,92.0,-98.82615661621094,52.857597357325,48.1069824115887,-22.224881305135114
*CC(C)(C)S*,tg,-14.0,-85.29481506347656,4.067492648375421,36.06867715785155,-29.399663894638714
*CC(C)(CC)C(=O)O*,tg,-7.4,19.522964477539062,53.35808693077348,59.669277894498705,38.89036570291296
*CC(C)(CC)CO*,egc,5.6322,5.723803520202637,5.641789632704835,5.776805257139578,5.719810318364774
*CC(C)(CC)CO*,tg,-47.0,-36.95611572265625,11.210189604349264,-2.6401388479173136,-16.450197884184803
*CC(C)(CC)COC(=O)CCCCCCCCC(=O)O*,egc,6.7916,6.610299110412598,6.577912222123631,6.6282346108294306,6.607908207730213
*CC(C)(CCC)COC(=O)c1ccc(-c2ccc(C(=O)O*)cc2)cc1,tg,95.0,39.28900909423828,58.29653185326227,55.84135748429877,48.31251222930101
*CC(C)(CCl)O*,egc,5.7953,5.9395833015441895,6.180842672434828,6.120259519281948,6.042822897439346
*CC(C)(CO)CO*,tg,62.0,-1.6226654052734375,20.174702418712943,26.314830789243103,11.496025192213397
*CC(C)(CO*)COCC(F)(F)C(F)(F)C(F)(F)F,tg,-45.0,-27.609771728515625,-20.61384767621872,-31.25387447890756,-27.30086989052026
*CC(C)(CO*)COCC(F)(F)F,egc,5.3043,6.418160438537598,6.621918095668004,6.568346372225433,6.504698394925406
*CC(C)(CO*)COCC(F)(F)F,tg,-41.0,-27.879730224609375,-34.30376840459569,-7.632641539944274,-22.93448938955904
*CC(C)(CO*)COCCC#N,egc,5.387,5.479785442352295,5.9686081633074615,5.999407928498477,5.730700264031763
*CC(C)(CO*)COCCC#N,tg,-52.0,-15.030517578125,-9.36143160397616,-10.526757263791607,-12.473195947683383
*CC(C)(CO*)COCCCCCCCCCCOc1ccc(-c2ccc(C#N)cc2)cc1,tg,7.0,15.3492431640625,11.108661890379118,6.939973622228251,11.876899114392284
*CC(C)(CO*)COCCOCCOCCOC,tg,-18.0,-61.72108459472656,-72.25836828796174,-73.77630958845086,-67.61421375535429
*CC(C)(COC(=O)NCCCCCCNC(=O)O*)C(=O)O,egc,6.2179,6.130792140960693,6.077721316603314,6.025785177463971,6.090342208809588
*CC(C)(COC(=O)NCCCCCCNC(=O)O*)C(=O)O,tg,-26.0,32.852806091308594,44.45865847157768,65.322875585329,45.281387072752196
*CC(C)(N=C=O)C1C(=O)OC(=O)C1*,egc,6.0105,6.121242523193359,5.575200337748228,5.5682317432839135,5.8484145381021655
*CC(C)(N=C=O)C1C(=O)OC(=O)C1*,tg,100.0,145.2225341796875,130.54895278581472,131.84842309473578,138.0721356359121
*CC(C)=CC(C)S(*)(=O)=O,tg,83.0,68.13350677490234,70.71253536134446,82.46795382936673,73.09788282987407
*CC(C)C(*)(C)C,tg,37.0,49.52375030517578,103.77633392511116,96.5599167366841,75.21469045577888
*CC(C)C(=O)O*,tg,-26.33,-33.791961669921875,41.85866260115908,44.79837282074102,6.054630105110075
*CC(C)C(C)COC(=O)c1ccc(C(=O)O*)cc1,egc,4.7326,5.17437744140625,4.658141412212911,4.440304498487758,4.85901992463146
*CC(C)C(C)COC(=O)c1ccc(C(=O)O*)cc1,tg,37.5,29.05194091796875,38.66368337067192,61.87567658981267,41.18052980286877
*CC(C)C1C(=O)N(CCC)C(=O)C1*,egc,5.8295,5.871166229248047,5.563399504439047,5.538896083474345,5.711798778331855
*CC(C)C1COC2C(C(=O)OC(O)(C(F)(F)F)C(F)(F)C*)CC12,egc,6.2241,6.864982604980469,6.295731075962765,6.2657686881896915,6.574388447784235
*CC(C)C=C(*)C,tg,2.08,-37.299102783203125,58.41407357279065,52.34519996977923,10.086479663227019
*CC(C)CCC(C)CNC(=O)c1cc(C(=O)N*)cc(C(C)(C)C)c1,tg,149.0,150.43759155273438,144.9733935716064,156.01896304038902,151.04253242195773
*CC(C)CNC(=O)O*,egc,6.3739,6.248678207397461,6.081397862160121,6.310632674632989,6.227988578608125
*CC(C)CNC(=O)O*,tg,40.0,23.510284423828125,62.97825756253529,44.52408220206037,38.114838942442276
*CC(C)CO*,egb,7.3501,7.119057655334473,7.178805306321596,7.27249615336874,7.132917396569314
*CC(C)CO*,egc,5.976,6.076202869415283,6.32825135799598,6.091123648765805,6.136807067468582
*CC(C)CO*,tg,-55.0,-64.21322631835938,-61.95291614672525,-60.13257091423691,-62.4866642936105
*CC(C)COC(=O)c1ccc(C(=O)O*)cc1,tg,55.0,54.91035461425781,53.18653280790515,57.64850269892868,55.40358037982743
*CC(C)O*,egb,6.9903,7.2196807861328125,7.55148067813689,7.6343784432218,7.29664884377103
*CC(C)O*,egc,5.7517,5.97076940536499,6.125085128382848,6.270811810739128,6.086949106835117
*CC(C)O*,tg,-58.58,-54.9075927734375,-12.704602394526743,-16.885943928741483,-34.479522795674775
*CC(C)S*,tg,-45.29,-63.37333679199219,-29.676277090695063,-32.178872057105565,-46.80385641401264
*CC(CBr)(CBr)COC(=O)CCCCC(=O)O*,egc,6.0899,6.6986188888549805,6.304073526879136,6.440070831128273,6.539821489078562
*CC(CBr)O*,egc,6.2128,5.458941459655762,5.356014233800726,5.748441970737374,5.5145418364379415
*CC(CBr)O*,tg,-14.0,-12.689559936523438,-17.927808809361213,-40.63215988482904,-22.410071110364562
*CC(CC(*)(C#N)C#N)c1ccc(CCl)cc1,egc,5.4178,5.343588352203369,4.1907280172789765,4.457262418624258,4.844015104387637
*CC(CC(*)(C#N)C#N)c1ccc(CCl)cc1,tg,150.0,92.68986511230467,91.12193567283094,78.9815430833415,88.12679238453124
*CC(CC(C)(C)C)O*,egc,5.3855,5.351925849914551,5.804574451982427,5.885787545140662,5.598595350154235
*CC(CC(C)C)S(*)(=O)=O,tg,23.0,44.03084564208984,52.5507436579745,52.938631110358514,48.536011459445255
*CC(CC(CC(*)c1ccccn1)c1ccccn1)c1ccccn1,ei,6.2005,6.207024097442627,6.367029319213004,5.931012905791206,6.144108427046515
*CC(CC(CC(CC(*)c1ccccc1)c1ccccc1)c1ccccc1)c1ccccc1,egb,4.8255,4.586399078369141,4.160955685303471,4.312152557000871,4.487708414543141
*CC(CC(CC(CC(*)c1ccccc1)c1ccccc1)c1ccccc1)c1ccccc1,egc,5.2025,4.658200740814209,4.133111013648551,4.114148952023207,4.392508801495122
*CC(CC(CC(CC(*)c1ccccc1)c1ccccc1)c1ccccc1)c1ccccc1,nc,1.6244,1.7969087362289429,1.8359113992761693,1.881150147431679,1.815363106709755
*CC(CC(Cl)(Cl)Cl)O*,tg,-36.0,30.88462829589844,5.840782821794388,26.511990422885177,24.390035500836852
*CC(CC)(CC)C(=O)O*,tg,60.0,-3.744918823242187,29.15513048765994,23.210965844415668,11.349570462389586
*CC(CC)(CC)COC(=O)c1ccc(-c2ccc(-c3ccc(C(=O)O*)cc3)cc2)cc1,tg,-20.0,133.02305603027344,95.77413274405106,95.67784724408202,113.82138825388914
*CC(CC)(CCl)CO*,tg,20.0,2.136810302734375,-14.308459124904877,11.950913940757715,1.7967709364093776
*CC(CC)(CO*)COC(=O)C(=C)C,tg,72.5,37.23793029785156,24.882315615426272,24.74205147720292,30.835146921381067
*CC(CC)N(*)C(=O)CCCC,tg,50.67,19.80189514160156,20.9718638431197,22.893534682972216,20.998611287375574
*CC(CC)O*,egc,5.7746,6.085910797119141,5.847674387351444,5.711690346283324,5.930739816616766
*CC(CC)O*,tg,-72.01,-65.61878967285156,-37.194867728672406,-31.407555404710138,-49.1985932894987
*CC(CC)S(*)(=O)=O,tg,32.73,38.006858825683594,43.019214079023556,37.1485474832256,38.7703978532643
*CC(CC)S*,tg,-50.0,-37.919525146484375,-5.208023169330003,-37.4198529073569,-31.04892382428153
*CC(CCC)C(CCC)COC(=O)c1ccc(C(=O)O*)cc1,egb,4.4708,4.033789157867432,4.522191259589489,4.378295361276475,4.147084436201965
*CC(CCC)C(CCC)COC(=O)c1ccc(C(=O)O*)cc1,tg,19.67,6.6397705078125,28.08197519897338,27.10912177031652,17.375004219855413
*CC(CCCC)C(CCCC)COC(=O)c1ccc(C(=O)O*)cc1,tg,16.0,-1.612030029296875,10.3877860262728,2.9313500693127708,2.2573137888137738
*CC(CCCC)O*,egc,5.4348,5.717298984527588,5.920101883100762,6.069990185848216,5.858668144928968
*CC(CCCCCC)C(CCCCCC)COC(=O)c1ccc(C(=O)O*)cc1,tg,-15.5,-6.4578857421875,-9.03962218807774,-3.715687009263803,-6.1395455155197824
*CC(CCCCCC)O*,tg,-71.67,-67.28070068359375,-58.36888114041379,-63.47120675361495,-64.27240848154217
*CC(CCCCCCCC)COC(=O)NC(=O)c1cccc(C(=O)NC(=O)O*)c1,tg,65.0,98.41719818115234,98.00640789800148,100.86937118267832,99.09152626546346
*CC(CCCCCCCCCC)C(CCCCCCCCCC)COC(=O)c1ccc(C(=O)O*)cc1,tg,-38.0,-10.745010375976562,-6.61111304168763,-4.491221646670567,-7.961444863457905
*CC(CCCCCCCCCC)O*,tg,-41.0,-44.7608642578125,-64.51215696029745,-68.38516982708896,-56.1250344005406
*CC(CCCCCCCCCCCC)COC(=O)NC(=O)c1ccc(C(=O)NC(=O)O*)cc1,tg,75.0,93.87338256835938,100.73132894641502,93.28870363394292,95.10049853932364
*CC(CCCCCCCCCCCC)COC(=O)NC(=O)c1cccc(C(=O)NC(=O)O*)c1,tg,112.0,56.79695129394531,66.78917387735615,63.75510637231929,61.00121256202654
*CC(CCCCCCOc1ccc(N=Nc2ccc(C#N)cc2)cc1)COC(=O)CCCCCCCCCCCCC(=O)O*,tg,21.5,19.757591247558594,18.57416812341848,14.400559518072072,17.857232526863662
*CC(CCCCCCOc1ccc(N=Nc2ccc(C(F)(F)F)cc2)cc1)COC(=O)CCCCC(=O)O*,tg,44.0,43.86377716064453,26.288779688948505,35.537805560629224,37.67951070132554
*CC(CCCCCCOc1ccc(N=Nc2ccc(C)cc2)cc1)COC(=O)CCCCC(=O)O*,tg,29.0,19.97588348388672,16.1704675726551,24.703709270397752,20.657314529640445
*CC(CCCCCCOc1ccc(N=Nc2ccc(Cl)cc2)cc1)COC(=O)CCCCC(=O)O*,tg,9.0,43.16741180419922,25.425864438313425,24.550702740820796,33.76514257534855
*CC(CCCCCCOc1ccc(N=Nc2ccc(OC)cc2)cc1)COC(=O)CCCCC(=O)O*,tg,22.0,45.13628387451172,23.528908782027816,23.83251676022857,34.10898252911263
*CC(CCl)(CBr)COC(=O)CCCCC(=O)O*,egc,6.6998,6.686467170715332,6.300249068378747,6.388569444707749,6.51884192545896
*CC(CCl)(CCl)C(=O)O*,egc,6.551,6.576594352722168,6.543598306989956,6.304098665101485,6.495121164074498
*CC(CCl)(CCl)COC(=O)C(=O)O*,egc,5.906,5.501513481140137,5.522119237670299,5.5123919364892355,5.5090934953733965
*CC(CCl)(CCl)COC(=O)CCCCC(=O)O*,egc,6.8357,6.672640800476074,6.778551487104774,6.675196631898538,6.697097149979778
*CC(CCl)(CO*)COC(C)=O,egc,6.4853,5.774932861328125,6.4105596512315595,6.325003615931497,6.067060458391454
*CC(CCl)O*,egc,6.3441,6.3869547843933105,6.327209172818825,6.4417093733671145,6.388434050987994
*CC(CCl)O*,tg,-21.5,-43.435150146484375,-17.83033521285187,-4.886113358152187,-26.251690967064725
*CC(CN1C(=O)C2C3C=CC(C3)C2C1=O)O*,tg,87.5,81.64305114746094,88.37761543328996,83.46798063869512,83.59033420141422
*CC(CO)(CCl)COc1ccc(C(c2ccc(O*)cc2)(C(F)(F)F)C(F)(F)F)cc1,tg,107.0,124.7239990234375,94.93126107679512,91.74672954643584,108.40454177335285
*CC(CO*)(CS(=O)(=O)C(C)C)CS(=O)(=O)C(C)C,tg,91.0,102.50233459472656,86.8500236913035,73.24254687382489,90.23618950243494
*CC(CO*)(CS(=O)(=O)CC)CS(=O)(=O)CC,egc,5.0473,5.088878631591797,4.801444060182884,4.966460770438478,4.991115296688747
*CC(CO*)(CS(=O)(=O)CCC)CS(=O)(=O)CCC,egc,4.6292,5.45945930480957,5.3237890839167745,5.312162572164796,5.388982470562572
*CC(CO*)(CS(=O)(=O)CCC)CS(=O)(=O)CCC,tg,71.0,77.72698974609375,65.63173560048394,65.49720140927968,71.45998570693898
*CC(CO*)(CS(=O)(=O)CCCC)CS(=O)(=O)CCCC,egc,5.4465,5.072531700134277,4.863912191544675,5.065857618491828,5.023912656283874
*CC(CO*)(CS(=O)(=O)CCCCC)CS(=O)(=O)CCCCC,egc,5.21,5.00728178024292,5.256992535854411,5.471377486407588,5.18945717194138
*CC(CO*)(CS(=O)(=O)CCCCC)CS(=O)(=O)CCCCC,tg,56.0,77.83644104003906,48.38575955996213,43.1339435572998,61.053450422930126
*CC(CO*)(CS(C)(=O)=O)CS(C)(=O)=O,egc,5.8874,5.0768842697143555,5.160233040772955,5.14407301066255,5.113847388962525
*CC(CO*)(CS(C)(=O)=O)CS(C)(=O)=O,tg,102.0,121.69693756103516,77.33855446859941,68.00802301239275,95.9791131519232
*CC(CO*)(CSC(C)C)CSC(C)C,egc,4.6686,4.5788068771362305,4.401085485493621,4.671910084404272,4.564241661060552
*CC(CO*)(CSC)CSC,egc,4.984,3.595151424407959,4.894942080889894,5.010077026292388,4.271374337573107
*CC(CO*)(CSC)CSC,tg,-6.0,-47.032989501953125,-24.41545680615451,-27.45726853923827,-36.33292534195538
*CC(CO*)(CSCC)CSCC,egc,4.7171,4.039886474609375,4.865015616804759,4.844793035846388,4.443799924914794
*CC(CO*)(CSCC)CSCC,tg,-32.0,-51.59944152832031,-21.22175879143066,-26.25130562834181,-37.5202348856493
*CC(CO*)(CSCCCCC)CSCCCCC,tg,-33.0,-29.365280151367188,-36.220974054299425,-41.633609002372026,-34.568472149569885
*CC(CO*)C(C)(C)C,egc,5.7599,5.875871181488037,5.6890572951773475,5.751845476614477,5.80024557753889
*CC(CO*)C(C)(C)C,tg,-4.0,55.23534393310547,-26.45542055453471,-12.703352832179007,17.44411465633408
*CC(COC(=O)CCCCCCCCCCN1C(=O)C2C3C=CC(C3)C2C1=O)O*,tg,-31.0,27.26018524169922,8.678235704875943,6.8098456769707525,17.11807345691545
*CC(COC(=O)CCCCCN1C(=O)C2C3C=CC(C3)C2C1=O)O*,tg,1.0,41.048431396484375,-0.2536745553821547,-0.7035670161702967,19.651205014913238
*CC(COC(=O)O*)OCCCCCCOc1ccc(C=Cc2ccc([N+](=O)[O-])cc2)cc1,tg,32.0,33.336204528808594,32.42724795056671,36.46358523085232,34.1171536133171
*CC(COC(=O)O*)OCCCCOc1ccc(C=Cc2ccc([N+](=O)[O-])cc2)cc1,tg,42.0,38.840293884277344,39.339333798348946,42.36085897057613,40.03196489388857
*CC(COC(C)(C)C)O*,tg,-24.0,-18.8919677734375,-22.063872731181128,-29.522492451601465,-22.832126382522667
*CC(COC(C)C)O*,tg,-67.0,-58.56367492675781,-56.019179563164705,-40.72580242812987,-52.522478710311326
*CC(COC(C)OCC)O*,tg,-67.0,-52.26527404785156,-55.10084966488641,-47.78915981351034,-51.46260074258971
*CC(COC(F)(C(F)(F)F)C(F)(F)F)O*,tg,-43.0,-59.586669921875,-18.55375502421578,-19.86731966803825,-38.87358378699895
*CC(COCC)O*,egc,5.5518,5.437859535217285,6.022839799114818,5.874920840613182,5.687905851629435
*CC(COCC)O*,tg,-61.0,-53.004180908203125,-69.98821848666601,-55.00289858142281,-57.109554478216324
*CC(COCC=C)O*,egc,5.2711,5.518293857574463,5.392222203701276,5.665320384430283,5.529974081554663
*CC(COCC=C)O*,tg,-74.0,-63.958892822265625,-56.44930002936261,-68.42888406657602,-63.80004767435917
*CC(COCC=C)S*,tg,-59.0,-54.084564208984375,-76.38241719207254,-58.42210897876981,-60.004519024831254
*CC(COCCCC)O*,tg,-79.0,-68.31840515136719,-78.5666567818808,-87.34021483538305,-76.30755562674695
*CC(COCCCCCC)O*,egc,5.6762,5.5550217628479,5.729982060380352,5.7659825982968975,5.651618842599169
*CC(COCCCCCC)O*,tg,-85.5,-53.49629211425781,-78.35372135143596,-77.88233385241398,-66.1444752961408
*CC(COCOCC(C)([N+](=O)[O-])[N+](=O)[O-])O*,tg,-17.5,-57.84022521972656,22.716151466473853,12.810086455781317,-19.442962265688838
*CC(COc1c(Cl)cc(C(C)(C)c2cc(Cl)c(O*)c(Cl)c2)cc1Cl)OC(C)=O,tg,100.0,129.0128936767578,118.03442512261068,130.6948818985441,127.27928381408475
*CC(COc1c(Cl)cc(Cl)cc1Cl)O*,egc,4.5851,4.650850296020508,4.476591778949687,4.494969036029999,4.569382510807093
*CC(COc1ccc(-c2ccc(C#N)cc2)cc1)O*,egc,4.4378,3.9659245014190674,4.0975949681324435,4.078854031632627,4.026162204364005
*CC(COc1ccc(-c2ccc(C#N)cc2)cc1)O*,tg,94.15,67.24059295654297,93.75814840654029,85.10968906349002,78.21336659254024
*CC(COc1ccc(C(C)(C)c2ccc(O*)cc2)cc1)OC(=O)C=Cc1ccccc1,tg,100.6,94.52464294433594,98.62950134937046,106.11017419076596,98.95181204905734
*CC(COc1ccc(C(C)(C)c2ccc(O*)cc2)cc1)OC(=O)C=Cc1ccco1,tg,107.2,90.43515014648438,62.59485905689049,56.60882724658295,74.25386533942486
*CC(COc1ccc(C(C)(C)c2ccc(O*)cc2)cc1)OC(=O)CC,tg,60.0,56.43080139160156,60.003490455759426,63.119617218060895,59.233736259206964
*CC(COc1ccc(C(C)(C)c2ccc(O*)cc2)cc1)OC(=O)c1ccccc1Cl,tg,66.0,80.53954315185547,99.78675647226862,96.080952545638,89.29948703857546
*CC(COc1ccc(C(C)(C)c2ccc(O*)cc2)cc1)OC(C)=O,tg,60.0,79.42707061767578,81.20973650374134,73.18217544256504,77.86098829079177
*CC(COc1ccc(C(C)(c2ccccc2)c2ccc(O*)cc2)cc1)OC(=O)c1ccccc1,tg,126.0,97.48796081542967,115.14830781346286,108.37368354552224,104.4817011439611
*CC(COc1ccc(C2CCCC(CC)(c3ccc(O*)cc3)C2)cc1)OC(C)=O,tg,107.0,111.5962905883789,95.0293177521332,100.81076338846324,104.85803036534809
*CC(COc1ccc(Cl)cc1)O*,egc,4.8901,4.086881160736084,4.59845802564864,4.63439781208598,4.350483244788985
*CC(COc1ccc(O*)cc1)OC(C)=O,tg,54.5,60.87592315673828,39.872752437077715,48.70620333545018,52.79861602501779
*CC(COc1ccc(S(=O)(=O)c2ccc(O*)cc2)cc1)OC(C)=O,tg,130.0,120.23089599609376,80.11091803704171,99.99002225170332,105.731609885628
*CC(COc1cccc(C)c1)O*,egc,5.1113,5.050602912902832,5.037116690645478,4.761519792886858,4.968998024604102
*CC(CS(=O)(=O)CC)O*,tg,57.0,45.23833465576172,59.40496265498509,48.100681561106725,49.03245953521987
*CC(CS(=O)(=O)CCC)O*,egc,6.0251,5.786656379699707,5.1944409906723195,5.2412592742032755,5.505538759263264
*CC(CS(=O)(=O)CCC)O*,tg,43.0,42.162994384765625,26.73844991160573,34.21973648011813,36.53864437047082
*CC(CS(=O)(=O)CCCCC)O*,tg,38.5,10.944183349609377,27.069163843626544,22.268636198849876,17.758433931031156
*CC(CS(C)(=O)=O)O*,egc,5.2613,6.1304779052734375,6.098501638522576,5.676132553208239,5.9998027499241795
*CC(CS(C)(=O)=O)O*,tg,59.4,73.02310180664062,39.16267511768609,43.43167036358878,56.916036281548486
*CC(CSC(C)C)O*,egc,4.8245,5.3201375007629395,4.872540366028025,4.946589607427894,5.118178159580595
*CC(CSC(C)C)O*,tg,-44.0,-40.65043640136719,-58.589999548032154,-47.01047855695453,-46.301321252614116
*CC(CSCC)O*,tg,-57.0,-71.24070739746094,-56.39369209258292,-49.064802006852005,-61.33155063917597
*CC(CSCCCC)O*,tg,-65.0,-76.22526550292969,-64.5424565299273,-63.30884370816764,-69.83050606275401
*CC(CSCCCCC)O*,tg,-68.0,-56.59352111816406,-64.3852273947398,-72.59008690415007,-63.142349820451386
*CC(C[N-][N+]#N)O*,egc,5.5722,4.772488594055176,5.771923970182623,4.7954683135931475,5.002963558268185
*CC(C[N-][N+]#N)O*,tg,-44.57,2.6992950439453125,-1.170563347121641,5.193732666468094,2.676516730647606
*CC(C[Si](*)(C)C)c1ccccc1,tg,5.67,-16.0870361328125,76.27672665608667,60.38089699997667,26.534294999569344
*CC(Cc1ccc(-c2ccccc2)cc1)C[Si](*)(C)C,tg,28.0,39.80120086669922,67.88712117150347,69.24684808940997,54.677596912061475
*CC(Cl)(C#N)C1C=CC(*)CC1,egc,5.4881,5.857972621917725,5.598496117671812,5.447098531607176,5.688073045205784
*CC(F)(F)C(F)(F)C(F)(F)C(F)(F)COC(=O)C(F)(F)C(F)(F)C(F)(F)C(F)(F)C(=O)O*,egc,6.3052,6.568118095397949,6.912786403976755,6.770932629836825,6.7005757127656125
*CC(F)(F)C(F)(F)C(F)(F)C(F)(F)COC(=O)CCCC(=O)O*,egc,7.0209,6.8448591232299805,6.791937464648397,6.716875353194845,6.79819705317216
*CC(F)(F)C(F)(F)C(F)(F)C(F)(F)COC(=O)NCCCCCCNC(=O)O*,egc,6.4368,6.652376651763916,6.462248922662523,6.60908559111053,6.597953031134355
*CC(F)(F)C(F)(F)C(F)(F)C(F)(F)COC(=O)NCCCCCCNC(=O)O*,tg,-2.0,37.082969665527344,40.73008872138314,24.329805521001543,33.88611266734368
*CC(F)(F)C(F)(F)C(F)(F)C(F)(F)COC(=O)O*,egc,7.7624,7.453192710876465,6.971239441224271,7.2476727520563635,7.28919909831137
*CC(F)(F)C(F)(F)C(F)(F)COC(=O)CC(CC(=O)O*)C(F)(F)C(F)(F)C(F)(F)F,egc,6.6602,7.006174564361572,7.096399438255827,7.001682505441142,7.02519594708807
*CC(F)(F)C(F)(F)C(F)(F)COC(=O)CCCC(=O)O*,egc,6.894,6.878346920013428,6.561376357488835,6.639411212914348,6.742284903876477
*CC(F)(F)C(F)(F)C(F)(F)COC(=O)CCCCC(=O)O*,egc,6.6433,7.003203392028809,6.844015144344782,6.969851261869846,6.958422827379899
*CC(F)(F)C(F)(F)C(F)(F)COC(=O)CCCCC(=O)O*,tg,-60.5,-28.243942260742188,-13.989395813358732,-26.374402218583526,-24.738927189762734
*CC(F)(F)C(F)(F)C(F)(F)COC(=O)CSCSCC(=O)O*,egc,5.1865,5.1267313957214355,5.7896753350221575,5.698006724694668,5.430751610665717
*CC(F)(F)C(F)(F)C(F)(F)COC(=O)NCC(F)(F)C(F)(F)C(F)(F)C(F)(F)CNC(=O)O*,egc,6.897,6.92465353012085,6.733163542310091,6.921425905642935,6.880814407354198
*CC(F)(F)C(F)(F)C(F)(F)COC(=O)NCCCCCCNC(=O)O*,egc,6.3766,6.474769115447998,6.372074046094019,6.474847497176405,6.451750243921258
*CC(F)(F)C(F)(F)C(F)(F)COC(=O)c1ccc(OCCCCC)c(C(=O)O*)c1,tg,9.0,24.286178588867188,21.30287981381622,21.426582902116735,22.78895809762608
*CC(F)(F)C(F)(F)C(F)(F)COC(=O)c1cccc(-c2cccc(C(=O)O*)c2)c1,tg,45.0,26.517776489257812,60.41115947296035,35.57899841381489,36.27985236750562
*CC(F)(F)C(F)(F)C(F)(F)COC(=O)c1cccc(C(=O)O*)c1OCCCCC,tg,17.0,17.611572265625,18.198283055805796,3.792688069591378,13.456663102552252
*CC(F)(F)C(F)(F)COC(=O)NCC(F)(F)C(F)(F)C(F)(F)C(F)(F)CNC(=O)O*,egc,7.202,6.902194023132324,6.795096356467777,6.784092462046705,6.846063484411255
*CC(F)(F)C(F)(F)COC(=O)NCC(F)(F)C(F)(F)C(F)(F)C(F)(F)CNC(=O)O*,tg,38.0,28.504859924316406,20.115726293208116,38.33964870362932,29.825228280972247
*CC(F)(F)C(F)=C(*)Cl,egc,4.8591,5.529548645019531,4.924201628807475,4.690821719351932,5.16575134455258
*CC(F)(F)C(F)=C(*)Cl,tg,-17.0,12.45697021484375,43.59859021077848,50.52514511245431,30.628420905911064
*CC(F)(F)C1(F)C(*)CC(O)(C(F)(F)F)C1(F)F,tg,152.0,135.4029083251953,115.23672881613446,118.48283365908958,126.02775167190308
*CC(F)(F)C1(F)CC(C(O)(C(F)(F)F)C(F)(F)F)CC1*,tg,118.0,166.81439208984375,148.6018357503254,123.5632504072506,149.69387545901822
*CC(F)(F)C1(F)CC(CC(O)(C(F)(F)F)C(F)(F)F)CC1*,egc,7.7065,6.761783599853516,6.922443444732943,5.967161745963679,6.581832689807796
*CC(O)C(O)CN(*)c1ccc(N(C)C)cc1,egc,3.7705,3.672689914703369,3.752166557188201,4.185898853054257,3.8300224526907654
*CC(O)C(O)COC(=O)O*,egc,6.9702,6.9387688636779785,6.853391167299225,6.891583037768253,6.906787778962014
*CC(O)C(O)COC(=O)O*,tg,51.38,78.49101257324219,34.68502826924969,40.79779364084774,57.835442918043555
*CC(O)CN(*)c1cc(C)c(N=Nc2ccc(C#N)cc2)c(C)c1,tg,150.0,137.75608825683594,149.18613710489907,157.25071263187138,146.13415609435938
*CC(O)CN(*)c1cc(C)c(N=Nc2ccc(Cl)cc2)c(C)c1,egc,2.6365,2.7192506790161133,3.0959954966332925,2.866738623108066,2.84386583889913
*CC(O)CN(*)c1cc(C)c(N=Nc2ccc(Cl)cc2)c(C)c1,tg,150.0,128.02783203125,146.98619010563854,153.44934131748414,139.78523385451018
*CC(O)CN(*)c1cc(C)c(N=Nc2ccc([N+](=O)[O-])cc2)c(C)c1,tg,152.0,133.42259216308594,142.67911871442476,143.2831849101043,138.37378051135164
*CC(O)CN(*)c1cc(C)c(N=Nc2ccc([N+](=O)[O-])cc2C)c(C)c1,tg,149.0,169.3929901123047,150.55811269313057,149.2337770797127,159.2890200401331
*CC(O)CN(*)c1cc(C)cc(C)c1,egc,4.5575,4.810576915740967,4.218321046496088,4.094259431757669,4.482990275459086
*CC(O)CN(*)c1cc(C)cc(C)c1,tg,80.0,86.92645263671875,104.4356401416255,103.66481614841618,95.69988248412926
*CC(O)CN(*)c1ccc(N=Nc2ccc(C#N)cc2)cc1,egc,2.0164,2.460599660873413,3.0231416369290995,3.00202171661815,2.733979389071499
*CC(O)CN(*)c1ccc(N=Nc2ccc(Cl)cc2)cc1,egc,2.6263,2.231226921081543,2.503302076496008,2.7601999631429477,2.4360549774949556
*CC(O)CN(*)c1ccc(N=Nc2ccc(Cl)cc2)cc1,tg,160.0,137.70880126953125,109.98753465256256,116.8049541523092,125.54998431589891
*CC(O)CN(*)c1ccc(N=Nc2ccc([N+](=O)[O-])cc2C)cc1,tg,156.0,136.32566833496094,135.38769813392142,122.41688647746147,131.82991332636678
*CC(O)CN(C)S(=O)(=O)c1ccc(-c2ccc(S(=O)(=O)N(C)CC(O)COc3ccc(C(C)(C)c4ccc(O*)cc4)cc3)cc2)cc1,tg,101.0,77.0015640258789,102.10048808260096,117.77685232895928,94.76992924699772
*CC(O)CN(C)S(=O)(=O)c1ccc(-c2ccc(S(=O)(=O)N(C)CC(O)COc3ccc(O*)cc3)cc2)cc1,tg,84.0,71.69791412353516,84.90312798212209,107.67532864462352,85.53998341741652
*CC(O)CN(C)S(=O)(=O)c1cccc(S(=O)(=O)N(C)CC(O)COc2ccc(-c3ccc(O*)cc3)cc2)c1,tg,58.0,89.0109634399414,90.80853697844763,95.42820796614626,91.36542841138406
*CC(O)CN(C)S(=O)(=O)c1cccc(S(=O)(=O)N(C)CC(O)COc2ccc(C(C)(C)c3ccc(O*)cc3)cc2)c1,tg,76.0,82.24364471435547,90.3893088471262,84.92672894652347,84.74614208402483
*CC(O)CN(C)S(=O)(=O)c1cccc(S(=O)(=O)N(C)CC(O)COc2ccc(Sc3ccc(O*)cc3)cc2)c1,tg,90.0,74.48995208740234,76.33492049636024,63.84469415475009,71.57525122836597
*CC(O)CN(CC(O)COc1ccc(C(C)(C)c2ccc(O*)cc2)cc1)c1ccc(C#N)cc1,tg,100.0,109.53871154785156,85.35574011117816,86.8021428855402,97.53932512770758
*CC(O)CN(CCO)S(=O)(=O)c1ccc(-c2ccc(S(=O)(=O)N(CCO)CC(O)COc3ccc(C(C)(C)c4ccc(O*)cc4)cc3)cc2)cc1,tg,76.0,85.2637939453125,94.65623881178064,119.5761595308922,97.80791976840959
*CC(O)CO*,egc,6.5192,5.940589904785156,6.283979152713114,6.244615993513404,6.100272096415467
*CC(O)CO*,tg,17.0,2.0377349853515625,7.881816044682894,6.354200101650775,4.573038437073187
*CC(O)COC(=O)C1CCC(C(=O)OCC(O)COc2ccc(C(C)(C)c3ccc(O*)cc3)cc2)CC1,tg,70.0,73.54701232910156,63.69947138789457,68.17943306472242,69.86455731777892
*CC(O)COC(=O)CCCCC(=O)O*,tg,-20.0,-25.932876586914062,-19.799163797262786,-17.9957397300127,-22.21792421204135
*CC(O)COC(=O)CCCCC(=O)OCC(O)COc1ccc(C(=O)Oc2ccc(O*)cc2)cc1,tg,37.0,44.33820343017578,36.80346846013513,40.89406490966286,41.725676725916884
*CC(O)COC(=O)CCCCC(=O)OCC(O)COc1ccc(C(C)(C)c2ccc(O*)cc2)cc1,tg,37.33,35.61268615722656,38.06524684742608,35.938123569821926,36.21690796687024
*CC(O)COC(=O)CCCCC(=O)OCC(O)COc1ccc(O*)cc1,tg,19.0,17.235939025878906,20.011257326753576,22.892657414046596,19.555849102886643
*CC(O)COC(=O)CCCCCCCCC(=O)OCC(O)COc1ccc(C(C)(C)c2ccc(O*)cc2)cc1,tg,30.0,28.40736389160156,25.51750778348501,25.583035563216825,26.940239367649802
*CC(O)COC(=O)CCCCCCCCC(=O)OCC(O)COc1ccc(C=C(C)c2ccc(O*)cc2)cc1,tg,30.0,42.665496826171875,29.25586385555147,27.58265375421955,35.245942507061926
*CC(O)COC(=O)CCCCCCCCCCC(=O)OCC(O)COc1ccc(C(C)(C)c2ccc(O*)cc2)cc1,tg,25.0,26.642807006835938,22.09932901040007,25.603251989255767,25.388360372100983
*CC(O)COC(=O)CCCCCCCCCCC(=O)OCC(O)COc1ccc(O*)cc1,tg,10.0,15.919677734375,14.383508541641197,15.665521264468495,15.52565389440824
*CC(O)COC(=O)c1cccc(C(=O)OCC(O)COc2ccc(C(C)(C)c3ccc(O*)cc3)cc2)c1,tg,97.0,83.83582305908203,81.8434671495716,63.398617697364585,77.10379002967747
*CC(O)COc1c(C)cc(C(C)(C)c2cc(C)c(O*)c(C)c2)cc1C,tg,130.0,114.24091339111328,122.30609674491797,132.3541772048832,121.5007661434527
*CC(O)COc1c(C)cc(C(C)(C)c2cc(C)c(OCC(O)COc3c(C)cc(S(=O)(=O)c4cc(C)c(O*)c(C)c4)cc3C)c(C)c2)cc1C,tg,145.0,138.20208740234375,118.52772968602864,131.168624404559,131.98668441025802
*CC(O)COc1c(C)cc(S(=O)(=O)c2cc(C)c(O*)c(C)c2)cc1C,tg,152.5,172.3421630859375,126.01700287706672,144.40747400722032,154.1885314122107
*CC(O)COc1c(Cl)cc(C(C)(C)c2cc(Cl)c(O*)c(Cl)c2)cc1Cl,tg,145.0,132.37136840820312,115.93074681903812,129.62239613053947,128.14544561972596
*CC(O)COc1c(Cl)cc(C(C)(C)c2cc(Cl)c(OCC(O)COc3ccc(C(C)(C)c4ccc(O*)cc4)cc3)c(Cl)c2)cc1Cl,tg,100.0,125.87689208984376,114.72020607670092,114.068339033906,119.93291002642306
*CC(O)COc1ccc(C(=O)c2ccc(OCC(O)COc3ccc(C(C)(C)c4ccc(O*)cc4)cc3)cc2)cc1,tg,120.0,110.564697265625,103.52400482724757,98.28468381727797,105.31990810512407
*CC(O)COc1ccc(C(C)(C)C2CCC(C)(c3ccc(O*)cc3)CC2)cc1,tg,135.0,128.7407684326172,115.38942868029248,115.45674886523187,121.88971281762882
*CC(O)COc1ccc(C(C)(C)c2ccc(O*)cc2)cc1,tg,87.45,84.25175476074219,80.23339597265442,83.51713571546323,83.19946340166166
*CC(O)COc1ccc(C(C)(C)c2ccc(OCC(O)COc3c(C)cc(C(C)(C)c4cc(C)c(O*)c(C)c4)cc3C)cc2)cc1,tg,100.0,111.62158966064452,120.61231048082205,116.62240218177104,115.01465820253264
*CC(O)COc1ccc(C(C)(C)c2ccc(OCC(O)COc3ccc(C4(c5ccc(O*)cc5)c5ccccc5-c5ccccc54)cc3)cc2)cc1,tg,161.0,132.87680053710938,138.21099575391017,135.90668649768787,134.90936978957518
*CC(O)COc1ccc(C(C)(C)c2ccc(OCC(O)COc3ccc(NC(=O)CCCC(=O)Nc4ccc(O*)cc4)cc3)cc2)cc1,tg,105.0,123.2053680419922,113.86782916016564,118.4592521196068,119.81989368226769
*CC(O)COc1ccc(C(C)(C)c2ccc(OCC(O)COc3ccc(NC(=O)CCCCC(=O)Nc4ccc(O*)cc4)cc3)cc2)cc1,tg,112.0,106.30181121826172,119.43704873142978,109.38971612637542,109.95396540938941
*CC(O)COc1ccc(C(C)(C)c2ccc(OCC(O)COc3ccc(Oc4ccc(O*)cc4)cc3)cc2)cc1,tg,85.0,100.6576919555664,98.68352604376068,89.98990552772554,96.9519133078906
*CC(O)COc1ccc(C(C)(C)c2ccc(OCC(O)COc3ccc(S(=O)(=O)c4ccc(O*)c(C)c4)cc3C)cc2)cc1,tg,117.5,116.1716766357422,130.6782792073555,129.42427139128344,123.25019726917745
*CC(O)COc1ccc(C(C)(C)c2ccc(OCC(O)COc3ccc(S(=O)(=O)c4ccc(O*)cc4)cc3)cc2)cc1,tg,130.33,106.6903076171875,114.87065394311831,111.78647076024392,109.94649802203435
*CC(O)COc1ccc(C(C)(C)c2ccc(OCC(O)COc3cccc(NC(=O)C(=O)Nc4cccc(O*)c4)c3)cc2)cc1,tg,119.0,128.41104125976562,108.4533524936946,117.2390627202166,120.8570694051264
*CC(O)COc1ccc(C(C)(C)c2ccc(OCC(O)COc3cccc(NC(=O)Cc4cccc(CC(=O)Nc5cccc(O*)c5)c4)c3)cc2)cc1,tg,119.0,91.10179138183594,123.5888457092452,116.18488639984608,105.5320739437626
*CC(O)COc1ccc(C(C)(C)c2ccc(OCC(O)COc3ccccc3C(=O)Nc3ccc(O*)cc3)cc2)cc1,tg,121.0,128.2053680419922,126.10086774185328,135.41750635027785,130.00462575346535
*CC(O)COc1ccc(C(C)(c2ccccc2)c2ccc(O*)cc2)cc1,tg,115.0,128.25660705566406,123.7074972445192,123.24993718472312,125.7736350288697
*CC(O)COc1ccc(C(C)CC(C)(C)c2ccc(O*)cc2)cc1,tg,75.0,92.81248474121094,94.6197899797528,80.53743071526955,89.38581542629264
*CC(O)COc1ccc(C2CCCC(CC)(c3ccc(O*)cc3)C2)cc1,tg,140.0,130.47341918945312,101.72528644089968,111.3245184443052,118.6467315345429
*CC(O)COc1ccc(O*)cc1,egc,4.7923,4.938231945037842,4.597598033745955,4.827188570819579,4.831624896255044
*CC(O)COc1ccc(O*)cc1,tg,54.5,78.24529266357422,63.86026740946112,72.22442607497689,73.42912733373309
*CC(O)COc1ccc(S(=O)(=O)c2ccc(O*)c(C)c2)cc1C,tg,132.5,141.7836456298828,115.69848296525228,134.26256367557633,134.1011756556306
*CC(O)COc1ccc(S(=O)(=O)c2ccc(OCC(O)COc3cccc(O*)c3)cc2)cc1,tg,105.0,98.22628784179688,99.13682256901792,85.85920793992783,94.58703076027787
*CC(O*)C(C)(C)C,egc,5.5394,5.625860214233398,5.677474360640654,5.685974372757366,5.653780476081873
*CC(O*)C(C)C,egc,5.7752,6.2998528480529785,5.742163287008721,5.790865425021565,6.036378234908411
*CC(O*)C(F)(F)F,eea,0.7546,1.4546549320220947,1.6008148152895842,1.5180332759467172,1.4847308716544043
*CC(O*)C(F)(F)F,egb,7.4158,8.152791976928711,8.300585992628186,7.582751827916832,8.187075949265873
*CC(O*)C(F)(F)F,egc,6.7566,7.182486057281494,7.307602527001666,7.063716617670284,7.178272433799911
*CC(O*)C(F)(F)F,ei,7.9431,8.255949974060059,8.338013408193767,8.104326703854213,8.220587120325423
*CC(O*)C1CC(F)(F)C1(F)F,tg,-25.0,49.518463134765625,87.76472004712257,72.41245881725389,64.45389326085524
*CC(O*)c1ccccc1,egc,5.2866,4.894181728363037,4.662479942919422,4.716653795191214,4.793942200242623
*CC(O*)c1ccccc1,tg,32.38,27.786544799804688,42.63535033237279,45.985712423382665,36.46572279499398
*CC(O*)c1ccco1,egc,5.0251,5.336012840270996,4.621383616071886,4.733048495138572,5.011782985354981
*CC(O*)c1ccco1,tg,12.5,17.801727294921875,21.767119510949502,13.231630093022003,17.201940028857244
*CC(OC(=O)C(=O)OCC)C(COC(=O)O*)OC(=O)C(=O)OCC,tg,51.38,57.496612548828125,23.269722011047904,22.139039742094468,39.53034577128773
*CC(OC(=O)C(CC(C)C)NC(=O)OCc1ccccc1)C(COC(=O)O*)OC(=O)C(CC(C)C)NC(=O)OCc1ccccc1,tg,51.38,49.14708709716797,75.45127508455211,83.76981121285101,65.25938929504193
*CC(OC(=O)OCC)C(COC(=O)O*)OC(=O)OCC,egc,7.1757,6.868649482727051,6.695233266554692,6.414194646562855,6.706211772717387
*CC(OC(=O)OCC)C(COC(=O)O*)OC(=O)OCC,tg,49.8,-28.048507690429688,1.82531373187783,24.740486437662355,-5.582936285856712
*CC(OC(=O)Oc1ccc(C(=O)OC)cc1)C(COC(=O)O*)OC(=O)Oc1ccc(C(=O)OC)cc1,tg,51.38,46.021949768066406,62.68897908719768,65.47373130598652,55.4619689149888
*CC(OC(C)=O)C(CCC(C)(O)C=C)C(*)(C)C,tg,85.0,51.700836181640625,48.56922661732319,41.3067274586481,47.84209438030252
*CC(OC(C)=O)C1C(=O)N(c2ccc(C)cc2)C(=O)C1(*)Cl,egc,4.7107,4.743997097015381,4.004568359718935,4.324107678536671,4.463967154093483
*CC(OC(C)C)C1C(=O)OC(=O)C1*,tg,142.0,193.09451293945312,146.74070600648585,134.16528748450878,165.34572942982842
*CC(OC)C(C(=O)O)C(*)C(=O)O,egc,6.3287,6.054595470428467,6.304162874152209,6.304160974797578,6.178424648300865
*CC(OC)C1(C)C(=O)OC(=O)C1(*)C,tg,170.2,220.9141540527344,151.96578982869542,153.91202290895325,186.02883152405525
*CC(OC)C1C(=O)N(c2ccc(N(C)C)cc2)C(=O)C1*,tg,221.0,222.086181640625,207.54801396129935,184.92311050527195,207.60361777980182
*CC(OC)C1C(=O)OC(=O)C1*,egc,5.9975,6.22613525390625,6.0184130171904044,6.258758874103554,6.188399501932903
*CC(OC1CCCCC1)C1C(=O)OC(=O)C1*,egc,5.6267,6.166864395141602,6.180543835599128,6.057300161528502,6.1401514682080895
*CC(OC1CCCCC1)C1C(=O)OC(=O)C1*,tg,201.0,169.37570190429688,143.6739357262321,144.93615026552442,156.5376124073332
*CC(OC=O)C(COC(=O)O*)OC=O,egc,7.0946,7.0401201248168945,6.3812897964712745,6.5528650264346835,6.759861376414187
*CC(OCC(C)C)C(C)(C(=O)OC)C(*)(C)C(=O)OC,tg,125.5,95.05150604248048,78.69331063216546,64.19733955995868,82.1471573606094
*CC(OCC)C(C(=O)OC)C(*)C(=O)OC,tg,50.0,52.935943603515625,54.938365660419656,56.34698359818918,54.402389010684686
*CC(OCC)C1C(=O)OC(=O)C1*,tg,146.0,148.05606079101562,114.88016835418068,117.29614796123708,131.72802564669402
*CC(OCCCC)C(C(=O)OC)C(*)C(=O)OC,tg,32.5,35.45957946777344,29.969755559542136,25.811023960752905,31.34733546256455
*CC(OCCCC)C1C(=O)OC(=O)C1*,tg,118.0,148.2821044921875,98.60837307092746,89.78460499742442,119.98527602947564
*CC(OO*)c1ccc(Br)cc1,tg,9.6,28.208526611328125,72.92443005985778,52.81879295819505,45.003231934994226
*CC(S*)c1ccccc1,tg,-2.5,43.9366455078125,62.4187466865429,65.54536443498182,54.41664355226344
*CC(c1ccccc1)C1C(=O)N(C(C)(C)C)C(=O)C1*,tg,178.0,178.2883758544922,196.76051582695175,183.29769709004705,183.63071032532974
*CC(c1ccccc1)C1C(=O)N(C)C(=O)C1*,tg,205.0,172.5925750732422,186.0368745866535,188.92283974182652,180.4051813584989
*CC(c1ccccc1)C1C(=O)N(CCCCCCCCCCCC)C(=O)C1*,tg,70.0,69.74488067626953,67.07549503428315,85.20768114848528,73.98079954528725
*CC(c1ccccc1)C1C(=O)N(CCCCNC(=O)C(F)(F)C(F)(F)C(F)(F)C(F)(F)C(F)(F)C(F)(F)C(F)(F)F)C(=O)C1*,tg,113.0,133.8319549560547,103.1950153495684,116.43399937060045,122.15919333209945
*CC(c1ccccc1)C1C(=O)N(CCCN(CC)c2ccc(N=Nc3ccc([N+](=O)[O-])cc3Cl)c(C)c2)C(=O)C1*,tg,149.0,142.7890167236328,150.91803097992928,165.9666872895261,151.62883030794288
*CC(c1ccccc1)C1C(=O)N(CCN(CC)c2ccc(N=Nc3ccc([N+](=O)[O-])cc3)cc2)C(=O)C1*,tg,171.67,150.1406707763672,141.6582680157898,157.27820298124396,150.60739705129205
*CC(c1ccccc1)C1C(=O)N(c2ccc(NC(=O)OCC3CCCN3c3ccc([N+](=O)[O-])cc3)cc2)C(=O)C1*,tg,208.0,213.99588012695312,203.2667974428628,178.7244521524263,200.8806084167452
*CC(c1ccccc1)C1C(=O)OC(=O)C1*,egc,5.3123,5.279821872711182,5.182142269423212,5.333286987101139,5.272439941610883
*CC(c1ccccc1)C1C(=O)OC(=O)C1*,tg,177.0,188.32913208007812,170.100419220927,154.34934489949688,174.0737240578758
*CC(c1ccccn1)C(c1ccccc1)C(*)c1ccccn1,tg,150.0,126.02806091308594,135.86171014718064,144.90073934006872,133.88595012895894
*CC/C=C\C[Si](*)(C)c1ccccc1,tg,-12.65,-13.302597045898438,2.649155876868174,0.1252376004167388,-5.873155353764656
*CC1(*)CC(=O)N(c2ccccc2)C1=O,tg,236.0,209.74021911621097,210.6172629372539,225.91184453525895,214.92355704240703
*CC1(*)CCCCC1,egc,6.3291,5.87529182434082,6.4811018660697695,6.485528098464878,6.177084196027777
*CC1(*)CCCCC1,tg,100.0,104.56478881835938,126.12188360896997,97.66883149257716,106.85717194150479
*CC1(*)OCC(c2ccccc2)O1,tg,75.0,110.23263549804688,116.10705543650472,77.15521487187641,101.2050294523884
*CC1(C)CC(*)(C)C(=O)OC1=O,egc,6.0049,6.0787506103515625,5.949277706849483,5.861430813695904,5.9906303597667225
*CC1(C)CC(*)(C)C(=O)OC1=O,tg,144.0,161.22860717773438,155.5693626171595,170.49096465840253,162.93234787334973
*CC1(C)CC(N2C(=O)c3ccc(-c4ccc5c(c4)C(=O)N(*)C5=O)cc3C2=O)CC(C)(C)C1,egc,3.6926,3.566283941268921,3.510307694571447,3.446065984056304,3.5210474779730303
*CC1(C)CC(N2C(=O)c3ccc(-c4ccc5c(c4)C(=O)N(*)C5=O)cc3C2=O)CC(C)(C)C1,tg,311.0,293.6590576171875,282.9662481101987,273.9362702711759,285.3617622541877
*CC1(CO*)CC2C=CC1C2,egc,5.6096,4.874598503112793,5.147972677388508,4.842484739141043,4.92720220179681
*CC1(COC(=O)O*)CC=CCC1,tg,30.0,57.72962188720703,60.85015518126333,68.85354884787081,61.81188503698229
*CC1CC(*)C(=O)OC1=O,egc,6.1563,6.17606782913208,6.14186696401721,6.16887013779284,6.166438194024703
*CC1CC(*)C(=O)OC1=O,tg,140.0,134.4814910888672,108.9369828479234,119.53282790229188,124.61203467618937
*CC1CC(*)C(OC(=O)CCCCCCCCCCOc2ccc(-c3ccc(C#N)cc3)cc2)C1OC(=O)CCCCCCCCCCOc1ccc(-c2ccc(C#N)cc2)cc1,tg,14.5,52.510162353515625,45.68067083011312,40.32526084072104,47.33816121122813
*CC1CC(*)CN(c2nc(N)nc(N)n2)C1,egc,5.1254,4.981869220733643,4.939463728530104,4.997574864176189,4.976624467291126
*CC1CC(*)OC(C)O1,egc,6.0468,6.277077674865723,6.347890464713165,6.316194063609337,6.303597594977166
*CC1CC(*)OC(CCC)O1,tg,45.92,112.15145111083984,71.14337491738763,63.19128753111478,88.58448791679444
*CC1CC(*)OCO1,egc,6.5995,6.005909442901611,6.135113904276433,6.248250179212866,6.100770711694871
*CC1CC(*)OCO1,tg,68.0,99.9778289794922,65.2727986952374,68.33364602178585,83.06226536596873
*CC1CC(CNC(=O)c2cccc(C(=O)N*)c2)CC(C(C)(C)C)C1,egc,4.8842,4.729922771453857,4.910147672752201,4.682269590805552,4.757403985179365
*CC1CC(COC(=O)c2ccc(C(=O)O*)cc2)CC(C(C)(C)C)C1,tg,118.0,124.15338134765624,98.1735592927228,100.55740107064216,111.51919312826631
*CC1CC1CNC(=O)C1CC1C(=O)N*,egb,5.6374,6.246796607971191,5.893487152442921,5.8653106538677635,6.164838948572998
*CC1CC1CO*,egc,5.9176,6.079136371612549,6.150194609205551,6.0580187743336715,6.089338430047811
*CC1CC1COC(=O)NC1CC1NC(=O)O*,egc,6.5515,6.2201337814331055,6.142663701309875,6.191334768780555,6.1949247542700245
*CC1CC1COC(=O)Nc1ccc(C)c(NC(=O)O*)c1,egb,4.7181,4.906157970428467,3.9891790683514015,4.228212649557352,4.693445167655072
*CC1CC1COC(=O)c1cccc(C(=O)O*)c1,egb,4.4908,4.120594501495361,4.582002613967104,4.579268264960811,4.2276279486160435
*CC1CC1COC(=O)c1cccc(C(=O)O*)c1,egc,5.0466,4.782286167144775,4.92470579580293,4.90172681449691,4.846705366546138
*CC1CC2CC1C1CCC(CN3C(=O)c4ccc(C(=O)c5ccc6c(c5)C(=O)N(*)C6=O)cc4C3=O)C21,tg,217.0,188.1770172119141,223.1877241590097,214.7426847062941,203.58411868448212
*CC1CC2CC1C1CCC(CN3C(=O)c4ccc(C(c5ccc6c(c5)C(=O)N(*)C6=O)(C(F)(F)F)C(F)(F)F)cc4C3=O)C21,tg,207.0,253.8563232421875,227.66980917010335,229.21832620633285,240.85731379312844
*CC1CC2CC1C1CCC(CN3C(=O)c4ccc(Oc5ccc6c(c5)C(=O)N(*)C6=O)cc4C3=O)C21,tg,201.0,194.00035095214844,222.73469780356493,222.41258886241863,208.69015347857916
*CC1CCC(*)C1,egc,6.9613,6.644997596740723,6.3952841454299625,6.516625329624419,6.554078653775583
*CC1CCC(CNC(=O)CCCCC(=O)N*)CC1,tg,113.0,117.421630859375,94.3509665489482,95.94916292155472,106.04170745299372
*CC1CCC(CNC(=O)CCCCCC(=O)N*)CC1,egb,5.2823,6.075994491577148,6.15358721747963,6.0425671701604955,6.09399377832645
*CC1CCC(CNC(=O)CCCCCCC(=O)N*)CC1,egc,5.8707,5.774177074432373,5.888653772972071,5.849783850494784,5.820412115532827
*CC1CCC(CNC(=O)CCCCCCCC(=O)N*)CC1,egc,5.7062,5.800898551940918,5.843885684441125,5.845603907515599,5.822694844645412
*CC1CCC(CNC(=O)CCCCCCCCC(=O)N*)CC1,egc,5.7331,5.8002519607543945,5.838906598228526,5.768696471765661,5.80034685180916
*CC1CCC(CNC(=O)CCCCCCCCC(=O)N*)CC1,tg,89.0,94.76756286621094,97.50875485604834,96.30707488656816,95.80666114844203
*CC1CCC(CNC(=O)CCCCCCCCCCC(=O)N*)CC1,egc,5.9594,5.91107177734375,5.746318597726664,5.836541340993305,5.853849516960366
*CC1CCC(CNC(=O)CCCCCCCCCCC(=O)N*)CC1,tg,85.0,93.2799835205078,95.02562085130792,88.76231730991188,92.24067901515976
*CC1CCC(CNC(=O)c2cc(C(=O)N*)cc(C(C)(C)C)c2)CC1,egc,4.8744,4.872282981872559,4.4283551664605145,4.374985651202427,4.637509038575809
*CC1CCC(COC(=O)C(=O)O*)CC1,egc,5.4765,5.729179382324219,5.635138174668242,5.689074441189282,5.697179334454839
*CC1CCC(COC(=O)C2CCC(C(=O)O*)CC2)CC1,egc,6.6637,6.421144485473633,6.504038779377525,6.45343742007385,6.448520188682193
*CC1CCC(COC(=O)C2CCC(C(=O)O*)CC2)CC1,tg,67.68,78.82011413574219,31.905376262633222,33.41071627190793,55.13900878316166
*CC1CCC(COC(=O)CCC(=O)O*)CC1,egc,6.5939,6.588747501373291,6.69290879461075,6.6030316859854645,6.6159993910037125
*CC1CCC(COC(=O)CCC(=O)O*)CC1,tg,-1.0,6.318084716796875,41.40450382061208,39.49128189783195,23.785006735892186
*CC1CCC(COC(=O)CCCCC(=O)O*)CC1,egc,6.7775,6.661545753479004,6.639506282379594,6.622695623778194,6.646040758324476
*CC1CCC(COC(=O)CCCCCCCCCCC(=O)O*)CC1,egc,6.723,6.58615255355835,6.646534601844005,6.600224464572454,6.603524639317905
*CC1CCC(COC(=O)Cc2ccc(CC(=O)O*)cc2)CC1,egc,5.3094,5.657857418060303,5.23015274390013,5.44261707453042,5.503392546930646
*CC1CCC(COC(=O)NCCSCCCCCSCCNC(=O)O*)CC1,egb,5.4414,5.187212944030762,4.915777878601783,4.99078593857116,5.124247794660809
*CC1CCC(COC(=O)NCCSCCCSCCNC(=O)O*)CC1,egc,5.5784,5.2973809242248535,5.334947051213162,5.171341980329446,5.271548910184753
*CC1CCC(COC(=O)Nc2ccc(Cc3ccc(NC(=O)O*)cc3)cc2)CC1,tg,134.0,105.9002456665039,98.12615643338565,101.66138201199864,102.9927003601851
*CC1CCC(COC(=O)O*)CC1,tg,38.7,44.22186279296875,74.35863258679127,71.25455281339032,58.77278469077149
*CC1CCC(COC(=O)c2ccc(NC(=O)O*)cc2)CC1,egc,4.5441,5.045920372009277,4.793738897165487,4.761912194794592,4.912142433569407
*CC1CCC(COC(C)OC(=O)c2ccc(C(=O)OC(C)O*)c3ccccc23)CC1,tg,60.0,72.97587585449219,77.29807040256956,82.5780563598193,76.83404570256454
*CC1CCC(COC(C)OC(=O)c2ccc(C(=O)OC(C)O*)cc2)CC1,tg,61.0,63.86388397216797,55.962571402153095,50.158674652775616,58.001465186374325
*CC1CCC(COC(C)OC(=O)c2cccc(C(=O)OC(C)O*)c2)CC1,egc,4.9396,5.389133453369141,4.768819256004127,4.868391206234418,5.108413453530455
*CC1CCC(COCO*)CC1,egc,6.4282,6.463514804840088,6.375632661663125,6.269377431234794,6.391027154609839
*CC1CCC(COP(=O)(N=Nc2ccc(C(=O)c3ccc(N=NP(=O)(O*)OC)cc3)cc2)OC)CC1,tg,52.0,80.830322265625,66.29566498166503,69.70355116619835,74.40374142608266
*CC1CCCC(CC(=O)N*)C1,egc,6.0189,6.074686050415039,5.877043888435454,6.031912723905688,6.018717258945745
*CC1CCCC(CN2C(=O)c3ccc(-c4ccc5c(c4)C(=O)N(*)C5=O)cc3C2=O)C1,tg,234.0,223.57278442382812,233.3112898797551,226.78330036315057,226.56548849434583
*CC1CCCC(CN2C(=O)c3ccc(C(=O)c4ccc5c(c4)C(=O)N(*)C5=O)cc3C2=O)C1,tg,213.0,207.0124053955078,228.2345015920236,213.25798761493448,213.30181596287383
*CC1CCCC(CNC(=O)CCCCCCC(=O)N*)C1,egc,5.9323,5.729776859283447,5.786043567208927,5.808187203130443,5.763714255406463
*CC1CCCC(CNC(=O)c2cccc(C(=O)N*)c2)C1,egc,4.8123,5.121641159057617,4.969922663215463,4.823104116539773,5.0064533500336985
*CC=C(C)C(C)S(*)(=O)=O,tg,73.0,80.05650329589844,79.59055562222207,80.08352659435894,79.96920004310408
*CC=C(C)CS(*)(=O)=O,tg,88.2,84.66345977783203,69.74568703938237,76.35213542987901,79.02928070196907
*CC=CCNC(=O)CCC=CCCC(=O)N*,egc,5.3865,5.359675884246826,5.358226397439786,5.155499692542725,5.303851081069794
*CC=CCOC(=O)C(Cc1ccccc1)NC(=O)C=CC(=O)NC(Cc1ccccc1)C(=O)O*,tg,109.0,92.42891693115234,107.31451983830108,103.72040852418264,98.97851272491823
*CC=CCOC(=O)C(Cc1ccccc1)NC(=O)CCCCC(=O)NC(Cc1ccccc1)C(=O)O*,tg,61.0,72.17996978759766,81.15177695474134,83.71495343435596,77.59073511890553
*CC=CCOC(=O)C(Cc1ccccc1)NC(=O)CCCCCCCCC(=O)NC(Cc1ccccc1)C(=O)O*,tg,46.0,49.49674987792969,64.28592035100277,61.35115672548609,56.200705098552035
*CC=CCOC(=O)CCCCCCCCC(=O)O*,egc,6.002,6.292408466339111,5.960042492133464,5.95544969746298,6.126247573381321
*CC=CCOC(=O)NCCCCCCNC(=O)O*,egc,5.7218,5.823987007141113,5.9481554485279275,5.713217298993722,5.82173519241554
*CC=CCS(*)(=O)=O,tg,86.0,78.9131088256836,32.553292213463976,37.74492403555948,56.65810577723807
*CC=CC[Si](*)(C=C)C=C,tg,-65.0,-63.06498718261719,1.8724948147581613,4.871723010746678,-28.713994759327864
*CC=Cc1cc(C(C)(C)c2ccc(O)c(C=CCC3CC(=O)N(c4ccc(Cc5ccc(N6C(=O)CC(*)C6=O)cc5)cc4)C3=O)c2)ccc1O,tg,215.0,142.80258178710938,199.6631454553484,180.89884041997144,166.26308642979419
*CCC(*)(C)c1ccccc1,tg,93.0,72.20171356201172,97.61025311875264,95.75358997606996,84.7049664633859
*CCC(*)=O,egc,5.3275,5.967082977294922,5.665822327506964,5.549991497291926,5.786118884401719
*CCC(*)=O,tg,10.0,5.234649658203125,21.399147588326368,26.72166064008121,15.20116506250119
*CCC(=C(*)c1ccccc1)c1ccccc1,tg,120.5,98.14411926269533,166.80680434488912,156.60636257943395,130.3286686229161
*CCC(=O)C(*)=S,eea,3.1911,4.308473587036133,3.824724899053659,3.666083001571804,4.151267796395443
*CCC(=O)C(*)=S,egb,1.8131,1.8033311367034912,2.5602757231306548,2.2657542912539768,1.978920568650464
*CCC(=O)C(*)=S,egc,3.2378,2.761246681213379,2.5218963979763376,2.689491024816881,2.688042415935505
*CCC(=O)C(*)=S,nc,1.9627,1.9803990125656128,1.9552443704067013,1.8793514909587343,1.9639346665572217
*CCC(=O)N(CCN(C(=O)CCN1CCN(*)CC1)C(C)C)C(C)C,egc,4.3463,5.200937271118164,5.1627387396751905,5.315173117372299,5.2234190589985
*CCC(=O)N*,eea,1.1904,0.6145550012588501,1.0211617858167903,0.9256643661674568,0.7161904504066945
*CCC(=O)N*,egc,5.6558,6.158938407897949,5.860349382077829,5.818189249984243,5.999325238914789
*CCC(=O)N*,eps,3.61,3.9288113117218018,3.730884379776481,3.694705331472936,3.820334693243606
*CCC(=O)N*,nc,1.7036,1.740383267402649,1.7034173830503618,1.734111570529535,1.730077421930865
*CCC(=O)N*,tg,127.0,99.119873046875,62.72704569127502,59.411359320889545,79.36279756209842
*CCC(=O)NCC(=O)N*,egc,6.1234,6.021556854248047,5.957245554245228,5.899550803040116,5.973964334545905
*CCC(=O)NCCCCCCNC(=O)CCS*,tg,20.5,29.564849853515625,22.83918820335127,28.679646358804348,27.91013251033
*CCC(=O)NCc1c(C)c(C)c(CNC(=O)CCO*)c(C)c1C,egc,5.3036,5.303836345672607,4.984618524038206,5.002893986675894,5.150415366224758
*CCC(=O)NCc1cc(C)c(CNC(=O)CCO*)cc1C,tg,80.0,74.1734619140625,102.55166977521787,93.71770709250714,86.04651412778445
*CCC(=O)Nc1ccc(NC(=O)CCN2C(=O)c3ccc(C(=O)c4ccc5c(c4)C(=O)N(*)C5=O)cc3C2=O)cc1,tg,237.0,206.8717041015625,219.64723751297228,212.64234583794175,211.28000807955374
*CCC(=O)Nc1ccc(Oc2ccc(NC(=O)CCN3C(=O)c4ccc(C(=O)c5ccc6c(c5)C(=O)N(*)C6=O)cc4C3=O)cc2)cc1,tg,232.0,216.1659698486328,212.2525895537317,207.3380948824544,212.63129295863553
*CCC(=O)O*,ei,7.7853,7.753118515014648,7.529410442936307,7.5241406494305,7.651983949035564
*CCC(=O)O*,eps,3.39,3.6008286476135254,3.3968711172728545,3.436865264198179,3.4890468754864656
*CCC(=O)O*,nc,1.6631,1.6861780881881714,1.664240024733023,1.6726055381218383,1.6790999119913597
*CCC(=O)O*,tg,-24.18,1.225250244140625,15.63970342903617,21.589642611070417,10.485141062938466
*CCC(=O)OC(=O)Cc1ccc(-c2ccc(*)cc2)cc1,eea,1.5387,1.8898231983184817,1.9047981397260905,2.064094275946299,1.915266982982288
*CCC(=O)OC(=O)Cc1ccc(-c2ccc(*)cc2)cc1,ei,6.1951,6.543015956878662,6.768167098344648,6.645308141690315,6.6053878513936315
*CCC(=O)OC(=O)Cc1ccc(-c2ccc(*)cc2)cc1,eps,3.47,3.6904492378234863,3.739933068439705,3.771991684308091,3.7175695420783823
*CCC(=O)Oc1ccc(OC(=O)CCN2CCN(*)C(C)C2)cc1,egc,4.6472,4.468991756439209,4.831554256785282,4.677629977196226,4.6070470362814655
*CCC(=O)c1ccc(*)cc1,egb,3.6964,3.8963820934295654,3.6037306941989673,3.5589083794331495,3.8284953631843095
*CCC(=O)c1ccc(*)cc1,ei,6.8635,6.589688777923584,6.295000879081162,6.295413723050601,6.458727306242432
*CCC(=O)c1ccc(*)cc1,nc,1.8245,1.830993175506592,1.819832395270777,1.8321457750658603,1.8281791075410743
*CCC(=O)c1ccc(*)s1,eea,2.6933,2.3784916400909424,2.518785372582838,2.442538927695329,2.4077886759545204
*CCC(=O)c1ccc(*)s1,egb,3.1093,3.5315732955932617,3.2863866300750626,2.915306206935917,3.4746970220967794
*CCC(=O)c1ccc(*)s1,egc,3.959,4.097195148468018,3.2139216973258065,3.500048684574802,3.736710505503651
*CCC(=O)c1ccc(*)s1,nc,1.8757,1.8789725303649905,1.8832680367099337,1.9013243591310145,1.8822817708310442
*CCC(=S)O*,ei,6.2041,6.639123916625977,6.282769529557648,6.356485775011644,6.503274498762136
*CCC(=S)O*,eps,3.71,4.200028896331787,3.9783462307898088,3.963663089700195,4.078532616382023
*CCC(C(=O)OC)C(*)C(=O)OC,egc,6.6384,6.401004314422607,6.185331297524961,6.147133191440366,6.2836091576646265
*CCC(C)(C)C(*)(C)C,tg,87.0,68.9853515625,24.89209597042872,45.6078129260118,52.69987077214058
*CCC(C)(C)CC(C)CNC(=O)CCCCC(=O)N*,egc,5.8095,5.869405746459961,5.674479145153232,5.823417874988097,5.813172420875989
*CCC(C)(C)CC(C)CNC(=O)CCCCC(=O)N*,tg,65.0,71.65330505371094,59.21794216752473,58.52861781020941,65.03960412996528
*CCC(C)(C)CC(C)CNC(=O)c1ccc(C(=O)N*)cc1,tg,148.0,152.95458984375,140.5966225902658,130.4341571516981,143.4498685386577
*CCC(C)(C)CC(C)COC(=O)CCCCC(=O)O*,egc,6.7293,6.696316719055176,6.494149620401709,6.62371644068981,6.63122510932736
*CCC(C)(C)CC(C)COC(=O)CCCCC(=O)O*,tg,-70.0,-65.08769226074219,-43.66645926650239,-56.08907548229712,-57.905646965908076
*CCC(C)(C)CC(C)COC(=O)c1ccc(C(=O)O*)cc1,tg,-12.0,31.67346954345703,44.93520290940992,49.15486181365367,39.804735678324796
*CCC(C)=C(*)C,egc,4.9429,5.216400146484375,5.091199287341903,5.1680161924077765,5.175158848615977
*CCC(C)C(*)(C)C(=O)OC,egc,6.5856,6.601314067840576,6.399401512241169,6.541849352643055,6.539850102676265
*CCC(C)C(*)(C)C(=O)OC,tg,41.29,95.68522644042967,66.2645387260106,49.81260163416235,75.45251473881478
*CCC(C)C(*)C,tg,-32.0,-52.278350830078125,8.880369486769373,37.15494059921621,-12.052439646296278
*CCC(C)C(C)CCNC(=O)c1cc(C(=O)N*)cc(C(C)(C)C)c1,tg,173.0,147.45765686035156,138.61054714154366,143.0402719803776,144.27457740856784
*CCC(C)C(C)CCNC(=O)c1cccc(C(=O)N*)c1,egb,4.7199,4.617420196533203,4.278704076678774,4.468563855672768,4.538847772417921
*CCC(C)C(C)CCNC(=O)c1cccc(C(=O)N*)c1,tg,125.0,149.72146606445312,141.5216463266785,137.60152833310386,144.2882212348457
*CCC(C)CC(=O)O*,egb,6.7489,6.654285430908203,6.34764257095802,6.652474991430852,6.583153083105318
*CCC(C)CC(=O)O*,egc,6.826,6.823619842529297,6.72465206184417,6.788273679317001,6.791808033217702
*CCC(C)CC(=O)O*,tg,-71.5,-39.15620422363281,-33.542509287732614,-23.64809946460963,-33.20566670512078
*CCC(C)CC(C)(C)CNC(=O)c1ccc(C(=O)N*)cc1,tg,143.84,148.36968994140625,142.0265906676861,138.8541501447569,144.12341285106334
*CCC(C)CCC(=O)O*,tg,-53.0,-64.49325561523438,-32.845840223008466,-24.928536835939695,-45.7549504248012
*CCC(C)CCC(=O)S*,tg,-50.0,5.3229827880859375,-6.280904090380168,5.905887689576957,3.120927266960824
*CCC(C)CCOC(=O)CCCCC(=O)O*,tg,-78.6,-52.49774169921875,-66.25118607140574,-57.13591723974395,-56.75645192147228
*CCC(C)CO*,egc,6.1714,6.508658409118652,6.05129478480023,6.142638952781941,6.306554300404768
*CCC(C)O[Si](C)(C)O*,tg,-88.0,-92.06990051269533,-62.6220501469262,-58.3437522951871,-75.5895597805916
*CCC(C)S*,tg,-59.0,-73.38478088378906,-43.36233585194683,-38.09519372804462,-56.30276406778384
*CCC(CC)CC(C)CNC(=O)c1ccc(C(=O)N*)cc1,tg,139.0,129.50282287597656,141.81110854498843,145.44845089892698,136.96319263707682
*CCC(Cl)C(*)Cl,egc,6.5471,6.962882995605469,6.8820818266692765,6.646648805043736,6.858795384692825
*CCC(F)(F)C(*)(F)Cl,egb,7.4828,7.692905902862549,6.031234445091308,6.496211441322419,7.307445787836512
*CCC(F)(F)C(*)(F)Cl,egc,7.738,7.444807052612305,6.829595337899348,7.008912730226259,7.188295363438974
*CCC(F)(F)C(*)(F)F,egb,9.1316,7.847801685333252,8.55151683179013,8.052256156845102,8.011043414033738
*CCC(F)(F)C(*)(F)F,egc,8.6882,8.131927490234375,8.05720405719454,8.18697526987076,8.130126099733745
*CCC(F)(F)C(*)(F)F,ei,9.0178,8.862030982971191,8.4525858132101,8.136318274529673,8.58262948417024
*CCC(F)(F)C(*)(F)F,eps,3.08,2.979698181152344,3.420357409729087,3.328553117760374,3.2212076237906047
*CCC(F)(F)C(*)(F)F,tg,-108.0,-35.186187744140625,-4.60339876854322,-18.18501908052818,-23.647304056195544
*CCC(O*)(C(F)(F)F)C(F)(F)F,eea,0.4911,1.7512261867523191,1.860300475953116,1.7249307429654597,1.763862035784238
*CCC(O*)(C(F)(F)F)C(F)(F)F,egb,8.3878,7.452049732208252,7.738632146018216,7.316874551464467,7.518528631917942
*CCC(O*)(C(F)(F)F)C(F)(F)F,ei,8.3643,8.32677173614502,7.587696167016136,8.03281312046297,8.13489356203274
*CCC(O*)(C(F)(F)F)C(F)(F)F,eps,3.05,3.668400764465332,3.1800884306460846,3.1892620593054612,3.4007743721735473
*CCC(O*)(C(F)(F)F)C(F)(F)F,nc,1.5724,1.6653764247894287,1.6078933887468865,1.6181715418306464,1.645692992966857
*CCC([2H])C(*)([2H])C,egc,6.8414,6.8653645515441895,6.967321606642532,6.9453484976061315,6.909980556561344
*CCC([2H])C(*)([2H])C,tg,-47.5,-32.92649841308594,-27.22142814980276,-33.70942473548669,-31.997414769644422
*CCC(c1ccccc1)C(*)c1ccccc1,tg,101.65,91.45195770263672,90.10107012165784,83.45545295884679,88.70060124654674
*CCC1C(=O)N(C)C(=O)C1*,tg,141.2,145.40957641601562,129.2440633150671,126.950930436015,136.379785806763
*CCC1C(=O)N(CC)C(=O)C1*,tg,109.2,128.8604736328125,121.09629338061042,127.88403930572026,126.96431214858607
*CCC1C(=O)N(CCCCCCCCCCCC)C(=O)C1*,tg,55.4,39.374229431152344,51.381317664142394,54.228524385443905,46.435117254817605
*CCC1C(=O)N(CCCCCCCCCCCCCCCC)C(=O)C1*,tg,65.6,24.88832092285156,48.103441575814486,48.68698933211493,37.017596174965966
*CCC1C(=O)N(CCCCNC(=O)C(F)(F)C(F)(F)C(F)(F)C(F)(F)C(F)(F)C(F)(F)C(F)(F)F)C(=O)C1*,tg,100.0,107.72494506835938,102.58301476711188,90.49877484373438,101.33972060020758
*CCC1C(=O)N(c2ccc(N(C)C)cc2)C(=O)C1*,tg,195.0,182.82598876953125,198.54897191023392,211.53185497489267,194.93526813543377
*CCC1CC(*)C2C3CC(C12)C(C)(C(=O)OC)C3,egc,6.4636,5.94301700592041,5.970840709188348,6.376886485906825,6.0671947171239236
*CCC1CC(*)C2C3CC(c4ccc(COC(C)CC)cc4)C(C3)C12,tg,139.0,180.20233154296875,166.07889500244457,151.10940980651534,168.30170614729326
*CCC1CC(*)C2CCCC12,egb,7.4997,7.537840843200684,7.261251218750323,6.761408839877205,7.473679983990499
*CCC1CC(=O)N(*)C1=O,tg,121.0,151.19912719726562,105.6946532104573,113.20570221744168,130.10196053923627
*CCC1CC(OC(=O)CCCCCCCCCCOc2ccc(-c3ccc(C#N)cc3)cc2)CC1*,tg,24.0,29.02300262451172,35.82013514362074,39.513275322203214,33.664065985643155
*CCC1CCC(*)C1,egb,7.9915,7.083884239196777,7.50340372984867,7.126643585500638,7.181200727583259
*CCC1CCC(*)C1,egc,7.1099,6.3246893882751465,7.349790573475575,7.1190574810626215,6.770603026491913
*CCC1C[N+](C)(C)CC1*,tg,8.0,-20.939697265625,76.8642577911548,88.92254607695068,33.13028801406128
*CCC=C(*)C,tg,-60.98,10.315399169921877,-14.152433137027748,-11.026741829591032,-1.311055974210452
*CCC=C(*)C(C)(C)C,tg,20.0,55.987586975097656,95.12348508125793,91.99449439855997,75.16261872785344
*CCC=C(*)C(C)C,tg,-47.0,-22.1500244140625,23.234113203786418,18.074264257606387,-0.3873664423985881
*CCC=C(*)CCCCCCC,tg,-83.0,-56.19114685058594,-37.649078583344064,-59.8654394883614,-53.5210424642528
*CCC=C(*)Cl,egc,5.461,5.280857563018799,4.637578294559241,5.118094771250855,5.092291959875412
*CCCC(*)(C)C,tg,45.5,-48.47517395019531,-8.350487240394488,-19.947215023835355,-31.411014355888334
*CCCC(*)(C)C(=O)O,tg,132.0,102.6658706665039,109.1639987619061,96.58119874981892,102.11749232644277
*CCCC(*)=O,eea,1.2346,0.9788154363632202,1.5028416213072686,1.38476137017373,1.1104667776899535
*CCCC(*)=O,egb,5.13,5.792496204376221,5.6846196441141865,5.622580823965755,5.767471936713232
*CCCC(*)=O,eps,3.27,2.9115242958068848,3.37164271160552,3.3941392443274747,3.1636986176883
*CCCC(*)=O,nc,1.6556,1.6444672346115112,1.6543806618528956,1.668130923454896,1.6493777460489085
*CCCC(*)=S,eea,2.3997,2.7843472957611084,2.4040737339467593,2.3274407439019553,2.667175940756217
*CCCC(*)=S,egb,2.9464,2.9110593795776367,3.7796278451295513,3.344264794971548,3.112542349676122
*CCCC(*)=S,egc,3.3942,3.6514596939086914,4.052824200675246,3.820141720373994,3.7873594303620646
*CCCC(*)=S,nc,1.7702,1.7875659465789795,1.8464977839601369,1.8134113214661296,1.8055433447676983
*CCCC(*)C,egc,7.1052,7.046074390411377,6.788743882023218,6.58863707740123,6.863999365689677
*CCCC(*)C,tg,-56.55,-76.30322265625,-55.63145000476886,-57.99336381111249,-66.39428296763649
*CCCC(*)C#N,egb,7.4859,7.550898551940918,7.467154950538281,7.275330412720686,7.531472438506526
*CCCC(*)C#N,egc,7.8211,7.383736610412598,7.324841344005788,7.222797843299235,7.326776433273615
*CCCC(*)Cl,egc,6.9806,7.1213459968566895,6.5363054582583775,6.628799990190638,6.856204188935752
*CCCC(=O)N*,tg,62.18,72.61611938476562,46.60270402403295,60.14230690472304,63.41607522910974
*CCCC(=O)NCCCCCCNC(=O)CCCO*,egc,5.652,5.757535457611084,5.975068272660759,5.999756845324465,5.872181214218587
*CCCC(=O)NCCCCCOCCCCCNC(=O)CCCO*,egc,5.8594,5.509298801422119,5.843234451780456,5.775370183550651,5.6565431004298805
*CCCC(=O)NNC(=O)c1ccc(C(=O)NNC(=O)CCCOc2ccc(O*)c(C)c2)cc1,tg,125.5,131.07565307617188,142.6120830869283,144.50094506609975,137.59779662863338
*CCCC(=O)Nc1ccc(Cc2ccc(NC(=O)CCCN3C(=O)c4ccc(C(=O)c5ccc6c(c5)C(=O)N(*)C6=O)cc4C3=O)cc2)cc1,tg,195.0,195.4291534423828,199.03160678182132,194.3989145927362,195.8500330846828
*CCCC(=O)Nc1ccc(NC(=O)CCCN2C(=O)c3ccc(C(=O)c4ccc5c(c4)C(=O)N(*)C5=O)cc3C2=O)cc1,tg,209.0,204.9293212890625,207.55581103648177,208.43542852814596,206.5533067084619
*CCCC(=O)Nc1ccc(Oc2ccc(NC(=O)CCCN3C(=O)c4ccc(C(=O)c5ccc6c(c5)C(=O)N(*)C6=O)cc4C3=O)cc2)cc1,tg,198.0,210.14471435546875,193.3070449519503,195.88259198580255,202.2752680436556
*CCCC(=O)Nc1ccc(Oc2ccc(Oc3ccc(NC(=O)CCCN4C(=O)c5ccc(C(=O)c6ccc7c(c6)C(=O)N(*)C7=O)cc5C4=O)cc3)cc2)cc1,tg,178.0,209.9554443359375,191.35409169778617,194.20703533749375,201.26405958527644
*CCCC(=O)Nc1ccc(Oc2cccc(NC(=O)CCCN3C(=O)c4ccc(C(=O)c5ccc6c(c5)C(=O)N(*)C6=O)cc4C3=O)c2)cc1,tg,188.0,199.64926147460935,187.7939993976507,181.46627056009237,191.58969376868617
*CCCC(=O)O*,egc,6.7691,6.806796073913574,6.591349018835717,6.457832578858923,6.6636034036677785
*CCCC(=O)O*,tg,-28.78,-20.819366455078125,-38.25640829496412,-20.709152623176124,-24.36527296260331
*CCCC(=O)Oc1ccc(-c2ccc(OC(=O)c3ccc4c(c3)C(=O)N(*)C4=O)cc2)cc1,tg,132.0,127.15518951416016,156.62489249354493,139.2308822154153,136.94167266080194
*CCCC(C)(C)CCCNC(=O)c1ccc(C(=O)N*)cc1,tg,152.0,137.75245666503906,142.831255977639,129.35067059787983,136.19579315550365
*CCCC(C)(C)CNC(=O)C(=O)N*,tg,109.0,141.59951782226562,154.84965920939177,202.74579350531127,163.23770020726656
*CCCC(C)(C)CNC(=O)CCCCC(=O)N*,tg,77.0,66.8052749633789,71.33742057370627,69.10397462086443,68.446956451696
*CCCC(C)(C)CNC(=O)CCCCCC(=O)N*,tg,70.5,61.49261474609375,62.21051300184928,66.51320523373543,63.19330624176092
*CCCC(C)(C)CNC(=O)c1ccc(C(=O)N*)cc1,tg,157.0,145.49969482421875,147.1667600738031,148.25378053672708,146.69403566305013
*CCCC(C)(C)CNC(=O)c1cccc(C(=O)N*)c1,egc,5.0204,5.1903510093688965,4.872712060275951,4.941168593459256,5.051353755191969
*CCCC(C)(C)CNC(=O)c1cccc(C(=O)N*)c1,tg,153.0,133.7289581298828,130.2578489909021,123.28177483792632,129.7840930335903
*CCCC(C)CC(=O)N*,egc,6.0894,6.03346061706543,5.948110854667313,5.976775659529004,5.998903725484031
*CCCC(C)CCC(=O)O*,egc,6.54,6.7819504737854,6.64757811309433,6.618667705889006,6.707419463451334
*CCCC(C)CN1C(=O)c2ccc(C(=O)Oc3ccc4cc(OC(=O)c5ccc6c(c5)C(=O)N(*)C6=O)ccc4c3)cc2C1=O,tg,130.0,137.58705139160156,150.85299970596031,154.45653053548855,145.5298656484215
*CCCC(C)O[Si](C)(C)O*,tg,-81.0,-85.17727661132812,-67.79354250706358,-60.67408205897078,-74.02727494756564
*CCCC(CCNC(=O)c1ccc(C(=O)N*)cc1)C(C)C,egc,4.6978,5.08530330657959,4.588330258587344,4.774584564343064,4.889344572708093
*CCCC(CCNC(=O)c1ccc(C(=O)N*)cc1)C(C)C,tg,146.5,144.52310180664062,144.16386183262347,145.2402789288954,144.67123056236738
*CCCC(Cl)C(*)Cl,egc,6.8622,6.410650730133057,6.7884428441932805,6.7320269192072155,6.582767526094665
*CCCC1(C)CCN(C(=O)CC(C)C(=O)N2CCC(*)(C)CC2)CC1,tg,72.0,92.54100036621094,102.10800210205434,101.43243354755111,97.25608824546563
*CCCC1(C)CCN(C(=O)CCC(=O)N2CCC(*)(C)CC2)CC1,tg,99.0,89.55923461914062,77.70766230162101,63.95579807665675,79.2046437282752
*CCCC1(CCCNC(=O)CCC2(CCC(=O)N*)c3ccccc3-c3ccccc32)c2ccccc2-c2ccccc21,tg,165.0,154.08837890625,134.59862348098795,138.89364142924362,145.38589399465982
*CCCC1(CCCNC(=O)CCCCCCCCC(=O)N*)c2ccccc2-c2ccccc21,tg,85.0,111.83849334716795,103.17016245568902,108.60888555197944,109.05960043782002
*CCCC1(CCCNC(=O)c2cccc(C(=O)N*)c2)c2ccccc2-c2ccccc21,tg,175.0,163.1759033203125,165.09687698948807,172.2576119036517,166.38005103960035
*CCCC1(CCCNC(=O)c2ccccc2-c2ccccc2C(=O)N*)c2ccccc2-c2ccccc21,tg,165.0,162.91671752929688,180.36836689655544,179.33072367155796,171.57798262770882
*CCCC1CC(=O)N(*)C(=O)C1,egc,5.8014,5.83595609664917,5.45585499550241,5.747547302821277,5.726646956226431
*CCCC1CC(=O)N(*)C(=O)C1,tg,90.23,129.6707305908203,110.23640707588144,100.71084074777478,116.72088333197311
*CCCC1CCN(C(=O)Nc2ccc(Cc3ccc(NC(=O)N4CCC(*)CC4)cc3)cc2)CC1,egc,4.6275,4.798443794250488,4.328199518520572,4.030735676004747,4.484261984255214
*CCCC1CCN(C(=O)SSCCCCSSC(=O)N2CCC(*)CC2)CC1,egc,5.001,4.602971076965332,4.343255967117888,4.469465187856295,4.508412777490646
*CCCC=C(*)c1ccc(OC)cc1,tg,11.0,63.82073211669922,75.22988188786398,61.14408296501112,65.33503129183039
*CCCCC(=O)N*,egc,5.9658,5.941798686981201,5.834125511323889,5.94715282245529,5.919097017710866
*CCCCC(=O)NCCCCCCC(=O)NCCC(=O)N*,egc,5.7097,5.991602897644043,5.7526472849412675,5.593429584951338,5.829759642744346
*CCCCC(=O)NCc1ccc(CNC(=O)CCCCO*)cc1,tg,70.0,60.82945251464844,65.70329847114822,67.57452089145345,63.91693209690628
*CCCCC(=O)NCc1ccc(CNC(=O)CCCCS*)cc1,tg,70.0,50.84059143066406,78.2627400468262,77.66290496442655,64.76908600937792
*CCCCC(=O)NNC(=O)c1ccc(C(=O)NNC(=O)CCCCOc2ccc(O*)c(C)c2)cc1,tg,139.5,121.0873031616211,121.3664651771573,104.76727212808204,116.09543166233956
*CCCCC(=O)O*,egc,6.623,6.599086284637451,6.71960035111709,6.6420826505355075,6.6378116104054765
*CCCCC(=O)Oc1ccc(OC(=O)c2ccc3c(c2)C(=O)N(*)C3=O)c(C)c1,tg,75.76,101.26387786865234,105.33019511997324,110.81552795232534,105.05388006376586
*CCCCC(=O)Oc1ccc(OC(=O)c2ccc3c(c2)C(=O)N(*)C3=O)cc1,tg,89.32,97.6044921875,111.05806666571308,106.94615174099928,103.25682732383656
*CCCCC(C)CCn1c(=O)c2cc3c(=O)n(*)c(=O)c3cc2c1=O,egc,3.7606,3.708833932876587,3.6117185595551935,3.698602622192539,3.684264493075103
*CCCCC(N)C(=O)N*,egc,5.746,5.917285919189453,5.980719308917737,5.943517086934863,5.9386477442238945
*CCCCC(c1ccc(O)cc1)C(*)c1ccc(O)cc1C,tg,25.0,71.8660888671875,63.211010304867166,47.49712646051215,62.549700022708436
*CCCCC=CCCCCC1CC(CCC2CC(*)OC2=O)C(=O)O1,tg,24.7,11.749313354492188,17.881364046716257,2.5559682320489117,10.163996095423492
*CCCCCC(*)C,egc,7.1803,7.074047565460205,6.751852037831905,6.546321626771954,6.858313730944815
*CCCCCC(*)C,tg,-66.0,-55.75721740722656,-54.8302725984836,-52.61854487145433,-54.59584523911466
*CCCCCC(*)CC,egc,6.7743,7.104849815368652,6.846558062492729,6.722125735684548,6.942867839120952
*CCCCCC(*)CCC,tg,-68.0,-66.39967346191406,-58.60465718677462,-59.38299767949226,-62.62841590613136
*CCCCCC(*)CCCCCCCC,tg,-72.0,-63.83001708984375,-41.07712253561323,-41.691346897728096,-52.30922156477827
*CCCCCC(*)CCCCCCCCCC,tg,-65.0,-47.7586669921875,-66.37777040935032,-62.17065922504363,-56.040227750986446
*CCCCCC(=O)N*,tg,48.52,61.92987060546875,42.38122518822562,39.77636837802328,51.0623517600373
*CCCCCC(=O)NCCCCCCNC(=O)CCCCCO*,egc,5.7609,5.84950590133667,5.94945074492974,5.967786496587717,5.904080332131883
*CCCCCC(=O)NCCCCCCNC(=O)CCCCCOC(=O)CCCCC(=O)O*,egc,5.9182,6.0941948890686035,5.877161460463296,5.879092990956738,5.98703284931051
*CCCCCC(=O)NCCCCCOCCCCCNC(=O)CCCCO*,egc,5.905,5.887008190155029,5.819049377458146,5.801417927649834,5.848495948366856
*CCCCCC(=O)NCCCCCOCCCCCNC(=O)CCCO*,egc,5.841,5.775814056396484,5.894162579606214,5.875865940615611,5.82956248254281
*CCCCCC(=O)NCCNC(=O)CCCCCOC(=O)CCCCC(=O)O*,egc,5.9333,6.182742118835449,5.890202396626675,5.954514927297795,6.0550721011488235
*CCCCCC(=O)NCCOC(=O)CCCCC(=O)O*,egc,6.3289,6.131999969482422,6.12505730165795,6.262298810926224,6.165860451535869
*CCCCCC(=O)NCc1ccc(CNC(=O)CCCCCO*)cc1,egc,5.243,5.530301094055176,5.257324477665414,5.145972698857775,5.364588403232879
*CCCCCC(=O)NCc1ccc(CNC(=O)CCCCO*)cc1,egc,5.142,5.519176959991455,5.30751594777492,5.148918033476355,5.371045139208519
*CCCCCC(=O)NNC(=O)c1ccc(C(=O)NNC(=O)CCCCCOc2ccc(O*)c(C)c2)cc1,tg,110.5,123.36839294433594,112.91030231736325,98.7928480315177,113.61791336761743
*CCCCCC(=O)Nc1ccc(Cc2ccc(NC(=O)CCCCCN3C(=O)c4ccc(C(=O)c5ccc6c(c5)C(=O)N(*)C6=O)cc4C3=O)cc2)cc1,tg,187.0,162.4104461669922,163.72978327224388,164.43172501047582,163.30667475843978
*CCCCCC(=O)Nc1ccc(Oc2cccc(NC(=O)CCCCCN3C(=O)c4ccc(C(=O)c5ccc6c(c5)C(=O)N(*)C6=O)cc4C3=O)c2)cc1,tg,170.0,167.083984375,177.49730760981143,170.7069468543146,170.3428406328236
*CCCCCC(=O)O*,tg,-57.39,-41.915496826171875,-41.7285714578078,-37.673715631764,-40.56477211781818
*CCCCCC(=O)Oc1ccc(C(C)(C)c2ccc(OC(=O)c3ccc4c(c3)C(=O)N(*)C4=O)cc2)cc1,tg,110.0,91.91184997558594,95.90089982992956,107.17983152102016,97.45454032937883
*CCCCCC(=O)Oc1ccc(C2(c3ccc(OC(=O)c4ccc5c(c4)C(=O)N(*)C5=O)cc3)CCCCC2)cc1,tg,122.0,137.0590362548828,152.03499295348178,139.3781079682488,140.851243043923
*CCCCCC(=O)Oc1ccc(OC(=O)c2ccc3c(c2)C(=O)N(*)C3=O)cc1,tg,89.0,88.04794311523438,88.4273790027207,87.5566411878824,87.97384337419024
*CCCCCC(=O)S*,egb,5.0001,5.313751697540283,4.850307236877065,4.6862373555485,5.206245876049537
*CCCCCC(=O)S*,egc,5.3869,5.639560699462891,4.993555915014378,5.2971067917062875,5.401539594243893
*CCCCCC(=O)S*,tg,19.0,-21.423309326171875,-12.54103108487937,-25.01527789134113,-20.710989877478255
*CCCCCCC(=O)N*,eea,0.6934,1.1666114330291748,1.0589571185485287,1.09299591616486,1.1408690232007992
*CCCCCCC(=O)N*,egb,5.9361,5.611536502838135,6.094668044599102,6.042147328052199,5.72360916244178
*CCCCCCC(=O)N*,egc,6.0436,5.925845146179199,5.9622301910329165,5.969991113476759,5.9460081717925775
*CCCCCCC(=O)N*,eps,3.34,3.610440731048584,3.5403888530449414,3.541596779740565,3.5720478212550772
*CCCCCCC(=O)N*,tg,51.14,62.99766540527344,55.829848901502174,47.57217827787251,56.75361137340763
*CCCCCCC(=O)NCCCCCCNC(=O)CCCCCCO*,egc,5.7692,5.88521671295166,5.915989398843392,5.95528629610177,5.911167188352756
*CCCCCCC(=O)NCCCCCCNC(=O)CCCO*,egc,5.9827,5.61530876159668,5.773342053997213,5.769598925624873,5.69270383749757
*CCCCCCC(=O)NCCCCCOCCCCCNC(=O)CCCO*,egc,5.944,5.880130767822266,5.847591646081469,5.820852876157851,5.856717403622492
*CCCCCCC(=O)O*,egc,6.5222,6.739483833312988,6.711156932415681,6.632072464934512,6.703931759756509
*CCCCCCC(=O)O*,tg,-14.0,-42.94720458984375,-38.46263031728741,-40.3267778068859,-41.21575217557918
*CCCCCCC(=O)Oc1ccc(-c2ccc(OC(=O)c3ccc4c(c3)C(=O)N(*)C4=O)cc2)cc1,tg,107.0,84.44500732421875,101.01357716218372,105.43618427054146,94.34107884729404
*CCCCCCC(=O)Oc1ccc(OC(=O)c2ccc3c(c2)C(=O)N(*)C3=O)cc1,tg,74.32,90.03414916992188,86.10524835786366,80.2976290455328,86.21516382057654
*CCCCCCC(Cl)C(*)Cl,egb,6.7965,7.09634256362915,5.269817401094386,5.669365839314254,6.672641117741087
*CCCCCCC(Cl)C(*)Cl,tg,-18.0,-20.859954833984375,-35.39268342753221,-24.304921645987065,-24.909498296873235
*CCCCCCCC(*)C,tg,-58.0,-51.25701904296875,-53.867584054282865,-54.68220141096609,-52.852697940856245
*CCCCCCCC(=O)N(*)C,egc,5.5443,5.731086254119873,5.664301877811573,5.673194163706313,5.70036647887192
*CCCCCCCC(=O)N*,tg,38.45,63.123748779296875,54.220878019878235,51.26295664859609,57.626336277482395
*CCCCCCCC(=O)O*,egc,6.6609,6.7783026695251465,6.528930815255858,6.590741613902253,6.671371544276617
*CCCCCCCC(=O)OC1COC(*)OC1,egc,6.6422,6.681442737579346,6.476691588585213,6.487505014612347,6.5827891824098606
*CCCCCCCC(=O)OC1COC(*)OC1,tg,6.5,2.095611572265625,9.310462068434845,1.2205713377105667,3.306169979566631
*CCCCCCCC(=O)OCC1(C)COC(*)OC1,tg,-26.0,30.62298583984375,11.831262006398248,12.496429733483296,21.1567508958624
*CCCCCCCC(=O)OCC1COC(*)O1,egc,6.6417,6.471743583679199,6.635291880574549,6.612008559007939,6.546563623379695
*CCCCCCCC(=O)OCC1COC(*)O1,tg,-23.0,0.60333251953125,-8.125015491204325,-14.676741735485509,-5.916126094812903
*CCCCCCCC(=O)OCCOC(=O)CCCCCCCC1OCC2(COC(*)OC2)CO1,tg,0.0,28.75132751464844,2.633521343782671,-3.7284461069950794,13.340289949721093
*CCCCCCCC(c1ccc(O)cc1)C(*)c1ccc(O)cc1C,tg,4.0,63.25634765625,-0.9007969971228782,8.231233872129422,33.060231537299096
*CCCCCCCCC(*)Cl,egc,6.9974,6.860322952270508,6.909101050183228,6.89068569165642,6.879519838243952
*CCCCCCCCC(*)Cl,tg,-33.0,-37.305572509765625,-35.71123099932298,-15.245152287340945,-30.153056277420898
*CCCCCCCCC(=O)N*,egc,6.101,5.845890998840332,5.946323357271071,5.952720257657115,5.8974620797160995
*CCCCCCCCC(=O)N*,tg,44.29,60.68647003173828,44.88947192625075,44.52864554922003,52.44418093300247
*CCCCCCCCC(=O)NCCCCCCNC(=O)CCCO*,egc,5.9837,5.868727207183838,5.829541523714596,5.816303994253763,5.84568590523702
*CCCCCCCCC(=O)NCCCCCOCCCCCNC(=O)CCCCO*,egc,5.8271,5.628045082092285,5.769337557113662,5.817350884281336,5.7112022924563
*CCCCCCCCC(=O)NCCCCCOCCCCCNC(=O)CCCO*,egc,5.9383,5.820682525634766,5.79395015449355,5.768443128448061,5.80048515480571
*CCCCCCCCC(=O)O*,egc,6.4657,6.777615547180176,6.699666717917617,6.697223521696708,6.738274988535674
*CCCCCCCCC(Cl)C(*)Cl,egc,6.9929,6.550484657287598,6.999781959985993,7.0358165297804325,6.783210797131293
*CCCCCCCCCC#CC#CCCCCCCCCCOC(=O)CCCCCCCCC(=O)O*,egc,5.4028,6.032779693603516,5.971074455130087,5.92883276015923,5.9906807249659915
*CCCCCCCCCC(=O)N*,egc,6.1321,5.992207050323486,6.09490268669347,6.003093437698691,6.018206515734982
*CCCCCCCCCC(=O)N*,tg,43.0,45.23173522949219,47.34762811279559,39.69731638335318,43.95387916178241
*CCCCCCCCCC(c1ccc(O)cc1)C(*)c1ccc(O)cc1C,tg,-1.0,56.10594177246094,-2.9211900895704535,1.2229621637200978,27.007044658070093
*CCCCCCCCCCC(=O)N(*)C,egc,5.7405,5.906586647033691,5.671180179827406,5.650069397992346,5.784044911634797
*CCCCCCCCCCC(=O)NCC(=O)N*,egc,6.0226,5.910577774047852,6.140555948083391,6.05478410828353,6.001373053582719
*CCCCCCCCCCC(=O)NCCCCCOCCCCCNC(=O)CCCCO*,egc,5.6858,5.911731719970703,5.6777340226871775,5.70419660186831,5.802820475669226
*CCCCCCCCCCC(=O)NCCCCCOCCCCCNC(=O)CCCO*,egc,5.4741,5.8498125076293945,5.829829925038788,5.846086780457609,5.844316575402156
*CCCCCCCCCCC(=O)NCCc1ccc(CCNC(=O)CCCCCCCCCCS*)cc1,tg,58.0,27.97088623046875,47.260225848343545,46.87299049512059,37.779230454448424
*CCCCCCCCCCC(=O)NCc1ccc(CNC(=O)CCCCO*)cc1,egc,5.2644,5.323534965515137,5.242056211544206,5.1584909357572695,5.260392163344207
*CCCCCCCCCCC(=O)Nc1ccc(Oc2cccc(NC(=O)CCCCCCCCCCN3C(=O)c4ccc(C(=O)c5ccc6c(c5)C(=O)N(*)C6=O)cc4C3=O)c2)cc1,tg,126.0,137.67991638183594,160.14913725266956,151.7282982171544,146.63945018515162
*CCCCCCCCCCC(=O)O*,egc,6.8465,6.581027030944824,6.644392797953422,6.660246399979967,6.616777049139076
*CCCCCCCCCCC(=O)Oc1ccc(-c2ccc(OC(=O)c3ccc4c(c3)C(=O)N(*)C4=O)cc2)cc1,tg,61.0,68.43753051757812,71.9906724690707,81.84018428927943,73.31361848692322
*CCCCCCCCCCC(Cl)C(*)Cl,egc,7.2165,6.870234966278076,6.910924731884333,6.850933750642243,6.874117431440345
*CCCCCCCCCCC(Cl)C(*)Cl,tg,-32.0,-15.770645141601562,-12.171869276530275,-17.322350939200106,-15.511855007429608
*CCCCCCCCCCC(c1ccc(O)cc1)C(*)c1ccc(O)cc1C,tg,-4.0,53.14022064208984,0.0208708125089129,1.9034891022710951,26.382349790709128
*CCCCCCCCCCCC(=O)N(*)C,egc,5.8019,5.797079086303711,5.690832977963605,5.660025817545811,5.7359881059941875
*CCCCCCCCCCCC(=O)N*,egc,6.0986,6.141287803649902,6.11811176227367,6.054525696462187,6.112504278185323
*CCCCCCCCCCCC(=O)N*,tg,42.59,49.4981689453125,44.76653241407014,40.48797317954086,45.73908811181364
*CCCCCCCCCCCC(=O)NCC(=O)N*,egc,6.1662,5.983834266662598,5.977717487606828,5.994863496515106,5.985459923729325
*CCCCCCCCCCCC(=O)O*,egc,6.7916,6.591000080108643,6.753234554697016,6.744567023293917,6.669141125851871
*CCCCCCCCCCCC(=O)Oc1ccc(C(C)(C)c2ccc(C(C)(C)c3ccc(OC(=O)c4ccc5c(c4)C(=O)N(*)C5=O)cc3)cc2)cc1,tg,97.0,81.2437744140625,96.02442505735344,82.17434668137429,84.56630079538881
*CCCCCCCCCCCC(=O)Oc1ccc(C2(c3ccc(OC(=O)c4ccc5c(c4)C(=O)N(*)C5=O)cc3)OC(=O)c3ccccc32)cc1,tg,114.0,129.9515380859375,92.37509506903004,108.77988531704656,115.68649617507634
*CCCCCCCCCCCC(=O)Oc1ccc2ccc(OC(=O)c3ccc4c(c3)C(=O)N(*)C4=O)cc2c1,tg,98.0,80.1194076538086,75.70283995711361,76.88360635080714,78.21152953647116
*CCCCCCCCCCCCC(=O)N*,egc,6.0892,6.045769214630127,6.0434395525368405,6.114264908297801,6.063865186689396
*CCCCCCCCCCCCC(=O)N*,tg,41.0,39.11981201171875,26.406486750471547,22.438900138836573,31.34879702720225
*CCCCCCCCCCCCC(=O)O*,egc,6.7386,6.604979515075684,6.761984251205585,6.721112513644357,6.671771867761766
*CCCCCCCCCCCCCC(=O)O*,egc,6.7839,6.772205352783203,6.7497855588266695,6.756702717747398,6.762961395460513
*CCCCCCCCCCCCCCC(*)Cl,egc,7.2258,6.785358428955078,6.890479315907814,6.816973852771159,6.817536622474982
*CCCCCCCCCCCCCCC(=O)N*,tg,-7.0,42.51141357421875,39.198822410430566,37.20922820010807,40.190883310330406
*CCCCCCCCCCCCCCCC(=O)O*,egc,6.7798,6.723326683044434,6.716224014733404,6.71022626432427,6.718172178701141
*CCCCCCCCCCCCCCCCC(=O)N*,egc,6.0239,5.984920024871826,6.106933526696419,6.080750252212068,6.038343168512207
*CCCCCCCCCCCCCCCCCCCCC(*)COCCOCCOCCOCCOCc1ccc2ccc3cccc4ccc1c2c34,tg,-21.0,-9.62139892578125,-13.549848627484174,-13.546808116748338,-11.642416277241011
*CCCCCCCCCCCCCCCCCCCCCC(=O)N*,egc,5.9891,6.09004545211792,6.057251725145452,6.113553728435418,6.089078076746178
*CCCCCCCCCCCCCCCCCCCCCCOC(=O)CCC(=O)O*,egc,6.6006,6.5101704597473145,6.704080421043652,6.717809263100805,6.6101159941759695
*CCCCCCCCCCCCCCCCCCCCOC(=O)C(=O)O*,egc,5.2426,5.882127285003662,5.612094272657676,5.626769330468283,5.7521320244756735
*CCCCCCCCCCCCCCCCCCCCOC(=O)CC(=O)O*,egc,6.2688,6.429842948913574,6.807800895821317,6.835847001913803,6.625000674868589
*CCCCCCCCCCCCCCCCCCCCOC(=O)CCC(=O)O*,egc,6.7992,6.550747394561768,6.56091027755117,6.655698514807915,6.581555525597857
*CCCCCCCCCCCCCCCCCCCCOC(=O)CCC(C)CC(=O)O*,egc,6.748,6.4303879737854,6.724617414839841,6.728404111305347,6.5774072672980886
*CCCCCCCCCCCCCCCCCCCCOC(=O)CCCCC(=O)O*,egc,6.8416,6.593144416809082,6.724752628487089,6.721326740870091,6.657514199115018
*CCCCCCCCCCCCCCCCCCCCOC(=O)CCCCCC(=O)O*,egc,6.7391,6.436519145965576,6.712860254085074,6.69858046400692,6.569751783275639
*CCCCCCCCCCCCCCCCCCCCOC(=O)CCCCCCC(=O)O*,egc,6.7452,6.502574920654297,6.6250079397743,6.598039649742422,6.555992834694105
*CCCCCCCCCCCCCCCCCCCCOC(=O)CCCCCCCC(=O)O*,egc,6.5108,6.7237091064453125,6.7674874364911215,6.743230724600386,6.738837411829489
*CCCCCCCCCCCCCCCCCCCCOC(=O)CCCCCCCCC(=O)O*,egc,6.784,6.395033836364746,6.442223486179055,6.450818769739649,6.420784660083447
*CCCCCCCCCCCCCCCCCCCCOC(=O)CCCCSCCCCC(=O)O*,egc,5.0235,5.736520767211914,5.288990910205026,5.4372689175776525,5.554771827492818
*CCCCCCCCCCCCCCCCCCCCOC(=O)COCC(=O)O*,egc,6.3895,6.191502571105957,6.115109573534114,6.259672230635571,6.192893422123971
*CCCCCCCCCCCCCCCCCCCCOC(=O)c1ccccc1C(=O)O*,egc,5.216,4.964901924133301,4.959984629066507,4.728004439379368,4.899404729071845
*CCCCCCCCCCCCCCCCCCNC(=O)CCCCCCCCCCC(=O)N*,egc,5.6172,5.837972640991211,5.965986509900892,5.94721851808632,5.896388668678556
*CCCCCCCCCCCCCCCCCCNC(=O)CCCCCCCCCCCCCCCCC(=O)N*,tg,50.0,24.70245361328125,41.302083740678285,42.025087454801906,33.46990688120793
*CCCCCCCCCCCCCCCCCCNC(=O)CCc1ccc(CCC(=O)N*)cc1,tg,65.0,37.467811584472656,72.01897778142431,71.09266734979735,54.964577409740016
*CCCCCCCCCCCCCCCCCCNC(=O)Cc1ccc(CC(=O)N*)cc1,tg,78.0,69.85074615478516,74.39609493616567,82.41190263528517,74.67019711435131
*CCCCCCCCCCCCCCCCCCNC(=O)NCCCCCCCCCCNC(=O)N*,egc,5.6443,5.764309883117676,5.55376559437478,5.625759221648496,5.6794120345769485
*CCCCCCCCCCCCCCCCCCOCO*,egc,6.7236,6.443936824798584,6.548731989509552,6.550053857700686,6.496293125394077
*CCCCCCCCCCCCCCCCOC(=O)C/C=C/CC(=O)O*,tg,-22.0,-22.737319946289062,-22.939487887704175,-30.43187198680991,-25.15941248716149
*CCCCCCCCCCCCCCCCOC(=O)CC=CCC(=O)O*,egc,5.8517,6.198491096496582,6.071229472472387,6.056622310643775,6.131376211006687
*CCCCCCCCCCCCCCCCOC(=O)CCCCC(=O)O*,egc,6.7152,6.765842437744141,6.765248013542038,6.78089341233389,6.769800263225084
*CCCCCCCCCCCCCCCCOC(=O)CCCCCCC(=O)O*,egc,6.8244,6.625093460083008,6.687776756805683,6.7145748859242085,6.66347981642167
*CCCCCCCCCCCCCCCCOC(=O)NCCCCCCCCCCNC(=O)O*,tg,34.0,24.181304931640625,27.266999478208497,21.45021639719539,23.96986985531994
*CCCCCCCCCCCCCCCCOC(=O)NCCCCCCNC(=O)O*,tg,39.0,41.629974365234375,31.357386227394656,26.256398247030347,34.7645391234579
*CCCCCCCCCCCCCCCCOC(=O)NCc1ccc(CNC(=O)O*)cc1,egc,5.353,5.618005752563477,5.405083370871556,5.452863460898466,5.52534617337314
*CCCCCCCCCCCCCCCCOC(=O)Nc1ccc(Cc2ccc(NC(=O)O*)cc2)cc1,tg,40.0,57.935302734375,63.534360941381784,67.80961423288625,62.139819376175886
*CCCCCCCCCCCCCCCc1nnc(*)o1,egc,6.3716,6.383732795715332,6.438978462075708,6.398729231112643,6.400203813419661
*CCCCCCCCCCCCCCNC(=O)CCCCCCCCCCC(=O)N*,egc,5.9384,5.957492828369141,5.887080060782746,5.870939322824772,5.9181681981760645
*CCCCCCCCCCCCCCNC(=O)CCCCCCCCCCCCCCCCC(=O)N*,tg,47.0,39.162109375,44.830827247862835,47.17218739863441,42.804160445719795
*CCCCCCCCCCCCCCNC(=O)NCCCCCCCCCCNC(=O)N*,tg,40.0,57.872955322265625,69.88694790128216,61.9287795965172,61.594366863853864
*CCCCCCCCCCCCCCNC(=O)NCc1ccc(CNC(=O)N*)cc1,tg,54.0,81.51985931396484,77.8902171278842,90.37996879269508,83.51584854472341
*CCCCCCCCCCCCCCOC(=O)CC=CCC(=O)O*,egc,6.1489,5.899892807006836,6.088195750567708,6.079890330468016,5.99106686658023
*CCCCCCCCCCCCCCOC(=O)CCC=CCCC(=O)O*,egc,6.0458,6.105213642120361,5.957627202194642,6.110842686362186,6.07363194895991
*CCCCCCCCCCCCCCOC(=O)CCCCCCC(=O)O*,egc,6.7022,6.78272819519043,6.807238958835015,6.794578495979726,6.791448487328369
*CCCCCCCCCCCCCCOCO*,egc,6.6169,6.381115436553955,6.65264584311098,6.640856825491971,6.5126381597142675
*CCCCCCCCCCCCCCc1ccc(-c2c(-c3ccccc3)cc(-c3ccc(-c4cc(-c5ccccc5)c(-c5ccc(*)cc5)c(-c5ccccc5)c4-c4ccccc4)cc3)c(-c3ccccc3)c2-c2ccccc2)cc1,tg,185.0,203.831787109375,204.27377182616183,203.22274185663665,203.7341011736897
*CCCCCCCCCCCCCNC(=O)CCCCCCCCCCCC(=O)N*,tg,56.5,49.90071868896485,47.425947174560086,48.371931961303176,48.91963754049454
*CCCCCCCCCCCCCOC(=O)c1ccc(C(=O)NCCCCCCNC(=O)c2ccc(C(=O)O*)cc2)cc1,egc,4.6196,4.618346691131592,4.3752789077889105,4.401080332164186,4.504755359029572
*CCCCCCCCCCCCN1C(=O)c2ccc(C(=O)c3ccc4c(c3)C(=O)N(*)C4=O)cc2C1=O,tg,87.5,115.5450210571289,95.33299501946938,99.347140841712,106.38388836681553
*CCCCCCCCCCCCN1C(=O)c2ccc(C(c3ccc4c(c3)C(=O)N(*)C4=O)(C(F)(F)F)C(F)(F)F)cc2C1=O,tg,100.0,125.71578979492188,117.88589478930017,114.538869549281,120.6502505879891
*CCCCCCCCCCCCN1C(=O)c2ccc(Oc3ccc4c(c3)C(=O)N(*)C4=O)cc2C1=O,tg,70.0,96.80213928222656,87.11456863129372,98.31417512380617,95.28098325736724
*CCCCCCCCCCCCNC(=O)C(=O)N*,egc,5.7269,5.046753883361816,5.446735557158763,5.55848604618147,5.275591985833447
*CCCCCCCCCCCCNC(=O)C(OC)C(OC)C(=O)N*,tg,84.0,99.0018539428711,86.81944977825067,83.56422054331762,91.7244952953535
*CCCCCCCCCCCCNC(=O)CCCCCCCCC(=O)N*,egc,5.9688,5.926311492919922,5.86786542373855,5.897415026853249,5.9053441123940775
*CCCCCCCCCCCCNC(=O)CCCCCCCCCCCCC(=O)N*,egc,6.028,5.957492828369141,5.8899334145897075,5.897873944917841,5.926129788872917
*CCCCCCCCCCCCNC(=O)CCCCCCCCCCCCC(=O)N*,tg,49.0,42.50690460205078,52.59424895660423,48.51390555372079,46.436421744847024
*CCCCCCCCCCCCNC(=O)CCCCCCCCCCCCCCC(=O)N*,tg,46.0,39.2381591796875,46.32019876948224,45.75126675303372,42.707238376615145
*CCCCCCCCCCCCNC(=O)CCCCCCCCCCCCCCCCC(=O)N*,tg,47.0,35.46868133544922,44.793642410465765,45.13455193741984,40.37367572700155
*CCCCCCCCCCCCNC(=O)CCCCCCCCCCCCCCCCCCCCC(=O)N*,egc,5.927,6.072918891906738,5.660126079321849,5.735156138416277,5.888495275150451
*CCCCCCCCCCCCNC(=O)CCP(C)(=O)CCC(=O)N*,egc,5.7027,5.846284866333008,5.85374626182605,5.804818809717942,5.836687478548401
*CCCCCCCCCCCCNC(=O)CCP(C)(=O)CCC(=O)N*,tg,44.0,47.896148681640625,45.913845644322414,46.65261707263183,47.10443029862557
*CCCCCCCCCCCCNC(=O)CCc1ccc(CCC(=O)N*)cc1,tg,85.0,45.92958068847656,75.3398650354541,71.78552188128606,59.96727819440678
*CCCCCCCCCCCCNC(=O)NCCCCCCCCCCNC(=O)N*,egc,5.6621,5.632627487182617,5.611048287406203,5.6173743966976675,5.623639953299209
*CCCCCCCCCCCCNC(=O)c1ccc(C(=O)N*)c(Oc2ccccc2)c1,tg,75.0,93.85594177246094,93.8676576184132,91.74190546758354,93.20429427969194
*CCCCCCCCCCCCNC(=O)c1ccc(C(=O)N*)c(Sc2ccccc2)c1,tg,92.0,107.57965087890624,115.8458467115302,100.48526330856018,107.0818834232174
*CCCCCCCCCCCCNC(=O)c1ccc(C(=O)N*)cc1,tg,130.0,113.05091094970705,117.4995735166526,116.56801249694728,115.05240878556936
*CCCCCCCCCCCCNC(=O)c1cccc(C(=O)N*)c1,egc,4.8693,5.199324607849121,5.004507098808831,4.888788536482687,5.071205707835418
*CCCCCCCCCCCCO*,egc,6.2452,6.483456611633301,6.137702496134765,6.26774034503967,6.347248411733473
*CCCCCCCCCCCCOC(=O)CCCCC(=O)O*,egc,6.8209,6.550756454467773,6.802747327024436,6.767026145621757,6.6660788120859396
*CCCCCCCCCCCCOC(=O)CCCCCCCCCCC(=O)O*,egc,6.669,6.617300510406494,6.723050542372174,6.7012888702799955,6.663855977887792
*CCCCCCCCCCCCOC(=O)CCCCCCCCCCCCC(=O)O*,egc,6.4766,6.446662425994873,6.772976017167938,6.737462526825959,6.598918488540638
*CCCCCCCCCCCCOC(=O)NCCCCCCNC(=O)O*,tg,36.0,34.56835174560547,36.30755911753153,27.47838046784324,32.731892364553474
*CCCCCCCCCCCCOC(=O)Nc1ccc(Cc2ccc(NC(=O)O*)cc2)cc1,tg,43.0,77.14444732666016,66.88955396951816,69.22871123871329,72.58999503537095
*CCCCCCCCCCCCOC(=O)c1cccc(C(=O)O*)c1,egc,5.1678,4.820551872253418,4.882481430421047,5.006220391000065,4.884914901927845
*CCCCCCCCCCCCOc1ccc(C(C)Cc2ccc(-c3ccc(O*)cc3)cc2)cc1,tg,40.0,22.796051025390625,28.477036507832327,27.594502961615063,25.44698916008391
*CCCCCCCCCCCCOc1ccc(CCc2ccc(O*)cc2C)cc1,tg,-0.9,-1.717498779296875,4.9492014276269485,6.016151094425709,2.0439254377811187
*CCCCCCCCCCCCOc1ccc(N(c2ccccc2)c2ccc(-c3ccc(N(c4ccccc4)c4ccc(O*)cc4)cc3)cc2)cc1,tg,92.0,112.43323516845705,137.2221638086689,103.87712909003491,114.875520719693
*CCCCCCCCCCCCOc1ccc(OCc2ccc(COc3ccc(O*)cc3)cc2)cc1,tg,24.0,28.35253143310547,28.04231162722932,23.025822110222123,26.640831711353794
*CCCCCCCCCCCCc1nc2cc3sc(*)nc3cc2s1,egc,4.2887,4.293663501739502,3.964522184088703,4.000207239985061,4.1400510206616215
*CCCCCCCCCCCCc1nc2ccc(-c3ccc4nc(*)oc4c3)cc2o1,egc,4.1955,4.443314552307129,4.260998441451317,4.194827072125033,4.3348665855109205
*CCCCCCCCCCCCc1nc2ccc(-c3ccc4nc(*)oc4c3)cc2o1,tg,55.0,89.28831481933594,64.21651119787714,68.77668794229287,77.7948074164668
*CCCCCCCCCCCN1C(=O)c2ccc(-c3ccc(-c4ccc5c(c4)C(=O)N(*)C5=O)cc3)cc2C1=O,tg,89.0,98.78512573242188,109.2360239145722,103.61028158805593,102.42363811145046
*CCCCCCCCCCCN1C(=O)c2ccc(C(=O)Oc3ccc(-c4ccc(OC(=O)c5ccc6c(c5)C(=O)N(*)C6=O)cc4)cc3)cc2C1=O,tg,97.0,95.54551696777344,108.48507371201823,104.83953825426104,101.07758034015735
*CCCCCCCCCCCNC(=O)CCCCC(=O)N*,egc,6.1376,5.9006123542785645,5.8039879822269675,5.856118419541812,5.866839734428171
*CCCCCCCCCCCNC(=O)CCCCCCCCC(=O)N*,egc,5.9682,5.9179205894470215,5.893975032420936,5.910172444031394,5.9104421609068725
*CCCCCCCCCCCNC(=O)CCCCCCCCC(=O)N*,tg,40.0,48.61872100830078,48.732442714169935,50.04000555849096,49.0817945516067
*CCCCCCCCCCCNC(=O)CCCCCCCCCCC(=O)N*,egc,6.009,6.059195518493652,5.890996277683256,5.86985003073688,5.969990846692435
*CCCCCCCCCCCNC(=O)CCCCCCCCCCC(=O)N*,tg,39.0,55.220603942871094,50.07542534492182,52.14390088970579,53.212357212896535
*CCCCCCCCCCCNC(=O)c1ccc(C(=O)N*)cc1,egb,4.214,4.831168174743652,4.377870832092771,4.270916079385364,4.7260161935731
*CCCCCCCCCCCOC(=O)Nc1ccc(NC(=O)OCCCCCCCCCCCOc2ccc(-c3ccc(O*)cc3)cc2)c(C)c1,tg,77.0,57.635459899902344,66.89168333129912,75.76341436632225,65.14439058326003
*CCCCCCCCCCCOC(=O)c1cc(OCCCCCCCCCCOc2ccc(N=Nc3ccc(OC)cc3)cc2)cc(C(=O)OCCCCCCCCCCCOc2ccc(-c3ccc(O*)cc3)cc2)c1,tg,53.0,48.87434387207031,59.0335147491331,57.319506108585855,53.57294029626931
*CCCCCCCCCCCOC(=O)c1ccc2cc(C(=O)O*)ccc2c1,egc,3.7387,4.475965976715088,3.88491667155451,3.9650897917663737,4.204493522767093
*CCCCCCCCCCCOC(=O)c1ccc2cc(C(=O)O*)ccc2c1,tg,39.0,24.79936981201172,36.384157433279874,34.98233565124539,30.32831191448529
*CCCCCCCCCCCOc1ccc(CCc2ccc(O*)cc2C)cc1,tg,3.9,-9.190826416015623,1.1698558704125106,2.1932434387142337,-3.5416012412863553
*CCCCCCCCCCCc1nc2ccc(-c3ccc4nc(*)oc4c3)cc2o1,tg,62.0,82.81411743164062,64.06987873497482,71.15264829133386,75.35783797557382
*CCCCCCCCCCN1C(=O)C2C3C=CC(C4C(=O)N(*)C(=O)C34)C2C1=O,tg,219.0,112.32452392578124,129.71133939776786,117.23723869962038,117.41414137679875
*CCCCCCCCCCN1C(=O)c2ccc(Oc3ccc4c(c3)C(=O)N(*)C4=O)cc2C1=O,tg,91.5,98.27120971679688,101.91445564865091,105.76082404703148,101.3363863492481
*CCCCCCCCCCNC(=O)C(C)=C(C)C(=O)N*,egc,4.9889,4.71533203125,5.204920791643587,4.653242093002231,4.808296419371496
*CCCCCCCCCCNC(=O)C=C(C)C(=O)N*,tg,74.0,96.79265594482422,91.7064200854918,98.8746180022163,96.39252865667369
*CCCCCCCCCCNC(=O)CCC(=O)N*,egc,5.9532,5.920811653137207,5.892935360082944,5.982400351802858,5.931298630602021
*CCCCCCCCCCNC(=O)CCCCC(=O)N*,tg,45.0,57.960227966308594,52.02630201851474,52.52767209105889,55.06117576340165
*CCCCCCCCCCNC(=O)CCCCCCCC(=O)N*,egc,5.9559,5.9206085205078125,5.890741223441999,5.877416951995281,5.902167212485611
*CCCCCCCCCCNC(=O)CCCCCCCCC(=O)N*,egc,5.9125,5.924488544464111,5.921895439281574,5.94545108124026,5.929604848690634
*CCCCCCCCCCNC(=O)CCCCCCCCCCCCCCC(=O)N*,egc,5.8964,5.9326324462890625,5.9931059977831005,5.9224978678113125,5.9434452022276325
*CCCCCCCCCCNC(=O)CCCCCCCCCCCCCCC(=O)N*,tg,45.0,49.90071868896485,44.87046785432555,44.767182406754074,47.27971276186028
*CCCCCCCCCCNC(=O)CCP(C)(=O)CCC(=O)N*,egc,5.8056,5.898005962371826,5.857441436436542,5.851731088709091,5.876326564437858
*CCCCCCCCCCNC(=O)CCP(C)(=O)CCC(=O)N*,tg,45.5,51.485496520996094,45.60979220499831,45.046578157137176,48.287043527522414
*CCCCCCCCCCNC(=O)N*,egc,5.6429,5.764140605926514,5.875983061171903,5.84223938186511,5.8104620213921825
*CCCCCCCCCCNC(=O)NCCCCCCNC(=O)N*,egc,5.6863,5.563969135284424,5.742050131242065,5.762586108457904,5.6579110254070795
*CCCCCCCCCCNC(=O)c1ccc(C(=O)N*)c(Oc2ccccc2)c1,tg,94.0,93.31221771240234,84.53187617581739,84.9385115588766,88.91881671767926
*CCCCCCCCCCNC(=O)c1ccc(C(=O)N*)c(Sc2ccccc2)c1,tg,100.0,107.1138916015625,115.07341732647944,103.1912404945366,107.53445191847933
*CCCCCCCCCCNCCCCCCN*,egc,5.4327,5.723708152770996,5.04737294836689,5.543687517498543,5.523035213597438
*CCCCCCCCCCOC(=O)C(=O)O*,egc,5.4658,5.726042747497559,5.56889121623467,5.5981990768217464,5.656034240953593
*CCCCCCCCCCOC(=O)C(O)C(O)C(=O)O*,egc,6.2882,6.164710521697998,6.347851243132793,6.498837301599066,6.296622149337955
*CCCCCCCCCCOC(=O)C1CCC(C(=O)O*)CC1,egc,6.5731,6.675202369689941,6.713022395136268,6.651160681348651,6.677152428303954
*CCCCCCCCCCOC(=O)CC(=O)O*,egc,6.9598,6.623923301696777,6.743758106929269,6.608808666355186,6.646700376679143
*CCCCCCCCCCOC(=O)CC(C)(C)CC(=O)O*,egc,6.7584,6.396105766296387,6.526853633703364,6.49091284588264,6.451210396483052
*CCCCCCCCCCOC(=O)CC(C)C(=O)O*,egc,6.5777,6.77406120300293,6.5860044419671615,6.504922472045037,6.658711824674029
*CCCCCCCCCCOC(=O)CC=CCC(=O)O*,egc,6.0213,5.861825942993164,6.063585725224138,6.001372432414731,5.945023629480978
*CCCCCCCCCCOC(=O)CCC(=O)O*,egb,6.6201,6.2274909019470215,6.243022775316187,6.497988033031926,6.231093851054349
*CCCCCCCCCCOC(=O)CCC(=O)O*,egc,6.7167,6.644418716430664,6.777053545185093,6.770236273845796,6.708376029803006
*CCCCCCCCCCOC(=O)CCC=CCCC(=O)O*,egc,6.0842,6.1824212074279785,6.031100946799116,6.067052220545804,6.117111871902447
*CCCCCCCCCCOC(=O)CCCCC(=O)O*,tg,-68.0,-44.433380126953125,-53.30638604449947,-45.26369048835255,-46.51198630851916
*CCCCCCCCCCOC(=O)CCCCCC(=O)O*,egc,6.771,6.557355880737305,6.826804498523222,6.7613068478413165,6.673246473496244
*CCCCCCCCCCOC(=O)CCCCCCC(=O)O*,tg,-22.0,-49.810638427734375,-52.78595772438458,-52.832958462030575,-51.35656525685056
*CCCCCCCCCCOC(=O)CCCCCCCC(=O)O*,egc,6.6816,6.533297538757324,6.8007581037692555,6.772738259853192,6.658389001257753
*CCCCCCCCCCOC(=O)CCCCCCCCC(=O)O*,egc,6.7107,6.690091609954834,6.822127416338379,6.773445680862231,6.74237201502254
*CCCCCCCCCCOC(=O)CCCCCCCCC(=O)O*,tg,-53.0,-45.18780517578125,-52.84703446965016,-42.81882294034048,-46.02739466195175
*CCCCCCCCCCOC(=O)CCCCCCCCCCC(=O)O*,egc,6.8187,6.657846450805664,6.604940272673976,6.695569465729216,6.656230621771585
*CCCCCCCCCCOC(=O)CCCCCCCCCCCCCCCCC(=O)O*,egb,6.0542,6.392915725708008,6.5314864550742024,6.357966946463228,6.425060160175443
*CCCCCCCCCCOC(=O)NCCCCCCCCCCNC(=O)O*,egc,6.2681,6.227722644805908,6.176139717430349,6.184944877777866,6.204521801624504
*CCCCCCCCCCOC(=O)NCc1ccc(CNC(=O)O*)cc1,tg,49.0,25.894058227539062,55.389451299952235,51.96342400421919,40.01525997745125
*CCCCCCCCCCOC(=O)NNC(=O)CCCCCCCCC(=O)NNC(=O)O*,egc,5.6458,5.908624172210693,5.851943388720058,5.80026098948813,5.8664520322038385
*CCCCCCCCCCOC(=O)O*,egc,7.22,6.760739803314209,7.222773687561881,7.221771078045028,6.989718022273685
*CCCCCCCCCCOC(=O)O*,tg,-39.67,-21.465850830078125,-33.110740898768476,-35.952310908744835,-28.338572724705053
*CCCCCCCCCCOC(=O)c1ccc(-c2ccc(C(=O)O*)cc2)cc1,tg,46.0,27.404251098632812,37.49979512120434,31.432042182497497,30.7231122301098
*CCCCCCCCCCOC(=O)c1ccc(C(=O)O*)cc1,tg,5.33,11.211410522460938,19.520118352010975,15.10722618557176,14.122584370559593
*CCCCCCCCCCOC(=O)c1ccc2cc(C(=O)O*)ccc2c1,tg,43.75,31.00421142578125,38.70749619774361,34.68735360904935,33.725287494919
*CCCCCCCCCCOC(=O)c1cccc(C(=O)O*)c1,egc,5.173,5.020289421081543,5.078561340606913,4.9964614434474,5.026886060691378
*CCCCCCCCCCOCCCCCCCCCCOCCCCCCO*,egc,6.1357,5.94870662689209,5.9148238021104635,5.870775847084307,5.919921528457906
*CCCCCCCCCCOCCCCCCCCCCOCCCCCO*,egc,5.9245,5.8605570793151855,6.136532493582812,6.109966030692959,5.990268478290567
*CCCCCCCCCCOCO*,egc,6.4569,6.611733436584473,6.607514116070616,6.606185611357638,6.609278788339927
*CCCCCCCCCCOc1c(OC)cc(/C=C/c2ccc(/C=C/c3cc(OC)c(O*)c(OC)c3)cc2)cc1OC,tg,68.5,68.97867584228516,74.68153914899293,72.71389183119867,71.30515558445344
*CCCCCCCCCCOc1ccc(-c2cc(-c3ccccc3)c(-c3ccc(NC(=O)c4ccc(C(=O)Nc5ccc(-c6c(-c7ccccc7)cc(-c7ccc(O*)cc7)cc6-c6ccccc6)cc5)cc4)cc3)c(-c3ccccc3)c2)cc1,tg,116.0,189.93463134765625,127.67725252771318,124.8848671525056,157.02707202116284
*CCCCCCCCCCOc1ccc(C=C2CCC(=Cc3ccc(OCCCCCCCCCCOP(=O)(O*)OCC)c(OC)c3)C2=O)cc1OC,tg,47.0,69.74163055419922,55.28396276681528,67.01472130052225,65.92965468522873
*CCCCCCCCCCOc1ccc(C=C2CCCC(=Cc3ccc(O*)c(OC)c3)C2=O)cc1OC,tg,60.0,78.8172836303711,61.7084958103799,64.61541648988371,70.91081601657842
*CCCCCCCCCCOc1ccc(C=Cc2ccc(OCCCCCCCCCCOP(=O)(O*)OCCCCCCCCCCOc3ccc(N=Nc4ccc(-c5ccccc5)cc4)cc3)cc2)cc1,tg,50.0,49.38169860839844,56.25877114499959,60.143989568879974,54.123333078286365
*CCCCCCCCCCOc1ccc(C=Cc2ccc(OCCCCCCCCCCOP(=O)(O*)OCCCCCCCCCCOc3ccc(N=Nc4ccc(C#N)cc4)cc3)cc2)cc1,tg,60.0,42.57408142089844,55.48574253165406,56.32295206717008,49.478684798493774
*CCCCCCCCCCOc1ccc(C=Cc2ccc(OCCCCCCCCCCOP(=O)(O*)OCCCCCCCCCCOc3ccc(N=Nc4ccc(Cl)cc4)cc3)cc2)cc1,tg,60.0,47.725738525390625,55.582015228326206,50.438988537757695,50.17815452646185
*CCCCCCCCCCOc1ccc(C=Cc2ccc(OCCCCCCCCCCOP(=O)(O*)OCCCCCCCCCCOc3ccc(N=Nc4ccc([N+](=O)[O-])cc4)cc3)cc2)cc1,tg,50.0,44.90132141113281,53.420455355505766,52.07196124038242,48.86888211107244
*CCCCCCCCCCOc1ccc(C=Cc2ccc(OCCCCCCCCCCOP(=O)(O*)OCCCCCCCCCCOc3ccc(N=Nc4ccccc4)cc3)cc2)cc1,tg,55.0,58.437461853027344,49.619725135940705,40.286877745847264,51.011555738811126
*CCCCCCCCCCOc1ccc(CCc2ccc(O*)cc2C)cc1,tg,-3.8,0.8520050048828125,0.728651888411989,1.9705163904460503,1.1727309073356378
*CCCCCCCCCCOc1ccc(N=Cc2ccc(C=Nc3ccc(O*)cc3C)cc2)c(C)c1,tg,77.6,61.751983642578125,73.22351619696903,87.98163031687824,72.22228897940315
*CCCCCCCCCCOc1ccc(OC(=O)c2ccc(OCCOCCOCCOc3ccc(C(=O)Oc4ccc(O*)cc4)cc3)cc2)cc1,tg,64.0,25.52979278564453,26.78040955691648,17.757386844766543,23.38188508420763
*CCCCCCCCCCOc1cccc(OC(=O)c2ccc(C(=O)Oc3cccc(O*)c3)cc2)c1,egc,3.4495,4.221529960632324,4.1000211750046605,4.312918026663022,4.219110124224057
*CCCCCCCCCCSCCCCCCS*,egb,5.52,4.631695747375488,5.221792579661403,5.101037992189439,4.768581286201866
*CCCCCCCCCCSS*,tg,-65.0,-39.223846435546875,-57.8217558727612,-54.14807737621405,-47.65953524882872
*CCCCCCCCCCSSS*,tg,-70.0,-38.321380615234375,-54.053645460656334,-56.07606801953395,-47.04442606660348
*CCCCCCCCCC[n+]1ccc(-c2cc[n+](*)cc2)cc1,egc,2.5264,0.1846365928649902,2.439019683895966,2.433536716852509,1.301720039421737
*CCCCCCCCCCc1ccc(-c2c(-c3ccccc3)cc(-c3ccc(-c4cc(-c5ccccc5)c(-c5ccc(*)cc5)c(-c5ccccc5)c4-c4ccccc4)cc3)c(-c3ccccc3)c2-c2ccccc2)cc1,tg,235.0,183.7100830078125,214.56919848287876,212.6483007439398,198.99885322206956
*CCCCCCCCCCc1ccc(-c2c(-c3ccccc3)cc(-c3cccc(-c4cc(-c5ccccc5)c(-c5ccc(*)cc5)c(-c5ccccc5)c4-c4ccccc4)c3)c(-c3ccccc3)c2-c2ccccc2)cc1,tg,180.0,179.44473266601562,186.31138524452672,182.03895362713857,181.65714269317624
*CCCCCCCCCCc1nnc(*)n1N,egc,5.6319,5.646683692932129,5.6617059851019835,5.60141396458295,5.6377487098956
*CCCCCCCCCCc1nnc(*)o1,egc,6.3926,6.263408660888672,6.354305903872853,6.34729418799579,6.306603875044154
*CCCCCCCCCCn1c(=O)c2cc3c(=O)n(*)c(=O)c3cc2c1=O,egc,3.7892,3.721802711486816,3.778200493283905,3.724036511573516,3.735063045874509
*CCCCCCCCCN1C(=O)c2ccc(-c3ccc(-c4ccc5c(c4)C(=O)N(*)C5=O)cc3)cc2C1=O,tg,104.0,104.7899398803711,102.77756194160622,115.63410999101376,107.7318104401191
*CCCCCCCCCN1C(=O)c2ccc(C(c3ccc4c(c3)C(=O)N(*)C4=O)(C(F)(F)F)C(F)(F)F)cc2C1=O,tg,122.5,135.57899475097656,126.66708133881976,128.11057396285864,131.4386631531694
*CCCCCCCCCN1C(=O)c2ccc(Oc3ccc4c(c3)C(=O)N(*)C4=O)cc2C1=O,tg,89.0,106.48834228515624,106.93615423091536,103.22093378896724,105.5693928209418
*CCCCCCCCCNC(=O)C(OC)C(OC)C(=O)N*,tg,84.0,104.91452026367188,86.68023706717331,87.1725480083449,95.68171844413783
*CCCCCCCCCNC(=O)CCC=CCCC(=O)N*,egc,5.6551,5.543169021606445,5.502235048089949,5.435811591363418,5.504803146765422
*CCCCCCCCCNC(=O)CCCCC(=O)N*,egc,5.6864,5.896409034729004,5.853416807212153,5.861983920633768,5.877405995859497
*CCCCCCCCCNC(=O)CCCCC(=O)N*,tg,60.33,57.70613098144531,52.82100997127025,53.63522564436481,55.44368466602462
*CCCCCCCCCNC(=O)CCCCCCCC(=O)N*,egc,5.928,5.913960933685303,5.818825939023806,5.868122325850823,5.8801569515852234
*CCCCCCCCCNC(=O)CCCCCCCCCCCC(=O)N*,egc,5.7342,5.920872211456299,6.000918237349949,5.897162686702643,5.9323861841402215
*CCCCCCCCCNC(=O)CCCCCCCCCCCCCCCCCCC(=O)N*,tg,42.0,46.839454650878906,48.581754384357644,45.9562238660577,46.92390772361735
*CCCCCCCCCNC(=O)N*,tg,125.0,64.57442474365234,50.988899586072826,55.14195554320278,58.86690354958118
*CCCCCCCCCNC(=O)NCCCCCCCNC(=O)N*,egc,5.422,5.734973907470703,5.735034677755303,5.753493062552788,5.740021457409791
*CCCCCCCCCNC(=O)NCCCCCCNC(=O)N*,egc,5.7131,5.668213844299316,5.672399049087255,5.724496763680895,5.6844517588383106
*CCCCCCCCCNC(=S)N*,tg,48.0,58.545433044433594,58.98876546744011,50.91843904087196,56.27676990651768
*CCCCCCCCCO*,egc,6.1351,6.5062994956970215,6.141655756531775,6.241656738946278,6.352554007875348
*CCCCCCCCCOC(=O)CCC(=O)O*,tg,31.0,-33.42631530761719,-47.8986865880266,-44.504281095387,-39.82500851431365
*CCCCCCCCCOC(=O)Nc1ccc(Cc2ccc(NC(=O)O*)cc2)cc1,tg,72.0,78.90995025634766,68.46986896512074,66.71543805845081,72.99368426728243
*CCCCCCCCCOC(=O)c1ccc(-c2ccc(C(=O)O*)cc2)cc1,tg,43.75,29.47766876220703,41.929104285543715,39.06806193078009,35.001209058273076
*CCCCCCCCCOC(=O)c1ccc(NC(=O)CCCCCCCCC(=O)Nc2ccc(C(=O)O*)cc2)cc1,egc,4.1632,4.2078728675842285,4.6016061893422915,4.39385528425367,4.346763136224219
*CCCCCCCCCOC(=O)c1ccc2cc(C(=O)O*)ccc2c1,egc,3.7681,4.231654167175293,3.8869016005063366,3.9727248685837098,4.083924412477579
*CCCCCCCCCOCO*,egc,6.4692,6.614121437072754,6.5301020043610185,6.555454632369381,6.579324302055348
*CCCCCCCCCOc1ccc(C=CC=Cc2ccc(O*)cc2)cc1,egc,3.5795,4.07718563079834,4.088484904576156,4.196328142051518,4.11210625091304
*CCCCCCCCCOc1ccc(CCc2ccc(O*)cc2C)cc1,tg,-1.1,-4.587677001953125,-2.304041160678066,0.8014479316042582,-2.451504044286168
*CCCCCCCCCc1nc2ccc(-c3ccc4nc(*)oc4c3)cc2o1,egc,4.1522,4.643547058105469,4.252764148607301,4.201895618639152,4.435822236730536
*CCCCCCCCCn1c(=O)c2cc3c(=O)n(*)c(=O)c3c(Br)c2c1=O,egc,3.5814,3.740241765975952,3.521725023616083,3.5389212853127425,3.6364930309650907
*CCCCCCCCCn1c(=O)c2cc3c(=O)n(*)c(=O)c3cc2c1=O,egc,3.7854,3.809824943542481,3.78807030503147,3.768017930539152,3.7935801058151544
*CCCCCCCCN(C)c1ccc(C(=O)c2ccc(N(*)C)cc2)cc1,tg,50.0,55.70722198486328,61.95334237713456,66.85141606854019,60.43747086606251
*CCCCCCCCN1C(=O)CC(C2C=C(C)C3C(=O)N(*)C(=O)C3C2)C1=O,egc,5.4303,5.536383628845215,5.013500265990133,4.468795391176724,5.1288779168146394
*CCCCCCCCN1C(=O)c2ccc(C(c3ccc4c(c3)C(=O)N(*)C4=O)(C(F)(F)F)C(F)(F)F)cc2C1=O,tg,138.5,143.341064453125,124.99715726349736,131.24180967428566,135.83153252435176
*CCCCCCCCN1C(=O)c2ccc3c4ccc5c6c(ccc(c7ccc(c2c37)C1=O)c64)C(=O)N(*)C5=O,egc,2.0224,2.9232916831970215,2.316035732343351,2.125784463156251,2.5702705305822535
*CCCCCCCCNC(=O)C(CCCCCCCCCCCC)C(=O)N*,egc,5.9457,5.804120063781738,5.872910401583913,5.851747239969031,5.832499656369098
*CCCCCCCCNC(=O)CC(=O)N*,egc,6.004,5.850732326507568,5.893767250704405,5.907732224195643,5.875881269906731
*CCCCCCCCNC(=O)CC(=O)N*,tg,55.0,58.79801177978515,59.58085090593508,64.46989217191185,60.71353617583834
*CCCCCCCCNC(=O)CCC=CCCC(=O)N*,egc,5.2366,5.715449810028076,5.668319203714988,5.6237484461489435,5.679949353110667
*CCCCCCCCNC(=O)CCCCCCCCC(=O)N*,tg,54.0,54.80577087402344,54.81235193153362,54.09724029392012,54.58791271150666
*CCCCCCCCNC(=O)CCCCCCCCCCC(=O)N*,egc,5.8323,5.932894706726074,5.936582200650765,5.920365386699289,5.930316269123204
*CCCCCCCCNC(=O)CCCCCCCCCCCCC(=O)N*,egc,5.9612,5.920872211456299,5.88155656882861,5.92119313267478,5.91213877431706
*CCCCCCCCNC(=O)CCCCCCCCCCCCCCC(=O)N*,tg,52.0,45.11304473876953,43.40719032778967,45.73950515883725,44.956633155370014
*CCCCCCCCNC(=O)CCCCCCCCCCCCCCCCC(=O)N*,tg,36.0,43.993865966796875,46.560979409626825,47.4253602147392,45.58257661431126
*CCCCCCCCNC(=O)CCP(C)(=O)CCC(=O)N*,tg,52.0,46.82360076904297,47.9593990443709,51.673770881441826,48.55736581334059
*CCCCCCCCNC(=O)Cc1ccc(CC(=O)N*)cc1,tg,110.0,74.17984008789062,86.49281827952255,91.01178640246675,81.91538759287346
*CCCCCCCCNC(=O)NCCCCCCNC(=O)N*,egc,5.7995,5.628655433654785,5.5921761369719665,5.616909569369842,5.617278326509412
*CCCCCCCCNC(=O)NCc1ccc(CNC(=O)N*)cc1,tg,68.0,73.72615814208984,91.15012221136745,106.29162994535584,87.37877377413221
*CCCCCCCCNC(=O)c1ccc(C(=O)N*)c(Oc2ccccc2)c1,tg,96.0,103.22901153564452,100.21090839705562,101.4925275846638,102.07212020518755
*CCCCCCCCO*,egc,6.1709,6.481634140014648,6.153518590066577,6.147732623713734,6.317257880876543
*CCCCCCCCO*,tg,-19.0,-44.67189025878906,-62.41304853196019,-78.27479323434446,-58.7105956472689
*CCCCCCCCOC(=O)CCCCCCC(=O)O*,egc,6.7527,6.765397071838379,6.797196117809429,6.778322203589837,6.7760446911609185
*CCCCCCCCOC(=O)Nc1ccc(C)c(NC(=O)O*)c1,tg,64.0,70.29606628417969,48.27465399592458,55.57466209481012,61.22024863648287
*CCCCCCCCOC(=O)Nc1ccc(Cc2ccc(NC(=O)O*)cc2)cc1,tg,79.0,67.82127380371094,79.20674817125969,74.06849026379628,72.0916297440118
*CCCCCCCCOC(=O)O*,egc,7.3252,7.03238582611084,7.194350573431789,7.186735829780789,7.110679210280068
*CCCCCCCCOC(=O)c1ccc2cc(C(=O)O*)ccc2c1,tg,53.0,27.231491088867188,44.29406479578575,41.09185333299439,35.02281369122038
*CCCCCCCCOc1c(OC)cc(/C=C/c2ccc(/C=C/c3cc(OC)c(O*)c(OC)c3)cc2)cc1OC,tg,80.9,83.9417495727539,78.53607477756243,79.79806753643626,81.54991209975101
*CCCCCCCCOc1c(OC)cc(C=Cc2cc(C(C)C)c(C=Cc3cc(OC)c(O*)c(OC)c3)cc2C(C)C)cc1OC,tg,85.0,87.74866485595703,68.60324609346915,75.40268671252329,79.99824159530968
*CCCCCCCCOc1c(OC)cc(C=Cc2cc(CCCCCC)c(C=Cc3cc(OC)c(O*)c(OC)c3)cc2CCCCCC)cc1OC,tg,21.0,61.83808135986328,64.84054576490809,70.43947176730737,65.1156666794869
*CCCCCCCCOc1c(OC)cc(C=Cc2ccc(C=Cc3cc(OC)c(O*)c(OC)c3)cc2)cc1OC,tg,80.45,73.01022338867188,82.2508447593498,78.88325776745796,76.72445218273309
*CCCCCCCCOc1ccc(C(C)(C)c2ccc(O*)cc2)cc1,tg,13.37,32.326332092285156,39.25902083408585,35.19953188055949,34.638612123058905
*CCCCCCCCOc1ccc(C=C2CCC(=Cc3ccc(OCCCCCCCCOP(=O)(O*)OCC)c(OC)c3)C2=O)cc1OC,tg,62.0,58.81373596191406,62.511501284127355,68.86641239876931,62.683081086898106
*CCCCCCCCOc1ccc(C=C2CCCC(=Cc3ccc(O*)c(OC)c3)C2=O)cc1OC,tg,72.0,82.26544189453125,68.03735720177411,64.25206202488626,73.7711844086448
*CCCCCCCCOc1ccc(C=Cc2cc(OCCCCCCCC)c(C=Cc3ccc(O*)cc3)cc2OCCCCCCCC)cc1,tg,130.0,41.10863494873047,43.84508892380411,56.87588401193295,46.54862070374182
*CCCCCCCCOc1ccc(CCc2ccc(O*)cc2C)cc1,tg,-12.1,16.238067626953125,3.609978633772995,6.559127683005784,10.650863428142689
*CCCCCCCCOc1cccc(NC(=O)c2ccc(C(=O)Nc3cccc(O*)c3)cc2)c1,tg,122.0,112.79000854492188,122.06013146151145,116.0733184211102,115.70907024649202
*CCCCCCCCc1nc(-c2ccc(-c3csc(*)n3)cc2)cs1,egc,3.6182,3.909637928009033,3.808518945722392,3.7794935382103807,3.851575231375187
*CCCCCCCCc1nc2cc(-c3ccc4oc(*)nc4c3)ccc2o1,egc,4.6999,4.138500213623047,4.192790077552673,4.142568742421426,4.151786345411203
*CCCCCCCCc1nc2cc(NC(=O)CCCCC(=O)Nc3ccc4oc(*)nc4c3)ccc2o1,tg,87.2,107.49827575683594,100.74475364345176,103.71502646036612,104.94122406608213
*CCCCCCCCc1nc2cc(NC(=O)CCCCCCCCC(=O)Nc3ccc4oc(*)nc4c3)ccc2o1,tg,88.12,73.631103515625,83.7545139379338,82.03779559607615,78.31045582729045
*CCCCCCCCc1nnc(*)o1,egc,6.3765,6.121498107910156,6.345774331603058,6.238174609561673,6.20353090780389
*CCCCCCCN1C(=O)c2ccc(-c3ccc(-c4ccc5c(c4)C(=O)N(*)C5=O)cc3)cc2C1=O,tg,135.0,132.4964599609375,131.79722101684587,130.35633789510084,131.69077552893373
*CCCCCCCN1C(=O)c2ccc(C(=O)Oc3ccc(-c4ccc(OC(=O)c5ccc6c(c5)C(=O)N(*)C6=O)cc4)cc3)cc2C1=O,tg,117.0,101.74490356445312,125.72175865131486,122.82000656195514,113.1879382313769
*CCCCCCCN1C(=O)c2ccc(C(c3ccc4c(c3)C(=O)N(*)C4=O)(C(F)(F)F)C(F)(F)F)cc2C1=O,tg,150.0,152.0623779296875,141.34998508922436,139.99363049942943,146.129113399081
*CCCCCCCNC(=O)C(OC)C(OC)C(=O)N*,egc,5.7148,5.542986869812012,5.77907850018734,5.753320610630514,5.65312862651603
*CCCCCCCNC(=O)C(OC)C(OC)C(=O)N*,tg,87.0,108.00177001953124,99.17743415642424,99.32280402910663,103.50489346632544
*CCCCCCCNC(=O)C=CCCC=CC(=O)N*,egc,5.3907,4.816188812255859,4.629128957030334,4.592774380305187,4.713491970401419
*CCCCCCCNC(=O)CCCCCCCC(=O)N*,egc,5.8296,5.994203090667725,5.923365092782259,5.922772742240319,5.958893866301947
*CCCCCCCNC(=O)CCCCCCCCCC(=O)N*,egc,5.7365,6.012672424316406,5.935370620623139,5.927617229076879,5.9722094766101534
*CCCCCCCNC(=O)CCCCCCCCCCCCCCCCCCC(=O)N*,egc,5.9137,5.954896926879883,5.891372351136242,5.9162438781627955,5.93013810189065
*CCCCCCCNC(=O)CCCCCCCCCCCCCCCCCCC(=O)N*,tg,46.0,41.04119873046875,43.199074936655705,45.66639540567259,42.91520335546619
*CCCCCCCNC(=O)N*,tg,62.0,100.22964477539062,103.97930895242276,108.49376295583004,103.55629069130777
*CCCCCCCNC(=O)c1ccc(C(=O)N*)cc1,tg,138.25,136.09515380859375,144.88661506722065,138.15668902140246,138.53794155072757
*CCCCCCCNC(=O)c1cccc(C(=O)N*)c1,egc,4.8667,5.023264408111572,5.028581043343454,4.990927262884596,5.015667272067895
*CCCCCCCNC(=S)N*,tg,52.0,67.75444793701172,56.18783879853893,48.23246078827685,59.33987720446377
*CCCCCCCNC(=S)Nc1ccc(NC(=S)N*)cc1,egb,3.5538,3.408830165863037,3.370551287878334,3.461738981517281,3.399950564157149
*CCCCCCCOC(=O)C(=O)O*,egc,5.2465,5.7358574867248535,5.654067518783374,5.5897241428269995,5.677785204596553
*CCCCCCCOC(=O)NCCCCCCNC(=O)O*,egc,6.2664,6.091679096221924,6.3144921133220535,6.288779446604799,6.195244598286765
*CCCCCCCOC(=O)NCCCCCCNC(=O)O*,tg,55.0,14.916488647460938,35.29273089698589,29.612052190381263,23.646541134287876
*CCCCCCCOC(=O)Nc1ccc(C)c(NC(=O)O*)c1,tg,61.0,63.33110046386719,46.28958549616412,56.730873999111694,57.79028457370535
*CCCCCCCOC(=O)Nc1ccc(Cc2ccc(NC(=O)O*)cc2)cc1,tg,84.0,69.48273468017578,77.55061137432263,71.49821472275259,71.76271420744119
*CCCCCCCOC(=O)c1ccc(-c2ccc(C(=O)O*)cc2)cc1,tg,41.71,32.73091125488281,48.65998891239083,45.23894576906042,39.871124352986584
*CCCCCCCOC(=O)c1ccc(C(=O)O*)cc1,tg,-1.0,14.947738647460938,22.515883005713516,18.43186951801576,17.579497711213925
*CCCCCCCOc1ccc(-c2ccc(O*)c3ccccc23)c2ccccc12,tg,129.5,98.8910140991211,103.35331599596228,114.767792663565,104.71922116495361
*CCCCCCCOc1ccc(C=CC=Cc2ccc(O*)c(C)c2)cc1C,egc,3.4306,3.2794132232666016,3.3599769851838315,3.1568072939269154,3.264161123391813
*CCCCCCCc1nc2ccc(-c3ccc4nc(*)[nH]c4c3)cc2[nH]1,egc,4.2077,4.043894290924072,3.872037680536815,3.7899250342472657,3.9363028998623304
*CCCCCCCc1nc2ccc(-c3ccc4nc(*)oc4c3)cc2o1,egc,4.0726,4.43548583984375,4.181265586802181,4.136883309492611,4.297283422961026
*CCCCCCCc1nnc(*)n1N,egc,5.5167,5.669583797454834,5.624210117894865,5.610023641052041,5.6432142070983105
*CCCCCCCc1nnc(*)o1,egc,6.3125,6.400933265686035,6.299124127406784,6.17237782550797,6.315965429589092
*CCCCCCCc1nnc(-c2ccc(-c3nnc(*)o3)cc2)o1,egc,3.843,4.382313251495361,4.1634418712323455,4.62337089455183,4.398733106551094
*CCCCCCCc1nnc(CCCCc2nnc(*)o2)o1,egc,6.3226,5.771727561950684,5.381406474227982,5.461084952521135,5.599717449302517
*CCCCCCN(C(=O)C(F)(F)C(F)(F)C(F)(F)C(=O)N(*)C(C)C)C(C)C,tg,142.5,102.688720703125,40.25353506772558,31.65341730387233,67.89281478211727
*CCCCCCN(C)C(=O)CCC(=O)N(*)C,egc,5.3815,5.528573513031006,5.642795324633305,5.636178818209215,5.583449276606544
*CCCCCCN(C)C(=O)CCC(=O)N(*)C,tg,7.5,29.095436096191406,23.835374928839993,8.837987798914384,21.74812365602552
*CCCCCCN(C)C(=O)CCCC(=O)N(*)C,tg,3.0,18.3697509765625,13.648202735148791,5.789568282768641,13.50823800397564
*CCCCCCN(C)C(=O)CCCCCCCCCCC(=O)N(*)C,egc,5.5795,5.500326156616211,5.365280598280839,5.508600645979731,5.472277166488078
*CCCCCCN(C)c1ccc(C(=O)c2ccc(N(*)C)cc2)cc1,tg,75.5,63.33567810058594,73.32600879223926,78.83316072562326,70.18149788570821
*CCCCCCN(CC(F)(F)C(F)(F)F)C(=O)C(F)(F)C(F)(F)C(F)(F)C(F)(F)C(=O)N(*)CC(F)(F)C(F)(F)F,tg,174.0,59.95940399169922,34.91166023518042,37.39082028712089,47.83444303236133
*CCCCCCN(CC)C(=O)CCCCCCCCCCCCCCCCC(=O)N(*)CC,egc,5.5078,5.9069037437438965,5.415257039372011,5.327547835731772,5.639118481813917
*CCCCCCN1C(=O)C(=O)N(c2ccc(C)c(N3C(=O)C(=O)N(*)C3=O)c2)C1=O,tg,181.5,148.99583435058594,143.62748426248393,141.22196609790154,145.48853184996622
*CCCCCCN1C(=O)C(=O)N(c2ccc(CCc3ccccc3N3C(=O)C(=O)N(*)C3=O)cc2)C1=O,tg,137.0,159.25099182128906,135.553287419509,127.90850354136734,144.68868615917108
*CCCCCCN1C(=O)C(=O)N(c2ccc(Cc3ccc(N4C(=O)C(=O)N(*)C4=O)cc3)cc2)C1=O,tg,158.0,147.02517700195312,163.13861592837796,155.04864060564404,152.81577868206264
*CCCCCCN1C(=O)C(=O)N(c2ccc(Oc3ccc(N4C(=O)C(=O)N(*)C4=O)cc3)cc2)C1=O,tg,172.0,177.75682067871094,144.73139456354875,148.0245691724615,161.7776216787559
*CCCCCCN1C(=O)C(C)C(SCCOCCSC2C(=O)N(CCCCCCN3C(=O)CC(C)(SCCOCCSC4(C)CC(=O)N(*)C4=O)C3=O)C(=O)C2C)C1=O,tg,78.0,25.14215850830078,48.63552987390765,57.282432083914216,39.909335949915125
*CCCCCCN1C(=O)c2ccc(-c3ccc(-c4ccc5c(c4)C(=O)N(*)C5=O)cc3)cc2C1=O,tg,141.0,130.68475341796875,144.639282124437,145.66289574812913,138.18378754359858
*CCCCCCN1C(=O)c2ccc(C(=O)Nc3ccc(S(=O)(=O)c4ccc(NC(=O)c5ccc6c(c5)C(=O)N(*)C6=O)cc4)cc3)cc2C1=O,tg,198.0,196.97117614746097,208.08093738759183,205.91695035256384,202.01982085814922
*CCCCCCN1C(=O)c2ccc(C(=O)Nc3ccc(S(=O)(=O)c4cccc(NC(=O)c5ccc6c(c5)C(=O)N(*)C6=O)c4)cc3)cc2C1=O,tg,190.0,194.28433227539065,185.7657960159971,188.48558210983,190.74133750884343
*CCCCCCN1C(=O)c2ccc(C(=O)c3ccc4c(c3)C(=O)N(*)C4=O)cc2C1=O,eps,3.79,4.774720191955566,4.444477630456482,4.610644038752157,4.593726145329841
*CCCCCCN1C(=O)c2ccc(C(=O)c3ccc4c(c3)C(=O)N(*)C4=O)cc2C1=O,tg,127.0,143.18356323242188,120.41067775388812,129.65077275743909,134.32120060426007
*CCCCCCN1C(=O)c2ccc(C(c3ccc4c(c3)C(=O)N(*)C4=O)(C(F)(F)F)C(F)(F)F)cc2C1=O,tg,143.67,160.9214630126953,166.13191353453587,156.9460132902033,160.76127460311338
*CCCCCCN1C(=O)c2ccc(Oc3ccc4c(c3)C(=O)N(*)C4=O)cc2C1=O,tg,164.0,115.32593536376952,107.81185992346796,119.32430163200424,115.02025579722635
*CCCCCCNC(=O)C(=O)N*,tg,250.0,109.97979736328124,103.78418337990176,94.5753087351903,103.94184320607144
*CCCCCCNC(=O)C(CC)CC(CC)C(=O)N*,egc,5.6687,5.912014961242676,5.722218809559071,5.793577767023674,5.837239351173084
*CCCCCCNC(=O)C(CC)CC(CC)C(=O)N*,tg,94.0,61.996337890625,76.32485447614458,74.11662580687165,68.68797593704878
*CCCCCCNC(=O)C(CCCCCCCCCCCCCCC)C(=O)N*,egc,5.9375,5.939393043518066,5.803875701924081,5.769793907365834,5.862888222167481
*CCCCCCNC(=O)C(O)C(O)C(O)C(O)C(=O)N*,egc,5.9698,5.823023319244385,5.794219003502541,5.737290459059818,5.793256832999269
*CCCCCCNC(=O)C(OC)C(OC)C(=O)N*,tg,106.0,106.40248107910156,103.3847441630248,102.77892179909108,104.6618305706778
*CCCCCCNC(=O)C1CC1(C)C(=O)N*,egc,6.1739,5.745993614196777,5.740146170413226,5.857085155526072,5.774878846666306
*CCCCCCNC(=O)CC(=O)N*,egc,5.7541,5.87981653213501,5.920966020382445,5.932071849540116,5.903252786267535
*CCCCCCNC(=O)CC(C)(C)c1ccc(C(C)(C)CC(=O)N*)cc1,tg,91.0,107.90388488769533,104.11761500476064,98.03160270159896,104.0721802856922
*CCCCCCNC(=O)CC(C)c1ccc(C(C)CC(=O)N*)cc1,tg,88.0,76.45539855957031,85.56931729355777,84.19283965278237,80.72043501045607
*CCCCCCNC(=O)CCC(C)(C)c1ccc(C(C)(C)CCC(=O)N*)cc1,tg,92.0,102.6675033569336,95.5661125445535,88.9035237123,96.95113407866191
*CCCCCCNC(=O)CCC1(CCC(=O)N*)c2ccccc2-c2ccccc21,tg,122.0,129.67137145996094,92.60570108026346,110.6602273760018,116.17962722937104
*CCCCCCNC(=O)CCCC(=O)O*,egc,5.9363,5.851246356964111,6.224099316719293,6.303501102363596,6.0578307130672675
*CCCCCCNC(=O)CCCC(=O)O*,tg,-18.0,14.979331970214844,25.600916560992175,11.432155396945092,16.062607016120232
*CCCCCCNC(=O)CCCCC(=O)N*,tg,55.55,56.35515594482422,53.465969256370904,48.9206215221197,53.4618364199768
*CCCCCCNC(=O)CCCCC(=O)NCC(=O)N*,tg,53.4,57.79582977294922,66.16326811508739,69.13566105314047,63.02213455432916
*CCCCCCNC(=O)CCCCCC(=O)N*,egc,5.936,5.719902515411377,5.93684174813136,5.9200303779801535,5.822973147894307
*CCCCCCNC(=O)CCCCCC(=O)N*,tg,54.0,51.768455505371094,49.05414613002776,49.54065226253637,50.521928950786815
*CCCCCCNC(=O)CCCCCCC(=O)N*,egc,5.7328,5.905966758728027,5.835981637382413,5.8842479075749665,5.8843615657598605
*CCCCCCNC(=O)CCCCCCC(=O)N*,tg,52.67,47.752288818359375,53.06791213325862,54.83219390029973,51.03406359521501
*CCCCCCNC(=O)CCCCCCCC(=O)N*,egc,5.6457,5.849181175231934,5.88941042915189,5.903054211433705,5.872850701703194
*CCCCCCNC(=O)CCCCCCCC1C(CCCCCCCC(=O)N*)C=CC(CCCCCC)C1CCCCCCCC,tg,-10.0,28.293785095214844,78.64527492753527,59.567324749190504,48.307056956813426
*CCCCCCNC(=O)CCCCCCCCC(=O)N*,egc,6.0268,5.89333963394165,5.827302383797679,5.834098740965642,5.862420846008817
*CCCCCCNC(=O)CCCCCCCCCCC(=O)N*,egb,6.3994,5.70675802230835,5.563598096135555,5.714034359855763,5.673549025817732
*CCCCCCNC(=O)CCCCCCCCCCC(=O)N*,tg,50.61,51.62386322021485,49.24290935528664,52.62934400546459,51.44611026420232
*CCCCCCNC(=O)CCCCCCCCCCCCCCC(=O)N*,egc,5.9557,5.917713165283203,5.96002519523228,5.928111692985384,5.930032640855146
*CCCCCCNC(=O)CCCCCCCCCCCCCCC(=O)N*,tg,40.0,47.824440002441406,46.39825074837767,48.53605091512378,47.7517909252113
*CCCCCCNC(=O)CCCCCCCCCCCCCCCCC(=O)N*,egc,5.8888,5.957890510559082,5.94144207420176,5.944911786487713,5.950672313435126
*CCCCCCNC(=O)CCP(=O)(CCC(=O)N*)c1ccccc1,egc,4.8862,5.380510330200195,4.997237839245446,4.732971800426929,5.118505847337584
*CCCCCCNC(=O)CCP(=O)(CCC(=O)N*)c1ccccc1,tg,29.0,59.818214416503906,61.966352328880625,63.77775192374117,61.48427415474107
*CCCCCCNC(=O)CCP(C)(=O)CCC(=O)N*,egc,5.99,5.885177135467529,5.799533740056887,5.78817713086187,5.839595844626771
*CCCCCCNC(=O)CCP(C)(=O)CCC(=O)N*,tg,57.5,41.10484313964844,34.932964479926625,45.13678137803296,41.08511715130766
*CCCCCCNC(=O)CCc1ccc(C(C)CC(=O)N*)cc1,tg,77.0,73.33334350585938,77.42985609129576,78.7110648896471,75.83819071966494
*CCCCCCNC(=O)Cc1ccc(C(=O)N*)cc1,tg,104.0,107.05412292480467,101.98784697016023,97.2573661441343,102.98298632270848
*CCCCCCNC(=O)Cc1ccc(CC(=O)N*)cc1,tg,95.0,76.5858154296875,99.520828672504,101.14274314339222,88.89217641669185
*CCCCCCNC(=O)N*,egc,5.7413,5.560126781463623,5.804094240604885,5.798204831169391,5.6795770382355855
*CCCCCCNC(=O)NCCCCCNC(=O)N*,egc,5.9068,5.520418643951416,5.487909941713174,5.512129858625855,5.510872070990878
*CCCCCCNC(=O)NCCCCNC(=O)N*,egc,5.3951,5.821096420288086,5.866930704911798,5.771735037231289,5.817962067142583
*CCCCCCNC(=O)NCCCNC(=O)N*,egc,5.6415,5.67533540725708,5.644886239288643,5.6642890820127345,5.665501341292881
*CCCCCCNC(=O)c1c(Cl)c(Cl)c(C(=O)N*)c(Cl)c1Cl,tg,268.83,181.11578369140625,137.18422093314717,154.4665460857866,163.85128281123073
*CCCCCCNC(=O)c1c(F)c(F)c(C(=O)N*)c(F)c1F,egc,4.7431,4.668232440948486,4.630296863878838,4.825266455674288,4.702406712473197
*CCCCCCNC(=O)c1cc(C(=O)N*)cc(C(C)(C)C)c1,tg,163.0,144.00054931640625,148.143109943955,146.5134239156803,145.6285076690074
*CCCCCCNC(=O)c1cc(NC(=O)C(C(C)CC)N2C(=O)c3ccccc3C2=O)cc(C(=O)N*)c1,tg,135.0,155.26353454589844,147.0647586496142,128.86684042658987,145.41347790073348
*CCCCCCNC(=O)c1cc(NC(=O)c2ccc(NC(=O)C(CC(C)C)N3C(=O)c4ccccc4C3=O)cc2)cc(C(=O)N*)c1,tg,200.0,196.25360107421875,180.4408774614792,148.63521854223796,178.2746324968507
*CCCCCCNC(=O)c1ccc(C(=O)N*)c(Oc2ccc(-c3ccccc3)cc2)c1,tg,112.0,131.13047790527344,138.57170527441457,140.88437232107424,135.6759555973153
*CCCCCCNC(=O)c1ccc(C(=O)N*)c(Oc2ccc(Cl)cc2)c1,tg,112.5,118.50563049316406,109.96802500127042,125.35989014926064,118.87338256351953
*CCCCCCNC(=O)c1ccc(C(C)(CC)c2ccc(C(=O)N*)cc2)cc1,tg,159.0,139.7490234375,164.82430048274108,152.82650112232128,148.94322355087513
*CCCCCCNC(=O)c1cccc(C(=O)N*)c1,egc,5.0813,4.9367547035217285,4.9655939346545415,4.979127181666705,4.954742712688108
*CCCCCCNC(=O)c1cccc(C(=O)N*)c1,tg,121.6,143.175537109375,129.62793774154744,126.70271891310396,135.29761825369008
*CCCCCCNC(=O)c1ccccc1-c1ccccc1C(=O)N*,tg,122.5,142.4632110595703,158.50555147165434,145.1107761024082,146.57598863997035
*CCCCCCNC(=S)Nc1ccc(NC(=S)N*)cc1,eps,4.17,4.87382173538208,4.533107147056839,4.438016510141127,4.6870883482454415
*CCCCCCNC(=S)Nc1ccc(NC(=S)N*)cc1,nc,1.8822,1.947803974151611,1.9363206420294223,1.9383318312632687,1.9438677251749952
*CCCCCCO*,egc,6.1189,6.066189765930176,6.164481684648095,6.153213816590587,6.11189713446338
*CCCCCCOC(=O)C(=O)O*,tg,66.5,18.34522247314453,0.0591001146311698,-12.897256180489194,4.9249121577260695
*CCCCCCOC(=O)C(C(=O)OCCCCCCOc1ccc(-n2on2-c2ccc(O*)cc2)cc1)c1ccccc1,tg,23.0,34.801300048828125,31.011159724803736,35.4949391894699,34.237747146253
*CCCCCCOC(=O)C(CCCCCBr)C(=O)OCCCCCCOc1ccc(-n2on2-c2ccc(O*)cc2)cc1,tg,7.0,16.808311462402344,20.31699947844739,23.10150166815228,19.47570529153721
*CCCCCCOC(=O)C(CCCCCCCCCCBr)C(=O)OCCCCCCOc1ccc(-n2on2-c2ccc(O*)cc2)cc1,tg,16.0,11.673324584960938,9.260098867284947,12.026507304471949,11.28713410509505
*CCCCCCOC(=O)C(CCCCCCCCCCP(=O)(O)O)C(=O)OCCCCCCOc1ccc(-n2on2-c2ccc(O*)cc2)cc1,tg,12.5,13.937957763671877,8.910414203685614,9.554837574480956,11.549675773965866
*CCCCCCOC(=O)C(CCCCCCP(=O)(OCC)OCC)C(=O)OCCCCCCOc1ccc(-n2on2-c2ccc(O*)cc2)cc1,tg,15.0,-3.4869232177734375,7.711602659355893,9.514444830667202,2.8346890593051697
*CCCCCCOC(=O)C(CCCCCP(=O)(O)O)C(=O)OCCCCCCOc1ccc(-n2on2-c2ccc(O*)cc2)cc1,tg,12.0,22.39368438720703,10.218918057403512,14.077675071016811,17.32122344529
*CCCCCCOC(=O)C(CCCCCP(=O)(OCC)OCC)C(=O)OCCCCCCOc1ccc(-n2on2-c2ccc(O*)cc2)cc1,tg,12.0,3.687652587890625,13.754212030197715,18.14165082449165,10.226283640466788
*CCCCCCOC(=O)C(CCCCP(=O)(OCC)OCC)C(=O)OCCCCCCOc1ccc(-n2on2-c2ccc(O*)cc2)cc1,tg,11.5,5.9297027587890625,3.600562591700338,11.520704671079784,7.181282951628168
*CCCCCCOC(=O)C(Cc1ccccc1)NC(=O)C=CC(=O)NC(Cc1ccccc1)C(=O)O*,tg,92.0,77.25804138183594,79.28604973110798,73.3250891247807,76.45761278010534
*CCCCCCOC(=O)C1CCC(C(=O)O*)CC1,egc,6.5806,6.684700012207031,6.689659638516943,6.630151388994787,6.670985208530508
*CCCCCCOC(=O)CC(=O)O*,egc,7.0433,6.7837910652160645,6.698391592136657,6.683647166123082,6.737409919596932
*CCCCCCOC(=O)CC(=O)OCCCCCCOc1ccc(-n2on2-c2ccc(O*)cc2)cc1,tg,16.0,24.29692840576172,17.300463064112737,18.31352511605965,21.009301486920798
*CCCCCCOC(=O)CCC(=O)O*,egc,6.7086,6.688632965087891,6.679551393007302,6.632991990702501,6.671471019710124
*CCCCCCOC(=O)CCCC(=O)O*,egc,6.6665,6.82637882232666,6.729880517644971,6.734443727084806,6.779738930009751
*CCCCCCOC(=O)CCCCCCC(=O)OCCCCCCN1C(=O)c2ccc(S(=O)(=O)c3ccc4c(c3)C(=O)N(*)C4=O)cc2C1=O,tg,46.0,89.19438934326172,70.91234255776386,71.02055898677817,79.81817038757535
*CCCCCCOC(=O)CCCCCCCC(=O)O*,egc,6.8043,6.57529354095459,6.684179696648474,6.714050203899262,6.637439849935919
*CCCCCCOC(=O)CCCCCCCCC(=O)OCCCCCCN1C(=O)c2ccc(S(=O)(=O)c3ccc4c(c3)C(=O)N(*)C4=O)cc2C1=O,tg,72.0,59.37821960449219,51.08010297747859,54.99520577164125,56.3184880296629
*CCCCCCOC(=O)CCCCCCCCCCN1C(=O)c2ccc(-c3ccc(-c4ccc5c(c4)C(=O)N(CCCCCCCCCCC(=O)OCCCCCCN4C(=O)c6ccc(-c7ccc8c(c7)C(=O)N(*)C8=O)cc6C4=O)C5=O)cc3)cc2C1=O,tg,45.0,49.224754333496094,51.98739777836643,48.9366938189054,49.70283177550286
*CCCCCCOC(=O)CCCCCNC(=O)CCCCC(=O)NCCCCCC(=O)O*,egc,5.8108,6.118536949157715,5.931794994907924,5.702657736825251,5.963595247379641
*CCCCCCOC(=O)CCCCCNC(=O)O*,egc,6.4222,6.448367118835449,6.433526100989583,6.442878813893081,6.4435456160162445
*CCCCCCOC(=O)CCCCS(=O)(=O)CCCCC(=O)O*,egc,6.5053,6.51948881149292,6.6860065672015505,6.706102933876275,6.607573787794117
*CCCCCCOC(=O)CCCCSCCCCC(=O)O*,egc,5.2687,5.421538352966309,5.312969701539411,5.405800793172727,5.392902589902642
*CCCCCCOC(=O)NC1CCC(CC2CCC(NC(=O)OCCCCCCOc3ccc(CCc4ccc(O*)cc4)cc3)CC2)CC1,tg,40.3,65.63697052001953,64.19070587945265,63.45677694385964,64.66551642579881
*CCCCCCOC(=O)NCC(F)(F)C(F)(F)C(F)(F)C(F)(F)CNC(=O)O*,egc,6.7703,6.487175941467285,6.542585252444518,6.580319112028586,6.5249256841296885
*CCCCCCOC(=O)NCCCCCCCCCCNC(=O)O*,egc,6.321,6.22243595123291,6.2877599455529545,6.272533397817893,6.250709325591547
*CCCCCCOC(=O)NCCCCCCNC(=O)O*,egc,6.343,6.2798752784729,6.344362065605525,6.294392114909062,6.298289224487811
*CCCCCCOC(=O)NCCCCNC(=O)O*,egc,6.3921,6.277432441711426,6.271490251108459,6.221031071985241,6.260768140767399
*CCCCCCOC(=O)NCCCCNC(=O)O*,tg,16.0,39.00567626953125,38.915253309378905,39.13744848745796,39.02787995726827
*CCCCCCOC(=O)NCCCNC(=O)O*,egb,6.5954,6.084853172302246,6.3121041085403355,6.285176510553306,6.137568871071965
*CCCCCCOC(=O)NCCCNC(=O)O*,egc,6.0865,6.130805015563965,6.369649869795132,6.282594019634513,6.225650718616519
*CCCCCCOC(=O)NCCSCCCCCSCCNC(=O)O*,egc,5.2279,5.196111679077148,5.301962607879162,5.3565338646332785,5.263466187053666
*CCCCCCOC(=O)NCCSCCCCSCCNC(=O)O*,egc,5.4298,5.325472354888916,5.382202771028912,5.311756741354932,5.334471914274791
*CCCCCCOC(=O)NCCSCCSCCNC(=O)O*,egb,4.7777,5.528891563415527,5.37230130805312,5.232351136903423,5.492567115786807
*CCCCCCOC(=O)NCCSCCSCCNC(=O)O*,egc,5.3918,5.453560829162598,5.260700764010443,5.40675737185368,5.397569447540259
*CCCCCCOC(=O)Nc1ccc(C)c(NC(=O)O*)c1,egc,5.2905,4.981381893157959,4.86697085120979,4.769724010562009,4.898179883633046
*CCCCCCOC(=O)Nc1ccc(C)c(NC(=O)OCCCCCCOc2ccc(-c3ccc(O*)cc3)cc2)c1,tg,85.68,81.14637756347656,73.8308610817121,79.62711748375294,79.1743887973985
*CCCCCCOC(=O)Nc1ccc(Cc2ccc(NC(=O)O*)cc2)cc1,tg,71.0,74.20934295654297,86.4335317106297,85.23275700364806,80.12958349376474
*CCCCCCOC(=O)Nc1ccc(NC(=O)OCCCCCCOc2ccc(-c3ccc(O*)cc3)cc2)c(C)c1,tg,85.4,79.80559539794922,92.61706549885872,86.02563279226808,84.36031419882046
*CCCCCCOC(=O)Nc1cccc(P(=O)(c2ccccc2)c2cccc(NC(=O)O*)c2)c1,tg,30.0,61.635765075683594,97.78377441557596,85.59080714146648,76.46867598135717
*CCCCCCOC(=O)O*,egc,7.3901,7.226922035217285,7.24651039152552,7.191439498600719,7.221671847724047
*CCCCCCOC(=O)O*,tg,-54.25,-33.64607238769531,-16.346199175227547,-21.923472950088552,-26.4674232621591
*CCCCCCOC(=O)OCCCCCCCCCCCCOC(=O)OCCCCCCOc1ccc(C(=O)c2ccc(O*)cc2)cc1,tg,-8.0,-2.261993408203125,-9.869308950185694,-3.282012219284354,-4.1394333661517155
*CCCCCCOC(=O)OCCCCCCCCCCOC(=O)OCCCCCCOc1ccc(C(=O)c2ccc(O*)cc2)cc1,tg,-13.0,-0.451385498046875,-4.17976901764341,-1.972081981217542,-1.6873431549104028
*CCCCCCOC(=O)OCCCCCCCCCOC(=O)OCCCCCCOc1ccc(Oc2ccc(O*)cc2)cc1,tg,-20.0,-9.731353759765623,-2.422813761633225,-6.400358138042662,-7.200272033277168
*CCCCCCOC(=O)OCCCCCCCCOC(=O)OCCCCCCOc1ccc(Oc2ccc(O*)cc2)cc1,egc,4.4708,4.486478328704834,4.4437220287331956,4.64255209457364,4.51931002889299
*CCCCCCOC(=O)OCCCCCCCCOC(=O)OCCCCCCn1c(=O)c2cc3c(=O)n(*)c(=O)c3cc2c1=O,egc,3.7768,4.20965051651001,3.4401204749918,3.698493525033801,3.898058643861006
*CCCCCCOC(=O)OCCCCCCN1C(=O)c2ccc(-c3ccc(-c4ccc5c(c4)C(=O)N(*)C5=O)cc3)cc2C1=O,tg,74.0,72.8517837524414,74.46956108882533,66.92355744926189,71.34982096208381
*CCCCCCOC(=O)OCCCCCCN1C(=O)c2ccc(-c3ccc4c(c3)C(=O)N(*)C4=O)cc2C1=O,tg,71.0,67.69413757324219,67.04281102798707,61.09124020298297,65.51757061009833
*CCCCCCOC(=O)OCCCCCCOC(=O)OCCCCCCN1C(=O)c2ccc(C(=O)c3ccc4c(c3)C(=O)N(*)C4=O)cc2C1=O,tg,55.0,47.217567443847656,56.98491025408688,59.49568927281235,53.02158089726621
*CCCCCCOC(=O)OCCCCCCOC(=O)OCCCCCCOc1ccc(-c2ccc(O*)cc2)cc1,tg,14.95,-13.080963134765623,11.972074127596557,4.4266594510238235,-2.5207050210287414
*CCCCCCOC(=O)OCCCCCCOC(=O)OCCCCCCOc1ccc(C(=O)c2ccc(O*)cc2)cc1,egc,4.1722,4.838418006896973,4.2463011619390345,4.070601046586615,4.496863861131713
*CCCCCCOC(=O)OCCCCCCOC(=O)OCCCCCCOc1ccc(C(=O)c2ccc(O*)cc2)cc1,tg,-0.3,-0.269927978515625,0.3118481725030704,1.1360549054628848,0.28450786649029136
*CCCCCCOC(=O)OCCCCCCOC(=O)OCCCCCCOc1ccc(Oc2ccc(O*)cc2)cc1,egc,4.3261,4.83677339553833,4.5632893210170264,4.611716908529332,4.714240479946067
*CCCCCCOC(=O)OCCCCCOC(=O)OCCCCCCOc1ccc(C(=O)c2ccc(O*)cc2)cc1,tg,-0.2,1.5249786376953125,-0.1663419715845085,-0.3936443250678962,0.5841382589495859
*CCCCCCOC(=O)OCCCCCOC(=O)OCCCCCCOc1ccc(Oc2ccc(O*)cc2)cc1,tg,-11.0,2.585968017578125,-7.03622934939917,-2.832311725354458,-1.0659076360414934
*CCCCCCOC(=O)OCCCCOC(=O)OCCCCCCOc1ccc(C(=O)c2ccc(O*)cc2)cc1,tg,2.1,11.13275146484375,3.378972881862335,2.5048268616778557,6.8714628799418325
*CCCCCCOC(=O)OCCCCOC(=O)OCCCCCCOc1ccc(Oc2ccc(O*)cc2)cc1,tg,-8.0,4.209991455078125,-6.162106710637764,-6.073278437703777,-1.1010056077231407
*CCCCCCOC(=O)OCCCOC(=O)OCCCCCCN1C(=O)c2ccc(C(=O)c3ccc4c(c3)C(=O)N(*)C4=O)cc2C1=O,tg,61.0,45.488494873046875,59.72211437333917,54.18346759228169,51.10090558023117
*CCCCCCOC(=O)OCCCOC(=O)OCCCCCCOc1ccc(C(=O)c2ccc(O*)cc2)cc1,tg,16.0,10.397506713867188,0.9194651938651396,-0.2114898546545873,5.169293512980775
*CCCCCCOC(=O)OCCCOC(=O)OCCCCCCOc1ccc(Oc2ccc(O*)cc2)cc1,tg,-6.0,8.90838623046875,0.2496904627102547,-4.859064086532015,2.871212355054062
*CCCCCCOC(=O)OCCOC(=O)OCCCCCCOc1ccc(Oc2ccc(O*)cc2)cc1,tg,-4.0,13.087066650390623,-0.9101280790023804,-1.5227733094484108,5.693220283392305
*CCCCCCOC(=O)SC(=O)O*,egc,5.9655,5.938963413238525,4.892915319768408,5.462024707266701,5.574634551943403
*CCCCCCOC(=O)SNc1ccc(Cc2ccc(NSC(=O)O*)cc2)cc1,egc,4.1148,4.641293525695801,4.215028931735106,4.316294173842206,4.457316818894285
*CCCCCCOC(=O)c1cc(N=Nc2ccc(OCC)cc2)ccc1-c1ccc(N=Nc2ccc(OCC)cc2)cc1C(=O)O*,tg,83.0,92.15858459472656,74.58733528868841,92.56472762833454,88.67668020753428
*CCCCCCOC(=O)c1cc(OCCCCCCOc2ccc(N=Nc3ccc(C#N)cc3)cc2)cc(C(=O)OCCCCCCN2C(=O)c3ccc(-c4ccc(-c5ccc6c(c5)C(=O)N(*)C6=O)cc4)cc3C2=O)c1,tg,67.0,65.48898315429688,88.1081155144086,84.84919776114997,76.12270112911727
*CCCCCCOC(=O)c1cc(OCCCCCCOc2ccc(N=Nc3ccc(C#N)cc3)cc2)cc(C(=O)OCCCCCCN2C(=O)c3ccc(-c4ccc5c(c4)C(=O)N(*)C5=O)cc3C2=O)c1,tg,93.0,67.8490219116211,74.82067494515984,69.87687348627148,69.90776295579766
*CCCCCCOC(=O)c1cc(OCCCCCCOc2ccc(N=Nc3ccc(C#N)cc3)cc2)cc(C(=O)OCCCCCCN2C(=O)c3ccc(S(=O)(=O)c4ccc5c(c4)C(=O)N(*)C5=O)cc3C2=O)c1,tg,83.0,111.62069702148438,100.65519566196431,113.02320770724072,109.80328306854136
*CCCCCCOC(=O)c1ccc(-c2ccc(C(=O)O*)cc2)cc1,tg,52.0,37.973968505859375,50.853521082835634,56.91618056398696,46.47872591324044
*CCCCCCOC(=O)c1cccc(C(=O)O*)c1,tg,5.5,19.684837341308594,5.273180614895086,10.34680463017824,13.836920100073199
*CCCCCCOCO*,egc,6.7419,6.341427803039551,6.526795056637404,6.5178687497673815,6.4309764689814575
*CCCCCCOc1c(OC)cc(/C=C/c2ccc(/C=C/c3cc(OC)c(O*)c(OC)c3)cc2)cc1OC,tg,90.0,93.71273803710938,92.28717499815728,88.42053567125461,91.78272277304245
*CCCCCCOc1c(OC)cc(C=C2CCCC(=Cc3cc(OC)c(O*)c(OC)c3)C2=O)cc1OC,tg,71.0,100.4735870361328,79.18961273212354,86.65953191457182,91.82989398122893
*CCCCCCOc1ccc(-c2cc(-c3ccccc3)c(-c3ccc(NC(=O)c4ccc(C(=O)Nc5ccc(-c6c(-c7ccccc7)cc(-c7ccc(O*)cc7)cc6-c6ccccc6)cc5)cc4)cc3)c(-c3ccccc3)c2)cc1,tg,127.0,185.2486572265625,144.0611358945085,144.77302969814502,164.26984731861643
*CCCCCCOc1ccc(C(=O)N(C(=O)c2ccc(O*)cc2)c2cc(C)cc(C)c2)cc1,tg,75.0,87.69278717041016,113.50490137368594,119.57006634802003,102.85465976775973
*CCCCCCOc1ccc(C(=O)N(C(=O)c2ccc(O*)cc2)c2ccc(Oc3ccccc3)cc2)cc1,tg,78.0,79.67063903808594,96.31109194221996,82.26983061189385,83.89124923571532
*CCCCCCOc1ccc(C(=O)N(C(=O)c2ccc(O*)cc2)c2ccccc2)cc1,egc,3.9898,4.171088695526123,3.8898250390477727,3.9114063785767943,4.037398323770666
*CCCCCCOc1ccc(C=C2CCC(=Cc3ccc(OCCCCCCOP(=O)(O*)OCC)c(OC)c3)C2=O)cc1OC,tg,75.0,53.49449920654297,65.02879876405781,60.453204437358096,58.015535042170555
*CCCCCCOc1ccc(C=C2CCCC(=Cc3ccc(O*)cc3)C2=O)cc1,tg,116.0,83.77487182617188,76.09097985489815,72.46933115615143,78.69951521606734
*CCCCCCOc1ccc(C=Cc2ccc(O*)cc2)cc1,tg,76.0,56.56621551513672,55.28971098766888,59.62134582810886,57.24934995616232
*CCCCCCOc1ccc(OC(=O)c2ccc(C(=O)Oc3ccc(O*)cc3)cc2)cc1,tg,53.0,60.06689453125,66.76202080845665,65.69298363696524,63.18210547685981
*CCCCCCS(=O)(=O)c1ccc(N=Nc2ccc(N(C)CCCCCC(=O)O*)cc2)cc1,tg,60.5,77.10027313232422,65.69100454179187,63.98228279800455,70.69931191296304
*CCCCCCSCCS*,egb,5.0604,4.974931240081787,4.99866683941746,4.976344748073533,4.980437218298691
*CCCCCCSS*,tg,-74.0,-70.50094604492188,-51.78694180806661,-41.73532660023622,-57.759092295257034
*CCCCCCSSCCCCSS*,egb,4.2836,4.144360542297363,5.086441042044402,5.157502017793247,4.362896195719095
*CCCCCC[N+](*)(C)C,egc,0.0205,-1.8073792457580569,3.04490840792123,3.2728953257184887,0.6621878907234815
*CCCCCC[N+](C)(C)CCC[N+](*)(C)C,egc,0.2161,-8.780258178710938,1.580998693082078,0.7754684245843166,-3.858198091488218
*CCCCCCc1ccc(-c2c(-c3ccccc3)cc(-c3ccc(-c4cc(-c5ccccc5)c(-c5ccc(*)cc5)c(-c5ccccc5)c4-c4ccccc4)cc3)c(-c3ccccc3)c2-c2ccccc2)cc1,tg,250.0,210.34710693359375,210.76332859886753,205.98258604822917,209.08224063064188
*CCCCCCc1ccc(-c2c(-c3ccccc3)cc(-c3cccc(-c4cc(-c5ccccc5)c(-c5ccc(*)cc5)c(-c5ccccc5)c4-c4ccccc4)c3)c(-c3ccccc3)c2-c2ccccc2)cc1,tg,215.0,203.17518615722656,190.75478706899716,189.52786061957485,196.40286057352054
*CCCCCCc1nc2cc(NC(=O)CCCCCCC(=O)Nc3ccc4oc(*)nc4c3)ccc2o1,tg,77.0,105.09429931640624,106.27087802198496,101.65459062926382,104.27166597069274
*CCCCCCn1c(=O)c2cc3c(=O)n(*)c(=O)c3cc2c1=O,egc,3.8389,3.4035186767578125,3.737317791613595,3.725201694767681,3.5658488155068597
*CCCCCCn1ccc(-c2ccc(-c3ccn(*)n3)cc2)n1,egc,4.0274,3.632104396820069,3.7224466006610433,3.5076968080129873,3.6185564107981287
*CCCCCN1C(=O)c2ccc(C(=O)Oc3ccc(-c4ccc(OC(=O)c5ccc6c(c5)C(=O)N(*)C6=O)cc4)cc3)cc2C1=O,tg,147.0,114.9880599975586,137.04724373853875,131.03867138842435,124.48287038879288
*CCCCCN1C(=O)c2ccc(C(c3ccc4c(c3)C(=O)N(*)C4=O)(C(F)(F)F)C(F)(F)F)cc2C1=O,tg,170.0,149.78851318359375,165.4267609380746,159.45595664741154,155.99017727323138
*CCCCCN1C(=O)c2ccc3c4ccc5c6c(ccc(c7ccc(c2c37)C1=O)c64)C(=O)N(*)C5=O,egc,1.9902,2.822361946105957,2.229689886270898,2.141694927548535,2.5043725160115065
*CCCCCNC(=O)C(CCCCCCCCCCCC)C(=O)N*,egb,6.2733,5.882338523864746,5.508779065972938,5.8311943396552195,5.795683444766755
*CCCCCNC(=O)C(CCCCCCCCCCCC)C(=O)N*,egc,5.7457,5.772156715393066,5.854475612902556,5.886499936212296,5.8217064073164595
*CCCCCNC(=O)C(OC)C(OC)C(=O)N*,tg,113.0,98.17346954345705,111.71668071197692,105.2572594593921,103.14565514755611
*CCCCCNC(=O)CC(=O)N*,egc,5.7523,5.980248928070068,5.75178621696978,5.745941054014958,5.865302059938579
*CCCCCNC(=O)CC(=O)N*,tg,65.0,49.14109802246094,94.24354828460083,73.87266569740426,66.05269431852732
*CCCCCNC(=O)CCCCCC(=O)N*,egc,5.9272,5.8956427574157715,5.917359357617836,5.905114044664329,5.903089495850854
*CCCCCNC(=O)CCCCCCC(=O)N*,egc,5.9286,5.817364692687988,5.9238759497286715,5.940306524427886,5.874679359915888
*CCCCCNC(=O)CCCCCCCCC(=O)N*,egc,5.6828,5.848873615264893,5.917235957177001,5.936285149266446,5.887971452809634
*CCCCCNC(=O)CCCCCCCCCCCCCCCCC(=O)N*,egc,5.855,5.909935474395752,5.936231505547198,5.92728580058254,5.920551329169797
*CCCCCNC(=O)CCCCCCCCCCCCCCCCCCC(=O)N*,egc,5.895,5.918578624725342,5.959541936486082,5.928936422659536,5.930584437046653
*CCCCCNC(=O)CCCCCCCCCCCCCCCCCCC(=O)N*,tg,52.0,44.43891906738281,47.047827967868194,47.01407296611809,45.771271184963496
*CCCCCNC(=O)CCCCCCCCOCCCCCCCCC(=O)NCCCCCO*,egc,5.9278,5.817802429199219,5.661344289837511,5.737709186443894,5.760929110828407
*CCCCCNC(=O)Cc1ccc(C(=O)N*)cc1,tg,103.0,113.0120849609375,112.14410658947097,117.8441072546074,114.32883924922857
*CCCCCNC(=O)N*,egc,5.6754,5.801774024963379,5.7599889567620135,5.885017622275672,5.815026776015382
*CCCCCNC(=O)O*,egc,6.3761,6.108351230621338,6.0255960473139325,6.216677506041913,6.119230147957718
*CCCCCNC(=O)c1ccc(C(=O)N*)cc1,tg,177.0,141.42361450195312,132.15508753272354,130.9001204373982,136.26487006929264
*CCCCCNC(=S)N*,egc,4.4944,4.92584753036499,4.097392744064273,4.021083696515365,4.494044539837324
*CCCCCOC(=O)C(=O)O*,egc,5.5658,5.500392913818359,5.687353566380327,5.638351746047636,5.5798387776203375
*CCCCCOC(=O)CCCCC(=O)O*,tg,-70.33,-43.684173583984375,-61.64231880627514,-56.01236779103874,-51.185335204557305
*CCCCCOC(=O)CCCCCCCCCCN1C(=O)c2ccc(-c3ccc(-c4ccc5c(c4)C(=O)N(CCCCCCCCCCC(=O)OCCCCCN4C(=O)c6ccc(-c7ccc8c(c7)C(=O)N(*)C8=O)cc6C4=O)C5=O)cc3)cc2C1=O,tg,41.0,57.54776763916016,48.47379049559847,52.929985301635,54.25610982398197
*CCCCCOC(=O)CCCCCNC(=O)O*,egc,6.3976,6.460175037384033,6.389257210639637,6.404903096270202,6.4292401153628385
*CCCCCOC(=O)CCCCS(=O)(=O)CCCCC(=O)O*,egc,6.9262,6.525758743286133,6.40537866664651,6.433771819839985,6.473746762126092
*CCCCCOC(=O)CCCCSCCCCC(=O)O*,egc,5.2896,5.485238552093506,5.408091595560681,5.382253797576789,5.439936694528451
*CCCCCOC(=O)NC(=O)C1CC1C(=O)NC(=O)O*,egc,6.0047,5.730980396270752,5.832585315819428,6.18324840736399,5.876712437850135
*CCCCCOC(=O)NC1CC1NC(=O)O*,egc,6.2104,6.279648303985596,6.380387055558275,6.235651344125666,6.290290224788579
*CCCCCOC(=O)NCC(F)(F)C(F)(F)C(F)(F)C(F)(F)CNC(=O)O*,egc,6.5795,6.736886024475098,6.800707543017418,6.730271981125194,6.749406873666249
*CCCCCOC(=O)NCC(F)(F)C(F)(F)C(F)(F)C(F)(F)CNC(=O)O*,tg,33.0,31.10443115234375,43.645905521564295,37.958017466266995,35.79972809437288
*CCCCCOC(=O)NCCCCCCNC(=O)O*,egc,6.4123,6.178565979003906,6.32563400695189,6.284623070535547,6.240390124784967
*CCCCCOC(=O)NCCSCCCCCCSCCNC(=O)O*,egc,5.1243,5.206056594848633,5.3587143005402895,5.310987750755622,5.268828759950576
*CCCCCOC(=O)NCCSCCCCCSCCNC(=O)O*,egc,5.3077,5.19337797164917,5.277453717447078,5.3655759777580725,5.259048031502445
*CCCCCOC(=O)NCCSCCCCSCCNC(=O)O*,egc,5.2673,5.341341495513916,5.379554041788055,5.290743392972209,5.33616099769634
*CCCCCOC(=O)NCCSCCSCCNC(=O)O*,egc,5.3739,5.347939491271973,5.676341850144641,5.540493349253521,5.4739586787900745
*CCCCCOC(=O)NNC(=O)CCCCCCCCC(=O)NNC(=O)O*,egc,5.6607,5.935062408447266,5.696706454360172,5.85209226797567,5.859032881406981
*CCCCCOC(=O)NNC(=O)CCCCCCCCC(=O)NNC(=O)O*,tg,20.0,35.719512939453125,40.1468580872441,42.26322898726451,38.65302572841797
*CCCCCOC(=O)Nc1ccc(C)c(NC(=O)O*)c1,eea,0.9199,0.9451324939727784,0.8611129837725504,1.0901698133527276,0.9520307892249612
*CCCCCOC(=O)Nc1ccc(C)c(NC(=O)O*)c1,ei,5.1674,6.377661228179932,6.248209206182873,6.322148463916519,6.342815237183071
*CCCCCOC(=O)Nc1ccc(C)c(NC(=O)O*)c1,nc,1.7297,1.7488460540771484,1.8029470540156256,1.7758432320215602,1.765669172306246
*CCCCCOC(=O)Nc1ccc(Cc2ccc(NC(=O)O*)cc2)cc1,tg,95.0,71.9803466796875,84.00345298446103,79.90244406105347,76.8997994783228
*CCCCCOC(=O)O*,egb,7.123,7.006614685058594,6.55644642762428,6.545720006785139,6.902188561903995
*CCCCCOC(=O)O*,egc,7.3186,7.239736557006836,7.212283192537615,7.315360632574529,7.254133546479861
*CCCCCOC(=O)O*,eps,3.09,3.140022039413452,3.325915533326031,3.345467216221299,3.2419035641687817
*CCCCCOC(=O)O*,nc,1.6374,1.6214197874069214,1.6371738363863206,1.6061529979265918,1.6240599473496566
*CCCCCOC(=O)O*,tg,-40.0,-38.7783203125,-43.41145702747826,-41.47731026110344,-40.56458046354629
*CCCCCOC(=O)OCCCCCN1C(=O)c2ccc(C(=O)c3ccc4c(c3)C(=O)N(*)C4=O)cc2C1=O,tg,77.0,84.36003112792969,78.47173647977579,70.886927520624,78.98271596798514
*CCCCCOC(=O)c1ccc(-c2ccc(-c3ccc(C(=O)O*)cc3)cc2)cc1,tg,40.0,64.96283721923828,65.00380379618649,71.33651717477834,66.94317434554411
*CCCCCOC(=O)c1ccc(C=Cc2ccc(C(=O)O*)cc2)cc1,tg,60.0,56.498626708984375,50.713018588881326,41.698755002282965,50.731910905859095
*CCCCCOC(=O)c1ccc2cc(C(=O)O*)ccc2c1,tg,50.83,51.73876190185547,56.25490088154136,51.9185451683517,52.72159435663001
*CCCCCOC(=O)c1cccc(C(=O)O*)c1,tg,7.0,24.71197509765625,11.556146893066986,19.205851168499493,20.307430725211173
*CCCCCOC(=O)c1ccccc1C(=O)[O][Cd][O]C(=O)c1ccccc1C(=O)OCCCCCOC(=O)NCCCCCCNC(=O)O*,tg,-6.8,3.4021759033203125,-16.192407992248203,4.245841370697008,-0.35977676853606333
*CCCCCOC(=O)c1ccccc1C(=O)[O][Pb][O]C(=O)c1ccccc1C(=O)OCCCCCOC(=O)NCCCCCCNC(=O)O*,tg,-19.2,14.639190673828123,-0.9015009210988464,-10.69875486555452,3.6093245795290723
*CCCCCOCO*,eea,0.5413,0.6348522901535034,0.6584101753119147,0.5863844999147554,0.6318782953576947
*CCCCCOCO*,egb,6.8354,7.463209629058838,6.927713836999677,6.973307510533999,7.338989965395637
*CCCCCOCO*,egc,6.5668,6.648040771484375,6.4447296453306615,6.647981740187128,6.602410808015876
*CCCCCOCO*,nc,1.6043,1.6335309743881226,1.6454328744155704,1.64429591789646,1.637703235513494
*CCCCCOc1ccc(-c2ccc(O*)c3ccccc23)c2ccccc12,tg,151.0,137.8064727783203,141.78956150321002,123.74875471803897,134.27498333315492
*CCCCCOc1ccc(C=CC(=O)OCCN(CCOC(=O)C=Cc2ccc(O*)cc2)c2ccc(N=Nc3ccc([N+](=O)[O-])cc3)cc2)cc1,tg,92.0,90.47340393066406,95.91301886172288,88.97478114887984,91.1265605045901
*CCCCCOc1ccc(CCc2ccc(O*)cc2C)cc1,tg,15.4,31.666976928710938,22.282663046859373,17.454884985571525,25.343260328102364
*CCCCCOc1cccc(C(=O)OC(=O)c2cccc(O*)c2)c1,tg,61.0,48.682830810546875,26.616120946514688,28.02756514301197,37.76186044241344
*CCCCCOc1cccc(NC(=O)c2ccc(C(=O)Nc3cccc(O*)c3)cc2)c1,tg,135.0,128.7831573486328,147.54738281302025,140.35453659373184,136.2156677578923
*CCCCCOc1cccc(NC(=O)c2cccc(C(=O)Nc3cccc(O*)c3)c2)c1,tg,131.5,134.10801696777344,126.94306601404026,138.72464014704423,134.065296198276
*CCCCCS*,egb,4.989,5.588761329650879,5.135727408672171,5.4718986334007695,5.483670454752316
*CCCCCS*,ei,5.7733,5.885670185089111,5.7761823451814,5.921487862072447,5.881652942094292
*CCCCCc1nc2cc3sc(*)nc3cc2s1,egc,4.2723,4.2061052322387695,4.255713490259091,4.1680487730300895,4.206890518070189
*CCCCCc1nnc(*)o1,egc,6.1707,6.3185577392578125,6.291401698966953,6.120448115870486,6.258614563383145
*CCCCN1C(=O)c2ccc(C(c3ccc4c(c3)C(=O)N(*)C4=O)(C(F)(F)F)C(F)(F)F)cc2C1=O,tg,185.0,190.1955413818359,171.324669616874,174.3525144672671,181.41954812328174
*CCCCNC(=O)C(=O)N*,egc,5.1306,5.392557621002197,5.588459001071835,5.57679316763316,5.4865884180573845
*CCCCNC(=O)C(=O)N*,tg,120.0,164.5263214111328,197.5177666717965,211.9990318092793,185.98719039167798
*CCCCNC(=O)CC(=O)N*,egc,5.9986,5.9275689125061035,5.733872329976206,5.8038350505334035,5.850478468915615
*CCCCNC(=O)CCC=CCCC(=O)N*,egc,5.5356,5.59099817276001,5.656673280543011,5.512291349465689,5.584338472869505
*CCCCNC(=O)CCCCCCC(=O)N*,egc,6.0697,5.7796630859375,5.97787116227235,5.962990378901982,5.873964518969798
*CCCCNC(=O)CCCCCCC(=O)NCCCCNC(=O)C(=O)N*,egc,4.7855,5.6464524269104,5.337074024836407,5.217206215760405,5.460363149051704
*CCCCNC(=O)CCCCCCCCCC(=O)N*,egc,5.9628,5.89378547668457,5.813270014126209,5.857329143036263,5.865811772851224
*CCCCNC(=O)CCCCCCCCCCCCCCC(=O)N*,egc,6.0415,5.88942813873291,5.963743717057904,5.971408382488411,5.928385271315892
*CCCCNC(=O)CCCCCCCCCCCCCCCCC(=O)N*,egc,6.0758,5.885814189910889,5.9241537241842455,5.934033564196579,5.907522957558041
*CCCCNC(=O)Cc1ccc(C(=O)N*)cc1,tg,84.0,119.61451721191406,129.8032009019833,127.44629653077976,124.12940093880295
*CCCCNC(=O)NCCCCCCNC(=O)O*,egc,5.9887,5.82125186920166,5.665776158489841,5.75966095561282,5.769628306002124
*CCCCNC(=O)c1ccc(C(=O)N*)c(Sc2ccccc2)c1,tg,136.0,136.84323120117188,145.37753919047532,130.88489339120034,136.75198764353422
*CCCCNC(=O)c1cccc(C(=O)N*)c1,egc,5.1173,4.894461154937744,4.995781903412305,4.967294720686443,4.936990769763659
*CCCCNC(=O)c1cccc(C(=O)N*)c1,tg,141.0,148.8839569091797,146.2956966494007,147.7171199624755,147.99155748050725
*CCCCOC(=O)C(Cc1ccccc1)NC(=O)C=CC(=O)NC(Cc1ccccc1)C(=O)O*,tg,103.0,83.05562591552734,93.74541639844676,88.15699580516926,86.8286420638606
*CCCCOC(=O)C1C(=O)C2CCC1C(=O)C2C(=O)O*,egc,5.3882,5.797327995300293,6.271754791229952,6.273664826695322,6.033247017697487
*CCCCOC(=O)C1CCC(C(=O)O*)CC1,egb,6.5835,6.391317367553711,6.428243371695589,6.236915621543368,6.399883141333729
*CCCCOC(=O)C1CCC(C(=O)O*)CC1,tg,-10.5,0.8370208740234375,21.278570569282135,31.518694840790175,14.526357699613744
*CCCCOC(=O)CC(=O)O*,egc,6.6946,6.715273380279541,6.7624595017622875,6.828313983749634,6.756586769444593
*CCCCOC(=O)CCCCC(=O)O*,egc,6.8238,6.857248306274414,6.757775129049412,6.731265863084833,6.8006861637462395
*CCCCOC(=O)CCCCC(=O)OCCCCOC(=O)c1ccc(C(=O)O*)cc1,tg,-20.0,-7.0427703857421875,9.877326316398204,0.1815877123731866,-1.3337854382642564
*CCCCOC(=O)CCCCCCCCC(=O)O*,egc,6.818,6.791567802429199,6.784536002139009,6.776093137239931,6.785783825013532
*CCCCOC(=O)CCCCCCCCC(=O)O*,tg,-64.4,-50.85279846191406,-43.18857732700221,-41.074912390273965,-46.254115164153355
*CCCCOC(=O)CCCCS(=O)(=O)CCCCC(=O)O*,egc,6.544,6.557462692260742,6.4290421116673375,6.401003196907233,6.486121711345514
*CCCCOC(=O)CCCCSCCCCC(=O)O*,egc,5.4021,5.480281352996826,5.3222448240235085,5.395176701422801,5.421691702920072
*CCCCOC(=O)COCC(=O)O*,tg,-27.0,-7.4051513671875,-35.005849429096095,-27.620406942424864,-19.32617388312552
*CCCCOC(=O)Cc1ccc(CC(=O)O*)cc1,egc,5.4635,5.321024417877197,5.295174962200844,5.352526123753844,5.32378781707899
*CCCCOC(=O)NC1CCC(CC2CCC(NC(=O)O*)CC2)CC1,egc,6.1232,6.011294364929199,6.285959662911019,6.217227564271256,6.1288941617991215
*CCCCOC(=O)NCC(F)(F)C(F)(F)C(F)(F)C(F)(F)CNC(=O)O*,tg,33.0,31.276588439941406,39.58755805015543,36.21600476535612,34.511101912269986
*CCCCOC(=O)NCCCCCCNC(=O)O*,tg,38.12,28.50669860839844,37.88551558160275,31.9248194306917,31.48978492089006
*CCCCOC(=O)NCCCCNC(=O)O*,egc,6.3043,6.346610069274902,6.217515342143859,6.221224537223297,6.283564430314332
*CCCCOC(=O)NCCNC(=O)O*,egc,6.2788,6.276155948638916,6.276427695793175,6.329563574680611,6.290734290130836
*CCCCOC(=O)NCCSCCSCCNC(=O)O*,egc,5.7445,5.43312406539917,5.409486060177995,5.4013835152312115,5.419192971639358
*CCCCOC(=O)NCc1ccc(CNC(=O)O*)cc1,egc,5.6759,5.382713794708252,5.305340590388082,5.411993202804835,5.373313501004347
*CCCCOC(=O)NNC(=O)CCCCCCCCC(=O)NNC(=O)O*,egc,6.1019,5.739614009857178,5.722866982386435,5.941097616437637,5.79062442545163
*CCCCOC(=O)NNC(=O)CCCCCCCCC(=O)NNC(=O)O*,tg,56.0,46.79585266113281,19.59958904500416,24.62590713956375,34.3531113497291
*CCCCOC(=O)Nc1ccc(C)c(NC(=O)O*)c1,egc,4.832,5.270423889160156,5.187413403089859,5.185522903557329,5.228722086211144
*CCCCOC(=O)Nc1ccc(C)c(NC(=O)O*)c1,tg,42.0,65.88323974609375,71.54388691420108,85.87232675946194,73.22976945835046
*CCCCOC(=O)O*,tg,-28.75,-28.779693603515625,-32.28178379752293,-27.51220894617873,-29.106567162469013
*CCCCOC(=O)OCC1CCC(COC(=O)O*)CC1,egc,7.0222,7.135332107543945,7.004888099858673,6.869392307950687,7.033777992863144
*CCCCOC(=O)SC(=O)O*,egc,5.9582,5.695199966430664,4.771279020763937,5.369213361330778,5.399303089809469
*CCCCOC(=O)SNCCCCCCNSC(=O)O*,egc,5.4377,5.006886005401611,5.041763468547013,5.158622159386418,5.055956188696207
*CCCCOC(=O)SSC(=O)O*,egc,4.2442,4.770610809326172,4.961929503439021,5.052879187329055,4.890260947810079
*CCCCOC(=O)SSSC(=O)O*,egc,3.9747,4.653586387634277,4.512096047868682,4.451041712023827,4.566786166771741
*CCCCOC(=O)SSSSC(=O)O*,egc,4.6274,3.977838039398194,4.1093656640945255,4.353638500277893,4.109497825978853
*CCCCOC(=O)c1ccc(-c2ccc(C(=O)O*)cc2)cc1,tg,70.0,45.45469665527344,60.63020362189497,68.77126662707634,55.78420160889749
*CCCCOC(=O)c1ccc(C(=O)O*)cc1,eea,2.4936,2.1849358081817627,2.0868377544100385,1.8821797916249985,2.1300664039253356
*CCCCOC(=O)c1ccc(C(=O)O*)cc1,egb,4.0149,4.24885368347168,4.200807757776874,4.305711711944591,4.237708406853827
*CCCCOC(=O)c1ccc(C(=O)O*)cc1,eps,3.59,3.8146724700927734,3.5179154913848727,3.520879994202567,3.652030664636343
*CCCCOC(=O)c1ccc(NC=Nc2ccc(C(=O)O*)cc2)cc1,tg,91.0,80.72527313232422,84.66382642505025,74.4070957345388,79.5791443150294
*CCCCOC(=O)c1ccc2cc(C(=O)O*)ccc2c1,tg,65.5,48.323020935058594,60.02171980103982,66.20294436363827,56.2566798081272
*CCCCOC(=O)c1cccc(C(=O)O*)c1,egc,5.1711,4.651455402374268,4.999665437334828,4.94075448529077,4.808216037067391
*CCCCOC(=O)c1cccc(C(=O)O*)c1,tg,19.1,28.15222930908203,20.284458242746396,24.968259713503315,25.551819427253793
*CCCCOCCCCOCCCCOC(=O)c1ccc(N=Cc2cc(OCCCCCC)c(C=Cc3cc(OCCCCCC)c(C=Cc4cc(OCCCCCC)c(C=Nc5ccc(C(=O)O*)cc5)cc4OCCCCCC)cc3OCCCCCC)cc2OCCCCCC)cc1,tg,14.3,90.42356872558594,65.34598193344196,95.97116330396304,86.99122784112814
*CCCCOCO*,tg,-83.2,-51.69496154785156,-80.66147750520142,-82.05932396948776,-67.03639045642804
*CCCCOc1ccc(-c2ccc(O*)c3ccccc23)c2ccccc12,tg,130.0,133.69432067871094,149.13827373990253,158.9742838041679,144.68638641384365
*CCCCOc1ccc(C(=O)OC(=O)c2ccc(O*)cc2)cc1,egc,4.2843,4.117275238037109,4.328620661144622,4.386860647091622,4.2379709668263015
*CCCCOc1ccc(C(=O)OC(=O)c2ccc(O*)cc2)cc1,tg,45.0,59.631256103515625,64.68203382788283,64.77983773718678,62.26113123201826
*CCCCOc1ccc(C(=O)OCCOC(=O)c2ccc(O*)cc2)cc1,tg,53.0,47.61907958984375,43.86128445712784,33.71271764654263,42.5451340340839
*CCCCOc1ccc(C=C2CCC(=Cc3ccc(O*)cc3)C2=O)cc1,egc,2.9446,3.675326824188232,3.5275778375616156,3.3802659120389293,3.561974484466555
*CCCCOc1ccc(C=C2CCC(=Cc3ccc(OCCCCOP(=O)(O*)OC)c(OC)c3)C2=O)cc1OC,tg,75.0,71.61227416992188,78.67721025685961,71.25345100225628,72.95176384366968
*CCCCOc1ccc(C=C2CCC(=Cc3ccc(OCCCCOP(=O)(O*)OCC)c(OC)c3)C2=O)cc1OC,tg,79.0,60.490516662597656,73.08383291970354,73.49172962919121,67.09844585602374
*CCCCOc1ccc(OC(=O)c2ccc(C(=O)Oc3ccc(O*)cc3)c(C(=O)OCC=C)c2)cc1,egc,3.1899,3.622349739074707,3.722116149038461,3.7974265293825455,3.6923225989210358
*CCCCOc1ccc(OC(=O)c2ccc(C(=O)Oc3ccc(O*)cc3)c(C(=O)OCC=C)c2)cc1,tg,56.0,31.5445556640625,91.15339283364044,81.3079274709428,59.17894878696849
*CCCCOc1ccc(OCCCCc2nnc(-c3ccc(-c4nnc(*)o4)cc3)o2)c(C)c1,tg,139.5,98.97628021240234,99.46900171016549,95.91055056963012,98.1289477233687
*CCCCOc1cccc(C(=O)OC(=O)c2cccc(O*)c2)c1,tg,20.0,50.89715576171875,56.13579237910192,54.238215661403885,53.0063786524821
*CCCCSCCS*,egb,4.9438,4.645878791809082,5.001009962067619,5.045512331181037,4.728259036770858
*CCCCSS*,tg,-55.0,-58.38029479980469,-48.772434773047685,-47.70316895740112,-53.10435028433177
*CCCCSSCCCCO*,tg,-76.0,-53.365447998046875,-63.50562777936154,-64.3788870874198,-58.854733819984084
*CCCCSSCCCCOCO*,tg,-76.0,-79.14190673828125,-81.55384569216659,-78.32849009400618,-79.38544317734835
*CCCCc1ccc(-c2c(-c3ccccc3)cc(-c3ccc(-c4cc(-c5ccccc5)c(-c5ccc(*)cc5)c(-c5ccccc5)c4-c4ccccc4)cc3)c(-c3ccccc3)c2-c2ccccc2)cc1,tg,205.0,293.486572265625,240.338488879562,251.47647451868303,269.57739187335073
*CCCCc1ccc(-c2c(-c3ccccc3)cc(-c3cccc(-c4cc(-c5ccccc5)c(-c5ccc(*)cc5)c(-c5ccccc5)c4-c4ccccc4)c3)c(-c3ccccc3)c2-c2ccccc2)cc1,tg,180.0,293.6962585449219,211.757733462016,211.08434727834725,251.3144768049097
*CCCCc1nc(-c2ccc(-c3csc(*)n3)cc2)cs1,egc,3.7312,3.9003419876098633,3.7494453598970607,3.6769534802399377,3.805765602387112
*CCCCc1nnc(*)n1N,egc,5.3914,5.732767105102539,5.674782509591724,5.5543752766951515,5.671267113811011
*CCCCc1nnc(*)o1,egc,6.3699,6.054547309875488,6.21136139973051,5.9144148587844985,6.051638274862256
*CCCN(*)C,egc,4.8968,5.035592555999756,4.6693471712098376,4.756385644078785,4.877528871195524
*CCCN(*)C(=O)C(F)(F)C(F)(F)C(F)(F)C(F)(F)C(F)(F)C(F)(F)C(F)(F)F,tg,25.0,105.19076538085938,85.63232298754359,65.26899049197466,88.8239833270863
*CCCN(*)C(=O)CC,tg,8.0,12.085311889648438,24.560622064917215,28.38070992490546,19.688187395655085
*CCCN(*)C(=O)CCCCC,tg,-16.0,1.0171051025390625,5.074748808356386,1.172111290287262,1.8981380566024288
*CCCN(*)C(=O)c1ccccc1,tg,72.0,81.40632629394531,98.986186268436,82.74233741732567,85.42899635058143
*CCCN(*)C(C)=O,egc,5.7364,5.317584037780762,5.4673486726511245,5.461581324514757,5.390326165375683
*CCCN(C)c1ccc(C(=O)c2ccc(N(*)C)cc2)cc1,tg,101.0,103.44658660888672,110.20703875127258,115.94952594325616,108.70280964737117
*CCCN*,egb,6.381,6.525178909301758,6.4767522932521215,6.537414972886849,6.513945323441258
*CCCN*,egc,5.2088,5.59514045715332,5.123543997568498,5.543686506284674,5.475348996582355
*CCCN*,ei,5.8246,6.166690349578857,5.981485201990331,6.043688322098476,6.103433916495697
*CCCN*,eps,3.03,3.585329532623291,3.4914202223335313,3.461667985955959,3.533861223971556
*CCCN*,nc,1.6776,1.6664859056472778,1.6745670931700003,1.6703213213553396,1.6689795528788556
*CCCN1C(=O)c2ccc(C(c3ccc4c(c3)C(=O)N(*)C4=O)(C(F)(F)F)C(F)(F)F)cc2C1=O,tg,190.0,192.4034881591797,182.51224365724647,173.70682695027176,184.58823127203476
*CCCNC(=O)C(Cc1ccccc1)NC(=O)CCCCCCCCC(=O)NC(Cc1ccccc1)C(=O)NCCCOCCOCCO*,tg,44.0,42.05000305175781,34.4013524051935,36.563486872430275,38.782205572995075
*CCCNC(=O)C(NC(=O)C(Cc1ccccc1)NC(=O)CCCCCCCCC(=O)NC(Cc1ccccc1)C(=O)NC(C(=O)NCCCOCCOCCO*)C(C)C)C(C)C,tg,66.0,79.92991638183594,63.23652428677929,63.40380483458375,71.38964552307225
*CCCNC(=O)C(OC)C(OC)C(=O)N*,tg,123.0,120.90573120117188,97.55323364337266,109.82328388395572,112.68246966810145
*CCCNC(=O)CCC=CCCC(=O)N*,egc,5.7523,5.593131065368652,5.440645571212557,5.550798084363145,5.547413104802271
*CCCNC(=O)CCCCC(=O)NCCCN(*)C,tg,5.0,26.632545471191406,36.79213590985229,42.73755082461281,33.701074957311945
*CCCNC(=O)CCCCC(=O)NCCCO*,egc,5.8321,5.803123474121094,5.833081858149202,5.828544202647478,5.8167547107622015
*CCCNC(=O)CCCCC(=O)NCCCO*,tg,34.0,18.234039306640625,30.485826603756724,34.265716907565604,25.70943188753572
*CCCNC(=O)CCCCCCCC(=O)NCCCNC(=O)C(=O)N*,egb,4.6809,5.191967964172363,4.408411167536956,5.150299082108514,5.010205262798397
*CCCNC(=O)CCCCCCCCC(=O)NCCCOCCO*,egc,5.9244,5.719820976257324,5.849550290711832,5.925363798318419,5.8047975119022155
*CCCNC(=O)CCCCCCCCC(=O)NCCCOCCOCCO*,tg,40.0,18.325157165527344,17.713462237949322,16.416362736215305,17.609015918768723
*CCCNC(=O)CCCCCCCCCCCCCCCCCCC(=O)N*,egc,5.894,5.82470703125,5.911492420134297,5.9523652109873915,5.878878104164376
*CCCNC(=O)CNC(=O)C(Cc1ccccc1)NC(=O)CCCCCCCCC(=O)NC(Cc1ccccc1)C(=O)NCC(=O)NCCCOCCOCCO*,tg,36.0,56.75074005126953,58.66200616239291,53.86476211477939,56.25026207947067
*CCCNC(=O)NCCCCCCNC(=O)O*,egc,5.4226,5.803925037384033,5.827165360107463,5.91511821263134,5.839363889171793
*CCCNC(=O)c1ccc(C(=O)NCCCO*)cc1,tg,72.0,128.8824005126953,122.50067735381766,115.95804008473884,123.57355273823222
*CCCNC(=O)c1cccc(C(=O)N*)c1,egc,4.8185,5.01511287689209,4.978234712419702,5.037868289711401,5.013024491601122
*CCCO*,egc,6.2459,6.145227432250977,6.103849288003557,5.932631162478355,6.078155661978032
*CCCO*,ei,6.904,6.913664817810059,6.64289304088863,6.4795734768736795,6.742988029303978
*CCCO*,eps,3.03,3.2007243633270264,3.3494376584474637,3.3836875149307892,3.2822287610300718
*CCCO*,nc,1.6476,1.601702094078064,1.6377475711630978,1.62611909938562,1.613538636023511
*CCCO*,tg,-72.46,-59.38017272949219,-59.00600684826125,-53.46539190387534,-57.473403226775964
*CCCOC(=O)C(=O)O*,egc,5.7163,5.8905181884765625,5.798512238583201,5.630713113359125,5.799255407407489
*CCCOC(=O)C(C)O*,tg,-33.0,-16.11602783203125,-31.569867560765015,-26.300909090272484,-22.439918967551737
*CCCOC(=O)C1CCC(C(=O)O*)CC1,egc,6.703,6.657447814941406,6.565934884765425,6.587227778180809,6.617829050553454
*CCCOC(=O)CC(=O)O*,egc,6.6256,6.692742347717285,6.607036225296805,6.75030185139568,6.689159675381744
*CCCOC(=O)CCC(=O)O*,egc,6.805,6.686620712280273,6.676173275376018,6.581347824100125,6.655661276442287
*CCCOC(=O)CCC(=O)O*,tg,-34.42,-32.944091796875,-25.580341834665713,-28.24039217844549,-29.976979727942403
*CCCOC(=O)CCC(C)CC(=O)O*,egc,6.7963,6.810067653656006,6.7413785036900515,6.660154913760255,6.753907285356164
*CCCOC(=O)CCCC(=O)O*,egc,6.7627,6.819519519805908,6.69324997685865,6.631448720288178,6.740068484075153
*CCCOC(=O)CCCC(=O)O*,tg,-33.67,-58.21183776855469,-47.1287813184401,-40.6522157066037,-50.50367335753935
*CCCOC(=O)CCCCC(=O)O*,tg,-52.17,-46.52378845214844,-50.0517307767445,-48.4733192009372,-47.85126870304273
*CCCOC(=O)CCCCCCC(=O)O*,egc,6.9244,6.658719062805176,6.783431133624231,6.7582255374237725,6.7137469298441514
*CCCOC(=O)CCCCCCC(=O)O*,tg,-58.75,-42.597442626953125,-47.792462207825224,-50.84764470969222,-46.21652951848403
*CCCOC(=O)CCCCCCCCC(=O)O*,egc,6.8385,6.868643760681152,6.781691721279229,6.786970563387474,6.826935033798295
*CCCOC(=O)CCCCCCCCCC(=O)O*,egc,6.7744,6.788286209106445,6.815218238131243,6.801560363839025,6.797936759814204
*CCCOC(=O)CCCCCCCCCCC(=O)O*,egb,6.3683,6.480993270874023,6.43759624468504,6.3931375925839475,6.470926405593067
*CCCOC(=O)CCCCCCCCCCCCCCCCC(=O)O*,egc,6.9154,6.530704498291016,6.68081587720209,6.63658036813613,6.5931621757609005
*CCCOC(=O)CCCCCCCCOC(=O)CCCOC(=O)CCCCCCCCOC(*)=O,egb,6.5329,6.386462211608887,6.0665211478037415,5.794219476715787,6.312245061955672
*CCCOC(=O)CCCCCCCCOC(=O)CCCOC(=O)CCCCCCCCOC(*)=O,ei,7.4162,7.3655219078063965,6.907417235361821,6.835029373315465,7.1394773455978395
*CCCOC(=O)CCCCCCCCOC(=O)CCCOC(=O)CCCCCCCCOC(*)=O,nc,1.6306,1.6323994398117063,1.61653276902354,1.7627478608910745,1.6409684862822194
*CCCOC(=O)CCCCSCCCCC(=O)O*,egc,5.3966,5.553291320800781,5.372753338429405,5.424626076739785,5.477812619484947
*CCCOC(=O)COCC(=O)O*,egc,6.0368,6.278425216674805,6.221451010694236,6.277128034485475,6.2652901519513655
*CCCOC(=O)Cc1ccc(CC(=O)O*)cc1,egc,5.2766,5.383793830871582,5.416481992561397,5.4359105413702355,5.405294065592106
*CCCOC(=O)N1CCC(*)CC1,egc,5.7499,6.4351019859313965,5.705951827161263,5.801748618763562,6.099353875100665
*CCCOC(=O)NCCCCCCNC(=O)O*,egc,6.2372,6.198527812957764,6.299671122651282,6.259423599675465,6.237772666179434
*CCCOC(=O)NCCCCCCNC(=O)O*,tg,55.0,29.578834533691406,35.433504010750305,27.95965243756889,30.279906756802646
*CCCOC(=O)NNC(=O)CCCCCCCCC(=O)NNC(=O)O*,tg,22.0,49.28950500488281,53.540718436365665,49.909608325927366,50.35417428911916
*CCCOC(=O)Nc1ccc(Cc2ccc(NC(=O)O*)cc2)cc1,tg,119.0,75.2275161743164,88.03305476258781,92.8427019056154,83.30651460225253
*CCCOC(=O)O*,tg,-22.38,6.7320404052734375,-26.684988746001903,-20.498079888730388,-8.553434807532577
*CCCOC(=O)c1cc(N=Nc2ccc(OCC)cc2)ccc1-c1ccc(N=Nc2ccc(OCC)cc2)cc1C(=O)O*,tg,101.0,107.63150787353516,107.33298955181408,100.76023791891734,105.44434541427756
*CCCOC(=O)c1ccc2cc(C(=O)O*)ccc2c1,tg,84.0,60.07505798339844,78.22323625398181,89.20183001989035,72.8124773021903
*CCCOC(=O)c1cccc(C(=O)O*)c1,tg,36.0,33.914573669433594,44.348999164164525,31.34842817215953,35.26294013029864
*CCCOCCCCOCCCN1C(=O)c2ccc(C(=O)Oc3ccc(-c4ccc(OC(=O)c5ccc6c(c5)C(=O)N(*)C6=O)cc4)cc3)cc2C1=O,tg,70.0,73.08246612548828,91.22030982726336,74.68251088846786,77.30138428139715
*CCCOCCCCOCCCN1C(=O)c2ccc(C(=O)Oc3ccc(OC(=O)c4ccc5c(c4)C(=O)N(*)C5=O)cc3)cc2C1=O,tg,56.0,76.02952575683594,66.01006445057591,83.53904444717996,76.2957653564761
*CCCOCCCCOCCCN1C(=O)c2ccc(C(=O)Oc3ccc4cc(OC(=O)c5ccc6c(c5)C(=O)N(*)C6=O)ccc4c3)cc2C1=O,tg,68.0,87.3094482421875,75.89118856064613,73.06938920738868,80.55948890242496
*CCCOCCCOC(=O)c1ccc(-c2ccc(C(=O)O*)cc2)cc1,tg,16.25,27.290809631347656,34.305519650249146,34.134680504059986,30.84839884869202
*CCCOCCOCCOC(=O)Nc1ccc(C)c(NC(=O)O*)c1,egc,5.0994,4.884444713592529,4.808406946282829,4.658326604019772,4.805921340083028
*CCCOc1ccc(-c2ccc(O*)c3ccccc23)c2ccccc12,tg,173.5,135.71827697753906,163.58809118965306,158.45916999406174,148.47594826001946
*CCCOc1ccc(C(=O)OC(=O)c2ccc(O*)cc2)cc1,egc,4.317,4.103084087371826,4.329857983456236,4.4270751437801,4.2420299328423186
*CCCOc1ccc(C(=O)OC(=O)c2ccc(O*)cc2)cc1,tg,95.0,59.57875061035156,62.15166201962406,62.58795008668234,61.03799962188101
*CCCOc1ccc(OCCCc2nnc(-c3ccc(-c4nnc(*)o4)cc3)o2)c(C)c1,tg,125.5,145.76690673828125,130.33659451288443,130.28669756039434,137.80954661826274
*CCCOc1cccc(C(=O)OC(=O)c2cccc(O*)c2)c1,tg,53.0,60.80326843261719,61.49878584537834,58.80429633665449,60.327611712393434
*CCCP(=O)(CCCNC(=O)CCCCC(=O)N*)c1ccccc1,tg,55.0,47.64591979980469,41.28003991524717,54.507265357126855,48.46174188495193
*CCCP(C)(=O)CCCNC(=O)CCCCC(=O)N*,tg,33.0,54.23348236083984,50.88717413971358,55.141925708561374,53.82751015911133
*CCCP(C)(=O)CCCNC(=O)CCCCCCCCC(=O)N*,egc,5.7831,5.881508827209473,5.381325847855047,5.58538926512357,5.688798308352366
*CCCP(CCCCCCCC)CCCNC(=O)CCCCC(=O)N*,egc,4.7376,5.47989559173584,5.852531273789177,5.624157568363888,5.60271195622162
*CCCP(CCCNC(=O)C(=O)N*)c1ccccc1,egc,4.5841,4.4679365158081055,4.702500789187977,4.453801255181807,4.516719964391452
*CCCP(CCCNC(=O)CCCCC(=O)N*)CC(C)C,egc,5.1348,4.9777679443359375,5.558279328776455,5.673908661193917,5.297235156445841
*CCCP(CCCNC(=O)CCCCC(=O)N*)CC(C)C,tg,71.0,49.98348236083984,48.134266784971715,43.137654979308365,47.485817282317
*CCCP(CCCNC(=O)CCCCC(=O)N*)c1ccccc1,tg,49.0,64.8702392578125,68.18698116388158,71.16834223715733,67.49974450709934
*CCCP(CCCNC(=O)CCCCCCCCC(=O)N*)c1ccccc1,egc,4.6632,5.155379772186279,4.706302236115835,4.745350900261625,4.94317195863051
*CCCS(=O)(=O)CCCCS(=O)(=O)CCCOC(=O)O*,egc,6.4999,6.471888542175293,6.111732945992337,6.351374989964635,6.358327497239438
*CCCS(=O)(=O)CCCCS(=O)(=O)CCCOC(=O)c1cccc(C(=O)O*)c1,tg,65.0,61.577674865722656,48.5877544053202,34.871599651128875,50.64822854205532
*CCCS(=O)(=O)CCCCS(=O)(=O)CCCOC(=O)c1ccccc1C(=O)O*,tg,49.0,63.60469055175781,49.557136643083965,49.01128806300359,56.20559044483953
*CCCS(=O)(=O)c1ccc(N=Nc2ccc(N(CCCC)CC(=O)O*)cc2)cc1,tg,92.4,132.00692749023438,91.3699970714182,91.16143796107264,111.02672953142655
*CCC[Si](*)(C)CCC[Si](C)(C)C,tg,-46.0,-18.64268493652344,-51.060971907534345,-40.70836644488705,-32.125303865062726
*CCC[Si](*)(C)C[Si](C)(C)C,tg,-51.0,-26.681900024414062,-20.35661077006735,-37.61141856201314,-28.764690860641185
*CCC[Si](*)(C)O[Si](C)(C)CCCOc1ccc(-c2ccc(C#N)cc2)cc1,tg,-4.6,0.698211669921875,-6.507221523462831,-12.187064876949677,-4.767660298303097
*CCC[Si](*)(C)O[Si](C)(C)CCCOc1ccc(C#N)cc1,tg,-45.5,-22.713134765625,-11.153236359074294,-30.792444204996823,-22.839391874052502
*CCC[Si](*)(C)O[Si](C)(C)CCCOc1ccc(C(=O)Oc2ccc(-c3ccc(C#N)cc3)cc2)cc1,tg,10.1,25.83973693847656,27.455610445726812,36.74968814747902,29.54687680021062
*CCC[Si](*)(C)c1ccc(N(C)C)cc1,tg,6.5,1.7468414306640625,41.389488764381234,40.61611398310099,21.911489254650473
*CCC[Si](*)(C)c1ccccc1,tg,-1.5,-8.603103637695312,4.321944647591577,6.323223494707719,-1.3314633822220883
*CCC[Si](*)(C[Si](C)(C)c1ccccc1)C[Si](C)(C)c1ccccc1,tg,-36.0,-5.3832550048828125,38.288070486276695,17.58580246582609,10.689220885601795
*CCC[Si](*)(c1ccc(C)cc1)c1ccc(C)cc1,tg,38.0,43.38249969482422,59.57363969081866,76.68475820600081,57.00995515624691
*CCC[Si](C)(C)O[Si](C)(C)CCCN1C(=O)c2ccc(-c3ccc4c(c3)C(=O)N(*)C4=O)cc2C1=O,tg,75.0,105.46050262451172,76.57201082022694,85.26380267334582,93.28082357601805
*CCC[Si](C)(C)O[Si](C)(C)CCCn1c(=O)c2cc3c(=O)n(*)c(=O)c3cc2c1=O,egc,3.5354,4.007986068725586,3.235445483243102,3.366359674468587,3.660254296414325
*CCCc1ccc(*)cc1,eea,0.9937,1.0766596794128418,1.0194960611490782,0.9561643511215416,1.0521404068326623
*CCCc1ccc(*)cc1,egb,4.7657,4.797701835632324,4.229820966295231,4.249022915518758,4.665969762970162
*CCCc1ccc(*)cc1,egc,4.9932,5.331803321838379,4.855256191375625,4.897336799996937,5.106789867151034
*CCCc1ccc(*)cc1,eps,3.14,3.1901469230651855,3.608101864689909,3.634761939441211,3.4192129642456086
*CCCc1ccc(*)cc1,nc,1.7489,1.737329125404358,1.6963122767533798,1.7031508470007868,1.723235693661577
*CCCc1ccc(*)s1,egc,4.7481,4.478269100189209,4.365407222622673,4.170594103477514,4.369315079277736
*CCCc1ccc(*)s1,ei,5.6976,5.790168762207031,5.742076699137472,5.591227315724342,5.7223834874035004
*CCCc1ccc(*)s1,eps,3.2,3.0889670848846436,3.726378875920119,3.76899026966525,3.4383095164076076
*CCCc1ccc(*)s1,nc,1.7538,1.7856411933898926,1.7604615468807283,1.7312430391414708,1.773726013715458
*CCCc1ccc(-c2c(-c3ccccc3)cc(-c3ccc(-c4cc(-c5ccccc5)c(-c5ccc(*)cc5)c(-c5ccccc5)c4-c4ccccc4)cc3)c(-c3ccccc3)c2-c2ccccc2)cc1,tg,290.0,221.4165802001953,250.32013344706024,230.34262247594677,230.11236973738085
*CCCc1ccc(-c2c(-c3ccccc3)cc(-c3cccc(-c4cc(-c5ccccc5)c(-c5ccc(*)cc5)c(-c5ccccc5)c4-c4ccccc4)c3)c(-c3ccccc3)c2-c2ccccc2)cc1,tg,240.0,228.03421020507812,249.06391024876777,229.63959537943532,232.84850863673188
*CCCc1nc2cc(-c3ccc4[nH]c(*)nc4c3)ccc2[nH]1,tg,275.0,245.01141357421875,216.9499782453683,230.92007197283436,234.89044913887273
*CCCc1nc2cc3sc(*)nc3cc2s1,egc,4.1967,4.029961109161377,3.9604087232589498,4.125513032564881,4.040329792022941
*CCN(*)C(=O)C(C)C,tg,30.0,55.00071716308594,60.77762358446245,62.52287043264718,58.51402345711669
*CCN(*)C(=O)C(CC)CCCC,tg,33.0,7.9645538330078125,26.5286864622565,22.385945610934925,16.237736606337133
*CCN(*)C(=O)C(OC)(c1ccccc1)C(F)(F)F,tg,89.0,126.17694854736328,121.00987098289548,96.40959347361924,115.90649620020383
*CCN(*)C(=O)C1(c2ccc(Cl)cc2)CCC1,tg,112.0,138.66107177734375,113.73485816001836,116.54179313073442,126.70007083136977
*CCN(*)C(=O)C12CC3CC(CC(C3)C1)C2,tg,123.0,214.56863403320312,163.51499019880873,181.65122768760887,193.90261362895734
*CCN(*)C(=O)C1CC1,tg,77.0,80.63887023925781,72.68053838076212,85.13668443374686,80.39650234475937
*CCN(*)C(=O)CC(C)C,tg,30.0,67.33348846435547,26.195207479159453,33.812544962865005,48.51646880023358
*CCN(*)C(=O)CC12CC3CC(CC(C3)C1)C2,tg,139.0,182.39654541015625,122.50154207821662,105.93642053653312,146.4438023032356
*CCN(*)C(=O)CCCCC,tg,7.0,18.967086791992188,-1.5905379787478795,12.257242198845034,12.67046288351461
*CCN(*)C(=O)CCCCCCCCCCC,tg,10.0,-7.413909912109375,-1.4593967128214471,-3.359694510243969,-4.937069945055625
*CCN(*)C(=O)CO,egc,5.9405,5.334898471832275,5.758137075436487,5.685991396066784,5.525289091724982
*CCN(*)C(=O)c1c(F)c(F)c(F)c(F)c1F,tg,136.0,128.6342010498047,130.40471677948972,131.31043722379175,129.82569579846822
*CCN(*)C(=O)c1c(F)cc(F)c(F)c1F,egc,4.9884,4.861351490020752,4.676047635153636,4.348580866408733,4.680395205541399
*CCN(*)C(=O)c1c(F)cc(F)c(F)c1F,tg,122.0,116.62311553955078,114.44149161664534,119.2763766649778,116.99608697150029
*CCN(*)C(=O)c1c(F)cc(F)cc1F,tg,135.0,111.54095458984376,113.78105399445396,109.21781429854408,111.28212348763404
*CCN(*)C(=O)c1c(F)ccc(F)c1F,tg,124.0,114.76075744628906,114.90489417023744,110.63188865905592,113.5129367097127
*CCN(*)C(=O)c1c(F)cccc1F,egc,4.4989,4.738001346588135,4.737852343298396,4.5672617372582325,4.691557116075909
*CCN(*)C(=O)c1cc(F)c(F)c(F)c1F,tg,97.0,115.56290435791016,125.99608360564706,125.6241854022477,120.81776179467619
*CCN(*)C(=O)c1cc(F)cc(F)c1F,tg,110.0,115.49845886230467,114.4418543871314,116.76605146776728,115.67370222173213
*CCN(*)C(=O)c1cc(F)ccc1F,egc,4.4693,4.7139153480529785,4.850006823283219,4.732710146721738,4.749557026107008
*CCN(*)C(=O)c1cc(F)ccc1F,tg,112.0,116.68153381347656,106.70625239874592,104.47988601726112,110.85848839518701
*CCN(*)C(=O)c1ccc(F)c(F)c1,egc,5.106,4.914913654327393,4.628956400349934,4.703661066929616,4.793334520622616
*CCN(*)C(=O)c1ccc(F)c(F)c1,tg,101.0,105.1356964111328,105.01952727161832,115.84379773219108,108.42478050142856
*CCN(*)C(=O)c1ccc(F)c(F)c1F,tg,102.0,102.51588439941406,116.75491928421631,110.88632311963262,108.02900072037025
*CCN(*)C(=O)c1ccc(F)cc1,egc,5.1588,4.9472575187683105,4.708422842506606,4.537772730481685,4.782366687432008
*CCN(*)C(=O)c1ccc(F)cc1,tg,104.0,103.0833511352539,101.10300479014298,97.36783878499853,100.90846700732457
*CCN(*)C(=O)c1ccc(OC)cc1,egc,5.0115,4.841840744018555,4.79582408211745,4.719756597561956,4.798331494309005
*CCN(*)C(=O)c1ccc(SC(F)(F)F)cc1,tg,100.0,142.23861694335938,102.25093305795242,96.94594013376552,120.01581928680014
*CCN(*)C(=O)c1cccc(F)c1,tg,97.0,98.29176330566406,91.4529339449983,91.69155946100756,94.84567133299478
*CCN(*)C(=O)c1cccc(F)c1F,tg,110.0,104.7909698486328,106.32435376541969,106.2585015370053,105.55982294188442
*CCN(*)C(=O)c1ccccc1,tg,108.5,108.16021728515624,90.88019666347658,93.6582734339745,100.12575432323567
*CCN(*)C(=O)c1ccccc1F,tg,109.0,103.9154052734375,105.95645254716588,109.8885590519308,106.18246253722353
*CCN(*)CCOCCOC,tg,-76.0,-54.37451171875,-55.85420524020535,-72.62645800332044,-60.32520166183998
*CCN(*)Cc1ccccc1,egc,3.8139,5.0650153160095215,5.044146108180435,4.815782476056451,4.992586203381028
*CCN(CCCC(=O)Nc1ccc(N=Nc2ccccc2)cc1)CCOC(=O)NCC1CCCC(CNC(=O)O*)C1,egc,3.1195,4.723014831542969,4.27369915320397,3.912374390987629,4.401858507705512
*CCN(CCCCCCOc1ccc(C=Cc2ccc([N+](=O)[O-])cc2)cc1)CCOC(=O)NCCCCCCNC(=O)O*,tg,29.05,53.54730224609375,41.3808634146565,41.39702064390964,47.290281511509136
*CCN(CCCCCCOc1ccc(C=Cc2ccc([N+](=O)[O-])cc2)cc1)CCOC(=O)Nc1ccc(C)c(NC(=O)O*)c1,tg,58.5,85.12135314941406,79.9824806394915,69.05895390505465,79.09681072829957
*CCN(CCCCCOc1ccc(N=Nc2ccccc2)cc1)CCOC(=O)Nc1ccc(Cc2ccc(NC(=O)O*)cc2)cc1,tg,59.6,61.11433410644531,79.96307540969133,70.64656481174404,67.93331282808532
*CCN(CCN1C(=O)c2ccc(C(c3ccc4c(c3)C(=O)N(*)C4=O)(C(F)(F)F)C(F)(F)F)cc2C1=O)c1ccc(N=Nc2ccc(C=O)cc2)cc1,tg,170.0,182.0707092285156,204.1224164171336,206.7515524277028,194.23405603864379
*CCN(CCN1C(=O)c2ccc(C(c3ccc4c(c3)C(=O)N(*)C4=O)(C(F)(F)F)C(F)(F)F)cc2C1=O)c1ccc(N=Nc2ccc([N+](=O)[O-])cc2)cc1,tg,210.0,180.87794494628903,184.19664413527696,187.4519607410174,183.59321556144846
*CCN(CCN1C(=O)c2ccc(C(c3ccc4c(c3)C(=O)N(*)C4=O)(C(F)(F)F)C(F)(F)F)cc2C1=O)c1ccc(N=Nc2ccc([N+](=O)[O-])cc2C)cc1,tg,205.0,182.48785400390625,205.84637356668503,199.8162315368333,192.64475422178748
*CCN(CCNC(=O)c1ccc2c(c1)C(=O)N(*)C2=O)c1ccc(C=Cc2ccc([N+](=O)[O-])cc2)cc1,tg,142.0,180.50799560546875,163.38170138448132,180.9627321427428,177.13247924252178
*CCN(CCOC(=O)C=Cc1ccc(C=CC(=O)O*)cc1)c1ccc(N=Nc2ccc([N+](=O)[O-])cc2)cc1,egc,2.3089,1.997110605239868,2.996741459064401,2.898424764373085,2.4663801464224764
*CCN(CCOC(=O)CCC#CC#CCCC(=O)O*)c1ccc(N=Nc2c(C)cc(N=Nc3ccc(C#N)cc3)cc2C)cc1,tg,63.0,105.506591796875,82.99811416393756,86.27558945790787,94.93556882721987
*CCN(CCOC(=O)CCC#CC#CCCC(=O)O*)c1ccc([N+](=O)[O-])cc1,tg,30.0,66.86235809326172,50.123585370951915,34.07378171558841,53.28139394025011
*CCN(CCOC(=O)NCC1(C)CC(NC(=O)O*)CC(C)(C)C1)c1ccc(C=C(C#N)C#N)cc1,tg,141.0,117.13638305664062,109.93597463969871,119.84030559862494,116.49462002857331
*CCN(CCOC(=O)NCC1(C)CC(NC(=O)O*)CC(C)(C)C1)c1ccc(N=Nc2ccc(C#N)cc2)cc1,tg,136.0,140.39268493652344,121.43259800236842,125.03942209606484,131.74990094530108
*CCN(CCOC(=O)NCC1(C)CC(NC(=O)O*)CC(C)(C)C1)c1ccc(N=Nc2ccc(P(=O)(c3ccccc3)c3ccccc3)cc2)cc1,tg,163.0,144.9352569580078,169.39359341435116,156.64521003944114,153.57970005051178
*CCN(CCOC(=O)NCCCCCCNC(=O)O*)c1ccc(N=Nc2ccc(P(=O)(c3ccccc3)c3ccccc3)cc2)cc1,tg,120.0,109.32952880859376,83.25679957307158,93.1837602865931,98.98125573240578
*CCN(CCOC(=O)NCCCCCCNC(=O)O*)c1ccccc1,tg,31.9,50.056739807128906,49.12752967810162,47.26723619189684,49.00293046166986
*CCN(CCOC(=O)Nc1ccc(-c2ccc(NC(=O)O*)c(C)c2)cc1C)c1ccc(N=Nc2ccc([N+](=O)[O-])cc2)cc1,tg,119.5,156.78244018554688,138.084615316361,154.27182663486906,152.1668350217211
*CCN(CCOC(=O)Nc1ccc(C)c(NC(=O)O*)c1)c1ccc(-c2c(NCCCO)c(=O)c2=O)cc1,egc,3.2653,3.4348626136779785,3.021832367542588,3.516989622977102,3.364521048684459
*CCN(CCOC(=O)Nc1ccc(C)c(NC(=O)O*)c1)c1ccc(-c2nc3ccc([N+](=O)[O-])cc3o2)cc1,tg,156.0,158.3611297607422,146.0383796908747,181.21604886024005,162.90212979045162
*CCN(CCOC(=O)Nc1ccc(C)c(NC(=O)O*)c1)c1ccc(C(C#N)=C(C#N)C#N)cc1,tg,125.0,175.93234252929688,112.3547891407699,124.09610491382944,146.8418155945719
*CCN(CCOC(=O)Nc1ccc(C)c(NC(=O)O*)c1)c1ccc(C=Cc2cc[n+](CCCC)cc2)cc1,tg,121.0,121.6879425048828,94.367422974033,87.10584275483075,105.37954552855275
*CCN(CCOC(=O)Nc1ccc(C)c(NC(=O)O*)c1)c1ccc(C=Cc2ccc([N+](=O)[O-])cc2)cc1,tg,121.0,108.26960754394533,123.21376262780517,119.12002326643984,114.69476208104402
*CCN(CCOC(=O)Nc1ccc(C)c(NC(=O)O*)c1)c1ccc(N=Nc2cc(OC)c(N=Nc3ccc([N+](=O)[O-])cc3)cc2OC)cc1,tg,150.0,163.13693237304688,127.93883735267902,144.5548990972101,150.1613814905511
*CCN(CCOC(=O)Nc1ccc(C)c(NC(=O)O*)c1)c1ccc(N=Nc2ccc(-c3nc4ccc([N+](=O)[O-])cc4n3CC)cc2)cc1,tg,158.0,156.4448699951172,171.15495827310244,168.03139496651374,163.0497099662097
*CCN(CCOC(=O)Nc1ccc(C)c(NC(=O)O*)c1)c1ccc(N=Nc2ccc(B(c3c(C)cc(C)cc3C)c3c(C)cc(C)cc3C)cc2)cc1,tg,159.0,187.3499755859375,182.2854947447456,156.92590568659054,176.8974091461086
*CCN(CCOC(=O)Nc1ccc(C)c(NC(=O)O*)c1)c1ccc(N=Nc2ccc(C=Cc3nc4ccc([N+](=O)[O-])cc4n3CC)cc2)cc1,tg,171.0,162.45977783203125,178.29202931310644,168.05279278931027,167.4407024481307
*CCN(CCOC(=O)Nc1ccc(C)c(NC(=O)O*)c1)c1ccc(N=Nc2ccc([N+](=O)[O-])cc2C)c(C)c1,tg,135.0,137.27423095703125,124.271026063804,121.15503282946544,129.61748695817886
*CCN(CCOC(=O)Nc1ccc(C)c(NC(=O)O*)c1)c1ccc(N=Nc2ccc([N+](=O)[O-])cc2C)cc1,tg,137.0,138.8545379638672,130.83520290693878,123.15726947368228,132.35157306009364
*CCN(CCOC(=O)Nc1ccc(C)c(NC(=O)O*)c1)c1ccc([N+](=O)[O-])cc1C,tg,98.0,96.11011505126952,118.11733630054326,113.73498071698174,106.08130897101579
*CCN(CCOC(=O)Nc1ccc(Cc2ccc(NC(=O)O*)cc2)cc1)c1ccc(N=Nc2ccc([N+](=O)[O-])cc2)c(C)c1,tg,115.0,128.4077606201172,129.78057076435772,127.97522155782828,128.55579128991047
*CCN(CCOC(=O)Nc1ccc(Cc2ccc(NC(=O)O*)cc2)cc1)c1ccc(N=Nc2ccc([N+](=O)[O-])cc2)cc1,tg,136.4,129.88510131835938,107.03331068111476,112.63612191956985,119.85680244950058
*CCN(CCOC(=O)Nc1ccc(Cc2ccc(NC(=O)O*)cc2)cc1)c1ccc(N=Nc2ccc([N+](=O)[O-])cc2C)c(C)c1,tg,130.0,128.68959045410156,128.0493404223015,130.2238659655009,129.03282360088556
*CCN(CCOC(=O)Nc1ccc(Cc2ccc(NC(=O)O*)cc2)cc1)c1ccccc1,egc,4.1239,4.142299652099609,4.06665161913153,3.909529901000388,4.062055654300011
*CCN(CCOC(=O)Nc1ccc(Cc2ccc(NC(=O)O*)cc2)cc1)c1ccccc1,tg,31.9,85.33381652832031,106.49147180928642,102.78272566891025,95.07614730898072
*CCN(CCOC(=O)Nc1cccc(NC(=O)O*)c1C)c1ccc(C=Cc2ccc([N+](=O)[O-])cc2)cc1,tg,123.0,150.05999755859375,134.42720776289505,134.72403046271972,142.10569315470644
*CCN(CCOC(=O)Nc1cccc(NC(=O)O*)c1C)c1ccc(N=Nc2ccc([N+](=O)[O-])cc2)cc1,tg,147.0,143.4704132080078,127.45954529094304,124.81707256959172,134.4121370865517
*CCN(CCOC(=O)c1cc(OCCC2CCN(c3ccc(S(=O)(=O)C(F)(F)C(F)(F)C(F)(F)C(F)(F)C(F)(F)C(F)(F)C(F)(F)C(F)(F)F)cc3)CC2)cc(C(=O)O*)c1)c1ccc(S(=O)(=O)C(F)(F)C(F)(F)C(F)(F)C(F)(F)C(F)(F)C(F)(F)C(F)(F)C(F)(F)F)cc1,tg,86.0,86.99479675292969,85.9369595706099,95.64867686454984,89.45499971668485
*CCN(CCOC(=O)c1cc(OCCN(C)c2ccc(S(=O)(=O)C(F)(F)C(F)(F)C(F)(F)C(F)(F)C(F)(F)C(F)(F)C(F)(F)C(F)(F)F)cc2)cc(C(=O)O*)c1)c1ccc(S(=O)(=O)C(F)(F)C(F)(F)C(F)(F)C(F)(F)C(F)(F)C(F)(F)C(F)(F)C(F)(F)F)cc1,tg,83.0,82.76617431640625,83.88043999111551,91.4823583684863,85.69160842712648
*CCN(CCOC(=O)c1cc(OCc2c(F)c(F)c(OC)c(F)c2F)cc(C(=O)O*)c1)c1ccc(C=Cc2ccc(C=CC3=C(C#N)C(=C(C#N)C#N)OC3(c3ccccc3)C(F)(F)F)s2)cc1,tg,140.0,143.21238708496094,146.0203172634267,139.7270887394056,142.71058228140527
*CCN(CCOC(=O)c1cc(OCc2cc(OCc3ccccc3)cc(OCc3ccccc3)c2)cc(C(=O)O*)c1)c1ccc(C=Cc2ccc(C=CC3=C(C#N)C(=C(C#N)C#N)OC3(c3ccccc3)C(F)(F)F)s2)cc1,tg,130.0,111.97559356689452,149.15333533540266,144.26625761960022,129.59884252277166
*CCN(CCOC(=O)c1ccc(C(=O)O*)c(OC)c1)c1ccc(N=Nc2ccc(-c3nc4ccc([N+](=O)[O-])cc4n3CC)cc2)cc1,tg,146.0,149.17767333984375,149.30954550237595,147.26286501320195,148.61233349552543
*CCN(CCOC(=O)c1ccc(C(=O)O*)c(OC)c1)c1ccc(N=Nc2ccc(C=Cc3nc4ccc([N+](=O)[O-])cc4n3CC)cc2)cc1,tg,173.0,144.25221252441406,153.20840989325004,141.82648255407423,145.3405260306313
*CCN(CCOC(=O)c1ccc(C(=O)O*)c(OCCC)c1)c1ccc(C=C(C#N)C#N)cc1,tg,94.0,106.60846710205078,91.45461191521674,77.09301163534718,94.36556014796298
*CCN(CCOC(=O)c1ccc(C(=O)O*)c(OCCC)c1)c1ccc(N=Nc2ccc(-c3nc4cc([N+](=O)[O-])ccc4[nH]3)cc2)cc1,tg,152.0,142.3674774169922,147.64353742048587,151.98918369051353,146.4275267084143
*CCN(CCOC(=O)c1ccc(C(=O)O*)c(OCCC)c1)c1ccc(N=Nc2nc(C#N)c(C#N)[nH]2)cc1,tg,152.0,145.44850158691406,115.85219211323692,115.17348376353002,130.00541150585718
*CCN(CCOC(=O)c1ccc(C(=O)O*)cc1)c1ccc(C=C(C#N)C#N)cc1,tg,127.0,99.80532836914062,97.454018536901,94.26429442131132,97.6082627444382
*CCN(CCOC(=O)c1ccc(C(=O)O*)cc1)c1ccc(N=Nc2ccc(-c3nc4ccc([N+](=O)[O-])cc4n3CC)cc2)cc1,tg,149.0,145.3579559326172,159.65100779882096,145.88371437520934,148.45512957875462
*CCN(CCOC(=O)c1ccc([Si](C)(C)c2ccc(C(=O)O*)cc2)cc1)c1ccc(C=Cc2ccc([N+](=O)[O-])cc2)cc1,tg,127.0,91.92769622802734,106.76960531613231,97.63868589303274,96.7417930069711
*CCN(CCOC(=O)c1cccc(C(=O)O*)c1)c1ccccc1,egc,3.0504,4.5559773445129395,4.333030008726973,4.4611920973622965,4.480193214576384
*CCN(Cc1ccccc1)C(=O)S*,tg,32.0,43.899871826171875,60.13597539560731,66.03207973994637,54.08070339749063
*CCN1C(=O)C(=CC=C2SC(=S)N(*)C2=O)SC1=S,egc,2.2801,2.9847888946533203,3.409227941387201,3.528140680258012,3.2277090495927605
*CCN1C(=O)C(=CCCCC=C2SC(=S)N(*)C2=O)SC1=S,egc,3.4576,2.919596910476685,3.014253559339859,2.743839734756808,2.893058939768944
*CCN1C(=O)c2ccc(C(c3ccc4c(c3)C(=O)N(*)C4=O)(C(F)(F)F)C(F)(F)F)cc2C1=O,tg,180.0,196.7925567626953,205.89009922342728,217.27616293189243,204.99771385857343
*CCNC(*)=S,eea,1.6837,2.021095037460327,2.286724228552715,2.445334637663451,2.1169474561943313
*CCNC(*)=S,egb,3.6727,3.9504642486572266,3.511626355680933,3.4275990206937808,3.848666445058127
*CCNC(*)=S,ei,5.3628,5.586203098297119,5.914304145444318,6.060801094465376,5.777208524420612
*CCNC(*)=S,eps,4.24,4.338993072509766,3.7912083578047335,3.911084819376736,4.038772011529238
*CCNC(=O)C(OC)C(OC)C(=O)N*,egc,5.4257,5.935431480407715,5.875921376057388,5.760268268194621,5.8744668424730415
*CCNC(=O)CCCCC(=O)N*,egc,5.8254,5.746880054473877,5.808619380436851,5.785972446571136,5.771357772556279
*CCNC(=O)CCCCC(=O)N*,tg,71.0,74.10507202148438,89.85822340654887,71.26204715584593,76.45976538561094
*CCNC(=O)CCCCCCCCC(=O)N*,egc,5.9828,5.857527732849121,5.910689479733852,5.823429248680075,5.860186127670223
*CCNC(=O)CCCCCCCCCCC(=O)N*,egc,5.5657,5.859908103942871,5.98745376942614,5.966690342553563,5.917549416325182
*CCNC(=O)CCCCCCCCCCCCCCC(=O)N*,egc,5.9522,5.864968299865723,5.866499852540248,5.78217429784016,5.842806671427416
*CCNC(=O)CCP(C)(=O)CCC(=O)N*,egc,6.0568,5.954071044921875,5.732392442242905,5.7460524221667395,5.847792226849951
*CCNC(=O)NCCCCCCNC(=O)O*,egc,5.6117,5.937028408050537,5.8204988279245935,5.895853413257617,5.899692111629979
*CCNC(=O)c1ccc(-c2ccc(O*)cc2)cc1,tg,169.0,173.64862060546875,151.04719096697798,161.55573820173868,165.2669467892403
*CCNC(=O)c1ccc(C(=O)N*)c(Sc2ccccc2)c1,tg,172.0,166.98138427734375,151.85129589441263,164.07418144994,162.97557322580053
*CCNC(=O)c1ccc(C(=O)NCCOc2ccc3ccc(O*)cc3c2)cc1,tg,159.0,161.39312744140625,143.03161945198133,148.47753987401703,153.627420088856
*CCNC(=O)c1ccc(O*)cc1,egc,5.0314,4.485116481781006,4.7458416946248585,4.7601506166971,4.6183719095389915
*CCNC(=O)c1ccc([Si](C)(C)c2ccc(C(=O)NCCN(*)c3ccc(/C=C/c4ccc([N+](=O)[O-])cc4)cc3)cc2)cc1,tg,157.5,193.3356475830078,151.5513894119614,151.2924858017568,171.74934854165525
*CCNC(=O)c1ccc([Si](CCCC)(CCCC)c2ccc(C(=O)NCCN(*)c3ccc(/C=C/c4ccc([N+](=O)[O-])cc4)cc3)cc2)cc1,tg,115.0,114.94447326660156,128.14530329565065,130.8660717062891,122.58065720713161
*CCNC(=O)c1ccc([Si](c2ccccc2)(c2ccccc2)c2ccc(C(=O)NCCN(*)c3ccc(/C=C/c4ccc([N+](=O)[O-])cc4)cc3)cc2)cc1,tg,157.5,177.21957397460938,158.8841305231173,161.85580996155704,168.70178683936996
*CCNC(=O)c1ccc2cc(O*)ccc2c1,tg,182.0,156.42938232421875,148.3190057607771,160.3449403106569,155.97565625834443
*CCNC(=O)c1cccc(C(=O)NCCOc2ccc3c(O*)cccc3c2)c1,tg,155.5,136.2899627685547,153.37669904173342,154.27744622126303,145.3631190170327
*CCNC(=O)c1cccc(C(=O)NCCOc2ccc3ccc(O*)cc3c2)c1,tg,143.0,160.91688537597656,155.5546203603179,152.57271376008072,157.23438842422223
*CCNC(=O)c1cccc(C(=O)NCCOc2cccc3c(O*)cccc23)c1,tg,171.0,154.7032470703125,151.04710543472115,157.2388211255752,154.73707404756794
*CCNC(=O)c1cccc(O*)c1,egc,4.5918,4.717792987823486,4.707403897575731,4.957844220053803,4.7807133733553115
*CCN[Si](C)(C)N*,egc,4.8016,5.095154762268066,5.115489258531046,5.565065160375108,5.227448949005848
*CCNc1ccc(*)cc1,eea,0.6326,0.9180951118469238,0.8328969250759648,0.8876785499421775,0.9014335226133925
*CCNc1ccc(*)cc1,egc,4.1674,4.246763229370117,4.1139080308550575,4.361011928709618,4.24801179130059
*CCNc1ccc(*)cc1,nc,1.7816,1.8446719646453855,1.8121540096620372,1.8017006259373605,1.8319484305860987
*CCNc1ccc(*)s1,egb,3.793,3.9751908779144287,3.6463803501790952,3.75000755683124,3.8989162670400077
*CCNc1ccc(*)s1,egc,3.9675,4.455709934234619,4.3326635868628856,4.127177533712564,4.338801470598261
*CCNc1ccc(*)s1,nc,1.8184,1.787155032157898,1.8523776164174617,1.829264681229441,1.808370368155037
*CCO*,eea,0.3936,0.9465516805648804,0.9584446249420192,0.841673945932575,0.9343328951198533
*CCO*,egc,5.5372,6.280941486358643,6.045344261817929,6.023628277249826,6.15814059400641
*CCO*,nc,1.6377,1.6711570024490356,1.680239102980449,1.666162895272568,1.6730508325881392
*CCOC(=O)C(=O)O*,egc,6.5784,5.666364669799805,5.38510148860011,5.405514706479593,5.532357012575517
*CCOC(=O)C(C)O*,tg,-21.0,-19.108612060546875,-7.6413867634176444,3.1439629252798227,-9.869640674129588
*CCOC(=O)C1C2C=CC(C2)C1C(=O)O*,egb,5.3661,5.5502848625183105,5.600020517967509,5.701658549622507,5.561822107971185
*CCOC(=O)C1C2C=CC(C2)C1C(=O)O*,egc,5.7779,5.788712978363037,5.060898516342318,5.038985585063836,5.421631504788805
*CCOC(=O)C1C2C=CC(C2)C1C(=O)O*,tg,0.0,89.59819793701172,101.64698104859792,117.92395761497896,100.83552644760093
*CCOC(=O)C1CCC(C(=O)O*)CC1,egb,6.4481,6.489213943481445,6.3797871341142836,6.382566260929635,6.463830062493218
*CCOC(=O)C1CCC(C(=O)O*)CC1,tg,25.0,35.42823791503906,50.86628740529261,60.61153131084981,46.38918334141827
*CCOC(=O)C1CCC(C(=O)OCCOc2ccc(C(C)(C)c3ccc(O*)cc3)cc2)CC1,tg,57.0,47.75946044921875,58.42199828202509,64.47998120209434,55.12168198203194
*CCOC(=O)C=CC(=O)O*,egc,4.8762,4.540036201477051,4.731390171826547,4.836762757049251,4.663624306701113
*CCOC(=O)CC(=O)O*,egc,6.8494,6.766651153564453,6.504851004224668,6.5691919800991005,6.654241147858821
*CCOC(=O)CC(C)O*,tg,-37.1,-15.357269287109377,-30.181770593685435,-32.90057540062065,-23.828543115475213
*CCOC(=O)CCC(=O)O*,egc,6.5377,6.833682060241699,6.67279983463285,6.594099738635476,6.732463517007391
*CCOC(=O)CCC(=O)OCCOC(=O)c1ccc(C(=O)O*)cc1,tg,23.0,7.823135375976563,25.893785472757052,23.33596842302613,16.33267754259252
*CCOC(=O)CCCCC(=O)O*,eea,1.0754,0.7933530807495117,1.1153714508065915,1.089543929321244,0.88048283926433
*CCOC(=O)CCCCC(=O)O*,ei,7.8277,7.570011615753174,7.185171377674838,7.358476200924759,7.452117987119145
*CCOC(=O)CCCCC(=O)O*,eps,3.25,3.2252306938171387,3.402627672829611,3.412698667511525,3.322455584954423
*CCOC(=O)CCCCC(=O)O*,nc,1.6581,1.635075330734253,1.6538310227920554,1.6449976220784015,1.6409625312985008
*CCOC(=O)CCCCC(=O)OCCOC(=O)c1ccc(C(=O)O*)cc1,tg,6.0,6.09283447265625,11.375812836243789,9.79232119303117,8.322053362174762
*CCOC(=O)CCCCCC(=O)O*,egc,6.8822,6.767419815063477,6.668896439306006,6.6271570549583725,6.7071890596026815
*CCOC(=O)CCCCCC(=O)O*,tg,-54.0,-46.51951599121094,-54.26904541141584,-48.56444539218282,-48.74324674348997
*CCOC(=O)CCCCCCC(=O)O*,eea,0.8924,0.8217371702194214,1.1418271885912183,1.260518902710553,0.9275868773698421
*CCOC(=O)CCCCCCC(=O)O*,egc,6.9025,6.583108901977539,6.506588414187869,6.672737132767857,6.590304064010947
*CCOC(=O)CCCCCCC(=O)O*,eps,3.16,3.176093578338623,3.392065312940506,3.441055139327044,3.294459902851523
*CCOC(=O)CCCCCCC(=O)O*,nc,1.6577,1.641298770904541,1.638498543654303,1.6383554945161505,1.6402770458865785
*CCOC(=O)CCCCCCC(=O)OCCOC(=O)c1ccc(C(=O)O*)cc1,tg,-1.33,-12.770782470703123,2.1692981718129944,-2.3042290447565392,-6.465226013852144
*CCOC(=O)CCCCCCCC(=O)O*,tg,-45.0,-41.29801940917969,-51.957652854770686,-52.85222848909572,-47.06126101546643
*CCOC(=O)CCCCCCCCC(=O)O*,egc,6.8048,6.829192161560059,6.824893963275985,6.828266637782839,6.827976260406464
*CCOC(=O)CCCCCCCCC(=O)O*,tg,-37.16,-35.90574645996094,-49.6396074611555,-45.86027174243671,-41.8052392918367
*CCOC(=O)CCSCCC(=O)O*,tg,-47.0,-36.434326171875,-40.888551556403435,-42.65698580702147,-39.27402744680447
*CCOC(=O)COCC(=O)O*,egc,6.1826,6.1732401847839355,6.102517493222295,6.193715457069671,6.1629388097258015
*CCOC(=O)CSC(=O)Nc1ccc(Cc2ccc(NC(=O)SCC(=O)O*)cc2)cc1,egc,4.3268,4.440248489379883,4.226203497105993,4.307926243578602,4.356258260729726
*CCOC(=O)Cc1ccc(CC(=O)O*)cc1,egc,5.1252,5.241316318511963,5.450019703378373,5.469152015586479,5.350070797369134
*CCOC(=O)N(C)c1ccc(C)c(N(C)C(=O)O*)c1,egc,5.1683,5.157712936401367,4.5788563094867225,4.274652987276618,4.787808197735144
*CCOC(=O)NC1CCC(CC2CCC(NC(=O)OCCOc3ccc(C4(c5ccc(O*)cc5)c5ccccc5-c5ccccc54)cc3)CC2)CC1,tg,140.0,172.07249450683594,144.20925549049463,145.6552755925828,158.17877004028787
*CCOC(=O)NC1CCC(NC(=O)O*)CC1,egc,6.3209,6.291349411010742,6.051440783778777,6.1705923413415,6.204700210787928
*CCOC(=O)NCC1(C)CC(NC(=O)O*)CC(C)(C)C1,tg,84.0,101.86427307128906,98.28084080041565,111.39177892513788,104.07623265731817
*CCOC(=O)NCCCCCCCCCCNC(=O)O*,tg,60.8,42.80623626708984,41.58605961812497,37.20578779094879,40.82302197523359
*CCOC(=O)NCCCCCCCCCNC(=O)O*,egc,6.3118,6.078912258148193,6.358235717669796,6.260860169483975,6.191037406399007
*CCOC(=O)NCCCCCCCCCNC(=O)O*,tg,44.0,34.075408935546875,41.9419609040877,35.91353218852318,36.2591827360165
*CCOC(=O)NCCCCCCNC(=O)OCCOc1ccc(C2(c3ccc(O*)cc3)c3ccccc3-c3ccccc32)cc1,tg,61.0,120.69813537597656,130.96678917073925,129.95598529868298,125.67064383041449
*CCOC(=O)NCCOCCOCCNC(=O)O*,eea,0.573,0.6473472118377686,0.8317428765646415,0.9752461360661346,0.718337994624423
*CCOC(=O)NCCOCCOCCNC(=O)O*,egb,6.4585,5.965385913848877,6.39624385544579,6.375459874555197,6.06533259762389
*CCOC(=O)NCCOCCOCCNC(=O)O*,egc,6.1403,6.107795715332031,6.114533725729242,6.244625378495249,6.146500751034264
*CCOC(=O)NCCOCCOCCNC(=O)O*,ei,7.1012,6.35384464263916,7.0415200969662495,6.919604941393142,6.622255280210947
*CCOC(=O)NCCOCCOCCNC(=O)O*,eps,3.53,3.679290533065796,3.624311874600501,3.642230214795428,3.6491587116902675
*CCOC(=O)NCCOCCOCCNC(=O)O*,nc,1.6526,1.6508100032806396,1.6702189825576066,1.7003868334336003,1.6607411279755142
*CCOC(=O)NCCSCCCCSCCNC(=O)O*,egb,5.1094,5.3311872482299805,4.82332160705506,4.923705566629861,5.213376987032121
*CCOC(=O)NCCSCCCCSCCNC(=O)O*,egc,5.1396,5.293684959411621,5.232506330608334,5.37492038286288,5.3020407973734915
*CCOC(=O)NNC(=O)CCCCCCCCC(=O)NNC(=O)O*,egc,5.8878,5.770200729370117,5.823998382338316,5.76185673767286,5.780002433537925
*CCOC(=O)Nc1cc(NC(=O)O*)ccc1C,egc,5.1142,5.251418113708496,4.908628574393651,4.894858247350353,5.077590627577174
*CCOC(=O)Nc1ccc(-c2ccc(NC(=O)O*)c(C)c2)cc1C,egc,4.3385,4.128075122833252,4.1349798309754515,4.186351209296827,4.145464959094239
*CCOC(=O)Nc1ccc(C(C)(C)c2ccc(NC(=O)O*)cc2)cc1,egb,4.3346,4.343386173248291,4.393161012654514,4.1812731834297105,4.3549325082552475
*CCOC(=O)Nc1ccc(C)c(NC(=O)OCCOc2ccc(C3(c4ccc(O*)cc4)c4ccccc4-c4ccccc43)cc2)c1,tg,175.0,153.70480346679688,155.02462037579696,163.73444225072896,157.07880365527765
*CCOC(=O)Nc1ccc(CCCc2ccc(NC(=O)O*)cc2)cc1,tg,74.1,94.30704498291016,104.96679813326524,91.53880321290497,95.6391478197601
*CCOC(=O)Nc1ccc(CCc2ccc(NC(=O)O*)cc2)cc1,tg,116.9,99.4763412475586,84.71435165124895,89.869458038717,93.47331850892567
*CCOC(=O)Nc1ccc(Cc2ccc(NC(=O)OCCOc3ccc(O*)cc3)cc2)cc1,tg,98.0,61.578514099121094,80.4606469298132,95.99895788220051,76.1044089109923
*CCOC(=O)Nc1ccc(NC(=O)O*)cc1,egc,4.8391,4.788326263427734,4.744820242611624,4.829439979643756,4.789741076567515
*CCOC(=O)Nc1cccc(NC(=O)O*)c1,egc,5.098,5.013864517211914,4.980293950361426,5.258828305454637,5.072919358228261
*CCOC(=O)Nc1cccc2c(NC(=O)O*)cccc12,egc,3.9352,4.472458362579346,4.071399804285368,4.357715478245429,4.3512891186879505
*CCOC(=O)O*,tg,15.33,22.60265350341797,8.253847167724732,10.671388327697828,15.965330718847827
*CCOC(=O)c1ccc(-c2ccc(C(=O)O*)cc2C)c(C)c1,tg,73.0,69.70269775390625,136.7276450693751,126.7185505668841,101.10350987871772
*CCOC(=O)c1ccc(C(=O)O*)c2c1CC2,egc,4.3335,4.851717948913574,4.596779769566191,4.441869452764925,4.6831153483636685
*CCOC(=O)c1ccc(C(=O)O*)cc1,eea,2.2723,2.5352931022644043,2.1051030061191027,2.0166582946198144,2.402507688523908
*CCOC(=O)c1ccc(C(=O)O*)cc1,egc,4.6867,4.763888359069824,4.81150680787628,4.7801843114823654,4.779001407970391
*CCOC(=O)c1ccc(C(=O)O*)cc1,eps,3.82,3.796134233474731,3.8281991159941593,3.727422793758211,3.813707840024491
*CCOC(=O)c1ccc(C(=O)O*)cc1,tg,77.74,71.83792877197266,68.4744215153896,67.4685399581487,69.79553894559092
*CCOC(=O)c1ccc(C(C#N)=C(c2ccc(OC)cc2)N2CCC(*)CC2)cc1,tg,171.5,151.77198791503906,138.3393497824021,131.88241763297034,142.8605771099072
*CCOC(=O)c1ccc(C(C)(CC)c2ccc(C(=O)O*)cc2)cc1,tg,94.0,106.48927307128906,103.17717123173894,94.85897717819834,102.21101554449965
*CCOC(=O)c1ccc(C2(C)CC(C)(C)c3ccc(C(=O)O*)cc32)cc1,egc,4.3486,4.237361907958984,4.373381338393941,4.436965092698606,4.322135139365352
*CCOC(=O)c1ccc(C2(C)CC(C)(C)c3ccc(C(=O)O*)cc32)cc1,tg,154.0,181.7086639404297,145.79674699348985,156.0972225913687,166.41175877847832
*CCOC(=O)c1ccc(NC(=O)CCCCCCCC(=O)Nc2ccc(C(=O)O*)cc2)cc1,egc,4.188,3.9495716094970703,4.495492213673563,4.360063479432192,4.183632526390515
*CCOC(=O)c1ccc(O*)c(C)c1,egc,4.4876,4.64939022064209,4.601898008367068,4.323642724100041,4.550189721948383
*CCOC(=O)c1ccc(O*)cc1,tg,77.67,95.6001205444336,65.48327672084032,66.31404358998468,80.35612366724129
*CCOC(=O)c1ccc(O*)cc1Cl,egc,4.6773,4.476936340332031,4.251675791394847,4.5044756896670215,4.433883758795954
*CCOC(=O)c1ccc2ccc(C(=O)O*)cc2c1,egc,3.9507,4.20693302154541,3.9078430748489783,4.081786263112147,4.105812967451564
*CCOC(=O)c1cccc(C(=O)O*)c1,tg,56.5,67.34474182128906,56.18291698003089,59.87629005347904,62.74247054327253
*CCOC(=O)c1cccc2c(C(=O)O*)cccc12,tg,75.0,85.08595275878906,91.56925797690022,102.58319545873704,91.8304413589741
*CCOC(=O)c1ccccc1C(=O)O*,tg,70.88,45.756874084472656,43.6929590304545,44.52054798996187,44.950629194099506
*CCOC(=S)NC(=S)c1ccc(N*)cc1,eea,2.6209,2.4308342933654785,3.369044643530632,2.6660298253779313,2.6010174331829217
*CCOC(=S)NC(=S)c1ccc(N*)cc1,egc,2.7606,3.447892427444458,3.1591054830550256,3.201370091239763,3.3160913403203924
*CCOC(=S)NC(=S)c1ccc(N*)cc1,ei,5.413,5.815214157104492,5.680307309276492,5.88173517804644,5.817149387190775
*CCOC(=S)NC(=S)c1ccc(N*)cc1,eps,5.17,4.865074157714844,5.284457396731909,5.176826768184415,5.09492299722281
*CCOCCC(=O)O*,tg,-35.55,-37.737823486328125,-41.35180747022447,-43.42652417383343,-40.239815175705274
*CCOCCOC(=O)C(C)C(=O)O*,egc,6.4398,6.435168743133545,6.304163567848357,6.2065485856800215,6.34363303142375
*CCOCCOC(=O)C(C)C(=O)O*,tg,-29.0,-46.37794494628906,-9.653887995757897,-8.221513564541851,-27.033056883084782
*CCOCCOC(=O)C(CCCCC)C(=O)O*,tg,-47.0,-62.86680603027344,-47.80814924833191,-36.478287263087935,-51.61087420032242
*CCOCCOC(=O)C(CCCCCCC)C(=O)O*,egc,6.4036,6.289278507232666,6.301791302455379,6.391197500806843,6.319789654333562
*CCOCCOC(=O)C(CCCCCCC)C(=O)O*,tg,-58.0,-51.781005859375,-45.5766126243757,-42.23701178241154,-47.554403202793466
*CCOCCOC(=O)C1CCC(C(=O)O*)CC1,tg,-10.15,-1.2947540283203125,4.566849030069484,3.319106175327107,1.336156697086091
*CCOCCOC(=O)C=CC(=O)NCCCCCCNC(=O)C=CC(=O)O*,egc,3.8434,4.222837448120117,4.543212788157387,4.533083606736768,4.379047101334772
*CCOCCOC(=O)C=CC(=O)NCCCCCCNC(=O)C=CC(=O)O*,tg,76.0,54.194725036621094,15.981284116154145,25.57472974494505,37.4944892306451
*CCOCCOC(=O)CC(=O)O*,tg,-41.5,-51.61097717285156,-13.63173523510754,-19.259027280922567,-33.80421096911128
*CCOCCOC(=O)CCC(=O)O*,egc,6.5538,6.472984313964844,6.393142681914916,6.183169590794782,6.376293375552576
*CCOCCOC(=O)CCC(=O)O*,tg,-41.51,-39.2799072265625,-39.3193224421134,-42.489230554245154,-40.28091874010446
*CCOCCOC(=O)CCC(C)CC(=O)O*,egc,6.43,6.530125617980957,6.418591927006772,6.502890949504833,6.497699464404897
*CCOCCOC(=O)CCCC(=O)O*,egc,6.4269,6.621640205383301,6.545077949242657,6.430435784585528,6.552489472599191
*CCOCCOC(=O)CCCC(=O)O*,tg,-55.0,-60.11775207519531,-53.651822220447805,-48.40873472804404,-55.167625722788124
*CCOCCOC(=O)CCCCCC(=O)O*,tg,-59.67,-51.42633056640625,-59.499927271246726,-60.08426473042053,-55.76256565368061
*CCOCCOC(=O)CCCCCCCC(=O)O*,egc,6.5091,6.370458602905273,6.606733480805176,6.5339093307875045,6.467897632660134
*CCOCCOC(=O)CCCCCCCCC(=O)O*,tg,-74.5,-42.18638610839844,-55.6891905242908,-57.45909097003786,-49.68381003665596
*CCOCCOC(=O)CCCCS(=O)(=O)CCCCC(=O)O*,egb,5.7504,6.08280086517334,5.154401482793566,5.3600851836511385,5.867438838553349
*CCOCCOC(=O)CCSCCC(=O)O*,egc,5.4283,5.317660808563232,5.558105769693807,5.46241656084991,5.410953710651751
*CCOCCOC(=O)COCC(=O)O*,egc,5.9381,5.9842634201049805,6.140019933970401,6.183228772227655,6.07329139268622
*CCOCCOC(=O)NCCNC(=O)O*,egc,6.3071,6.42318058013916,6.081882269555119,6.021176958629237,6.237335041589851
*CCOCCOC(=O)Nc1ccc(C)c(NC(=O)O*)c1,eea,0.755,0.8919764757156372,1.1426598568169348,1.179607692252556,0.9674093131901172
*CCOCCOC(=O)Nc1ccc(C)c(NC(=O)O*)c1,egb,4.5558,4.868402481079102,4.239209051636415,4.215490491921846,4.722447653154271
*CCOCCOC(=O)Nc1ccc(C)c(NC(=O)O*)c1,nc,1.7289,1.7251869440078735,1.722676412489745,1.7584190447951873,1.7277740296534472
*CCOCCOC(=O)O*,eea,0.4954,1.144639253616333,0.6317713314128888,0.7675476984459229,1.0184849669554974
*CCOCCOC(=O)O*,egb,6.6617,6.437311172485352,6.343845259096461,6.530615360104365,6.415629761543734
*CCOCCOC(=O)O*,ei,7.5966,7.746450424194336,7.463051770857988,7.221359510895746,7.546054048158551
*CCOCCOC(=O)O*,eps,3.32,3.4401299953460693,3.4433506786888155,3.4622657956589125,3.4418951358187497
*CCOCCOC(=O)O*,tg,-40.0,-13.496658325195312,-30.632199226823204,-36.953399614273394,-24.271945544899722
*CCOCCOC(=O)c1ccc(-c2ccc(C(=O)O*)cc2)cc1,tg,53.5,39.58143615722656,41.69124050559204,42.03211248544875,40.7728053496878
*CCOCCOC(=O)c1ccc(NC=Nc2ccc(C(=O)O*)cc2)cc1,egc,4.1569,3.57065486907959,3.861477877149279,3.7802228324323672,3.692867742172125
*CCOCCOC(=O)c1ccc(NC=Nc2ccc(C(=O)O*)cc2)cc1,tg,77.0,67.95447540283203,67.16087223369229,67.95392593553728,67.79137046364619
*CCOCCOC(=O)c1cccc(C(=O)O*)c1,egc,4.8122,4.978244781494141,4.888190838494194,4.8321486323351825,4.918328543571875
*CCOCCOC(=O)c1ccccc1C(=O)O*,tg,-50.0,22.49980926513672,43.350022737985896,29.17075072631677,28.844468583702735
*CCOCCOCC#CC#CCOCCOCCOC(=O)NCCCCCCNC(=O)O*,egc,4.9082,4.813726902008057,5.462111794503695,5.4156027600681345,5.122798618822761
*CCOCCOCCN1C(=O)c2ccc(C(=O)Oc3ccc(-c4ccc(OC(=O)c5ccc6c(c5)C(=O)N(*)C6=O)cc4)cc3)cc2C1=O,tg,109.0,102.6078643798828,110.00437631650648,108.60050199500805,105.98048197326727
*CCOCCOCCN1C(=O)c2ccc(C(=O)Oc3ccc(OC(=O)c4ccc5c(c4)C(=O)N(*)C5=O)c(-c4ccccc4)c3)cc2C1=O,tg,105.0,87.86894226074219,107.21013508430131,103.11362934654365,96.55637943425452
*CCOCCOCCN1C(=O)c2ccc(C(=O)Oc3ccc(OC(=O)c4ccc5c(c4)C(=O)N(*)C5=O)cc3)cc2C1=O,tg,105.0,105.22679901123048,98.53070710731528,103.68011933027772,103.37350128389045
*CCOCCOCCN1C(=O)c2ccc(C(=O)Oc3ccc4cc(OC(=O)c5ccc6c(c5)C(=O)N(*)C6=O)ccc4c3)cc2C1=O,tg,105.0,102.23641967773438,108.61622560641844,101.36205083233484,103.27574251367426
*CCOCCOCCOC(=O)C=CC(=O)NCCCCCCNC(=O)C=CC(=O)O*,egc,4.4951,4.363893032073975,3.926953275185028,3.964194112999315,4.157216302514799
*CCOCCOCCOC(=O)CC(=O)O*,egc,5.6203,6.188220024108887,6.398188240251574,6.451139538081171,6.306794831627217
*CCOCCOCCOC(=O)CCC(=O)O*,egc,6.2323,6.103975296020508,6.11154454712093,6.120488939368241,6.110162270579335
*CCOCCOCCOC(=O)CCCCC(=O)O*,egc,6.384,6.359635829925537,6.398849208461737,6.441443331905097,6.390670644851697
*CCOCCOCCOC(=O)CCCCC(=O)O*,tg,-49.0,-55.434814453125,-60.495826661033,-57.426989103555115,-57.090243232173115
*CCOCCOCCOC(=O)CCCCCC(=O)O*,egb,5.5157,6.352169990539551,6.333580369436234,6.293805746793652,6.347857731665955
*CCOCCOCCOC(=O)CCCCCC(=O)O*,tg,-54.0,-56.9769287109375,-58.47940830678748,-58.61027244791123,-57.79073672564959
*CCOCCOCCOC(=O)CCCCCCC(=O)O*,egb,6.184,5.998307704925537,6.322357759780222,6.327498050753569,6.073478022640458
*CCOCCOCCOC(=O)CCCCCCCCC(=O)O*,egc,6.1436,6.4210405349731445,6.573608385960052,6.490250120927395,6.474082628189177
*CCOCCOCCOC(=O)COCC(=O)O*,egc,6.0666,5.793018341064453,5.875509285694245,5.869933693339679,5.8324329104668715
*CCOCCOCCOC(=O)CSC(=O)Nc1ccc(C)c(NC(=O)SCC(=O)O*)c1,egc,4.461,4.874109745025635,4.484735396497182,4.176976184756025,4.597255252586505
*CCOCCOCCOC(=O)NCCCCCCNC(=O)O*,egc,6.2098,6.206413745880127,6.027136807166888,6.022257454051269,6.1161342726408385
*CCOCCOCCOC(=O)c1cc(N=Nc2ccc(OCC)cc2)ccc1-c1ccc(N=Nc2ccc(OCC)cc2)cc1C(=O)O*,tg,65.0,96.66763305664062,75.51950065977873,80.99030655865548,87.4753599891884
*CCOCCOCCOC(=O)c1ccc(-c2ccc(C(=O)O*)cc2)cc1,tg,20.0,25.401870727539062,15.514100954640767,24.322248023298545,23.037789320863887
*CCOCCOCCOC(=O)c1cccc(C(=O)O*)c1,egc,4.9478,4.545410633087158,4.884819615171702,4.843772334181582,4.702660125402609
*CCOCCOCCOC(=O)c1ccccc1C(=O)O*,egc,4.8493,4.891930103302002,4.746405452564522,4.665469107152362,4.79772377890544
*CCOCCOCCOCCOC(=O)CCSCCC(=O)O*,egc,5.3735,5.329277038574219,5.354593305277884,5.3369164774517674,5.337033444178948
*CCOCCOCCOCCOC(=O)NCCCCCCNC(=O)O*,egc,6.0228,5.788567543029785,5.958933032280758,6.071446830998924,5.903682778945788
*CCOCCOCCOCCOC(=O)c1ccc(-c2ccc(-c3ccc(C(=O)O*)cc3)cc2)cc1,tg,20.0,32.073944091796875,17.048314124406573,27.696133872096652,27.634594344864688
*CCOCCOCCOCCOC(=O)c1ccc(-c2ccc(C(=O)O*)cc2)cc1,tg,4.0,2.584930419921875,18.43998300263474,11.297477433560005,8.535675353056657
*CCOCCOCCOCCOCCOCCOCCOCCOCCOCCOC(=O)c1ccc(-c2ccc(-c3ccc(C(=O)O*)cc3)cc2)cc1,tg,13.33,-28.791183471679688,-1.8082168432626269,5.41173284018376,-12.669403581579646
*CCOCCOCCOCCOCCOCCOc1ccc(C(=O)Nc2cc(NC(=O)c3ccc(O*)cc3)cc(-c3nc4ccccc4[nH]3)c2)cc1,tg,125.0,119.0352783203125,131.27173692231986,138.44383889664857,127.55228350418585
*CCOCCOCCOCCOCCOc1ccc(C(=O)Nc2cc(NC(=O)c3ccc(O*)cc3)cc(-c3nc4ccccc4[nH]3)c2)cc1,egc,3.9357,4.066481113433838,3.6011687144100333,3.655253724684203,3.850305139855578
*CCOCCOCCOCCOCCOc1ccc(C(=O)Nc2cc(NC(=O)c3ccc(O*)cc3)cc(-c3nc4ccccc4[nH]3)c2)cc1,tg,145.0,124.1642608642578,146.21796886688267,137.48523026912483,132.8134344778866
*CCOCCOCCOCCOCCOc1ccc(C=C(C)c2ccc(O*)cc2)cc1,egc,3.9391,4.3939032554626465,3.8523615858548577,3.7162061837136418,4.088192493786411
*CCOCCOCCOCCOc1ccc(/C=C(\C)c2ccc(O*)cc2)cc1,tg,7.5,30.95714569091797,10.933055165902603,18.33672178342553,22.94141239553305
*CCOCCOCCOc1ccc(/C=C(\C)c2ccc(O*)cc2)cc1,tg,15.33,40.05821990966797,30.607566453103097,25.91841098337258,33.74324644914814
*CCOCCOCCOc1ccc(C(=O)Nc2cc(NC(=O)c3ccc(O*)cc3)cc(-c3nc4ccccc4[nH]3)c2)cc1,tg,165.0,170.87901306152344,150.83214059803768,157.43208634305552,162.6028941401534
*CCOCCOCCOc1ccc(C=C(C)c2ccc(O*)cc2)cc1,egc,3.8885,4.318830490112305,3.901467986563767,3.7149171279392608,4.061036019232246
*CCOCCOCCOc1ccc(C=Cc2cc(OC)c(C=Cc3ccc(O*)c4ccccc34)cc2OC)c2ccccc12,tg,79.5,85.21145629882812,90.99282923486312,94.88081495334248,89.38999453506987
*CCOCCOCCOc1ccc(C=Cc2ccc(C=Cc3ccc(O*)c4ccccc34)cc2)c2ccccc12,tg,83.5,103.78655242919922,86.71061808953318,86.3820579504752,94.89598245712325
*CCOCCOCCOc1cccc(NC(=O)c2ccc(C(=O)Nc3cccc(O*)c3)cc2)c1,tg,116.0,103.34878540039062,122.9986974543404,109.71132805813872,109.35159619869063
*CCOCCOCCOc1cccc(NC(=O)c2cccc(C(=O)Nc3cccc(O*)c3)c2)c1,tg,111.0,97.25154876708984,108.98803824851264,109.70431356361708,103.51388046575357
*CCOCCOP(=O)(N=Nc1ccc(C(=O)c2ccc(N=NP(=O)(O*)OC)cc2)cc1)OC,tg,33.0,53.27869415283203,40.63755907212777,29.17922166896747,43.227303026123195
*CCOCCOP(=O)(N=Nc1ccc(Oc2ccc(N=NP(=O)(O*)OC)cc2)cc1)OC,tg,32.0,23.450523376464844,35.6507436226537,12.615748726633257,22.60322907532438
*CCOCCOc1ccc(C(=O)OC(=O)c2ccc(O*)cc2)cc1,tg,41.0,39.306060791015625,46.80741875556115,40.23495242594024,41.1335531049612
*CCOCCOc1ccc(C=C(C)c2ccc(O*)cc2)cc1,tg,39.0,60.31990051269531,36.05269363404644,43.49710598448779,50.132857604587215
*CCOCCOc1ccc(NC=Nc2ccc(O*)cc2)cc1,egc,3.9725,3.890772819519043,3.8660958471447753,3.996731017800964,3.914038192356463
*CCOCCOc1ccc(NC=Nc2ccc(O*)cc2)cc1,tg,62.0,60.66294860839844,74.2741330575554,57.41764517599961,62.453414709983434
*CCOCCOc1cccc(NC(=O)c2ccc(C(=O)Nc3cccc(O*)c3)cc2)c1,tg,140.0,123.16808319091795,141.60925888948242,130.20383974928558,129.1310107505518
*CCOCCOc1cccc(NC(=O)c2cccc(C(=O)Nc3cccc(O*)c3)c2)c1,tg,128.5,138.03854370117188,130.01513571755876,133.5743671177024,135.0101020481802
*CCOCO*,egc,6.6358,6.465062141418457,6.404123401955143,6.263451960251351,6.396588110803267
*CCON*,egc,5.6784,5.702300071716309,5.690195540024149,5.610327678174565,5.674584226486339
*CCON*,ei,4.8207,6.66532039642334,6.637604258963973,6.567841438522667,6.631536402614155
*CCON*,nc,1.7034,1.7073643207550049,1.7049469538862847,1.691877810357157,1.7052180334127947
*CCOP(=O)(N=Nc1ccc(CCOC(=O)c2cc(C(=O)OCCc3ccc(N=NP(=O)(O*)OC)cc3)cc(C(C)(C)C)c2)cc1)OC,tg,84.0,57.497413635253906,82.48927570203571,71.96651814180973,67.10503740999131
*CCOP(=O)(N=Nc1ccc(COC(=O)c2cc(C(=O)OCc3ccc(N=NP(=O)(O*)OC)cc3)cc(C(C)(C)C)c2)cc1)OC,tg,105.0,64.89745330810547,78.86664183589953,69.8847377672983,69.30846739035978
*CCOP(=O)(N=Nc1ccc(Oc2ccc(N=NP(=O)(O*)OCC)cc2)cc1)OCC,tg,22.0,32.099517822265625,49.71002324952133,43.18904683613694,39.146079936918916
*CCOc1ccc(C(=O)OC(=O)c2ccc(C(=O)OC(=O)c3ccc(O*)c(OC)c3)cc2)cc1OC,egc,3.2659,4.119996547698975,3.9275409635499914,3.897592627260204,4.016363825132814
*CCOc1ccc(C(=O)OC(=O)c2ccc(O*)cc2)cc1,egc,4.4185,4.197587013244629,4.380525320314494,4.360873808756899,4.283015143157232
*CCOc1ccc(C(=O)OCCCCCCOC(=O)c2ccc(O*)cc2)cc1,egc,4.6906,4.364884376525879,4.4959666208016635,4.530412249373581,4.439287501151225
*CCOc1ccc(C2(c3ccc(OCCO[Si](O*)(c4ccccc4)c4ccccc4)cc3)c3ccccc3-c3ccccc32)cc1,tg,97.0,91.386474609375,124.2484704386506,106.20603668165155,102.71834488029495
*CCOc1ccc(C=C2CCC(=Cc3ccc(OCCOP(=O)(O*)OC)c(OC)c3)C2=O)cc1OC,tg,99.0,89.1194839477539,80.47202382536003,79.68054948583473,84.42379833774973
*CCOc1ccc(C=C2CCC(=Cc3ccc(OCCOP(=O)(O*)OCC)c(OC)c3)C2=O)cc1OC,tg,80.0,88.05903625488281,92.62455681700531,90.2488872126424,89.67389372079768
*CCOc1ccc(S(=O)(=O)c2ccc(OCCOP(=O)(O*)Oc3ccc(Br)cc3)cc2)cc1,tg,59.0,64.58686828613281,48.013287447579685,43.17859880028165,54.56072543119584
*CCOc1ccc(S(=O)(=O)c2ccc(OCCOP(=O)(O*)Oc3ccc(C)cc3)cc2)cc1,tg,46.0,45.69811248779297,65.01893300245617,64.76065137503417,55.56255626450188
*CCOc1ccc(S(=O)(=O)c2ccc(OCCOP(=O)(O*)Oc3ccc([N+](=O)[O-])cc3)cc2)cc1,tg,56.0,74.88513946533203,60.47272305666506,61.0879111569236,67.65745432178042
*CCOc1ccc(S(=O)(=O)c2ccc(OCCOP(=O)(O*)Oc3ccccc3)cc2)cc1,tg,49.0,55.903526306152344,46.936606382815334,33.96636976836456,47.275479481253186
*CCS*,tg,-5.5,-90.83193969726562,-40.184253375630135,-52.84749415849163,-68.6815964434939
*CCSCCO*,egc,5.5968,5.134882926940918,5.458484007537431,5.294601091724945,5.250899455093266
*CCSCCOC(=O)CCC(=O)O*,tg,-34.0,-14.780364990234377,-47.85020138330344,-51.3703435445087,-32.89036545547572
*CCSCc1ccc(Cc2ccc(CSCCOC(=O)CCSCc3ccc(Cc4ccc(CSCCC(=O)O*)cc4)cc3)cc2)cc1,tg,-4.6,-3.633010864257813,31.346149617847285,25.95530805637219,12.702779313427031
*CCSCc1ccc(Cc2ccc(CSCCOC(=O)CSCc3ccc(Cc4ccc(CSCC(=O)O*)cc4)cc3)cc2)cc1,tg,-1.25,27.498374938964844,31.844628454835263,20.637514830592977,26.268052854903775
*CCSS*,tg,-27.0,-75.72921752929688,-54.685661657294624,-40.751540325230735,-60.58716007892722
*CCSSCCO*,egc,5.6114,4.965429306030273,4.925012244269809,5.033418329660219,4.974842446098895
*CCSSSSCCO*,egc,4.5753,4.70573616027832,5.188071431957736,5.263686044980515,4.965613723028589
*CCSSSSCCO*,tg,-40.0,-77.02703857421875,-57.38352467346063,-52.633229152600336,-65.44692294647443
*CC[CH2][Sn]([CH3])([CH3])[CH2]CCOC(=O)C(CCCCCCOc1ccc(-c2ccc(OCc3ccc([N+](=O)[O-])cc3)cc2)cc1)C(=O)O*,tg,40.5,11.946975708007812,25.48500737114976,26.073065960447774,19.09688584187556
*CCc1c(C)c(C)c(*)c(C)c1C,egc,4.9544,4.748206615447998,4.986322084803588,4.831952167001054,4.824392962353663
*CCc1cc(C)c(*)cc1C,tg,95.0,98.42257690429688,90.5094278374188,98.9197252354461,96.95173617510596
*CCc1cc(Cl)c(*)c(Cl)c1,egc,5.1758,4.732184886932373,4.846342446774449,4.82321032699265,4.782539461371172
*CCc1cc(Cl)c(*)c(Cl)c1,tg,110.0,88.77519226074219,116.97048139497514,116.29065926037498,103.07687244772498
*CCc1ccc(*)c(C#N)c1,egc,4.7476,4.690854549407959,4.238267521609557,4.0594861698078795,4.4176943910077435
*CCc1ccc(*)c(C#N)c1,tg,90.0,101.2201690673828,123.0199429403857,128.86831426887932,114.24983255444559
*CCc1ccc(*)c(C)c1,tg,54.38,60.16643524169922,75.98679119976286,82.20697601410947,70.23354901216256
*CCc1ccc(*)c(CCCC)c1,tg,20.0,-7.938323974609375,20.487407446517196,48.3607033492617,15.31589410393143
*CCc1ccc(*)c(Cl)c1,tg,63.69,67.5739517211914,79.36975463522754,88.33574801572176,76.4191576890658
*CCc1ccc(*)c(Cl)c1Cl,egc,5.1237,4.87761926651001,4.678516623642709,4.5375878180792375,4.740521478623617
*CCc1ccc(*)c2ccccc12,tg,160.0,134.04689025878906,140.3782254515676,160.2861749153472,143.46484174838605
*CCc1ccc(*)o1,egc,4.9056,5.1607818603515625,4.438822158828429,4.216297390736015,4.742074653609218
*CCc1ccc(-c2ccc(*)cc2)cc1,egb,3.7492,3.6070070266723633,3.468781292383715,3.47560647662037,3.5749426211671227
*CCc1ccc(-c2ccc(*)cc2)cc1,ei,5.6867,5.900979042053223,5.810676484242245,5.792267605337546,5.855147563368215
*CCc1ccc(-c2ccc(*)cc2)cc1,eps,3.58,3.477715492248535,3.5635304469595814,3.4779912631781427,3.5247475763132012
*CCc1ccc(-c2ccc(*)s2)cc1,eea,1.6982,1.718606948852539,1.727503969494534,1.6521392855338513,1.7110643382334245
*CCc1ccc(-c2ccc(*)s2)cc1,egb,2.9495,3.1670656204223633,3.330556878865327,3.154796060515042,3.20499090281826
*CCc1ccc(-c2ccc(*)s2)cc1,nc,1.9106,1.9247556924819944,1.9157562366807124,1.899891972042816,1.919967653013071
*CCc1ccc(-c2ccc(*)s2)s1,eea,1.9411,1.7832584381103516,1.7910965474649343,1.992458260507067,1.8123016216343353
*CCc1ccc(-c2ccc(*)s2)s1,egb,2.7315,2.8500289916992188,2.8066854478425034,2.975827399386126,2.839974532785268
*CCc1ccc(-c2ccc(*)s2)s1,ei,5.1709,5.249486446380615,5.34583557055028,5.311365856969896,5.281745432691478
*CCc1ccc(C(*)=S)cc1,egb,2.7697,2.689920425415039,2.4754566877112536,2.739830418926805,2.6401709899188703
*CCc1ccc(C(*)=S)cc1,egc,2.742,2.986145496368408,3.120787530576977,3.076891311790155,3.0410198619068685
*CCc1ccc(C(*)=S)cc1,ei,5.8549,5.882978439331055,5.945387740275749,5.9196791428821065,5.90283408145616
*CCc1ccc(C(*)=S)cc1,nc,1.9173,1.9453240633010864,1.9174873821600376,1.9264460845673947,1.9361810032961273
*CCc1ccc(C(*)=S)s1,eea,3.3272,2.9538111686706543,2.95774884892865,2.88459660158081,2.945168559660236
*CCc1ccc(C(*)=S)s1,egb,2.295,2.429115295410156,2.2254087044780286,2.2166219868161594,2.3818612094083553
*CCc1ccc(C(*)=S)s1,eps,4.38,4.793297290802002,4.624859400304749,4.720214847270766,4.700982553210908
*CCc1ccc(C(*)=S)s1,nc,2.0043,2.0465755462646484,2.001990860304468,2.0066727668432893,2.0309874922054028
*CCc1ccc(CCNC(=O)CCCCCCCCCC(=O)N*)cc1,tg,96.0,69.59994506835938,84.60143216071931,78.13791845667433,75.32143356875294
*CCc1ccc(CCNC(=O)CCCCCCCCCCCCC(=O)N*)cc1,tg,93.0,75.26809692382812,82.54306568463456,76.35015298624248,77.09649609541626
*CCc1ccc(CCNC(=O)CCCCCCCCCCCCCCCCC(=O)N*)cc1,tg,75.0,68.46771240234375,76.26156464677317,76.83598389567453,72.65689553163193
*CCc1ccc(Cc2ccc(CCS*)cc2)cc1,egb,4.3552,4.446455955505371,3.868545446849823,3.911575392198807,4.312397294210251
*CCc1ccc(Cc2ccc(CCS*)cc2)cc1,egc,4.9003,4.46652889251709,4.311440830343095,4.430807528597807,4.422024215872111
*CCc1ccc(O*)cc1,eea,0.7536,0.9251277446746826,0.9035900116782896,1.0482377095798965,0.938349401302341
*CCc1ccc(O*)cc1,egb,4.052,4.599609375,4.595404595336095,4.692144321395067,4.59863398672735
*CCc1ccc(O*)cc1,egc,4.9179,4.9257330894470215,4.719646666114883,4.854958047775293,4.860258298360933
*CCc1ccc(O*)cc1,eps,3.46,3.593010425567627,3.754786954579003,3.7500064412526832,3.6816743109914754
*CCc1ccc(O*)cc1,nc,1.7865,1.7989721298217771,1.749082125239162,1.739784030450206,1.780109509516287
*CCc1ccc(O*)s1,eea,0.6627,1.1738146543502808,1.0555326151739728,1.098641385579502,1.1462919437797459
*CCc1ccc(O*)s1,egb,4.1608,4.1079421043396,3.9831119078053088,3.986327554863243,4.078985079357436
*CCc1ccc(O*)s1,egc,4.8828,4.714773178100586,4.428573196173373,4.398594598714136,4.564618382586981
*CCc1cnc(*)cn1,egc,4.5671,5.112886905670166,4.581693306810701,4.722246813797147,4.887526221855274
*CCc1nc(-c2ccc(-c3csc(*)n3)cc2)cs1,egc,3.7563,3.757379531860352,3.724087098540987,3.821876627090704,3.767441936341197
*CCc1nnc(*)n1N,egc,5.722,4.863448619842529,4.917347750604074,5.205287228670062,4.968460464392241
*CN1C(=O)c2ccc(C(c3ccc4c(c3)C(=O)N(Cc3nc5cc(-c6ccc7oc(*)nc7c6)ccc5o3)C4=O)(C(F)(F)F)C(F)(F)F)cc2C1=O,tg,231.0,222.9332733154297,259.5758517381177,252.10150682479252,239.48061193348565
*CN1C(=O)c2ccc(C(c3ccc4c(c3)C(=O)N(Cc3nc5cc(C(c6ccc7oc(*)nc7c6)(C(F)(F)F)C(F)(F)F)ccc5o3)C4=O)(C(F)(F)F)C(F)(F)F)cc2C1=O,tg,225.0,179.05116271972656,221.03666055284577,208.01605191546943,196.63254612500054
*CN1C(=O)c2ccc(C(c3ccc4c(c3)C(=O)N(Cc3nc5ccc(Cc6ccc7nc(*)oc(=O)c7c6)cc5c(=O)o3)C4=O)(C(F)(F)F)C(F)(F)F)cc2C1=O,tg,218.0,218.33843994140625,230.4549679532819,218.03189162068023,220.73124680151835
*CN1C(=O)c2ccc(C(c3ccc4c(c3)C(=O)N(Cc3nnc(-c5ccc(-c6nnc(*)o6)c(Oc6ccccc6)c5)o3)C4=O)(C(F)(F)F)C(F)(F)F)cc2C1=O,tg,208.0,178.4794921875,216.34255838190532,211.55207965950933,196.48536136505277
*CN1C(=O)c2ccc(C(c3ccc4c(c3)C(=O)N(Cc3nnc(-c5ccc(Oc6ccc(-c7nnc(*)o7)cc6)cc5)o3)C4=O)(C(F)(F)F)C(F)(F)F)cc2C1=O,tg,210.0,196.02740478515625,225.7156972147755,216.23945677266056,208.3760408798277
*CNC(=O)C(*)=S,eea,4.0732,3.3867297172546387,3.512664714257409,3.3637180511496068,3.402298268903642
*CNC(=O)C(*)=S,ei,7.0203,6.345789909362793,6.464269276781079,6.375349399769874,6.371147717777921
*CNC(=O)C(*)=S,eps,5.23,5.38240385055542,5.02111054035747,4.875286857816151,5.184392007579475
*CNC(=O)C(*)=S,nc,1.9972,2.0004732608795166,2.0024421107027908,2.0617304603724698,2.0069718484709056
*CNC(=O)CCCC(=O)N*,egc,6.1798,5.819123268127441,5.867205382536637,5.886122324139219,5.848122567433958
*CNC(=O)CCCCC(=O)NCC1COC(*)CO1,tg,93.0,67.37432861328125,70.9641649202644,71.07697796924933,69.25690639480061
*CNC(=O)CCCCCC(=O)N*,egc,5.7012,5.743960380554199,5.8661684020627165,5.937844070021385,5.824080264659121
*CNC(=O)CCCCCCCCC(=O)N*,egc,6.1742,5.858395576477051,5.889505695702049,5.924865514085038,5.8834432935702345
*CNC(=O)CCCCCCCCC(=O)NCC1COC(*)CO1,tg,73.0,58.61656188964844,76.58415093732754,78.26991721906303,68.38596348014971
*CNC(=O)NCOCO*,eea,0.7808,0.7430307865142822,0.7746782775818163,0.7540549258255094,0.749183293679322
*CNC(=O)NCOCO*,egc,6.2147,5.840122222900391,6.068192324778925,6.007352477169144,5.936747826959948
*CNC(=O)NCOCO*,eps,4.22,3.614423274993897,3.822276411721185,3.774389088790788,3.7283400885910036
*CNC(=O)NCOCO*,nc,1.6883,1.6666374206542969,1.7725797717088103,1.774707837706262,1.7049721273196548
*CNC(=O)OCC(OC(=O)NCc1ccc(*)o1)c1ccco1,tg,30.0,55.51629638671875,48.499840910727755,57.84868952323828,54.79735486719592
*CNC(=O)OCC(OC(=O)NCc1ccc(C(CCC)c2ccc(*)o2)o1)c1ccco1,tg,43.0,42.37226104736328,64.55622339246288,45.19349680605778,47.79970841467139
*CNC(=O)OCCOC(=O)NCc1ccc(C(C)(C)c2ccc(*)o2)o1,tg,50.0,49.791046142578125,58.31073050880099,90.46755391302776,64.12496061788539
*CNC(=O)OCc1ccc(COCc2ccc(COC(=O)NCc3ccc(C(C)(C)c4ccc(*)o4)o3)o2)o1,egc,4.4843,5.007506847381592,4.05347669960941,4.4441104017039175,4.640321569590002
*CNC(=O)ONC(=O)NO*,egb,5.9707,5.221736907958984,5.434599835450312,5.673319691148327,5.271115001403303
*CNC(=O)ONC(=O)NO*,egc,6.8117,5.638031959533691,5.473768233025821,5.571211200131072,5.583015171176596
*CNC(=O)ONC(=O)NO*,ei,7.4526,7.016293525695801,7.713502325166885,7.2301098891475455,7.177776552479928
*CNC(=O)ONC(=O)NO*,eps,4.65,4.436247825622559,4.088955929963333,4.065751229850245,4.2459096533701715
*CNC(=O)ONC(=O)NO*,nc,1.7609,1.778127670288086,1.8570823492674715,1.848888938856179,1.8057419812360846
*CNC(=O)c1ccc(*)s1,eea,1.968,2.4326577186584473,2.408963338198518,2.253341769737568,2.405251235933456
*CNC(=O)c1ccc(*)s1,ei,6.3237,6.270203113555908,6.503202080029442,6.422772890039479,6.349114833863028
*CNC(=O)c1ccc(*)s1,eps,4.11,4.68865966796875,4.856744044686865,4.731763367334939,4.780780657397482
*CNC(=S)C(*)=O,egb,2.1003,2.5579171180725098,2.334007056402906,2.27792387142404,2.50597640637345
*CNC(=S)C(*)=O,ei,6.3386,6.968414783477783,6.393516615301552,6.433772046417802,6.725058231671037
*CNC(=S)C(*)=O,eps,5.35,5.507267475128174,5.139878258729039,5.221894996736189,5.305914685648559
*CNC(=S)N*,egc,4.2179,3.90717887878418,4.312232656998327,4.079039572049546,4.044770354552009
*CNC(=S)N*,ei,5.6855,5.514915466308594,6.103141763143019,6.156686592092053,5.793048129025972
*CNC(=S)O*,egb,4.2201,4.339748859405518,3.5808660628334867,3.70855338691874,4.163709818300314
*CNC(=S)O*,egc,4.6235,4.654681205749512,4.291164406121203,4.43941615152076,4.5146105040023805
*CNC(=S)O*,ei,6.2178,6.286147594451904,6.521852672861501,6.43948431353977,6.365666726306162
*CNC(=S)c1ccc(*)cc1,egb,3.1832,3.37821364402771,2.7438171941256178,2.510755439025755,3.231051864599087
*CNC(=S)c1ccc(*)cc1,egc,3.4579,3.710758686065674,3.286542319847116,3.3231335662396395,3.5102184415193034
*CNC(=S)c1ccc(*)cc1,ei,5.75,5.978646278381348,5.908139467615297,5.801112166492671,5.914367072237079
*CNC(=S)c1ccc(*)s1,eea,2.3974,2.783869981765747,2.8717956611639512,2.71791411380185,2.788090129756572
*CNC(=S)c1ccc(*)s1,egb,2.7289,2.591482639312744,2.213205799236544,2.4667395400596086,2.503733262860777
*CNC(=S)c1ccc(*)s1,ei,5.8964,5.757760524749756,5.847512461204657,5.811899553255712,5.786733252891027
*CNC(=S)c1ccc(*)s1,eps,4.55,4.907357215881348,5.674007245858825,5.31982354365802,5.32753046866101
*CNCC(*)=O,eea,1.6269,1.4889044761657717,1.8672578919053,1.4522519594640753,1.5400074028063588
*CNCC(*)=O,ei,6.367,6.278940677642822,6.606149486504443,6.706719616837562,6.4554249083956465
*CNCC(*)=S,eea,2.6857,2.604642868041992,2.8075700213545094,2.530760175194698,2.6248242323936535
*CNCC(*)=S,ei,6.0922,5.595150947570801,5.566797715933942,5.657564075648126,5.61045255372502
*CNCCCOCO*,eea,0.6155,0.7198567390441895,0.6478181321216295,0.5949377303176051,0.6925466750636409
*CNCCCOCO*,egb,6.3311,6.11663293838501,6.599241462822887,6.521897433385838,6.228584272971862
*CNCCCOCO*,ei,6.3776,6.422542095184326,6.375593240233348,6.441232321422698,6.421844036272742
*CNCCCOCO*,eps,3.54,3.2430615425109863,3.435294114275579,3.5647088701633303,3.3484172873883478
*CNCCNC(=O)OC*,eea,0.5903,0.8912431001663208,0.653175094964648,0.8053607776070457,0.8445672779991235
*CNCCNC(=O)OC*,egb,6.3647,6.136783599853516,6.262361943073846,6.310599535693527,6.165914173407094
*CNCCNC(=O)OC*,egc,5.81,5.654160022735596,6.233359455241044,6.135636356570795,5.914982366045589
*CNCCNC(=O)OC*,ei,6.3844,6.409886837005615,6.900478208075831,6.904638944223377,6.629400213388384
*CNCCNC(=O)OC*,eps,3.67,3.725238800048828,4.0088627821845755,3.898547253159994,3.8806828833729994
*CNCN*,eea,0.8689,0.3874021768569946,0.7019824370651679,0.6815878857400768,0.4731639987800174
*CNCN*,egb,6.2293,6.147416591644287,6.355535859478982,6.41778291611484,6.195694292114809
*CNCN*,egc,5.1634,5.31988000869751,5.543339935459266,5.60482998094215,5.447470117901601
*CNCN*,ei,6.0806,5.478245735168457,5.500688353803017,5.868665951044203,5.601396578185492
*CNCNC(=O)NC(=O)N*,egb,5.4,5.577550888061523,5.755673518849264,5.6526139382136495,5.618870229156949
*CNCNC(=O)NC(=O)N*,egc,6.2347,5.844666481018066,5.103891458495388,5.2182390615457415,5.508192896750916
*CNCNC(=O)NC(=O)N*,eps,3.92,4.718517780303955,4.459426949234282,4.472426710337462,4.57651943294965
*CNCO*,eea,0.7624,0.8676393032073975,0.8514450190902572,0.783905378264085,0.8540823754912591
*CNCO*,egb,6.9282,6.89377498626709,6.582705572312919,6.54941385290375,6.821615804906003
*CNCO*,ei,6.4057,6.225191593170166,6.467291911001107,6.417450800206864,6.317558973469777
*CNCO*,eps,3.53,3.5761587619781494,3.5494257345421154,3.5893683231587232,3.5615073530493895
*CNCO*,nc,1.6697,1.706658959388733,1.7058041765137268,1.7070253254434844,1.7064705933000275
*CNCc1ccc(*)cc1,egb,4.4323,4.434613227844238,4.150759059099504,4.327934483428269,4.368767202733041
*CNCc1ccc(*)cc1,ei,6.259,6.033292770385742,6.063549489034847,5.9319041781301145,6.006266031056667
*CNCc1ccc(*)s1,eea,1.1612,1.338606357574463,1.0817351822427226,1.2087015995251515,1.283280516007231
*CNCc1ccc(*)s1,egb,4.1265,3.929525852203369,4.045851352291945,3.6328816975651694,3.9565100315577793
*CNCc1ccc(*)s1,eps,3.53,3.618426322937012,3.748409852281908,3.9617683953156786,3.6896656110046457
*CNOC(*)=S,eea,2.5,2.717226982116699,2.2201101499720712,2.394852882537936,2.6006965641262147
*CNOC(*)=S,egb,3.5947,3.5837512016296387,3.5782400898783244,3.469179678315548,3.582472781783376
*CNOC(*)=S,eps,3.89,4.426289081573486,4.416372780095437,4.543195373779202,4.4208543140985554
*CNON*,eea,0.9652,0.6105400323867798,0.8043466952064028,0.7962707013763595,0.6639744677459585
*CNON*,egb,4.8889,5.841800689697266,6.343951022204472,6.743821700340773,5.958285163221416
*CNON*,egc,5.3302,5.465115070343018,5.818088636034364,5.84090486843893,5.64645451682118
*CNON*,eps,3.62,3.4517054557800293,3.813845513688873,3.828938972483865,3.650181370661092
*CNON*,nc,1.7453,1.6740680932998655,1.7062633643610732,1.7349515345414406,1.6884562868928186
*CNOc1ccc(*)cc1,egb,4.1647,4.423863887786865,4.294007204524857,4.248014815717279,4.393740862062989
*CNOc1ccc(*)cc1,egc,4.831,4.719345569610596,4.439813861591382,4.4963474392573834,4.596015342574099
*CNOc1ccc(*)cc1,eps,3.65,3.813082218170166,3.9124608268167025,3.963035236408035,3.86754805214784
*CNOc1ccc(*)cc1,nc,1.8294,1.8201340436935425,1.7793617001955295,1.784234786696787,1.8059366584084917
*CNOc1ccc(*)s1,egc,4.5017,4.2197184562683105,3.96852080803607,4.226736885542567,4.165268710686369
*CNOc1ccc(*)s1,ei,5.578,5.455267429351807,5.647186012385405,5.736806082576385,5.56820182632311
*CNOc1ccc(*)s1,nc,1.8539,1.8315975666046145,1.870081587057317,1.8862387114386905,1.8470252086478531
*CNc1ccc(-c2ccc(*)cc2)s1,egb,3.3441,3.286893844604492,3.0159457078102085,2.713990338413632,3.224041648710788
*CNc1ccc(-c2ccc(*)cc2)s1,eps,4.18,4.309992790222168,4.552048153037388,4.5678458520198655,4.442654611353017
*CNc1ccc(-c2ccc(*)cc2)s1,nc,1.9424,1.9601871967315672,1.9473486728448497,1.9687410736937137,1.9576559835166158
*CNc1ccc(-c2ccc(*)s2)cc1,ei,5.0179,4.916319847106934,5.3498311825297105,5.24571725428751,5.077143146942613
*CNc1ccc(-c2ccc(*)s2)cc1,eps,4.42,4.3594279289245605,4.471811708812134,4.488419819518522,4.421021428577098
*CNc1ccc(C(*)=O)cc1,egc,3.6383,4.2305731773376465,4.073365896853994,3.9671369938993126,4.123695120264899
*CNc1ccc(C(*)=O)cc1,eps,4.8,4.379246711730957,4.485719253722515,4.424598747790637,4.437600474922783
*CNc1ccc(C(*)=O)cc1,nc,1.9491,1.883259415626526,1.917457829639003,1.9318238792174265,1.8969698252228264
*CNc1ccc(C(*)=O)s1,egb,2.5818,3.152891159057617,2.807596152939433,2.775559225975206,3.0727926220370967
*CNc1ccc(C(*)=O)s1,egc,3.1504,3.881053924560547,3.874957906810795,3.759910994422391,3.8467569241433215
*CNc1ccc(C(*)=O)s1,ei,5.431,6.043563365936279,5.630360884763883,5.767711437653986,5.901995782969822
*CNc1ccc(C(*)=O)s1,eps,5.29,5.060770034790039,4.815192735904321,4.833065420011061,4.926177967423021
*CNc1ccc(C(*)=O)s1,nc,2.0195,1.98919939994812,2.045389667006844,2.038044762382584,2.0087040434520964
*CNc1ccc(C(*)=S)s1,egb,1.6806,2.1766018867492676,2.0938053787431756,2.079002023315496,2.1573954718165655
*CNc1ccc(C(*)=S)s1,ei,5.3497,5.349647045135498,5.366124186189627,5.3088653018468275,5.33936735980501
*CNc1ccc(C(*)=S)s1,eps,6.19,5.044198513031006,6.027825951576549,5.860832486044823,5.583289263981801
*CNc1ccc(C(*)=S)s1,nc,2.251,2.065886974334717,2.297017771228433,2.230247872645115,2.142546415911562
*CNc1ccc(N*)cc1,eea,0.54,0.4508547782897949,0.734142810002952,0.7885841717813487,0.5377897662669525
*CNc1ccc(N*)cc1,eps,4.2,4.153595924377441,4.18636175641808,4.2050980558303745,4.171553696098851
*CNc1ccc(N*)cc1,nc,1.8632,1.865828275680542,1.862058297348388,1.86034982528091,1.8643046760626094
*CNc1ccc(N*)s1,eea,0.5629,0.5519000291824341,1.0937827884249187,1.1217828320672951,0.7080441743445247
*CNc1ccc(N*)s1,egc,4.2825,3.324800491333008,3.811970728892716,3.716713163780208,3.5406302186879737
*CNc1ccc(N*)s1,ei,4.8739,4.0977983474731445,4.811299039908915,5.0746570706123055,4.49618361679235
*CNc1ccc(N*)s1,eps,4.18,4.435042381286621,4.303370351026693,4.355515326065065,4.362877686717912
*CNc1ccc(N*)s1,nc,1.8551,1.9004876613616943,1.9181821910621404,1.91485610504313,1.906530805284528
*CNc1ccc(O*)cc1,eea,0.7695,0.8027360439300537,0.7812656333735137,0.7020955481710727,0.7861449613945112
*CNc1ccc(O*)cc1,egb,3.7495,4.173702239990234,4.153048953318348,4.414292515260123,4.168911269898657
*CNc1ccc(O*)cc1,egc,4.3424,4.502297878265381,4.056857387876906,4.3124875196663375,4.350766315903326
*CNc1ccc(O*)cc1,ei,5.1109,5.471615791320801,5.455848326399941,5.567863482150759,5.499050863575434
*CNc1ccc(O*)cc1,nc,1.8414,1.849301815032959,1.854911534571373,1.8193912818700833,1.847851792713131
*CNc1ccc(O*)s1,eea,0.8203,0.906032919883728,1.1263637735377272,1.209302575684048,0.9790586132269892
*CNc1ccc(O*)s1,eps,4.2,4.078678131103516,4.016643668682149,4.1420407540435225,4.044679277857806
*CO*,eea,0.9897,0.7500373125076294,0.7863676962445251,0.608407688718076,0.7365362476192279
*CO*,egb,8.7732,7.233278274536133,7.031678043995024,6.778054704908705,7.18651280372647
*CO*,egc,6.6048,6.253666400909424,6.232064682160126,6.263865467329909,6.251592273766565
*CO*,eps,3.72,3.830865859985352,3.61068597725952,3.5177749620647663,3.7101932011396004
*CO*,tg,-53.97,-8.990676879882812,-14.921970117134167,-20.207873246594005,-13.678874360677145
*COC(=O)NCCCCCCNC(=O)OCc1ccc(*)o1,tg,33.0,32.86024475097656,29.30766512001642,25.452512437501923,29.839015983925066
*COC(=O)NCCCCCCNC(=O)OCc1cccc(*)n1,egc,5.1146,5.585103511810303,4.964687211156396,5.064180574791244,5.304311489057665
*COC(=O)Nc1ccc(Cc2ccc(NC(=O)OCc3cocc3*)cc2)cc1,tg,45.0,77.51602935791016,110.2701470298009,108.09375635645638,93.70110406437742
*COC(=O)O*,eea,0.7529,1.2788349390029907,1.0483082530581422,0.871791147111276,1.1904688895404514
*COC(=O)O*,eps,3.73,3.746376037597656,4.076480418870078,3.8328379473563623,3.9272943526209083
*COC(=O)OC1C(*)OC2OC(C)(C)OC21,tg,128.0,173.0833740234375,134.88654451281187,135.86632753250797,153.72674288960516
*COC(=O)OCC1OC(C)(C)OC1*,tg,51.38,76.94638061523438,83.6489168017396,55.64342167166524,71.73164700586757
*COC(=O)OCC1OC(OCC)OC1*,tg,51.38,23.298324584960938,50.56789440142782,35.171133773107485,32.57032834503095
*COC(=O)c1ccc(C(C#N)=C(c2ccc(OC)cc2)N2CCCC(*)C2)cc1,tg,171.5,137.33740234375,187.05189863474536,169.04022233696006,157.35270609466298
*COC(=S)O*,eea,2.0771,2.0395469665527344,2.3677329323755227,2.479015386342639,2.146686225485968
*COC(=S)O*,egc,4.8041,5.02292013168335,3.916582352275691,4.371519967299218,4.59764248143452
*COC(=S)O*,ei,6.8707,6.704531192779541,6.711578300105718,6.67405122838917,6.696124972541352
*COC(=S)O*,eps,4.34,4.139605522155762,4.101603931092956,4.126904654567486,4.118778219601387
*COC(=S)O*,nc,1.8467,1.838950276374817,1.8437722269634176,1.848676327596802,1.8411645446106366
*COC1CC2CC(O*)C1C2,egc,5.9517,5.96752405166626,5.9897564224542945,6.209605399346272,6.038315063335737
*COC1CCC(*)OC1,egc,5.6324,6.322573661804199,6.020344956055355,5.993865740649939,6.165416985921165
*COC1CCC(O*)CC1,egc,6.3134,5.925785541534424,5.931485797311199,6.0136714116785175,5.950953746462432
*COCOCCCO*,eea,0.6927,0.7154724597930908,0.6186479123645859,0.6607185841004564,0.6938466068956981
*COCOCCCO*,egb,7.1737,6.5387420654296875,6.818406348660816,6.717483571638159,6.6036161572838825
*COCOCCCO*,ei,7.1508,6.7982892990112305,6.645542930849812,6.585985112054724,6.71202551850174
*COCOCCCO*,eps,3.51,3.223829746246338,3.5054058854337327,3.3908812827425505,3.3781514806509945
*COCOc1ccc(C(=O)OC(=O)c2ccc(O*)cc2)cc1,egc,4.4493,4.526971817016602,4.4186253964163695,4.550619604830272,4.509091720888134
*COCOc1ccc(C(=O)OC(=O)c2ccc(O*)cc2)cc1,tg,57.0,79.19144439697266,82.01594651114254,84.88328681386892,81.53231929652618
*CONC(*)=O,eea,1.2523,1.3101937770843506,1.2349313446317074,1.1877023909479831,1.2827302231770825
*CONC(*)=O,egc,6.1048,5.5676984786987305,5.820973631097744,5.563548735765475,5.62339409561006
*CONC(*)=O,eps,4.13,3.93033766746521,3.900972531083295,3.895989942957988,3.9142436944795573
*CONC(*)=O,nc,1.7438,1.7322958707809448,1.7796700539714545,1.8009262322748767,1.7514209015585156
*COc1ccc(-c2ccc(*)cc2)s1,eea,1.6377,1.5438238382339478,1.4990815658330705,1.530473765130954,1.5354235714062388
*COc1ccc(-c2ccc(*)cc2)s1,egb,3.0939,3.286958932876587,3.141740204550173,3.085388402404941,3.253272353340754
*COc1ccc(C(=C(Cl)Cl)c2ccc(O*)cc2)cc1,egc,4.1966,3.9669671058654785,3.650079688795511,3.6229341630798872,3.802355991503834
*COc1ccc(C(=O)OC(=O)c2ccc(O*)cc2)cc1,egc,4.3746,4.1057820320129395,4.407668571949657,4.403686378258846,4.254488848479016
*COc1ccc(C(C)(C)c2ccc(Oc3ccc(*)n3-c3ccc(C#N)cc3)cc2)cc1,tg,73.13,90.01719665527344,107.11698652063798,116.50925546344524,101.72422804775825
*COc1ccc(C(C)(C)c2ccc(Oc3ccc(*)n3-c3ccc([N+](=O)[O-])cc3)cc2)cc1,tg,76.75,89.78797912597656,101.15426438926742,119.76826101666656,101.39706949501063
*COc1ccc(C(c2ccc(O*)cc2)(C(F)(F)F)C(F)(F)F)cc1,tg,123.0,103.89183044433594,106.3282895219547,115.2503786389016,107.90623456479524
*COc1ccc(O*)cc1,eea,0.9466,0.7279448509216309,0.764064836270699,0.8313138327775416,0.7470674235516984
*COc1ccc(O*)cc1,egb,4.685,4.181159019470215,4.639531134444231,4.753845741835578,4.287488202255598
*COc1ccc(O*)cc1,ei,5.8209,5.6873908042907715,6.015679243289487,5.97131311553665,5.819781725612585
*COc1ccc(O*)cc1,eps,3.8,3.755263090133667,3.889859814965401,3.8683597525838014,3.829030704396592
*COc1ccc(O*)cc1,nc,1.7891,1.8545241355895996,1.8097448711923072,1.78091935468334,1.835593759947494
*COc1ccc(O*)s1,eea,0.8857,0.8340890407562256,1.1344085506251234,1.0386380434599167,0.9057933010265116
*COc1ccc(O*)s1,egc,4.8466,4.600715637207031,4.075343097776563,4.337688968451688,4.411349088521482
*COc1ccc(O*)s1,ei,5.7358,5.492893695831299,5.7411660736946635,5.9881517095719135,5.67929248257427
*COc1ccc(O*)s1,eps,3.85,3.830224514007568,4.0735658112867394,4.063538147048215,3.9635911094754057
*CS(=O)(=O)C1CC(*)C[N+](C)(C)C1,egc,0.1093,2.8859596252441406,3.77782016555542,3.7878548921615502,3.3312082893119443
*CS*,egc,5.3464,4.523314952850342,4.472595265576096,4.4287001008638915,4.4862173163113255
*C[Si](*)(C)C,tg,-91.17,-60.84394836425781,-0.3898819573766861,-17.96607539568396,-35.16629670773198
*C[Si](*)(C)CCCCCC,tg,-77.6,-54.55650329589844,-64.48525593527148,-46.516361436187395,-54.10747297865756
*C[Si](*)(C)CCCOCCOCCOC,tg,-73.3,-75.89894104003906,-69.39752555958398,-58.46357434768947,-69.16987777559106
*C[Si](*)(C)CCCn1c2ccccc2c2ccccc21,tg,71.2,83.90936279296875,59.17468505815454,77.88939628465816,76.96858519627597
*C[Si](*)(C)c1ccccc1,tg,28.0,23.454818725585938,26.92540914279686,33.06330084076639,27.14009506310288
*C[Si](*)(CCC)CCC,tg,-41.0,-40.93489074707031,-38.43338719964012,-25.325862198200895,-35.59209393098807
*C[Si](*)(CCCC)CCCC,tg,-30.0,-46.958221435546875,-53.15517601363306,-54.46360337249999,-50.552579149596596
*C[Si](*)(CCCCC)CCCCC,tg,-55.0,-48.507476806640625,-47.82002819282675,-67.59718683383224,-54.27242227759599
*C[Si](C)(C)[Si](C)(C)[Si](C)(C)[Si](*)(C)C,tg,-68.0,-70.79969787597656,6.712039131193497,-9.799854687823029,-36.01324915433711
*Cc1c(C)c(C)c(CNC(=O)CCCC(=O)N*)c(C)c1C,egc,5.2131,5.043661594390869,5.125426159526676,4.901079506963309,5.023248939577906
*Cc1c(C)c(C)c(CNC(=O)CCCC(=O)N*)c(C)c1C,tg,192.0,189.99673461914065,159.56331045256798,173.53169642540172,178.65438824241323
*Cc1c(O)c(C(C)=O)cc(CNC(=S)N*)c1OC,egc,3.7679,3.570319652557373,3.630856521572618,3.331238738061682,3.5189139380155146
*Cc1cc(C)c(CNC(=O)c2ccc(C(=O)N*)cc2)cc1C,tg,225.0,221.88714599609375,203.13102764848455,188.27849780045935,207.63828131317052
*Cc1cc(C23CC4CC(CC(C4)C2)C3)cc(CN(*)C)c1O,egc,4.5466,4.574713230133057,3.9753436777261473,3.6043184589711905,4.176466773459337
*Cc1cc(C23CC4CC(CC(C4)C2)C3)cc(CN(*)C)c1O,tg,188.8,65.529541015625,155.37151794602326,139.15341672168964,106.75321235114204
*Cc1cc(C23CC4CC(CC(C4)C2)C3)cc(CN(*)c2ccccc2)c1O,tg,109.4,201.14495849609375,212.18097972603897,197.0648845738492,202.1484507833677
*Cc1cc(CNC(=O)CCCCC(=O)N*)cc(C(C)(C)C)c1,tg,109.0,95.11256408691406,111.18899248009984,125.10622051222062,107.69283346640375
*Cc1cc(CNC(=O)c2cccc(C(=O)N*)c2)cc(C(C)(C)C)c1,tg,188.0,152.65293884277344,182.73051340690023,174.44308738668806,165.56973930061147
*Cc1cc(COC(=O)Nc2ccc(Cc3ccc(NC(=O)O*)cc3)cc2)cc(C(C)(C)C)c1,egc,4.7039,4.430251598358154,4.492878176779019,4.604359843293166,4.4916286701641495
*Cc1cc(COC(=O)Nc2ccc(Cc3ccc(NC(=O)O*)cc3)cc2)cc(C(C)(C)C)c1,tg,114.0,88.48458862304688,112.3290465556094,120.73190548916055,103.35696544673522
*Cc1cc2cc(C(=O)Nc3ccc(C(c4ccc(NC(=O)c5cc6cc(*)c(OC(=O)COc7ccc8ccc(=O)oc8c7)cc6oc5=O)cc4)(C(F)(F)F)C(F)(F)F)cc3)c(=O)oc2cc1OC(=O)COc1ccc2ccc(=O)oc2c1,tg,257.0,232.10641479492188,241.81982589975135,232.2627726809138,234.1490535107602
*Cc1cc2cc(C(=O)Nc3ccc(Cc4ccc(NC(=O)c5cc6cc(*)c(OC(=O)COc7ccc8ccc(=O)oc8c7)cc6oc5=O)cc4)cc3)c(=O)oc2cc1OC(=O)COc1ccc2ccc(=O)oc2c1,tg,221.0,227.40426635742188,208.06504437112216,242.7857907528818,228.19254968083675
*Cc1cc2cc(C(=O)Nc3ccc(NC(=O)c4cc5cc(*)c(OC(=O)COc6ccc7ccc(=O)oc7c6)cc5oc4=O)cc3)c(=O)oc2cc1OC(=O)COc1ccc2ccc(=O)oc2c1,tg,252.0,246.51803588867188,242.4290231259672,232.36895432413175,241.30099391495702
*Cc1cc2cc(C(=O)Nc3ccc(Oc4ccc(NC(=O)c5cc6cc(*)c(OC(=O)COc7ccc8ccc(=O)oc8c7)cc6oc5=O)cc4)cc3)c(=O)oc2cc1OC(=O)COc1ccc2ccc(=O)oc2c1,tg,226.0,242.12503051757812,250.0129828785968,254.44962751653395,247.55756442534982
*Cc1cc2cc(C(=O)Nc3cccc(NC(=O)c4cc5cc(*)c(OC(=O)COc6ccc7ccc(=O)oc7c6)cc5oc4=O)c3)c(=O)oc2cc1OC(=O)COc1ccc2ccc(=O)oc2c1,tg,240.0,244.3858184814453,250.66519460407167,231.6505353195104,241.73492321686157
*Cc1ccc(-c2ccc(-c3ccc(*)cc3)cc2)cc1,eps,3.67,3.582329750061035,3.744155217991492,3.778074128632838,3.6710204571427636
*Cc1ccc(-c2ccc(-c3ccc(*)cc3)s2)cc1,eea,1.8331,2.0858681201934814,2.056295796480833,1.8832207967772223,2.0544820932486667
*Cc1ccc(-c2ccc(-c3ccc(*)cc3)s2)cc1,egb,2.7314,2.689222812652588,2.570840304355922,2.62521827946915,2.6617614663968676
*Cc1ccc(-c2ccc(-c3ccc(*)cc3)s2)cc1,egc,3.4745,3.3809726238250732,3.5416467318322304,3.594024037571839,3.4749327874333864
*Cc1ccc(-c2ccc(-c3ccc(*)cc3)s2)cc1,ei,5.3092,5.371708869934082,5.184473399996768,5.385546380637315,5.350257187457581
*Cc1ccc(-c2ccc(-c3ccc(*)cc3)s2)cc1,nc,1.9726,2.05740737915039,2.0402189624759197,2.035595891007319,2.050770071353849
*Cc1ccc(-c2ccc(-c3ccc(*)s3)cc2)cc1,ei,5.3793,5.509526252746582,5.289096511413614,5.369733066048602,5.436269576790621
*Cc1ccc(-c2ccc(-c3ccc(*)s3)cc2)cc1,nc,2.0164,1.9504984617233276,1.993774432054658,2.014263453645389,1.9680736945256494
*Cc1ccc(-c2ccc(-c3ccc(*)s3)cc2)s1,eea,1.9244,1.8539432287216189,1.9443914311339512,2.012889486467231,1.888512857663898
*Cc1ccc(-c2ccc(-c3ccc(*)s3)cc2)s1,egb,2.512,2.6772055625915527,2.8284697508986985,2.4133369661875257,2.712294515435695
*Cc1ccc(-c2ccc(-c3ccc(*)s3)cc2)s1,egc,3.3769,3.50890588760376,3.1731616722443543,3.0572431060096763,3.3108079817802527
*Cc1ccc(-c2ccc(-c3ccc(*)s3)cc2)s1,eps,3.91,4.22796630859375,4.550476578026963,4.593575241046045,4.404722564595695
*Cc1ccc(-c2ccc(-c3ccc(*)s3)cc2)s1,nc,1.9468,2.032142162322998,2.0112596260107294,1.9609862363609285,2.019717245482294
*Cc1ccc(-c2ccc(-c3ccc(*)s3)s2)cc1,eea,1.9547,2.091578483581543,2.097374756748312,2.039807844804022,2.085535929833592
*Cc1ccc(-c2ccc(-c3ccc(*)s3)s2)cc1,ei,5.1679,5.199892997741699,5.178153320743556,5.1537427692199795,5.18271515905945
*Cc1ccc(-c2ccc(-c3ccc(*)s3)s2)cc1,nc,1.9768,2.039604425430298,2.0153814017764935,1.996076481964801,2.0290016678332528
*Cc1ccc(-c2ccc(-c3ccc(*)s3)s2)s1,eea,2.0787,2.0103023052215576,2.1232391365084835,2.163435802523172,2.047425011177518
*Cc1ccc(-c2ccc(-c3ccc(*)s3)s2)s1,egc,3.0602,2.866161346435547,2.171565450436564,2.5419733044380113,2.62220363666364
*Cc1ccc(-c2ccc(-c3ccc(*)s3)s2)s1,eps,4.39,4.408465385437012,5.26941723086043,5.099326600824304,4.88032206479935
*Cc1ccc(-c2ccc(-c3ccc(*)s3)s2)s1,nc,2.0574,2.010443210601806,2.025191270068309,2.020669290949027,2.015309179580403
*Cc1ccc(-c2ccc(C(*)=S)cc2)cc1,eea,2.7075,2.8874104022979736,2.815568862390486,2.8251373376458213,2.86847929861641
*Cc1ccc(-c2ccc(C(*)=S)cc2)cc1,egb,2.5561,2.628574848175049,2.175702242203475,2.30545256049051,2.523521393731002
*Cc1ccc(-c2ccc(C(*)=S)cc2)cc1,egc,2.9595,2.888807535171509,2.938909580202554,3.1502641634844517,2.9711178840857944
*Cc1ccc(-c2ccc(C(*)=S)cc2)cc1,eps,4.45,4.3637375831604,4.659371554535926,4.648843373837057,4.525763908769066
*Cc1ccc(-c2ccc(C(*)=S)cc2)cc1,nc,2.0502,1.977267146110535,1.954774153559181,1.9507899544855232,1.9687832016140303
*Cc1ccc(-c2ccc(C(*)=S)cc2)s1,eea,2.9754,2.84366774559021,2.9296633442603635,2.9420611093968105,2.8695076595433293
*Cc1ccc(-c2ccc(C(*)=S)cc2)s1,egc,2.7134,3.0337491035461426,2.9658044646998474,2.891177447289259,2.9797512390640164
*Cc1ccc(-c2ccc(C(*)=S)cc2)s1,eps,4.8,4.568191051483154,4.870245532433486,4.9722916042818355,4.733736227006466
*Cc1ccc(-c2ccc(C(*)=S)cc2)s1,nc,2.0986,2.011962652206421,1.9722545243887448,2.0181437059542557,2.0021538446157416
*Cc1ccc(-c2ccc(C(*)=S)s2)cc1,egb,1.9323,2.010338544845581,2.2338754682592095,2.3008937460811243,2.062192699172306
*Cc1ccc(-c2ccc(C(*)=S)s2)cc1,egc,2.7839,2.479222059249878,2.808626725475561,2.820240506929368,2.645822077688851
*Cc1ccc(-c2ccc(C(*)=S)s2)cc1,ei,5.8475,5.645385265350342,5.749981837373731,5.633421693470957,5.656067012387602
*Cc1ccc(-c2ccc(C(*)=S)s2)cc1,eps,4.61,4.859073638916016,5.244701669183415,4.894548321074271,5.070422464983664
*Cc1ccc(-c2ccc(C(*)=S)s2)s1,eea,3.2587,2.942343235015869,3.2209413587945326,3.2854367586107434,3.0292991783626206
*Cc1ccc(-c2ccc(C(*)=S)s2)s1,ei,5.7652,5.495120048522949,5.56195329124322,5.669446603684193,5.557908427948005
*Cc1ccc(-c2ccc(C(*)=S)s2)s1,eps,5.34,4.898534297943115,4.975793510607152,5.207505424363501,4.940877288124955
*Cc1ccc(-c2ccc(CSC(=O)CCC(=O)S*)cc2)cc1,egc,4.7843,4.459039688110352,3.738360725178816,3.884559667110142,4.14119521166392
*Cc1ccc(-c2ccc(N*)cc2)cc1,eea,1.1363,1.1828858852386477,1.112943709621027,1.12181110777532,1.1643955610246277
*Cc1ccc(-c2ccc(N*)cc2)cc1,ei,5.1363,5.419422149658203,5.217759787645912,5.188031331094489,5.320572362016078
*Cc1ccc(-c2ccc(N*)cc2)cc1,nc,1.9585,1.9333231449127195,1.9428727620760973,1.910925913396604,1.9336400004161962
*Cc1ccc(-c2ccc(N*)s2)s1,eea,1.6017,1.4894511699676514,1.769864945563661,1.7867265236846732,1.5705688911681142
*Cc1ccc(-c2ccc(N*)s2)s1,egb,2.8559,2.5565717220306396,2.810974465380413,2.9773069684031457,2.61558586123122
*Cc1ccc(-c2ccc(N*)s2)s1,ei,4.9311,4.769744873046875,4.780761515457135,5.189269671771664,4.900277737978049
*Cc1ccc(-c2ccc(N*)s2)s1,eps,4.54,4.390002250671387,4.803915935176028,4.790755665174074,4.616853424463735
*Cc1ccc(-c2ccc(N*)s2)s1,nc,1.9938,2.0012335777282715,2.0394612326301704,2.0362716630609743,2.014679582410738
*Cc1ccc(-c2ccc(O*)cc2)cc1,egb,3.7323,3.5510950088500977,3.764963152123892,3.8613873752991306,3.600706283522465
*Cc1ccc(-c2ccc(O*)cc2)s1,eea,1.4385,1.4345743656158447,1.6280271217080768,1.5961944028593669,1.4847428317605855
*Cc1ccc(-c2ccc(O*)cc2)s1,nc,1.9368,1.9173868894577024,1.9812799293662189,1.96712914331516,1.9389989777404208
*Cc1ccc(-c2ccc(O*)s2)s1,egb,2.9968,3.3059535026550293,3.1310836837434657,3.1306480984163985,3.265388720611627
*Cc1ccc(-c2ccc(O*)s2)s1,egc,3.4793,4.213027477264404,3.119966573719658,3.385202303894816,3.7427723455761397
*Cc1ccc(-c2ccc(O*)s2)s1,ei,5.2494,5.986334323883057,5.682685189678798,5.592715144666197,5.823590277604264
*Cc1ccc(-c2ccc(O*)s2)s1,eps,4.19,4.217435836791992,4.575912163386493,4.542913758156089,4.413903792573773
*Cc1ccc(-c2ccc(O*)s2)s1,nc,1.9533,1.9530541896820068,1.9156308552321035,1.9364134240193032,1.9416157583821347
*Cc1ccc(C(=O)C(*)=S)cc1,eea,3.3639,3.760930061340332,3.6443995217306138,3.6394355505736113,3.727492583228648
*Cc1ccc(C(=O)C(*)=S)cc1,egb,2.5816,2.1153764724731445,2.413611452166287,2.458525814513271,2.184558433226985
*Cc1ccc(C(=O)C(*)=S)cc1,egc,2.9385,2.7772274017333984,2.6000760212446927,2.810845938328163,2.7466208219636012
*Cc1ccc(C(=O)C(*)=S)cc1,eps,4.22,4.3542022705078125,4.5221633604177445,4.518927308132621,4.446255690880008
*Cc1ccc(C(=O)C(*)=S)cc1,nc,1.9454,1.9694167375564575,1.943914539549608,1.926052099230438,1.95849449735383
*Cc1ccc(C(=O)C(*)=S)s1,ei,6.4325,6.7153191566467285,6.408802910780883,6.522147383550052,6.613826878694343
*Cc1ccc(C(=O)C(*)=S)s1,nc,1.9676,2.0327036380767822,2.0933513232557392,2.05800045422272,2.0510774019069005
*Cc1ccc(C(=O)N*)cc1,egb,4.2448,4.20994758605957,4.008175123235228,3.88300090522242,4.1631421623004865
*Cc1ccc(C(=O)N*)cc1,egc,5.0419,4.633890151977539,4.513057564598045,4.556580830135534,4.585766344295277
*Cc1ccc(C(=O)N*)cc1,nc,1.8171,1.8734022378921509,1.882946823615136,1.8409659377676724,1.8727373702375865
*Cc1ccc(C(=O)O*)cc1,eea,2.2574,2.382636308670044,2.12004096404768,1.91800673384853,2.2818494343749562
*Cc1ccc(C(=O)O*)cc1,egb,3.7934,4.304053783416748,4.4234516902635255,4.33462958160018,4.331750673010529
*Cc1ccc(C(=O)O*)cc1,egc,4.9209,4.800806999206543,4.646166021088404,4.74866275771621,4.7519385269831735
*Cc1ccc(C(=O)O*)cc1,ei,7.179,7.104767799377441,6.780584613317105,6.800333173787331,6.966632186291699
*Cc1ccc(C(=O)O*)cc1,eps,4.03,3.926668882369995,4.095245067882372,4.036250403592153,4.019059414474982
*Cc1ccc(C(=O)O*)cc1,nc,1.8426,1.808449864387512,1.821750958789137,1.8136235899790536,1.8124429966394635
*Cc1ccc(C(=O)O*)s1,egb,3.78,3.590996742248535,3.105601275163227,3.287549678904362,3.478398916907795
*Cc1ccc(C(=O)O*)s1,ei,6.8862,6.981687545776367,6.712384610880061,6.515798644869709,6.801433434125215
*Cc1ccc(C(=O)O*)s1,eps,4.17,4.280799388885498,4.086494575527252,4.2967706976254245,4.1743079230704145
*Cc1ccc(C(=O)c2ccc(*)cc2)cc1,egb,3.8451,3.270439863204956,3.488094139095052,3.372007795337935,3.3209294120433492
*Cc1ccc(C(=O)c2ccc(*)cc2)cc1,eps,3.96,4.002405643463135,4.249331643062783,4.2065129393611205,4.137736885086776
*Cc1ccc(C(=O)c2ccc(*)cc2)cc1,nc,1.9018,1.912534236907959,1.8691363366084983,1.8491221072588204,1.8949614912064707
*Cc1ccc(C(=O)c2ccc(*)s2)cc1,egb,3.4106,3.230600595474243,3.2227829076310752,2.982034400081777,3.2287871161362114
*Cc1ccc(C(=O)c2ccc(*)s2)cc1,ei,6.578,6.535184860229492,6.388493301097374,6.433780193038489,6.483858340856847
*Cc1ccc(C(=O)c2ccc(*)s2)cc1,eps,4.07,4.2842912673950195,4.311028215962999,4.164431000321836,4.298944825354889
*Cc1ccc(C(=O)c2ccc(*)s2)s1,eea,2.8498,3.0013601779937744,2.7280750145274593,2.691131389041561,2.9195708326044234
*Cc1ccc(C(=O)c2ccc(*)s2)s1,egb,2.7131,2.72452712059021,2.707437898687774,2.6220301145353755,2.720562911293955
*Cc1ccc(C(=O)c2ccc(*)s2)s1,egc,3.4685,3.0989952087402344,3.0290898300899207,3.1727519315611485,3.1033602784205496
*Cc1ccc(C(=O)c2ccc(*)s2)s1,ei,6.3555,6.4487104415893555,6.046861291952096,6.2068522159698345,6.319156054251375
*Cc1ccc(C(=O)c2ccc(*)s2)s1,eps,4.69,4.374608516693115,4.915133376330272,4.8512955304949354,4.670850712742708
*Cc1ccc(C(=O)c2ccc(*)s2)s1,nc,2.0215,1.966768264770508,2.0133209851673746,1.9862072834287283,1.9808739184541801
*Cc1ccc(C(=S)O*)cc1,eea,2.8319,2.7496163845062256,2.7372788130954833,2.7815804910088,2.752051042252854
*Cc1ccc(C(=S)O*)cc1,egb,3.1473,3.0780210494995117,2.9965675187003193,3.0139510782106496,3.0591261667570193
*Cc1ccc(C(=S)O*)cc1,egc,3.4449,3.6468276977539062,3.287580722087433,3.4139437799236383,3.5029257567292325
*Cc1ccc(C(=S)O*)cc1,nc,1.8934,1.8964977264404297,1.929683549485007,1.9353402978092065,1.9089931812097827
*Cc1ccc(C(=S)O*)s1,eea,2.9654,3.0411927700042725,3.199839539662161,2.9957441432524243,3.0586114387826933
*Cc1ccc(C(=S)O*)s1,ei,6.4155,6.023788928985596,6.15149102165044,6.0022329152767275,6.034692991652975
*Cc1ccc(C(=S)O*)s1,eps,4.71,4.766299724578857,4.792257134709793,4.9008308562155225,4.780526045614508
*Cc1ccc(C(=S)c2ccc(*)cc2)cc1,eea,2.874,2.83866548538208,2.9010065573874497,2.7132427947052284,2.831173593423625
*Cc1ccc(C(=S)c2ccc(*)cc2)cc1,egb,2.3058,2.7988572120666504,2.6703923373672276,2.5698548923444697,2.769057046006831
*Cc1ccc(C(=S)c2ccc(*)cc2)cc1,ei,5.6687,5.991713523864746,5.856811693082554,5.807101416561856,5.916416179963185
*Cc1ccc(C(=S)c2ccc(*)cc2)cc1,eps,4.09,4.348595142364502,4.547268523177846,4.569613269421362,4.457480862566623
*Cc1ccc(C(=S)c2ccc(*)cc2)cc1,nc,1.9675,1.9499995708465576,1.930675015086554,1.9240272815561976,1.9423957761331185
*Cc1ccc(C(=S)c2ccc(*)s2)cc1,eea,3.0211,3.11309814453125,3.1176022624304944,3.039265922392774,3.1039238894664614
*Cc1ccc(C(=S)c2ccc(*)s2)cc1,egb,2.5143,2.5081546306610107,2.332083638459326,2.3695663688012063,2.467311210868605
*Cc1ccc(C(=S)c2ccc(*)s2)cc1,eps,4.17,4.299275875091553,4.7194641861905104,4.584887758167506,4.529565945594293
*Cc1ccc(C(=S)c2ccc(*)s2)s1,egc,2.5715,2.9380979537963867,2.7355640203131673,2.7026347623122877,2.8286543020906363
*Cc1ccc(C(=S)c2ccc(*)s2)s1,ei,5.9541,5.965926170349121,5.520596468843253,5.640218990037677,5.804615108828245
*Cc1ccc(C(=S)c2ccc(*)s2)s1,nc,2.0063,1.9939802885055544,2.2347441811405666,2.128161542582303,2.0702184543147992
*Cc1ccc(C(C)(C)c2ccc(CN3C(=O)c4ccc(-c5ccc6c(c5)C(=O)N(*)C6=O)cc4C3=O)o2)o1,tg,129.0,139.9967041015625,234.7695110219145,213.0225803198055,182.0477132838164
*Cc1ccc(C(C)(C)c2ccc(CN3C(=O)c4ccc(Oc5ccc6c(c5)C(=O)N(*)C6=O)cc4C3=O)o2)o1,tg,116.0,145.89971923828125,172.89288248058696,161.0484708673626,156.1285040404128
*Cc1ccc(C(C)c2ccc(CN3C(=O)c4ccc(Oc5ccc6c(c5)C(=O)N(*)C6=O)cc4C3=O)o2)o1,tg,129.0,143.5438232421875,142.2596779129826,145.5564820114831,143.90286302360568
*Cc1ccc(C*)cc1,ei,6.2134,6.284169673919678,5.934945350775111,5.925697764800362,6.125977356702149
*Cc1ccc(C*)cc1,eps,3.97,3.4008262157440186,3.4288681341578267,3.40088229748792,3.416194980647684
*Cc1ccc(CC(*)=S)cc1,eea,2.6743,2.4812567234039307,2.4284616668596506,2.463236303492109,2.4710423278184166
*Cc1ccc(CC(*)=S)cc1,egb,2.9253,3.034705638885498,3.488391268269021,3.154808631405386,3.139947691440455
*Cc1ccc(CC(*)=S)cc1,ei,5.9697,5.986933708190918,5.9517768484387155,6.017069244024032,5.991374559925152
*Cc1ccc(CC(*)=S)cc1,nc,1.8601,1.8213051557540896,1.8372934032273665,1.844392536730016,1.827752352050968
*Cc1ccc(CC(*)=S)s1,egb,2.5553,2.7718920707702637,2.880109467840956,2.8396607578604165,2.796995402796341
*Cc1ccc(CC(*)=S)s1,egc,3.2956,3.105600595474243,3.927782563136944,3.3211393486500027,3.348649630652467
*Cc1ccc(CC(*)=S)s1,nc,1.8463,1.85710346698761,1.9414368704130105,1.9265792949466531,1.88600267637717
*Cc1ccc(CN2CCN(*)C(C)C2)cc1,egc,4.6219,4.5086669921875,4.452288654529622,4.337236922171053,4.449419733123683
*Cc1ccc(CNC(=O)CC(C)(C)CC(C)C(=O)N*)cc1,tg,125.0,125.38323974609376,105.09955690085135,97.67975551039731,112.64772432051883
*Cc1ccc(CNC(=O)CCCCCCCCCC(=O)N*)cc1,tg,108.8,80.42220306396484,89.1660780705567,85.1352804708555,83.67557043910386
*Cc1ccc(CNC(=O)CCCCCCCCCCC(=O)N*)cc1,egc,5.2323,5.272566318511963,5.252259282300774,5.26421739646436,5.265740906827904
*Cc1ccc(CNC(=O)CCCCCCCCCCCC(=O)N*)cc1,tg,100.0,74.19911193847656,90.2190733425722,90.51826645672844,82.5370909363833
*Cc1ccc(CNC(=O)CCCCCCCCCCCCCC(=O)N*)cc1,egc,5.2897,5.32883358001709,5.177345403730447,5.254637638619148,5.274678315825465
*Cc1ccc(CNC(=O)CCCCCCCCCCCCCCCC(=O)N*)cc1,egc,5.288,5.483582019805908,5.281223041997329,5.334103518783793,5.397550160299365
*Cc1ccc(CNC(=O)CCCCCCCCCCCCCCCCC(=O)N*)cc1,tg,75.0,68.86048889160156,87.65554242137057,85.99073007845996,78.01916173822306
*Cc1ccc(CNC(=O)CCCCCCCCCCCCCCCCCCCCC(=O)N*)cc1,egc,5.5873,5.471380710601807,5.363840378193176,5.28883075989283,5.397632360255674
*Cc1ccc(CNC(=O)c2cccc(C(=O)N*)c2)cc1,egc,4.6753,4.710239410400391,4.266117766160554,4.573147186520535,4.57333369269535
*Cc1ccc(CNC(C)=N*)cc1,egc,4.9237,4.646058559417725,4.773369724334598,4.572902636146414,4.654736089563125
*Cc1ccc(CO*)cc1,eea,1.6106,1.0799026489257812,0.8345035647993165,0.9602708536924118,1.027643667814558
*Cc1ccc(CO*)cc1,egb,4.8019,4.982239246368408,4.242858322477455,4.466897672195941,4.81072408033593
*Cc1ccc(CO*)cc1,egc,4.9575,5.131657600402832,5.019678756038903,4.926370886993997,5.05073309181271
*Cc1ccc(CO*)cc1,nc,1.7774,1.7821193933486938,1.7664920193198197,1.7761027784120886,1.777433938096777
*Cc1ccc(CO*)s1,eea,1.4146,1.5037779808044434,1.2294183149133824,1.202821251577601,1.4230654636468352
*Cc1ccc(CO*)s1,egc,4.6049,4.742112159729004,4.640662392792295,4.389134217114871,4.623404163352797
*Cc1ccc(CO*)s1,ei,6.0202,5.987843990325928,5.590979237531177,5.741661007129502,5.857643923940099
*Cc1ccc(CO*)s1,eps,4.0,3.9639272689819336,3.983125506345334,4.006744371530788,3.9744491310118
*Cc1ccc(CO*)s1,nc,1.8606,1.834449887275696,1.808246362454466,1.7999667057043345,1.8242110947931989
*Cc1ccc(COC(=O)CC(=O)O*)cc1,egc,5.5783,5.356137275695801,5.301721576612537,5.362099692373541,5.34554954489405
*Cc1ccc(COC(=O)CCC(=O)O*)cc1,egc,5.464,5.326693534851074,5.488566289692571,5.482299258482013,5.40530761247424
*Cc1ccc(COC(=O)CCCC(=O)O*)cc1,egc,5.4521,5.478298187255859,5.416876407472335,5.5637005006549005,5.487732125837172
*Cc1ccc(COC(=O)CCCCCCCCCCCCCCCCCCC(=O)O*)cc1,egc,5.5452,5.945156574249268,5.5479270680810275,5.672602406750064,5.781949802336653
*Cc1ccc(COC(=O)CCCCSCCCCC(=O)O*)cc1,egc,4.7687,4.975656509399414,4.710708887332097,4.490312119492528,4.784286784752619
*Cc1ccc(COC(=O)Cc2ccc(C(=O)O*)cc2)cc1,tg,47.0,91.7064208984375,82.92680473745408,85.4499714207281,87.96821804513024
*Cc1ccc(COC(=O)O*)cc1,egc,5.5423,5.276551723480225,5.253009617249392,5.686678471938132,5.382751446547225
*Cc1ccc(COC(=O)c2cccc(C(=O)O*)c2)cc1,tg,143.0,54.84076690673828,82.90166658608376,82.31158749696533,69.10104258170915
*Cc1ccc(COP(=O)(N=Nc2ccc(-c3ccc(N=NP(=O)(O*)OC)cc3)cc2)OC)cc1,tg,48.0,40.905174255371094,74.08690563468866,82.82587075819757,60.68739651686937
*Cc1ccc(COP(=O)(N=Nc2ccc(Oc3ccc(N=NP(=O)(O*)OC)cc3)cc2)OC)cc1,tg,50.0,30.19056701660156,58.59886382387213,60.81003793972015,45.49631471345685
*Cc1ccc(CSS*)cc1,tg,23.0,-5.3928375244140625,43.73554923475985,41.60675794147812,19.234737453639276
*Cc1ccc(CSSSS*)cc1,egc,4.3206,4.20613956451416,4.096196528164708,4.020895598221244,4.1311198619374725
*Cc1ccc(C[n+]2ccc(-c3cc[n+](*)cc3)cc2)cc1,egc,2.0993,3.367702007293701,2.3598635955682634,2.780508326367739,2.9819759485827086
*Cc1ccc(C[n+]2ccc(-c3cc[n+](*)cc3)cc2)cc1,tg,95.0,55.30859375,151.8107767178184,130.23526804499338,98.30274171905063
*Cc1ccc(Cc2ccc(*)cc2)cc1,eea,1.0649,1.1760402917861938,1.199724522213499,1.235946175267646,1.187529637223737
*Cc1ccc(Cc2ccc(*)cc2)cc1,egb,4.2049,4.333188056945801,4.142252432025008,4.367084287913453,4.288896468737833
*Cc1ccc(Cc2ccc(*)cc2)cc1,egc,5.1689,4.841652870178223,4.350527900592525,4.649100938993217,4.679126535262649
*Cc1ccc(Cc2ccc(*)cc2)cc1,ei,6.2368,6.385098934173584,6.031643837849255,5.864267376057777,6.176393791091158
*Cc1ccc(Cc2ccc(*)cc2)cc1,eps,3.41,3.3503167629241943,3.685476439207317,3.551315746891482,3.534005702959317
*Cc1ccc(Cc2ccc(*)s2)cc1,egb,4.0831,4.21517276763916,3.7491902993272586,3.747460654350655,4.107078201173814
*Cc1ccc(Cc2ccc(*)s2)cc1,eps,3.4,3.3757691383361816,3.834439578227528,3.8750178989636055,3.627149876805189
*Cc1ccc(Cc2ccc(*)s2)cc1,nc,1.8173,1.7915890216827393,1.7781354998330063,1.7782864424170444,1.7867620648090676
*Cc1ccc(Cc2ccc(*)s2)s1,eea,1.174,1.4100197553634644,1.4631236984516724,1.5167481096578004,1.4321033446415952
*Cc1ccc(Cc2ccc(*)s2)s1,egb,4.1954,3.8138198852539062,3.704447151833752,3.567164312415695,3.788448548334278
*Cc1ccc(Cc2ccc(*)s2)s1,eps,3.65,3.3876802921295166,4.008041022416504,4.069578197847524,3.727677651744969
*Cc1ccc(Cc2ccc(*)s2)s1,nc,1.8382,1.7835372686386108,1.8087451816539413,1.8252324545711456,1.7942193033365057
*Cc1ccc(NC(*)=S)cc1,eea,2.0656,2.2388956546783447,2.2274794003167755,2.3696846216087573,2.254638572647284
*Cc1ccc(NC(*)=S)cc1,egb,3.5265,3.0047521591186523,3.3159484021424177,3.2265268160356673,3.076940761185936
*Cc1ccc(NC(*)=S)s1,eea,2.0497,2.080665826797486,2.1313970991844196,2.2746023385877865,2.1140218983297046
*Cc1ccc(NC(*)=S)s1,egb,2.8469,3.3296163082122803,2.893882119485734,2.903649253857999,3.2285384749728565
*Cc1ccc(NC(*)=S)s1,eps,4.42,4.464085102081299,4.8575868821969275,4.6567104759626305,4.67974924668536
*Cc1ccc(NO*)cc1,eea,0.7333,1.130172610282898,1.2821167146601846,1.2276931568506415,1.1656551523612466
*Cc1ccc(NO*)cc1,ei,5.6115,5.759314060211182,5.450959789550574,5.704860111808881,5.700230581735687
*Cc1ccc(NO*)s1,eea,1.3873,1.1164448261260986,1.069459585394241,1.0647986024021237,1.1026083249773733
*Cc1ccc(NO*)s1,ei,5.1816,5.526512622833252,5.244019423050596,5.478028253811274,5.47281572491495
*Cc1ccc(NO*)s1,eps,4.04,4.220048427581787,4.303316516848112,4.272415918810866,4.265684666480528
*Cc1ccc(NO*)s1,nc,1.8806,1.87918221950531,1.8677508667679543,1.852400724461444,1.873569189548107
*Cc1ccc(Nc2ccc(*)cc2)cc1,eea,0.9546,0.8051543235778809,1.086400643411453,0.9903602252149452,0.8714580057696545
*Cc1ccc(Nc2ccc(*)cc2)cc1,egb,3.7655,3.869452476501465,3.911415496250593,4.082714101136175,3.8791866934212367
*Cc1ccc(Nc2ccc(*)cc2)cc1,egc,4.3854,4.257769584655762,3.93979379912955,4.145231241739389,4.155839639677698
*Cc1ccc(Nc2ccc(*)cc2)cc1,ei,5.3392,5.086796760559082,5.384117708745448,5.451639349284313,5.2398220252020025
*Cc1ccc(Nc2ccc(*)s2)cc1,eea,0.9705,0.7639405727386475,1.1012012608452166,1.1943217296642186,0.8712114948568463
*Cc1ccc(Nc2ccc(*)s2)cc1,egc,4.4366,4.322378158569336,3.9441146082395906,3.947952571490761,4.135735594116389
*Cc1ccc(Nc2ccc(*)s2)cc1,ei,5.4067,5.098273277282715,5.201078018384809,5.144263478470473,5.12653206030647
*Cc1ccc(Nc2ccc(*)s2)cc1,eps,4.02,3.852718591690063,3.927747822326192,4.107716284599969,3.8938394090868407
*Cc1ccc(Nc2ccc(*)s2)s1,egb,3.6624,3.7374634742736816,3.0522829537705447,3.329608713476672,3.5785212471495647
*Cc1ccc(Nc2ccc(*)s2)s1,egc,4.1254,4.4285712242126465,3.532935510587084,3.8354131379773424,4.066397172053731
*Cc1ccc(OC(*)=S)cc1,eea,2.2773,2.3215479850769043,2.268649027006736,2.381011569913499,2.3216457118723484
*Cc1ccc(OC(*)=S)cc1,egb,3.7121,3.5624966621398926,3.7623899305468704,3.362137028083076,3.608866166696726
*Cc1ccc(OC(*)=S)cc1,eps,3.66,4.055517196655273,4.001153859779063,4.0346666192882115,4.025722610867668
*Cc1ccc(OC(*)=S)cc1,nc,1.8273,1.871226906776428,1.8183566320313216,1.8313913916221911,1.8534727376741247
*Cc1ccc(OCOc2ccc(*)c3cccnc23)c2ncccc12,egc,3.5315,3.7606489658355713,3.533634190960555,3.610451871205907,3.668890119314595
*Cc1ccc(Oc2ccc(*)s2)cc1,eea,1.0627,1.2054495811462402,1.210822093893133,1.1793257512651416,1.202762668786097
*Cc1ccc(Oc2ccc(*)s2)cc1,egb,4.0475,3.847881555557251,4.011559417080101,3.666817949993696,3.8858501245151826
*Cc1ccc(Oc2ccc(*)s2)cc1,egc,4.5691,4.254036903381348,4.469169121035467,4.268110273134216,4.306128397773074
*Cc1ccc(Oc2ccc(*)s2)cc1,eps,3.59,3.705495595932007,3.918260693454549,3.9617658883952025,3.822104478222998
*Cc1ccc(Oc2ccc(*)s2)cc1,nc,1.8289,1.815489411354065,1.8062909715374356,1.805861536397424,1.8121371084011255
*Cc1ccc(Oc2ccc(*)s2)s1,eea,1.2199,0.9164881706237792,1.275507104066539,1.3530878920878098,1.0278076903552291
*Cc1ccc(Oc2ccc(*)s2)s1,ei,5.8606,5.242898941040039,5.393110488846371,5.61649146379119,5.3784171668965435
*Cc1ccc(Oc2ccc(*)s2)s1,nc,1.8388,1.833922266960144,1.9082648592135176,1.884503240047624,1.8583563917454746
*Cc1ccc2nc(-c3cc(-c4nc5ccc(*)cc5c(=O)o4)cc(N4C(=O)c5ccccc5C4=O)c3)oc(=O)c2c1,tg,322.0,332.3011169433594,316.3006654290865,307.27720829550964,321.2740159450114
*Cc1ccc2oc(=O)c(C(=O)Nc3ccc(C(c4ccc(NC(=O)c5cc6cc(*)ccc6oc5=O)cc4)(C(F)(F)F)C(F)(F)F)cc3)cc2c1,tg,329.0,285.3027648925781,283.07105088489834,283.0432778264209,284.1455176342589
*Cc1ccc2oc(=O)c(C(=O)Nc3ccc(Oc4ccc(C(c5ccc(Oc6ccc(NC(=O)c7cc8cc(*)ccc8oc7=O)cc6)cc5)(C(F)(F)F)C(F)(F)F)cc4)cc3)cc2c1,tg,283.0,247.5985107421875,280.02873977578804,274.5278365266057,262.5883241216652
*Cc1ccc2oc(=O)c(C(=O)Nc3ccc(Oc4ccc(NC(=O)c5cc6cc(*)ccc6oc5=O)cc4)cc3)cc2c1,tg,312.0,249.4391326904297,297.14509833480025,289.1521792947268,271.5203149277502
*Cc1ccc2oc(=O)c(C(=O)Nc3ccc(Oc4ccc(Oc5ccc(NC(=O)c6cc7cc(*)ccc7oc6=O)cc5)cc4)cc3)cc2c1,tg,290.0,242.37380981445312,271.8742383893926,280.89285033987176,260.3477983624385
*Cc1cccc(CN(C)C(=O)CCCCC(=O)N(*)C)c1,egc,5.4868,5.136085510253906,5.001890443955911,4.8938510638875306,5.040133465029022
*Cc1cccc(CNC(=O)C2=C(C(=O)N*)C3C=CC2C3)c1,egc,3.5629,4.689334869384766,3.906697496990079,4.283345716293409,4.403389242027652
*Cc1cccc(CNC(=O)C=C(C)C(=O)N*)c1,tg,135.0,160.99107360839844,132.8172188274385,135.66104707755932,147.36993842961024
*Cc1cccc(CNC(=O)CCCCC(=O)N*)c1,tg,81.05,98.7952117919922,96.37292295377442,93.08128565213948,96.5300830486081
*Cc1cccc(CNC(=O)c2cccc(C(=O)N*)c2)c1,tg,167.33,149.15077209472656,172.5532613187809,168.0977177586138,159.8174617838684
*Cc1cccc(CNC(=O)c2ccccc2-c2ccccc2C(=O)N*)c1,tg,159.0,174.94850158691406,183.02537412236092,186.9429024326862,180.31766475022755
*Cc1cccc(C[n+]2ccc(-c3cc[n+](*)cc3)cc2)c1,tg,128.0,53.921356201171875,135.05233168402427,55.96895932654526,71.21188429766286
*Cc1ccccc1CN(CC)c1ccc(/C=C(\C#N)C(=O)Nc2cccc(NC(=O)/C(C#N)=C/c3ccc(N(*)CC)cc3)c2)cc1,tg,188.0,181.7162628173828,176.83891681661046,170.04232419789955,177.10314202806248
*Cc1ccccc1CSS*,tg,39.0,4.5869293212890625,37.68390305196056,40.46163961853574,22.481207499237478
*Cc1ccccc1C[n+]1ccc(-c2cc[n+](*)cc2)cc1,tg,70.5,117.7782745361328,161.60846873371906,142.70777315522383,134.48990052797524
*Cc1ccccc1[Si](*)(C)C,tg,48.0,50.82792663574219,103.55174950613308,91.49134823322528,74.23335943600587
*Cc1ccccc1[Si](*)(C)c1ccccc1,tg,93.8,76.57266998291016,83.23889645725143,96.08968487864163,83.97960310714622
*Cc1ccccc1[Si](*)(c1ccccc1)c1ccccc1,tg,122.0,150.16607666015625,95.89462155343467,109.26023854845728,126.36789871440814
*Cc1nc(-c2ccc(-c3csc(*)n3)cc2)cs1,egc,3.8894,3.92681884765625,3.6382035867027542,3.6427181774303503,3.7848416565732426
*Cc1nc2cc3sc(*)nc3cc2s1,egc,3.8345,3.1045472621917725,3.827346660231716,3.772762685206271,3.448346824118789
*N1C(=O)c2ccc(N3C(=O)C4CCC(C5CCC6C(=O)N(*)C(=O)C6C5)CC4C3=O)cc2C1=O,egc,4.0715,4.1269989013671875,3.828280421489483,3.552861451813665,3.9039165908398807
*N1CC(O)=C(C2C(=O)C3=C(C2=O)C(C)(F)N3*)C1=O,egc,3.4532,3.560098171234131,2.7624356554741696,3.2611709707719676,3.2998833800089007
*N1CCOC1(*)CC,tg,55.0,127.81920623779295,96.51009489528538,85.67645330088345,108.35275113107149
*N=C(N=C(NC(C)=O)NC(C)=O)N=C(*)OC(C)=O,egc,3.7327,3.5220580101013184,4.6093331549740535,4.792496935543527,4.111327280423166
*N=C1C(=Nc2ccc(*)cc2)c2cccc3cccc1c23,egc,2.1929,2.329843759536743,2.7581512076611556,2.695681536006722,2.525379578126127
*N=C1C=CC(*)C=C1C,egc,3.8461,3.2904062271118164,3.1678016524202617,2.955954809725855,3.171987957841044
*N=C1C=CC(*)C=C1Cl,egc,4.0784,3.2291526794433594,2.958617290108256,3.3967766616058825,3.2140205504639137
*N=C1c2ccccc2C(=Nc2ccc(*)cc2)c2ccccc21,egc,1.6985,2.3667657375335693,2.850937118149399,2.8319016452383563,2.601826349902718
*N=Cc1ccc(-c2ccc(C=Nc3ccc4c(c3)c3cc(*)ccc3n4CCCC)s2)s1,egc,2.8673,2.4369661808013916,2.452911319535799,2.4252554012011225,2.4373603074848793
*N=Cc1ccc(C=Nc2sc(*)c(C#N)c2C#N)cc1,egc,1.5066,1.9216949939727783,2.305537501948214,2.2789206481164426,2.1049139047738334
*N=NNc1ccc(NN=Nc2ccc(*)cc2)cc1,egc,1.9731,2.514509916305542,3.0656094511296574,3.164036631799134,2.8147077094985957
*N=Nc1ccc(*)cc1,egc,1.7643,2.662694215774536,3.2678386033777764,3.330662806487296,2.9800301645688
*N=Nc1ccc(-c2ccc(*)c(C)c2)cc1C,egc,2.1369,2.5553078651428223,3.0676641340798616,2.9051643637000617,2.7653564128113506
*N=Nc1ccc(C(=O)NCCCCNC(=O)c2ccc(*)cc2)cc1,tg,215.0,183.73822021484375,177.75751298108233,166.58290494960193,177.20270768431095
*N=Nc1ccc(NC(=O)CCC(=O)Nc2ccc(*)cc2)cc1,tg,220.0,248.74395751953125,178.3812408338278,193.6155605105424,217.24181888894302
*N=Nc1ccc(Nc2ccc(C(=O)c3ccc(C(=O)c4ccc(Nc5ccc(*)cc5)cc4)cc3)cc2)cc1,tg,203.0,232.20225524902344,203.45366664661336,209.44505825439208,219.25911827200665
*N=Nc1ccc(Nc2ccc(C(=O)c3ccc(Nc4ccc(*)cc4)cc3)cc2)cc1,tg,216.42,223.59811401367188,213.200213014506,195.3054464144467,212.70996690218192
*N=P(*)(Cl)Cl,egc,3.9556,5.1243205070495605,4.860975821715074,4.587038174861897,4.919192528613754
*N=P(*)(NCC)NCC,tg,30.0,18.86590576171875,-27.760495629520253,6.3950315501362525,5.4347113564410385
*N=P(*)(OCC(F)(F)C(F)(F)F)OCC(F)(F)C(F)(F)F,tg,-65.0,-63.70918273925781,-65.96010882762559,-67.34677082914382,-65.29673936578811
*N=P(*)(OCC(F)(F)F)OCC(F)(F)F,tg,-66.57,-64.86622619628906,-63.17687201967059,-58.43923610744813,-62.53096464056772
*N=P(*)(OCC=Cc1ccccc1)OCC=Cc1ccccc1,tg,1.0,26.787986755371097,33.89479114942813,-8.172420296750744,17.430832670983214
*N=P(*)(OCCC(=O)C=C)OCCC(=O)C=C,egc,3.9384,4.285186767578125,5.019972262308335,4.767604268023846,4.581171489842942
*N=P(*)(OCCC)OCCC,tg,-100.0,-123.40763854980467,-78.8227520091207,-80.29725634467653,-100.91615865013067
*N=P(*)(OCCC)OCCCCC,tg,-100.0,-81.00361633300781,-93.34202575628066,-95.01335606082202,-87.87123440526011
*N=P(*)(OCCCCC)OCCCCC,tg,-104.0,-99.17752075195312,-94.07088040633366,-95.38084432998004,-96.95443676552684
*N=P(*)(OCCCCCCC)OCCCCCCC,tg,-94.0,-81.81056213378906,-93.58397453306748,-84.15472937647078,-84.95301764361477
*N=P(*)(OCCCCCCCCC)OCCCCCCCCC,tg,-56.0,-68.36070251464844,-88.17655334044298,-82.47014122195341,-76.79436212514535
*N=P(*)(OCCOC)OCCOC,tg,-75.0,-112.8928680419922,-81.06117626058237,-69.24515665502767,-92.85350894476635
*N=P(*)(OCCOCCOCC)OCCOCCOCC,tg,-78.0,-75.47360229492188,-84.54159584262635,-77.99181403977107,-78.11445422517517
*N=P(*)(OCCOCCOCCCC)OCCOCCOCCCC,tg,-84.0,-69.52658081054688,-81.91900574056514,-72.2783724518118,-72.92223921061179
*N=P(*)(OCCc1ccccc1)OCCc1ccccc1,tg,-32.7,-28.18003845214844,6.360048871864142,-13.496917029205378,-16.54585143822674
*N=P(*)(OCc1ccc(-c2ccccc2)cc1)OCc1ccc(-c2ccccc2)cc1,tg,52.0,65.24185180664062,42.22779536438204,43.92192058737075,53.92074328059628
*N=P(*)(OCc1ccc(Br)cc1)OCc1ccc(Br)cc1,tg,-0.8,-32.32609558105469,6.522203888351539,4.757367185745807,-12.877039835511612
*N=P(*)(Oc1ccc(C(C)C)cc1)Oc1ccc(C(C)C)cc1,tg,0.0,-10.485809326171877,42.42236650084369,38.92300864344074,15.663174760159507
*N=P(*)(Oc1ccc(C)cc1)Oc1ccc(C)cc1,tg,0.3,-7.854034423828125,49.003477328599665,49.30430778005268,21.503382179075462
*N=P(*)(Oc1ccc(Cl)cc1Cl)Oc1ccc(Cl)cc1Cl,tg,2.0,15.346298217773438,39.9682141051516,41.84275213988444,28.599059697661794
*N=P(*)(Oc1ccc(F)cc1)Oc1ccc(F)cc1,tg,-10.0,-10.625747680664062,2.0981506137134547,23.43851246613669,2.525599693557476
*N=P(*)(Oc1ccc2ccccc2c1)Oc1ccc2ccccc2c1,tg,47.0,40.022178649902344,52.80104046049396,87.40429406284005,57.305166310096936
*N=P(*)(Oc1cccc(C(F)(F)F)c1)Oc1cccc(C(F)(F)F)c1,tg,-35.0,18.09607696533203,23.96700300925069,1.6651838905071656,14.217953332652929
*N=P(*)(Oc1cccc(C)c1)Oc1cccc(C)c1,tg,-25.0,-0.6704864501953125,24.79554688760705,21.999624270673237,11.57176470831106
*N=P(N=P(N=S(*)(=O)NC)(NC)NC)(NC)NC,tg,22.0,17.506637573242188,9.824233165561312,60.47945321613949,29.224540702679604
*N=P(N=P(N=S(*)(=O)NCC)(NCC)NCC)(NCC)NCC,tg,4.0,5.932281494140625,16.39767545256675,24.871018518570807,13.940312032396143
*N=P(N=P(N=S(*)(=O)NCCCC)(NCCCC)NCCCC)(NCCCC)NCCCC,tg,-17.0,-19.15907287597656,12.833231535809292,24.656304313458406,0.9651350795606604
*N=P1(*)Oc2ccccc2-c2ccccc2O1,tg,160.0,84.64530944824219,109.06720222188471,111.9523175709362,98.10777809753674
*NC(=O)C(=S)C(*)=O,egb,1.4363,-0.0798959732055664,1.393334174358812,1.6008656502386345,0.26185116307952255
*NC(=O)C(=S)C(*)=O,ei,6.114,7.1917009353637695,6.849190671713985,6.689102550734043,6.990105922018979
*NC(=O)C(=S)C(*)=O,nc,2.263,2.499464988708496,2.1009919163521555,2.0515807904624666,2.3512357538730857
*NC(=O)C(=S)O*,eea,4.3681,4.244379997253418,3.793959948877177,3.770601400806325,4.114579669616316
*NC(=O)C(=S)O*,egb,2.095,1.7871193885803225,1.9946552945149856,2.397074444873712,1.8352617658231174
*NC(=O)C(=S)O*,eps,6.14,7.348435878753662,5.525856756453584,5.522769871744428,6.349545944206055
*NC(=O)C(=S)O*,nc,2.1173,2.177168846130371,2.1689319299219045,2.164814639391906,2.173802427782095
*NC(=O)C(=S)c1ccc(*)cc1,eea,3.6154,3.854197025299072,4.00478583407971,3.73696428750704,3.860855504828375
*NC(=O)C(=S)c1ccc(*)cc1,egb,1.5619,2.1326918601989746,1.813401286979149,1.7897103004257096,2.058625605702963
*NC(=O)C(=S)c1ccc(*)cc1,egc,2.9128,2.8621110916137695,3.199490603344956,3.1087600445932315,3.0048485933128455
*NC(=O)C(=S)c1ccc(*)cc1,ei,6.5245,6.580734729766846,6.248067478869636,6.367825279265184,6.469581834727594
*NC(=O)C(=S)c1ccc(*)cc1,eps,5.85,6.870665550231934,5.819471912137535,5.606690067414796,6.294544200269441
*NC(=O)C(=S)c1ccc(*)cc1,nc,2.1735,2.2025814056396484,2.171432778730973,2.169552446926754,2.1911879041803397
*NC(=O)C(=S)c1ccc(*)s1,eea,3.9034,4.059849739074707,3.7280949888747847,3.553607211500093,3.9432823535711066
*NC(=O)C(=S)c1ccc(*)s1,egb,0.9512,2.1132330894470215,1.8208990477127989,2.0447174680095097,2.045419977037882
*NC(=O)C(=S)c1ccc(*)s1,ei,6.6147,6.180710792541504,6.2861846228622165,6.219336596507459,6.207071198782161
*NC(=O)C(=S)c1ccc(*)s1,eps,8.51,6.105225563049316,6.590379334579471,5.725611351903647,6.3711208611792
*NC(=O)C=CC(=O)Nc1nc(*)nc(N)n1,egc,3.896,3.805986642837525,3.890458691026516,3.989759251278732,3.8748918480373433
*NC(=O)NC(*)=O,egb,3.9867,5.2914018630981445,5.161998979268302,4.891306932092979,5.261384105825805
*NC(=O)NC(*)=O,egc,3.9005,5.385589122772217,5.012778295883668,5.429126134737648,5.313781380930898
*NC(=O)NC(*)=O,ei,5.9087,8.005900382995605,7.787743174853695,7.313831164261345,7.763109235443077
*NC(=O)NC(*)=S,eea,3.7029,3.5804738998413086,3.8594237996553415,3.586696671189925,3.622581897663352
*NC(=O)NC(*)=S,egc,3.4559,2.9074738025665283,3.5292496220330447,3.4012467055358773,3.181190860957192
*NC(=O)NC(*)=S,ei,7.159,6.449456214904785,6.754773704047003,6.657114094079068,6.555238949062979
*NC(=O)NC(*)=S,eps,7.36,5.6064453125,5.662006031153007,5.514847948627144,5.63689614008804
*NC(=O)NC(=O)c1ccc(C(=S)c2ccc(-c3ccc(*)s3)s2)s1,eea,2.9241,3.8305609226226807,3.953360698053427,3.172540692083105,3.761028068104775
*NC(=O)NC(=O)c1ccc(C(=S)c2ccc(-c3ccc(*)s3)s2)s1,ei,5.1795,6.206118106842041,6.036782697481578,5.89401805802537,6.086885534023061
*NC(=O)NC(=O)c1ccc(C(=S)c2ccc(-c3ccc(*)s3)s2)s1,eps,6.31,7.044649124145508,6.988028792457756,6.175558628812666,7.013617560839622
*NC(=O)NCCCCCCNC(=O)Nc1cccc(*)n1,egc,4.99,5.080819129943848,4.529075240518166,4.707268823399474,4.855493262165373
*NC(=O)NCCCCCCNC(=O)Nc1cccc(*)n1,tg,169.67,77.50103759765625,109.17234762557348,117.7040730865944,96.44173474914238
*NC(=O)NO*,eea,1.9635,1.048421025276184,1.353127843952161,1.5415208640324018,1.1592341675933806
*NC(=O)NO*,egb,5.0658,5.222050666809082,5.039728188154268,5.313423785416526,5.179757081476408
*NC(=O)NO*,egc,5.5354,5.847596645355225,5.130757820223798,5.4646947222069615,5.582688886723389
*NC(=O)NO*,ei,7.4857,6.675398349761963,6.999475277078424,6.8603708205223946,6.776780086907674
*NC(=O)NO*,eps,5.14,4.812020778656006,4.454124288475739,4.418242555197868,4.615870610316634
*NC(=O)NO*,nc,1.8753,1.830700159072876,1.919198171853708,1.91359545521788,1.8620019605674427
*NC(=O)Nc1ccc(*)cc1,egb,3.4515,3.320104598999023,3.83731576153442,3.836449531713081,3.440082753086743
*NC(=O)Nc1ccc(*)cc1,nc,1.9598,1.973328113555908,1.9196961459902837,1.9206635104098264,1.954121336122911
*NC(=O)Nc1ccc(*)s1,egb,3.137,3.0343899726867676,2.8939610374202234,3.2547333205195335,3.001814487750998
*NC(=O)Nc1ccc(*)s1,egc,3.228,3.788543701171875,4.070397562419616,4.019888119182597,3.914663620984632
*NC(=O)Nc1ccc(*)s1,ei,4.8361,5.5789103507995605,5.230360299529838,5.57033031934431,5.528416052818445
*NC(=O)Nc1ccc(*)s1,eps,4.94,5.73612642288208,4.964601342141603,4.980856386358473,5.313281330467044
*NC(=O)Nc1ccc(*)s1,nc,2.0074,2.0521066188812256,1.9964890340314692,2.009123529754377,2.0333246494655413
*NC(=O)Nc1ccc(Cc2ccc(NC(=O)Nc3cccc(*)n3)cc2)cc1,tg,216.67,168.00277709960938,183.2997639346461,220.1212616579156,187.26812738154516
*NC(=O)OC(*)=O,egc,5.6538,5.227105617523193,5.309300946233674,5.743627550276118,5.385948652152261
*NC(=O)OC(*)=O,ei,8.2121,7.25675106048584,6.877519301665497,6.8519858316781495,7.080201742764395
*NC(=O)OC(*)=O,nc,1.7525,1.7182027101516724,1.8071185236038172,1.801437752545465,1.749647248423489
*NC(=O)OC(*)=S,eea,3.7701,3.310962200164795,3.321634597734702,3.3502816570501506,3.3177822008502043
*NC(=O)OC(*)=S,eps,5.76,5.629921913146973,5.9189220814249826,5.581209476993603,5.7883124903479
*NC(=O)Oc1ccc(*)cc1,egc,4.5955,4.606771469116211,4.879465882036528,4.975502221871224,4.7681810620327205
*NC(=O)Oc1ccc(*)cc1,nc,1.8802,1.8711758852005005,1.907551677023303,1.897968087978988,1.8833310027765537
*NC(=O)Oc1ccc(*)s1,egb,3.4227,4.030982494354248,3.3719303409048513,3.625892394010141,3.8781012989237764
*NC(=O)Oc1ccc(*)s1,ei,5.369,5.566971302032471,5.815392256002508,6.1624609239617865,5.784215629340031
*NC(=O)Oc1ccc(*)s1,eps,4.64,4.193700313568115,4.566300405520286,4.564986208139931,4.397908996148019
*NC(=O)Oc1ccc(*)s1,nc,1.9321,1.8894847631454468,1.9367768929142173,1.9352926726519075,1.9063594633305458
*NC(=O)c1ccc(-c2ccc(*)cc2)cc1,eea,2.3815,2.0792109966278076,1.9175190526579824,2.1212153903230733,2.060882641002072
*NC(=O)c1ccc(-c2ccc(*)cc2)cc1,egb,2.6675,2.946864604949951,3.176585253023155,3.1339768420046323,3.0001532060245104
*NC(=O)c1ccc(-c2ccc(*)cc2)cc1,egc,3.3965,3.880159378051758,3.726744572274299,4.126715811913414,3.912759451811149
*NC(=O)c1ccc(-c2ccc(*)cc2)cc1,nc,2.0808,2.0618221759796143,1.9844853680025225,1.9867940122430696,2.0342154103404657
*NC(=O)c1ccc(-c2ccc(*)cc2)s1,egb,1.9448,2.2649524211883545,2.0818954225231767,2.297928360423901,2.2224884482821565
*NC(=O)c1ccc(-c2ccc(*)cc2)s1,egc,2.9223,3.4389052391052246,2.9476029886808446,3.2438094432503055,3.2756476516419655
*NC(=O)c1ccc(-c2ccc(*)cc2)s1,ei,5.5458,5.966409206390381,6.072711688531584,6.070630255705907,6.0130564902051145
*NC(=O)c1ccc(-c2ccc(*)cc2)s1,nc,2.2535,2.2331974506378174,2.1297422818966085,2.1410389251899953,2.1970688808665013
*NC(=O)c1ccc(-c2ccc(*)s2)cc1,eea,2.1302,2.7049660682678223,2.0506100446877644,2.3023718666705433,2.5544754482008485
*NC(=O)c1ccc(-c2ccc(*)s2)cc1,egc,4.012,3.2903003692626953,3.242848413721177,3.216852002754273,3.259689384216868
*NC(=O)c1ccc(-c2ccc(*)s2)cc1,ei,6.1434,5.789154529571533,5.880918169675786,5.886404880039087,5.83166188106617
*NC(=O)c1ccc(-c2ccc(*)s2)cc1,eps,5.23,6.277007102966309,5.067930079321271,5.071224904978555,5.614355559209098
*NC(=O)c1ccc(C(*)=O)s1,eea,3.408,3.4572272300720215,3.225425257938566,3.1064058161274053,3.376166095772229
*NC(=O)c1ccc(C(*)=O)s1,ei,7.093,6.695019245147705,6.719616386002477,6.664295503659462,6.688947657433284
*NC(=O)c1ccc(C(*)=O)s1,nc,2.034,2.0746049880981445,1.997221996435056,2.044834400869763,2.051405914373748
*NC(=O)c1ccc(C(*)=S)cc1,ei,6.3279,6.574289321899414,6.470533738979097,6.537466343259001,6.548719268777447
*NC(=O)c1ccc(C(*)=S)cc1,eps,5.0,5.190818786621094,4.86628060273547,4.942971081955188,5.012951103790073
*NC(=O)c1ccc(C(*)=S)cc1,nc,1.971,2.010207176208496,2.058275320768011,2.08170095583933,2.0297938187196416
*NC(=O)c1ccc(C(*)=S)s1,egb,1.932,2.2574572563171387,1.8861682293831097,1.8173108117766112,2.171328852076594
*NC(=O)c1ccc(C(*)=S)s1,nc,2.2308,2.207780122756958,2.2513519820860832,2.2474374063829634,2.2230786140715963
*NC(=O)c1ccc(NC(=S)c2ccc(Nc3ccc(*)cc3)cc2)s1,eea,2.5831,2.217226505279541,2.972977554535928,2.776687691595713,2.4036295119239917
*NC(=O)c1ccc(NC(=S)c2ccc(Nc3ccc(*)cc3)cc2)s1,ei,5.2813,5.361823081970215,5.43672630373218,5.655677283867586,5.462478890157383
*NC(=O)c1ccc(NC(=S)c2ccc(Nc3ccc(*)cc3)cc2)s1,nc,2.2302,2.1930508613586426,2.2929163889695254,2.2002022550925657,2.2199364416012304
*NC(=O)c1ccc(O*)cc1,egc,4.6617,4.524270057678223,4.5500732200630365,4.571662736321152,4.5429415103889585
*NC(=O)c1ccc(O*)cc1,ei,6.7472,6.343016624450684,6.562415302722139,6.583549321757984,6.447113077461184
*NC(=O)c1ccc(O*)cc1,eps,4.32,4.100402355194092,4.583306450672759,4.346437089862511,4.365064686954325
*NC(=O)c1ccc(O*)s1,egb,3.0418,3.287692070007324,3.2171879598004254,3.0510528330815148,3.271337138770429
*NC(=O)c1ccc(O*)s1,ei,6.5697,6.315620422363281,6.286245153101846,6.274304449422326,6.298880946598256
*NC(=O)c1ccc(O*)s1,eps,4.85,4.616105556488037,4.72096066263518,4.7078426156935205,4.67357286138294
*NC(=O)c1ccc(O*)s1,nc,1.969,1.9511350393295288,1.9658368273237057,2.0093331840086788,1.9606737709342343
*NC(=S)C(=O)O*,eea,4.0646,4.198186874389648,4.454969880049999,4.247255703255089,4.2427254080997185
*NC(=S)C(=O)O*,egc,2.4947,3.5232925415039062,3.935932926956988,3.986182192756191,3.7416942177821064
*NC(=S)C(=O)O*,eps,6.34,6.178796768188477,5.735946493038334,5.5355037090411905,5.936086491884607
*NC(=S)C(=O)O*,nc,2.1342,2.078687906265259,2.183147409429681,2.1846844347202925,2.1164312403986925
*NC(=S)NC(*)=S,eea,4.2115,4.0019965171813965,3.399288458817327,3.3389853464882773,3.824438869500445
*NC(=S)NC(*)=S,egb,2.0315,1.771705150604248,2.620784829809147,2.9456232117556436,1.968667281284143
*NC(=S)NC(*)=S,egc,2.8537,2.6130080223083496,3.004491407986897,2.9447225424325585,2.7910067138223584
*NC(=S)NC(*)=S,ei,7.0636,6.454618453979492,6.159566484410171,6.035512799560406,6.285216702212104
*NC(=S)NC(*)=S,nc,2.2528,2.173182725906372,2.0883802282179182,2.049079886469575,2.13882569797614
*NC(=S)NO*,egc,3.4611,3.5695090293884277,3.9536043177688542,3.7735376376970766,3.711142308577726
*NC(=S)NO*,nc,2.0671,2.030869483947754,2.013996848997772,2.0058851088999914,2.0240051213880164
*NC(=S)Nc1ccc(*)cc1,egb,2.6405,2.938425064086914,3.4168586262294367,3.0153123244361533,3.0494079271753414
*NC(=S)Nc1ccc(*)cc1,egc,3.4701,3.307891607284546,3.2399597619249407,3.0698491599908,3.2279455412397486
*NC(=S)Nc1ccc(*)cc1,eps,5.66,4.920549392700195,5.33196094224893,5.040624810732567,5.146029236495533
*NC(=S)Nc1ccc(Cc2ccc(*)cc2)cc1,egb,3.7898,3.60687804222107,3.2551468031904114,2.9474936326430767,3.525286483780958
*NC(=S)Nc1ccc(Cc2ccc(*)cc2)cc1,ei,5.378,5.787391185760498,5.362800173394918,5.51867058598576,5.64645313043639
*NC(=S)Nc1ccc(NC(=S)Nc2ccc(Cc3ccc(*)cc3)cc2)cc1,eps,4.55,5.04287576675415,4.828240700834433,4.962329885488415,4.925242022174875
*NC(=S)Nc1ccc(NC(=S)Nc2ccc(Cc3ccc(*)cc3)cc2)cc1,nc,1.9843,2.014291286468506,1.985058085135929,2.0075586358885973,2.0059681233736506
*NC(=S)Nc1ccc(NC(=S)Nc2ccc(Oc3ccc(*)cc3)cc2)cc1,eea,2.2298,2.0839943885803223,2.9296627004984117,2.4353657660253685,2.2559678553922122
*NC(=S)Nc1ccc(NC(=S)Nc2ccc(Oc3ccc(*)cc3)cc2)cc1,eps,5.43,5.118599891662598,5.299063969510718,4.857028337065729,5.217505749139123
*NC(=S)OC(*)=S,eea,4.0637,4.360065460205078,3.481282562433798,3.6678774806218506,4.1377658205397045
*NC(=S)OC(*)=S,ei,6.6502,7.0223846435546875,7.1207579646961605,6.915621218208512,7.003057279848942
*NC(=S)OC(*)=S,eps,6.0,6.1383256912231445,5.962547394342258,5.752223508529911,6.041987941427868
*NC(=S)c1ccc(C(*)=S)s1,egb,1.6122,1.0483245849609375,1.710060610437789,1.809368484859995,1.2018283617179282
*NC(=S)c1ccc(C(*)=S)s1,eps,6.57,7.268970012664795,6.257344811807222,5.90456561614897,6.714534697178417
*NC(=S)c1ccc(O*)cc1,eea,2.5935,2.843649387359619,2.8297719445724843,2.9898333096033096,2.861080027280433
*NC(=S)c1ccc(O*)cc1,egb,2.6021,2.677852153778076,2.8442472421134504,2.6672549897818287,2.716451041415918
*NC(=S)c1ccc(O*)cc1,ei,5.884,5.900417327880859,6.0520791374202085,6.078613193998712,5.9760425562981805
*NC(=S)c1ccc(O*)cc1,eps,4.57,4.800814628601074,4.73466463125511,4.837587799571615,4.764560198979469
*NC(=S)c1ccc(O*)cc1,nc,1.9858,2.0185976028442383,1.9783032613165383,1.972582469527575,2.003537656621439
*NC(=S)c1ccc(O*)s1,egb,2.3899,2.2321715354919434,2.1627237159177306,2.446095743981699,2.2160616333833225
*NC(=S)c1ccc(O*)s1,egc,3.2187,3.0982980728149414,3.006184766448894,3.097833058849136,3.0775055683485437
*NC(=S)c1ccc(O*)s1,ei,6.1012,5.938272953033447,5.910297078039819,5.819206661131354,5.897814347662777
*NC(=S)c1ccc(O*)s1,eps,5.61,5.228359699249268,5.064561607365239,5.486712443274948,5.13858786806831
*NC(C#N)=C(C#N)NC(=O)c1ccc(C(*)=O)cc1,egc,3.4817,3.4713635444641113,3.764039917466657,3.810199524356503,3.6291301346913394
*NC(C#N)=C(C#N)NC(=O)c1ccc(C(*)=O)cc1,tg,232.0,206.37548828125,211.15768902499457,243.819656796638,218.94201873450513
*NC(C(*)=O)C(C)CC,egc,5.462,6.040838718414307,5.899613433341291,5.96094668327226,5.987437663472743
*NC(C(*)=O)C(Cc1ccccc1)c1c[nH]cn1,egc,4.764,5.168409824371338,4.293272363023745,4.364346597939792,4.753505982432041
*NC(C)(C)C(*)=O,egc,6.1893,5.395541191101074,5.595443661776103,5.500945750714134,5.469041648605452
*NC(C)(C)C(C)(C)C(*)=O,egc,5.4856,5.71406364440918,5.698543806938541,5.673798433944617,5.699636713013925
*NC(C)(CC)C(*)=O,egc,5.7479,5.6022233963012695,5.732456640386487,5.793210984747452,5.683356556891229
*NC(C)=CC(*)=O,egc,3.6072,3.9732840061187744,4.472943517556169,4.429806111989122,4.20947804007976
*NC(C)C(*)=O,egc,6.0729,5.8610429763793945,5.676743996845302,5.757523091492887,5.791555540208535
*NC(C)C(=O)NC(C)C(=O)NC(C(=O)NC(C(*)=O)C(C)C)C(C)C,egb,5.8867,5.2866997718811035,4.387724813958123,4.890241160852741,5.078163367728567
*NC(C)C(=O)NC(C)C(=O)NCC(*)=O,egc,5.7884,5.774360179901123,5.274991392844086,5.359831723267076,5.549646173815264
*NC(C)C(=O)NC(CCC(=O)OCC)C(=O)NCC(*)=O,egc,5.3361,5.892300605773926,5.855018803644358,5.918604232214573,5.891086145170358
*NC(C)C(=O)NCC(=O)NCC(=O)NCC(*)=O,egc,5.9084,5.636493682861328,5.195905996033061,5.28678422538699,5.442586762010368
*NC(C)C(=O)NCCCC(*)=O,egc,5.7766,5.835858345031738,5.848537842624948,5.754002976064759,5.81645295772183
*NC(C)CC(*)=O,egc,5.711,5.768734455108643,5.7512007664388465,5.851350571544082,5.787257567173723
*NC(C)CC(*)=O,tg,115.0,50.27025604248047,104.1992706048668,75.40262874616606,69.11804071166387
*NC(C)CCCCC(*)=O,egc,5.5854,5.757528305053711,5.945872059852719,5.785415851898789,5.807364666069688
*NC(C)CNC(=O)C1CC1C(*)=O,egc,5.5051,5.803183078765869,5.7484970872120655,5.888323315859669,5.81405698862942
*NC(C)CNC(=O)NC(CCCCNC(*)=O)C(=O)OC,egc,5.7921,5.813198089599609,5.602019817390266,5.732681442089948,5.743932931660567
*NC(C=C)CC(*)=O,egc,5.5439,5.397922515869141,5.68111059123905,5.50414286459266,5.49033028511132
*NC(CC(*)=O)C(=O)OC,egc,5.61,5.867761611938477,5.748431713288043,5.787395350816475,5.819143996668952
*NC(CC(*)=O)C(=O)OCC,egc,5.9557,5.810595512390137,5.6388433350562215,5.760358095408883,5.758406369940913
*NC(CC(*)=O)C(=O)OCCCC,egc,6.151,5.974374294281006,5.752144886508388,5.809294528128638,5.879643630793749
*NC(CC(*)=O)C(=O)OCCCCCCCCCCCC,egc,5.8778,5.816827297210693,6.025867472383833,6.188362714587377,5.964718097896659
*NC(CC(*)=O)C(=O)OCCOC,egc,5.9247,5.672558784484863,5.9020277064744056,5.8635018621751716,5.775943890865608
*NC(CC(*)=O)c1ccccc1,egc,5.6573,4.979396343231201,4.553373160023445,4.940960868930834,4.873368196001008
*NC(CC(=O)OCCC)C(*)=O,egc,5.0074,5.903573989868164,5.987509700781587,6.063682639402261,5.965926477749795
*NC(CC(=O)OCc1ccccc1)C(*)=O,egc,5.316,5.178399562835693,5.507152988442532,5.449736344369083,5.325912454516708
*NC(CC(C)C)C(*)=O,egc,6.106,5.949726581573486,5.8413781955985415,5.744508083216876,5.869635127722987
*NC(CCC(*)=O)C(=O)O,egc,5.9301,5.967807292938232,5.670054172371528,5.592107143105301,5.7988812113179735
*NC(CCC(*)=O)C(=O)OC,egc,5.6456,5.928534984588623,5.691964198147988,5.921861043631371,5.873644963197856
*NC(CCC(=O)Nc1ccc(N(c2ccccc2)c2ccccc2)cc1)C(*)=O,tg,132.0,181.2430419921875,150.9194128838033,166.87163561118538,170.57097769334507
*NC(CCC(=O)OC)C(*)=O,egc,5.9283,5.8489789962768555,5.904390150379314,5.88335778097437,5.8707556931046465
*NC(CCC(=O)OCC)C(*)=O,tg,-27.33,18.538986206054688,4.212814897125517,12.16188631712609,13.624690664751366
*NC(CCC(=O)OCCC)C(*)=O,egc,5.8843,5.920144557952881,5.719544811045764,5.773563054864388,5.835294859216248
*NC(CCC(=O)OCCCC)C(*)=O,egc,5.5734,5.9507341384887695,5.997770590870588,6.023924996739862,5.981181906783721
*NC(CCC(=O)OCCCC)C(*)=O,tg,-39.33,-18.706146240234375,-21.245960956067087,-21.882447307367585,-20.21029902255011
*NC(CCC(=O)OCCCCC)C(*)=O,tg,-20.0,-25.200225830078125,-44.52945101752128,-40.820512189336995,-34.00141101709482
*NC(CCC(=O)OCCCCCC)C(*)=O,tg,-48.33,-39.788543701171875,-36.920477633390874,-37.42812394963204,-38.4694196381192
*NC(CCC(=O)OCCCCCCCC)C(*)=O,egc,5.9976,5.870909690856934,5.785479790874342,6.005252493976825,5.8882603889293215
*NC(CCC(=O)OCCCCCCCC)C(*)=O,tg,-59.5,-34.22715759277344,-34.77083330104418,-33.59128527248794,-34.142049955241276
*NC(CCC(=O)OCCCl)C(*)=O,egc,5.9169,5.902947902679443,5.872229827482855,5.82604525310525,5.875152300942092
*NC(CCC(=O)OCc1ccc(C(F)(F)F)cc1)C(*)=O,tg,26.57,43.22173309326172,44.75110765653242,45.887836546316066,44.36058414516989
*NC(CCC(=O)OCc1ccc(Cl)cc1)C(*)=O,egc,5.2897,5.156691074371338,4.757457404947547,4.819334910427273,4.975420042525111
*NC(CCC(=O)OCc1ccc(F)cc1)C(*)=O,tg,46.9,12.401947021484377,37.92912205711705,36.334363036933766,25.047290574643036
*NC(CCC(=O)OCc1ccc([N+](=O)[O-])cc1)C(*)=O,tg,53.15,12.720016479492188,62.22308278916616,62.53099543165436,38.29431925974146
*NC(CCCCNC(*)=O)C(=O)OC,egc,6.2157,5.666562557220459,5.798220405002167,5.888693482913533,5.756480782759494
*NC(CCCCNC(=O)CCCCC(*)=O)C(=O)O,egc,5.7987,5.741695404052734,5.969842275769313,5.82934404746646,5.816706190460366
*NC(CCCCNC(=O)NCCCCCNC(*)=O)C(=O)OC,egc,5.5834,5.790027141571045,5.539171304534744,5.690756532078704,5.706762372352342
*NC(CCCCNC(=O)NCCNC(*)=O)C(=O)OC,egc,5.4494,5.870331287384033,5.757765067178141,5.753029554858118,5.813191261081702
*NC(CCCNC(=O)c1ccc(Br)cc1)C(*)=O,egc,4.6803,4.779143810272217,4.489839310645323,4.565597683929433,4.656190269855667
*NC(CCCNC(=O)c1ccc(F)cc1)C(*)=O,egc,4.7549,5.010702610015869,4.7613206177154055,4.856084993119653,4.9127239652672126
*NC(CSC(=O)OCc1ccccc1)C(*)=O,egc,5.0387,5.031741142272949,4.868400716435305,4.939726656000442,4.970083289270937
*NC(CSSCc1ccccc1)C(*)=O,egc,4.9511,4.968567848205566,4.73146877144755,4.616434848825877,4.819655891984847
*NC(Cc1c[nH]c2ccccc12)C(*)=O,egc,4.3631,4.362155437469482,3.133232514539996,3.48294784607799,3.847452071902053
*NC(Cc1ccc(O)cc1)C(*)=O,egc,4.9252,5.001242637634277,5.128224931951584,5.075484752288841,5.049912429592322
*NC(Cc1ccccc1)C(*)=O,egc,5.5152,4.997358322143555,5.044508844245342,4.998751603078936,5.008315513630503
*NC(F)(F)CC(*)(F)F,egc,7.1667,7.344647407531738,6.518496185115242,6.58253710835728,6.952137618415673
*NC(F)(F)CC(*)(F)F,ei,8.5515,8.51346206665039,8.618088167828907,8.379518569729672,8.48663426845081
*NC(F)(F)CC(*)(F)F,eps,3.9,3.869518280029297,3.4784482286577116,3.4954387072842255,3.6551868783148334
*NC(F)(F)CC(*)(F)F,nc,1.6205,1.5976760387420654,1.679209480803679,1.7004077773114,1.6290887634336992
*NC(F)(F)NC(*)(F)F,eea,1.6576,1.1264806985855105,1.311539787137857,1.3659661995699488,1.185785422802402
*NC(F)(F)NC(*)(F)F,egb,8.2637,6.646702766418457,8.136304130156635,7.922846717030075,6.992247555265944
*NC(F)(F)NC(*)(F)F,egc,8.2137,6.571343421936035,7.622969573611628,7.463537225023313,7.049799266467856
*NC1(F)CC(C(F)F)C(*)C(F)(F)C1F,egc,6.3292,6.26884126663208,6.342899859298582,6.777108968903347,6.423615099510313
*NC1CC(C)(C)CC(C)(CNC(=O)CCCCC(*)=O)C1,egc,5.6216,5.376983642578125,5.43541351893193,5.746665175218697,5.490580305959025
*NC1CC(C)(C)CC(C)(CNC(=O)c2cc(NC(=O)C(C(C)CC)N3C(=O)c4ccccc4C3=O)cc(C(*)=O)c2)C1,tg,128.0,170.24371337890625,174.67425835330852,182.41920368567904,174.92027427973886
*NC1CC(C2(C)OC(O)OC(C)NC2=O)C(F)(N(C(*)O)C(F)F)O1,egc,5.6343,5.8266754150390625,5.289725250400387,5.110183601167927,5.511449512929024
*NC1CCC(CC(C)(C)NC(=O)CCCCC(*)=O)CC1,tg,80.0,131.394775390625,131.09767016143442,124.1610995793785,129.0957798170785
*NC1CCC(CC2CCC(NC(=O)CCCCC(*)=O)CC2)CC1,tg,173.33,148.6249237060547,124.07777030833674,120.74769897343371,134.96032081537388
*NC1CCC(CC2CCC(NC(=O)CCCCCCCCC(*)=O)CC2)CC1,tg,139.33,133.1525421142578,121.34778128993176,122.0821166891314,127.30386981649099
*NC1CCC(CC2CCC(NC(=O)CCCCCCCCCCC(*)=O)CC2)CC1,egc,5.7012,5.647294998168945,5.702735964265332,5.700214897869087,5.67411826847288
*NC1CCC(CC2CCC(NC(=O)CCCCCCCCCCC(*)=O)CC2)CC1,tg,139.67,124.9190673828125,129.73966890651064,125.69819121565948,126.14983662671871
*NC1CCC(CC2CCC(NC(=O)CCCCCCCCCCCCC(*)=O)CC2)CC1,tg,131.0,109.49808502197266,125.6418270995884,121.16930589988203,116.42347266504862
*NC1CCC(CCC2CCC(NC(=O)CCCCCCCCCCC(*)=O)CC2)CC1,egc,5.7235,5.693387985229492,5.756379769064449,5.679710649587248,5.703802720073967
*NC1CCC(CCC2CCC(NC(=O)CCCCCCCCCCC(*)=O)CC2)CC1,tg,105.0,122.47249603271484,118.8473572714906,119.08307047162565,120.67957729587926
*NC1CCCC1C(*)=O,egb,6.4002,5.934072017669678,5.755520811900873,5.690887123100014,5.892653259471837
*NC1CCCC1C(*)=O,egc,5.8804,5.8298187255859375,5.685800054308244,5.639588898858705,5.745798708494239
*NC1NN(C(C(*)O)(C(F)(F)F)C(O)(Cl)C2(F)OC(O)C(O)C2O)O1,egc,5.0077,5.756101131439209,5.04103697975488,5.865957367032311,5.6255340924567925
*NCC(F)(F)C(*)(F)F,eea,0.6587,1.4387894868850708,1.3950520891640814,1.5986427662113831,1.4536234226386595
*NCC(F)(F)C(*)(F)F,egb,7.8675,7.474648952484131,8.031115894715057,8.27280653548835,7.6037333214533245
*NCC(F)(F)C(*)(F)F,egc,6.8454,7.217905044555664,7.715628517935112,7.884567815304825,7.51078559711667
*NCC(F)(F)C(*)(F)F,eps,4.32,3.838564395904541,3.3691228185918596,3.3885045646723784,3.5812803851867967
*NCC(F)(F)C(*)(F)F,nc,1.5942,1.6480025053024292,1.7337261372192845,1.7415715977397466,1.679619186850808
*NCCCCCCNc1nc(*)nc(-c2ccccc2)n1,tg,95.0,107.64021301269533,79.99502804717773,103.71808917970444,100.75092096506108
*NCCCNC(=O)NC(*)=O,eea,0.6578,1.5152299404144287,1.248904547508691,1.2501903800231735,1.4404935623727064
*NCCCNC(=O)NC(*)=O,egb,6.0227,4.960406303405762,5.041571780249409,4.723459700025842,4.979234365893071
*NCCCNC(=O)NC(*)=O,eps,4.19,4.53857421875,3.968529376103641,4.011671568815514,4.226153183858724
*NCCCNC(=O)NC(*)=O,nc,1.7499,1.8004835844039917,1.8027536895671503,1.8087457628198869,1.8018857362473866
*NCNC(=O)OC(=O)NC(*)=O,eea,1.6859,1.229023814201355,1.222058821086475,1.463752501104579,1.2592790851255637
*NCNC(=O)OC(=O)NC(*)=O,eps,4.67,4.359588623046875,4.017993741511548,4.043933170912737,4.172372778925929
*NCNC(=O)OC(=O)NC(*)=O,nc,1.7355,1.6733860969543457,1.8613489046682627,1.8551369215489435,1.7404241161702352
*NNC(=O)C(*)=O,egc,5.5325,4.787369251251221,4.608000942135984,4.168692257928719,4.5789569447303515
*NNC(=O)C(=O)NNC(=O)CCCCC(*)=O,egc,4.5812,5.068687915802002,5.079096244606797,4.847400689131239,5.010872318121748
*NNC(=O)C(=O)NNC(=O)CCCCCCCC(*)=O,egb,3.7266,4.564245700836182,4.485744802052535,4.60300385941121,4.546035744028368
*NNC(=O)C(=O)NNC(=O)CCCCCCCC(*)=O,egc,4.4307,5.102970600128174,4.936829158118035,4.917196110011237,5.015198282393037
*NNC(=O)C1CCC(C(=O)NNC(=O)CCCCC(*)=O)CC1,egc,4.9352,5.307882785797119,5.690366199428175,5.790605390249206,5.524909622466321
*NNC(=O)C=CC(=O)NCCCCCCNC(=O)C=CC(*)=O,tg,102.4,228.3202209472656,122.51608787504723,135.11918107051832,177.7624566113084
*NNC(=O)CCC(=O)NNC(=O)CCCCC(*)=O,egc,5.7153,5.417570114135742,5.438731148279413,5.407122599311663,5.419477837606822
*NNC(=O)CCC(=O)NNC(=O)CCCCCCCCC(*)=O,egc,5.7186,5.4342851638793945,5.537072922315634,5.714458278628637,5.533503383748511
*NNC(=O)CCCCC(*)=O,egc,5.6711,5.5868611335754395,5.7884219714935465,5.932619966699837,5.726067260205288
*NNC(=O)CCCCCCCCC(*)=O,egc,6.0464,5.462645053863525,5.826433930135576,5.889865325561542,5.660390911838449
*NNC(=O)c1cc(NC(=O)c2ccc3c(c2)C(=O)N(c2ccc(C)cn2)C3=O)cc(C(=O)NNC(=O)C(*)=O)c1,tg,146.4,116.16691589355467,194.35732912877407,165.24468560386984,147.4041832667503
*NNC(=O)c1cc(NC(=O)c2ccc3c(c2)C(=O)N(c2ccc(C)cn2)C3=O)cc(C(=O)NNC(=O)c2ccc(C(*)=O)cc2)c1,tg,145.6,166.99058532714844,166.9834689858752,159.25783329565414,164.59672036200442
*NNC(=O)c1cc(NC(=O)c2ccc3c(c2)C(=O)N(c2ncccc2C)C3=O)cc(C(=O)NNC(=O)C(*)=O)c1,tg,134.1,159.20187377929688,177.59341325248502,142.4936885979647,157.80857138199082
*NNC(=O)c1cc(NC(=O)c2ccc3c(c2)C(=O)N(c2ncccc2C)C3=O)cc(C(=O)NNC(=O)CC(*)=O)c1,tg,156.3,141.14193725585938,157.5592716109376,160.04610658275874,150.36126798463528
*NNC(=O)c1cc(NC(=O)c2ccc3c(c2)C(=O)N(c2ncccc2C)C3=O)cc(C(=O)NNC(=O)CCCC(*)=O)c1,tg,131.7,131.57859802246094,151.71167192931034,155.49458933485667,143.11139523239646
*NNC(=O)c1cc(NC(=O)c2ccc3c(c2)C(=O)N(c2ncccc2C)C3=O)cc(C(=O)NNC(=O)c2ccc(C(*)=O)cc2)c1,tg,130.3,199.26014709472656,171.0695603244527,167.00510375945038,183.49307459253035
*NNC(=O)c1ccc(C(*)=O)cc1,egc,4.8451,4.6250319480896,4.669525774981391,4.596282981759301,4.627199766825318
*NNC(=O)c1ccc(C(*)=O)cc1OCC,tg,240.0,183.7467041015625,181.12252239501785,206.7715523900575,190.33149424755226
*NNC(=O)c1ccc(C(*)=O)cc1OCCCCC,tg,234.0,186.7653045654297,135.31941636363953,132.6070093588642,159.44712230063544
*NNC(=O)c1ccc(C(*)=O)cc1OCCCCCCCC,egc,4.1277,4.416077613830566,4.23372132630245,4.207905059655549,4.318579121432827
*NNC(=O)c1ccc(C(*)=O)cc1OCCCCCCCCCC,egc,4.1107,4.373814582824707,4.103848153784571,4.121084754586121,4.244548643445536
*NNC(=O)c1ccc(C(=O)NNC(=O)c2ccc([Si](c3ccccc3)(c3ccccc3)c3ccc(C(*)=O)cc3)cc2)c2ccccc12,tg,271.5,216.37399291992188,245.98693251909225,247.9141526053333,232.21191430305703
*NNC(=O)c1ccc([Si](c2ccccc2)(c2ccccc2)c2ccc(C(*)=O)cc2)cc1,egc,4.754,4.263736248016357,3.6652075588970985,3.768297717931308,3.99478205096632
*NNC(=O)c1cccc(C(*)=O)c1,egc,5.0927,5.03240442276001,4.688891008282542,4.78875368661156,4.889105729434165
*NNC(=O)c1cccc(C(=O)NNC(=O)C(*)=O)c1,egc,4.3275,4.714100360870361,4.215081342139981,4.126577837528036,4.442441214939166
*NNC(=O)c1cccc(C(=O)NNC(=O)CCCCCCCCC(*)=O)c1,egc,4.5398,4.74395227432251,4.729711198853898,4.712130749538177,4.732107420345617
*NNC(=O)c1ccccc1C(=O)NCCCCCCNC(=O)c1ccccc1C(*)=O,tg,224.5,151.80357360839844,153.2923443135957,159.9841578841683,154.64019049534068
*NNC(=O)c1ccccc1C(=O)Nc1cccc(C=C2CCCC(=Cc3cccc(NC(=O)c4ccccc4C(*)=O)c3)C2=O)c1,tg,195.0,215.0946807861328,223.2873424614098,228.3216557708652,220.86895763109817
*NNC(=S)c1ccc(C(*)=S)cc1,egc,3.4154,3.482503890991211,2.970629211469463,2.9384816109807956,3.2197848380588816
*NOC(=O)NCC(=O)NC(*)=O,egb,4.9352,5.448564529418945,4.939719399406393,5.205890410738954,5.330527054906292
*NOC(=O)NCC(=O)NC(*)=O,ei,8.0693,6.493510723114014,7.048313427927477,6.922377874572678,6.701578055047364
*NOC(=O)NCC(=O)NC(*)=O,eps,5.02,4.677720546722412,4.170198463323658,4.128654458454674,4.399565982969992
*NOC(=O)NCC(=O)NC(*)=O,nc,1.7831,1.7816693782806396,1.8875037677088728,1.8965188634416577,1.8206378106928702
*NOC(=O)O*,eea,1.6985,1.6613538265228271,1.4016538840941113,1.4541162891914805,1.5953020467905188
*NOC(=O)O*,egb,5.0089,6.94239616394043,5.59741320936229,5.680730084538316,6.630398697801657
*NOC(=S)O*,eea,2.7178,2.5797228813171387,2.722162894191865,2.941719801787495,2.6490498988939164
*NOC(=S)O*,egc,4.8496,4.1702680587768555,3.7171699298105576,4.0015168895131055,4.022742818314723
*NOC(=S)O*,ei,7.5682,6.503936767578125,6.928652433740328,6.87687361957102,6.676942512898668
*NOC(=S)O*,nc,1.942,1.8924049139022827,1.9552875656845856,1.9645029047691736,1.9159352890460828
*NOC(F)(F)C(*)(F)F,egb,6.3342,7.348142623901367,7.770774816487165,8.364849140640754,7.446181169852161
*NOC(F)(F)C(*)(F)F,egc,6.8893,7.26514720916748,8.111178471534162,7.446173206382571,7.504165628552834
*NOC(F)(F)C(*)(F)F,ei,9.0368,8.61720085144043,8.795644577857363,8.646521639052757,8.650718300941753
*NOC(F)(F)C(*)(F)F,eps,3.73,3.919334888458252,3.440873311202112,3.450409901680451,3.657107340835635
*NOC(F)(F)C(*)(F)F,nc,1.6008,1.6303613185882568,1.6655009936864515,1.692610494891342,1.6456549830228617
*NOc1ccc(O*)cc1,egb,4.5587,3.9606754779815674,4.155542198590618,4.275382770104603,4.005878967630153
*NOc1ccc(O*)cc1,eps,4.11,3.97175931930542,4.161312094132496,4.179683664535978,4.075646364056261
*NOc1ccc(O*)cc1,nc,1.8691,1.8284316062927248,1.8667283045671368,1.8523665794124624,1.8408113987807537
*NS(=O)Nc1cccc(*)n1,egc,4.5634,3.999870538711548,4.017260510960034,4.274096360604685,4.0783127116723605
*Nc1c(Br)cc(*)cc1Br,egc,4.3604,3.4677035808563232,3.6626146536669126,3.5970793021134755,3.5466000838050786
*Nc1c(Br)cc(C(*)=O)cc1Br,egc,3.8726,4.146404266357422,3.932080964899883,3.9990384708275406,4.058262428155434
*Nc1c(C)c(C)c(C(=O)c2ccc(NC(=O)c3ccc(C(*)=O)cc3)cc2)c(C)c1C,egc,3.4801,3.704535007476806,3.5027976465147885,3.593494057680307,3.6290907872415197
*Nc1c(C)c(C)c(C(=O)c2ccc(NC(=O)c3ccc(C(*)=O)cc3)cc2)c(C)c1C,tg,366.0,222.32745361328125,295.4124998737384,298.7891000148546,260.98871974590566
*Nc1c(Cl)cc(*)cc1Cl,egc,4.3983,3.804128646850586,3.99753192448594,3.9574598651720567,3.88919850179834
*Nc1c(Cl)cc(C(*)=O)cc1Cl,egc,3.9189,4.3694987297058105,3.8774957095215106,3.932180836446923,4.140242599303411
*Nc1c(F)c(F)c(-c2ccc3cc(-c4ccc5c(c4)C(=O)N(c4cccc(*)c4)C5=O)ccc3c2)c(F)c1F,egc,2.918,2.754115343093872,2.819535012703783,3.0366840097090004,2.845601000213137
*Nc1c(I)cc(C(*)=O)cc1I,egc,3.842,4.01130485534668,3.611587662374194,3.555646679963192,3.797768240107632
*Nc1c(OC)cc(*)cc1OC,egc,3.4275,3.56433629989624,3.562698933916096,3.8055408394901686,3.629533675108479
*Nc1cc(*)ccc1CCCCCC,egc,4.1073,3.8178353309631343,4.217459560127366,3.907658114486071,3.9319089412115886
*Nc1cc(*)ccc1CCCCCCCCCCCC,egc,4.025,3.829730987548828,3.7965453534732303,3.923730704463124,3.847836817872322
*Nc1cc(*)ccc1N,egc,3.7339,3.4492831230163574,3.4672394150373123,3.5869601816461376,3.490735379860901
*Nc1cc(Br)c(*)cc1Br,egc,3.1464,4.178266525268555,4.163975050589671,3.958613533990595,4.115353618446347
*Nc1cc(C(c2ccc(O)c(NC(=O)c3ccc(C(*)=O)cc3)c2)(C(F)(F)F)C(F)(F)F)ccc1O,egc,3.6515,3.73537015914917,3.760990693917426,3.7794008810340167,3.753086784217105
*Nc1cc(C(c2ccc(O)c(NC(=O)c3ccc4cc(C(*)=O)ccc4c3)c2)(C(F)(F)F)C(F)(F)F)ccc1O,egc,3.7695,3.049889087677002,3.421738407442632,3.390646742525536,3.2259408974892345
*Nc1cc(C)c(*)cc1C,egc,3.9275,3.722512245178222,3.78463411156499,3.653274634451157,3.7176292982834496
*Nc1cc(F)c(*)cc1F,egc,3.4723,3.819672107696533,3.673885584643595,3.7718185103949047,3.7739564708619087
*Nc1cc(NC(=O)C(*)=O)ccc1C,tg,-54.65,300.56781005859375,196.55559766938669,194.52347895060717,246.4044132598023
*Nc1cc(NC(=O)CCCCC(*)=O)cc(-c2nnc(-c3ccccn3)o2)c1,tg,159.0,113.83019256591795,159.85431240515976,131.9852303880515,128.89633201433955
*Nc1cc(NC(=O)NC2CCC(CC3CCC(NC(*)=O)CC3)CC2)cc(C(=O)Nc2ccc3c(c2)C(=O)c2ccccc2C3=O)c1,tg,148.0,169.51902770996094,237.0095050713486,243.86331224444763,206.3765892033457
*Nc1cc(NC(=O)NC2CCC(CC3CCC(NC(*)=O)CC3)CC2)cc(C(=O)Nc2cccc3c2C(=O)c2ccccc2C3=O)c1,tg,156.0,221.67739868164065,236.871980446736,232.8890039157148,228.26571532436785
*Nc1cc(NC(=O)Nc2ccc(CCc3ccccc3NC(*)=O)cc2)ccc1C,tg,227.0,199.5648193359375,169.3419715892044,180.05562386898274,187.32388735187456
*Nc1cc(NC(=O)Nc2ccc(Cc3ccc(NC(*)=O)cc3)cc2)cc(C(=O)Nc2ccc3c(c2)C(=O)c2ccccc2C3=O)c1,tg,168.0,232.434814453125,191.52665415229015,178.7362030126528,207.4223564005872
*Nc1cc(NC(=O)Nc2ccc(Cc3ccc(NC(*)=O)cc3)cc2)cc(C(=O)Nc2cccc3c2C(=O)c2ccccc2C3=O)c1,tg,178.0,168.3690948486328,196.9002816598669,181.78015216474552,178.3760338053449
*Nc1cc(NC(=O)Nc2ccc(NC(*)=O)cc2)cc(C(=O)Nc2ccc3c(c2)C(=O)c2ccccc2C3=O)c1,tg,184.0,174.25411987304688,176.62337816269533,185.43163197146396,178.1987169735351
*Nc1cc(NC(=O)Nc2ccc(NC(*)=O)cc2)cc(C(=O)Nc2cccc3c2C(=O)c2ccccc2C3=O)c1,tg,190.0,166.01025390625,182.04636539774995,194.28765453838363,178.0512605853472
*Nc1cc(NC(=O)c2cc(NC(=O)C(C(C)CC)N3C(=O)c4ccccc4C3=O)cc(C(*)=O)c2)ccc1C,tg,166.0,159.44163513183594,212.8409908318253,216.23171380562147,187.9751209987292
*Nc1cc(NC(=O)c2cc(OCCCN(C)c3ccc(N=Nc4ccc(S(C)(=O)=O)cc4)cc3)cc(C(*)=O)c2)cc(C(=O)OCCCN(C)c2ccc(N=Nc3ccc(S(C)(=O)=O)cc3)cc2)c1,tg,168.0,183.07810974121097,172.57221178028905,174.32548176228224,178.213201115257
*Nc1cc(NC(=O)c2cc(OCCCS(=O)(=O)c3ccc(N=Nc4ccc(N(C)C)cc4)cc3)cc(C(*)=O)c2)cc(C(=O)OCCCN(C)c2ccc(N=Nc3ccc(S(C)(=O)=O)cc3)cc2)c1,tg,166.0,165.21707153320312,178.58695624507203,164.87277447729687,167.85552656814656
*Nc1cc(NC(=O)c2cc(OCCN(C)c3ccc(C#N)cc3)cc(C(*)=O)c2)cc(C(=O)OCCN(C)c2ccc(C#N)cc2)c1,tg,167.0,229.9173583984375,183.76154728619875,178.29184866536465,204.4688916312404
*Nc1cc(NC(=O)c2cc(OCCN(C)c3ccc(S(=O)(=O)C(F)(F)C(F)(F)C(F)(F)C(F)(F)C(F)(F)C(F)(F)C(F)(F)C(F)(F)F)cc3)cc(C(*)=O)c2)cc(C(=O)OCCN(C)c2ccc(C#N)cc2)c1,tg,157.0,169.8033447265625,171.85434578478942,183.8767987719742,174.5785637278837
*Nc1cc(NC(=O)c2cc(OCCN(C)c3ccc([N+](=O)[O-])cc3)cc(C(*)=O)c2)cc(C(=O)OC)c1,tg,177.0,195.3239898681641,201.0858827635538,188.62611043727873,194.43473710810423
*Nc1cc(NC(=O)c2cc(OCCN(C)c3ccc([N+](=O)[O-])cc3)cc(C(*)=O)c2)cc(C(=O)OC2CC(C)CCC2C(C)C)c1,tg,193.0,234.11697387695312,171.38706262941415,210.54694782374904,213.94564197360404
*Nc1cc(NC(=O)c2ccc(-c3ccc(C(*)=O)cc3)cc2)cc(C(=O)OCCOc2ccc(C=CC(=O)c3ccccc3)cc2)c1,egc,3.5149,3.1222915649414062,3.1317762789551886,3.0636269717967206,3.1084731767928284
*Nc1cc(NC(=O)c2ccc(-c3ccc(C(*)=O)cc3)cc2)cc(C(=O)OCCOc2ccc(C=CC(=O)c3ccccc3)cc2)c1,tg,254.0,182.22210693359375,208.4580368942595,206.05733271276029,194.98289592419414
*Nc1cc(NC(=O)c2ccc(C(*)=O)cc2)cc(-c2nc3ccccc3[nH]2)c1,tg,267.5,255.61866760253903,283.96884738114704,283.27958532811823,269.9971488350112
*Nc1cc(NC(=O)c2ccc(C(*)=O)cc2)cc(-c2nc3ccccc3oc2=O)c1,tg,103.0,248.6352081298828,264.1807569744925,273.9808790929538,259.6684616044193
*Nc1cc(NC(=O)c2ccc(C(*)=O)cc2)cc(-c2nnc(-c3ccccn3)o2)c1,tg,230.0,166.2463836669922,240.27022310058777,250.83042295138188,207.6133470163631
*Nc1cc(NC(=O)c2ccc(C(*)=O)cc2)cc(C(=O)OC(c2ccccc2)c2ccccc2)c1,tg,217.0,191.77040100097656,222.6511227325551,196.7677113475947,199.65662969587098
*Nc1cc(NC(=O)c2ccc(C(*)=O)cc2)cc(C(=O)OCCOC(=O)C=Cc2ccc(N(C)C)cc2)c1,tg,198.0,188.43299865722656,194.9028869177491,182.3883382017035,187.89120136600312
*Nc1cc(NC(=O)c2ccc(C(*)=O)cc2)cc(C(=O)OCCOc2ccc(C=CC(=O)c3ccccc3)cc2)c1,egc,3.1709,3.230841636657715,3.110389366073071,3.213577455151868,3.1991247517753223
*Nc1cc(NC(=O)c2ccc(C(*)=O)cc2)cc(C(=O)Oc2ccc(-c3ccccc3)cc2)c1,tg,178.0,223.5684814453125,227.624341781918,232.8640287471088,227.27710215586444
*Nc1cc(NC(=O)c2ccc(C(*)=O)cc2)cc(C(=O)Oc2ccccc2)c1,tg,200.0,229.2566375732422,214.91824005360877,221.26682316379487,223.84088084364606
*Nc1cc(NC(=O)c2ccc3cc(C(*)=O)ccc3c2)cc(C(=O)OCCOc2ccc(C=CC(=O)c3ccccc3)cc2)c1,egc,2.7406,3.0675716400146484,3.2355533382839656,3.248318469103286,3.1543901994647947
*Nc1cc(NC(=O)c2cccc(C(*)=O)c2)c(N)cc1N,egc,3.509,3.449557065963745,3.486012625582272,3.627001897818346,3.5059694905386882
*Nc1cc(NC(=O)c2cccc(C(*)=O)c2)cc(C(=O)OCCOc2ccc(C=CC(=O)c3ccccc3)cc2)c1,tg,216.0,201.73480224609375,208.26526685416215,209.07812832030385,205.34749523239753
*Nc1cc(NC(=O)c2cccc(C(*)=O)c2)cc(C(=O)Oc2ccc(Oc3ccc(C#N)c(C#N)c3)cc2)c1,tg,305.0,222.9776611328125,194.2012936550123,208.9042575172672,212.71546348874557
*Nc1cc(NC(=O)c2ccccc2C(*)=O)cc(-c2nnc(-c3ccccn3)o2)c1,tg,90.0,196.84197998046875,231.31200864470867,254.34451091806292,221.70950178612006
*Nc1cc(OC)c(*)cc1OC,egc,3.2172,3.3416690826416016,3.5832303972301784,3.482504213941767,3.4341467330148845
*Nc1cc(OCC)c(*)cc1OCC,egc,3.3635,3.969172477722168,3.9590006048672906,3.9619651160464104,3.964931244441698
*Nc1cc([N+](=O)[O-])c(NC(=O)CCCCCCC(*)=O)cc1C=Cc1ccc(N(C)C)cc1,tg,177.6,145.63829040527344,163.1302354626196,153.43731265149515,151.64247468133547
*Nc1cc([N+](=O)[O-])c(NC(=O)CCCCCCCCC(*)=O)cc1C=Cc1ccc(N(C)C)cc1,tg,159.0,152.34353637695312,144.86710946564844,146.2730552419612,148.93042773039494
*Nc1cc([N+](=O)[O-])c(NC(=O)CCCCCCCCCCCCC(*)=O)cc1C=Cc1ccc(N(C)C)cc1,tg,125.0,160.9564971923828,125.36130619228496,148.58918265415096,149.82216431243575
*Nc1ccc(*)cc1,eea,0.9827,1.0339173078536987,1.433204668140928,1.3276283998054468,1.1321507012137413
*Nc1ccc(*)cc1,egc,4.0074,3.200200080871582,3.3621968117916072,3.610168521593506,3.3479833836045514
*Nc1ccc(*)cc1,ei,4.9916,4.295680522918701,5.513508414959504,5.363409031790754,4.791255469047598
*Nc1ccc(*)cc1,nc,2.124,2.0009896755218506,1.981860953639563,1.971288645146581,1.993073088712366
*Nc1ccc(*)cc1C,egc,3.5769,3.5912423133850098,3.8428163390199432,3.5730654892068183,3.642743402765923
*Nc1ccc(*)cc1C(C)CC,egc,3.553,3.728129386901855,3.9384686292306954,3.970636840889926,3.841238986879712
*Nc1ccc(*)cc1CCCCCCCCCCCCCCC,egc,3.3286,4.021161079406738,3.9556791315971647,4.061195569644958,4.017352120586287
*Nc1ccc(*)cc1CO,egc,3.7131,3.880007028579712,4.089083445088982,3.744860716978746,3.89017866360732
*Nc1ccc(*)cc1F,egc,3.5047,3.5339109897613525,3.6436641802418985,3.677530766663186,3.5975737244406667
*Nc1ccc(*)cc1O,egc,3.4121,3.5256216526031494,3.1268789419063814,3.3477930321037164,3.387823883360263
*Nc1ccc(*)cc1OC,tg,90.0,197.2322998046875,142.61736929372302,159.5192183832009,174.35139648370034
*Nc1ccc(*)cc1OCCCCCCCCCCCC,egc,3.5203,3.690701961517334,3.5048668193226717,3.745892000628869,3.664010745591856
*Nc1ccc(*)cc1OCCCCCCCCCCOc1ccc(C2CCC(CCCCC)CC2)cc1,tg,54.0,72.06864929199219,83.36312189172494,73.75812903741203,74.9102224706966
*Nc1ccc(*)nc1,egc,3.2295,4.01739501953125,4.109037039855178,4.127887379320933,4.067989653785182
*Nc1ccc(-c2c(-c3ccc(-c4ccccc4)cc3)cc(-c3ccc(-c4cc(-c5ccc(-c6ccccc6)cc5)c(-c5ccc(NC(=O)c6ccc(C(*)=O)cc6)cc5)c(-c5ccc(-c6ccccc6)cc5)c4)cc3)cc2-c2ccc(-c3ccccc3)cc2)cc1,tg,305.0,271.16021728515625,289.0498384757629,292.5060193830111,281.4372303163391
*Nc1ccc(-c2ccc(*)cc2)c(C)c1,egc,3.3791,3.825613498687744,3.523620275814387,3.4932703443056,3.667521517857067
*Nc1ccc(-c2ccc(-c3ccc(*)cc3)cc2)cc1,eea,1.5312,1.89656925201416,1.510206584507062,1.581489611371336,1.79740031692321
*Nc1ccc(-c2ccc(-c3ccc(*)cc3)cc2)cc1,egb,2.9094,2.044268846511841,2.6051185787939395,2.7076185654754807,2.1743698970575025
*Nc1ccc(-c2ccc(-c3ccc(*)cc3)cc2)cc1,egc,3.4269,3.0030250549316406,3.1224050827834615,3.3235241433070586,3.116927328698224
*Nc1ccc(-c2ccc(-c3ccc(*)cc3)cc2)cc1,ei,4.7817,4.9959635734558105,4.948566783157796,5.13744081673207,5.032965825361769
*Nc1ccc(-c2ccc(-c3ccc(*)cc3)cc2)cc1,eps,4.29,5.020805358886719,4.432047658162315,4.53603999602534,4.698128480859707
*Nc1ccc(-c2ccc(-c3ccc(*)cc3)s2)cc1,egb,1.8163,2.172121286392212,2.3595839292962517,2.4838389533877594,2.2156072423908757
*Nc1ccc(-c2ccc(-c3ccc(*)cc3)s2)cc1,eps,5.91,5.845491409301758,5.673816209199166,5.409558899177169,5.751402418982636
*Nc1ccc(-c2ccc(-c3ccc(*)s3)cc2)cc1,eea,1.8885,1.7856043577194214,1.9680305835645513,1.9510234304504912,1.834647490779667
*Nc1ccc(-c2ccc(-c3ccc(*)s3)cc2)cc1,egc,2.8401,3.3927481174468994,3.24525034009072,3.110594884785405,3.28296073051418
*Nc1ccc(-c2ccc(-c3ccc(*)s3)cc2)cc1,eps,5.94,5.139846324920654,4.922462646528899,5.120209835322627,5.020706164900371
*Nc1ccc(-c2ccc(-c3ccc(*)s3)cc2)s1,eea,2.0751,2.2363851070404053,1.9810630007913892,1.88936629759463,2.152350330386752
*Nc1ccc(-c2ccc(-c3ccc(*)s3)cc2)s1,egb,1.6397,2.198035955429077,1.9782535244196104,2.0105312270543334,2.1470527356467257
*Nc1ccc(-c2ccc(-c3ccc(*)s3)cc2)s1,egc,2.5627,2.8545961380004883,3.032476724939296,2.9675056333064296,2.92519587784497
*Nc1ccc(-c2ccc(-c3ccc(*)s3)cc2)s1,nc,2.4847,2.376835346221924,2.421826483655381,2.355931928051032,2.386591719097117
*Nc1ccc(-c2ccc(-c3ccc(*)s3)s2)cc1,egb,2.587,1.832491159439087,1.7949327361211749,1.8707648673887325,1.8237786825504623
*Nc1ccc(-c2ccc(-c3ccc(*)s3)s2)cc1,egc,3.3427,2.5391907691955566,2.42867850852972,2.449782391609366,2.49009359007888
*Nc1ccc(-c2ccc(-c3ccc(*)s3)s2)cc1,ei,4.896,4.477560997009277,4.694607661049423,4.727860723032832,4.58433826409846
*Nc1ccc(-c2ccc(-c3ccc(*)s3)s2)s1,egb,1.5003,1.6334435939788818,1.6547964476414108,1.883726905368084,1.6383968435459968
*Nc1ccc(-c2ccc(-c3ccc(*)s3)s2)s1,ei,4.3058,4.448821067810059,4.690894003020989,4.8608584081454795,4.6087750635765214
*Nc1ccc(-c2ccc(-c3ccc(*)s3)s2)s1,eps,7.17,7.202803611755371,7.241649335095125,7.008146698250023,7.224093552789773
*Nc1ccc(-c2ccc(-c3ccc(*)s3)s2)s1,nc,2.5509,2.6127054691314697,2.513282428938378,2.4540644889063676,2.571141622676443
*Nc1ccc(-c2ccc(C(*)=O)s2)s1,egc,2.263,2.4812204837799072,2.5349645142728994,2.6048494233476553,2.5268833180834633
*Nc1ccc(-c2ccc(C(*)=O)s2)s1,ei,5.182,5.309574127197266,5.402622452619033,5.3447862425913115,5.333178680202302
*Nc1ccc(-c2ccc(C(*)=O)s2)s1,nc,2.393,2.4436206817626953,2.1787063605751325,2.136404994598987,2.3441513410652393
*Nc1ccc(-c2ccc(C(*)=S)cc2)cc1,eea,2.5787,2.6717026233673096,2.774011794585696,2.768335826118216,2.6997219915655086
*Nc1ccc(-c2ccc(C(*)=S)cc2)cc1,egc,2.813,2.8511433601379395,2.7051322040711905,2.594997861463103,2.7487589816129954
*Nc1ccc(-c2ccc(C(*)=S)cc2)cc1,ei,5.3872,5.571221828460693,5.302763782879189,5.397162497234748,5.480832730200966
*Nc1ccc(-c2ccc(C(*)=S)cc2)cc1,eps,4.84,5.367772579193115,5.384284237929547,5.343124917545399,5.376822024296872
*Nc1ccc(-c2ccc(C(*)=S)cc2)cc1,nc,2.1003,2.20257568359375,2.1326788477909537,2.1342104047320336,2.1775705501996225
*Nc1ccc(-c2ccc(C(*)=S)cc2)s1,eea,2.3374,3.0110936164855957,2.8908326935109803,2.990599192404477,2.990565973080347
*Nc1ccc(-c2ccc(C(*)=S)cc2)s1,egb,2.3796,1.808281421661377,1.8686447974075129,1.815415887841854,1.8222839933789379
*Nc1ccc(-c2ccc(C(*)=S)cc2)s1,eps,5.47,6.168723106384277,5.565433131153431,5.834100765680423,5.838081612416616
*Nc1ccc(-c2ccc(C(*)=S)s2)cc1,eea,3.1722,2.738502740859986,2.814018720806591,2.9018164895256793,2.7714448450675775
*Nc1ccc(-c2ccc(C(*)=S)s2)cc1,egb,1.4764,2.023944139480591,1.74917540225363,1.7279687605421792,1.960205673876132
*Nc1ccc(-c2ccc(C(*)=S)s2)cc1,egc,2.4476,2.7802329063415527,2.3410341189695676,2.3746854352699898,2.571459585702234
*Nc1ccc(-c2ccc(C(*)=S)s2)cc1,eps,6.84,6.131966590881348,6.823523342824229,6.798910161311846,6.510983924193281
*Nc1ccc(-c2ccc(C(*)=S)s2)cc1,nc,2.4805,2.2954413890838623,2.355767092019832,2.4189230141550375,2.3233193358058424
*Nc1ccc(-c2ccc(C(*)=S)s2)s1,eea,3.3026,2.9221930503845215,3.0672274268367814,3.0451815847843395,2.9600476157382993
*Nc1ccc(-c2ccc(C(*)=S)s2)s1,egc,2.0192,2.4884958267211914,1.9650521415801432,2.0002018859839907,2.2383294014618826
*Nc1ccc(-c2ccc(C(*)=S)s2)s1,nc,2.7581,2.3806374073028564,2.305069935553234,2.2932632546115705,2.3522889099340056
*Nc1ccc(-c2ccc(C(=S)c3ccc(-c4ccc(Nc5ccc(*)cc5)s4)s3)s2)s1,eps,6.88,7.387890815734863,6.748265738456,6.6806483297096015,7.037335361784646
*Nc1ccc(-c2ccc(C(=S)c3ccc(-c4ccc(Nc5ccc(*)cc5)s4)s3)s2)s1,nc,2.4299,2.581190347671509,2.4236845668237916,2.3796041920476076,2.520201810277083
*Nc1ccc(-c2ccc(NC(=C(C#N)C#N)c3ccc(-c4ccc(C(*)=C(C#N)C#N)cc4)cc3)cc2)cc1,egc,2.7741,2.5507514476776123,2.462369478713083,2.334943134415785,2.472261018370661
*Nc1ccc(-c2ccc(NC(=O)CCCCCCCCC(*)=O)c(O)c2)cc1O,egc,3.9935,3.829546213150024,3.771751193666058,3.813090836744256,3.812106662278784
*Nc1ccc(-c2ccc(NC(=O)Cc3cc(C)c(CC(*)=O)cc3C)cc2)cc1,tg,171.0,253.97601318359375,207.2077355082157,226.94811165157415,236.0119521271034
*Nc1ccc(-c2ccc(NC(=O)c3cc(C(*)=O)cc(S(=O)(=O)c4ccccc4)c3)cc2)cc1,egb,2.4795,2.7363123893737793,2.6057756701832933,2.711656336736911,2.7060316148205623
*Nc1ccc(-c2ccc(NC(=O)c3cc(C(*)=O)cc(S(=O)(=O)c4ccccc4)c3)cc2)cc1,tg,319.0,285.3819274902344,289.0813436463025,284.3305970252469,285.8161891551111
*Nc1ccc(-c2ccc(NC(=O)c3cc(C(=O)O)c(C(*)=O)cc3C(=O)O)cc2)cc1,egc,3.2555,2.882129192352295,3.269452480370099,3.273050213551235,3.075288180176545
*Nc1ccc(-c2ccc(NC(=O)c3cc(NC(=O)c4ccc(NC(=O)C(C)N5C(=O)c6ccccc6C5=O)cc4)cc(C(*)=O)c3)cc2)cc1,tg,202.0,234.0410919189453,244.3387662409786,251.6225055459351,241.59475125439974
*Nc1ccc(-c2ccc(NC(=O)c3cc(NC(=O)c4ccncc4)cc(C(*)=O)c3)cc2)cc1,egc,3.2688,3.1776771545410156,3.127401461438155,3.144817723340811,3.1574656191956367
*Nc1ccc(-c2ccc(NC(=O)c3cc(NC(=O)c4ccncc4)cc(C(*)=O)c3)cc2)cc1,tg,339.0,310.63311767578125,312.4184667997236,324.80534767760105,315.3843554676482
*Nc1ccc(-c2ccc(NC(=O)c3ccc(C(*)=O)cc3)cc2)cc1,egc,3.3951,3.263678550720215,3.364325252708668,3.4983850840147026,3.350057591247477
*Nc1ccc(-c2ccc(NC(=O)c3ccc(C4(c5ccc(C(*)=O)cc5)OC(=O)c5ccccc54)cc3)cc2)cc1,egc,3.2864,3.1911191940307617,3.2479162876085605,3.599111850256937,3.3147633444761126
*Nc1ccc(-c2ccc(NC(=O)c3ccc(NC(=O)c4ccc([Si](C)(C)c5ccc(C(=O)Nc6ccc(C(*)=O)cc6)cc5)cc4)cc3)cc2)cc1,tg,320.0,295.5713806152344,267.0788406862507,284.77917641980696,286.38261231011404
*Nc1ccc(-c2ccc(NC(=O)c3cccc(C(*)=O)c3)c(O)c2)cc1O,tg,386.0,234.95944213867188,253.1566131645976,250.25242955821213,243.4269432391412
*Nc1ccc(-c2ccc(NC(=O)c3cccc(C(*)=O)c3)c(OC)c2)cc1OC,tg,218.2,250.9102325439453,273.3602989624822,256.2659222932986,257.1764379827173
*Nc1ccc(-c2ccc(NC(=O)c3cccc(C(*)=O)c3)cc2)cc1,egc,3.4939,3.552910327911377,3.4128339663623253,3.516120582546683,3.5114831953347294
*Nc1ccc(-c2ccc(NC3=CC(=O)C(*)=CC3=O)cc2)cc1,egc,2.1114,2.289313554763794,2.8348103333037566,2.9751029582514055,2.5981113405590675
*Nc1ccc(-c2ccc(Nc3ccc4c(c3)c3cc(*)ccc3n4CC(CC)CCCC)cc2)cc1,egc,3.3558,3.0846638679504395,3.212791217652575,2.9149695542792253,3.067283244473207
*Nc1ccc(-c2ccc(Nc3ccc4c(c3)c3cc(*)ccc3n4CC(CC)CCCC)cc2)cc1,tg,231.0,202.2562255859375,211.7621116736127,219.85629844375916,209.6530955061114
*Nc1ccc(-c2ccc(O*)cc2)cc1,egc,4.0962,4.016149997711182,3.6917028604835975,3.609158707933922,3.832729349771951
*Nc1ccc(-c2ccc(O*)cc2)cc1,eps,4.41,3.8046646118164062,4.040413363629064,4.242569872087417,3.9338700067353622
*Nc1ccc(Br)cc1-c1ccc(NC(=O)c2ccc(C(*)=O)cc2)cc1,egb,2.9894,2.6440820693969727,2.4519059633201135,2.6733518784463213,2.5995027251426044
*Nc1ccc(Br)cc1-c1ccc(NC(=O)c2ccc(C(*)=O)cc2)cc1,egc,3.4431,3.1857099533081055,3.2215051696167247,3.4074992898613385,3.2540280432255257
*Nc1ccc(Br)cc1-c1ccc(NC(=O)c2ccc(C(*)=O)cc2)cc1,tg,267.0,275.5389709472656,262.8916473384468,261.60793796900094,268.63228034952954
*Nc1ccc(Br)cc1-c1ccc(NC(=O)c2cccc(C(*)=O)c2)cc1,tg,253.0,273.8287048339844,271.41313237748534,271.96955349199516,272.7575677341587
*Nc1ccc(C#Cc2ccc(C(*)=O)cc2)cc1,egc,2.946,3.530881881713867,3.509335372595213,3.510858852311068,3.520605107290483
*Nc1ccc(C(*)=O)cc1,egc,3.7503,3.693616151809693,3.898078794020995,3.772413174135159,3.760907190791551
*Nc1ccc(C(=O)C(*)=S)cc1,eea,4.0513,3.628635883331299,3.4119343678805345,3.4140086115537693,3.5679620022762872
*Nc1ccc(C(=O)C(*)=S)cc1,egc,2.378,2.590085744857788,2.9046340399778043,2.6877115353144325,2.6871931529142685
*Nc1ccc(C(=O)C(*)=S)cc1,ei,6.3689,6.159071445465088,6.401799130996906,6.159848251949008,6.192636632623836
*Nc1ccc(C(=O)C(*)=S)cc1,eps,5.95,6.688128471374512,5.691636687685092,5.72348062314496,6.141987236457595
*Nc1ccc(C(=O)C(*)=S)cc1,nc,2.2161,2.252310276031494,2.176116136157832,2.1702465285630863,2.224316058968189
*Nc1ccc(C(=O)C(*)=S)s1,egc,2.1167,2.216510534286499,2.5629834706870445,2.6318572594638754,2.4071439778678663
*Nc1ccc(C(=O)O*)cc1,egb,3.977,3.448084831237793,3.605373405044962,3.660026291134686,3.484571268715218
*Nc1ccc(C(=O)O*)cc1,nc,1.8988,1.937754511833191,1.875814605339699,1.908692436956706,1.918674185176152
*Nc1ccc(C(=O)O*)s1,eea,2.6486,2.2332451343536377,2.1557353441638,2.2080089978952766,2.218411738454696
*Nc1ccc(C(=O)O*)s1,ei,6.0364,5.8589863777160645,6.099130613046012,6.06816394928981,5.956288248727657
*Nc1ccc(C(=O)c2ccc(*)s2)cc1,eea,2.4618,2.4973909854888916,2.9647232379859463,2.6964551175244997,2.593078489700106
*Nc1ccc(C(=O)c2ccc(*)s2)cc1,egc,2.9895,3.2120988368988037,3.142505289256488,2.998027664791336,3.1382958818286477
*Nc1ccc(C(=O)c2ccc(*)s2)cc1,eps,6.11,6.347215175628662,5.500675876305558,5.577625720906076,5.8832574933823665
*Nc1ccc(C(=O)c2ccc(*)s2)cc1,nc,2.186,2.2830891609191895,2.1702606559917985,2.2060031844917862,2.245974640834111
*Nc1ccc(C(=O)c2ccc(*)s2)s1,eea,3.0129,2.822300434112549,2.85405718144921,2.7594100865552225,2.818617376409137
*Nc1ccc(C(=O)c2ccc(*)s2)s1,egb,1.7108,2.2550792694091797,2.2047392584104872,2.261647021506364,2.243401830804081
*Nc1ccc(C(=O)c2ccc(*)s2)s1,ei,5.2456,5.360851287841797,5.6002754059372295,5.657584773578341,5.4849811567534905
*Nc1ccc(C(=O)c2ccc(*)s2)s1,eps,8.01,6.270390033721924,6.8561684600828094,6.726361299505848,6.591434078837835
*Nc1ccc(C(=O)c2ccc(*)s2)s1,nc,2.5062,2.321643352508545,2.3943621867882534,2.363590332948218,2.3448085025427456
*Nc1ccc(C(=O)c2ccc(NC(=O)c3ccc(C(*)=O)cc3)cc2)cc1,egc,3.6944,3.2583179473876953,3.420281470182203,3.4685072112181734,3.351789402337187
*Nc1ccc(C(=O)c2ccc(NC(=O)c3ccc(C(*)=O)cc3)cc2)cc1,tg,300.0,226.04864501953125,267.6730409497077,253.51180832443268,243.09127775651757
*Nc1ccc(C(=O)c2ccc(NC(=O)c3cccc(C(*)=O)c3)cc2)cc1,tg,253.2,271.2330627441406,250.72055693630472,259.21905710500266,263.3046699570872
*Nc1ccc(C(=O)c2ccc(Nc3ccc4c(c3)c3cc(*)ccc3n4CC(CC)CCCC)cc2)cc1,tg,236.06,221.06707763671875,223.00730743313304,215.79183105259108,219.8333403451747
*Nc1ccc(C(=S)c2ccc(*)cc2)cc1,egb,1.8785,2.486706256866455,1.8111438646424165,2.034901709946445,2.329995159617897
*Nc1ccc(C(=S)c2ccc(*)cc2)cc1,egc,2.322,3.112544059753418,2.8291005181790685,2.735467935905975,2.9464543870697018
*Nc1ccc(C(=S)c2ccc(*)cc2)cc1,ei,5.3904,5.571162223815918,5.283805240741946,5.349950757252721,5.463677192258029
*Nc1ccc(C(=S)c2ccc(*)cc2)cc1,eps,6.72,5.01619291305542,5.973250571312544,5.932025596763375,5.540721724955936
*Nc1ccc(C(=S)c2ccc(*)cc2)cc1,nc,2.3239,2.094968795776367,2.263608796505003,2.2504028863244585,2.1543698407751095
*Nc1ccc(C(=S)c2ccc(*)cc2)s1,eea,2.9139,3.092845678329468,3.0109310977549684,3.0859428179656323,3.0798040287258095
*Nc1ccc(C(=S)c2ccc(*)cc2)s1,egb,1.7781,1.4279663562774658,1.8064106420921375,1.905355860730113,1.515754575337766
*Nc1ccc(C(=S)c2ccc(*)cc2)s1,eps,6.46,7.031504154205322,6.057466980921549,5.999466649783279,6.497669482029059
*Nc1ccc(C(=S)c2ccc(*)s2)s1,ei,5.2424,5.044637680053711,5.071865746576474,5.14204421509352,5.0783323893072545
*Nc1ccc(C(=S)c2ccc(*)s2)s1,eps,6.36,7.1891937255859375,5.988134269066026,6.428395942534815,6.5309363214316996
*Nc1ccc(C(C)(C)c2ccc(NC(=O)c3cc(C(*)=O)cc(N4C(=O)C5C6CCC(C6)C5C4=O)c3)cc2)cc1,egc,4.0843,3.3476860523223877,3.649843886625961,3.498067932324755,3.456353867078208
*Nc1ccc(C(C)(C)c2ccc(NC(=O)c3cc(C(*)=O)cc(N4C(=O)C5C6CCC(C6)C5C4=O)c3)cc2)cc1,tg,311.0,297.2065734863281,267.3790260995621,290.6537582619164,289.05532121336563
*Nc1ccc(C(C)(C)c2ccc(NC(=O)c3cc(C(*)=O)cc(S(=O)(=O)c4ccccc4)c3)cc2)cc1,tg,287.0,273.7802734375,260.21827931699477,264.98750284748536,268.27549709444725
*Nc1ccc(C(C)(C)c2ccc(NC(=O)c3cccc(C(*)=O)c3)cc2)cc1,tg,278.33,246.6930694580078,260.7099328388728,261.43182515887884,254.13083870621807
*Nc1ccc(C(c2ccc(NC(=O)c3cc(C(*)=O)cc(C(C)(C)C)c3)cc2)(C(F)(F)F)C(F)(F)F)cc1,tg,284.1,270.83111572265625,233.7742844132679,250.66654911809695,256.98433366060004
*Nc1ccc(C(c2ccc(NC(=O)c3cc(C(*)=O)cc(C(C)(C)C)c3)cc2)(P2(=O)Oc3ccccc3-c3ccccc32)P2(=O)Oc3ccccc3-c3ccccc32)cc1,tg,235.0,222.64065551757812,244.4771401610957,242.54791272481629,233.28293504741862
*Nc1ccc(C(c2ccc(NC(=O)c3cc(NC(=O)C45CC6CC(CC(C6)C4)C5)cc(C(*)=O)c3)cc2)(C(F)(F)F)C(F)(F)F)cc1,tg,365.0,310.33062744140625,302.97516737789914,308.35826132893254,308.2102532586218
*Nc1ccc(C(c2ccc(NC(=O)c3cc(NC(=O)CCCCCN4C(=O)c5ccccc5C4=O)cc(C(*)=O)c3)cc2)(C(F)(F)F)C(F)(F)F)cc1,tg,225.0,237.6011962890625,214.01817579772825,222.51331661989923,228.09138199924928
*Nc1ccc(C(c2ccc(NC(=O)c3cc(NC(=O)CCCN4C(=O)c5ccccc5C4=O)cc(C(*)=O)c3)cc2)(C(F)(F)F)C(F)(F)F)cc1,tg,240.0,239.48973083496097,250.00313984406577,243.3752166357436,242.85035673355105
*Nc1ccc(C(c2ccc(NC(=O)c3ccc(-c4ccc(C(*)=O)cc4)cc3)cc2)(P2(=O)Oc3ccccc3-c3ccccc32)P2(=O)Oc3ccccc3-c3ccccc32)cc1,tg,251.0,222.26280212402344,240.87643031206576,246.2287177197157,233.49908727248598
*Nc1ccc(C(c2ccc(NC(=O)c3ccc(C(*)=O)cc3)cc2)(P2(=O)Oc3ccccc3-c3ccccc32)P2(=O)Oc3ccccc3-c3ccccc32)cc1,tg,245.0,269.7960205078125,234.00748001915736,240.72832500083587,253.45512974741007
*Nc1ccc(C(c2ccc(NC(=O)c3ccc(C(c4ccc(C(*)=O)cc4)(C(F)(F)F)C(F)(F)F)cc3)cc2)(P2(=O)Oc3ccccc3-c3ccccc32)P2(=O)Oc3ccccc3-c3ccccc32)cc1,tg,235.0,268.74981689453125,238.8124244570887,251.1921965339635,257.17128152338364
*Nc1ccc(C(c2ccc(NC(=O)c3ccc4cc(C(*)=O)ccc4c3)cc2)(P2(=O)Oc3ccccc3-c3ccccc32)P2(=O)Oc3ccccc3-c3ccccc32)cc1,tg,241.0,285.35101318359375,238.76837808066523,230.98640865747728,258.96747791847207
*Nc1ccc(C(c2ccc(NC(=O)c3cccc(C(*)=O)c3)cc2)(P2(=O)Oc3ccccc3-c3ccccc32)P2(=O)Oc3ccccc3-c3ccccc32)cc1,tg,230.0,226.217529296875,225.58173447376709,235.94978824836073,229.0980170563119
*Nc1ccc(C2(c3ccc(NC(=O)Cc4ccc(Oc5ccc(C(*)=O)cc5)cc4)cc3)OC(=O)c3ccccc32)cc1,egc,4.1183,3.6444289684295654,3.622940436375881,3.5811939963560713,3.622419240037395
*Nc1ccc(C2(c3ccc(NC(=O)c4ccc(C(*)=O)cc4)cc3)c3ccccc3-c3ccccc32)cc1,tg,319.0,269.003662109375,278.2406609464074,266.4587171477696,270.11274363333916
*Nc1ccc(C2(c3ccc(NC(=O)c4ccc(C(*)=O)cc4)cc3)c3ccccc3C(=O)c3ccccc32)cc1,egc,3.2678,3.2046539783477783,3.1087046236360294,3.240270358885245,3.1928085570962734
*Nc1ccc(C2(c3ccc(NC(=O)c4ccc(C5(c6ccc(C(*)=O)cc6)OC(=O)c6ccccc65)cc4)cc3)OC(=O)c3ccccc32)cc1,egc,3.8809,3.1282529830932617,3.5652668451424456,3.542946542325238,3.3390222132577705
*Nc1ccc(C=Cc2ccc(NC(=C(C#N)C#N)c3ccc(C(*)=C(C#N)C#N)cc3)cc2)cc1,egc,2.0414,2.518003225326538,2.718327460514094,2.798794506730351,2.6392722966678317
*Nc1ccc(CC(C)(C)NC(=O)CCC(*)=O)cc1,tg,158.0,143.141845703125,127.76393741691224,135.25707889196943,137.54516689605734
*Nc1ccc(CC(C)(C)NC(=O)CCCCC(*)=O)cc1,tg,130.0,112.74249267578124,124.1383397428666,123.97592485473773,118.55764272813715
*Nc1ccc(CC(C)(C)NC(=O)CCCCCCCCC(*)=O)cc1,egc,4.455,4.972240447998047,4.645092787673427,4.721376624685302,4.83065282087821
*Nc1ccc(CC(C)(C)NC(=O)CCCCCCCCC(*)=O)cc1,tg,92.0,91.1701202392578,101.20648951383772,103.90098476831253,97.16943978545322
*Nc1ccc(CCNC(=O)CCCCC(*)=O)cc1,tg,115.0,96.24435424804688,106.55850397648624,114.0590770072361,103.87357869445074
*Nc1ccc(Cc2ccc(NC(=O)NCCCCCCCCCCCCCCCCCCNC(*)=O)cc2)cc1,tg,48.0,90.04570007324219,48.42203645984067,53.11246990589619,70.07331319060185
*Nc1ccc(Cc2ccc(NC(=O)NCCCCCCCCCCCCNC(*)=O)cc2)cc1,tg,51.0,77.08616638183594,48.537976809249194,52.33341966807836,63.56677859264029
*Nc1ccc(Cc2ccc(NC(=O)NCCCCCCCCCCNC(*)=O)cc2)cc1,tg,46.0,71.7567367553711,63.81681471432632,61.42447992483048,66.92993475153303
*Nc1ccc(Cc2ccc(NC(=O)NCCCCCCCCNC(*)=O)cc2)cc1,tg,50.0,67.69943237304688,71.0262224217686,71.3392323313031,69.5085593230011
*Nc1ccc(Cc2ccc(NC(=O)NCCCCCCNC(*)=O)cc2)cc1,tg,78.0,85.4185791015625,90.57342867647368,92.74255408839583,88.74285713626375
*Nc1ccc(Cc2ccc(NC(=O)c3cc(C(*)=O)cc(N4C(=O)C5C6CCC(C6)C5C4=O)c3)cc2)cc1,egc,3.4808,3.91685938835144,3.760271767422717,3.5425363395233465,3.7799788534450762
*Nc1ccc(Cc2ccc(NC(=O)c3cc(C(*)=O)cc(N4C(=O)C5CC=CCC5C4=O)c3)cc2)cc1,tg,286.0,262.8504638671875,272.53466142074825,278.6358104218687,269.72249237243926
*Nc1ccc(Cc2ccc(NC(=O)c3cc(C(*)=O)cc(N4C(=O)C=CC4=O)c3)cc2)cc1,egc,2.1937,3.3927743434906006,3.155699511578389,2.937169083390891,3.2157417785085243
*Nc1ccc(Cc2ccc(NC(=O)c3cc(C(*)=O)cc(N4C(=O)C=CC4=O)c3)cc2)cc1,tg,287.0,246.5394287109375,269.59446769077346,260.55155060158495,255.60801872022657
*Nc1ccc(Cc2ccc(NC(=O)c3cc(C(*)=O)cc(S(=O)(=O)c4ccccc4)c3)cc2)cc1,tg,270.0,275.89630126953125,270.2342083210809,255.2009839317167,268.3309770684013
*Nc1ccc(Cc2ccc(NC(=O)c3cc(NC(=O)CCCCCN4C(=O)c5ccccc5C4=O)cc(C(*)=O)c3)cc2)cc1,tg,195.0,183.21495056152344,201.7064855895015,207.9251561871772,194.65644150976073
*Nc1ccc(Cc2ccc(NC(=O)c3cc(NC(=O)CCN4C(=O)c5ccccc5C4=O)cc(C(*)=O)c3)cc2)cc1,tg,235.0,218.1361083984375,224.50810224466647,231.8978273262216,223.70202549895453
*Nc1ccc(Cc2ccc(NC(=O)c3cc(NC(=O)c4ccc(NC(=O)C(CC(C)C)N5C(=O)c6ccccc6C5=O)cc4)cc(C(*)=O)c3)cc2)cc1,tg,238.0,262.1718444824219,228.6668186061802,223.6810063958636,243.38439610910973
*Nc1ccc(Cc2ccc(NC(=O)c3cc(NC(=O)c4ccccc4)cc(C(*)=O)c3)cc2)cc1,tg,285.0,270.6085205078125,271.40580471113174,262.09429883887265,268.1380316648344
*Nc1ccc(Cc2ccc(NC(=O)c3cc(NC(=O)c4ccncc4)cc(C(*)=O)c3)cc2)cc1,egc,3.497,3.3256328105926514,3.3619677715509844,3.288383504157192,3.3236595645836515
*Nc1ccc(Cc2ccc(NC(=O)c3cc(NC(=O)c4ccncc4)cc(C(*)=O)c3)cc2)cc1,tg,302.0,280.7507629394531,293.9823465207262,296.7713417262431,288.4238840193096
*Nc1ccc(Cc2ccc(NC(=O)c3ccc(P(=O)(c4ccccc4)c4ccc(C(*)=O)cc4)cc3)cc2)cc1,egc,3.0916,3.803003072738647,3.651091676235669,3.787239775722228,3.7646361415516183
*Nc1ccc(NC(*)=S)s1,eea,2.2133,2.3136308193206787,2.7646932744070503,2.518256951762703,2.4076520772854533
*Nc1ccc(NC(*)=S)s1,egb,2.1538,2.3136186599731445,2.3672896222874265,2.5538896630678205,2.3260687837388674
*Nc1ccc(NC(*)=S)s1,egc,2.9073,2.7316060066223145,3.1256895166259664,2.9488251459659405,2.87906567369387
*Nc1ccc(NC(*)=S)s1,eps,5.78,5.727626800537109,5.6384121426102105,5.587838629569788,5.678731461658859
*Nc1ccc(NC(*)=S)s1,nc,2.19,2.1671946048736572,2.141225303695445,2.1497911877439058,2.158685221534659
*Nc1ccc(NC(=O)C=CC(*)=O)cc1,egc,2.7273,2.975827217102051,3.4187476490198234,3.322779085737622,3.1695079279321225
*Nc1ccc(NC(=O)C=Cc2ccc(C=CC(*)=O)cc2)cc1,egc,3.0305,2.846737861633301,3.0141620874070165,3.2101078783758785,2.983072369380569
*Nc1ccc(NC(=O)CCC(*)=O)cc1,egc,4.4554,3.903916358947754,4.082376455883654,4.138430612657304,4.007700976896274
*Nc1ccc(NC(=O)CCCC(*)=O)cc1,egc,3.9291,4.475922107696533,4.524902364528559,4.494052113857106,4.491839221729265
*Nc1ccc(NC(=O)CCCC(*)=O)cc1,tg,135.0,142.2570037841797,143.81361531757494,157.2691643913268,147.22114200963247
*Nc1ccc(NC(=O)CCCCC(*)=O)cc1,egc,4.5219,4.203916549682617,4.392600968905758,4.424439978475577,4.306192032412353
*Nc1ccc(NC(=O)CCCCC(*)=O)cc1,tg,133.0,165.3537139892578,139.79103626155387,145.07268059855008,153.8307674106524
*Nc1ccc(NC(=O)CCCCCCC(*)=O)cc1,tg,138.0,125.22483825683594,133.1151710839897,135.05871750616913,129.8872681202852
*Nc1ccc(NC(=O)CCCCCCCC(*)=O)cc1,egc,4.5152,4.594069004058838,4.482977509390175,4.528438244493557,4.551305153053329
*Nc1ccc(NC(=O)CCCCCCCC(*)=O)cc1,tg,130.0,117.29566955566406,131.04355846161042,134.12038499754468,125.32358194732097
*Nc1ccc(NC(=O)CCCCCCCCC(*)=O)cc1,egc,4.5375,4.6341633796691895,4.4248064692103615,4.416436966405182,4.528010205772245
*Nc1ccc(NC(=O)CCCCCCCCC(*)=O)cc1,tg,125.0,119.78669738769533,122.7357760092266,123.5043500883097,121.5423628089085
*Nc1ccc(NC(=O)Cc2cc(CC(*)=O)c(C)cc2C)cc1,tg,208.0,199.3269805908203,223.6098005414312,220.6250036804239,210.90180132774873
*Nc1ccc(NC(=O)NC(=O)NC(*)=O)s1,eea,1.5146,1.929795265197754,1.6182770724889315,1.600756708471289,1.839841182763419
*Nc1ccc(NC(=O)NC(=O)NC(*)=O)s1,egb,3.2632,3.1803689002990723,2.897386434136986,3.030375598925914,3.114725085183241
*Nc1ccc(NC(=O)NC(=O)NC(*)=O)s1,egc,3.5876,3.6557083129882817,3.609066377179459,3.573996348493739,3.6230328314782647
*Nc1ccc(NC(=O)NC(=O)NC(*)=O)s1,eps,5.34,5.500488758087158,4.928864470906143,4.834109349144106,5.1872020865667015
*Nc1ccc(NC(=O)NC(=O)NC(*)=O)s1,nc,1.9797,1.9837297201156616,2.052076152552895,2.0453445203154215,2.0076690559209998
*Nc1ccc(NC(=O)NONC(*)=O)s1,eea,1.3385,1.74776291847229,1.422797962596546,1.7374689755771868,1.6983030526082739
*Nc1ccc(NC(=O)NONC(*)=O)s1,ei,5.6948,5.468669891357422,5.676614242794116,5.897946153700841,5.629239706860624
*Nc1ccc(NC(=O)c2cc(-c3ccc(C(=O)OC)c(C(*)=O)c3)ccc2C(=O)OC)cc1,tg,234.2,211.8509063720703,214.65194556051577,224.38914509108704,216.30514209371367
*Nc1ccc(NC(=O)c2cc(-c3ccc(C(=O)OCC)c(C(*)=O)c3)ccc2C(=O)OCC)cc1,tg,231.7,180.71778869628903,207.68671948115664,203.7379098425364,193.37688851671143
*Nc1ccc(NC(=O)c2cc(C(*)=O)c(C(=O)O)cc2C(=O)O)cc1,tg,283.4,194.13137817382812,227.27134164027092,226.9590850722301,211.09178291329386
*Nc1ccc(NC(=O)c2cc(C(=O)c3ccc(C(=O)O)c(C(*)=O)c3)ccc2C(=O)O)cc1,tg,213.2,232.23263549804688,246.05326516791465,247.77902460287825,239.87998626616547
*Nc1ccc(NC(=O)c2cc(NC(=O)c3ccc(NC(=O)C(C)N4C(=O)c5ccccc5C4=O)cc3)cc(C(*)=O)c2)cc1C,egc,2.319,3.0381908416748047,2.898957842988623,2.642575184420699,2.8994161055416683
*Nc1ccc(NC(=O)c2cc(NC(=O)c3ccccc3)cc(C(*)=O)c2)cc1,egc,3.3958,3.4658336639404297,3.4769461481136825,3.5407439814140105,3.488689088591311
*Nc1ccc(NC(=O)c2cc(NC(=O)c3ccccc3)cc(C(*)=O)c2)cc1,tg,321.0,311.17767333984375,316.04454420586933,317.091586505217,314.0065732187813
*Nc1ccc(NC(=O)c2cc(NC(=O)c3ccncc3)cc(C(*)=O)c2)cc1,tg,327.0,326.81268310546875,320.8228412956106,315.21995082578957,321.9962795067475
*Nc1ccc(NC(=O)c2ccc(C(=O)c3ccc(C(*)=O)c(C(=O)O)c3)cc2C(=O)O)cc1,egc,3.0554,3.0926809310913086,3.306191918930374,3.2830202732883156,3.192321682595372
*Nc1ccc(NC(=O)c2ccc(C(=O)c3ccc(C(*)=O)c(C(=O)OCC)c3)cc2C(=O)OCC)cc1,tg,275.0,177.6554412841797,214.2553678166499,198.69876182527577,191.68029008424008
*Nc1ccc(NC(=O)c2ccc(C3(c4ccc(C(*)=O)cc4)OC(=O)c4ccccc43)cc2)cc1,egc,3.4199,3.558225631713867,3.646627048486238,3.477914053269068,3.556228490506816
*Nc1ccc(NC(=O)c2ccc(NC(=O)CCCCCCCCC(=O)Nc3ccc(C(*)=O)cc3)cc2)cc1C(=O)OCCCCCCCCCCCC,tg,228.5,219.3914794921875,224.59755376693664,224.26967237592348,221.96958416142547
*Nc1ccc(NC(=O)c2ccc(NC(=O)CCCCCCCCC(=O)Nc3ccc(C(*)=O)cc3)cc2)cc1C(=O)OCCCCCCCCCCCCCC,tg,225.0,231.81201171875,226.20346657582476,227.25318426979513,229.25008275619666
*Nc1ccc(NC(=O)c2ccc(NC(=O)CCCCCCCCC(=O)Nc3ccc(C(*)=O)cc3)cc2)cc1C(=O)OCCCCCCCCCCCCCCCC,tg,220.0,227.3150634765625,223.1902649421112,223.4536104624351,225.27352081304403
*Nc1ccc(NC(=O)c2ccc(NC(=O)CCCCCCCCC(=O)Nc3ccc(C(*)=O)cc3)cc2)cc1C(=O)OCCCCCCCCCCCCCCCCCC,tg,280.0,215.9851531982422,224.3268335071559,221.96450441660392,219.54771301492994
*Nc1ccc(NC(=O)c2ccc(NC(=O)CCCCCCCCCCC(=O)Nc3ccc(C(*)=O)cc3)cc2)cc1C(=O)OCCCCCCCCCCCC,tg,205.5,231.81201171875,203.5836160988381,211.4660868178754,219.72168916177344
*Nc1ccc(NC(=O)c2ccc(NC(=O)CCCCCCCCCCC(=O)Nc3ccc(C(*)=O)cc3)cc2)cc1C(=O)OCCCCCCCCCCCCCC,tg,199.5,228.60482788085935,199.99912744872685,203.07392725865031,214.83288272419693
*Nc1ccc(NC(=O)c2ccc(NC(=O)CCCCCCCCCCC(=O)Nc3ccc(C(*)=O)cc3)cc2)cc1C(=O)OCCCCCCCCCCCCCCCC,tg,199.5,227.18667602539065,208.99317204975924,214.565357848554,219.54650441484318
*Nc1ccc(NC(=O)c2ccc(NC(=O)CCCCCCCCCCCCC(=O)Nc3ccc(C(*)=O)cc3)cc2)cc1C(=O)OCCCCCCCCCCCCCC,tg,204.5,215.9851531982422,236.1542054429425,234.86854741232935,225.96832290209716
*Nc1ccc(NC(=O)c2ccc(NC(=O)CCCCCCCCCCCCC(=O)Nc3ccc(C(*)=O)cc3)cc2)cc1C(=O)OCCCCCCCCCCCCCCCC,tg,250.0,218.34988403320312,213.21520734305483,212.2716748770835,215.41516999618096
*Nc1ccc(NC(=O)c2ccc(NC(=O)c3cc(NC(=O)C45CC6CC(CC(C6)C4)C5)cc(C(*)=O)c3)cc2)cc1,egc,3.1839,3.032142162322998,3.3445892528917427,3.642141368887904,3.2680525771148625
*Nc1ccc(NC(=O)c2ccc(NC(=O)c3cc(NC(=O)C45CC6CC(CC(C6)C4)C5)cc(C(*)=O)c3)cc2)cc1,tg,365.0,360.6046142578125,324.94894231010943,338.5201323449507,346.45151011858513
*Nc1ccc(NC(=O)c2ccc(NC(=O)c3ccc(P(=O)(c4ccccc4)c4ccc(C(*)=O)cc4)cc3)cc2)cc1,tg,243.0,306.0270080566406,254.7892815895173,253.2771048526003,279.18730007864406
*Nc1ccc(NC(=O)c2cccc(C(*)=O)c2)cc1,egc,3.551,3.650463342666626,3.810552482226407,3.7566826098356167,3.715252926053418
*Nc1ccc(NC(=O)c2cccc(C(*)=O)c2)cc1,tg,285.75,304.241455078125,266.40189986697845,252.89364340741673,280.58631753870486
*Nc1ccc(NC(=O)c2cccc(C(=O)c3ccc(C(*)=O)cc3)c2)cc1,tg,257.5,261.72442626953125,252.93828534968108,251.03890566469263,256.6145919682346
*Nc1ccc(NC(=S)NC(=O)c2ccc(C(=O)NC(*)=S)cc2)cc1,egc,2.6945,3.3752198219299316,3.342268844924594,3.0928341054855197,3.2910684161861825
*Nc1ccc(NC(=S)NC(=O)c2cccc(C(=O)NC(*)=S)c2)cc1,egc,3.3129,2.831334114074707,2.8276240208386314,2.933421158840518,2.8582512510953
*Nc1ccc(NO*)cc1,eps,4.2,4.359931945800781,4.329019858046291,4.345003753360119,4.342990144517089
*Nc1ccc(NO*)cc1,nc,1.8848,1.8922667503356936,1.8863542459971592,1.8894010287332137,1.8904364840686554
*Nc1ccc(N[Se]*)cc1,tg,55.0,-10.749908447265623,70.96248241593634,57.826444399341355,27.243042704243642
*Nc1ccc(Nc2ccc(*)cc2)cc1C(=O)O,egc,2.6737,3.4877138137817383,3.5441278210946567,3.5864805925590906,3.5272175863866213
*Nc1ccc(Nc2ccc(*)s2)cc1,eea,1.0698,0.9465770721435548,1.3173223023221192,1.3153393586664262,1.0505900825819845
*Nc1ccc(Nc2ccc(*)s2)cc1,egb,2.8374,3.3950259685516357,3.3668629519936077,3.107034763178451,3.3884929565346282
*Nc1ccc(Nc2ccc(*)s2)cc1,egc,3.8931,3.705011367797851,3.5599412608260725,3.3116022144749753,3.565526822360983
*Nc1ccc(Nc2ccc(*)s2)cc1,eps,5.07,4.5240888595581055,5.013212851095361,4.796578320252305,4.792160092194486
*Nc1ccc(Nc2ccc(*)s2)s1,eea,1.4393,1.2979345321655271,1.3295392489583806,1.4092306596144923,1.3174455159502019
*Nc1ccc(Nc2ccc(*)s2)s1,egc,2.5847,3.120333671569824,3.2667948239381457,3.15049863993701,3.1613925045922975
*Nc1ccc(Nc2ccc(*)s2)s1,ei,4.0261,4.355298042297363,4.884756648099956,5.111335046020129,4.660503183152211
*Nc1ccc(OC(*)=S)cc1,egb,3.2479,2.5040783882141113,3.142265629853356,2.8815509552858116,2.652119522591156
*Nc1ccc(OC(*)=S)cc1,egc,3.7435,3.468104362487793,3.350049859237579,3.2073387900934955,3.370736367460182
*Nc1ccc(OC(*)=S)cc1,ei,5.9088,5.511463165283203,5.636605130350538,5.7366995179386,5.597914033485502
*Nc1ccc(OC(*)=S)cc1,eps,4.5,5.181648254394531,4.696505223293501,4.616612062248655,4.9157588427067855
*Nc1ccc(OC(*)=S)cc1,nc,1.9514,2.026389837265014,1.9482761632464651,1.961260451486572,1.9995460615217042
*Nc1ccc(OC(*)=S)s1,ei,5.6596,5.453362941741943,5.565155384148502,5.616184162404373,5.518785837561717
*Nc1ccc(OC(*)=S)s1,eps,5.02,5.463751316070557,5.108859928358205,5.094377168897852,5.269248136095507
*Nc1ccc(Oc2ccc(*)cc2)cc1,eea,1.1501,1.1516567468643188,1.207387292055718,1.1907662899070652,1.1651164069134994
*Nc1ccc(Oc2ccc(*)cc2)cc1,egb,3.2074,3.723118543624878,3.4578483174413885,3.8164869608860807,3.661583460128398
*Nc1ccc(Oc2ccc(*)cc2)cc1,egc,3.6519,4.065399646759033,3.9486326062820942,4.174968526842099,4.068985592978793
*Nc1ccc(Oc2ccc(*)cc2)cc1,ei,4.8032,5.552693843841553,5.328463768544598,5.330151035736183,5.453466639253108
*Nc1ccc(Oc2ccc(*)cc2)cc1,eps,4.38,4.187035083770752,4.399192887190074,4.341867442222326,4.303311130049526
*Nc1ccc(Oc2ccc(*)cc2)cc1,nc,1.9297,1.9684982299804688,1.9233973940139957,1.908872577181686,1.9508487158394032
*Nc1ccc(Oc2ccc(*)s2)cc1,egc,4.2211,3.9199671745300297,3.9581636167424783,3.8728766710607183,3.915736506662113
*Nc1ccc(Oc2ccc(*)s2)cc1,ei,5.3817,4.747992515563965,5.076805042190265,5.120235288160455,4.9076173911472605
*Nc1ccc(Oc2ccc(*)s2)cc1,nc,1.9073,1.9144058227539065,1.9118663888704768,1.94350172865944,1.9165813934998577
*Nc1ccc(Oc2ccc(*)s2)s1,egb,3.9124,2.770693302154541,3.21161390042201,3.2534099362174884,2.872974233641134
*Nc1ccc(Oc2ccc(*)s2)s1,eps,4.14,4.687753200531006,4.5709845301355605,4.556015294915291,4.6237565004144585
*Nc1ccc(Oc2ccc(*)s2)s1,nc,1.9001,1.9973361492156985,1.9740418799273836,1.9696497473700108,1.9885240002974927
*Nc1ccc(Oc2ccc(Nc3ccc4c(c3)c3cc(*)ccc3n4CC(CC)CCCC)cc2)cc1,tg,220.0,176.22291564941406,212.42851713308676,211.71424436169627,194.63681443913217
*Nc1ccc([Si](c2ccccc2)(c2ccccc2)c2ccc(NC(=O)c3ccc4c(c3)Cc3cc(C(*)=O)ccc3-4)cc2)cc1,tg,54.45,269.2156066894531,245.7892816062055,259.768866710413,261.48325227425056
*Nc1cccc(C#Cc2cccc(C(*)=O)c2)c1,egc,3.7438,3.616494655609131,3.4351921618945545,3.2664876313311835,3.4806788424677153
*Nc1cccc(C(*)=O)c1,egb,3.2399,3.492004632949829,3.2325347800135664,3.559147412284114,3.431815069669523
*Nc1cccc(C(*)=O)c1,egc,4.1556,4.310081481933594,3.869367875766155,4.068377424085697,4.14550456601993
*Nc1cccc(C(*)=O)c1,eps,4.43,4.867304801940918,4.508539812381357,4.480014384513981,4.670678640390868
*Nc1cccc(C(=O)c2ccc(NC(=O)c3cccc(C(=O)c4ccc(C(*)=O)cc4)c3)cc2)c1,tg,215.0,207.58718872070312,253.35462023477004,237.9371112407906,226.37355192601808
*Nc1cccc(C=Cc2ccc(NC(=O)c3cccc(C(*)=O)c3)cc2)c1,tg,272.0,265.30670166015625,262.880893127889,247.66985269184863,259.3520669100058
*Nc1cccc(CCc2ccc(NC(=O)c3ccc(C(*)=O)cc3)cc2)c1,tg,203.0,243.3702087402344,224.83100204314636,227.98602746065905,234.80427008944616
*Nc1cccc(NC(=O)C=CC(*)=O)c1,egc,3.628,3.301819324493408,3.3351480146654455,3.192885553981864,3.279686183598047
*Nc1cccc(NC(=O)CCCCC(*)=O)c1,tg,113.35,135.82504272460938,127.38192951052316,136.216605796328,134.21272828948054
*Nc1cccc(NC(=O)CCCCC(=O)Nc2ccc(C(=O)NC(*)=S)cc2)c1,tg,267.0,253.49923706054688,225.34987427754064,230.42099291867208,240.57979990608882
*Nc1cccc(NC(=O)CCCCC(=O)Nc2cccc(NC(=S)NC(=O)c3ccc(C(=O)NC(*)=S)cc3)c2)c1,tg,241.0,250.3370056152344,233.01438729875275,223.90131135346465,238.6016636281782
*Nc1cccc(NC(=O)CCCCCCC(*)=O)c1,egc,4.8656,4.652797222137451,4.761172799668303,4.787150398406672,4.71363201519127
*Nc1cccc(NC(=O)CCCCCCCCC(=O)Nc2ccc(C(=O)NC(*)=S)cc2)c1,tg,265.0,232.71142578125,174.9225067281567,175.07543403066848,203.0150036210074
*Nc1cccc(NC(=O)Cc2cc(C)c(CC(*)=O)cc2C)c1,tg,249.0,164.16561889648438,194.940467899874,187.71290719480947,177.76921115280328
*Nc1cccc(NC(=O)Nc2ccc(Cc3ccc(NC(*)=O)cc3)cc2)c1,tg,132.0,182.1920623779297,181.8282404544241,207.7236720358423,190.0164842218992
*Nc1cccc(NC(=O)c2cc(C(*)=O)cc(S(=O)(=O)c3ccccc3)c2)c1,tg,277.0,229.9839782714844,257.6256908254211,262.5797934999612,245.74379121310653
*Nc1cccc(NC(=O)c2cc(NC(=O)c3ccccc3)cc(C(*)=O)c2)c1,tg,300.0,296.7412109375,291.98039483203496,291.53178607644,294.15204389708606
*Nc1cccc(NC(=O)c2cc(NC(=O)c3ccncc3)cc(C(*)=O)c2)c1,egc,3.2998,3.481173038482666,3.517667402201125,3.604667011812734,3.522929132768689
*Nc1cccc(NC(=O)c2cc(NC(=O)c3ccncc3)cc(C(*)=O)c2)c1,tg,321.0,291.836181640625,315.33758858483276,311.6707713536848,302.79780465222115
*Nc1cccc(NC(=O)c2ccc(C(=O)Nc3cccc(NC(=S)NC(=O)c4ccc(C(=O)NC(*)=S)cc4)c3)cc2)c1,tg,258.0,247.45997619628903,264.21504411144815,269.44971267844323,257.703277875203
*Nc1cccc(NC(=O)c2ccc(NC(=O)c3ccc([Si](C)(C)c4ccc(C(=O)Nc5ccc(C(*)=O)cc5)cc4)cc3)cc2)c1,egc,3.5185,3.2215237617492676,3.1845429298895045,3.292961494761009,3.2326452734784903
*Nc1cccc(NC(=O)c2cccc(C(*)=O)c2)c1,egc,4.1202,3.891136884689331,3.84029179739556,3.8230895474436943,3.861232751908518
*Nc1cccc(NC(=O)c2cccc(C(=O)Nc3ccc(C(=O)NC(*)=S)cc3)c2)c1,tg,270.0,249.89425659179688,265.3616869501798,290.3964720006887,265.60069161850134
*Nc1cccc(NC(=O)c2cccc(C(=O)Nc3cccc(NC(=S)NC(=O)CCCCC(=O)NC(*)=S)c3)c2)c1,tg,242.0,230.27911376953125,210.62592748799912,205.38170498358863,218.5412057945397
*Nc1cccc(NC(=O)c2cccc(C(=O)Nc3cccc(NC(=S)NC(=O)c4cccc(C(=O)NC(*)=S)c4)c3)c2)c1,tg,244.0,260.6289367675781,245.93554434736544,251.1987661533805,254.69467011174447
*Nc1cccc2c(NC(=O)Nc3cc(NC(*)=O)cc(C(=O)Nc4ccc5c(c4)C(=O)c4ccccc4C5=O)c3)cccc12,tg,178.0,233.41256713867188,189.54067556236788,183.0817843915808,208.83358286659325
*Nc1cccc2c(NC(=O)Nc3cc(NC(*)=O)cc(C(=O)Nc4cccc5c4C(=O)c4ccccc4C5=O)c3)cccc12,tg,185.0,183.17864990234375,192.5807457371128,198.97410926468527,189.99588876530157
*Nc1cccc2c(NC(=O)c3cc(NC(=O)C(CCSC)N4C(=O)c5ccccc5C4=O)cc(C(*)=O)c3)cccc12,tg,198.0,205.95751953125,206.03888348493925,200.68552753309763,204.34314477186882
*Nc1cccc2c(NC(=O)c3ccc(C(*)=O)cc3)cccc12,tg,305.0,245.81121826171875,269.1353981049261,253.11460774348137,252.85947892936161
*Nc1cccc2c(N[Se]*)cccc12,tg,53.0,117.9572296142578,178.3415680280497,143.5498701755311,138.272759414586
*Nc1ccccc1-c1ccc(NC(=O)c2ccc(C(*)=O)cc2)cc1,tg,263.0,272.39422607421875,261.3895020133547,261.34641921205764,266.71680746460333
*Nc1ccccc1CCc1ccc(NC(*)=O)cc1,tg,197.0,163.23171997070312,154.5964825806102,168.59093292159264,163.1168809361796
*Nc1ccccc1CCc1ccc(NC(=O)NCCCCCCNC(*)=O)cc1,tg,150.0,100.20516204833984,106.88737382098437,107.46503775903088,103.82319193761796
*Nc1ccccc1NC(=O)c1cccc(C(*)=O)c1,egc,3.6159,3.680375099182129,3.8415598511440305,3.8026948252488975,3.7497869496646024
*Nc1cnc(*)s1,tg,62.0,234.3231201171875,107.50263138739209,176.69954463861936,190.45764387265982
*Nc1nc(*)nc(-c2ccccc2)n1,egc,4.2193,4.0574951171875,4.036292473765095,3.990256147394488,4.0344611543012086
*Nc1nc(Nn2c(=O)c3cc4c(=O)n(*)c(=O)c4cc3c2=O)nc(N(CC)CC)n1,egc,2.6124,2.8269171714782715,2.6215345905454397,2.6188929864740342,2.7242929394104154
*Nc1nc(Nn2c(=O)c3cc4c(=O)n(*)c(=O)c4cc3c2=O)nc(N(CCC)CCC)n1,egc,2.5752,3.081780195236206,2.790790283244355,2.915411977473729,2.9712725223646306
*OC(*)(C)C,egc,6.2991,5.618374824523926,5.623112242555334,5.770390254673674,5.660758844058341
*OC(*)C,tg,-21.07,-37.33819580078125,-5.725089219481835,7.766699168933286,-16.892882554333468
*OC(*)C(Cl)Cl,egc,6.5565,5.872847557067871,5.782958722424039,5.680066255998536,5.800278305580385
*OC(*)CC,egc,6.1349,6.367761135101318,6.1008794936793045,6.169912499313121,6.254105205525877
*OC(*)CCC,egc,6.6355,6.26747465133667,6.180009677750262,6.186101444320559,6.225732388969524
*OC(*)CCC#N,egc,6.5576,7.000995635986328,6.694254405260629,6.678896277640474,6.844622904943579
*OC(*)CCCC,egc,6.6222,6.411574363708496,6.278896227257233,6.121088441003504,6.302846831548906
*OC(=C(C)C)C(C)(C)C(*)=O,egc,4.7881,5.174592018127441,4.830769681054744,4.941940813612318,5.034213932293065
*OC(=C)CC(*)=O,egc,5.0472,5.353271007537842,5.215205061428886,5.268175744581583,5.299164414500145
*OC(=O)C(=S)C(*)=O,eea,5.1004,5.5715861320495605,4.0687652686315605,4.062316916577914,5.148037164508862
*OC(=O)C(=S)C(*)=O,egb,1.4341,0.4667823314666748,1.633136853620343,1.993743606323864,0.7373431250386522
*OC(=O)C(C)NC(=O)CCCCC(=O)NC(C)C(=O)OC1COC2C(*)COC12,tg,56.0,71.10365295410156,91.02469298894572,91.62097303460592,81.54141669576144
*OC(=O)C(C)NC(=O)CCCCCC(=O)NC(C)C(=O)OC1COC2C(*)COC12,tg,45.0,67.8313217163086,80.82716555046744,80.06108356319248,74.28321794103617
*OC(=O)C(C)NC(=O)CCCCCCC(=O)NC(C)C(=O)OC1COC2C(*)COC12,tg,57.0,48.837890625,79.33408120142481,73.25231286020349,62.652550375987616
*OC(=O)C(C)NC(=O)CCCCCCCCC(=O)NC(C)C(=O)OC1COC2C(*)COC12,tg,57.0,54.178993225097656,54.21613487829856,53.2747866767338,53.90687009719545
*OC(=O)C(CC(C)C)NC(=O)CCCCC(=O)NC(CC(C)C)C(=O)OC1COC2C(*)COC12,tg,91.0,121.62208557128906,94.86921127008996,97.29458416416534,108.6028594550933
*OC(=O)C(CC(C)C)NC(=O)CCCCCCCCC(=O)NC(CC(C)C)C(=O)OC1COC2C(*)COC12,tg,89.0,81.20899963378906,70.31343325468757,70.97771035877055,75.80661119719488
*OC(=O)C(CCSC)NC(=O)CCCCC(=O)NC(CCSC)C(=O)OC1COC2C(*)COC12,tg,71.0,55.62247467041016,66.77316637986749,76.58010099639779,64.39581967007037
*OC(=O)C(CCSC)NC(=O)CCCCCCCCC(=O)NC(CCSC)C(=O)OC1COC2C(*)COC12,tg,61.0,51.656272888183594,58.2338227885698,60.29131378458523,55.678271234765006
*OC(=O)C(Cc1ccccc1)NC(=O)CCCCC(=O)NC(Cc1ccccc1)C(=O)OC1COC2C(*)COC12,egc,5.287,5.564600944519043,4.986426761704999,4.898512934678929,5.253827086080183
*OC(=O)C(Cc1ccccc1)NC(=O)CCCCC(=O)NC(Cc1ccccc1)C(=O)OC1COC2C(*)COC12,tg,97.5,93.8041763305664,86.93772533169543,86.50453528987762,90.13601739224501
*OC(=O)C(Cc1ccccc1)NC(=O)CCCCCCC(=O)NC(Cc1ccccc1)C(=O)OC1COC2C(*)COC12,tg,91.0,93.1309814453125,75.4792469463619,80.10900343909307,85.47808223992513
*OC(=O)C(Cc1ccccc1)NC(=O)CCCCCCCCC(=O)NC(Cc1ccccc1)C(=O)OC1COC2C(*)COC12,tg,74.0,85.53936767578125,78.5781293363414,78.23317931405396,81.84972226735098
*OC(=O)C(Cc1ccccc1)NC(=O)CCCCCCCCCCC(=O)NC(Cc1ccccc1)C(=O)OC1COC2C(*)COC12,tg,76.0,88.7852783203125,69.53901377545357,79.67721357464416,82.01591490166336
*OC(=O)C(F)(F)C(*)(F)F,ei,9.0985,8.723374366760254,8.578068763768185,8.302836950339783,8.574092331051368
*OC(=O)C(F)(F)C(*)(F)F,eps,3.31,3.6420183181762695,3.45364503841377,3.41900147890491,3.5387777121635002
*OC(=O)C(F)(F)C(*)(F)F,nc,1.5879,1.5777696371078491,1.6262203052446305,1.636223156433943,1.5961830899651694
*OC(=O)C(NC(=O)CCCCC(=O)NC(C(=O)OC1COC2C(*)COC12)C(C)CC)C(C)CC,tg,102.0,99.9829330444336,88.40072810223627,86.43983645362133,93.41494435068746
*OC(=O)C1CCC(C(=O)OC2COC3C(*)COC23)CC1,egc,6.4746,6.087862968444824,6.255538203770764,6.4752032214206485,6.230769431688081
*OC(=O)C=CC(=O)OC1COC2C(*)COC12,egc,4.1943,5.022952079772949,5.192316686763717,4.98174627365702,5.04974926846003
*OC(=O)C=CC(=O)OC1COC2C(*)COC12,tg,52.0,190.87985229492188,168.61089370869206,153.05610697976664,174.6056738432305
*OC(=O)CCCCC(*)=O,egc,6.1659,6.057604789733887,6.221006806198046,6.208152872569767,6.135187186630835
*OC(=O)CCCCCC(*)=O,egc,5.9809,6.198445796966553,6.16085121540508,6.190705315281403,6.187907221358354
*OC(=O)CCCCCCC(*)=O,egc,6.0659,6.214742660522461,6.2136612746112485,6.192291286288695,6.208397266008533
*OC(=O)CCCCCCCC(*)=O,egc,6.2617,6.292144775390625,6.157814539979899,6.239109277723655,6.2475908616828955
*OC(=O)CCCCCCCCC(=O)OC1COC2C(*)COC12,egc,6.5166,6.3686065673828125,6.519635714429659,6.575421870508122,6.458707720668465
*OC(=O)CCCCCCCCCC(*)=O,egc,6.2966,6.361069202423096,6.403949275558186,6.4101753458096375,6.384037707225545
*OC(=O)CCCCCCCCCCC(*)=O,egc,6.499,6.34512996673584,6.312990909576818,6.320978725678153,6.331354559403021
*OC(=O)CCCCCCCCCCCC(*)=O,egc,6.2745,6.366147041320801,6.422958569065307,6.358459653741872,6.376803403618297
*OC(=O)CCCCCCCCCCCCCCCCC(*)=O,egc,6.1592,6.435926914215088,6.4709082365610024,6.474616749843216,6.454291910099755
*OC(=O)CCS(=O)(=O)CCC(*)=O,egc,6.2922,5.902966499328613,5.174701563202931,5.3338309982459515,5.584872828690098
*OC(=O)CCSCCSCCC(*)=O,egc,4.6742,4.98190450668335,5.009288142260395,5.22027694904828,5.052843069157065
*OC(=O)CCc1ccc(CCC(*)=O)cc1,egc,5.0434,5.665809631347656,5.279976119289823,5.186680109395051,5.449007861792041
*OC(=O)CNC(=O)CCCCCCCCC(=O)NCC(=O)OC1COC2C(*)COC12,tg,66.0,50.86322021484375,59.28550532141636,68.19502126956502,57.95461614740387
*OC(=O)CS(=O)(=O)CCS(=O)(=O)CC(*)=O,egc,5.7619,5.901886940002441,5.719838377206182,5.80173371299641,5.833819528677663
*OC(=O)NC1CCC(CC2CCC(NC(=O)OC3CC4CC(*)CC(C3)O4)CC2)CC1,egc,5.8672,6.173727512359619,5.861365193203038,5.83944774534079,6.012782756262227
*OC(=O)NC1CCC(CC2CCC(NC(=O)OC3CC4CC(*)CC(C3)O4)CC2)CC1,tg,225.0,203.9400329589844,168.37923085618607,164.99588017653738,184.59026331237078
*OC(=O)Nc1ccc(C)c(NC(=O)OC2CCN(c3ccc(C=CC4=CC(=C(C#N)C#N)C=C(C=Cc5ccc(N6CCC(*)CC6)s5)O4)s3)CC2)c1,tg,212.0,183.62811279296875,195.98525495440103,202.95683612626385,192.1451950485519
*OC(=O)OC(*)=O,egb,5.926,5.731856822967529,4.977602604018869,4.934557835155181,5.556891479105404
*OC(=O)OC(*)=O,egc,5.0987,7.258579254150391,5.991353163417899,6.494151388721182,6.766482039276911
*OC(=O)OC(*)=O,ei,7.4502,9.641408920288086,8.417177252934676,7.708757206479582,8.87895701498984
*OC(=O)OC(*)=O,nc,1.5714,1.622616171836853,1.7090237826549717,1.7082269405138784,1.653635008715121
*OC(=O)OC1CC2CC(*)CC(C1)O2,egc,6.2425,6.713037014007568,6.916347662655417,6.7789672614540155,6.776572123297058
*OC(=O)OC1CC2CC(*)CC(C1)O2,tg,207.0,120.5836181640625,166.86443298110953,170.97832659940713,145.67695700397735
*OC(=O)OC1COC2C(*)COC12,egc,6.8979,6.333782196044922,6.690009780728332,6.549323576869483,6.472292635867761
*OC(=O)OC1COC2C(*)COC12,tg,139.7,191.33575439453125,159.79260772842662,148.40768142630662,171.57828252455812
*OC(=O)OCC(O)C(O)COC(=O)OC1COC2C(*)COC12,egc,6.3954,6.821142196655273,6.603659354235683,6.698752004555869,6.739080420086833
*OC(=O)OCC(O)C(O)COC(=O)OC1COC2C(*)COC12,tg,78.5,103.22039031982422,85.12724491859899,86.72506589454736,94.40226072378039
*OC(=O)OCC(OC)C(COC(=O)OC1COC2C(*)COC12)OC,egc,6.3606,6.467460632324219,6.578154540521751,6.56155964329114,6.517873582879392
*OC(=O)OCC1OC(C)(C)OC1COC(=O)OC1COC2C(*)COC12,egc,6.6226,6.290770530700684,6.347804203562873,6.441289197577362,6.344480635933283
*OC(=O)OCC1OC(C)(C)OC1COC(=O)OC1COC2C(*)COC12,tg,95.5,123.38291931152344,97.49151430490684,103.87631690801318,112.03207959519008
*OC(=O)OCCCCCCCCCCOC(=O)OC1COC2C(*)COC12,egb,6.1689,6.563030242919922,6.364307291823143,5.834519739843251,6.516932218409819
*OC(=O)OCCCCCCCCCCOC(=O)OC1COC2C(*)COC12,egc,6.8143,6.715302467346191,6.654308522578205,6.651644482389751,6.684314508163528
*OC(=O)OCCCCCCCCCCOC(=O)OC1COC2C(*)COC12,tg,6.5,27.806381225585938,18.171643709645423,16.083881662603744,22.20149466712669
*OC(=O)OCCCCCCCCOC(=O)OC1COC2C(*)COC12,egc,6.6539,6.81496524810791,6.7954155395121365,6.734490642778766,6.7887043914424945
*OC(=O)OCCCCCCCCOC(=O)OC1COC2C(*)COC12,tg,19.5,30.681312561035156,11.47871819411774,11.517700815127029,20.80987132542296
*OC(=O)OCCCCCCOC(=O)OC1COC2C(*)COC12,tg,25.67,46.333839416503906,39.86079449123672,38.54514125402234,42.59514347192494
*OC(=O)OCCCCOC(=O)OC1COC2C(*)COC12,tg,49.0,65.2677993774414,50.33436989187944,51.54485682550687,57.95612781887764
*OC(=O)OCCOCCOC(=O)OC1COC2C(*)COC12,egb,6.5378,6.310894012451172,6.536071777138867,6.165414065129939,6.3631287948877935
*OC(=O)OCCOCCOC(=O)OC1COC2C(*)COC12,egc,6.7329,6.607001781463623,6.544503035348963,6.7009813130444265,6.618525574542984
*OC(=O)OCCOCCOC(=O)OC1COC2C(*)COC12,tg,46.5,26.42829132080078,32.44301816150693,30.261772610597248,28.849201764943526
*OC(=O)OCCOCCOCCOC(=O)OC1COC2C(*)COC12,egc,6.4799,6.330094337463379,6.442322483939352,6.601853162529238,6.429143367926523
*OC(=O)OCCOCCOCCOC(=O)OC1COC2C(*)COC12,tg,17.0,33.94049072265625,18.881697398088367,20.28959750266148,26.62537171321806
*OC(=O)OCCOCCOCCOCCOC(=O)OC1COC2C(*)COC12,tg,9.5,8.842269897460938,9.401951327612586,12.66997735103027,10.141416734036302
*OC(=O)Oc1ccc(C(=O)Oc2ccc(OC(=O)OC3COC4C(*)COC34)cc2)cc1,egc,4.4189,4.64999532699585,4.229459865431031,4.517607347616125,4.51966001074147
*OC(=O)Oc1ccc(S(=O)(=O)c2ccc(OC(=O)OC3CC4CC(*)CC(C3)O4)cc2)cc1,tg,184.0,162.19500732421875,153.35032565351372,151.97254016627735,157.2164161761432
*OC(=O)Oc1ccc2c(c1)Oc1cc(*)ccc1C21c2ccccc2-c2ccccc21,tg,295.0,281.00494384765625,281.1054962253651,283.0019073515134,281.6434205026152
*OC(=O)Oc1cccc(OC(=O)OC2CC3CC(*)CC(C2)O3)c1,egc,5.8268,5.859053611755371,4.919450526645466,5.186848722110251,5.465528580329035
*OC(=O)c1ccc(C(*)=O)cc1,eea,3.2451,3.081496477127075,2.9448461283547287,2.640901434630359,3.0025502121556142
*OC(=O)c1ccc(C(*)=O)cc1,egb,3.1295,3.3855226039886475,3.3440436740967447,3.4688961097190916,3.3759006820301787
*OC(=O)c1ccc(C(*)=O)cc1,egc,4.5736,4.394441604614258,4.483421759179361,4.410485249839216,4.418765786459108
*OC(=O)c1ccc(C(*)=O)cc1,ei,7.8184,7.315747261047363,7.129169907759268,7.118241074914187,7.229389481527894
*OC(=O)c1ccc(C(*)=O)s1,eea,3.3779,4.002187252044678,3.557492623754259,3.4501558098380114,3.8628041906130064
*OC(=O)c1ccc(C(*)=O)s1,egb,3.202,2.651496410369873,2.947107216860511,2.961344168025909,2.7200696382121894
*OC(=O)c1ccc(C(*)=O)s1,ei,7.3658,7.901911735534668,7.34305795359215,7.193835811465466,7.6074205724644415
*OC(=O)c1ccc(C(*)=O)s1,nc,1.8811,1.9942519664764404,1.9125866792200603,1.9470860359785045,1.9682311610903909
*OC(=O)c1ccc(C(=O)OC2COC3C(*)COC23)cc1,tg,255.5,99.9090347290039,122.07992107947676,131.80359815669402,114.3286730755753
*OC(=O)c1ccc(C(=O)OC2COC3C(*)COC23)o1,egc,4.3511,4.610860824584961,4.341545983858036,4.233679611870575,4.447912434559508
*OC(=O)c1ccc(C(C)(C)c2ccc(C(*)=O)cc2)cc1,egc,4.3936,4.260409832000732,4.562884450853419,4.477420961885894,4.387260022312321
*OC(=O)c1ccc(C(C)(C)c2ccc(C(*)=O)cc2)cc1,tg,100.0,151.6237335205078,153.46473182137382,161.92676757138855,155.18932226286668
*OC(=O)c1ccc(C(F)(F)C(F)(F)C(F)(F)c2ccc(C(*)=O)cc2)cc1,tg,98.0,86.68450927734375,102.14321725513406,99.28365666337872,93.75633964492945
*OC(=O)c1ccc(C2(C)CC(C)(C)c3ccc(C(=O)Oc4ccc5c(c4)Oc4cc(*)ccc4C5(C)C)cc32)cc1,tg,297.0,266.4765930175781,273.61892537007645,275.0245716206708,270.58761120531676
*OC(=O)c1ccc(CCCCCCc2ccc(C(*)=O)cc2)cc1,egc,4.5994,4.656112194061279,4.6170036980288085,4.567716673783563,4.623310141041385
*OC(=O)c1ccc(CCCCCc2ccc(C(*)=O)cc2)cc1,egc,4.7446,4.611015796661377,4.658861087779623,4.565565055896532,4.609395622408691
*OC(=O)c1ccc(CCCCCc2ccc(C(*)=O)cc2)cc1,tg,42.5,57.95687103271485,55.52855625667233,47.36788598867665,54.1822309558187
*OC(=O)c1ccc(CCCCc2ccc(C(*)=O)cc2)cc1,egc,4.8401,4.468245029449463,4.698865516409509,4.627282326366082,4.563215798824688
*OC(=O)c1ccc(CCCCc2ccc(C(*)=O)cc2)cc1,tg,46.0,92.7534408569336,64.1249713707785,57.326821700288264,75.91522588413481
*OC(=O)c1ccc(CCCc2ccc(C(*)=O)cc2)cc1,egc,4.5456,4.577617168426514,4.5675469104272715,4.494723283273725,4.552825462473249
*OC(=O)c1ccc(CCc2ccc(C(*)=O)cc2)cc1,egc,4.4852,4.3525471687316895,4.361149894098308,4.4719718851488155,4.386939513670847
*OC(=O)c1ccc(Cc2ccc(C(*)=O)cc2)cc1,egc,4.3273,4.393509864807129,4.4286313406145545,4.4042658975697675,4.404313279624969
*OC(=O)c1ccc(Cc2ccc(C(*)=O)cc2)cc1,tg,122.0,123.66486358642578,115.48009329775952,124.61214055407072,122.2775196319
*OC(=O)c1ccc(SCCCCSc2ccc(C(*)=O)cc2)cc1,tg,62.0,60.730377197265625,86.42004040879793,59.734400156774896,65.69658967409813
*OC(=O)c1cccc(C(*)=O)c1,egc,4.6197,4.4478759765625,4.558624139214903,4.537947633680845,4.497206375568945
*OC(=O)c1cccc(C(*)=O)c1,tg,130.0,131.2231903076172,131.39736845981767,152.93098669844474,137.97503549165287
*OC(=O)c1cccc(OCCCCCCCCOc2cccc(C(=O)OC3COC4C(*)COC34)c2)c1,tg,31.75,73.58934020996094,36.41281882858313,37.44802548926616,54.775005058634214
*OC(=S)C(F)(F)C(*)(F)F,eea,3.6605,3.588873863220215,3.5966543360001637,3.632821693767801,3.595882816457669
*OC(=S)C(F)(F)C(*)(F)F,egb,3.1746,4.064767837524414,3.6009409850267837,3.769810792465749,3.9571733120965638
*OC(=S)C(F)(F)C(*)(F)F,nc,1.7142,1.7057265043258667,1.71198500268742,1.7357357797064392,1.7102983066522028
*OC(=S)OC(*)=O,eea,3.1486,2.987307071685791,3.0451506578437137,3.216194030952318,3.0263740021966146
*OC(=S)OC(*)=O,egb,3.9378,3.4907045364379883,3.103234220900216,3.120133650953419,3.4008225373834398
*OC(=S)OC(*)=O,ei,7.3548,8.006797790527344,7.360730451341889,7.309232732108467,7.703564788413913
*OC(=S)OC(*)=O,nc,1.7396,1.861532926559448,1.8622698447598207,1.877577313668433,1.8632930407597736
*OC(=S)Oc1ccc(*)cc1,eea,1.8722,2.587071180343628,2.282763136994918,2.574450154332373,2.540357927217541
*OC(=S)Oc1ccc(*)cc1,egb,3.9415,3.1274428367614746,3.39696628155488,3.261148481357579,3.1899645449766627
*OC(=S)Oc1ccc(*)cc1,ei,6.6287,6.39937162399292,6.385638568774396,6.271218786468635,6.358074076423342
*OC(=S)Oc1ccc(*)cc1,eps,4.1,4.255763530731201,4.100686752580637,4.239982378084345,4.170771537307518
*OC(=S)Oc1ccc(*)s1,eea,2.5249,2.43464994430542,2.6753577357242215,2.567582924007377,2.487987570463069
*OC(=S)Oc1ccc(*)s1,egb,3.0437,3.1912052631378174,3.3229784002772305,3.1610391443066397,3.221772851189927
*OC(=S)Oc1ccc(*)s1,ei,6.1007,5.957550525665283,5.959278928564124,5.868436633801388,5.930381825361978
*OC(=S)Oc1ccc(*)s1,nc,1.9459,1.9446101188659668,2.0317590562618126,1.961242280195851,1.9690869789478258
*OC(=S)c1ccc(-c2ccc(*)cc2)cc1,eea,2.7321,2.766861915588379,2.937242244338266,2.9005233597786915,2.8098896819309047
*OC(=S)c1ccc(-c2ccc(*)cc2)cc1,egc,3.2538,3.137119770050049,3.247135539546528,3.1191417380161974,3.156915558337004
*OC(=S)c1ccc(-c2ccc(*)cc2)cc1,eps,4.56,4.4865007400512695,4.852453545496522,4.839062469546261,4.6870662844526585
*OC(=S)c1ccc(-c2ccc(*)cc2)cc1,nc,2.0445,2.0442328453063965,2.0240578346955234,2.0307186982601,2.03762268824982
*OC(=S)c1ccc(C(*)=O)cc1,eea,3.4955,3.4733943939208984,3.690002334497887,3.76868319219454,3.5448054431881086
*OC(=S)c1ccc(C(*)=O)cc1,egb,2.5144,2.5673627853393555,2.3513208835851724,2.4763126617979023,2.5172472610513554
*OC(=S)c1ccc(C(*)=O)cc1,egc,3.2688,3.584652900695801,3.2515573663906143,3.1959638562067703,3.4042668944432384
*OC(=S)c1ccc(C(*)=O)cc1,ei,6.7625,6.947257995605469,6.785364064257756,6.784096853744953,6.874851672202229
*OC(=S)c1ccc(C(*)=O)s1,eea,4.037,4.195810794830322,3.7458397351022574,3.954284145536133,4.097032734540358
*OC(=S)c1ccc(C(*)=O)s1,egb,2.3663,2.268733501434326,2.093359862629929,2.030492202200286,2.228051847627293
*OC(=S)c1ccc(C(*)=O)s1,ei,6.7886,7.10146951675415,6.835596711420349,6.751721856973352,6.957404334561505
*OC(=S)c1ccc(C(*)=O)s1,eps,5.45,5.734273910522461,5.206214604843818,5.222473062824067,5.44486363536199
*OC(=S)c1ccc(C(*)=O)s1,nc,2.068,2.1819093227386475,2.1863868446762904,2.171065040944848,2.1820243985063295
*OC(C)(C)C(*)=O,egc,5.8214,6.3234028816223145,5.984266966432066,6.041047868816957,6.170565625079165
*OC(C)(CC(*)=O)C(F)(F)F,egc,6.2535,6.968270301818848,6.775024083783532,6.580347100621426,6.819468396277299
*OC(C)(CC(*)=O)C(F)(F)F,tg,26.2,11.859130859375,75.99147038826985,52.7437727128476,37.67529258256636
*OC(C)C#CC#CC(C)OC(=O)c1ccc(C(*)=O)cc1,tg,133.0,112.9290542602539,110.01346558486986,81.26397879476474,102.53372807867895
*OC(C)C(*)=O,egc,5.9945,6.056783199310303,6.061303037788559,6.019754420068458,6.04773200787944
*OC(C)C(*)=O,tg,53.36,24.941749572753903,50.982200412112576,61.30328971277562,41.53786884450922
*OC(C)C(*)C,egc,5.7581,6.427984714508057,5.347044843853194,5.3582188111391,5.894684160433096
*OC(C)C(=O)NC(C)C(*)=O,egc,5.6199,5.708026885986328,5.706803893272902,5.926274825567403,5.767077116563781
*OC(C)C(=O)NC(C)C(*)=O,tg,57.65,73.8886947631836,104.58708216581022,101.18898552077346,88.63771444317638
*OC(C)C(=O)OCC(*)=O,egc,5.9109,6.196561813354492,5.9278247866325895,5.955857973935373,6.07084062648717
*OC(C)C(=O)OCC(*)=O,tg,43.0,42.577049255371094,21.507751887659595,24.65562885758445,32.706670980948246
*OC(C)CC(*)=O,egc,6.4371,6.530921936035156,6.571179305637158,6.593128866199214,6.55686310704722
*OC(C)CCC(C)OC(=O)CCCCC(*)=O,egc,6.4506,6.520890235900879,6.705529845259057,6.660085716821757,6.600151509943423
*OC(C)CCCC(C)C(*)=O,egc,6.6886,6.59166145324707,6.097923420154928,6.243315081186216,6.386200490207634
*OC(C)CCOC(=O)C(*)=O,egc,5.5088,6.0648064613342285,5.656707707837213,5.9119113862667465,5.931687103744855
*OC(C)CCOC(=O)C(CCCCCCOc1ccc(N=Cc2ccc([N+](=O)[O-])cc2)cc1)C(*)=O,tg,3.0,31.22844696044922,38.99588222778189,29.530173479697993,32.29776003740769
*OC(C)CCOC(=O)CC(*)=O,egc,6.8752,6.333551406860352,6.570806377641562,6.397754400519108,6.404232597079148
*OC(C)CCOC(=O)CCCCC(*)=O,egc,6.6227,6.66013765335083,6.6529967643123245,6.636508611101275,6.652112661325317
*OC(C)CCOC(=O)CCCCCC(*)=O,egc,6.5798,6.588248252868652,6.675021814932711,6.6629054995791055,6.62800984693458
*OC(C)CCOC(=O)CCCCCCCC(*)=O,egc,6.6793,6.583250999450684,6.738993168666472,6.694388153099822,6.648402107521309
*OC(C)CCOC(=O)CCCCCCCCCCC(*)=O,egc,6.742,6.670042037963867,6.7130304418842295,6.689617909668879,6.685007866593292
*OC(C)CCOC(=O)COCC(*)=O,egc,6.1998,5.8997602462768555,6.201542346035258,6.212311637917166,6.052425021823319
*OC(C)CCOC(=O)c1ccc(-c2ccc(C(*)=O)cc2)cc1,tg,86.83,120.5266571044922,81.61893288441406,86.65861212813343,102.06020554517907
*OC(C)CCOC(=O)c1cccc(C(*)=O)c1,egc,5.0532,4.97949743270874,4.903642210410034,4.886509921726753,4.937202854324132
*OC(C)COC(*)=O,egc,7.1412,6.916047096252441,6.542667181914115,6.501094100351359,6.719483955374524
*OC(C)COC(*)=O,tg,31.72,7.6704559326171875,14.138354462179992,14.397008054404097,11.079482334363249
*OC(C)COC(=O)C(*)=O,egc,5.4575,5.505535125732422,5.489582212787525,5.657051029439103,5.54314137866622
*OC(C)COC(=O)CCCCC(*)=O,egb,6.5974,6.069912433624268,6.189932386901374,6.1079488547181455,6.0977536201471825
*OC(C)COC(=O)CCCCC(*)=O,egc,6.7094,6.5996623039245605,6.683405584814136,6.673812800128198,6.638606292524173
*OC(C)COC(=O)CCCCCCCCC(*)=O,egc,6.952,6.623513221740723,6.618234265934716,6.599490205128303,6.615798873258646
*OC(C)COC(=O)CCCCS(=O)(=O)CCCCC(*)=O,egc,6.649,6.218491077423096,6.236995452126382,6.162031020127812,6.207295539041366
*OC(C)COC(=O)c1cccc(C(*)=O)c1,egc,5.0391,4.884169101715088,4.896523650722831,4.928491140964946,4.8989886198024415
*OC(C)COC(=O)c1ccccc1C(*)=O,tg,95.0,55.56192779541016,82.61810617600827,62.273677985506424,63.193361563208185
*OC(C)COC(C)COC(=O)c1ccc(C(*)=O)cc1,tg,37.0,58.60382080078125,42.77020051169865,53.64108554408445,53.81761476263
*OC(C)COCC(C)OC(=O)c1ccccc1C(*)=O,tg,25.0,57.328155517578125,44.76352916543907,45.71322267924478,51.155012086797065
*OC(C=C)CC(*)=O,egc,6.1885,5.815607070922852,5.570040264664174,5.986539658710183,5.80697612667071
*OC(CC(*)=O)C(C)(Cl)Cl,egc,6.4677,6.105757713317871,5.513565870919583,5.711830365178713,5.865818204714197
*OC(CC(*)=O)C(C)(Cl)Cl,tg,109.0,119.6189193725586,118.97118269702884,90.10329802281552,110.35421731729748
*OC(CC(*)=O)C(C)C,egc,6.7353,6.229267597198486,6.227548062509087,6.206117423513511,6.222589081518091
*OC(CC(*)=O)C(Cl)(Cl)Cl,tg,156.0,136.85765075683594,75.09692738107982,73.01985980755033,104.4270272805724
*OC(CC(*)=O)C1CCC=CO1,egc,4.8999,5.696010589599609,5.722458878612908,5.750565076260096,5.716773517618595
*OC(CC(*)=O)C1CO1,egb,6.1493,6.057742118835449,6.334801321617756,6.184067426935995,6.122011906749321
*OC(CC(*)=O)C1CO1,egc,6.757,5.990241527557373,6.399293242417696,6.336372871994223,6.1761005774657525
*OC(CC(C)C)C(*)=O,egb,5.8529,6.171233654022217,5.943774788384336,6.141148116451089,6.118469721595967
*OC(CC)(CC)C(*)=O,egc,6.0873,6.068948745727539,5.953225669195975,5.808531984077682,5.972198632984363
*OC(CC)C(*)=O,egc,6.3762,5.973715782165527,6.080130494670401,6.100058708592439,6.031933281854088
*OC(CCC)CCC(C(*)=O)C1OCCCO1,tg,17.4,11.4576416015625,28.091176270674907,52.0253125688825,27.42374093086267
*OC(CCCCC)CC(*)=O,egc,6.5462,6.385099411010742,6.64377750534736,6.627625947076757,6.5090592728895995
*OC(CCCCC)CC(*)=O,tg,-34.5,-26.658416748046875,-32.295318369978,-12.549209109040872,-23.4505420560761
*OC(CCCCCC)CC(*)=O,egc,6.7534,6.386435508728027,6.52999098529844,6.440593537879729,6.433364282550027
*OC(CCCCCC)CC(*)=O,tg,-47.0,-23.476409912109375,-40.16441458579983,-12.46177775757613,-23.494858824249434
*OC(CCCCCCC=C)CC(*)=O,egb,5.5852,5.725244522094727,5.506509104338838,5.611229816404848,5.674504179354808
*OC(CCc1ccccc1)CC(*)=O,egc,5.4818,5.453937530517578,5.521678349435882,5.632683727458779,5.517722706901484
*OC(CCl)CC(*)=O,egc,6.865,6.811513900756836,6.6181126308268015,6.529367599135253,6.691429708525404
*OC(COC(*)=O)COC(C)(C)C,egc,6.0333,6.494239807128906,6.435407378842466,6.308702640268648,6.430607339133706
*OC(COC(*)=O)COC(C)(C)C,tg,11.0,3.5401763916015625,-15.049667110676236,15.861470412475796,3.5355229564652504
*OC(COC(*)=O)COc1ccccc1,egc,5.4034,5.31754732131958,5.269776956490175,5.597475024660952,5.3829203283564615
*OC(COC(=O)C1=C(C(=O)OCC(COC(=O)C2=C(c3ccccc3)C3C=CC2C3)OC(=O)c2ccc(C(*)=O)cc2)C2C=CC1C2)COC(=O)C1=C(c2ccccc2)C2C=CC1C2,tg,74.0,88.23556518554688,125.0265724115828,86.03638022539732,95.10874296965378
*OC(COC(=O)NCCCCCCNC(*)=O)c1ccco1,tg,17.0,25.433349609375,51.68449398951587,33.79629486732496,33.41035792425804
*OC(COC(=O)Nc1ccc(Cc2ccc(NC(*)=O)cc2)cc1)c1ccco1,tg,40.0,61.71155548095703,81.02402809537658,90.1267906574122,74.46787705300298
*OC(COC(=O)c1cc(C(*)=O)cc(C(C)(C)C)c1)COc1ccc(N=Nc2ccc(C#N)cc2)cc1,tg,137.0,134.69590759277344,115.05764662364726,126.46252824266374,128.11667851958632
*OC(COC(=O)c1ccc(-c2cc(CCCCCCCC)c(-c3ccc(C(*)=O)c(F)c3F)cc2CCCCCCCC)c(F)c1F)COc1ccc(N=Nc2ccc(C#N)cc2)cc1,tg,61.0,82.10481262207031,94.64582352450056,95.98091007001524,88.9726798465472
*OC(COC(=O)c1ccc(-c2ccc(C(*)=O)cc2)cc1)COc1ccc(N=Nc2ccc(C#N)cc2)cc1,tg,141.0,127.46832275390624,119.4712164251813,139.1874218189843,129.45215727395842
*OC(COC(=O)c1ccc(C(*)=O)c(OC)c1)COc1ccc(N=Nc2ccc(C#N)cc2)cc1,tg,120.0,107.26039123535156,120.0819357417091,117.8158339811152,113.15849139961514
*OC(COC(=O)c1ccc(C(*)=O)cc1)COc1ccc(N=Nc2ccc(C#N)cc2)cc1,tg,122.0,125.06124114990234,123.89800781413498,114.386926921096,121.51993574143476
*OC(COC(=O)c1ccc2cc(C(*)=O)ccc2c1)COc1ccc(N=Nc2ccc(C#N)cc2)cc1,tg,138.0,121.15054321289062,139.11843650257006,156.14631065864913,135.66673217662446
*OC(COC(=O)c1cccc(C(*)=O)c1)COc1ccc(N=Nc2ccc(C#N)cc2)cc1,tg,119.0,131.2617645263672,111.31013619843678,119.39385582298164,123.49372601091494
*OC(COC(=O)c1ccccc1-c1ccccc1C(*)=O)COc1ccc(N=Nc2ccc(C#N)cc2)cc1,tg,120.0,112.94329071044922,125.34918175991491,135.39403267361166,122.43628994269758
*OC(COC(F)(C(F)(F)F)C(F)(F)F)C(*)COC(F)(C(F)(F)F)C(F)(F)F,egc,6.5255,6.24356746673584,6.901681941371466,6.745931648403914,6.527772592500913
*OC(COCC)COC(*)=O,tg,-5.0,-0.9625701904296876,-23.673142255937037,-21.90116707698664,-12.103390794774946
*OC(COCCCC)COC(*)=O,egc,6.2375,6.364716053009033,6.420657138862051,6.342750917312542,6.371296119485779
*OC(COCCCC)COC(*)=O,tg,-24.0,-16.651275634765625,-25.20778892463172,-47.580067537237795,-27.97694630322073
*OC(COCCOC)COC(*)=O,egc,6.2142,6.190847396850586,6.136245606172096,6.131253648788223,6.162398300410247
*OC(COc1ccccc1)CC(*)=O,tg,20.0,35.211631774902344,56.45345309561536,51.451948538694865,44.59732135854774
*OC(Cc1ccccc1)C(*)=O,tg,35.05,59.38422393798828,62.57233760788621,60.618672549378246,60.42069756926269
*OC(F)(C(*)(F)F)C(F)(F)F,egc,8.6002,8.193702697753906,8.584155213937468,7.973096018192666,8.221336994477785
*OC(F)(C(*)(F)F)C(F)(F)F,tg,-76.93,-17.001174926757812,-56.92925910233304,-40.2021016059463,-32.376861692546754
*OC(F)(C(=O)[N]([Li])S(=O)(=O)C(F)(F)C(*)(F)F)C(F)(F)F,tg,67.0,91.13225555419922,92.68233295218094,147.7581421379739,108.96974941118495
*OC(F)(F)C(*)(F)F,egb,10.1137,8.698807716369629,8.41172234874351,8.440016186135535,8.632212145801256
*OC(F)(F)C(*)(F)F,egc,9.8627,8.253952980041504,8.441202834864107,8.952921142636207,8.48595846771184
*OC(F)(F)C(=O)C(*)(F)F,eea,3.6501,2.7234554290771484,2.0369794134048034,2.057336991900634,2.5330877696406744
*OC(F)(F)C(=O)C(*)(F)F,egb,5.2263,6.29735803604126,5.444764135471677,5.775544105599011,6.099580706806245
*OC(F)(F)C(=O)C(*)(F)F,egc,5.2431,6.547451972961426,7.340545385859855,6.975461681079513,6.841729141571653
*OC(F)(F)C(=O)C(*)(F)F,ei,8.7917,8.736896514892578,8.477210478565532,8.360244336392054,8.585406578236332
*OC(F)(F)C(=O)C(*)(F)F,nc,1.5807,1.6041203737258911,1.617357323716563,1.6089859861792948,1.6080665957731701
*OC(F)(F)C(=S)C(*)(F)F,eea,4.3264,4.61766242980957,3.7264475898201086,3.492799295156739,4.3358537871932015
*OC(F)(F)C(=S)C(*)(F)F,ei,7.385,7.860842227935791,7.720519272441541,7.829415646483381,7.831911111348134
*OC(F)(F)C(=S)C(*)(F)F,eps,3.6,4.195568561553955,3.7777590073925023,3.755607990467606,3.966582202002655
*OC(F)(F)C(=S)C(*)(F)F,nc,1.6753,1.7665197849273682,1.7421541805714176,1.7495536714821034,1.7584736366820044
*OC(F)(F)C(F)(F)C(*)(F)F,egb,9.1214,8.98248291015625,9.08693482680247,9.398479955154492,9.006712758732421
*OC(F)(F)C(F)(F)C(*)(F)F,egc,9.4523,8.778294563293457,8.639331881459126,8.857692436899168,8.768699654328477
*OC(F)(F)C(F)(F)C(*)(F)F,tg,-109.82,-79.19288635253906,-65.85973924776252,-57.27719857506179,-69.67505004152038
*OC(F)(F)C(F)(F)C(F)(F)C(*)(F)F,egb,8.7307,8.807337760925293,8.295858530945443,8.514083435383203,8.68868925077642
*OC(F)(F)C(F)(F)C(F)(F)C(*)(F)F,egc,9.0549,8.880133628845215,8.374391888556941,8.373317086449704,8.62890387509223
*OC(F)(F)CC(*)(F)F,egb,10.0451,8.414700508117676,8.618548881119528,8.674836996490555,8.461987483492793
*OC(F)(F)CC(*)(F)F,egc,9.1417,7.977520942687988,7.603466218063271,7.556465709923209,7.779147681684064
*OC(F)(F)CC(*)(F)F,ei,9.6085,8.799174308776855,8.814893357985023,8.901540404544214,8.8328140994733
*OC(F)(F)CC(*)(F)F,eps,3.47,3.636940956115722,3.5267412102697575,3.5512766087589656,3.5765444468128385
*OC(F)(F)COC(=O)c1cccc(C(=O)OCC(*)(F)F)c1,egc,4.7299,5.777654647827148,4.824044867227719,5.116796931832848,5.384071553489519
*OC(F)(F)COC(=O)c1cccc(C(=O)OCC(*)(F)F)c1,tg,28.0,42.623199462890625,40.78031937357658,19.77693229619382,35.17652577952311
*OC(F)(F)COC(=O)c1cccc(C(F)(F)C(F)(F)C(F)(F)c2cccc(C(=O)OCC(*)(F)F)c2)c1,tg,30.0,10.202651977539062,83.70143588395358,17.878912279777893,27.6676389487886
*OC(F)(F)NC(*)(F)F,egb,8.991,9.387236595153809,8.684185153479591,8.644596916483074,9.224148826925274
*OC(F)(F)NC(*)(F)F,egc,8.2061,8.701469421386719,7.478164769152833,7.437355084534234,8.083400380669968
*OC(F)(F)NC(*)(F)F,ei,9.067,9.775187492370604,9.080431791164097,9.008833376537588,9.444114296162809
*OC(F)(F)NC(*)(F)F,eps,4.04,4.0389251708984375,3.5289100707646934,3.480833009275278,3.7594042745172875
*OC(F)(F)NC(*)(F)F,nc,1.5936,1.5526646375656128,1.6931583800426206,1.6939067592792565,1.6032990741599624
*OC(F)(F)OC(*)(F)F,eps,3.8,3.6214816570281982,3.359263408777373,3.3716196697037817,3.4777692850232422
*OC(F)(F)OC(*)(F)F,nc,1.5596,1.4715867042541504,1.654542056140356,1.67301741587395,1.5392335610318897
*OC(F)(F)c1ccc(C(*)(F)F)cc1,eea,2.1427,1.6900887489318848,2.339483391748165,2.3588987426340307,1.875327907391557
*OC(F)(F)c1ccc(C(*)(F)F)cc1,egc,4.9933,6.011663913726807,4.844391804129848,5.128796843575771,5.509797504232667
*OC(F)(F)c1ccc(C(*)(F)F)cc1,nc,1.7269,1.7163258790969849,1.7348166051598166,1.7078916499258103,1.7203509226046267
*OC(F)(F)c1ccc(C(*)(F)F)s1,egc,4.9584,4.924681663513184,4.2670274466007525,4.204059243802671,4.5812523842257935
*OC(F)(F)c1ccc(C(*)(F)F)s1,ei,7.2935,7.415197372436523,7.411400460399417,7.063222768028864,7.306430097604766
*OC(F)(F)c1ccc(C(*)(F)F)s1,eps,3.93,4.126762866973877,3.808282610767814,3.974502474969438,3.9522153159875
*OC([2H])([2H])C(*)([2H])C([2H])=C([2H])[2H],egc,5.4798,4.591397762298584,5.227991516322003,4.989835764951064,4.842525168276294
*OC([2H])([2H])C(*)([2H])[2H],egc,5.8501,6.149868965148926,5.954386910461367,6.397869211721317,6.173423491202848
*OC(c1ccc(Cl)cc1)C(C)(C)C(*)=O,egc,4.9195,4.975777626037598,4.591923668064208,4.753224698332251,4.8291631710089105
*OC(c1ccc(OC)cc1)C(C)(C)C(*)=O,egb,4.5832,4.838018417358398,4.713907558905372,4.841349011475228,4.809228258177684
*OC(c1ccc(OC)cc1)C(C)(C)C(*)=O,egc,5.0038,5.089489936828613,4.957381652996122,5.0934369226867435,5.06092362850709
*OC(c1ccccc1)C(C)(C)C(*)=O,egc,5.5004,5.531461715698242,5.166615966608874,5.337974397299928,5.397012527270736
*OC(c1ccco1)C(C)(C)C(*)=O,egc,5.4574,5.510130405426025,4.4164594687805865,4.218691429682641,4.913717927696235
*OC(c1ccco1)C(OC(=O)Nc1ccc(Cc2ccc(NC(*)=O)cc2)cc1)c1ccco1,tg,74.0,88.431640625,89.67774305302397,115.27394928843694,96.99210829563549
*OC1(C)CC(C)(C)C(C)(N2CCCC(*)C2)C1C,egc,4.6138,5.489253044128418,4.87825661473776,5.143933188924646,5.25830721909287
*OC1(C)CCC(*)CC1CCCCCCCC,egc,5.4763,6.091832160949707,5.71599393524175,5.880767560066968,5.950138858730359
*OC1(F)C(C)C(C)(C2(Cl)CNCNC2*)CC1(C)C,egc,5.4515,5.791414260864258,6.057422578919192,5.907281502934452,5.882589900353266
*OC1(O)CCCC(*)C1,egc,6.0531,5.882080554962158,6.345480672883066,5.9431918029252016,6.002658190165169
*OC1=CC(=O)C(*)=CC1=O,egc,3.1359,2.304995059967041,3.485036556714577,3.2435851577402346,2.824873099375289
*OC1C(C)(C)C(OC(*)=O)C1(C)C,egb,6.9495,6.373479843139648,6.319896412307429,6.09384506621304,6.361050024167022
*OC1C(C)(C)C(OC(*)=O)C1(C)C,egc,6.5093,6.255939483642578,6.306358079175439,6.451512614072259,6.320412260923353
*OC1C(C)(C)C(OC(=O)C2CCC(C(*)=O)CC2)C1(C)C,tg,169.0,132.91188049316406,160.11103579726952,133.23293850475096,138.5954792977801
*OC1C(C)(C)C(OC(=O)c2ccc(C(*)=O)cc2)C1(C)C,egc,4.7185,4.855946063995361,4.632050334805474,4.5594497591618754,4.725119631745561
*OC1C(CO)OC(*)C(NC(C)=O)C1O,egc,5.9496,5.599806785583496,5.8357090528732645,5.818620035515887,5.712210975743932
*OC1C(CO)OC(*)C(NC(C)=O)C1O,tg,236.5,149.6780548095703,176.2292530854818,192.1642232505891,168.27390902589303
*OC1C(CO)OC(*)C(O)C1O,eea,0.8344,1.5256469249725342,1.289915051611024,1.3436140100748892,1.4665013163093916
*OC1C(CO)OC(*)C(O)C1O,egb,7.4757,7.294137001037598,7.259601017064256,7.011094489765277,7.28612564338164
*OC1C(CO)OC(*)C(O)C1O,egc,5.8509,5.9614996910095215,6.5093895519234835,6.515174362664957,6.234922672237742
*OC1C(CO)OC(*)C(O)C1O,eps,3.78,4.827490329742432,3.655023966958622,3.675037171031784,4.184903769822666
*OC1C(CO)OC(*)C(O)C1O,nc,1.6879,1.9135581254959104,1.69633877183823,1.744107949856577,1.8400495916043238
*OC1C(CO)OC(*)C(O)C1O,tg,144.0,275.17633056640625,205.37498288715776,224.52766799471175,245.17541315891276
*OC1C(COC(=O)Nc2ccccc2)OC(*)C(OC(=O)Nc2ccccc2)C1OC(=O)Nc1ccccc1,tg,217.0,120.70791625976562,146.42180381020592,147.85015928386352,134.38466881779695
*OC1C(COC(C)=O)OC(*)C(OC(C)=O)C1O,egc,5.6034,6.103476524353027,6.13282203089774,5.94594229488947,6.067239056028384
*OC1C(COC(C)=O)OC(*)C(OC(C)=O)C1O,tg,202.0,168.6918182373047,164.97690581834675,142.2869613864691,159.75981972371238
*OC1C(COC(C)=O)OC(*)C(OC(C)=O)C1OC(C)=O,egc,5.9636,5.693155765533447,6.063541294490854,5.938100544391835,5.842835108098467
*OC1C(COC)OC(*)C(OC)C1OC,egc,5.6468,5.273690700531006,5.845374900282945,5.765664378961745,5.535680372313434
*OC1C(COCC)OC(*)C(OCC)C1OCC,tg,119.5,85.01238250732422,98.86255158301267,45.766660457249785,75.71389522546306
*OC1C(COCO)OC(*)C(O)C1O,tg,208.0,178.98460388183594,123.44408041623836,139.424972641586,155.34237040183734
*OC1CC(C)CC(*)O1,egc,6.2631,5.9786553382873535,6.039219345949749,6.183923096454561,6.048039506154755
*OC1CCC(C2CCC(OC(=O)CCCCCCCCC(*)=O)CC2)CC1,egc,6.3469,6.426426887512207,6.48792521451051,6.45132252617033,6.446991544740101
*OC1CCC(C2CCC(OC(=O)CCCCCCCCCC(*)=O)CC2)CC1,egc,6.4908,6.405673027038574,6.429999028176639,6.417340494634788,6.414302168634859
*OC1CCC(C2CCC(OC(=O)CCCCCCCCCCC(*)=O)CC2)CC1,egc,6.4832,6.309154510498047,6.380101211080175,6.35406090495278,6.337278325753566
*OC1CCC(NC(*)=O)CC1,egc,6.28,6.22542142868042,6.140352877212617,6.360418107030813,6.243030934931995
*OC1CCC(OC(*)=O)CC1,egc,7.1786,7.071961879730225,6.692755740379006,6.606648342217806,6.860402486040024
*OC1CCC(OC(=O)C(*)=O)CC1,tg,139.6,131.2002716064453,107.0372715253989,106.59474049061862,118.62675501203879
*OC1CCC(OC(=O)CCC(*)=O)CC1,egc,6.4253,6.374790191650391,6.598608625221146,6.632194728767766,6.4949732754443605
*OC1CCC(OC(=O)CCCCC(*)=O)CC1,egc,6.706,6.565852165222168,6.516076466679203,6.599582936387751,6.5638534955809
*OC1CCC(OC(=O)CCCCC(*)=O)CC1,tg,77.8,30.981460571289062,40.448481192224776,44.03093623462309,36.96246071829282
*OC1CCC(OC(=O)CCCCCCCCC(*)=O)CC1,tg,66.0,15.358688354492188,38.8986467424069,32.62410574988003,25.533360866045914
*OC1CCC(OC(=O)NCCNC(*)=O)CC1,egc,6.0582,6.19154691696167,6.327460111419211,6.33987446001044,6.2623584606611065
*OC1CCC(OC(=O)OCCCCCCCOC(*)=O)CC1,egc,7.2009,6.998819351196289,7.00427656326331,6.944763656778143,6.985350172438874
*OC1CCC(OC(=O)OCCCCCCCOC(*)=O)CC1,tg,-5.0,8.557632446289062,22.298625250480935,36.18153803368466,19.925245405080577
*OC1CCC(OC(=O)OCCCCCCOC(*)=O)CC1,tg,10.0,25.930755615234375,29.640669995547615,40.98548740523066,31.350160115463893
*OC1CCC(OC(=O)OCCCCCOC(*)=O)CC1,egc,7.0367,7.056056499481201,7.043324568829855,7.039290547495186,7.0486426676220715
*OC1CCC(OC(=O)OCCCCOC(*)=O)CC1,egc,7.0064,7.1010541915893555,7.052720704045308,7.017880771857293,7.067601945729763
*OC1CCC(OC(=O)c2ccc(C(*)=O)cc2)CC1,tg,94.3,220.54620361328125,149.38115347497498,148.93024315989885,183.77831911989355
*OC1CCCC(*)O1,egc,6.1442,5.936863422393799,6.382825024670675,6.5243758253803925,6.196616107737419
*OC1CCCC1*,egc,5.3919,5.89438009262085,5.655427327494905,5.643869925160724,5.772675584273878
*OC1CCCCC1*,egc,5.1513,5.857419967651367,5.587026842570258,5.72201491915568,5.759949765944695
*OC1CCCCC1*,tg,68.0,80.68799591064453,66.06299283465611,75.10723754073996,75.95872389759465
*OC1CCCCC1OC(*)=O,egc,6.7044,6.995663166046143,6.439412225870459,6.332740722113032,6.69066837287755
*OC1CCCCC1OC(*)=O,tg,117.3,111.11919403076172,104.12295835410822,110.81666082631666,109.5891949718531
*OC1CCCCCC1*,egc,5.6512,5.644357204437256,5.4757318761315865,5.3549167388753895,5.527848909619596
*OC1OC(*)C2CCCCC12,egc,6.0383,6.025321006774902,6.317738730191276,6.037081140598359,6.094123121052122
*OCC(=S)c1ccc(C(=S)Cc2ccc(-c3ccc(*)cc3)cc2)s1,eps,4.62,6.171087265014648,5.434244174495813,5.69127660159297,5.767250121565228
*OCC(F)(F)C(*)(F)F,egb,8.8494,8.315678596496582,8.783583064261773,8.700239409401643,8.4242190117047
*OCC(F)(F)C(*)(F)F,egc,8.1009,7.882890701293945,7.427524407955859,7.863034542816642,7.775329542237008
*OCC(F)(F)C(*)(F)F,ei,9.8385,8.77108097076416,9.13465700525399,9.093181855467764,8.920058251728225
*OCC(F)(F)C(*)(F)F,eps,3.5,3.542996883392334,3.2855003975278354,3.270229447815151,3.4018723391877286
*OCC(F)(F)C(*)(F)F,nc,1.5633,1.5823297500610352,1.6289512201748733,1.643353589726903,1.6005145569678212
*OCCC(=O)CC(=O)Oc1ccc(*)cc1,eea,2.0323,1.559180736541748,2.145690052672985,1.833707398791564,1.6825619500833477
*OCCC(=O)CC(=O)Oc1ccc(*)cc1,egb,3.7901,4.79570198059082,4.335138637484614,4.175695819237057,4.688864495731684
*OCCC(=O)CC(=O)Oc1ccc(*)cc1,ei,6.7464,6.591089725494385,6.523373805377373,6.611732742692502,6.588140927193285
*OCCC(=O)CC(=O)Oc1ccc(*)cc1,nc,1.7251,1.7937287092208862,1.7389076064284297,1.764940250919539,1.7765418280531182
*OCCCCONC(*)=O,egb,5.6793,6.2280731201171875,5.753862005099184,5.973881287553802,6.118069743645502
*OCCCCONC(*)=O,ei,6.4266,7.191934585571289,6.857453708105894,6.760500157705339,7.013327700671957
*OCCCCONC(*)=O,eps,3.69,3.952880382537842,3.6158184806730977,3.720274422971487,3.7681489012141287
*OCCCCONC(*)=O,nc,1.6747,1.7108206748962402,1.7383460847255063,1.7387062175852943,1.720761780195331
*OCCCCOc1ncnc(*)n1,tg,-11.0,83.6290283203125,23.98582097378679,-2.398569435417727,44.76794099433206
*OCCOC(=O)CCCC(=O)OCCOc1nc(-c2ccc(OCCCC)cc2)nc(*)c1-c1ccc(OCCCC)cc1,tg,37.0,42.50286102294922,36.65212491866381,37.62092217108345,39.79124166053147
*OCCOC(=O)CCCCC(=O)OCCOc1nc(-c2ccc(OCCCC)cc2)nc(*)c1-c1ccc(OC)cc1,tg,34.0,47.483253479003906,59.5913666447404,54.37700484113603,52.10200337888688
*OCCOC(=O)c1cc(N=Nc2ccc(OCC)cc2)ccc1-c1ccc(N=Nc2ccc(OCC)cc2)cc1C(=O)OCCOc1nc(-c2ccc(OCCCC)cc2)nc(*)c1-c1ccc(OC)cc1,tg,126.0,117.2315902709961,102.51049922952345,114.00697910203723,113.21154896217288
*OCCOC(=O)c1ccc(C(=O)OCCOc2nc(-c3ccc(OCCCC)cc3)nc(*)c2-c2ccc(OC)cc2)cc1,tg,94.0,83.79019927978516,83.67301495673411,91.31348798071338,86.0937390460286
*OCCOC(=O)c1cccc(C(=O)OCCOc2nc(-c3ccc(OCCCC)cc3)nc(*)c2-c2ccc(OC)cc2)c1,tg,92.0,89.57099914550781,75.79705232314956,88.56861520056006,86.43294195917153
*ON(C(F)(F)F)C(F)(Br)C(*)(F)F,tg,3.0,-36.89381408691406,-31.556415417996835,-4.705438648970102,-25.83936365955018
*ON(C(F)(F)F)C(F)(C(*)(F)F)C(F)(F)F,egb,7.0955,6.690232753753662,6.953244870701916,6.891861517595434,6.751244020678891
*ON(C(F)(F)F)C(F)(Cl)C(*)(F)F,egc,6.7405,6.935956001281738,7.638582481431542,6.825681507182606,7.063618891514062
*ON(C(F)(F)F)C(F)(Cl)C(*)(F)F,tg,-50.0,-34.91108703613281,21.410554209870476,9.376485540898528,-9.645723938426706
*ON(C(F)(F)F)C(F)(F)C(*)(F)F,egc,7.1742,6.7612504959106445,6.693138996202231,6.96905333447057,6.80245472973704
*ON(C(F)(F)F)C(F)(F)C(*)(F)F,tg,-40.62,-64.11964416503906,-56.59247740023082,-54.92824690558376,-59.73055087555444
*ON(C(F)(F)F)C(F)(F)C(F)=C(F)C(*)(F)F,egc,4.6645,6.190287113189697,6.120855704707013,5.631989449571969,6.022952163702444
*OP(=O)(Oc1c(Cl)cc(Cl)cc1Cl)Oc1c(Cl)c(Cl)c(*)c(Cl)c1Cl,tg,127.0,171.724365234375,156.27811823525147,166.38051010208045,166.8997778515833
*OP(=O)(Oc1c(Cl)cccc1Cl)Oc1c(Cl)c(Cl)c(*)c(Cl)c1Cl,tg,144.0,149.36459350585938,116.35689594651164,113.11474049433296,131.37258080951244
*OP(=O)(Oc1ccc(*)cc1)OC1CCCCC1,egc,5.2577,5.145913600921631,5.019628538922005,5.011205289424537,5.080964187490599
*OP(=O)(Oc1ccc(-c2ccc(*)cc2)cc1)OC1CCCCC1,egc,4.479,4.6464385986328125,4.232349264815958,4.55743816338606,4.529343198733992
*OP(=O)(Oc1ccc(Br)cc1)Oc1c(Br)cc(C(c2cc(Br)c(*)c(Br)c2)(C(F)(F)F)C(F)(F)F)cc1Br,tg,152.0,138.4088134765625,148.03748012871753,143.4673575704901,141.9507202289609
*OP(=O)(Oc1ccc(Br)cc1)Oc1ccc(S(=O)(=O)c2ccc(*)cc2)cc1,tg,89.0,89.91421508789062,79.93379511135346,84.82278698656037,86.28991589258472
*OP(=O)(Oc1ccc(C(C)(C)c2ccc(*)cc2)cc1)Oc1c(Cl)c(Cl)c(Cl)c(Cl)c1Cl,tg,130.0,131.8986358642578,122.80403272803008,117.56024549058912,125.5953249324966
*OP(=O)(Oc1ccc(C(C)(C)c2ccc(*)cc2)cc1)Oc1c(Cl)cc(Cl)cc1Cl,tg,94.0,106.11842346191406,112.26503296251268,122.34168016430344,112.39963173214633
*OP(=O)(Oc1ccc(C(C)(C)c2ccc(*)cc2)cc1)Oc1c(Cl)cccc1Cl,tg,96.0,110.45643615722656,99.70220458901996,109.453448075584,107.93817084529374
*OP(=O)(Oc1ccc(C)cc1)Oc1c(Br)cc(C(c2cc(Br)c(*)c(Br)c2)(C(F)(F)F)C(F)(F)F)cc1Br,tg,146.0,144.01295471191406,146.2855221543176,154.20100099932094,147.6315734796828
*OP(=O)(Oc1ccc(C)cc1)Oc1c(C)cc(S(=O)(=O)c2cc(C)c(*)c(C)c2)cc1C,tg,128.0,126.14681243896484,156.4614604485038,155.13270829208335,141.3385487829184
*OP(=O)(Oc1ccc(C)cc1)Oc1ccc(S(=O)(=O)c2ccc(*)cc2)cc1,tg,66.0,99.73736572265624,92.8701543967602,97.78379345083488,97.72304860545385
*OP(=O)(Oc1ccc(Cl)cc1)Oc1c(Cl)c(Cl)c(*)c(Cl)c1Cl,tg,119.0,103.22900390625,124.88432447745232,115.0499375477984,111.33229464831913
*OP(=O)(Oc1ccc(NC(=O)Oc2ccc(-c3ccc(OC(=O)Nc4ccc(*)cc4)cc3)cc2)cc1)c1ccccc1,tg,34.0,65.29179382324219,102.29534594069708,95.76773624858788,82.31783068428987
*OP(=O)(Oc1ccc(NC(=O)Oc2ccc(C(C)(C)c3ccc(OC(=O)Nc4ccc(*)cc4)cc3)cc2)cc1)c1ccccc1,tg,34.0,66.59713745117188,99.26235198893372,84.26778990972801,78.77069345291625
*OP(=O)(Oc1ccc(OC)cc1)Oc1c(Br)cc(C(c2cc(Br)c(*)c(Br)c2)(C(F)(F)F)C(F)(F)F)cc1Br,tg,151.0,130.4649200439453,142.15651205589256,142.1489979210897,136.4802129869026
*OP(=O)(Oc1ccc(OC)cc1)Oc1c(C)cc(S(=O)(=O)c2cc(C)c(*)c(C)c2)cc1C,tg,147.0,128.99679565429688,140.75089163311736,146.18700298328284,136.7284397397638
*OP(=O)(Oc1ccc(OC)cc1)Oc1ccc(S(=O)(=O)c2ccc(*)cc2)cc1,tg,81.0,100.54348754882812,85.17452113055863,103.04476011112796,98.16193801335156
*OP(=O)(Oc1ccc([N+](=O)[O-])cc1)Oc1c(Br)cc(C(c2cc(Br)c(*)c(Br)c2)(C(F)(F)F)C(F)(F)F)cc1Br,tg,154.0,140.3634033203125,159.51753233884017,155.7514669242333,149.05679302224374
*OP(=O)(Oc1ccc([N+](=O)[O-])cc1)Oc1c(C)cc(S(=O)(=O)c2cc(C)c(*)c(C)c2)cc1C,tg,173.0,140.0392303466797,140.42504169640972,152.18962777543564,143.8776022038641
*OP(=O)(Oc1cccc2c(*)cccc12)OC1CCCCC1,egc,4.0777,4.725155353546143,4.140882054573537,4.403672287811767,4.5066843693800385
*OP(=O)(Oc1cccc2c(*)cccc12)OC1CCCCC1,tg,134.0,110.7335205078125,105.1073533135858,110.35644429554024,109.46174813366169
*OP(=O)(Oc1ccccc1)Oc1c(C)cc(S(=O)(=O)c2cc(C)c(*)c(C)c2)cc1C,tg,142.0,134.40695190429688,146.94404700111846,137.84588595683553,138.04490471181091
*OP(=O)(Oc1ccccc1)Oc1c(Cl)c(Cl)c(*)c(Cl)c1Cl,egc,4.5449,4.925658702850342,4.32785110989957,4.015359579426102,4.544098005733333
*OP(=O)(Oc1ccccc1)Oc1c(Cl)c(Cl)c(*)c(Cl)c1Cl,tg,79.0,123.31895446777344,102.76390349808275,104.58350081772195,113.30230594608646
*OP(=O)(Oc1ccccc1)Oc1ccc(*)cc1,egc,5.1351,4.987021446228027,4.9005853471871665,5.037341616349823,4.981307188887953
*OP(=O)(Oc1ccccc1)Oc1ccc(*)cc1,tg,97.0,84.14492797851562,72.21948603933788,61.26468426364883,74.61768816366333
*OP(=O)(Oc1ccccc1)Oc1ccc(-c2ccc(*)cc2)cc1,egc,4.631,4.857975482940674,4.336557744448987,4.288211741741717,4.586118296387196
*OP(=O)(Oc1ccccc1)Oc1ccc(S(=O)(=O)c2ccc(*)cc2)cc1,tg,100.5,84.59500122070312,87.27056094392991,83.93906485116476,84.94138389685104
*OP(=O)(Oc1ccccc1)Oc1cccc2c(*)cccc12,tg,138.0,104.6523208618164,155.39180050095987,128.86471774937135,122.56063352853101
*OS(=O)(=O)c1cc(C)c(*)c(C)c1,tg,153.0,173.4386749267578,170.78736818557527,162.95794413999607,169.6517446254449
*OS(=O)(=O)c1cc(S(=O)(=O)Oc2ccc(C3(c4ccc(*)cc4)CCCC3)cc2)ccc1C,egc,3.9679,4.025611400604248,3.710959436816269,3.768822155045999,3.885216587761967
*OS(=O)(=O)c1cc(S(=O)(=O)Oc2ccc(C3(c4ccc(*)cc4)CCCC3)cc2)ccc1C,tg,134.0,162.92120361328125,140.80517437646407,143.56686531696818,152.39259596234018
*OS(=O)(=O)c1cc(S(=O)(=O)Oc2ccc(C3(c4ccc(*)cc4)CCCCC3)cc2)ccc1C,tg,140.0,155.1234588623047,143.85228879691542,137.2827415856139,147.28970590335513
*OS(=O)(=O)c1ccc(Oc2ccc(S(=O)(=O)Oc3ccc(C(C)(C)c4ccc(*)cc4)cc3)cc2)cc1,tg,110.0,114.62570190429688,125.54792628145668,128.56834384050893,121.18180342779746
*OS(=O)(=O)c1cccc(C(=O)c2cccc(S(=O)(=O)Oc3ccc(C(C)(C)c4ccc(*)cc4)cc3)c2)c1,tg,122.0,110.88086700439452,158.17803061622166,155.61977865751342,134.4330493850647
*OS(=O)(=O)c1cccc(S(=O)(=O)Oc2ccc(C(C)(C)c3ccc(*)cc3)cc2)c1,tg,117.5,111.47364807128906,125.29151951632142,124.11787293455554,118.22254405418646
*OS(=O)(=O)c1cccc(S(=O)(=O)Oc2ccc(C(C)(CC)c3ccc(*)cc3)cc2)c1,tg,136.5,105.37237548828124,129.8640900467459,131.13125957004252,118.3702116308366
*OS(=O)(=O)c1cccc(S(=O)(=O)Oc2ccc(C3(c4ccc(*)cc4)CCCCC3)cc2)c1,tg,126.0,136.07687377929688,137.39495419159317,144.17046880546346,138.85153294182382
*O[Si](*)(C)CCCCCCCCCCCOc1ccc(/C=C/c2ccc(C#N)cc2)cc1,tg,-55.0,29.20591735839844,28.911180174820412,14.3323814386942,24.543743507190975
*O[Si](*)(C)CCCCCCCCCCCOc1ccc(/C=C/c2ccc(OC)cc2)cc1,tg,55.0,40.03514862060547,-3.6873238452961816,2.8901173093928776,19.56632629209831
*O[Si](*)(C)CCCCCCOc1ccc(C(=O)Oc2ccc(C(=O)OCC(C)CC)cc2)cc1,tg,-10.9,4.64923095703125,17.855888267984092,8.050626511023665,8.413037935323862
*O[Si](*)(C)CCCCCOc1ccc(/C=C/c2ccc(OC)cc2)cc1,tg,52.0,29.913299560546875,39.1756472384899,40.47203631197503,35.08167890870619
*O[Si](*)(C)CCCCCn1c2ccccc2c2ccccc21,tg,7.0,27.764846801757812,40.410296227708415,30.9533175933322,31.34755609023385
*O[Si](*)(C)CCCOCC1COC(=O)O1,tg,-32.2,-34.663482666015625,3.811060328681775,-7.73280971570324,-18.432292297640718
*O[Si](*)(C)CCCOc1ccc(C(=O)OC2CCC3(C)C(=CCC4C3CCC3(C)C(C(C)CCCC(C)C)CCC43)C2)cc1,tg,66.59,83.15857696533203,123.50930721794884,96.27240747681576,95.50023272202262
*O[Si](*)(C)CCCOc1ccc(C(=O)OC2CCC3(C)C(=CCC4C3CCC3(C)C(C(C)CCCC(C)C)CCC43)C2)cc1S(=O)(=O)[O][K],tg,112.6,103.549072265625,62.29992294518102,74.08504743641933,85.96444333645431
*O[Si](*)(C)CCCOc1ccc(C(=O)Oc2ccc(-c3ccc(OC(=O)c4cc(OCC(C)CC)c(OCC(C)CC)c(OCC(C)CC)c4)cc3)cc2)cc1,tg,57.67,63.36206817626953,69.0374165325161,71.79909146821004,67.13757137009739
*O[Si](*)(C)CCCOc1ccc(C(=O)Oc2ccc(-c3ccc(OC(=O)c4cc(OCCCCC)c(OCCCCC)c(OCCCCC)c4)cc3)cc2)cc1,tg,48.67,51.37431335449219,42.84081182273776,29.83764085979783,42.959155897967335
*O[Si](*)(C)CCCOc1ccc(N=Nc2ccc(S(=O)(=O)O)cc2)cc1,tg,9.2,81.86746978759766,70.25947031813631,39.490544412628054,66.37340715556982
*O[Si](*)(C)CCCn1c2ccccc2c2ccccc21,tg,51.0,55.400360107421875,25.23185760737352,40.02657062049302,44.450021776956866
*O[Si](*)(C)OCCOCCOCCOCCOCCOCCOCCOCCOC,tg,-78.0,-88.81040954589844,-71.93176917467696,-66.65166654103137,-78.4894489398577
*O[Si](*)(C)c1ccccc1,tg,-24.27,25.34502410888672,22.692357339806783,13.015781548545505,20.985911230153704
*O[Si](*)(CC)CC,tg,-105.5,-51.94673156738281,7.584537158421618,-33.462130281771664,-34.00547243252465
*O[Si](*)(CCC)c1ccccc1,tg,40.6,-34.873016357421875,1.3424768822382185,-8.497889107332298,-19.27751024509736
*O[Si](*)(CCCOCCOCCOC)CCCOCCOCCOC,tg,-63.4,-79.65388488769531,-66.89746263345016,-65.6298277451724,-72.69601485095971
*O[Si](*)(CCCOCCOCCOCCOCCOC)CCCOCCOCCOCCOCCOC,tg,-69.8,-82.273193359375,-65.84956122345814,-62.60899675788596,-72.81742796174204
*O[Si](*)(CCCOCCOCCOCCOCCOCCOCCOC)CCCOCCOCCOCCOCCOCCOCCOC,tg,-68.9,-88.31594848632812,-66.27553703248812,-71.23242400192493,-78.50542356495225
*O[Si](*)(CCCOCCOCCOCCOCCOCCOCCOCCOC)CCCOCCOCCOCCOCCOCCOCCOCCOC,tg,-66.4,-89.74559020996094,-74.7655568023067,-72.88959691013895,-81.45502887744098
*O[Si](*)(c1ccccc1)c1ccccc1,tg,45.8,82.48609161376953,8.181768812842588,26.763997067276847,49.99101885964572
*O[Si](C)(C)C#C[Si](C)(C)C#C[Si](C)(C)C#C[Si](C)(C)C#C[Si](*)(C)C,tg,-23.0,-5.5297698974609375,-16.828561800449677,-12.833663904647011,-10.109250091027384
*O[Si](C)(C)C#C[Si](C)(C)C#C[Si](C)(C)C#C[Si](C)(C)C#C[Si](C)(C)C#C[Si](*)(C)C,tg,-16.1,6.7796783447265625,-22.087869846669708,-17.487072157597765,-6.654916731888775
*O[Si](C)(C)CC(C)(C)COC(=O)c1cccc(C(=O)OCC(C)(C)C[Si](*)(C)C)c1,tg,-52.0,9.751144409179688,13.850839456034915,4.554286985262223,8.985020172276457
*O[Si](C)(C)CCCC(=O)Oc1ccc(C=Nc2ccc(Oc3ccc(N=Cc4ccc(OC(=O)CCC[Si](*)(C)C)cc4)cc3)cc2)cc1,tg,52.0,72.12041473388672,54.074553176688354,32.550543408423906,56.17305515207817
*O[Si](C)(C)CCCCCCOC(=O)C(C)Oc1ccc(OC(=O)c2ccc(-c3ccc(OCCCCCCCCCC[Si](*)(C)C)cc3)cc2)cc1,tg,35.0,19.467605590820312,18.84667229716092,12.229962604480477,17.100897377329993
*O[Si](C)(C)CCCCCCOC(=O)C(C)Oc1ccc(OC(=O)c2ccc(-c3ccc(OCCCCCCCCCC[Si](*)(C)C)cc3)cc2)cc1[N+](=O)[O-],tg,20.0,3.803955078125,49.56865634050955,57.867467111789566,29.92640631214394
*O[Si](C)(C)CCCN=C1C=CC(=NCCC[Si](*)(C)C)c2c(O)ccc(O)c21,tg,32.9,38.620391845703125,-2.18455090571472,21.642312933784964,24.989937864117323
*O[Si](C)(C)CCCN=C1c2ccccc2C(=NCCC[Si](*)(C)C)c2c(O)ccc(O)c21,tg,7.5,61.30086517333984,45.697587632401586,66.48209473650147,59.70034986152724
*O[Si](C)(C)CC[Si](*)(C)O[Si](C)(C)C,tg,-89.0,-87.96163940429688,-79.30526085938462,-71.19746983200807,-80.99779880416801
*O[Si](C)(C)COC(=O)CCCCCCCCC(=O)Oc1ccc(S(=O)(=O)c2ccc(Oc3ccc(C=C4CCCC(=Cc5ccc(Oc6ccc(S(=O)(=O)c7ccc(OC(=O)CCCCCCCCC(=O)OC[Si](*)(C)C)cc7)cc6)cc5)C4=O)cc3)cc2)cc1,tg,80.0,47.733253479003906,67.60582599352118,76.88189637077676,60.83147531056616
*O[Si](C)(C)COC(=O)CCCCCCCCC(=O)Oc1ccc(S(=O)(=O)c2ccc(Oc3ccc(C=C4CCCCC(=Cc5ccc(Oc6ccc(S(=O)(=O)c7ccc(OC(=O)CCCCCCCCC(=O)OC[Si](*)(C)C)cc7)cc6)cc5)C4=O)cc3)cc2)cc1,tg,81.0,52.07460021972656,69.81216668635781,78.810943880424,63.98815201922154
*O[Si](C)(C)OC(CCl)COc1ccc(C(C)(C)c2ccc(OCC(*)CCl)cc2)cc1,tg,24.0,32.29564666748047,38.14647753843714,13.136298560557435,27.56925196272625
*O[Si](C)(C)O[Si](*)(C)c1c(F)c(F)c(F)c(F)c1F,tg,-65.0,-73.16700744628906,7.856360240456985,-10.660474697690889,-37.19343621193236
*O[Si](C)(C)O[Si](C)(C)OC(C)CCC(*)C,tg,-83.0,-97.95832824707033,-66.10433688891221,-59.5012625635531,-79.52030304601504
*O[Si](C)(C)O[Si](C)(C)OC(C)CCCCC(*)C,tg,-87.0,-81.79470825195312,-86.16811892674536,-91.67302338539336,-85.7488254419109
*O[Si](C)(C)O[Si](C)(C)O[Si](*)(C)c1c(F)c(F)c(Cl)c(F)c1F,tg,-75.0,-70.85995483398438,-62.8746070932361,-68.91782062381591,-68.61961151600133
*O[Si](C)(C)O[Si](C)(C)O[Si](*)(C)c1c(F)c(F)c(F)c(F)c1F,tg,-83.0,-74.0361328125,-52.63519619716291,-50.81883783740028,-62.459197016669876
*O[Si](C)(C)O[Si](C)(C)O[Si](C)(C)OC(C)CCC(*)C,egc,6.3039,5.719908237457275,5.650406085833431,5.67447877660004,5.691966333323642
*O[Si](C)(C)O[Si](C)(C)O[Si](C)(C)OC(C)CCCCC(*)C,tg,-94.0,-93.00851440429688,-93.6137243610725,-93.4761965934112,-93.27746451267103
*O[Si](C)(C)O[Si](C)(C)O[Si](C)(C)O[Si](C)(C)OC(C)CCC(*)C,tg,-96.0,-97.59942626953124,-78.8151829921224,-60.4788100854818,-82.25823411594504
*O[Si](C)(C)O[Si](C)(C)O[Si](C)(C)O[Si](C)(C)OC(C)CCCCC(*)C,tg,-98.0,-97.17971801757812,-97.165512424175,-98.2248620006331,-97.50015420110101
*O[Si](C)(C)O[Si](C)(C)O[Si](C)(C)O[Si](C)(C)O[Si](C)(C)C#Cc1ccc(C#C[Si](*)(C)C)cc1,tg,78.0,-90.3099365234375,-52.45485543484581,-46.20994108192352,-68.89398300161976
*O[Si](C)(C)O[Si](C)(C)O[Si](C)(C)O[Si](C)(C)O[Si](C)(C)OC(C)CCCCC(*)C,tg,-104.0,-101.46452331542967,-95.45096026682504,-95.75823077706926,-98.46443054698534
*O[Si](C)(C)O[Si](C)(C)O[Si](C)(C)O[Si](C)(C)O[Si](C)(C)O[Si](C)(C)OC1=C(*)c2cccc3cccc1c23,tg,-93.0,-23.048873901367188,28.480979307708555,13.890520311992873,-1.0407367299645092
*O[Si](C)(C)O[Si](C)(C)O[Si](C)(C)O[Si](C)(C)O[Si](C)(C)Oc1c(*)c2ccccc2c2ccccc12,tg,-38.0,-33.736846923828125,-15.17149773346589,5.701546571997227,-17.723508533422724
*O[Si](C)(C)O[Si](C)(C)O[Si](C)(C)O[Si](C)(C)O[Si](C)(C)c1ccc([Si](*)(C)C)cc1,tg,-80.0,-92.71409606933594,-65.69214865690824,-56.89819428953484,-76.08527817292986
*O[Si](C)(C)O[Si](C)(C)O[Si](C)(C)O[Si](C)(C)c1ccc(Oc2ccc([Si](*)(C)C)cc2)cc1,tg,-52.0,-54.43806457519531,-42.82222797664897,-40.65806391159538,-47.78987619119778
*O[Si](C)(C)O[Si](C)(C)O[Si](C)(C)O[Si](C)(C)c1ccc([Si](*)(C)C)cc1,tg,-72.0,-88.48480224609375,-72.70256688653134,-69.26645926166589,-79.29866303442253
*O[Si](C)(C)O[Si](C)(C)O[Si](C)(C)O[Si](C)(C)c1cccc([Si](*)(C)C)c1,tg,-75.0,-84.15663146972656,-70.65514498685792,-76.55625692154544,-79.03318841001112
*O[Si](C)(C)O[Si](C)(C)O[Si](C)(C)O[Si](C)(c1ccccc1)c1cccc([Si](*)(C)c2ccccc2)c1,tg,-42.0,-35.6142578125,-35.529192355451286,-57.53011715173071,-42.377249329259755
*O[Si](C)(C)O[Si](C)(C)O[Si](C)(C)Oc1c(C)cc(-c2cc(C)c(*)c(C)c2)cc1C,tg,14.0,16.560264587402344,39.86474002989163,36.94870745661825,27.65280984260798
*O[Si](C)(C)O[Si](C)(C)O[Si](C)(C)c1ccc(Oc2ccc([Si](*)(C)C)cc2)cc1,tg,-37.0,-26.40771484375,-50.752492287915565,-48.39636608730865,-38.20892665990028
*O[Si](C)(C)O[Si](C)(C)O[Si](C)(C)c1ccc([Si](*)(C)C)cc1,tg,-62.0,-47.51246643066406,-64.90734792821245,-67.55066228199135,-57.28334943984518
*O[Si](C)(C)O[Si](C)(C)Oc1ccc(-c2ccc(*)cc2)cc1,tg,-4.0,83.64533233642578,33.737941469110304,15.912805312848562,52.44334451332625
*O[Si](C)(C)O[Si](C)(C)c1c(F)c(F)c(F)c([Si](*)(C)C)c1F,tg,-61.0,-35.842987060546875,-18.40179749864972,-19.90733621381989,-27.331865818618073
*O[Si](C)(C)Oc1ccc(*)cc1,egc,4.9485,4.8975677490234375,4.550721661322765,4.588899035914772,4.735848029305743
*O[Si](C)(C)Oc1ccc(*)cc1,tg,90.0,1.2486114501953125,21.52496954190313,17.050788095830555,10.300527099396279
*O[Si](C)(C)Oc1ccc(C(C)(C)c2ccc(*)cc2)cc1,tg,45.0,81.29386901855469,75.91498277574519,51.43655351325636,70.9520976754153
*O[Si](C)(C)c1cc(OCCO)c([Si](*)(C)C)cc1OCCO,tg,73.0,28.66309356689453,39.63555949393824,30.08514910908181,31.355818184871737
*O[Si](C)(C)c1cc(OCCOCc2ccccc2)c([Si](*)(C)C)cc1OCCOCc1ccccc1,tg,76.0,8.754745483398438,48.040191769036625,21.06703182763256,20.62970101191409
*O[Si](C)(C)c1ccc(-c2ccc([Si](*)(C)C)cc2)cc1,tg,67.0,17.379302978515625,32.68541689869818,48.11132462212131,30.029858562513745
*O[Si](C)(C)c1ccc([Si](*)(C)C)c2ccccc12,tg,60.0,52.89349365234375,59.804130968387625,65.45867982683025,58.19980955120385
*O[Si](C)(C)c1ccc([Si](C)(C)O[SiH](*)C)cc1,tg,-70.33,-50.382293701171875,-33.87549694557919,-12.725447552029436,-35.34278292964419
*O[Si](C)(C)c1ccc([Si](C)(C)O[SiH](*)CCC(F)(F)F)cc1,tg,-37.0,-29.934661865234375,-37.90671353787723,-9.291421876098752,-25.184680616842066
*O[Si](C)(C)c1ccc([Si](C)(C)Oc2c(C)cc(-c3cc(C)c(*)c(C)c3)cc2C)cc1,tg,67.0,110.6737060546875,111.2622540839472,84.58767463833311,102.72389256940903
*O[Si](C)(C)c1ccc2cc([Si](*)(C)C)ccc2c1,tg,29.0,44.487037658691406,31.8466400230262,28.713311801504688,37.011665968837804
*O[Si](C)(C)c1ccc2ccc([Si](*)(C)C)cc2c1,tg,26.0,45.92559051513672,39.524992193172125,43.72344587020888,43.93016910553452
*O[Si](C)(C)c1ccc2ccc3c([Si](*)(C)C)ccc4ccc1c2c43,tg,65.0,227.18246459960935,167.05717597901517,141.32217902756284,188.27416501896104
*O[Si](C)(C)c1cccc(C(F)(F)C(F)(F)c2cccc([Si](*)(C)C)c2)c1,tg,-2.0,24.417274475097656,18.250227335014937,15.993782692768178,20.545006890827395
*O[Si](C)(C)c1cccc([Si](*)(C)C)c1,tg,-52.0,-33.902557373046875,2.892301813477075,-18.737023159651045,-21.656190684673273
*O[Si](C)(C)c1cccc2c([Si](*)(C)C)cccc12,tg,62.0,43.237945556640625,50.68845225051086,53.16662514646991,47.839404446225345
*O[Si](C)(C=C)O[Si](C)(C)c1ccc([Si](*)(C)C)cc1,tg,-63.0,-41.79130554199219,-60.15634520717239,-54.72919881181849,-49.56463905238185
*O[Si](C)(CCC(F)(F)F)CCC(F)(F)C(F)(F)C(F)(F)C(F)(F)C(F)(F)C(F)(F)C(F)(F)C(F)(F)C(F)(F)C(F)(F)CC[Si](*)(C)CCC(F)(F)F,tg,-11.0,-3.807449340820313,3.752540144836213,9.579097633367326,1.8863026699798273
*O[Si](C)(CCC(F)(F)F)CCC(F)(F)CC[Si](*)(C)CCC(F)(F)F,tg,-38.0,-61.21546936035156,-24.894904504707476,-47.43777691435699,-49.49585878281605
*O[Si](C)(Oc1ccc(C(C)(C)c2ccc(*)cc2)cc1)c1ccccc1,tg,58.0,55.89147186279297,45.64150542541107,64.02102737456418,56.302216980772755
*O[Si](C=C)(C=C)O[Si](C)(C)c1ccc([Si](*)(C)C)cc1,tg,-71.0,-25.484893798828125,-49.25304482395831,-50.25536218228743,-38.02837305014418
*O[Si](O[Si](O[Si](O[Si](CC[Si](C)(C)O[Si](C)(C)CC[Si](*)(c1ccccc1)c1ccccc1)(c1ccccc1)c1ccccc1)(c1ccccc1)c1ccccc1)(c1ccccc1)c1ccccc1)(c1ccccc1)c1ccccc1,tg,11.0,-9.635528564453123,87.30328206339783,44.30076178929069,26.95413621990845
*O[Si](Oc1ccc(C2(c3ccc(*)c(C)c3)c3ccccc3-c3ccccc32)cc1C)(c1ccccc1)c1ccccc1,tg,171.0,156.15322875976562,179.11357768256835,179.62726316364945,168.1297595783829
*O[Si](Oc1ccc(C2(c3ccc(*)cc3)c3ccccc3-c3ccccc32)cc1)(c1ccccc1)c1ccccc1,tg,166.0,207.05555725097656,185.88801481913256,186.85078787461651,196.45857242910552
*O[Si](c1ccccc1)(c1ccccc1)c1ccc([Si](*)(c2ccccc2)c2ccccc2)cc1,tg,114.13,36.85968780517578,133.2479091987842,70.42981704371938,67.03530925926528
*Oc1c(-c2ccccc2)cc(*)cc1-c1ccc(C(C)(C)C)cc1,tg,240.0,231.5459899902344,217.43826329659325,196.7146047838487,217.87319070420722
*Oc1c(-c2ccccc2)cc(*)cc1-c1ccc(C)cc1,tg,218.0,219.92576599121097,227.58300074322364,224.24292079846433,222.83354203678846
*Oc1c(-c2ccccc2)cc(*)cc1-c1cccc2ccccc12,tg,234.0,238.01316833496097,244.3633309404067,243.9956227028274,241.16780903199515
*Oc1c(-c2ccccc2)cc(*)cc1-c1ccccc1,egc,3.9085,3.848848581314087,3.932522309643933,3.962542033196599,3.898525615074404
*Oc1c(-c2ccccc2)cc(*)cc1-c1ccccc1-c1ccccc1,tg,211.0,246.65505981445312,211.40117891458345,221.49033693861497,231.63146462714434
*Oc1c(-c2ccccc2)cc(-c2cc(-c3ccccc3)c(OC(=O)CCCCCCCCC(*)=O)c(-c3ccccc3)c2)cc1-c1ccccc1,tg,98.0,101.60503387451172,110.8161892840579,114.16605411070744,107.38238105843995
*Oc1c(-c2ccccc2)cc(Cc2cc(-c3ccccc3)c(OC(=O)CCCCC(*)=O)c(-c3ccccc3)c2)cc1-c1ccccc1,tg,115.0,118.2884521484375,118.8955481916356,119.20093890639149,118.69540572065634
*Oc1c(-c2ccccc2)cc(Cc2cc(-c3ccccc3)c(OC(=O)CCCCCC(*)=O)c(-c3ccccc3)c2)cc1-c1ccccc1,tg,111.0,99.18244934082033,108.57976968718988,111.35684776692209,104.87840280279725
*Oc1c(Br)cc(*)cc1Br,tg,196.0,188.0568695068359,193.8594428312866,196.19376775093843,191.76563886591765
*Oc1c(Br)cc(C(C)(C)c2cc(Br)c(OC(*)=O)c(Br)c2)cc1Br,tg,206.75,165.43788146972656,215.04889698875468,196.32564404741953,185.17977233234706
*Oc1c(Br)cc(C(C)(C)c2cc(Br)c(OC(=O)c3ccc(OCCCCCCCCCCOc4ccc(C(*)=O)cc4)cc3)c(Br)c2)cc1Br,tg,128.0,88.88269805908203,95.96997791477963,80.83681842796518,87.84850879434367
*Oc1c(Br)cc(C(C)(C)c2cc(Br)c(OC(=O)c3cccc(C(*)=O)c3)c(Br)c2)cc1Br,tg,115.0,225.7839508056641,180.01642055272262,191.36644496763023,205.7391146866873
*Oc1c(Br)cc(C2(c3cc(Br)c(OC(*)=O)c(Br)c3)CC3CCC2C3)cc1Br,egc,4.8531,3.720738410949707,4.2134293601781,3.905645881625619,3.8815381482269666
*Oc1c(Br)cc(C2(c3cc(Br)c(OC(*)=O)c(Br)c3)CC3CCC2C3)cc1Br,tg,283.0,253.55099487304688,228.90714663789817,225.9862511152009,239.96321671755854
*Oc1c(Br)cc(S(=O)(=O)c2cc(Br)c(OC(*)=O)c(Br)c2)cc1Br,tg,196.0,278.99066162109375,199.38555437392375,187.88603851274632,234.46043000247238
*Oc1c(C(C)C)cc(C(=O)c2cccc(C(=O)c3ccc(*)cc3)c2)cc1C(C)C,tg,132.0,162.32644653320312,162.73105728775218,161.68599233027686,162.21136985224538
*Oc1c(C)c(C)c(NC(=O)c2ccc(C(=O)Nc3ccc(*)cc3)cc2)c(C)c1C,tg,333.0,337.90362548828125,289.8280702954014,283.19296411841526,311.10651319802616
*Oc1c(C)c(C)c(Oc2ccc(NC(=O)c3ccc(C(=O)Nc4ccc(*)cc4)cc3)cc2)c(C)c1C,tg,310.0,256.63677978515625,265.2047570482883,255.81385132569852,258.1412717628979
*Oc1c(C)cc(*)cc1-c1ccccc1,tg,171.67,161.62928771972656,171.56365494396692,187.5358720555192,171.68404619990676
*Oc1c(C)cc(*)cc1C,egc,4.5265,5.1402668952941895,4.556981373394869,4.225530557477974,4.760758168003482
*Oc1c(C)cc(*)cc1C,tg,204.61,149.3150634765625,179.703523268626,157.96621294043985,158.23067175054024
*Oc1c(C)cc(*)cc1C(C)CCC,tg,100.0,102.79142761230467,98.9056890916494,89.29244463987483,97.81725123630113
*Oc1c(C)cc(*)cc1C(C)CCCC,tg,85.0,77.39202117919922,83.2721724540907,80.86996465686752,79.67530350611158
*Oc1c(C)cc(*)cc1C(C)CCCCC,tg,60.0,62.942115783691406,73.08513196459016,64.4831588115255,65.50135882875024
*Oc1c(C)cc(*)cc1C(C)CCCCCCCC,tg,20.0,44.21260070800781,27.124178803036333,26.42995160617356,35.20247122757158
*Oc1c(C)cc(*)cc1C(C)CCCCCCCCCCCC,tg,-10.0,32.08324432373047,12.293984196288124,20.1898721337478,24.340663637872424
*Oc1c(C)cc(-c2cc(C)c(OC(=O)CCCCC(*)=O)c(C)c2)cc1C,tg,108.0,116.64616394042967,110.84598226141256,107.9632933028464,112.76896948870207
*Oc1c(C)cc(-c2cc(C)c(OC(=O)CCCCCCCCC(*)=O)c(C)c2)cc1C,tg,57.0,61.92548370361328,67.99015669762775,82.8314941277907,69.63864720890106
*Oc1c(C)cc(-c2cc(C)c(Oc3ccc(C(=O)c4ccc(*)cc4)cc3)c(C)c2)cc1C,tg,246.64,233.0371856689453,202.53221477476916,204.835669071872,218.04904989485203
*Oc1c(C)cc(C(=O)c2ccc(*)cc2)cc1C,tg,200.0,177.3607177734375,175.12190861378306,167.98752005188615,174.00113253040183
*Oc1c(C)cc(C(C)(C)c2cc(C)c(OC(*)=O)c(C)c2)cc1C,tg,193.62,177.9278564453125,200.6703525558218,192.20335173285628,187.01376216678412
*Oc1c(C)cc(C(C)(C)c2cc(C)c(OC(=O)CCCCC(*)=O)c(C)c2)cc1C,tg,93.0,96.63829040527344,89.41957429917525,96.817576256215,95.21168180069918
*Oc1c(C)cc(C(C)(C)c2cc(C)c(OC(=O)CCCCCC(*)=O)c(C)c2)cc1C,tg,84.0,79.72183227539062,79.86371793588964,75.15006618643149,78.33652322282896
*Oc1c(C)cc(C(C)(C)c2cc(C)c(OC(=O)CCCCCCCCC(*)=O)c(C)c2)cc1C,tg,45.0,72.24884796142578,64.20423237400152,76.83677588349695,72.01664503504367
*Oc1c(C)cc(C(C)(C)c2cc(C)c(OC(=O)c3ccc(C(*)=O)cc3)c(C)c2)cc1C,tg,239.0,197.1888732910156,187.93193988417391,199.27471050813523,195.93365756295427
*Oc1c(C)cc(C(C)(C)c2cc(C)c(OC(=O)c3cccc(C(*)=O)c3)c(C)c2)cc1C,tg,187.0,184.2811279296875,174.79918083860832,187.89406868984344,183.45217876150085
*Oc1c(C)cc(C(C)(C)c2cc(C)c(ON3C(=O)c4ccc(Oc5ccc(C6(c7ccc(Oc8ccc9c(c8)C(=O)N(*)C9=O)cc7)CCC(C(C)(C)C)CC6)cc5)cc4C3=O)c(C)c2)cc1C,tg,248.0,207.79495239257812,236.52093303133816,224.12812762669773,218.7459464154274
*Oc1c(C)cc(C2(c3cc(C)c(OC(=O)c4ccc(C(*)=O)cc4)c(C)c3)CCC3CCCCC3C2)cc1C,tg,287.0,234.5749053955078,248.01188433769383,252.27094199669625,242.80855917492002
*Oc1c(C)cc(C2(c3cc(C)c(Oc4ccc(C(=O)c5ccc(*)cc5)cc4)c(C)c3)CCC3CCCCC3C2)cc1C,tg,251.0,252.30194091796875,228.58873120819817,240.69961713571163,243.84377903620666
*Oc1c(C)cc(C2(c3cc(C)c(Oc4ccc(C(=O)c5cccc(C(=O)c6ccc(*)cc6)c5)cc4)c(C)c3)CCC3CCCCC3C2)cc1C,tg,224.0,232.8619384765625,217.2275587552627,214.639705886701,224.0143379985925
*Oc1c(C)cc(C2(c3cc(C)c(Oc4ccc(C(=O)c5cccc(C(=O)c6ccc(*)cc6)c5)cc4)c(C)c3)c3ccccc3-c3ccccc32)cc1C,tg,229.0,280.06591796875,240.31917846118455,235.81159170626364,258.21383963194774
*Oc1c(C)cc(N=Nc2ccc(C(*)=O)cc2)cc1C,egc,3.7116,3.3511083126068115,3.350741407227509,3.2253011065860875,3.3168288152860104
*Oc1c(Cl)cc(*)cc1Br,tg,188.5,195.86114501953125,182.96391038418577,184.25774519051865,189.62328181647587
*Oc1c(Cl)cc(C(=C(Cl)Cl)c2cc(Cl)c(OC(*)=O)c(Cl)c2)cc1Cl,tg,250.0,214.05374145507812,217.5523113356111,234.47573425150225,221.09030924492126
*Oc1c(Cl)cc(C(C)(C)c2cc(Cl)c(OC(=O)c3ccc(OCCCCCCCCCCOc4ccc(C(*)=O)cc4)cc3)c(Cl)c2)cc1Cl,tg,140.0,77.76598358154297,104.44771146038472,117.62707314696186,95.57647466874569
*Oc1c(Cl)cc(C(c2cc(Cl)c(OC(*)=O)c(Cl)c2)C(Cl)(Cl)Cl)cc1Cl,tg,273.0,250.33029174804688,239.2563947068022,211.11875633047097,235.92521267045836
*Oc1c(Cl)cc(C2(c3cc(Cl)c(OC(*)=O)c(Cl)c3)CC3CC2C2CCCC32)cc1Cl,tg,281.0,262.0204162597656,271.0471785854755,277.5155663190059,268.66768382681056
*Oc1c(F)c(C#N)c(Oc2ccc(C(C)(C)c3cccc(C(C)(C)c4ccc(*)cc4)c3)cc2)c(F)c1C#N,tg,131.5,165.86622619628906,190.5636396917541,163.09588022956945,170.07975493666896
*Oc1c(F)c(F)c(-c2c(F)c(F)c(Oc3ccc(Cc4ccc(*)c(C=O)c4)cc3C=O)c(F)c2F)c(F)c1F,tg,198.0,178.9036102294922,160.18884549685723,176.70373458498435,174.38066504148998
*Oc1c(F)c(F)c(COC(c2cccc(C(OCc3c(F)c(F)c(Oc4ccc(Cc5ccc(*)cc5)cc4)c(F)c3F)(C(F)(F)F)C(F)(F)F)c2)(C(F)(F)F)C(F)(F)F)c(F)c1F,tg,94.0,110.63985443115234,134.23388916579782,120.46574891472454,118.5239464041686
*Oc1c(F)c(F)c(S(=O)(=O)c2c(F)c(F)c(Oc3ccc(C(c4ccc(*)cc4)(C(F)(F)F)C(F)(F)F)cc3)c(F)c2F)c(F)c1F,egc,3.7366,4.146894931793213,3.725637545176518,3.731890546452261,3.9395762601210995
*Oc1c(F)c(F)c(S(=O)(=O)c2c(F)c(F)c(Oc3ccc(C(c4ccc(*)cc4)(C(F)(F)F)C(F)(F)F)cc3)c(F)c2F)c(F)c1F,tg,182.0,213.124755859375,159.9522295044353,158.61203536914638,185.34242275613448
*Oc1c(F)c(F)c(Sc2c(F)c(F)c(Oc3ccc(C(c4ccc(*)cc4)(C(F)(F)F)C(F)(F)F)cc3)c(F)c2F)c(F)c1F,tg,130.33,170.69810485839844,157.49128848159967,153.23704393307943,162.58440397962625
*Oc1c(OC)cc(*)cc1OC,egc,4.2534,4.74000883102417,4.336148525709331,3.987801068812651,4.444933952435588
*Oc1c(OC)cc(*)cc1OC,tg,171.45,95.50662994384766,122.4514767695608,119.95637090120958,108.60308919033473
*Oc1c(OC)cc(-c2cc(OC)c(OC(=O)CCCCCCCCC(*)=O)c(OC)c2)cc1OC,tg,94.0,81.73387145996094,56.803789113650936,56.74953688880794,68.88566851824118
*Oc1c([2H])c([2H])c(S(=O)(=O)c2c([2H])c([2H])c(Oc3c([2H])c([2H])c(C(c4c([2H])c([2H])c(*)c([2H])c4[2H])(C([2H])([2H])[2H])C([2H])([2H])[2H])c([2H])c3[2H])c([2H])c2[2H])c([2H])c1[2H],tg,175.0,171.44296264648438,232.59934365080724,199.210824437057,192.5899834045328
*Oc1cc(Br)c(C(C)(C)c2c(Br)cc(OC(*)=O)cc2Br)c(Br)c1,tg,267.0,211.19677734375,212.28858644152615,200.3095816566313,208.05259297241025
*Oc1cc(C(=O)c2ccccc2)c(Oc2ccc(*)cc2)cc1C(=O)c1ccccc1,tg,137.0,140.32431030273438,170.8574114719038,172.68355594831377,156.60456396657247
*Oc1cc(C(C)(C)C)c(Oc2ccc(C(=O)Nc3c(C)cc(C(C)(C)c4cc(C)c(NC(=O)c5ccc(*)cc5)c(C)c4)cc3C)cc2)cc1C(C)(C)C,tg,295.0,312.7005615234375,268.84780287067076,267.46971195922026,289.7033525000442
*Oc1cc(C(C)(C)C)c(Oc2ccc(C(=O)Nc3c(C)cc(Cc4cc(C)c(NC(=O)c5ccc(*)cc5)c(C(C)C)c4)cc3C(C)C)cc2)cc1C(C)(C)C,tg,260.0,285.8223876953125,262.9086128957305,251.3878009368208,270.46437943688795
*Oc1cc(C(C)(C)C)c(Oc2ccc(C(=O)Nc3ccc(C(C)(C)c4ccc(NC(=O)c5ccc(*)cc5)c(C)c4)cc3C)cc2)cc1C(C)(C)C,tg,275.0,269.65142822265625,271.39920202269593,260.1066591168074,267.0572479540238
*Oc1cc(C(C)(C)C)c(Oc2ccc(C(=O)Nc3ccc(C(C)(C)c4ccc(NC(=O)c5ccc(*)cc5)cc4)cc3)cc2)cc1C(C)(C)C,tg,254.0,244.09274291992188,244.93260940447428,253.0805153726141,247.04586564056342
*Oc1cc(C(C)(C)C)c(Oc2ccc(C(=O)c3ccc(*)cc3)cc2)cc1C(C)(C)C,tg,206.0,211.55130004882812,177.6367379513878,195.32843793802317,199.56916588509935
*Oc1cc(C(C)(C)c2ccccc2)c(OC(=O)c2ccc(C(*)=O)cc2)cc1C(C)(C)c1ccccc1,tg,170.0,170.74884033203125,188.62952357536727,178.2161839585152,176.7302199147183
*Oc1cc(C(C)(C)c2ccccc2)c(OC(=O)c2cccc(C(*)=O)c2)cc1C(C)(C)c1ccccc1,tg,180.0,138.18531799316406,154.22869855826522,166.87261059351073,150.3546318551421
*Oc1cc(C)c(*)c(C)c1Br,tg,280.15,267.7572021484375,166.83610356589733,169.88798097655462,216.7577061711459
*Oc1cc(C)cc(OC(=O)c2cccc(C(*)=O)c2)c1,egc,4.2911,4.131734371185303,4.087490767342568,4.109581963887483,4.115786572529221
*Oc1cc(CC)cc(OC(=O)c2cccc(C(*)=O)c2)c1,tg,138.0,124.19979095458984,136.70276383214588,124.70149448226202,126.92200061314287
*Oc1cc(CCC)cc(OC(=O)c2cccc(C(*)=O)c2)c1,tg,129.0,120.53272247314452,124.04800737869638,105.31546487141368,116.54644296001834
*Oc1cc(CCCC)cc(OC(=O)c2cccc(C(*)=O)c2)c1,tg,97.5,99.4659423828125,112.3580082811486,95.15219851007976,100.77820567281258
*Oc1cc(CCCCCC)cc(OC(=O)c2cccc(C(*)=O)c2)c1,tg,67.5,94.1216278076172,78.45528314383365,69.14696538289557,83.17835848619934
*Oc1cc(CCCCCCCCCCC)cc(OC(=O)c2cccc(C(*)=O)c2)c1,tg,34.5,50.281219482421875,34.46075220498625,38.19654952278728,43.294288213270626
*Oc1cc(CCCCCCCCCCCCC)cc(OC(=O)c2cccc(C(*)=O)c2)c1,tg,25.5,71.47834777832031,35.235851567287014,44.634777159575066,55.732367936089155
*Oc1cc(Cl)c(C(C)(C)c2c(Cl)cc(OC(*)=O)cc2Cl)c(Cl)c1,tg,240.0,208.36166381835935,226.44651737219883,221.00968192328708,215.98778895255822
*Oc1cc(Cl)cc(Cl)c1*,egc,4.3654,4.498396396636963,4.34786683531917,4.188093644715013,4.380277151355096
*Oc1cc(Cl)cc(Cl)c1*,tg,165.0,194.55503845214844,145.8521857645474,144.8518106986163,169.17836450211178
*Oc1cc(OC(=O)c2ccc(C(*)=O)cc2)cc(C(=O)OCCN(CC)c2ccc(N=Nc3ccc([N+](=O)[O-])cc3)cc2)c1,tg,130.0,163.65640258789062,148.26257268352856,123.95588640309391,148.21311287589936
*Oc1cc(OC(=O)c2ccc(C=Nc3ccc(OCCCCCCOc4ccc(N=Cc5ccc(C(*)=O)cc5)cc4F)c(F)c3)cc2)c(Cl)cc1Cl,egc,2.9795,3.0901741981506348,3.623914888708688,3.724719520844146,3.3824051697914324
*Oc1cc(OC(=O)c2ccc(OCCCC)cc2)c(OC(=O)C(C)(C)CCC(*)=O)cc1OC(=O)c1ccc(OCCCC)cc1,tg,61.0,54.44825744628906,73.38008103500891,78.70797633609004,65.84076997883025
*Oc1cc(OC(=O)c2ccc(OCCCC)cc2)c(OC(=O)CCCC(*)=O)cc1OC(=O)c1ccc(OCCCC)cc1,egc,4.3317,3.788527250289917,3.782421483110551,3.637310339228172,3.746053289590843
*Oc1cc(OC(=O)c2ccc(OCCCC)cc2)c(OC(=O)CCCCCC(*)=O)cc1OC(=O)c1ccc(OCCCC)cc1,tg,45.0,42.63792419433594,49.29100649175796,43.60083714801101,44.30178245091991
*Oc1cc(OC(=O)c2ccc(OCCCC)cc2)c(OC(=O)CCCCCCCC(*)=O)cc1OC(=O)c1ccc(OCCCC)cc1,tg,38.0,48.119285583496094,39.3351615214815,39.54551430042497,43.663210680976135
*Oc1cc(OC(=O)c2ccc(OCCCCCCCCCCCC)cc2)c(OC(=O)CCCC(*)=O)cc1OC(=O)c1ccc(OCCCCCCCCCCCC)cc1,tg,23.0,34.893280029296875,46.61226215263411,51.14449525270658,42.32720402482776
*Oc1cc(OC(=O)c2ccc(Oc3ccc(C4(c5ccc(Oc6ccc(C(*)=O)cc6)cc5)CCC(C(C)(C)C)CC4)cc3)cc2)ccc1C12CC3CC(CC(C3)C1)C2,tg,180.0,244.459716796875,201.26446811513492,203.6409009971297,222.96252210248062
*Oc1cc(Oc2ccc(C(C)(C)c3ccc(*)cc3)cc2)cc(C(=O)Oc2ccc(N=Nc3ccc(C#N)cc3)cc2)c1,egc,3.1481,3.349770784378052,3.055578875049779,3.0743164219408907,3.2088927006098933
*Oc1cc(Oc2ccc(C(C)(C)c3ccc(*)cc3)cc2)cc([N+](=O)[O-])c1,tg,150.0,133.0177001953125,131.81278177306578,150.1190932320565,138.06124665779487
*Oc1cc(Oc2ccc(NC(=O)c3cc(NC(=O)C45CC6CC(CC(C6)C4)C5)cc(C(=O)Nc4ccc(*)cc4)c3)cc2)ccc1C12CC3CC(CC(C3)C1)C2,tg,345.0,319.1807861328125,278.4476498533535,289.99716077308585,301.7888516426231
*Oc1cc2ccccc2cc1OC(=O)c1ccc(Oc2ccc(C(*)=O)cc2)cc1,tg,148.0,140.73797607421875,139.2253439247503,154.13335893303577,144.57175868922135
*Oc1ccc(*)cc1,tg,119.75,208.5352783203125,136.91601837475335,143.1846979252297,173.61255966450392
*Oc1ccc(-c2cc(-c3ccccc3)c(-c3ccc(OC(=O)c4ccc(C(*)=O)cc4-c4ccccc4)cc3)c(-c3ccccc3)c2-c2ccccc2)cc1,tg,225.0,273.51202392578125,209.8806526822085,201.6197016512004,238.20537922665102
*Oc1ccc(-c2ccc(-c3ccc(*)cc3)cc2)cc1,eea,1.6576,1.6963908672332764,1.817111404698803,1.7837568666154286,1.7258995378721367
*Oc1ccc(-c2ccc(-c3ccc(*)cc3)cc2)cc1,egc,3.9661,3.571624994277954,3.680568051682376,3.8494693313534536,3.6715911744925824
*Oc1ccc(-c2ccc(-c3ccc(*)cc3)cc2)cc1,ei,5.5837,5.383620262145996,5.560614115043296,5.516308971735243,5.448728325745105
*Oc1ccc(-c2ccc(-c3ccc(*)cc3)cc2)cc1,eps,3.87,4.098730087280273,3.9856972493145606,3.987069193376988,4.036780862285962
*Oc1ccc(-c2ccc(-c3ccc(*)cc3)cc2)s1,egc,3.3694,3.862197160720825,3.4920623476698727,3.738442602485069,3.745516249046948
*Oc1ccc(-c2ccc(-c3ccc(*)cc3)cc2)s1,ei,5.1012,5.4454545974731445,5.441245724353945,5.4384742457227935,5.44272999177321
*Oc1ccc(-c2ccc(-c3ccc(*)cc3)cc2)s1,nc,2.1534,2.035494089126587,2.1279946377230554,2.1158255890486983,2.0675950760249306
*Oc1ccc(-c2ccc(-c3ccc(*)cc3)s2)cc1,egc,3.449,3.45566987991333,3.3571255463741148,3.342455145978477,3.402786674005108
*Oc1ccc(-c2ccc(-c3ccc(*)cc3)s2)cc1,ei,5.1678,5.2081193923950195,5.2712405051574835,5.189074929758637,5.210928945930453
*Oc1ccc(-c2ccc(-c3ccc(*)cc3)s2)s1,egc,3.9319,3.072422504425049,2.9846806466300406,2.9406138616561166,3.01690865507609
*Oc1ccc(-c2ccc(-c3ccc(*)cc3)s2)s1,ei,5.6406,4.903046607971191,5.017256209188691,5.3317911426148115,5.050583201101985
*Oc1ccc(-c2ccc(-c3ccc(*)cc3)s2)s1,eps,5.17,5.322751522064209,5.571680597875975,5.567112467451642,5.459180577572544
*Oc1ccc(-c2ccc(-c3ccc(*)cc3)s2)s1,nc,2.1712,2.1611976623535156,2.1608579616288486,2.1582117290556857,2.1608169817354423
*Oc1ccc(-c2ccc(-c3ccc(*)s3)s2)s1,egc,2.5408,2.679427146911621,2.24733317975918,2.727020394897429,2.5954214962634126
*Oc1ccc(-c2ccc(-c3ccc(*)s3)s2)s1,ei,4.7769,4.852999210357666,5.153282041208029,5.207824061518453,5.003350292518681
*Oc1ccc(-c2ccc(-c3ccc(*)s3)s2)s1,nc,2.2729,2.1840713024139404,2.3041700411998036,2.207210109778007,2.21782383766893
*Oc1ccc(-c2ccc(-c3ccc(Oc4ccc(C(=O)c5cccc(C(=O)c6ccc(*)cc6)c5)cc4)cc3)cc2)cc1,tg,174.0,163.83358764648438,179.57618685726223,173.0339960220094,169.91218213128883
*Oc1ccc(-c2ccc(-c3ccc(Oc4ccc(C(C)(C)c5ccc(*)cc5)cc4)c(C(F)(F)F)c3)cc2)cc1C(F)(F)F,tg,192.0,175.13616943359375,178.96898521338073,176.3961572878636,176.31290855842147
*Oc1ccc(-c2ccc(-c3ccc(Oc4ccc(C(C)(C)c5ccc(*)cc5)cc4)cc3)cc2)cc1,tg,182.0,175.1395721435547,175.6376448507333,175.9440578739559,175.49072810929096
*Oc1ccc(-c2ccc(C(*)=O)cc2)cc1,egb,3.0847,3.095926284790039,3.3780497685594058,3.3714896008521196,3.1613708406297034
*Oc1ccc(-c2ccc(C(*)=O)cc2)cc1,egc,3.8635,3.7724623680114746,4.049067532438876,4.074071422233849,3.916504196827554
*Oc1ccc(-c2ccc(C(*)=O)cc2)cc1,ei,6.2671,6.100128650665283,6.142348237425788,6.254093456687898,6.153275563146414
*Oc1ccc(-c2ccc(C(*)=O)cc2)cc1,eps,4.1,4.302097320556641,4.384111685653434,4.316594123975409,4.347046438419965
*Oc1ccc(-c2ccc(C(*)=O)cc2)cc1,nc,1.9035,1.9951022863388064,1.907826084745354,1.9131307427766155,1.9642110862208164
*Oc1ccc(-c2ccc(C(*)=O)cc2)cc1Br,egc,3.8867,3.828032970428467,3.667677550773457,3.793571870816166,3.782689102209847
*Oc1ccc(-c2ccc(C(*)=O)cc2)s1,ei,6.028,6.0294694900512695,6.123833719953207,5.987741044002245,6.029592482498885
*Oc1ccc(-c2ccc(C(*)=O)cc2)s1,eps,4.73,4.4892377853393555,4.722209627143089,4.544628780055113,4.616921255957127
*Oc1ccc(-c2ccc(C(*)=O)s2)cc1,egb,2.0204,2.741174697875977,2.625401583546284,2.6968307596391945,2.714318656173063
*Oc1ccc(-c2ccc(C(*)=O)s2)cc1,egc,2.8763,3.347649574279785,3.260154664345477,3.379328044765008,3.336630541036261
*Oc1ccc(-c2ccc(C(*)=O)s2)cc1,ei,5.7839,6.233368396759033,6.1820518723233695,6.220422386270942,6.222341280230495
*Oc1ccc(-c2ccc(C(*)=O)s2)s1,eea,2.952,3.050060510635376,2.9417253778897936,2.8756920475536587,3.0107884432783965
*Oc1ccc(-c2ccc(C(*)=O)s2)s1,egc,2.6473,3.0108587741851807,2.839472643437394,2.924770139061462,2.949006602451247
*Oc1ccc(-c2ccc(C(*)=O)s2)s1,eps,5.23,5.634882926940918,5.083355459457101,5.10788592510033,5.332610598044234
*Oc1ccc(-c2ccc(C(*)=O)s2)s1,nc,2.0521,2.190260887145996,2.2224317181866775,2.178316924155456,2.1975304321768077
*Oc1ccc(-c2ccc(N=Nc3ccc(C(*)=O)cc3)cc2)cc1,egc,3.5627,3.0622644424438477,3.399295384269437,3.120744591350216,3.153775299325717
*Oc1ccc(-c2ccc(NC(=O)c3cc(C(=O)Nc4ccc(-c5ccc(Oc6ccc(C(C)(C)c7ccc(*)cc7)cc6)c(C(F)(F)F)c5)cc4)cc(C(C)(C)C)c3)cc2)cc1C(F)(F)F,tg,248.5,241.4397125244141,231.1059451781498,233.83642913578885,236.96573502483724
*Oc1ccc(-c2ccc(OC(*)(Oc3ccccc3)Oc3ccccc3)cc2)cc1,tg,112.0,75.8459701538086,109.16687287369383,113.3464725164881,94.2892202979906
*Oc1ccc(-c2ccc(OC(=O)/C=C/c3ccc(/C=C/C(*)=O)cc3)cc2)cc1,tg,243.0,141.2581787109375,195.54342497265563,176.98057092705182,163.45550341202792
*Oc1ccc(-c2ccc(OC(=O)CCCCCCCCC(*)=O)cc2)cc1,egc,4.5699,4.441304683685303,4.240479334912132,4.45097958484753,4.398878315467518
*Oc1ccc(-c2ccc(OC(=O)CCCCCCCCCCCCC(*)=O)cc2)cc1,tg,95.0,27.552452087402344,42.08675653281099,38.92223079430174,34.05414359591143
*Oc1ccc(-c2ccc(OC(=O)Nc3cccc(P(=O)(c4ccccc4)c4cccc(NC(*)=O)c4)c3)cc2)cc1,tg,72.0,176.56295776367188,150.6934520987559,148.60050256350343,162.60049317160903
*Oc1ccc(-c2ccc(OC(=O)c3cc(CCCCC)cc(C(*)=O)c3)cc2)cc1,tg,138.0,150.63311767578125,125.2955115912018,124.18340070869888,137.24787734501302
*Oc1ccc(-c2ccc(OC(=O)c3cc(N=Nc4ccc(OCC)cc4)ccc3-c3ccc(N=Nc4ccc(OCC)cc4)cc3C(*)=O)cc2)cc1,tg,165.0,165.41400146484375,176.76933917256085,161.98758044942275,166.68528367608414
*Oc1ccc(-c2ccc(OC(=O)c3cc(OCCCCCC)c(C(*)=O)cc3OCCCCCC)cc2)cc1,tg,113.0,70.93798828125,81.71414365324078,67.86462496911795,72.19958941697028
*Oc1ccc(-c2ccc(OC(=O)c3ccc(C(*)=O)cc3)cc2)cc1-c1ccccc1,tg,132.0,184.2390899658203,182.77453536670788,176.90689738912454,181.66992526612884
*Oc1ccc(-c2ccc(OC(=O)c3ccc(C(*)=O)cc3Sc3ccc4ccccc4c3)cc2)cc1,tg,141.0,141.60633850097656,171.88128443729266,178.22826391190802,159.15240294234786
*Oc1ccc(-c2ccc(OC(=O)c3cccc(C(*)=O)c3)cc2)cc1,tg,185.5,150.11793518066406,191.5056752121928,171.54762742478377,165.2453095601939
*Oc1ccc(-c2ccc(Oc3ccc(*)cc3)c3ccccc23)c2ccccc12,tg,226.0,258.3480224609375,245.38545933039455,250.51905805417735,253.26450347836604
*Oc1ccc(-c2ccc(Oc3ccc(-c4ccc(-c5ccc(*)c(C(F)(F)F)c5)cc4)cc3C(F)(F)F)cc2)cc1,tg,203.5,175.49819946289062,196.7932640714112,188.555240889174,183.90996016150612
*Oc1ccc(-c2ccc(Oc3ccc(C(=O)c4ccc(*)c(S(=O)(=O)O)c4)cc3S(=O)(=O)O)cc2)cc1,tg,225.0,195.64956665039065,211.27103866921288,221.2853677549287,206.78817009281744
*Oc1ccc(-c2ccc(Oc3ccc(C(=O)c4ccc(C(=O)c5ccc(*)c(C(F)(F)F)c5)cc4)cc3C(F)(F)F)cc2)cc1,tg,187.0,168.66348266601562,181.5744512054824,187.6085967201519,177.1755879319915
*Oc1ccc(-c2ccc(Oc3ccc(C(=O)c4ccc5cc(C(=O)c6ccc(*)cc6)ccc5c4)cc3)cc2)cc1,tg,195.0,174.0170135498047,185.9416414912066,193.10331429082,182.370294045964
*Oc1ccc(-c2ccc(Oc3ccc(C(=O)c4cccc(C(=O)c5ccc(*)cc5)c4)cc3)cc2)cc1,tg,159.0,156.46812438964844,165.11246334520052,170.87793593123808,162.70108812370077
*Oc1ccc(-c2ccc(Oc3ccc(C(=O)c4ccccc4-c4ccccc4C(=O)c4ccc(*)cc4)cc3)cc2)cc1,tg,193.0,165.37281799316406,189.21397971794764,186.04312439035908,176.6627550766459
*Oc1ccc(-c2ccc(Oc3ccc(C(C)(C)c4ccc(*)cc4)cc3)cc2)cc1,egc,4.2484,3.9086620807647705,3.9710304574469935,4.026266475614549,3.9546222279118037
*Oc1ccc(-c2ccc(Oc3ccc(C(C)(C)c4ccc(*)cc4)cc3)cc2)cc1,tg,154.0,164.10789489746094,195.5614454335309,177.23425641001384,174.62674451614856
*Oc1ccc(-c2ccc(Oc3ccc(Oc4ccc(Oc5ccc(*)cc5)cc4)cc3)c3ccccc23)c2ccccc12,tg,147.0,166.57464599609375,185.28141758517089,193.63790334174675,178.78832809710138
*Oc1ccc(-c2ccc(Oc3ccc(Oc4ccc(S(=O)(=O)c5ccc(Oc6ccc(*)cc6)cc5)cc4)cc3)c3ccccc23)c2ccccc12,tg,214.0,232.96450805664065,197.67110340914104,207.144624288552,217.73010073846916
*Oc1ccc(-c2ccc(Oc3ccc(Oc4cccc(Oc5ccc(*)cc5)c4C)cc3)c3ccccc23)c2ccccc12,tg,156.0,157.24488830566406,176.54845821354533,187.88852328979107,170.68881738435894
*Oc1ccc(-c2ccc(Oc3ccc4ccccc4c3-c3c(*)ccc4ccccc34)c3ccccc23)c2ccccc12,tg,301.0,265.56475830078125,259.5341550243313,244.3486831746011,257.7626600357873
*Oc1ccc(-c2ccc(Oc3cccc(*)n3)cc2)cc1,egc,4.055,4.154411792755127,4.125957304309717,3.920756339355636,4.084515160716817
*Oc1ccc(-c2ccc(Oc3cccc(*)n3)cc2)cc1,tg,119.0,160.04165649414062,166.53232002507278,152.2435372986821,158.9616292929893
*Oc1ccc(C(=Cc2cc(OC)c(C=C(c3ccc(*)cc3)c3ccc(C(F)(F)F)cc3)cc2OC)c2ccc(C(F)(F)F)cc2)cc1,tg,194.0,183.72703552246097,158.2297535773385,168.1357788228942,173.66846582948176
*Oc1ccc(C(=Cc2ccc(-c3ccc(C=C(c4ccccc4)c4ccc(OC(=O)CCCCC(*)=O)cc4)cc3)cc2)c2ccccc2)cc1,tg,128.0,142.50442504882812,150.685625384762,136.27163951404225,142.25577459928212
*Oc1ccc(C(=Cc2ccc(-c3ccc(C=C(c4ccccc4)c4ccc(OC(=O)CCCCCCCCC(*)=O)cc4)cc3)cc2)c2ccccc2)cc1,tg,111.0,112.41929626464844,119.47274430571308,109.55785231515765,112.98215191556598
*Oc1ccc(C(=Cc2ccc(-c3ccc(C=C(c4ccccc4)c4ccc(OC(=O)c5ccc(C(*)=O)cc5)cc4)cc3)cc2)c2ccccc2)cc1,tg,236.0,201.1978302001953,174.74860853764042,190.14211377206743,192.3470493258842
*Oc1ccc(C(=Cc2ccc(-c3ccc(C=C(c4ccccc4)c4ccc(OC(=O)c5cccc(C(*)=O)c5)cc4)cc3)cc2)c2ccccc2)cc1,tg,224.0,192.69134521484375,169.86232971779594,177.43983766162478,183.28571180306864
*Oc1ccc(C(=Nc2ccc(N=C(c3ccccc3)c3ccc(Oc4ccc(C(C)(C)c5ccc(*)cc5)cc4)cc3)cc2)c2ccccc2)cc1,tg,161.0,174.11386108398438,173.4271838435802,168.7985265980081,172.32838996919494
*Oc1ccc(C(=Nc2ccc(N=C(c3ccccc3)c3ccc(Oc4ccc(C(c5ccccc5)(c5ccccc5)c5ccc(*)cc5)cc4)cc3)cc2)c2ccccc2)cc1,tg,198.0,184.7147979736328,180.2552136947272,184.9967076933377,183.88641805189522
*Oc1ccc(C(=Nc2ccc(N=C(c3ccccc3)c3ccc(On4c(=O)c5c(F)c6c(=O)n(*)c(=O)c6c(F)c5c4=O)cc3)cc2)c2ccccc2)cc1,egc,0.9593,1.9771852493286133,2.6594131635384892,2.5874320284966865,2.2961252269980656
*Oc1ccc(C(=O)CCCCC(=O)c2ccc(OC(*)=O)cc2)cc1,egc,4.6051,4.609434127807617,4.277439332615659,4.34941055144538,4.4642691971589645
*Oc1ccc(C(=O)CNCCCCCCCCNCC(=O)c2ccc(*)cc2)cc1,egc,3.8153,4.3276495933532715,4.215088644656371,4.219362948029459,4.272961249765371
*Oc1ccc(C(=O)CNNCC(=O)c2ccc(*)cc2)cc1,egc,4.1658,4.623829364776611,4.317835487553714,4.424165272720242,4.500904918814477
*Oc1ccc(C(=O)NCC(C)(C)CCCNC(=O)c2ccc(*)cc2)cc1,egc,4.7683,4.193790912628174,4.43736363634691,4.432484752743527,4.313319993886185
*Oc1ccc(C(=O)NCCCCCCCCCCCCNC(=O)c2ccc(*)cc2)cc1,egc,4.4794,4.387641429901123,4.3926937598403795,4.30171495482975,4.365418230875195
*Oc1ccc(C(=O)NNC(=O)c2ccc(*)cc2)cc1,tg,256.2,194.66622924804688,205.7205972579798,201.59422898609665,199.0792303268832
*Oc1ccc(C(=O)NNC(=O)c2ccc(C(=O)NNC(=O)c3ccc(OC(=O)c4cccc(C(*)=O)c4)cc3)cc2)cc1,tg,175.0,213.82666015625,184.9363258455349,193.03885221013277,201.46372238439284
*Oc1ccc(C(=O)NNC(=O)c2cccc(C(=O)NNC(=O)c3ccc(OC(=O)c4cccc(C(*)=O)c4)cc3)c2)cc1,egc,3.7359,4.199768543243408,3.5481557753445516,3.8503704051869287,3.9586016621937983
*Oc1ccc(C(=O)NNC(=O)c2cccc(C(=O)NNC(=O)c3ccc(OC(=O)c4cccc(C(*)=O)c4)cc3)c2)cc1,tg,180.0,171.64950561523438,190.26871351894704,191.5497730929543,181.62908241895684
*Oc1ccc(C(=O)Nc2cc(C(c3ccc(C)c(NC(=O)c4ccc(OC(=O)c5cccc(C(*)=O)c5)cc4)c3)(C(F)(F)F)C(F)(F)F)ccc2C)cc1,tg,214.0,213.51776123046875,223.47319960364317,221.94928985038393,218.1703112158724
*Oc1ccc(C(=O)Nc2cc(NC(=O)c3ccc(*)cc3)cc(-c3nc4ccccc4[nH]3)c2)cc1,egc,3.5407,3.4668936729431152,3.4964142614442264,3.3580217126419645,3.4439229658473627
*Oc1ccc(C(=O)Nc2cc(NC(=O)c3ccc(*)cc3)cc(-c3nc4ccccc4[nH]3)c2)cc1,tg,335.0,284.15045166015625,284.1324591248973,288.6351163061331,285.5342493009687
*Oc1ccc(C(=O)Nc2cc(NC(=O)c3ccc(*)cc3)cc(C(=O)OCCOC(=O)C=Cc3ccc(N(C)C)cc3)c2)cc1,tg,182.0,218.27294921875,207.58441028216117,200.8184072321097,210.67829362154487
*Oc1ccc(C(=O)Nc2cc(SCCC#N)c(NC(=O)c3ccc(*)cc3)cc2SCCC#N)cc1,tg,158.0,234.22943115234375,189.76269949054196,203.10183318380584,215.46951332042724
*Oc1ccc(C(=O)Nc2ccc(Br)cc2-c2ccc(NC(=O)c3ccc(*)cc3)cc2)cc1,tg,267.0,252.05160522460935,260.83781237925353,253.3080234295923,254.24422245099447
*Oc1ccc(C(=O)Nc2ccc(C(c3ccc(NC(=O)c4ccc(*)cc4)cc3)(P3(=O)Oc4ccccc4-c4ccccc43)P3(=O)Oc4ccccc4-c4ccccc43)cc2)cc1,tg,243.0,239.24728393554688,254.8321235354113,245.5032981761019,244.38253491618843
*Oc1ccc(C(=O)Nc2ccc(C(c3ccc(NC(=O)c4ccc(OC(=O)c5ccc(C(*)=O)cc5)cc4)cc3)(C(F)(F)F)C(F)(F)F)cc2)cc1,tg,266.0,230.9465789794922,233.67370210112227,229.1950310227581,230.96458145441034
*Oc1ccc(C(=O)Nc2ccc(C(c3ccc(NC(=O)c4ccc(OC(=O)c5cccc(C(*)=O)c5)cc4)cc3)(C(F)(F)F)C(F)(F)F)cc2)cc1,tg,227.0,230.11724853515625,228.16946398247188,223.5809187686554,227.6951004023877
*Oc1ccc(C(=O)Nc2ccc(Cc3ccc(NC(=O)c4ccc(Oc5nc(*)nc(Sc6ccccc6)n5)cc4)cc3)cc2)cc1,egc,3.3904,3.944910287857056,3.7593590461226167,3.836758854857248,3.8738829429137978
*Oc1ccc(C(=O)Nc2ccc(S(=O)(=O)c3ccc(NC(=O)c4ccc(*)cc4)cc3)cc2)cc1,egc,3.8301,3.544517993927002,3.4137425670884656,3.499033441979188,3.502814134163047
*Oc1ccc(C(=O)Nc2ccc(S(=O)(=O)c3ccc(NC(=O)c4ccc(Oc5ccc(C(=O)c6ccc(S(=O)(=O)c7ccc(C(=O)c8ccc(*)cc8)cc7)cc6)cc5)cc4)cc3)cc2)cc1,tg,260.0,240.29005432128903,227.57746536847537,234.3212761463951,235.83337288540048
*Oc1ccc(C(=O)Nc2ccc(S(=O)(=O)c3ccc(NC(=O)c4ccc(Oc5nc(*)nc(Sc6ccccc6)n5)cc4)cc3)cc2)cc1,egc,3.8673,3.8287038803100586,3.700945936799192,3.621238001935839,3.743646902851215
*Oc1ccc(C(=O)Nc2ccc(SCCC(*)=O)cc2)cc1,egc,3.9873,4.0558366775512695,3.962464099740373,3.881206687424315,3.98741975764996
*Oc1ccc(C(=O)O)c(C(=O)Nc2ccc(NC(=O)c3cc(*)ccc3C(=O)O)cc2)c1,tg,166.3,195.4951171875,231.93411854062185,229.27568269860137,213.42764949213552
*Oc1ccc(C(=O)OC(C)COC(=O)c2ccc(OC(=O)c3ccc(C(*)=O)cc3)cc2)cc1,tg,87.0,122.09624481201172,113.16053361503896,105.36166557802665,115.08420915962702
*Oc1ccc(C(=O)OC(C)COC(C)COC(C)COC(=O)c2ccc(OC(=O)c3ccc(C(*)=O)cc3)cc2)cc1,tg,36.0,66.66543579101562,57.10488985485832,60.57402082041182,62.81795931281168
*Oc1ccc(C(=O)OCCCCCCCOC(=O)c2ccc(OC(=O)c3ccc(C(*)=O)cc3)cc2)cc1,tg,65.0,62.31013488769531,45.26124195744657,46.65634320814132,53.96675943563848
*Oc1ccc(C(=O)OCCCCCCOC(=O)c2ccc(*)cc2)cc1,tg,15.0,48.866546630859375,42.43792334138139,50.35001059132463,48.00564648346861
*Oc1ccc(C(=O)OCCCCOC(=O)c2ccc(*)cc2)cc1,tg,38.0,57.45013427734375,46.05788580111513,60.36237301774308,56.012193193414845
*Oc1ccc(C(=O)OCCCOC(=O)c2ccc(*)cc2)cc1,egc,4.6133,4.348269462585449,4.488117257276815,4.383811924189439,4.389306275685398
*Oc1ccc(C(=O)OCCCOC(=O)c2ccc(*)cc2)cc1,tg,57.0,81.07640075683594,72.96417398161056,69.55561476481391,75.84650872699797
*Oc1ccc(C(=O)OCCCOC(=O)c2ccc(OC(=O)c3ccc(C(*)=O)cc3)cc2)cc1,egc,4.0079,4.236256122589111,3.800221283562909,3.883678759874897,4.04259109696768
*Oc1ccc(C(=O)OCCN(CCOC(=O)c2ccc(OC3(F)C(*)(F)C(F)(F)C3(F)F)cc2)c2ccc(C=CC3=CC(=C(C#N)C#N)CC(C)(C)C3)cc2)cc1,tg,143.0,153.715576171875,145.79492061513193,124.76271425183076,143.1317784129957
*Oc1ccc(C(=O)OCCOC(=O)c2ccc(*)cc2)cc1,tg,74.0,101.0105438232422,107.00476168367916,95.5423619241936,100.54944077402845
*Oc1ccc(C(=O)OCCOCCOC(=O)c2ccc(OC(*)=O)cc2)cc1,egc,4.6582,4.400067329406738,4.547715417066034,4.401716781528142,4.4336413097975145
*Oc1ccc(C(=O)OCCOCCOC(=O)c2ccc(OC(*)=O)cc2)cc1,tg,51.0,43.95854949951172,45.03977550096014,44.72957678464853,44.41908130140437
*Oc1ccc(C(=O)OCCOCCOCCOC(=O)c2ccc(OC(=O)c3ccc(C(*)=O)cc3)cc2)cc1,tg,25.0,53.45954895019531,41.01798949101339,43.93944298851754,47.95978217813942
*Oc1ccc(C(=O)OCCOCCOCCOCCOC(=O)c2ccc(OC(=O)c3ccc(C(*)=O)cc3)cc2)cc1,tg,25.0,39.181922912597656,19.775315436714862,34.41691291211541,33.72331902894058
*Oc1ccc(C(=O)c2ccc(*)cc2)cc1,eea,2.4594,2.3541195392608643,2.6838862349573893,2.4074772670632836,2.4100297393754238
*Oc1ccc(C(=O)c2ccc(*)cc2)cc1,egc,3.9194,3.8576242923736577,4.149896138794044,4.123777487554657,3.995543337050674
*Oc1ccc(C(=O)c2ccc(*)cc2)cc1,eps,4.32,4.257157325744629,4.36735844002545,4.350595828927878,4.3175545850373425
*Oc1ccc(C(=O)c2ccc(*)cc2)cc1,nc,1.9173,1.9451539516448977,1.9355438002302192,1.9177244513220968,1.939955201766129
*Oc1ccc(C(=O)c2ccc(C(=O)NOC(*)=O)s2)cc1,eea,3.5136,3.0749752521514893,2.885853181021934,2.7000346944129725,2.9970150931344492
*Oc1ccc(C(=O)c2ccc(C(=O)NOC(*)=O)s2)cc1,egb,2.9014,3.281907320022583,2.7822092536968435,2.743775303505456,3.165991701912035
*Oc1ccc(C(=O)c2ccc(C(=O)NOC(*)=O)s2)cc1,ei,7.1656,7.256580352783203,6.627981743029924,6.441306207742938,6.919545641564374
*Oc1ccc(C(=O)c2ccc(C(=O)NOC(*)=O)s2)cc1,eps,4.55,4.733522891998291,4.555581798451672,4.635722267877501,4.635999791293724
*Oc1ccc(C(=O)c2ccc(C(=O)NOC(*)=O)s2)cc1,nc,1.8941,1.9240562915802,2.0199231306131495,2.012865596361934,1.9578679347347616
*Oc1ccc(C(=O)c2ccc(C(=O)c3ccc(*)c(C(C)C)c3)cc2)cc1C,tg,149.0,181.1860809326172,162.58489007977724,172.43167365018533,174.65857442517142
*Oc1ccc(C(=O)c2ccc(C(=O)c3ccc(Oc4ccc(Cc5ccc(*)cc5)cc4)cc3)cc2)cc1,tg,120.0,148.98696899414062,143.66160858502425,149.43037156084938,148.03079987348764
*Oc1ccc(C(=O)c2ccc(C(=O)c3ccc(Oc4cccc(Cc5cccc(*)c5)c4)cc3)cc2)cc1,tg,122.0,124.84371185302734,123.14915014677426,127.76005696460544,125.39807665499353
*Oc1ccc(C(=O)c2ccc(NC(=O)c3ccc(C(=O)Nc4ccc(C(=O)c5ccc(*)cc5)cc4)cc3)cc2)cc1,tg,187.0,223.99139404296875,218.28353755598548,218.73064769530384,221.19191167275739
*Oc1ccc(C(=O)c2ccc(NC(=O)c3cccc(C(=O)Nc4ccc(C(=O)c5ccc(*)cc5)cc4)c3)cc2)cc1,tg,204.2,214.99331665039065,174.70571418883557,192.8706865560219,199.87742674471386
*Oc1ccc(C(=O)c2ccc(OC(=O)OC3C(C)(C)C(OC(*)=O)C3(C)C)cc2)cc1,egc,4.4802,4.617931365966797,4.383590480278588,4.411952052545477,4.509366027657732
*Oc1ccc(C(=O)c2ccc(Oc3ccc(C(=O)c4c(C(=O)c5ccc(*)cc5)c(-c5ccc(F)cc5)c(-c5ccc(F)cc5)c(-c5ccc(F)cc5)c4-c4ccc(F)cc4)cc3)cc2)cc1,tg,260.0,245.1784515380859,257.8326573634555,260.7492819739477,252.59388522379354
*Oc1ccc(C(=O)c2ccc(Oc3ccc(C(=O)c4c(C(=O)c5ccc(*)cc5)c(-c5ccccc5)c(-c5ccc6ccccc6c5)c(-c5ccc6ccccc6c5)c4-c4ccccc4)cc3)cc2)cc1,tg,290.0,242.2007751464844,273.80435589883376,267.7942140255359,256.6075646015367
*Oc1ccc(C(=O)c2ccc(Oc3ccc(C(=O)c4ccc(Oc5ccc(Cc6ccc(*)cc6)cc5)cc4)cc3)cc2)cc1,tg,128.0,152.9207305908203,142.52004262677966,137.2299463684938,145.93085543668957
*Oc1ccc(C(=O)c2ccc(Oc3ccc(C(=O)c4cccc(C(=O)c5ccc(*)cc5)c4)cc3)cc2)cc1,tg,152.0,154.94786071777344,152.20388177190426,151.372837678859,153.27843197836637
*Oc1ccc(C(=O)c2ccc(Oc3ccc(C(c4ccc(*)cc4)(C(F)(F)F)C(F)(F)F)cc3)cc2)c2ccccc12,tg,190.0,184.17742919921875,220.3537529491969,208.88641226693449,199.24941200901458
*Oc1ccc(C(=O)c2ccc(Oc3ccc(C4(c5ccc(*)cc5)c5ccccc5-c5ccccc54)cc3)cc2)c2ccccc12,tg,260.0,288.47821044921875,236.27004930192385,237.9078612316064,262.1135853100553
*Oc1ccc(C(=O)c2cccc(-c3cccc(C(=O)c4ccc(*)cc4)c3)c2)cc1,tg,123.0,167.35670471191406,171.46481551637658,178.37968928758954,171.61049759915704
*Oc1ccc(C(=O)c2cccc(C(=O)c3ccc(*)c(C(C)C)c3)c2)cc1CC,tg,136.0,162.8074951171875,137.75239595474682,134.01513912637398,148.75547706143442
*Oc1ccc(C(=O)c2cccc(C(=O)c3ccc(*)cc3)c2)cc1,egc,3.9576,3.8517465591430664,3.8829365041896904,3.949797633383218,3.88539663676875
*Oc1ccc(C(=O)c2cccc(C(=O)c3ccc(*)cc3)c2)cc1,tg,139.0,148.1693572998047,157.72723595846423,163.9387656393669,155.0105201710349
*Oc1ccc(C(=O)c2cccc(C(=O)c3ccc(Oc4cccc(Cc5cccc(*)c5)c4)cc3)c2)cc1,tg,114.0,118.14492797851562,131.99998558426944,123.77099870580136,122.73014122144357
*Oc1ccc(C(=O)c2ccccc2)c(-c2cc(Oc3ccc(-c4ccc(*)cc4)cc3)ccc2C(=O)c2ccccc2)c1,tg,174.0,157.89761352539062,200.41116606129376,190.41780034711329,176.68737073222812
*Oc1ccc(C(=O)c2ccccc2)c(-c2cc(Oc3ccc(C(C)(C)c4ccc(*)cc4)cc3)ccc2C(=O)c2ccccc2)c1,tg,156.0,153.39141845703125,189.34202531195945,179.33059767373314,168.7976645096586
*Oc1ccc(C(=S)c2ccc(*)cc2)cc1,eea,3.1315,2.6936514377593994,2.948446384830001,2.89062405157381,2.75760921765961
*Oc1ccc(C(=S)c2ccc(*)cc2)cc1,egb,1.7412,2.4126248359680176,2.2328250904358247,2.488970429597409,2.3709164523580295
*Oc1ccc(C(=S)c2ccc(*)cc2)cc1,egc,2.6372,3.1137070655822754,3.4359651709727643,3.296498512195466,3.2356941183515846
*Oc1ccc(C(=S)c2ccc(*)cc2)cc1,ei,5.7685,6.01096773147583,5.885061639163765,5.762322578293057,5.917212827243238
*Oc1ccc(C(=S)c2ccc(*)cc2)s1,egb,2.4038,2.505481719970703,2.2640832913322284,2.242047433646659,2.4494842087690025
*Oc1ccc(C(=S)c2ccc(*)cc2)s1,egc,2.6462,3.081582546234131,3.12781467232555,3.0196725869426686,3.0751264704407664
*Oc1ccc(C(=S)c2ccc(*)cc2)s1,eps,4.54,5.126351833343506,5.063631223849708,5.223730118051913,5.091976927614869
*Oc1ccc(C(=S)c2ccc(*)s2)s1,egb,2.3041,1.937944412231445,1.8485493983951733,1.9716710373878976,1.9172073332168598
*Oc1ccc(C(=S)c2ccc(*)s2)s1,egc,2.6229,2.387340545654297,2.3475860219369675,2.2822369682560906,2.3498519335971344
*Oc1ccc(C(C#N)(c2ccccc2)c2ccc(OC(*)=O)cc2)cc1,egc,5.0272,4.524829387664795,4.879983606362562,4.763892347339771,4.6694926973893605
*Oc1ccc(C(C#N)(c2ccccc2)c2ccc(OC(*)=O)cc2)cc1,tg,138.0,185.63909912109375,195.8365064961002,188.11227647694585,188.49789839396198
*Oc1ccc(C(C)(C)c2ccc(C(C)(C)c3ccc(Oc4ccc(C(=O)Nc5ccc(Cc6ccc(NC(=O)c7ccc(*)cc7)cc6)cc5)cc4)cc3)cc2)cc1,tg,162.0,172.12777709960938,179.14541573696332,178.6839061575976,175.59694435240468
*Oc1ccc(C(C)(C)c2ccc(C(C)(C)c3ccc(Oc4ccc(C(=O)Nc5ccc(NC(=O)c6ccc(*)cc6)cc5)cc4)cc3)cc2)cc1,tg,163.0,194.1055603027344,188.5117557339648,187.3483998141685,190.86652464015322
*Oc1ccc(C(C)(C)c2ccc(OC(*)(Oc3ccccc3)Oc3ccccc3)cc2)cc1,tg,92.0,66.57764434814453,107.62922680397158,104.7581856481212,86.81847744021925
*Oc1ccc(C(C)(C)c2ccc(OC(*)=O)c(C(C)C)c2)cc1C(C)C,tg,80.0,123.60519409179688,147.39738609456708,136.5217481697034,132.48617608655206
*Oc1ccc(C(C)(C)c2ccc(OC(*)=O)c(Cl)c2)cc1,egc,5.0408,4.973854064941406,4.831816370754783,4.834293496643877,4.904051515180505
*Oc1ccc(C(C)(C)c2ccc(OC(*)=O)c(Cl)c2)cc1Cl,egc,4.9898,4.686653137207031,4.791223061302987,4.828851520417352,4.748766612656177
*Oc1ccc(C(C)(C)c2ccc(OC(*)=O)cc2)cc1,egc,5.2059,4.633283615112305,5.0379562744153725,5.009926991180423,4.826454045753382
*Oc1ccc(C(C)(C)c2ccc(OC(*)=S)cc2)cc1,tg,140.5,107.57421875,101.78112540090714,103.507360108942,105.12660830929906
*Oc1ccc(C(C)(C)c2ccc(OC(=O)C3CCC(C(*)=O)CC3)cc2)cc1,tg,150.0,108.33592987060548,158.1798669409838,134.60447403260545,126.69652121347688
*Oc1ccc(C(C)(C)c2ccc(OC(=O)CC(C)CCC(*)=O)cc2)cc1,tg,56.0,71.36359405517578,79.90338437746175,77.54098579417617,75.02809883827403
*Oc1ccc(C(C)(C)c2ccc(OC(=O)CCCCC(*)=O)c(C)c2)cc1C,tg,33.5,63.579193115234375,79.39791908454805,82.62592525156774,72.71973026194317
*Oc1ccc(C(C)(C)c2ccc(OC(=O)CCCCC(*)=O)cc2)cc1,tg,54.0,70.67916870117188,66.53801017981152,56.71514017759674,65.5086734523707
*Oc1ccc(C(C)(C)c2ccc(OC(=O)CCCCCCCCC(*)=O)cc2)cc1,tg,14.25,45.08918762207031,47.829217045641634,43.75991889014273,45.24048710283867
*Oc1ccc(C(C)(C)c2ccc(OC(=O)CN(CC(*)=O)c3ccc(N=Nc4ccc([N+](=O)[O-])cc4)cc3)cc2)cc1,tg,152.0,138.33474731445312,141.43358717326868,135.182590556707,137.99573856492935
*Oc1ccc(C(C)(C)c2ccc(OC(=O)OCC3CCC(COC(*)=O)CC3)cc2)cc1,tg,90.4,78.68508911132812,73.8541394121628,75.75039612602134,76.78529272823789
*Oc1ccc(C(C)(C)c2ccc(OC(=O)OCCN(CCOC(*)=O)c3ccc(OC)cc3)cc2)cc1,egc,4.212,4.297539234161377,4.198910350909003,4.51955106018702,4.335759049887157
*Oc1ccc(C(C)(C)c2ccc(OC(=O)OCCN(CCOC(*)=O)c3ccc(OC)cc3)cc2)cc1,tg,60.0,67.59786987304688,71.69491934324142,65.36656794409419,67.74870332056395
*Oc1ccc(C(C)(C)c2ccc(OC(=O)OCCN(CCOC(*)=O)c3ccc4[nH]c5ccccc5c4c3)cc2)cc1,tg,90.0,116.33831787109376,139.07668216009162,135.8254185217424,127.03577213856515
*Oc1ccc(C(C)(C)c2ccc(OC(=O)OCCN(CCOC(*)=O)c3ccccc3)cc2)cc1,tg,70.0,72.63236236572266,67.79300245548971,58.24322285121835,67.18699583087549
*Oc1ccc(C(C)(C)c2ccc(OC(=O)Oc3ccc(Cc4ccc(OC(*)=O)cc4)cc3)cc2)cc1,tg,107.8,86.03553009033203,94.58760119311924,97.01944158971526,91.1896253509572
*Oc1ccc(C(C)(C)c2ccc(OC(=O)SCCCSC(*)=O)cc2)cc1,tg,90.0,71.20486450195312,76.21168307483954,80.68159386211684,75.16478193922131
*Oc1ccc(C(C)(C)c2ccc(OC(=O)c3cc(NC(=O)c4ccc(NC(=O)C(C)N5C(=O)c6ccccc6C5=O)cc4)cc(C(*)=O)c3)cc2)cc1,tg,238.0,189.92788696289065,197.4227608822208,190.5244383603305,191.65122667499682
*Oc1ccc(C(C)(C)c2ccc(OC(=O)c3ccc(C(*)=O)cc3)c(C(C)C)c2)cc1C(C)C,egc,3.2409,4.608611583709717,3.6368642509975606,3.578973900510099,4.110716685674264
*Oc1ccc(C(C)(C)c2ccc(OC(=O)c3ccc(C(*)=O)cc3)c(C(C)C)c2)cc1C(C)C,tg,130.0,140.71385192871094,169.9115648340443,165.0395924740929,154.23448392065194
*Oc1ccc(C(C)(C)c2ccc(OC(=O)c3ccc(C(*)=O)cc3)c(C(C)CC)c2)cc1C(C)CC,tg,90.0,136.96511840820312,158.5320609281465,154.8167363632273,146.91607249465858
*Oc1ccc(C(C)(C)c2ccc(OC(=O)c3ccc(C(*)=O)cc3)c(C)c2)cc1C,tg,167.0,167.72569274902344,187.20213311885203,175.16504357063843,174.02603720341168
*Oc1ccc(C(C)(C)c2ccc(OC(=O)c3ccc(C(*)=O)cc3)c(Cl)c2)cc1Cl,tg,190.0,155.857177734375,172.36450970827363,176.54708115298553,165.64746672987314
*Oc1ccc(C(C)(C)c2ccc(OC(=O)c3ccc(C(C)(CC)c4ccc(C(*)=O)cc4)cc3)cc2)cc1,tg,207.5,171.60281372070312,164.75370545454993,140.17490760007365,160.47327210288054
*Oc1ccc(C(C)(C)c2ccc(OC(=O)c3ccc(C(c4ccc(C(*)=O)cc4)(C(F)(F)F)C(F)(F)F)cc3)cc2)cc1,tg,124.0,171.66224670410156,169.16548698905902,173.21196274672707,171.62909628575633
*Oc1ccc(C(C)(C)c2ccc(OC(=O)c3ccc(Cc4ccc(C(*)=O)cc4)cc3)cc2)cc1,tg,187.5,146.20242309570312,178.3790011972254,169.9073823334033,160.14258599359565
*Oc1ccc(C(C)(C)c2ccc(OC(=O)c3ccc(OCCCCCCCCCCOc4ccc(C(*)=O)cc4)cc3)cc2)cc1,tg,77.0,72.00912475585938,90.81162221693164,78.34449417640083,77.82954555575398
*Oc1ccc(C(C)(C)c2ccc(OC(=O)c3ccc([Si](C)(C)c4ccc(C(*)=O)cc4)cc3)cc2)cc1,tg,180.0,172.24807739257812,160.62348491119508,164.91958572916522,167.59409680301798
*Oc1ccc(C(C)(C)c2ccc(OC(=O)c3ccc4c(c3)C(C)(c3ccc(C(*)=O)cc3)CC4(C)C)cc2)cc1,tg,265.0,220.8927764892578,231.95148828275592,228.11023782602723,225.39622470882185
*Oc1ccc(C(C)(C)c2ccc(OC(=O)c3cccc(C(*)=O)c3)cc2)cc1,tg,166.08,133.9935302734375,166.59994880278674,168.72057578372346,151.43202117007763
*Oc1ccc(C(C)(C)c2ccc(OC(=O)c3cccc(C(F)(F)C(F)(F)C(F)(F)c4cccc(C(*)=O)c4)c3)cc2)cc1,tg,122.0,97.97720336914062,115.89380049307532,119.0203535684948,108.16611862968156
*Oc1ccc(C(C)(C)c2ccc(OC(=O)c3cccc(Oc4cccc(C(*)=O)c4)c3)cc2)cc1,tg,85.0,130.59432983398438,134.55672039686368,134.91173216952467,132.74359271986825
*Oc1ccc(C(C)(C)c2ccc(OC(=O)c3ccccc3-c3ccccc3C(*)=O)cc2)cc1,tg,154.5,144.96109008789062,159.94530008356938,168.3622865241536,155.2775020230497
*Oc1ccc(C(C)(C)c2ccc(OP3(Oc4ccc(C(=O)OCCC)cc4)=NP(Oc4ccc(C(=O)OCCC)cc4)(Oc4ccc(C(=O)OCCC)cc4)=NP(*)(Oc4ccc(C(=O)OCCC)cc4)=N3)cc2)cc1,tg,26.0,58.15827178955078,90.90362150980351,78.97618162270248,71.32199720894656
*Oc1ccc(C(C)(C)c2ccc(Oc3ccc(*)nn3)cc2)cc1,tg,180.0,163.0252227783203,114.39041732122698,134.96045616825756,144.3571528929291
*Oc1ccc(C(C)(C)c2ccc(Oc3ccc(C(=O)Nc4ccc(NC(=O)c5ccc(*)cc5)cc4)cc3)cc2)cc1,tg,230.0,192.76885986328125,206.78077351634604,209.5020452639284,200.82266116951274
*Oc1ccc(C(C)(C)c2ccc(Oc3ccc(C(=O)Nc4cccc(NC(=O)c5ccc(*)cc5)c4)cc3)cc2)cc1,tg,214.0,208.2383728027344,196.42601065325792,194.55063547671008,201.57838065903059
*Oc1ccc(C(C)(C)c2ccc(Oc3ccc(C(=O)c4c(C(=O)c5ccc(*)cc5)c(-c5ccccc5)c(-c5ccc6ccccc6c5)c(-c5ccc6ccccc6c5)c4-c4ccccc4)cc3)cc2)cc1,tg,264.0,292.8498229980469,285.41290100492705,270.4611566775067,284.3962098496761
*Oc1ccc(C(C)(C)c2ccc(Oc3ccc(C(=O)c4c(C)ccc5c(C(=O)c6ccc(*)cc6)c(C)ccc45)cc3)cc2)cc1,tg,222.0,196.67901611328125,214.8311066455688,211.1721361903728,204.88979410021506
*Oc1ccc(C(C)(C)c2ccc(Oc3ccc(C(=O)c4ccc(*)cc4)cc3)cc2)cc1,tg,155.23,154.7273406982422,161.1029667595473,160.84937969643912,157.93039481295853
*Oc1ccc(C(C)(C)c2ccc(Oc3ccc(C(=O)c4ccc(C(=O)c5ccc(*)c(C(F)(F)F)c5)cc4)cc3C(F)(F)F)cc2)cc1,tg,171.0,156.5546875,170.30507465592183,167.14626680815013,162.6546688110194
*Oc1ccc(C(C)(C)c2ccc(Oc3ccc(C(=O)c4ccc(C(=O)c5ccc(*)cc5)cc4)cc3)cc2)cc1,tg,156.4,161.03074645996094,162.87353315168497,166.11655715471963,162.9825673983267
*Oc1ccc(C(C)(C)c2ccc(Oc3ccc(C(=O)c4ccc(C(C)(C)c5ccc(C(=O)c6ccc(*)cc6)cc5)cc4)cc3)cc2)cc1,tg,171.0,157.10621643066406,164.9464823751171,160.7278379900934,159.8363825425379
*Oc1ccc(C(C)(C)c2ccc(Oc3ccc(C(=O)c4ccc(Oc5ccc(C(=O)c6ccc(*)cc6)cc5)cc4)cc3)cc2)cc1,tg,162.0,162.62437438964844,155.0208021782608,152.910967968466,158.05809203358785
*Oc1ccc(C(C)(C)c2ccc(Oc3ccc(C(=O)c4ccc5cc(C(=O)c6ccc(*)cc6)ccc5c4)cc3)cc2)cc1,tg,185.0,162.3572235107422,189.50168675545112,181.28902335477915,173.7874932813235
*Oc1ccc(C(C)(C)c2ccc(Oc3ccc(C(=O)c4cccc5cccc(C(=O)c6ccc(*)cc6)c45)cc3)cc2)cc1,tg,210.5,171.3728485107422,201.38686413940033,192.0793261471879,183.94132723818132
*Oc1ccc(C(C)(C)c2ccc(Oc3ccc(C(=O)c4ccccc4-c4ccccc4C(=O)c4ccc(*)cc4)cc3)cc2)cc1,tg,172.0,156.60414123535156,179.12820244193577,175.31210992479555,167.01654447405784
*Oc1ccc(C(C)(C)c2ccc(Oc3ccc(C(O)C(O)c4ccc(*)cc4)cc3)cc2)cc1,tg,149.4,141.05267333984375,163.6600255993763,157.6985173234555,150.84418492950908
*Oc1ccc(C(C)(C)c2ccc(Oc3ccc4c(=O)n5c6cc(-c7ccc8c(c7)nc7c9ccc(*)c%10cccc(c(=O)n87)c%109)ccc6nc5c5cccc3c45)cc2)cc1,tg,380.0,378.1475830078125,349.3858080287174,347.04710166266204,362.6204447762186
*Oc1ccc(C(C)(C)c2ccc(Oc3ccc4c(=O)n5c6cc(Oc7ccc8c(c7)nc7c9ccc(*)c%10cccc(c(=O)n87)c%109)ccc6nc5c5cccc3c45)cc2)cc1,tg,334.0,345.0031433105469,342.3490554076591,342.09079073800694,343.55719098469746
*Oc1ccc(C(C)(C)c2ccc(Oc3cncc(*)n3)cc2)cc1,egc,4.2862,4.407059192657471,4.572885022216058,4.479974277056411,4.464083019305342
*Oc1ccc(C(C)(C)c2ccc(Oc3cncc(*)n3)cc2)cc1,tg,94.0,128.8547821044922,148.37531701815007,155.74628064934564,141.1823984966216
*Oc1ccc(C(C)(C)c2ccc(Oc3nc(*)nc(OC)n3)cc2)cc1,egc,5.075,4.463628768920898,4.514737064954372,4.572459697073373,4.504677835690391
*Oc1ccc(C(C)(C)c2cccc(C(C)(C)c3ccc(Oc4ccc(C(=O)Nc5cccc(NC(=O)c6ccc(*)cc6)c5)cc4)cc3)c2)cc1,tg,155.0,170.3341827392578,171.52216226827932,176.17506520641558,172.38517349916435
*Oc1ccc(C(C)(CC(C)C)c2ccc(OC(*)=S)cc2)cc1,tg,128.0,138.5625,133.5305379315295,130.59167609308247,135.06332615172462
*Oc1ccc(C(C)(CC)c2ccc(OC(*)=O)c(C)c2)cc1C,tg,119.0,147.18185424804688,117.04824173161956,119.8445682888939,132.53734290459437
*Oc1ccc(C(C)(CC)c2ccc(OC(*)=O)cc2)cc1,egc,5.0105,5.0044331550598145,5.044192884829702,5.137963530271731,5.049649967280121
*Oc1ccc(C(C)(CC)c2ccc(OC(*)=O)cc2)cc1,tg,131.5,132.38516235351562,126.16816476691058,125.08147184407832,128.8490900721754
*Oc1ccc(C(C)(CC)c2ccc(OC(*)=S)cc2)cc1,tg,102.0,120.08545684814452,124.93226807657564,125.2995378616551,122.69372012465956
*Oc1ccc(C(C)(CCC#N)c2ccc(OC(*)=O)c(C)c2)cc1C,egc,4.6661,5.099279403686523,4.621946678128225,4.297381452120667,4.774213710167091
*Oc1ccc(C(C)(CCC#N)c2ccc(OC(*)=O)c(C)c2)cc1C,tg,117.0,128.78370666503906,127.79646492118977,128.1429027426379,128.38276006684313
*Oc1ccc(C(C)(CCC#N)c2ccc(OC(*)=O)cc2)cc1,tg,150.0,120.35321807861328,142.21031169744785,122.11532580659124,125.38587670938551
*Oc1ccc(C(C)(c2ccccc2)c2ccc(OC(*)=O)cc2)cc1,tg,180.0,159.054931640625,143.32595262106426,159.0115670138999,155.8121931039935
*Oc1ccc(C(C)(c2ccccc2)c2ccc(OC(=O)OC3C(C)(C)C(OC(*)=O)C3(C)C)cc2)cc1,egc,5.136,4.94472599029541,4.993746523533074,4.945909623105248,4.956045741592512
*Oc1ccc(C(C)(c2ccccc2)c2ccc(OC(=O)c3cccc(C(*)=O)c3)cc2)cc1,tg,202.0,189.13377380371097,178.39965967551174,175.6808789845039,182.76781407900134
*Oc1ccc(C(C)(c2ccccc2)c2ccc(Oc3c(F)c(F)c(C(=O)c4c(F)c(F)c(*)c(F)c4F)c(F)c3F)cc2)cc1,tg,175.0,180.6861572265625,195.910975654059,177.10132736007316,182.70287441200105
*Oc1ccc(C(C)(c2ccccc2)c2ccc(Oc3ccc(C(=O)C(=O)c4ccc(*)cc4)cc3)cc2)cc1,tg,177.0,172.02662658691406,185.1616525904987,191.53893881262775,180.76021624570268
*Oc1ccc(C(C)=Cc2ccc(OC(=O)OCCCCCCOC(*)=O)cc2)cc1,egc,4.2293,4.01455020904541,4.075923377385482,3.984743655025073,4.020217520844734
*Oc1ccc(C(C)=Cc2ccc(OC(=O)OCCCCOC(*)=O)cc2)cc1,egc,4.0366,4.221573829650879,4.122338494761599,4.117605322949273,4.171048922960357
*Oc1ccc(C(C)=Nc2ccc(N=C(C)c3ccc(*)cc3)cc2)cc1,egc,2.9143,3.1058359146118164,3.1833427238316694,3.240383820973914,3.1597980695425907
*Oc1ccc(C(C)=Nc2ccc(N=C(C)c3ccc(Oc4ccc(C(C)(C)c5ccc(*)cc5)cc4)cc3)cc2)cc1,tg,161.0,138.34169006347656,166.33287621067018,170.8643928149474,154.1506335852962
*Oc1ccc(C(C)c2ccc(OC(*)=O)cc2)cc1,tg,122.2,98.78680419921876,138.69509935021793,136.77502035513686,118.73340590401816
*Oc1ccc(C(C)c2ccc(OC(*)=S)cc2)cc1,tg,101.67,116.1697998046875,121.40714058075218,129.82081819291685,121.46851171166689
*Oc1ccc(C(CC)(CC)c2ccc(OC(*)=S)cc2)cc1,tg,121.0,112.07247161865234,114.2050547610114,106.78751588763711,110.87522258678138
*Oc1ccc(C(CC)(CC)c2ccc(OC(=O)c3ccc(C(*)=O)cc3)cc2)cc1,tg,165.0,198.24603271484375,206.0529540149564,182.72534872060865,195.04699473141818
*Oc1ccc(C(CC)(c2ccccc2)c2ccc(OC(*)=S)cc2)cc1,egc,4.1012,4.467365741729736,3.856671965152173,3.859710059225516,4.165179140374571
*Oc1ccc(C(CC)(c2ccccc2)c2ccc(OC(=O)CCCCCCCCC(*)=O)cc2)cc1,tg,88.0,68.4133529663086,83.51959679952284,61.03276990586211,69.23137330770878
*Oc1ccc(C(CC)(c2ccccc2)c2ccc(OC(=O)c3ccc(C(*)=O)cc3)cc2)cc1,tg,243.0,192.44964599609375,202.75459968529012,215.2906713639344,201.63204920568253
*Oc1ccc(C(CC)c2ccc(OC(*)=O)cc2)cc1,egc,5.1581,4.7092719078063965,4.963225496258049,4.9504776883105155,4.831812791447958
*Oc1ccc(C(CC)c2ccc(OC(*)=O)cc2)cc1,tg,128.0,128.5360107421875,117.9114818648624,114.79135609565516,122.10228364694396
*Oc1ccc(C(CC)c2ccc(OC(*)=S)cc2)cc1,tg,97.33,120.33694458007812,107.07680779044308,107.7395182076498,113.71703608257961
*Oc1ccc(C(CCC)(CCC)c2ccc(OC(*)=O)cc2)cc1,tg,140.8,107.03724670410156,114.93911941603903,97.3926571481936,105.67568358383012
*Oc1ccc(C(CCC)c2ccc(OC(*)=O)cc2)cc1,tg,110.33,123.78658294677734,116.28243680302576,101.33571240859617,115.29992288122038
*Oc1ccc(C(CCCC)(CCCC)c2ccc(OC(*)=O)cc2)cc1,egc,4.9969,4.746530055999756,4.910696415289237,4.90834672615085,4.827346988397338
*Oc1ccc(C(F)(F)C(*)(F)F)cc1,eea,1.7411,1.9724037647247312,2.224694592860931,2.0642714095296184,2.0219820160510755
*Oc1ccc(C(F)(F)C(*)(F)F)cc1,egb,4.7894,5.016534328460693,4.548749367117074,4.586564142041602,4.908021635314474
*Oc1ccc(C(F)(F)C(*)(F)F)cc1,nc,1.7437,1.7529469728469849,1.7727341978012603,1.740735328772001,1.756943092111921
*Oc1ccc(C(F)(F)C(*)(F)F)s1,eea,1.9642,1.9045100212097168,2.182976193936641,2.2073289587475107,1.9860784186013207
*Oc1ccc(C(F)(F)C(*)(F)F)s1,egb,4.0762,5.03232479095459,4.098712775421139,3.963001180165976,4.815753582961465
*Oc1ccc(C(F)(F)C(*)(F)F)s1,egc,4.1725,5.182140350341797,4.771891378920784,4.712383338827044,4.962408499988289
*Oc1ccc(C(F)(F)C(*)(F)F)s1,ei,6.8728,7.214237213134766,6.991731048207261,6.863892943084169,7.075942749924717
*Oc1ccc(C(F)(F)C(*)(F)F)s1,eps,3.9,3.959186553955078,3.756617680088248,3.86666258673454,3.848165854396716
*Oc1ccc(C(c2ccc(OC(*)=O)cc2)C(C)C)cc1,tg,149.0,129.80130004882812,137.36770832809478,142.3318751400409,135.2315443327658
*Oc1ccc(C(c2ccc(OC(*)=O)cc2)C(Cl)(Cl)Cl)cc1,tg,230.0,176.580322265625,154.14510848149683,182.71116212005217,173.8709357234434
*Oc1ccc(C(c2ccc(OC(*)=O)cc2)C2C3CCC(C3)C2c2ccccc2)cc1,tg,196.0,182.26220703125,236.14083011023624,226.5779105434141,207.03469653483387
*Oc1ccc(C(c2ccc(OC(*)=O)cc2)C2CC3CC2C2C4CCC(C4)C32)cc1,tg,253.0,155.440673828125,230.53394221191544,196.80474211643505,183.65555540010493
*Oc1ccc(C(c2ccc(OC(*)=O)cc2)C2CCCCC2)cc1,egc,4.5492,4.657439708709717,4.88514341675378,5.014083663553049,4.8054699421152085
*Oc1ccc(C(c2ccc(OC(*)=S)cc2)C(CC)CC)cc1,tg,148.0,110.9066925048828,100.41231726679396,101.84785299691998,105.94941210503515
*Oc1ccc(C(c2ccc(OC(*)=S)cc2)c2cccc3ccccc23)cc1,tg,191.0,148.7009735107422,182.53537030809156,175.93371014743946,164.07294807901724
*Oc1ccc(C(c2ccc(OC(=O)Nc3ccc(Cc4ccc(NC(*)=O)cc4)cc3)cc2)(C(F)(F)F)C(F)(F)F)cc1,tg,81.0,118.77056121826172,148.80765997082452,147.84088724215766,133.93143532651794
*Oc1ccc(C(c2ccc(OC(=O)c3ccc(C(c4ccc(C(*)=O)cc4)(C(F)(F)F)C(F)(F)F)cc3)cc2)(C(F)(F)F)C(F)(F)F)cc1,tg,135.0,173.62161254882812,169.79561393371802,182.72770024630785,175.65338994847573
*Oc1ccc(C(c2ccc(OC(=O)c3ccc(OCCCCCCCCCCOc4ccc(C(*)=O)cc4)cc3)cc2)(C(F)(F)F)C(F)(F)F)cc1,egc,4.4545,4.2815141677856445,3.8420590929160814,3.931959414870443,4.087903406487488
*Oc1ccc(C(c2ccc(OC(=O)c3ccc(OCCCCCCCCCCOc4ccc(C(*)=O)cc4)cc3)cc2)(C(F)(F)F)C(F)(F)F)cc1,tg,89.0,108.9713134765625,78.35759998862493,82.70588904954087,94.55985120613292
*Oc1ccc(C(c2ccc(OC(=O)c3cccc(C(*)=O)c3)cc2)C(Cl)(Cl)Cl)cc1,egc,3.8681,3.7776284217834473,3.932167215643719,3.905779108291029,3.8471342006792826
*Oc1ccc(C(c2ccc(OC(=O)c3ccccc3-c3ccccc3C(*)=O)cc2)(C(F)(F)F)C(F)(F)F)cc1,tg,162.0,160.70599365234375,157.62387603818627,176.17497291876688,164.85908600844002
*Oc1ccc(C(c2ccc(OC3(F)C(*)(F)C(F)(F)C3(F)F)cc2)(C(F)(F)F)C(F)(F)F)cc1,tg,122.5,138.8202362060547,132.5704042278213,127.18854152967688,133.93839952228075
*Oc1ccc(C(c2ccc(Oc3c(F)c(F)c(C(=O)c4c(F)c(F)c(*)c(F)c4F)c(F)c3F)cc2)(C(F)(F)F)C(F)(F)F)cc1,tg,148.69,159.98133850097656,148.99602089181937,161.1069012377986,158.07417229585954
*Oc1ccc(C(c2ccc(Oc3c(F)c(F)c(COC(c4cccc(C(OCc5c(F)c(F)c(*)c(F)c5F)(C(F)(F)F)C(F)(F)F)c4)(C(F)(F)F)C(F)(F)F)c(F)c3F)cc2)(C(F)(F)F)C(F)(F)F)cc1,tg,113.0,114.36320495605467,116.86136232436353,102.537880363703,111.21751464556716
*Oc1ccc(C(c2ccc(Oc3ccc(C(=O)Nc4ccc(-c5ccc(NC(=O)c6ccc(*)cc6)cc5C(F)(F)F)c(C(F)(F)F)c4)cc3)cc2)(C(F)(F)F)C(F)(F)F)cc1,tg,240.0,197.56857299804688,238.96819339403177,243.1620888638089,220.17433117023353
*Oc1ccc(C(c2ccc(Oc3ccc(C(=O)c4c(C(=O)c5ccc(*)cc5)c(-c5ccc(F)cc5)c(-c5ccc(F)cc5)c(-c5ccc(F)cc5)c4-c4ccc(F)cc4)cc3)cc2)(C(F)(F)F)C(F)(F)F)cc1,tg,253.0,287.176025390625,247.54201238835668,250.1009015580976,267.5682344753533
*Oc1ccc(C(c2ccc(Oc3ccc(C(=O)c4cc(C(=O)c5ccc(*)cc5)cc(C(C)(C)C)c4)cc3)cc2)(C(F)(F)F)C(F)(F)F)cc1,tg,181.0,174.89804077148438,184.99067139977717,185.08532283782097,180.121962983919
*Oc1ccc(C(c2ccc(Oc3ccc(C(=O)c4ccc(*)cc4)cc3)cc2)(C(F)(F)F)C(F)(F)F)cc1,tg,170.5,159.98565673828125,159.5027002914629,164.84353899978817,161.3894607190223
*Oc1ccc(C(c2ccc(Oc3ccc(C(=O)c4ccc(*)cc4)cc3)cc2)c2ccccc2C(=O)O)cc1,tg,220.5,182.28773498535156,194.9933739592436,182.7875949420118,185.05098371565776
*Oc1ccc(C(c2ccc(Oc3ccc(C(=O)c4ccc(C(c5ccc(C(=O)c6ccc(*)cc6)cc5)(C(F)(F)F)C(F)(F)F)cc4)cc3)cc2)(C(F)(F)F)C(F)(F)F)cc1,tg,185.0,174.7650604248047,183.2673177132429,176.4706536164665,177.03834818185507
*Oc1ccc(C(c2ccc(Oc3ccc(C(=O)c4ccc(P(=O)(c5ccccc5)c5ccc(C(=O)c6ccc(*)cc6)cc5)cc4)cc3)cc2)(C(F)(F)F)C(F)(F)F)cc1,tg,207.0,205.7935791015625,196.11617809464232,179.02775177843202,195.5257408396053
*Oc1ccc(C(c2ccc(Oc3ccc(C(=O)c4cccc(C(=O)c5ccc(*)cc5)c4)cc3)cc2)(C(F)(F)F)C(F)(F)F)cc1,tg,175.0,161.79122924804688,178.62196317530257,169.94389966524835,167.76907377071598
*Oc1ccc(C(c2ccc(Oc3ccc(C(=O)c4cccc5cccc(C(=O)c6ccc(*)cc6)c45)cc3)cc2)(C(F)(F)F)C(F)(F)F)cc1,tg,213.0,181.7216796875,211.56490664515312,203.81437980592335,194.6839713270511
*Oc1ccc(C(c2ccccc2)(c2ccccc2)c2ccc(OC(=O)CCCCCCCCC(*)=O)cc2)cc1,egc,4.7541,4.76385498046875,4.776222091781428,4.765289283669171,4.767019482075534
*Oc1ccc(C(c2ccccc2)(c2ccccc2)c2ccc(OC(=O)OC3C(C)(C)C(OC(*)=O)C3(C)C)cc2)cc1,tg,161.0,174.85401916503906,149.4761061365791,158.4983685401971,164.58346449658683
*Oc1ccc(C(c2ccccc2)(c2ccccc2)c2ccc(OC(=O)c3ccc(S(=O)(=O)c4ccc(C(*)=O)cc4)cc3)cc2)cc1,egc,3.2146,3.8891491889953618,3.68535532821659,3.736893074293996,3.802040389158301
*Oc1ccc(C(c2ccccc2)(c2ccccc2)c2ccc(OC(=O)c3cccc(C(*)=O)c3)cc2)cc1,tg,229.0,229.7796630859375,191.31568797073692,198.54258994461296,212.218303214488
*Oc1ccc(C(c2ccccc2)(c2ccccc2)c2ccc(Oc3ccc(C(=O)Nc4ccc(NC(=O)c5ccc(*)cc5)cc4)cc3)cc2)cc1,tg,254.0,205.9505615234375,229.11100622057265,228.18015780847003,217.58316255437634
*Oc1ccc(C(c2ccccc2)(c2ccccc2)c2ccc(Oc3ccc4c(=O)n5c6cc(-c7ccc8c(c7)nc7c9ccc(*)c%10cccc(c(=O)n87)c%109)ccc6nc5c5cccc3c45)cc2)cc1,tg,357.0,339.17919921875,356.5759946898787,349.56228490953754,345.9633209142496
*Oc1ccc(C(c2ccccc2)c2ccc(OC(*)=O)cc2)cc1,egc,5.1003,4.648993492126465,4.81727538126148,4.8892473428966605,4.752054725155998
*Oc1ccc(C(c2ccccc2)c2ccc(OC(*)=O)cc2C)c(C)c1,egc,4.7259,4.557680606842041,4.358954980843766,4.320808629852148,4.448708429845427
*Oc1ccc(C(c2ccccc2)c2ccc(OC(*)=O)cc2C)c(C)c1,tg,182.0,170.99948120117188,177.00437156384822,169.8409578495622,171.87391661447884
*Oc1ccc(C2(C)CCC(C(C)(C)c3ccc(Oc4ccc(C(=O)c5ccc(*)cc5)cc4)cc3)CC2)cc1,tg,200.0,167.5444793701172,178.39960407714992,188.00519697953297,176.10340489025128
*Oc1ccc(C2(c3ccc(OC(*)=O)c(C)c3)CC3CC2C2CCCC32)cc1C,tg,217.0,192.55799865722656,223.6989037241994,216.03892282551828,206.21621388940497
*Oc1ccc(C2(c3ccc(OC(*)=O)c(C)c3)CC3CCC2C3)cc1C,tg,161.0,205.49794006347656,183.5315097676175,204.1605387803118,200.57423163763934
*Oc1ccc(C2(c3ccc(OC(*)=O)c(Cl)c3)CC3CCC2C3)cc1Cl,tg,200.0,238.3296813964844,204.76417492604017,207.943460290061,222.03726938389946
*Oc1ccc(C2(c3ccc(OC(*)=O)cc3)CC(C)CC(C)(C)C2)cc1,egc,4.7559,4.36564302444458,4.955268338117446,4.957902588653404,4.658917800290962
*Oc1ccc(C2(c3ccc(OC(*)=O)cc3)CC3CC2C2CCCC32)cc1,tg,251.5,228.8580017089844,227.20866890403795,218.80412327452393,225.40884909326545
*Oc1ccc(C2(c3ccc(OC(*)=O)cc3)CCCCC2)cc1,tg,175.19,179.51577758789062,146.3767683972668,156.57823811444953,165.61544643027196
*Oc1ccc(C2(c3ccc(OC(*)=O)cc3)CCCCCC2)cc1,egc,4.9619,4.374473571777344,4.662409891349871,4.814895503398179,4.558790013887182
*Oc1ccc(C2(c3ccc(OC(*)=O)cc3)CCCCCC2)cc1,tg,155.0,180.03433227539062,177.24515856644314,180.95907737971103,179.74778908600908
*Oc1ccc(C2(c3ccc(OC(*)=O)cc3)CCc3ccccc32)cc1,tg,219.0,255.87631225585935,251.468039473465,255.88960566252527,254.97536103425682
*Oc1ccc(C2(c3ccc(OC(*)=O)cc3)c3cc(N(C)C)ccc3-c3ccc([N+](=O)[O-])cc32)cc1,tg,278.0,238.34454345703125,267.98267749413935,259.9205922694294,251.10488280474596
*Oc1ccc(C2(c3ccc(OC(*)=O)cc3)c3cc(OC)ccc3-c3ccc([N+](=O)[O-])cc32)cc1,tg,294.0,232.94210815429688,255.81361419121257,259.78558388588755,245.94285601154434
*Oc1ccc(C2(c3ccc(OC(*)=O)cc3)c3ccccc3-c3ccccc32)cc1,egc,4.4035,3.954718589782715,3.9537768486831015,4.180395514936615,4.015851283167242
*Oc1ccc(C2(c3ccc(OC(*)=O)cc3)c3ccccc3-c3ccccc32)cc1,tg,303.33,282.35662841796875,279.45532192267063,262.58857851104153,275.64500564455494
*Oc1ccc(C2(c3ccc(OC(*)=O)cc3C)CC3CC2C2C4CCC(C4)C32)cc1C,tg,232.0,190.5477294921875,236.12819262153803,238.3330230302928,214.68996289009377
*Oc1ccc(C2(c3ccc(OC(*)=S)cc3)CCC(C)CC2)cc1,tg,168.0,173.80258178710938,147.46979686203673,149.92888649567496,161.01000554819925
*Oc1ccc(C2(c3ccc(OC(*)=S)cc3)CCCC2)cc1,tg,79.0,175.06240844726562,158.69211880822385,152.57896068609648,164.7453584557051
*Oc1ccc(C2(c3ccc(OC(*)=S)cc3)CCCCC2)cc1,tg,155.0,166.5012664794922,126.37992401621206,123.21803906773756,144.8727225040775
*Oc1ccc(C2(c3ccc(OC(=O)C45CC6CC(CC(C(*)=O)(C6)C4)C5)cc3)c3ccccc3-c3ccccc32)cc1,tg,335.0,273.2873229980469,266.6162269060816,260.56832132091586,267.98259905397254
*Oc1ccc(C2(c3ccc(OC(=O)CCC(*)=O)cc3)c3cc(N(C)C)ccc3-c3ccc([N+](=O)[O-])cc32)cc1,tg,215.0,222.1613311767578,227.7015452652812,216.54039399527943,221.55975613586855
*Oc1ccc(C2(c3ccc(OC(=O)CCC(*)=O)cc3)c3cc(OC)ccc3-c3ccc([N+](=O)[O-])cc32)cc1,tg,230.0,193.67481994628903,225.80583011654952,220.57051430834497,208.59279551167117
*Oc1ccc(C2(c3ccc(OC(=O)CCC(*)=O)cc3)c3ccccc3-c3ccccc32)cc1,tg,234.0,228.91815185546875,221.62319627418913,215.8105164952873,223.36510534870024
*Oc1ccc(C2(c3ccc(OC(=O)CCCC(*)=O)cc3)c3cc(N(C)C)ccc3-c3ccc([N+](=O)[O-])cc32)cc1,tg,181.0,180.36602783203125,205.47144057201817,180.1523588220204,185.454322661444
*Oc1ccc(C2(c3ccc(OC(=O)CCCCC(*)=O)cc3)c3cc(N(C)C)ccc3-c3ccc([N+](=O)[O-])cc32)cc1,tg,150.0,213.25250244140625,144.8236075751964,175.51002712151148,187.52635525381368
*Oc1ccc(C2(c3ccc(OC(=O)CCCCC(*)=O)cc3)c3ccccc3-c3ccccc32)cc1,tg,166.0,185.6859436035156,168.0741199992224,176.96202247214708,179.37099641202815
*Oc1ccc(C2(c3ccc(OC(=O)CCCCCCCC(*)=O)cc3)c3ccccc3-c3ccccc32)cc1,tg,150.0,148.17835998535156,145.31914367495472,147.3130000814401,147.3236032011461
*Oc1ccc(C2(c3ccc(OC(=O)CCCCCCCCCC(*)=O)cc3)c3ccccc3-c3ccccc32)cc1,tg,136.0,134.57289123535156,120.91504699636562,123.88833236224188,128.4631433827995
*Oc1ccc(C2(c3ccc(OC(=O)CCCCCCCCCCC(*)=O)cc3)c3ccccc3-c3ccccc32)cc1,tg,117.0,116.43544006347656,121.6931983294532,117.97920727816287,117.99253193716126
*Oc1ccc(C2(c3ccc(OC(=O)OC4C(C)(C)C(OC(*)=O)C4(C)C)cc3)CC3CCC2C3)cc1,egc,4.7221,5.0260114669799805,4.969318727206453,5.028502505911208,5.013969272933855
*Oc1ccc(C2(c3ccc(OC(=O)OC4C(C)(C)C(OC(*)=O)C4(C)C)cc3)CCC(C(C)(C)C)CC2)cc1,egc,5.0195,4.83132791519165,4.739493096030643,4.650446933062387,4.761556841673802
*Oc1ccc(C2(c3ccc(OC(=O)OC4C(C)(C)C(OC(*)=O)C4(C)C)cc3)CCC(C(C)(C)C)CC2)cc1,tg,172.0,128.5408477783203,129.9219731563269,145.27799974422595,134.00264476391135
*Oc1ccc(C2(c3ccc(OC(=O)OC4C(C)(C)C(OC(*)=O)C4(C)C)cc3)CCCCC2)cc1,tg,136.0,156.88003540039062,168.36980030143985,171.33272564059456,163.7104605835617
*Oc1ccc(C2(c3ccc(OC(=O)OC4C(C)(C)C(OC(*)=O)C4(C)C)cc3)c3ccccc3-c3ccccc32)cc1,tg,214.0,243.37469482421875,254.210478385009,229.98832644327965,241.4578406094438
*Oc1ccc(C2(c3ccc(OC(=O)c4ccc(C(*)=O)cc4)cc3)CC3CC2C2CCCC32)cc1,egc,3.4323,3.997824192047119,3.633178643207867,3.605965650846608,3.809498235280473
*Oc1ccc(C2(c3ccc(OC(=O)c4ccc(C(*)=O)cc4)cc3)CCC(C(C)(C)C)CC2)cc1,egc,3.1462,3.6611616611480713,3.4090936894664936,3.73629780511289,3.625032554860913
*Oc1ccc(C2(c3ccc(OC(=O)c4ccc(C(*)=O)cc4)cc3)CCC3CCCCC3C2)cc1,tg,275.0,235.4825134277344,276.2619937760048,263.380456838656,252.48619105771155
*Oc1ccc(C2(c3ccc(OC(=O)c4ccc(C(*)=O)cc4)cc3)CCCCC2)cc1,tg,275.0,221.2105712890625,191.97349338035147,212.43651001257172,212.49332645554765
*Oc1ccc(C2(c3ccc(OC(=O)c4ccc(C(*)=O)cc4)cc3)CCc3ccccc32)cc1,egc,3.2587,3.5813775062561035,3.727787383203108,3.6463163026339434,3.6318771306662323
*Oc1ccc(C2(c3ccc(OC(=O)c4ccc(C(*)=O)cc4)cc3)CCc3ccccc32)cc1,tg,312.0,263.1955871582031,294.89241684475473,287.76843534353094,277.30576528523835
*Oc1ccc(C2(c3ccc(OC(=O)c4ccc(C(*)=O)cc4)cc3)OC(=O)c3ccccc32)cc1,egc,3.8358,3.4783411026000977,3.616403626038543,3.659336833426309,3.5585147952555465
*Oc1ccc(C2(c3ccc(OC(=O)c4ccc(C(*)=O)cc4)cc3)c3ccccc3-c3ccccc32)cc1,tg,285.0,303.01593017578125,339.2487580981656,322.79497992400445,316.5742623641411
*Oc1ccc(C2(c3ccc(OC(=O)c4ccc(C(*)=O)cc4)cc3)c3ccccc3C(=O)c3ccccc32)cc1,tg,400.0,286.4710693359375,288.50695515605327,278.510763897385,284.42625205309014
*Oc1ccc(C2(c3ccc(OC(=O)c4ccc(C(*)=O)cc4)cc3)c3ccccc3Cc3ccccc32)cc1,tg,342.0,285.0562744140625,319.7086933568338,311.42291445089467,300.32823937707053
*Oc1ccc(C2(c3ccc(OC(=O)c4ccc(Oc5ccc(C6(c7ccc(Oc8ccc(C(*)=O)cc8)cc7)CCC(C(C)(C)C)CC6)cc5)cc4)cc3)CC3CC2C2CCCC32)cc1,tg,181.0,240.14358520507812,210.1482335213962,202.27228787613552,222.26838638862102
*Oc1ccc(C2(c3ccc(OC(=O)c4ccc(Oc5ccc(C6(c7ccc(Oc8ccc(C(*)=O)cc8)cc7)CCC(C(C)(C)C)CC6)cc5)cc4)cc3)CCCCCCCCCCC2)cc1,tg,181.0,182.9612579345703,183.3295357524069,179.93361224047192,182.10015850454357
*Oc1ccc(C2(c3ccc(OC(=O)c4cccc(C(*)=O)c4)c(C)c3)c3ccccc3-c3ccccc32)cc1C,egb,3.0176,2.9831080436706543,3.058943740790662,3.1668013866906786,3.0006997501408166
*Oc1ccc(C2(c3ccc(OC(=O)c4cccc(C(*)=O)c4)cc3)CCC3CCCCC3C2)cc1,egc,3.6386,3.4959611892700195,3.5694273823864315,3.875309876427476,3.6155590755144607
*Oc1ccc(C2(c3ccc(OC(=O)c4cccc(C(*)=O)c4)cc3)CCC3CCCCC3C2)cc1,tg,248.0,235.4794006347656,258.0096596417099,249.3042180649178,244.38229853988193
*Oc1ccc(C2(c3ccc(OC4(F)C(*)(F)C(F)(F)C4(F)F)cc3)c3ccccc3-c3ccccc32)cc1,tg,228.0,254.36846923828125,253.66963436947265,235.0506593786461,248.2483345688786
*Oc1ccc(C2(c3ccc(Oc4ccc(C(=O)Oc5c(C)cc(C(C)(C)c6cc(C)c(OC(=O)c7ccc(*)cc7)c(C)c6)cc5C)cc4)cc3)CCC(C(C)(C)C)CC2)cc1,tg,176.0,222.0494384765625,171.66701149210206,182.9885323720161,199.62051406349798
*Oc1ccc(C2(c3ccc(Oc4ccc(C(=O)Oc5ccc(C(C)(C)c6ccc(OC(=O)c7ccc(*)cc7)cc6)cc5)cc4)cc3)CCC(C(C)(C)C)CC2)cc1,tg,144.0,173.22406005859375,163.3752094949665,172.15626052573566,170.87162708996016
*Oc1ccc(C2(c3ccc(Oc4ccc(C(=O)Oc5ccc(C6(c7ccc(OC(=O)c8ccc(*)cc8)cc7)CCC(c7ccccc7)CC6)cc5)cc4)cc3)CCC(C(C)(C)C)CC2)cc1,tg,172.0,208.35086059570312,160.6259598914336,171.1485399850501,187.04257384050663
*Oc1ccc(C2(c3ccc(Oc4ccc(C(=O)c5ccc(*)cc5)cc4)c(C)c3)CCC3CCCCC3C2)cc1C,tg,201.0,198.4604949951172,233.22920504292696,233.43459909139665,216.4193631387829
*Oc1ccc(C2(c3ccc(Oc4ccc(C(=O)c5ccc(*)cc5)cc4)cc3)CCC3CCCCC3C2)cc1,tg,214.0,209.5856781005859,234.25648474234245,235.7672996160904,222.75107267272784
*Oc1ccc(C2(c3ccc(Oc4ccc(C(=O)c5ccc(*)cc5)cc4)cc3)c3ccccc3-c3ccccc32)cc1,tg,252.0,263.35150146484375,244.11368694034428,256.36738284346495,257.24099175767293
*Oc1ccc(C2(c3ccc(Oc4ccc(C(=O)c5ccc(C(=O)c6ccc(*)c(C(F)(F)F)c6)cc5)cc4C(F)(F)F)cc3)c3ccccc3-c3ccccc32)cc1,tg,229.0,207.6672210693359,221.27773872634617,214.38625267712536,212.54037433994972
*Oc1ccc(C2(c3ccc(Oc4ccc(C(=O)c5ccc(C(=O)c6ccc(*)cc6)cc5)cc4)cc3)c3ccccc3-c3ccccc32)cc1,tg,243.0,242.18679809570312,233.98753700914912,232.30715893997348,237.44678459758558
*Oc1ccc(C2(c3ccc(Oc4ccc(C(=O)c5ccc(Oc6ccc(C(=O)c7ccc(*)cc7)cc6)cc5)cc4)cc3)c3ccccc3-c3ccccc32)cc1,tg,231.0,220.40118408203125,228.2679476038236,230.78568420337632,225.22912921881382
*Oc1ccc(C2(c3ccc(Oc4ccc(C(=O)c5cccc(-c6cccc(C(=O)c7ccc(*)cc7)c6)c5)cc4)cc3)c3ccccc3-c3ccccc32)cc1,tg,212.0,230.98028564453125,229.46458364722127,232.79443730632653,231.23036915989655
*Oc1ccc(C2(c3ccc(Oc4ccc(C(=O)c5cccc(C(=O)c6ccc(*)cc6)c5)cc4)c(C)c3)c3ccccc3-c3ccccc32)cc1C,tg,217.0,231.41786193847656,222.08169621412011,220.6887247453769,226.18160749951068
*Oc1ccc(C2(c3ccc(Oc4ccc(C(=O)c5cccc(C(=O)c6ccc(*)cc6)c5)cc4)cc3)CCC3CCCCC3C2)cc1,tg,194.0,184.87603759765625,210.73798004297336,209.76496803307825,197.88604437163673
*Oc1ccc(C2(c3ccc(Oc4ccc(C(=O)c5cccc6cccc(C(=O)c7ccc(*)cc7)c56)cc4)cc3)c3ccccc3-c3ccccc32)cc1,tg,269.0,248.20013427734375,245.07338786142265,243.86608181775887,246.217286468532
*Oc1ccc(C2(c3ccc(Oc4ccc(C(=O)c5ccccc5-c5ccccc5C(=O)c5ccc(*)cc5)cc4)cc3)c3ccccc3-c3ccccc32)cc1,tg,229.0,238.7078857421875,253.5000981362055,245.3589559757906,243.80262688276747
*Oc1ccc(C2(c3ccc(Oc4ccc(C=NN=Cc5ccc(*)cc5)cc4)cc3)c3ccccc3-c3ccccc32)cc1,tg,227.0,199.025390625,234.31419408133527,234.59796044518524,217.27619614149165
*Oc1ccc(C2(c3ccc(Oc4ccc5c(=O)n6c7cc(-c8ccc9c(c8)nc8c%10ccc(*)c%11cccc(c(=O)n98)c%11%10)ccc7nc6c6cccc4c56)cc3)c3ccccc3-c3ccccc32)cc1,tg,421.0,372.48968505859375,365.02939694749705,346.3839071320949,362.8812529444504
*Oc1ccc(C=C2CCC(=Cc3ccc(OC(=O)c4ccc(N=Cc5ccc(C=Nc6ccc(C(*)=O)cc6)cc5)cc4)c(OC)c3)C2=O)cc1OC,tg,140.0,156.56324768066406,155.24170440571325,166.6824600298038,159.4226620858753
*Oc1ccc(C=C2CCC(=Cc3ccc(OC(=O)c4ccc(N=Cc5ccc(C=Nc6ccc(C(*)=O)cc6)cc5)cc4)cc3)C2=O)cc1,tg,205.0,184.5880126953125,163.095406540113,174.89040232539855,177.1750550394874
*Oc1ccc(C=C2CCCC(=Cc3ccc(OC(=O)c4cccc(C(*)=O)c4)c(OC)c3)C2=O)cc1OC,tg,57.86,149.9005889892578,140.57573352797527,150.26627493104283,148.09923773033893
*Oc1ccc(C=CC(*)=O)cc1,egc,3.6422,3.093421697616577,3.834912809361545,3.525685667040464,3.37727802160886
*Oc1ccc(C=CC(=O)c2ccc(Oc3ccc(C(C)(c4ccccc4)c4ccc(*)cc4)cc3)cc2)cc1,tg,167.0,174.46273803710938,178.43010750634514,173.99412273443468,175.1322971038457
*Oc1ccc(C=NN=Cc2ccc(Oc3ccc(C(=O)c4ccc(*)cc4)cc3)cc2)cc1,tg,179.0,152.35421752929688,162.09593015434515,167.19359197545435,158.9453841077161
*Oc1ccc(C=NN=Cc2ccc(Oc3ccc(C(c4ccc(*)cc4)(C(F)(F)F)C(F)(F)F)cc3)cc2)cc1,tg,162.0,170.95919799804688,138.71797073629267,159.9812400112794,160.94331580606305
*Oc1ccc(C=Nc2ccc(N=Cc3ccc(*)cc3)cc2)cc1,egc,2.8416,2.7732961177825928,3.2623306715361804,3.4550388542957142,3.068326333765231
*Oc1ccc(CC(*)=O)cc1,eea,1.5033,1.7982131242752075,1.8500956865066516,1.880073842664595,1.816801479094413
*Oc1ccc(CC(*)=O)cc1,egb,4.6878,4.073099136352539,4.0031288166722,3.911547046139588,4.056868029206625
*Oc1ccc(CC(*)=O)cc1,egc,4.8618,4.605846405029297,4.669289208052891,4.784329918745601,4.6685958958970435
*Oc1ccc(CC(C#N)(C#N)Cc2ccc(*)cc2)cc1,egc,4.9531,4.867439270019531,4.743890457395939,4.812166860569789,4.824696182978996
*Oc1ccc(CC(C#N)(C#N)Cc2ccc(*)cc2)cc1,tg,147.0,137.62139892578125,125.83510515022792,112.30956058067264,127.37042674536514
*Oc1ccc(CC(NC(=O)CCc2ccc(OC(*)=O)cc2)C(=O)OCCCC)cc1,tg,67.0,79.28251647949219,68.51785263059384,65.15663504594396,72.70207205867308
*Oc1ccc(CC(NC(=O)CCc2ccc(OC(*)=O)cc2)C(=O)OCCCCCC)cc1,tg,51.5,60.99205780029297,51.5890238507667,53.32532664592895,56.68953965740219
*Oc1ccc(CC(NC(=O)CCc2ccc(OC(=O)CC(C)CCC(*)=O)cc2)C(=O)OC(C)CC)cc1,tg,45.0,56.29356384277344,59.5747581407049,50.404295782034936,55.145170893660946
*Oc1ccc(CC(NC(=O)CCc2ccc(OC(=O)CCC(*)=O)cc2)C(=O)OC(C)C)cc1,tg,82.0,74.46885681152344,84.51665329644496,83.26454846747352,79.25303575608514
*Oc1ccc(CC(NC(=O)CCc2ccc(OC(=O)CCC(*)=O)cc2)C(=O)OC(C)CC)cc1,tg,75.0,71.45342254638672,74.37192808015516,74.70623243043258,73.05899521565605
*Oc1ccc(CC(NC(=O)CCc2ccc(OC(=O)CCC(*)=O)cc2)C(=O)OC)cc1,tg,91.5,75.99373626708984,85.86232742000125,90.27186209798384,82.43730995129536
*Oc1ccc(CC(NC(=O)CCc2ccc(OC(=O)CCC(*)=O)cc2)C(=O)OCC(C)C)cc1,tg,75.0,60.63838195800781,73.89716136440956,73.07197231857175,67.20732323014408
*Oc1ccc(CC(NC(=O)CCc2ccc(OC(=O)CCC(*)=O)cc2)C(=O)OCC)cc1,tg,78.0,69.97327423095703,77.54505854237215,78.24765518594609,74.08781611378062
*Oc1ccc(CC(NC(=O)CCc2ccc(OC(=O)CCC(*)=O)cc2)C(=O)OCCCC)cc1,tg,67.0,56.59618377685547,62.85524584130804,62.82271536027852,59.807634622191664
*Oc1ccc(CC(NC(=O)CCc2ccc(OC(=O)CCC(*)=O)cc2)C(=O)OCCCCCCCC)cc1,tg,46.75,41.896263122558594,40.85251857180624,40.56198713966677,41.2691654843639
*Oc1ccc(CC(NC(=O)CCc2ccc(OC(=O)CCC(*)=O)cc2)C(=O)OCCCCCCCCCCCC)cc1,tg,40.0,33.268104553222656,39.55693393693862,37.11555473851959,35.74961286383025
*Oc1ccc(CC(NC(=O)CCc2ccc(OC(=O)CCC(*)=O)cc2)C(=O)OCCOCCOCC)cc1,tg,34.0,35.445587158203125,32.59585479364989,41.800246658896214,36.82654922343882
*Oc1ccc(CC(NC(=O)CCc2ccc(OC(=O)CCC(*)=O)cc2)C(=O)OCc2ccccc2)cc1,tg,78.0,74.74398040771484,85.42908947367758,86.25527273216588,80.49917458643513
*Oc1ccc(CC(NC(=O)CCc2ccc(OC(=O)CCC(C)CC(*)=O)cc2)C(=O)OC)cc1,tg,53.0,58.82276153564453,73.35677476645962,72.66196820807663,66.08839927590985
*Oc1ccc(CC(NC(=O)CCc2ccc(OC(=O)CCC(C)CC(*)=O)cc2)C(=O)OCc2ccccc2)cc1,tg,55.0,63.69562530517578,47.495308737037234,58.12536210492779,58.64617218968324
*Oc1ccc(CC(NC(=O)CCc2ccc(OC(=O)CCCC(*)=O)cc2)C(=O)OC(C)C)cc1,tg,68.0,63.292625427246094,67.36989457564293,65.4909833266744,64.80987175334711
*Oc1ccc(CC(NC(=O)CCc2ccc(OC(=O)CCCC(*)=O)cc2)C(=O)OC)cc1,tg,76.0,63.8101806640625,77.25140787851619,72.92197177606126,69.38886274079576
*Oc1ccc(CC(NC(=O)CCc2ccc(OC(=O)CCCC(*)=O)cc2)C(=O)OCC(C)C)cc1,tg,62.0,57.614837646484375,59.7424424554881,54.554763858177,57.104913458108804
*Oc1ccc(CC(NC(=O)CCc2ccc(OC(=O)CCCC(*)=O)cc2)C(=O)OCC)cc1,tg,67.67,56.44463348388672,64.01547149171216,58.049526064397696,58.49553588334227
*Oc1ccc(CC(NC(=O)CCc2ccc(OC(=O)CCCC(*)=O)cc2)C(=O)OCCCC)cc1,tg,53.67,47.04326629638672,53.00999470984885,47.921402330458235,48.539980221452986
*Oc1ccc(CC(NC(=O)CCc2ccc(OC(=O)CCCC(*)=O)cc2)C(=O)OCCCCCCCC)cc1,tg,32.5,30.87944793701172,32.14092238250981,31.216291383559025,31.24265628210053
*Oc1ccc(CC(NC(=O)CCc2ccc(OC(=O)CCCC(*)=O)cc2)C(=O)OCCCCCCCCCCCC)cc1,tg,27.5,23.6898193359375,28.311692239781635,26.285233139816384,25.44172191849488
*Oc1ccc(CC(NC(=O)CCc2ccc(OC(=O)CCCC(*)=O)cc2)C(=O)OCCOCCOCC)cc1,egc,5.2606,5.1425461769104,5.076813767417712,5.001626364110074,5.089493645259717
*Oc1ccc(CC(NC(=O)CCc2ccc(OC(=O)CCCC(*)=O)cc2)C(=O)OCc2ccccc2)cc1,tg,66.0,61.69098663330078,62.01113762745858,65.99818623802106,63.08930347025618
*Oc1ccc(CC(NC(=O)CCc2ccc(OC(=O)CCCCC(*)=O)cc2)C(=O)OC)cc1,tg,68.67,60.81907653808594,70.05214540407718,63.788406687239245,63.63338978118074
*Oc1ccc(CC(NC(=O)CCc2ccc(OC(=O)CCCCC(*)=O)cc2)C(=O)OCC(C)C)cc1,tg,56.0,53.274993896484375,49.89525009958054,49.98803362619532,51.56415859390582
*Oc1ccc(CC(NC(=O)CCc2ccc(OC(=O)CCCCC(*)=O)cc2)C(=O)OCC)cc1,tg,58.8,51.65504455566406,59.63868974692308,51.788049359249925,53.33531931930703
*Oc1ccc(CC(NC(=O)CCc2ccc(OC(=O)CCCCC(*)=O)cc2)C(=O)OCCCCCC)cc1,tg,35.57,33.19835662841797,33.398370805549014,34.62287471199268,33.68014731832595
*Oc1ccc(CC(NC(=O)CCc2ccc(OC(=O)CCCCC(*)=O)cc2)C(=O)OCCCCCCCCCCCC)cc1,tg,22.0,21.35967254638672,23.017812304224684,21.96086902376068,21.88610746616851
*Oc1ccc(CC(NC(=O)CCc2ccc(OC(=O)CCCCC(*)=O)cc2)C(=O)OCCOCCOCC)cc1,tg,15.0,25.766815185546875,22.761282367871377,27.207452882544914,25.595461090599372
*Oc1ccc(CC(NC(=O)CCc2ccc(OC(=O)CCCCC(*)=O)cc2)C(=O)OCc2ccccc2)cc1,tg,54.5,57.965187072753906,57.35358870443075,57.00131656627434,57.541411722908634
*Oc1ccc(CC(NC(=O)CCc2ccc(OC(=O)CCCCCCC(*)=O)cc2)C(=O)OC(C)C)cc1,tg,46.0,46.7669677734375,55.28796164911726,52.46062523043949,50.277952919155766
*Oc1ccc(CC(NC(=O)CCc2ccc(OC(=O)CCCCCCC(*)=O)cc2)C(=O)OCC(C)C)cc1,egc,5.1444,5.131296634674072,5.011889742034358,5.010102996141414,5.071563961531913
*Oc1ccc(CC(NC(=O)CCc2ccc(OC(=O)CCCCCCC(*)=O)cc2)C(=O)OCC)cc1,egc,5.0929,5.133443355560303,5.165539376019387,5.1082008850630185,5.1337828044956755
*Oc1ccc(CC(NC(=O)CCc2ccc(OC(=O)CCCCCCC(*)=O)cc2)C(=O)OCC)cc1,tg,50.0,42.56315612792969,48.05575527210079,44.30247201024471,44.228963250603684
*Oc1ccc(CC(NC(=O)CCc2ccc(OC(=O)CCCCCCC(*)=O)cc2)C(=O)OCCCC)cc1,tg,37.0,33.479896545410156,33.35142736341741,34.840504583311244,33.874473340438385
*Oc1ccc(CC(NC(=O)CCc2ccc(OC(=O)CCCCCCC(*)=O)cc2)C(=O)OCCCCCCCC)cc1,tg,21.33,28.64862060546875,20.937050285845334,24.539505011311192,25.794053290316004
*Oc1ccc(CC(NC(=O)CCc2ccc(OC(=O)CCCCCCC(*)=O)cc2)C(=O)OCCCCCCCCCCCC)cc1,tg,15.0,24.34571075439453,17.079633196273107,18.163251799541698,20.94114465570786
*Oc1ccc(CC(NC(=O)CCc2ccc(OC(=O)CCCCCCC(*)=O)cc2)C(=O)OCc2ccccc2)cc1,tg,47.0,47.42960357666016,56.09983098770783,53.126218883241535,50.97214302801025
*Oc1ccc(CC(NC(=O)CCc2ccc(OC(=O)CCCCCCCCC(*)=O)cc2)C(=O)OC(C)C)cc1,tg,44.0,47.775634765625,39.24158612114364,41.8810391989566,44.199801936929106
*Oc1ccc(CC(NC(=O)CCc2ccc(OC(=O)CCCCCCCCC(*)=O)cc2)C(=O)OC(C)CC)cc1,tg,36.0,35.07007598876953,43.25014986636837,38.34198224711447,37.761811226461646
*Oc1ccc(CC(NC(=O)CCc2ccc(OC(=O)CCCCCCCCC(*)=O)cc2)C(=O)OCC(C)C)cc1,tg,33.0,35.094512939453125,36.583045986551376,42.53775515620235,37.702957847690044
*Oc1ccc(CC(NC(=O)CCc2ccc(OC(=O)CCCCCCCCC(*)=O)cc2)C(=O)OCC)cc1,tg,44.0,39.7906494140625,35.88544535136898,36.10392144092073,37.848249219526195
*Oc1ccc(CC(NC(=O)CCc2ccc(OC(=O)CCCCCCCCC(*)=O)cc2)C(=O)OCCCC)cc1,tg,30.0,29.4833984375,29.352222994467425,27.736413229199,28.915974292874225
*Oc1ccc(CC(NC(=O)CCc2ccc(OC(=O)CCCCCCCCC(*)=O)cc2)C(=O)OCCCCCCCC)cc1,tg,14.25,18.652000427246097,20.37812851480928,21.565431678116497,19.907766729487157
*Oc1ccc(CC(NC(=O)CCc2ccc(OC(=O)CCCCCCCCC(*)=O)cc2)C(=O)OCCCCCCCCCCCC)cc1,tg,12.5,14.357940673828123,20.71296224417481,19.66127502004089,17.303468854956172
*Oc1ccc(CC(NC(=O)CCc2ccc(OC(=O)COCC(*)=O)cc2)C(=O)OC(C)CC)cc1,tg,68.0,67.1187744140625,63.25193440735917,62.76782897831566,64.97875128609019
*Oc1ccc(CC(NC(=O)CCc2ccc(OC(=O)COCC(*)=O)cc2)C(=O)OCCCC)cc1,tg,64.0,50.233856201171875,56.795273742893016,53.94974237533734,52.73062564020073
*Oc1ccc(CC(NC(=O)CCc2ccc(OC(=O)COCC(*)=O)cc2)C(=O)OCCCCCC)cc1,tg,45.0,42.13335418701172,44.18520268010806,45.28572983729666,43.52992027001081
*Oc1ccc(CC(NC(=O)CCc2ccc(OC(=O)COCC(*)=O)cc2)C(=O)OCCCCCCCC)cc1,tg,40.0,39.03572082519531,35.56387689960689,34.61767297923542,36.95603394468887
*Oc1ccc(CC(NC(=O)CCc2ccc(OC(=O)COCC(*)=O)cc2)C(=O)OCCCCCCCCCCCC)cc1,tg,36.0,27.5428466796875,31.2508935750974,31.393428168181657,29.49546242372748
*Oc1ccc(CC(NC(=O)CCc2ccc(OC(=O)COCC(*)=O)cc2)C(=O)OCCOCCOCC)cc1,tg,27.0,32.75678253173828,35.69103153334275,36.65523114746418,34.565338972828485
*Oc1ccc(CC(NC(=O)CCc2ccc(OC(=O)COCC(*)=O)cc2)C(=O)OCc2ccccc2)cc1,tg,76.0,65.83047485351562,70.00880647210849,66.45308805074245,66.88095726760633
*Oc1ccc(CC(NC(=O)CCc2ccc(OC(=O)COCCOCC(*)=O)cc2)C(=O)OC(C)C)cc1,tg,58.0,50.4630126953125,47.7723390345046,53.59812286349394,50.88054821519277
*Oc1ccc(CC(NC(=O)CCc2ccc(OC(=O)COCCOCC(*)=O)cc2)C(=O)OC(C)CC)cc1,tg,44.0,50.273338317871094,48.52094208621011,51.09586642576585,50.16803178149696
*Oc1ccc(CC(NC(=O)CCc2ccc(OC(=O)COCCOCC(*)=O)cc2)C(=O)OC)cc1,egc,5.2022,4.965510368347168,4.924784297021432,4.796018741224697,4.910301688963537
*Oc1ccc(CC(NC(=O)CCc2ccc(OC(=O)COCCOCC(*)=O)cc2)C(=O)OC)cc1,tg,63.0,54.183815002441406,62.283453721006566,59.460726179727715,57.479356181058634
*Oc1ccc(CC(NC(=O)CCc2ccc(OC(=O)COCCOCC(*)=O)cc2)C(=O)OCC(C)C)cc1,tg,50.0,41.97398376464844,47.99458032852939,48.669167728945155,45.28146958129949
*Oc1ccc(CC(NC(=O)CCc2ccc(OC(=O)COCCOCC(*)=O)cc2)C(=O)OCCCC)cc1,tg,45.0,35.694435119628906,40.65905864119482,38.811477961486744,37.67809258328741
*Oc1ccc(CC(NC(=O)CCc2ccc(OC(=O)COCCOCC(*)=O)cc2)C(=O)OCCCCCCCC)cc1,tg,16.0,29.44731903076172,25.20656121350057,23.44649842986358,26.72007870984686
*Oc1ccc(CC(NC(=O)CCc2ccc(OC(=O)COCCOCC(*)=O)cc2)C(=O)OCCCCCCCCCCCC)cc1,tg,17.0,27.666664123535156,19.179693777985086,17.76617046276121,22.861128849351495
*Oc1ccc(CC(NC(=O)Cc2ccc(OC(=O)CC(C)CCC(*)=O)cc2)C(=O)OCCCCCC)cc1,egc,4.8662,5.116470813751221,5.047515493420123,5.193697077421106,5.121992131911987
*Oc1ccc(CC(NC(=O)Cc2ccc(OC(=O)CC(C)CCC(*)=O)cc2)C(=O)OCCCCCCCC)cc1,tg,30.0,37.27339172363281,40.957386708785194,32.280011526371965,36.48487293362901
*Oc1ccc(CC(NC(=O)Cc2ccc(OC(=O)CCC(*)=O)cc2)C(=O)OCCCCCCCC)cc1,tg,51.0,45.33332824707031,43.41622497738971,45.454136502423,44.97710347250272
*Oc1ccc(CC(NC(=O)Cc2ccc(OC(=O)CCCC(*)=O)cc2)C(=O)OCCCCCC)cc1,tg,42.0,39.65013885498047,47.181637184164934,42.43047483485941,42.056629943289735
*Oc1ccc(CC(NC(=O)Cc2ccc(OC(=O)CCCCC(*)=O)cc2)C(=O)OCC)cc1,tg,63.0,55.470420837402344,71.3459236905959,61.06067332024085,60.45937073725819
*Oc1ccc(CC(NC(=O)Cc2ccc(OC(=O)CCCCC(*)=O)cc2)C(=O)OCCCCCCCC)cc1,tg,28.0,46.466552734375,34.11044124131207,29.52638859300231,38.6886684541404
*Oc1ccc(CC(NC(=O)Cc2ccc(OC(=O)CCCCCCC(*)=O)cc2)C(=O)OCC)cc1,tg,54.0,48.28412628173828,51.84092149056412,49.90845167007976,49.516916397883826
*Oc1ccc(CC(NC(=O)Cc2ccc(OC(=O)CCCCCCCCC(*)=O)cc2)C(=O)OCC)cc1,tg,43.0,46.88170623779297,42.360393865087055,45.8043562273502,45.620117199708105
*Oc1ccc(CC(NC(=O)Cc2ccc(OC(=O)CCCCCCCCC(*)=O)cc2)C(=O)OCCCCCC)cc1,tg,23.0,43.761322021484375,26.055270914857942,28.725205951504737,35.474125277639914
*Oc1ccc(CC(NC(=O)Cc2ccc(OC(=O)COCCOCC(*)=O)cc2)C(=O)OCC)cc1,tg,50.0,47.67572021484375,53.744629588104026,53.45406990623346,50.70946961849976
*Oc1ccc(CCNC(=O)c2cccc(C(*)=O)c2)cc1,egc,4.1401,4.540858268737793,4.399410469411883,4.533558793109105,4.50713955424277
*Oc1ccc(CCNC(=O)c2cccc(C(*)=O)c2)cc1,tg,152.0,170.7850799560547,145.85078534139356,151.3986477413563,159.6679238597402
*Oc1ccc(CCNC(=O)c2cccc(C(=O)NCCc3ccc(OC(=O)c4cccc(C(*)=O)c4)cc3)c2)cc1,tg,147.0,173.4586639404297,160.51769118078047,157.1143204670082,165.74504006276428
*Oc1ccc(CNC(=O)CCCCC(=O)NCc2ccc(OC3COC4C(*)COC34)cc2)cc1,tg,116.0,120.1732940673828,86.85014623665029,73.00825974789167,98.73951373619242
*Oc1ccc(Cc2ccc(*)cc2)cc1,eea,1.1795,1.135472536087036,1.0507204795886669,1.148400745513413,1.1246541958921938
*Oc1ccc(Cc2ccc(*)cc2)cc1,egb,4.3787,4.028565406799316,4.058510151752314,4.0698317288064825,4.035511728697082
*Oc1ccc(Cc2ccc(*)cc2)cc1,ei,6.1428,5.96185302734375,6.104860416096012,5.803862079066538,5.932899412575002
*Oc1ccc(Cc2ccc(*)cc2)cc1,eps,3.5,3.586453914642334,3.760731848099946,3.816980331429453,3.68196936931564
*Oc1ccc(Cc2ccc(OC(*)=O)cc2)cc1,egc,4.8502,5.057977676391602,4.9745614762582395,4.92191929634339,5.00227913847222
*Oc1ccc(Cc2ccc(OC(=O)OCC3CCC(COC(*)=O)CC3)cc2)cc1,egc,5.1271,5.21869421005249,5.076294795200332,5.200071796371082,5.181684170712054
*Oc1ccc(Cc2ccc(OC(=O)c3cc(OCCCCC)cc(C(*)=O)c3)cc2)cc1,tg,110.0,88.42826080322266,104.3054646182195,109.14727428729412,98.09818420972579
*Oc1ccc(Cc2ccc(OC(=O)c3ccc(C(C)(C)c4ccc(C(*)=O)cc4)cc3)cc2)cc1,tg,135.0,155.55117797851562,180.82906266289908,181.69116040013097,168.82832940842763
*Oc1ccc(N(CC)c2ccc(/C=C(\C#N)C(=O)NC3CCCCC3NC(=O)/C(C#N)=C/c3ccc(N(CC)c4ccc(*)cc4)cc3)cc2)cc1,tg,235.0,210.4359436035156,216.1944480411104,219.38589274786057,214.38721159188884
*Oc1ccc(N(c2ccccc2)c2ccc(-c3ccc(N(c4ccccc4)c4ccc(*)cc4)cc3)cc2)cc1,tg,218.0,200.14398193359375,188.9403860851388,196.12191829798607,196.59939828892732
*Oc1ccc(N=C(C)c2ccc(Oc3ccc(C(C)(C)c4ccc(Oc5ccc(C(C)=Nc6ccc(*)cc6)cc5)cc4)cc3)cc2)cc1,tg,141.0,145.05679321289062,138.46278123645808,147.78780621949176,144.5479110541409
*Oc1ccc(N=C(C)c2ccc(Oc3ccc(C(c4ccccc4)(c4ccccc4)c4ccc(Oc5ccc(C(C)=Nc6ccc(*)cc6)cc5)cc4)cc3)cc2)cc1,tg,150.0,162.86830139160156,175.2427275264156,177.78207138583852,170.02300822184986
*Oc1ccc(N=C(c2ccccc2)c2ccc(Oc3ccc(-c4ccc(Oc5ccc(C(=Nc6ccc(*)cc6)c6ccccc6)cc5)cc4)cc3)cc2)cc1,tg,174.0,178.81793212890625,197.6204552655819,186.97312394272817,185.2013854621484
*Oc1ccc(N=C(c2ccccc2)c2ccc(Oc3ccc(C(C)(C)c4ccc(Oc5ccc(C(=Nc6ccc(*)cc6)c6ccccc6)cc5)cc4)cc3)cc2)cc1,tg,155.0,156.6706085205078,141.00988018494152,147.59746930745567,150.64819824896176
*Oc1ccc(N=C(c2ccccc2)c2ccc(Oc3ccc(C(c4ccccc4)(c4ccccc4)c4ccc(Oc5ccc(C(=Nc6ccc(*)cc6)c6ccccc6)cc5)cc4)cc3)cc2)cc1,tg,177.0,181.0717010498047,170.68893828070236,176.03718458596353,177.3824043704789
*Oc1ccc(N=CC=Nc2ccc(OC(=O)NC3CC(C)(C)CC(C)(CNC(*)=O)C3)cc2)cc1,tg,62.0,172.77098083496094,190.25150072393137,169.52238282571167,175.3548422417618
*Oc1ccc(N=CC=Nc2ccc(OC(=O)NCCCCCCNC(*)=O)cc2)cc1,tg,80.0,75.43257141113281,72.45780198165832,66.97808246158742,72.20612138604814
*Oc1ccc(N=CC=Nc2ccc(OC(=O)Nc3cc(NC(*)=O)ccc3C)cc2)cc1,tg,76.0,165.29171752929688,161.58319838498616,157.05315061121314,161.98142431282778
*Oc1ccc(N=CC=Nc2ccc(OC(=O)Nc3ccc(Cc4ccc(NC(*)=O)cc4)cc3)cc2)cc1,tg,133.0,122.2160186767578,113.3040655143516,97.29203976046112,112.67517657549998
*Oc1ccc(N=CCCCC=Nc2ccc(OC(=O)NCCCCCCNC(*)=O)cc2)cc1,tg,72.0,57.621368408203125,82.36506262056628,82.11391390547541,70.27915136663933
*Oc1ccc(N=CCCCC=Nc2ccc(OC(=O)Nc3cc(NC(*)=O)ccc3C)cc2)cc1,egc,4.0981,3.9755430221557617,3.618177708285007,3.626405363654235,3.8004629047566967
*Oc1ccc(N=CCCCC=Nc2ccc(OC(=O)Nc3cc(NC(*)=O)ccc3C)cc2)cc1,tg,69.0,106.93161010742188,141.32569568199492,133.5194171727075,122.21896250174447
*Oc1ccc(N=CNc2ccc(*)cc2)cc1,egc,3.7365,3.824074268341065,3.3622486291025377,3.375694600134554,3.5985817566199767
*Oc1ccc(N=Nc2c(C)cc(Cc3cc(C)c(N=Nc4ccc(OC(=O)c5ccc(C(*)=O)cc5)cc4)c(C)c3[N+](=O)[O-])c([N+](=O)[O-])c2C)cc1,tg,203.0,165.62069702148438,199.0355725155448,199.40477627721543,182.93343210035962
*Oc1ccc(N=Nc2ccc(*)cc2)cc1,egc,3.1576,2.7976059913635254,3.0315936417082296,3.3177189066117467,2.9914805378934393
*Oc1ccc(N=Nc2ccc(Cc3ccc(N=Nc4ccc(OC(=O)c5ccc(C(*)=O)cc5)cc4)cc3[N+](=O)[O-])c([N+](=O)[O-])c2)cc1,tg,198.0,171.53541564941406,164.76838172005338,175.15537389023615,171.2660373527758
*Oc1ccc(N=Nc2ccc(Cc3ccc(N=Nc4ccc(OC(=O)c5ccc(N=Nc6ccc(C(*)=O)cc6)cc5)cc4)cc3[N+](=O)[O-])c([N+](=O)[O-])c2)cc1,tg,160.0,168.54454040527344,190.6989470437335,186.17272407225707,178.54697955087914
*Oc1ccc(N=Nc2ccc(Oc3ccc(C(C)(C)c4ccc(*)cc4)cc3)cc2)cc1,tg,175.0,147.7736358642578,163.09661342367343,156.96333334273405,153.7627638825671
*Oc1ccc(N=Nc2ccc(S(=O)(=O)c3ccc(N=Nc4ccc(OC(=O)c5ccc(N=Nc6ccc(C(*)=O)cc6)cc5)cc4)cc3[N+](=O)[O-])c([N+](=O)[O-])c2)cc1,tg,150.0,200.6031036376953,213.76875666648343,213.03334750069484,207.15188974203062
*Oc1ccc(NC(=C(C#N)C#N)c2ccc(-c3ccc(-c4ccc(C(Nc5ccc(*)cc5)=C(C#N)C#N)cc4)cc3)cc2)cc1,egc,3.7835,3.0118775367736816,3.0088928323065645,2.904036703279355,2.9818943797844226
*Oc1ccc(NC(=C(C#N)C#N)c2ccc(-c3ccc(-c4ccc(C(Nc5ccc(*)cc5)=C(C#N)C#N)cc4)cc3)cc2)cc1,tg,240.0,237.74078369140625,237.5409569380209,257.92176458482163,243.94346671845113
*Oc1ccc(NC(=C(C#N)C#N)c2ccc(-c3ccc(C(Nc4ccc(*)cc4)=C(C#N)C#N)cc3)cc2)cc1,tg,220.0,247.87451171875,235.22827378406663,233.0304037905105,240.68555156975492
*Oc1ccc(NC(=C(C#N)C#N)c2ccc(C(Nc3ccc(*)cc3)=C(C#N)C#N)cc2)cc1,tg,274.0,231.7977600097656,233.93709654140395,223.0250380519123,229.52283206911045
*Oc1ccc(NC(=C(C#N)C#N)c2cccc(C(Nc3ccc(Oc4ccc(NC(=O)c5ccc(C(=O)Nc6ccc(*)cc6)cc5)cc4)cc3)=C(C#N)C#N)c2)cc1,tg,274.0,252.28143310546875,235.41611844516152,237.12642597621232,244.13006504382096
*Oc1ccc(NC(=O)/C=C/c2ccc(/C=C/C(=O)Nc3ccc(*)cc3)cc2)cc1,tg,205.0,254.32498168945312,208.4301665636712,225.8206481914145,236.08346440236664
*Oc1ccc(NC(=O)C=CC(=O)NNC(=O)C=CC(=O)Nc2ccc(OC(=O)C=CC(=O)NNC(=O)C=CC(*)=O)cc2)cc1,tg,265.0,228.206298828125,202.7590022866877,200.34819537322176,214.36280308891648
*Oc1ccc(NC(=O)C=CC(=O)NNC(=O)C=CC(=O)Nc2ccc(OC(=O)c3ccccc3C(=O)NNC(=O)c3ccccc3C(*)=O)cc2)cc1,tg,240.0,206.96990966796875,223.12357982992216,240.57886581894644,220.68456008867062
*Oc1ccc(NC(=O)CCCCCC(=O)Nc2ccc(*)cc2)cc1,tg,180.0,154.13644409179688,151.6945577598882,152.30428121768605,153.06825433062727
*Oc1ccc(NC(=O)CCCCCCC(=O)Nc2ccc(OC3COC4C(*)COC34)cc2)cc1,tg,72.5,175.97532653808594,120.07085314132064,120.47911510382636,147.32781827837888
*Oc1ccc(NC(=O)CCCCCCCC(=O)Nc2ccc(*)cc2)cc1,tg,160.0,145.98089599609375,144.7158079370342,141.62440172921742,144.37332273276934
*Oc1ccc(NC(=O)CCCCCCCCCCC(=O)Nc2ccc(*)cc2)cc1,egc,4.4722,4.197108268737793,4.4885412229972,4.424758605093413,4.324373175237665
*Oc1ccc(NC(=O)CCCCCCCCCCC(=O)Nc2ccc(*)cc2)cc1,tg,150.0,137.82534790039062,146.0641292121413,139.32032926282017,139.9793809976951
*Oc1ccc(NC(=O)NC2CC(C)(C)CC(C)(CNC(=O)Nc3ccc(*)c(-c4ccc(Oc5ccccc5)cc4)c3)C2)cc1-c1ccc(Oc2ccccc2)cc1,tg,281.0,205.61569213867188,219.5807989050346,226.19374107123463,214.84942980242312
*Oc1ccc(NC(=O)NC2CC(C)(C)CC(C)(CNC(=O)Nc3ccc(*)cc3)C2)cc1,tg,274.0,231.73435974121097,166.50728761849243,209.9048288960908,211.58881942767158
*Oc1ccc(NC(=O)NCCCCCCNC(*)=O)cc1C,egc,4.8377,4.8942766189575195,4.57000090094297,4.290232121314748,4.657331011103432
*Oc1ccc(NC(=O)Nc2cc(NC(=O)Nc3ccc(*)cc3)ccc2C)cc1,tg,269.0,204.9348602294922,175.49312092788193,201.39967394632092,197.7964299833358
*Oc1ccc(NC(=O)Nc2ccccc2CCc2ccc(NC(=O)Nc3ccc(*)cc3)cc2)cc1,tg,200.0,231.21652221679688,213.7170443437311,219.3179863154897,223.9424599403157
*Oc1ccc(NC(=O)Nc2ccccc2CCc2ccccc2NC(=O)Nc2ccc(*)cc2)cc1,tg,232.0,216.11013793945312,205.52673193227116,210.16444284667037,212.09774137082113
*Oc1ccc(NC(=O)OCCOC(=O)Nc2ccc(*)cc2)cc1,egc,4.8662,4.36304235458374,4.632139488759837,4.5280848251023995,4.468277900518544
*Oc1ccc(NC(=O)c2cc(-c3ccc(C(=O)O)c(C(=O)Nc4ccc(*)cc4)c3)ccc2C(=O)O)cc1,tg,184.4,233.36373901367188,229.07559006819417,228.73559226800063,231.0514546440249
*Oc1ccc(NC(=O)c2cc(-c3ccc(C(=O)OCC)c(C(=O)Nc4ccc(*)cc4)c3)ccc2C(=O)OCC)cc1,tg,190.15,213.09915161132812,198.5601294649119,193.16292441375668,203.9461537322192
*Oc1ccc(NC(=O)c2cc(C(=O)Nc3ccc(*)cc3)c(C(=O)OCC)cc2C(=O)OCC)cc1,tg,208.05,212.62646484375,219.29295672035585,212.3172999897784,213.8995133771441
*Oc1ccc(NC(=O)c2cc(C(=O)Nc3ccc(*)cc3)cc(C(C)(C)C)c2)cc1,tg,268.0,293.64239501953125,269.5980008524812,272.28580140656663,282.098404672893
*Oc1ccc(NC(=O)c2cc(C(=O)Nc3ccc(*)cc3)cc(C(F)(F)C(F)(F)C(F)(F)C(F)(F)F)c2)cc1,tg,257.0,222.2586669921875,223.1081129000646,234.6695760623058,226.2728264316708
*Oc1ccc(NC(=O)c2cc(C(=O)Nc3ccc(*)cc3)cc(S(=O)(=O)c3ccccc3)c2)cc1,egc,3.3682,3.880293130874634,3.816850838660987,3.7566611642642487,3.8324536178725412
*Oc1ccc(NC(=O)c2cc(C(=O)Nc3ccc(Oc4ccc(C(C)(C)c5ccc(*)cc5)cc4)cc3)cc(C(C)(C)C)c2)cc1,tg,215.33,211.26028442382812,221.0366141817503,221.0201795129345,216.28703932016046
*Oc1ccc(NC(=O)c2cc(C(=O)Nc3ccc(Oc4ccc(C(c5ccc(*)cc5)(C(F)(F)F)C(F)(F)F)cc4)cc3)cc(C(C)(C)C)c2)cc1,tg,254.25,246.15554809570312,238.15287387756368,236.6977056818864,241.5863938508482
*Oc1ccc(NC(=O)c2cc(C(=O)Nc3ccc(Oc4ccc(C(c5ccc(*)cc5)(C(F)(F)F)C(F)(F)F)cc4)cc3)cc([N+](=O)[O-])c2)cc1,tg,232.0,248.80776977539065,238.9467869049029,240.25442808079015,244.13692524275513
*Oc1ccc(NC(=O)c2cc(C(=O)Nc3ccc(Oc4ccc(C5(c6ccc(*)cc6)CC6CCC5C6)cc4)cc3)cc(C(C)(C)C)c2)cc1,tg,272.0,267.5586853027344,278.93387308768024,264.21735855027305,268.8603698993997
*Oc1ccc(NC(=O)c2cc(C(c3ccc(C(=O)O)c(C(=O)Nc4ccc(Oc5ccc(C(c6ccc(*)cc6)(C(F)(F)F)C(F)(F)F)cc5)cc4)c3)(C(F)(F)F)C(F)(F)F)ccc2C(=O)O)cc1,tg,260.0,212.97299194335935,218.19055316429757,203.9432477919449,211.25053635613222
*Oc1ccc(NC(=O)c2cc(NC(=O)C34CC5CC(CC(C5)C3)C4)cc(C(=O)Nc3ccc(*)cc3)c2)cc1,tg,335.0,318.72393798828125,339.3045668974913,324.4759754176,324.7289529198935
*Oc1ccc(NC(=O)c2cc(NC(=O)CCN3C(=O)c4ccccc4C3=O)cc(C(=O)Nc3ccc(*)cc3)c2)cc1,tg,240.0,245.27346801757812,240.41499742703772,254.45483241130597,247.11655778116204
*Oc1ccc(NC(=O)c2cc(NC(=O)c3ccc(OC(C)=O)cc3)cc(C(=O)Nc3ccc(Oc4ccc(-c5ccc(*)cc5)cc4)cc3)c2)cc1,tg,252.0,265.56646728515625,255.10519167281387,249.527828714039,258.4565316534737
*Oc1ccc(NC(=O)c2cc(NC(=O)c3ccc(OC(C)=O)cc3)cc(C(=O)Nc3ccc(Oc4ccc(C(C)(C)c5ccc(*)cc5)cc4)cc3)c2)cc1,tg,243.0,221.1432952880859,228.16958832236332,222.3576365545985,222.96156592773409
*Oc1ccc(NC(=O)c2cc(NC(=O)c3ccccc3)cc(C(=O)Nc3ccc(*)cc3)c2)cc1,egc,3.6254,3.4251952171325684,3.4980022663355084,3.539531255260122,3.4726089235872704
*Oc1ccc(NC(=O)c2cc(NC(=O)c3ccccc3)cc(C(=O)Nc3ccc(*)cc3)c2)cc1,tg,294.5,283.838623046875,271.8009343557269,274.8877238164962,278.5978796193152
*Oc1ccc(NC(=O)c2cc(NC(=O)c3ccncc3)cc(C(=O)Nc3ccc(*)cc3)c2)cc1,egc,3.2858,3.3228368759155273,3.424703449518397,3.4422172180420363,3.3781413924333075
*Oc1ccc(NC(=O)c2ccc(*)cc2)cc1,tg,225.0,222.60159301757812,212.0440959857696,212.5567244770461,217.32628964957934
*Oc1ccc(NC(=O)c2ccc(-c3ccc(C(=O)Nc4ccc(Oc5ccc(C6(c7ccc(*)cc7)CC7CCC6C7)cc5)cc4)cc3)cc2)cc1,tg,296.0,260.975830078125,257.96731220028386,250.12918072944888,257.0023506164559
*Oc1ccc(NC(=O)c2ccc(C(=O)Nc3ccc(*)cc3)cc2)cc1,tg,184.75,260.5208740234375,257.9882790897275,260.70200094558385,260.05694418274277
*Oc1ccc(NC(=O)c2ccc(C(=O)Nc3ccc(OC4COC5C(*)COC45)cc3)cc2)cc1,tg,132.67,204.573486328125,198.7131205203258,201.1172498850566,202.3009820112407
*Oc1ccc(NC(=O)c2ccc(C(=O)Nc3ccc(Oc4ccc(C(=O)c5ccc(*)cc5)cc4)cc3)cc2)cc1,tg,160.0,224.24525451660156,181.3356355217468,194.50424715579527,206.2340195124308
*Oc1ccc(NC(=O)c2ccc(C(=O)Nc3ccc(Oc4ccc(C5(c6ccc(*)cc6)C6CC7CC(C6)CC5C7)cc4)cc3)c3ccccc23)cc1,tg,269.0,251.58734130859375,254.41451188996095,256.9084494007377,253.81406412524208
*Oc1ccc(NC(=O)c2ccc(C(=O)Nc3ccc(Oc4ccc(C5(c6ccc(*)cc6)C6CC7CC(C6)CC5C7)cc4)cc3)cc2)cc1,tg,264.0,253.77500915527344,268.9263644675173,260.52756827231,258.9748852753584
*Oc1ccc(NC(=O)c2ccc(OC3COC4C(Oc5ccc(C(=O)Nc6ccc(OC7COC8C(*)COC78)cc6)cc5)COC34)cc2)cc1,tg,165.0,232.13165283203125,177.23479456528844,177.86355654031755,204.07097980690264
*Oc1ccc(NC(=O)c2ccc(Oc3ccc(C(=O)Nc4ccc(*)cc4)c(C(=O)O)c3)cc2C(=O)O)cc1,egc,3.3446,3.1324522495269775,3.2063993718349995,3.2662792029458396,3.1854197990794906
*Oc1ccc(NC(=O)c2ccc(Oc3ccc(C(=O)Nc4ccc(*)cc4)cc3)cc2)cc1,tg,274.0,207.6460418701172,202.20700169981976,214.67470424784688,208.7039191917064
*Oc1ccc(NC(=O)c2ccc(Oc3ccc(C(=O)Nc4ccc(Oc5ccc(C6(c7ccc(*)cc7)C7CC8CC(C7)CC6C8)cc5)cc4)cc3)cc2)cc1,tg,230.0,225.2208251953125,252.33072676120915,248.3694581711671,237.94862751474903
*Oc1ccc(NC(=O)c2ccc(Oc3ccc(C(C)(C)c4ccc(C(C)(C)c5ccc(Oc6ccc(C(=O)Nc7ccc(*)cc7)cc6)cc5)cc4)cc3)cc2)cc1,tg,174.0,183.73826599121097,164.61092113694568,170.89452761541804,175.83755352822004
*Oc1ccc(NC(=O)c2ccc(Oc3ccc(C(C)(C)c4ccc(C(C)(C)c5ccc(Oc6ccc(C(=O)Nc7ccc(Oc8ccc(C(c9ccc(*)cc9)(C(F)(F)F)C(F)(F)F)cc8)cc7)cc6)cc5)cc4)cc3)cc2)cc1,tg,169.0,179.4313507080078,159.2919936408658,166.9158474608775,171.42441296450366
*Oc1ccc(NC(=O)c2ccc(Oc3ccc(C(C)(C)c4cccc(C(C)(C)c5ccc(Oc6ccc(C(=O)Nc7ccc(*)cc7)cc6)cc5)c4)cc3)cc2)cc1,tg,155.0,166.6751251220703,158.7486083458547,163.00000445236597,163.91069895537996
*Oc1ccc(NC(=O)c2ccc(Oc3ccc(C(C)(C)c4cccc(C(C)(C)c5ccc(Oc6ccc(C(=O)Nc7ccc(Oc8ccc(C(c9ccc(*)cc9)(C(F)(F)F)C(F)(F)F)cc8)cc7)cc6)cc5)c4)cc3)cc2)cc1,tg,154.0,173.1287384033203,160.85396803285235,164.6351435708335,167.98080315476102
*Oc1ccc(NC(=O)c2ccc(P(=O)(c3ccccc3)c3ccc(C(=O)Nc4ccc(Oc5ccc(P(=O)(c6ccccc6)c6ccc(*)cc6)cc5)cc4)cc3)cc2)cc1,tg,225.0,262.61676025390625,230.16378008462135,233.8640651777414,247.05815120886663
*Oc1ccc(NC(=O)c2ccc([Si](C)(C)c3ccc(C(*)=O)cc3)cc2)cc1,tg,220.0,219.0144195556641,239.37242480124812,221.7745169707903,224.04806370064955
*Oc1ccc(NC(=O)c2ccc3cc(C(=O)Nc4ccc(Oc5ccc(C6(c7ccc(*)cc7)C7CC8CC(C7)CC6C8)cc5)cc4)ccc3c2)cc1,tg,266.0,247.4341735839844,256.2226115950168,268.51557731183107,255.76081843207885
*Oc1ccc(NC(=O)c2cccc(C(=O)Nc3ccc(*)cc3)c2)cc1,tg,205.39,233.7760009765625,262.67407181262445,261.66339587547674,248.33703874027267
*Oc1ccc(NC(=O)c2cccc(C(=O)Nc3ccc(Oc4ccc(C(c5ccc(*)cc5)(C(F)(F)F)C(F)(F)F)cc4)cc3)c2)cc1,tg,226.25,224.83804321289065,228.45294379180297,223.518285862356,225.17190548049973
*Oc1ccc(NC(=O)c2cccc(C(=O)Nc3ccc(Oc4ccc(C5(c6ccc(*)cc6)C6CC7CC(C6)CC5C7)cc4)cc3)c2)cc1,egc,3.8847,3.4775595664978027,3.385684283454449,3.60030278804287,3.4903111863394387
*Oc1ccc(NC(=O)c2cccc(C(=O)Nc3ccc(Oc4ccc(C5(c6ccc(*)cc6)C6CC7CC(C6)CC5C7)cc4)cc3)c2)cc1,tg,257.33,264.09442138671875,272.250558554766,259.7142306613316,264.41379179253227
*Oc1ccc(NC(=O)c2cccc(C(=O)Nc3ccc(Oc4ccc(C5(c6ccc(*)cc6)CC6CCC5C6)cc4)cc3)c2)cc1,tg,256.0,259.2781066894531,258.8364425741159,258.44399976396966,258.92936761323335
*Oc1ccc(N[Se]Nc2ccc(*)cc2)cc1,tg,55.0,120.78390502929688,143.09755203077722,126.74055184309049,127.20802975052734
*Oc1ccc(Nc2ccc(N=Nc3ccc(Nc4ccc(*)cc4)cc3)cc2)cc1,egc,2.8393,2.6783645153045654,3.2064576817327257,3.0967977070732657,2.910584379895546
*Oc1ccc(Nc2ccc(N=Nc3ccc(Nc4ccc(*)cc4)cc3)cc2)cc1,tg,169.0,201.86476135253903,180.76482334225165,166.94850989545833,186.7301323215349
*Oc1ccc(OC(*)=O)cc1,eea,1.4499,1.7204585075378418,1.650579707440821,1.7766638002151984,1.717609299262025
*Oc1ccc(OC(*)=O)cc1,egb,4.3251,3.9638938903808594,4.321910689519138,4.219735357726895,4.046943518471717
*Oc1ccc(OC(*)=O)cc1,ei,6.5915,6.6151604652404785,6.727499985277575,6.793756764477072,6.685509928198191
*Oc1ccc(OC(*)=O)cc1,eps,3.95,3.991471767425537,3.9587287168099863,3.9956050273890664,3.973526481382218
*Oc1ccc(OC(*)=O)cc1,nc,1.7876,1.8163022994995115,1.8316570388124669,1.791230634101821,1.8178802178781985
*Oc1ccc(OC(*)=O)s1,eea,1.7594,1.4884881973266602,1.690790877447847,1.969735283045116,1.5825679265170276
*Oc1ccc(OC(*)=O)s1,egb,3.6706,4.241101264953613,3.6813201714519592,3.734452584802769,4.1112481079523135
*Oc1ccc(OC(*)=O)s1,ei,5.9838,6.192732810974121,6.474726605187636,6.589196698227482,6.3533784579424815
*Oc1ccc(OC(*)=O)s1,eps,4.26,4.115489482879639,4.223952797156668,4.263880616828018,4.174934316617375
*Oc1ccc(OC(*)=O)s1,nc,1.8728,1.810071587562561,1.8754245310355433,1.8568773416515976,1.8317797231000568
*Oc1ccc(OC(=O)/C=C/c2ccc(/C=C/C(*)=O)cc2)cc1,tg,210.0,130.36026000976562,203.3103283980602,170.79501444116502,157.84760390854808
*Oc1ccc(OC(=O)CCC(*)=O)cc1,egc,5.0485,4.844052314758301,4.832491540157675,4.998190932226999,4.883356878553366
*Oc1ccc(OC(=O)CCCCC(*)=O)cc1,tg,90.0,44.18046569824219,37.467486039620475,40.44580465746267,41.646770310753894
*Oc1ccc(OC(=O)CCCCCCCCC(*)=O)cc1,tg,52.8,25.50511932373047,29.961198777396163,33.977039966750326,29.041090742394474
*Oc1ccc(OC(=O)Oc2ccc(C(*)=O)cc2)cc1,egc,4.5384,4.362151145935059,4.246813233102484,4.437123765799159,4.356653695991592
*Oc1ccc(OC(=O)Oc2ccc(C(*)=O)cc2)cc1,tg,74.0,139.51953125,150.07886053397075,142.58332427309998,142.63536495398685
*Oc1ccc(OC(=O)Oc2ccc(C(C)(C)c3ccc(OC(*)=O)cc3)cc2)cc1,tg,97.0,77.31314849853516,87.45443407047783,98.02404665157692,85.80291777354117
*Oc1ccc(OC(=O)Oc2ccc(OC(*)=O)cc2)cc1Cl,egc,5.1691,4.66032600402832,4.425343211445307,4.368305252237738,4.528228685228903
*Oc1ccc(OC(=O)c2cc(OCCCCCCCCCCC(F)(F)C(F)(F)C(F)(F)C(F)(F)C(F)(F)C(F)(F)C(F)(F)C(F)(F)C(F)(F)C(F)(F)F)cc(C(*)=O)c2)cc1,tg,137.0,49.86182403564453,85.7510839830225,88.69117496713321,69.24351141023988
*Oc1ccc(OC(=O)c2cc(OCCCCCCCCCOCC3CCCN3c3ccc([N+](=O)[O-])cc3)c(C(*)=O)cc2OCCCCCCCCCOCC2CCCN2c2ccc([N+](=O)[O-])cc2)cc1,tg,34.0,50.93132019042969,52.19762489911115,51.59258790628584,51.395892510409965
*Oc1ccc(OC(=O)c2cc(OCCCCCCCCOCC3CCCN3c3ccc([N+](=O)[O-])cc3)c(C(*)=O)cc2OCCCCCCCCOCC2CCCN2c2ccc([N+](=O)[O-])cc2)cc1,tg,41.0,39.22296905517578,56.44418337260927,54.610184160854445,47.51924885636928
*Oc1ccc(OC(=O)c2cc(OCCCCCCOCC3CCCN3c3ccc([N+](=O)[O-])cc3)c(C(*)=O)cc2OCCCCCCOCC2CCCN2c2ccc([N+](=O)[O-])cc2)cc1,tg,56.0,50.78118896484375,58.53621727045994,57.36165318170803,54.40927889940677
*Oc1ccc(OC(=O)c2cc(OCCCCCOCC3CCCN3c3ccc([N+](=O)[O-])cc3)c(C(*)=O)cc2OCCCCCOCC2CCCN2c2ccc([N+](=O)[O-])cc2)cc1,tg,63.0,57.334930419921875,62.04740742630306,63.250727085861115,60.13271437039516
*Oc1ccc(OC(=O)c2cc(OCCCc3ccccc3)c(C(*)=O)cc2OCCCc2ccccc2)cc1C,tg,91.0,59.47637176513672,97.00901688576604,90.38593486987251,76.74519298796332
*Oc1ccc(OC(=O)c2ccc(-c3ccc(C(*)=O)cc3)cc2-c2ccccc2)cc1,tg,140.0,181.7941741943359,134.50418414168135,138.1712624205133,158.58873916869592
*Oc1ccc(OC(=O)c2ccc(-c3ccc(C(*)=O)cc3)cc2-c2ccccc2)cc1-c1ccccc1,tg,148.0,147.81613159179688,126.6194461966129,144.81060066045782,142.53436408237314
*Oc1ccc(OC(=O)c2ccc(-c3ccc(C(*)=O)cc3)cc2-c2ccccc2)cc1C,tg,133.0,148.37814331054688,138.44768652299695,138.6964647279211,143.34394361911666
*Oc1ccc(OC(=O)c2ccc(-c3ccc(C(*)=O)cc3)cc2-c2ccccc2)cc1C(C)(C)c1ccccc1,tg,146.0,146.81695556640625,150.9198106422317,168.22187125997456,154.28169177570652
*Oc1ccc(OC(=O)c2ccc(C(*)=O)cc2)cc1,egc,3.7683,4.035243511199951,4.0985086263321895,4.117422747586131,4.071775505006083
*Oc1ccc(OC(=O)c2ccc(C(*)=O)cc2)cc1,tg,267.0,149.0198516845703,162.69518150850777,151.26177217879643,152.52115682507775
*Oc1ccc(OC(=O)c2ccc(C(*)=O)cc2)cc1-c1cccc(C(F)(F)F)c1,tg,158.13,148.94454956054688,142.00503056062553,162.7279962122257,151.784197593541
*Oc1ccc(OC(=O)c2ccc(C(*)=O)cc2)cc1C(F)(F)F,tg,158.13,169.1161651611328,171.59039699552537,158.74221936171,166.41459872370248
*Oc1ccc(OC(=O)c2ccc(C(*)=O)cc2)cc1C1CCCCCC1,egc,3.5076,3.49672269821167,3.8268233744277858,3.758855968713797,3.6420361348462613
*Oc1ccc(OC(=O)c2ccc(C(*)=O)cc2)cc1C1CCCCCCC1,egb,3.1917,3.434389591217041,4.038566683023834,3.6878760051296986,3.574541346375854
*Oc1ccc(OC(=O)c2ccc(C(*)=O)cc2)cc1C1CCCCCCC1,tg,213.0,171.57754516601562,200.77167432802716,176.77371877351354,179.17902443078142
*Oc1ccc(OC(=O)c2ccc(C(*)=O)cc2)cc1CCC(C)CC,egc,3.5259,3.945011615753174,3.692080619453287,3.9224990117090854,3.8821457966587922
*Oc1ccc(OC(=O)c2ccc(C(*)=O)cc2)cc1CCC(C)CC,tg,237.0,108.01467895507812,102.756355941421,97.11850605448032,103.56396933576515
*Oc1ccc(OC(=O)c2ccc(C(*)=O)cc2)cc1Cl,egc,3.9402,3.8304052352905273,4.216247165070217,4.11771372587666,3.995067695946914
*Oc1ccc(OC(=O)c2ccc(C(*)=O)cc2Oc2ccc(-c3ccccc3)cc2)cc1,tg,112.5,120.85888671875,109.29767181148976,111.27098708752844,115.5188893911251
*Oc1ccc(OC(=O)c2ccc(C(*)=O)cc2Oc2ccc(Br)cc2)cc1,tg,112.5,112.0976104736328,115.93247132495569,113.3790888614786,113.28141833937747
*Oc1ccc(OC(=O)c2ccc(C(*)=O)cc2Oc2ccc(C3CCCCC3)cc2)cc1,tg,113.0,163.99351501464844,149.14603450452182,145.26752260649218,155.15161693695276
*Oc1ccc(OC(=O)c2ccc(C(*)=O)cc2Oc2ccc(Cl)cc2)cc1,tg,107.0,142.32211303710938,123.55221851507514,123.78734400823735,132.73406458271046
*Oc1ccc(OC(=O)c2ccc(C(*)=O)cc2Oc2ccc(F)cc2)cc1,egc,3.4967,3.5921473503112793,3.647662708097796,3.4253885700351625,3.5592737885012617
*Oc1ccc(OC(=O)c2ccc(C(*)=O)cc2Oc2ccc(F)cc2)cc1,tg,106.0,129.05352783203125,118.99117814240957,120.65447422695163,124.3890751566069
*Oc1ccc(OC(=O)c2ccc(C(*)=O)cc2Oc2ccc(Oc3ccccc3)cc2)cc1,tg,83.0,121.09931182861328,107.31248834420222,95.15551967333626,110.24209264592821
*Oc1ccc(OC(=O)c2ccc(C(*)=O)cc2Oc2ccc3ccccc3c2)cc1,tg,102.0,136.63661193847656,129.11806991756194,132.08091923287492,133.68351069990024
*Oc1ccc(OC(=O)c2ccc(C(*)=O)cc2Sc2ccc(Cl)cc2)cc1,tg,140.0,129.79071044921875,149.8863204088557,145.3772938954905,138.73881515579967
*Oc1ccc(OC(=O)c2ccc(C(*)=O)cc2Sc2ccccc2)cc1-c1ccccc1,tg,130.0,114.2772216796875,127.53841989237256,128.9799449250553,121.54869711907844
*Oc1ccc(OC(=O)c2ccc(C(*)=O)cc2Sc2ccccc2)cc1C,tg,130.0,112.62767028808594,143.6501450542964,132.17217262146528,125.04369741691977
*Oc1ccc(OC(=O)c2ccc(C(C)(C)c3ccc(C(*)=O)cc3)cc2)cc1,tg,195.0,150.71759033203125,171.37698279969902,153.53437266269097,155.83064990172045
*Oc1ccc(OC(=O)c2ccc(OC(=O)CCCCCCC(*)=O)cc2)cc1,egc,4.1613,4.534987926483154,4.3538869672931595,4.26439447569729,4.420803693766511
*Oc1ccc(OC(=O)c2ccc(OC(=O)CCCCCCCCC(*)=O)cc2)cc1,egc,4.2519,4.517425537109375,4.387212193598013,4.302413150941795,4.429766370112228
*Oc1ccc(OC(=O)c2ccc(OCCCCCCCCCCCCOc3ccc(C(*)=O)cc3)cc2)cc1C=Cc1ccncc1,tg,91.35,82.56214904785156,86.8579187893323,75.46302774628849,81.24774748551903
*Oc1ccc(OC(=O)c2ccc(OCCCCCCCCCCOc3ccc(C(*)=O)cc3)cc2)cc1S(=O)(=O)c1ccccc1,egc,4.4922,4.191290378570557,3.737005381686407,3.584308531265693,3.9243780705609943
*Oc1ccc(OC(=O)c2ccc(OCCCCCCCCCCOc3ccc(C(*)=O)cc3)cc2)cc1S(=O)(=O)c1ccccc1,tg,88.0,85.5303955078125,90.9327408558496,86.6093330356969,86.97336088690989
*Oc1ccc(OC(=O)c2ccc(OCCCCCCCCOc3ccc(C(*)=O)cc3)cc2)cc1C(=O)CC,tg,70.0,63.22930908203125,83.6470449754567,58.81444018903869,66.05538363945843
*Oc1ccc(OC(=O)c2ccc(OCCCCCCOc3ccc(C(*)=O)cc3)cc2)cc1S(=O)(=O)c1ccccc1,tg,112.6,108.3037567138672,104.6200014571694,95.41561513502263,103.56003526346012
*Oc1ccc(OC(=O)c2ccc(Oc3ccc(C(*)=O)cc3)cc2)c2ccccc12,tg,166.0,165.40919494628906,184.732126577704,164.67528391875018,169.1493310660953
*Oc1ccc(OC(=O)c2ccc(Sc3cccc(OC(=O)c4ccc(C(=O)Oc5cccc(Sc6ccc(C(*)=O)cc6)c5)cc4)c3)cc2)cc1C,tg,135.0,117.8839111328125,129.28337826949897,110.45526034275944,117.9260203911165
*Oc1ccc(OC(=O)c2cccc(Sc3ccc(OC(=O)c4ccc(C(=O)Oc5ccc(Sc6cccc(C(*)=O)c6)cc5)cc4)cc3)c2)cc1C,tg,106.5,123.47151184082033,132.71762858686745,132.33192441173009,128.11112137426224
*Oc1ccc(Oc2ccc(*)cc2)s1,eea,1.2264,1.1816246509552002,1.430046832731585,1.41474796862799,1.2494577646607399
*Oc1ccc(Oc2ccc(*)cc2)s1,egc,4.6798,4.476485729217529,4.249473136663489,3.990347375480038,4.293411110475988
*Oc1ccc(Oc2ccc(*)cc2)s1,ei,5.9034,5.725857257843018,5.422761471579795,5.5418839288177075,5.627663487311562
*Oc1ccc(Oc2ccc(*)cc2)s1,eps,3.82,3.7866833209991455,4.050959149439041,4.186802141632587,3.931523378554342
*Oc1ccc(Oc2ccc(*)cc2)s1,nc,1.8525,1.843388080596924,1.8477076258060232,1.862898339478139,1.8464261202233014
*Oc1ccc(Oc2ccc(*)s2)s1,eea,1.3443,1.3246150016784668,1.503446619725055,1.5540462201800247,1.3816581035571283
*Oc1ccc(Oc2ccc(*)s2)s1,egb,4.047,3.605560302734375,3.840533380182466,3.757155931935003,3.660067316763879
*Oc1ccc(Oc2ccc(*)s2)s1,ei,5.0541,5.659552097320557,5.630032335332652,5.670609898428676,5.658899767544156
*Oc1ccc(Oc2ccc(*)s2)s1,eps,3.9,3.968836784362793,3.905948441216857,4.107923078771968,3.9343699498642306
*Oc1ccc(Oc2ccc(C(=Nc3ccccc3)c3ccc(Oc4ccc(Oc5cccc(*)n5)cc4)cc3)cc2)cc1,tg,135.0,124.29267120361328,135.08510718233154,122.94025966867969,126.09005301059113
*Oc1ccc(Oc2ccc(C(=O)Nc3ccc(Cc4ccc(NC(=O)c5ccc(*)cc5)cc4)cc3)cc2)cc1,tg,216.0,216.9953155517578,222.21331114601685,212.58358386964724,216.7016967673515
*Oc1ccc(Oc2ccc(C(=O)Nc3ccc(Oc4ccc(-c5ccc(Oc6ccc(NC(=O)c7ccc(*)cc7)cc6)cc5)cc4)cc3)cc2)cc1-c1ccccc1,tg,232.0,209.07814025878903,220.66938012510465,214.03549191480025,212.9916760917819
*Oc1ccc(Oc2ccc(C(=O)Nc3ccc(Oc4ccc(-c5ccc(Oc6ccc(NC(=O)c7ccc(*)cc7)cc6)cc5)cc4)cc3)cc2)cc1C,tg,220.0,202.15805053710935,203.21557323260296,212.74854775171215,205.65172066085296
*Oc1ccc(Oc2ccc(C(=O)Nc3ccc(Oc4ccc(S(=O)(=O)c5ccc(Oc6ccc(NC(=O)c7ccc(*)cc7)cc6)cc5)cc4)cc3)cc2)cc1,tg,220.0,224.43362426757812,223.45350472117113,221.4801724965349,223.31863945569893
*Oc1ccc(Oc2ccc(C(=O)Nc3ccc(Oc4ccc(S(=O)(=O)c5ccc(Oc6ccc(NC(=O)c7ccc(*)cc7)cc6)cc5)cc4)cc3)cc2)cc1-c1ccccc1,tg,231.0,200.6636657714844,219.22449166341897,221.6549823600486,210.96881127902714
*Oc1ccc(Oc2ccc(C(=O)Nc3ccc(Oc4ccc(S(=O)(=O)c5ccc(Oc6ccc(NC(=O)c7ccc(*)cc7)cc6)cc5)cc4)cc3)cc2)cc1C,tg,217.0,216.78793334960935,218.7836515917013,224.5626737656445,219.6030694716478
*Oc1ccc(Oc2ccc(C(=O)c3c(C(=O)c4ccc(*)cc4)c(-c4ccc(F)cc4)c(-c4ccc(F)cc4)c(-c4ccc(F)cc4)c3-c3ccc(F)cc3)cc2)cc1,tg,266.0,283.287109375,252.33508808954593,246.590191954194,265.5788328937316
*Oc1ccc(Oc2ccc(C(=O)c3ccc(*)c(S(=O)(=O)O)c3)cc2S(=O)(=O)O)cc1,tg,220.0,193.512451171875,204.3396702699099,202.23947834790928,198.43540982623244
*Oc1ccc(Oc2ccc(C(=O)c3ccc(*)cc3)cc2)cc1,egc,3.9034,3.9532470703125,3.882243004351369,3.8948689274176034,3.921448465748989
*Oc1ccc(Oc2ccc(C(=O)c3ccc(*)cc3)cc2)cc1,tg,150.4,157.693603515625,174.04082195866144,170.45679519394312,164.99860725441874
*Oc1ccc(Oc2ccc(C(=O)c3ccc(*)cc3)cc2)cc1-c1cc(C)cc(C)c1,tg,162.0,166.53431701660156,177.86467029059958,174.62672216770062,171.36423126103827
*Oc1ccc(Oc2ccc(C(=O)c3ccc(*)cc3)cc2)cc1-c1cccc(C(F)(F)F)c1,tg,134.0,167.77932739257812,157.69104824542518,165.28663628803096,164.93689599666476
*Oc1ccc(Oc2ccc(C(=O)c3ccc(*)cc3)cc2)cc1C,egc,3.5517,3.8600220680236816,3.761954854958514,3.820808301922293,3.827361005803456
*Oc1ccc(Oc2ccc(C(=O)c3ccc(*)cc3)cc2)cc1C(=O)O,egc,3.6534,3.816272020339966,3.641740136190738,3.574495533402753,3.7113946819742485
*Oc1ccc(Oc2ccc(C(=O)c3ccc(*)cc3)cc2)cc1C(=O)OC,egc,3.7296,3.829991579055786,3.759086968040296,3.795762722490001,3.804779597692246
*Oc1ccc(Oc2ccc(C(=O)c3ccc(*)cc3)cc2)cc1C(Br)Br,egc,3.947,3.95093297958374,3.7158167851413095,3.613295096017367,3.8064059863729964
*Oc1ccc(Oc2ccc(C(=O)c3ccc(*)cc3)cc2)cc1C(C)(C)C,tg,176.25,164.23289489746094,159.73073947902836,170.5730010978059,165.27009482771567
*Oc1ccc(Oc2ccc(C(=O)c3ccc(*)cc3)cc2)cc1C=O,egc,3.6677,3.749657392501831,3.708922610218613,3.4600734317032615,3.6618030072527823
*Oc1ccc(Oc2ccc(C(=O)c3ccc(*)cc3)cc2)cc1CBr,egc,3.6235,3.988774538040161,3.7597182929964914,3.666211119017091,3.8497046990165864
*Oc1ccc(Oc2ccc(C(=O)c3ccc(*)cc3)cc2)cc1CC#N,egc,4.0183,3.977156162261963,3.801632850807662,3.718990427281155,3.8676014319985876
*Oc1ccc(Oc2ccc(C(=O)c3ccc(-c4ccc(C(=O)c5ccc(*)cc5)cc4)cc3)cc2)cc1-c1ccc(S(=O)(=O)O)c(C)c1,tg,182.0,194.3026428222656,200.0559282925481,193.2409641646684,195.15538352393938
*Oc1ccc(Oc2ccc(C(=O)c3ccc(-c4ccc(C(=O)c5ccc(*)cc5)cc4)cc3)cc2)cc1-c1cccc(C)c1,tg,170.0,160.8284149169922,178.75652717223966,167.01988451210522,166.4247948201885
*Oc1ccc(Oc2ccc(C(=O)c3ccc(C(=O)c4ccc(*)cc4)cc3)cc2)cc1-c1ccc(S(=O)(=O)O)c(C)c1,tg,167.0,176.5279083251953,190.6401571766705,191.841139078939,184.16299563858237
*Oc1ccc(Oc2ccc(C(=O)c3ccc(C(=O)c4ccc(*)cc4)cc3)cc2)cc1-c1cccc(C)c1,tg,159.0,158.86732482910156,163.12497854944544,161.46029761331857,160.54369422792865
*Oc1ccc(Oc2ccc(C(=O)c3ccc(C(=O)c4ccc(*)cc4)cc3)cc2)cc1-c1ccccc1,tg,166.0,168.70474243164062,162.00183954658496,156.05788775622094,163.4158094838675
*Oc1ccc(Oc2ccc(C(=O)c3ccc(NC(=O)c4ccc(C(=O)Nc5ccc(C(=O)c6ccc(*)cc6)cc5)cc4)cc3)cc2)cc1,tg,224.0,208.40399169921875,199.9967172740755,199.49459213861277,203.92144929302628
*Oc1ccc(Oc2ccc(C(=O)c3ccc(NC(=O)c4cccc(C(=O)Nc5ccc(C(=O)c6ccc(*)cc6)cc5)c4)cc3)cc2)cc1,tg,198.0,193.20738220214844,222.03875573429488,213.58498845297808,205.43130412408883
*Oc1ccc(Oc2ccc(C(=O)c3ccc(Oc4ccc(Oc5cccc(*)n5)cc4)cc3)cc2)cc1,tg,124.0,139.16029357910156,135.8355123296589,130.6763651919925,135.85287436108354
*Oc1ccc(Oc2ccc(C(=O)c3cccc(-c4cccc(C(=O)c5ccc(*)cc5)c4)c3)cc2)cc1,egc,3.724,3.6423518657684326,3.426634352447366,3.640850125729714,3.5935463041372606
*Oc1ccc(Oc2ccc(C(=O)c3cccc(C(=O)c4ccc(*)cc4)c3)cc2)cc1S(=O)(=O)O,tg,195.0,175.9811248779297,165.82441676055794,168.16532418243312,171.47774962661273
*Oc1ccc(Oc2ccc(C(=O)c3cccc(NC(=O)c4ccc(C(=O)Nc5cccc(C(=O)c6ccc(*)cc6)c5)cc4)c3)cc2)cc1,tg,210.0,193.31068420410156,211.918581793348,202.7998869113985,200.0669029664404
*Oc1ccc(Oc2ccc(C(=O)c3cccc(NC(=O)c4cccc(C(=O)Nc5cccc(C(=O)c6ccc(*)cc6)c5)c4)c3)cc2)cc1,tg,202.0,184.61099243164065,191.71927499468177,193.4591881605559,188.80790277000057
*Oc1ccc(Oc2ccc(C(=O)c3cccc4cccc(C(=O)c5ccc(*)cc5)c34)cc2)cc1,tg,202.0,164.71298217773438,198.51789521983713,203.31914962386043,183.5976817586886
*Oc1ccc(Oc2ccc(C(=O)c3ccccc3)c(-c3cc(*)ccc3C(=O)c3ccccc3)c2)cc1,tg,156.0,150.71726989746094,175.75680729219542,170.09073443983894,161.8520214113729
*Oc1ccc(Oc2ccc(C(=O)c3ccccc3-c3ccccc3C(=O)c3ccc(*)cc3)cc2)cc1,egc,3.3644,3.25669527053833,3.6839936106414233,3.479384492460557,3.4130937483317934
*Oc1ccc(Oc2ccc(C(=O)c3ccccc3-c3ccccc3C(=O)c3ccc(*)cc3)cc2)cc1,tg,175.0,156.782470703125,194.00787047410088,181.51546475139935,172.0772683316495
*Oc1ccc(Oc2ccc(C=NCCCCCCN=Cc3ccc(*)cc3)cc2)cc1,egc,4.2565,4.036829948425293,4.00825071042361,3.9237290202894344,3.999674713578658
*Oc1ccc(Oc2ccc(C=NCCCCN=Cc3ccc(*)cc3)cc2)cc1,egc,4.1246,3.752554893493652,3.851368748879544,4.033115965664632,3.8509870027764346
*Oc1ccc(Oc2ccc(C=NCCCCN=Cc3ccc(*)cc3)cc2)cc1,tg,105.0,79.37432861328125,84.73702765720584,78.65660463272445,80.2532925836389
*Oc1ccc(Oc2ccc(C=NCCN=Cc3ccc(*)cc3)cc2)cc1,tg,101.0,98.6600341796875,114.41287690442684,114.71771813051711,106.86227566036496
*Oc1ccc(Oc2ccc(C=Nc3ccc(Oc4ccc(N=Cc5ccc(*)cc5)cc4)cc3)cc2)cc1,tg,120.0,144.91465759277344,151.86059773102423,150.76376509564503,148.15036195109315
*Oc1ccc(Oc2ccc(NC(=C(C#N)C#N)c3ccc(-c4ccc(-c5ccc(C(Nc6ccc(*)cc6)=C(C#N)C#N)cc5)cc4)cc3)cc2)cc1,egc,3.2228,3.28418493270874,3.4073538916091377,3.593820734471869,3.3959843915410093
*Oc1ccc(Oc2ccc(NC(=C(C#N)C#N)c3cccc(C(Nc4ccc(*)cc4)=C(C#N)C#N)c3)cc2)cc1,egc,2.6924,3.1465158462524414,3.3434012178925694,3.259017669797847,3.221268595020824
*Oc1ccc(Oc2ccc(NC(=O)c3cc(C(=O)Nc4ccc(*)cc4)cc(C(C)(C)C)c3)cc2)cc1,tg,195.5,268.945556640625,266.95214410133576,251.76282795135407,263.2201956412206
*Oc1ccc(Oc2ccc(NC(=O)c3cc(NC(=O)c4ccc(OC(C)=O)cc4)cc(C(=O)Nc4ccc(*)cc4)c3)cc2)cc1,tg,251.0,244.38685607910156,243.6414861821022,249.44891743241348,245.7999539812282
*Oc1ccc(Oc2ccc(NC(=O)c3ccc(-c4ccc(C(=O)Nc5ccc(*)cc5)c(C)c4)cc3C)cc2)cc1,tg,219.0,222.297119140625,220.2653441479328,226.55662671308383,223.19780599883694
*Oc1ccc(Oc2ccc(NC(=O)c3ccc(Oc4ccc(C(=O)Nc5ccc(*)cc5)c(C(=O)O)c4)cc3C(=O)O)cc2)cc1,egc,3.1241,3.4476118087768555,3.2420533330527803,3.279939434301778,3.355916628064297
*Oc1ccc(Oc2ccc(NC(=O)c3ccc(Oc4ccc(C(C)(C)c5cccc(C(C)(C)c6ccc(Oc7ccc(C(=O)Nc8ccc(*)cc8)cc7)cc6)c5)cc4)cc3)cc2)cc1,tg,147.0,160.143798828125,157.90982403683165,156.8833150694386,158.6763932148373
*Oc1ccc(Oc2ccc(NC(=O)c3ccc(Oc4ccc(Oc5ccc(C(=O)Nc6ccc(*)cc6)cc5)cc4)cc3)cc2)cc1,tg,236.0,193.5077209472656,196.01136119081343,194.47683240589265,194.32157354679705
*Oc1ccc(Oc2ccc(NC(=O)c3ccc(Oc4ccc(Oc5ccc(C(=O)Nc6ccc(*)cc6)cc5)cc4-c4ccccc4)cc3)cc2)cc1,tg,209.0,200.29393005371097,204.50326227944564,206.83308266841135,203.18127067252402
*Oc1ccc(Oc2ccc(NC(=O)c3ccc(Oc4ccc(Oc5ccc(C(=O)Nc6ccc(*)cc6)cc5)cc4-c4ccccc4)cc3)cc2)cc1-c1ccccc1,tg,200.5,196.2004241943359,208.42865736893376,215.52300781614815,204.68914056140653
*Oc1ccc(Oc2ccc(NC(=O)c3ccc(Oc4ccc(Oc5ccc(C(=O)Nc6ccc(*)cc6)cc5)cc4C)cc3)cc2)cc1,tg,200.0,194.62242126464844,217.79355505511217,218.34021664130847,206.71764458844416
*Oc1ccc(Oc2ccc(NC(=O)c3cccc(C(=O)Nc4ccc(*)cc4)c3)cc2)cc1C(C)(C)C,tg,208.0,232.9498748779297,259.4350825337752,240.7228948099603,240.79242426840588
*Oc1ccc(Oc2ccc(Nc3ccc(S(=O)(=O)c4ccc(Nc5ccc(*)cc5)cc4)cc3)cc2)cc1,tg,144.6,206.68179321289065,218.61193865528844,205.4947336583077,208.76391610399818
*Oc1ccc(Oc2ccc(OC(*)=O)cc2)cc1,tg,118.0,76.61213684082031,129.82271172262006,119.87899258643692,100.92297050047392
*Oc1ccc(Oc2ccc(OC(=O)c3ccc(C4(c5ccc(C(*)=O)cc5)OC(=O)c5ccccc54)cc3)cc2)cc1,egc,3.6172,3.704065561294556,3.632816271818371,3.576612174978816,3.6534357611443955
*Oc1ccc(Oc2ccc(OC(=O)c3ccc(OC(=O)c4ccc(C(=O)Oc5ccc(C(*)=O)cc5)cc4)cc3)cc2)cc1,egc,2.7268,3.386472225189209,3.5434863651081594,3.505824265473444,3.4541416943754983
*Oc1ccc(Oc2ccc(OC(=O)c3cccc(C(*)=O)c3)cc2)cc1,egc,3.4373,3.8490195274353023,3.7230160400391457,3.818372649808693,3.8124194852518256
*Oc1ccc(Oc2ccc(OC(=O)c3cccc(C(*)=O)c3)cc2)cc1,tg,164.5,141.82164001464844,152.47857002337062,157.73848630275148,148.93406471169635
*Oc1ccc(Oc2ccc(OC(=O)c3ccccc3-c3ccccc3C(*)=O)cc2)cc1,tg,147.0,137.07302856445312,132.7136053308316,139.03695025855782,136.78560341267877
*Oc1ccc(Oc2ccc(Oc3ccc(-c4ccc(Oc5ccc(Oc6ccc(Oc7ccc(C(=O)c8ccc(*)c(S(=O)(=O)[O][Na])c8)cc7S(=O)(=O)[O][Na])cc6)cc5)cc4)cc3)cc2)cc1,tg,348.0,301.3807373046875,289.0060870575352,289.61900797320084,295.201181178986
*Oc1ccc(Oc2ccc(Oc3ccc(C(C)(C)c4ccc(*)cc4)cc3)cc2)cc1,tg,122.0,122.78943634033205,149.16904168956162,144.95706320646627,135.06379190069453
*Oc1ccc(Oc2ccc(Oc3ccc(NC(=O)c4cc(C(=O)Nc5ccc(*)cc5)cc(C(C)(C)C)c4)cc3)cc2)cc1,tg,230.0,216.13970947265625,210.14663226461977,220.18601306701277,216.16113770993263
*Oc1ccc(Oc2ccc(Oc3ccc(NC(=O)c4ccc(-c5ccc(C(=O)Nc6ccc(*)cc6)c(C)c5)cc4C)cc3)cc2)cc1,tg,200.0,214.03421020507812,210.9611496000153,213.8574674832264,213.3485973731279
*Oc1ccc(Oc2ccc(Oc3ccc(S(=O)(=O)c4ccc(*)cc4)cc3)cc2)cc1,tg,184.33,194.98976135253903,170.69768418239073,180.32603404387123,185.46559712033962
*Oc1ccc(Oc2ccc(Oc3ccc(S(=O)(=O)c4ccc(Oc5ccc(Oc6ccc(Oc7ccc(-c8ccc(*)cc8)cc7)cc6)cc5)c(S(=O)(=O)[O][Na])c4)cc3S(=O)(=O)[O][Na])cc2)cc1,tg,302.0,307.4134521484375,274.2257908662526,286.39762363384057,294.097682353354
*Oc1ccc(Oc2ccc(Oc3cccc(*)n3)cc2)cc1,egc,4.1433,4.36659574508667,4.253153939402219,4.304744205031059,4.324331864898811
*Oc1ccc(Oc2ccc(Oc3cccc(C(=O)Oc4ccc(-c5ccc(OC(=O)c6cccc(*)c6)cc5)cc4)c3)cc2)cc1,tg,119.0,124.10916900634766,131.5738927978415,144.66143119197497,132.0003327338003
*Oc1ccc(Oc2ccc(Oc3cccc(C(=O)Oc4ccc(OC(=O)c5cccc(*)c5)cc4)c3)cc2)cc1,tg,101.0,123.71729278564452,120.00183508772412,117.47843236031667,121.02425586565678
*Oc1ccc(Oc2ccc(P(=O)(c3ccccc3)c3ccc(Oc4ccc(Oc5cccc(*)n5)cc4)cc3)cc2)cc1,tg,164.0,178.0533905029297,176.81966020983245,159.10054189501687,171.93635010836186
*Oc1ccc(Oc2ccc(P(C)(=O)c3ccc(*)cc3)cc2)cc1,tg,213.0,168.1105499267578,151.47354627073483,152.10424637106505,159.7426774249515
*Oc1ccc(Oc2ccc(S(=O)(=O)c3ccc(*)cc3)cc2)cc1,tg,206.67,195.0865020751953,190.31891163046777,187.84117187007485,191.86606392784876
*Oc1ccc(Oc2ccc(S(=O)(=O)c3ccc(-c4ccc(-c5ccc(S(=O)(=O)c6ccc(*)cc6)cc5)cc4)cc3)cc2)cc1,tg,259.0,266.282958984375,250.2162589015965,254.32980694632303,259.28616335394145
*Oc1ccc(Oc2ccc(S(=O)(=O)c3ccc(-c4ccc(S(=O)(=O)c5ccc(*)cc5)cc4)cc3)cc2)cc1,tg,251.0,242.3677978515625,229.13500983254983,235.8206512898372,237.6253751815491
*Oc1ccc(Oc2cccc(*)n2)c(-c2ccccc2)c1,egc,4.2637,4.2471089363098145,3.9059555585208807,4.0265343733770385,4.110612343683412
*Oc1ccc(Oc2cccc(*)n2)c(C)c1,egc,4.4881,4.4875407218933105,4.2340509029131965,3.863755878987668,4.261110439439322
*Oc1ccc(Oc2cccc(*)n2)c(C)c1,tg,89.0,112.23199462890624,107.3298975554468,121.86953330704034,114.20726128383377
*Oc1ccc(Oc2cccc(*)n2)cc1,egc,4.3182,4.6010966300964355,4.494346019513804,4.56019827419021,4.566029493346447
*Oc1ccc(Oc2cccc(*)n2)cc1,tg,100.0,84.48921966552734,96.30476396709426,93.16485815259774,89.59919277786915
*Oc1ccc(Oc2cccc(C(=O)Oc3ccc(OC(=O)c4cccc(*)c4)cc3)c2)cc1,tg,119.0,94.059814453125,98.15200991481564,113.19531728052723,100.82023794978744
*Oc1ccc(Oc2cccc(Oc3ccc(-c4ccc(Oc5cccc(Oc6ccc(Oc7ccc(C(=O)c8ccc(*)c(S(=O)(=O)[O][Na])c8)cc7S(=O)(=O)[O][Na])cc6)c5)cc4)cc3)c2)cc1,tg,304.0,278.3677673339844,303.50100458605203,302.78539686111026,291.0823495693375
*Oc1ccc(P(=O)(c2ccccc2)c2ccc(*)cc2)cc1,egc,4.8858,4.3410258293151855,4.4489634596238306,4.5279270236588,4.416046079754122
*Oc1ccc(P(=O)(c2ccccc2)c2ccc(Oc3ccc(-c4ccc(*)cc4)cc3)cc2)cc1,tg,229.17,236.7991943359375,233.02717537809613,238.29033264804752,236.48609688054887
*Oc1ccc(P(=O)(c2ccccc2)c2ccc(Oc3ccc(C(c4ccc(*)cc4)(C(F)(F)F)C(F)(F)F)cc3)cc2)cc1,tg,210.5,174.63050842285156,181.1197543372611,182.81805449612904,178.49592849011543
*Oc1ccc(P(C)(=O)c2ccc(*)cc2)cc1,egc,4.6884,4.416576385498047,4.3839428259410544,4.425706067291273,4.411736524625757
*Oc1ccc(S(=O)(=O)c2ccc(*)cc2)cc1,egc,4.3172,4.144265651702881,4.23189246982155,4.3038720264172685,4.2073097294435104
*Oc1ccc(S(=O)(=O)c2ccc(-c3ccc(*)cc3)cc2)cc1,tg,265.5,256.6455383300781,201.02673244524755,223.86407666542576,235.08430228052765
*Oc1ccc(S(=O)(=O)c2ccc(-c3ccc(-c4ccc(S(=O)(=O)c5ccc(*)cc5)cc4)cc3)cc2)cc1,egc,3.6921,3.6424059867858887,3.7562127535309062,3.799424475345259,3.710620228631892
*Oc1ccc(S(=O)(=O)c2ccc(-c3ccc(-c4ccc(S(=O)(=O)c5ccc(Oc6ccc(-c7ccc(*)cc7)cc6)cc5)cc4)cc3)cc2)cc1,tg,264.0,264.2006530761719,249.41132315099904,245.36855806268727,255.33786727260215
*Oc1ccc(S(=O)(=O)c2ccc(OC(=O)OC3C(C)(C)C(OC(*)=O)C3(C)C)cc2)cc1,tg,162.0,154.9468994140625,148.90630512909266,154.1908748009922,153.4727996046663
*Oc1ccc(S(=O)(=O)c2ccc(OC(=O)c3cc(CCCCC)cc(C(*)=O)c3)cc2)cc1,tg,170.0,159.9075469970703,141.06635788536454,148.00517914567314,152.35683196996578
*Oc1ccc(S(=O)(=O)c2ccc(OC(=O)c3cc(NC(=O)c4ccc(NC(=O)C(C)N5C(=O)c6ccccc6C5=O)cc4)cc(C(*)=O)c3)cc2)cc1,tg,200.0,201.22364807128903,235.05882986702852,229.44034363667384,216.90020675784655
*Oc1ccc(S(=O)(=O)c2ccc(OC3(F)C(*)(F)C(F)(F)C3(F)F)cc2)cc1,tg,159.47,156.77194213867188,147.19240285556288,152.58362985863042,153.50935913561113
*Oc1ccc(S(=O)(=O)c2ccc(Oc3c(C)cc(-c4cc(C)c(*)c(C)c4)cc3C)cc2)cc1,tg,268.07,283.72479248046875,243.94400728619104,253.7348019154207,266.2789075532922
*Oc1ccc(S(=O)(=O)c2ccc(Oc3c(C)cc(C(C)(C)c4cc(C)c(*)c(C)c4)cc3C)cc2)cc1,tg,233.29,200.37936401367188,214.663874934472,210.45208598243377,206.42847935135518
*Oc1ccc(S(=O)(=O)c2ccc(Oc3c(C)cc(C(C)(C)c4cc(C)c(*)c(C)c4)cc3C)cc2C(O)(C(F)(F)F)C(F)(F)F)c(C(O)(C(F)(F)F)C(F)(F)F)c1,tg,187.0,184.9539031982422,190.36994460565873,194.12329795019363,188.90275334464414
*Oc1ccc(S(=O)(=O)c2ccc(Oc3c(C)cc(C(c4cc(C)c(*)c(C)c4)(C(F)(F)F)C(F)(F)F)cc3C)cc2C(O)(C(F)(F)F)C(F)(F)F)c(C(O)(C(F)(F)F)C(F)(F)F)c1,tg,196.0,186.85400390625,181.21097690128465,189.84655773863463,186.62128582719419
*Oc1ccc(S(=O)(=O)c2ccc(Oc3c(C)cc(C(c4cc(C)c(*)c(C)c4)(C(F)(F)F)C(F)(F)F)cc3C)cc2C(OC)(C(F)(F)F)C(F)(F)F)c(C(OC)(C(F)(F)F)C(F)(F)F)c1,tg,163.0,201.93426513671875,180.23302611039756,186.05884341844964,192.56714570123808
*Oc1ccc(S(=O)(=O)c2ccc(Oc3c(C)cc(Cc4cc(C)c(*)c(C)c4)cc3C)cc2)cc1,tg,232.0,205.58477783203125,212.60503445648015,217.62419141461723,210.75093311928583
*Oc1ccc(S(=O)(=O)c2ccc(Oc3cc(C)c(C(c4cc(C(C)C)c(*)cc4C)c4ccccc4C(=O)O)cc3C(C)C)cc2)cc1,tg,240.0,225.70248413085935,234.01742905454736,199.4373237378581,219.28355990349914
*Oc1ccc(S(=O)(=O)c2ccc(Oc3ccc(-c4ccc(*)cc4)cc3)cc2)cc1,tg,217.39,218.4432373046875,216.6373883636167,209.80682639770453,215.40049467450524
*Oc1ccc(S(=O)(=O)c2ccc(Oc3ccc(-c4ccc(-c5ccc(*)c(C(F)(F)F)c5)cc4)cc3C(F)(F)F)cc2)cc1,tg,214.0,202.16371154785156,214.59956153315815,207.4461610697501,206.35123525031202
*Oc1ccc(S(=O)(=O)c2ccc(Oc3ccc(-c4ccc(-c5ccc(*)cc5)cc4)cc3)cc2)cc1,tg,251.0,222.28602600097656,214.69298926286825,228.1895528000507,222.55356453541873
*Oc1ccc(S(=O)(=O)c2ccc(Oc3ccc(C(=C)c4ccc(*)cc4)cc3)cc2)cc1,tg,167.0,198.68673706054688,201.7871427314856,200.64781574255815,199.93001237976253
*Oc1ccc(S(=O)(=O)c2ccc(Oc3ccc(C(=O)c4cc(Br)cc(C(=O)c5ccc(*)cc5)c4)cc3)cc2)cc1,tg,192.0,179.92788696289062,204.33056184420377,208.0541791674861,193.6398848658606
*Oc1ccc(S(=O)(=O)c2ccc(Oc3ccc(C(=O)c4cc(I)cc(C(=O)c5ccc(*)cc5)c4)cc3)cc2)cc1,tg,203.0,200.27964782714844,203.92670256734408,215.2730224868053,205.66716356616655
*Oc1ccc(S(=O)(=O)c2ccc(Oc3ccc(C(=O)c4ccc(*)cc4)cc3)cc2)cc1,tg,201.67,205.0382080078125,186.886225354009,190.7563138324208,196.8928024703954
*Oc1ccc(S(=O)(=O)c2ccc(Oc3ccc(C(C)(C)c4ccc(*)c(C(OC)(C(F)(F)F)C(F)(F)F)c4)cc3C(OC)(C(F)(F)F)C(F)(F)F)cc2)cc1,tg,163.0,167.444580078125,147.06938478927327,155.91475983577473,159.69417866226274
*Oc1ccc(S(=O)(=O)c2ccc(Oc3ccc(C(C)(C)c4ccc(*)c(C)c4)cc3C)cc2)cc1,tg,178.67,183.2412109375,201.2786246103271,204.0673373944357,193.38778701486837
*Oc1ccc(S(=O)(=O)c2ccc(Oc3ccc(C(C)(C)c4ccc(*)c(N)c4)cc3N)cc2)c(N)c1,tg,237.1,206.3369140625,230.40384056065145,236.01150819248784,220.45900202504106
*Oc1ccc(S(=O)(=O)c2ccc(Oc3ccc(C(C)(C)c4ccc(*)c(N)c4)cc3N)cc2)cc1,tg,230.4,212.60519409179688,218.65675057820124,224.0224990118329,217.37999361286055
*Oc1ccc(S(=O)(=O)c2ccc(Oc3ccc(C(C)(C)c4ccc(*)cc4)cc3)c([N+](=O)[O-])c2)cc1[N+](=O)[O-],tg,206.0,185.0259704589844,181.50079708962824,197.79854962527295,188.25387090096626
*Oc1ccc(S(=O)(=O)c2ccc(Oc3ccc(C(C)(C)c4ccc(*)cc4)cc3)cc2)c(N)c1,tg,202.0,207.9718017578125,198.79774776703033,198.70369460340933,203.22085252647352
*Oc1ccc(S(=O)(=O)c2ccc(Oc3ccc(C(C)(C)c4ccc(*)cc4)cc3)cc2)cc1,tg,183.86,188.87060546875,188.06643951839317,189.4499306967311,188.8847368952745
*Oc1ccc(S(=O)(=O)c2ccc(Oc3ccc(C(C)(C)c4ccc(*)cc4)cc3)cc2N)c(N)c1,tg,210.5,210.200439453125,208.97350302468175,206.63336033572608,208.84493297566758
*Oc1ccc(S(=O)(=O)c2ccc(Oc3ccc(C(C)(C)c4ccc(OCCCCOc5ccc(C(C)(C)c6ccc(*)cc6)cc5)cc4)cc3)cc2)cc1,tg,140.0,107.47310638427734,149.20741744179873,132.50358067788065,123.78566632489489
*Oc1ccc(S(=O)(=O)c2ccc(Oc3ccc(C(C)(C)c4ccc(Oc5ccc(C(=O)c6ccc(*)cc6)cc5)cc4)cc3)cc2)cc1,tg,175.0,188.12408447265625,184.15484659460716,178.41855897721672,184.30640680531576
*Oc1ccc(S(=O)(=O)c2ccc(Oc3ccc(C(C)(c4ccc(*)cc4)c4ccc(O)cc4)cc3)cc2)cc1,tg,219.29,226.89236450195312,210.70996960959332,218.41348970368085,220.9467076780735
*Oc1ccc(S(=O)(=O)c2ccc(Oc3ccc(C(C)(c4ccccc4)c4ccc(*)cc4)cc3)cc2)cc1,tg,207.0,204.69773864746097,208.12625431424607,201.6902465728649,204.47117295545743
*Oc1ccc(S(=O)(=O)c2ccc(Oc3ccc(C(c4ccc(*)c([Si](C)(C)C)c4)(C(F)(F)F)C(F)(F)F)cc3[Si](C)(C)C)cc2[Si](C)(C)C)c([Si](C)(C)C)c1,tg,148.9,203.17572021484375,166.19676665920892,160.56333228080905,182.39988942420936
*Oc1ccc(S(=O)(=O)c2ccc(Oc3ccc(C(c4ccc(*)cc4)(C(F)(F)F)C(F)(F)F)cc3)cc2C(O)(C(F)(F)F)C(F)(F)F)c(C(O)(C(F)(F)F)C(F)(F)F)c1,tg,148.0,171.25157165527344,181.37973809615187,185.20309596731585,177.64739294980382
*Oc1ccc(S(=O)(=O)c2ccc(Oc3ccc(C(c4ccc(*)cc4)(C(F)(F)F)C(F)(F)F)cc3)cc2[Si](C)(C)C)c([Si](C)(C)C)c1,tg,172.0,171.4759063720703,160.53411440252415,164.09304058154743,166.94528920786092
*Oc1ccc(S(=O)(=O)c2ccc(Oc3ccc(C(c4ccc(*)cc4)c4ccccc4C(=O)O)cc3)cc2)cc1,tg,223.0,229.0972442626953,230.04305484507097,225.6989792577366,228.240053921619
*Oc1ccc(S(=O)(=O)c2ccc(Oc3ccc(C(c4ccccc4)(c4ccccc4)c4ccc(*)cc4)cc3)cc2)cc1,tg,230.0,223.22418212890625,220.86496613078145,209.13298310112492,218.38019336531792
*Oc1ccc(S(=O)(=O)c2ccc(Oc3ccc(C4(c5ccc(*)cc5)CC5CCC4C5)cc3)cc2)cc1,tg,250.0,237.18450927734375,253.00540624892145,260.2892282964409,247.5809757937638
*Oc1ccc(S(=O)(=O)c2ccc(Oc3ccc(C4(c5ccc(*)cc5)CCCCC4)cc3)cc2)cc1,tg,226.0,219.24630737304688,232.4288596748372,233.189171554928,226.26654636604826
*Oc1ccc(S(=O)(=O)c2ccc(Oc3ccc(C4(c5ccc(*)cc5)CCCCCC4)cc3)cc2)cc1,tg,247.0,219.2392578125,224.82751662106443,223.45267994020497,221.69015826865763
*Oc1ccc(S(=O)(=O)c2ccc(Oc3ccc(C4(c5ccc(*)cc5)c5ccccc5-c5ccccc54)cc3)cc2)cc1,egc,4.0393,3.93785548210144,3.488392681456008,3.664397294398284,3.7626841639461657
*Oc1ccc(S(=O)(=O)c2ccc(Oc3ccc(C4(c5ccc(Oc6ccc(S(=O)(=O)c7ccc(Oc8ccc(C=C9CCC(=Cc%10ccc(*)cc%10)C9=O)cc8)cc7)cc6)cc5)CCCC4)cc3)cc2)cc1,tg,240.0,201.72906494140625,202.00449629513625,198.7697552557202,200.87004536433693
*Oc1ccc(S(=O)(=O)c2ccc(Oc3ccc(C4(c5ccc(Oc6ccc(S(=O)(=O)c7ccc(Oc8ccc(C=C9CCCC(=Cc%10ccc(*)cc%10)C9=O)cc8)cc7)cc6)cc5)CCCCC4)cc3)cc2)cc1,tg,190.0,202.19866943359375,200.72304919634615,204.66884122227592,202.65994548056898
*Oc1ccc(S(=O)(=O)c2ccc(Oc3ccc(C4(c5ccc(Oc6ccc(S(=O)(=O)c7ccc(Oc8ccc(C=C9CCCCC(=Cc%10ccc(*)cc%10)C9=O)cc8)cc7)cc6)cc5)CCCCCC4)cc3)cc2)cc1,tg,196.0,206.0178985595703,209.34670856493813,208.15486538194065,207.36248495019268
*Oc1ccc(S(=O)(=O)c2ccc(Oc3ccc(C45CC6CC(CC(c7ccc(*)cc7)(C6)C4)C5)cc3)cc2)cc1,tg,242.0,237.87451171875,241.04790342488496,251.37406765631732,242.70261319059526
*Oc1ccc(S(=O)(=O)c2ccc(Oc3ccc(C4CCCC(C(C)c5ccc(*)cc5)C4)cc3)cc2)cc1,tg,230.0,186.4651336669922,220.45904406286783,203.1276462021462,198.59958046889747
*Oc1ccc(S(=O)(=O)c2ccc(Oc3ccc(C=C4CCCC(=Cc5ccc(Oc6ccc(S(=O)(=O)c7ccc(Oc8ccc(C(C)(C)c9ccc(*)cc9)cc8)cc7)cc6)cc5)C4=O)cc3)cc2)cc1,tg,194.0,185.26968383789065,196.72656463499027,189.505935988037,188.9325363945551
*Oc1ccc(S(=O)(=O)c2ccc(Oc3ccc(C=C4CCCCC(=Cc5ccc(*)cc5)C4=O)cc3)cc2)cc1,tg,186.0,199.490478515625,199.2700537562012,202.6804086668663,200.4321422198282
*Oc1ccc(S(=O)(=O)c2ccc(Oc3ccc(C=NN=Cc4ccc(*)cc4)cc3)cc2)cc1,tg,151.0,180.65774536132812,192.6630826307193,192.93320929072877,186.92041991658334
*Oc1ccc(S(=O)(=O)c2ccc(Oc3ccc(C=Nc4ccc(Oc5ccc(N=Cc6ccc(*)cc6)cc5)cc4)cc3)cc2)cc1,tg,162.0,165.35098266601562,184.04755995921727,179.46921337927648,173.55756396155584
*Oc1ccc(S(=O)(=O)c2ccc(Oc3ccc(NC(=O)c4cc(NC(=O)c5ccc(OC(C)=O)cc5)cc(C(=O)Nc5ccc(*)cc5)c4)cc3)cc2)cc1,tg,263.0,238.62130737304688,248.68262749682685,253.63456102803065,245.3318884412051
*Oc1ccc(S(=O)(=O)c2ccc(Oc3ccc(NC(=O)c4ccc(Oc5ccc(C(C)(C)c6ccc(C(C)(C)c7ccc(Oc8ccc(C(=O)Nc9ccc(*)cc9)cc8)cc7)cc6)cc5)cc4)cc3)cc2)cc1,tg,177.0,183.50408935546875,187.16899515233368,190.2447398470704,186.3419941833428
*Oc1ccc(S(=O)(=O)c2ccc(Oc3ccc(NC(=O)c4cccc(C(=O)Nc5ccc(*)cc5)c4)cc3)cc2)cc1,tg,260.0,230.4161071777344,220.95980640706523,232.62355094297732,229.1575826099303
*Oc1ccc(S(=O)(=O)c2ccc(Oc3ccc(P(C)(=O)c4ccc(*)cc4)cc3)cc2)cc1,tg,233.0,214.66180419921875,191.83376682801295,190.47961663707576,202.4933457583858
*Oc1ccc(S(=O)(=O)c2ccc(Oc3ccc(S(=O)(=O)c4ccc(-c5ccc(S(=O)(=O)c6ccc(*)cc6)cc5)cc4)cc3)cc2)cc1,tg,234.0,254.14810180664065,247.2715263704012,252.2125754843592,252.13744530177655
*Oc1ccc(S(=O)(=O)c2ccc(Oc3ccc(Sc4ccc(*)cc4)cc3)cc2)cc1,tg,175.0,180.2576141357422,181.27863780159123,185.01142861040057,181.93800369620396
*Oc1ccc(S(=O)(=O)c2ccc(Oc3ccc4c(=O)n5c6cc(Oc7ccc8c(c7)nc7c9ccc(*)c%10cccc(c(=O)n87)c%109)ccc6nc5c5cccc3c45)cc2)cc1,tg,374.0,349.4954833984375,343.57935303481577,340.3018354732085,345.4364562269126
*Oc1ccc(S(=O)(=O)c2ccc3cc(S(=O)(=O)c4ccc(Oc5c(C)cc(-c6cc(C)c(*)c(C)c6)cc5C)cc4)ccc3c2)cc1,tg,280.0,308.40277099609375,270.3400735572584,274.7698897864324,290.18256851538246
*Oc1ccc(S(=O)(=O)c2ccc3cc(S(=O)(=O)c4ccc(Oc5c(C)cc(-c6cc(C)c(*)c(C)c6C)c(C)c5C)cc4)ccc3c2)cc1,egc,3.4715,3.5750222206115723,3.4667268302721883,3.358634893614864,3.4919067220443725
*Oc1ccc(S(=O)(=O)c2ccc3cc(S(=O)(=O)c4ccc(Oc5c(C)cc(-c6cc(C)c(*)c(C)c6C)c(C)c5C)cc4)ccc3c2)cc1,tg,300.0,256.08526611328125,280.4764017783611,283.7189403038476,269.64248586254587
*Oc1ccc(S(=O)(=O)c2ccc3ccc(S(=O)(=O)c4ccc(*)cc4)cc3c2)cc1,tg,250.0,279.1309509277344,215.63584478278045,222.5403419030968,248.58641611987764
*Oc1ccc(S(=O)(=O)c2cccc3c(S(=O)(=O)c4ccc(Oc5c(C)cc(-c6cc(C)c(*)c(C)c6)cc5C)cc4)cccc23)cc1,tg,262.0,273.9056091308594,280.6916725929929,265.7319536777621,272.7700449951723
*Oc1ccc(S(=O)(=O)c2cccc3c(S(=O)(=O)c4ccc(Oc5ccc(-c6ccc(*)cc6)cc5)cc4)cccc23)cc1,egc,3.4062,3.6798095703125,3.7196302371013408,3.713728014783358,3.697963328892526
*Oc1ccc(S(=O)(=O)c2cccc3c(S(=O)(=O)c4ccc(Oc5ccc(-c6ccc(*)cc6)cc5)cc4)cccc23)cc1,tg,248.0,248.1842803955078,249.41748327341008,253.39656821829828,250.05007770097274
*Oc1ccc(S(=O)c2ccc(OC(*)=O)cc2)cc1,egc,4.6592,4.352170944213867,4.414568097777617,4.399558482533657,4.379051053516313
*Oc1ccc(S(=O)c2ccc(Oc3ccc(C(C)(C)c4ccc(*)cc4)cc3)cc2)cc1,tg,165.0,158.8786163330078,163.41795735487108,158.63466823973295,159.73511592860004
*Oc1ccc(S(=O)c2ccc(Oc3ccc(C=NN=Cc4ccc(*)cc4)cc3)cc2)cc1,tg,151.0,167.46533203125,159.71938975487433,153.18446269783874,161.4567113229843
*Oc1ccc(SC(=O)Oc2ccc(C(C)(C)c3ccc(OC(=O)Sc4ccc(*)cc4)cc3)cc2)cc1,tg,145.0,78.93356323242188,115.72402824959052,123.60770265349008,100.30857207126667
*Oc1ccc(SSCCSSc2ccc(*)cc2)cc1,egc,4.0205,3.891887903213501,3.9145897772209706,3.973186641014713,3.919079982148518
*Oc1ccc(Sc2ccc(*)cc2)cc1,egc,4.5667,4.189760684967041,4.2923144145341725,4.072914267484771,4.181007712329883
*Oc1ccc(Sc2ccc(OC(*)=O)cc2)cc1,egc,4.473,4.715071201324463,4.436883502250205,4.4842328551802675,4.58991136574571
*Oc1ccc(Sc2ccc(OC(*)=O)cc2)cc1,tg,110.0,104.86868286132812,123.1725342408225,121.3395297941583,113.7224995854994
*Oc1ccc(Sc2ccc(Oc3ccc4c(=O)n5c6cc(-c7ccc8c(c7)nc7c9ccc(*)c%10cccc(c(=O)n87)c%109)ccc6nc5c5cccc3c45)cc2)cc1,tg,386.0,357.60772705078125,364.1489075329594,370.3507420963182,362.89320737188876
*Oc1ccc(Sc2ccc(Oc3ccc4c(=O)n5c6cc(Oc7ccc8c(c7)nc7c9ccc(*)c%10cccc(c(=O)n87)c%109)ccc6nc5c5cccc3c45)cc2)cc1,tg,346.0,318.55560302734375,360.5713686666727,353.4177294101386,337.96772234914386
*Oc1ccc(Sc2ccc(Sc3ccc(Sc4ccc(*)cc4)cc3)cc2)cc1,tg,84.0,113.77639770507812,145.32321315833823,128.2024349554855,124.71649683333709
*Oc1ccc([Si](c2ccccc2)(c2ccccc2)c2ccc(OC(=O)c3ccc4c(c3)Cc3cc(C(*)=O)ccc3-4)cc2)cc1,tg,72.1,129.10227966308594,217.02627341988637,222.5857334600742,176.0764412624824
*Oc1ccc2c(c1)C(=O)N(Oc1ccc(C(N3C(=O)CC(*)C3=O)(C(F)(F)F)C(F)(F)F)cc1)C2=O,egc,3.5205,4.059621810913086,3.453972456179401,3.4535627349812703,3.7590009450221387
*Oc1ccc2c(c1)C(C)(c1ccc(OC(*)=O)cc1)CC2(C)C,tg,201.7,200.7984619140625,184.884079369873,199.2382039409224,197.048352808274
*Oc1ccc2c(c1)C(C)(c1ccc(OC(=O)c3ccc(C(*)=O)cc3)cc1)CC2(C)C,tg,252.5,254.3670654296875,228.26024959456967,257.571682387655,249.99852909746681
*Oc1ccc2c(c1)C1(CC2(C)C)CC(C)(C)c2ccc(OC(=O)c3ccc(C(*)=O)cc3)cc21,tg,290.0,263.26361083984375,263.5136116330031,261.5886356762899,262.79672500789434
*Oc1ccc2cc(OC(=O)c3ccc(-c4ccc(C(*)=O)cc4)cc3-c3ccccc3)ccc2c1,tg,125.0,200.25314331054688,192.55809126421445,187.64592102956357,194.77277357575713
*Oc1ccc2cc(Oc3ccc(C(=O)c4ccc(*)cc4)cc3)ccc2c1,tg,247.0,151.30538940429688,181.57926014455552,185.27006948751497,168.0291190451516
*Oc1ccc2cc(Oc3ccc(S(=O)(=O)c4ccc(*)cc4)cc3)ccc2c1,tg,231.0,201.90858459472656,242.6555406650256,236.63152718027436,221.0171426893695
*Oc1ccc2cc(Oc3ccc(S(=O)(=O)c4ccc(Oc5ccc(C(=O)c6ccc(*)cc6)cc5)cc4)cc3)ccc2c1,tg,199.0,189.5626220703125,193.6010019959048,212.6252866497374,197.5270048794055
*Oc1ccc2cc(Oc3ccc4c(=O)n5c6cc(-c7ccc8c(c7)nc7c9ccc(*)c%10cccc(c(=O)n87)c%109)ccc6nc5c5cccc3c45)ccc2c1,tg,413.0,390.3463745117187,372.78841868868534,367.2326956350157,379.5904997873011
*Oc1ccc2ccc(OC(=O)c3ccc(Oc4ccc(C(*)=O)cc4)cc3)cc2c1,tg,142.0,141.338623046875,147.70784645943746,162.62517880396678,149.23204923791508
*Oc1ccc2ccc(Oc3ccc(C(=O)Nc4ccc(C(C)(C)c5ccc(C(C)(C)c6ccc(NC(=O)c7ccc(*)cc7)cc6)cc5)cc4)cc3)cc2c1,tg,155.0,214.49224853515625,210.0241117004461,204.6421910243603,210.5274255925051
*Oc1ccc2ccc(Oc3ccc(C(=O)Nc4ccc(Oc5ccc(C(C)(C)c6ccc(C(C)(C)c7ccc(Oc8ccc(NC(=O)c9ccc(*)cc9)cc8)cc7)cc6)cc5)cc4)cc3)cc2c1,tg,166.0,178.72354125976562,161.72280662997872,152.41166729054217,167.09259356801823
*Oc1ccc2ccc(Oc3ccc(C(=O)Nc4ccc(Oc5ccc(C(C)(C)c6ccc(Oc7ccc(NC(=O)c8ccc(*)cc8)cc7)cc6)cc5)cc4)cc3)cc2c1,tg,143.0,171.45233154296875,175.38803540535943,171.1986665560938,172.18189191488142
*Oc1ccc2ccc(Oc3ccc(C(=O)Nc4ccc(Oc5ccc(C(C)(c6ccccc6)c6ccc(Oc7ccc(NC(=O)c8ccc(*)cc8)cc7)cc6)cc5)cc4)cc3)cc2c1,tg,177.0,204.80320739746097,171.166220550305,177.6395982950863,189.49315021409328
*Oc1ccc2ccc(Oc3ccc(C(=O)Nc4ccc(Oc5ccc(C(c6ccc(Oc7ccc(NC(=O)c8ccc(*)cc8)cc7)cc6)(C(F)(F)F)C(F)(F)F)cc5)cc4)cc3)cc2c1,tg,163.0,209.052001953125,195.88881722214688,201.94269992602432,204.14994662297718
*Oc1ccc2ccc(Oc3ccc(C(=O)Nc4ccc(Oc5ccc(S(=O)(=O)c6ccc(Oc7ccc(NC(=O)c8ccc(*)cc8)cc7)cc6)cc5)cc4)cc3)cc2c1,tg,227.0,198.8000030517578,206.980048655899,211.4311438838351,204.38734704283024
*Oc1ccc2ccc(Oc3ccc(C(=O)Nc4cccc(Oc5ccc(NC(=O)c6ccc(*)cc6)cc5)c4)cc3)cc2c1,tg,164.0,218.0303955078125,189.51903725417125,193.74189520536444,204.6622008308383
*Oc1ccc2ccccc2c1N=Nc1ccc(C(*)=O)cc1,egc,2.8394,3.185723304748535,3.283807740634418,3.1421984932110454,3.195898056259285
*Oc1ccc2nc3oc4cc5oc6c7c(cn6ccc5on4cnc3c12)nc1c(*)ccccc17,egc,1.4158,2.6628494262695312,2.508436191095209,3.053170672435452,2.7343039517597445
*Oc1cccc(*)c1,egc,4.9932,5.035555839538574,4.439279190828849,4.606759892706268,4.785221827151162
*Oc1cccc(C(=O)Nc2ccc(-c3ccc(NC(=O)c4cccc(Oc5nc(*)nc(Sc6ccccc6)n5)c4)cc3)cc2)c1,tg,279.0,165.3337860107422,185.5535174545006,191.28635343578944,177.51446270091128
*Oc1cccc(C(=O)Nc2ccc(S(=O)(=O)c3ccc(NC(=O)c4cccc(Oc5nc(*)nc(Sc6ccccc6)n5)c4)cc3)cc2)c1,egc,3.9202,3.722221136093139,3.6429947960263647,3.6119067515999177,3.674460402441898
*Oc1cccc(C(=O)OCC(F)(F)C(F)(F)C(F)(F)COC(=O)c2cccc(*)c2)c1,egc,4.5011,4.674031734466553,4.6701730647789725,4.412296245267901,4.602020528788507
*Oc1cccc(C(=O)OCC(F)(F)C(F)(F)C(F)(F)COC(=O)c2cccc(*)c2)c1,tg,20.0,29.395828247070312,44.90050050047239,48.396435941929354,38.457616667869885
*Oc1cccc(C(=O)c2ccc(*)cc2)c1,tg,132.67,141.3647918701172,131.28585389205983,144.31280315932497,140.2075545395899
*Oc1cccc(C(=O)c2ccc(Oc3ccc(C(=O)c4ccc(*)cc4)cc3)cc2)c1,tg,146.0,149.29385375976562,132.39254982864566,120.04104132652505,136.7734355311072
*Oc1cccc(C(=O)c2cccc(Oc3cccc(*)c3)c2)c1,egc,3.6547,4.36848783493042,4.089237816949345,4.113219661828885,4.23644909542662
*Oc1cccc(C(F)(F)C(F)(F)C(F)(F)c2cccc(OC(=O)c3cccc(C(F)(F)C(F)(F)C(F)(F)c4cccc(C(*)=O)c4)c3)c2)c1,tg,74.0,62.30896759033203,111.79597449616458,87.0892016820143,80.13581543074231
*Oc1cccc(N(c2ccccc2)c2ccc(-c3ccc(N(c4ccccc4)c4cccc(OC(=O)OCCOCCOC(*)=O)c4)cc3)cc2)c1,tg,113.0,76.83358001708984,128.3927206817933,101.46378006169266,95.03943994971563
*Oc1cccc(NC(=O)CCCCCCC(=O)Nc2ccc(*)cc2)c1,tg,140.0,128.68264770507812,135.23690722674957,129.34468343414753,130.23312947340236
*Oc1cccc(NC(=O)CCCCCCCC(=O)Nc2ccc(*)cc2)c1,tg,120.0,133.26165771484375,135.948188771122,135.39867863148143,134.4743943277564
*Oc1cccc(NC(=O)CCCCCCCCC(=O)Nc2ccc(*)cc2)c1,tg,125.0,117.93788146972656,122.77305723846224,123.45627230028992,120.63790501135095
*Oc1cccc(NC(=O)CCCCCCCCCC(=O)Nc2ccc(*)cc2)c1,tg,110.0,125.72528839111328,116.86001570048984,117.94411428131158,121.49777116995101
*Oc1cccc(NC(=O)c2cc(NC(=O)c3ccc(OC(C)=O)cc3)cc(C(=O)Nc3ccc(*)cc3)c2)c1,tg,251.0,257.4460754394531,235.5590715581189,246.0084211234469,249.4137989089727
*Oc1cccc(NC(=O)c2ccc(*)cc2)c1,egc,4.3679,4.335209846496582,4.008490476151938,3.9421477389068342,4.1550656708310445
*Oc1cccc(NC(=O)c2ccc(C(=O)Nc3ccc(*)cc3)cc2)c1,tg,280.0,211.07366943359375,242.8984620863025,235.86721954916533,225.27840173147962
*Oc1cccc(NC(=O)c2ccc(C(=O)Nc3ccc(Oc4ccc(C(=O)c5ccc(*)cc5)cc4)cc3)cc2)c1,tg,126.0,209.66036987304688,184.2107986861577,186.63681054507177,197.31214657372482
*Oc1cccc(NC(=O)c2ccc([Si](C)(C)c3ccc(C(*)=O)cc3)cc2)c1,tg,220.0,183.6954345703125,204.05992582545676,203.82097208054856,194.1030314600096
*Oc1cccc(NC(=O)c2cccc(C(=O)Nc3ccc(*)cc3)c2)c1,tg,236.75,240.5445251464844,216.3657550673758,235.29531820453315,233.95634323160073
*Oc1cccc(NC(=O)c2cccc(C(=O)Nc3ccc(Oc4ccc(C(=O)c5ccc(*)cc5)cc4)cc3)c2)c1,tg,114.0,191.09848022460935,191.40911411793184,193.89643012988492,192.0279026311182
*Oc1cccc(OC(=O)CCC(*)=O)c1,tg,38.2,67.3331298828125,86.26572047669077,73.61724619598589,73.16440316373442
*Oc1cccc(OC(=O)Oc2ccc(C(C)(C)c3ccc(OC(*)=O)cc3)cc2)c1,tg,83.1,81.38459777832031,100.20059681981836,97.86730424040152,90.34723288683685
*Oc1cccc(OC(=O)c2cc(OCCCCC)cc(C(*)=O)c2)c1,tg,96.0,95.41793060302734,73.54726916280121,64.11723244258188,81.24366503557079
*Oc1cccc(OC(=O)c2ccc(OC(=O)c3cccc(C(=O)Oc4ccc(C(*)=O)cc4)c3)cc2)c1,tg,156.75,129.55738830566406,107.23933368313064,119.83239756490156,121.96648644007063
*Oc1cccc(OC(=O)c2ccc(Oc3ccc(C(*)=O)cc3)cc2)c1,egc,4.2359,3.811214447021485,3.893174987090501,3.96149620505032,3.870452628582803
*Oc1cccc(OC(=O)c2ccc(Oc3ccc(C(*)=O)cc3)cc2)c1,tg,159.0,125.81292724609376,139.11847328217723,145.72109660786663,134.70399902053498
*Oc1cccc(OC(=O)c2ccc([Si](C)(C)c3ccc(C(*)=O)cc3)cc2)c1,tg,134.0,156.25982666015625,143.72759248302452,147.45633736519585,150.9631544726576
*Oc1cccc(OC(=O)c2cccc(C(*)=O)c2)c1,egc,4.1279,4.110238075256348,4.235233704770884,4.302928138495394,4.190658919837862
*Oc1cccc(OC(=O)c2cccc(C(*)=O)c2)c1,tg,141.6,137.22962951660156,137.9535701761928,154.4073381185472,142.6928016603868
*Oc1cccc(Oc2ccc(C(=O)O)c(C(=O)Nc3ccc(Oc4ccc(-c5ccc(Oc6ccc(NC(=O)c7cc(*)ccc7C(=O)O)cc6)cc5)cc4)cc3)c2)c1,tg,100.0,206.42990112304688,216.4156565902584,202.3873115544228,207.2293601103196
*Oc1cccc(Oc2ccc(C(=O)Oc3cccc(OC(=O)c4ccc(*)cc4)c3)cc2)c1,tg,131.0,104.08401489257812,117.99581198613438,117.58255641978856,111.11650825322701
*Oc1cccc(Oc2ccc(C(=O)c3ccc(*)cc3)cc2)c1,tg,123.0,131.7238311767578,148.0112481093348,146.88164967701232,139.75742065392382
*Oc1cccc(Oc2ccc(C(=O)c3ccc(NC(=O)c4ccc(C(=O)Nc5ccc(C(=O)c6ccc(*)cc6)cc5)cc4)cc3)cc2)c1,tg,190.0,194.44302368164065,199.21171940127417,200.19538630745325,197.20178573944202
*Oc1cccc(Oc2ccc(C(=O)c3ccc(NC(=O)c4cccc(C(=O)Nc5ccc(C(=O)c6ccc(*)cc6)cc5)c4)cc3)cc2)c1,tg,214.0,195.5301513671875,170.48214250139725,176.5929415689337,184.52863160878618
*Oc1cccc(Oc2ccc(C(=O)c3ccc(P(=O)(c4ccccc4)c4ccc(C(=O)c5ccc(*)cc5)cc4)cc3)cc2)c1,tg,201.0,191.13705444335935,174.65817224405913,166.1604397319922,180.02635874900102
*Oc1cccc(Oc2ccc(NC(=O)c3cc(NC(=O)c4ccc(OC(C)=O)cc4)cc(C(=O)Nc4ccc(*)cc4)c3)cc2)c1,tg,230.0,238.9551696777344,232.10929644731385,228.70732735391812,234.3791038667419
*Oc1cccc(Oc2ccc(NC(=O)c3ccc(-c4ccc(C(=O)Nc5ccc(*)cc5)c(C)c4)cc3C)cc2)c1,tg,213.0,197.31781005859375,195.3699017008743,199.15352813770917,197.48582948018762
*Oc1cccc(Oc2ccc(Oc3ccc(S(=O)(=O)c4ccc(Oc5ccc(Oc6cccc(Oc7ccc(-c8ccc(*)cc8)cc7)c6)cc5)c(S(=O)(=O)[O][Na])c4)cc3S(=O)(=O)[O][Na])cc2)c1,tg,283.0,304.54559326171875,254.37778900273497,259.7243972592302,280.3785810428186
*Oc1cccc(Oc2ccc(Oc3cccc(OC(=O)c4ccc(C(*)=O)cc4)c3)cc2)c1,tg,103.0,115.57232666015624,124.94326559419854,109.29248345488296,115.55338287820996
*Oc1cccc(Oc2ccc(S(=O)(=O)c3ccc(*)cc3)cc2)c1,egc,4.2737,4.580888271331787,4.195788549381355,4.371461136421926,4.437562203312301
*Oc1cccc(Oc2ccc3c(=O)n4c5cc(-c6ccc7c(c6)nc6c8ccc(*)c9cccc(c(=O)n76)c98)ccc5nc4c4cccc2c34)c1,tg,396.5,401.8117980957031,387.38751220817306,392.9158501672043,396.098062724494
*Oc1cccc(Oc2ccc3c(=O)n4c5cc(Oc6ccc7c(c6)nc6c8ccc(*)c9cccc(c(=O)n76)c98)ccc5nc4c4cccc2c34)c1,tg,369.5,363.3887023925781,369.9986538218174,358.7138514185168,363.2994611626593
*Oc1cccc(Oc2cccc(*)c2)c1C#N,tg,144.25,112.49864196777344,143.76429363010004,137.43158597103522,126.63170332873673
*Oc1cccc(Oc2cccc(*)n2)c1,egc,4.536,4.733842849731445,4.504540822554994,4.532606681157089,4.627697297396369
*Oc1cccc(Oc2cccc(*)n2)c1,tg,82.0,80.32759857177734,82.48896921160308,82.4918470287025,81.44093813267494
*Oc1cccc(Oc2cccc(NC(=O)c3cc(Oc4ccc(C(=O)O)c(C(=O)Nc5cccc(*)c5)c4)ccc3C(=O)O)c2)c1,tg,176.4,174.0740966796875,178.26361899421687,179.69667445699216,176.67379485179583
*Oc1cccc(Oc2cccc(NC(=O)c3cc(Oc4ccc(C(=O)O)c(C(=O)Nc5cccc(*)c5)c4)ccc3C(=O)O)c2)c1C#N,tg,200.1,175.8981475830078,181.5013298856155,181.5907078872181,178.80973637955398
*Oc1cccc(Oc2cccc(NC(=O)c3cccc(Oc4cccc(Oc5cccc(C(=O)Nc6cccc(*)c6)c5)c4)c3)c2)c1,tg,137.5,128.32432556152344,159.47450436244154,164.85927930774514,146.02317656507483
*Oc1cccc2c(OC(=O)Oc3ccc(OC(*)=O)cc3C)cccc12,egc,4.1043,4.188861846923828,3.9510794069947135,4.038739279225876,4.094707476342701
*Oc1cccc2c(OC(=O)Oc3cccc(OC(*)=O)c3)cccc12,egc,4.104,4.661784648895264,4.171297166355639,4.304596189199339,4.454649489003994
*Oc1cccc2c(OC3(F)C(*)(F)C(F)(F)C3(F)F)cccc12,tg,124.8,141.93179321289062,129.54633517933473,131.75771474301752,136.24121481663298
*Oc1cccc2cc(OC(=O)c3ccc(Oc4ccc(C(*)=O)cc4)cc3)ccc12,tg,179.0,140.45179748535156,173.27752359544095,163.74033406838117,154.39640191722566
*Oc1cccc2ccc(Oc3ccc(NC(=O)c4cc(C(=O)Nc5ccc(*)cc5)cc(C(C)(C)C)c4)cc3)cc12,tg,263.0,272.7279968261719,230.2906275391115,239.37880015737852,253.69739692882325
*Oc1cccc2ccc(Oc3ccc(NC(=O)c4ccc(C(c5ccc(C(=O)Nc6ccc(*)cc6)cc5)(C(F)(F)F)C(F)(F)F)cc4)cc3)cc12,tg,252.0,208.24029541015625,226.22136019304136,237.71895650745864,221.0522740900536
*Oc1cccc2ccc(Oc3ccc(NC(=O)c4ccc(Oc5ccc(C(=O)Nc6ccc(*)cc6)cc5)cc4)cc3)cc12,tg,236.0,221.89947509765625,228.23788357302337,229.0034545363893,225.39868651525916
*Oc1cccc2ccc(Oc3ccc(NC(=O)c4ccc(Oc5ccc(C(C)(C)c6cccc(C(C)(C)c7ccc(Oc8ccc(C(=O)Nc9ccc(*)cc9)cc8)cc7)c6)cc5)cc4)cc3)cc12,tg,175.5,179.11880493164062,172.0237243467776,163.88930998380835,172.95032153968253
*Oc1cccc2ccc(Oc3ccc(NC(=O)c4ccc(Oc5ccc(Oc6ccc(C(=O)Nc7ccc(*)cc7)cc6)cc5)cc4)cc3)cc12,tg,224.0,205.7045135498047,200.94229294708273,203.2301573412184,203.9612496371497
*Oc1cccc2ccc(Oc3ccc(NC(=O)c4ccc(Oc5ccc(S(=O)(=O)c6ccc(Oc7ccc(C(=O)Nc8ccc(*)cc8)cc7)cc6)cc5)cc4)cc3)cc12,tg,218.0,205.55072021484375,230.24206968408905,239.9873882493507,221.2743268622728
*Oc1cccc2ccc(Oc3ccc(NC(=O)c4ccc(Oc5cccc(Oc6ccc(C(=O)Nc7ccc(*)cc7)cc6)c5)cc4)cc3)cc12,tg,196.0,189.32101440429688,186.9190036881941,196.2799782473099,190.98086155701196
*Oc1cccc2ccc(Oc3ccc(NC(=O)c4ccc(Oc5ccccc5Oc5ccc(C(=O)Nc6ccc(*)cc6)cc5)cc4)cc3)cc12,tg,180.0,196.4817657470703,202.71778430045504,210.47497029616693,202.09138408419096
*Oc1cccc2ccc(Oc3ccc(NC(=O)c4ccc(S(=O)(=O)c5ccc(C(=O)Nc6ccc(*)cc6)cc5)cc4)cc3)cc12,tg,259.0,250.94384765625,255.7131343845232,246.14800994669537,250.43926733683656
*Oc1cccc2ccc(Oc3ccc(NC(=O)c4cccc(C(=O)Nc5ccc(*)cc5)c4)cc3)cc12,tg,256.0,213.4623565673828,215.17664838218332,236.3014696656969,220.88041638014408
*Oc1ccccc1C(=O)OC(=O)c1ccccc1OC(=O)CCCCC(*)=O,tg,60.0,39.273590087890625,54.32439420845056,61.49244169703756,49.2378737500493
*Oc1ccccc1C(=O)OC(=O)c1ccccc1OC(=O)CCCCCC(*)=O,tg,40.0,31.12195587158203,36.39707792018114,43.89408499607002,36.156508780246554
*Oc1ccccc1C(=O)OC(=O)c1ccccc1OC(=O)CCCCCCC(*)=O,tg,28.0,31.01612091064453,35.50757978255543,34.19180056002334,32.92077417341325
*Oc1ccccc1C(=O)OC(=O)c1ccccc1OC(=O)CCCCCCCCC(*)=O,tg,28.0,24.014892578125,40.125489324331625,30.984375733307104,29.47882411319904
*Oc1ccccc1C(=O)OC(=O)c1ccccc1OC(=O)c1ccc(C(*)=O)cc1,tg,120.0,115.21185302734376,116.26751887208268,124.71196782392413,118.3677930508284
*Oc1ccccc1CNC(=O)Nc1ccc(Cc2ccc(NC(*)=O)cc2)cc1,egc,4.6144,4.531091690063477,4.047526484880963,4.078761101626282,4.299647845232591
*Oc1ccccc1Oc1ccc(S(=O)(=O)c2ccc(*)cc2)cc1,tg,171.0,221.72674560546875,201.33027023823595,198.9565490400067,210.49436200935097
*SC(C)C(*)=O,tg,12.0,59.34049224853515,79.2128385935237,70.01210047005954,66.72213493488732
*SC1CCCC(*)C1,egb,5.2199,6.158085823059082,5.184031848015841,5.385137287277488,5.932133240491809
*SC1CCCC(*)C1,egc,4.9242,5.386425971984863,4.921202205515021,5.137205077354041,5.214306830625406
*SC1CCCCC1*,tg,-45.0,95.34909057617188,109.0369756876894,111.78079882337693,103.2430927108101
*SCC(=O)NN=Cc1ccc(OCCCCCCCCCCOc2ccc(C=NNC(=O)CSc3nnc(*)s3)cc2OC)c(OC)c1,tg,156.0,116.5166244506836,79.76473918915453,75.85853295351656,96.3920447557246
*Sc1c(C)cc(*)cc1C,tg,198.0,153.4691162109375,173.15273322105915,127.16510756801904,149.37227889300226
*Sc1ccc(*)cc1,egb,3.1848,3.0286874771118164,3.059031394279241,2.909107111855839,3.0357263955135227
*Sc1ccc(*)cc1,ei,6.1739,5.244576454162598,5.340405172981721,5.572255477192221,5.3585077698535075
*Sc1ccc(*)cc1,tg,93.49,211.05386352539065,167.1799873966098,134.80215470140544,178.45490457145723
*Sc1ccc(C(=O)CNCCCCCCCCNCC(=O)c2ccc(*)cc2)cc1,tg,231.0,80.76780700683594,93.69781282389609,88.07861217694006,85.6843305105034
*Sc1ccc(C(=O)c2ccc(C(C)(C)c3ccc(C(=O)c4ccc(*)cc4)cc3)cc2)cc1,tg,175.0,159.09664916992188,171.91012955645547,171.9681115502797,165.70963734425388
*Sc1ccc(C(=O)c2ccc(C(c3ccc(C(=O)c4ccc(*)cc4)cc3)(C(F)(F)F)C(F)(F)F)cc2)cc1,tg,175.0,181.83984375,163.43323711476936,172.58438609967945,175.19726951171316
*Sc1ccc(Cc2ccc(SC(*)=O)cc2)cc1,tg,117.0,107.5512466430664,119.48614159721366,124.37108178269128,115.20542272156695
*Sc1ccc(Nc2ccc(*)cc2)cc1,tg,145.0,163.4483184814453,130.47415784012907,137.24992844611754,148.57297147853427
*Sc1ccc(Nc2ccc(Nc3ccc(*)cc3)cc2)cc1,tg,114.0,186.2076416015625,162.57097645002423,168.32275712151852,175.8214598526016
*Sc1ccc(P(=O)(c2ccccc2)c2ccc(Sc3ccc(-c4ccc(*)cc4)cc3)cc2)cc1,tg,232.0,204.37628173828125,208.9320604972565,216.51180755030657,209.06618998245767
*Sc1ccc(Sc2ccc(Sc3ccc4c(c3)C(=O)N(N3C(=O)c5cccc(*)c5C3=O)C4=O)cc2)cc1,tg,242.0,205.24652099609375,246.97008817302225,266.2010379476759,232.67126486714028
*Sc1ccc(Sc2ccc(Sc3ccc4c(c3)Sc3ccc(*)cc3S4)cc2)cc1,tg,151.2,148.04664611816406,212.15896884646835,195.91235096758177,176.01854015545445
*Sc1ccc2c(c1)Sc1ccc(*)cc1S2,tg,209.9,172.54928588867188,202.82867349071128,192.170709473282,184.83654787937715
*[O][Ca][O]C(=O)c1ccccc1C(=O)OCCCCCOC(=O)NCCCCCCNC(=O)OCCCCCOC(=O)c1ccccc1C(*)=O,tg,-2.4,19.28721618652344,16.599350028033207,24.005475009403657,20.195131876471333
*c1[nH]c(*)c(C(=O)O)c1C,egc,3.2017,4.029313564300537,3.0872394903203166,3.293095268571176,3.6178338944611896
*c1[nH]c(*)c(CC(=O)OC)c1CC(=O)OC,egc,3.2776,3.1529183387756348,3.338254511097164,3.5857022436971837,3.312139715211109
*c1[nH]c(*)c(OC)c1OC,egc,2.5591,3.960742473602295,4.151618303683214,4.08610041061421,4.0376415260905905
*c1[nH]c(*)c2c1CCCC2,egc,2.7316,2.7643625736236572,3.074801869418153,3.1974523857543895,2.9517346442806063
*c1[nH]c(*)c2c1CCCCC2,egc,3.1158,2.9008681774139404,2.978773246772171,2.969387663725139,2.9369716996473385
*c1c(C)cc(-c2cc(C)c(N3C(=O)c4ccc(-c5ccc6c(c5)C(=O)N(*)C6=O)cc4C3=O)c(C)c2)cc1C,egc,2.8885,3.3369507789611816,3.0375683682248784,2.9692807853253615,3.1698419315461575
*c1c(C)cc(-c2cc(C)c(N3C(=O)c4ccc(-c5ccc6c(c5)C(=O)N(*)C6=O)cc4C3=O)c(C)c2)cc1C,tg,285.0,361.9199523925781,368.2382043465814,374.7101434537128,367.174258771028
*c1c(C)cc(-c2cc(C)c(N3C(=O)c4ccc(S(=O)(=O)c5ccc6c(c5)C(=O)N(*)C6=O)cc4C3=O)c(C)c2)cc1C,egc,2.7305,3.4430923461914062,2.937094976991829,2.9351593017137017,3.1915017507998424
*c1c(C)cc(-c2cc(C)c(N3C(=O)c4cccc(Oc5c(C)cc(Cc6cc(C)c(Oc7cccc8c7C(=O)N(*)C8=O)c(C)c6)cc5C)c4C3=O)c(C)c2)cc1C,tg,276.0,308.4235534667969,289.9471514403152,282.22828696081336,296.5257126870511
*c1c(C)cc(-c2cc(C)c(N3C(=O)c4cccc(Oc5ccc(C(C)(C)c6ccc(Oc7cccc8c7C(=O)N(*)C8=O)cc6)cc5)c4C3=O)c(C)c2)cc1C,tg,265.0,305.880859375,255.77776776858065,259.689552307764,281.3032403840611
*c1c(C)cc(C(C)(C)c2cc(C)c(S(*)(=O)=O)c(C)c2)cc1C,tg,229.0,204.36691284179688,198.9296293630679,208.46595777187488,204.51876870426142
*c1c(C)cc(C(c2cc(C)c(N3C(=O)c4ccc(-c5ccc6c(c5)C(=O)N(*)C6=O)cc4C3=O)c(C)c2)c2cccc3ccccc23)cc1C,tg,311.67,292.91070556640625,320.8861005943944,320.220668329653,307.103659119426
*c1c(C)cc(C(c2cccc(C(F)(F)F)c2)c2cc(C)c(N3C(=O)c4ccc(-c5ccc6c(c5)C(=O)N(*)C6=O)cc4C3=O)c(C)c2)cc1C,tg,312.9,292.7266845703125,281.8180411553281,293.96220494225804,290.8692797048079
*c1c(C)cc(C(c2cccc(C(F)(F)F)c2)c2cc(C)c(N3C(=O)c4ccc(Oc5ccc6c(c5)C(=O)N(*)C6=O)cc4C3=O)c(C)c2)cc1C,tg,264.1,248.44285583496097,288.4861533966114,282.32731252965596,267.14752990382647
*c1c(C)cc(C)c(N2C(=O)c3ccc(-c4ccc5c(c4)C(=O)N(*)C5=O)cc3C2=O)c1C,tg,385.0,368.4865112304687,379.2711080754731,403.9610002274435,381.67600477530243
*c1c(C)cc(C)c(N2C(=O)c3ccc(Oc4ccc(Oc5ccc6c(c5)C(=O)N(*)C6=O)cc4)cc3C2=O)c1C,tg,345.0,309.0978088378906,290.13749257866755,299.60568163052636,302.2683300773576
*c1c(C)cc(C)c(N2C(=O)c3ccc(S(=O)(=O)c4ccc5c(c4)C(=O)N(*)C5=O)cc3C2=O)c1C,tg,418.0,357.318115234375,346.99469349615396,353.3189158027002,353.96131430214325
*c1c(C)cc(C)c(N2C(=O)c3ccc(Sc4ccc5c(c4)C(=O)N(*)C5=O)cc3C2=O)c1C,tg,378.0,341.48931884765625,331.74399264153203,339.37554192606717,338.8345299180162
*c1c(C)cc(C)c(N2C(=O)c3cccc(Oc4c(C)cc(Cc5cc(C)c(Oc6cccc7c6C(=O)N(*)C7=O)c(C)c5)cc4C)c3C2=O)c1C,tg,287.0,300.3197021484375,291.1665278745174,295.3365182936633,296.8987342912144
*c1c(C)cc(Cc2cc(C)c(N3C(=O)c4ccc(Oc5c(C)cc(-c6cc(C)c(Oc7ccc8c(c7)C(=O)N(*)C8=O)c(C)c6)cc5C)cc4C3=O)c(C)c2)cc1C,tg,420.0,290.4583740234375,302.875588034222,293.8921250655739,294.0701104536396
*c1c(C)cc(Cc2cc(C)c(N3C(=O)c4ccc(Oc5c(C)cc(Cc6cc(C)c(Oc7ccc8c(c7)C(=O)N(*)C8=O)c(C)c6)cc5C)cc4C3=O)c(C)c2)cc1C,tg,264.0,318.1849365234375,293.65702496045884,298.1058440113475,306.9369157912289
*c1c(C)cc(Cc2cc(C)c(N3C(=O)c4ccc(Oc5ccc(C(C)(C)c6ccc(Oc7ccc8c(c7)C(=O)N(*)C8=O)cc6)cc5)cc4C3=O)c(C)c2)cc1C,tg,249.0,248.7606201171875,259.71286659587014,260.0473282112513,254.5011771921691
*c1c(C)cc(Cc2cc(C)c(N3C(=O)c4ccc(Oc5cccc6c(Oc7ccc8c(c7)C(=O)N(*)C8=O)cccc56)cc4C3=O)c(C)c2)cc1C,egc,3.4317,3.0283310413360596,2.7393146547991636,2.9374971624619537,2.9387980426134552
*c1c(C)cc(Cc2cc(C)c(N3C(=O)c4ccc(Oc5cccc6c(Oc7ccc8c(c7)C(=O)N(*)C8=O)cccc56)cc4C3=O)c(C)c2)cc1C,tg,281.0,258.771240234375,269.23078140535915,277.49813556081926,266.7125283152188
*c1c(C)cc(Cc2cc(C)c(N3C(=O)c4cccc(Oc5c(C)cc(Cc6cc(C)c(Oc7cccc8c7C(=O)N(*)C8=O)c(C)c6)cc5C)c4C3=O)c(C)c2)cc1C,tg,243.0,275.2423400878906,254.34274787448737,262.57583968866356,267.03260182368876
*c1c(F)c(F)c(*)c(F)c1F,egc,5.4728,3.626288414001465,4.214185478015558,4.65327798327299,4.0373446751631885
*c1cc(*)c(O)c(C=Nc2ccc(C(=O)O)cc2)c1,egc,2.8212,3.21858549118042,3.111565566134058,3.0291023136459736,3.1430692926116333
*c1cc(*)c(O)c(C=Nc2ccc(Cl)cc2)c1,egc,2.9264,2.632230281829834,2.881827515009792,2.7652111495427274,2.7243758701854124
*c1cc(*)c(O)c(C=O)c1,egc,3.2778,3.7353105545043945,4.339782877413838,3.76734584518013,3.8796349907210974
*c1cc(*)c(O)c(N=Cc2ccc(F)cc2)c1,tg,154.0,125.27729034423828,160.5734510338283,137.08890641535237,136.1783039758987
*c1cc(*)cc(-c2nc3ccccc3o2)c1,tg,250.0,321.3145751953125,250.96235170950357,257.4258114478736,287.10425759139105
*c1cc(*)cc(C23CC4CC(CC(C4)C2)C3)c1,egc,4.4178,4.339818000793457,4.7810204659088305,4.73493318022474,4.546205129518964
*c1cc(-c2cc(CCCCCCCC)ccc2CCCCCCCC)c(*)s1,egc,1.6967,2.970884323120117,2.563892060877796,2.4897759128733767,2.748797571398228
*c1cc(-c2ccc(Br)cc2)c(*)s1,egc,2.7394,2.5855650901794434,2.831220594079949,2.6384344862203206,2.6550502616450977
*c1cc(-c2ccc(C(=C3C=C(C(C)(C)C)C(=O)C(C(C)(C)C)=C3)c3cc(C(C)(C)C)c(OC(C)=O)c(C(C)(C)C)c3)cc2)c(*)s1,tg,-4.3,275.0270690917969,185.1961804658985,222.63148180758589,240.37340593609525
*c1cc(-c2ccc(F)cc2)c(*)s1,egc,2.6765,2.492875576019287,2.844816442794361,2.696090546087243,2.627073677218163
*c1cc(-c2ccc(OCCCCCC)cc2)c(*)s1,egc,2.6448,2.566256523132324,2.9834957182956057,2.7915151931617705,2.7210966118070776
*c1cc(-c2ccc(OCCCCCCCC)cc2)c(*)s1,egc,2.6404,2.6213650703430176,2.923617345972676,2.7151791134058234,2.7146776847192053
*c1cc(-c2ccccc2)c(*)s1,egc,2.7439,2.7417659759521484,2.6389606652658335,2.6874850930177834,2.7039463211938903
*c1cc(-c2nc3ccccc3o2)cc(-n2c(=O)c3cc4c(=O)n(*)c(=O)c4cc3c2=O)c1,egc,2.4745,2.5152487754821777,2.5620857946390583,2.8434984878122305,2.6149824357383338
*c1cc(-c2nc3ccccc3s2)cc(-n2c(=O)c3cc4c(=O)n(*)c(=O)c4cc3c2=O)c1,egc,2.4436,2.5612616539001465,2.600073006806442,2.6241524779273258,2.5870643009554035
*c1cc(-c2sc(-c3cc(C)c(*)s3)cc2C)c2cccccc1-2,egb,1.3327,1.5859057903289795,1.3464254814149257,2.2091481336600345,1.5303532278842376
*c1cc(-c2sc(-c3cc(C)c(*)s3)cc2C)c2cccccc1-2,egc,1.8668,2.325291872024536,2.070774299455657,2.074597585814881,2.2000452699481676
*c1cc(-c2sc(-c3cc(CCCCCCCCCC)c(*)s3)cc2CCCCCCCCCC)c2cccccc1-2,tg,22.5,50.60430908203125,23.156038554208703,9.738657045860691,32.32564146385677
*c1cc(-c2sc(-c3cc(CCCCCCCCCCCCCC)c(*)s3)cc2CCCCCCCCCCCCCC)c2cccccc1-2,tg,-10.0,66.3012924194336,32.17052983059425,23.7792361654991,46.13817204546973
*c1cc(-n2c(=O)c3cc4c(=O)n(*)c(=O)c4cc3c2=O)c(O)cc1O,egc,2.8367,2.2945029735565186,2.857967365570027,2.8877980410492063,2.582189882110033
*c1cc(-n2c(=O)c3cc4c(=O)n(-c5ccc(-c6nnc(*)n6N)cc5)c(=O)c4cc3c2=O)c(-c2c(Cl)cccc2Cl)s1,egc,2.1911,2.5986485481262207,1.9966187964072668,2.5192786165770533,2.4420055136155177
*c1cc(Br)c(-c2c(Br)cc(N3C(=O)c4ccc(-c5ccc6c(c5)C(=O)N(*)C6=O)cc4C3=O)cc2C(=O)OCCCC)c(C(=O)OCCCC)c1,tg,196.0,270.8277893066406,164.20150772176493,160.77597549653126,214.88783869238378
*c1cc(Br)c(-c2c(Br)cc(N3C(=O)c4ccc(-c5ccc6c(c5)C(=O)N(*)C6=O)cc4C3=O)cc2C(=O)OCCCCCCCC)c(C(=O)OCCCCCCCC)c1,tg,135.5,126.46930694580078,125.1206897273676,129.36622343945453,127.08868679141162
*c1cc(Br)c(-c2c(Br)cc(N3C(=O)c4ccc(-c5ccc6c(c5)C(=O)N(*)C6=O)cc4C3=O)cc2C(=O)OCCCCCCCCCC)c(C(=O)OCCCCCCCCCC)c1,tg,116.0,118.20873260498048,121.4659503797842,121.90699570144712,120.02166331380529
*c1cc(Br)c(-c2c(Br)cc(N3C(=O)c4ccc(-c5ccc6c(c5)C(=O)N(*)C6=O)cc4C3=O)cc2C(=O)OCCCCCCCCCCCCCCCC)c(C(=O)OCCCCCCCCCCCCCCCC)c1,tg,92.0,112.02680206298828,90.97405520455165,99.37641223321056,103.79060394742072
*c1cc(Br)c(-c2c(Br)cc(N3C(=O)c4ccc(-c5ccc6c(c5)C(=O)N(*)C6=O)cc4C3=O)cc2C(=O)OCCCCCCCCCCCCCCCCCC)c(C(=O)OCCCCCCCCCCCCCCCCCC)c1,tg,83.5,93.4012451171875,96.79654841942668,97.9146528888713,95.49472042556187
*c1cc(Br)c(OC(=O)c2ccc(C(=O)Oc3c(Br)cc(C4(*)OC(=O)c5ccccc54)cc3Br)cc2)c(Br)c1,tg,319.0,258.8662414550781,279.3998364328036,264.1836859961079,264.72714295238814
*c1cc(Br)c(Oc2c(Br)cc(N3C(=O)c4ccc(-c5ccc6c(c5)C(=O)N(*)C6=O)cc4C3=O)cc2Br)c(Br)c1,egc,2.9494,2.624070167541504,2.875105220830889,3.0100621848322,2.7853123628728893
*c1cc(Br)c(Oc2c(Br)cc(N3C(=O)c4ccc(-c5ccc6c(c5)C(=O)N(*)C6=O)cc4C3=O)cc2Br)c(Br)c1,tg,287.0,326.24395751953125,326.6822302635914,318.009175589492,323.78621460498493
*c1cc(Br)c(Oc2c(Br)cc(N3C(=O)c4ccc(Oc5ccc6c(c5)C(=O)N(*)C6=O)cc4C3=O)cc2Br)c(Br)c1,tg,283.0,284.2525939941406,283.4349154541852,277.8107740360794,282.09170831418436
*c1cc(C#N)c(*)s1,egb,1.0894,2.4069294929504395,2.2279874521409644,2.3888671274024835,2.3654200722338263
*c1cc(C#N)c(*)s1,egc,1.691,2.166412591934204,2.214785657857038,2.3587619808312548,2.229550159693794
*c1cc(C(=O)NCCCCCC)cc(N2C(=O)c3ccc(-c4ccc5c(c4)C(=O)N(*)C5=O)cc3C2=O)c1,tg,256.9,262.57623291015625,242.0851845450896,248.69059100099724,254.07318781696733
*c1cc(C(=O)NCCCCCCCC)cc(N2C(=O)c3ccc(-c4ccc5c(c4)C(=O)N(*)C5=O)cc3C2=O)c1,tg,245.5,253.4784393310547,245.84750388981783,246.54201686724625,249.7656985077677
*c1cc(C(=O)NCCCCCCCCCC)cc(N2C(=O)c3ccc(-c4ccc5c(c4)C(=O)N(*)C5=O)cc3C2=O)c1,tg,245.1,230.42909240722656,243.59395462571152,234.7259107995677,234.46134955877727
*c1cc(C(=O)NCCCCCCCCCCCC)cc(N2C(=O)c3ccc(-c4ccc5c(c4)C(=O)N(*)C5=O)cc3C2=O)c1,tg,243.1,220.68316650390625,241.94566283416927,236.7173450322983,230.00932463184404
*c1cc(C(=O)NCCCCCCCCCCCCCC)cc(N2C(=O)c3ccc(-c4ccc5c(c4)C(=O)N(*)C5=O)cc3C2=O)c1,tg,247.6,209.64886474609375,234.00719384606208,223.5754446916485,218.9585682360898
*c1cc(C(=O)Nc2ccc(-c3nnc(*)o3)cc2)cc(N2C(=O)c3ccccc3C2=O)c1,tg,324.0,264.5078430175781,299.61104851926854,314.8992732442339,287.3052887824701
*c1cc(C(=O)OC)cc(N2C(=O)CC(C3Cc4ccccc4C4C(=O)N(*)C(=O)C43)C2=O)c1,tg,249.43,243.7780303955078,293.61752403983905,311.8322155964866,275.06559469845877
*c1cc(C(=O)OCC(F)(F)C(F)(F)C(F)(F)F)c(*)s1,egc,2.8607,2.745392084121704,2.731552468297366,2.9698669436446625,2.8033043236503863
*c1cc(C(=O)OCCC)cc(N2C(=O)CC(C3Cc4ccccc4C4C(=O)N(*)C(=O)C43)C2=O)c1,tg,249.43,256.197509765625,235.52607053171783,208.143911063574,237.0863468835305
*c1cc(C(=O)OCCCCCC)c(*)s1,egc,2.8903,2.2534337043762207,2.672584033032645,2.712727694082332,2.4723185402469547
*c1cc(C(=O)OCCCCCC)cc(N2C(=O)CC(C3Cc4ccccc4C4C(=O)N(*)C(=O)C43)C2=O)c1,tg,249.43,222.3093109130859,181.99776877012627,169.85980402572312,197.80579999049797
*c1cc(C(=O)Oc2cccc3cccnc23)c(*)s1,egc,2.8057,2.572320461273194,2.465828296149377,2.470141851240188,2.5206539801485865
*c1cc(C(C(=O)OC)C(=O)OC)c(*)s1,egc,2.7717,3.0694713592529297,2.967950386883123,2.9745406529097425,3.0208903317679994
*c1cc(C(C(=O)OC)C(=O)OC)c(*)s1,tg,-20.1,70.38165283203125,92.60653691882224,95.56228080878776,82.73518097946946
*c1cc(C(C)C)c(Oc2ccc(S(=O)(=O)c3ccc(Oc4cc(C)c(C5(*)OC(=O)c6ccccc65)cc4C(C)C)cc3)cc2)cc1C,tg,230.0,255.82028198242188,252.63660701208815,249.13790859568476,253.09920893284865
*c1cc(C(F)(F)C(F)(F)C(F)(F)F)c(*)s1,egc,2.8054,2.7570862770080566,2.909847192866147,3.0735230129272275,2.877373490855705
*c1cc(C(c2ccc(OCCN(C)c3ccc(C=CC4=CC(=C(C#N)C#N)CC(C)(C)C4)cc3)c(N3C(=O)c4ccc(Oc5ccc6c(c5)C(=O)N(*)C6=O)cc4C3=O)c2)(C(F)(F)F)C(F)(F)F)ccc1OCCN(C)c1ccc(C=CC2=CC(=C(C#N)C#N)CC(C)(C)C2)cc1,tg,215.0,218.36241149902344,209.63483838345377,218.82871193418868,216.71481718413506
*c1cc(C(c2ccc(OCCN(C)c3ccc(C=CC4=CC(=C(C#N)C(=O)OCCc5ccccc5)CC(C)(C)C4)cc3)c(N3C(=O)c4ccc(Oc5ccc6c(c5)C(=O)N(*)C6=O)cc4C3=O)c2)(C(F)(F)F)C(F)(F)F)ccc1OCCN(c1ccccc1)c1ccc(C=CC2=CC(=C(C#N)C(=O)OCCc3ccccc3)CC(C)(C)C2)cc1,tg,177.0,194.06072998046875,161.75409522716123,159.50617692274713,176.7371545154521
*c1cc(C(c2ccc(OCCN(C)c3ccc(C=CC4=CC(=C(C#N)C(=O)OCc5ccc(Oc6c(F)c(F)c(F)c(F)c6F)cc5)CC(C)(C)C4)cc3)c(N3C(=O)c4ccc(Oc5ccc6c(c5)C(=O)N(*)C6=O)cc4C3=O)c2)(C(F)(F)F)C(F)(F)F)ccc1OCCN(c1ccccc1)c1ccc(C=CC2=CC(=C(C#N)C(=O)OCc3ccc(Oc4c(F)c(F)c(F)c(F)c4F)cc3)CC(C)(C)C2)cc1,tg,162.0,183.78399658203125,182.25423432445777,204.98507005633715,190.02923227960957
*c1cc(C(c2ccc(OCCN(C)c3ccc(C=CC4=CC(=C(C#N)S(C)(=O)=O)CC(C)(C)C4)cc3)c(N3C(=O)c4ccc(Oc5ccc6c(c5)C(=O)N(*)C6=O)cc4C3=O)c2)(C(F)(F)F)C(F)(F)F)ccc1OCCN(C)c1ccc(C=CC2=CC(=C(C#N)S(C)(=O)=O)CC(C)(C)C2)cc1,tg,225.0,184.7042694091797,194.04888204959937,201.45500047184163,191.8052539056044
*c1cc(C(c2ccc(OCCN(CC)c3ccc(C=CC4=CC(=C(C#N)C#N)CC(C)(C)C4)cc3)c(N3C(=O)c4ccc(Oc5ccc6c(c5)C(=O)N(*)C6=O)cc4C3=O)c2)(C(F)(F)F)C(F)(F)F)ccc1OCCN(CC)c1ccc(C=CC2=CC(=C(C#N)C#N)CC(C)(C)C2)cc1,tg,202.0,226.7523498535156,202.5101720218743,197.9514491646314,212.864589349515
*c1cc(C(c2ccc(OCCN(c3ccccc3)c3ccc(C=CC4=CC(=C(C#N)C#N)CC(C)(C)C4)cc3)c(N3C(=O)c4ccc(Oc5ccc6c(c5)C(=O)N(*)C6=O)cc4C3=O)c2)(C(F)(F)F)C(F)(F)F)ccc1OCCN(c1ccccc1)c1ccc(C=CC2=CC(=C(C#N)C#N)CC(C)(C)C2)cc1,tg,220.0,206.39007568359375,202.855695978176,212.13973282218984,207.4432934078725
*c1cc(C)c(*)cn1,egc,5.1074,4.270881652832031,4.776683208570976,4.426597286210517,4.426687836636491
*c1cc(C)c(*)s1,egc,1.9299,2.7974350452423096,2.2596541186447325,2.223814094147405,2.520858216685357
*c1cc(C)c(-c2c(C)cc(N3C(=O)c4ccc(-c5ccc6c(c5)C(=O)N(*)C6=O)cc4C3=O)cc2C)c(C)c1,egc,3.1002,3.172412872314453,2.9202967080390843,2.9944830353023395,3.0674840248861903
*c1cc(C)c(-c2c(C)cc(N3C(=O)c4ccc(-c5ccc6c(c5)C(=O)N(*)C6=O)cc4C3=O)cc2C)c(C)c1,tg,280.0,318.455078125,332.1534023206664,341.5339312827422,328.407755957934
*c1cc(C)c(Cc2cc(C)c(N3C(=O)c4ccc(Oc5ccc(Oc6ccc7c(c6)C(=O)N(*)C7=O)cc5)cc4C3=O)cc2C)cc1C,tg,278.0,282.84918212890625,284.08456268022815,275.88663292363583,280.9487044723221
*c1cc(C)c(Oc2ccc(S(=O)(=O)c3ccc(Oc4cc(C)c(C5(*)OC(=O)c6ccccc65)cc4C)cc3)cc2)cc1C,tg,269.0,270.58966064453125,263.52169159497083,255.56467287238735,264.49001515360857
*c1cc(C=NC(=S)Nc2ccc(-n3c(=O)c4cc5c(=O)n(*)c(=O)c5cc4c3=O)cc2)ccc1Cl,egc,2.0293,2.059143304824829,2.197752029852473,2.2559931129577806,2.1437490294146864
*c1cc(C=Nc2ccc(C)cc2)c(*)c(OC)c1,egc,3.3765,3.297273635864258,3.3623759855624944,3.144042396161716,3.270228050590215
*c1cc(C=O)cc(*)c1O,egc,4.1592,3.4116199016571045,4.431117346099107,3.764820985589177,3.7363573641023713
*c1cc(CC(=O)Cl)c(*)s1,egc,2.8053,3.0180869102478027,2.4031041139614713,2.610464865683343,2.7693116103317674
*c1cc(CC(=O)OCC)c(*)s1,tg,56.7,26.434814453125,52.56138333936585,26.35166650412299,31.77314457176321
*c1cc(CC(=O)OCCCCCCCC)c(*)[nH]1,egc,3.192,2.9493536949157715,3.25107969845281,3.502005599995283,3.1672705131194228
*c1cc(CC(=O)OCCCCCCOc2ccc(N=Nc3ccc(C#N)cc3)cc2)c(*)s1,egc,2.6018,2.195181131362915,2.3599353828650074,2.446481617533785,2.300453640129464
*c1cc(CC(=O)OCCCCCCOc2ccc(N=Nc3ccc(C#N)cc3)cc2)c(*)s1,tg,64.0,32.66966247558594,45.099897366716526,36.807390809245234,36.50187282599451
*c1cc(CC(=O)OCCN(CC)c2ccc(N=Nc3ccc([N+](=O)[O-])cc3)cc2)c(*)s1,egc,2.2179,1.5541725158691406,1.8259526900306864,2.2483123112693764,1.8038303670606983
*c1cc(CC)c(*)s1,egc,2.3523,2.467695474624634,2.4855526300755018,2.6805779384136383,2.5295679815621
*c1cc(CCCC(F)(F)C(F)(F)C(F)(F)C(F)(F)F)c(*)s1,egc,2.4769,2.880584239959717,2.870318050285543,3.0014102279386723,2.9111241414402396
*c1cc(CCCC)c(*)s1,egc,2.5394,2.259504795074463,2.437364961599956,2.5849022368914496,2.3878588754300436
*c1cc(CCCC)c(*)s1,tg,53.58,17.41881561279297,40.42582222661598,33.37653761347275,27.079485185556436
*c1cc(CCCCC)c(*)s1,egc,2.495,2.570225238800049,2.3807777460810877,2.5131999880540787,2.512220976242496
*c1cc(CCCCCC)c(*)[nH]1,egc,2.8742,2.939824104309082,2.833658114213563,2.8863381202116267,2.901466534578607
*c1cc(CCCCCC)c(*)s1,egc,2.5608,2.0650722980499268,2.481377180658255,2.475021504115672,2.26990573997716
*c1cc(CCCCCC)c(*)s1,tg,23.47,10.989089965820312,27.987405319804676,23.202938963873095,18.25781179595615
*c1cc(CCCCCC)c(-c2ccc3c4ccc(-c5sc(-c6sc(*)c7nc(CC)c(CC)nc67)cc5CCCCCC)cc4n(CCCCCCCCCCCC)c3c2)s1,tg,89.0,75.0143051147461,78.94979224116128,82.28696995853832,78.07236079120514
*c1cc(CCCCCCBr)c(*)s1,egc,2.553,2.72947359085083,2.4912659444866367,2.554663001737431,2.6285130729067943
*c1cc(CCCCCCCC)c(*)s1,egc,2.5682,2.478454351425171,2.784377703544775,2.5614133042517215,2.5696399375349315
*c1cc(CCCCCCCCCC(O)CO)c(*)s1,egc,2.497,2.4450364112854004,3.062862844715606,2.755412942114636,2.6680162153918916
*c1cc(CCCCCCCCCC)c(*)[nH]1,egc,2.8756,3.021764755249023,3.2975903135104097,3.121480195624554,3.1107525272522545
*c1cc(CCCCCCCCCC)c(*)s1,tg,-33.0,17.604034423828125,-4.11691480139036,0.375678459053546,7.814289595577692
*c1cc(CCCCCCCCCC2COC(=O)O2)c(*)s1,egc,2.5293,2.9768261909484863,3.270356985902179,3.0945821943464846,3.074690049565757
*c1cc(CCCCCCCCCC2COC(C)(C)O2)c(*)s1,egc,2.9938,2.417757034301758,2.377499508344358,2.5076553916524364,2.433161408381849
*c1cc(CCCCCCCCCC2COC(c3ccccc3)O2)c(*)s1,egc,3.048,3.23822021484375,2.665341121061145,2.819453166137021,2.995861642865142
*c1cc(CCCCCCCCCCCC)c(*)s1,egc,2.7478,2.032285213470459,2.777565170272826,2.599179693975161,2.35358713429461
*c1cc(CCCCCCCCCCCC)c(*)s1,tg,-13.51,10.734359741210938,-11.933656636809756,-15.31928530308528,-1.9802471607500163
*c1cc(CCCCCCCCCCCC)c(-c2sc(*)c3c2OCCO3)s1,egc,2.3785,2.1032121181488037,1.4702269246385529,1.5920584901378168,1.8222557125502108
*c1cc(CCCCCCCCCCCCCCCC)c(*)[nH]1,egc,3.0442,3.2234950065612793,3.249427071906932,3.1300577865153554,3.2039146991360354
*c1cc(CCCCCCCCCCCCCCCCCCCCCC)c(*)s1,egc,2.9666,2.8272347450256348,2.775645492052344,2.637935059467571,2.7642045856293804
*c1cc(CCCCCCOC(=O)COC)c(*)s1,tg,37.0,28.92359161376953,10.49717739873306,1.5778460685890536,16.68007193630347
*c1cc(CCCCCCOC(=O)COc2ccccc2)c(*)s1,egc,2.6531,2.5237581729888916,2.6579938012330677,2.5967122252117827,2.573705164607135
*c1cc(CCCCCCOC(=O)Cc2ccccc2)c(*)s1,tg,45.0,40.901092529296875,20.23301104483763,27.980050871131468,32.6601343544116
*c1cc(CCCCCCO[Si](C)(C)C)c(*)s1,tg,10.0,-2.3753814697265625,9.445609576941434,20.165975541583492,7.025566752063872
*c1cc(CCN(CC)c2ccc(N=Nc3ccc(C=C(C#N)C#N)cc3)cc2)c(*)s1,egc,1.3795,1.870889902114868,1.9098113932164824,1.4958343479475693,1.7776737507307239
*c1cc(CCOC(=O)C(C)Br)c(*)s1,egc,2.3659,3.4167556762695312,2.749158649077253,2.7594682533870127,3.0883115278138926
*c1cc(CCOC(=O)C(C)Br)c(*)s1,tg,49.0,95.64602661132812,42.085154555694736,49.8516041787538,70.48127999975239
*c1cc(CCOC(=O)NCCCC)c(*)s1,tg,67.5,62.218536376953125,42.11860573805158,27.352223291326553,47.304669430570186
*c1cc(CCOCCOC)c(*)[nH]1,egc,2.8631,2.5499587059020996,3.0083400916909837,2.8735212395477925,2.7407504244361958
*c1cc(CCOc2ccc(N=Nc3ccc(C#N)cc3)cc2)c(*)s1,egc,2.0292,2.183097124099731,2.5513441970111064,2.1154874039423675,2.2473374694703003
*c1cc(CCOc2ccc(N=Nc3ccc(C#N)cc3)cc2)c(*)s1,tg,73.0,123.15496063232422,120.47944526063776,123.26653830038222,122.64017019324659
*c1cc(CCS(=O)(=O)O)c(*)s1,egc,2.5623,2.625574111938477,2.3090371740286315,2.5105991448282707,2.5233046516401814
*c1cc(COCCCCCCCCCCCCOc2ccc(-c3ccc(OC)cc3)cc2)c(*)s1,egc,2.5163,2.8476226329803467,2.550347467384995,2.7626113370590764,2.757819440644234
*c1cc(COCCCCCCCCOc2ccc(-c3ccc(C#N)cc3)cc2)c(*)s1,egc,2.9654,2.455242872238159,2.604124267123727,2.69724445269886,2.554426574205137
*c1cc(COCCOCCOC)c(-c2cc(CCCCCCCCCCCC)c(*)s2)s1,egc,1.7176,2.0964667797088623,2.409261052532299,2.2003738850256953,2.194888063921716
*c1cc(N2C(=O)c3ccc(Oc4cc5ccccc5cc4Oc4ccc5c(c4)C(=O)N(*)C5=O)cc3C2=O)cc(C(F)(F)F)c1,tg,250.0,237.52479553222656,243.17871670150873,240.92005629473232,239.7360496172544
*c1cc(N2C(=O)c3ccc(Oc4ccc5c(c4)C(=O)N(*)C5=O)cc3C2=O)c(O)cc1O,tg,263.0,302.7825927734375,304.61826241043144,299.3125444346756,302.0858909570505
*c1cc(N2C(=O)c3ccc(P(=O)(c4ccccc4)c4ccc5c(c4)C(=O)N(*)C5=O)cc3C2=O)cc(C(F)(F)F)c1,tg,317.0,286.0014343261719,292.76787756055256,286.25761691767264,287.4699143962266
*c1cc(N=Cc2ccc(F)cc2)c(O)c(*)c1C,tg,156.0,172.96047973632812,222.1043108675179,221.53898716567548,198.0797185923104
*c1cc(N=Nc2ccc(C#N)cc2)cc(*)c1O,egc,2.4223,2.367639541625977,2.9296091819022743,2.9378024009004453,2.648703249144414
*c1cc(N=Nc2ccc(C#N)cc2)cc(*)c1O,tg,176.0,212.7601318359375,216.13516960853343,213.6002586771822,213.7129853513369
*c1cc(N=Nc2ccc(C(=O)O)cc2)cc(*)c1O,egc,2.9911,3.0443241596221924,2.887674290927332,3.126303306457689,3.0314626846566286
*c1cc(N=Nc2ccc(S(=O)(=O)O)cc2)cc(*)c1O,egc,3.0327,3.022110939025879,3.2570483297088764,2.704479657549507,2.9884811697150937
*c1cc(OCC(=O)C23CC4CC(CC(C4)C2)C3)c(*)cc1OC,egc,4.0135,3.8545002937316895,4.426651110231487,4.141194232103952,4.060795081376993
*c1cc(OCCCC)c(*)cc1OCCCC,tg,37.0,61.803688049316406,50.70507012995371,52.7783859394564,56.73272637084455
*c1cc(OCCCC)cc(N2C(=O)c3ccc(Oc4ccc5c(c4)C(=O)N(*)C5=O)cc3C2=O)c1,tg,237.0,221.59976196289065,220.8878852994707,218.89414128445884,220.6165256186407
*c1cc(OCCCCCCCC)cc(N2C(=O)c3ccc(Oc4ccc5c(c4)C(=O)N(*)C5=O)cc3C2=O)c1,tg,185.0,196.75286865234375,177.63230863712397,167.80633793992436,183.8715734121216
*c1cc(OCCCCCCCCCCCC)cc(N2C(=O)c3ccc(Oc4ccc5c(c4)C(=O)N(*)C5=O)cc3C2=O)c1,tg,162.0,178.0010986328125,167.98400309969713,158.36707306301605,169.8699959758726
*c1cc(OCCCCCCCCCCCCCCCC)cc(N2C(=O)c3ccc(Oc4ccc5c(c4)C(=O)N(*)C5=O)cc3C2=O)c1,tg,159.0,166.89779663085938,158.13957353314626,150.3417630623216,159.97744062059218
*c1cc(OCCOC)c(*)s1,egc,1.6015,2.7063417434692383,2.8918174596289767,2.913452794798346,2.804251556097738
*c1cc(OCCOCCCC)c(*)s1,egc,2.819,1.860501289367676,1.7457020931787373,1.734054551372208,1.8003744685109724
*c1cc(OCCOCCOC)c(-c2sc(*)c3c2OCCO3)s1,egc,2.2046,1.5643832683563232,1.6926063715995985,1.8946870317016995,1.6829346599028912
*c1cc(Oc2c(C)cc(-c3cc(C)c(Oc4cc(N5C(=O)c6ccc(-c7ccc8c(c7)C(=O)N(*)C8=O)cc6C5=O)cc(C(F)(F)F)c4)c(C)c3)cc2C)cc(C(F)(F)F)c1,tg,281.1,283.50140380859375,280.10267996482867,271.3211340519771,279.0352077677572
*c1cc(Oc2c(C)cc(-c3cc(C)c(Oc4cc(N5C(=O)c6ccc(Oc7ccc8c(c7)C(=O)N(*)C8=O)cc6C5=O)cc(C(F)(F)F)c4)c(C)c3)cc2C)cc(C(F)(F)F)c1,tg,252.2,231.95486450195312,276.8301385151292,266.2279317738943,251.77182393732988
*c1cc(SC)c(*)s1,egc,1.5945,2.26904559135437,2.375258083602296,2.0971511007501613,2.2461501979346523
*c1cc(SCCCCCC)c(*)s1,egc,1.6201,1.7308194637298584,2.062919050514915,1.9514531562818993,1.8653008635980626
*c1cc(SCCCCCCCCCCCC)c(*)s1,egc,1.5021,2.225407838821411,2.6173843884211343,2.31370431153052,2.337350767024149
*c1cc(SCCCCCCCCCCCC)c(*)s1,tg,33.0,5.5062408447265625,-5.76263074012435,6.302456224332332,3.438962669032572
*c1cc2c(s1)-c1sc(*)cc1C2(CCCCCC)CCCCCC[N+](C)(C)C,egc,0.0751,-0.1519637107849121,0.1517524200478679,1.6141152192628008,0.396235896988715
*c1cc2c(s1)-c1sc(*)cc1C2=C(C#N)C#N,egc,0.6839,2.2082278728485107,1.8628241861463783,1.7774936647012631,2.013651662958745
*c1cc2c(s1)-c1sc(*)cc1C2=C1c2ccsc2-c2sccc21,egc,1.3371,0.2659759521484375,1.3698451242153575,1.2839134904185676,0.7903327197011656
*c1cc2c(s1)-c1sc(*)cc1C2CCCCCCN,egc,2.6725,2.327780246734619,1.8604979809109936,2.1777777695253415,2.1821690298082617
*c1cc2c(s1)-c1sc(-c3sc(-c4sc(*)c5c4OCCO5)c4c3OCCO4)cc1C2=C(C#N)C#N,egc,0.9952,0.9599509239196776,1.3045570018155068,1.3141256528753855,1.1335376269278203
*c1cc2cc(*)sc2s1,egc,3.3358,2.239307641983032,1.9185576028335511,2.071946233214683,2.1218531572262562
*c1cc2sc(*)cc2s1,egc,1.8963,2.4903180599212646,2.7026817071854015,2.4793947741697973,2.5349937673873657
*c1cc2sc3cc(*)sc3c2s1,egc,1.8464,1.054746150970459,1.6137946983972935,1.7237807232642537,1.3620300136250982
*c1ccc(*)[nH]1,egc,2.4594,3.158857583999634,2.9155428235827463,3.2752894370597314,3.135917393341554
*c1ccc(*)c(C(=O)c2c(F)c(F)c(F)c(F)c2F)c1,egc,4.0903,2.827598571777344,3.784834266338158,3.8151409235421103,3.3107952658791
*c1ccc(*)c(C(=O)c2ccc(C)cc2)c1,tg,202.0,261.8034973144531,213.07631838003556,196.9512659879542,231.73494188779878
*c1ccc(*)c(OC)c1N,egc,4.71,3.8377604484558105,3.6519047270322873,3.757599661729361,3.774273268423441
*c1ccc(*)c2nc(-c3ccccc3)c(-c3ccccc3)nc12,egc,3.1914,2.8553662300109863,3.2020115786007857,3.3712889598144113,3.0733771369488077
*c1ccc(*)c2nc(CCCCCCC)c(CCCCCCC)nc12,egc,3.0414,3.4901623725891113,4.023731539007155,3.797042106194839,3.693288110139041
*c1ccc(*)c2nccnc12,egc,3.0389,3.6521944999694824,3.768554930508684,3.45087609987364,3.6235777805702227
*c1ccc(*)cc1,nc,2.0982,2.0760610103607178,1.996756504915382,1.9402573270150696,2.042002999604382
*c1ccc(*)cc1,tg,291.5,327.706298828125,106.87735755544516,93.29669947511304,209.8448238439107
*c1ccc(*)n1C,egc,2.6193,2.2610511779785156,2.4318954924743776,2.6915572930930205,2.416402076474336
*c1ccc(*)n1C(=O)OCC,egc,2.3493,3.218548059463501,3.2993941526777073,3.586000841248673,3.3365680949033343
*c1ccc(*)n1C(C(=O)NO)n1ccc2ccccc21,egc,2.4131,3.051112651824951,3.4647684115206325,3.3645781292657864,3.2291253384520644
*c1ccc(*)n1C(C)C(=O)OC,egc,2.9894,2.5849945545196533,2.70745418848043,2.9541895602388326,2.7128243810617354
*c1ccc(*)n1CC(=O)NO,egc,2.9276,2.605266809463501,2.5924620716348894,2.9758081211488108,2.703115320502939
*c1ccc(*)n1CC(=O)OC,egc,2.6899,2.68613338470459,2.9596632183255003,3.214940865474804,2.891242802583476
*c1ccc(*)n1CCC(=O)NO,egc,2.8742,2.834505558013916,2.90438234983099,2.9877094004098295,2.891826974417192
*c1ccc(*)n1CCC(=O)OC,egc,2.7978,2.7651290893554688,2.88393211312272,2.9084986623797597,2.830754190650354
*c1ccc(*)n1CCC(=O)OCC,egc,2.8986,2.5944137573242188,2.9572997172564803,2.9931998329808036,2.784227998122976
*c1ccc(*)n1CCCCCC,egc,2.8542,1.884289026260376,2.575096899621736,2.5069135369280713,2.208518503856064
*c1ccc(*)n1Cc1ccc[n+](C)c1,egc,0.2844,2.0708320140838623,2.181866919728499,2.4156638815980305,2.189476203279635
*c1ccc(*)s1,ei,4.5257,5.067434310913086,5.980048709119084,5.926615709175281,5.45696732788549
*c1ccc(-c2cc(-c3ccc(-c4ccccc4)cc3)cc(-c3ccc(N4C(=O)c5ccc(NC(=O)Nc6ccc(-c7cc(-c8ccc(-c9ccccc9)cc8)cc(-c8ccc(NC(=O)Nc9ccc%10c(c9)C(=O)N(*)C%10=O)cc8)n7)cc6)cc5C4=O)cc3)n2)cc1,tg,272.0,278.8966979980469,291.84368818021755,287.9155898723737,284.3451663905669
*c1ccc(-c2cc(-c3ccc(-c4ccccc4)cc3)cc(-c3ccc(N4C(=O)c5ccc(NC(=O)Nc6ccc(Oc7ccc(NC(=O)Nc8ccc9c(c8)C(=O)N(*)C9=O)cc7)cc6)cc5C4=O)cc3)n2)cc1,tg,241.0,264.1235046386719,285.34807906411896,290.6292341036284,276.68162648670875
*c1ccc(-c2cc(-c3ccc(OCCCC#N)cc3)cc(-c3ccc(N4C(=O)c5ccc(Oc6ccc7c(c6)C(=O)N(*)C7=O)cc5C4=O)cc3)n2)cc1,tg,315.0,286.64739990234375,248.8542127476532,243.3883701383028,265.50433670981056
*c1ccc(-c2cc(C(C)(C)C)c(Oc3ccc(N4C(=O)c5ccc(-c6ccc7c(c6)C(=O)N(*)C7=O)cc5C4=O)cc3)c(C(C)(C)C)c2)cc1,tg,381.5,351.1164855957031,358.49387952973876,349.16784729597896,352.0282598239391
*c1ccc(-c2cc(C(C)(C)C)c(Oc3ccc(N4C(=O)c5ccc(-c6ccc7c(c6)C(=O)N(*)C7=O)cc5C4=O)cc3C(F)(F)F)c(C(C)(C)C)c2)cc1,tg,389.0,370.7545471191406,338.19461958132456,327.64450477174427,350.7320208684503
*c1ccc(-c2cc(C(C)(C)C)c(Oc3ccc(N4C(=O)c5ccc(Oc6ccc7c(c6)C(=O)N(*)C7=O)cc5C4=O)cc3)c(C(C)(C)C)c2)cc1,tg,342.0,309.0399475097656,305.46956812314494,316.6240702185068,310.6533317803267
*c1ccc(-c2cc(C(C)(C)C)c(Oc3ccc(N4C(=O)c5ccc(S(=O)(=O)c6ccc7c(c6)C(=O)N(*)C7=O)cc5C4=O)cc3)c(C(C)(C)C)c2)cc1,tg,354.5,343.0345764160156,344.8333617107908,358.2093269831979,348.09873845013703
*c1ccc(-c2cc(CCCCCC)c(-c3ccc(-c4ccc5ccc6ccc(*)nc6c5n4)cc3)cc2CCCCCC)cc1,tg,190.0,197.76840209960935,148.7179965960315,164.15321496860716,177.29778376400716
*c1ccc(-c2cc(CCCCCCBr)c(*)s2)s1,tg,51.0,53.45410919189453,53.943944590837624,53.43197404820671,53.547829167667324
*c1ccc(-c2cc(CCCCCCCC)c(-c3ccc(-c4ccc(-c5sc(-c6ccc([Si](*)(CCCC)CCCC)s6)cc5CCCCCCCC)s4)s3)s2)s1,tg,-1.0,41.134185791015625,10.098501829646136,10.258879305693938,25.20985642886677
*c1ccc(-c2cc(CCCCCCCC)c(-c3ccc(-c4ccc(-c5sc(-c6ccc([Si](C)(C)[Si](C)(C)[Si](C)(C)[Si](*)(C)C)s6)cc5CCCCCCCC)s4)s3)s2)s1,tg,6.0,30.9549560546875,25.48455392790065,13.990635280569023,24.58330543177687
*c1ccc(-c2cc(CCCCCCCC)c(-c3ccc(-c4ccc(-c5sc(-c6ccc([Si](C)(C)[Si](C)(C)[Si](C)(C)[Si](C)(C)[Si](C)(C)[Si](C)(C)[Si](C)(C)[Si](*)(C)C)s6)cc5CCCCCCCC)s4)s3)s2)s1,tg,13.0,10.48089599609375,7.250880931309035,2.67158354971707,7.401649869161956
*c1ccc(-c2cc(CCCCCCCC)c(-c3ccc(-c4ccc(-c5sc(-c6ccc([Si](CCCC)(CCCC)[Si](*)(CCCC)CCCC)s6)cc5CCCCCCCC)s4)s3)s2)s1,tg,-10.0,26.51471710205078,6.153602639971628,13.236295003635348,18.226213988764826
*c1ccc(-c2cc(CCCCCCCC)c(-c3ccc(-c4sc(*)cc4CCCCCCCC)cc3)s2)cn1,tg,16.2,72.8237075805664,25.447537447063727,38.32508029529939,52.42350322371588
*c1ccc(-c2cc(CCCCCCCCCCCC)c(*)s2)s1,egc,1.5458,2.3941800594329834,2.0510983970471153,2.2529523592364433,2.278819077682793
*c1ccc(-c2cc(CCCCCCOC(=O)COc3ccccc3)c(*)s2)s1,egc,1.9751,2.414430618286133,2.489517754034379,2.503228268280132,2.4554139755710422
*c1ccc(-c2ccc(*)c(C)c2)cc1C,egc,3.8863,3.692114114761353,3.342458722830836,3.515169371114224,3.5655696002023607
*c1ccc(-c2ccc(*)c(CCCCCC)n2)nc1CCCCCC,egc,3.9211,3.5161075592041016,3.3078516628521104,3.4965688695752024,3.4640732087809947
*c1ccc(-c2ccc(*)n2C#Cc2ccc(CCCCCC)cc2)s1,egc,2.5339,2.44173812866211,2.395030320262652,2.713444257750623,2.5051147201471453
*c1ccc(-c2ccc(*)nc2)cn1,egc,3.5855,3.3634331226348877,3.114809153475034,3.452024507002635,3.3317341282110466
*c1ccc(-c2ccc(*)s2)s1,eea,2.9681,2.3334298133850098,2.0030402373395613,2.0969690142558566,2.2530224482440024
*c1ccc(-c2ccc(-c3c(-c4ccccc4)nc4ccc(-c5ccc6nc(-c7ccccc7)c(*)c(-c7ccccc7)c6c5)cc4c3-c3ccccc3)cc2)cc1,tg,372.0,307.64898681640625,342.4864029800602,342.1108297860352,325.46347470261054
*c1ccc(-c2ccc(-c3cc(*)c4cccccc3-4)s2)s1,egc,2.0762,2.3698277473449707,2.2388901683875506,2.1641470742093936,2.2845426602519656
*c1ccc(-c2ccc(-c3cc(-c4ccc(-c5ccc(Oc6ccccc6)cc5)cc4)c4cc(-c5ccc6nc(*)cc(-c7ccc(-c8ccc(Oc9ccccc9)cc8)cc7)c6c5)ccc4n3)cc2)cc1,tg,352.0,297.46612548828125,312.784927297917,315.4314994582254,306.16946613844397
*c1ccc(-c2ccc(-c3cc(-c4ccc(Oc5ccc(-c6cc(*)nc7ccccc67)cc5)cc4)c4ccccc4n3)cc2)cc1,egc,3.4086,3.087019920349121,3.09170407383221,3.137835170567495,3.10188354327681
*c1ccc(-c2ccc(-c3cc(-c4ccc(Oc5ccc(-c6cc(*)nc7ccccc67)cc5)cc4)c4ccccc4n3)cc2)cc1,tg,326.0,302.429443359375,317.3930628620389,306.34111695473337,306.7118456498079
*c1ccc(-c2ccc(-c3cc(-c4ccc(Oc5ccc(-c6ccccc6)cc5)cc4)c4cc(-c5ccc6nc(*)cc(-c7ccc(Oc8ccc(-c9ccccc9)cc8)cc7)c6c5)ccc4n3)cc2)cc1,tg,318.0,277.5554504394531,345.33613184912457,340.8625675141468,311.0578506094893
*c1ccc(-c2ccc(-c3cc(-c4ccc(Oc5ccc(Oc6ccccc6)cc5)cc4)c4cc(-c5ccc6nc(*)cc(-c7ccc(Oc8ccc(Oc9ccccc9)cc8)cc7)c6c5)ccc4n3)cc2)cc1,tg,348.33,230.91226196289065,287.9550419244441,287.3520456972428,260.0854042374302
*c1ccc(-c2ccc(-c3cc(-c4ccccc4)c4cc(-c5ccc6nc(*)cc(-c7ccccc7)c6c5)ccc4n3)cc2)cc1,egc,3.1298,3.193847894668579,3.1314261099943925,2.9325047677062317,3.10880439972871
*c1ccc(-c2ccc(-c3cc(-c4ccccc4)c4cc(-c5ccc6nc(*)cc(-c7ccccc7)c6c5)ccc4n3)cc2)cc1,tg,372.0,342.1618957519531,342.18399022566916,371.31241485653993,351.1851895286464
*c1ccc(-c2ccc(-c3cc(-c4ccccc4)c4cc(C5(c6ccc7nc(*)cc(-c8ccccc8)c7c6)c6ccccc6C(=O)c6ccccc65)ccc4n3)cc2)cc1,tg,350.0,356.18988037109375,383.010595916408,400.8421174218103,375.5112202064216
*c1ccc(-c2ccc(-c3cc(-c4ccccc4)c4cc5c(-c6ccccc6)cc(*)nc5cc4n3)cc2)cc1,tg,392.0,423.170654296875,365.7034449428875,396.81731888436366,403.21869306711073
*c1ccc(-c2ccc(-c3cc(CCCCCCCC)c(*)s3)s2)s1,egc,2.4777,1.96773099899292,1.8261551360453303,1.8641327178771905,1.9078074082693788
*c1ccc(-c2ccc(-c3cc(OCCCCCCCCCCCC)c(*)s3)s2)s1,egc,1.9946,1.882516622543335,1.7489092763222545,1.7979162270063958,1.8295448556804783
*c1ccc(-c2ccc(-c3cc(SCCCC)c(*)s3)cc2)cc1,egc,2.8499,3.0775046348571777,2.9046345875403943,2.9285812369944653,2.9982396608787862
*c1ccc(-c2ccc(-c3cc(SCCCCCCCCCC)c(*)s3)cc2)cc1,egc,3.0684,2.65549898147583,2.67520198865417,2.5839699013792403,2.6404762690051364
*c1ccc(-c2ccc(-c3ccc(*)n3C)n2C)cn1,egc,2.931,2.8978569507598877,2.662978190753533,1.8056090051513625,2.548263528033237
*c1ccc(-c2ccc(-c3ccc(*)n3C)o2)o1,egc,2.825,2.627194404602051,2.426340445733598,2.431205125468836,2.528857546151249
*c1ccc(-c2ccc(-c3ccc(*)n3C)s2)s1,egc,2.5449,2.205944538116455,2.311670516207388,2.2291172115789286,2.235963560792692
*c1ccc(-c2ccc(-c3ccc(*)s3)o2)o1,egc,1.6749,2.272205352783203,2.317977430713977,2.264550550809721,2.2803938141045017
*c1ccc(-c2ccc(-c3ccc(*)s3)s2)cn1,egc,2.3342,2.589625358581543,3.066080290854411,2.9676081666166256,2.7992646058625352
*c1ccc(-c2ccc(-c3ccc(*)s3)s2)o1,egc,1.6557,1.791285753250122,2.3435564395490007,2.1422626683807593,2.010593863789477
*c1ccc(-c2ccc(-c3ccc(-c4cc(-c5ccccc5)c5cc(Oc6ccc7nc(*)cc(-c8ccccc8)c7c6)ccc5n4)cc3)cc2)cc1,egc,3.1875,3.144742965698242,3.4407619667859835,3.3319211933614272,3.262035561881672
*c1ccc(-c2ccc(-c3ccc(-c4cc(-c5ccccc5)c5cc(Oc6ccc7nc(*)cc(-c8ccccc8)c7c6)ccc5n4)cc3)cc2)cc1,tg,282.5,307.9365234375,314.82445046307924,312.2619895513192,310.68892404753336
*c1ccc(-c2ccc(-c3ccc(-c4ccc(*)cc4)cc3)cc2)cc1,egb,2.5835,2.0358870029449463,2.7287198394926273,2.908157949121516,2.1966043478933184
*c1ccc(-c2ccc(-c3ccc(-c4ccc(*)cc4)cc3)cc2)cc1,egc,2.5009,3.3064117431640625,3.4103650565649195,3.620278580997821,3.4150501602999377
*c1ccc(-c2ccc(-c3ccc(-c4ccc(*)n4CCCCCCCCCCCC)s3)s2)s1,egb,2.1442,1.7347276210784912,2.3078147319280244,2.435729346604391,1.8676673924363572
*c1ccc(-c2ccc(-c3ccc(-c4ccc(*)n4CCCCCCCCCCCC)s3)s2)s1,tg,53.0,43.86479949951172,19.626265631431497,39.99698253749628,37.69172994610561
*c1ccc(-c2ccc(-c3ccc(-c4ccc(*)s4)cc3)cc2)cc1,eea,2.2963,2.350611448287964,2.204745746796309,2.2622427273380636,2.317248185290101
*c1ccc(-c2ccc(-c3ccc(-c4ccc(*)s4)cc3)cc2)cc1,egc,2.8936,2.801039218902588,2.7012478738136636,2.6380297537769417,2.7343409305213964
*c1ccc(-c2ccc(-c3ccc(-c4ccc(*)s4)cc3)cc2)cc1,ei,5.1853,5.2872209548950195,5.00471991758104,5.203984485858515,5.222835350418304
*c1ccc(-c2ccc(-c3ccc(-c4ccc(*)s4)cc3)cc2)cc1,eps,5.39,5.81271505355835,5.6615979481942595,5.801003933145372,5.729893214089639
*c1ccc(-c2ccc(-c3ccc(-c4ccc(*)s4)cc3)cc2)cc1,nc,2.2986,2.3833799362182617,2.206630422563682,2.250115402123189,2.324017431780607
*c1ccc(-c2ccc(-c3ccc(-c4ccc(*)s4)cc3)s2)cc1,eea,2.3385,2.6948888301849365,2.450191157015238,2.5100236409272094,2.6340389745430106
*c1ccc(-c2ccc(-c3ccc(-c4ccc(*)s4)cc3)s2)cc1,egc,2.8274,2.416909694671631,2.443186656510994,2.5521056625435605,2.4595543221047573
*c1ccc(-c2ccc(-c3ccc(-c4ccc(*)s4)s3)cc2)cc1,eea,2.6224,2.3532707691192627,2.5742671681193148,2.377177081558417,2.389159854221229
*c1ccc(-c2ccc(-c3ccc(-c4ccc(*)s4)s3)cc2)cc1,egc,2.2403,2.6660232543945312,2.766021757428303,2.7764048562718004,2.718462602922157
*c1ccc(-c2ccc(-c3ccc(-c4ccc(*)s4)s3)cc2)cc1,nc,2.646,2.3860230445861816,2.2914159586919305,2.2435618978294274,2.34730216287862
*c1ccc(-c2ccc(-c3ccc(-c4ccc(*)s4)s3)s2)cc1,eea,2.752,2.4800987243652344,2.5027928469822753,2.464731121186967,2.4814086876448576
*c1ccc(-c2ccc(-c3ccc(-c4ccc(*)s4)s3)s2)cc1,egb,1.1128,1.6909101009368896,1.6089229395978366,1.6713095662847597,1.6718914312157418
*c1ccc(-c2ccc(-c3ccc(-c4ccc(*)s4)s3)s2)cc1,egc,2.0066,2.5605735778808594,2.5478976282738817,2.7035212949389096,2.596586012153778
*c1ccc(-c2ccc(-c3ccc(-c4ccc(*)s4)s3)s2)cc1,ei,4.7302,4.998184680938721,5.106616095593952,5.111432364275481,5.047900308376071
*c1ccc(-c2ccc(-c3ccc(-c4ccc(-c5cc(-c6ccccc6)c6cc(Oc7ccc8nc(*)cc(-c9ccccc9)c8c7)ccc6n5)cc4)cc3)cc2)cc1,tg,298.33,324.8959655761719,286.8385890297379,292.9650696580029,307.20342566204494
*c1ccc(-c2ccc(-c3ccc(-c4ccc(-c5ccc(*)n5CCCCCCCCCCCC)s4)s3)s2)s1,egc,2.1419,2.0423591136932373,2.06710610873448,2.5417317378614435,2.183651752122886
*c1ccc(-c2ccc(-c3ccc(-c4ccc(-c5ccc(*)n5CCCCCCCCCCCC)s4)s3)s2)s1,tg,53.0,43.02137756347656,85.33980928421957,67.58177570644834,59.30842861986978
*c1ccc(-c2ccc(-c3ccc(-c4ccc(-c5ccc6c(c5)C(=O)N(c5ccc(Oc7ccc(-c8ccc(Oc9ccc(N%10C(=O)c%11ccc(*)cc%11C%10=O)cc9)cc8)cc7)cc5)C6=O)cc4)cc3)cc2)cc1,tg,232.0,254.3536071777344,275.1974569392457,264.51435793950736,261.7766575080675
*c1ccc(-c2ccc(-c3ccc(-c4ccc([Si](*)(CCCC)CCCC)s4)s3)s2)s1,tg,1.0,31.22900390625,44.0917297757995,31.29538748009415,33.890392751013835
*c1ccc(-c2ccc(-c3ccc(-c4nc5cc6sc(*)nc6cc5s4)cc3)c(-c3ccccc3)c2-c2ccccc2)cc1,egc,3.1992,2.699519634246826,2.8205705551697178,3.104743913460095,2.8368269617680517
*c1ccc(-c2ccc(-c3ccc(-n4c(=O)c5cc6c(=O)n(*)c(=O)c6cc5c4=O)cc3)cc2)cc1,egc,2.1515,2.342050552368164,2.2740183102843265,2.2529638653826565,2.3025714308327503
*c1ccc(-c2ccc(-c3ccc([Si](*)(CCCC)CCCC)s3)s2)s1,tg,30.0,4.3733367919921875,-1.7667954973294029,1.2823031429972502,2.1563820914136658
*c1ccc(-c2ccc(-c3ccc([Si](C)(C)[Si](*)(C)C)s3)s2)s1,tg,45.0,62.67816925048828,65.06378823321451,62.95250085588172,63.25283582237564
*c1ccc(-c2ccc(-c3ccc([Si](CCCC)(CCCC)[Si](*)(CCCC)CCCC)s3)s2)s1,tg,-5.0,-22.90223693847656,-15.02077499736392,-20.783620635085555,-20.62862139111369
*c1ccc(-c2ccc(-c3ccc4nc(Oc5cc(-c6ccccc6)c6cc(*)ccc6n5)cc(-c5ccccc5)c4c3)cc2)cc1,egc,3.3775,3.236140489578247,3.1848356692067017,3.320803540676712,3.2476432732256955
*c1ccc(-c2ccc(-c3ccc4nc(Oc5cc(-c6ccccc6)c6cc(*)ccc6n5)cc(-c5ccccc5)c4c3)cc2)cc1,tg,308.0,306.16192626953125,313.43694318574836,314.5300304354405,310.2445353689757
*c1ccc(-c2ccc(-c3cnc4cc(-c5ccc6nc(*)cnc6c5)ccc4n3)cc2)cc1,egc,2.7698,3.132981300354004,3.096080758575856,3.087830981219555,3.112429615266675
*c1ccc(-c2ccc(-c3cnc4cc(-c5ccc6nc(*)cnc6c5)ccc4n3)cc2)cc1,tg,345.5,334.2395935058594,342.57295448128303,350.5558408511587,340.99853446676724
*c1ccc(-c2ccc(-c3cnc4cc(Oc5ccc6nc(*)cnc6c5)ccc4n3)cc2)cc1,egc,3.0165,3.170300006866455,3.155990359064732,3.1532242492102593,3.1624479938590873
*c1ccc(-c2ccc(-c3nc(CCCCCCCCCCCC)c(-c4sc(*)nc4CCCCCCCCCCCC)s3)s2)s1,egc,2.2184,2.1577649116516113,2.121847673193644,2.4585505253628814,2.231466870959685
*c1ccc(-c2ccc(-c3nc4cc(Oc5ccc6nc(-c7ccccc7)c(*)nc6c5)ccc4nc3-c3ccccc3)cc2)cc1,egc,3.1965,3.1325597763061523,3.1861291478053557,3.1938374663700584,3.161234976756619
*c1ccc(-c2ccc(-c3nc4ccc(Oc5ccc6nc(*)c(-c7ccccc7)c(-c7ccccc7)c6c5)cc4c(-c4ccccc4)c3-c3ccccc3)cc2)cc1,egc,3.3136,3.135061740875244,3.187430601183561,3.132589220028602,3.146138883510757
*c1ccc(-c2ccc(-c3nc4ccc(Oc5ccc6nc(*)c(-c7ccccc7)c(-c7ccccc7)c6c5)cc4c(-c4ccccc4)c3-c3ccccc3)cc2)cc1,tg,351.0,301.11724853515625,347.68520433098087,342.6079359895831,323.51476246607024
*c1ccc(-c2ccc(-c3nc4ccccc4c(-c4ccc(Oc5ccc(-c6c(-c7ccccc7)c(*)nc7ccccc67)cc5)cc4)c3-c3ccccc3)cc2)cc1,tg,345.0,315.87994384765625,324.07923308055246,314.04213148714655,316.9947496598512
*c1ccc(-c2ccc(-c3nnc(*)n3-c3ccc(OC)cc3)cc2)cc1,egc,3.8442,3.4803037643432617,3.437297049647936,3.2842368455117006,3.4173596587961983
*c1ccc(-c2ccc(-c3nnc(-c4ccc([Si](c5ccccc5)(c5ccccc5)c5ccc(-c6nnc(*)o6)cc5)cc4)o3)cc2)cc1,tg,278.0,284.26983642578125,243.80101912016465,251.09950222830275,265.69873813239246
*c1ccc(-c2ccc(-c3sc(*)c4c3OCCO4)s2)s1,egc,1.3916,1.320218801498413,1.628676221700568,1.6694851467832672,1.4843611563590642
*c1ccc(-c2ccc(-n3c(=O)c4cc5c(=O)n(*)c(=O)c5cc4c3=O)cc2)cc1,egc,2.1894,2.407348155975342,2.710862471839136,2.617497699345308,2.5325664768407976
*c1ccc(-c2ccc(-n3c(=O)c4cc5c(=O)n(*)c(=O)c5cc4c3=O)cc2F)c(F)c1,egc,2.7749,2.7459235191345215,2.604019804627353,2.746518552018117,2.7142484196374714
*c1ccc(-c2ccc(-n3c(=O)c4cc5c(=O)n(*)c(=O)c5cc4c3=O)cc2OC(F)(F)F)c(OC(F)(F)F)c1,egc,2.7837,2.6155505180358887,2.491877762773544,2.7654949978474583,2.6285621116297833
*c1ccc(-c2ccc(C(=S)c3ccc(*)s3)s2)cc1,egc,2.0866,2.256761312484741,2.354929713346543,2.298514762222131,2.290135418882125
*c1ccc(-c2ccc(C(=S)c3ccc(*)s3)s2)cc1,ei,5.7103,5.695319175720215,5.450612802966175,5.5906383063988425,5.629527751924215
*c1ccc(-c2ccc(C(=S)c3ccc(*)s3)s2)cc1,eps,9.09,6.370239734649658,6.739445755623096,6.0932526477663655,6.572588249242168
*c1ccc(-c2ccc(C(F)(F)C(*)(F)F)cc2)cc1,eea,2.3351,2.051558017730713,2.233360245025667,2.3018284975101335,2.1118182781949866
*c1ccc(-c2ccc(C(F)(F)C(*)(F)F)cc2)cc1,egb,3.2719,4.001942157745361,3.5484238670026915,3.935793601233768,3.8967389229551617
*c1ccc(-c2ccc(C(F)(F)C(*)(F)F)cc2)cc1,nc,1.9016,1.7999674081802368,1.8656077155085915,1.8531273368138828,1.822371438860622
*c1ccc(-c2ccc(C(F)(F)C(*)(F)F)cc2)s1,egb,4.0895,2.4299421310424805,2.828742785055688,2.8380617537126014,2.5224524436253137
*c1ccc(-c2ccc(C(F)(F)C(*)(F)F)cc2)s1,egc,3.7339,2.823180913925171,3.472683393294335,3.2473657004054672,3.084203005238362
*c1ccc(-c2ccc(C(F)(F)C(*)(F)F)cc2)s1,eps,3.57,4.311583518981934,4.1446596399126765,4.109388901591607,4.220098556492348
*c1ccc(-c2ccc(C(F)(F)C(*)(F)F)cc2)s1,nc,1.7814,1.954362630844116,1.850438655749132,1.856794715098287,1.917582853803106
*c1ccc(-c2ccc(C(F)(F)C(*)(F)F)s2)s1,eea,2.7568,2.426389217376709,2.5943086123396553,2.77252250029946,2.497372242588093
*c1ccc(-c2ccc(C(F)(F)C(*)(F)F)s2)s1,ei,5.8176,6.022660732269287,6.629769462587192,6.337045394641288,6.202701788907178
*c1ccc(-c2ccc(C(F)(F)C(*)(F)F)s2)s1,nc,1.9785,1.9516836404800415,1.9897589542369711,1.966833780482568,1.9631474639252646
*c1ccc(-c2ccc(C3(*)CCCCC3)cc2)cc1,tg,287.0,270.03350830078125,177.0224718795148,187.83194748196368,225.50538203309037
*c1ccc(-c2ccc(N(*)c3cc(C(F)(F)F)cc(C(F)(F)F)c3)cc2)cc1,tg,209.0,188.9950408935547,205.0750225765049,198.6968471806735,195.29802889980476
*c1ccc(-c2ccc(N(*)c3ccc(C(F)(F)F)cc3)cc2)cc1,tg,225.0,221.51202392578125,179.12680533652883,193.5156166022225,204.14820828150238
*c1ccc(-c2ccc(N(c3ccccc3)c3ccc4ccc(N(*)c5ccccc5)cc4c3)cc2)cc1,egc,3.0933,3.168330430984497,2.9527199214876387,2.517985666466881,2.943178996348405
*c1ccc(-c2ccc(N3C(=O)c4c(c(-c5ccccc5)c(-c5ccc(Oc6ccc(-c7c(-c8ccccc8)c8c(c(-c9ccccc9)c7-c7ccccc7)C(=O)N(*)C8=O)cc6)cc5)c(-c5ccccc5)c4-c4ccccc4)C3=O)cc2)cc1,tg,399.0,360.03558349609375,355.0785014196548,353.7980075257033,357.0880256366502
*c1ccc(-c2ccc(N3C(=O)c4ccc(-c5ccc6c(c5)C(=O)N(*)C6=O)cc4C3=O)c(C)c2)cc1C,tg,300.67,342.3064880371094,347.7193122572618,354.9932427173796,347.3428989830572
*c1ccc(-c2ccc(N3C(=O)c4ccc(-c5cccc6c5C(=O)N(*)C6=O)cc4C3=O)c(C)c2)cc1C,egc,2.9133,2.917588710784912,3.041491616300381,3.0554682482149955,2.9828656842389583
*c1ccc(-c2ccc(N3C(=O)c4ccc(-c5cccc6c5C(=O)N(*)C6=O)cc4C3=O)c(C)c2)cc1C,tg,384.0,349.9890441894531,357.5845384832238,352.18205868378317,352.2269653660637
*c1ccc(-c2ccc(N3C(=O)c4ccc(-c5cccc6c5C(=O)N(*)C6=O)cc4C3=O)cc2C(F)(F)F)c(C(F)(F)F)c1,tg,346.0,342.6524658203125,351.12822491432354,323.2611810346391,338.3932381171724
*c1ccc(-c2ccc(N3C(=O)c4ccc(-c5cccc6c5C(=O)N(*)C6=O)cc4C3=O)cc2C)c(C)c1,tg,372.0,349.4097595214844,356.87950798474697,343.4054664665222,349.0857329768612
*c1ccc(-c2ccc(N3C(=O)c4ccc(Oc5ccc(Oc6ccc7c(c6)C(=O)N(*)C7=O)cc5)cc4C3=O)cc2)cc1,tg,266.0,265.89105224609375,259.68054759915475,270.8279667395505,266.1433827728726
*c1ccc(-c2ccc(N3C(=O)c4ccc(Oc5ccc6c(c5)C(=O)N(*)C6=O)cc4C3=O)c(OCCCCCCOc3ccc(/C=C/c4ccc(F)cc4)cc3)c2)cc1OCCCCCCOc1ccc(/C=C/c2ccc(F)cc2)cc1,tg,124.0,120.97737121582033,135.26198148180578,160.35298747702865,136.0924072267238
*c1ccc(-c2ccc(N3C(=O)c4ccc(Oc5ccc6c(c5)C(=O)N(*)C6=O)cc4C3=O)cc2)cc1,egc,3.0187,2.940002918243408,3.0592513812399043,2.97364196806018,2.975900773832561
*c1ccc(-c2ccc(N3C(=O)c4ccc(Oc5ccc6c(c5)C(=O)N(*)C6=O)cc4C3=O)cc2)cc1,tg,286.0,295.89227294921875,306.6318277469487,304.36002052682124,300.71701578188504
*c1ccc(-c2ccc(N3C(=O)c4ccc(Oc5ccc6c(c5)C(=O)N(*)C6=O)cc4C3=O)cc2C(F)(F)F)c(C(F)(F)F)c1,tg,275.0,275.755615234375,304.47944647632426,282.271444794938,283.6688203226836
*c1ccc(-c2ccc(N3C(=O)c4ccc(Oc5ccc6c(c5)C(=O)N(*)C6=O)cc4C3=O)cc2C)c(C)c1,egc,3.2926,3.053123235702514,3.02386029344026,3.1113323891061793,3.0623804760215276
*c1ccc(-c2ccc(NC(=O)c3cccc(C(=O)Nc4ccc(-c5ccc(N6C(=O)c7ccc(-c8ccc9c(c8)C(=O)N(*)C9=O)cc7C6=O)cc5)cc4)c3)cc2)cc1,tg,230.0,294.1213073730469,266.3011799480783,273.9814258932215,282.1785534155862
*c1ccc(-c2ccc(NC(=O)c3cccc(C(=O)Nc4ccc(-c5ccc(N6C(=O)c7ccc(Oc8ccc9c(c8)C(=O)N(*)C9=O)cc7C6=O)cc5)cc4)c3)cc2)cc1,tg,233.0,288.8836669921875,251.14385735770492,255.75168218738432,270.8847269685689
*c1ccc(-c2ccc(Oc3ccc(*)s3)s2)cc1,eea,2.1082,1.856764554977417,2.248563529728506,2.088491377727561,1.9456282212340428
*c1ccc(-c2ccc(Oc3ccc(*)s3)s2)cc1,egb,2.1882,3.052035093307495,2.387936621214084,2.6859591409500942,2.8979832966995867
*c1ccc(-c2ccc(Oc3ccc(*)s3)s2)cc1,egc,3.0679,3.64265775680542,3.128497471259853,3.3227719730660374,3.4403511714847035
*c1ccc(-c2ccc(Oc3ccc(*)s3)s2)cc1,eps,5.22,4.388696670532227,5.604640058273722,5.606060642045473,5.055111420999626
*c1ccc(-c2ccc(Oc3ccc(*)s3)s2)cc1,nc,2.1868,2.027228355407715,2.0735113814403485,2.125448934090511,2.0489570043708603
*c1ccc(-c2ccc(Oc3ccc(C4(C)CC(C)(C)c5ccc(Oc6ccc(-c7ccc(N8C(=O)c9ccc(Oc%10ccc%11c(c%10)C(=O)N(*)C%11=O)cc9C8=O)cc7)cc6C(F)(F)F)cc54)cc3)c(C(F)(F)F)c2)cc1,tg,249.0,262.3247985839844,254.44945818389377,259.967962463238,259.97873801637905
*c1ccc(-c2ccc([Si](*)(C)C)s2)s1,tg,45.0,53.580047607421875,77.81201487407287,59.55363654466995,60.40326498028738
*c1ccc(-c2ccc([Si](*)(CCCC)CCCC)s2)s1,tg,-10.0,5.0870361328125,7.274930169894478,-3.6399514662535353,2.8362271129944587
*c1ccc(-c2ccc([Si](C)(C)[Si](*)(C)C)s2)s1,tg,45.0,15.88134765625,39.84996402743151,38.08783770378521,27.67272595130283
*c1ccc(-c2ccc([Si](CCCC)(CCCC)[Si](*)(CCCC)CCCC)s2)s1,tg,-20.0,-35.80738830566406,-23.711126289659383,-31.246262182812018,-31.912752765537416
*c1ccc(-c2ccc3c(c2)C(CCCCCC)(CCCCCC)c2cc(*)ccc2-3)cc1,tg,105.87,111.88972473144533,95.10411663297086,92.77114134824464,102.52844692192998
*c1ccc(-c2ccc3c(c2)C(CCCCCCBr)(CCCCCCBr)c2cc(*)ccc2-3)cc1,tg,117.2,94.9783172607422,99.4017555720035,87.11945612662277,93.45507463793518
*c1ccc(-c2ccc3c(c2)C(CCCCCCC#N)(CCCCCCC#N)c2cc(*)ccc2-3)cc1,tg,90.0,95.70182800292967,119.25089561164572,127.37409035650816,110.33564441907475
*c1ccc(-c2ccc3c(c2)C(CCCCCCCC)(CCCCCCCC)c2cc(*)ccc2-3)c(F)c1,tg,34.0,73.91168212890625,49.45240921400228,72.5753604878629,68.47650134668221
*c1ccc(-c2ccc3c(c2)C(CCCCCCCC)(CCCCCCCC)c2cc(*)ccc2-3)cc1,tg,81.0,70.04171752929688,74.48682584332859,73.22324308158197,71.93866318248179
*c1ccc(-c2ccc3nc(*)cc(-c4ccccc4)c3c2)cc1,egc,2.9209,3.503732442855835,3.0938525266195835,3.2674112035629093,3.347536396087969
*c1ccc(-c2ccc3nc(*)cc(-c4ccccc4)c3c2)cc1,tg,383.0,346.88323974609375,384.3008078134744,363.4456837687361,359.6896391116693
*c1ccc(-c2ccc3nc(Oc4cc(-c5ccccc5)c5cc(*)ccc5n4)cc(-c4ccccc4)c3c2)cc1,egc,3.4645,3.4953980445861816,3.115506406357137,3.258544483023491,3.345785328306015
*c1ccc(-c2ccc3nc4oc5cc6[nH]c7nc8cc(*)ccc8nc7nc-6[nH]c=5n-4ccc3c2)cc1,egc,1.9579,2.895298957824707,2.3766582608540774,2.2903209317434055,2.6144927938876927
*c1ccc(-c2ccn3sc4nc5nc6c(cc5oc-4cc-3nc2)Nc2nc3ccc(*)cc3nc2O6)cc1,egc,1.535,2.1721725463867188,2.450584161187382,2.368323923043015,2.2879539334026213
*c1ccc(-c2cnc3cc(-c4ccc5nc(*)cnc5c4)ccc3n2)cc1,egc,3.2178,3.090345859527588,3.175783218809986,3.2183857739171104,3.1443182588493226
*c1ccc(-c2cnc3cc(-c4ccc5nc(*)cnc5c4)ccc3n2)cc1,tg,350.0,358.72821044921875,359.6559671086496,377.6022964919165,364.75806326935617
*c1ccc(-c2cnc3cc(Oc4ccc5nc(*)cnc5c4)ccc3n2)cc1,tg,306.0,279.2904052734375,313.78813010374785,316.66904040058137,297.93756517726894
*c1ccc(-c2cnc3cc(S(=O)(=O)c4ccc5nc(*)cnc5c4)ccc3n2)cc1,egc,3.1704,3.412534713745117,3.3079649058130904,3.311240588695078,3.361539946112858
*c1ccc(-c2cnc3cc(S(=O)(=O)c4ccc5nc(*)cnc5c4)ccc3n2)cc1,tg,342.0,317.3940734863281,325.2574902311538,319.26371693676504,319.5869554953878
*c1ccc(-c2cnc3cc4nc(*)cnc4cc3n2)cc1,tg,392.0,385.6293640136719,388.0553594191721,390.6649838028152,387.68539538025584
*c1ccc(-c2cnc3cc4ncc(*)nc4cc3n2)cc1,egc,2.7084,2.7076125144958496,3.0304917378156877,3.065827304710205,2.8774228617044586
*c1ccc(-c2cnc3cc4ncc(*)nc4cc3n2)cc1,tg,392.0,439.6411437988281,384.054458559309,389.3603384300301,412.67245347101994
*c1ccc(-c2cnc3ccc(-c4ccc5nc(*)cnc5c4)cc3n2)cc1,egc,3.3633,3.148397445678711,3.0350784584376114,3.045293067979224,3.0949476870871826
*c1ccc(-c2cnc3ccc(-c4ccc5ncc(*)nc5c4)cc3n2)cc1,egc,3.3577,3.0795955657958984,3.049859917825997,3.045273796939913,3.063594801595396
*c1ccc(-c2cnc3ccc(Oc4ccc5ncc(*)nc5c4)cc3n2)cc1,tg,306.0,339.942626953125,318.9529169039095,312.9972464270863,327.29670338308586
*c1ccc(-c2cnc3ccc(S(=O)(=O)c4ccc5ncc(*)nc5c4)cc3n2)cc1,egc,3.2952,3.0758538246154785,3.2345205653136215,3.299523007424931,3.1722497692284914
*c1ccc(-c2csc(-c3cc(*)cs3)c2)cc1,egc,3.4782,3.3226914405822754,2.7799412934191667,2.92643953878431,3.0932125705310636
*c1ccc(-c2csc(-c3nc(*)cs3)n2)cc1,egc,3.3372,3.2650041580200195,3.5480177335095693,3.4015029631344857,3.3656031311979726
*c1ccc(-c2nc(-c3ccc(-c4nc(*)sc4C(=O)O)cc3)c(C(=O)O)s2)cc1,egc,3.4119,3.0146007537841797,2.6890514471824347,2.774851980700179,2.8763930421091866
*c1ccc(-c2nc3cc(-c4ccc5nc(*)c(-c6ccc7ccccc7c6)nc5c4)ccc3nc2-c2ccc3ccccc3c2)cc1,egc,2.9636,2.9950757026672363,3.072864830323567,3.0391651902430388,3.024512598971892
*c1ccc(-c2nc3cc(-c4ccc5nc(*)c(-c6ccc7ccccc7c6)nc5c4)ccc3nc2-c2ccc3ccccc3c2)cc1,tg,333.0,332.1944885253906,349.81490199315783,343.7375736655057,339.3834087019163
*c1ccc(-c2nc3cc(-c4ccc5nc(*)c(-c6ccccc6)nc5c4)ccc3nc2-c2ccccc2)cc1,egc,2.983,3.2581095695495605,3.1446453511508183,3.0428164632335193,3.1741318506723935
*c1ccc(-c2nc3cc(-c4ccc5nc(*)c(-c6ccccc6)nc5c4)ccc3nc2-c2ccccc2)cc1,tg,367.45,321.05023193359375,331.8399695810802,344.6800396088915,330.5762043747336
*c1ccc(-c2nc3cc(-c4ccc5nc(-c6ccccc6)c(*)nc5c4)ccc3nc2-c2ccccc2)cc1,egc,3.3015,3.157026767730713,3.0846987852946053,3.115768110939126,3.1295845903946247
*c1ccc(-c2nc3cc(-c4ccc5nc(-c6ccccc6)c(-c6ccc(N7C(=O)C8OC9C(=O)N(*)C(=O)C9C8C7=O)cc6)nc5c4)ccc3nc2-c2ccccc2)cc1,tg,230.0,298.41229248046875,307.03369921704103,301.84156721618797,301.2433254974553
*c1ccc(-c2nc3cc(-c4ccc5oc(*)nc5c4)ccc3o2)cc1,egc,3.1145,2.907153606414795,3.389492335315572,3.4085799701720605,3.1516676020915138
*c1ccc(-c2nc3cc(-c4ccc5oc(*)nc5c4)ccc3o2)cc1,tg,430.0,442.6711120605469,384.0305832732404,378.36951143352366,410.7376006747986
*c1ccc(-c2nc3cc(C(=O)c4ccc5nc(-c6ccccc6)c(-c6ccc(N7C(=O)C8OC9C(=O)N(*)C(=O)C9C8C7=O)cc6)nc5c4)ccc3nc2-c2ccccc2)cc1,tg,255.0,304.6150207519531,288.1973833375698,288.95559213101524,296.3995045989193
*c1ccc(-c2nc3cc(C)ccc3o2)c(*)c1,tg,221.0,333.529296875,290.5096206784577,303.44389006142563,315.3889136779953
*c1ccc(-c2nc3cc(Oc4ccc(NC(=O)CN5C(=O)c6ccc(C(c7ccc8c(c7)C(=O)N(CC(=O)Nc7ccc(Oc9ccc%10nc(-c%11ccccc%11)c(*)nc%10c9)cc7)C8=O)(C(F)(F)F)C(F)(F)F)cc6C5=O)cc4)ccc3nc2-c2ccccc2)cc1,tg,280.0,249.12332153320312,259.00951038562573,267.33469888272305,256.7874004934965
*c1ccc(-c2nc3cc(Oc4ccc(NC(=O)c5cc(C(=O)Nc6ccc(Oc7ccc8nc(-c9ccccc9)c(*)nc8c7)cc6)cc(N6C(=O)c7ccccc7C6=O)c5)cc4)ccc3nc2-c2ccccc2)cc1,tg,302.0,285.60882568359375,298.6536882369405,288.59940027871994,289.21231234070547
*c1ccc(-c2nc3cc(Oc4ccc5nc(*)c(-c6ccccc6)nc5c4)ccc3nc2-c2ccccc2)cc1,egc,3.1353,3.100961685180664,3.167057524691151,3.1368982353282377,3.12555898230891
*c1ccc(-c2nc3cc(Oc4ccc5nc(*)c(-c6ccccc6)nc5c4)ccc3nc2-c2ccccc2)cc1,tg,326.0,337.03570556640625,310.31278000643306,309.0916788229789,322.903726543204
*c1ccc(-c2nc3cc(Oc4ccc5nc(-c6ccccc6)c(*)nc5c4)ccc3nc2-c2ccccc2)cc1,tg,296.43,299.84625244140625,310.07281469862534,315.6965086046464,306.84971614512784
*c1ccc(-c2nc3cc(S(=O)(=O)c4ccc5nc(*)c(-c6ccccc6)nc5c4)ccc3nc2-c2ccccc2)cc1,tg,277.5,361.9916076660156,331.7843354184611,326.35680606891924,344.76483945375537
*c1ccc(-c2nc3cc(S(=O)(=O)c4ccc5nc(-c6ccccc6)c(*)nc5c4)ccc3nc2-c2ccccc2)cc1,tg,291.8,295.47015380859375,297.82313116305215,299.8785313705107,297.3171339566247
*c1ccc(-c2nc3cc4nc(*)[nH]c4cc3[nH]2)cc1,egc,3.6007,3.1587328910827637,3.224082825028896,3.259607046774848,3.2008143173331947
*c1ccc(-c2nc3cc4nc(*)c(-c5ccccc5)nc4cc3nc2-c2ccccc2)cc1,egc,2.6364,3.048739433288574,2.82374252632487,2.881620090355221,2.9528334647793133
*c1ccc(-c2nc3cc4nc(*)c(-c5ccccc5)nc4cc3nc2-c2ccccc2)cc1,tg,395.0,365.1278076171875,374.89414079315793,377.1570234042764,370.8546057798479
*c1ccc(-c2nc3cc4nc(*)oc4cc3o2)cc1,ei,5.6689,5.5575761795043945,5.721267205396819,5.781107529935252,5.648795443534684
*c1ccc(-c2nc3cc4nc(-c5ccccc5)c(*)nc4cc3nc2-c2ccccc2)cc1,egc,2.8531,3.089801549911499,2.7378702135247432,2.9178258072486813,2.964097099608516
*c1ccc(-c2nc3ccc(-c4ccc5nc(*)c(-c6ccccc6)c(-c6ccccc6)c5c4)cc3c(-c3ccccc3)c2-c2ccccc2)cc1,tg,376.25,357.16693115234375,370.23472490899667,369.3600488886613,363.6222622720351
*c1ccc(-c2nc3ccc(-c4ccc5nc(*)c(-c6ccccc6)nc5c4)cc3nc2-c2ccccc2)cc1,egc,3.1693,3.1574110984802246,3.078140914359288,3.128273829310885,3.1317062629442045
*c1ccc(-c2nc3ccc(-c4ccc5nc(*)sc5c4)cc3s2)cc1,egc,3.0122,3.294393539428711,3.3242603545225395,3.1863370811096225,3.2717221815542357
*c1ccc(-c2nc3ccc(Oc4ccc5nc(*)c(-c6ccccc6)c(-c6ccccc6)c5c4)cc3c(-c3ccccc3)c2-c2ccccc2)cc1,tg,345.0,333.00628662109375,310.43569780925355,320.2677083391864,324.4311755903793
*c1ccc(-c2nc3ccc(Oc4ccc5nc(*)c(-c6ccccc6)nc5c4)cc3nc2-c2ccccc2)cc1,egc,3.199,3.2715649604797363,3.152551698312998,3.145792164647249,3.2106758842000938
*c1ccc(-c2nc3ccc(Oc4ccc5nc(*)c(-c6ccccc6)nc5c4)cc3nc2-c2ccccc2)cc1,tg,304.0,304.01171875,328.86292182449023,325.754118648945,315.84071831120497
*c1ccc(-c2nc3ccc(S(=O)(=O)c4ccc5nc(*)c(-c6ccccc6)nc5c4)cc3nc2-c2ccccc2)cc1,tg,345.0,294.8808288574219,287.20939722266223,292.9770440964565,292.7168005401688
*c1ccc(-c2nnc(*)o2)c(OCC)c1,tg,231.0,268.19732666015625,184.6369819435039,204.8641734908244,231.44714314715168
*c1ccc(-c2nnc(*)o2)c(OCCCCC)c1,egc,3.0444,4.312739849090576,3.8922546724687046,3.8619559393392433,4.095868760966212
*c1ccc(-c2nnc(*)o2)c(OCCCCC)c1,tg,205.0,190.506591796875,165.79755860256955,167.2811748878886,178.2479567342734
*c1ccc(-c2nnc(*)o2)c(OCCCCCCCC)c1,tg,173.0,121.76519775390624,142.84219614575332,145.41425972522106,133.40920827132308
*c1ccc(-c2nnc(*)o2)cc1,egc,3.0775,3.695858955383301,3.694700537332867,3.6429392504603846,3.681214312373454
*c1ccc(-c2nnc(-c3cccc(-c4nnc(*)n4-c4ccccc4)c3)n2-c2ccccc2)cc1,tg,265.0,275.80224609375,275.06488858468794,273.6910004527376,274.997669482623
*c1ccc(-c2nnc(-c3cccc(-c4nnc(*)o4)c3)o2)cc1,egc,3.4013,3.3471312522888184,3.7292773648649047,3.6187988072898425,3.5067129848614127
*c1ccc(-c2nnc(-c3cccc(-c4nnc(*)o4)c3)o2)cc1,tg,277.0,311.232177734375,250.31504423443928,248.43654179369867,279.2971799804699
*c1ccc(-c2nnc(-c3cccc(-c4nnc(*)o4)n3)o2)cc1,egc,3.8824,3.5816166400909424,3.3492514172608803,3.4007547317301023,3.4803220181432946
*c1ccc(-c2nnc(-c3nnc(*)o3)o2)cc1,egc,2.9171,3.5778818130493164,3.888579970232553,3.896420564897026,3.734174449725008
*c1ccc(-c2sc(-c3cc(CCCC)c(*)s3)cc2CCCC)cc1,tg,122.3,141.96803283691406,80.36466247045506,74.39256405562558,108.4133310026343
*c1ccc(-c2sc(-c3cc(SCCCC)c(*)s3)cc2SCCCC)cc1,egc,2.4731,2.6135153770446777,2.5315108353423996,2.4955694200112237,2.563056909136355
*c1ccc(-c2sc(-c3cc(SCCCCCCCC)c(*)s3)cc2SCCCCCCCC)cc1,egc,2.4336,2.1097476482391357,2.3090766661392887,2.357316161715308,2.2217627544893075
*c1ccc(-c2sc(-c3cc(SCCCCCCCCCCCC)c(*)s3)cc2SCCCCCCCCCCCC)cc1,tg,60.35,32.38615417480469,55.128081733893815,31.376191754092673,36.742839144412486
*c1ccc(-c2sc(-c3ccc(-c4cc(CCCCCCCCCCCC)c(*)s4)cc3)cc2CCCCCCCCCCCC)cc1,tg,-19.2,60.51080322265625,40.95488450099678,52.077390839469274,53.88659247884668
*c1ccc(-c2sc(-c3ccc(-c4cc(SCCCC)c(*)s4)cc3)cc2SCCCC)cc1,tg,26.4,110.5753173828125,74.70002831000681,80.0110060987243,93.75358452589782
*c1ccc(-n2c(=O)c3cc4c(=O)n(*)c(=O)c4cc3c2=O)c(C)c1,egc,2.9393,2.6653480529785156,2.70295589327223,2.7757327110657437,2.703790559846066
*c1ccc(-n2c(=O)c3cc4c(=O)n(*)c(=O)c4cc3c2=O)cc1,egc,2.8625,2.5165607929229736,3.0262613038531,2.913000355622794,2.7386758141324457
*c1ccc(-n2ccc(-c3ccc(-c4ccn(*)n4)cc3)n2)cc1,egc,3.3335,3.409839630126953,3.693839057746438,3.587547310624358,3.521861267851806
*c1ccc(-n2ccc(-c3cccc(-c4ccn(*)n4)c3)n2)cc1,egc,3.7316,3.2890024185180664,3.2937948111904545,3.258308882160439,3.281734435137308
*c1ccc(/C=C(\C#N)C(=O)NC2CCCCC2NC(=O)/C(C#N)=C/c2ccc(N(c3ccccc3)c3ccc(N(*)c4ccccc4)cc3)cc2)cc1,tg,239.0,276.7947998046875,231.9073458832416,244.78354182996145,257.67511145519336
*c1ccc(C#Cc2cc(OCCCCCCCC)c(C#Cc3ccc(-c4nnc(*)o4)cc3)cc2OCCCCCCCC)cc1,tg,130.0,89.66073608398438,85.64631322618074,98.59380050553392,91.60029708717983
*c1ccc(C(*)C)cc1,tg,79.43,219.93988037109375,114.48296130163712,111.8808144749299,164.856539947931
*c1ccc(C(=O)C(F)(F)C(*)(F)F)cc1,eea,3.4595,3.291668176651001,3.4037624367944,2.85541581153519,3.250109586018495
*c1ccc(C(=O)C(F)(F)C(*)(F)F)cc1,egb,3.5762,3.2970786094665527,3.907837832809533,3.601417999030234,3.438757230340721
*c1ccc(C(=O)C(F)(F)C(*)(F)F)cc1,egc,4.443,3.836904525756836,4.271258585350931,4.280406558807931,4.054907795425719
*c1ccc(C(=O)C(F)(F)C(*)(F)F)cc1,ei,7.7091,7.291686058044434,7.263120262975069,7.183050252385511,7.254354239813212
*c1ccc(C(=O)C(F)(F)C(*)(F)F)cc1,eps,3.85,3.779660224914551,3.977899280361692,3.942841568495607,3.88830790703574
*c1ccc(C(=O)C(F)(F)C(*)(F)F)cc1,nc,1.8174,1.7963770627975464,1.8066199451945215,1.796332708842924,1.7990586654834355
*c1ccc(C(=O)C(F)(F)C(*)(F)F)s1,eea,3.7613,3.8180646896362305,3.421497386512641,3.1974479078391895,3.676662004223515
*c1ccc(C(=O)C(F)(F)C(*)(F)F)s1,ei,7.5565,7.287158489227295,7.041732708194905,7.146405348792213,7.210174656595152
*c1ccc(C(=O)C(F)(F)C(*)(F)F)s1,eps,3.93,4.05643367767334,4.452655004620769,4.345834480269041,4.273588307888467
*c1ccc(C(=O)NCCCCCCCCCCNC(=O)c2ccc(-c3nc4ccccc4nc3*)cc2)cc1,tg,166.0,188.91018676757812,171.36342639288475,176.5199048121325,181.4742776431101
*c1ccc(C(=O)NCCCCCCCCNC(=O)c2ccc(-c3nc4ccccc4nc3*)cc2)cc1,tg,185.0,194.77145385742188,159.47666289049755,174.46923375823005,181.24384886824885
*c1ccc(C(=O)NNC(=O)c2ccc(C(=O)NNC(=O)c3ccc(C4(*)OC(=O)c5ccccc54)cc3)cc2)cc1,tg,237.0,284.0755615234375,253.28315477146532,275.5851675613035,275.1267542334353
*c1ccc(C(=O)Nc2ccc(-c3cc(Br)ccc3NC(=O)c3ccc(S(*)(=O)=O)cc3)cc2)cc1,tg,288.0,215.61260986328125,278.7462865442764,275.73905586093116,247.1768773197782
*c1ccc(C(=O)Nc2ccc(-c3ccc(NC(=O)c4ccc(-n5c(=O)c6sc7c(=O)n(*)c(=O)c7sc6c5=O)cc4)cc3)cc2)cc1,egc,1.2847,2.2693769931793213,1.714284189320704,1.616980891210306,1.9675033264491932
*c1ccc(C(=O)Nc2ccc(-c3nnc(*)o3)cc2)c(Oc2ccccc2)c1,tg,235.0,235.19955444335935,236.40334736950217,247.7203981547171,239.32047721225422
*c1ccc(C(=O)Nc2ccc(-n3c(=O)c4cc5c(=O)n(*)c(=O)c5cc4c3=O)cc2C(=O)OCC)cc1,egc,2.463,2.7248716354370117,2.6205099953194995,2.4150561417006133,2.617242852960972
*c1ccc(C(=O)Nc2ccc(NC(=O)c3ccc(-n4c(=O)c5sc6c(=O)n(*)c(=O)c6sc5c4=O)cc3)cc2)cc1,egc,1.4889,2.2238619327545166,1.5792031545707237,1.842112060545427,1.975461299134405
*c1ccc(C(=O)Nc2ccc(Oc3ccc(NC(=O)c4ccc(-n5c(=O)c6cc7c(=O)n(*)c(=O)c7cc6c5=O)cc4)cc3)cc2)cc1,egc,1.639,2.1616387367248535,2.1602258895388484,2.305185177456558,2.2003408534296045
*c1ccc(C(=O)Nc2ccc(Oc3ccc(NC(=O)c4ccc(Oc5ccc(-c6nn(*)c(=O)c7ccccc67)c6ccccc56)cc4)cc3)cc2)cc1,egc,3.2201,2.9443602561950684,2.8116465671920716,2.798250812691395,2.874869466822979
*c1ccc(C(=O)Nc2cccc(-n3c(=O)c4cc5c(=O)n(*)c(=O)c5cc4c3=O)c2)cc1,egc,2.445,2.5873732566833496,2.6904699929093754,2.6217862290144165,2.6198577569114168
*c1ccc(C(=O)Nc2cccc(Oc3ccc(S(=O)(=O)c4ccc(Oc5cccc(NC(=O)c6ccc(N7C(=O)c8ccc(-c9ccc%10c(c9)C(=O)N(*)C%10=O)cc8C7=O)cc6)c5)cc4)cc3)c2)cc1,tg,262.0,228.6962890625,236.599609491454,235.24758202013572,232.34579973006385
*c1ccc(C(=O)Nc2cccc(Oc3ccc(S(=O)(=O)c4ccc(Oc5cccc(NC(=O)c6ccc(N7C(=O)c8ccc(-c9cccc%10c9C(=O)N(*)C%10=O)cc8C7=O)cc6)c5)cc4)cc3)c2)cc1,tg,241.0,263.2228698730469,271.50626346264517,258.81385658756517,263.5594500472056
*c1ccc(C(=O)Nc2cccc(S(=O)(=O)c3cccc(NC(=O)c4ccc(N5C(=O)c6ccc(-c7ccc8c(c7)C(=O)N(*)C8=O)cc6C5=O)cc4)c3)c2)cc1,tg,256.0,283.5706481933594,264.517952316842,269.74407237973105,275.3811859612574
*c1ccc(C(=O)OCCCCCCCCCCOc2ccc(C=CC(=O)C=Cc3ccc(OCCCCCCCCCCOC(=O)c4ccc(-c5nnc(*)o5)cc4)cc3)cc2)cc1,tg,58.0,73.70355224609375,70.58957066641015,71.14124969369053,72.27147950609657
*c1ccc(C(=O)OCCCCCCCCCOC(=O)c2ccc(-c3nnc(*)s3)cc2)cc1,tg,72.0,67.6194076538086,55.81495311553846,63.49824423477213,63.92080143445991
*c1ccc(C(=O)OCCCCCCCCOc2ccc(C=C3CCC(=Cc4ccc(OCCCCCCCCOC(=O)c5ccc(-c6nnc(*)o6)cc5)cc4)C3=O)cc2)cc1,tg,99.0,69.70719909667969,84.04560143637147,91.4706625195995,79.38432865018657
*c1ccc(C(=O)OCCCCCCCCOc2ccc(C=C3CCCCC(=Cc4ccc(OCCCCCCCCOC(=O)c5ccc(-c6nnc(*)o6)cc5)cc4)C3=O)cc2)cc1,tg,98.0,69.6541519165039,87.99680716031968,83.41265906501093,77.67677597967548
*c1ccc(C(=O)OCCCCCCCCOc2ccc(C=CC(=O)C=Cc3ccc(OCCCCCCCCOC(=O)c4ccc(-c5nnc(*)o5)cc4)cc3)cc2)cc1,tg,59.0,70.82992553710938,79.27856068616144,80.20649961011023,75.46549690221171
*c1ccc(C(=O)OCCCCCCOc2ccc(C=C3CCCC(=Cc4ccc(OCCCCCCOC(=O)c5ccc(-c6nnc(*)o6)cc5)cc4)C3=O)cc2)cc1,tg,71.0,78.54479217529297,100.99844478625452,106.62914570925176,91.8436604097991
*c1ccc(C(=O)OCCCCCCOc2ccc(C=C3CCCCC(=Cc4ccc(OCCCCCCOC(=O)c5ccc(-c6nnc(*)o6)cc5)cc4)C3=O)cc2)cc1,tg,104.0,81.65281677246094,71.45201648712741,77.73744331190187,78.34712586089546
*c1ccc(C(=O)Oc2c(C)cc(C(c3cccnc3)c3cc(C)c(OC(=O)c4ccc(N5C(=O)CC(Nc6ccc(Cc7ccc(NC8CC(=O)N(*)C8=O)cc7)cc6)C5=O)cc4)c(C)c3)cc2C)cc1,tg,186.0,225.25067138671875,222.3975357220073,223.3667670440402,224.08203980524888
*c1ccc(C(=O)Oc2c(C)cc(C(c3cccnc3)c3cc(C)c(OC(=O)c4ccc(N5C(=O)CC(Nc6ccc(NC7CC(=O)N(*)C7=O)cc6)C5=O)cc4)c(C)c3)cc2C)cc1,tg,212.0,208.2153778076172,203.96723005196844,205.03617406817847,206.35958853095318
*c1ccc(C(=O)Oc2ccc(C(C)(C)c3ccc(OC(=O)c4ccc(N5C(=O)CC(SCCOCCSC6CC(=O)N(*)C6=O)C5=O)cc4)cc3)cc2)cc1,tg,143.0,151.56895446777344,147.88404627868834,147.87982867874103,149.67104144516227
*c1ccc(C(=O)Oc2ccc(OC(=O)c3ccc(N4C(=O)CC(SCCOCCSC5CC(=O)N(*)C5=O)C4=O)cc3)cc2)cc1,tg,166.0,142.90200805664062,135.55111784065798,132.99005961482436,138.32617784078457
*c1ccc(C(=O)Oc2ccc3ccc(OC(=O)c4ccc(N5C(=O)CC(SCCOCCSC6CC(=O)N(*)C6=O)C5=O)cc4)cc3c2)cc1,tg,160.0,156.22509765625,159.71133633874277,166.7402786592329,160.19410653264083
*c1ccc(C(=O)c2ccc(C(=O)c3ccc(S(*)(=O)=O)cc3)cc2)cc1,tg,213.5,178.4279327392578,192.7949155281876,178.74122473953167,181.47455106213445
*c1ccc(C(=O)c2cccc(-n3c(=O)c4cc5c(=O)n(*)c(=O)c5cc4c3=O)c2)cc1,egc,3.1782,2.373530626296997,2.408799401949875,2.4145402541724073,2.39259068466175
*c1ccc(C(=S)c2ccc(-c3ccc(*)s3)s2)cc1,eea,3.54,3.0550360679626465,3.285715768681771,3.311263023893265,3.123323056590177
*c1ccc(C(=S)c2ccc(C(=S)C(=O)Nc3ccc(-c4ccc(*)s4)cc3)s2)s1,ei,5.6233,5.7009453773498535,5.4216522823753905,5.528474061105788,5.609557013478385
*c1ccc(C(C#N)(C(=O)O)C(*)(C#N)C(=O)O)cc1,egc,5.2415,4.949062824249268,4.428362544091782,4.609543937301178,4.739952245300056
*c1ccc(C(C#N)(C(=O)OCC(C)C)C(*)(C#N)C(=O)OCC(C)C)cc1,tg,108.0,93.81871032714844,105.29449586164776,102.73267648412968,98.93266265323686
*c1ccc(C(C#N)(C(=O)OCC)C(*)(C#N)C(=O)OCC)cc1,tg,108.0,145.5502166748047,120.18701749344062,132.9231720976634,136.43626078879134
*c1ccc(C(C)(C)c2ccc(-n3c(=O)c4cc5c(=O)n(*)c(=O)c5cc4c3=O)cc2)cc1,egc,2.5724,3.008479356765747,2.5803729888061517,2.5933003854871197,2.7995766238906303
*c1ccc(C(C)(C)c2ccc(C(C)(C)c3ccc(N4C(=O)c5ccc(Oc6ccc7ccc(Oc8ccc9c(c8)C(=O)N(*)C9=O)cc7c6)cc5C4=O)cc3)cc2)cc1,tg,246.0,242.52420043945312,235.33362065191628,239.44786294298927,240.09612478018684
*c1ccc(C(C)(C)c2ccc(C(C)(C)c3ccc(N4C(=O)c5ccc(Oc6cccc7c(Oc8ccc9c(c8)C(=O)N(*)C9=O)cccc67)cc5C4=O)cc3)cc2)cc1,tg,253.0,243.97024536132812,245.1933623056795,240.39492968050297,243.11521191523602
*c1ccc(C(C)(C)c2ccc(N3C(=O)c4ccc(Oc5ccc(Oc6ccc7c(c6)C(=O)N(*)C7=O)cc5)cc4C3=O)cc2)cc1,tg,264.0,231.0584716796875,254.7342402645458,254.72300239324488,243.24082241606044
*c1ccc(C(C)(C)c2ccc(N3C(=O)c4ccc(Oc5ccc6c(c5)C(=O)N(*)C6=O)cc4C3=O)cc2)cc1,tg,265.0,258.3045349121094,272.99452625561105,277.5587000288275,267.27750798630916
*c1ccc(C(C)(C)c2ccc(N3C(=O)c4ccc(Oc5cccc6c(Oc7ccc8c(c7)C(=O)N(*)C8=O)cccc56)cc4C3=O)cc2)cc1,tg,265.0,246.54562377929688,265.879755023405,264.5644065639142,256.08987703819275
*c1ccc(C(C=CC)c2ccc(-n3c(=O)c4cc5c(=O)n(*)c(=O)c5cc4c3=O)cc2)cc1,egc,2.5577,2.423414945602417,2.3165121418602195,2.60017741254536,2.44747868761701
*c1ccc(C(F)(F)C(*)(F)F)cc1,tg,76.95,109.17829895019533,82.30217410194004,107.36720154786052,103.1000245665906
*c1ccc(C(F)(F)C(=O)C(*)(F)F)cc1,nc,1.7375,1.7946009635925293,1.7853965903966549,1.7623632820830206,1.7890390572900803
*c1ccc(C(F)(F)C(=O)C(*)(F)F)s1,eps,4.05,4.140264987945557,3.8938358355207887,3.968100600286882,4.005206050353014
*c1ccc(C(F)(F)CC(*)(F)F)cc1,eea,1.9565,2.1746606826782227,1.9888840085954549,2.1007738793456396,2.1373216834016038
*c1ccc(C(F)(F)CC(*)(F)F)cc1,egb,4.3368,4.623317718505859,4.787058326700196,4.615080639908146,4.661300842891758
*c1ccc(C(F)(F)CC(*)(F)F)cc1,egc,4.7291,5.040614128112793,5.021907923569253,5.160395287385258,5.0689764604486705
*c1ccc(C(F)(F)CC(*)(F)F)cc1,ei,7.0413,7.091794013977051,7.353277228668986,7.326138722722856,7.199765586673747
*c1ccc(C(F)(F)CC(*)(F)F)cc1,eps,3.47,3.694509267807007,3.5817162574570154,3.666638332077527,3.6326914836859285
*c1ccc(C(F)(F)CC(*)(F)F)cc1,nc,1.7249,1.756869912147522,1.7139297449342363,1.7152886108038543,1.7415491686151654
*c1ccc(C(F)(F)CC(*)(F)F)s1,eea,2.025,2.585177183151245,2.1044044570088563,2.108106898572375,2.450446576847648
*c1ccc(C(F)(F)CC(*)(F)F)s1,egc,5.0751,3.555556297302246,4.408746483647927,4.033232051285375,3.8768168215992542
*c1ccc(C(F)(F)CC(*)(F)F)s1,ei,7.1393,6.651635646820068,7.153646036553812,6.923808474739892,6.8042650069317
*c1ccc(C(F)(F)CC(*)(F)F)s1,nc,1.7568,1.7885209321975708,1.7680711956401909,1.7747782582914076,1.7818164176117732
*c1ccc(C(F)(F)NC(*)(F)F)cc1,eea,2.1641,2.435356855392456,2.1331731081976075,1.935433877985564,2.3240076477165457
*c1ccc(C(F)(F)NC(*)(F)F)cc1,egb,4.2709,4.655723571777344,4.236763594895674,4.339614395778241,4.5585368745365304
*c1ccc(C(F)(F)NC(*)(F)F)cc1,nc,1.7422,1.7714427709579468,1.752570140983154,1.7680680923751415,1.766164338676958
*c1ccc(C(F)(F)NC(*)(F)F)s1,eea,2.4083,2.5878865718841553,2.279129716847374,2.2379395767751245,2.4955543155586044
*c1ccc(C(F)(F)NC(*)(F)F)s1,egc,4.586,3.799992084503174,4.195153044827061,4.277628520935644,4.0184806623406
*c1ccc(C(F)(F)NC(*)(F)F)s1,ei,7.3853,6.712525367736816,6.756318130571315,6.672575366618282,6.706251885503127
*c1ccc(C(F)(F)NC(*)(F)F)s1,eps,4.48,3.979925394058227,4.036642981262095,4.0218237411262105,4.011010259607588
*c1ccc(C(F)(F)c2ccc(C(*)(F)F)cc2)cc1,egb,4.1742,3.847315549850464,4.061993305379313,3.924254925672867,3.897114631343187
*c1ccc(C(F)(F)c2ccc(C(*)(F)F)cc2)cc1,nc,1.8364,1.8552294969558716,1.7688124901193798,1.7985072244365374,1.8270294132254465
*c1ccc(C(F)(F)c2ccc(C(*)(F)F)cc2)s1,eea,2.9023,2.3513126373291016,2.389053658435301,2.2853196944388467,2.348101592480036
*c1ccc(C(F)(F)c2ccc(C(*)(F)F)cc2)s1,ei,6.4074,6.731450080871582,6.5682847042108925,6.6748287380330655,6.691634345890277
*c1ccc(C(F)(F)c2ccc(C(*)(F)F)cc2)s1,eps,4.0,3.7626829147338863,3.652456217461608,3.904858699858113,3.7022716343255198
*c1ccc(C(F)(F)c2ccc(C(*)(F)F)s2)s1,eea,2.5399,2.8079118728637695,2.503646030173787,2.51878153998683,2.7243501716756375
*c1ccc(C(F)(F)c2ccc(C(*)(F)F)s2)s1,egc,3.3802,3.8135831356048584,3.595817952812032,3.78727737868616,3.7575758883872785
*c1ccc(C(F)(F)c2ccc(C(*)(F)F)s2)s1,ei,6.7826,6.604663848876953,6.417030472668227,6.4531532055410095,6.532306507419861
*c1ccc(C(c2ccc(-c3cc(-c4ccccc4)c4cc(Oc5ccc6nc(*)cc(-c7ccccc7)c6c5)ccc4n3)cc2)(C(F)(F)F)C(F)(F)F)cc1,tg,260.0,258.6455993652344,290.86748329736383,271.4456302714312,269.2212337142882
*c1ccc(C(c2ccc(-c3nc4ccc(-c5ccc6nc(*)[nH]c6c5)cc4[nH]3)cc2)(C(F)(F)F)C(F)(F)F)cc1,tg,269.0,368.58441162109375,324.1373447040718,337.43588656602293,349.82205662070584
*c1ccc(C(c2ccc(-c3nc4ccc(-c5ccc6nc(*)oc6c5)cc4o3)cc2)(C(F)(F)F)C(F)(F)F)cc1,tg,345.0,341.1593017578125,299.88713953678297,295.50624611947006,318.56129130574743
*c1ccc(C(c2ccc(-n3c(=O)c4cc5c(=O)n(*)c(=O)c5cc4c3=O)cc2)(C(F)(F)F)C(F)(F)F)cc1,egc,2.7195,2.821870803833008,2.696598511101092,2.7180449108866016,2.765543134666509
*c1ccc(C(c2ccc(C#N)cc2)c2ccc(N(*)c3ccc(C)cc3)cc2)cc1,tg,230.0,221.12127685546875,236.42096404158735,242.40202613157567,230.84642321702432
*c1ccc(C(c2ccc(C(=O)OC)cc2)c2ccc(N(*)c3ccc(C)cc3)cc2)cc1,tg,222.0,232.4185791015625,187.39421602576732,195.79861927002804,211.84491483621625
*c1ccc(C(c2ccc(N(*)c3ccc(C)cc3)cc2)c2ccc([N+](=O)[O-])cc2)cc1,tg,215.0,217.30958557128903,213.77346858962648,225.30302201871817,219.05664013892857
*c1ccc(C(c2ccc(N3C(=O)c4cc(-c5ccc(C(C)(C)C)cc5)c(-c5cc6c(cc5-c5ccc(C(C)(C)C)cc5)C(=O)N(*)C6=O)cc4C3=O)cc2)(C(F)(F)F)C(F)(F)F)cc1,tg,381.0,327.22125244140625,364.9092454697742,367.72757722673487,347.49107027638246
*c1ccc(C(c2ccc(N3C(=O)c4cc5c(cc4C3=O)C(C(F)(F)F)(C(F)(F)F)c3cc4c(cc3O5)C(=O)N(*)C4=O)cc2)(C(F)(F)F)C(F)(F)F)cc1,tg,430.0,317.9393005371094,310.6785885700243,311.8990598671587,314.5798363719163
*c1ccc(C(c2ccc(N3C(=O)c4ccc(-c5ccc6c(c5)C(=O)N(*)C6=O)cc4C3=O)cc2)(C(F)(F)F)C(F)(F)F)cc1,tg,333.67,319.5386962890625,324.11524978390764,317.97637245197996,319.9949492164291
*c1ccc(C(c2ccc(N3C(=O)c4ccc(Oc5ccc6c(c5)C(=O)N(*)C6=O)cc4C3=O)cc2)(C(F)(F)F)C(F)(F)F)cc1,tg,305.0,276.12451171875,287.7838017026883,283.9351293292623,280.9347790009719
*c1ccc(C(c2ccc(N3C(=O)c4ccc(Oc5ccc6cc(Oc7ccc8c(c7)C(=O)N(*)C8=O)ccc6c5)cc4C3=O)cc2)(C(F)(F)F)C(F)(F)F)cc1,tg,218.0,249.79539489746097,256.55473994077573,257.8254227804977,253.66753521446896
*c1ccc(C(c2ccc(N3C(=O)c4ccc(Oc5ccc6ccc(Oc7ccc8c(c7)C(=O)N(*)C8=O)cc6c5)cc4C3=O)cc2)(C(F)(F)F)C(F)(F)F)cc1,tg,256.0,232.5941619873047,239.56761729117423,248.98095323522193,239.09572552719328
*c1ccc(C(c2ccc(OCCCC)cc2)c2ccc(N(*)c3ccc(C)cc3)cc2)cc1,tg,170.0,130.2941131591797,159.84614245690634,129.24861690917018,136.03798881446858
*c1ccc(C(c2ccccc2)(c2ccc(-c3nc4ccc(-c5ccc6nc(*)oc6c5)cc4o3)cc2)C(F)(F)F)cc1,egc,3.4178,3.515075922012329,3.329519993526574,3.502884842785897,3.4701316713962824
*c1ccc(C(c2ccccc2)(c2ccc(-c3nc4ccc(-c5ccc6nc(*)oc6c5)cc4o3)cc2)C(F)(F)F)cc1,tg,350.0,354.66302490234375,310.3794198512243,314.99913045904316,333.29969568705724
*c1ccc(C(c2ccccc2)(c2ccc(-n3c(=O)c4cc5c(=O)n(*)c(=O)c5cc4c3=O)cc2)C(F)(F)F)cc1,egc,2.7963,2.593118190765381,2.716327697360303,2.725769930049057,2.656818565412922
*c1ccc(C(c2ccccc2)c2ccc(N(*)c3ccc(C)cc3)cc2)cc1,tg,199.0,199.9845733642578,184.0349226117062,190.1300920093312,193.66110814391462
*c1ccc(C(c2ccccc2)c2ccc(N(c3ccc(C)cc3)c3ccc(-c4ccc(N(*)c5ccc(C)cc5)cc4)cc3)cc2)cc1,tg,239.0,210.52944946289065,216.31983212991943,228.35160788274297,217.2321982136165
*c1ccc(C(c2ccccc2)c2ccc(N3C(=O)c4ccc(-c5ccc6c(c5)C(=O)N(*)C6=O)cc4C3=O)cc2)cc1,egc,2.907,3.0014052391052246,2.8641255630982374,2.834380364135054,2.9252047698919896
*c1ccc(C(c2ccccc2)c2ccc(N3C(=O)c4ccc(Oc5ccc6c(c5)C(=O)N(*)C6=O)cc4C3=O)cc2)cc1,tg,269.0,253.9205322265625,275.9102400086552,274.59514920020206,264.83168029046084
*c1ccc(C(c2ccccc2)c2ccc(N3C(=O)c4ccc(S(=O)(=O)c5ccc6c(c5)C(=O)N(*)C6=O)cc4C3=O)cc2)cc1,tg,305.0,295.09881591796875,306.16451718036944,312.889410872273,302.87487686942177
*c1ccc(C)c(N2C(=O)c3ccc(-c4ccc5c(c4)C(=O)N(*)C5=O)cc3C2=O)c1,egc,3.4309,3.055537462234497,3.1303442601638896,3.2697247691130036,3.130541605346939
*c1ccc(C)c(N2C(=O)c3ccc(-c4ccc5c(c4)C(=O)N(*)C5=O)cc3C2=O)c1,tg,341.33,345.55584716796875,350.55678562728065,355.9513811862966,349.7988224989972
*c1ccc(C)c(N2C(=O)c3ccc(S(=O)(=O)c4ccc5c(c4)C(=O)N(*)C5=O)cc3C2=O)c1,egc,3.2404,3.1808459758758545,3.1494122879150583,3.331809355620484,3.2148288475138385
*c1ccc(C)c(N2CC(=O)N(*)CC2=O)c1,egc,5.1153,4.798018932342529,4.467337875183715,4.395352134018637,4.614375164162614
*c1ccc(C2(c3ccc(-c4cc(-c5ccccc5)c5cc(-c6ccc7nc(*)cc(-c8ccccc8)c7c6)ccc5n4)cc3)c3ccccc3C(=O)c3ccccc32)cc1,tg,417.0,365.7432861328125,365.802272986002,363.7589284273837,365.1414645880716
*c1ccc(C2(c3ccc(-c4cc(-c5ccccc5)c5cc(C6(c7ccc8nc(*)cc(-c9ccccc9)c8c7)c7ccccc7-c7ccccc76)ccc5n4)cc3)c3ccccc3C(=O)c3ccccc32)cc1,tg,385.0,357.68048095703125,404.6965786859203,404.22544712380295,381.73372527884504
*c1ccc(C2(c3ccc(-c4cc(-c5ccccc5)c5cc(C6(c7ccc8nc(*)cc(-c9ccccc9)c8c7)c7ccccc7C(=O)c7ccccc76)ccc5n4)cc3)c3ccccc3-c3ccccc32)cc1,tg,405.0,329.5101623535156,369.556349859975,364.25304353452975,348.48101413027734
*c1ccc(C2(c3ccc(N4C(=O)C(c5ccccc5)=C(c5ccc(C6=C(c7ccccc7)C(=O)N(*)C6=O)cc5)C4=O)cc3)c3ccccc3-c3ccccc32)cc1,tg,325.67,345.79559326171875,327.99414814473687,313.30100758504153,332.0874080280243
*c1ccc(C2(c3ccc(N4C(=O)c5ccc(-c6ccc7c(c6)C(=O)N(*)C7=O)cc5C4=O)cc3)c3ccccc3-c3ccccc32)cc1,egc,2.7114,2.547077178955078,2.8587545096353337,2.8396885873687214,2.696541873145285
*c1ccc(C2(c3ccc(N4C(=O)c5ccc(C(=O)c6ccc7c(c6)C(=O)N(*)C7=O)cc5C4=O)cc3)c3ccccc3-c3ccccc32)cc1,egc,2.4589,2.903228282928467,2.621594930959773,2.6993575246811803,2.784625783691113
*c1ccc(C2(c3ccc(N4C(=O)c5ccc(Oc6ccc7c(c6)C(=O)N(*)C7=O)cc5C4=O)cc3)OC(=O)c3ccccc32)cc1,egc,3.3847,2.8028721809387207,2.9098752924061424,3.0337817028499794,2.8896452036246902
*c1ccc(C=C(C#N)c2cc(OCCCCCCCC)c(C(C#N)=Cc3ccc(N(*)c4ccccc4)cc3)cc2OCCCCCCCC)cc1,tg,78.0,168.2672119140625,124.39833487862649,112.46083950300653,141.99477670463824
*c1ccc(C=C(c2ccc(OC)cc2)c2ccc(C(=Cc3ccc(N(*)c4ccccc4)cc3)c3ccc(OC)cc3)cc2)cc1,tg,197.0,221.6177978515625,180.49330312689096,186.2180750823044,202.22234096593132
*c1ccc(C=Cc2cc(OCC(CC)CCCC)c(C=Cc3ccc(N(*)c4ccccc4)cc3)cc2OC)cc1,tg,147.0,178.77767944335938,148.1678725389406,124.9570443886189,155.84182751978153
*c1ccc(C=Nc2ccc(C(c3ccccc3)c3ccc(N=Cc4ccc(-c5ccc(*)s5)cc4)cc3)cc2)cc1,tg,129.0,177.5076904296875,181.90986528217633,184.69764803447865,180.6359734771847
*c1ccc(C=Nc2cccc(N=Cc3ccc(-c4ccc(*)s4)cc3)c2)cc1,tg,150.0,166.74366760253906,165.85118217410314,171.65324262505754,168.079384053863
*c1ccc(CC(=O)Nc2ccc(-c3ccc(NC(=O)Cc4ccc(-c5sc(*)c(-c6ccccc6)c5-c5ccccc5)cc4)cc3)cc2)cc1,tg,272.0,265.0380554199219,245.79270457054668,248.5283152119656,255.97890608496817
*c1ccc(CC(=O)Nc2ccc(Cc3ccc(NC(=O)Cc4ccc(-c5sc(*)c(-c6ccccc6)c5-c5ccccc5)cc4)cc3)cc2)cc1,tg,227.0,213.95974731445312,245.1966861994744,243.01678736937356,229.36285052573663
*c1ccc(CC(=O)Nc2ccc(NC(=O)Cc3ccc(-c4sc(*)c(-c5ccccc5)c4-c4ccccc4)cc3)cc2)cc1,tg,251.0,236.0837554931641,253.0279634176935,241.06586463123023,241.10397066814983
*c1ccc(CC(=O)Nc2ccc(S(=O)(=O)c3ccc(NC(=O)Cc4ccc(-c5sc(*)c(-c6ccccc6)c5-c5ccccc5)cc4)cc3)cc2)cc1,tg,252.0,253.09164428710935,247.49461225388336,259.52170098002955,253.93188412781586
*c1ccc(CC(=O)Nc2cccc(NC(=O)Cc3ccc(-c4sc(*)c(-c5ccccc5)c4-c4ccccc4)cc3)c2)cc1,tg,228.0,262.4436950683594,230.29985181541625,229.86837280736975,245.7658883458369
*c1ccc(CC(F)(F)C(*)(F)F)cc1,egb,5.11,4.46016263961792,4.393637389273668,4.315103641011734,4.444730689740039
*c1ccc(CC(F)(F)C(*)(F)F)cc1,egc,5.1278,4.885535717010498,4.923924413718651,5.300927318464272,5.007061043974196
*c1ccc(CC(F)(F)C(*)(F)F)cc1,nc,1.7264,1.7505632638931274,1.7357311057150135,1.7375770588827262,1.7454056916039544
*c1ccc(CC(F)(F)C(*)(F)F)s1,eea,1.8781,2.115571975708008,1.9362286071940136,1.9764786503117724,2.070493880806311
*c1ccc(CC(F)(F)C(*)(F)F)s1,ei,6.8904,6.776731014251709,6.922411387849749,6.831905338168725,6.81370105940222
*c1ccc(CC(F)(F)C(*)(F)F)s1,eps,3.59,3.5365707874298096,3.7931662940309345,3.83178914962824,3.677201537369788
*c1ccc(CC(F)(F)C(*)(F)F)s1,nc,1.7679,1.725304126739502,1.7588727865544485,1.7490444487606254,1.7364251025246442
*c1ccc(CCc2ccc(N3C(=O)C(=O)N(*)C3=O)cc2)cc1,tg,197.0,226.19894409179688,202.58776632075015,222.9980053659299,220.3609999128745
*c1ccc(CCc2ccc(N3C(=O)C(=O)N(c4ccc(CCc5ccccc5N5C(=O)C(=O)N(*)C5=O)cc4)C3=O)cc2)cc1,tg,220.0,223.79360961914065,191.4459718439505,199.3835700132668,209.6001845253089
*c1ccc(Cc2ccc(N3C(=O)C(=O)N(*)C3=O)cc2)cc1,egc,3.5238,3.867860794067383,3.77196208768463,3.8578007107121297,3.8436108632484025
*c1ccc(Cc2ccc(N3C(=O)C(C)C(SCCOCCSC4C(=O)N(c5ccc(Cc6ccc(N7C(=O)CC(C)(SCCOCCSC8(C)CC(=O)N(*)C8=O)C7=O)cc6)cc5)C(=O)C4C)C3=O)cc2)cc1,tg,105.0,162.5449676513672,151.68986468780247,149.72436002103873,156.34978836375086
*c1ccc(Cc2ccc(N3C(=O)C(Cl)=C(Oc4ccc(C(C)(C)c5ccc(OC6=C(Cl)C(=O)N(*)C6=O)cc5)cc4)C3=O)cc2)cc1,tg,172.0,209.93624877929688,192.6043284014238,186.4550135177239,199.11306473322753
*c1ccc(Cc2ccc(N3C(=O)C4CCC(C5CCC6C(=O)N(*)C(=O)C6C5)CC4C3=O)cc2)cc1,tg,260.0,296.0235900878906,274.09173720760526,259.06712828609267,280.08694815531817
*c1ccc(Cc2ccc(N3C(=O)C4CCC5C(=O)N(*)C(=O)C5C4C3=O)c(C)c2)cc1C,egc,4.8465,4.6350483894348145,3.8704698971957927,4.090408383912145,4.315465999313762
*c1ccc(Cc2ccc(N3C(=O)C4CCC5C(=O)N(*)C(=O)C5C4C3=O)c(C)c2)cc1C,tg,340.0,326.384765625,295.4401615922481,315.58531635172693,316.69032166420396
*c1ccc(Cc2ccc(N3C(=O)CC(Nc4ccc(Cc5ccc(NC6CC(=O)N(*)C6=O)cc5)cc4)C3=O)cc2)cc1,tg,239.0,214.85531616210935,232.8156144211939,238.7250549764732,225.92771018302136
*c1ccc(Cc2ccc(N3C(=O)CC(Nc4ccc(N(c5ccc(NC6CC(=O)N(*)C6=O)cc5)c5ccc([N+](=O)[O-])cc5)cc4)C3=O)cc2)cc1,tg,276.0,258.52606201171875,278.4899910132625,281.5215482421278,269.7393407935523
*c1ccc(Cc2ccc(N3C(=O)CC(Nc4ccc(N(c5ccc(Nc6ccc([N+](=O)[O-])cc6)cc5)c5ccc(NC6CC(=O)N(*)C6=O)cc5)cc4)C3=O)cc2)cc1,tg,324.0,253.97608947753903,253.56967073175016,254.55868547104075,254.07289444903438
*c1ccc(Cc2ccc(N3C(=O)N(*)C3=O)cc2)cc1,egc,4.1662,4.297606945037842,4.135772790955397,4.245710380840256,4.247191970225167
*c1ccc(Cc2ccc(N3C(=O)c4c(c(-c5ccccc5)c(-c5ccc(Oc6ccc(-c7c(-c8ccccc8)c8c(c(-c9ccccc9)c7-c7ccccc7)C(=O)N(*)C8=O)cc6)cc5)c(-c5ccccc5)c4-c4ccccc4)C3=O)cc2)cc1,tg,356.0,348.2657165527344,366.3759563268888,372.3977779944667,359.45005402192567
*c1ccc(Cc2ccc(N3C(=O)c4cc(-c5ccc(C(C)(C)C)cc5)c(-c5cc6c(cc5-c5ccc(C(C)(C)C)cc5)C(=O)N(*)C6=O)cc4C3=O)cc2)cc1,tg,360.0,333.814697265625,351.122064077693,366.15877289986946,347.3748774368205
*c1ccc(Cc2ccc(N3C(=O)c4cc(-c5ccc([Si](C)(C)C)cc5)c(-c5cc6c(cc5-c5ccc([Si](C)(C)C)cc5)C(=O)N(*)C6=O)cc4C3=O)cc2)cc1,tg,348.0,353.8091125488281,322.4127508601915,337.13034714842775,342.2029409663448
*c1ccc(Cc2ccc(N3C(=O)c4ccc(-c5ccc(-c6ccc(-c7ccc(-c8ccc(-c9ccc%10c(c9)C(=O)N(*)C%10=O)cc8)cc7)cc6)cc5)cc4C3=O)cc2)cc1,tg,244.0,275.82403564453125,249.86566215731415,266.98553733160077,267.76000684647715
*c1ccc(Cc2ccc(N3C(=O)c4ccc(-c5ccc6c(c5)C(=O)N(*)C6=O)cc4C3=O)c(C(C)(C)C)c2)cc1C(C)(C)C,tg,324.0,330.85528564453125,305.66554577483487,313.73319749386826,320.38623996235424
*c1ccc(Cc2ccc(N3C(=O)c4ccc(-c5ccc6c(c5)C(=O)N(*)C6=O)cc4C3=O)cc2)cc1,egc,2.9129,3.1440277099609375,2.9336470101934222,2.979544165094646,3.052117432385362
*c1ccc(Cc2ccc(N3C(=O)c4ccc(-c5ccc6c(c5)C(=O)N(*)C6=O)cc4C3=O)cc2)cc1,tg,298.0,307.66265869140625,293.93614745185954,299.72305373341635,302.38806263893065
*c1ccc(Cc2ccc(N3C(=O)c4ccc(Oc5ccc(C6(c7ccc(Oc8ccc9c(c8)C(=O)N(*)C9=O)cc7)CCC(c7ccccc7)CC6)cc5)cc4C3=O)cc2)cc1,tg,232.0,244.18069458007812,238.0943092662663,237.03610755903432,240.72066271458434
*c1ccc(Cc2ccc(N3C(=O)c4ccc(Oc5ccc(C6(c7ccc(Oc8ccc9c(c8)C(=O)N(*)C9=O)cc7)CCCCCCCCCCC6)cc5)cc4C3=O)cc2)cc1,tg,240.0,251.3398895263672,248.65229932027785,240.4033267986072,247.40448191081805
*c1ccc(Cc2ccc(N3C(=O)c4ccc(Oc5ccc(Oc6ccc7c(c6)C(=O)N(*)C7=O)cc5)cc4C3=O)c(C)c2)cc1C,tg,268.0,239.36734008789065,267.31674227196754,265.46209740457334,253.17898969522088
*c1ccc(Cc2ccc(N3C(=O)c4ccc(Oc5ccc(Oc6ccc7c(c6)C(=O)N(*)C7=O)cc5)cc4C3=O)c(C)c2C)c(C)c1C,tg,277.0,246.0281524658203,287.548168992487,308.10848969405527,273.7594181231906
*c1ccc(Cc2ccc(N3C(=O)c4ccc(Oc5ccc(Oc6ccc7c(c6)C(=O)N(*)C7=O)cc5)cc4C3=O)c(OC)c2)cc1OC,tg,269.0,210.40191650390625,242.0221583055508,229.54892918473175,222.81769372389158
*c1ccc(Cc2ccc(N3C(=O)c4ccc(Oc5ccc(Oc6ccc7c(c6)C(=O)N(*)C7=O)cc5)cc4C3=O)cc2)cc1,tg,257.33,233.2683258056641,242.1910814959135,245.58527140609468,238.910948309432
*c1ccc(Cc2ccc(N3C(=O)c4ccc(Oc5ccc6c(c5)C(=O)N(*)C6=O)cc4C3=O)cc2)cc1,tg,265.33,257.6564025878906,271.5704171855461,269.2685627671734,264.1057315657566
*c1ccc(Cc2ccc(N3C(=O)c4ccc(Sc5ccc6c(c5)C(=O)N(*)C6=O)cc4C3=O)c(C(C)(C)C)c2)cc1C(C)(C)C,tg,300.5,305.703125,280.26730174522066,297.2398294368211,297.86246358553933
*c1ccc(Cc2ccc(N3C(=O)c4ccc([Si](C)(C)c5ccc6c(c5)C(=O)N(*)C6=O)cc4C3=O)cc2)cc1,egc,2.9801,3.483734607696533,2.9146110604757793,2.950908002407229,3.211214702967144
*c1ccc(Cc2ccc(N3C(=O)c4ccc([Si](C)(C)c5ccc6c(c5)C(=O)N(*)C6=O)cc4C3=O)cc2)cc1,tg,280.0,280.6407470703125,286.1656463858596,283.47005537469573,282.6504139627346
*c1ccc(Cc2ccc(NC(=O)c3ccc(Oc4ccc5c(c4)C(=O)N(*)C5=O)cc3)cc2)cc1,tg,250.0,233.10430908203125,242.28300980288464,239.769020133436,237.05075847058254
*c1ccc(Cc2cccc(-n3c(=O)c4cc5c(=O)n(*)c(=O)c5cc4c3=O)c2)cc1,egc,2.6251,2.984816074371338,3.0509166294416574,2.7637826578914275,2.939564310963882
*c1ccc(Cc2ccccc2-n2c(=O)c3cc4c(=O)n(*)c(=O)c4cc3c2=O)cc1,egc,2.9239,2.8631815910339355,2.669452238331726,2.588613402734725,2.745083690463828
*c1ccc(N(*)c2ccc(S(=O)(=O)O)cc2)cc1,egc,3.3685,3.3323726654052734,3.459367832506046,3.89848550091488,3.5147466825551312
*c1ccc(N(c2ccc(C#N)cc2)c2ccc(-n3c(=O)c4cc5c(=O)n(*)c(=O)c5cc4c3=O)cc2)cc1,egc,1.6108,1.9730801582336424,2.054852342687517,1.9863672765994689,1.9950379092337558
*c1ccc(N(c2ccc(C#N)cc2)c2ccc(N3C(=O)c4ccc(-c5ccc6c(c5)C(=O)N(*)C6=O)cc4C3=O)cc2)cc1,egc,2.0474,2.500093936920166,2.4523832985156626,2.130515129991252,2.3889301139119676
*c1ccc(N(c2ccc(C#N)cc2)c2ccc(N3C(=O)c4ccc(Oc5ccc(C(C)(C)c6ccc(C(C)(C)c7ccc(Oc8ccc9c(c8)C(=O)N(*)C9=O)cc7)cc6)cc5)cc4C3=O)cc2)cc1,tg,224.0,233.51101684570312,222.6641687470716,234.9976447088408,231.74398829764354
*c1ccc(N(c2ccc(C#N)cc2)c2ccc(N3C(=O)c4ccc(Oc5ccc(C(C)(C)c6ccc(Oc7ccc8c(c7)C(=O)N(*)C8=O)cc6)cc5)cc4C3=O)cc2)cc1,tg,230.0,253.5779266357422,233.60940373596677,232.0312277395842,242.811938951196
*c1ccc(N(c2ccc(C#N)cc2)c2ccc(N3C(=O)c4ccc(Oc5ccc(C6(c7ccc(Oc8ccc9c(c8)C(=O)N(*)C9=O)cc7)CCCCC6)cc5)cc4C3=O)cc2)cc1,tg,243.0,271.77239990234375,252.481562053302,252.3456883699488,261.8014420209675
*c1ccc(N(c2ccc(C#N)cc2)c2ccc(N3C(=O)c4ccc(Oc5ccc(C6(c7ccc(Oc8ccc9c(c8)C(=O)N(*)C9=O)cc7)c7ccccc7-c7ccccc76)cc5)cc4C3=O)cc2)cc1,tg,279.0,299.4693908691406,268.3891898618553,271.0571305752016,284.29795328749327
*c1ccc(N(c2ccc(C#N)cc2)c2ccc(N3C(=O)c4ccc(Oc5ccc6c(c5)C(=O)N(*)C6=O)cc4C3=O)cc2)cc1,egc,2.2981,2.579658031463623,2.386872881458928,2.437245511887611,2.4976948004214825
*c1ccc(N(c2ccc(C#N)cc2)c2ccc(N3C(=O)c4ccc(Oc5ccc6c(c5)C(=O)N(*)C6=O)cc4C3=O)cc2)cc1,tg,304.0,288.2948913574219,290.13451409953035,287.62689236185935,288.46591551659867
*c1ccc(N(c2ccc(C#N)cc2)c2ccc(N3C(=O)c4ccc(S(=O)(=O)c5ccc6c(c5)C(=O)N(*)C6=O)cc4C3=O)cc2)cc1,tg,325.0,293.5338134765625,318.78739801452673,319.6769513963743,306.8069521014176
*c1ccc(N(c2ccc(CCCC)cc2)c2ccc(-c3ccc(*)s3)cc2)cc1,egc,2.8955,3.352890968322754,3.00729829119381,2.7937866000943634,3.1233785096847404
*c1ccc(N(c2ccc(OC)cc2)c2ccc(N3C(=O)c4ccc(S(=O)(=O)c5ccc6c(c5)C(=O)N(*)C6=O)cc4C3=O)cc2)cc1,tg,304.0,270.5393371582031,295.91045901254495,298.9593437960441,284.5410383287152
*c1ccc(N(c2ccccc2)c2ccc(N3C(=O)c4ccc(S(=O)(=O)c5ccc6c(c5)C(=O)N(*)C6=O)cc4C3=O)cc2)cc1,tg,306.0,299.99261474609375,308.72282901423137,312.61108130481716,305.68899281572624
*c1ccc(N2C(=O)CC(C3C=C(C)C4C(=O)N(*)C(=O)C4C3)C2=O)cc1,tg,327.0,239.64230346679688,249.68245346694272,279.0194545106504,253.8863827090098
*c1ccc(N2C(=O)c3ccc(-c4ccc5c(c4)C(=O)N(*)C5=O)cc3C2=O)cc1,tg,372.08,331.8328552246094,359.4992595117027,355.21809777359584,344.7481169598751
*c1ccc(N2C(=O)c3ccc(-c4ccc5c(c4)C(=O)N(*)C5=O)cc3C2=O)nc1,egc,3.2895,3.0966506004333496,3.0609973650149467,3.0558029683348376,3.077548320537691
*c1ccc(N2C(=O)c3ccc(-c4ccc5c(c4)C(=O)N(c4ccc6[nH]c(*)nc6c4)C5=O)cc3C2=O)cc1,tg,425.0,395.4669799804687,332.3943792782584,327.6104350643478,361.5236689832757
*c1ccc(N2C(=O)c3ccc(-c4cccc5c4C(=O)N(*)C5=O)cc3C2=O)cc1,egc,3.1892,2.937062978744507,3.1213895476126408,3.1208474912790067,3.028374305160608
*c1ccc(N2C(=O)c3ccc(-c4cccc5c4C(=O)N(*)C5=O)cc3C2=O)cc1,tg,407.6,354.57470703125,374.81461740340785,372.5340108028013,364.2865241531165
*c1ccc(N2C(=O)c3ccc(-c4cccc5c4C(=O)N(c4ccc6[nH]c(*)nc6c4)C5=O)cc3C2=O)cc1,egc,2.9114,2.705425262451172,2.6841967224704715,2.7394027397955174,2.7098983577484135
*c1ccc(N2C(=O)c3ccc(C(=O)c4ccc5c(c4)C(=O)N(c4ccc(-c6nc7cc(S(=O)(=O)c8ccc9nc(-c%10ccccc%10)c(*)nc9c8)ccc7nc6-c6ccccc6)cc4)C5=O)cc3C2=O)cc1,tg,240.0,296.6748046875,281.5526384650093,288.79065972479134,291.1308247632964
*c1ccc(N2C(=O)c3ccc(C(=O)c4ccc5c(c4)C(=O)N(c4ccc6[nH]c(*)nc6c4)C5=O)cc3C2=O)cc1,egc,2.4444,2.6912808418273926,2.691052326196908,2.6093140147031773,2.66894917726074
*c1ccc(N2C(=O)c3ccc(C(c4ccc5c(c4)C(=O)N(c4ccc(N6C(=O)c7ccc(-c8ccc9c(c8)C(=O)N(*)C9=O)cc7C6=O)cc4)C5=O)(C(F)(F)F)C(F)(F)F)cc3C2=O)cc1,tg,342.0,332.89093017578125,317.1803126795122,310.683729341692,322.7947845854179
*c1ccc(N2C(=O)c3ccc(Oc4ccc5c(c4)C(=O)N(*)C5=O)cc3C2=O)cc1,egc,3.4906,3.0760979652404785,3.141405874868847,3.122914422162677,3.103475885381651
*c1ccc(N2C(=O)c3ccc(Oc4ccc5c(c4)C(=O)N(*)C5=O)cc3C2=O)cc1,tg,363.0,274.6519775390625,324.617986368322,306.1588103452443,294.65828375784497
*c1ccc(N2C(=O)c3ccc(P(=O)(c4ccccc4)c4ccc5c(c4)C(=O)N(*)C5=O)cc3C2=O)cc1,tg,366.0,324.6827392578125,324.0336076433757,325.6853128703333,324.85964789040645
*c1ccc(N2CCC(c3cccc(C4=NN(*)CC4)c3)=N2)cc1,egc,2.8203,3.43546724319458,3.17823857943063,3.419157919674437,3.373323408664694
*c1ccc(NC(=O)CCCCC(=O)Nc2ccc(S(*)(=O)=O)cc2)cc1,tg,194.0,155.69082641601562,141.55342955710103,163.2601139812237,155.1301028826586
*c1ccc(NC(=O)CCCCCC(=O)Nc2ccc(S(*)(=O)=O)cc2)cc1,tg,163.0,143.55831909179688,167.51990585856046,170.01848253179077,156.6642804100655
*c1ccc(NC(=O)CCCCCCCCC(=O)Nc2ccc(S(*)(=O)=O)cc2)cc1,tg,97.0,137.6714630126953,156.81952200262455,159.61623338655872,148.39215864205508
*c1ccc(NC(=O)CCCCCCCCCCC(=O)Nc2ccc(S(*)(=O)=O)cc2)cc1,tg,160.0,123.99748992919922,117.813170294095,124.71842377138636,122.95083183612365
*c1ccc(NC(=O)Nc2ccc(NC(=O)Nc3ccc(-c4nc(-c5ccc(-c6nc(-c7ccc([N+](=O)[O-])cc7)c(-c7ccc([N+](=O)[O-])cc7)[nH]6)cc5)[nH]c4*)cc3)cc2)cc1,tg,272.0,286.60797119140625,260.5998435322519,259.70814984188365,272.94580992568075
*c1ccc(NC(=O)Nc2ccc(NC(=O)Nc3ccc(-c4nc(-c5ccc([N+](=O)[O-])cc5)[nH]c4*)cc3)cc2)cc1,tg,292.0,219.21771240234375,256.6954968758475,267.83152125251337,241.95271293391636
*c1ccc(NC(=O)c2cc(C(=O)Nc3ccc(-c4nnc(*)o4)cc3)cc(N3C(=O)c4ccccc4C3=O)c2)cc1,tg,327.0,290.67108154296875,308.63839331725785,298.7651945602696,296.86416042767297
*c1ccc(NC(=O)c2cc(NC(=O)c3ccc(NC(=O)C(C)N4C(=O)c5ccccc5C4=O)cc3)cc(C(=O)Nc3ccc(S(*)(=O)=O)cc3)c2)cc1,tg,208.0,223.75540161132812,245.18084800313247,246.9507996332088,235.33059491081252
*c1ccc(NC(=O)c2cc(NC(=O)c3ccc(OC(C)=O)cc3)cc(C(=O)Nc3ccc(-c4nnc(*)o4)cc3)c2)cc1,egc,3.4669,2.9815406799316406,3.31221136953361,3.241774937317261,3.1264658083069343
*c1ccc(NC(=O)c2cc(NC(=O)c3ccc(OC(C)=O)cc3)cc(C(=O)Nc3ccc(-c4nnc(*)o4)cc3)c2)cc1,tg,280.0,290.26470947265625,287.73845560049983,289.74436279636205,289.5850555259218
*c1ccc(NC(=O)c2ccc(C(=O)Nc3ccc(-c4nc5ccc(-c6ccc7nc(*)[nH]c7c6)cc5[nH]4)cc3)cc2)cc1,egc,2.5692,3.2108023166656494,3.139846824750727,3.0088687647059515,3.1399930757720584
*c1ccc(NC(=O)c2ccc(C(=O)Nc3ccc(-c4nnc(*)o4)cc3)c(Oc3ccccc3)c2)cc1,tg,272.0,256.123779296875,246.3016790473077,255.1735047112021,253.81319899784398
*c1ccc(NC(=O)c2ccc(NC(=O)c3ccc([Si](C)(C)c4ccc(C(=O)Nc5ccc(C(=O)Nc6ccc(-c7sc(*)c(-c8ccccc8)c7-c7ccccc7)cc6)cc5)cc4)cc3)cc2)cc1,tg,337.0,297.7156677246094,260.9917784379541,276.6570406533208,283.66063246496014
*c1ccc(NC(=O)c2ccc(NC(=O)c3ccc([Si](C)(C)c4ccc(C(=O)Nc5ccc(C(=O)Nc6ccc(S(*)(=O)=O)cc6)cc5)cc4)cc3)cc2)cc1,tg,315.0,298.62945556640625,269.0589901025749,292.3405558291046,290.6126365842398
*c1ccc(NC(=O)c2ccc(OCCOCCOCCOCCOCCOc3ccc(C(=O)Nc4ccc5[nH]c(*)nc5c4)cc3)cc2)cc1,tg,125.0,124.4285659790039,126.19414448752964,139.4140953372538,129.42736795551943
*c1ccc(NC(=O)c2ccc(OCCOCCOCCOCCOc3ccc(C(=O)Nc4ccc5[nH]c(*)nc5c4)cc3)cc2)cc1,tg,140.0,139.21337890625,147.42167058770582,143.92684139502518,142.35690462210223
*c1ccc(NC(=O)c2ccc(OCCOCCOCCOc3ccc(C(=O)Nc4ccc5[nH]c(*)nc5c4)cc3)cc2)cc1,tg,155.0,164.576416015625,171.9203475908616,168.29814428659634,167.23565114413518
*c1ccc(NC(=O)c2ccc(OCCOCCOc3ccc(C(=O)Nc4ccc5[nH]c(*)nc5c4)cc3)cc2)cc1,tg,175.0,238.2982177734375,182.52563698262517,196.48115598893085,213.9099235005939
*c1ccc(NC(=O)c2ccc(OCCOc3ccc(C(=O)Nc4ccc5[nH]c(*)nc5c4)cc3)cc2)cc1,tg,225.0,240.39846801757812,211.19881595598795,220.7058107697218,228.31084821897804
*c1ccc(NC(=O)c2cccc(C(=O)Nc3ccc(-n4c(=O)c5cc6c(=O)n(*)c(=O)c6cc5c4=O)cc3)c2)cc1,egc,2.46,2.339904546737671,2.0364628741805086,2.112247149922476,2.2099435021166562
*c1ccc(NC(=O)c2cccc(C(=O)Nc3ccc(S(*)(=O)=O)cc3)c2)cc1,tg,78.0,267.4951171875,284.0706028257034,272.64321773805176,272.49098525299814
*c1ccc(NC(F)(F)C(*)(F)F)cc1,egb,4.1626,3.960613489151001,4.093978604310428,4.217990620885461,3.991550370439655
*c1ccc(NC(F)(F)C(*)(F)F)cc1,ei,6.1304,6.029119968414307,6.611393234919493,6.521766260813057,6.260573564567399
*c1ccc(NC(F)(F)C(*)(F)F)cc1,nc,1.7935,1.846864104270935,1.7853356751252714,1.7978504911916495,1.8259432329668055
*c1ccc(NC(F)(F)C(*)(F)F)s1,egb,3.3898,3.7371249198913574,3.6190406093654017,3.622165457387726,3.709732746964974
*c1ccc(NC(F)(F)C(*)(F)F)s1,ei,5.871,5.9618072509765625,6.3111626165666985,6.50694477528798,6.177424540392023
*c1ccc(NC(F)(F)C(*)(F)F)s1,nc,1.862,1.7702373266220093,1.8094436247115064,1.831361934350634,1.786487534987144
*c1ccc(NC2CC(=O)N(c3ccc(-c4sc(-c5ccc(N6C(=O)CC(Nc7ccc(-c8nc(-c9ccc(-c%10nc(-c%11ccc([N+](=O)[O-])cc%11)c(-c%11ccc([N+](=O)[O-])cc%11)[nH]%10)cc9)[nH]c8*)cc7)C6=O)cc5)c(-c5ccccc5)c4-c4ccccc4)cc3)C2=O)cc1,tg,152.0,302.8689880371094,287.57793304421057,268.6396710438551,289.13951058164287
*c1ccc(NC2CC(=O)N(c3ccc(-c4sc(-c5ccc(N6C(=O)CC(Nc7ccc(-c8nc(C#N)c(C#N)nc8*)cc7)C6=O)cc5)c(-c5ccccc5)c4-c4ccccc4)cc3)C2=O)cc1,tg,231.0,233.43853759765625,245.68944229116877,232.87869648422088,235.78056817991757
*c1ccc(NC2CC(=O)N(c3ccc(Cc4ccc(N5C(=O)CC(Nc6ccc(-c7nc(-c8ccc(C=Cc9ccc([N+](=O)[O-])cc9)cc8)[nH]c7*)cc6)C5=O)cc4)cc3)C2=O)cc1,tg,250.0,281.417236328125,253.00015893704096,250.14052491889703,265.9063449931561
*c1ccc(NC2CC(=O)N(c3ccc(Cc4ccc(N5C(=O)CC(Nc6ccc(-c7nc(-c8ccc(N=Nc9ccc([N+](=O)[O-])cc9)cc8)[nH]c7*)cc6)C5=O)cc4)cc3)C2=O)cc1,tg,258.0,212.74581909179688,238.3684857593123,245.74878656992115,228.21706815925074
*c1ccc(NC=Nc2ccc(S(*)(=O)=O)cc2)cc1,tg,163.0,159.6305389404297,148.66796262891694,174.5737097140036,162.00301389222926
*c1ccc(Nc2c(F)c(F)c(-c3c(F)c(F)c(Nc4ccc(S(*)(=O)=O)cc4)c(F)c3F)c(F)c2F)cc1,tg,332.0,187.5573883056641,217.35216959751705,240.6359791102097,210.09632906180582
*c1ccc(Nc2ccc(C(c3ccc(Nc4ccc(S(*)(=O)=O)cc4)cc3)(C(F)(F)F)C(F)(F)F)cc2)cc1,tg,145.0,174.21185302734375,208.1903744378683,203.6142430123486,190.2846778722321
*c1ccc(Nc2ccc(C3(c4ccc(Nc5ccc(S(*)(=O)=O)cc5)c(C)c4)c4ccccc4-c4ccccc43)cc2C)cc1,tg,269.0,192.1832275390625,204.3259190157697,210.14561066338712,200.23355455038967
*c1ccc(Nc2ccc(C3(c4ccc(Nc5ccc(S(*)(=O)=O)cc5)c(F)c4)c4ccccc4-c4ccccc43)cc2F)cc1,tg,145.0,202.18101501464844,251.57840439065353,264.3325349333629,231.55160973851298
*c1ccc(Nc2ccc(C3(c4ccc(Nc5ccc(S(*)(=O)=O)cc5)cc4)c4ccccc4-c4ccccc43)cc2)cc1,tg,221.0,202.27784729003903,242.53386202003392,234.1979116248696,220.41843923347668
*c1ccc(Nc2cccc(Nc3ccc(S(*)(=O)=O)cc3)c2)cc1,tg,145.0,149.66737365722656,185.44509956640573,182.0391052199263,167.0282660105309
*c1ccc(O)c(N2C(=O)c3ccc(Oc4ccc(C(C)(C)c5ccc(Oc6ccc7c(c6)C(=O)N(*)C7=O)cc5)cc4)cc3C2=O)c1,tg,246.0,241.8410186767578,248.6296781095331,251.97328395425097,246.3695800026967
*c1ccc(OC(=O)Nc2ccc(-c3ccc(NC(=O)Oc4ccc(-c5nc(-c6ccc(-c7nc(-c8ccc([N+](=O)[O-])cc8)c(-c8ccc([N+](=O)[O-])cc8)[nH]7)cc6)[nH]c5*)cc4)cc3OC)c(OC)c2)cc1,tg,223.0,223.6219940185547,244.35551869282287,210.2655768367692,223.74651493985448
*c1ccc(OC(=O)Oc2ccc(C3(*)OC(=O)c4ccccc43)cc2)cc1,tg,252.5,236.90069580078125,235.70275824281237,240.9608812268978,237.91091066408526
*c1ccc(OC(=O)c2cc(Cl)cc(C(=O)Oc3ccc(C4(*)OC(=O)c5ccccc54)cc3)c2)cc1,tg,313.0,286.58172607421875,268.6472703596518,270.3284030071968,277.8710489038814
*c1ccc(OC(=O)c2ccc(C(=O)Oc3ccc(C4(*)NC(=O)c5ccccc54)cc3)cc2)cc1,tg,327.0,333.1656188964844,298.93298398245696,298.686673927078,315.47000774191434
*c1ccc(OC(=O)c2ccc(C(=O)Oc3ccc(C4(*)OC(=O)c5ccccc54)cc3)cc2)cc1,tg,279.0,294.60540771484375,322.34653446029097,304.5993730349933,303.39293932165424
*c1ccc(OC(=O)c2ccc(C(=O)Oc3ccc(C4(*)OCc5ccccc54)cc3)cc2)cc1,tg,312.0,260.8319091796875,255.72796062568463,253.46280526720136,257.5041194011087
*c1ccc(OC(=O)c2ccc(C(=O)Oc3ccc(C4(*)c5ccccc5Oc5ccccc54)cc3)cc2)cc1,tg,252.0,317.8662109375,263.617954188624,250.74029508484617,285.96067533601826
*c1ccc(OC(=O)c2ccc([Si](C)(C)c3ccc(C(=O)Oc4ccc(C5(*)c6ccccc6C(=O)N5c5ccccc5)cc4)cc3)cc2)cc1,tg,255.0,243.50619506835935,259.9646363129635,256.78921737867574,250.99486223072387
*c1ccc(OC(=O)c2ccc([Si](c3ccccc3)(c3ccccc3)c3ccc(C(=O)Oc4ccc(C5(*)OC(=O)c6ccccc65)cc4)cc3)cc2)cc1,tg,250.0,256.31719970703125,226.51607559779788,247.38994832232,247.43675550373433
*c1ccc(OC(=O)c2cccc(C(=O)Oc3ccc(-c4nc5ccccc5nc4*)cc3)c2)cc1,tg,245.0,258.0778503417969,271.70325381789934,262.4381641532347,262.2243059615626
*c1ccc(OC(=O)c2cccc(C(=O)Oc3ccc(C4(*)NC(=O)c5ccccc54)cc3)c2)cc1,tg,325.0,296.5191650390625,300.93783290387125,287.55574207547505,294.65320721567247
*c1ccc(OC(=O)c2cccc(C(=O)Oc3ccc(C4(*)OC(=O)c5ccccc54)cc3)c2)cc1,egc,3.9147,3.629941701889038,3.7116604948881498,3.5350627611104097,3.622485547825652
*c1ccc(OC(=O)c2cccc(C(=O)Oc3ccc(C4(*)OC(=O)c5ccccc54)cc3C)c2)c(C)c1,tg,273.0,286.26470947265625,272.5813968646288,257.13323935016996,274.4425197497345
*c1ccc(OC(=S)c2ccc(*)s2)cc1,eea,3.1094,3.078409194946289,2.9663098577359106,3.088110488820007,3.0631139435310226
*c1ccc(OC(=S)c2ccc(*)s2)cc1,egb,2.0472,2.2060210704803467,2.215913003198717,2.295202533198576,2.208315715132044
*c1ccc(OC(=S)c2ccc(*)s2)cc1,egc,2.8495,2.5873866081237793,2.7102207356161596,2.716780330511311,2.650117163474287
*c1ccc(OC(=S)c2ccc(*)s2)cc1,ei,5.9615,5.731800079345703,6.0647326080626165,6.070518466956258,5.881680567374778
*c1ccc(OC(=S)c2ccc(*)s2)cc1,nc,2.2131,2.2732510566711426,2.147954277364894,2.1048360575117147,2.223947963762325
*c1ccc(OCC2CCC(COc3ccc(-n4c(=O)c5cc6c(=O)n(*)c(=O)c6cc5c4=O)cc3)CC2)cc1,egc,2.2219,2.558166027069092,2.928232694610001,2.760334076797257,2.6961461706384124
*c1ccc(OCCCCCCCCCCCCCCCC)c(N2C(=O)CC(C3C=C(C)C4C(=O)N(*)C(=O)C4C3)C2=O)c1,tg,186.0,164.67652893066406,118.57086407533582,123.9590490617864,142.61314758375286
*c1ccc(OCCCCCCCCCCCOC(=O)CCCCCCCCC(=O)OCCCCCCCCCCCOc2ccc(-c3nnc(*)s3)cc2)cc1,tg,52.0,18.278968811035156,41.189311206592,34.06106560436233,27.86545626906083
*c1ccc(OCCCCCCCCCCCOC(=O)c2ccc(C(=O)OCCCCCCCCCCCOc3ccc(-c4nnc(*)s4)cc3)cc2)cc1,tg,49.5,42.94921875,59.01620828833982,60.34355060422834,51.62949774310801
*c1ccc(OCCCCCCCCCCCOC(=O)c2ccc(C(=O)OCCCCCCCCCCCOc3cccc(-c4nnc(*)s4)c3)cc2)cc1,tg,49.5,43.28668975830078,43.42156790507172,51.850271987079125,45.963832634330274
*c1ccc(OCCCCCCCCCCCOC(=O)c2cccc(C(=O)OCCCCCCCCCCCOc3ccc(-c4nnc(*)s4)cc3)c2)cc1,tg,53.5,43.57111358642578,56.488114578345936,53.9544093336401,49.43555211277912
*c1ccc(OCCCCCCCCCCCOc2ccc(-c3ccc4nc(-c5cccc(-c6cc(-c7ccccc7)c7cc(*)ccc7n6)c5)cc(-c5ccccc5)c4c3)cc2)cc1,tg,133.5,174.6776580810547,135.49743854379366,155.8025294957034,160.7938562977822
*c1ccc(OCCCCCCCCCCOc2ccc(N3C(=O)c4ccc(-c5ccc6c(c5)C(=O)N(*)C6=O)cc4C3=O)cc2)cc1,tg,153.0,152.97381591796875,139.4668139378973,144.7892279411829,147.6684931130136
*c1ccc(OCCCCCCN(CC)c2ccc(C(C#N)=C(C#N)C#N)cc2)c(-c2cc(-c3ccccc3)c3cc(Oc4ccc5nc(*)cc(-c6ccccc6)c5c4)ccc3n2)c1,tg,175.0,214.92303466796875,153.0985059356272,164.3603153274862,186.58643034188643
*c1ccc(OCCCCCOc2ccc(N3C(=O)c4ccc(-c5cccc6c5C(=O)N(*)C6=O)cc4C3=O)cc2)cc1,tg,208.0,182.42556762695312,187.05178887465945,192.6632646664945,186.54277711264484
*c1ccc(OCCCCOc2ccc(-c3nc4ccc(-c5ccc6nc(*)c(-c7ccccc7)nc6c5)cc4nc3-c3ccccc3)cc2)cc1,tg,219.0,205.5831756591797,172.0430949906891,188.0855547250335,193.28353409065028
*c1ccc(OCCCOc2ccc(N3C(=O)c4ccc(-c5cccc6c5C(=O)N(*)C6=O)cc4C3=O)cc2)cc1,tg,237.5,232.84890747070312,239.30506009820505,214.58922637142393,228.5251358096678
*c1ccc(OCCN(C)c2ccc(C=CC3=CC(=C4C(=O)c5ccccc5C4=C(C#N)C#N)C=C(C=Cc4ccc(N(C)CCOc5ccc(-c6nc7ccc(Oc8ccc9nc(*)c(-c%10ccccc%10)nc9c8)cc7nc6-c6ccccc6)cc5)cc4)O3)cc2)cc1,tg,260.0,166.88072204589844,203.9077796415293,222.4658439319586,191.6800091567947
*c1ccc(OCCN(CC)c2ccc(-c3ccc(C(=C(C#N)C#N)c4ccc(-c5ccc(N(CC)CC)cc5)s4)s3)cc2)c(-c2cc(-c3ccccc3)c3cc(Oc4ccc5nc(*)cc(-c6ccccc6)c5c4)ccc3n2)c1,tg,205.0,188.437744140625,187.65378540233837,200.09695564130732,191.88398412937286
*c1ccc(OCCN(CC)c2ccc(C(C#N)=C(C#N)C#N)cc2)c(-c2cc(-c3ccccc3)c3cc(Oc4ccc5nc(*)cc(-c6ccccc6)c5c4)ccc3n2)c1,tg,200.0,216.94891357421875,239.7594705855224,213.4984771554577,220.5646408065947
*c1ccc(OCCN(CCOc2ccc(-c3nc4ccc(Oc5ccc6nc(*)c(-c7ccccc7)nc6c5)cc4nc3-c3ccccc3)cc2)c2ccc(N=Nc3ccc([N+](=O)[O-])cc3)cc2)cc1,tg,199.0,201.9210968017578,190.3898647436862,188.6383740851554,195.44412935574653
*c1ccc(OCCN(CCOc2ccc(-c3nc4ccc(Oc5ccc6nc(*)c(-c7ccccc7)nc6c5)cc4nc3-c3ccccc3)cc2)c2ccc(N=Nc3ccc([N+](=O)[O-])cc3C)cc2)cc1,tg,188.0,190.9180603027344,198.77409534436737,195.23020260541676,193.86510130680813
*c1ccc(OCCOCCOc2cccc(N3C(=O)c4ccc(Oc5ccc6c(c5)C(=O)N(*)C6=O)cc4C3=O)c2)cc1,tg,146.5,162.91259765625,162.1975231361525,169.77936788261658,164.89026686559038
*c1ccc(OCCOc2ccc(C=Cc3ccc([N+](=O)[O-])cc3)c(OCCOc3ccc(-c4nc5ccc(Oc6ccc7nc(*)c(-c8ccccc8)nc7c6)cc5nc4-c4ccccc4)cc3)c2)cc1,tg,187.0,190.5080108642578,184.3370688495899,195.31136099969495,190.7271410889992
*c1ccc(Oc2c(C)cc(-c3cc(C)c(Oc4ccc(N5C(=O)c6ccc(Oc7ccccc7Oc7ccc8c(c7)C(=O)N(*)C8=O)cc6C5=O)cc4C(F)(F)F)c(C)c3)cc2C)c(C(F)(F)F)c1,tg,270.0,276.39111328125,254.67919789336028,251.54973058922124,264.24786059926635
*c1ccc(Oc2c(C)cc(C(c3cc(C)c(Oc4ccc(N5C(=O)c6ccc(-c7ccc8c(c7)C(=O)N(*)C8=O)cc6C5=O)cc4)c(C)c3)c3cccc4ccccc34)cc2C)cc1,tg,289.5,268.4206848144531,277.66858401489174,282.4964041406008,274.6742023142087
*c1ccc(Oc2c(C)cc(C(c3cccnc3)c3cc(C)c(Oc4ccc(N5C(=O)CC(Nc6ccc(NC7CC(=O)N(*)C7=O)cc6)C5=O)cc4)c(C)c3)cc2C)cc1,tg,229.0,233.32925415039065,228.29581318011176,236.0348223947746,233.13290111706772
*c1ccc(Oc2c(C)cc(C(c3cccnc3)c3cc(C)c(Oc4ccc(N5C(=O)CC(Nc6cccc(NC7CC(=O)N(*)C7=O)c6)C5=O)cc4)c(C)c3)cc2C)cc1,tg,217.0,226.126708984375,232.66706273219128,234.95779516480877,230.2017242089251
*c1ccc(Oc2c(F)c(F)c(C(=O)c3c(F)c(F)c(Oc4ccc(C5(*)OC(=O)c6ccccc65)cc4)c(F)c3F)c(F)c2F)cc1,tg,215.0,277.81622314453125,260.2425460491468,236.4088533267048,261.3973119218103
*c1ccc(Oc2cc(C(C)(C)C)ccc2Oc2ccc(N3C(=O)c4ccc(-c5ccc6c(c5)C(=O)N(*)C6=O)cc4C3=O)cc2)cc1,tg,257.0,299.827880859375,277.4828430415423,266.7593167061711,285.0092682255971
*c1ccc(Oc2cc3ccccc3cc2Oc2ccc(N3C(=O)c4ccc(Oc5cc6ccccc6cc5Oc5ccc6c(c5)C(=O)N(*)C6=O)cc4C3=O)cc2)cc1,tg,222.0,214.69580078125,233.90607546179504,226.44803158777813,222.27584262018746
*c1ccc(Oc2cc3ccccc3cc2Oc2ccc(N3C(=O)c4ccc(Oc5ccc6c(c5)C(=O)N(*)C6=O)cc4C3=O)cc2)cc1,tg,254.17,235.67300415039065,234.16618679510827,237.34279171450385,235.88024756848486
*c1ccc(Oc2cc3ccccc3cc2Oc2ccc(N3C(=O)c4ccc(Oc5ccccc5Oc5ccc6c(c5)C(=O)N(*)C6=O)cc4C3=O)cc2)cc1,tg,216.0,195.33285522460935,204.5311319027234,209.55117703255695,201.6203038943167
*c1ccc(Oc2cc3ccccc3cc2Oc2ccc(N3C(=O)c4ccc(S(=O)(=O)c5ccc6c(c5)C(=O)N(*)C6=O)cc4C3=O)cc2)cc1,tg,275.0,265.3943176269531,280.61307967933766,272.2604897335153,270.64318329730645
*c1ccc(Oc2ccc(-c3c(-c4ccccc4)c(-c4ccc(-c5nc6ccccc6c(*)c5-c5ccccc5)cc4)nc4ccccc34)cc2)cc1,tg,273.0,300.273193359375,313.7333292062891,301.5424901141822,303.42940094680506
*c1ccc(Oc2ccc(-c3c(-c4ccccc4)c4c(c(-c5ccccc5)c3-c3ccccc3)C(=O)N(c3cccc(N5C(=O)c6c(c(-c7ccccc7)c(-c7ccccc7)c(*)c6-c6ccccc6)C5=O)c3)C4=O)cc2)cc1,tg,357.0,321.9184265136719,356.7659254329448,373.48273618829785,345.0262453531592
*c1ccc(Oc2ccc(-c3c(-c4ccccc4)nc4ccc(Oc5ccc6nc(-c7ccccc7)c(*)c(-c7ccccc7)c6c5)cc4c3-c3ccccc3)cc2)cc1,tg,252.5,291.6188659667969,299.5425232034698,309.0117834952557,298.62679700948183
*c1ccc(Oc2ccc(-c3cc(-c4ccc(Oc5ccc(-c6cc(*)nc7ccccc67)cc5)cc4)c4ccccc4n3)cc2)cc1,tg,275.67,285.29669189453125,272.25059270079794,275.4002990585626,279.5563890330074
*c1ccc(Oc2ccc(-c3cc(-c4cccc(-c5cc(*)c6ccccc6n5)c4)nc4ccccc34)cc2)cc1,tg,268.0,332.1057434082031,272.51533631250226,280.6518180801211,303.9521008655752
*c1ccc(Oc2ccc(-c3cc(-c4ccccc4)c4cc(-c5ccc6nc(*)cc(-c7ccccc7)c6c5)ccc4n3)cc2)cc1,tg,286.67,308.1964111328125,336.7297638154376,332.66403391341737,321.6245394502307
*c1ccc(Oc2ccc(-c3cc(-c4ccccc4)c4cc(C5(c6ccc7nc(*)cc(-c8ccccc8)c7c6)c6ccccc6-c6ccccc65)ccc4n3)cc2)cc1,tg,315.0,312.5369567871094,314.0548685076447,322.35744548815916,315.8869198180044
*c1ccc(Oc2ccc(-c3cc(-c4ccccc4)c4cc5nc(*)cc(-c6ccccc6)c5cc4n3)cc2)cc1,egc,2.7429,3.239614248275757,3.1560062908147084,3.159379873606909,3.199046887516591
*c1ccc(Oc2ccc(-c3cc(-c4ccccc4)c4cc5nc(*)cc(-c6ccccc6)c5cc4n3)cc2)cc1,tg,365.0,316.03717041015625,317.4874389066562,317.10915707411266,316.6665830219106
*c1ccc(Oc2ccc(-c3cc(OCCCCCC)c(-c4ccc(Oc5ccc(-c6nnc(*)o6)cc5)cc4)cc3OCCCCCC)cc2)cc1,tg,103.0,149.75140380859375,137.52450662767367,128.96690768835387,140.81066672290763
*c1ccc(Oc2ccc(-c3ccc(-c4ccc(-c5ccc(Oc6ccc(-c7c8c(c(*)c9ccccc79)C(=O)N(c7ccccc7)C8=O)cc6)c(C(F)(F)F)c5)cc4)cc3)cc2C(F)(F)F)cc1,tg,334.0,269.0270690917969,271.98318928409753,279.9884147764045,273.0252761875899
*c1ccc(Oc2ccc(-c3ccc(Oc4ccc(-c5nc(*)nc(-c6ccccc6)n5)cc4)cc3)cc2)cc1,tg,241.0,275.82427978515625,234.08877069003552,228.660122488494,252.66362598472503
*c1ccc(Oc2ccc(-c3ccc(Oc4ccc(-c5ncc(*)o5)cc4C(F)(F)F)cc3)cc2)c(C(F)(F)F)c1,tg,200.0,189.5018615722656,222.6979243006165,205.1993840064125,201.17394772945335
*c1ccc(Oc2ccc(-c3ccc(Oc4ccc(-c5nnc(*)c6c(-c7ccccc7)c(-c7ccc8ccccc8c7)c(-c7ccc8ccccc8c7)c(-c7ccccc7)c56)cc4)cc3)cc2)cc1,tg,326.33,363.5453186035156,304.9629038156653,304.50480930610195,333.25144573167813
*c1ccc(Oc2ccc(-c3ccc(Oc4ccc(N5C(=O)C(c6ccccc6)=C(c6ccc(C7=C(c8ccccc8)C(=O)N(*)C7=O)cc6)C5=O)cc4)cc3)cc2)cc1,tg,257.67,235.78549194335935,263.63548844060415,262.3852549246054,249.7329741314272
*c1ccc(Oc2ccc(-c3ccc(Oc4ccc(N5C(=O)CC(=O)N(*)C5=S)cc4)cc3)cc2)cc1,tg,158.5,188.17298889160156,156.27757088568444,166.04002486037996,174.77690411236998
*c1ccc(Oc2ccc(-c3ccc(Oc4ccc(N5C(=O)c6ccc(Oc7c(C)cc(C(C)(C)c8cc(C)c(Oc9ccc%10c(c9)C(=O)N(*)C%10=O)c(C)c8)cc7C)cc6C5=O)cc4)cc3C)c(C)c2)cc1,tg,257.0,223.24874877929688,246.89702226042547,247.1924523350768,235.51182660793867
*c1ccc(Oc2ccc(-c3ccc(Oc4ccc(N5C(=O)c6ccc(Oc7cc8ccccc8cc7Oc7ccc8c(c7)C(=O)N(*)C8=O)cc6C5=O)cc4)cc3)cc2)cc1,tg,222.5,250.86122131347656,230.0691035513736,228.38394316561033,239.63823304789827
*c1ccc(Oc2ccc(-c3ccc(Oc4ccc(N5C(=O)c6ccc(Oc7ccc(-c8ccc(Oc9ccc%10c(c9)C(=O)N(*)C%10=O)cc8)cc7)cc6C5=O)cc4)cc3)cc2)cc1,tg,220.0,236.86373901367188,223.7991343058093,227.1407401705724,231.17328242305425
*c1ccc(Oc2ccc(-c3ccc(Oc4ccc(N5C(=O)c6ccc(Oc7ccc(C(C)(C)c8ccc(Oc9ccc%10c(c9)C(=O)N(*)C%10=O)cc8)cc7)cc6C5=O)cc4)cc3)cc2)cc1,tg,220.0,199.3214111328125,210.9093039134338,215.2281053318726,206.62183120681854
*c1ccc(Oc2ccc(-c3ccc(Oc4ccc(N5C(=O)c6ccc(Oc7ccc(C(c8ccc(Oc9ccc%10c(c9)C(=O)N(*)C%10=O)cc8)(C(F)(F)F)C(F)(F)F)cc7)cc6C5=O)cc4)cc3)cc2)cc1,tg,217.0,224.1284942626953,229.638722038696,235.74145116265305,228.85268534878213
*c1ccc(Oc2ccc(-c3ccc(Oc4ccc(N5C(=O)c6ccc(Oc7ccc(C8(c9ccc(Oc%10ccc%11c(c%10)C(=O)N(*)C%11=O)cc9)CCCCCCCCCCC8)cc7)cc6C5=O)cc4)cc3C)c(C)c2)cc1,tg,257.0,233.06394958496097,235.42832582373185,230.52245864978096,232.76307920743648
*c1ccc(Oc2ccc(-c3ccc(Oc4ccc(N5C(=O)c6ccc(Oc7ccc(Oc8ccc(Oc9ccc%10c(c9)C(=O)N(*)C%10=O)cc8)cc7)cc6C5=O)cc4)cc3)cc2)cc1,tg,211.0,215.73214721679688,212.3769758422599,215.037431001169,214.82836046559038
*c1ccc(Oc2ccc(-c3ccc(Oc4ccc(N5C(=O)c6ccc(Oc7ccc8c(c7)C(=O)N(*)C8=O)cc6C5=O)cc4)cc3)cc2)cc1,tg,245.0,250.3090057373047,231.02043284333257,236.5868468343441,242.10342062556197
*c1ccc(Oc2ccc(-c3ccc(Oc4ccc(N5C(=O)c6ccc(Oc7ccc8cc(Oc9ccc%10c(c9)C(=O)N(*)C%10=O)ccc8c7)cc6C5=O)cc4)cc3)cc2)cc1,tg,230.0,224.07728576660156,221.2792281364156,221.9721932959476,222.85152980290098
*c1ccc(Oc2ccc(-c3ccc(Oc4ccc(N5C(=O)c6cccc(Oc7c(C)cc(-c8cc(C)c(Oc9cccc%10c9C(=O)N(*)C%10=O)c(C)c8)cc7C)c6C5=O)cc4)cc3)cc2)cc1,tg,290.0,268.71441650390625,268.14722213379684,271.73641054812555,269.5329277672338
*c1ccc(Oc2ccc(-c3ccc(Oc4ccc(N5C(=O)c6cccc(Oc7c(C)cc(Cc8cc(C)c(Oc9cccc%10c9C(=O)N(*)C%10=O)c(C)c8)cc7C)c6C5=O)cc4)cc3)cc2)cc1,tg,259.0,237.57037353515625,261.6673345776825,257.0530014300185,248.54537796584503
*c1ccc(Oc2ccc(-c3ccc(Oc4ccc(N5C(=O)c6cccc(Oc7c(Oc8cccc9c8C(=O)N(*)C9=O)cc(C(C)(C)C)cc7C(C)(C)C)c6C5=O)cc4)cc3)cc2)cc1,tg,237.0,239.2626495361328,247.1000578836972,255.15141216146185,245.78750857610606
*c1ccc(Oc2ccc(-c3ccc(Oc4ccc(N5C(=O)c6cccc(Oc7ccc(C(C)(C)c8ccc(Oc9cccc%10c9C(=O)N(*)C%10=O)cc8)cc7)c6C5=O)cc4)cc3)cc2)cc1,tg,236.0,216.70486450195312,225.1967751974255,228.6375524250148,222.14014618996714
*c1ccc(Oc2ccc(-c3ccc4nc(Oc5cc(-c6ccccc6)c6cc(*)ccc6n5)cc(-c5ccccc5)c4c3)cc2)cc1,tg,268.5,267.8619384765625,252.98359037650005,269.85451451066785,265.42373446041705
*c1ccc(Oc2ccc(-c3cccc(-c4ccc(Oc5ccc(-c6c7c(c(*)c8ccccc68)C(=O)N(c6ccccc6)C7=O)cc5)c(C(F)(F)F)c4)c3)cc2C(F)(F)F)cc1,tg,271.0,295.7317810058594,314.4045595604479,302.8521074071527,301.7684237392177
*c1ccc(Oc2ccc(-c3cccc(-c4ccc(Oc5ccc(-c6c7c(c(*)c8ccccc68)C(=O)N(c6ccccc6)C7=O)cc5)c(C(F)(F)F)c4)n3)cc2C(F)(F)F)cc1,tg,298.0,259.6934814453125,267.59803676797816,265.4520843121096,263.0979985675223
*c1ccc(Oc2ccc(-c3cccc4c3C(=O)N(Oc3ccc(C(=O)c5ccc(Oc6cccc7c6C(=O)N(*)C7=O)cc5)cc3)C4=O)cc2)cc1,tg,252.0,215.87017822265625,240.51082219839768,245.53795528915973,230.10794721657834
*c1ccc(Oc2ccc(-c3cnc4cc(-c5ccc6nc(*)cnc6c5)ccc4n3)cc2)cc1,egc,3.1085,3.127805233001709,2.963323228513038,3.0318103748532153,3.0648093077608003
*c1ccc(Oc2ccc(-c3cnc4cc5nc(*)cnc5cc4n3)cc2)cc1,tg,353.0,332.331787109375,330.0287518782901,329.01708779607566,330.8334291488799
*c1ccc(Oc2ccc(-c3cnc4cc5ncc(*)nc5cc4n3)cc2)cc1,egc,2.782,2.87911605834961,3.1948897851336966,2.9531857592399735,2.970095332461258
*c1ccc(Oc2ccc(-c3cnc4ccc(-c5ccc6nc(*)cnc6c5)cc4n3)cc2)cc1,egc,3.1515,3.140129566192627,2.9482410097127305,3.0044326144671234,3.060192930432085
*c1ccc(Oc2ccc(-c3cnnc(-c4cccc(-c5ncc(*)nn5)n4)n3)cc2)cc1,tg,223.0,263.01971435546875,253.0849597792032,246.80621334170544,255.9637789782619
*c1ccc(Oc2ccc(-c3csc(-c4nc(*)cs4)n3)cc2)cc1,egc,3.5312,3.20356822013855,3.163112476406086,2.984102352702918,3.1348360867282743
*c1ccc(Oc2ccc(-c3csc(N=Cc4ccc(OCCCCCCCCOc5ccc(C=Nc6nc(*)cs6)cc5)cc4)n3)cc2)cc1,tg,150.0,104.85372924804688,119.52884625658612,122.13416835780528,113.21300560821611
*c1ccc(Oc2ccc(-c3csc(N=Cc4ccc(OCCCCCCOc5ccc(C=Nc6nc(*)cs6)cc5)cc4)n3)cc2)cc1,tg,117.0,136.9071807861328,150.2836921462996,154.397689823646,145.06483262940964
*c1ccc(Oc2ccc(-c3nc4cc(-c5ccc6nc(*)c(-c7ccccc7)nc6c5)ccc4nc3-c3ccccc3)cc2)cc1,egc,2.9993,2.9919705390930176,3.247575467719091,3.196048516267843,3.104789751728486
*c1ccc(Oc2ccc(-c3nc4cc(-c5ccc6nc(*)c(-c7ccccc7)nc6c5)ccc4nc3-c3ccccc3)cc2)cc1,tg,292.5,346.6187744140625,323.1072860440402,313.8515991029616,331.6539228501309
*c1ccc(Oc2ccc(-c3nc4cc(-c5ccc6nc(-c7ccccc7)c(*)nc6c5)ccc4nc3-c3ccccc3)cc2)cc1,tg,297.36,294.796875,304.6219817752094,306.96605986285704,300.579044439399
*c1ccc(Oc2ccc(-c3nc4cc(Oc5ccc(NC(=O)CN6C(=O)c7ccc(C(c8ccc9c(c8)C(=O)N(CC(=O)Nc8ccc(Oc%10ccc%11nc(-c%12ccccc%12)c(*)nc%11c%10)cc8)C9=O)(C(F)(F)F)C(F)(F)F)cc7C6=O)cc5)ccc4nc3-c3ccccc3)cc2)cc1,tg,260.0,232.37615966796875,275.3835979837551,273.0795975705145,253.79909866451047
*c1ccc(Oc2ccc(-c3nc4cc(Oc5ccc(NC(=O)c6cc(C(=O)Nc7ccc(Oc8ccc9nc(-c%10ccc([N+](=O)[O-])cc%10)c(*)nc9c8)cc7)cc(N7C(=O)c8ccccc8C7=O)c6)cc5)ccc4nc3-c3ccc([N+](=O)[O-])cc3)cc2)cc1,tg,305.0,254.7001953125,276.39431617908843,282.10331910920854,267.63236099346074
*c1ccc(Oc2ccc(-c3nc4cc(Oc5ccc(NC(=O)c6cc(C(=O)Nc7ccc(Oc8ccc9nc(-c%10ccccc%10)c(*)nc9c8)cc7)cc(N7C(=O)c8c(Cl)c(Cl)c(Cl)c(Cl)c8C7=O)c6)cc5)ccc4nc3-c3ccccc3)cc2)cc1,tg,295.0,296.8494873046875,299.78431981538205,307.55260009743836,300.76343022156914
*c1ccc(Oc2ccc(-c3nc4cc(Oc5ccc(NC(=O)c6ccc7c(c6)C(=O)N(c6ccc(C(c8ccc(N9C(=O)c%10ccc(C(=O)Nc%11ccc(Oc%12ccc%13nc(-c%14ccc([N+](=O)[O-])cc%14)c(*)nc%13c%12)cc%11)cc%10C9=O)cc8)(C(F)(F)F)C(F)(F)F)cc6)C7=O)cc5)ccc4nc3-c3ccc([N+](=O)[O-])cc3)cc2)cc1,tg,303.0,298.18609619140625,294.9552860293682,296.8000194757609,297.09394494161813
*c1ccc(Oc2ccc(-c3nc4cc(Oc5ccc6nc(*)c(-c7ccccc7)nc6c5)ccc4nc3-c3ccccc3)cc2)cc1,tg,340.0,250.75746154785156,274.162067924271,266.165483235369,260.3296929779933
*c1ccc(Oc2ccc(-c3nc4cc(Oc5ccc6nc(-c7ccccc7)c(*)nc6c5)ccc4nc3-c3ccccc3)cc2)cc1,tg,261.33,273.86712646484375,298.88179445245146,293.5578679719048,285.0949330292642
*c1ccc(Oc2ccc(-c3nc4cc(S(=O)(=O)c5ccc6nc(-c7ccccc7)c(*)nc6c5)ccc4nc3-c3ccccc3)cc2)cc1,tg,271.0,293.9727478027344,281.2324211183645,273.93025635338506,285.15616405877654
*c1ccc(Oc2ccc(-c3nc4cc5sc(*)nc5cc4s3)cc2)cc1,egc,3.2878,3.02632474899292,3.0121573979639256,3.1671104225276183,3.0614148883027674
*c1ccc(Oc2ccc(-c3nc4cc5sc(*)nc5cc4s3)cc2)cc1,tg,350.0,401.7721862792969,378.0686623869513,377.1757931598999,389.29583206709987
*c1ccc(Oc2ccc(-c3nc4ccc(-c5ccc6nc(*)c(-c7ccccc7)nc6c5)cc4nc3-c3ccccc3)cc2)cc1,tg,335.33,346.60308837890625,303.8894193483362,296.90768384966543,322.45847619662925
*c1ccc(Oc2ccc(-c3nc4ccc(Oc5ccc(N6C(=O)c7ccc(C(c8ccc9c(c8)C(=O)N(c8ccc(Oc%10ccc%11nc(*)c(-c%12ccccc%12)nc%11c%10)cc8)C9=O)(C(F)(F)F)C(F)(F)F)cc7C6=O)cc5)cc4nc3-c3ccccc3)cc2)cc1,tg,267.0,276.0038146972656,275.3029636859752,282.5115194982935,277.8733143854318
*c1ccc(Oc2ccc(-c3nnc(*)o3)cc2)cc1,egc,3.7488,3.587006092071533,3.5158067079227986,3.4391109887503575,3.5308309777979887
*c1ccc(Oc2ccc(-n3c(=O)c4c(F)c5c(=O)n(*)c(=O)c5c(F)c4c3=O)cc2)cc1,egc,2.0451,1.9253079891204832,2.6144579899599054,2.492340552203066,2.2340543938376936
*c1ccc(Oc2ccc(-n3c(=O)c4c(Oc5ccc(OCCCC)cc5)c5c(=O)n(*)c(=O)c5c(Oc5ccc(OCCCC)cc5)c4c3=O)cc2)cc1,egc,1.9028,1.9949932098388672,2.7574991782672393,2.4811982513718025,2.298226703172664
*c1ccc(Oc2ccc(-n3c(=O)c4cc5c(=O)n(*)c(=O)c5cc4c3=O)cc2)cc1,egc,2.3733,2.4123446941375732,2.396434206395656,2.3404971586267864,2.3892453440771444
*c1ccc(Oc2ccc(-n3c(=O)c4cc5c(=O)n(*)c(=O)c5cc4c3=O)cc2-c2ccccc2)cc1,egc,2.1739,2.397235870361328,2.3832345649556492,2.3116067306834176,2.3708187106493073
*c1ccc(Oc2ccc(-n3c(=O)c4cc5c(=O)n(*)c(=O)c5cc4c3=O)cc2Br)c(Br)c1,egc,2.4917,2.539785861968994,2.3087009930746727,2.4808256382159124,2.471914067246011
*c1ccc(Oc2ccc(-n3c(=O)c4cc5c(=O)n(-c6ccc(Oc7ccc(-c8nc9cc%10sc(*)nc%10cc9s8)cc7)cc6)c(=O)c5cc4c3=O)cc2)cc1,tg,400.0,370.51763916015625,363.58403582544395,372.0887896354732,369.5801903497975
*c1ccc(Oc2ccc(-n3c(=O)c4cc5c(=O)n(-c6ncc(*)s6)c(=O)c5cc4c3=O)cc2)cc1,egc,1.9001,2.3362646102905273,2.3716691389629356,2.362458048144503,2.351327757525658
*c1ccc(Oc2ccc(C(=O)c3ccc(-c4ccc(C(=O)c5ccc(Oc6ccc(-c7nc(-c8cccc(-c9nc(*)c(-c%10ccccc%10)[nH]9)c8)[nH]c7-c7ccccc7)cc6)cc5)cc4)cc3)cc2)cc1,tg,276.0,256.52276611328125,270.79344983915047,269.5074541660488,263.46996362906407
*c1ccc(Oc2ccc(C(=O)c3ccc(-c4ccc(C(=O)c5ccc(Oc6ccc(-c7nc(-c8ccccc8)[nH]c7*)cc6)cc5)cc4)cc3)cc2)cc1,tg,258.0,236.50975036621097,246.8997554034402,244.01426444749023,240.96471622146976
*c1ccc(Oc2ccc(C(=O)c3ccc(C(=O)c4ccc(C(=O)c5ccc(Oc6ccc(-c7nc(-c8ccccc8)[nH]c7*)cc6)cc5)cc4)cc3)cc2)cc1,tg,239.0,197.2315673828125,245.0067221366031,237.3546041331797,219.45380000187262
*c1ccc(Oc2ccc(C(=O)c3ccc(C(=O)c4ccc(Oc5ccc(-c6cc(*)n(-c7ccccc7)n6)cc5)cc4)cc3)cc2)cc1,tg,205.0,204.46023559570312,210.4805214381909,207.8001136499446,206.7295735136293
*c1ccc(Oc2ccc(C(=O)c3ccc(C(=O)c4ccc(Oc5ccc(-c6nc(-c7ccc(-c8nc(*)c(-c9ccccc9)[nH]8)cc7)[nH]c6-c6ccccc6)cc5)cc4)cc3)cc2)cc1,tg,270.0,239.5438537597656,262.03282293531277,260.6024845360378,250.67631378256186
*c1ccc(Oc2ccc(C(=O)c3ccc(C(=O)c4ccc(Oc5ccc(-c6nc(-c7cccc(-c8nc(*)c(-c9ccccc9)[nH]8)c7)[nH]c6-c6ccccc6)cc5)cc4)cc3)cc2)cc1,tg,270.0,256.1563720703125,262.29899526877887,263.0684354233705,259.55601062735127
*c1ccc(Oc2ccc(C(=O)c3ccc(C(=O)c4ccc(Oc5ccc(-c6nc(-c7ccccc7)[nH]c6*)cc5)cc4)cc3)cc2)cc1,tg,248.0,215.2264709472656,250.26206050885204,244.2505955549491,231.39929287294225
*c1ccc(Oc2ccc(C(=O)c3ccc(C(=O)c4ccc(Oc5ccc(-c6nc7ccccc7n6-c6ccc(-n7c(*)nc8ccccc87)cc6)cc5)cc4)cc3)cc2)cc1,tg,238.0,273.13275146484375,233.5922048584953,240.81184108544016,255.01503644365317
*c1ccc(Oc2ccc(C(=O)c3ccc(C(=O)c4ccc(Oc5ccc(N6C(=O)c7ccc(-c8ccc9c(c8)C(=O)N(*)C9=O)cc7C6=O)cc5)cc4)cc3)cc2)cc1,tg,245.0,235.05734252929688,239.1670143004156,232.1068407302799,234.9882572169452
*c1ccc(Oc2ccc(C(=O)c3ccc(Oc4ccc(-c5c6c(c(*)c7ccccc57)C(=O)N(C)C6=O)cc4)cc3)cc2)cc1,tg,283.0,257.52239990234375,261.8646507464123,266.0074082064922,261.0390502666111
*c1ccc(Oc2ccc(C(=O)c3ccc(Oc4ccc(-c5c6c(c(*)c7ccccc57)C(=O)N(c5ccc(C(F)(F)F)cc5)C6=O)cc4)cc3)cc2)cc1,tg,260.0,271.06561279296875,270.71552223999225,267.3866737682904,269.8555239759227
*c1ccc(Oc2ccc(C(=O)c3ccc(Oc4ccc(-c5c6c(c(*)c7ccccc57)C(=O)N(c5ccc(Cl)cc5)C6=O)cc4)cc3)cc2)cc1,tg,272.0,257.1181335449219,260.03760602782614,268.07762355276924,261.1082423666983
*c1ccc(Oc2ccc(C(=O)c3ccc(Oc4ccc(-c5c6c(c(*)c7ccccc57)C(=O)N(c5cccc(C(F)(F)F)c5)C6=O)cc4)cc3)cc2)cc1,tg,252.0,255.47552490234375,258.19787619532195,257.24060857204654,256.58054366656313
*c1ccc(Oc2ccc(C(=O)c3ccc(Oc4ccc(-c5c6c(c(*)c7ccccc57)C(=O)N(c5ccccc5)C6=O)cc4)cc3)cc2)cc1,tg,273.5,264.1618957519531,273.6622101197131,271.3876445150928,268.3479528680448
*c1ccc(Oc2ccc(C(=O)c3ccc(Oc4ccc(-c5c6c(c(*)c7ccccc57)C(=O)N(c5ccccc5-c5ccccc5)C6=O)cc4)cc3)cc2)cc1,tg,245.0,264.125732421875,275.56638109696456,273.412718902148,269.3478779895629
*c1ccc(Oc2ccc(C(=O)c3ccc(Oc4ccc(-c5c6c(c(*)c7ccccc57)C(=O)N(c5ccccc5C(F)(F)F)C6=O)cc4)cc3)cc2)cc1,tg,260.0,247.331298828125,261.26975279846033,261.7995227460908,254.66927111283806
*c1ccc(Oc2ccc(C(=O)c3ccc(Oc4ccc(-c5cc(*)n(-c6ccccc6)n5)cc4)cc3)cc2)cc1,tg,205.0,200.80471801757812,199.9022535658816,201.3937101242027,200.80165853998756
*c1ccc(Oc2ccc(C(=O)c3ccc(Oc4ccc(-c5nc(-c6cccc(-c7nc(*)c(-c8ccccc8)[nH]7)c6)[nH]c5-c5ccccc5)cc4)cc3)cc2)cc1,tg,279.0,257.04583740234375,264.7020002171898,254.4452950300819,257.81315588348167
*c1ccc(Oc2ccc(C(=O)c3ccc(Oc4ccc(-c5nnc(*)c6c(-c7ccccc7)c(-c7ccc8ccccc8c7)c(-c7ccc8ccccc8c7)c(-c7ccccc7)c56)cc4)cc3)cc2)cc1,tg,305.67,290.2207336425781,310.4664720438096,305.015804788334,298.9547785813775
*c1ccc(Oc2ccc(C(=O)c3ccc(Oc4ccc(-n5c(=O)c6cc7c(=O)n(*)c(=O)c7cc6c5=O)cc4)cc3)cc2)cc1,egc,2.395,2.3874263763427734,2.1010137124160897,2.1462599360750727,2.2576138224266145
*c1ccc(Oc2ccc(C(=O)c3ccc(Oc4ccc(C(=O)c5ccc(Oc6ccc(-c7cc(*)n(-c8ccccc8)n7)cc6)cc5)cc4)cc3)cc2)cc1,tg,190.0,192.8121032714844,207.9769849151141,205.909823187176,199.9778593285173
*c1ccc(Oc2ccc(C(=O)c3ccc(Oc4ccc(C(=O)c5ccc(Oc6ccc(-c7nc(-c8ccc(-c9nc(*)c(-c%10ccccc%10)[nH]9)cc8)[nH]c7-c7ccccc7)cc6)cc5)cc4)cc3)cc2)cc1,tg,245.0,232.5911102294922,262.56129298894285,264.13852492211487,248.50462192614611
*c1ccc(Oc2ccc(C(=O)c3ccc(Oc4ccc(C(=O)c5ccc(Oc6ccc(-c7nc(-c8ccccc8)[nH]c7*)cc6)cc5)cc4)cc3)cc2)cc1,tg,239.0,215.5743103027344,227.11127358276548,231.28049205125345,222.80223831235037
*c1ccc(Oc2ccc(C(=O)c3ccc(Oc4ccc(C(=O)c5ccc(Oc6ccc(-c7nc8ccccc8n7-c7ccc(-n8c(*)nc9ccccc98)cc7)cc6)cc5)cc4)cc3)cc2)cc1,egc,3.2485,3.1743907928466797,3.123786695799319,2.995350764165287,3.114370459927781
*c1ccc(Oc2ccc(C(=O)c3ccc(Oc4ccc(C5(*)NC(=O)c6ccccc65)cc4)cc3)cc2)cc1,tg,270.6,250.14642333984375,237.46844240310705,254.15081166499297,248.78240368462855
*c1ccc(Oc2ccc(C(=O)c3ccc(Oc4ccc(C5(*)c6ccccc6C(=O)N5C)cc4)cc3)cc2)cc1,tg,245.0,261.6862487792969,236.0266950838622,248.99935669141016,252.49293227346172
*c1ccc(Oc2ccc(C(=O)c3ccc(Oc4ccc(N5C(=O)c6ccc(-c7ccc8c(c7)C(=O)N(*)C8=O)cc6C5=O)cc4)cc3)cc2)cc1,tg,253.0,244.06918334960935,244.50092018744627,242.49375088938237,243.67040690990353
*c1ccc(Oc2ccc(C(=O)c3ccc(Oc4ccc(N5C(=O)c6ccc(Oc7cccc(Oc8ccc9c(c8)C(=O)N(*)C9=O)c7)cc6C5=O)cc4)cc3)cc2)cc1,tg,201.0,199.46804809570312,199.9922446075513,191.81015611589655,197.20642779587143
*c1ccc(Oc2ccc(C(=O)c3ccc4cc(C(=O)c5ccc(Oc6ccc(-c7nc(-c8ccc(-c9nc(*)c(-c%10ccccc%10)[nH]9)cc8)[nH]c7-c7ccccc7)cc6)cc5)ccc4c3)cc2)cc1,tg,281.0,285.8975830078125,265.190245144712,274.9961803268952,278.2734127738088
*c1ccc(Oc2ccc(C(=O)c3ccc4cc(C(=O)c5ccc(Oc6ccc(-c7nc(-c8ccccc8)[nH]c7*)cc6)cc5)ccc4c3)cc2)cc1,tg,239.0,226.04946899414065,256.8280803783054,255.505153657045,241.48180782030363
*c1ccc(Oc2ccc(C(=O)c3cccc(-c4cccc(C(=O)c5ccc(Oc6ccc(-c7nc(-c8cccc(-c9nc(*)c(-c%10ccccc%10)[nH]9)c8)[nH]c7-c7ccccc7)cc6)cc5)c4)c3)cc2)cc1,tg,250.0,244.10211181640625,268.43209595297344,262.2814411401124,254.72173618894192
*c1ccc(Oc2ccc(C(=O)c3cccc(C(=O)c4ccc(Oc5ccc(-c6c7c(c(*)c8ccccc68)C(=O)N(C)C7=O)cc5)cc4)c3)cc2)cc1,tg,251.0,236.181884765625,252.09088252322437,259.490543286367,246.65953527698474
*c1ccc(Oc2ccc(C(=O)c3cccc(C(=O)c4ccc(Oc5ccc(-c6c7c(c(*)c8ccccc68)C(=O)N(CCCCCCCCCCCC)C7=O)cc5)cc4)c3)cc2)cc1,tg,140.0,157.69236755371094,159.96569227380118,148.21254087136174,155.2261805922843
*c1ccc(Oc2ccc(C(=O)c3cccc(C(=O)c4ccc(Oc5ccc(-c6c7c(c(*)c8ccccc68)C(=O)N(c6ccc(F)cc6)C7=O)cc5)cc4)c3)cc2)cc1,tg,243.0,248.293212890625,259.304967100265,265.9236680062879,256.0086529570538
*c1ccc(Oc2ccc(C(=O)c3cccc(C(=O)c4ccc(Oc5ccc(-c6cc(*)[nH]n6)cc5)cc4)c3)cc2)cc1,tg,205.0,191.6529541015625,205.98539192696535,209.6617760444991,200.16722620735223
*c1ccc(Oc2ccc(C(=O)c3cccc(C(=O)c4ccc(Oc5ccc(-c6cc(*)n(-c7ccccc7)n6)cc5)cc4)c3)cc2)cc1,tg,190.0,199.08480834960935,197.5661130522913,194.6356582612015,197.39650049801162
*c1ccc(Oc2ccc(C(=O)c3cccc(C(=O)c4ccc(Oc5ccc(-c6nc(-c7ccc(-c8nc(*)c(-c9ccccc9)[nH]8)cc7)[nH]c6-c6ccccc6)cc5)cc4)c3)cc2)cc1,tg,264.5,275.3951416015625,262.00435661114597,257.4759430243922,267.1019287652048
*c1ccc(Oc2ccc(C(=O)c3cccc(C(=O)c4ccc(Oc5ccc(-c6nc(-c7cccc(-c8nc(*)c(-c9ccccc9)[nH]8)c7)[nH]c6-c6ccccc6)cc5)cc4)c3)cc2)cc1,tg,264.5,249.61209106445312,265.831275297053,262.8307787581082,257.03173206795145
*c1ccc(Oc2ccc(C(=O)c3cccc(C(=O)c4ccc(Oc5ccc(-c6nc7ccccc7n6-c6ccc(-n7c(*)nc8ccccc87)cc6)cc5)cc4)c3)cc2)cc1,tg,219.0,238.82562255859375,244.71070199796367,247.60599031084428,242.7504116246917
*c1ccc(Oc2ccc(C(=O)c3cccc(C(=O)c4ccc(Oc5ccc(N6C(=O)c7ccc(Oc8ccc9c(c8)C(=O)N(*)C9=O)cc7C6=O)cc5)cc4)c3)cc2)cc1,tg,208.0,205.7786865234375,223.9233807765652,220.57201960018443,214.08082762585462
*c1ccc(Oc2ccc(C(C)(C)c3ccc(Oc4ccc(-c5ccc(*)s5)cc4C(F)(F)F)cc3)cc2)c(C(F)(F)F)c1,tg,123.33,147.87759399414062,136.37996019652928,137.14836153136156,142.19753832060562
*c1ccc(Oc2ccc(C(C)(C)c3ccc(Oc4ccc(-c5cccc(*)n5)cc4C(F)(F)F)cc3)cc2)c(C(F)(F)F)c1,tg,121.0,142.81732177734375,149.44629610153584,151.6098767020709,146.89861069861973
*c1ccc(Oc2ccc(C(C)(C)c3ccc(Oc4ccc(-c5nc(*)nc(-c6ccccc6)n5)cc4)cc3)cc2)cc1,tg,228.0,221.9554901123047,189.08119516794784,191.0063252403596,205.6308241535504
*c1ccc(Oc2ccc(C(C)(C)c3ccc(Oc4ccc(-c5ncc(*)o5)cc4C(F)(F)F)cc3)cc2)c(C(F)(F)F)c1,tg,185.0,156.631591796875,169.5119954922961,178.7572694927226,166.12144310677638
*c1ccc(Oc2ccc(C(C)(C)c3ccc(Oc4ccc(-c5nnc(*)c6c(-c7ccc(F)cc7)c(-c7ccc(F)cc7)c(-c7ccc(F)cc7)c(-c7ccc(F)cc7)c56)cc4)cc3)cc2)cc1,tg,276.67,277.95062255859375,278.4307281580833,276.0794940464935,277.4702925576293
*c1ccc(Oc2ccc(C(C)(C)c3ccc(Oc4ccc(-c5nnc(*)c6c(-c7ccccc7)c(-c7ccc8ccccc8c7)c(-c7ccc8ccccc8c7)c(-c7ccccc7)c56)cc4)cc3)cc2)cc1,tg,286.0,343.23822021484375,297.38234823208387,290.69248743028743,317.5666300815946
*c1ccc(Oc2ccc(C(C)(C)c3ccc(Oc4ccc(-c5nnc(*)n5-c5ccc(C)cc5)cc4)cc3)cc2)cc1,tg,205.0,221.0116271972656,213.27642676462105,212.02574063373055,216.64340454057734
*c1ccc(Oc2ccc(C(C)(C)c3ccc(Oc4ccc(-c5nnc(*)n5-c5ccc(S(=O)(=O)c6ccccc6)cc5)cc4)cc3)cc2)cc1,tg,198.0,248.0002593994141,221.60499284511073,218.69097664631892,233.5131612963364
*c1ccc(Oc2ccc(C(C)(C)c3ccc(Oc4ccc(-c5nnc(*)n5-c5cccc(C(F)(F)F)c5)cc4)cc3)cc2)cc1,tg,190.0,177.33963012695312,210.29804212393847,207.54454855402773,193.45130688275864
*c1ccc(Oc2ccc(C(C)(C)c3ccc(Oc4ccc(-c5nnc(*)n5-c5ccccc5)cc4)cc3)cc2)cc1,tg,207.0,195.34353637695312,190.71560300379983,192.45397808735635,193.4993853814413
*c1ccc(Oc2ccc(C(C)(C)c3ccc(Oc4ccc(-c5nnc(*)o5)cc4)cc3)cc2)cc1,tg,180.0,208.9202117919922,203.8914174196537,212.6635375271031,209.0458802160719
*c1ccc(Oc2ccc(C(C)(C)c3ccc(Oc4ccc(-n5c(=O)c6cc7c(=O)n(*)c(=O)c7cc6c5=O)cc4)cc3)cc2)cc1,egc,2.1293,2.6377038955688477,2.1708395978993744,2.3932360347948416,2.466508672121813
*c1ccc(Oc2ccc(C(C)(C)c3ccc(Oc4ccc(N5C(=O)C6CCC7C(=O)N(*)C(=O)C7C6C5=O)cc4)cc3)cc2)cc1,tg,263.5,230.0926818847656,239.1171457864078,249.89516494993848,238.07210535936477
*c1ccc(Oc2ccc(C(C)(C)c3ccc(Oc4ccc(N5C(=O)CC(=O)N(*)C5=S)cc4)cc3)cc2)cc1,tg,132.0,149.75250244140625,145.3405133486928,145.44529316113938,147.5140859123582
*c1ccc(Oc2ccc(C(C)(C)c3ccc(Oc4ccc(N5C(=O)c6ccc(-c7ccc8c(c7)C(=O)N(*)C8=O)cc6C5=O)cc4)cc3)cc2)cc1,tg,230.0,238.21170043945312,237.03868081108232,239.88820494982173,238.48955411257737
*c1ccc(Oc2ccc(C(C)(C)c3ccc(Oc4ccc(N5C(=O)c6ccc(Oc7ccc(C(C)(C)c8ccc(Oc9ccc%10c(c9)C(=O)N(*)C%10=O)cc8)cc7)cc6C5=O)cc4)cc3)cc2)cc1,tg,205.0,193.908203125,214.65001352935707,217.05129431218887,205.32685588941757
*c1ccc(Oc2ccc(C(C)(C)c3ccc(Oc4ccc(N5C(=O)c6ccc(Oc7ccc8c(c7)C(=O)N(*)C8=O)cc6C5=O)cc4)cc3)cc2)cc1,tg,227.5,204.6299743652344,227.89296805479952,222.0602269599717,214.79878083353853
*c1ccc(Oc2ccc(C(c3ccc(Oc4ccc(-c5ccc(*)s5)cc4C(F)(F)F)cc3)(C(F)(F)F)C(F)(F)F)cc2)c(C(F)(F)F)c1,tg,153.33,152.7364044189453,141.23000298377607,145.6158226090106,148.17101403667488
*c1ccc(Oc2ccc(C(c3ccc(Oc4ccc(-c5cccc(*)n5)cc4C(F)(F)F)cc3)(C(F)(F)F)C(F)(F)F)cc2)c(C(F)(F)F)c1,tg,148.67,171.64523315429688,148.83433842904014,152.40918193210155,161.01055877364365
*c1ccc(Oc2ccc(C(c3ccc(Oc4ccc(-c5ncc(*)o5)cc4C(F)(F)F)cc3)(C(F)(F)F)C(F)(F)F)cc2)c(C(F)(F)F)c1,tg,205.0,173.6311798095703,190.93048278340328,188.40164277789535,181.75267764786648
*c1ccc(Oc2ccc(C(c3ccc(Oc4ccc(-c5nnc(*)c6c(-c7ccc(F)cc7)c(-c7ccc(F)cc7)c(-c7ccc(F)cc7)c(-c7ccc(F)cc7)c56)cc4)cc3)(C(F)(F)F)C(F)(F)F)cc2)cc1,tg,285.33,254.05252075195312,282.0529510950933,288.1418315111227,270.3480485218374
*c1ccc(Oc2ccc(C(c3ccc(Oc4ccc(-c5nnc(*)c6c(-c7ccccc7)c(-c7ccc8ccccc8c7)c(-c7ccc8ccccc8c7)c(-c7ccccc7)c56)cc4)cc3)(C(F)(F)F)C(F)(F)F)cc2)cc1,tg,286.0,283.54754638671875,298.1559970226822,292.5129326000176,289.3205759076643
*c1ccc(Oc2ccc(C(c3ccc(Oc4ccc(-c5nnc(*)n5-c5ccc(C)cc5)cc4)cc3)(C(F)(F)F)C(F)(F)F)cc2)cc1,tg,213.0,230.92478942871097,216.64362494829777,208.10267425933563,220.93187955051374
*c1ccc(Oc2ccc(C(c3ccc(Oc4ccc(-c5nnc(*)n5-c5ccc(S(=O)(=O)c6ccccc6)cc5)cc4)cc3)(C(F)(F)F)C(F)(F)F)cc2)cc1,tg,211.0,207.12863159179688,217.10728125388752,217.95538527837277,212.526995790633
*c1ccc(Oc2ccc(C(c3ccc(Oc4ccc(-c5nnc(*)n5-c5ccc(S(C)(=O)=O)cc5)cc4)cc3)(C(F)(F)F)C(F)(F)F)cc2)cc1,tg,226.0,199.89308166503903,212.6640895074065,218.2643705020797,208.19891816061516
*c1ccc(Oc2ccc(C(c3ccc(Oc4ccc(N5C(=O)c6ccc(Oc7ccc(C8(c9ccc(Oc%10ccc%11c(c%10)C(=O)N(*)C%11=O)cc9)CCC(C(C)(C)C)CC8)cc7)cc6C5=O)cc4)cc3)(C(F)(F)F)C(F)(F)F)cc2)cc1,tg,227.0,233.26670837402344,242.21500517979953,235.9456068466648,235.9326995213666
*c1ccc(Oc2ccc(C(c3ccc(Oc4ccc(N5C(=O)c6ccc(Oc7ccc8c(c7)C(=O)N(*)C8=O)cc6C5=O)cc4)cc3)(C(F)(F)F)C(F)(F)F)cc2)cc1,tg,246.0,245.8663330078125,242.1163005884498,234.5008168721151,241.58008290690492
*c1ccc(Oc2ccc(C3(c4ccc(Oc5ccc(-c6ccc(*)s6)cc5C(F)(F)F)cc4)c4ccccc4-c4ccccc43)cc2)c(C(F)(F)F)c1,tg,169.0,196.81057739257812,191.55412050851447,201.55550028886543,197.19938431663905
*c1ccc(Oc2ccc(C3(c4ccc(Oc5ccc(-c6cccc(*)n6)cc5C(F)(F)F)cc4)c4ccccc4-c4ccccc43)cc2)c(C(F)(F)F)c1,tg,182.5,214.22171020507812,199.74659643762823,189.42875124783643,203.57922939010328
*c1ccc(Oc2ccc(C3(c4ccc(Oc5ccc(-c6nc(-c7ccccn7)nnc6*)cc5)cc4)c4ccccc4-c4ccccc43)cc2)cc1,tg,277.0,285.4674987792969,260.6308458161054,265.5631904421555,274.21016599023733
*c1ccc(Oc2ccc(C3(c4ccc(Oc5ccc(-c6nnc(*)c7c(-c8ccc(F)cc8)c(-c8ccc(F)cc8)c(-c8ccc(F)cc8)c(-c8ccc(F)cc8)c67)cc5)cc4)c4ccccc4-c4ccccc43)cc2)cc1,tg,311.33,371.5086669921875,313.71413108864874,302.75291330228185,338.37079485570393
*c1ccc(Oc2ccc(C3(c4ccc(Oc5ccc(-c6nnc(*)c7c(-c8ccccc8)c(-c8ccc9ccccc9c8)c(-c8ccc9ccccc9c8)c(-c8ccccc8)c67)cc5)cc4)c4ccccc4-c4ccccc43)cc2)cc1,tg,327.33,288.90673828125,312.08124893766063,316.8460166078893,302.30872191753036
*c1ccc(Oc2ccc(C3(c4ccc(Oc5ccc(N6C(=O)CC(=O)N(*)C6=S)cc5)cc4)c4ccccc4-c4ccccc43)cc2)cc1,tg,175.0,210.95623779296875,211.01802523421367,204.5385488570582,208.98338137483577
*c1ccc(Oc2ccc(C3(c4ccc(Oc5ccc(N6C(=O)c7ccc(Oc8c(C)cc(C(C)(C)c9cc(C)c(Oc%10ccc%11c(c%10)C(=O)N(*)C%11=O)c(C)c9)cc8C)cc7C6=O)cc5)cc4)C4CC5CC(C4)CC3C5)cc2)cc1,tg,282.0,249.48733520507812,268.54179901742583,263.63087224433053,257.77522372461516
*c1ccc(Oc2ccc(C3(c4ccc(Oc5ccc(N6C(=O)c7ccc(Oc8ccc(C9(c%10ccc(Oc%11ccc%12c(c%11)C(=O)N(*)C%12=O)cc%10)CCC(C(C)(C)C)CC9)cc8)cc7C6=O)cc5)cc4)C4CC5CC(C4)CC3C5)cc2)cc1,tg,266.0,246.38040161132812,254.25722084842124,250.13838717019,249.16026158155432
*c1ccc(Oc2ccc(C3(c4ccc(Oc5ccc(N6C(=O)c7ccc(Oc8ccc(C9(c%10ccc(Oc%11ccc%12c(c%11)C(=O)N(*)C%12=O)cc%10)CCC(C(C)(C)C)CC9)cc8)cc7C6=O)cc5)cc4)CC4CC3C3CCCC43)cc2)cc1,tg,257.0,251.31594848632812,248.53549990506477,253.12457313140257,251.30465646140993
*c1ccc(Oc2ccc(C3(c4ccc(Oc5ccc(N6C(=O)c7ccc(Oc8ccc(C9(c%10ccc(Oc%11ccc%12c(c%11)C(=O)N(*)C%12=O)cc%10)CCC(c%10ccccc%10)CC9)cc8)cc7C6=O)cc5)cc4)CC4CC3C3CCCC43)cc2)cc1,tg,255.0,259.03204345703125,241.03754375189268,243.80031419828185,250.62510528262698
*c1ccc(Oc2ccc(C3(c4ccc(Oc5ccc(N6C(=O)c7ccc(Oc8ccc(C9(c%10ccc(Oc%11ccc%12c(c%11)C(=O)N(*)C%12=O)cc%10)CCC(c%10ccccc%10)CC9)cc8)cc7C6=O)cc5)cc4)CC4CCC3C4)cc2)cc1,tg,245.0,252.36669921875,254.62391820296037,255.86707943416897,253.91309766976156
*c1ccc(Oc2ccc(C3(c4ccc(Oc5ccc(N6C(=O)c7ccc(Oc8ccc(C9(c%10ccc(Oc%11ccc%12c(c%11)C(=O)N(*)C%12=O)cc%10)CCC(c%10ccccc%10)CC9)cc8)cc7C6=O)cc5)cc4)CCC(C(C)(C)C)CC3)cc2)cc1,tg,243.0,222.24610900878903,234.56044397117415,234.55451005029067,228.5824142632897
*c1ccc(Oc2ccc(C3(c4ccc(Oc5ccc(N6C(=O)c7ccc(Oc8ccc(C9(c%10ccc(Oc%11ccc%12c(c%11)C(=O)N(*)C%12=O)cc%10)CCCCCCCCCCC9)cc8)cc7C6=O)cc5)cc4)C4CC5CC(C4)CC3C5)cc2)cc1,tg,262.0,242.74575805664065,250.2299380684156,244.60679514517,244.8581161541366
*c1ccc(Oc2ccc(C3(c4ccc(Oc5ccc(N6C(=O)c7ccc(Oc8ccc(C9(c%10ccc(Oc%11ccc%12c(c%11)C(=O)N(*)C%12=O)cc%10)CCCCCCCCCCC9)cc8)cc7C6=O)cc5)cc4)CC4CCC3C4)cc2)cc1,tg,259.0,249.16555786132812,249.25536474786935,244.81165175710683,247.83695928986572
*c1ccc(Oc2ccc(C3(c4ccc(Oc5ccc(N6C(=O)c7ccc(Oc8ccc(C9(c%10ccc(Oc%11ccc%12c(c%11)C(=O)N(*)C%12=O)cc%10)CCCCCCCCCCC9)cc8)cc7C6=O)cc5)cc4)CCC(C(C)(C)C)CC3)cc2)cc1,tg,254.0,250.03009033203125,246.5959039361095,238.11303310611316,245.63804768963433
*c1ccc(Oc2ccc(C3(c4ccc(Oc5ccc(N6C(=O)c7ccc(Oc8ccccc8Oc8ccc9c(c8)C(=O)N(*)C9=O)cc7C6=O)cc5C(F)(F)F)cc4)c4ccccc4-c4ccccc43)cc2)c(C(F)(F)F)c1,tg,241.0,239.9212951660156,252.05679733029737,236.44814982664093,241.338297368554
*c1ccc(Oc2ccc(C=Cc3ccc(Oc4ccc(-c5nnc(*)o5)cc4)c4ccccc34)cc2)cc1,tg,213.0,216.73092651367188,225.8873270028338,229.69912031004705,222.62300567584649
*c1ccc(Oc2ccc(N3C(=O)C(C)C(SCCOCCSC4C(=O)N(c5ccc(Oc6ccc(N7C(=O)CC(C)(SCCOCCSC8(C)CC(=O)N(*)C8=O)C7=O)cc6)cc5)C(=O)C4C)C3=O)cc2)cc1,tg,145.0,177.80880737304688,118.64886392233385,120.62008590205016,147.9692788051611
*c1ccc(Oc2ccc(N3C(=O)C(Cl)=C(Oc4ccc(C(C)(C)c5ccc(OC6=C(Cl)C(=O)N(*)C6=O)cc5)cc4)C3=O)cc2)cc1,tg,175.0,205.569091796875,181.1285868681935,187.1613874688536,194.85612037189702
*c1ccc(Oc2ccc(N3C(=O)C(c4ccccc4)=C(c4ccc(C5=C(c6ccccc6)C(=O)N(*)C5=O)cc4)C3=O)cc2)cc1,tg,275.0,250.22689819335935,262.68614113345353,270.3696608533084,259.016795028063
*c1ccc(Oc2ccc(N3C(=O)C4CCC(C5CCC6C(=O)N(*)C(=O)C6C5)CC4C3=O)cc2)cc1,tg,257.0,301.16693115234375,265.60072269713544,258.41551734626586,280.638138913228
*c1ccc(Oc2ccc(N3C(=O)C4CCC5C(=O)N(*)C(=O)C5C4C3=O)cc2)cc1,tg,342.0,277.6286315917969,303.79330718793375,292.4260544521701,287.5786231653005
*c1ccc(Oc2ccc(N3C(=O)N(*)C3=O)cc2)cc1,egc,4.3691,3.3018381595611572,4.049234017020739,4.110450900674339,3.689319161382413
*c1ccc(Oc2ccc(N3C(=O)c4c(c(-c5ccccc5)c(-c5ccc(-c6c(-c7ccccc7)c7c(c(-c8ccccc8)c6-c6ccccc6)C(=O)N(*)C7=O)cc5)c(-c5ccccc5)c4-c4ccccc4)C3=O)cc2)cc1,tg,413.0,369.34906005859375,381.53771041353616,375.48879118404807,373.7510618998355
*c1ccc(Oc2ccc(N3C(=O)c4c(c(-c5ccccc5)c(-c5ccc(Oc6ccc(-c7c(-c8ccccc8)c8c(c(-c9ccccc9)c7-c7ccccc7)C(=O)N(*)C8=O)cc6)cc5)c(-c5ccccc5)c4-c4ccccc4)C3=O)cc2)cc1,tg,360.0,370.0271606445313,331.46614742048155,343.471203555324,353.8941488211501
*c1ccc(Oc2ccc(N3C(=O)c4cc(-c5ccc(C(C)(C)C)cc5)c(-c5cc6c(cc5-c5ccc(C(C)(C)C)cc5)C(=O)N(*)C6=O)cc4C3=O)cc2)cc1,tg,370.0,318.4162902832031,346.27068330307185,357.6117182172271,336.2615953806302
*c1ccc(Oc2ccc(N3C(=O)c4ccc(-c5ccc6c(c5)C(=O)N(*)C6=O)cc4C3=O)cc2Br)c(Br)c1,tg,275.0,283.88104248046875,285.2042563729429,280.7625622399911,283.1878983854547
*c1ccc(Oc2ccc(N3C(=O)c4ccc(Oc5c(C)cc(-c6cc(C)c(Oc7ccc8c(c7)C(=O)N(*)C8=O)c(C)c6)cc5C)cc4C3=O)cc2)cc1,tg,299.0,279.587890625,296.4159878642688,330.95065730854424,298.9337853128035
*c1ccc(Oc2ccc(N3C(=O)c4ccc(Oc5c(C)cc(Cc6cc(C)c(Oc7ccc8c(c7)C(=O)N(*)C8=O)c(C)c6)cc5C)cc4C3=O)cc2)cc1,tg,266.0,259.9135437011719,255.9329117749846,255.30296104384917,257.6698298374232
*c1ccc(Oc2ccc(N3C(=O)c4ccc(Oc5cc6ccccc6cc5Oc5ccc6c(c5)C(=O)N(*)C6=O)cc4C3=O)cc2)cc1,tg,228.75,226.8753662109375,245.71412985792816,234.15173476153484,232.99436463106403
*c1ccc(Oc2ccc(N3C(=O)c4ccc(Oc5ccc(-c6ccc(Oc7ccc8c(c7)C(=O)N(*)C8=O)cc6)cc5)cc4C3=O)cc2)cc1,tg,229.0,222.41061401367188,238.7767416028958,236.9755402336042,230.27693113270203
*c1ccc(Oc2ccc(N3C(=O)c4ccc(Oc5ccc(C(=O)c6ccc(Oc7ccc8c(c7)C(=O)N(*)C8=O)cc6)cc5)cc4C3=O)cc2)cc1,tg,210.0,212.14474487304688,233.00964006098835,231.06459358305185,222.28205683730323
*c1ccc(Oc2ccc(N3C(=O)c4ccc(Oc5ccc(C(C)(C)c6ccc(Oc7ccc8c(c7)C(=O)N(*)C8=O)cc6)cc5)cc4C3=O)cc2)cc1,tg,217.25,220.4384307861328,228.17971663441523,224.6226178154383,223.3223250450608
*c1ccc(Oc2ccc(N3C(=O)c4ccc(Oc5ccc(C(c6ccc(Oc7ccc8c(c7)C(=O)N(*)C8=O)cc6)(C(F)(F)F)C(F)(F)F)cc5)cc4C3=O)cc2)cc1,tg,257.0,231.4794464111328,234.5488058022802,232.8775608378527,232.54217444440988
*c1ccc(Oc2ccc(N3C(=O)c4ccc(Oc5ccc(Oc6ccc(Oc7ccc8c(c7)C(=O)N(*)C8=O)cc6)cc5)cc4C3=O)cc2)cc1,tg,215.0,208.86978149414065,219.5625274638356,220.42549686404732,214.6402874690102
*c1ccc(Oc2ccc(N3C(=O)c4ccc(Oc5ccc(Oc6ccc7c(c6)C(=O)N(*)C7=O)cc5)cc4C3=O)cc2)cc1,tg,248.75,221.49484252929688,237.9024250155705,237.36314314966137,229.7729163384934
*c1ccc(Oc2ccc(N3C(=O)c4ccc(Oc5ccc(S(=O)(=O)c6ccc(Oc7ccc8c(c7)C(=O)N(*)C8=O)cc6)cc5)cc4C3=O)cc2)cc1,tg,260.0,229.61209106445312,241.4359455486915,242.48522529996183,236.0224160499848
*c1ccc(Oc2ccc(N3C(=O)c4ccc(Oc5ccc6c(c5)C(=O)N(*)C6=O)cc4C3=O)cc2)cc1,tg,266.3,271.8824768066406,259.8513526163113,262.65293807822576,266.55687402660584
*c1ccc(Oc2ccc(N3C(=O)c4ccc(Oc5ccc6c(c5)C(=O)N(*)C6=O)cc4C3=O)cc2Br)c(Br)c1,tg,251.0,261.84417724609375,259.6275883218093,267.79299819995293,263.2295695148345
*c1ccc(Oc2ccc(N3C(=O)c4ccc(Oc5ccc6c(c5)C(=O)N(c5ncc(*)s5)C6=O)cc4C3=O)cc2)cc1,tg,300.0,259.49578857421875,229.8866652375206,249.1109642337563,250.20381169716867
*c1ccc(Oc2ccc(N3C(=O)c4ccc(Oc5cccc(Oc6ccc7c(c6)C(=O)N(*)C7=O)c5)cc4C3=O)cc2)cc1,tg,209.0,230.57345581054688,214.8267605317991,215.1016533405846,222.55373989246806
*c1ccc(Oc2ccc(N3C(=O)c4ccc(Oc5cccc6c5C(=O)N(*)C6=O)cc4C3=O)cc2)cc1,tg,277.0,258.5579833984375,269.02905383703677,268.256876142944,263.70850248375416
*c1ccc(Oc2ccc(N3C(=O)c4ccc(P(=O)(c5ccccc5)c5ccc6c(c5)C(=O)N(*)C6=O)cc4C3=O)cc2)cc1,tg,318.0,290.702880859375,275.3395273185136,286.0361267402484,286.1047978202955
*c1ccc(Oc2ccc(N3C(=O)c4ccc(S(=O)(=O)c5ccc6c(c5)C(=O)N(*)C6=O)cc4C3=O)cc2)cc1,tg,283.5,276.7784423828125,286.08185266403467,299.34712983651605,285.6709608764365
*c1ccc(Oc2ccc(N3C(=O)c4ccc(S(=O)(=O)c5ccc6c(c5)C(=O)N(*)C6=O)cc4C3=O)cc2Br)c(Br)c1,egc,2.7192,3.3080921173095703,2.9823708922895933,2.952383925748157,3.138325501048498
*c1ccc(Oc2ccc(N3C(=O)c4ccc(S(=O)(=O)c5ccc6c(c5)C(=O)N(*)C6=O)cc4C3=O)cc2Br)c(Br)c1,tg,281.0,280.4046630859375,299.36730470129453,306.63433209793584,292.41297753213274
*c1ccc(Oc2ccc(N3C(=O)c4ccc(Sc5ccc6c(c5)C(=O)N(*)C6=O)cc4C3=O)cc2)cc1,tg,258.0,251.90737915039065,256.37135220418645,271.2112032003822,258.7962086345635
*c1ccc(Oc2ccc(N3C(=O)c4ccc([Si](C)(C)O[Si](C)(C)c5ccc6c(c5)C(=O)N(c5ccc(Oc7ccc(-c8nnc(*)o8)cc7)cc5)C6=O)cc4C3=O)cc2)cc1,tg,190.5,232.1090545654297,220.1285986137476,200.4953189861737,219.86850117397745
*c1ccc(Oc2ccc(N3C(=O)c4cccc(Oc5c(C)cc(Cc6cc(C)c(Oc7cccc8c7C(=O)N(*)C8=O)c(C)c6)cc5C)c4C3=O)cc2)cc1,tg,270.0,289.6610107421875,254.21689018129268,248.91403001759943,269.7774276038877
*c1ccc(Oc2ccc(N3C(=O)c4cccc(Oc5ccc(-c6ccc(Oc7cccc8c7C(=O)N(*)C8=O)cc6)cc5)c4C3=O)cc2)cc1,tg,277.0,258.183837890625,251.03623255507884,247.15545975392916,253.30433663608778
*c1ccc(Oc2ccc(N3C(=O)c4cccc(Oc5ccc(C(C)(C)c6ccc(Oc7cccc8c7C(=O)N(*)C8=O)cc6)cc5)c4C3=O)cc2)cc1,tg,233.67,230.25680541992188,237.41185238115384,232.23492351284565,232.33781230044355
*c1ccc(Oc2ccc(N3C(=O)c4cccc(Oc5ccc(S(=O)(=O)c6ccc(Oc7cccc8c7C(=O)N(*)C8=O)cc6)cc5)c4C3=O)cc2)cc1,tg,267.0,255.2215576171875,257.0614943287723,259.5633727525067,256.9426117413537
*c1ccc(Oc2ccc(N3C(=O)c4cccc(Oc5ccc(Sc6ccc(Oc7cccc8c7C(=O)N(*)C8=O)cc6)cc5)c4C3=O)cc2)cc1,tg,234.0,220.0805206298828,233.03949166068136,232.76926985643587,226.66685067805884
*c1ccc(Oc2ccc(N3C(=O)c4cccc(Oc5cccc(Oc6cccc7c6C(=O)N(*)C7=O)c5)c4C3=O)cc2)cc1,tg,226.0,227.41883850097656,230.40983757128276,230.1960582360441,228.8921539903099
*c1ccc(Oc2ccc(N3C(=O)c4cccc(Oc5cccc6c5C(=O)N(*)C6=O)c4C3=O)cc2)cc1,tg,292.5,283.54632568359375,273.2272753182044,273.69105814387086,278.37863774637833
*c1ccc(Oc2ccc(NC(=O)CN3C(=O)c4ccc(C(c5ccc6c(c5)C(=O)N(CC(=O)Nc5ccc(Oc7ccc(-c8nnc(*)o8)cc7)cc5)C6=O)(C(F)(F)F)C(F)(F)F)cc4C3=O)cc2)cc1,tg,263.0,232.31243896484375,250.0054222303286,253.47415433931508,242.49212637171271
*c1ccc(Oc2ccc(NC(=O)c3cc(C(=O)Nc4ccc(Oc5ccc(-c6nnc(*)o6)cc5)cc4)cc(N4C(=O)c5ccccc5C4=O)c3)cc2)cc1,tg,285.0,275.01031494140625,281.3692263393704,279.77877924001257,277.79116053068697
*c1ccc(Oc2ccc(NC(=O)c3cc(NC(=O)c4ccc(OC(C)=O)cc4)cc(C(=O)Nc4ccc(Oc5ccc(-c6nnc(*)o6)cc5)cc4)c3)cc2)cc1,tg,270.0,253.74917602539065,253.13979540612107,265.7750691638123,257.3447048111732
*c1ccc(Oc2ccc(NC(=O)c3ccc(C(=O)Nc4ccc(Oc5ccc(-c6nnc(*)o6)cc5)cc4)c(Oc4ccccc4)c3)cc2)cc1,tg,245.0,234.25372314453125,228.0712540707895,226.280073551002,230.51746407673573
*c1ccc(Oc2ccc(NC(=O)c3ccc(Oc4cccc5c4C(=O)N(*)C5=O)cc3)cc2)cc1,tg,253.0,240.47134399414065,256.75126633573876,254.27555283853417,248.08460710714948
*c1ccc(Oc2ccc(NC(=O)c3ccc4c(c3)C(=O)N(c3ccc(Cc5ccc(N6C(=O)c7ccc(C(=O)Nc8ccc(Oc9ccc(C%10(*)NC(=O)c%11ccccc%11%10)cc9)cc8)cc7C6=O)cc5)cc3)C4=O)cc2)cc1,tg,302.0,312.6329345703125,300.6838598915838,292.6918873037276,304.0101884426514
*c1ccc(Oc2ccc(NC(=O)c3cccc(Oc4ccc5c(c4)C(=O)N(*)C5=O)c3)cc2)cc1,tg,231.0,243.02490234375,232.00672916895832,233.3346619870897,237.76473433218706
*c1ccc(Oc2ccc(Oc3ccc(-c4cnc5cc(-c6ccc7nc(*)cnc7c6)ccc5n4)cc3)cc2)cc1,tg,195.0,273.7857971191406,268.25944974697023,275.25747923980936,273.1064984188565
*c1ccc(Oc2ccc(Oc3ccc(-c4nc(*)nc(-c5ccccc5)n4)cc3)cc2)cc1,tg,244.0,281.8490905761719,225.525754257466,223.63284102174993,252.27404417288454
*c1ccc(Oc2ccc(Oc3ccc(-n4c(=O)c5cc6c(=O)n(*)c(=O)c6cc5c4=O)cc3)cc2)cc1,egc,2.0871,2.2658159732818604,2.1458463037811835,2.066467485861488,2.1847128222798347
*c1ccc(Oc2ccc(Oc3ccc(-n4c(=O)c5cc6c(=O)n(*)c(=O)c6cc5c4=O)cc3)cc2C(C)(C)C)cc1,egc,1.9644,2.4380338191986084,2.193010995395743,2.2960804571272733,2.3444756012310353
*c1ccc(Oc2ccc(Oc3ccc(-n4c(=O)c5cc6c(=O)n(*)c(=O)c6cc5c4=O)cc3)cc2C)cc1,egc,2.3895,2.156651496887207,2.1870370987678194,2.227501594290579,2.182727288991361
*c1ccc(Oc2ccc(Oc3ccc(N4C(=O)C(c5ccccc5)=C(c5ccc(C6=C(c7ccccc7)C(=O)N(*)C6=O)cc5)C4=O)cc3)cc2)cc1,tg,249.0,259.760009765625,246.32445757158283,248.01994464621492,253.36934209364097
*c1ccc(Oc2ccc(Oc3ccc(N4C(=O)C5CCC(C6CCC7C(=O)N(*)C(=O)C7C6)CC5C4=O)cc3)cc2)cc1,tg,238.0,236.96514892578125,260.5431714788642,263.00045534888125,249.86091580149196
*c1ccc(Oc2ccc(Oc3ccc(N4C(=O)C5CCC6C(=O)N(*)C(=O)C6C5C4=O)cc3)cc2)cc1,egc,4.5419,3.9344401359558105,4.292762285124252,4.125493316526586,4.066764068046844
*c1ccc(Oc2ccc(Oc3ccc(N4C(=O)C5CCC6C(=O)N(*)C(=O)C6C5C4=O)cc3)cc2)cc1,tg,274.0,235.9501495361328,273.07115092491756,299.2197435225961,263.1461910598605
*c1ccc(Oc2ccc(Oc3ccc(N4C(=O)CC(=O)N(*)C4=S)cc3)cc2)cc1,egc,3.1515,3.258150100708008,3.831736180170783,3.7040084060403857,3.5080312911663043
*c1ccc(Oc2ccc(Oc3ccc(N4C(=O)c5ccc(-c6ccc7c(c6)C(=O)N(*)C7=O)cc5C4=O)cc3)c(-c3ccccc3)c2)cc1,tg,247.0,251.32302856445312,270.8042046061327,257.30346035162694,257.17297642467076
*c1ccc(Oc2ccc(Oc3ccc(N4C(=O)c5ccc(-c6ccc7c(c6)C(=O)N(*)C7=O)cc5C4=O)cc3)c(C(C)(C)C)c2)cc1,tg,274.0,299.63177490234375,277.84534699971107,283.8042525384832,290.261984690661
*c1ccc(Oc2ccc(Oc3ccc(N4C(=O)c5ccc(-c6ccc7c(c6)C(=O)N(*)C7=O)cc5C4=O)cc3)c(C)c2)cc1,tg,265.0,259.68505859375,261.96240572148855,261.70537998711933,260.77768033354886
*c1ccc(Oc2ccc(Oc3ccc(N4C(=O)c5ccc(-c6ccc7c(c6)C(=O)N(*)C7=O)cc5C4=O)cc3)cc2)cc1,tg,264.88,249.2547912597656,265.7415852441957,263.3418032202831,256.99802253833724
*c1ccc(Oc2ccc(Oc3ccc(N4C(=O)c5ccc(-c6cccc7c6C(=O)N(*)C7=O)cc5C4=O)cc3)cc2)cc1,tg,285.0,262.74273681640625,276.8818864622063,279.9204542106986,270.9601928883023
*c1ccc(Oc2ccc(Oc3ccc(N4C(=O)c5ccc(Oc6c(C)cc(C(C)(C)c7cc(C)c(Oc8ccc9c(c8)C(=O)N(*)C9=O)c(C)c7)cc6C)cc5C4=O)cc3)c(C(C)(C)C)c2)cc1,tg,244.0,247.63914489746097,265.54184668814196,263.4434216872388,256.20437410341316
*c1ccc(Oc2ccc(Oc3ccc(N4C(=O)c5ccc(Oc6cc7ccccc7cc6Oc6ccc7c(c6)C(=O)N(*)C7=O)cc5C4=O)cc3)cc2)cc1,tg,224.5,250.675537109375,213.2108138581249,215.0985808153972,231.976635632583
*c1ccc(Oc2ccc(Oc3ccc(N4C(=O)c5ccc(Oc6ccc(-c7ccc(Oc8ccc9c(c8)C(=O)N(*)C9=O)cc7)cc6)cc5C4=O)cc3)cc2)cc1,tg,212.0,235.9394989013672,219.1958697511449,221.81011727827016,228.13042813263385
*c1ccc(Oc2ccc(Oc3ccc(N4C(=O)c5ccc(Oc6ccc(C7(c8ccc(Oc9ccc%10c(c9)C(=O)N(*)C%10=O)cc8)CCC(C(C)(C)C)CC7)cc6)cc5C4=O)cc3)c(C(C)(C)C)c2)cc1,tg,233.0,230.75271606445312,240.1307550186671,249.71445932084805,238.54461917199342
*c1ccc(Oc2ccc(Oc3ccc(N4C(=O)c5ccc(Oc6ccc(C7(c8ccc(Oc9ccc%10c(c9)C(=O)N(*)C%10=O)cc8)CCC(c8ccccc8)CC7)cc6)cc5C4=O)cc3)c(C(C)(C)C)c2)cc1,tg,236.0,244.58236694335935,229.77627614794835,230.13660946588183,237.07321063962974
*c1ccc(Oc2ccc(Oc3ccc(N4C(=O)c5ccc(Oc6ccc(Sc7ccc(Oc8ccc9c(c8)C(=O)N(*)C9=O)cc7)cc6)cc5C4=O)cc3)cc2)cc1,tg,201.0,218.0335693359375,196.27119118955608,201.43531660154304,208.43026373253485
*c1ccc(Oc2ccc(Oc3ccc(N4C(=O)c5ccc(Oc6ccc7c(c6)C(=O)N(*)C7=O)cc5C4=O)cc3)cc2)cc1,tg,235.78,229.0205993652344,240.83100013388943,246.05874962125264,236.71675910287144
*c1ccc(Oc2ccc(Oc3ccc(N4C(=O)c5ccc(Oc6ccc7ccc(Oc8ccc9c(c8)C(=O)N(*)C9=O)cc7c6)cc5C4=O)cc3)cc2)cc1,tg,228.0,216.76889038085935,220.31307075144775,218.38834248312497,217.99758281453472
*c1ccc(Oc2ccc(Oc3ccc(N4C(=O)c5ccc(Oc6cccc7c6C(=O)N(*)C7=O)cc5C4=O)cc3)cc2)cc1,tg,249.0,253.99981689453125,239.3537020165276,246.9552743912015,248.81333634080227
*c1ccc(Oc2ccc(Oc3ccc(N4C(=O)c5ccc(Oc6ccccc6Oc6ccc7c(c6)C(=O)N(*)C7=O)cc5C4=O)cc3)cc2)cc1,tg,202.0,212.68609619140625,215.50783680223975,215.86873565346292,214.25009228654085
*c1ccc(Oc2ccc(Oc3ccc(N4C(=O)c5ccc(Oc6ccccc6Oc6ccc7c(c6)C(=O)N(*)C7=O)cc5C4=O)cc3C(F)(F)F)cc2)c(C(F)(F)F)c1,tg,197.0,206.4334259033203,202.7510568029516,203.52989551791717,204.77908626801192
*c1ccc(Oc2ccc(Oc3ccc(N4C(=O)c5cccc(Oc6c(C)cc(Cc7cc(C)c(Oc8cccc9c8C(=O)N(*)C9=O)c(C)c7)cc6C)c5C4=O)c(C)c3)cc2)cc1C,tg,238.0,275.0784912109375,261.0162439031198,250.61704209432344,264.62334059917384
*c1ccc(Oc2ccc(Oc3ccc(N4C(=O)c5cccc(Oc6ccc(C(C)(C)c7ccc(Oc8cccc9c8C(=O)N(*)C9=O)cc7)cc6)c5C4=O)c(C)c3)cc2)cc1C,tg,222.0,220.3880615234375,223.0326671173742,222.16064875139048,221.4794397858313
*c1ccc(Oc2ccc(Oc3ccc(NC(=O)c4ccc(Oc5ccc6c(c5)C(=O)N(*)C6=O)cc4)cc3)cc2)cc1,tg,242.0,213.03562927246097,225.4504460251806,221.6274915626178,218.24272005128162
*c1ccc(Oc2ccc(Oc3ccc(NC(=O)c4ccc(Oc5cccc6c5C(=O)N(*)C6=O)cc4)cc3)cc2)cc1,tg,244.0,219.712158203125,233.73699052401568,239.37478301359445,228.67493888922453
*c1ccc(Oc2ccc(Oc3ccc(NC(=O)c4cccc(Oc5ccc6c(c5)C(=O)N(*)C6=O)c4)cc3)cc2)cc1,tg,213.0,210.66305541992188,217.35671782785855,214.0635238605413,213.08939032094258
*c1ccc(Oc2ccc(Oc3ccc(Oc4ccc(-c5nc6ccc(-c7ccc8nc(*)c(-c9ccccc9)nc8c7)cc6nc5-c5ccccc5)cc4)cc3)cc2)cc1,tg,263.0,280.207275390625,274.1816904417385,263.05307446994993,273.66289376326006
*c1ccc(Oc2ccc(Oc3ccc(Oc4ccc(N5C(=O)c6ccc(-c7ccc8c(c7)C(=O)N(*)C8=O)cc6C5=O)cc4)cc3)cc2)cc1,tg,228.51,239.0435791015625,241.4462112157275,241.85733769528687,240.4074013722677
*c1ccc(Oc2ccc(Oc3ccc(Oc4ccc(N5C(=O)c6ccc(Oc7ccc(-c8ccc(Oc9ccc%10c(c9)C(=O)N(*)C%10=O)cc8)cc7)cc6C5=O)cc4)cc3)cc2)cc1,tg,212.0,208.26687622070312,213.31632441652263,212.48889875788564,210.6098141279835
*c1ccc(Oc2ccc(Oc3ccc(Oc4ccc(N5C(=O)c6ccc(Oc7ccc(Oc8ccc9c(c8)C(=O)N(*)C9=O)cc7)cc6C5=O)cc4)cc3)cc2)cc1,tg,210.0,198.85504150390625,203.56263154212544,202.49280602568928,200.94703124321137
*c1ccc(Oc2ccc(Oc3ccc(P(=O)(c4ccccc4)c4ccc(Oc5ccc(Oc6ccc(-c7nc8ccccc8nc7*)cc6)cc5)cc4)cc3)cc2)cc1,tg,209.0,244.71334838867188,247.66926154700897,272.5394972522098,253.92924411017154
*c1ccc(Oc2ccc(P(=O)(c3ccccc3)c3ccc(Oc4ccc(-c5cc(*)[nH]n5)cc4)cc3)cc2)cc1,egc,4.1018,3.9795777797698975,2.8805558506837983,3.226860418136301,3.528401224589842
*c1ccc(Oc2ccc(P(=O)(c3ccccc3)c3ccc(Oc4ccc(-c5cc(*)[nH]n5)cc4)cc3)cc2)cc1,tg,296.0,239.73953247070312,256.7685505257434,254.76007033118557,247.88290764672792
*c1ccc(Oc2ccc(P(=O)(c3ccccc3)c3ccc(Oc4ccc(-c5ccc(*)nc5)cc4)cc3)cc2)cc1,tg,257.0,224.3582763671875,244.34290215677436,232.65034177653035,231.02677435689918
*c1ccc(Oc2ccc(P(=O)(c3ccccc3)c3ccc(Oc4ccc(-c5nc(-c6ccccc6)[nH]c5*)cc4)cc3)cc2)cc1,tg,318.0,257.894775390625,275.57812395413276,275.7295415887389,267.0431737606785
*c1ccc(Oc2ccc(S(=O)(=O)c3ccc(Oc4ccc(-c5c6c(c(*)c7ccccc57)C(=O)N(CCCCCCCCCCCC)C6=O)cc4)cc3)cc2)cc1,tg,167.0,176.81858825683594,151.21959016918427,163.28215823450782,167.37486944473306
*c1ccc(Oc2ccc(S(=O)(=O)c3ccc(Oc4ccc(-c5c6c(c(*)c7ccccc57)C(=O)N(c5ccc(C(F)(F)F)cc5)C6=O)cc4)cc3)cc2)cc1,tg,290.0,295.21563720703125,287.62735932337387,288.61730612620613,291.61625510487255
*c1ccc(Oc2ccc(S(=O)(=O)c3ccc(Oc4ccc(-c5c6c(c(*)c7ccccc57)C(=O)N(c5ccc(F)cc5)C6=O)cc4)cc3)cc2)cc1,tg,300.0,300.92083740234375,294.0053878054218,295.7106357420159,297.88906148212163
*c1ccc(Oc2ccc(S(=O)(=O)c3ccc(Oc4ccc(-c5c6c(c(*)c7ccccc57)C(=O)N(c5cccc(C(F)(F)F)c5)C6=O)cc4)cc3)cc2)cc1,tg,280.5,269.3811340332031,283.0423399063416,282.84598115959363,276.3517538533412
*c1ccc(Oc2ccc(S(=O)(=O)c3ccc(Oc4ccc(-c5c6c(c(*)c7ccccc57)C(=O)N(c5ccccc5)C6=O)cc4)cc3)cc2)cc1,tg,305.0,296.53582763671875,291.3751780842109,297.9374971539561,295.90994957513954
*c1ccc(Oc2ccc(S(=O)(=O)c3ccc(Oc4ccc(-c5c6c(c(*)c7ccccc57)C(=O)N(c5ccccc5-c5ccccc5)C6=O)cc4)cc3)cc2)cc1,tg,278.0,269.07904052734375,269.2528283633643,281.3707955418469,272.9176157974371
*c1ccc(Oc2ccc(S(=O)(=O)c3ccc(Oc4ccc(-c5c6c(c(*)c7ccccc57)C(=O)N(c5ccccc5C(F)(F)F)C6=O)cc4)cc3)cc2)cc1,tg,290.0,278.7249450683594,281.20184881250964,282.96048349395204,280.543894606747
*c1ccc(Oc2ccc(S(=O)(=O)c3ccc(Oc4ccc(-c5cc(*)[nH]n5)cc4)cc3)cc2)cc1,tg,260.0,234.7611083984375,249.0818499550312,248.6829467853709,242.0085243389173
*c1ccc(Oc2ccc(S(=O)(=O)c3ccc(Oc4ccc(-c5nc(-c6ccccc6)[nH]c5*)cc4)cc3)cc2)cc1,tg,277.0,245.7717742919922,270.46168417988423,271.3804621490358,258.7638334026742
*c1ccc(Oc2ccc(S(=O)(=O)c3ccc(Oc4ccc(-c5nc(-c6ccccn6)nnc5*)cc4)cc3)cc2)cc1,tg,265.0,233.505126953125,241.2391199658604,237.0026377015584,236.17507600625282
*c1ccc(Oc2ccc(S(=O)(=O)c3ccc(Oc4ccc(-c5ncc(*)o5)cc4C(F)(F)F)cc3)cc2)c(C(F)(F)F)c1,tg,210.0,202.5069580078125,217.8469304218757,220.5405063937195,211.2357374003879
*c1ccc(Oc2ccc(S(=O)(=O)c3ccc(Oc4ccc(C5(*)OC(=O)c6ccccc65)cc4)cc3)cc2)cc1,tg,247.14,256.9317932128906,243.5747095515,250.12429268257995,252.08330153274343
*c1ccc(Oc2ccc(S(=O)(=O)c3ccc(Oc4ccc(C5(*)OC(=O)c6ccccc65)cc4C)cc3)cc2)c(C)c1,tg,245.0,258.17041015625,254.1695533114929,251.51329906374357,255.28937700860197
*c1ccc(Oc2ccc(S(=O)(=O)c3ccc(Oc4ccc(N5C(=O)C6CCC(C7CCC8C(=O)N(*)C(=O)C8C7)CC6C5=O)cc4)cc3)cc2)cc1,tg,256.5,243.43988037109375,258.4917318007824,252.1499601816227,249.22495647935688
*c1ccc(Oc2ccc(S(=O)(=O)c3ccc(Oc4ccc(N5C(=O)c6ccc(Oc7ccc(C(C)(C)c8ccc(Oc9ccc%10c(c9)C(=O)N(*)C%10=O)cc8)cc7)cc6C5=O)cc4)cc3)cc2)cc1,tg,200.0,218.91973876953125,206.3713505498937,218.48855508366145,216.21002271114884
*c1ccc(Oc2ccc(S(=O)(=O)c3ccc(Oc4ccc(N5C(=O)c6ccc(Oc7ccc(Oc8ccc9c(c8)C(=O)N(*)C9=O)cc7)cc6C5=O)cc4)cc3)cc2)cc1,tg,201.0,229.71144104003903,208.89238871843435,215.87601646196043,221.15658987148197
*c1ccc(Oc2ccc(S(=O)(=O)c3ccc(Oc4ccc(N5C(=O)c6ccc(Oc7cccc(Oc8ccc9c(c8)C(=O)N(*)C9=O)c7)cc6C5=O)cc4)cc3)cc2)cc1,tg,201.0,202.02149963378903,206.47495406407853,207.559910580753,204.6493457754103
*c1ccc(Oc2ccc(S(=O)(=O)c3ccc(Oc4ccc(N5C(=O)c6ccc(Oc7cccc8c(Oc9ccc%10c(c9)C(=O)N(*)C%10=O)cccc78)cc6C5=O)cc4)cc3)cc2)cc1,tg,201.0,223.17486572265625,221.92267826136373,233.2297416554822,226.02861481844417
*c1ccc(Oc2ccc(S(=O)(=O)c3ccc(Oc4ccc(N5C(=O)c6ccc([Si](C)(C)c7ccc8c(c7)C(=O)N(*)C8=O)cc6C5=O)cc4)cc3)cc2)cc1,tg,238.0,255.81869506835935,249.11240784075315,246.90066016210687,251.68271127982769
*c1ccc(Oc2ccc(Sc3ccc(Oc4ccc(-c5ccc(*)s5)cc4C(F)(F)F)cc3)cc2)c(C(F)(F)F)c1,tg,142.0,143.86761474609375,145.96558261672882,150.89961315023206,146.47394992087533
*c1ccc(Oc2ccc(Sc3ccc(Oc4ccc(-c5nc(*)nc(-c6ccccc6)n5)cc4)cc3)cc2)cc1,tg,211.0,225.87887573242188,219.86636203702977,225.71017284703413,224.59225017889457
*c1ccc(Oc2ccc(Sc3ccc(Oc4ccc(N5C(=O)c6ccc(Oc7ccc(-c8ccc(Oc9ccc%10c(c9)C(=O)N(*)C%10=O)cc8)cc7)cc6C5=O)cc4)cc3)cc2)cc1,tg,212.0,204.6165771484375,206.79435306741263,204.0557411932154,204.89018237978897
*c1ccc(Oc2ccc(Sc3ccc(Oc4ccc(N5C(=O)c6ccc(Oc7ccc(Oc8ccc(Oc9ccc%10c(c9)C(=O)N(*)C%10=O)cc8)cc7)cc6C5=O)cc4)cc3)cc2)cc1,tg,198.5,192.67491149902344,201.88211943772495,203.0768973087572,197.7834735679789
*c1ccc(Oc2ccc(Sc3ccc(Oc4ccc(N5C(=O)c6ccc(Oc7ccc(Sc8ccc(Oc9ccc%10c(c9)C(=O)N(*)C%10=O)cc8)cc7)cc6C5=O)cc4)cc3)cc2)cc1,tg,195.5,187.81724548339844,189.676337433352,193.54324938934397,189.97048076808707
*c1ccc(Oc2ccc3ccc(Oc4ccc(-n5c(=O)c6cc7c(=O)n(*)c(=O)c7cc6c5=O)cc4)cc3c2)cc1,egc,2.1074,2.1051957607269287,2.157146969509269,1.9938127447124312,2.0865749204710067
*c1ccc(Oc2ccc3ccc(Oc4ccc(N5C(=O)CC(=O)N(*)C5=S)cc4)cc3c2)cc1,tg,151.5,189.97183227539065,197.7697375853054,191.0914112146578,191.91920477757822
*c1ccc(Oc2ccc3ccccc3c2-c2c(Oc3ccc(N4C(=O)c5ccc(NC(=O)Nc6ccc(-c7cc(-c8ccc(-c9ccccc9)cc8)cc(-c8ccc(NC(=O)Nc9ccc%10c(c9)C(=O)N(*)C%10=O)cc8)n7)cc6)cc5C4=O)cc3)ccc3ccccc23)cc1,tg,302.0,270.1759033203125,293.732106168107,296.424611800098,283.1332139572303
*c1ccc(Oc2ccc3ccccc3c2-c2c(Oc3ccc(N4C(=O)c5ccc(NC(=O)Nc6ccc(Oc7ccc(NC(=O)Nc8ccc9c(c8)C(=O)N(*)C9=O)cc7)cc6)cc5C4=O)cc3)ccc3ccccc23)cc1,tg,274.0,252.27096557617188,265.1859807461092,273.497731630922,261.4898124555883
*c1ccc(Oc2ccc3ccccc3c2-c2c(Oc3ccc(N4C(=O)c5ccc(NC(=O)Nc6ccc(Oc7ccccc7-c7ccccc7Oc7ccc(NC(=O)Nc8ccc9c(c8)C(=O)N(*)C9=O)cc7)cc6)cc5C4=O)cc3)ccc3ccccc23)cc1,tg,285.0,230.679443359375,271.05130205571226,266.6345510304202,250.09220449999236
*c1ccc(Oc2ccc3ccccc3c2-c2c(Oc3ccc(N4C(=O)c5ccc(NC(=O)Nc6cccc(NC(=O)Nc7ccc8c(c7)C(=O)N(*)C8=O)n6)cc5C4=O)cc3)ccc3ccccc23)cc1,tg,283.0,269.3877258300781,268.32818555070526,285.30085822526644,274.0934889244464
*c1ccc(Oc2ccc3ccccc3c2-c2c(Oc3ccc(N4C(=O)c5ccc(NC(=O)Nc6cccc7c(NC(=O)Nc8ccc9c(c8)C(=O)N(*)C9=O)cccc67)cc5C4=O)cc3)ccc3ccccc23)cc1,tg,297.0,265.1189880371094,302.6075242163874,284.9333006079447,278.94603994068154
*c1ccc(Oc2cccc(-n3c(=O)c4cc5c(=O)n(*)c(=O)c5cc4c3=O)c2)cc1,egc,2.5637,2.128540277481079,2.5065556386968177,2.452995544784727,2.3015441216536168
*c1ccc(Oc2cccc(-n3c(=O)c4cc5c(=O)n(-c6cccc(Oc7ccc(-c8nc9cc%10sc(*)nc%10cc9s8)cc7)c6)c(=O)c5cc4c3=O)c2)cc1,tg,400.0,343.4791259765625,339.0533336567493,334.15448277443124,339.685552543007
*c1ccc(Oc2cccc(N3C(=O)c4ccc(-c5ccc6c(c5)C(=O)N(*)C6=O)cc4C3=O)c2)cc1,tg,255.5,263.6686706542969,262.0373585580688,261.8490511829883,262.77078092156216
*c1ccc(Oc2cccc(N3C(=O)c4ccc(-c5cccc6c5C(=O)N(*)C6=O)cc4C3=O)c2)cc1,tg,286.0,263.937744140625,296.6647277754813,298.2335956632233,281.26758299103676
*c1ccc(Oc2cccc(N3C(=O)c4ccc(Oc5ccc6c(c5)C(=O)N(*)C6=O)cc4C3=O)c2)cc1,tg,233.75,219.10806274414065,239.4137610153012,238.61115196531296,229.3110121452723
*c1ccc(Oc2cccc(N3C(=O)c4ccc(Oc5ccc6cc(Oc7ccc8c(c7)C(=O)N(*)C8=O)ccc6c5)cc4C3=O)c2)cc1,tg,225.0,213.48892211914065,222.4068302377688,218.9574124980252,217.011734362298
*c1ccc(Oc2cccc(N3C(=O)c4ccc([Si](C)(C)O[Si](C)(C)c5ccc6c(c5)C(=O)N(c5cccc(Oc7ccc(-c8nnc(*)o8)cc7)c5)C6=O)cc4C3=O)c2)cc1,tg,165.0,202.3527984619141,204.36494986117475,193.1157141718683,199.90809097199838
*c1ccc(Oc2cccc(N3C(=O)c4ccc5c6c(ccc(c46)C3=O)C(=O)N(c3cccc(Oc4ccc(-c6nnc(*)o6)cc4)c3)C5=O)c2)cc1,tg,318.0,266.93609619140625,258.84344593131414,254.72324256116997,261.49610750190465
*c1ccc(Oc2cccc(Oc3ccc(-n4c(=O)c5cc6c(=O)n(*)c(=O)c6cc5c4=O)cc3)c2C#N)cc1,egc,2.6202,2.4259727001190186,2.2231599260539796,2.1704605675746804,2.311016743607089
*c1ccc(Oc2cccc(Oc3ccc(N4C(=O)C5CCC(C6CCC7C(=O)N(*)C(=O)C7C6)CC5C4=O)cc3)c2)cc1,tg,215.0,228.30743408203125,244.7141628611777,241.27910548973503,235.68915658270998
*c1ccc(Oc2cccc(Oc3ccc(N4C(=O)CC(=O)N(*)C4=S)cc3)c2)cc1,tg,128.0,156.4758758544922,134.95202177723695,126.73690717180476,142.8559903979164
*c1ccc(Oc2cccc(Oc3ccc(N4C(=O)c5ccc(-c6ccc7c(c6)C(=O)N(*)C7=O)cc5C4=O)cc3)c2)cc1,tg,220.0,235.32470703125,249.3149737698193,252.1791043163176,243.41156524144776
*c1ccc(Oc2cccc(Oc3ccc(N4C(=O)c5ccc(-c6ccc7c(c6)C(=O)N(*)C7=O)cc5C4=O)cc3)c2C#N)cc1,tg,271.0,249.96107482910156,272.4837932672059,271.09653888656015,261.1242350531774
*c1ccc(Oc2cccc(Oc3ccc(N4C(=O)c5ccc(-c6cccc7c6C(=O)N(*)C7=O)cc5C4=O)cc3)c2)cc1,tg,259.0,237.94549560546875,258.2773521048414,267.6914711081875,251.32281943690748
*c1ccc(Oc2cccc(Oc3ccc(N4C(=O)c5ccc(Oc6ccc(-c7ccc(Oc8ccc9c(c8)C(=O)N(*)C9=O)cc7)cc6)cc5C4=O)cc3)c2)cc1,tg,205.0,204.41439819335935,205.7465278711212,209.77211986730185,206.34550136717178
*c1ccc(Oc2cccc(Oc3ccc(N4C(=O)c5ccc(Oc6ccc(C(=O)c7ccc(Oc8ccc9c(c8)C(=O)N(*)C9=O)cc7)cc6)cc5C4=O)cc3)c2)cc1,tg,194.0,207.3769073486328,191.45656946716343,193.26781058177417,199.74314264280127
*c1ccc(Oc2cccc(Oc3ccc(N4C(=O)c5ccc(Oc6ccc(C(C)(C)c7ccc(Oc8ccc9c(c8)C(=O)N(*)C9=O)cc7)cc6)cc5C4=O)cc3)c2C#N)cc1,tg,213.0,195.8863983154297,204.1676138003945,205.4787182542722,200.5543454050615
*c1ccc(Oc2cccc(Oc3ccc(N4C(=O)c5ccc(Oc6ccc(S(=O)(=O)c7ccc(Oc8ccc9c(c8)C(=O)N(*)C9=O)cc7)cc6)cc5C4=O)cc3)c2)cc1,tg,219.0,216.0460205078125,206.70992210014205,209.29190587921636,212.03959554566433
*c1ccc(Oc2cccc(Oc3ccc(N4C(=O)c5ccc(Oc6ccc(Sc7ccc(Oc8ccc9c(c8)C(=O)N(*)C9=O)cc7)cc6)cc5C4=O)cc3)c2)cc1,tg,178.0,185.9923095703125,196.64338090013743,188.68239461508404,189.0113589124289
*c1ccc(Oc2cccc(Oc3ccc(N4C(=O)c5cccc(Oc6ccc(-c7ccc(Oc8cccc9c8C(=O)N(*)C9=O)cc7)cc6)c5C4=O)cc3)c2)cc1,tg,224.0,227.10012817382812,225.48730783268255,225.4314225789954,226.2527256046958
*c1ccc(Oc2cccc(Oc3ccc(N4C(=O)c5cccc(Oc6ccc(C(=O)c7ccc(Oc8cccc9c8C(=O)N(*)C9=O)cc7)cc6)c5C4=O)cc3)c2)cc1,tg,216.0,206.6424560546875,208.91654104293625,208.8495801823698,207.79220216252747
*c1ccc(Oc2cccc(Oc3ccc(N4C(=O)c5cccc(Oc6ccc(Oc7ccc(Oc8cccc9c8C(=O)N(*)C9=O)cc7)cc6)c5C4=O)cc3)c2)cc1,tg,198.0,207.95248413085935,207.64274883803233,205.763886953545,207.2117713159275
*c1ccc(Oc2cccc(Oc3ccc(N4C(=O)c5cccc(Oc6ccc(S(=O)(=O)c7ccc(Oc8cccc9c8C(=O)N(*)C9=O)cc7)cc6)c5C4=O)cc3)c2)cc1,tg,230.0,225.170654296875,221.12238872686112,227.64284269151727,225.10436354797753
*c1ccc(Oc2cccc(Oc3ccc(N4C(=O)c5cccc(Oc6ccc(Sc7ccc(Oc8cccc9c8C(=O)N(*)C9=O)cc7)cc6)c5C4=O)cc3)c2)cc1,tg,202.0,199.1645965576172,202.07057871685825,200.5891401050185,200.20195835021255
*c1ccc(Oc2cccc3c(NC(=O)c4ccc(C(c5ccc(C(=O)Nc6cccc7c(Oc8ccc(-c9nnc(*)o9)cc8)cccc67)cc5)(C(F)(F)F)C(F)(F)F)cc4)cccc23)cc1,tg,279.0,272.06146240234375,260.2274446506783,248.7882524783488,262.4314147422914
*c1ccc(Oc2cccc3c(NC(=O)c4ccc([Si](c5ccccc5)(c5ccccc5)c5ccc(C(=O)Nc6cccc7c(Oc8ccc(-c9nnc(*)o9)cc8)cccc67)cc5)cc4)cccc23)cc1,tg,275.0,225.2803649902344,260.21164378721005,266.19569772767136,245.1107421354402
*c1ccc(Oc2cccc3c(Oc4ccc(-n5c(=O)c6cc7c(=O)n(*)c(=O)c7cc6c5=O)cc4)cccc23)cc1,egc,1.8659,2.366342782974243,2.28677153589917,2.195518879778291,2.302056842587089
*c1ccc(Oc2cccc3c(Oc4ccc(N5C(=O)c6ccc(-c7ccc8c(c7)C(=O)N(*)C8=O)cc6C5=O)cc4)cccc23)cc1,tg,305.0,259.5640869140625,256.830472298545,253.08234121796545,256.997487276589
*c1ccc(Oc2cccc3c(Oc4ccc(N5C(=O)c6ccc(S(=O)(=O)c7ccc8c(c7)C(=O)N(*)C8=O)cc6C5=O)cc4)cccc23)cc1,tg,306.0,270.9586181640625,264.7763045633203,262.4278951982583,267.05004040874366
*c1ccc(Oc2ccccc2-n2c(=O)c3cc4c(=O)n(*)c(=O)c4cc3c2=O)cc1,egc,2.5326,2.4836347103118896,2.6459384608458616,2.585200811089728,2.5476563197797755
*c1ccc(Oc2ccccc2N2C(=O)c3ccc(Oc4ccc5c(c4)C(=O)N(*)C5=O)cc3C2=O)cc1,tg,264.0,249.34857177734375,265.6021145427162,248.36656863281,252.38177441936352
*c1ccc(Oc2ccccc2Oc2ccc(-n3c(=O)c4cc5c(=O)n(*)c(=O)c5cc4c3=O)cc2)cc1,egc,2.1614,2.2069430351257324,2.2156076765072545,2.126515242032345,2.1870249404539766
*c1ccc(Oc2ccccc2Oc2ccc(N3C(=O)c4ccc(Oc5cc6ccccc6cc5Oc5ccc6c(c5)C(=O)N(*)C6=O)cc4C3=O)cc2)cc1,tg,204.0,251.66876220703125,227.606040668938,225.401914048764,238.60184588271719
*c1ccc(Oc2ccccc2Oc2ccc(N3C(=O)c4ccc(Oc5ccc6c(c5)C(=O)N(*)C6=O)cc4C3=O)cc2C(F)(F)F)c(C(F)(F)F)c1,tg,223.0,223.43357849121097,218.17867128485344,216.88589319231585,220.3289306190523
*c1ccc(Oc2ccccc2Oc2ccc(N3C(=O)c4ccc(Oc5ccccc5Oc5ccc6c(c5)C(=O)N(*)C6=O)cc4C3=O)cc2C(F)(F)F)c(C(F)(F)F)c1,tg,185.0,228.27098083496097,204.80190238743967,207.76782530740596,217.10915040869634
*c1ccc(Oc2ccccc2Oc2ccc(N3C(=O)c4ccc(S(=O)(=O)c5ccc6c(c5)C(=O)N(*)C6=O)cc4C3=O)cc2C(F)(F)F)c(C(F)(F)F)c1,tg,255.0,249.19662475585935,242.85444048804183,254.50577490175263,249.53708453036612
*c1ccc(S(*)(=O)=O)cc1,egc,4.2821,4.443598747253418,3.8368113553832424,3.895969633887181,4.1586051124651675
*c1ccc(S(=O)(=O)c2ccc(-n3c(=O)c4cc5c(=O)n(*)c(=O)c5cc4c3=O)cc2)cc1,egc,2.8028,2.5732622146606445,2.75011658568768,2.8565483172960127,2.689943846456182
*c1ccc(S(=O)(=O)c2ccc(-n3nc(*)c4ccccc4c3=O)cc2)cc1,tg,422.0,316.5417785644531,276.13670198632764,296.658805050109,302.09468801745015
*c1ccc(S(=O)(=O)c2ccc(-n3nc(-c4ccc(Oc5ccc(-c6nn(*)c(=O)c7ccccc67)cc5)cc4)c4ccccc4c3=O)cc2)cc1,egc,3.5201,3.3224925994873047,3.3015367187197864,3.247656873555759,3.297449032815253
*c1ccc(S(=O)(=O)c2ccc(N3C(=O)C(C)C(SCCOCCSC4C(=O)N(c5ccc(S(=O)(=O)c6ccc(N7C(=O)CC(C)(SCCOCCSC8(C)CC(=O)N(*)C8=O)C7=O)cc6)cc5)C(=O)C4C)C3=O)cc2)cc1,tg,157.0,192.17068481445312,140.57103398147612,158.65172683153142,171.20645197133703
*c1ccc(S(=O)(=O)c2ccc(N3C(=O)c4ccc(-c5ccc6c(c5)C(=O)N(*)C6=O)cc4C3=O)cc2)cc1,egc,3.396,3.0400524139404297,2.836370797038843,2.867396185289139,2.947423594590889
*c1ccc(S(=O)(=O)c2ccc(N3C(=O)c4ccc(-c5ccc6c(c5)C(=O)N(*)C6=O)cc4C3=O)cc2)cc1,tg,350.0,326.3500061035156,305.7765808956921,313.25098974966653,318.0734189926321
*c1ccc(S(=O)(=O)c2ccc(N3C(=O)c4ccc(Oc5ccc(C(C)(C)c6ccc(Oc7ccc8c(c7)C(=O)N(*)C8=O)cc6)cc5)cc4C3=O)cc2)cc1,tg,240.0,257.840087890625,238.87306980056243,240.08313055629043,248.45221184495244
*c1ccc(S(=O)(=O)c2ccc(N3C(=O)c4ccc(Oc5ccc(Oc6ccc7c(c6)C(=O)N(*)C7=O)cc5)cc4C3=O)cc2)cc1,tg,283.0,249.4208068847656,264.8170553638934,259.1807245698549,255.6013962329977
*c1ccc(S(=O)(=O)c2ccc(N3C(=O)c4ccc(Oc5ccc6c(c5)C(=O)N(*)C6=O)cc4C3=O)cc2)cc1,tg,262.0,312.9087829589844,288.83362628066715,294.3757946340463,302.23206021656017
*c1ccc(SSc2ccc(-n3c(=O)c4cc5c(=O)n(*)c(=O)c5cc4c3=O)cc2)cc1,egc,2.3111,2.5904054641723633,2.5494349231046,2.412982709328835,2.532986080849328
*c1ccc(Sc2cc3c(cc2Sc2ccc(N4C(=O)C5C6C=CC(C7C(=O)N(*)C(=O)C67)C5C4=O)cc2)C(=O)N(CCN(C)C)C3=O)cc1,tg,310.0,258.5555419921875,257.00226648983073,263.0894719370227,259.6393721401423
*c1ccc(Sc2cc3c(cc2Sc2ccc(N4C(=O)C5C6C=CC(C7C(=O)N(*)C(=O)C67)C5C4=O)cc2)C(=O)N(CCc2ccccc2)C3=O)cc1,tg,258.0,258.02728271484375,261.48830402956753,268.1546114117084,261.8711181970092
*c1ccc(Sc2cc3c(cc2Sc2ccc(N4C(=O)C5C6C=CC(C7C(=O)N(*)C(=O)C67)C5C4=O)cc2)C(=O)N(c2ccc(CC)cc2)C3=O)cc1,tg,320.0,286.8459167480469,279.37118356861885,301.2928556060897,289.78095485936046
*c1ccc(Sc2cc3c(cc2Sc2ccc(N4C(=O)c5ccc(Oc6ccc7c(c6)C(=O)N(*)C7=O)cc5C4=O)cc2)C(=O)N(c2ccc(CC)cc2)C3=O)cc1,tg,271.0,281.1689453125,248.62442644376637,248.7970319213512,264.47180756244586
*c1ccc(Sc2ccc(-c3nc4cc(-c5ccc6nc(-c7ccccc7)c(*)nc6c5)ccc4nc3-c3ccccc3)cc2)cc1,tg,281.0,349.221923828125,289.8713482904558,291.9792216483372,319.3265556539742
*c1ccc(Sc2ccc(-c3nc4ccc(-c5ccc6nc(*)c(-c7ccccc7)nc6c5)cc4nc3-c3ccccc3)cc2)cc1,egc,3.3214,3.2789125442504883,3.097146952332201,3.067073217919932,3.1805498677671795
*c1ccc(Sc2ccc(-c3nc4ccc(-c5ccc6nc(*)c(-c7ccccc7)nc6c5)cc4nc3-c3ccccc3)cc2)cc1,tg,288.0,284.1449890136719,305.0256821805096,293.3431481120307,291.27779145543974
*c1ccc(Sc2ccc(-c3nn(-c4ccc(S(=O)(=O)c5ccc(-n6nc(*)c7ccccc7c6=O)cc5)cc4)c(=O)c4ccccc34)cc2)cc1,egc,3.5491,3.2515974044799805,3.387418747582516,3.2291990682666514,3.2759812721394925
*c1ccc(Sc2ccc(-n3c(=O)c4cc5c(=O)n(*)c(=O)c5cc4c3=O)cc2)cc1,egc,2.5188,2.333008289337158,2.4259237016291637,2.411090269606117,2.3750787580153756
*c1ccc(Sc2ccc(Sc3ccc(N4C(=O)c5ccc(Sc6ccc(Sc7ccc(Sc8ccc9c(c8)C(=O)N(*)C9=O)cc7)cc6)cc5C4=O)cc3)s2)cc1,tg,185.5,180.5086975097656,198.46302488254813,190.4867324031597,187.28196929607805
*c1ccc(Sc2ccc(Sc3ccc(Sc4ccc(N5C(=O)c6ccc(-c7ccc8c(c7)C(=O)N(*)C8=O)cc6C5=O)cc4)cc3)cc2)cc1,tg,227.1,219.79965209960935,234.957028587728,227.10440662686767,225.17160586480014
*c1ccc(Sc2ccc(Sc3ccc(Sc4ccc(N5C(=O)c6ccc(Oc7ccc8c(c7)C(=O)N(*)C8=O)cc6C5=O)cc4)cc3)cc2)cc1,tg,202.65,191.712646484375,227.90895720015507,211.42300896778457,205.2422304459413
*c1ccc(Sc2ccc(Sc3ccc(Sc4ccc(N5C(=O)c6ccc(Sc7ccc(Sc8ccc(Sc9ccc%10c(c9)C(=O)N(*)C%10=O)cc8)cc7)cc6C5=O)cc4)cc3)cc2)cc1,tg,176.45,170.42849731445312,194.3333337430358,210.24487268265824,187.6550299162567
*c1ccc(Sc2ccc(Sc3ccc(Sc4ccc(S(*)(=O)=O)cc4S(=O)(=O)O)cc3)cc2)c(S(=O)(=O)O)c1,tg,202.0,192.35711669921875,176.57089301824072,182.57869898786595,186.09073776111066
*c1ccc(Sc2ccc(Sc3ccc(Sc4ccc(S(*)=O)cc4)cc3)cc2)cc1,tg,133.0,119.44335174560548,156.61407503168547,140.2816383238961,133.52195642224666
*c1ccc(Sc2ccc(Sc3ccc(Sc4ccc(Sc5ccc(N6C(=O)c7ccc(Sc8ccc(Sc9ccc(Sc%10ccc%11c(c%10)C(=O)N(*)C%11=O)cc9)cc8)cc7C6=O)cc5)s4)s3)s2)cc1,tg,177.0,176.37738037109375,198.09419593567924,195.08150875974633,186.62285959252853
*c1ccc(Sc2cccc(Sc3ccc(S(*)=O)cc3)c2)cc1,tg,121.0,110.14776611328124,129.43000187206,112.41122825865644,114.80689173675535
*c1ccc([Si](*)(C)C)s1,tg,21.0,22.39537048339844,16.395630861554444,36.77990092292306,25.61393175301381
*c1ccc([Si](CCCC)(CCCC)[Si](*)(CCCC)CCCC)s1,tg,-53.0,-63.94508361816406,-14.254933566897106,-20.73309576694905,-40.37400495002311
*c1ccc([Si](c2ccccc2)(c2ccccc2)c2ccc(-c3nnc(*)o3)cc2)cc1,egc,4.0946,4.5600128173828125,3.4908502933293217,3.5259330902091373,4.039054864492233
*c1ccc([Si](c2ccccc2)(c2ccccc2)c2ccc(-c3nnc(-c4ccc(-c5nnc(*)o5)c5ccccc45)o3)cc2)cc1,tg,271.5,275.75531005859375,269.9995263890632,281.7105346195004,276.4160502124654
*c1ccc([Si](c2ccccc2)(c2ccccc2)c2ccc(-c3nnc(-c4ccc(-c5nnc(*)o5)cc4)o3)cc2)cc1,tg,274.0,308.247314453125,256.66618769925475,259.2646610272858,282.5026365432345
*c1ccc([Si](c2ccccc2)(c2ccccc2)c2ccc(-c3nnc(-c4ccc(-c5nnc(*)o5)o4)o3)cc2)cc1,tg,264.0,259.9447937011719,263.5858639521968,241.02567293981716,254.83903521417125
*c1ccc([Si](c2ccccc2)(c2ccccc2)c2ccc(-c3nnc(-c4cccc(-c5nnc(*)o5)n4)o3)cc2)cc1,tg,265.0,254.31463623046875,252.4939631415044,253.776916064597,253.77447020745393
*c1ccc([Si](c2ccccc2)(c2ccccc2)c2ccc(-c3nnc(-c4cncc(-c5nnc(*)o5)c4)o3)cc2)cc1,tg,272.0,294.60028076171875,262.03901240713725,260.59253520324046,277.39360087583407
*c1ccc2[nH]c(*)nc2c1,egc,3.9385,3.93002986907959,3.4448332720630863,3.400360585909497,3.677197645759406
*c1ccc2c(*)c(-c3ccccc3)[nH]c2c1,egc,3.6113,3.541994571685791,3.046668864512788,3.2427351030150446,3.3495203112848624
*c1ccc2c(c1)C(*)(C)CC2(C)C,tg,212.75,285.633056640625,224.25962900086753,218.68185686599983,252.3187044121501
*c1ccc2c(c1)C(=O)N(C1CC(C)(C)CC(C)(CN3C(=O)c4ccc(C(*)(C(F)(F)F)C(F)(F)F)cc4C3=O)C1)C2=O,tg,278.0,270.1942138671875,257.90031322990313,282.11240827010215,271.3574693344684
*c1ccc2c(c1)C(=O)N(c1c(C(C)C)cc(C(c3ccccc3)(c3cc(C(C)C)c(N4C(=O)c5ccc(C(*)(C(F)(F)F)C(F)(F)F)cc5C4=O)c(C(C)C)c3)C(F)(F)F)cc1C(C)C)C2=O,tg,274.0,244.0963134765625,284.4642918425755,287.9871523964848,265.96348074554
*c1ccc2c(c1)C(=O)N(c1c(C(C)C)cc(Cc3cc(C(C)C)c(N4C(=O)c5ccc(C(*)(C(F)(F)F)C(F)(F)F)cc5C4=O)c(C(C)C)c3)cc1C(C)C)C2=O,tg,278.5,243.98394775390625,272.3906311566699,284.81553262869693,262.4488475547029
*c1ccc2c(c1)C(=O)N(c1c(C)cc(-c3cc(C)c(-c4cc(C)c(N5C(=O)c6ccc(C(*)(C(F)(F)F)C(F)(F)F)cc6C5=O)c(C)c4)cc3C)cc1C)C2=O,tg,361.0,389.74365234375,341.52684901031813,349.68695166292446,367.4512681416328
*c1ccc2c(c1)C(=O)N(c1c(C)cc(-c3cc(C)c(N4C(=O)c5ccc(C(*)(C(F)(F)F)C(F)(F)F)cc5C4=O)c4ccccc34)c3ccccc13)C2=O,tg,403.0,334.1109924316406,346.59515053959086,343.5541190411112,339.59568882625626
*c1ccc2c(c1)C(=O)N(c1c(C)cc(C(c3cccc(C(F)(F)F)c3)c3cc(C)c(N4C(=O)c5ccc(C(*)(C(F)(F)F)C(F)(F)F)cc5C4=O)c(C)c3)cc1C)C2=O,tg,286.1,266.36529541015625,296.3605293447503,292.7513677944235,280.6871041974769
*c1ccc2c(c1)C(=O)N(c1c(C)cc(C(c3ccccc3)(c3cc(C)c(N4C(=O)c5ccc(C(*)(C(F)(F)F)C(F)(F)F)cc5C4=O)c(C(C)C)c3)C(F)(F)F)cc1C(C)C)C2=O,tg,289.0,330.39422607421875,282.87523776197855,281.6425201951588,305.5549991145665
*c1ccc2c(c1)C(=O)N(c1c(C)cc(C)c(C(=O)c3cccc(N4C(=O)c5ccc(C(*)(C(F)(F)F)C(F)(F)F)cc5C4=O)c3)c1C)C2=O,tg,280.0,312.41314697265625,310.7490647755129,305.8020363421568,310.02610972917284
*c1ccc2c(c1)C(=O)N(c1c(C)cc(C)c(N3C(=O)c4ccc(C(*)(C(F)(F)F)C(F)(F)F)cc4C3=O)c1C)C2=O,tg,366.25,355.12469482421875,358.22669720041955,348.63133044626045,353.7526130789347
*c1ccc2c(c1)C(=O)N(c1c(C)cc(C3(c4cc(C)c(N5C(=O)c6ccc(C(*)(C(F)(F)F)C(F)(F)F)cc6C5=O)c(C(C)C)c4)c4ccccc4-c4ccccc43)cc1C(C)C)C2=O,tg,335.0,326.2831115722656,323.08879546901767,326.4662629005077,325.68394985140117
*c1ccc2c(c1)C(=O)N(c1c(C)cc(C3(c4cc(C)c(N5C(=O)c6ccc(C(*)(C(F)(F)F)C(F)(F)F)cc6C5=O)c(C)c4)c4ccccc4-c4ccccc43)cc1C)C2=O,tg,361.0,353.4032897949219,365.5032582976521,351.95126624702226,355.4383030123887
*c1ccc2c(c1)C(=O)N(c1c(C)cc(Cc3cc(C)c(N4C(=O)c5ccc(C(*)(C(F)(F)F)C(F)(F)F)cc5C4=O)c(C(C)C)c3)cc1C(C)C)C2=O,tg,276.0,302.19573974609375,284.61467637879144,292.517796839796,295.5919471307043
*c1ccc2c(c1)C(=O)N(c1c(C)cc(Cc3cc(C)c(N4C(=O)c5ccc(C(*)(C(F)(F)F)C(F)(F)F)cc5C4=O)c(C)c3)cc1C)C2=O,tg,307.5,321.46435546875,322.9338832349873,315.9916366977159,320.07288308372375
*c1ccc2c(c1)C(=O)N(c1c(CC)cc(Cc3cc(CC)c(N4C(=O)c5ccc(C(*)(C(F)(F)F)C(F)(F)F)cc5C4=O)c(CC)c3)cc1CC)C2=O,tg,266.0,265.7660827636719,193.2850385995881,236.5239449335259,241.83787136975872
*c1ccc2c(c1)C(=O)N(c1cc(-c3ccc(O)c(N4C(=O)c5ccc(C(*)(C(F)(F)F)C(F)(F)F)cc5C4=O)c3)ccc1O)C2=O,tg,350.0,327.4560546875,341.4699214449916,336.5769031993035,333.1551078185007
*c1ccc2c(c1)C(=O)N(c1cc(C(=O)Nc3cccc4c(NC(=O)c5ccc(C)c(N6C(=O)c7ccc(C(*)(C(F)(F)F)C(F)(F)F)cc7C6=O)c5)cccc34)ccc1C)C2=O,tg,250.0,315.24993896484375,289.49818519016435,301.2299335130564,305.62524644399224
*c1ccc2c(c1)C(=O)N(c1cc(C(=O)Oc3ccc(C(c4ccc(OC(=O)c5ccc(C)c(N6C(=O)c7ccc(C(*)(C(F)(F)F)C(F)(F)F)cc7C6=O)c5)cc4)(C(F)(F)F)C(F)(F)F)cc3)ccc1C)C2=O,tg,289.0,249.8032684326172,248.33614554118063,253.84044429617256,250.75109792916845
*c1ccc2c(c1)C(=O)N(c1cc(C(c3ccc(O)c(N4C(=O)c5ccc(C(*)(C(F)(F)F)C(F)(F)F)cc5C4=O)c3)(C(F)(F)F)C(F)(F)F)ccc1O)C2=O,tg,310.33,300.2706298828125,298.99727087871577,311.46484648435086,303.4725281004268
*c1ccc2c(c1)C(=O)N(c1cc(C(c3ccc(OC(=O)C45CC6CC(CC(C6)C4)C5)c(N4C(=O)c5ccc(C(*)(C(F)(F)F)C(F)(F)F)cc5C4=O)c3)(C(F)(F)F)C(F)(F)F)ccc1OC(=O)C13CC4CC(CC(C4)C1)C3)C2=O,tg,305.0,344.9449462890625,283.1401610370258,272.8409783862867,309.9478384347366
*c1ccc2c(c1)C(=O)N(c1cc(C(c3ccc(OC(C)=O)c(N4C(=O)c5ccc(C(*)(C(F)(F)F)C(F)(F)F)cc5C4=O)c3)(C(F)(F)F)C(F)(F)F)ccc1OC(C)=O)C2=O,tg,266.5,227.0055389404297,273.3730916295264,271.7603625509869,250.37178551442827
*c1ccc2c(c1)C(=O)N(c1cc(C(c3ccc(OCCN(CC)c4ccc(N=Nc5ccc([N+](=O)[O-])cc5)cc4)c(N4C(=O)c5ccc(C(*)(C(F)(F)F)C(F)(F)F)cc5C4=O)c3)(C(F)(F)F)C(F)(F)F)ccc1OCCN(CC)c1ccc(N=Nc3ccc([N+](=O)[O-])cc3)cc1)C2=O,tg,199.0,203.23773193359375,181.5783505974364,197.46702441255016,197.0054617053844
*c1ccc2c(c1)C(=O)N(c1cc(N3C(=O)c4ccc(C(*)(C(F)(F)F)C(F)(F)F)cc4C3=O)c(O)cc1O)C2=O,egc,2.7003,3.0520544052124023,3.1584187241090196,3.3781327231711846,3.1645530943681837
*c1ccc2c(c1)C(=O)N(c1cc(N3C(=O)c4ccc(C(*)(C(F)(F)F)C(F)(F)F)cc4C3=O)c(O)cc1O)C2=O,tg,324.0,325.43572998046875,334.14677875610437,338.85593711672914,331.3762203503418
*c1ccc2c(c1)C(=O)N(c1cc(N3C(=O)c4ccc(C(*)(C(F)(F)F)C(F)(F)F)cc4C3=O)cc(C(F)(F)F)c1)C2=O,tg,284.0,304.4136962890625,320.8112385273629,323.14203773517323,313.5745648366188
*c1ccc2c(c1)C(=O)N(c1cc(N3C(=O)c4ccc(C(*)(C(F)(F)F)C(F)(F)F)cc4C3=O)ccc1C)C2=O,tg,307.0,365.2980346679687,342.0198331849926,338.25128810784975,352.15089891366256
*c1ccc2c(c1)C(=O)N(c1cc(N3C(=O)c4ccc(C(*)(C(F)(F)F)C(F)(F)F)cc4C3=O)ccc1OCCCCCCOc1ccc(-c3ccc(OCC)cc3)cc1)C2=O,tg,150.3,207.70069885253903,168.27181796619416,177.4393145873671,190.2430981556142
*c1ccc2c(c1)C(=O)N(c1cc(N3C(=O)c4ccc(C(*)(C(F)(F)F)C(F)(F)F)cc4C3=O)ccc1OCCCCCCOc1ccc(N=Nc3ccc(OCC)cc3)cc1)C2=O,tg,198.0,176.19189453125,161.27456756518063,175.79907898550135,173.00768139643216
*c1ccc2c(c1)C(=O)N(c1cc(NC(=O)OCCN(CCOC(=O)Nc3cc(N4C(=O)c5ccc(C(*)(C(F)(F)F)C(F)(F)F)cc5C4=O)ccc3C)c3ccc(N=Nc4ccc([N+](=O)[O-])cc4)cc3)ccc1C)C2=O,tg,196.0,206.36488342285156,197.93095147747033,195.46368705888636,201.26063424442884
*c1ccc2c(c1)C(=O)N(c1cc(OCCCCCCCC)cc(N3C(=O)c4ccc(C(*)(C(F)(F)F)C(F)(F)F)cc4C3=O)c1)C2=O,tg,195.0,207.67092895507812,176.96627561066927,180.33763389709512,192.91041174952986
*c1ccc2c(c1)C(=O)N(c1cc(OCCCCCCCCCCCC)cc(N3C(=O)c4ccc(C(*)(C(F)(F)F)C(F)(F)F)cc4C3=O)c1)C2=O,tg,165.0,186.2732391357422,174.9550689620182,182.66928394491993,182.8344890249179
*c1ccc2c(c1)C(=O)N(c1cc(OCCN(CC)c3ccc(N=Nc4ccc([N+](=O)[O-])cc4)cc3)cc(N3C(=O)c4ccc(C(*)(C(F)(F)F)C(F)(F)F)cc4C3=O)c1)C2=O,tg,210.0,216.61334228515625,225.41750148407095,229.5002132342251,222.40794252928703
*c1ccc2c(c1)C(=O)N(c1ccc(-c3cc(-c4ccc(OCCCC#N)cc4)cc(-c4ccc(N5C(=O)c6ccc(C(*)(C(F)(F)F)C(F)(F)F)cc6C5=O)cc4)n3)cc1)C2=O,tg,339.0,267.23614501953125,258.3124049632848,273.394933623091,267.3094507796721
*c1ccc2c(c1)C(=O)N(c1ccc(-c3ccc(N4C(=O)c5ccc(C(*)(C(F)(F)F)C(F)(F)F)cc5C4=O)c(C)c3)cc1C)C2=O,tg,352.0,329.22320556640625,357.86910732195724,340.69487434976554,338.65367735690677
*c1ccc2c(c1)C(=O)N(c1ccc(-c3ccc(N4C(=O)c5ccc(C(*)(C(F)(F)F)C(F)(F)F)cc5C4=O)c(O)c3)cc1O)C2=O,tg,360.0,358.9321594238281,333.7091276172339,339.8832725829333,347.8601543502248
*c1ccc2c(c1)C(=O)N(c1ccc(-c3ccc(N4C(=O)c5ccc(C(*)(C(F)(F)F)C(F)(F)F)cc5C4=O)c(OC(=O)C=Cc4ccccc4)c3)cc1OC(=O)C=Cc1ccccc1)C2=O,tg,181.0,231.87559509277344,282.10695071615146,288.04452678718565,259.56648369176037
*c1ccc2c(c1)C(=O)N(c1ccc(-c3ccc(N4C(=O)c5ccc(C(*)(C(F)(F)F)C(F)(F)F)cc5C4=O)c(OCCCCCCOc4ccc(/C=C/c5ccc(F)cc5)cc4)c3)cc1OCCCCCCOc1ccc(/C=C/c3ccc(F)cc3)cc1)C2=O,tg,140.0,141.03158569335938,136.0335625283819,145.0695983342971,141.25474371768567
*c1ccc2c(c1)C(=O)N(c1ccc(-c3ccc(N4C(=O)c5ccc(C(*)(C(F)(F)F)C(F)(F)F)cc5C4=O)c(OCCN(CC)c4ccc(C(C#N)=C(C#N)C#N)cc4)c3)cc1OCCN(CC)c1ccc(C(C#N)=C(C#N)C#N)cc1)C2=O,tg,222.0,192.4903564453125,165.4646861275452,188.6136022469167,185.74229388685075
*c1ccc2c(c1)C(=O)N(c1ccc(-c3ccc(N4C(=O)c5ccc(C(*)(C(F)(F)F)C(F)(F)F)cc5C4=O)cc3C(F)(F)F)c(C(F)(F)F)c1)C2=O,tg,321.5,274.9530029296875,344.62128781521614,310.7105457985972,300.3194997376806
*c1ccc2c(c1)C(=O)N(c1ccc(-c3ccc(Oc4ccc5c(c4)C(C)(c4ccc(Oc6ccc(-c7ccc(N8C(=O)c9ccc(C(*)(C(F)(F)F)C(F)(F)F)cc9C8=O)cc7)cc6C(F)(F)F)cc4)CC5(C)C)c(C(F)(F)F)c3)cc1)C2=O,tg,262.0,270.97357177734375,262.19423727093925,267.63110201466566,268.1369707838268
*c1ccc2c(c1)C(=O)N(c1ccc(C(=O)Nc3ccc(Oc4ccc(-c5ccc(Oc6ccc(NC(=O)c7ccc(N8C(=O)c9ccc(C(*)(C(F)(F)F)C(F)(F)F)cc9C8=O)cc7)cc6)cc5)cc4)cc3)cc1)C2=O,tg,296.0,288.63092041015625,276.44380425983235,281.9929327097543,284.07508003292605
*c1ccc2c(c1)C(=O)N(c1ccc(C(=O)Nc3ccc(Oc4ccc(C(C)(C)c5ccc(Oc6ccc(NC(=O)c7ccc(N8C(=O)c9ccc(C(*)(C(F)(F)F)C(F)(F)F)cc9C8=O)cc7)cc6)cc5)cc4)cc3)cc1)C2=O,tg,266.0,265.8892517089844,269.54564239378067,271.882545048733,268.4941865833988
*c1ccc2c(c1)C(=O)N(c1ccc(C(=O)Nc3ccc(Oc4ccc(C(c5ccc(Oc6ccc(NC(=O)c7ccc(N8C(=O)c9ccc(C(*)(C(F)(F)F)C(F)(F)F)cc9C8=O)cc7)cc6)cc5)(C(F)(F)F)C(F)(F)F)cc4)cc3)cc1)C2=O,tg,293.0,251.08612060546875,270.4987730079491,270.90150665312103,261.20233866260656
*c1ccc2c(c1)C(=O)N(c1ccc(C(=O)Nc3ccc(Oc4cccc(Oc5ccc(NC(=O)c6ccc(N7C(=O)c8ccc(C(*)(C(F)(F)F)C(F)(F)F)cc8C7=O)cc6)cc5)c4)cc3)cc1)C2=O,tg,286.0,260.53240966796875,249.66058796331444,255.0854792317321,256.6151090898154
*c1ccc2c(c1)C(=O)N(c1ccc(C(C)(C)C(*)(C(F)(F)F)C(F)(F)F)cc1)C2=O,egc,3.3094,4.26548957824707,3.3675716911192723,3.614622831730424,3.88711701869945
*c1ccc2c(c1)C(=O)N(c1ccc(C(C)(C)c3ccc(C(C)(C)c4ccc(N5C(=O)c6ccc(C(*)(C(F)(F)F)C(F)(F)F)cc6C5=O)cc4)cc3)cc1)C2=O,tg,235.4,267.30889892578125,289.35486314446064,275.1387388912693,274.25760502035024
*c1ccc2c(c1)C(=O)N(c1ccc(C(C)(C)c3ccc(N4C(=O)c5ccc(C(*)(C(F)(F)F)C(F)(F)F)cc5C4=O)cc3)cc1)C2=O,tg,297.0,299.3465270996094,289.13978440629575,296.9919630688436,296.52250847135235
*c1ccc2c(c1)C(=O)N(c1ccc(C(c3ccc(C)c(N4C(=O)c5ccc(C(*)(C(F)(F)F)C(F)(F)F)cc5C4=O)c3)(C(F)(F)F)C(F)(F)F)cc1C)C2=O,tg,266.0,342.89703369140625,305.3968671331503,305.42127224574506,323.60339192880804
*c1ccc2c(c1)C(=O)N(c1ccc(C(c3ccc(N4C(=O)c5ccc(C(*)(C(F)(F)F)C(F)(F)F)cc5C4=O)c(O)c3)(C(F)(F)F)C(F)(F)F)cc1O)C2=O,tg,303.0,301.989990234375,300.6209204039701,308.77976488263994,303.80956609897294
*c1ccc2c(c1)C(=O)N(c1ccc(C(c3ccc(N4C(=O)c5ccc(C(*)(C(F)(F)F)C(F)(F)F)cc5C4=O)cc3)(C(F)(F)F)C(F)(F)F)cc1)C2=O,tg,312.22,330.7100830078125,299.94204674138507,294.070426577287,313.05729629359973
*c1ccc2c(c1)C(=O)N(c1ccc(C(c3ccccc3)(c3ccc(N4C(=O)c5ccc(C(*)(C(F)(F)F)C(F)(F)F)cc5C4=O)cc3)C(F)(F)F)cc1)C2=O,tg,305.0,317.0317077636719,309.49725554820594,305.1799818875339,311.8180507182283
*c1ccc2c(c1)C(=O)N(c1ccc(C3(c4ccc(N5C(=O)c6ccc(C(*)(C(F)(F)F)C(F)(F)F)cc6C5=O)c(F)c4)c4ccccc4-c4ccccc43)cc1F)C2=O,tg,352.0,355.67108154296875,312.9406680409279,279.7902386696459,323.4216279673809
*c1ccc2c(c1)C(=O)N(c1ccc(Cc3ccc(N4C(=O)c5ccc(C(*)(C(F)(F)F)C(F)(F)F)cc5C4=O)c(C(C)(C)C)c3)cc1C(C)(C)C)C2=O,tg,274.0,322.5285339355469,284.51292895900826,314.0191076291695,312.09084097622156
*c1ccc2c(c1)C(=O)N(c1ccc(Cc3ccc(N4C(=O)c5ccc(C(*)(C(F)(F)F)C(F)(F)F)cc5C4=O)cc3)cc1)C2=O,tg,296.35,299.883056640625,311.9549275091059,308.61093147663695,305.06181743546745
*c1ccc2c(c1)C(=O)N(c1ccc(Cc3ccc(N4C(=O)c5ccc(C(F)(F)C(F)(F)C(*)(F)F)cc5C4=O)cc3)cc1)C2=O,tg,272.4,234.56118774414065,225.6787809701791,221.3338396818613,228.64518366892975
*c1ccc2c(c1)C(=O)N(c1ccc(N(c3ccc(C#N)cc3)c3ccc(N4C(=O)c5ccc(C(*)(C(F)(F)F)C(F)(F)F)cc5C4=O)cc3)cc1)C2=O,tg,321.0,308.04498291015625,316.41126152985055,305.1740415594943,308.87443790097245
*c1ccc2c(c1)C(=O)N(c1ccc(N(c3ccc(C=Cc4ccc([N+](=O)[O-])cc4)cc3)c3ccc(N4C(=O)c5ccc(C(*)(C(F)(F)F)C(F)(F)F)cc5C4=O)cc3)cc1)C2=O,tg,290.0,290.2153625488281,277.87796747990967,288.0382081565497,287.0087869709398
*c1ccc2c(c1)C(=O)N(c1ccc(N3C(=O)c4ccc(C(*)(C(F)(F)F)C(F)(F)F)cc4C3=O)cc1)C2=O,tg,348.86,340.4652099609375,353.34009100857025,343.9685925201969,344.19245317387384
*c1ccc2c(c1)C(=O)N(c1ccc(NC(=O)C(F)(F)C(F)(F)C(F)(F)C(F)(F)C(=O)Nc3ccc(N4C(=O)c5ccc(C(*)(C(F)(F)F)C(F)(F)F)cc5C4=O)cc3)cc1)C2=O,tg,285.0,275.7931823730469,239.7972986391399,259.9431197722193,263.4990702284367
*c1ccc2c(c1)C(=O)N(c1ccc(NC(=O)C(F)(F)C(F)(F)C(F)(F)C(F)(F)C(F)(F)C(F)(F)C(=O)Nc3ccc(N4C(=O)c5ccc(C(*)(C(F)(F)F)C(F)(F)F)cc5C4=O)cc3)cc1)C2=O,tg,265.0,242.72848510742188,269.55248025936345,282.5161205437755,260.54545947108824
*c1ccc2c(c1)C(=O)N(c1ccc(NC(=S)N=Cc3ccc(Cl)c(N4C(=O)c5ccc(C(*)(C(F)(F)F)C(F)(F)F)cc5C4=O)c3)cc1)C2=O,tg,272.0,283.5411071777344,268.4825823103727,288.9930729702164,282.1361971792558
*c1ccc2c(c1)C(=O)N(c1ccc(OC(C)COc3ccc(N4C(=O)c5ccc(C(*)(C(F)(F)F)C(F)(F)F)cc5C4=O)cc3)cc1)C2=O,tg,234.0,258.3470153808594,245.5864548456911,250.61273409403816,253.33426323684068
*c1ccc2c(c1)C(=O)N(c1ccc(OCCCCCCCCCCOc3ccc(N4C(=O)c5ccc(C(*)(C(F)(F)F)C(F)(F)F)cc5C4=O)cc3)cc1)C2=O,tg,143.0,161.4218292236328,163.37621926285905,170.1847330215021,164.53420398623078
*c1ccc2c(c1)C(=O)N(c1ccc(OCCCCOc3ccc(N4C(=O)c5ccc(C(*)(C(F)(F)F)C(F)(F)F)cc5C4=O)cc3)cc1)C2=O,tg,169.0,215.83529663085935,205.43957856273332,207.7335319464112,211.1943769575742
*c1ccc2c(c1)C(=O)N(c1ccc(OCCOCCOCCOCCOc3ccc(N4C(=O)c5ccc(C(*)(C(F)(F)F)C(F)(F)F)cc5C4=O)cc3)cc1)C2=O,tg,140.0,153.5924530029297,156.16418391793505,160.23697481528748,156.17617686558623
*c1ccc2c(c1)C(=O)N(c1ccc(OCCOCCOCCOc3ccc(N4C(=O)c5ccc(C(*)(C(F)(F)F)C(F)(F)F)cc5C4=O)cc3)cc1)C2=O,tg,166.0,143.2066650390625,170.7095464470627,170.82361824264476,157.39758514917955
*c1ccc2c(c1)C(=O)N(c1ccc(Oc3c(C(C)(C)C)cc(-c4ccc(N5C(=O)c6ccc(C(*)(C(F)(F)F)C(F)(F)F)cc6C5=O)cc4)cc3C(C)(C)C)c(C(F)(F)F)c1)C2=O,tg,362.5,326.64959716796875,323.96387114013515,308.3786869237549,320.44542909247696
*c1ccc2c(c1)C(=O)N(c1ccc(Oc3cc(C(C)(C)C)c(Oc4ccc(N5C(=O)c6ccc(C(*)(C(F)(F)F)C(F)(F)F)cc6C5=O)cc4)cc3C(C)(C)C)cc1)C2=O,tg,277.0,285.54608154296875,268.8443896753255,275.28889891566814,278.9436244331025
*c1ccc2c(c1)C(=O)N(c1ccc(Oc3ccc(-c4ccc(Oc5ccc(N6C(=O)c7ccc(C(*)(C(F)(F)F)C(F)(F)F)cc7C6=O)cc5)cc4)cc3)cc1)C2=O,tg,288.0,265.2555236816406,272.44759290162597,273.47069140243786,269.27378639178255
*c1ccc2c(c1)C(=O)N(c1ccc(Oc3ccc(C(=O)c4cccc(C(=O)c5ccc(Oc6ccc(N7C(=O)c8ccc(C(*)(C(F)(F)F)C(F)(F)F)cc8C7=O)cc6)cc5)c4)cc3)cc1)C2=O,tg,236.0,227.5477294921875,234.5472748396984,236.94918316825357,231.89348512439807
*c1ccc2c(c1)C(=O)N(c1ccc(Oc3ccc(C(=O)c4cccc(C(=O)c5ccc(Oc6ccc(N7C(=O)c8ccc(C(*)(C(F)(F)F)C(F)(F)F)cc8C7=O)cc6C(F)(F)F)cc5)n4)cc3)c(C(F)(F)F)c1)C2=O,tg,206.4,242.5359649658203,250.4931464891316,249.56934590072905,246.34568506239634
*c1ccc2c(c1)C(=O)N(c1ccc(Oc3ccc(C(C)(C)c4ccc(Oc5ccc(N6C(=O)c7ccc(C(*)(C(F)(F)F)C(F)(F)F)cc7C6=O)cc5)cc4)cc3)cc1)C2=O,tg,244.4,231.68658447265625,256.0007241512251,272.827225651872,249.406860343902
*c1ccc2c(c1)C(=O)N(c1ccc(Oc3ccc(C(c4ccc(Oc5ccc(N6C(=O)c7ccc(C(*)(C(F)(F)F)C(F)(F)F)cc7C6=O)cc5)cc4)(C(F)(F)F)C(F)(F)F)cc3)cc1)C2=O,tg,259.43,274.17596435546875,253.0111811462213,253.08904711057255,263.3066219799187
*c1ccc2c(c1)C(=O)N(c1ccc(Oc3ccc(N4C(=O)c5ccc(-c6c(-c7ccccc7)c(-c7ccccc7)c(-c7ccc(Oc8ccc(-c9c(-c%10ccccc%10)c(-c%10ccccc%10)c(*)c(-c%10ccccc%10)c9-c9ccccc9)cc8)cc7)c(-c7ccccc7)c6-c6ccccc6)cc5C4=O)cc3)cc1)C2=O,tg,329.0,287.3923645019531,315.63446502572043,327.44957875446323,305.5838944369815
*c1ccc2c(c1)C(=O)N(c1ccc(Oc3ccc(N4C(=O)c5ccc(-c6c(-c7ccccc7)c(-c7ccccc7)c(-c7ccc(Sc8ccc(-c9c(-c%10ccccc%10)c(-c%10ccccc%10)c(*)c(-c%10ccccc%10)c9-c9ccccc9)cc8)cc7)c(-c7ccccc7)c6-c6ccccc6)cc5C4=O)cc3)cc1)C2=O,tg,322.0,309.03851318359375,310.0130226641721,329.8550899189079,315.6789439371541
*c1ccc2c(c1)C(=O)N(c1ccc(Oc3ccc(N4C(=O)c5ccc(C(*)(C(F)(F)F)C(F)(F)F)cc5C4=O)cc3)c(O)c1)C2=O,tg,277.33,320.6204833984375,291.94006005293784,300.926315915462,308.6389993822035
*c1ccc2c(c1)C(=O)N(c1ccc(Oc3ccc(N4C(=O)c5ccc(C(*)(C(F)(F)F)C(F)(F)F)cc5C4=O)cc3)c(OCCN(CC)c3ccc(N=Nc4ccc([N+](=O)[O-])cc4)cc3)c1)C2=O,tg,202.0,202.34344482421875,215.305966056234,200.1505443885326,204.3263322306031
*c1ccc2c(c1)C(=O)N(c1ccc(Oc3ccc(N4C(=O)c5ccc(C(*)(C(F)(F)F)C(F)(F)F)cc5C4=O)cc3)cc1)C2=O,tg,304.1,314.41259765625,283.597407856413,285.0950185943751,299.0154768189076
*c1ccc2c(c1)C(=O)N(c1ccc(Oc3ccc(N4C(=O)c5ccc(C(*)(C(F)(F)F)C(F)(F)F)cc5C4=O)cc3Br)c(Br)c1)C2=O,tg,299.0,294.10015869140625,296.9825192896906,295.0827228167814,294.99592856273705
*c1ccc2c(c1)C(=O)N(c1ccc(Oc3ccc(N4C(=O)c5ccc(C(F)(F)C(F)(F)C(*)(F)F)cc5C4=O)cc3)cc1)C2=O,tg,216.5,258.1591796875,255.77222709355607,243.40307539890557,253.10378404771666
*c1ccc2c(c1)C(=O)N(c1ccc(Oc3ccc(N4C(=O)c5ccc(C(F)(F)C(F)(F)C(F)(F)C(F)(F)C(F)(F)C(*)(F)F)cc5C4=O)cc3)cc1)C2=O,tg,185.0,194.46971130371097,183.54533835295888,193.458905748444,191.91409558997432
*c1ccc2c(c1)C(=O)N(c1ccc(Oc3ccc(N4C(=O)c5ccc(C(F)(F)C(F)(F)C(F)(F)C(F)(F)C(F)(F)C(F)(F)C(*)(F)F)cc5C4=O)cc3)cc1)C2=O,tg,178.0,172.5869140625,195.68002017317193,192.63344285723548,183.53027963713552
*c1ccc2c(c1)C(=O)N(c1ccc(Oc3ccc(N4C(=O)c5ccc(C(F)(F)C(F)(F)C(F)(F)C(F)(F)C(F)(F)C(F)(F)C(F)(F)C(*)(F)F)cc5C4=O)cc3)cc1)C2=O,egc,2.6011,3.3991193771362305,2.235274376410476,2.7926593137179365,2.9731553932383696
*c1ccc2c(c1)C(=O)N(c1ccc(Oc3ccc(Oc4ccc(N5C(=O)c6ccc(C(*)(C(F)(F)F)C(F)(F)F)cc6C5=O)cc4)cc3)c(C(F)(F)F)c1)C2=O,tg,260.8,264.22393798828125,250.71170358118272,257.09418864815024,259.24389303920066
*c1ccc2c(c1)C(=O)N(c1ccc(Oc3ccc(Oc4ccc(N5C(=O)c6ccc(C(*)(C(F)(F)F)C(F)(F)F)cc6C5=O)cc4)cc3)cc1)C2=O,tg,272.0,271.0609130859375,269.04332456686325,258.43317332989943,266.73983754019895
*c1ccc2c(c1)C(=O)N(c1ccc(Oc3ccc(S(=O)(=O)c4ccc(Oc5ccc(N6C(=O)c7ccc(C(*)(C(F)(F)F)C(F)(F)F)cc7C6=O)cc5)cc4)cc3)cc1)C2=O,tg,276.04,264.8970031738281,267.05421843423665,260.2253964256189,263.894572854874
*c1ccc2c(c1)C(=O)N(c1ccc(Oc3ccc4ccc(Oc5ccc(N6C(=O)c7ccc(C(*)(C(F)(F)F)C(F)(F)F)cc7C6=O)cc5)cc4c3)cc1)C2=O,tg,302.3,262.51318359375,270.9158751640943,270.5184529160319,266.71506000808233
*c1ccc2c(c1)C(=O)N(c1ccc(Oc3cccc(-c4cc(-c5ccccc5)cc(-c5cccc(Oc6ccc(N7C(=O)c8ccc(C(*)(C(F)(F)F)C(F)(F)F)cc8C7=O)cc6)c5)n4)c3)cc1)C2=O,tg,180.0,266.779296875,279.49846445102304,269.0029592437598,270.0786432075913
*c1ccc2c(c1)C(=O)N(c1ccc(Oc3ccccc3Oc3ccc(N4C(=O)c5ccc(C(*)(C(F)(F)F)C(F)(F)F)cc5C4=O)cc3C(F)(F)F)c(C(F)(F)F)c1)C2=O,tg,247.0,279.58099365234375,241.8911584940388,244.5853497495604,261.0157241885995
*c1ccc2c(c1)C(=O)N(c1ccc(S(=O)(=O)c3ccc(N4C(=O)c5ccc(C(F)(F)C(F)(F)C(*)(F)F)cc5C4=O)cc3)cc1)C2=O,tg,259.0,276.28302001953125,267.8729301561707,259.2939777186752,269.3001725981906
*c1ccc2c(c1)C(=O)N(c1ccc(S(=O)(=O)c3ccc(S(=O)(=O)c4ccc(N5C(=O)c6ccc(C(*)(C(F)(F)F)C(F)(F)F)cc6C5=O)cc4)cc3)cc1)C2=O,tg,331.0,324.8728332519531,284.21854084645844,284.4973098409307,304.03447155524657
*c1ccc2c(c1)C(=O)N(c1ccc(S(=O)(=O)c3ccc(S(=O)(=O)c4ccc(S(=O)(=O)c5ccc(N6C(=O)c7ccc(C(*)(C(F)(F)F)C(F)(F)F)cc7C6=O)cc5)cc4)cc3)cc1)C2=O,tg,327.0,317.59014892578125,277.62164109150183,271.07153718865084,294.9920014156547
*c1ccc2c(c1)C(=O)N(c1ccc(Sc3ccc(Oc4ccc(Sc5ccc(N6C(=O)c7ccc(C(*)(C(F)(F)F)C(F)(F)F)cc7C6=O)cc5)cc4)cc3)cc1)C2=O,tg,232.67,232.82167053222656,250.16384929339884,239.6368042946653,238.49070508276304
*c1ccc2c(c1)C(=O)N(c1ccc(Sc3ccc(Sc4ccc(N5C(=O)c6ccc(C(*)(C(F)(F)F)C(F)(F)F)cc6C5=O)cc4)cc3)cc1)C2=O,tg,257.0,258.6475524902344,261.8621195980624,263.07214819243984,260.6764435920313
*c1ccc2c(c1)C(=O)N(c1ccc(Sc3ccc(Sc4ccc(Sc5ccc(Sc6ccc(N7C(=O)c8ccc(C(*)(C(F)(F)F)C(F)(F)F)cc8C7=O)cc6)cc5)cc4)cc3)cc1)C2=O,tg,216.0,203.52517700195312,238.0800683520782,238.80562274264372,221.5349237186356
*c1ccc2c(c1)C(=O)N(c1ccc3c(c1)-c1cc(N4C(=O)c5ccc(C(*)(C(F)(F)F)C(F)(F)F)cc5C4=O)ccc1C3)C2=O,tg,394.0,343.8544616699219,338.6763957551129,324.7827258750961,336.89082635037903
*c1ccc2c(c1)C(=O)N(c1ccc3c(c1)Cc1cc(N4C(=O)c5ccc(C(*)(C(F)(F)F)C(F)(F)F)cc5C4=O)ccc1-3)C2=O,tg,394.0,360.3971252441406,330.83178411010636,324.9457010006621,343.35888648612934
*c1ccc2c(c1)C(=O)N(c1cccc(C(=O)Nc3ccc(-c4ccc(NC(=O)c5cccc(N6C(=O)c7ccc(C(*)(C(F)(F)F)C(F)(F)F)cc7C6=O)c5)cc4)cc3)c1)C2=O,tg,324.0,289.58221435546875,308.1290124725513,296.5439548378241,295.54392776534496
*c1ccc2c(c1)C(=O)N(c1cccc(C(=O)Nc3ccc(C(c4ccc(NC(=O)c5cccc(N6C(=O)c7ccc(C(*)(C(F)(F)F)C(F)(F)F)cc7C6=O)c5)cc4)(C(F)(F)F)C(F)(F)F)cc3)c1)C2=O,tg,273.5,293.52813720703125,282.97791647928,274.7625800187067,285.55627024271666
*c1ccc2c(c1)C(=O)N(c1cccc(C(=O)Nc3ccc(C(c4ccc(NC(=O)c5cccc(N6C(=O)c7ccc(C(*)(C(F)(F)F)C(F)(F)F)cc7C6=O)c5C)cc4)(C(F)(F)F)C(F)(F)F)cc3)c1C)C2=O,tg,250.0,308.74090576171875,273.85960669475685,273.56261567739614,290.69574967608054
*c1ccc2c(c1)C(=O)N(c1cccc(C(=O)Nc3ccc(NC(=O)c4ccc(NC(=O)c5cccc(N6C(=O)c7ccc(C(*)(C(F)(F)F)C(F)(F)F)cc7C6=O)c5)cc4)cc3)c1)C2=O,tg,328.0,279.3369140625,273.93577597407017,280.77714812479485,278.67359254002275
*c1ccc2c(c1)C(=O)N(c1cccc(C(=O)Nc3ccc(Oc4ccc(C(C)(C)c5ccc(Oc6ccc(NC(=O)c7cccc(N8C(=O)c9ccc(C(*)(C(F)(F)F)C(F)(F)F)cc9C8=O)c7)cc6)cc5)cc4)cc3)c1)C2=O,tg,259.0,242.7359619140625,251.44523505437883,256.3668074172186,248.74125625363715
*c1ccc2c(c1)C(=O)N(c1cccc(C(=O)Nc3ccc(Oc4ccc(C(c5ccc(Oc6ccc(NC(=O)c7cccc(N8C(=O)c9ccc(C(*)(C(F)(F)F)C(F)(F)F)cc9C8=O)c7)cc6)cc5)(C(F)(F)F)C(F)(F)F)cc4)cc3)c1)C2=O,tg,266.0,275.580322265625,265.2658587648443,268.01094165897223,271.120797085602
*c1ccc2c(c1)C(=O)N(c1cccc(C(=O)Nc3ccc(Oc4ccc(NC(=O)c5cccc(N6C(=O)c7ccc(C(*)(C(F)(F)F)C(F)(F)F)cc7C6=O)c5)cc4)cc3)c1)C2=O,tg,298.0,280.84991455078125,281.3480551975098,280.59102507246143,280.8720912434932
*c1ccc2c(c1)C(=O)N(c1cccc(C(=O)Nc3ccc(Oc4ccc(Oc5ccc(NC(=O)c6cccc(N7C(=O)c8ccc(C(*)(C(F)(F)F)C(F)(F)F)cc8C7=O)c6)cc5)cc4)cc3)c1)C2=O,tg,283.0,261.9575500488281,280.84286206792933,272.88591492870364,269.2159812474289
*c1ccc2c(c1)C(=O)N(c1cccc(C(=O)Nc3ccc(Oc4ccccc4Oc4ccc(NC(=O)c5cccc(N6C(=O)c7ccc(C(*)(C(F)(F)F)C(F)(F)F)cc7C6=O)c5)cc4)cc3)c1)C2=O,tg,265.0,252.06979370117188,254.39042672636808,272.1710807637961,258.76529705717905
*c1ccc2c(c1)C(=O)N(c1cccc(C(C)(C)c3ccc(N4C(=O)c5ccc(C(*)(C(F)(F)F)C(F)(F)F)cc5C4=O)cc3)c1)C2=O,tg,260.0,290.0775146484375,281.85945633633946,294.2858954000029,289.6922756196916
*c1ccc2c(c1)C(=O)N(c1cccc(C(F)(F)C(F)(F)C(F)(F)C(F)(F)C(F)(F)c3cccc(N4C(=O)c5ccc(C(F)(F)C(F)(F)C(*)(F)F)cc5C4=O)c3)c1)C2=O,tg,104.5,138.73175048828125,147.92988422097253,144.750040667086,142.48219621693104
*c1ccc2c(c1)C(=O)N(c1cccc(C(F)(F)C(F)(F)C(F)(F)C(F)(F)C(F)(F)c3cccc(N4C(=O)c5ccc(C(F)(F)C(F)(F)C(F)(F)C(*)(F)F)cc5C4=O)c3)c1)C2=O,tg,144.0,132.93211364746094,137.01758605823218,135.9442360334888,134.70281138944168
*c1ccc2c(c1)C(=O)N(c1cccc(C(F)(F)C(F)(F)C(F)(F)C(F)(F)C(F)(F)c3cccc(N4C(=O)c5ccc(C(F)(F)C(F)(F)C(F)(F)C(F)(F)C(F)(F)C(F)(F)C(*)(F)F)cc5C4=O)c3)c1)C2=O,tg,108.5,117.365234375,158.5303194195755,137.4465000918451,132.02971132142164
*c1ccc2c(c1)C(=O)N(c1cccc(C(F)(F)C(F)(F)C(F)(F)c3cccc(N4C(=O)c5ccc(C(F)(F)C(F)(F)C(*)(F)F)cc5C4=O)c3)c1)C2=O,tg,151.0,157.05125427246094,181.37737087888107,175.4717037795712,167.74468376915098
*c1ccc2c(c1)C(=O)N(c1cccc(C(F)(F)C(F)(F)C(F)(F)c3cccc(N4C(=O)c5ccc(C(F)(F)C(F)(F)C(F)(F)C(*)(F)F)cc5C4=O)c3)c1)C2=O,tg,159.0,125.39836883544922,151.15221672271457,143.12278664049794,136.16958399043358
*c1ccc2c(c1)C(=O)N(c1cccc(C(O)c3cccc(N4C(=O)c5ccc(C(*)(C(F)(F)F)C(F)(F)F)cc5C4=O)c3)c1)C2=O,tg,236.5,303.75408935546875,274.019816456047,284.4257266954111,291.6694139507727
*c1ccc2c(c1)C(=O)N(c1cccc(C(c3cccc(N4C(=O)c5ccc(C(*)(C(F)(F)F)C(F)(F)F)cc5C4=O)c3)(C(F)(F)F)C(F)(F)F)c1)C2=O,tg,266.5,268.5591125488281,265.3245198722429,267.0445734804141,267.4264402780119
*c1ccc2c(c1)C(=O)N(c1cccc(C(c3ccccc3)(c3cccc(N4C(=O)c5ccc(C(*)(C(F)(F)F)C(F)(F)F)cc5C4=O)c3)C(F)(F)F)c1)C2=O,tg,305.0,280.04248046875,272.99823188034065,277.0943310223927,277.68410768500644
*c1ccc2c(c1)C(=O)N(c1cccc(N3C(=O)c4ccc(C(*)(C(F)(F)F)C(F)(F)F)cc4C3=O)c1)C2=O,tg,298.6,300.78448486328125,299.6327598547101,304.6017603253274,301.7290347402366
*c1ccc2c(c1)C(=O)N(c1cccc(N3C(=O)c4ccc(C(*)(C(F)(F)F)C(F)(F)F)cc4C3=O)c1C)C2=O,tg,353.5,300.4659423828125,308.6832565448156,318.9404933847695,307.86880630076723
*c1ccc2c(c1)C(=O)N(c1cccc(NC(=O)C(F)(F)C(F)(F)C(F)(F)C(F)(F)C(=O)Nc3cccc(N4C(=O)c5ccc(C(*)(C(F)(F)F)C(F)(F)F)cc5C4=O)c3)c1)C2=O,tg,232.0,276.6221923828125,214.082179245189,232.5115667819794,250.13487808331232
*c1ccc2c(c1)C(=O)N(c1cccc(Oc3ccc(N4C(=O)c5ccc(-c6c(-c7ccccc7)c(-c7ccccc7)c(-c7ccc(Oc8ccc(-c9c(-c%10ccccc%10)c(-c%10ccccc%10)c(*)c(-c%10ccccc%10)c9-c9ccccc9)cc8)cc7)c(-c7ccccc7)c6-c6ccccc6)cc5C4=O)cc3)c1)C2=O,tg,309.0,308.8231201171875,315.89298825887175,311.9588231341261,311.2447792774289
*c1ccc2c(c1)C(=O)N(c1cccc(Oc3ccc(N4C(=O)c5ccc(C(*)(C(F)(F)F)C(F)(F)F)cc5C4=O)cc3)c1)C2=O,tg,261.3,296.00006103515625,266.18919981184183,271.32922735583475,282.2467764237531
*c1ccc2c(c1)C(=O)N(c1cccc(Oc3ccc(Oc4cccc(N5C(=O)c6ccc(C(*)(C(F)(F)F)C(F)(F)F)cc6C5=O)c4)cc3)c1)C2=O,tg,230.0,235.98309326171875,221.8324462691203,235.29359224055895,232.8644971759497
*c1ccc2c(c1)C(=O)N(c1cccc(Oc3ccc(P(=O)(c4ccccc4)c4ccc(Oc5cccc(N6C(=O)c7ccc(C(*)(C(F)(F)F)C(F)(F)F)cc7C6=O)c5)cc4)cc3)c1)C2=O,tg,243.0,226.3744659423828,238.3158372863688,248.70141655069335,235.73379518176768
*c1ccc2c(c1)C(=O)N(c1cccc(Oc3cccc(N4C(=O)c5ccc(C(*)(C(F)(F)F)C(F)(F)F)cc5C4=O)c3)c1)C2=O,tg,244.0,277.80352783203125,249.9828512467178,257.8154058403072,265.90761336147995
*c1ccc2c(c1)C(=O)N(c1cccc(P(=O)(c3ccc(C(F)(F)F)cc3)c3cccc(N4C(=O)c5ccc(C(*)(C(F)(F)F)C(F)(F)F)cc5C4=O)c3)c1)C2=O,tg,260.0,271.8050842285156,292.5428224478825,275.2352677251542,277.1240066206026
*c1ccc2c(c1)C(=O)N(c1cccc(P(=O)(c3ccc(Oc4ccc(C56CC7CC(CC(C7)C5)C6)cc4)cc3)c3cccc(N4C(=O)c5ccc(C(*)(C(F)(F)F)C(F)(F)F)cc5C4=O)c3)c1)C2=O,tg,298.0,279.2064208984375,288.2161613784651,281.12642338497557,281.650235403181
*c1ccc2c(c1)C(=O)N(c1cccc(S(=O)(=O)c3cccc(N4C(=O)c5ccc(C(*)(C(F)(F)F)C(F)(F)F)cc5C4=O)c3)c1)C2=O,tg,262.38,321.2681884765625,285.2357164662437,295.4408795842006,305.8797457536657
*c1ccc2c(c1)C(=O)N(c1cccc3c(N4C(=O)c5ccc(C(*)(C(F)(F)F)C(F)(F)F)cc5C4=O)cccc13)C2=O,tg,390.0,325.72833251953125,333.5466467985914,321.1652838003507,325.92177071867656
*c1ccc2c(c1)C(CC(CC)CCCC)(CC(CC)CCCC)c1cc(*)ccc1-2,tg,27.64,137.11373901367188,85.44244684337467,98.7762198480932,114.64400291110209
*c1ccc2c(c1)C(CCCCCC)(CCCCCC)c1cc(-c3cc(CCCCCCCC)c(*)cc3CCCCCCCC)ccc1-2,tg,74.5,42.78741455078125,50.54238481028579,59.5077897075208,49.55263733171253
*c1ccc2c(c1)C(CCCCCC)(CCCCCC)c1cc(-c3cc(OCCCCCCCC)c(*)cc3OCCCCCCCC)ccc1-2,tg,58.0,45.66486358642578,84.6391196583739,91.15843800985536,67.74174890229085
*c1ccc2c(c1)C(CCCCCC)(CCCCCC)c1cc(-c3cc(OCc4ccccc4)c(*)cc3OCc3ccccc3)ccc1-2,tg,73.0,90.88224029541016,138.3829863938165,141.50473213443496,116.29651660708262
*c1ccc2c(c1)C(CCCCCC)(CCCCCC)c1cc(-c3ccc4c(c3)C3(CCC(C5=NC(Cc6ccccc6)CO5)(C5=NC(Cc6ccccc6)CO5)CC3)c3cc(*)ccc3-4)ccc1-2,tg,142.0,133.69041442871094,151.85207025743026,130.6169749512043,136.46831165919696
*c1ccc2c(c1)C(CCCCCC)(CCCCCC)c1cc(-c3ccc4c(c3)c3cc(*)ccc3n4-c3ccc(C)cc3)ccc1-2,tg,155.0,187.19342041015625,167.05582136579315,155.56423470652203,173.27334109278536
*c1ccc2c(c1)C(CCCCCC)(CCCCCC)c1cc(-c3ccc4c(c3)c3cc(*)ccc3n4-c3ccc(OC)cc3)ccc1-2,tg,174.0,157.22003173828125,151.64356444894028,143.27260975370064,151.75999057657097
*c1ccc2c(c1)C(CCCCCCCC)(CCCCCCCC)c1cc(*)ccc1-2,tg,57.66,48.186248779296875,45.38037784887837,61.17491300396368,51.62868310956285
*c1ccc2c(c1)C(CCCCCCCC)(CCCCCCCC)c1cc(-c3cc(F)c(*)cc3F)ccc1-2,tg,34.0,71.08708953857422,62.258348763624255,73.31639304228553,69.96417262439333
*c1ccc2c(c1)C(CCCCCCCC)(CCCCCCCC)c1cc(-c3ccc4c(c3)C(c3ccc(-c5nnc(-c6ccc(C(C)(C)C)cc6)o5)cc3)(c3ccc(-c5nnc(-c6ccc(C(C)(C)C)cc6)o5)cc3)c3cc(*)ccc3-4)ccc1-2,tg,213.0,202.9373016357422,149.68893444161904,174.6122239824174,183.24148324242532
*c1ccc2c(c1)C(CCCCCCCC)(CCCCCCCC)c1cc(-c3ccc4c(c3)C3(CC(C)(C)CC(C)(C)C3)c3cc(*)ccc3-4)ccc1-2,tg,132.0,147.46249389648438,141.0810978181245,129.88820136969886,140.71509017247314
*c1ccc2c(c1)C(CCCCCCCC)(CCCCCCCC)c1cc(-c3ccc4c(c3)C3(CCC(C(C)(C)C)CC3)c3cc(*)ccc3-4)ccc1-2,tg,166.0,104.80638122558594,132.01363003496994,108.95383489261238,111.67547430693799
*c1ccc2c(c1)Cc1cc(*)ccc1-2,egc,3.7772,3.815362691879273,3.481045917333251,3.7569731133606794,3.7244853916954392
*c1ccc2c(c1)Cc1cc(N3C(=O)c4ccc(-c5ccc6c(c5)C(=O)N(*)C6=O)cc4C3=O)ccc1-2,egc,2.6588,3.020432472229004,3.0026830444277133,2.9419681884678326,2.995121967851828
*c1ccc2c(c1)Sc1cc(-c3ccc(-c4ccc(*)s4)s3)ccc1N2CCCCCC,tg,140.0,151.53941345214844,179.8485922282653,147.75241757753787,156.17993789873316
*c1ccc2c(c1)Sc1cc(-c3ccc(-c4ccc(*)s4)s3)ccc1N2CCCCCCCCCC,tg,142.0,107.5836944580078,138.03301132636645,116.49308453664676,116.59169330639614
*c1ccc2c(c1)Sc1cc(-c3sc4cc(*)sc4c3CCCCC)ccc1N2CCCCCCCCCC,tg,131.0,104.01583099365234,135.06157951566172,130.2913551614166,118.51911924338363
*c1ccc2c(c1)Sc1cc(-c3sc4cc(*)sc4c3CCCCC)ccc1N2CCCCCCCCCCCC,tg,136.0,106.53275299072266,129.5120483223316,119.46949542227608,115.25308487865072
*c1ccc2c(c1)[Si](C)(C)c1cc(*)ccc1N2C,egc,3.6899,3.237223863601685,3.1537104365454036,3.2562281849367496,3.223652982960971
*c1ccc2c(c1)c1cc(*)ccc1n2-c1ccccc1,egc,3.553,3.290104389190674,3.122068296389766,3.1210945477088696,3.206463998776633
*c1ccc2c(c1)c1cc(*)ccc1n2C,egc,3.4554,3.3138465881347656,3.3662942063945005,3.1180896873409187,3.2724024325718077
*c1ccc2c(c1)c1cc(*)ccc1n2C(=O)NO,egc,3.8619,3.4627647399902344,3.47931593405608,3.553736464003563,3.491206213142638
*c1ccc2c(c1)c1cc(*)ccc1n2C(=O)OCC,egc,3.932,3.417152404785156,3.5371779752707413,3.3751631160889657,3.432667153976274
*c1ccc2c(c1)c1cc(*)ccc1n2CC(=O)OCC,egc,3.5868,3.5833725929260254,3.649177691055589,3.7485268123971376,3.643028880205792
*c1ccc2c(c1)c1cc(*)ccc1n2CC1CO1,egc,3.2508,3.743795156478882,3.699356213866442,3.5421566440262975,3.6790152407537375
*c1ccc2c(c1)c1cc(*)ccc1n2CCC(=O)OCC,egc,3.5811,3.3482370376586914,3.6209269037275793,3.514720430983388,3.454670306513679
*c1ccc2c(c1)c1cc(-c3c4ccc(C=Cc5ccc(N(CCCCCC)CCCCCC)cc5)cc4c(*)c4ccc(C=Cc5ccc(N(CCCCCC)CCCCCC)cc5)cc34)ccc1n2CCCCCCCC,tg,131.0,78.11434936523438,152.08250010135038,157.4235589385257,117.83792167972223
*c1ccc2c(c1)c1cc(-c3ccc(-c4ccc(-c5ccc(*)s5)c5nsnc45)s3)ccc1n2C(CCCCCCCC)CCCCCCCC,tg,133.57,111.19810485839844,122.25854262375358,120.32743403916152,116.2934122579043
*c1ccc2c3ccc(-c4ccc(-c5ccc(-c6ccc(*)s6)c6nsnc56)s4)cc3n(C(CCCCCCCC)CCCCCCCC)c2c1,tg,128.0,96.67373657226562,119.74060760744868,119.72477092865223,108.54126726185517
*c1ccc2c3ccc(-c4sc(-c5ccc(-c6cc(CCCCCC)c(*)s6)c6nsnc56)cc4CCCCCC)cc3n(C(CCCCCCCC)CCCCCCCC)c2c1,tg,77.0,67.37248992919922,101.51012377413127,110.74755361812184,87.80092945653624
*c1ccc2cc(*)n(C(C(=O)NO)n3ccc4ccccc43)c2c1,egc,3.8694,2.7661099433898926,2.659718312469565,2.545690565431593,2.6823255626335945
*c1ccc2cc(-c3nc4cc5nc(*)[nH]c5cc4[nH]3)ccc2c1,egc,3.1978,3.232611179351806,3.340382791138473,3.4038318794030378,3.303331877622605
*c1ccc2cc(-c3nc4cc5sc(*)nc5cc4s3)ccc2c1,egc,3.27,2.4081757068634033,3.0848893274919043,3.218596456441192,2.780290234820548
*c1ccc2cc(N(*)c3ccccc3)ccc2c1,egc,2.8541,3.625419139862061,3.304695827597902,2.9796046943400247,3.3779165375085585
*c1ccc2cc3cc(-c4sc(-c5cc(CCCCCCCCCCCC)c(*)s5)cc4CCCCCCCCCCCC)ccc3cc2c1,tg,158.0,40.83696746826172,53.963744059255326,56.09901863089247,48.253892889912
*c1ccc2ccc3c(*)cc(C#CC#C[Si](C)(C)C)c4ccc1c2c34,egc,2.225,2.208827495574951,2.9044089690454116,2.8991031243532923,2.5525170250495957
*c1ccc2ccc3c(*)cc(C#CC=C)c4ccc1c2c34,egc,2.2865,1.6833248138427734,2.539014680677476,2.364624507652922,2.0604956435069126
*c1ccc2nc(*)cc(-c3ccccc3)c2c1,tg,415.0,336.32012939453125,294.9452183648938,301.3130312005296,316.99473193066575
*c1ccc2nc(*)oc2c1,egc,3.8571,4.016560077667236,3.867120603126679,3.860722912275473,3.9406725607005724
*c1ccc2nc(*)sc2c1,egc,2.966,3.7843925952911377,3.5387585100496697,3.5074348525177683,3.6540000620127717
*c1ccc2oc(*)nc2c1,egc,3.9774,3.9549293518066406,3.725529228391708,3.7048993327687834,3.835498543685375
*c1ccc2oc(-c3ccc(-c4nc5cc(C(*)(C(F)(F)F)C(F)(F)F)ccc5o4)cc3)nc2c1,tg,353.5,362.7822265625,340.248466108584,335.6296923270345,349.75520304620346
*c1ccc2oc(-c3ccc(-c4nc5cc(C(*)(C(F)(F)F)C(F)(F)F)ccc5o4)cn3)nc2c1,tg,352.0,341.5042724609375,349.81804271580677,320.4267850890178,336.6900995861172
*c1ccc2oc(-c3ccc(-c4nc5cc(C(*)(c6ccccc6)C(F)(F)F)ccc5o4)cc3)nc2c1,tg,369.0,309.7252502441406,321.68693583665794,329.47305552161924,318.29079918966323
*c1ccc2oc(-c3ccc(C(c4ccc(-c5nc6cc(C(*)(c7ccccc7)C(F)(F)F)ccc6o5)cc4)(C(F)(F)F)C(F)(F)F)cc3)nc2c1,tg,334.0,269.29205322265625,315.4053947087524,312.74213636832576,292.20243939456753
*c1ccc2oc(-c3ccc(C(c4ccccc4)(c4ccc(-c5nc6cc(C(*)(c7ccccc7)C(F)(F)F)ccc6o5)cc4)C(F)(F)F)cc3)nc2c1,tg,330.0,337.6342468261719,310.6230973551286,323.5864196031853,327.7423796765006
*c1ccc2oc(-c3ccc(Oc4ccc(-c5nc6cc(C(*)(C(F)(F)F)C(F)(F)F)ccc6o5)cc4)cc3)nc2c1,tg,294.92,346.722412109375,320.90800954278427,315.9724725544271,331.9088525923843
*c1ccc2oc(-c3ccc(Oc4ccc(C(c5ccc(Oc6ccc(-c7nc8cc(C(*)(C(F)(F)F)C(F)(F)F)ccc8o7)cc6)cc5)(C(F)(F)F)C(F)(F)F)cc4)cc3)nc2c1,tg,230.67,283.7666015625,278.97268321207827,276.65879609803414,280.58330622976206
*c1ccc2oc(-c3ccc4nc(*)oc4c3)nc2c1,eea,3.155,2.321906089782715,2.263250053373004,2.107731266055732,2.284679849049242
*c1ccc2oc(-c3ccc4nc(*)oc4c3)nc2c1,egb,2.5367,1.0589377880096436,2.7692918409845095,3.028014215920122,1.4556908687174315
*c1ccc2oc(-c3ccc4nc(*)oc4c3)nc2c1,nc,2.116,2.3544952869415283,2.031193516106221,2.024202188377352,2.2374616159336576
*c1ccc2oc(-c3cccc(-c4nc5cc(C(*)(c6ccccc6)C(F)(F)F)ccc5o4)c3)nc2c1,tg,301.0,354.4776611328125,351.6896111864715,350.3072886314543,352.6149914733488
*c1ccc2oc(C3CCC(c4nc5cc(C(*)(C(F)(F)F)C(F)(F)F)ccc5o4)CC3)nc2c1,tg,271.0,281.4016418457031,277.11298684672596,259.2856066844662,273.67874870292115
*c1ccc2oc3ccc(S(*)(=O)=O)cc3c2c1,tg,360.0,323.12109375,216.90968568537664,232.4739358400351,273.26984653656575
*c1cccc(*)c1,tg,104.93,133.49818420410156,219.8602067120977,174.19198923064872,163.81928763642833
*c1cccc(*)c1N,egc,3.8845,3.899308204650879,4.134945733165426,3.8499555947362665,3.938759589465775
*c1cccc(*)n1,egb,2.9424,3.3372585773468018,3.187381358191839,4.277942113319103,3.3024913615623155
*c1cccc(*)n1,egc,3.8339,3.734945058822632,3.769687649741469,3.7793668809029617,3.754814574710619
*c1cccc(*)n1,eps,4.35,4.209530830383301,4.214475555465948,4.008503602411384,4.212240856002341
*c1cccc(-c2cc(*)cc3c2NC(C)(C)OC3(C)C)c1,egc,3.618,4.027289390563965,3.819110830857657,3.999335533386821,3.9729849624252345
*c1cccc(-c2cc(C(=O)Nc3ccc(OC(=O)c4cc(OCCCCCCCCCCCC)c(OCCCCCCCCCCCC)c(OCCCCCCCCCCCC)c4)cc3)cc(-c3cccc(N4C(=O)c5ccc(S(=O)(=O)c6ccc7c(c6)C(=O)N(*)C7=O)cc5C4=O)c3)c2)c1,tg,268.0,130.9761505126953,131.79421155582594,130.2803292800677,130.9288296793781
*c1cccc(-c2ccc(-c3ccc(*)s3)s2)n1,egb,2.0464,1.6789960861206057,2.014460754121702,2.043951600951856,1.756814266670154
*c1cccc(-c2ccc3[nH]c(S(=O)(=O)c4nc5ccc(*)cc5[nH]4)nc3c2)c1,tg,286.5,305.6098937988281,353.09049063528363,326.09269113732734,321.69523885486734
*c1cccc(-c2nc3cc(-c4ccc5[nH]c(*)nc5c4)ccc3[nH]2)c1,egc,3.5069,2.835192918777466,3.3671550269884776,3.174037417101479,3.0466468341766464
*c1cccc(-c2nc3cc(-c4ccc5[nH]c(*)nc5c4)ccc3[nH]2)c1,tg,415.89,419.5921325683594,406.3805575585449,402.4050753738922,411.56222756472823
*c1cccc(-c2nc3cc(-c4ccc5nc(*)c(-c6ccc7ccccc7c6)nc5c4)ccc3nc2-c2ccc3ccccc3c2)c1,egc,3.0367,3.0327587127685547,3.041239800429108,2.956601498228597,3.0139602745294822
*c1cccc(-c2nc3cc(-c4ccc5nc(*)c(-c6ccccc6)nc5c4)ccc3nc2-c2ccccc2)c1,tg,319.0,362.42913818359375,322.4386035961967,332.07880339708834,344.82870413970045
*c1cccc(-c2nc3cc(-c4ccc5nc(-c6ccccc6)c(*)nc5c4)ccc3nc2-c2ccccc2)c1,tg,320.0,312.0682373046875,321.08662545482724,327.95815728853256,318.83592178768714
*c1cccc(-c2nc3cc(-c4ccc5oc(*)nc5c4)ccc3o2)c1,egc,3.5152,3.379690408706665,3.404723877817805,3.5403578457124527,3.428979760505375
*c1cccc(-c2nc3cc(Oc4ccc5nc(-c6ccccc6)c(*)nc5c4)ccc3nc2-c2ccccc2)c1,tg,263.2,261.3895568847656,291.1244787187504,302.12639750640267,280.0978452489495
*c1cccc(-c2nc3cc4nc(*)[nH]c4cc3[nH]2)c1,egc,3.5319,3.379723072052002,3.5363790610114383,3.5191745344570595,3.452775655519743
*c1cccc(-c2nc3cc4nc(*)c(-c5ccccc5)nc4cc3nc2-c2ccccc2)c1,egb,1.9959,1.3334245681762695,2.2812386807584484,2.449996903424978,1.5532902553135184
*c1cccc(-c2nc3cc4nc(*)c(-c5ccccc5)nc4cc3nc2-c2ccccc2)c1,egc,2.9837,2.752360582351685,2.9321630746708407,2.8944235879569007,2.8313160804270763
*c1cccc(-c2nc3cc4nc(-c5ccccc5)c(*)nc4cc3nc2-c2ccccc2)c1,tg,365.0,393.09088134765625,357.38094577798455,351.96984827214715,373.03699714063765
*c1cccc(-c2nc3ccc(-c4ccc5nc(*)[nH]c5c4)cc3[nH]2)c1,tg,395.88,414.2280578613281,405.5745406018378,401.5892679083329,408.54113871092267
*c1cccc(-c2nc3ccc(-c4ccc5nc(*)oc5c4)cc3o2)c1,egc,3.2965,3.32603120803833,3.407853418092589,3.4117072378491526,3.367677089182845
*c1cccc(-c2nc3ccc(-c4ccc5nc(*)sc5c4)cc3s2)c1,tg,495.0,364.55621337890625,360.2980062255932,362.5014747026188,363.0462523608641
*c1cccc(-c2nc3ccc(-c4ccc5oc(*)nc5c4)cc3o2)c1,egc,3.5292,3.389265537261963,3.394998585872451,3.4031271752749728,3.394319676476445
*c1cccc(-c2nnc(*)o2)c1,egc,4.1016,3.823627233505249,3.614945968545274,3.4939348598685207,3.687190820639841
*c1cccc(-c2nnc(-c3cccc(-c4nnc(*)o4)n3)o2)c1,egc,3.6938,3.4528346061706543,3.9399556809371914,3.920357789955926,3.6892059123137377
*c1cccc(-c2nnc(-c3nnc(*)o3)o2)c1,egc,4.3431,3.7233638763427734,3.495893799424656,3.4818643065732604,3.60668484899364
*c1cccc(C(=O)Nc2ccc(Cc3ccc(N4C(=O)c5ccc(S(=O)(=O)c6ccc7c(c6)C(=O)N(c6ccc(Cc8ccc(NC(=O)c9cccc(-c%10nc%11cc(-c%12ccc%13[nH]c(*)nc%13c%12)ccc%11[nH]%10)c9)cc8)cc6)C7=O)cc5C4=O)cc3)cc2)c1,tg,270.0,291.91510009765625,294.731767061824,290.43809310517287,292.0364259340662
*c1cccc(C(=O)Nc2ccc(NC(=O)c3cccc(N4C(=O)c5ccc(-c6cccc7c6C(=O)N(*)C7=O)cc5C4=O)c3)cc2)c1,egc,2.3122,2.7374141216278076,2.682545841624817,2.5447460907204937,2.6727327045804246
*c1cccc(C(=O)Nc2ccc(NC(=O)c3cccc(N4C(=O)c5ccc(-c6cccc7c6C(=O)N(*)C7=O)cc5C4=O)c3)cc2)c1,tg,328.0,292.0777587890625,294.9105283322089,292.24769805132166,292.71193248579004
*c1cccc(C(=O)Nc2ccc(Oc3ccc(-c4ccc(Oc5ccc(NC(=O)c6cccc(N7C(=O)c8ccc(-c9cccc%10c9C(=O)N(*)C%10=O)cc8C7=O)c6)cc5)cc4)cc3)cc2)c1,tg,275.0,256.1512145996094,268.3718649219557,266.55297000071107,261.8783962839167
*c1cccc(C(=O)Nc2ccc(Oc3ccc(C(C)(C)c4ccc(Oc5ccc(NC(=O)c6cccc(N7C(=O)c8ccc(-c9ccc%10c(c9)C(=O)N(*)C%10=O)cc8C7=O)c6)cc5)cc4)cc3)cc2)c1,tg,257.0,239.9117431640625,249.4977059419108,246.54889908506897,243.9332824998359
*c1cccc(C(=O)Nc2ccc(Oc3ccc(C(C)(C)c4ccc(Oc5ccc(NC(=O)c6cccc(N7C(=O)c8ccc(-c9cccc%10c9C(=O)N(*)C%10=O)cc8C7=O)c6)cc5)cc4)cc3)cc2)c1,tg,261.0,253.46609497070312,258.60466999515177,258.332514423892,256.026698812877
*c1cccc(C(=O)Nc2ccc(Oc3ccc(NC(=O)c4cccc(N5C(=O)c6ccc(-c7ccc8c(c7)C(=O)N(*)C8=O)cc6C5=O)c4)cc3)cc2)c1,tg,253.0,255.35302734375,271.2502461814653,274.7321638901922,264.61252110285193
*c1cccc(C(=O)Nc2ccc(Oc3ccc(NC(=O)c4cccc(N5C(=O)c6ccc(-c7cccc8c7C(=O)N(*)C8=O)cc6C5=O)c4)cc3)cc2)c1,tg,291.0,270.2601623535156,280.82432928684653,271.5005360168878,272.8128491646389
*c1cccc(C(=O)Nc2ccc(Oc3ccc(Oc4ccc(NC(=O)c5cccc(N6C(=O)c7ccc(-c8ccc9c(c8)C(=O)N(*)C9=O)cc7C6=O)c5)cc4)cc3)cc2)c1,tg,244.0,254.605224609375,265.44574704082066,254.9331895833373,256.9323637438119
*c1cccc(C(=O)Nc2ccc(Oc3ccc(Oc4ccc(NC(=O)c5cccc(N6C(=O)c7ccc(-c8cccc9c8C(=O)N(*)C9=O)cc7C6=O)c5)cc4)cc3)cc2)c1,tg,268.0,262.69921875,271.4392983402419,268.2655240950901,266.215783520864
*c1cccc(C(=O)Nc2ccc(Oc3ccc(Oc4ccc(Oc5ccc(NC(=O)c6cccc(N7C(=O)c8ccc(-c9ccc%10c(c9)C(=O)N(*)C%10=O)cc8C7=O)c6)cc5)cc4)cc3)cc2)c1,tg,244.0,268.5818786621094,250.1909774649897,244.6217084974297,257.3930992243139
*c1cccc(C(=O)Nc2ccc(Oc3ccc(Oc4ccc(Oc5ccc(NC(=O)c6cccc(N7C(=O)c8ccc(-c9cccc%10c9C(=O)N(*)C%10=O)cc8C7=O)c6)cc5)cc4)cc3)cc2)c1,tg,260.0,255.4237365722656,263.23067624803855,261.66997324313195,258.9590791814533
*c1cccc(C(=O)Nc2ccc(Oc3cccc(Oc4ccc(NC(=O)c5cccc(N6C(=O)c7ccc(-c8cccc9c8C(=O)N(*)C9=O)cc7C6=O)c5)cc4)c3)cc2)c1,tg,253.0,247.7477264404297,257.2798221848733,260.5294226036917,253.6592400006734
*c1cccc(C(=O)Nc2cccc(S(=O)(=O)c3cccc(NC(=O)c4cccc(N5C(=O)c6ccc(-c7cccc8c7C(=O)N(*)C8=O)cc6C5=O)c4)c3)c2)c1,tg,261.0,248.04367065429688,270.8373153562885,274.34176552838426,260.85969966452774
*c1cccc(C(=O)c2ccc(Oc3ccc(N4C(=O)c5ccc(Oc6ccc7c(c6)C(=O)N(*)C7=O)cc5C4=O)cc3C(F)(F)F)cc2)c1,tg,224.0,233.37026977539065,231.60526132063455,229.19361906904237,231.71569873158023
*c1cccc(C(F)(F)C(F)(F)C(*)(F)F)c1,egc,5.5439,5.55585241317749,4.9948505658255655,5.169945042959292,5.3250905508637825
*c1cccc(C(F)(F)C(F)(F)C(F)(F)C(F)(F)C(F)(F)c2cccc(N3C(=O)c4ccc(Oc5ccc6c(c5)C(=O)N(*)C6=O)cc4C3=O)c2)c1,tg,138.5,174.05746459960938,192.17529593612252,212.61055582322473,189.70502296586466
*c1cccc(C(c2cccc(N3C(=O)c4ccc(-c5ccc6c(c5)C(=O)N(*)C6=O)cc4C3=O)c2)(C(F)(F)F)C(F)(F)F)c1,tg,267.0,260.62176513671875,284.5445813310818,293.0451529971433,275.5647035930446
*c1cccc(C(c2cccc(N3C(=O)c4ccc(Oc5ccc6c(c5)C(=O)N(*)C6=O)cc4C3=O)c2)(C(F)(F)F)C(F)(F)F)c1,tg,224.5,266.4704895019531,254.17238153063784,262.86259555614595,262.82932942718946
*c1cccc(C(c2ccccc2)(c2cccc(N3C(=O)c4ccc(Oc5ccc6c(c5)C(=O)N(*)C6=O)cc4C3=O)c2)C(F)(F)F)c1,egc,3.4747,3.1179237365722656,3.240467347921661,3.1620971125890427,3.1574243387499417
*c1cccc(C(c2ccccc2)(c2cccc(N3C(=O)c4ccc(Oc5ccc6c(c5)C(=O)N(*)C6=O)cc4C3=O)c2)C(F)(F)F)c1,tg,293.0,266.1966247558594,259.17523324984506,247.6628838241922,259.02098360748045
*c1cccc(Cc2cccc(N3C(=O)c4ccc([Si](C)(C)O[Si](C)(C)c5ccc6c(c5)C(=O)N(*)C6=O)cc4C3=O)c2)c1,tg,217.0,165.34414672851562,210.13803912744564,185.61683810714507,180.81287975821684
*c1cccc(Cc2cccc(N3C(=O)c4ccc([Si](C)(C)c5ccc(-c6ccc([Si](C)(C)c7ccc8c(c7)C(=O)N(*)C8=O)cc6)cc5)cc4C3=O)c2)c1,tg,285.0,217.39077758789065,249.21725845716404,256.04579600517786,235.88439837180437
*c1cccc(Cc2cccc(N3C(=O)c4ccc([Si](C)(C)c5ccc([Si](C)(C)c6ccc7c(c6)C(=O)N(*)C7=O)cc5)cc4C3=O)c2)c1,tg,246.0,212.43714904785156,257.35867834206465,269.0409442550068,239.17241597122586
*c1cccc(N/C=C\C(=O)c2cccc(C(=O)/C=C\Nc3cccc(S(*)(=O)=O)c3)c2)c1,tg,215.0,167.58517456054688,138.30736662683358,162.32544325061346,159.9468513256216
*c1cccc(N2C(=O)C3CCC(C4CCC5C(=O)N(*)C(=O)C5C4)CC3C2=O)c1,tg,263.0,245.595458984375,269.75325946384464,274.5986382745063,259.52847807791795
*c1cccc(N2C(=O)c3c(c(-c4ccccc4)c(-c4ccc(-c5c(-c6ccccc6)c6c(c(-c7ccccc7)c5-c5ccccc5)C(=O)N(*)C6=O)cc4)c(-c4ccccc4)c3-c3ccccc3)C2=O)c1,tg,416.0,406.2899475097656,354.8005271605587,349.2753570765959,378.0791303748411
*c1cccc(N2C(=O)c3ccc(-c4ccc5c(c4)C(=O)N(*)C5=O)cc3C2=O)c1,tg,327.88,322.08624267578125,345.2660940860715,345.35565139003774,334.0445313373475
*c1cccc(N2C(=O)c3ccc(-c4cccc5c4C(=O)N(*)C5=O)cc3C2=O)c1,tg,341.0,326.34674072265625,379.1758617549212,375.48590354303064,352.3960665594671
*c1cccc(N2C(=O)c3ccc(Oc4cc5ccccc5cc4Oc4ccc5c(c4)C(=O)N(*)C5=O)cc3C2=O)c1,tg,228.75,241.2314453125,243.1181349154557,251.5100605395059,244.7988601138357
*c1cccc(N2C(=O)c3ccc(Oc4ccc(C(=O)c5ccc(Oc6ccc7c(c6)C(=O)N(*)C7=O)cc5)cc4)cc3C2=O)c1,tg,239.0,219.4825439453125,221.86852610304248,229.4959641654263,223.07042109680845
*c1cccc(N2C(=O)c3ccc(Oc4ccc(C(C)(C)c5ccc(Oc6ccc7c(c6)C(=O)N(*)C7=O)cc5)cc4)cc3C2=O)c1,tg,221.3,229.12289428710935,229.13505964741697,225.11271214067256,227.88469842900184
*c1cccc(N2C(=O)c3ccc(Oc4ccc(Oc5ccc(Oc6ccc7c(c6)C(=O)N(*)C7=O)cc5)cc4)cc3C2=O)c1,egc,3.2083,2.652390956878662,2.8953947928387245,3.035403930799078,2.8110215366267175
*c1cccc(N2C(=O)c3ccc(Oc4ccc(Oc5ccc(Oc6ccc7c(c6)C(=O)N(*)C7=O)cc5)cc4)cc3C2=O)c1,tg,227.0,211.71658325195312,234.38247535072807,228.98196896782855,221.71179110946088
*c1cccc(N2C(=O)c3ccc(Oc4ccc(S(=O)(=O)c5ccc(Oc6ccc7c(c6)C(=O)N(*)C7=O)cc5)cc4)cc3C2=O)c1,tg,265.0,233.19058227539065,238.02955279360907,246.9567915029105,238.44314306006066
*c1cccc(N2C(=O)c3ccc(Oc4ccc5c(c4)C4(CC(C)(C)c6ccc(Oc7ccc8c(c7)C(=O)N(*)C8=O)cc64)CC5(C)C)cc3C2=O)c1,tg,253.0,295.4387512207031,264.8909159200774,274.6935006577926,282.7486779973003
*c1cccc(N2C(=O)c3ccc(Oc4cccc(Oc5ccc6c(c5)C(=O)N(*)C6=O)c4)cc3C2=O)c1,tg,224.0,214.82498168945312,225.80678773823436,226.75700837776023,220.7712600790144
*c1cccc(N2C(=O)c3ccc(Oc4ccccc4Oc4ccc5c(c4)C(=O)N(*)C5=O)cc3C2=O)c1,tg,224.0,209.6864318847656,244.18554889073016,241.76066783497456,226.69277167383137
*c1cccc(N2C(=O)c3ccc(P(=O)(c4ccccc4)c4ccc5c(c4)C(=O)N(*)C5=O)cc3C2=O)c1,egc,3.2222,3.138524055480957,2.8481461541044744,2.9422805508019163,3.0200329268787685
*c1cccc(N2C(=O)c3ccc(P(=O)(c4ccccc4)c4ccc5c(c4)C(=O)N(*)C5=O)cc3C2=O)c1,tg,323.0,328.39141845703125,314.3816046170962,323.11122779997316,323.88144255067266
*c1cccc(N2C(=O)c3cccc(Oc4c(C)cc(-c5cc(C)c(Oc6cccc7c6C(=O)N(*)C7=O)c(C)c5)cc4C)c3C2=O)c1,tg,311.0,294.4749755859375,310.04363256799337,288.9230400332637,295.95369175849453
*c1cccc(N2C(=O)c3cccc(Oc4c(C)cc(Cc5cc(C)c(Oc6cccc7c6C(=O)N(*)C7=O)c(C)c5)cc4C)c3C2=O)c1,tg,269.0,298.7942199707031,265.3847234907185,269.1312546076153,282.7576035019132
*c1cccc(N2C(=O)c3cccc(Oc4ccc(C(C)(C)c5ccc(Oc6cccc7c6C(=O)N(*)C7=O)cc5)cc4)c3C2=O)c1,tg,222.5,239.0856781005859,235.7735499200913,244.26703371497348,240.00870192365323
*c1cccc(N2C(=O)c3cccc(Oc4ccc(Oc5ccc(Oc6cccc7c6C(=O)N(*)C7=O)cc5)cc4)c3C2=O)c1,tg,238.0,241.4952392578125,230.46248157378704,237.2330914220982,237.91145180635584
*c1cccc(N2C(=O)c3cccc(Oc4ccc(Oc5cccc6c5C(=O)N(*)C6=O)cc4)c3C2=O)c1,tg,259.0,258.9089050292969,256.5907873283486,262.17762846085657,259.4442681928676
*c1cccc(N2C(=O)c3cccc(Oc4ccc(S(=O)(=O)c5ccc(Oc6cccc7c6C(=O)N(*)C7=O)cc5)cc4)c3C2=O)c1,tg,266.0,258.3222351074219,253.21352742648185,262.69354727087756,258.62578660486724
*c1cccc(N2CC(=O)N(*)CC2=O)c1,egc,5.0572,4.895073413848877,4.63012640542439,4.540194605459593,4.739167256506745
*c1cccc(NC(=O)CCCCC(=O)Nc2cccc(S(*)(=O)=O)c2)c1,tg,140.0,130.47946166992188,151.06649192154438,141.11781303414668,137.99754715651517
*c1cccc(NC(=O)CCCCCCCCC(=O)Nc2cccc(S(*)(=O)=O)c2)c1,tg,112.0,129.83084106445312,145.21554550483302,138.11771930915828,135.55332277197274
*c1cccc(NC(=O)CCCCCCCCCCC(=O)Nc2cccc(S(*)(=O)=O)c2)c1,tg,107.0,118.1480941772461,135.4508811164181,134.04235063756624,126.61799309211807
*c1cccc(NC(=O)c2ccc(OCCOCCOCCOCCOc3ccc(C(=O)Nc4ccc5[nH]c(*)nc5c4)cc3)cc2)c1,tg,155.0,125.93348693847656,146.5822798450917,140.46321825810452,134.66819075513158
*c1cccc(NC(=O)c2ccc(OCCOCCOCCOc3ccc(C(=O)Nc4ccc5[nH]c(*)nc5c4)cc3)cc2)c1,tg,180.0,175.84214782714844,160.13881384246835,155.11107561903563,166.2041908974385
*c1cccc(OCCCCCCCCCCCCOc2cccc(N3C(=O)c4ccc(-c5cccc6c5C(=O)N(*)C6=O)cc4C3=O)c2)c1,tg,116.0,137.8457794189453,130.32927643621693,136.70328669657687,135.94909252630507
*c1cccc(OCCCCCCCCCCOc2cccc(N3C(=O)c4ccc(-c5ccc6c(c5)C(=O)N(*)C6=O)cc4C3=O)c2)c1,tg,125.0,134.9319305419922,129.74638857503717,124.22991137317943,130.5562320380962
*c1cccc(OCCCCCCCCCCOc2cccc(N3C(=O)c4ccc(-c5cccc6c5C(=O)N(*)C6=O)cc4C3=O)c2)c1,tg,127.0,135.2456817626953,131.24246023620793,137.04176111186771,134.9794604636823
*c1cccc(OCCCCCCCCCOc2cccc(N3C(=O)c4ccc(-c5ccc6c(c5)C(=O)N(*)C6=O)cc4C3=O)c2)c1,tg,132.0,129.607666015625,130.84770106103326,129.6835771130776,129.88574385860946
*c1cccc(OCCCCCCCCCOc2cccc(N3C(=O)c4ccc(-c5cccc6c5C(=O)N(*)C6=O)cc4C3=O)c2)c1,tg,134.0,143.91905212402344,133.05673705323207,137.14315596961458,139.59254019419956
*c1cccc(OCCCCCCCCOc2cccc(N3C(=O)c4ccc(-c5ccc6c(c5)C(=O)N(*)C6=O)cc4C3=O)c2)c1,tg,138.0,144.51974487304688,134.69894092810213,133.3582677104172,139.05022933261017
*c1cccc(OCCCCCCOc2cccc(N3C(=O)c4ccc(-c5ccc6c(c5)C(=O)N(*)C6=O)cc4C3=O)c2)c1,tg,153.0,162.45510864257812,151.3250324739532,147.81863427501156,155.6416710729482
*c1cccc(OCCCCCCOc2cccc(N3C(=O)c4ccc(-c5cccc6c5C(=O)N(*)C6=O)cc4C3=O)c2)c1,tg,157.0,154.1584930419922,158.8141846822706,168.5860858304468,159.57804747874226
*c1cccc(OCCCCCOc2cccc(N3C(=O)c4ccc(-c5cccc6c5C(=O)N(*)C6=O)cc4C3=O)c2)c1,tg,168.0,166.48516845703125,162.26427813597465,173.1762417373835,167.68869926334546
*c1cccc(OCCCOc2cccc(N3C(=O)c4ccc(-c5ccc6c(c5)C(=O)N(*)C6=O)cc4C3=O)c2)c1,tg,184.0,180.06826782226562,195.16375067330168,185.3451363573468,184.80011499221874
*c1cccc(Oc2ccc(Oc3cccc(N4C(=O)c5ccc(Oc6ccc7c(c6)C(=O)N(*)C7=O)cc5C4=O)c3)cc2)c1,tg,204.0,216.9910888671875,208.45311405001743,210.3746712865282,213.19112845159268
*c1cccc(Oc2ccc(P(=O)(c3ccccc3)c3ccccc3)c(Oc3cccc(N4C(=O)c5ccc(-c6ccc7c(c6)C(=O)N(*)C7=O)cc5C4=O)c3)c2)c1,tg,234.0,242.27691650390625,222.05115551169897,224.4331561343384,232.60375188748452
*c1cccc(Oc2ccc(P(=O)(c3ccccc3)c3ccccc3)c(Oc3cccc(N4C(=O)c5ccc(Oc6ccc(-c7ccc(Oc8ccc9c(c8)C(=O)N(*)C9=O)cc7)cc6)cc5C4=O)c3)c2)c1,tg,227.0,227.5982666015625,219.29522144842343,213.07281334619685,221.3995961087897
*c1cccc(Oc2ccc(P(=O)(c3ccccc3)c3ccccc3)c(Oc3cccc(N4C(=O)c5ccc(Oc6ccc7c(c6)C(=O)N(*)C7=O)cc5C4=O)c3)c2)c1,tg,212.0,217.46246337890625,214.6657288977726,217.5003884453261,216.8999983311416
*c1cccc(Oc2cccc(Oc3cccc(N4C(=O)c5c(c(-c6ccccc6)c(-c6ccc(-c7c(-c8ccccc8)c8c(c(-c9ccccc9)c7-c7ccccc7)C(=O)N(*)C8=O)cc6)c(-c6ccccc6)c5-c5ccccc5)C4=O)c3)c2)c1,tg,280.0,312.91595458984375,338.20467007752467,318.8117637952433,319.93206935942624
*c1cccc(Oc2cccc(Oc3cccc(N4C(=O)c5c(c(-c6ccccc6)c(-c6ccc(Oc7ccc(-c8c(-c9ccccc9)c9c(c(-c%10ccccc%10)c8-c8ccccc8)C(=O)N(*)C9=O)cc7)cc6)c(-c6ccccc6)c5-c5ccccc5)C4=O)c3)c2)c1,tg,261.0,297.10870361328125,303.3331485765077,287.5073689829368,295.41612968142755
*c1cccc(Oc2cccc(Oc3cccc(N4C(=O)c5ccc(-c6ccc7c(c6)C(=O)N(*)C7=O)cc5C4=O)c3)c2)c1,tg,208.0,208.71728515625,228.54125397513195,226.077615761974,218.1583913634601
*c1cccc(Oc2cccc(Oc3cccc(N4C(=O)c5ccc(Oc6ccc(Sc7ccc(Oc8ccc9c(c8)C(=O)N(*)C9=O)cc7)cc6)cc5C4=O)c3)c2)c1,tg,190.5,162.65147399902344,184.86028412723573,176.97606506878685,171.642998005785
*c1cccc(Oc2cccc(Oc3cccc(N4C(=O)c5ccc(Oc6ccc7c(c6)C(=O)N(*)C7=O)cc5C4=O)c3)c2)c1,tg,189.33,178.16055297851562,192.8177049768585,199.55057465629827,187.78758755061364
*c1cccc(P(=O)(c2cccc(N3C(=O)c4ccc(Oc5ccc6c(c5)C(=O)N(*)C6=O)cc4C3=O)c2)c2cc(C(F)(F)F)cc(C(F)(F)F)c2)c1,tg,228.0,250.53204345703125,248.81111552453305,245.5798102441144,248.64656836287912
*c1cccc(P(=O)(c2ccccc2)c2cccc(N3C(=O)c4ccc(NC(=O)OCCOc5c(Br)cc(C(C)(C)c6cc(Br)c(OCCOC(=O)Nc7ccc8c(c7)C(=O)N(*)C8=O)c(Br)c6)cc5Br)cc4C3=O)c2)c1,tg,201.0,191.60658264160156,198.7628258081561,195.204169029846,194.18887565841095
*c1cccc(P(=O)(c2ccccc2)c2cccc(N3C(=O)c4ccc(NC(=O)OCCOc5ccc(C(C)(C)c6ccc(OCCOC(=O)Nc7ccc8c(c7)C(=O)N(*)C8=O)cc6)cc5)cc4C3=O)c2)c1,tg,220.0,198.32435607910156,199.21921841331655,191.51025070630465,196.39989292765006
*c1cccc(P(C)(=O)c2cccc(N3C(=O)c4ccc(NC(=O)OCCOc5c(Br)cc(C(C)(C)c6cc(Br)c(OCCOC(=O)Nc7ccc8c(c7)C(=O)N(*)C8=O)c(Br)c6)cc5Br)cc4C3=O)c2)c1,tg,191.0,191.4491271972656,199.9164040316271,201.28363589185992,196.23020437630032
*c1cccc(P(C)(=O)c2cccc(N3C(=O)c4ccc(NC(=O)OCCOc5ccc(C(C)(C)c6ccc(OCCOC(=O)Nc7ccc8c(c7)C(=O)N(*)C8=O)cc6)cc5)cc4C3=O)c2)c1,tg,211.0,191.13754272460935,198.67594539112773,199.45124876863477,195.25739763566355
*c1cccc(S(=O)(=O)NCCCCCNS(*)(=O)=O)c1,tg,74.0,79.00459289550781,71.10397541956289,77.16647845259673,76.81382781961221
*c1cccc(S(=O)(=O)NCCCCNS(*)(=O)=O)c1,tg,82.0,65.94380950927734,81.9083582851296,85.92041954557484,75.40197663297555
*c1cccc(S(=O)(=O)NCCNS(*)(=O)=O)c1,tg,107.0,78.69799041748047,105.17218650239936,108.07643713306072,93.22269191980324
*c1cccc(S(=O)(=O)c2cccc(N3C(=O)c4ccc(Oc5ccc(S(=O)(=O)c6ccc(Oc7ccc8c(c7)C(=O)N(*)C8=O)cc6)cc5)cc4C3=O)c2)c1,tg,205.0,238.42156982421875,256.7369690480349,250.743389316557,245.99410714129695
*c1cccc2c(-n3c(=O)c4cc5c(=O)n(*)c(=O)c5cc4c3=O)cccc12,egc,2.5506,2.447570562362671,2.8774124176805245,2.839905938758663,2.650653266771196
*c1ccccc1C(=O)Oc1ccc2c(*)c3ccc(=O)cc-3oc2c1,tg,250.0,306.5447998046875,238.8805855201988,249.69378240993467,275.0637372995454
*c1ccccc1CCc1ccc(N2C(=O)C(=O)N(c3ccc(C)c(N4C(=O)C(=O)N(*)C4=O)c3)C2=O)cc1,tg,255.0,239.8131103515625,242.2549848785258,245.4826183983548,242.0685179108977
*c1cnc(*)c(C)c1,egc,5.1042,4.576801776885986,4.80254660013338,4.278554926815382,4.546378723901764
*c1cncc(-c2nc3ccc(-c4ccc5nc(*)sc5c4)cc3s2)c1,egc,3.1882,3.2769699096679688,3.0557942105366607,3.0177647075972853,3.156890276659077
*c1cncc(-c2nnc(-c3nnc(*)o3)o2)n1,egc,3.6277,3.679099559783935,3.5009536108750896,3.711597611100213,3.647965270700423
*c1csc(*)c1,egc,3.5591,2.511108636856079,3.0271477169684293,3.2165048184157534,2.8186269892954474
*c1nc(-c2ccccc2)nc(N(*)C)n1,egc,4.2966,4.347895622253418,4.239192852099186,4.103353052081075,4.257035508284888
*c1nc(-c2ccccc2)nc(N(*)CC)n1,egc,4.1252,4.348336219787598,4.361858088990621,3.9197457850636344,4.234869565833943
*c1nc(-c2ccccc2)nc(N(*)c2ccccc2)n1,egc,3.8771,4.0465545654296875,3.9752164663530594,3.949833518728685,4.004258569774535
*c1nc(-c2ccccc2)nc(N(CCCCCCCCCCN(*)c2ccccc2)c2ccccc2)n1,tg,62.0,55.35845947265625,86.70605698178387,85.82405931263233,71.22007048284232
*c1nc(-c2ccccc2)nc(N(CCCCCCN(*)c2ccccc2)c2ccccc2)n1,tg,74.0,94.28286743164062,112.96589687078038,110.78852048714496,103.22530185585316
*c1nc(C(F)(F)C(F)(F)C(F)(F)F)nc(C(F)(F)C(F)(F)C(F)(F)C(F)(F)C(F)(F)C(*)(F)F)n1,tg,-11.0,62.576148986816406,92.37759480845963,90.41741151391146,77.30838627985544
*c1nc(C)nc(N(*)c2ccccc2)n1,egc,4.4826,4.3116607666015625,3.96048658815524,4.1100177972618965,4.178061980504933
*c1nc(C)nc(N(CCCCCCN(*)c2ccccc2)c2ccccc2)n1,egc,3.751,3.941048383712769,3.8313028871141386,3.8911518767158912,3.9028634321636435
*c1nc(C)nc(N(CCCCCCN(*)c2ccccc2)c2ccccc2)n1,tg,67.0,66.88029479980469,69.38476194323329,66.16028868043895,67.17172812633987
*c1nc(C)nc(N(CCCCN(*)c2ccccc2)c2ccccc2)n1,egc,3.7879,4.035244464874268,3.967897564944762,3.9060189305576536,3.985008477277174
*c1nc(C)nc(N(CCCCN(*)c2ccccc2)c2ccccc2)n1,tg,89.5,69.05709075927734,81.17687206394737,81.9370357842214,75.53027974465031
*c1nc(Cl)nc(N(c2ccccc2)c2nc(Nc3ccccc3)nc(N(*)c3ccccc3)n2)n1,egc,3.6448,3.863520622253418,3.5991870002183313,3.7853058595501343,3.7829554859822525
*c1nc(Oc2ccccc2)nc(N(*)c2ccccc2)n1,egc,4.4124,4.022210121154785,4.122090638847086,4.1605088828778625,4.08221150034251
*c1nc2c(n1C)C(=O)N(*)C2=O,egc,4.0674,3.2476441860198975,2.6015091478152494,3.6329071463325415,3.207403392138212
*c1nc2cc(S(=O)(=O)c3ccc4oc(C5CCC(*)CC5)nc4c3)ccc2o1,egc,4.8558,4.30353307723999,3.5828943213208384,3.5216608596053476,3.9293238369924537
*c1nc2cc3nc(-c4ccc(*)o4)[nH]c3cc2[nH]1,egc,2.2261,3.1064352989196777,3.1201827855933333,2.889168127945255,3.050461598841242
*c1nc2cc3sc(-c4cc(OCCCC)c(*)cc4OCCCC)nc3cc2s1,egc,3.1607,3.159057378768921,3.0523215890536783,2.961075110032232,3.0812946865494877
*c1ncnc(N(CCCCCCN(*)c2ccccc2)c2ccccc2)n1,tg,72.0,56.762245178222656,67.89322170045418,58.77469635225829,59.67017370413153
*c1ncnc(N(CCCCN(*)c2ccccc2)c2ccccc2)n1,tg,91.0,68.20684814453125,88.14258441823614,76.86823676903634,74.97957198030632
*c1nnc(-c2cc(CCCCCCCC)c(-c3ccc(-c4sc(-c5nnc(-c6cc(OCCCCCCCC)c(*)cc6OCCCCCCCC)o5)cc4CCCCCCCC)s3)s2)o1,tg,34.1,80.05917358398438,62.36298788372699,69.57252171669073,73.18154206925226
*c1nnc(-c2cc(CCCCCCCCCC)c(-c3sc(-c4nnc(-c5cc(OCCCCCCCC)c(*)cc5OCCCCCCCC)o4)cc3CCCCCCCCCC)s2)o1,tg,53.8,69.9793701171875,50.49923303057987,49.68667785478718,59.70162497666703
*c1nnc(-c2ccc(Oc3ccc(C=Cc4ccc(Oc5ccc(*)c6ccccc56)cc4)c4ccccc34)c3ccccc23)o1,tg,241.0,263.56793212890625,253.83643325768696,255.21108236100565,258.9844638189123
*c1nnc(C2CC3(CC(*)C3)C2)o1,egc,6.0399,5.437749862670898,5.562960579314652,5.621653301125756,5.515830564290636
*c1sc(*)c(C)c1C,egc,3.3355,2.5136470794677734,2.505979182189037,2.6235046139103373,2.5417884532924218
*c1sc(*)c(CCCCCCN(CC)c2ccc(N=Nc3ccc([N+](=O)[O-])cc3)cc2)c1CCCCCC,tg,17.0,73.15509033203125,68.32659669610018,71.956009446488,71.79277199444832
*c1sc(*)c(CCCCCCN(CC)c2ccccc2)c1CCCCCC,egc,1.59,1.9937169551849363,2.3216592883101463,2.5223715049691937,2.2109925326811255
*c1sc(*)c(OC)c1OC,egc,4.1637,2.126969337463379,2.283117310987658,2.4374609712926643,2.246400445269174
*c1sc(*)c(OCCCC)c1C,egc,2.2732,3.1864473819732666,2.9244355502049735,2.9954051765394984,3.075734157993763
*c1sc(*)c(OCCCC)c1OC,egc,3.2859,3.5460469722747803,3.18272002463119,3.2175976271397264,3.3752528720603223
*c1sc(*)c(OCCCCCC)c1C,egc,3.4475,2.390242576599121,2.6658915676108252,2.823424648362546,2.569834338121645
*c1sc(*)c(OCCCCCCC)c1C,egc,2.9827,3.106171131134033,3.384020064067937,3.299304697694275,3.221005970014605
*c1sc(*)c(OCCCCCCCCCCCCCCCC)c1C,egc,3.676,2.50023889541626,2.5559010276828147,2.9169467592459064,2.625997397457451
*c1sc(*)c(OCCOCCCC)c1C,egc,1.6261,2.3074498176574707,2.679553741980571,2.818631599274001,2.5298837950445927
*c1sc(*)c([2H])c1[2H],egc,1.6361,1.9402379989624023,3.0026177170532016,2.9302484169580785,2.4476951811612144
*c1sc(*)c2c1OCC(CCCCCC)O2,egc,3.3322,1.875943660736084,2.18173596009407,2.067535316031013,1.9966286148549006
*c1sc(*)c2c1OCC(CCCCCCCCCCCC)O2,egc,1.9291,1.9787285327911377,3.186693675796032,2.915298482497195,2.504322267778322
*c1sc(*)c2c1OCC(CCCCS(=O)(=O)O)O2,egc,2.1668,2.742079734802246,2.620406565143422,2.760896519545093,2.7198965391804006
*c1sc(*)c2c1OCCO2,egc,1.7526,2.796246290206909,3.279179153441321,2.956164220587201,2.948064040145978
*c1sc(*)c2nc(-c3ccccc3)c(C)nc12,egc,2.498,2.6634411811828613,2.9151232867335226,2.7426465133571174,2.741437142060995
*c1sc(*)c2nc(C)c(C)nc12,egc,2.7771,2.4501004219055176,2.5434246598470693,2.4913131446401757,2.482240733390868
*c1sc(*)c2nc(CC)c(CC)nc12,egc,2.6114,2.9459073543548584,2.9422631262470476,2.9843579492598655,2.9555414744980126
*c1sc(-c2cc(OCCCCC)c(*)s2)cc1OCCCCC,egc,1.2005,2.616907119750977,2.120874915770662,2.1697317749976137,2.3840675475691615
*c1sc(-c2sc(-c3sc(*)c4nccnc34)c3c2OC(CCCCCC)CO3)c2c1OCC(CCCCCC)O2,egc,1.6167,1.9973397254943848,1.600558625213656,2.118172518518566,1.9411648293905863
*n1nc(-n2c(=O)c3cc4c(=O)n(*)c(=O)c4cc3c2=O)c2ccccc2c1=O,egc,2.9967,1.894148349761963,2.6404869861447815,2.9057753565199897,2.336575924506695
