id,target
1,4.1956093364249
2,2.5514877414577617
3,310.4369913987683
4,-26.22465667119628
5,4.379783883433124
6,6.660380590644786
7,5.311384908774755
8,64.09799563447758
9,74.46813861943203
10,57.43212796622042
11,37.02226529164543
12,-3.347189112863843
13,251.4137557800036
14,191.40491262303993
15,3.5108787627062257
16,268.74472001211564
17,3.437386167891416
18,85.46841274152233
19,3.2588745279271265
20,6.498356884007004
21,-67.6047979586095
22,58.46305989381536
23,3.066110730684384
24,2.8134305073152204
25,15.713790237227755
26,79.63930008637189
27,1.1944089228823496
28,155.65430885514223
29,44.67922047388244
30,3.6927746132085795
31,6.3258643198722995
32,29.859141416074053
33,47.60005062064634
34,4.046571406532305
35,2.3415846996661087
36,5.876734195170119
37,251.47813692580917
38,230.6613718985697
39,57.05686626817737
40,118.88495607447665
41,-53.05079540693263
42,2.6282748080549503
43,5.88836196096385
44,4.537333987493765
45,100.87341212476937
46,49.19692976221977
47,2.86328899234116
48,-88.36422552566573
49,4.193022197777252
50,1.784804266588744
51,243.85684973353528
52,3.154810760797553
53,2.1724377953491754
54,74.176242795759
55,3.024543731760831
56,4.453170327644817
57,5.608550171520473
58,152.4029826500852
59,230.18860040543024
60,6.767969282404967
61,2.2225301571792033
62,221.8305862894714
63,6.660615298980941
64,2.777816868472602
65,1.6325007697663034
66,4.92242806467819
67,4.957458436678645
68,178.0847119401772
69,127.82780084464876
70,1.9416002955055363
71,2.519058500007886
72,2.466056352751914
73,25.387112433358347
74,251.99292991928746
75,212.6635057630535
76,6.346153998276453
77,5.8886179732360695
78,122.46858860620068
79,274.17293896217956
80,3.7831378524680335
81,39.5845083166802
82,4.192881905510426
83,175.48336839836915
84,35.06375746435986
85,2.8983079839310375
86,2.2856641642534714
87,58.03482840335249
88,207.38932382779063
89,5.994948820530356
90,5.325862885480179
91,42.433819625506864
92,8.880810960390672
93,31.349059688302585
94,5.648557998906368
95,4.025292882931862
96,3.1098845691227512
97,7.096577279160343
98,218.59355282469804
99,84.79911973508628
100,284.1335985557802
101,5.541876305680301
102,256.7704938596056
103,2.830085916883772
104,6.647585685486945
105,134.218610302904
106,-25.585556392871993
107,279.20029499419695
108,2.7969682751935636
109,175.9455318960534
110,3.535567582818145
111,50.513286942153115
112,2.1320693716986368
113,175.86801041941843
114,6.708337892893773
115,5.6621813122912705
116,397.1778255774583
117,195.8681449237275
118,158.56675852823565
119,230.33691818862584
120,338.86933401559713
121,145.0586210660885
122,3.8271514659942056
123,99.71458045935711
124,259.19099865177157
125,128.81272109001253
126,6.302714824182047
127,125.28977188850047
128,3.4076431705678143
129,223.1476017369144
130,82.29701907461273
131,65.49798484499766
132,-21.895255918546333
133,-99.3744243762683
134,319.4571345859453
135,5.935491887171022
136,1.9923836120735146
137,147.3352629308684
138,5.7976298831249515
139,197.11062068563405
140,286.16961392411406
141,49.3127027262021
142,-12.749651550467883
143,77.8549649223599
144,27.559139569549465
145,6.636544225429103
146,182.46004056772355
147,214.55629262505403
148,2.0431876738681507
149,275.77804840525545
150,52.49827038575884
151,288.29936675323665
152,242.25067939222058
153,175.129511754131
154,44.36346233098539
155,4.272353736291839
156,228.04599572881654
157,124.585206743453
158,141.77586367318642
159,143.08878163023155
160,6.339847664325062
161,63.70839036028499
162,4.925215355939714
163,289.2666942073762
164,3.086055253700456
165,59.34573221883912
166,209.30512170334714
167,312.0067591485699
168,7.343584457895814
169,1.7062425611962204
170,231.2788988742397
171,3.0764066574991906
172,4.307028005097124
173,-48.41650861336101
174,3.955266739696664
175,5.575565457807169
176,138.04814721094354
177,72.02840559006164
178,314.385795122644
179,123.02014320460708
180,196.76700762772364
181,6.758525483666005
182,2.803865364312866
183,291.0959868909041
184,7.451017383959212
185,1.6690036280869975
186,3.570836025774175
187,2.9540914284303934
188,3.947726757545168
189,63.541267192262694
190,4.408175249832963
191,2.413915943351861
192,29.17359372387255
193,3.2541758778928345
194,313.9984941484661
195,94.20791641222503
196,289.1362854157002
197,117.08965844122547
198,221.6835263657244
199,52.82139646762134
200,2.3048573773285987
201,3.45747480855653
202,79.5941611328556
203,49.83407397345414
204,4.4019107174756495
205,277.8138660682192
206,46.30619102321107
207,213.83128910182126
208,148.34616829474135
209,66.45881241143738
210,166.40501614094222
211,69.78475605609539
212,103.43984260887407
213,271.8700155663458
214,66.7689983827822
215,20.54445419577241
216,162.3762351810494
217,91.63155239659952
218,165.58480676563522
219,215.02833315548062
220,5.902680984211322
221,206.19742272621545
222,152.28904476894144
223,2.9188281521497927
224,191.34648774268248
225,269.2515836630188
226,191.66098056119029
227,52.373123796121035
228,271.7793299470583
229,260.9648529894361
230,0.8304823254075566
231,214.80380011865037
232,41.879938350184474
233,57.263846937648125
234,245.33908306562984
235,110.37744090580708
236,2.153088261950862
237,6.313973492476789
238,39.991117193419896
239,6.234921987675927
240,177.04668934110532
241,314.79637591608764
242,227.81965263275868
243,4.12918359770833
244,4.536277191180447
245,43.701671203399776
246,136.46967972689404
247,127.15840688161576
248,5.180092986084848
249,5.751179544226061
250,66.8738144748414
251,60.05906991855752
252,199.79682632600372
253,8.130554923254055
254,178.08495057832806
255,-59.53340616267801
256,6.259705934304153
257,2.064661536084317
258,70.69468448286311
259,259.7790196821438
260,2.2866966471307864
261,5.5985287196347295
262,6.210418137055235
263,-35.561460916061655
264,3.7326335046677155
265,3.4423590026916693
266,2.1800767488537094
267,3.7975255632626723
268,1.7560689468312978
269,199.47909507512236
270,3.0718320168996343
271,168.0062732075554
272,135.67952991615198
273,4.677687235179885
274,3.991874382198522
275,312.16345779944214
276,178.27274231129462
277,192.9542977994406
278,-72.40462961917007
279,4.408088919770643
280,182.93271365133484
281,5.143985166911474
282,207.77559387143972
283,180.93492549959194
284,133.96723526777453
285,247.41544184509178
286,141.27086905434504
287,232.1452797375017
288,6.3076005456448545
289,148.05593933530253
290,4.8902997624254025
291,51.49309506909961
292,4.2451875522852225
293,97.22727953313786
294,118.14930684846422
295,5.546982440093128
296,118.07199381832916
297,46.78930602761637
298,-45.03944820507407
299,205.0400404473718
300,5.76568483721832
301,4.0528611395031575
302,5.029110796597725
303,4.609575027644861
304,4.166257220783686
305,4.762218942682419
306,230.93166617242673
307,3.0233256926078584
308,3.1497457700420273
309,116.92914213167235
310,2.2128655780711473
311,2.140804470050805
312,3.6041339360811975
313,136.95822494763203
314,4.2713750484868145
315,-0.7944076780723445
316,2.297316430033523
317,4.490879843352373
318,3.620736788003124
319,70.526454431977
320,1.8526715070976052
321,6.277307506080295
322,2.8069404359055783
323,1.8222866109330222
324,2.3493111502295423
325,3.4840542117848954
326,4.97272668639046
327,37.5472261667791
328,4.835494877656993
329,100.6175920567669
330,50.722278706095466
331,28.097113170104876
332,5.580275791649946
333,3.408241567131255
334,6.736210447374015
335,148.67210418497666
336,3.7780475861588574
337,2.2761823454603674
338,140.2011076915831
339,51.91246581923933
340,285.88886610989766
341,119.68318918234768
342,74.447901545113
343,3.4573927710750727
344,2.7674385581497876
345,117.81465414491439
346,3.174211776628401
347,5.398334071480453
348,85.12631756867492
349,-68.42050396935454
350,138.30047450508695
351,238.47639724787678
352,29.48116846602801
353,0.9972570326356879
354,5.894934927288095
355,324.5528078817099
356,213.91962577549128
357,3.2178969738928895
358,21.02468424796581
359,4.494682723319363
360,139.42211427484844
361,4.58547594052545
362,5.203995165343183
363,27.12340800793866
364,4.467986442727805
365,5.434603278585453
366,76.91963604365147
367,4.582613051126842
368,234.95098386366618
369,5.267522500054153
370,-27.24344926705073
371,247.74439448481002
372,36.77044154466665
373,157.77054277169506
374,14.145354928107448
375,105.54704198097994
376,2.9607245459284366
377,2.7824719307279624
378,3.8779217287713816
379,3.260269274263451
380,0.8191886320420523
381,5.8882009547947955
382,6.798690023103502
383,158.55649996529033
384,1.807742417247864
385,3.7948850695565906
386,284.57156808994034
387,2.100777044942525
388,4.179620282063381
389,83.62250945136648
390,5.2666697054960325
391,168.16055154709215
392,6.512111286586666
393,3.9506664457189187
394,309.6617121995715
395,186.64121893079763
396,2.3702925879167744
397,1.7187302765471313
398,7.102092659336684
399,171.3491768228343
400,217.10160541423087
401,1.681575641102084
402,6.4204011566816614
403,5.846000718523026
404,5.789480535527359
405,14.461802386442667
406,7.3615327714174965
407,-73.19300812250847
408,4.2784427947723795
409,2.9480919181523433
410,3.636579805282808
411,2.5180638789283476
412,-19.35832660788964
413,323.3923364912439
414,5.772939644804602
415,48.57778908452424
416,3.230239151379825
417,6.702223339732291
418,5.078557164252924
419,5.618038970691909
420,4.553374766256097
421,131.3176824358773
422,177.88924763877122
423,169.31104847730316
424,138.6407253273361
425,5.820512327259578
426,233.5358436147518
427,3.6111177478974295
428,249.12155182082972
429,2.4481994779594345
430,4.44665900022983
431,260.04086875659925
432,150.30251889973397
433,11.825983769806989
434,6.119143796104851
435,62.13579769988801
436,238.41547543545772
437,222.07471144430696
438,162.22768083497556
439,5.900233351004797
440,253.71552535079977
441,193.63519993495208
442,121.39743070352053
443,309.59875905015895
444,5.520391466914899
445,6.319916835275573
446,63.23027208587624
447,1.4051828725821434
448,6.175537739046966
449,327.9006188157608
450,272.9294269795518
451,151.3164052429737
452,233.03734937266114
453,1.8548906717020945
454,4.278129792927205
455,140.3813077752282
456,2.5027410277951216
457,4.847995479733955
458,259.1808635693434
459,67.48795949625733
460,25.175025920793225
461,128.22369781916188
462,6.51266284777905
463,197.7227133562912
464,5.188511426027358
465,138.69558525865483
466,67.40759113461911
467,2.3236094508580347
468,5.467327261815221
469,33.83996773354011
470,23.332225965127904
471,1.7966645986245788
472,1.8624822879134217
473,42.25776020225791
474,5.949441875767251
475,104.42741961892581
476,6.73875668647089
477,2.2765946500942738
478,4.3849285662379405
479,210.16984633904605
480,4.677058411974691
481,6.291891748502158
482,227.89200544070133
483,1.7391441211278276
484,206.19811051307153
485,100.78825866787378
486,4.358838959294019
487,2.4707297479185097
488,218.0643823517077
489,2.676467973653838
490,4.768471320750409
491,6.537934535401339
492,3.805458782996398
493,3.88682074988178
494,222.78056748614836
495,5.818859963400014
496,138.45382779725313
497,6.397832881564368
498,5.4484895966775175
499,5.465588250998372
500,8.47726254470572
501,3.351078721101562
502,314.920756796904
503,103.51606701627463
504,4.984179338842941
505,1.9160903953998645
506,6.372768156372594
507,336.11400544676604
508,72.31914397657007
509,264.4156542889484
510,4.018935003338385
511,126.3171152551813
512,201.34544594983385
513,234.70339461092587
514,292.25662706033984
515,314.78178672351305
516,222.56571713136526
517,313.5434074062266
518,7.236541944908156
519,45.44856608062322
520,291.32329253129797
521,1.732522322804303
522,3.98938866285231
523,234.20239124513495
524,4.330265525450305
525,168.134559863752
526,5.770636898447611
527,4.716246997557981
528,4.204031856974263
529,6.457190786107716
530,262.38606356345747
531,95.61243253047728
532,3.7222976862826087
533,86.18971213311175
534,4.5205707071922925
535,6.814538757981158
536,5.91560404134666
537,1.2711019375332158
538,5.064012746003857
539,258.08511603699606
540,254.20376729606713
541,234.36252249144394
542,70.78017414945842
543,105.63484008027973
544,5.213023844230329
545,3.9673746697929104
546,3.3357244857146977
547,2.0307678698343814
548,302.7722617429042
549,5.814601212136482
550,250.23147823967028
551,5.816537354753537
552,120.2792990823187
553,3.910152380426342
554,79.36430798219783
555,113.77185754044831
556,234.78280250836553
557,194.82036838598665
558,5.394253307021836
559,5.9804165331188495
560,184.10858467931038
561,171.02347383726587
562,153.9485766775285
563,3.356758340270266
564,33.87240888844325
565,181.39716101469148
566,2.7641955115033396
567,56.09463354500105
568,102.69192214731251
569,334.7797791590628
570,3.499757677461291
571,206.56047019949318
572,3.355539735237411
573,97.25107376127625
574,117.64223154324178
575,7.821005175805805
576,1.8316774958191013
577,3.165453053383567
578,169.34016900321566
579,-8.314240673484521
580,276.633258333049
581,53.31984057418301
582,61.63557239608821
583,5.208712389567352
584,3.300993700424896
585,159.0680393342697
586,5.066209171710167
587,223.11094950302373
588,2.907608703739015
589,201.07053382897448
590,261.33377657603313
591,132.70391452139785
592,6.999444677749368
593,247.35223134797582
594,245.48241449293036
595,36.402084268706574
596,5.344535890759362
597,110.94760571346208
598,2.8223141660247526
599,62.289737843822
600,183.11399063898324
601,160.28207462754412
602,36.981336983160595
603,2.021837712706445
604,240.81435796582207
605,2.680727545607305
606,2.864578134017794
607,6.558756347075249
608,43.50654299944685
609,291.00801560179724
610,39.511818637297836
611,71.35709831274735
612,0.4092986736735498
613,33.241044903357434
614,47.12922469638411
615,1.9188056423738953
616,187.97245419585164
617,-65.2269919776008
618,238.58469198235528
619,4.775714948924696
620,5.4210504681552845
621,183.98652016597396
622,86.3472211097211
623,174.2662047072056
624,202.6572516658224
625,2.454914091612995
626,2.053057390757339
627,67.68730016064131
628,4.490135087264763
629,211.71680518296085
630,4.502390804466044
631,2.253514538890099
632,186.1925140641457
633,135.1092865033361
634,233.1330319233914
635,2.7063513569602047
636,106.40900432218089
637,109.30013446687265
638,6.582691525833063
639,25.32693155174831
640,120.38369895000135
641,6.7066466781563525
642,3.237232787498827
643,289.57733112157405
644,3.316876299023968
645,98.32540282893069
646,82.40720602170326
647,180.91536746504582
648,249.33255090524528
649,373.56900553666867
650,325.33104550650285
651,75.99485907965314
652,45.63877607096452
653,3.1175969451918153
654,183.77220761371478
655,4.840516411175907
656,183.86842798782936
657,159.04100783033212
658,285.1366456862563
659,1.887082352203039
660,119.39570700678564
661,3.8617635246044992
662,148.56470854576654
663,3.846953984935214
664,-61.00615553210375
665,82.29183583603016
666,131.42995264179754
667,261.03262356346283
668,330.3318053178242
669,115.59254755602792
670,203.65950294150213
671,109.22492960309476
672,89.00654090281586
673,4.145667997482773
674,5.682809227186197
675,5.654327062250466
676,5.663857425104862
677,26.631393534085486
678,187.365318916582
679,5.04307837197634
680,3.279652637980461
681,1.914189857097441
682,69.65567932530551
683,6.074928301400934
684,190.11591614340594
685,229.81586108890545
686,5.6741524578437765
687,383.5779671854722
688,87.09974940069839
689,99.63974987587453
690,318.5979870289616
691,3.736702694994813
692,56.4493371899477
693,5.141864940757896
694,7.408638950885463
695,28.948749361037994
696,288.81361793634613
697,0.5383299678729351
698,214.52364143578023
699,1.41764180309621
700,244.08601417424725
701,3.4856311252795806
702,3.188549687245155
703,49.965667818117126
704,84.97617618512884
705,165.45186550569682
706,196.31930475261126
707,148.00554575080915
708,57.30177094922108
709,88.81714721339937
710,223.4198454388669
711,239.11532041681426
712,6.49070287072135
713,2.8973068618059914
714,6.547395126736752
715,250.44582779525734
716,3.4608570722709557
717,71.86550401555319
718,371.82791009587095
719,209.08664051836286
720,4.540547333743117
721,143.61184900562557
722,2.259255818285302
723,6.449910876037482
724,2.2414075733431744
725,2.7870316918722553
726,105.11343603933301
727,240.97309253802703
728,48.76763650052335
729,57.42997853751893
730,59.68288147307331
731,284.96820930893125
732,4.833139200384821
733,6.578758539038297
734,13.442702704748712
735,253.08556240455513
736,50.715602859625676
737,42.61038994148355
738,130.29330368814107
739,287.99302199146194
740,143.5851061797924
741,4.857703552058123
742,267.7027154754751
743,138.63427659239528
744,1.5194667765646879
745,278.3276467608507
746,182.48616402075865
747,4.101127334540275
748,52.80053335016717
749,86.39587603027681
750,196.105842701979
751,61.53853239577363
752,241.92006302079315
753,1.9534448706833758
754,252.66998879030484
755,6.50541728452325
756,5.919113111264116
757,178.05311759491786
758,2.4802016380005387
759,65.96444522559055
760,6.8990759687039
761,223.0201885027708
762,5.167927472734278
763,2.1978364031989255
764,84.20366611022024
765,4.542134958330377
766,41.25353575624285
767,0.8999826865047829
768,4.9761845962613505
769,5.810874394433003
770,2.002405016565344
771,272.54188272776906
772,79.23536754368618
773,119.31549417607616
774,-25.112275982993797
775,29.368370881883003
776,4.274853786892752
777,207.82468601339605
778,-21.92399193038696
779,172.98169657795054
780,59.91585046564511
781,301.5439348831553
782,4.049165819520986
783,43.740191346036255
784,2.834040185513416
785,39.15777694924655
786,147.64309206758918
787,5.53401390234663
788,1.8864305183604637
789,164.22068807415695
790,89.47657778739952
791,-31.959517656944474
792,107.82404329915636
793,-89.10810977643581
794,307.95088455303426
795,-64.31580045460474
796,125.00786263197938
797,3.7606438353867357
798,54.70992621940049
799,3.347028219647747
800,5.858851152361483
801,241.33652994183944
802,90.89113415985611
803,164.4293168790143
804,6.501700480130019
805,2.051116323178644
806,185.53533704951877
807,2.598395123721136
808,72.25207640914076
809,1.6357538001629242
810,50.10554634888376
811,261.1599250130819
812,88.86283548958068
813,262.1139948697661
814,5.923649120003602
815,4.640983851556904
816,6.908563021253502
817,2.281712653227551
818,-1.3915972542005095
819,5.304700742242975
820,82.15949707213886
821,5.644502975205349
822,2.0379234457798585
823,28.072405479003642
824,88.98441879037972
825,7.269548376759625
826,72.1877001570422
827,4.260498770520874
828,6.393978157553873
829,39.23913455099981
830,159.79467336671723
831,92.76327741704429
832,6.038116943332468
833,254.4703807526426
834,195.51071392375133
835,120.95404486790588
836,2.3904326423980304
837,57.881861852526605
838,161.07908190206018
839,5.437647457255959
840,192.27475262058397
841,153.22445919301944
842,62.77158287112322
843,2.867379981603097
844,3.1825862859998164
845,5.2929986674018314
846,6.312211187826871
847,5.5980793289617505
848,140.56769246418975
849,6.347763970472309
850,83.83705828363912
851,7.2608723219537765
852,30.76912693738136
853,85.66658823856942
854,20.3688297314883
855,7.20551936091673
856,232.2079940737841
857,93.17727721154736
858,69.70066193828103
859,195.63360986210043
860,2.1008630395573302
861,3.355184613742403
862,2.81010516372791
863,116.18609479717836
864,254.83008307574886
865,264.7243244533724
866,214.04382249456904
867,5.347389856829534
868,106.11688494237234
869,132.83925098016044
870,113.25453072119171
871,155.09937242794263
872,139.25655438646513
873,2.9394071621950264
874,77.14523192369278
875,6.617015819104373
876,111.53845500638718
877,31.181969299383837
878,120.34983777984112
879,5.117549558309612
880,6.77968082605887
881,162.2913958118179
882,5.835773378880297
883,237.5862594225306
884,5.901872822144286
885,172.4989260668278
886,64.19972244603804
887,2.2034799816632917
888,2.2016996254758365
889,232.80297837388503
890,3.9298038756723948
891,2.783974336189739
892,64.0318853197017
893,4.894417117486457
894,-4.467565414735281
895,3.6256990309000754
896,203.68610853070805
897,2.38407248446359
898,219.58894374817658
899,-57.91500723683084
900,251.9319879546247
901,3.916388561438053
902,200.04064422849672
903,5.42606972381972
904,134.22038861203754
905,1.9130088292375005
906,0.9345910688406244
907,202.28067794648692
908,35.04545223574063
909,84.02256148189022
910,2.4609679606191546
911,6.656591457336213
912,283.2689736686827
913,169.5634733882365
914,280.8730742396542
915,123.41170965164238
916,134.67710655368916
917,-6.012195888011559
918,2.502858776645554
919,2.9328038664180363
920,382.66119699731087
921,126.0398632277857
922,185.35704500599456
923,2.5668626573906166
924,72.75270683465918
925,180.54766707921607
926,49.485756222795956
927,64.11909407705777
928,5.205383225117341
929,0.20486834044063074
930,-13.44767457377186
931,224.4148482971679
932,184.32113290840954
933,5.36920678498508
934,2.0818065690067855
935,183.40370244801926
936,31.574082912669546
937,3.8496247585987726
938,4.830246387713486
939,130.3349638030196
940,1.554613175352237
941,5.899912596344671
942,4.83383210423888
943,112.75300915100846
944,4.793645063984844
945,2.0140689969106704
946,79.50956765251036
947,44.45612732115541
948,43.71775333551545
949,224.5081697405695
950,360.3524095400695
951,23.0007983387697
952,-16.553555880174034
953,6.15043159093934
954,249.24677509310453
955,179.42593971850687
956,143.13361202140098
957,2.4027396817035065
958,3.125074614360125
959,179.11285261367388
960,45.32955764381015
961,164.36696856672205
962,3.248476786321399
963,6.412491254565005
964,5.02263294074004
965,6.787210334787574
966,3.7908903351974796
967,38.991635093306684
968,168.8514458107162
969,180.11883399231
970,6.454443178792515
971,354.4996970364821
972,5.5958307865502155
973,104.71697011957949
974,5.193419628838459
975,4.564326270233147
976,5.469434706690704
977,188.50993701502404
978,304.777615613618
979,2.8413376849626113
980,1.8372071982588845
981,-19.339559681865587
982,40.355974628627386
983,295.68678615856186
984,321.7734278902592
985,258.20623626897714
986,88.35577328763326
987,3.4675734571059973
988,241.83290928510996
989,339.5106175127291
990,128.05582679452385
991,4.239285217773947
992,306.5240577773885
993,188.76639388452847
994,3.272273786736596
995,-9.811914808117873
996,17.717565148786665
997,2.0812638668086545
998,39.58355830496424
999,80.96979091292732
1000,-32.90825343935528
1001,268.75649328612724
1002,172.113430924303
1003,5.638839568472648
1004,1.123089776978697
1005,1.7252589023722644
1006,3.812424641521908
1007,131.37323269056282
1008,1.9139884913269574
1009,6.807184696808447
1010,32.57442638923861
1011,261.16956851952904
1012,16.569680312878678
1013,222.1133347473655
1014,72.77474004991795
1015,235.6449366061907
1016,6.485303032063854
1017,5.117868832659625
1018,2.9804867488387305
1019,6.3758050559560395
1020,4.113136726868826
1021,142.82340878125743
1022,92.59271306109676
1023,167.02808791571454
1024,170.05734153003488
1025,5.379833081013121
1026,3.6453794987943153
1027,5.15716486844172
1028,80.54397667527554
1029,3.5332288136646888
1030,26.456980131406237
1031,276.2392335099221
1032,3.054373550879556
1033,2.694931166659801
1034,221.8217731145694
1035,1.1804859283219324
1036,237.59671755521975
1037,6.741693350479697
1038,57.064269817193846
1039,3.672042767525188
1040,8.555153404074911
1041,3.0389206970607443
1042,3.679823994857335
1043,3.4418435730974988
1044,326.08603422728294
1045,150.0496370839606
1046,39.56425372400595
1047,218.87996228081488
1048,1.805245137136715
1049,3.4545080332675937
1050,6.024836221322107
1051,60.77434300041871
1052,173.48813837432337
1053,249.26593864854772
1054,6.202034014133167
1055,31.30735466113837
1056,29.085388729480403
1057,4.492588967018833
1058,2.7915131208056208
1059,3.0721983668112904
1060,126.55799468546044
1061,3.5584483603804413
1062,6.007658351967529
1063,299.66029959262846
1064,232.43132359042124
1065,58.01665737195814
1066,248.37592599430707
1067,270.9368748731758
1068,5.713230228726725
1069,4.654642936343844
1070,303.00059860407373
1071,167.16508959593074
1072,5.413528432364113
1073,3.5574557408383676
1074,6.338493941656788
1075,4.888623909195076
1076,287.0806996874935
1077,6.216797306314747
1078,182.14306561770576
1079,3.040858075169367
1080,2.535579442487617
1081,5.855132211339782
1082,4.006469444464116
1083,3.534567654401146
1084,6.293831693996402
1085,140.12240971737458
1086,169.94467291854482
1087,52.64945555754422
1088,287.6762360151861
1089,8.52017787339309
1090,127.15221102941874
1091,267.16279520604394
1092,5.741438465960125
1093,3.7960740061669664
1094,6.6915749755173275
1095,2.8837317271413037
1096,2.5560788678674626
1097,4.552841304955541
1098,73.5915724751471
1099,120.30876393148804
1100,5.29869314756586
1101,4.7861428311897125
1102,5.7508298221554215
1103,262.57832183056996
1104,4.832707617507899
1105,114.75496843096425
1106,5.268863287525913
1107,6.497672089115478
1108,20.327591685775502
1109,123.84803659461498
1110,113.2083621314192
1111,3.6536046916390585
1112,209.47310104770585
1113,2.8208684973027016
1114,156.67221176323204
1115,-37.24115902870094
1116,5.515189256981392
1117,307.9637243615184
1118,261.7564821794885
1119,4.740390260922313
1120,52.183451837715914
1121,-5.286054347262749
1122,225.10605214299306
1123,3.417349734227532
1124,187.67548607455666
1125,2.9269643540212726
1126,73.62233190899764
1127,6.312355497310378
1128,-47.43643908172828
1129,157.99792657391424
1130,5.7615584856082975
1131,44.54602357487815
1132,3.43295891452844
1133,-78.49158446414162
1134,199.90143161974973
1135,203.00886873862453
1136,-57.274375302411954
1137,4.206876367350139
1138,35.54603121682962
1139,99.52685167011893
1140,124.42221852226648
1141,195.8673900572362
1142,157.23863529874944
1143,23.60345700426443
1144,-53.17590510582156
1145,117.4974786640684
1146,25.49225246578431
1147,4.452909579173855
1148,109.53655760019001
1149,43.39449023116402
1150,4.103766375178866
1151,1.4615191352775256
1152,4.202575268059442
1153,4.143026263981972
1154,29.49136021906721
1155,166.4966764301608
1156,6.626598019152856
1157,91.53777198947296
1158,204.585865398056
1159,108.53046370270147
1160,111.06028554668934
1161,1.7033818237062834
1162,5.677754270281076
1163,5.32323565344777
1164,5.071415015649027
1165,190.3569538788684
1166,50.673411509862795
1167,-37.47518976322451
1168,5.046339533083503
1169,156.74455739875717
1170,4.878706676962124
1171,4.144452186470978
1172,-18.74724532541444
1173,3.5684749304295726
1174,207.41338599612158
1175,-58.73751154933413
1176,243.82855704723823
1177,1.9649392267204973
1178,142.1079379512732
1179,2.501330352063097
1180,2.5802224638352214
1181,1.992707890039083
1182,136.1512506908706
1183,7.307120849911393
1184,3.7524671688515485
1185,279.8000036636634
1186,139.3938499186753
1187,4.104123245171053
1188,3.2173756652024252
1189,148.52718959681283
1190,3.782078142104151
1191,3.7587551615786867
1192,4.919638476089069
1193,143.30219210200653
1194,5.575299227495745
1195,2.0504178672560642
1196,260.18322453076587
1197,87.73017635140532
1198,3.1815112739580274
1199,251.95977108476092
1200,77.50091725382846
1201,246.31642002394372
1202,73.20053860715676
1203,3.2901808945943865
1204,153.64162594997163
1205,1.80673815809801
1206,157.07546381583532
1207,129.25943430619333
1208,237.36859797738654
1209,245.83682267953657
1210,189.38887886507695
1211,216.84049858366444
1212,5.990406835980006
1213,3.9397776766992583
1214,191.9332954484684
1215,125.6299018311252
1216,237.92066058356357
1217,168.5768800215
1218,-51.19433606858859
1219,6.202609807776649
1220,5.841573311469753
1221,257.39961442185523
1222,6.016591362442213
1223,2.3492420371795433
1224,2.9905948003550504
1225,121.37658069872776
1226,1.2952494567211068
1227,4.596759998640989
1228,2.0480550253801275
1229,38.661997899367364
1230,94.53410532006345
1231,224.52101665615737
1232,1.803254348406355
1233,-23.911629318155473
1234,2.9138649457175445
1235,14.480951232551913
1236,260.817258267535
1237,4.076720974097364
1238,2.632769395150975
1239,1.4569086515628757
1240,44.01480077301064
1241,2.134919058562288
1242,5.007815327384634
1243,4.833028080506933
1244,178.57356992616934
1245,4.273855241925438
1246,266.09656036867545
1247,5.270179949739663
1248,108.53532520197999
1249,151.40190549551883
1250,8.15143250464987
1251,26.01306532260391
1252,5.8549737858820095
1253,4.0935891292253626
1254,4.313873475885469
1255,27.412857671558104
1256,71.65832195747876
1257,139.2262025136747
1258,260.95365596003097
1259,55.29259206330049
1260,263.7574013267958
1261,5.697687240043938
1262,5.349870208705059
1263,208.40971472723655
1264,2.5853147683292566
1265,21.497001528677533
1266,127.36340759769962
1267,2.5369521652320772
1268,6.453568990235893
1269,258.3784959057545
1270,-61.75367034502007
1271,273.7393348887832
1272,46.78296496018498
1273,9.812039510420567
1274,214.05224184324283
1275,199.81636899096281
1276,49.75557656885858
1277,4.477479175644354
1278,1.4463197522267013
1279,3.9676171360682018
1280,-64.6016989492083
1281,3.426522494422305
1282,101.62679805231535
1283,176.987176033637
1284,2.735948823706363
1285,-59.874047465341455
1286,2.8695848312882144
1287,42.99171712552065
1288,121.83662611043619
1289,4.167769060132578
1290,202.30025392270647
1291,3.350668283987311
1292,40.6162321145495
1293,111.27450108759209
1294,260.9657700772505
1295,189.77166831133923
1296,6.2586976806088135
1297,59.51250301336322
1298,12.099608500921368
1299,5.962771284865188
1300,164.38565373036735
1301,245.62101253382951
1302,203.30482382708834
1303,6.0921193797330755
1304,3.5489310867699224
1305,5.06986364357339
1306,44.319892302950365
1307,161.43050651442098
1308,1.8798034343093621
1309,4.589887174697843
1310,346.75187897515207
1311,2.6563213556309555
1312,7.754866111100251
1313,31.523104984112766
1314,187.49214410502992
1315,207.64667849902494
1316,253.86164387599774
1317,62.747962323871135
1318,2.2093585801328124
1319,247.21367126767944
1320,259.55258360064767
1321,8.522493635840673
1322,44.80734090742347
1323,255.177501297106
1324,232.56837098424947
1325,47.901814128176355
1326,60.709180976646664
1327,236.98369084446875
1328,2.84834732159513
1329,5.677227621403352
1330,125.49965372117974
1331,-40.17094343406191
1332,286.4911563048207
1333,2.0170874738860496
1334,341.7129792734763
1335,1.8333277067620444
1336,107.76351766542956
1337,33.34485483903703
1338,230.88805400763854
1339,6.54199564623363
1340,185.6346505370256
1341,232.39553924978856
1342,200.203860960168
1343,36.417421640547296
1344,128.07956068355023
1345,2.718288529359832
1346,63.269948003116035
1347,99.77581511162353
1348,3.028867244445981
1349,196.3547061638452
1350,33.70303584283606
1351,220.27923407707493
1352,2.5143651611760984
1353,13.537719524629109
1354,4.9855377213867085
1355,6.063385682414468
1356,3.699730318128514
1357,8.045436590526158
1358,6.680120218888445
1359,1.6751273691030648
1360,297.2693382162225
1361,5.0713687233271365
1362,6.218252146277871
1363,63.463835901295745
1364,3.4473248376979555
1365,5.894267733710109
1366,7.0060410145367324
1367,5.896424542089036
1368,16.41690571034324
1369,184.9814005523275
1370,303.3267650926827
1371,219.93049115174074
1372,15.311611438383313
1373,3.6149706131197297
1374,188.74004271802843
1375,182.91687537144708
1376,5.6328369235466464
1377,5.036134917316342
1378,98.62661207554635
1379,69.72631879218675
1380,118.3742821454604
1381,250.43148564193797
1382,85.40625884187041
1383,45.53578838523894
1384,-10.559016380262591
1385,167.35488705537077
1386,2.202604915110135
1387,53.904917254904575
1388,1.6495263511523943
1389,210.5292675539584
1390,183.33429324591333
1391,44.130764065026014
1392,55.932607346488396
1393,275.5808643988892
1394,-18.06750732345524
1395,32.93014588495734
1396,189.43719576666004
1397,5.405701020108904
1398,196.16882430098488
1399,1.6669053801492253
1400,107.45112167055967
1401,352.6475022821113
1402,53.31814921584498
1403,301.26540707071234
1404,83.12833048512307
1405,107.19314937633936
1406,1.9565601660780114
1407,113.32316153497548
1408,7.4475138579003
1409,3.761722036486166
1410,270.87069217059354
1411,260.8972707632133
1412,-39.38091119820929
1413,134.1136271129902
1414,246.11018186139935
1415,2.368741478540485
1416,2.4084740916089
1417,4.4953607068627495
1418,328.2437641231887
1419,168.2640264772944
1420,4.680606416093358
1421,35.9273576850721
1422,6.57787442097648
1423,3.6295210296477216
1424,5.1009472172007015
1425,2.160786549431778
1426,-24.507536101246778
1427,3.816804244711097
1428,4.999471550539272
1429,4.109012122229134
1430,4.544933419400358
1431,6.518434335452948
1432,145.07573443984916
1433,2.8177584345855258
1434,6.478840698985035
1435,4.856346830684336
1436,-62.113756947636475
1437,184.13910327046085
1438,143.2795100728828
1439,6.285132379000384
1440,2.5947426414794705
1441,127.27357011893451
1442,190.24471731806585
1443,56.245454422927864
1444,5.817217897726746
1445,41.49774666966425
1446,286.10397139325914
1447,234.80568198125985
1448,-14.566188621606171
1449,5.901492263921972
1450,273.2473386826664
1451,170.16001387559982
1452,5.279683928285145
1453,5.44991102791443
1454,168.95183932209312
1455,64.93473841559141
1456,-6.009236563442857
1457,7.949710907000032
1458,4.944274532365778
1459,294.5685561526376
1460,349.579834183029
1461,149.20511415639123
1462,-19.436716656612894
1463,79.97483688364213
1464,5.877490162739921
1465,3.3134980105767644
1466,236.82799897070777
1467,5.753926836981543
1468,5.545687583897833
1469,29.877013849929007
1470,3.8140691544390743
1471,7.485795781785189
1472,6.665703699378071
1473,2.8605097048615695
1474,248.90270391620362
1475,106.13156639741476
1476,6.716605029858977
1477,2.5630590592365152
1478,106.1495601086224
1479,4.951159781707696
1480,126.29805575037031
1481,5.898410023095686
1482,144.52101942653547
1483,6.222634399980404
1484,233.01666582317313
1485,189.25313691375538
1486,7.369899668832042
1487,3.5176565897637024
1488,97.43866661189948
1489,-9.827957356316537
1490,86.14054531206936
1491,3.6581419566099953
1492,1.961479209968232
1493,7.638988249054067
1494,5.456223813086839
1495,31.30595049544653
1496,7.553133430248063
1497,48.37334568476179
1498,5.636231987083896
1499,78.61466189685407
1500,7.3076865028157085
1501,5.789359600295293
1502,58.766362171229744
1503,5.667739664258172
1504,2.106464352518555
1505,4.940114504565763
1506,199.9976647998133
1507,52.77691511721117
1508,106.42756670190857
1509,60.847029610862066
1510,2.788473890075802
1511,26.166646708892195
1512,69.56764578817831
1513,5.263576838658311
1514,286.87019739175986
1515,52.55532681219387
1516,2.8138007956520146
1517,347.68468231430325
1518,4.5262971322342125
1519,231.5802796118315
1520,4.7079333639668945
1521,46.723053982040554
1522,4.932771978612367
1523,2.7905623407417046
1524,100.19531117721314
1525,-23.964047324612096
1526,2.142556648635663
1527,5.7828353459375315
1528,4.322307794903497
1529,213.19343322204253
1530,251.94241133269958
1531,3.5302190243491216
1532,5.9519450406356595
1533,3.3940393635440067
1534,-12.894063734281442
1535,81.70877763716132
1536,5.521106211773608
1537,2.46612020608137
1538,286.6193105757646
1539,171.37491939036482
1540,2.1489185327230182
1541,126.22075481766657
1542,3.1422390664960647
1543,18.37306726214519
1544,8.111027587093153
1545,3.5275057999859776
1546,6.532744731983488
1547,-40.43386062189508
1548,199.85319960020652
1549,40.79107967852265
1550,2.4624205973028355
1551,2.236325159888321
1552,232.51412404354716
1553,6.491646340158146
1554,279.3021018632908
1555,153.6023724983153
1556,4.359377509660832
1557,14.05209361502488
1558,3.786986378861413
1559,246.19697721599775
1560,206.12599701007974
1561,201.7490208758689
1562,243.4560871651799
1563,95.62294100910736
1564,3.7010086328551113
1565,85.86587938520913
1566,3.7050500748829216
1567,-10.826272296607602
1568,102.26075401123232
1569,17.749054490966813
1570,280.1805552768509
1571,3.425819127650433
1572,81.3876819629032
1573,2.524777635313779
1574,4.573634318017872
1575,5.946472039168615
1576,3.8983072047801115
1577,5.648386632738148
1578,83.60505179479836
1579,5.084225257809575
1580,173.9311055711159
1581,224.64525511536712
1582,6.7405981682372955
1583,295.54842424813256
1584,305.1666371290698
1585,5.99150689067813
1586,4.718833793113928
1587,50.20486901347003
1588,288.6296185699525
1589,6.96355684523179
1590,6.142564940283713
1591,121.73888029395036
1592,7.0573222107155456
1593,122.48446455245312
1594,145.45531052260228
1595,123.85049080133186
1596,5.637280707352314
1597,62.07738939325383
1598,7.2865836220464955
1599,4.582546771267824
1600,4.53478733758819
1601,2.796162616848078
1602,5.699940634086488
1603,298.96068999935403
1604,28.91228402303127
1605,92.42684547262974
1606,268.1440645710801
1607,-0.5758259934982535
1608,3.684030468271799
1609,7.284195772138856
1610,3.6953985887673353
1611,199.81637329779886
1612,85.57956224270258
1613,2.606222549691611
1614,258.58308048875233
1615,5.5202209791946455
1616,4.186307992542664
1617,180.2662492169192
1618,207.98033698415588
1619,0.13004987337655338
1620,35.12222378959823
1621,2.4126191423244645
1622,2.567121169335353
1623,2.3418041184471865
1624,260.5709570010738
1625,54.10633128172722
1626,1.6335048786064756
1627,33.326788721036664
1628,3.6701391693555365
1629,212.53727932562649
1630,90.94738593433708
1631,2.744667287634887
1632,293.9327695151279
1633,5.1490029541649065
1634,-10.052493926079764
1635,3.837729249626202
1636,4.3379915520027765
1637,7.5983557701260604
1638,209.25069116248358
1639,32.02307229230065
1640,4.896678794024797
1641,316.0520760405004
1642,146.08499239072205
1643,189.75193486485662
1644,119.89978524096824
1645,178.69491216737
1646,5.780136739093529
1647,6.705732540207305
1648,26.848181471960913
1649,4.412484662852912
1650,96.29055179073943
1651,6.552515477609585
1652,6.436413178286814
1653,219.3015813737149
1654,6.47512767609558
1655,301.8927425479985
1656,46.606131303111916
1657,1.2722308731641347
1658,281.6134204240887
1659,2.1255465143556767
1660,-19.509288910322518
1661,6.402169769575638
1662,188.36162516193662
1663,5.922000526819378
1664,108.93442366593234
1665,0.9493299639439303
1666,118.09975994974425
1667,-63.17507432572138
1668,251.09348593223987
1669,51.19696183927528
1670,2.1453534785662045
1671,2.6559014877797287
1672,5.385561632133252
1673,4.893098154116144
1674,148.5809077350896
1675,2.111327733535483
1676,-58.643785514261104
1677,30.873870094691902
1678,-20.091083565322535
1679,249.64282577332364
1680,104.06517933382972
1681,1.3500181336185586
1682,3.2124124807528873
1683,70.03837550623734
1684,30.398779711006352
1685,6.645275891538656
1686,133.9358817163698
1687,7.585586516132985
1688,189.17674096325723
1689,265.6471065865642
1690,3.1279854137241836
1691,3.690045054986671
1692,4.0381627033268686
1693,2.981031791123309
1694,83.5679319690972
1695,232.91464528999916
1696,120.68484426544896
1697,1.9881201559480866
1698,213.9868756639872
1699,170.4095723732787
1700,133.38587049306423
1701,276.51026001014804
1702,-81.70737261340491
1703,5.631569454355123
1704,5.619135459852949
1705,3.259504628855622
1706,100.4230360645641
1707,5.304200452440826
1708,88.01563130194887
1709,133.31530055426921
1710,6.141310146302007
1711,74.45586456941601
1712,1.8575835364781639
1713,5.777478677465766
1714,-68.5924155327673
1715,5.060997412457274
1716,3.1910417208453343
1717,20.414089568647736
1718,129.71199557228084
1719,25.070002907933223
1720,6.130959809590342
1721,242.41599631613764
1722,3.542713489332172
1723,154.35013346496766
1724,142.58705130160325
1725,2.814322707068367
1726,4.411423064252047
1727,245.57084011786458
1728,4.209070206811028
1729,3.3147918791502056
1730,58.56736375092129
1731,209.17075372649865
1732,4.860456871040824
1733,376.8702177752964
1734,264.38674104244336
1735,190.5475131981541
1736,3.4797810988443425
1737,296.05116459700395
1738,289.31876293625146
1739,195.72316399004936
1740,94.25467413076983
1741,107.59241104638144
1742,257.4246106599446
1743,5.021590063466215
1744,122.48657429002199
1745,50.4078247201551
1746,3.7621851291698807
1747,7.067901301310408
1748,189.0299588568678
1749,3.6398166010012973
1750,55.62474587275673
1751,41.93657001174431
1752,7.31402220317076
1753,5.99712113636504
1754,274.7941171361156
1755,221.57195045670298
1756,1.8750493818931333
1757,235.81260966087984
1758,331.4744293407893
1759,5.126424560695549
1760,259.0891763813588
1761,255.52744992896186
1762,20.83784087383167
1763,43.29383038281969
1764,12.369289455822578
1765,5.175073602699624
1766,222.8392333400453
1767,177.7990702466882
1768,5.882807824518432
1769,65.79574027108441
1770,53.921298466699234
1771,3.1167232973826264
1772,222.53245524547305
1773,251.50365728580573
1774,6.401237286513447
1775,284.5296768745591
1776,2.972504806534152
1777,-2.491553961807289
1778,29.707426724602477
1779,2.3017212875109645
1780,112.2771129029292
1781,5.66267185280389
1782,202.4778507237676
1783,224.16339138897166
1784,4.235394572202523
1785,90.79361232931487
1786,3.024114739469878
1787,74.37052483351727
1788,5.090891287333491
1789,2.4812210160235764
1790,46.6183152462998
1791,4.3578274602035485
1792,2.690341372744239
1793,2.0422774851318977
1794,154.7879313595207
1795,184.61233371437757
1796,253.5929074956362
1797,125.71569372858232
1798,6.879338617333053
1799,237.06268628272994
1800,133.096202795801
1801,5.370442745288656
1802,2.111111990219085
1803,146.77655483823833
1804,4.369359171779708
1805,190.26394371319586
1806,5.725400587478959
1807,282.1270313984384
1808,164.15388181039503
1809,73.98400963753157
1810,4.409761699233465
1811,2.7769493162100036
1812,12.192078556548466
1813,3.706268155163251
1814,173.72369839711013
1815,240.97131439889608
1816,5.592173433745371
1817,132.1447191324221
1818,43.50504113015748
1819,228.20589644405118
1820,8.071869578303533
1821,3.2962729798360697
1822,242.41615654499694
1823,-11.761695799722567
1824,39.53813423759959
1825,2.3013019002292467
1826,5.976605204838257
1827,3.1596974317844513
1828,2.06735591487095
1829,210.91531995015686
1830,234.06799834366916
1831,6.752399481245381
1832,45.364462389838074
1833,3.860418332602574
1834,4.10068233334122
1835,95.28574842595012
1836,6.435508809372308
1837,5.871206076544846
1838,5.925058079486482
1839,128.1879305929791
1840,-23.606819233628016
1841,-87.75823138672955
1842,243.95803139949692
1843,165.51129257190954
1844,252.18678278283045
1845,150.36601855993945
1846,43.058477643732665
1847,263.6121247208442
1848,126.63644017715635
1849,3.802235839087979
1850,5.843903975119462
1851,-77.59811193335044
1852,5.685920409191252
1853,54.90025086484246
1854,76.49312905795202
1855,5.441837723117515
1856,196.98030030819893
1857,2.4645971698621163
1858,5.009908912877734
1859,5.752689286129993
1860,5.704274700134334
1861,154.2211881674579
1862,6.333131819969072
1863,51.94984303394254
1864,68.24544111476249
1865,205.08238469332065
1866,122.65765440062776
1867,70.77925877084715
1868,256.58091745089473
1869,151.07546055920926
1870,3.4548487312848852
1871,212.96251039054442
1872,38.86666075043996
1873,2.8872414971049505
1874,18.36026072458069
1875,86.8403034652728
1876,3.2810877772312907
1877,2.626918364870276
1878,57.44604669478238
1879,27.2211439643595
1880,280.4042060708613
1881,6.020139038505559
1882,86.9120572356108
1883,7.074495522931311
1884,70.96591979513104
1885,299.83433473065435
1886,259.86322768819394
1887,3.207635733691574
1888,207.67157781412817
1889,227.05328750086684
1890,2.4194796678023347
1891,250.75971580297124
1892,206.0498764227003
1893,4.285973036254411
1894,2.0772797908647114
1895,8.020615490441143
1896,5.813420889091634
1897,54.81640136862064
1898,-65.26649304588665
1899,2.820695639892799
1900,5.83323015604105
1901,253.92762123075278
1902,220.40458967341482
1903,-56.88667931862912
1904,47.68626977395655
1905,49.905474643918
1906,167.34823199350092
1907,6.754852284549002
1908,6.553220266789246
1909,121.47129100757948
1910,5.661251246956331
1911,4.868905383569811
1912,3.9491198590360863
1913,73.16473478532795
1914,-39.36996206586214
1915,7.6787283538405084
1916,1.0181768259049357
1917,2.830405177551831
1918,148.784972157217
1919,5.10124815613357
1920,4.534393900357882
1921,76.53415205119308
1922,3.5101317607553826
1923,6.262873820944224
1924,2.6369176611225305
1925,4.38180286489616
1926,98.26224751526306
1927,148.0884397348774
1928,3.6584462882845448
1929,44.34074944463117
1930,2.540873294044489
1931,6.049451473528717
1932,4.817688124526339
1933,2.827495428009106
1934,249.47519437335652
1935,6.212933841949434
1936,4.928207592181893
1937,-0.19485791783446427
1938,-29.07554149386526
1939,2.5905356799323354
1940,269.67761188469336
1941,3.600240205706416
1942,224.31819502541686
1943,3.6694903393712517
1944,223.6834253958571
1945,294.1345401024283
1946,5.92946657168668
1947,99.83471780015105
1948,5.801369146281723
1949,-7.808147350645314
1950,28.090531515561175
1951,2.851059995580517
1952,36.41789063397907
1953,410.85968344297305
1954,2.788564539049684
1955,110.13683492996
1956,1.9768519320198539
1957,123.08170273528489
1958,3.968336646788504
1959,176.27827349812236
1960,60.356087837200405
1961,1.0515445685740472
1962,4.318103350597355
1963,3.3692363995782775
1964,4.9819887750625895
1965,74.7625283397326
1966,3.3025805608285204
1967,4.894085747633239
1968,258.618088811357
1969,21.151015371235665
1970,5.829201461879216
1971,1.921313867831488
1972,94.87442170369533
1973,-36.87940047882185
1974,2.7965690098175315
1975,3.216940231535273
1976,327.4925681547174
1977,1.660293934036138
1978,227.46158801022062
1979,66.23664497468826
1980,267.55361370760966
1981,174.19342359197148
1982,127.93083078912264
1983,86.91212232773931
1984,8.316675171118213
1985,4.7815406615085765
1986,3.7359962344983995
1987,6.0931332952150985
1988,1.0675233449616566
1989,5.748793261308981
1990,4.877444145505164
1991,23.861882222688962
1992,4.247295819707202
1993,36.697244066799
1994,1.87510723923377
1995,107.17729497765072
1996,4.183906568673386
1997,2.7844661681634024
1998,5.412649130377407
1999,295.5910186206143
2000,5.889900985541447
2001,302.5971882545148
2002,-74.77440411152865
2003,6.72494658609176
2004,318.9186868098436
2005,62.25780954791691
2006,4.772481898734248
2007,43.32089111721026
2008,231.32117817794318
2009,135.8103163338634
2010,261.26303725347964
2011,6.891996311671369
2012,185.54427648743524
2013,-36.3468613225963
2014,280.760369245912
2015,182.64325371570243
2016,33.9374987959154
2017,3.2919066927491842
2018,48.98383793305912
2019,93.76986718745223
2020,6.740513417744964
2021,4.430956523657853
2022,183.19458448372094
2023,77.82334583602247
2024,3.0847943118723733
2025,4.197074778148117
2026,85.13938717139666
2027,5.914815624443502
2028,6.208369426286823
2029,54.53076935032317
2030,300.36292699113426
2031,73.86395446251365
2032,290.2796272486357
2033,257.00430707900125
2034,2.6320602687351244
2035,70.5622749529152
2036,187.02515046755988
2037,5.232647081129942
2038,2.9274089958459073
2039,3.007059596237004
2040,147.29044885103815
2041,266.26437081727744
2042,4.213482663288797
2043,182.96241096186793
2044,1.9602687105424605
2045,92.6165509978039
2046,286.088541021475
2047,5.349627994578487
2048,-25.779798299793388
2049,1.743544531545452
2050,350.8403032304598
2051,3.6328269811685967
2052,2.575854307084081
2053,243.78397457149686
2054,4.860906837567734
2055,3.8279706691316626
2056,-43.144307319360706
2057,195.51500018027448
2058,-33.472790154331115
2059,4.93948864425553
2060,24.450682265591098
2061,2.3627932520629717
2062,159.66724669510782
2063,3.658550984336365
2064,4.028403656150329
2065,3.4713454311526295
2066,2.028251250335649
2067,5.98527446384953
2068,3.0215077374257557
2069,1.4634312993293705
2070,277.2534208523124
2071,285.05650408456296
2072,4.480045934803628
2073,203.71952275588615
2074,396.04952972968783
2075,251.54721454898078
2076,3.4009649896435263
2077,2.916226593525085
2078,4.368598128184773
2079,3.9284205378409522
2080,2.728912289023567
2081,3.125163166555846
2082,4.9185278961215815
2083,35.08348350651706
2084,2.036499040143245
2085,4.945565555505086
2086,118.94912271065289
2087,99.49992294620566
2088,26.09937730725373
2089,37.5578433139559
2090,227.4475818888368
2091,182.4998331399748
2092,-103.12020162974757
2093,5.519255825014615
2094,3.8135731676404854
2095,97.55462343582184
2096,52.54534862307837
2097,103.96600956779399
2098,5.597730974050626
2099,-29.556938770046052
2100,20.45844914050383
2101,5.813370505264932
2102,6.208574410299585
2103,35.13687088570547
2104,59.42364254616202
2105,42.582912639408974
2106,301.75467720355743
2107,7.107189006119034
2108,6.872536670839764
2109,5.838546212525883
2110,245.82754272065813
2111,3.6406938559615636
2112,49.24825275557144
2113,99.10181663569628
2114,2.607001022358924
2115,47.770425106211064
2116,3.519126366775444
2117,3.5103492399080625
2118,3.9248121661150286
2119,117.16864199868304
2120,3.69108915805023
2121,195.58212421004612
2122,212.6229511532283
2123,2.988360531438162
2124,1.6370483396948547
2125,4.350482549910377
2126,6.007413924222632
2127,78.30452314149429
2128,217.2403978407371
2129,1.8003016608304692
2130,2.6269750333881863
2131,5.684183471132966
2132,6.000211403378243
2133,240.64454742493052
2134,47.19275735692686
2135,219.77241039352435
2136,40.67932235296741
2137,232.5007894275875
2138,3.3181248906395795
2139,69.96576490351438
2140,47.8682044438781
2141,67.83034365217063
2142,5.735251886187619
2143,-5.660609488646368
2144,170.41507822388604
2145,52.99836475567484
2146,3.8509793966521544
2147,4.665182907474763
2148,53.12792441001416
2149,-63.71434514906102
2150,1.2934653862535024
2151,57.044741711234536
2152,4.954185012557312
2153,3.508748126987249
2154,1.561693154119987
2155,2.408499224097489
2156,5.93493498803133
2157,125.48464160980487
2158,3.782513758312054
2159,336.15095428540224
2160,230.2902301349581
2161,268.95090085948937
2162,1.8360467079668465
2163,299.8502372803803
2164,6.250962804628927
2165,3.123012836091183
2166,2.6279505571934783
2167,30.067973934327497
2168,310.772447025238
2169,2.535616323261243
2170,2.3602787913148933
2171,153.59482326867752
2172,5.322303754149928
2173,241.2301879532642
2174,264.5972176286006
2175,1.0168767803671268
2176,4.638239346313584
2177,-84.54740427255898
2178,3.657583799777991
2179,65.56856190594698
2180,276.65157693111075
2181,2.3532629743401134
2182,161.64589626383525
2183,194.23577671301183
2184,5.914487081696382
2185,2.6058575830219333
2186,3.0220785147664637
2187,4.90716373389879
2188,255.36105031635896
2189,235.1110641876864
2190,64.72024589477441
2191,2.632038723849764
2192,3.0432822105017157
2193,119.4299366462665
2194,2.914437774212739
2195,4.873312699316708
2196,6.446908093237971
2197,1.9540016420015458
2198,4.471778770484467
2199,3.259323676051462
2200,1.7388843088724473
2201,4.012148030689479
2202,71.52909862916071
2203,2.37558913673715
2204,1.9784129135175363
2205,126.76920038103565
2206,5.37466898961274
2207,171.70915250909007
2208,5.578450593514841
2209,-10.699212418870616
2210,248.72942204865086
2211,1.7614602232600869
2212,4.819403457359888
2213,6.449200626728494
2214,129.05940081028666
2215,37.67939062480794
2216,92.15016863637442
2217,4.753503751850432
2218,32.25579688108692
2219,2.607462731042916
2220,5.542835339696948
2221,3.210100811808129
2222,-59.24501249850428
2223,189.82408359336677
2224,-55.279167143535645
2225,169.6590419820214
2226,-17.056608895056513
2227,69.07656787810227
2228,147.9008204476736
2229,135.78340544343712
2230,3.3528492425001715
2231,5.3616459641110215
2232,4.436099000376718
2233,255.87211672298437
2234,231.76672127448285
2235,227.06039113861613
2236,3.212564055890447
2237,3.913741899423032
2238,241.05836604132614
2239,91.97054274112637
2240,239.56149821068044
2241,2.271671574532324
2242,227.66662380395124
2243,5.569935858490649
2244,91.00100492958605
2245,233.0945599018719
2246,115.81621346162775
2247,230.19872243207567
2248,6.033433601442503
2249,295.86165501938854
2250,135.9492944114469
2251,5.013708420975101
2252,265.8946049815531
2253,6.1513983679300015
2254,183.904085919922
2255,-93.46152585302875
2256,43.23687236751415
2257,1.861445472825448
2258,3.0083737441117147
2259,58.57071035632808
2260,6.169015054588866
2261,102.14311136107486
2262,2.4460592924140165
2263,80.1772370929562
2264,-28.731157086023043
2265,48.06932817724598
2266,2.417787938378613
2267,2.679535643171993
2268,5.475705888717442
2269,3.7371008875283995
2270,8.85058668708037
2271,151.90204395525808
2272,43.692326847993236
2273,3.6867596461897043
2274,6.0142323337892
2275,6.848041389983365
2276,4.867993786695472
2277,2.3629924825102124
2278,1.100719927436272
2279,5.9849164299906406
2280,2.3960578011649227
2281,199.49792148535147
2282,2.839959852584889
2283,4.020296808197668
2284,238.5505917828272
2285,2.8056016262280856
2286,-20.60807501888024
2287,5.229987414300652
2288,2.4721994027450136
2289,5.572467867080709
2290,-72.79509316135227
2291,29.806494910608393
2292,4.95440260450712
2293,1.933687924803484
2294,6.139543800595672
2295,2.48017008440745
2296,4.85159788365414
2297,94.85509769218942
2298,-49.91399919700396
2299,-11.880036227774397
2300,3.931812001178249
2301,5.45067372082389
2302,-95.32769107279526
2303,163.3532533189739
2304,5.6156001112829905
2305,16.731404827414
2306,274.301553053889
2307,13.92021311965248
2308,47.959301950447184
2309,6.232467080355016
2310,178.59635268543747
2311,-61.641606587461126
2312,79.93722603232777
2313,3.9933220113829657
2314,4.929995979297449
2315,217.95135532290874
2316,7.438775508149566
2317,3.8962468509721457
2318,238.31116214845014
2319,6.537391861870873
2320,108.80490743772168
2321,3.2885902286180286
2322,209.8224681210016
2323,163.5381243167053
2324,1.9661759340710405
2325,29.370699378336518
2326,3.221042514953009
2327,104.20921568171062
2328,4.560133624530295
2329,322.2444455730823
2330,185.28695955564717
2331,-0.19868365680822483
2332,279.7322727449371
2333,23.100132893249654
2334,5.286649664674721
2335,5.314475820037989
2336,33.94576842562174
2337,156.55233977615183
2338,181.55734842210418
2339,21.937464181143657
2340,54.54876864141424
2341,110.07055479803262
2342,2.4456437509892845
2343,6.3396867515870525
2344,312.98593698829
2345,5.961975914280318
2346,136.24541216044815
2347,145.60130342609742
2348,1.8318970544417588
2349,265.6176467319581
2350,32.18691409547311
2351,5.136455025165168
2352,5.035850685359041
2353,1.6078151939898373
2354,-25.578133683177494
2355,136.0258562015071
2356,3.7737099054745356
2357,114.22049107425894
2358,6.434491522207925
2359,6.736279186359806
2360,4.537001453423542
2361,6.044006327005486
2362,238.62600909009498
2363,4.73803180545034
2364,257.7728687529967
2365,89.35103483031904
2366,72.09190890442291
2367,42.12117091563775
2368,-88.83267299025756
2369,4.791266108214961
2370,222.89112807335647
2371,33.51668742751726
2372,58.297912693800605
2373,2.0114716591681763
2374,-67.9735501639208
2375,1.846656904084308
2376,132.99097455361965
2377,101.12604288239649
2378,5.665667572913893
2379,6.494651089668839
2380,39.04794021764966
2381,166.08766631703486
2382,152.36666801236095
2383,56.01617064213215
2384,3.2466866666226135
2385,233.02516966317035
2386,5.879374902995576
2387,24.518144805272367
2388,262.8232293505798
2389,82.40586663748178
2390,1.9170691356156297
2391,120.54940554964773
2392,27.086595865268354
2393,44.79721896637503
2394,141.4411452524372
2395,5.771111964725938
2396,2.403493086665759
2397,288.5952757343879
2398,285.7172726241907
2399,4.512388011176575
2400,197.5333987840625
2401,58.93667206783014
2402,238.33785828401824
2403,6.349707834967254
2404,1.9663887275853025
2405,5.036096724609147
2406,3.039537770138254
2407,78.58811381556036
2408,268.48965003162414
2409,168.43108849268964
2410,4.677203340657098
2411,6.535599584689125
2412,295.5689847332451
2413,-2.6792536227370203
2414,4.266082579300491
2415,55.35182310617206
2416,264.4611161352685
2417,26.31973802625793
2418,3.4758395965859243
2419,3.950770230883828
2420,1.810548359221544
2421,18.119742170265926
2422,235.1739143338374
2423,2.667055917620728
2424,184.76911033724105
2425,5.683045013148835
2426,-16.675085614386887
2427,154.982469395841
2428,25.747656552769033
2429,3.864829339355107
2430,6.256802616677764
2431,3.561654514976
2432,329.293058816932
2433,244.4706026633391
2434,4.5865741653738565
2435,50.39998548993227
2436,233.63386440292797
2437,-79.19682900927333
2438,5.554952421093328
2439,7.098955382880762
2440,135.3490527104419
2441,6.397387424088553
2442,5.8841802352683
2443,5.043795092196626
2444,-75.12258382969685
2445,6.1553331500013035
2446,5.502404000739309
2447,230.94087892586487
2448,6.393619312024109
2449,6.668541331747053
2450,20.329885106695258
2451,3.129804944186921
2452,4.042023610977459
2453,47.10986667752373
2454,299.2922140470571
2455,113.07030728758102
2456,3.1106529501132014
2457,264.73467225372326
2458,6.009369509772425
2459,2.2621243979254064
2460,5.768080929707802
2461,71.70687006169537
2462,52.174237357417155
2463,6.170670357754343
2464,-73.35745464685337
2465,33.765325479458966
2466,203.657695050634
2467,147.79945225349664
2468,251.49516123772923
2469,252.62028620225317
2470,5.813457997599767
2471,137.0517102931699
2472,2.820472710757768
2473,49.59047996464987
2474,170.20393047187363
2475,6.4441788832451135
2476,99.01961132720484
2477,158.03496572753116
2478,166.99122520744424
2479,5.097123008832848
2480,32.1431074318523
2481,66.46432969656883
2482,2.332375248606537
2483,4.800678618206802
2484,132.62728056035718
2485,123.2308169220686
2486,6.71579855440037
2487,5.350595386111908
2488,-33.42186049685256
2489,182.46421193163013
2490,5.67680773235715
2491,140.02957610619887
2492,35.12494117349506
2493,51.97742060228729
2494,5.9816874677071645
2495,5.293355940877108
2496,31.49027794622469
2497,90.74114273934953
2498,1.870556501249812
2499,6.690064897346019
2500,1.8746990980893714
2501,105.09117231552716
2502,281.5823990486155
2503,63.533785660783266
2504,345.21935699189356
2505,3.571769633466254
2506,4.420250543652617
2507,272.1291608379159
2508,187.64469075003672
2509,108.69474930375304
2510,6.655108536082209
2511,194.29838485550457
2512,95.33261591963317
2513,181.72426462881384
2514,221.9248397210793
2515,306.65341289338807
2516,1.9945715561830513
2517,2.2078456506708566
2518,293.4758767145479
2519,4.253216271955131
2520,121.77588966155945
2521,140.8313221265799
2522,2.3471234108849135
2523,6.501330037670158
2524,4.852304611513359
2525,300.30381252473336
2526,4.649108295141554
2527,3.9724435906931035
2528,237.49214624490833
2529,89.32430142904829
2530,245.37498344475128
2531,300.86892766455185
2532,55.65311532801563
2533,2.1623587617101836
2534,5.935910365278535
2535,5.912215718487412
2536,3.7420536733471668
2537,6.452467842562253
2538,5.924451239679018
2539,138.12943826455097
2540,2.539436162118837
2541,-10.296483144386011
2542,-24.446626182245545
2543,5.665842402068199
2544,176.72254792750752
2545,2.4644294422465363
2546,273.35434358584695
2547,24.49397303096427
2548,22.549366213377773
2549,169.41324254320412
2550,119.1352451637529
2551,-64.4094858673497
2552,2.4154027763974963
2553,300.624359446207
2554,2.4443383933026315
2555,38.848389352988434
2556,117.16124855981637
2557,4.197645344130765
2558,22.906444095811242
2559,6.414044267096448
2560,236.77272591174392
2561,2.0966132598326905
2562,223.40080467535648
2563,229.87167465741635
2564,269.5897996545552
2565,4.917866276827431
2566,4.828227003304315
2567,251.74002014645583
2568,73.65516349117073
2569,63.63063138350185
2570,3.6100931427428407
2571,87.5857796199956
2572,-54.63816544675721
2573,186.9303258763738
2574,3.142142392968589
2575,3.9147004204588116
2576,3.2288153604895937
2577,6.374591620490477
2578,47.66005327614065
2579,6.024312137149486
2580,4.735203146518075
2581,2.8451856084219886
2582,-57.65265494391094
2583,1.9952946104493121
2584,6.854184061760686
2585,56.52160757143908
2586,4.79831865965022
2587,218.00355941343125
2588,187.39437727561256
2589,4.770258508480188
2590,42.596981233324705
2591,1.6492999434608702
2592,110.08590819749972
2593,56.62215381754706
2594,51.51727441488129
2595,51.51953478762133
2596,49.089924782701054
2597,5.106177583223289
2598,6.330371879195665
2599,-35.951137993598245
2600,3.328239137956076
2601,208.41522803035076
2602,6.303602485723706
2603,360.6260305549938
2604,149.48668937240794
2605,44.20219608849199
2606,4.726932543873065
2607,42.90631188598648
2608,208.5081923049493
2609,24.886070792802343
2610,2.505088020727221
2611,14.203919221941355
2612,3.4464719166686324
2613,4.681847960846823
2614,3.3008898093337526
2615,100.25028106653681
2616,163.2500156174547
2617,254.173640661828
2618,193.4979497415624
2619,4.656761050725333
2620,2.205933265484009
2621,3.988878811423983
2622,2.767322595451244
2623,1.1764807044080332
2624,6.9442332066473975
2625,110.18334134563972
2626,303.70778529195854
2627,32.9693612795361
2628,154.16231125055296
2629,39.52533628111697
2630,107.50166908130396
2631,18.03401188152479
2632,6.21753808524888
2633,272.8924066766596
2634,46.91565305789561
2635,171.39177603414103
2636,-53.3282194255391
2637,3.667136049399506
2638,-67.25944632833358
2639,-70.97943766341585
2640,193.544987386939
2641,2.9773648340390992
2642,5.60187170147599
2643,194.8118243106054
2644,156.65191101957498
2645,213.442750031946
2646,2.6388439715139436
2647,3.458519696109391
2648,4.593118864252801
2649,6.9396902140933125
2650,289.74911642133486
2651,209.43476427863106
2652,60.372228137638736
2653,3.894341231918674
2654,20.40481133592745
2655,224.05326701141698
2656,253.5335991701558
2657,3.167063343725975
2658,3.879292778534813
2659,265.5401772555955
2660,1.8542583543587607
2661,260.21974761864277
2662,96.04846751724656
2663,-6.523599544812786
2664,88.28905464788109
2665,281.5174632517838
2666,207.37402900043088
2667,-88.73714580856274
2668,34.66405464520074
2669,6.728733429793838
2670,97.86806811826006
2671,195.73560815539534
2672,117.00401692762873
2673,228.69001690235652
2674,238.75435900013747
2675,1.3011477656680352
2676,-57.73706499384362
2677,361.7955749429962
2678,15.81964987926667
2679,5.576851324469038
2680,63.92720873157441
2681,5.419499905425372
2682,2.7174429316548165
2683,2.524233358217816
2684,3.108954378506242
2685,6.429523030344064
2686,20.042732957701062
2687,25.88425974669236
2688,71.9816789341152
2689,40.19044892721958
2690,143.30899176965124
2691,80.64507104423262
2692,50.59821795066826
2693,131.06967039699546
2694,120.49401787067993
2695,7.747579237961254
2696,184.3610227998693
2697,3.7304967135050084
2698,2.4068695785654763
2699,4.480079360989272
2700,199.93082683074005
2701,59.61507539390749
2702,76.3622632039877
2703,4.216541777965989
2704,163.84429773589042
2705,3.187391748915256
2706,5.228073435393796
2707,201.03267287305783
2708,3.551251382363096
2709,56.168864046043694
2710,5.6735107661619875
2711,187.74561450395217
2712,1.8742866399315765
2713,152.828920855447
2714,-51.75908328195808
2715,4.696748635081999
2716,2.87390025886811
2717,265.3832189296653
2718,3.810308607263373
2719,3.0593419040224195
2720,6.63139880169892
2721,6.287643578808011
2722,4.2970811747089765
2723,226.3548982437315
2724,6.422223427076905
2725,41.85881921748266
2726,1.7021737544859594
2727,305.19746462501587
2728,62.586581705115265
2729,178.35796456878785
2730,185.57684441143488
2731,141.6749851620834
2732,6.596796155573831
2733,225.05822491893844
2734,120.37666723149465
2735,83.72525505316086
2736,77.46372082833739
2737,201.95518180672047
2738,140.0502351924329
2739,98.40713557031954
2740,5.50913205801083
2741,48.14416957032984
2742,1.2193924945408499
2743,48.93297368708538
2744,-33.761345901635785
2745,4.761247990249412
2746,211.76519051299542
2747,173.58432201201055
2748,2.8205067490854034
2749,5.462421447880625
2750,206.6794300984077
2751,262.06247992913364
2752,2.3113504135693654
2753,126.98082072874641
2754,0.5217124770559232
2755,27.30144791016928
2756,289.32006031867843
2757,5.79338535959058
2758,263.35996430231745
2759,62.69861368876902
2760,179.5435284229515
2761,6.436965051957599
2762,4.37168965711764
2763,120.38157803100806
2764,4.844216443736523
2765,112.77506401664267
2766,1.9039503693308903
2767,260.5585887016233
2768,4.023122126942202
2769,3.631470922358532
2770,229.78174736198312
2771,131.58052375852438
2772,7.137764552260092
2773,3.2223297478925863
2774,4.576304682943899
2775,6.131558134312351
2776,4.079341014654218
2777,260.7314417683209
2778,27.335450021947793
2779,2.2587098202312195
2780,3.1376139748436507
2781,245.6487318953575
2782,212.68753690596697
2783,5.878193200104864
2784,0.9902906515239076
2785,5.8675812066331146
2786,3.799951223143511
2787,64.11824029204098
2788,-3.0469840555906096
2789,155.02236424907937
2790,206.032270599673
2791,94.5848507319196
2792,157.05636033761658
2793,160.82237217923017
2794,156.48448502579228
2795,53.22710221829261
2796,249.68424323821546
2797,111.41624820042063
2798,43.777713263023564
2799,30.430192912080255
2800,5.405082283878158
2801,4.52235932759648
2802,3.1613087502925756
2803,75.55116355080452
2804,4.020923043781108
2805,53.69877059211852
2806,6.330932923815759
2807,28.352309251024998
2808,85.44072808416983
2809,5.973154184060014
2810,5.519292636585843
2811,199.44312894731058
2812,5.931132577526326
2813,-5.8242182656408525
2814,5.98519721722104
2815,268.8296832553178
2816,59.1625506019885
2817,261.99101253206106
2818,101.86528254873454
2819,46.77499566927827
2820,170.02595057486022
2821,41.67386693714766
2822,6.165730933760701
2823,50.88581894780562
2824,249.61058158170093
2825,143.28762029342522
2826,-75.5684027912149
2827,6.412229297611869
2828,5.44644413004791
2829,5.080138480326253
2830,6.6180613118566916
2831,6.0475790662621645
2832,6.726707984013226
2833,138.0771150834833
2834,3.5087196858702816
2835,3.3511919929705356
2836,3.4382682278853713
2837,3.34868537663557
2838,5.819519967280726
2839,1.9891939520836273
2840,50.75485098476095
2841,57.62919940476084
2842,287.36244759305276
2843,6.023030769312185
2844,176.99806950027528
2845,290.1112737687787
2846,3.4317292400772614
2847,94.40211310849548
2848,-2.6779025888243626
2849,-60.00808967604546
2850,6.560926471340669
2851,6.50132381918218
2852,-42.447634830466356
2853,71.8733305661332
2854,2.479460492015225
2855,70.95042129434931
2856,5.888953639871566
2857,43.91435189385389
2858,226.4167458284207
2859,1.3762150749789663
2860,147.49300935033833
2861,289.67399611532437
2862,242.85018652548234
2863,2.7272855388222474
2864,264.23586580013824
2865,225.9031359471103
2866,1.7485905417735426
2867,2.4700748719427863
2868,88.87763106956945
2869,52.413482648932266
2870,190.97600708535938
2871,6.3622934729146445
2872,254.8296733596272
2873,5.232022505325807
2874,4.820067788912781
2875,4.307482319966896
2876,-40.4879392314989
2877,281.3134287856098
2878,-73.62311320082371
2879,5.114030638315011
2880,223.07910031092564
2881,5.683729904794048
2882,5.677268906539139
2883,4.516001475319941
2884,6.602965453381571
2885,175.3202616056937
2886,232.41267890737595
2887,5.883173754998295
2888,2.350510712360982
2889,6.655082743837977
2890,2.4918769452917773
2891,-65.92755717324799
2892,148.02682662406622
2893,12.293319784500026
2894,65.01819376421082
2895,4.85464041654178
2896,3.0658219981153905
2897,5.448223686340514
2898,93.91863269547166
2899,31.58947079671796
2900,3.296570332484884
2901,23.59261772661237
2902,242.0931218000277
2903,258.7580924087435
2904,4.510676795788072
2905,3.5497876955921064
2906,30.972070780317587
2907,4.190127287124089
2908,32.635048040780056
2909,2.0702240323578494
2910,100.8068206332762
2911,3.7672699014018893
2912,2.5965233560500187
2913,6.709617360148902
2914,35.753574229422235
2915,8.055279513858482
2916,246.13904016918346
2917,154.95851419923508
2918,3.907462782417476
2919,356.08809198963365
2920,191.55519832407836
2921,5.576493234059837
2922,3.4131374744836953
2923,231.77339515765124
2924,5.5834976180939595
2925,4.964036466968199
2926,6.0449937925676
2927,21.335342510215206
2928,6.444270602140106
2929,149.77979751498813
2930,255.34241511684394
2931,2.0437166623906275
2932,5.63113012444568
2933,-31.652551592908992
2934,103.75432267060299
2935,-4.115145019584365
2936,-63.31508333084885
2937,6.41414779090086
2938,18.379480940558704
2939,3.168561901395245
2940,168.63787762594276
2941,88.52838839818043
2942,83.2660215570647
2943,6.1328190033739975
2944,6.408635069696178
2945,5.859423870509866
2946,6.4169460837357075
2947,-54.61048209171214
2948,2.253983167275539
2949,6.6543601885756605
2950,3.146615577249645
2951,133.54045422406148
2952,128.7702596859928
2953,7.104964081257016
2954,1.715778450897528
2955,5.4992398423912
2956,6.486213456341402
2957,97.47104590934818
2958,5.927504028111963
2959,194.52785507495662
2960,5.982065761923706
2961,204.27299245253744
2962,4.060304521743551
2963,4.111559981786988
2964,223.84930929442828
2965,187.557577813063
2966,4.68091952470861
2967,3.8191128415912554
2968,161.52856740481974
2969,-85.28690963904018
2970,1.9252140182914306
2971,221.22688143955048
2972,7.247903411756274
2973,198.59834144178967
2974,246.74170737604805
2975,4.974310932390682
2976,45.03421609313092
2977,36.54160377130431
2978,4.605823276523235
2979,4.668535753657306
2980,298.41720464365005
2981,326.2961213791453
2982,147.92781327609484
2983,151.73075895405154
2984,292.09949065018037
2985,121.54363188182671
2986,281.349917018388
2987,231.2452038432396
2988,117.91089915404248
2989,114.24656305844135
2990,24.81793649273012
2991,7.01709504868586
2992,3.0319014698066127
2993,5.4124608754228305
2994,36.09656246876673
2995,4.963189203865521
2996,3.9176112175812197
2997,3.5382198445743684
2998,84.09131619275661
2999,157.7587928463237
3000,71.06036158461038
3001,3.262695752555585
3002,311.4199438466167
3003,4.376184698490727
3004,293.2662662006146
3005,84.27756816678578
3006,88.5998061560534
3007,6.100826249672348
3008,3.001621745060152
3009,32.729420485011794
3010,3.9016990400482356
3011,62.93433876732921
3012,5.35960948373961
3013,192.29284311599056
3014,6.410640909416366
3015,3.9056478400704777
3016,5.831308377176785
3017,6.340408795398862
3018,4.1855312621338365
3019,230.9839490550571
3020,3.275256203030638
3021,214.89699350341982
3022,279.18028894234544
3023,3.3385570870546153
3024,94.19446216420916
3025,238.8554353699767
3026,154.98324927218653
3027,6.201844243019648
3028,5.433197622584291
3029,-16.524382817727002
3030,-54.879722052883984
3031,6.027678084663287
3032,6.4586647298109465
3033,4.974536208755965
3034,122.01331398044498
3035,155.61598428069524
3036,207.79580206147972
3037,5.478372509436486
3038,2.1999017098612312
3039,-33.70411449037145
3040,173.04074122068943
3041,4.778406855035731
3042,19.194412722736825
3043,5.818934939268152
3044,217.53361293264874
3045,179.08234136656068
3046,4.7841014575745096
3047,4.500797666800383
3048,46.434514064485114
3049,5.728271247789467
3050,244.33107428944243
3051,92.97139876542461
3052,6.353919297107751
3053,3.9140898302602896
3054,112.82434795224555
3055,197.9235806273751
3056,64.47388331391942
3057,3.2968981393750942
3058,105.02305563312159
3059,1.8122697482307863
3060,240.50939777163734
3061,5.049175871616891
3062,224.94229044336535
3063,156.2920924390726
3064,237.37406564879885
3065,229.36220510329963
3066,129.21611564154813
3067,46.507288993229714
3068,5.967134534520557
3069,5.796313252840845
3070,3.6413311256335534
3071,6.154435985646182
3072,203.73318803145926
3073,139.21046863810477
3074,6.223205447872671
3075,5.947131663223927
3076,130.83242530949445
3077,38.34354948772233
3078,65.21413845243507
3079,5.7070910623317435
3080,3.160824800838253
3081,13.8156377860197
3082,105.5468094720842
3083,113.67179025904954
3084,1.1995716008065194
3085,5.534214362997972
3086,224.31249251607213
3087,3.0617423228615617
3088,88.95429427186977
3089,3.640718643644873
3090,286.9426530922585
3091,123.9081873402537
3092,93.87810430540759
3093,3.8702543938101437
3094,195.8627134336303
3095,273.5857260878214
3096,126.23256413252093
3097,4.452524521621201
3098,6.291052237464834
3099,18.3412672815413
3100,90.31428795459985
3101,3.903678881186047
3102,2.572125816071904
3103,3.2324450051331377
3104,55.04238804705979
3105,-10.575834220188645
3106,27.42628788794469
3107,1.5060537346833607
3108,2.490144762274896
3109,6.508402837909886
3110,245.03359165598874
3111,2.345175959090574
3112,205.25733685260448
3113,5.508417966968276
3114,53.3993732289284
3115,246.90702316784075
3116,93.6486343684403
3117,-29.348821184345603
3118,254.16861211686182
3119,4.800092391408206
3120,52.547569079199334
3121,67.26355917041732
3122,131.9946979903579
3123,3.8673162429867274
3124,2.8054268089290026
3125,3.815665988734255
3126,218.3222615670487
3127,253.33416430058048
3128,37.78130022745081
3129,370.312981030222
3130,2.113337255726216
3131,106.75407226133025
3132,186.5678137547277
3133,120.75019780074786
3134,227.53896510302104
3135,1.6640725527790015
3136,308.18074810764307
3137,3.020555560492354
3138,180.38675353925174
3139,5.811754089462157
3140,2.1645345491292742
3141,21.813670445943178
3142,3.407418353672822
3143,105.50155063547355
3144,267.85077355623827
3145,4.795386449556338
3146,274.6693224609087
3147,133.34831451338923
3148,98.89443731658662
3149,-22.22104509114026
3150,1.7085261352181838
3151,227.96175062896003
3152,7.064764363000952
3153,218.96248386190894
3154,172.76143332368335
3155,49.42660989826708
3156,35.48765261981467
3157,4.8866175227707735
3158,280.01096325548355
3159,108.12126682258605
3160,238.9368387027663
3161,-51.4113977623681
3162,3.7316363839746636
3163,186.20915717858966
3164,3.7012709400156942
3165,-4.72993201927905
3166,61.93164677330449
3167,6.414553299584317
3168,5.447907820753501
3169,3.5230176262476043
3170,203.36307645003598
3171,3.2323682175938773
3172,236.43728850742178
3173,281.75662759900774
3174,55.768315528492025
3175,-59.50414472958216
3176,3.885637971043896
3177,3.0677842065758805
3178,179.08112715427717
3179,6.228642188059151
3180,315.03275297604984
3181,228.890843397011
3182,293.8372448201284
3183,6.063152642090898
3184,141.57531993649988
3185,7.181389764640727
3186,184.77022767542485
3187,254.18947610669238
3188,-57.398422814271854
3189,231.72670241814677
3190,4.331244835873955
3191,227.5665207402559
3192,62.5109118142268
3193,6.207001620018047
3194,4.5898859880805105
3195,5.7474995831356255
3196,144.01249367082588
3197,5.5172395554273415
3198,184.89131048267615
3199,179.47999966518023
3200,2.4243200221738874
3201,323.3170130699466
3202,4.570616682630913
3203,4.819313963496464
3204,0.8104750788633286
3205,6.533497112513565
3206,266.8440003072173
3207,5.913983990691314
3208,197.93190324585058
3209,-49.124962798526894
3210,7.261774792673808
3211,230.63668267508544
3212,232.14738404920575
3213,2.6358800324299736
3214,254.4045305544471
3215,3.3755334605383873
3216,5.988687831497852
3217,129.16658856535145
3218,264.3718118647349
3219,78.19256115471477
3220,83.60033379363182
3221,108.2471116307521
3222,241.24783727066398
3223,355.2888304439059
3224,-82.06388604078691
3225,125.68537531620677
3226,5.876963003781888
3227,5.8555828956717475
3228,24.24513064210228
3229,301.32522702899996
3230,219.55675015770885
3231,7.057976104643379
3232,5.110396151468445
3233,5.6925572831102995
3234,4.412691630872679
3235,126.15095083341228
3236,129.23079707030723
3237,20.372369407874743
3238,294.35782288317876
3239,6.486953462733364
3240,50.235215480700084
3241,-3.776180217271071
3242,2.7357312901893462
3243,32.04019743802715
3244,169.89170353252402
3245,5.032186412040776
3246,243.64907570057971
3247,6.325149124483335
3248,55.318565745639354
3249,-40.4526857759593
3250,226.1743190583048
3251,232.26003318035055
3252,124.24137741757662
3253,56.6824794831105
3254,148.47759595270935
3255,6.6175546440421495
3256,6.198337453345253
3257,4.732901189009558
3258,2.5044428296333483
3259,43.89672793611615
3260,5.797073180172447
3261,106.41380622058497
3262,305.1284990687333
3263,2.088656129204591
3264,4.134382601467893
3265,128.91674830125413
3266,3.7804354933274356
3267,6.749640131620341
3268,3.087366178635787
3269,5.2869047111286065
3270,63.3701426334095
3271,208.7548023963305
3272,2.6779928620521996
3273,235.13779740215188
3274,234.41322282349296
3275,120.83905719731203
3276,114.46893508625615
3277,6.504964242477141
3278,5.970225172056798
3279,3.266333887762701
3280,147.7843718870038
3281,285.3857944891311
3282,2.813841302663337
3283,369.46119038174004
3284,349.9325018202196
3285,95.74898644075715
3286,3.0947056928087107
3287,5.434200044644095
3288,23.74199800271185
3289,1.8132546777630472
3290,43.81035046503411
3291,241.13303167841164
3292,3.2186041438916075
3293,49.73568031669397
3294,200.9857138003518
3295,152.15565561555664
3296,13.715486864955338
3297,189.05620338645022
3298,2.171980844225757
3299,242.32089244762557
3300,3.2256311026112305
3301,203.08193083949345
3302,196.60464589324584
3303,-11.593612327258981
3304,228.665688997575
3305,5.289879306478211
3306,4.525033050439848
3307,169.0476246804888
3308,3.118931052612649
3309,6.309243478674191
3310,-54.96880230688524
3311,2.349220002472324
3312,3.830853344017603
3313,2.581343971621129
3314,6.022653742037818
3315,4.17608979564907
3316,310.7648777333014
3317,300.78116584662274
3318,33.007594852911346
3319,1.8900892208049818
3320,2.216474546496782
3321,5.2349804390301555
3322,150.14458720971587
3323,4.4534526707659445
3324,3.9796207389967764
3325,326.10249924876405
3326,86.5218859917627
3327,-72.29994086326086
3328,6.340142615971109
3329,1.8870912336956476
3330,174.49190145902037
3331,107.13527573728621
3332,3.760108620004415
3333,247.42115097241214
3334,117.43574227530164
3335,3.358104739842469
3336,4.171945041846968
3337,2.6962062064555496
3338,1.781546793883531
3339,19.16713733826274
3340,34.1305456921184
3341,66.42307673908493
3342,228.53263847388115
3343,119.77148123088058
3344,3.7031384062197885
3345,258.6185196622199
3346,305.5279016328115
3347,194.48393340112577
3348,68.60826618058917
3349,5.600730227297655
3350,3.922334980839377
3351,3.0230820060378334
3352,1.8404424482481188
3353,154.06911281693075
3354,55.13045306158574
3355,3.1372419871304364
3356,298.37038051824635
3357,3.468505360778289
3358,235.62131541911367
3359,88.12691310089505
3360,160.04800681465093
3361,3.406896874132533
3362,3.2076822412277273
3363,3.567194056193911
3364,11.294128064386436
3365,97.77874550924804
3366,34.31357289047101
3367,3.3367664704343287
3368,115.94940367551229
3369,4.8245700603503865
3370,70.69688832105514
3371,3.6826894313211818
3372,207.12735614448266
3373,77.70971553240221
3374,307.9958084466142
3375,2.3349862399758394
3376,2.2988683660428397
3377,101.61280651592125
3378,5.0885676077162785
3379,60.58625071857573
3380,329.8376770551508
3381,6.608406006373691
3382,107.2688752566797
3383,6.125823862022079
3384,48.782211993905975
3385,4.224203504616152
3386,56.242411609129036
3387,2.167782122871796
3388,171.2629897201337
3389,214.34820003574856
3390,2.1153817856056216
3391,5.564505730624367
3392,5.040610125013982
3393,176.9562896627406
3394,143.27346496160237
3395,5.285809000900623
3396,5.8851613285355215
3397,159.58320947441933
3398,2.0496168649022817
3399,194.16821236423
3400,173.92762254987463
3401,4.768055260329021
3402,0.7386850674040915
3403,62.23078644013327
3404,110.99387458309909
3405,171.991178667799
3406,205.44745278923
3407,4.09829978446482
3408,114.34767182965031
3409,120.24002281372685
3410,5.901938458544382
3411,6.0467561454160546
3412,54.91709090720495
3413,2.164462694563701
3414,6.659815442053944
3415,123.10866479849113
3416,84.13809363729399
3417,184.83503192407304
3418,158.97627013516683
3419,42.501270980972585
3420,-14.475943090774628
3421,-72.68305848760863
3422,188.5837133687039
3423,2.0178695620995977
3424,3.685106952567029
3425,-2.0762423286589446
3426,3.257552487552669
3427,55.61123657638852
3428,2.7998594160733785
3429,324.11578219245064
3430,321.3309783275386
3431,124.21744564520344
3432,5.951947054196973
3433,94.37654767392752
3434,1.8971358616761327
3435,304.21205725962784
3436,212.6860148133777
3437,3.3583828228210955
3438,19.72307593881043
3439,271.838576437281
3440,6.5830035122025805
3441,4.567604574632634
3442,233.77261728668947
3443,5.110107914354995
3444,203.24680033832934
3445,3.5933536731309728
3446,5.709914789283662
3447,248.03625155560988
3448,5.2546539948371835
3449,5.769743034785068
3450,114.55414871834492
3451,203.73641043734676
3452,1.9987665778503814
3453,2.437328347814204
3454,12.730004654868807
3455,4.111857957191833
3456,5.6743815798765
3457,3.849954734830716
3458,6.118031613295165
3459,172.74600251550302
3460,-41.52999468630185
3461,4.330357327713258
3462,39.91028928235052
3463,227.24255039243312
3464,4.170381204902849
3465,2.963568442390439
3466,6.2650365069159575
3467,107.75619095306814
3468,23.627321637635735
3469,320.27257827616063
3470,131.5782714865309
3471,11.474963595856135
3472,279.5081432931429
3473,6.681611715147442
3474,3.9208929844057696
3475,4.71246430247909
3476,28.703918838468873
3477,3.5930095482698654
3478,6.686744073852971
3479,2.9005117548779027
3480,115.94566359051984
3481,148.7248147205334
3482,72.56585104225908
3483,76.91202162434371
3484,193.3642800957412
3485,2.412758926790173
3486,212.79177361195792
3487,5.831744143147379
3488,5.178951256481848
3489,3.416863006103511
3490,6.374390635329551
3491,3.0424241449644853
3492,2.4110335328385917
3493,309.8653875422609
3494,126.9616215077474
3495,6.23795632529277
3496,-1.9156631652775282
3497,4.683600047314918
3498,6.6787108276448235
3499,-40.16051850995698
3500,137.63626394330075
3501,281.98950229400066
3502,6.191184492207086
3503,3.573828945752485
3504,158.38300161148976
3505,147.7152909057326
3506,91.17080075604808
3507,6.184860631225705
3508,3.2461745606671153
3509,3.0321828296176014
3510,271.3387336437288
3511,1.9675643264130915
3512,56.57715670046085
3513,94.73779509464438
3514,3.3344137796085236
3515,74.7432392914749
3516,3.3911982469017223
3517,186.3238447428557
3518,4.290729057685956
3519,228.79267108881834
3520,328.6228775690996
3521,1.8715657425410819
3522,137.874373052951
3523,5.068979334862162
3524,6.644793330486705
3525,5.296567200330742
3526,23.734505382700732
3527,1.6719157477006594
3528,269.9625431782167
3529,171.00396794024059
3530,2.7581607666394152
3531,67.96790886419086
3532,262.1089616932901
3533,46.581384834480545
3534,8.299396963439314
3535,81.9724240752783
3536,3.5919891498777763
3537,49.678642698570044
3538,7.111391450431271
3539,43.16535859456974
3540,137.32886940582952
3541,-68.04591647443999
3542,2.836270575242022
3543,199.19883919314864
3544,33.99190455351976
3545,2.566570736023543
3546,6.116403829401534
3547,171.27317246041474
3548,5.207465722397758
3549,1.7902775870867385
3550,4.693500460341566
3551,5.047854746289486
3552,5.644754099273545
3553,6.623646652284734
3554,170.52014831318755
3555,3.936113558455743
3556,2.3091479340603103
3557,110.91002046688868
3558,5.232178590030486
3559,81.67824593498261
3560,67.27813892629976
3561,5.97115278089862
3562,7.467510862770383
3563,-49.51386336639766
3564,5.9152561709422615
3565,4.812745943782187
3566,169.9242506814211
3567,1.921844384800046
3568,249.12101586222005
3569,164.24426764894696
3570,62.907920161235054
3571,200.86824799169023
3572,1.8601153303761888
3573,5.933871897356207
3574,5.761407798269469
3575,1.5697051244694726
3576,5.12604444402845
3577,6.229452245624797
3578,72.11060046666005
3579,1.9780535241946622
3580,74.527253507431
3581,239.41772089914963
3582,66.34276109234955
3583,55.254567204848456
3584,6.6332280729326705
3585,29.619758755814168
3586,5.738066477851319
3587,30.475028637387283
3588,3.252765587548041
3589,213.5792552516824
3590,2.4480966898719254
3591,3.431615566255375
3592,207.3167772677656
3593,5.174383460941446
3594,3.2140960653022006
3595,6.622327308908591
3596,32.62000940002563
3597,304.7074513954303
3598,73.91726165371144
3599,90.22149827966544
3600,2.6637516259439824
3601,281.39257110596077
3602,21.793801408466145
3603,5.406036692547179
3604,3.171954493028748
3605,152.49663596584918
3606,2.1495209461055538
3607,3.6052991690446383
3608,273.0423411874062
3609,220.68043318240478
3610,61.33870823911054
3611,5.536556879268924
3612,286.20607971051976
3613,6.37196812854575
3614,4.80015445548671
3615,6.800237455741842
3616,60.59160189128306
3617,5.028982957130934
3618,3.1032275681574024
3619,-54.77479101508554
3620,6.1134719265237925
3621,57.15984397510708
3622,5.416847810261937
3623,256.609658810981
3624,-12.039363770547258
3625,95.46072818320067
3626,34.57455449640862
3627,32.16478821902662
3628,6.5959146459464755
3629,35.61282588633623
3630,251.76058260416517
3631,304.9039636604892
3632,248.03113685733257
3633,232.81810471848593
3634,96.6567480793546
3635,139.69416152936574
3636,4.680579620282068
3637,38.868078286731354
3638,59.10332907129964
3639,5.070526329607372
3640,347.7995779822973
3641,212.9724221481692
3642,156.26282357865128
3643,200.6598696874312
3644,6.491921592681713
3645,110.73329550243794
3646,2.481247388832357
3647,5.802491979129604
3648,229.9801221350306
3649,-10.012446185304785
3650,3.2460259113604315
3651,192.31530484751744
3652,47.68696810086751
3653,-1.3670592104179868
3654,67.17159113129355
3655,2.059608530163573
3656,145.3944913587824
3657,5.509867615009972
3658,8.205942045989824
3659,4.541554467819733
3660,5.932966563617768
3661,32.62888168272386
3662,2.0974711997341533
3663,6.009890304687863
3664,120.83396642681397
3665,4.9429479204777325
3666,277.55636116390735
3667,242.836703093656
3668,258.26404084665495
3669,231.45580976973338
3670,7.521921654677962
3671,6.5765864626873825
3672,242.3942655546482
3673,5.036923140971651
3674,287.22172513387034
3675,141.9002899847485
3676,42.52729411868551
3677,32.84140743341253
3678,-12.92668356636334
3679,4.325503686584464
3680,3.830107584508267
3681,146.14104925955542
3682,92.80581526775373
3683,166.10483541297762
3684,7.302264211216272
3685,148.95598933755613
3686,271.60486063511127
3687,104.87704619465849
3688,269.712756395671
3689,2.281890844572005
3690,174.63754438125943
3691,178.34917562282385
3692,290.6954293106237
3693,267.96629738801107
3694,1.4166131633384216
3695,251.2768582900646
3696,202.12344011063982
3697,0.8026751955479776
3698,-45.54523392834005
3699,4.32467507271947
3700,5.440456254827541
3701,384.901515634502
3702,3.6162518291631516
3703,3.9498051672266765
3704,6.49758649457505
3705,1.4190308032210504
3706,69.12163111399735
3707,6.359713230922271
3708,128.9131438496599
3709,3.1566774129383086
3710,6.174644370700845
3711,337.8204086001794
3712,56.26104875656088
3713,5.5248147061193436
3714,282.3341257033155
3715,2.621509690895054
3716,2.019082340924837
3717,141.9465008606879
3718,65.48654123177124
3719,163.0826403080589
3720,162.2906219237613
3721,2.814533434806403
3722,3.8908774691626067
3723,3.2588466389345627
3724,1.8622117197956367
3725,70.28550512412536
3726,1.6707148720837475
3727,242.3564528670915
3728,61.45764382953081
3729,-41.92718629765459
3730,133.05936489818234
3731,76.29157286586057
3732,3.345486810908744
3733,-48.142051393412125
3734,3.3468506306327948
3735,2.345152868027938
3736,-34.24955710330676
3737,6.431039592237369
3738,197.54030370563032
3739,-53.16931337505496
3740,232.95338286145704
3741,20.26958154170428
3742,268.85773796977446
3743,2.4383527470471362
3744,87.155570995916
3745,7.995065051734269
3746,4.9892850463135066
3747,4.871471918670737
3748,208.43551954912022
3749,88.45067535485316
3750,1.5749761949645138
3751,237.30498049285265
3752,83.23857754221123
3753,4.833204517912437
3754,3.8973355492595445
3755,12.944840170310787
3756,5.596399113826481
3757,19.64450030353229
3758,5.864979418650257
3759,42.683313253314566
3760,1.886763705522735
3761,6.7553909623663895
3762,5.696004891338433
3763,122.3642262995001
3764,173.76663009090925
3765,362.90470356567573
3766,6.844618829319423
3767,282.802889725391
3768,64.74223286772416
3769,1.6623083941343337
3770,133.40859380281765
3771,3.474276405978186
3772,200.9202226384354
3773,247.20192654495622
3774,2.5115020106538304
3775,3.438776947952979
3776,221.6505880126433
3777,6.458583838087133
3778,226.1547893541092
3779,264.7728984577519
3780,5.873741385146589
3781,6.3924979091674965
3782,2.185773365333453
3783,1.9804863625411526
3784,5.512903285653687
3785,24.47614444725517
3786,81.9929126680413
3787,5.936991310947748
3788,6.640734567978043
3789,290.349029947363
3790,7.08454755288703
3791,6.5566803459442395
3792,3.6433717238579817
3793,45.46742505784269
3794,-17.049962580010828
3795,218.77933088164065
3796,234.37397898898797
3797,4.938056011714325
3798,169.83675088746332
3799,-54.310789023013356
3800,235.83712453409933
3801,119.780266391684
3802,148.1929919070165
3803,61.214123044260106
3804,51.492666922286716
3805,4.01636212750092
3806,3.147164406098153
3807,88.30004436811424
3808,3.3881858462300105
3809,-52.135247932079515
3810,2.839846478067037
3811,4.636198879392141
3812,258.203692065447
3813,3.5526695453751094
3814,287.3899461649793
3815,7.13379776993795
3816,3.9881195231544457
3817,51.5575767883843
3818,6.490117709549138
3819,2.3516441222830586
3820,133.6433916103718
3821,7.858980211386518
3822,5.449170653429654
3823,250.2367251112346
3824,5.079022078877092
3825,237.58323835013005
3826,6.038871533756318
3827,285.21268060756756
3828,290.79088398410084
3829,6.5863367347882145
3830,224.19539786092446
3831,53.7264536342479
3832,1.814678374205493
3833,52.91583236679743
3834,51.392353632429035
3835,2.8167618380946324
3836,5.231475028791053
3837,6.797417848114189
3838,5.96708340081228
3839,241.79955996039894
3840,5.760734766831462
3841,115.92575815187763
3842,3.6929404058264446
3843,236.0327965161755
3844,5.831086065479441
3845,6.487058416773082
3846,5.888523363366892
3847,74.73109427813075
3848,140.94855389194885
3849,198.21209952162107
3850,12.20754300680849
3851,139.71287453226338
3852,254.41169947774085
3853,5.570035653671777
3854,219.02039850514083
3855,1.9397791694392013
3856,60.41168877183724
3857,3.7976890984965896
3858,2.7866434776576696
3859,255.21022562767374
3860,6.070117662027801
3861,-69.43795490935013
3862,-8.606007355715011
3863,3.547135339392496
3864,2.9268974413796562
3865,302.74142628099344
3866,4.474069713317659
3867,207.2519654027783
3868,4.53397670054457
3869,3.157392810032335
3870,137.31929519499346
3871,38.61682655981075
3872,4.172057881091003
3873,15.189188785918036
3874,342.375588822585
3875,262.2268408637334
3876,88.17472282383372
3877,-74.31909881807866
3878,205.19251978801822
3879,254.99426640125603
3880,6.350307508479013
3881,3.9234503164953383
3882,2.4240212100410026
3883,203.95390018992327
3884,145.28594010492213
3885,6.3550741150605
3886,5.362512482262057
3887,6.116875576586313
3888,2.602015760542169
3889,192.6334047376449
3890,1.0008075167555683
3891,3.2974373565608186
3892,157.98202906974447
3893,2.7294126753858334
3894,297.63995999571665
3895,-30.059439092317604
3896,20.31265004252767
3897,231.9212641692377
3898,202.70689049284957
3899,1.7970822547247696
3900,64.85832189236994
3901,118.5591033020803
3902,2.892566832015997
3903,47.13419373045428
3904,57.58650088359627
3905,3.4991000043766443
3906,8.133930828174215
3907,208.4448849138268
3908,137.83142216370334
3909,3.3126411643490865
3910,4.1801309786639855
3911,235.07105361735307
3912,4.415942391762471
3913,37.66548434108307
3914,293.1305637156693
3915,6.905806197291849
3916,5.769610326990118
3917,3.938452897836017
3918,-43.412917149681064
3919,5.207135433730749
3920,38.04013887309216
3921,71.79028510604995
3922,7.328410571834347
3923,2.6228015343839153
3924,356.0307763423983
3925,80.29316074704359
3926,2.0484539908930235
3927,248.0433537950971
3928,3.5854380347941754
3929,5.490819278570826
3930,6.288913633236569
3931,179.465526971198
3932,4.637677404255483
3933,2.8030979208620006
3934,6.672910058653546
3935,219.34557038126522
3936,1.6569315545981003
3937,3.328695649639476
3938,3.210542565056974
3939,287.3334165024201
3940,6.349272874821057
3941,6.148901400202315
3942,6.068844463835501
3943,3.202522119847857
3944,6.8549251148800145
3945,329.47706772840775
3946,174.12215792102128
3947,45.35761285323886
3948,124.81652178521074
3949,5.4428411780436
3950,235.0403219477953
3951,1.7442510875171529
3952,81.2995829238825
3953,133.84296836425938
3954,2.432554684302074
3955,6.149450983331454
3956,149.39302412294492
3957,49.772478341699895
3958,62.55784022556935
3959,234.68872875723514
3960,6.251601489790373
3961,6.678289020531331
3962,102.55818571320998
3963,5.844961095600307
3964,151.4839269726588
3965,6.494786639971279
3966,3.4609354531607823
3967,3.3498189557283053
3968,176.6790936495979
3969,68.422055225745
3970,2.4880998006509736
3971,3.634330907533063
3972,3.2119147929321894
3973,3.4670434258093716
3974,28.286089341042608
3975,46.91573205867333
3976,3.57283230137754
3977,4.141162124891553
3978,3.398878294059139
3979,112.65069443470611
3980,239.6334911453122
3981,250.89532119666688
3982,5.532965864049817
3983,2.9739664640502057
3984,374.84596916961044
3985,231.6073103132004
3986,142.70975388148207
3987,98.67268742524493
3988,3.405147254642484
3989,-10.706813613247457
3990,69.00231634018617
3991,280.58530379173396
3992,5.761871768687389
3993,5.706554902713007
3994,48.17267594328061
3995,119.77914583909929
3996,4.713764637654228
3997,97.86806811826006
3998,2.5593604215335297
3999,265.94474329278285
4000,5.24564484349688
4001,4.188419081711918
4002,50.46949408240792
4003,166.07831108862405
4004,2.2139257570682918
4005,292.8934243458613
4006,91.81788142705669
4007,6.426880734774225
4008,3.4192859594149336
4009,5.776347548049802
4010,196.77029639280076
4011,2.8251419895485137
4012,6.271287187708962
4013,251.21933969471763
4014,5.834959817551711
4015,6.030644389142385
4016,70.30200703376995
4017,169.85919753548706
4018,117.48779184279695
4019,1.0912308498061836
4020,1.9608919909971443
4021,131.51681059634333
4022,55.61312539189273
4023,3.7922540219571563
4024,122.54505068710583
4025,58.24266232319235
4026,102.27452809021015
4027,265.3485103010836
4028,95.76963806081645
4029,7.2057685781974214
4030,2.3495154998345398
4031,108.83264378151051
4032,82.50746110616393
4033,2.8902737854030134
4034,274.67290410474516
4035,85.92413324226557
4036,3.509527883037035
4037,3.7716219666197066
4038,5.924177930217999
4039,5.877593869350523
4040,116.72587266857589
4041,334.46168512929995
4042,54.64014639613452
4043,239.93411405120983
4044,4.625191513819992
4045,23.63553109710869
4046,5.875030360860127
4047,3.9548085188308377
4048,267.1501994847789
4049,115.89210463388619
4050,277.94778392191864
4051,54.89864036265394
4052,2.8323054865069803
4053,4.2384423289158155
4054,5.520115707175174
4055,4.348624704255082
4056,255.94892002459568
4057,6.997620863099948
4058,259.76435698007026
4059,52.17662955671405
4060,258.74278486460986
4061,117.09771411834633
4062,3.6253123085845274
4063,2.1877894081576907
4064,186.6662998119632
4065,1.8400327607491334
4066,92.53888032871518
4067,207.1585532536575
4068,180.34982076491184
4069,342.9317194020276
4070,2.783047471076582
4071,2.7313515525548926
4072,1.578670654906522
4073,3.282210647392941
4074,4.051556157739002
4075,-41.92805509342688
4076,20.201167024905978
4077,4.838247352668793
4078,6.269863073110959
4079,6.980286711784915
4080,269.4769583799857
4081,2.956278713459753
4082,134.49784351963115
4083,4.156738247421224
4084,-6.270119649862993
4085,34.32108634204145
4086,2.2107310334904144
4087,4.022673173004594
4088,4.794319662314624
4089,83.0522358179496
4090,150.17021941272213
4091,4.08274421069845
4092,77.53656776933822
4093,23.397322039766603
4094,5.123991970552147
4095,6.739039367144452
4096,2.52404034492416
4097,2.412373137736918
4098,2.78647124785679
4099,-43.189058778054374
4100,31.268322081343758
4101,6.624212364518897
4102,4.420776407310199
4103,68.5286807321668
4104,211.0366164954628
4105,5.859720938415261
4106,117.86974704849712
4107,89.70285922373546
4108,84.44884728063387
4109,243.35518296835903
4110,6.093685102910056
4111,65.95001642445413
4112,99.18866635053517
4113,3.4503766076343707
4114,5.15892736675543
4115,72.43668084151446
4116,133.95222058006522
4117,86.17429677701435
4118,267.54177694150604
4119,259.4947830040703
4120,228.58375960923232
4121,83.88420808697552
4122,-29.751032517935876
4123,2.0635394637596542
4124,103.77106772253794
4125,2.4163658069578107
4126,60.49525487289582
4127,5.984905467774618
4128,1.6512918083244885
4129,6.427029111135535
4130,1.8916440337158482
4131,50.01278302967546
4132,6.310931663553534
4133,5.079739596985849
4134,105.76230298012283
4135,-15.231601621673907
4136,149.88629329477598
4137,358.0730203054689
4138,-8.51366363266943
4139,108.3866184729328
4140,58.09623102393242
4141,4.321758249103411
4142,115.15291192400207
4143,289.5733394481927
4144,80.33505836667337
4145,228.5729285881328
4146,66.58109065153093
4147,63.18956104412651
4148,267.6093197232303
4149,55.59730093804388
4150,21.370738139545335
4151,61.98677521468359
4152,125.84696064291929
4153,4.2679595910095145
4154,360.77377087662165
4155,159.9133710069358
4156,3.1668648486146167
4157,-9.906074400635909
4158,4.145603206918993
4159,4.285680064683116
4160,151.95813677564288
4161,171.25727125038443
4162,6.246524879180465
4163,96.28199616965821
4164,161.2993094049615
4165,-4.051677399332782
4166,46.265506334887775
4167,112.39650493246859
4168,18.983918571344383
4169,2.740278910695804
4170,10.700768564751794
4171,73.86984677361733
4172,4.453804848398196
4173,4.112277376789827
4174,79.87472957926057
4175,129.80972627900965
4176,1.9899070606047828
4177,3.41610209290682
4178,22.29639358538862
4179,115.0647720639017
4180,189.59160520635982
4181,48.50667226273242
4182,56.171809023915486
4183,11.202941050220884
4184,177.78109942773085
4185,286.48690517877606
4186,2.8071512407308057
4187,85.70839228105291
4188,4.086531579160279
4189,4.276614662224556
4190,122.18720386627203
4191,2.0767289614275133
4192,20.578615293606205
4193,45.300804931453555
4194,5.905235107836344
4195,4.316809642622609
4196,138.03754874084336
4197,6.564071928829648
4198,3.3009929102247093
4199,5.058405339553149
4200,298.6634470903243
4201,248.98073803714246
4202,179.5242844263268
4203,5.674599200730989
4204,110.7508734809861
4205,5.03024808054608
4206,7.575900726747017
4207,149.05238037008928
4208,148.26250217812745
4209,218.13879311647543
4210,-46.55504988416543
4211,1.9468454934687127
4212,5.6308216425826645
4213,-35.68253890359253
4214,6.710098383568062
4215,3.1181338482365337
4216,1.5035694087561473
4217,3.1995191207860345
4218,5.652670127333641
4219,47.534284226667296
4220,72.77139411461422
4221,2.130621920785218
4222,124.5165350082078
4223,2.813177016721257
4224,6.575007652972751
4225,5.1121706723310085
4226,276.01230532800787
4227,2.81452118560615
4228,207.62986594970684
4229,110.48814307798807
4230,3.1838153783323
4231,2.2607074655294475
4232,50.71111300095423
4233,3.357631119670101
4234,-0.7230584159749589
4235,62.93572937164833
4236,247.71540877123135
4237,163.19845073308227
4238,2.911861347954397
4239,82.52227025392008
4240,13.571790910696546
4241,53.10102661282441
4242,248.26099253682747
4243,-71.57396888600702
4244,333.18923759448353
4245,4.725241094003749
4246,2.0015780886396506
4247,3.6398711186834016
4248,4.141256644046217
4249,-69.07166686544761
4250,0.5973802668981467
4251,306.2853571525066
4252,6.5554405888375396
4253,6.405807980298861
4254,5.427477280747253
4255,-57.53761990698612
4256,-1.063588838788858
4257,102.63916467967965
4258,2.5605025729185074
4259,1.575352077471329
4260,81.07167692259031
4261,2.52488480145041
4262,302.9303287285328
4263,94.73788119693143
4264,2.550159389417037
4265,36.305432681027256
4266,4.028365594913788
4267,6.099055878197028
4268,5.979197092716539
4269,169.65425441144066
4270,226.75153378921976
4271,178.56376506559062
4272,4.787359769175429
4273,8.25257912904685
4274,63.46609542653112
4275,6.554420724647036
4276,292.8496927148667
4277,219.406451954045
4278,364.9807459450369
4279,326.0607969826152
4280,127.2225559599685
4281,48.579320504812344
4282,20.13518827446449
4283,6.476826872788427
4284,4.860991171681335
4285,109.13919271414261
4286,309.6490492396209
4287,1.8053136738651872
4288,164.5277953606527
4289,208.70280575369043
4290,158.54786118068222
4291,3.1859527450075267
4292,5.048507481070669
4293,-6.755849212715262
4294,-46.58027055517495
4295,0.9415984963991716
4296,5.578375885420502
4297,6.764432807644266
4298,5.800560959932792
4299,67.79638985308
4300,40.10204653278113
4301,-11.29851256539001
4302,136.15126642343552
4303,1.825224759797613
4304,-56.61660128988712
4305,3.761984469345233
4306,267.80250125931656
4307,2.783638838892232
4308,29.188500617005985
4309,5.048332571466769
4310,2.959573849659167
4311,-10.58358985417655
4312,300.2564171995373
4313,3.2341602796823343
4314,2.285164142457919
4315,231.27905292665412
4316,1.6105994536588208
4317,195.58212421004612
4318,6.081571946568673
4319,41.74230685870232
4320,115.9760071258751
4321,5.032024114569063
4322,296.1615549640225
4323,88.09619171415781
4324,3.3925164973643893
4325,6.654056790488131
4326,3.865608228652235
4327,94.55643245977502
4328,148.55268735832345
4329,203.83678113208558
4330,24.235363817153708
4331,2.8636895727793017
4332,2.5420158511865574
4333,217.33485538756383
4334,3.782904914353919
4335,2.9890874508997096
4336,2.1143538630273784
4337,5.935283273456912
4338,1.7273224247534795
4339,4.984006149135898
4340,-33.279499743370515
4341,62.5233969099615
4342,167.811705072644
4343,168.96279772835462
4344,146.7504639624907
4345,5.905508962998946
4346,4.7971703340878
4347,195.859692255277
4348,5.573419385756035
4349,161.9880659549455
4350,-43.96521774048922
4351,129.6316438841519
4352,171.10436341668427
4353,5.270638430595101
4354,123.37210788868956
4355,142.05047790057938
4356,1.9447055360547831
4357,5.020665720224274
4358,292.2472686319918
4359,221.839329462458
4360,3.299617875706203
4361,13.272692676652442
4362,-0.008235034843500223
4363,3.5510411766342265
4364,4.9784615648434
4365,1.6245812404738493
4366,3.436845367024688
4367,244.10265077190695
4368,-32.508628243830934
4369,63.48482114196271
4370,6.25022628445916
4371,190.65422193925505
4372,79.2323277090168
4373,313.0905580910726
4374,6.798857574013019
4375,223.9439203249085
4376,271.05203753329636
4377,5.395340582521145
4378,5.673887691878502
4379,214.71524686659535
4380,3.1042313997999242
4381,2.2866269700775064
4382,6.684408253433821
4383,29.715077631513708
4384,4.946332214785675
4385,202.22781563858297
4386,14.649183895781908
4387,299.622233666064
4388,102.44598634355641
4389,6.658522639007124
4390,3.996509205271038
4391,4.196683032269539
4392,2.55881041944408
4393,86.70027632645836
4394,86.18047607423595
4395,3.130108413075029
4396,-13.095163533854151
4397,2.5342364275292195
4398,6.35792663745004
4399,3.090114111655838
4400,243.4620505848807
4401,6.774217718220826
4402,222.8961842351722
4403,289.93020029099023
4404,241.8655600380804
4405,351.924554222791
4406,40.3633992174902
4407,81.32975274411946
4408,6.553620425577178
4409,101.82871469906146
4410,-98.11126876652578
4411,2.802437501357812
4412,260.75898014842005
4413,212.5554082737513
4414,4.103619940147236
4415,187.29271966286376
4416,43.99498383092555
4417,2.7611480673190476
4418,222.7741473870795
4419,275.6378287642634
4420,345.9381637220723
4421,339.27887242246373
4422,5.245653505415449
4423,1.9684076447533394
4424,44.79568759459561
4425,164.8541609794709
4426,5.369462231993684
4427,214.7093264912154
4428,6.111823196751452
4429,5.089254839161255
4430,5.054632228219618
4431,181.4884491476094
4432,3.772792106941726
4433,3.759103060178046
4434,120.49741809276583
4435,5.617959568291623
4436,6.057972006831649
4437,-12.838931092369187
4438,84.35617986752064
4439,7.0156728068864
4440,253.5364561440177
4441,1.327597908879329
4442,253.63846989331734
4443,6.287950397461795
4444,270.3850949611401
4445,3.625608079686254
4446,3.6554219127938907
4447,103.74103913544828
4448,5.086175194427581
4449,-13.113079370039673
4450,79.79822995550848
4451,102.34216389912308
4452,307.9428357316169
4453,246.0124966333821
4454,5.096476340112126
4455,5.612558641228611
4456,211.51602233247425
4457,4.22552125528859
4458,6.98079918977341
4459,71.79491946514746
4460,0.5296771363483707
4461,89.59393634386068
4462,153.0392067827163
4463,42.03357169421146
4464,4.165045413980425
4465,112.82786169399031
4466,4.694912256728315
4467,2.110272342172258
4468,1.7954061651858932
4469,2.1280864875910557
4470,4.884176370531264
4471,2.813794006050868
4472,246.46629896688566
4473,3.4865475999983424
4474,247.57661361663654
4475,4.78277597833741
4476,86.6702463379451
4477,5.788657216261143
4478,3.7886925914448604
4479,131.47951465203846
4480,272.6338878415068
4481,3.900584814763034
4482,220.42198490024
4483,69.65310349640988
4484,312.33356288291077
4485,226.00873885496298
4486,2.413063345767997
4487,90.12683464913802
4488,54.15079794758957
4489,-51.49655412023261
4490,93.66051618186805
4491,5.641144851554483
4492,254.19772408381232
4493,317.6216062960667
4494,27.204088585870597
4495,2.8336287266330276
4496,103.17658596297765
4497,6.68405924173817
4498,203.00749862097638
4499,315.7592601151929
4500,155.78193382496002
4501,6.12622060714209
4502,5.949722831250733
4503,172.25000229126795
4504,15.032252146326243
4505,64.81826724790822
4506,2.371079342589627
4507,-13.471815695880723
4508,149.29664732296226
4509,44.75629341972879
4510,2.252495194242819
4511,263.74536582412594
4512,52.88655728177386
4513,97.12720583855855
4514,2.5250859364573657
4515,3.211927160046988
4516,3.5367501881401493
4517,4.765817827144195
4518,10.808425221971332
4519,114.39856262333392
4520,55.73527502433363
4521,2.5483864848250195
4522,91.61630948667508
4523,6.683568892436229
4524,222.51767960181772
4525,17.03001502624044
4526,2.262701599505804
4527,109.77472036178185
4528,132.31078719952768
4529,133.34348661367028
4530,182.5069390400831
4531,4.083709267214771
4532,4.25060119292944
4533,4.478335120758502
4534,64.96082764897905
4535,5.878277372496632
4536,2.0309107421319497
4537,1.9457133360056853
4538,6.358359193188288
4539,293.7555834501641
4540,163.9600234001621
4541,3.413089218851932
4542,2.7878298846900043
4543,208.95731778050566
4544,42.29720052278848
4545,5.403332528898171
4546,24.91955090168578
4547,5.931509997381299
4548,174.84314858167141
4549,4.624220354136798
4550,239.00489980076722
4551,26.596731391264694
4552,104.74058842616259
4553,102.02108257372855
4554,4.8092719172167575
4555,201.69325374779183
4556,298.0707435498154
4557,5.00141389241098
4558,4.444458834160832
4559,63.75171100940784
4560,7.0515156886982036
4561,5.3923337933704545
4562,184.1012723241676
4563,39.38413076752243
4564,232.48748686019815
4565,57.15067397074873
4566,210.00385906326065
4567,267.90383156689586
4568,139.56139053736266
4569,5.048875350476223
4570,210.63757853621576
4571,254.80069820624487
4572,5.419045775071284
4573,2.938009486883357
4574,1.3780009819949304
4575,5.675106862842165
4576,139.21203717243213
4577,240.27523024847227
4578,64.55618280975025
4579,18.66739550689695
4580,0.8044904151185459
4581,354.07297516050687
4582,31.3486140891446
4583,1.022360338186586
4584,285.0129314003989
4585,38.820447014945714
4586,6.150083416412763
4587,4.1822493971405335
4588,1.6311962546391838
4589,4.296325794013357
4590,3.3385646176152406
4591,63.82536122464946
4592,5.63567207797761
4593,107.86425431816492
4594,-22.377340053151165
4595,2.6120863862770074
4596,60.99678545037166
4597,134.93700997068564
4598,4.648086740568783
4599,-47.52644727630714
4600,92.22214020082792
4601,7.029089747507726
4602,5.384685798273715
4603,5.113406754515417
4604,74.03196704701979
4605,1.8084294494804547
4606,136.40237360615924
4607,32.03773588100198
4608,4.48130455264814
4609,212.55397812315422
4610,103.71127265601689
4611,110.00776491696024
4612,2.4154255900317
4613,-85.48674583310738
4614,67.26872564261444
4615,-47.17638628856461
4616,4.3748763438889355
4617,4.726142177627987
4618,3.989369372135952
4619,6.202379311247317
4620,6.6246471208802085
4621,103.96781818060404
4622,3.8282908314125104
4623,6.147989912115814
4624,0.41280477764728485
4625,88.2802834039536
4626,44.37416958152812
4627,5.434708123771633
4628,6.043549302710355
4629,60.498467304769875
4630,5.481869041251169
4631,-0.8090805333730485
4632,6.631981367089073
4633,228.71385030825604
4634,5.722329459189966
4635,5.679309691442368
4636,33.53431430493943
4637,6.994697219920184
4638,405.0983608905648
4639,279.8468376001835
4640,2.086331635549111
4641,193.26368496266872
4642,149.65057147037226
4643,48.15735836819421
4644,54.77096956580233
4645,5.7654056807726395
4646,42.06004849718203
4647,28.347436984168375
4648,183.6824592092563
4649,106.63750740012614
4650,137.3340680116364
4651,52.789523056948745
4652,4.842900992366112
4653,250.68545979106054
4654,5.074922773575728
4655,5.8512883313824045
4656,3.3055325190710008
4657,3.195339102605656
4658,6.815953433175015
4659,51.68975751641842
4660,1.5426491229659347
4661,2.7054119870859257
4662,3.6872331273234957
4663,119.56109874509245
4664,5.901242894707595
4665,152.25685732438785
4666,250.65181871638453
4667,1.844861104231209
4668,116.03742181144119
4669,255.59964173016175
4670,60.395089845857555
4671,2.0818035299181106
4672,0.833103727728332
4673,62.46096329318347
4674,274.4349901764542
4675,1.8014007551490807
4676,126.50865117402617
4677,49.543712529607504
4678,5.582872251631141
4679,89.89046224590192
4680,4.495611069492904
4681,1.668692237451426
4682,224.08981490362203
4683,147.67442441263816
4684,88.32372328398415
4685,245.03762793161457
4686,3.971558105383777
4687,223.4027438077589
4688,334.3014901072657
4689,106.6394687131586
4690,6.378757110575162
4691,6.7623782791387415
4692,4.4497605845109085
4693,77.05516220009417
4694,4.653632088417268
4695,371.9228101013553
4696,4.811932059819026
4697,2.672875413656853
4698,4.759464492580768
4699,3.777273580995984
4700,101.84594677264404
4701,5.764263059986034
4702,1.9540198553942416
4703,3.4202189134778767
4704,4.95313741171131
4705,283.6884351462696
4706,3.5306369011867
4707,4.984758083676281
4708,3.1512024667743255
4709,78.82005985186453
4710,158.05190248618783
4711,6.294391608335839
4712,255.93608162459793
4713,3.757084175754449
4714,5.664019842059312
4715,59.52130176304159
4716,107.41285509304207
4717,7.287420637309095
4718,6.503810418511516
4719,199.26465294971652
4720,165.84856291201527
4721,6.21722494805164
4722,3.9976190380621444
4723,6.70965719997938
4724,41.448613954790964
4725,208.40329655324564
4726,3.8469723366331845
4727,293.96106150497116
4728,220.78587047315216
4729,4.073968734309528
4730,171.47627896244487
4731,129.1326709609677
4732,-39.3022717825921
4733,5.587536471878459
4734,6.3693136997860815
4735,5.6404438181791745
4736,3.3917737476472083
4737,43.211614821508284
4738,-30.42309099094407
4739,153.43142642120296
4740,293.42558297365576
4741,4.985555292215052
4742,70.15429374665202
4743,5.7846440965278445
4744,242.44039555148746
4745,44.78686181898176
4746,3.733303568670741
4747,2.9616089041009523
4748,3.1269329119880567
4749,5.553420128268585
4750,5.747969694309814
4751,3.9627886994924304
4752,103.92782282482658
4753,147.93270098083903
4754,128.38003113792473
4755,4.1774755531112735
4756,1.980962226202026
4757,3.76084016751284
4758,73.48357956733368
4759,104.7416908543862
4760,5.122600795036776
4761,3.2356316061149495
4762,183.3054626434492
4763,223.74271557638326
4764,2.496044927216509
4765,359.2675651802205
4766,32.57825828709864
4767,36.50092964106346
4768,15.438253406796106
4769,-33.121406591014036
4770,33.00652903271143
4771,24.815670008552964
4772,4.199433510789256
4773,4.258341082809986
4774,151.36322361140884
4775,1.8239736088303486
4776,2.574108800771058
4777,196.9448808298749
4778,4.98675901416518
4779,25.145354984953627
4780,2.252810435511387
4781,55.96604043312509
4782,4.946375961828844
4783,4.128375976711549
4784,2.7014492643977484
4785,38.97829394157765
4786,68.603383780183
4787,5.515400452486031
4788,3.8769462965994963
4789,3.424814513716804
4790,111.70092446761258
4791,209.85062956633027
4792,4.516576499865794
4793,157.74331699615607
4794,57.82741462737346
4795,220.7027875250671
4796,3.1765715311990044
4797,139.54897544774465
4798,5.919278664478222
4799,4.062180100964187
4800,341.48226614011617
4801,3.5745582269923935
4802,5.306196095000703
4803,250.90823087893068
4804,2.0684622659247753
4805,247.99389663204698
4806,3.979949030682163
4807,2.9456642164568274
4808,57.81756824053104
4809,91.71783768307674
4810,1.6617843435963777
4811,2.1156508378024697
4812,5.224698869632977
4813,281.5056136603471
4814,238.6443723911325
4815,2.891595957282588
4816,2.5989433433561686
4817,6.013874119723436
4818,1.7069123260604315
4819,92.82812233605152
4820,2.5424985286026485
4821,192.5494350370564
4822,131.30390238776394
4823,4.918591564191377
4824,3.1684040126257513
4825,236.50670741603966
4826,4.417582356469926
4827,6.243697873981816
4828,211.1087632303978
4829,129.29227494217233
4830,100.16562949802709
4831,192.09749588920485
4832,6.9359164170717875
4833,3.589314439895571
4834,108.57745264174602
4835,4.0099152927221695
4836,6.581140769000719
4837,206.431627706007
4838,29.545907909740833
4839,305.4744403049118
4840,3.261053716315024
4841,162.38661323097347
4842,17.725606667511464
4843,2.3571884201272795
4844,3.8806266151903746
4845,4.777964733792294
4846,7.146495455795657
4847,4.049510252237355
4848,2.3770479830673223
4849,5.355227811254716
4850,6.620951653976547
4851,5.746133413542674
4852,93.78095919678023
4853,286.0750633614409
4854,3.084106446409459
4855,3.522031422706152
4856,193.26754780150497
4857,248.02133186981786
4858,293.3258192777496
4859,135.86765707846155
4860,237.79860960890068
4861,-24.15737515675377
4862,133.30653570760592
4863,7.033128352162718
4864,5.907615236586355
4865,1.8432781092561643
4866,0.9725092610789356
4867,3.498162526965608
4868,39.074582490039326
4869,1.085510370754662
4870,136.11070540429807
4871,6.302505691109564
4872,2.358642594349104
4873,285.08520781909334
4874,-1.4397417608616818
4875,3.4942936956062987
4876,235.97476632771725
4877,6.227230199563145
4878,81.86863020869802
4879,81.44194549588956
4880,5.7712077657641885
4881,5.946976507364278
4882,59.09595473031559
4883,1.8069788756614988
4884,142.46425742656993
4885,-66.68635060415721
4886,242.77599068140154
4887,4.99109541929164
4888,292.14811468050254
4889,24.040881397713658
4890,223.87967169693923
4891,147.05331672163737
4892,1.9365959385494567
4893,5.667458824395249
4894,91.3418559277525
4895,6.6446686721815755
4896,5.842099412166652
4897,6.4373941091412465
4898,25.480781248310915
4899,207.8595388769057
4900,1.9996452379344625
4901,280.58493109249855
4902,4.437273982958496
4903,141.21720123948396
4904,392.6146229579786
4905,90.35199036533632
4906,155.49467878152296
4907,183.05115428295025
4908,4.57702729130362
4909,159.95020696498298
4910,149.07329560257068
4911,68.56917772838644
4912,5.45904488381701
4913,219.68786746034743
4914,203.46751113164083
4915,3.4609691326430525
4916,4.736563153541083
4917,6.385373919060597
4918,2.7571708306323783
4919,70.68623079426904
4920,2.068988834533383
4921,-8.267247478174328
4922,182.66516708589322
4923,229.1384353649679
4924,6.211076383660037
4925,2.615748700390083
4926,1.02117951730856
4927,5.732022998332017
4928,2.895877358364398
4929,74.97670952416374
4930,102.98258638611188
4931,-38.410446308978216
4932,5.668514930872225
4933,308.98438842459706
4934,-60.979262642908544
4935,50.67571447610935
4936,234.86079848091174
4937,35.164563623677594
4938,85.34892015837245
4939,48.159838742543144
4940,3.6269540358709333
