canon,target_type,y_true,y_pred
*C(=O)C(F)(F)CC(*)(F)F,eea,3.352,1.6357650728907178
*C(=O)Oc1ccc(C(*)=S)cc1,eea,3.6938,3.558429891092096
*C(=O)Oc1ccc(C(*)=S)s1,eea,3.8482,3.9324404915360374
*C(=O)c1ccc(-c2ccc(-c3ccc(*)s3)cc2)cc1,eea,3.0595,2.765265605610827
*C(=O)c1ccc(-c2ccc(-c3ccc(*)s3)s2)cc1,eea,2.775,2.8010885805815002
*C(=O)c1ccc(-c2ccc(C(*)=S)s2)s1,eea,4.1032,3.722230055863038
*C(=O)c1ccc(C(=O)C(*)=S)cc1,eea,3.783,4.2220619508012485
*C(=O)c1ccc(C(=O)C(*)=S)s1,eea,4.6396,4.152212209358333
*C(=O)c1ccc(C(=O)c2ccc(*)cc2)cc1,eea,2.1866,2.6970642832707066
*C(=O)c1ccc(C(=S)c2ccc(*)cc2)cc1,eea,2.9183,3.018501475820754
*C(=O)c1ccc(C(=S)c2ccc(*)s2)cc1,eea,3.9759,3.323133461711509
*C(=O)c1ccc(C(=S)c2ccc(*)s2)s1,eea,4.1286,4.048800605841388
*C(=O)c1ccc(NC(=S)Oc2ccc(Nc3ccc(*)s3)s2)s1,eea,2.7059,3.103283474916565
*C(=O)c1ccc(OC(*)=S)cc1,eea,3.2631,3.2399013154893237
*C(=O)c1ccc(Oc2ccc(*)s2)s1,eea,2.882,2.8928116468569516
*C(=S)C(=O)C(F)(F)C(*)(F)F,eea,5.1438,4.603738886382533
*C(=S)C(F)(F)c1ccc(C(*)(F)F)cc1,eea,4.0037,3.8253157304840006
*C(=S)C(F)(F)c1ccc(C(*)(F)F)s1,eea,4.1531,3.8294840855414916
*C(=S)CC(F)(F)C(*)(F)F,eea,3.5657,3.859193982966581
*C(=S)OC(=S)c1ccc(*)cc1,eea,3.7508,3.3139303731664587
*C(=S)c1ccc(-c2ccc(-c3ccc(*)cc3)cc2)cc1,eea,3.0264,3.000343076902183
*C(=S)c1ccc(-c2ccc(-c3ccc(*)cc3)s2)cc1,eea,3.3503,2.984570876884348
*C(=S)c1ccc(C(=S)c2ccc(*)cc2)cc1,eea,2.9311,3.130798730422061
*C(=S)c1ccc(C(F)(F)C(*)(F)F)s1,eea,4.1828,3.9865517546653773
*C(F)C(*)(F)F,eea,1.524,1.7870091978227076
*CC(*)(F)F,eea,1.1415,0.9093252939869295
*CC(*)C,eea,0.4343,0.8776141007297001
*CC(=O)C(=S)C(*)=O,eea,4.8698,3.7917479627786457
*CC(=O)C(=S)O*,eea,2.8847,3.908394576727081
*CC(=O)CC(*)=O,eea,1.5258,2.25437287870359
*CC(=O)CC(*)=S,eea,3.0632,3.194323223253523
*CC(=O)Cc1ccc(*)cc1,eea,1.8209,1.4892749433561139
*CC(=O)Cc1ccc(*)s1,eea,1.6069,1.7155184943830422
*CC(=O)NC(*)=S,eea,2.9562,3.036000255436207
*CC(=O)Nc1ccc(*)cc1,eea,1.369,1.240713575989942
*CC(=O)Nc1ccc(*)s1,eea,1.3272,1.4287047463439477
*CC(=O)O*,eea,1.2063,1.0700504571019385
*CC(=O)Oc1ccc(*)s1,eea,1.4534,1.527884922788168
*CC(=O)c1ccc(-c2ccc(*)s2)cc1,eea,2.4129,2.3426927092953695
*CC(=O)c1ccc(C(*)=O)s1,eea,3.1941,2.5945419012644515
*CC(=O)c1ccc(C(*)=S)cc1,eea,3.7473,3.2356945585450414
*CC(=O)c1ccc(O*)cc1,eea,2.3793,1.9962820667601344
*CC(=O)c1ccc(O*)s1,eea,2.4711,2.2616428538082514
*CC(=S)C(=O)O*,eea,3.8755,3.708302987742706
*CC(=S)NO*,eea,2.2076,2.5720210717749583
*CC(=S)c1ccc(C(*)=S)cc1,eea,2.9742,3.4856420334394254
*CC(=S)c1ccc(N*)cc1,eea,3.0309,2.846834211097964
*CC(=S)c1ccc(O*)cc1,eea,3.1915,3.033642102302857
*CC(O*)C(F)(F)F,eea,0.7546,1.4617868343278964
*CCC(=O)C(*)=S,eea,3.1911,3.8133965878004323
*CCC(=O)N*,eea,1.1904,1.1071519937817038
*CCC(=O)OC(=O)Cc1ccc(-c2ccc(*)cc2)cc1,eea,1.5387,2.101530429818434
*CCC(=O)c1ccc(*)s1,eea,2.6933,2.414053495896049
*CCC(O*)(C(F)(F)F)C(F)(F)F,eea,0.4911,1.5898681819581642
*CCCC(*)=O,eea,1.2346,1.6077347524303347
*CCCC(*)=S,eea,2.3997,2.653522527278311
*CCCCCCC(=O)N*,eea,0.6934,0.8803524277156765
*CCCCCOC(=O)Nc1ccc(C)c(NC(=O)O*)c1,eea,0.9199,0.8316942222242639
*CCCCCOCO*,eea,0.5413,0.6801932809394268
*CCCCOC(=O)c1ccc(C(=O)O*)cc1,eea,2.4936,2.166439132437694
*CCCc1ccc(*)cc1,eea,0.9937,1.2893549681371648
*CCNC(*)=S,eea,1.6837,2.224838698128083
*CCNc1ccc(*)cc1,eea,0.6326,0.7779889141483164
*CCO*,eea,0.3936,0.9000466672400851
*CCOC(=O)CCCCC(=O)O*,eea,1.0754,0.9827847874322084
*CCOC(=O)CCCCCCC(=O)O*,eea,0.8924,1.0224074151292208
*CCOC(=O)NCCOCCOCCNC(=O)O*,eea,0.573,0.8211200883066471
*CCOC(=O)c1ccc(C(=O)O*)cc1,eea,2.2723,2.2552757755128368
*CCOC(=S)NC(=S)c1ccc(N*)cc1,eea,2.6209,3.3785064072761872
*CCOCCOC(=O)Nc1ccc(C)c(NC(=O)O*)c1,eea,0.755,1.200760785882835
*CCOCCOC(=O)O*,eea,0.4954,0.7160873089504379
*CCc1ccc(-c2ccc(*)s2)cc1,eea,1.6982,1.7022603152661189
*CCc1ccc(-c2ccc(*)s2)s1,eea,1.9411,1.6164659720302128
*CCc1ccc(C(*)=S)s1,eea,3.3272,2.9359486209534724
*CCc1ccc(O*)cc1,eea,0.7536,0.8030376306959667
*CCc1ccc(O*)s1,eea,0.6627,1.0193597258465046
*CNC(=O)C(*)=S,eea,4.0732,3.3753942613483274
*CNC(=O)NCOCO*,eea,0.7808,0.7647387763708869
*CNC(=O)c1ccc(*)s1,eea,1.968,2.3932550840826003
*CNC(=S)c1ccc(*)s1,eea,2.3974,3.0037070393820033
*CNCC(*)=O,eea,1.6269,1.8572191443845996
*CNCC(*)=S,eea,2.6857,2.5707237319350744
*CNCCCOCO*,eea,0.6155,0.6139546965356323
*CNCCNC(=O)OC*,eea,0.5903,0.6248519077233008
*CNCN*,eea,0.8689,0.6710189379552152
*CNCO*,eea,0.7624,0.8332304428435513
*CNCc1ccc(*)s1,eea,1.1612,1.0401197782601033
*CNOC(*)=S,eea,2.5,2.269857910901852
*CNON*,eea,0.9652,0.7790853156114216
*CNc1ccc(N*)cc1,eea,0.54,0.7516449039499022
*CNc1ccc(N*)s1,eea,0.5629,1.0267280041463456
*CNc1ccc(O*)cc1,eea,0.7695,0.8090844986558358
*CNc1ccc(O*)s1,eea,0.8203,1.1551829352234768
*CO*,eea,0.9897,0.7649119813401167
*COC(=O)O*,eea,0.7529,1.0503561178530636
*COC(=S)O*,eea,2.0771,2.1686737163938288
*COCOCCCO*,eea,0.6927,0.5979860805706214
*CONC(*)=O,eea,1.2523,1.221851830417325
*COc1ccc(-c2ccc(*)cc2)s1,eea,1.6377,1.4643293328624576
*COc1ccc(O*)cc1,eea,0.9466,0.778849985750253
*COc1ccc(O*)s1,eea,0.8857,1.0927224656361925
*Cc1ccc(-c2ccc(-c3ccc(*)cc3)s2)cc1,eea,1.8331,2.1204613059161983
*Cc1ccc(-c2ccc(-c3ccc(*)s3)cc2)s1,eea,1.9244,1.9418894319935518
*Cc1ccc(-c2ccc(-c3ccc(*)s3)s2)cc1,eea,1.9547,2.094159827092658
*Cc1ccc(-c2ccc(-c3ccc(*)s3)s2)s1,eea,2.0787,2.385572807786141
*Cc1ccc(-c2ccc(C(*)=S)cc2)cc1,eea,2.7075,2.778101167271268
*Cc1ccc(-c2ccc(C(*)=S)cc2)s1,eea,2.9754,2.938400978909202
*Cc1ccc(-c2ccc(C(*)=S)s2)s1,eea,3.2587,3.324579737898062
*Cc1ccc(-c2ccc(N*)cc2)cc1,eea,1.1363,1.121048979166617
*Cc1ccc(-c2ccc(N*)s2)s1,eea,1.6017,1.6682922929218944
*Cc1ccc(-c2ccc(O*)cc2)s1,eea,1.4385,1.6023102095767459
*Cc1ccc(C(=O)C(*)=S)cc1,eea,3.3639,3.6527769090606372
*Cc1ccc(C(=O)O*)cc1,eea,2.2574,1.877729530184394
*Cc1ccc(C(=O)c2ccc(*)s2)s1,eea,2.8498,2.803587298962917
*Cc1ccc(C(=S)O*)cc1,eea,2.8319,2.79346747163615
*Cc1ccc(C(=S)O*)s1,eea,2.9654,3.163272645807585
*Cc1ccc(C(=S)c2ccc(*)cc2)cc1,eea,2.874,2.8172517526032674
*Cc1ccc(C(=S)c2ccc(*)s2)cc1,eea,3.0211,3.271053332032099
*Cc1ccc(CC(*)=S)cc1,eea,2.6743,2.368057770984319
*Cc1ccc(CO*)cc1,eea,1.6106,0.9516423647837686
*Cc1ccc(CO*)s1,eea,1.4146,1.3176154096452253
*Cc1ccc(Cc2ccc(*)cc2)cc1,eea,1.0649,1.2906452040381335
*Cc1ccc(Cc2ccc(*)s2)s1,eea,1.174,1.4261085509063132
*Cc1ccc(NC(*)=S)cc1,eea,2.0656,2.17845346053426
*Cc1ccc(NC(*)=S)s1,eea,2.0497,2.255860162683916
*Cc1ccc(NO*)cc1,eea,0.7333,1.2245943187611046
*Cc1ccc(NO*)s1,eea,1.3873,1.0045025722289809
*Cc1ccc(Nc2ccc(*)cc2)cc1,eea,0.9546,1.2133213162886343
*Cc1ccc(Nc2ccc(*)s2)cc1,eea,0.9705,1.1248252576692919
*Cc1ccc(OC(*)=S)cc1,eea,2.2773,2.1853112145764433
*Cc1ccc(Oc2ccc(*)s2)cc1,eea,1.0627,1.1697487112630305
*Cc1ccc(Oc2ccc(*)s2)s1,eea,1.2199,1.3914765236700792
*NC(=O)C(=S)O*,eea,4.3681,3.647744669747309
*NC(=O)C(=S)c1ccc(*)cc1,eea,3.6154,3.8828366593847026
*NC(=O)C(=S)c1ccc(*)s1,eea,3.9034,3.7222164088173657
*NC(=O)NC(*)=S,eea,3.7029,3.441932656173862
*NC(=O)NC(=O)c1ccc(C(=S)c2ccc(-c3ccc(*)s3)s2)s1,eea,2.9241,3.932250472105244
*NC(=O)NO*,eea,1.9635,1.4672043909818866
*NC(=O)OC(*)=S,eea,3.7701,2.9778342590252858
*NC(=O)c1ccc(-c2ccc(*)cc2)cc1,eea,2.3815,1.8031324743321782
*NC(=O)c1ccc(-c2ccc(*)s2)cc1,eea,2.1302,2.2030497982711386
*NC(=O)c1ccc(C(*)=O)s1,eea,3.408,3.164053212512784
*NC(=O)c1ccc(NC(=S)c2ccc(Nc3ccc(*)cc3)cc2)s1,eea,2.5831,3.1284392423053555
*NC(=S)C(=O)O*,eea,4.0646,4.387801559849557
*NC(=S)NC(*)=S,eea,4.2115,3.3693789562343435
*NC(=S)Nc1ccc(NC(=S)Nc2ccc(Oc3ccc(*)cc3)cc2)cc1,eea,2.2298,2.7827690965543845
*NC(=S)OC(*)=S,eea,4.0637,3.6297273563453536
*NC(=S)c1ccc(O*)cc1,eea,2.5935,2.8682451277479037
*NC(F)(F)NC(*)(F)F,eea,1.6576,1.3962233238833086
*NCC(F)(F)C(*)(F)F,eea,0.6587,1.4194551030430758
*NCCCNC(=O)NC(*)=O,eea,0.6578,0.9976148482276773
*NCNC(=O)OC(=O)NC(*)=O,eea,1.6859,1.4221360045050364
*NOC(=O)O*,eea,1.6985,1.5071033604308222
*NOC(=S)O*,eea,2.7178,2.6284203793566494
*Nc1ccc(*)cc1,eea,0.9827,1.3980559219529358
*Nc1ccc(-c2ccc(-c3ccc(*)cc3)cc2)cc1,eea,1.5312,1.5396761978303046
*Nc1ccc(-c2ccc(-c3ccc(*)s3)cc2)cc1,eea,1.8885,1.9813393248430726
*Nc1ccc(-c2ccc(-c3ccc(*)s3)cc2)s1,eea,2.0751,2.2130361859638437
*Nc1ccc(-c2ccc(C(*)=S)cc2)cc1,eea,2.5787,2.737335520907774
*Nc1ccc(-c2ccc(C(*)=S)cc2)s1,eea,2.3374,2.8805799916652295
*Nc1ccc(-c2ccc(C(*)=S)s2)cc1,eea,3.1722,2.7519023855712894
*Nc1ccc(-c2ccc(C(*)=S)s2)s1,eea,3.3026,3.0113361362609985
*Nc1ccc(C(=O)C(*)=S)cc1,eea,4.0513,3.352986943910431
*Nc1ccc(C(=O)O*)s1,eea,2.6486,2.106736647306475
*Nc1ccc(C(=O)c2ccc(*)s2)cc1,eea,2.4618,2.812751094609938
*Nc1ccc(C(=O)c2ccc(*)s2)s1,eea,3.0129,2.9006812523567307
*Nc1ccc(C(=S)c2ccc(*)cc2)s1,eea,2.9139,3.107093392775822
*Nc1ccc(NC(*)=S)s1,eea,2.2133,2.5766026242578404
*Nc1ccc(NC(=O)NC(=O)NC(*)=O)s1,eea,1.5146,1.7176627975356775
*Nc1ccc(NC(=O)NONC(*)=O)s1,eea,1.3385,1.4024828835896783
*Nc1ccc(Nc2ccc(*)s2)cc1,eea,1.0698,1.26063291645326
*Nc1ccc(Nc2ccc(*)s2)s1,eea,1.4393,1.2891011099958043
*Nc1ccc(Oc2ccc(*)cc2)cc1,eea,1.1501,1.1772724691533467
*OC(=O)C(=S)C(*)=O,eea,5.1004,4.182809160681608
*OC(=O)c1ccc(C(*)=O)cc1,eea,3.2451,3.0764945426515387
*OC(=O)c1ccc(C(*)=O)s1,eea,3.3779,3.5275089777989757
*OC(=S)C(F)(F)C(*)(F)F,eea,3.6605,3.7142857348011313
*OC(=S)OC(*)=O,eea,3.1486,2.982148782234577
*OC(=S)Oc1ccc(*)cc1,eea,1.8722,2.323020566035644
*OC(=S)Oc1ccc(*)s1,eea,2.5249,2.5755623255813105
*OC(=S)c1ccc(-c2ccc(*)cc2)cc1,eea,2.7321,2.814530665841785
*OC(=S)c1ccc(C(*)=O)cc1,eea,3.4955,3.716366896279576
*OC(=S)c1ccc(C(*)=O)s1,eea,4.037,3.726348528829063
*OC(F)(F)C(=O)C(*)(F)F,eea,3.6501,1.9824887512397713
*OC(F)(F)C(=S)C(*)(F)F,eea,4.3264,3.7981647337787945
*OC(F)(F)c1ccc(C(*)(F)F)cc1,eea,2.1427,2.18614793821561
*OC1C(CO)OC(*)C(O)C1O,eea,0.8344,1.2792380953933704
*OCCC(=O)CC(=O)Oc1ccc(*)cc1,eea,2.0323,2.144934816871825
*Oc1ccc(-c2ccc(-c3ccc(*)cc3)cc2)cc1,eea,1.6576,1.6003236727657508
*Oc1ccc(-c2ccc(C(*)=O)s2)s1,eea,2.952,2.9268627485345435
*Oc1ccc(C(=O)c2ccc(*)cc2)cc1,eea,2.4594,2.6896353594889693
*Oc1ccc(C(=O)c2ccc(C(=O)NOC(*)=O)s2)cc1,eea,3.5136,3.113242612789489
*Oc1ccc(C(=S)c2ccc(*)cc2)cc1,eea,3.1315,2.8725873742860757
*Oc1ccc(C(F)(F)C(*)(F)F)cc1,eea,1.7411,2.1939310814800197
*Oc1ccc(C(F)(F)C(*)(F)F)s1,eea,1.9642,2.2006421821942337
*Oc1ccc(CC(*)=O)cc1,eea,1.5033,1.7266164654676937
*Oc1ccc(Cc2ccc(*)cc2)cc1,eea,1.1795,1.0436600474266347
*Oc1ccc(OC(*)=O)cc1,eea,1.4499,1.6383273338387674
*Oc1ccc(OC(*)=O)s1,eea,1.7594,1.7121343607439412
*Oc1ccc(Oc2ccc(*)cc2)s1,eea,1.2264,1.3188227548969984
*Oc1ccc(Oc2ccc(*)s2)s1,eea,1.3443,1.4605753058811746
*c1ccc(-c2ccc(*)s2)s1,eea,2.9681,2.2051182806409892
*c1ccc(-c2ccc(-c3ccc(-c4ccc(*)s4)cc3)cc2)cc1,eea,2.2963,2.168266037183624
*c1ccc(-c2ccc(-c3ccc(-c4ccc(*)s4)cc3)s2)cc1,eea,2.3385,2.314791544065336
*c1ccc(-c2ccc(-c3ccc(-c4ccc(*)s4)s3)cc2)cc1,eea,2.6224,2.55753253311577
*c1ccc(-c2ccc(-c3ccc(-c4ccc(*)s4)s3)s2)cc1,eea,2.752,2.6334438278912238
*c1ccc(-c2ccc(C(F)(F)C(*)(F)F)cc2)cc1,eea,2.3351,2.3248590287523894
*c1ccc(-c2ccc(C(F)(F)C(*)(F)F)s2)s1,eea,2.7568,2.8536404301574
*c1ccc(-c2ccc(Oc3ccc(*)s3)s2)cc1,eea,2.1082,2.20366715384908
*c1ccc(C(=O)C(F)(F)C(*)(F)F)cc1,eea,3.4595,3.3760785147913857
*c1ccc(C(=O)C(F)(F)C(*)(F)F)s1,eea,3.7613,3.307186107558901
*c1ccc(C(=S)c2ccc(-c3ccc(*)s3)s2)cc1,eea,3.54,3.3925352124786374
*c1ccc(C(F)(F)CC(*)(F)F)cc1,eea,1.9565,1.9584054332657146
*c1ccc(C(F)(F)CC(*)(F)F)s1,eea,2.025,2.1312049264923165
*c1ccc(C(F)(F)NC(*)(F)F)cc1,eea,2.1641,2.231418969808225
*c1ccc(C(F)(F)NC(*)(F)F)s1,eea,2.4083,2.289789682098244
*c1ccc(C(F)(F)c2ccc(C(*)(F)F)cc2)s1,eea,2.9023,2.4273319821411334
*c1ccc(C(F)(F)c2ccc(C(*)(F)F)s2)s1,eea,2.5399,2.523671177593369
*c1ccc(CC(F)(F)C(*)(F)F)s1,eea,1.8781,1.8815903522452706
*c1ccc(OC(=S)c2ccc(*)s2)cc1,eea,3.1094,3.143164487132278
*c1ccc2oc(-c3ccc4nc(*)oc4c3)nc2c1,eea,3.155,2.1191430822667967
*C#CC(=C(*)c1cnc2ccccc2c1)c1cnc2ccccc2c1,egb,0.5725,2.7814790214065237
*C(*)C,egb,7.4047,7.513575291302872
*C(=O)C(=S)OC(*)=S,egb,1.4146,1.8831999289544263
*C(=O)C(F)(F)C(=O)C(*)(F)F,egb,3.1408,4.265904217954197
*C(=O)C(F)(F)CC(*)(F)F,egb,4.9978,5.212444878790584
*C(=O)C(F)(F)NC(*)(F)F,egb,5.0875,4.904252875580312
*C(=O)CC(F)(F)C(*)(F)F,egb,5.0395,5.045385707598377
*C(=O)NC(F)(F)C(*)(F)F,egb,5.4991,5.231294562033886
*C(=O)OCCCCOC(=O)N1CCN(*)CC1,egb,6.4265,5.804665642972361
*C(=O)Oc1ccc(C(*)=S)cc1,egb,2.3448,2.392360117716502
*C(=O)Oc1ccc(C(*)=S)s1,egb,1.9856,2.058173076910244
*C(=O)c1ccc(-c2ccc(-c3ccc(*)cc3)cc2)cc1,egb,2.5479,3.039189787818353
*C(=O)c1ccc(-c2ccc(C(*)=S)cc2)s1,egb,1.9265,1.9049552639485725
*C(=O)c1ccc(-c2ccc(C(*)=S)s2)s1,egb,1.6466,1.6946555257857279
*C(=O)c1ccc(C(=O)C(*)=S)cc1,egb,1.6753,1.9099755981066062
*C(=O)c1ccc(C(=O)N2CCN(*)CC2)cc1,egb,4.7036,3.6675469645005863
*C(=O)c1ccc(C(=O)c2ccc(*)cc2)cc1,egb,2.9556,2.7772839533553646
*C(=O)c1ccc(C(=O)c2ccc(*)s2)s1,egb,1.863,2.0624565498694007
*C(=O)c1ccc(NC(=S)Oc2ccc(Nc3ccc(*)s3)s2)s1,egb,2.3992,2.2620766371210412
*C(=O)c1ccc(Oc2ccc(*)s2)s1,egb,2.4838,2.5409485935116596
*C(=S)CC(F)(F)C(*)(F)F,egb,2.143,4.396594114978753
*C(=S)OC(=S)c1ccc(*)cc1,egb,2.364,2.1855960315306473
*C(=S)Oc1ccc(-c2ccc(*)cc2)s1,egb,2.3094,2.1283665827368123
*C(=S)Oc1ccc(-c2ccc(*)s2)s1,egb,1.9834,2.0401572815288613
*C(=S)c1ccc(-c2ccc(-c3ccc(*)cc3)cc2)cc1,egb,1.6353,2.2163900082063797
*C(=S)c1ccc(-c2ccc(-c3ccc(*)cc3)s2)cc1,egb,1.8996,1.7728650628906466
*C(=S)c1ccc(C(=S)c2ccc(*)cc2)cc1,egb,1.8035,1.944849062622913
*C(=S)c1ccc(C(=S)c2ccc(*)cc2)s1,egb,1.1979,1.5271629362254826
*C(=S)c1ccc(C(F)(F)C(*)(F)F)cc1,egb,2.3476,2.333486636879817
*C(=S)c1ccc(C(F)(F)C(*)(F)F)s1,egb,2.1029,2.1076424088395997
*C(C#N)=C(c1ccccc1)c1ccc(*)cc1,egb,2.5883,2.309485937523018
*C(C#N)C(*)(C#N)C#N,egb,5.8992,6.46406978740592
*C(C)C(*)O,egb,7.9156,7.588810246004651
*C(F)(F)C1(F)C(F)(F)C(*)(F)C(F)(F)C1(F)F,egb,6.9544,7.150781669206362
*C(F)C(*)(F)OC(F)(F)F,egb,7.802,8.195018298847204
*C1C(=O)OC(=O)C1*,egb,6.0081,5.48972650409236
*C=C(*)C#N,egb,0.5068,4.8172394080073895
*C=CC(C)(C)CC(C#N)C*,egb,5.2738,5.816772261810053
*C=CC(C)C(*)C(=O)OCCCC,egb,5.4974,5.007890870275948
*C=CC1CC(*)C(C#N)(CCC)C1,egb,5.8705,5.9217046166011995
*C=CC1CC(*)C(C(=O)OCCNC(C)(C)C)C1,egb,4.7904,5.607481608732648
*C=CC1CC(*)C2C(=O)N(CCCCCCCCC)C(=O)C12,egb,5.104,4.815519386630534
*C=CC1CC(*)C2CC=CC12,egb,5.6741,5.302529890602359
*C=CCCCC*,egb,5.7962,5.615767100840852
*C=Cc1ccc(*)n1CCCCCC,egb,1.3683,3.9936176109129735
*C=c1ccc(=c2ccc(=Cc3ccc(*)s3)s2)s1,egb,1.224,1.934304737301575
*CC(*)(C#N)C#N,egb,6.9314,5.906703313695988
*CC(*)(C)C#N,egb,7.1863,6.945780850920012
*CC(*)(C)C(=O)OC(C(F)(F)F)C(F)(F)F,egb,5.3218,6.156294283028981
*CC(*)(C)C(=O)OC(F)(C(F)(F)F)C(F)(F)F,egb,6.1125,6.011827405158238
*CC(*)(C)C(=O)OCC,egb,6.2424,6.116906083017488
*CC(*)(C)C(=O)OCC(F)(F)C(F)F,egb,5.3983,5.976416325997272
*CC(*)(C)C(=O)OCCC#N,egb,6.2508,5.671115008516356
*CC(*)(C)C(=O)OCCc1ccccc1,egb,4.9946,5.051346248512251
*CC(*)(C)C(=O)Oc1ccccc1,egb,4.8118,4.607992181294502
*CC(*)(F)C(=O)OCC(F)(F)C(F)(F)C(F)(F)F,egb,6.2862,5.6994367096070215
*CC(*)(F)C(=O)OCCC(F)(F)C(F)(F)C(F)(F)C(F)(F)C(F)(F)C(F)(F)C(F)(F)C(F)(F)F,egb,5.7714,6.1304115542459225
*CC(*)C,egb,7.6997,7.708272212246177
*CC(*)C(=O)Nc1ccccc1Cl,egb,4.2427,4.152411236527972
*CC(*)C(=O)OC(C)C,egb,6.455,6.301001978017476
*CC(*)C(=O)OCC(F)(F)C(F)(F)C(F)(F)C(F)(F)C(F)(F)C(F)(F)C(F)(F)F,egb,5.7185,5.9955042322477565
*CC(*)C(=O)OCC(F)(F)C(F)(F)OC(F)(F)C(F)(F)C(F)(F)C(F)(F)F,egb,6.0236,6.163881679445115
*CC(*)C(=O)OCCCSCC,egb,5.1212,5.176028955719498
*CC(*)C(N)=O,egb,6.3764,5.330286421800626
*CC(*)CC,egb,7.9012,7.1397900349221555
*CC(*)CCC,egb,7.2705,7.331477105633654
*CC(*)CO,egb,7.4192,7.17852521766558
*CC(*)F,egb,8.3099,7.619408809869132
*CC(*)N1CCCC1=O,egb,5.5902,6.071340284143456
*CC(*)OC(=O)CC1CCCC1,egb,6.4741,6.239944458926839
*CC(*)OC(=O)OCC(F)(F)F,egb,7.9003,6.404461864250022
*CC(*)OC(C)=O,egb,5.9373,6.4784107647601346
*CC(*)c1ccc(C(=O)OCC(C)C)cc1,egb,4.8032,4.557865649145336
*CC(=O)C(=S)C(*)=O,egb,1.4812,1.3355762380105562
*CC(=O)C(=S)O*,egb,2.0217,2.2522769525387716
*CC(=O)CC(*)=O,egb,4.6959,4.460547454737644
*CC(=O)NC(*)=O,egb,4.8368,4.632635057843287
*CC(=O)NC(*)=S,egb,3.0348,2.8993580661781477
*CC(=O)Nc1ccc(*)s1,egb,3.9328,3.805409557956243
*CC(=O)OC(*)=S,egb,3.73,3.506694324967789
*CC(=O)Oc1ccc(*)s1,egb,4.2025,4.039689967488854
*CC(=O)c1ccc(-c2ccc(*)cc2)cc1,egb,3.0649,3.335390000251929
*CC(=O)c1ccc(-c2ccc(*)cc2)s1,egb,2.5123,2.639163199261133
*CC(=O)c1ccc(-c2ccc(*)s2)s1,egb,2.3893,2.4844085233960262
*CC(=O)c1ccc(C(*)=O)cc1,egb,2.9172,3.792324280915327
*CC(=O)c1ccc(C(*)=O)s1,egb,2.9786,3.2622096921396624
*CC(=O)c1ccc(C(*)=S)cc1,egb,2.4669,2.4640286832101133
*CC(=O)c1ccc(C(*)=S)s1,egb,2.3542,2.0550635200294574
*CC(=O)c1ccc(O*)cc1,egb,3.8893,3.846725595148575
*CC(=S)C(=O)C(*)=S,egb,0.725,1.6211486277134681
*CC(=S)C(=O)O*,egb,2.0697,2.002821892040769
*CC(=S)CO*,egb,2.5314,3.948798879532718
*CC(=S)NO*,egb,3.2554,3.35062266208804
*CC(=S)OC(*)=S,egb,2.7744,2.9568754423671813
*CC(=S)c1ccc(C(*)=S)s1,egb,1.6797,1.7169534375483844
*CC(=S)c1ccc(O*)cc1,egb,2.3706,2.473969172927835
*CC(=S)c1ccc(O*)s1,egb,1.6344,2.3548644397960654
*CC(C#N)(C#N)C(C#N)C(*)(C#N)C#N,egb,6.2447,6.013153390272288
*CC(C#N)(C#N)C(C#N)C(C#N)(C#N)C(C#N)C(C#N)(C#N)C(C#N)C(*)(C#N)C#N,egb,5.9056,5.652874915648093
*CC(C#N)(C#N)CC(C#N)(C#N)C(C#N)C(*)(C#N)C#N,egb,6.5308,6.412659124631174
*CC(C#N)(C#N)CC(C#N)(C#N)CC(C#N)(C#N)C(C#N)C(*)(C#N)C#N,egb,6.4504,6.068456066678394
*CC(C)(C)COC(=O)CCCCC(=O)O*,egb,6.5878,6.472905930979458
*CC(C)CO*,egb,7.3501,6.913281160509534
*CC(C)O*,egb,6.9903,7.152160772547521
*CC(CC(CC(CC(*)c1ccccc1)c1ccccc1)c1ccccc1)c1ccccc1,egb,4.8255,4.613621373760888
*CC(CCC)C(CCC)COC(=O)c1ccc(C(=O)O*)cc1,egb,4.4708,4.281654489192354
*CC(O*)C(F)(F)F,egb,7.4158,7.913034054884386
*CC1CC1CNC(=O)C1CC1C(=O)N*,egb,5.6374,5.993317919312212
*CC1CC1COC(=O)Nc1ccc(C)c(NC(=O)O*)c1,egb,4.7181,4.365966752059722
*CC1CC1COC(=O)c1cccc(C(=O)O*)c1,egb,4.4908,4.484329690480573
*CC1CCC(CNC(=O)CCCCCC(=O)N*)CC1,egb,5.2823,6.186124608964234
*CC1CCC(COC(=O)NCCSCCCCCSCCNC(=O)O*)CC1,egb,5.4414,5.017235095720085
*CCC(=O)C(*)=S,egb,1.8131,2.486214563129776
*CCC(=O)c1ccc(*)cc1,egb,3.6964,3.638367797281192
*CCC(=O)c1ccc(*)s1,egb,3.1093,3.480802360763926
*CCC(C)C(C)CCNC(=O)c1cccc(C(=O)N*)c1,egb,4.7199,3.836163395744001
*CCC(C)CC(=O)O*,egb,6.7489,6.43128389944906
*CCC(F)(F)C(*)(F)Cl,egb,7.4828,6.196473479720339
*CCC(F)(F)C(*)(F)F,egb,9.1316,8.484459292642285
*CCC(O*)(C(F)(F)F)C(F)(F)F,egb,8.3878,7.979261506344178
*CCC1CC(*)C2CCCC12,egb,7.4997,7.146346572264006
*CCC1CCC(*)C1,egb,7.9915,7.333606239490559
*CCCC(*)=O,egb,5.13,5.763375105709537
*CCCC(*)=S,egb,2.9464,4.040381340831868
*CCCC(*)C#N,egb,7.4859,7.372659325383756
*CCCCCC(=O)S*,egb,5.0001,5.241828478664409
*CCCCCCC(=O)N*,egb,5.9361,6.26840599632335
*CCCCCCC(Cl)C(*)Cl,egb,6.7965,5.3298126082553035
*CCCCCCCCCCCNC(=O)c1ccc(C(=O)N*)cc1,egb,4.214,4.705938605035622
*CCCCCCCCCCOC(=O)CCC(=O)O*,egb,6.6201,6.180229448680858
*CCCCCCCCCCOC(=O)CCCCCCCCCCCCCCCCC(=O)O*,egb,6.0542,6.64712756689075
*CCCCCCCCCCSCCCCCCS*,egb,5.52,5.22238155139612
*CCCCCCCNC(=S)Nc1ccc(NC(=S)N*)cc1,egb,3.5538,3.1780624569673113
*CCCCCCNC(=O)CCCCCCCCCCC(=O)N*,egb,6.3994,5.582803131393169
*CCCCCCOC(=O)NCCCNC(=O)O*,egb,6.5954,6.220010585932468
*CCCCCCOC(=O)NCCSCCSCCNC(=O)O*,egb,4.7777,5.277172610606902
*CCCCCCSCCS*,egb,5.0604,4.943614797261719
*CCCCCCSSCCCCSS*,egb,4.2836,5.111558937807365
*CCCCCNC(=O)C(CCCCCCCCCCCC)C(=O)N*,egb,6.2733,5.563502301476858
*CCCCCOC(=O)O*,egb,7.123,6.700537371976417
*CCCCCOCO*,egb,6.8354,6.800549158124063
*CCCCCS*,egb,4.989,5.140175689795301
*CCCCOC(=O)C1CCC(C(=O)O*)CC1,egb,6.5835,6.281523061795329
*CCCCOC(=O)c1ccc(C(=O)O*)cc1,egb,4.0149,4.510915977241652
*CCCCSCCS*,egb,4.9438,5.026141913109942
*CCCN*,egb,6.381,6.141460325834474
*CCCNC(=O)CCCCCCCC(=O)NCCCNC(=O)C(=O)N*,egb,4.6809,4.8698043256835435
*CCCOC(=O)CCCCCCCCCCC(=O)O*,egb,6.3683,6.462829317449024
*CCCOC(=O)CCCCCCCCOC(=O)CCCOC(=O)CCCCCCCCOC(*)=O,egb,6.5329,6.041807781122833
*CCCc1ccc(*)cc1,egb,4.7657,4.461426172186097
*CCNC(*)=S,egb,3.6727,3.13691667040614
*CCNc1ccc(*)s1,egb,3.793,3.84287627621939
*CCOC(=O)C1C2C=CC(C2)C1C(=O)O*,egb,5.3661,4.955076063682942
*CCOC(=O)C1CCC(C(=O)O*)CC1,egb,6.4481,6.473072510165776
*CCOC(=O)NCCOCCOCCNC(=O)O*,egb,6.4585,6.306237525637613
*CCOC(=O)NCCSCCCCSCCNC(=O)O*,egb,5.1094,5.1730788882852385
*CCOC(=O)Nc1ccc(C(C)(C)c2ccc(NC(=O)O*)cc2)cc1,egb,4.3346,4.239480800157944
*CCOCCOC(=O)CCCCS(=O)(=O)CCCCC(=O)O*,egb,5.7504,5.284479203722095
*CCOCCOC(=O)Nc1ccc(C)c(NC(=O)O*)c1,egb,4.5558,4.341777604721394
*CCOCCOC(=O)O*,egb,6.6617,6.503628504649651
*CCOCCOCCOC(=O)CCCCCC(=O)O*,egb,5.5157,6.329626784420659
*CCOCCOCCOC(=O)CCCCCCC(=O)O*,egb,6.184,6.306777060490668
*CCc1ccc(-c2ccc(*)cc2)cc1,egb,3.7492,3.374173979541232
*CCc1ccc(-c2ccc(*)s2)cc1,egb,2.9495,3.4967200643658276
*CCc1ccc(-c2ccc(*)s2)s1,egb,2.7315,2.8832827329246844
*CCc1ccc(C(*)=S)cc1,egb,2.7697,2.5693313009628223
*CCc1ccc(C(*)=S)s1,egb,2.295,2.2049263602049
*CCc1ccc(Cc2ccc(CCS*)cc2)cc1,egb,4.3552,3.808084989349927
*CCc1ccc(O*)cc1,egb,4.052,4.645770195683228
*CCc1ccc(O*)s1,egb,4.1608,3.941307669696391
*CNC(=O)ONC(=O)NO*,egb,5.9707,5.278696386396708
*CNC(=S)C(*)=O,egb,2.1003,2.270228869475753
*CNC(=S)O*,egb,4.2201,3.938366369837599
*CNC(=S)c1ccc(*)cc1,egb,3.1832,2.8073595192105403
*CNC(=S)c1ccc(*)s1,egb,2.7289,2.3617651237432313
*CNCCCOCO*,egb,6.3311,6.665447821164006
*CNCCNC(=O)OC*,egb,6.3647,6.341189228285789
*CNCN*,egb,6.2293,6.231031660472034
*CNCNC(=O)NC(=O)N*,egb,5.4,5.676336872156508
*CNCO*,egb,6.9282,6.579883077903501
*CNCc1ccc(*)cc1,egb,4.4323,4.520339929876617
*CNCc1ccc(*)s1,egb,4.1265,3.9767751004299594
*CNOC(*)=S,egb,3.5947,3.4556964154986423
*CNON*,egb,4.8889,6.3884343960142465
*CNOc1ccc(*)cc1,egb,4.1647,4.548131832043634
*CNc1ccc(-c2ccc(*)cc2)s1,egb,3.3441,3.091773670699613
*CNc1ccc(C(*)=O)s1,egb,2.5818,2.9036386098612077
*CNc1ccc(C(*)=S)s1,egb,1.6806,2.12024420143715
*CNc1ccc(O*)cc1,egb,3.7495,4.200627221064883
*CO*,egb,8.7732,6.987366088845764
*COCOCCCO*,egb,7.1737,6.922295446363468
*COc1ccc(-c2ccc(*)cc2)s1,egb,3.0939,3.2861918159681713
*COc1ccc(O*)cc1,egb,4.685,4.442669050551392
*Cc1ccc(-c2ccc(-c3ccc(*)cc3)s2)cc1,egb,2.7314,2.7745349230884924
*Cc1ccc(-c2ccc(-c3ccc(*)s3)cc2)s1,egb,2.512,2.9214714849803283
*Cc1ccc(-c2ccc(C(*)=S)cc2)cc1,egb,2.5561,2.396113426623038
*Cc1ccc(-c2ccc(C(*)=S)s2)cc1,egb,1.9323,2.4306864803759103
*Cc1ccc(-c2ccc(N*)s2)s1,egb,2.8559,2.8173004784318816
*Cc1ccc(-c2ccc(O*)cc2)cc1,egb,3.7323,3.623166717066231
*Cc1ccc(-c2ccc(O*)s2)s1,egb,2.9968,3.160682753689803
*Cc1ccc(C(=O)C(*)=S)cc1,egb,2.5816,2.520433426610481
*Cc1ccc(C(=O)N*)cc1,egb,4.2448,4.099161189123597
*Cc1ccc(C(=O)O*)cc1,egb,3.7934,4.348319957495437
*Cc1ccc(C(=O)O*)s1,egb,3.78,3.4428566064268256
*Cc1ccc(C(=O)c2ccc(*)cc2)cc1,egb,3.8451,3.319054381648158
*Cc1ccc(C(=O)c2ccc(*)s2)cc1,egb,3.4106,3.1515688002777775
*Cc1ccc(C(=O)c2ccc(*)s2)s1,egb,2.7131,2.80519719728856
*Cc1ccc(C(=S)O*)cc1,egb,3.1473,3.070672588516583
*Cc1ccc(C(=S)c2ccc(*)cc2)cc1,egb,2.3058,2.6493283790983346
*Cc1ccc(C(=S)c2ccc(*)s2)cc1,egb,2.5143,2.537993128698134
*Cc1ccc(CC(*)=S)cc1,egb,2.9253,3.612339319692011
*Cc1ccc(CC(*)=S)s1,egb,2.5553,3.406724159111623
*Cc1ccc(CO*)cc1,egb,4.8019,4.3981664041749715
*Cc1ccc(Cc2ccc(*)cc2)cc1,egb,4.2049,4.222847960475203
*Cc1ccc(Cc2ccc(*)s2)cc1,egb,4.0831,3.8726510655347415
*Cc1ccc(Cc2ccc(*)s2)s1,egb,4.1954,3.7958968097974846
*Cc1ccc(NC(*)=S)cc1,egb,3.5265,3.2978338703470222
*Cc1ccc(NC(*)=S)s1,egb,2.8469,2.8572979554581788
*Cc1ccc(Nc2ccc(*)cc2)cc1,egb,3.7655,3.883586646034086
*Cc1ccc(Nc2ccc(*)s2)s1,egb,3.6624,3.4052776084221694
*Cc1ccc(OC(*)=S)cc1,egb,3.7121,3.7326059605912048
*Cc1ccc(Oc2ccc(*)s2)cc1,egb,4.0475,4.155986011827528
*NC(=O)C(=S)C(*)=O,egb,1.4363,1.459332092242443
*NC(=O)C(=S)O*,egb,2.095,2.002935294931377
*NC(=O)C(=S)c1ccc(*)cc1,egb,1.5619,2.102565608053466
*NC(=O)C(=S)c1ccc(*)s1,egb,0.9512,1.8017476108237096
*NC(=O)NC(*)=O,egb,3.9867,4.884745603986316
*NC(=O)NO*,egb,5.0658,5.094990145943111
*NC(=O)Nc1ccc(*)cc1,egb,3.4515,3.802864325132785
*NC(=O)Nc1ccc(*)s1,egb,3.137,3.0626736098892313
*NC(=O)Oc1ccc(*)s1,egb,3.4227,3.419309774642389
*NC(=O)c1ccc(-c2ccc(*)cc2)cc1,egb,2.6675,3.0094365164027685
*NC(=O)c1ccc(-c2ccc(*)cc2)s1,egb,1.9448,2.0070505124235125
*NC(=O)c1ccc(C(*)=S)s1,egb,1.932,1.9031413391780767
*NC(=O)c1ccc(O*)s1,egb,3.0418,3.1129573628869505
*NC(=S)NC(*)=S,egb,2.0315,2.9283679952064254
*NC(=S)Nc1ccc(*)cc1,egb,2.6405,3.2340209274027587
*NC(=S)Nc1ccc(Cc2ccc(*)cc2)cc1,egb,3.7898,3.374393414123632
*NC(=S)c1ccc(C(*)=S)s1,egb,1.6122,1.647612889496549
*NC(=S)c1ccc(O*)cc1,egb,2.6021,2.753121502858848
*NC(=S)c1ccc(O*)s1,egb,2.3899,2.1606063852672097
*NC(C)C(=O)NC(C)C(=O)NC(C(=O)NC(C(*)=O)C(C)C)C(C)C,egb,5.8867,4.586782449054413
*NC(F)(F)NC(*)(F)F,egb,8.2637,8.190795113529147
*NC1CCCC1C(*)=O,egb,6.4002,5.897781085589134
*NCC(F)(F)C(*)(F)F,egb,7.8675,8.185773972538342
*NCCCNC(=O)NC(*)=O,egb,6.0227,4.9943351542210115
*NNC(=O)C(=O)NNC(=O)CCCCCCCC(*)=O,egb,3.7266,4.625968041877733
*NOC(=O)NCC(=O)NC(*)=O,egb,4.9352,5.133668176220305
*NOC(=O)O*,egb,5.0089,5.29044472359955
*NOC(F)(F)C(*)(F)F,egb,6.3342,7.922621802136533
*NOc1ccc(O*)cc1,egb,4.5587,4.294144480242631
*Nc1ccc(-c2ccc(-c3ccc(*)cc3)cc2)cc1,egb,2.9094,2.6042577293346714
*Nc1ccc(-c2ccc(-c3ccc(*)cc3)s2)cc1,egb,1.8163,2.2851655307641567
*Nc1ccc(-c2ccc(-c3ccc(*)s3)cc2)s1,egb,1.6397,2.0906860449375584
*Nc1ccc(-c2ccc(-c3ccc(*)s3)s2)cc1,egb,2.587,1.956929611630315
*Nc1ccc(-c2ccc(-c3ccc(*)s3)s2)s1,egb,1.5003,1.7151540545489459
*Nc1ccc(-c2ccc(C(*)=S)cc2)s1,egb,2.3796,1.7724661866370317
*Nc1ccc(-c2ccc(C(*)=S)s2)cc1,egb,1.4764,1.8857599003306162
*Nc1ccc(-c2ccc(NC(=O)c3cc(C(*)=O)cc(S(=O)(=O)c4ccccc4)c3)cc2)cc1,egb,2.4795,2.7056834664068905
*Nc1ccc(Br)cc1-c1ccc(NC(=O)c2ccc(C(*)=O)cc2)cc1,egb,2.9894,2.445091072455604
*Nc1ccc(C(=O)O*)cc1,egb,3.977,3.4510719716366047
*Nc1ccc(C(=O)c2ccc(*)s2)s1,egb,1.7108,2.1732063718325256
*Nc1ccc(C(=S)c2ccc(*)cc2)cc1,egb,1.8785,1.8760045710376507
*Nc1ccc(C(=S)c2ccc(*)cc2)s1,egb,1.7781,1.7956587142384894
*Nc1ccc(NC(*)=S)s1,egb,2.1538,2.551778690844242
*Nc1ccc(NC(=O)NC(=O)NC(*)=O)s1,egb,3.2632,3.0663992077379545
*Nc1ccc(Nc2ccc(*)s2)cc1,egb,2.8374,3.3539544544455238
*Nc1ccc(OC(*)=S)cc1,egb,3.2479,3.1603710989610194
*Nc1ccc(Oc2ccc(*)cc2)cc1,egb,3.2074,3.6513726952265753
*Nc1ccc(Oc2ccc(*)s2)s1,egb,3.9124,3.20440617339118
*Nc1cccc(C(*)=O)c1,egb,3.2399,3.3205631569905814
*OC(=O)C(=S)C(*)=O,egb,1.4341,1.6557371093064237
*OC(=O)OC(*)=O,egb,5.926,4.530360028320535
*OC(=O)OCCCCCCCCCCOC(=O)OC1COC2C(*)COC12,egb,6.1689,6.624937850771748
*OC(=O)OCCOCCOC(=O)OC1COC2C(*)COC12,egb,6.5378,6.351340728781697
*OC(=O)c1ccc(C(*)=O)cc1,egb,3.1295,3.5824887993427925
*OC(=O)c1ccc(C(*)=O)s1,egb,3.202,2.9171180450648246
*OC(=S)C(F)(F)C(*)(F)F,egb,3.1746,3.2474732113227613
*OC(=S)OC(*)=O,egb,3.9378,3.3255382747521187
*OC(=S)Oc1ccc(*)cc1,egb,3.9415,3.396675612324019
*OC(=S)Oc1ccc(*)s1,egb,3.0437,3.546861330508623
*OC(=S)c1ccc(C(*)=O)cc1,egb,2.5144,2.50880160998285
*OC(=S)c1ccc(C(*)=O)s1,egb,2.3663,2.1636306030624386
*OC(C)COC(=O)CCCCC(*)=O,egb,6.5974,6.283127392555203
*OC(CC(*)=O)C1CO1,egb,6.1493,6.637510053476741
*OC(CC(C)C)C(*)=O,egb,5.8529,6.102633265589577
*OC(CCCCCCC=C)CC(*)=O,egb,5.5852,5.660084449438942
*OC(F)(F)C(*)(F)F,egb,10.1137,8.423809481154573
*OC(F)(F)C(=O)C(*)(F)F,egb,5.2263,5.669757635801332
*OC(F)(F)C(F)(F)C(*)(F)F,egb,9.1214,9.091263428205941
*OC(F)(F)C(F)(F)C(F)(F)C(*)(F)F,egb,8.7307,8.224479193287424
*OC(F)(F)CC(*)(F)F,egb,10.0451,8.518168441190891
*OC(F)(F)NC(*)(F)F,egb,8.991,8.906844539737783
*OC(c1ccc(OC)cc1)C(C)(C)C(*)=O,egb,4.5832,5.207679722151249
*OC1C(C)(C)C(OC(*)=O)C1(C)C,egb,6.9495,6.380453367554395
*OC1C(CO)OC(*)C(O)C1O,egb,7.4757,7.221827996770801
*OCC(F)(F)C(*)(F)F,egb,8.8494,8.572460930524297
*OCCC(=O)CC(=O)Oc1ccc(*)cc1,egb,3.7901,4.38409889249793
*OCCCCONC(*)=O,egb,5.6793,6.169564045289054
*ON(C(F)(F)F)C(F)(C(*)(F)F)C(F)(F)F,egb,7.0955,7.056475645852517
*Oc1ccc(-c2ccc(C(*)=O)cc2)cc1,egb,3.0847,3.353803052017718
*Oc1ccc(-c2ccc(C(*)=O)s2)cc1,egb,2.0204,2.535921696857323
*Oc1ccc(C(=O)c2ccc(C(=O)NOC(*)=O)s2)cc1,egb,2.9014,2.698922430160933
*Oc1ccc(C(=S)c2ccc(*)cc2)cc1,egb,1.7412,2.450560717922687
*Oc1ccc(C(=S)c2ccc(*)cc2)s1,egb,2.4038,2.3695438192026517
*Oc1ccc(C(=S)c2ccc(*)s2)s1,egb,2.3041,2.0078816555499563
*Oc1ccc(C(F)(F)C(*)(F)F)cc1,egb,4.7894,4.354217665121491
*Oc1ccc(C(F)(F)C(*)(F)F)s1,egb,4.0762,4.098007941297465
*Oc1ccc(C2(c3ccc(OC(=O)c4cccc(C(*)=O)c4)c(C)c3)c3ccccc3-c3ccccc32)cc1C,egb,3.0176,3.026778718194292
*Oc1ccc(CC(*)=O)cc1,egb,4.6878,4.236522045489243
*Oc1ccc(Cc2ccc(*)cc2)cc1,egb,4.3787,3.940877172359647
*Oc1ccc(OC(*)=O)cc1,egb,4.3251,4.173714691267939
*Oc1ccc(OC(*)=O)s1,egb,3.6706,3.786091252913529
*Oc1ccc(OC(=O)c2ccc(C(*)=O)cc2)cc1C1CCCCCCC1,egb,3.1917,3.6918721067253593
*Oc1ccc(Oc2ccc(*)s2)s1,egb,4.047,3.8459110529339307
*SC1CCCC(*)C1,egb,5.2199,5.281075736454315
*Sc1ccc(*)cc1,egb,3.1848,3.092116705454116
*c1cc(-c2sc(-c3cc(C)c(*)s3)cc2C)c2cccccc1-2,egb,1.3327,1.543833548158519
*c1cc(C#N)c(*)s1,egb,1.0894,2.251023699972855
*c1ccc(-c2ccc(-c3ccc(-c4ccc(*)cc4)cc3)cc2)cc1,egb,2.5835,3.002497975878929
*c1ccc(-c2ccc(-c3ccc(-c4ccc(*)n4CCCCCCCCCCCC)s3)s2)s1,egb,2.1442,2.043342579436382
*c1ccc(-c2ccc(-c3ccc(-c4ccc(*)s4)s3)s2)cc1,egb,1.1128,1.8055078810211926
*c1ccc(-c2ccc(C(F)(F)C(*)(F)F)cc2)cc1,egb,3.2719,3.9079174810870407
*c1ccc(-c2ccc(C(F)(F)C(*)(F)F)cc2)s1,egb,4.0895,3.0335383120521144
*c1ccc(-c2ccc(Oc3ccc(*)s3)s2)cc1,egb,2.1882,2.5469903498156166
*c1ccc(C(=O)C(F)(F)C(*)(F)F)cc1,egb,3.5762,3.9677094422730343
*c1ccc(C(F)(F)CC(*)(F)F)cc1,egb,4.3368,4.9977253157777355
*c1ccc(C(F)(F)NC(*)(F)F)cc1,egb,4.2709,4.430005331143543
*c1ccc(C(F)(F)c2ccc(C(*)(F)F)cc2)cc1,egb,4.1742,3.824669771528666
*c1ccc(CC(F)(F)C(*)(F)F)cc1,egb,5.11,4.617412261352528
*c1ccc(NC(F)(F)C(*)(F)F)cc1,egb,4.1626,4.344615966720749
*c1ccc(NC(F)(F)C(*)(F)F)s1,egb,3.3898,3.4396652565338695
*c1ccc(OC(=S)c2ccc(*)s2)cc1,egb,2.0472,2.2536795208771903
*c1ccc2oc(-c3ccc4nc(*)oc4c3)nc2c1,egb,2.5367,2.4615053339835846
*c1cccc(*)n1,egb,2.9424,3.195623740401988
*c1cccc(-c2ccc(-c3ccc(*)s3)s2)n1,egb,2.0464,1.8989404371898813
*c1cccc(-c2nc3cc4nc(*)c(-c5ccccc5)nc4cc3nc2-c2ccccc2)c1,egb,1.9959,2.537894244602158
*/C=C\C(C#N)C*,egc,5.3057,4.9933670367229
*=CC1OC(C=*)C2C(=O)N(c3cc(C(F)(F)F)cc(C(F)(F)F)c3)C(=O)C12,egc,5.0857,4.9876635207776845
*=CC1OC(C=*)C2C(=O)N(c3cccc(C(F)(F)F)c3)C(=O)C12,egc,5.0879,4.840395872314618
*C#CC#CCCCCCCCC*,egc,5.4216,5.956880457471356
*C#CC=C*,egc,1.1342,4.874394071188988
*C#Cc1c(F)c(F)c(C#Cc2cc(CCCCCC)c(*)s2)c(F)c1F,egc,2.8156,2.7774756230451394
*C#Cc1cc(CCCCCC)c(*)s1,egc,1.5751,3.505509432157074
*C#Cc1cc(OCC(CC)CCCC)c(C#Cc2cc(OCCNCCCC)c(*)cc2OCCNCCCC)cc1OCC(CC)CCCC,egc,2.9566,3.3802315212488345
*C#Cc1cc(OCCCCCC)c(C#Cc2ccc3c(-c4c(O)ccc5cc(*)ccc45)c(O)ccc3c2)cc1OCCCCCC,egc,3.0868,2.831617591525358
*C#Cc1sc(-c2sc(*)c3c2OCCO3)c2c1OCCO2,egc,1.7209,2.3716215514866867
*C(*)(F)Cl,egc,3.6564,6.708782736962369
*C(*)(F)F,egc,7.2027,7.301404799629184
*C(*)F,egc,6.7608,6.199699456369704
*C(*)O,egc,6.4482,6.219614001425446
*C(=NCCCCCC)N(*)CCCCCC,egc,4.3588,4.688677643300374
*C(=O)C(F)(F)CC(*)(F)F,egc,4.9534,6.461408147747917
*C(=O)C(F)(F)NC(*)(F)F,egc,4.8818,5.444767173303579
*C(=O)C(O)c1ccc(*)s1,egc,4.0132,3.6637350287855823
*C(=O)C1CC(OC(=O)CCC)CN1*,egc,5.4104,5.642906258633216
*C(=O)C1CC(OC(C)=O)CN1*,egc,4.1614,5.627134405128007
*C(=O)C1CCCN1*,egc,5.5773,5.216199237730851
*C(=O)CCCCC(=O)N1CCN(*)CC1,egc,5.6091,5.578629730946628
*C(=O)CCN(C)CCN(C)CCC(=O)N1CCN(*)CC1,egc,4.9845,5.1953443493042535
*C(=O)CCN1CCN(CCC(=O)N2CCN(*)C(C)C2)CC1,egc,4.9509,4.956296577352758
*C(=O)CNC(=O)C1CCCN1C(=O)C1CCCN1*,egc,5.248,5.613585566757969
*C(=O)COCC(=O)N1CCN(*)CC1,egc,5.5847,5.558192587684984
*C(=O)N(*)C(C)C(C)=O,egc,4.4468,4.863702100958928
*C(=O)N1CC(=O)N(C(=O)c2ccc(N3C(=O)c4ccc(*)cc4C3=O)cc2)C1=O,egc,3.533,3.15160356981227
*C(=O)NC(=O)c1ccc(*)cc1,egc,4.4505,4.357379131534256
*C(=O)NC(F)(F)C(*)(F)F,egc,5.8517,5.523658994923485
*C(=O)NC1CCCC(*)O1,egc,6.2047,5.864935526034668
*C(=O)NCCCCCCCCCCNC(=O)c1ccc(*)nc1,egc,4.5311,4.738842526899172
*C(=O)NCCCCCCNC(=O)C1=COC=C(*)O1,egc,4.4645,4.684775167168517
*C(=O)NCCCCCCNC(=O)C1COC(*)CO1,egc,5.8235,5.8537045939207495
*C(=O)NCCCCCCNC(=O)N1CCN(*)CC1,egc,5.4634,5.484487407699613
*C(=O)NCCCCCCNC(=O)c1cc(O)cc(*)n1,egc,4.8984,4.556742657608862
*C(=O)NCCCCCCNC(=O)c1ccc(*)nc1,egc,4.574,4.85024100724447
*C(=O)NCCCCCCNC(=O)c1cccc(*)n1,egc,4.786,4.875160920170715
*C(=O)NCCCCCCNC(=O)c1cncc(*)c1,egc,4.9388,4.817036079155227
*C(=O)NCCCCCCNC(=O)c1cnn(*)c1,egc,5.1584,4.647388923366887
*C(=O)NNC(=O)C(=O)NNC(=O)c1cncc(*)n1,egc,4.3374,3.822170510757029
*C(=O)NNC(=O)c1cccc(*)n1,egc,4.6124,4.353690590464587
*C(=O)NNC(=O)c1cccc(C(=O)NNC(=O)c2ccc(*)nc2)n1,egc,3.6092,3.762130676305474
*C(=O)NNC(=O)c1cccc(C(=O)NNC(=O)c2cccc(*)n2)c1,egc,4.479,3.7443913926592303
*C(=O)NNC(=O)c1cccc(C(=O)NNC(=O)c2cnc(*)cn2)c1,egc,3.3027,3.7749217561144026
*C(=O)NNC(=O)c1cncc(C(=O)NNC(=O)c2ccc(*)nc2)c1,egc,3.9225,3.5940048429773253
*C(=O)Nc1cc(NC(=O)c2ccc(*)o2)c(N)cc1N,egc,2.8199,3.263124466219873
*C(=O)Nc1cc(NC(=O)c2ccc3[nH]c(-c4cccc(-c5nc6cc(*)ccc6[nH]5)c4)nc3c2)cc(-c2nc3ccccc3[nH]2)c1,egc,3.2918,3.1391254008760785
*C(=O)Nc1ccc(-c2ccc(NC(=O)c3ccc4c(c3)C(=O)N(c3ccc(S(=O)(=O)c5ccc(N6C(=O)c7ccc(*)cc7C6=O)cc5)cc3)C4=O)cc2)cc1,egc,2.4779,2.809512303885152
*C(=O)Nc1ccc(C(=O)Nc2ccc(NC(=O)c3ccc4[nH]c(-c5ccc(-c6nc7cc(*)ccc7[nH]6)cc5)nc4c3)cc2)cc1,egc,2.6204,2.9081586865594975
*C(=O)Nc1ccc(C(=O)Nc2ccc(NC(=O)c3ccc4[nH]c(-c5cccc(-c6nc7cc(*)ccc7[nH]6)c5)nc4c3)cc2)cc1,egc,2.9934,3.0658794640496576
*C(=O)Nc1ccc(C2(c3ccc(N4C(=O)c5ccc(*)cc5C4=O)cc3)CC(C)CC(C)(C)C2)cc1,egc,2.7929,3.136042951732361
*C(=O)Nc1ccc(C2(c3ccc(N4C(=O)c5ccc(*)cc5C4=O)cc3)CCC(C(C)(C)C)CC2)cc1,egc,2.7711,2.901149795118175
*C(=O)Nc1ccc(C2(c3ccc(N4C(=O)c5ccc(*)cc5C4=O)cc3)CCC(C(C)(C)CC)CC2)cc1,egc,2.8521,2.8512925707468586
*C(=O)Nc1ccc(C2(c3ccc(N4C(=O)c5ccc(*)cc5C4=O)cc3)CCC(CC)CC2)cc1,egc,2.9185,2.8625311196402072
*C(=O)Nc1ccc(C2(c3ccc(N4C(=O)c5ccc(*)cc5C4=O)cc3)CCCCC2)cc1,egc,2.8477,2.8709432925273335
*C(=O)Nc1ccc(Cc2ccc(N3C(=O)c4ccc(*)cc4C3=O)cc2)cc1,egc,3.1109,2.9293090823711436
*C(=O)Nc1ccc(N2C(=O)c3ccc(*)cc3C2=O)cc1,egc,3.1573,2.9911029232974227
*C(=O)Nc1ccc(NC(=O)c2ccc(NC(=O)c3ccc(-c4nc5cc(*)ccc5[nH]4)cc3)cc2)cc1,egc,2.7114,3.1548228202674875
*C(=O)Nc1ccc(NC(=O)c2ccc3[nH]c(-c4cc(-c5nc6cc(*)ccc6[nH]5)cc(N5C(=O)c6ccccc6C5=O)c4)nc3c2)cc1,egc,2.3407,2.7543993878539745
*C(=O)Nc1ccc(NC(=O)c2ccc3c(c2)C(=O)N(c2c(C)cc(C)c(N4C(=O)c5ccc(*)cc5C4=O)c2C)C3=O)cc1,egc,3.3589,2.9165884618524203
*C(=O)Nc1ccc(NC(=O)c2ccc3c(c2)C(=O)N(c2cc(-c4nc5ccccc5s4)cc(N4C(=O)c5ccc(*)cc5C4=O)c2)C3=O)cc1,egc,2.886,2.6200881651005257
*C(=O)Nc1ccc(NC(=O)c2ccc3c(c2)C(=O)N(c2ccc(Oc4ccc(N5C(=O)c6ccc(*)cc6C5=O)cc4)cc2)C3=O)cc1,egc,2.6514,2.6566388489519652
*C(=O)Nc1ccc(NC(=O)c2ccc3c(c2)C(=O)N(c2ccc(Oc4cccc5c(N6C(=O)c7ccc(*)cc7C6=O)cccc45)cc2)C3=O)cc1,egc,2.8645,2.571325131722372
*C(=O)Nc1ccc(NC(=O)c2ccc3c(c2)C(=O)N(c2ccc(S(=O)(=O)c4ccc(N5C(=O)c6ccc(*)cc6C5=O)cc4)cc2)C3=O)cc1,egc,2.7403,3.0315448070030295
*C(=O)Nc1ccc(NC(=O)c2cccc(C(=O)Nc3ccc(N4C(=O)c5ccc(*)cc5C4=O)cc3)c2)cc1,egc,2.92,2.709577903819209
*C(=O)Nc1ccc(Oc2ccc(N3C(=O)c4ccc(*)cc4C3=O)cc2)cc1,egc,2.7025,2.9985724070424062
*C(=O)Nc1ccc(Oc2ccc(NC(=O)c3ccc4c(c3)C(=O)N(c3ccc(Oc5ccc(N6C(=O)c7ccc(*)cc7C6=O)cc5)cc3)C4=O)cc2)cc1,egc,2.699,2.6336814755386366
*C(=O)Nc1ccc(Oc2ccc(NC(=O)c3cccc(*)n3)cc2)cc1,egc,3.4406,3.665321449652952
*C(=O)Nc1ccc(S(=O)(=O)c2ccc(NC(=O)c3ccc4[nH]c(-c5cccc(-c6nc7cc(*)ccc7[nH]6)c5)nc4c3)cc2)cc1,egc,3.6016,3.2964483164626506
*C(=O)Nc1ccc(S(=O)(=O)c2ccc(NC(=O)c3ccc4c(c3)C(=O)N(c3ccc(Oc5ccc(N6C(=O)c7ccc(*)cc7C6=O)cc5)cc3)C4=O)cc2)cc1,egc,2.6835,2.8867620268870398
*C(=O)Nc1ccc(S(=O)(=O)c2ccc(NC(=O)c3ccc4c(c3)C(=O)N(c3ccc(S(=O)(=O)c5ccc(N6C(=O)c7ccc(*)cc7C6=O)cc5)cc3)C4=O)cc2)cc1,egc,3.3421,2.8287101354816704
*C(=O)Nc1cccc(C(=O)Nc2cccc(NC(=O)c3ccc4[nH]c(-c5cccc(-c6nc7cc(*)ccc7[nH]6)c5)nc4c3)c2)c1,egc,3.186,3.2376101275661524
*C(=O)Nc1cccc(C=CC(=O)C=Cc2cccc(NC(=O)c3ccc(N4C(=O)c5ccc(*)cc5C4=O)cc3)c2)c1,egc,3.0227,2.540393763122798
*C(=O)Nc1cccc(NC(=O)c2ccc(-c3nc4cc(*)ccc4[nH]3)cc2)c1,egc,3.2886,3.3532092829806914
*C(=O)Nc1cccc(NC(=O)c2ccc3[nH]c(-c4cccc(-c5nc6cc(*)ccc6[nH]5)c4)nc3c2)c1,egc,3.3364,3.3587294716775165
*C(=O)Nc1cccc(NC(=O)c2ccc3[nH]c(-c4cccc(-c5nc6cc(*)ccc6[nH]5)c4)nc3c2)n1,egc,3.4965,3.2954375166147867
*C(=O)Nc1cccc(NC(=O)c2ccc3c(c2)C(=O)N(c2ccc(S(=O)(=O)c4ccc(N5C(=O)c6ccc(*)cc6C5=O)cc4)cc2)C3=O)c1,egc,3.0501,2.8660818365953
*C(=O)Nc1cccc(NC(=O)c2cccc(NC(=O)c3ccc(-c4nc5cc(*)ccc5[nH]4)cc3)c2)c1,egc,3.3084,3.130278454632973
*C(=O)Nc1nc(*)c(C#N)n1C,egc,4.3854,4.3532797060059325
*C(=O)Nc1nc(C#N)c(*)n1C,egc,4.1864,4.063236262629096
*C(=O)OC1=NCCN1*,egc,5.1364,4.678696380278653
*C(=O)OC1CC(*)N(C(=O)OCc2ccccc2)C1,egc,5.588,4.914137528056304
*C(=O)OC1CC2CC(OC(=O)N3CCN(*)CC3)CC(C1)O2,egc,5.7033,5.714549746757796
*C(=O)OC1CCC(OC(=O)N2CCN(*)CC2)CC1,egc,5.8355,5.73474046305868
*C(=O)OCC(C)(C)COC(=O)N1CC(C)N(*)CC1C,egc,5.8365,5.576459869443995
*C(=O)OCC(C)(C)COC(=O)N1CCN(*)C(C)C1,egc,5.8979,5.641419823695973
*C(=O)OCC1CC1COC(=O)N1CCN(*)CC1,egc,5.9115,5.699322004815448
*C(=O)OCCCCCCCCCCCCOC(=O)c1ccc(N2C(=O)c3ccc(*)cc3C2=O)cc1,egc,3.2472,3.546782980663866
*C(=O)OCCCCCCOC(=O)N1CCN(*)CC1,egc,5.9678,5.755719762075446
*C(=O)OCCCCOC(=O)N1CCN(*)CC1,egc,5.8653,5.974713536057007
*C(=O)OCCOC(=O)N1CC(C)N(*)CC1C,egc,5.9632,5.804997037886885
*C(=O)OCCOC(=O)N1CCN(*)CC1,egc,5.8752,5.996317340908339
*C(=O)Oc1ccc(-c2ccc(OC(=O)c3ccc4c(c3)C(=O)N(c3ccc(Oc5ccc(N6C(=O)c7ccc(*)cc7C6=O)cc5)cc3)C4=O)cc2)cc1,egc,2.6231,2.5704765432241925
*C(=O)Oc1ccc(C(*)=S)cc1,egc,2.9816,3.45856629588956
*C(=O)Oc1ccc(OC(=O)N2CCN(*)CC2)cc1,egc,5.2692,4.783035732549546
*C(=O)Oc1ccc(OC(=O)c2ccc3c(c2)C(=O)N(c2ccc(Oc4ccc(N5C(=O)c6ccc(*)cc6C5=O)cc4)cc2)C3=O)c(-c2ccccc2)c1,egc,2.5898,2.541801855206007
*C(=O)Oc1ccc(OC(=O)c2ccc3c(c2)C(=O)N(c2ccc(Oc4ccc(N5C(=O)c6ccc(*)cc6C5=O)cc4)cc2)C3=O)cc1,egc,2.5383,2.748972982412703
*C(=O)Oc1ccc(OC(=O)c2ccc3c(c2)C(=O)N(c2ccc(Sc4ccc(N5C(=O)c6ccc(*)cc6C5=O)cc4)cc2)C3=O)cc1,egc,2.9567,2.723002932078425
*C(=O)Oc1ccc2ccc(OC(=O)c3ccc4c(c3)C(=O)N(c3ccc(Oc5ccc(N6C(=O)c7ccc(*)cc7C6=O)cc5)cc3)C4=O)cc2c1,egc,2.5688,2.6462933106199267
*C(=O)SSCCCCCCSSC(=O)N1CCN(*)CC1,egc,4.64,4.559707486585361
*C(=O)SSCCCCSSC(=O)N1CCN(*)CC1,egc,4.2166,4.4267363740716705
*C(=O)c1ccc(-c2ccc(-c3ccc(*)cc3)s2)cc1,egc,2.9694,2.9495148073522164
*C(=O)c1ccc(-c2ccc(-c3ccc(*)s3)cc2)cc1,egc,2.8474,2.8184631141138885
*C(=O)c1ccc(-c2ccc(C(*)=S)cc2)s1,egc,2.3241,2.612332198343935
*C(=O)c1ccc(-c2ccc(C(*)=S)s2)s1,egc,2.0098,2.0039963726149046
*C(=O)c1ccc(C(=O)C(*)=S)s1,egc,2.2094,2.819374658830358
*C(=O)c1ccc(C(=O)N(C)N(*)C)cc1,egc,4.0457,4.789344640124861
*C(=O)c1ccc(C(=O)N(C)c2ccc(Cl)c(N(*)C)c2)cc1,egc,3.3332,3.622500092450495
*C(=O)c1ccc(C(=O)N2CCN(*)CC2)cc1,egc,4.6128,4.399604408488189
*C(=O)c1ccc(C(=S)c2ccc(*)cc2)cc1,egc,2.9419,3.0163683984908043
*C(=O)c1ccc(C(=S)c2ccc(*)s2)s1,egc,2.0759,2.313579201139214
*C(=O)c1ccc(N(*)CCCCCCCC)cc1,egc,3.611,3.727300799915624
*C(=O)c1ccc(N=Nc2ccc(C(=O)N3C(=O)N(*)C(CC)(CC)C3=O)cc2)cc1,egc,3.6611,3.031505763832152
*C(=O)c1ccc(OC(*)=S)s1,egc,3.5676,2.5251507228092644
*C(=O)c1ccc(Oc2ccc(*)s2)cc1,egc,3.6478,3.214384323104636
*C(=O)c1ccc2c(c1)C(=Nc1ccc(Oc3cccc(N=C4OC(=O)c5ccc(*)cc54)c3)cc1)OC2=O,egc,2.5722,2.848524129041196
*C(=O)c1ccc2c(c1)C(=O)N(c1cc(-c3nc4ccccc4s3)cc(N3C(=O)c4ccc(*)cc4C3=O)c1)C2=O,egc,2.5125,2.6565689432954027
*C(=O)c1ccc2c(c1)C(=O)N(c1ccc(-c3ccc(-c4ccc(N5C(=O)c6ccc(*)cc6C5=O)cc4)cc3)cc1)C2=O,egc,2.3242,2.600291558406314
*C(=O)c1ccc2c(c1)C(=O)N(c1ccc(-c3ccc(N4C(=O)c5ccc(*)cc5C4=O)cc3C)c(C)c1)C2=O,egc,2.8033,2.659138866937173
*C(=O)c1ccc2c(c1)C(=O)N(c1ccc(-c3nc(-c4ccccc4)nc(-c4ccc(N5C(=O)c6ccc(*)cc6C5=O)cc4)n3)cc1)C2=O,egc,2.8991,2.487820191927642
*C(=O)c1ccc2c(c1)C(=O)N(c1ccc(C(=O)N(C)c3ccc(N4C(=O)c5ccc(*)cc5C4=O)cc3)cc1)C2=O,egc,2.3425,2.6083574170191532
*C(=O)c1ccc2c(c1)C(=O)N(c1ccc(C(C)(C)c3ccc(C(C)(C)c4ccc(N5C(=O)c6ccc(*)cc6C5=O)cc4)cc3)cc1)C2=O,egc,2.4861,2.7224815801506184
*C(=O)c1ccc2c(c1)C(=O)N(c1ccc(C(c3ccc(N4C(=O)c5ccc(*)cc5C4=O)cc3)(C(F)(F)F)C(F)(F)F)cc1)C2=O,egc,3.0171,2.9578087943582236
*C(=O)c1ccc2c(c1)C(=O)N(c1ccc(C(c3ccccc3)(c3ccc(N4C(=O)c5ccc(*)cc5C4=O)cc3)C(F)(F)F)cc1)C2=O,egc,2.9448,3.0263875030225162
*C(=O)c1ccc2c(c1)C(=O)N(c1ccc(C(c3ccccc3)c3ccc(N4C(=O)c5ccc(*)cc5C4=O)cc3)cc1)C2=O,egc,2.6954,2.6879151867992515
*C(=O)c1ccc2c(c1)C(=O)N(c1ccc(Cc3ccc(N4C(=O)c5ccc(*)cc5C4=O)cc3)cc1)C2=O,egc,2.7406,2.6513246415523226
*C(=O)c1ccc2c(c1)C(=O)N(c1ccc(N(c3ccc(C#N)cc3)c3ccc(N4C(=O)c5ccc(*)cc5C4=O)cc3)cc1)C2=O,egc,1.8778,2.3371783043126366
*C(=O)c1ccc2c(c1)C(=O)N(c1ccc(N3C(=O)c4ccc(*)cc4C3=O)cc1)C2=O,egc,2.8765,2.896197596387951
*C(=O)c1ccc2c(c1)C(=O)N(c1ccc(N3C(=O)c4ccc(*)cc4C3=O)nc1)C2=O,egc,3.0206,2.853890996440796
*C(=O)c1ccc2c(c1)C(=O)N(c1ccc(OCC(C)(C)COc3ccc(N4C(=O)c5ccc(*)cc5C4=O)cc3)cc1)C2=O,egc,2.7216,2.740536666137724
*C(=O)c1ccc2c(c1)C(=O)N(c1ccc(OCCOCCOCCOc3ccc(N4C(=O)c5ccc(*)cc5C4=O)cc3)cc1)C2=O,egc,2.5902,2.7884690064580218
*C(=O)c1ccc2c(c1)C(=O)N(c1ccc(OCCOc3ccc(N4C(=O)c5ccc(*)cc5C4=O)cc3)cc1)C2=O,egc,2.4523,2.494391759431697
*C(=O)c1ccc2c(c1)C(=O)N(c1ccc(Oc3cc4ccccc4cc3Oc3ccc(N4C(=O)c5ccc(*)cc5C4=O)cc3)cc1)C2=O,egc,2.3398,2.4446595059689615
*C(=O)c1ccc2c(c1)C(=O)N(c1ccc(Oc3ccc(N4C(=O)c5ccc(*)cc5C4=O)cc3Br)c(Br)c1)C2=O,egc,2.6114,2.545570557698062
*C(=O)c1ccc2c(c1)C(=O)N(c1ccc(Oc3ccc(S(=O)(=O)c4ccc(Oc5ccc(N6C(=O)c7ccc(*)cc7C6=O)cc5)cc4)cc3)cc1)C2=O,egc,2.6168,2.572623286166915
*C(=O)c1ccc2c(c1)C(=O)N(c1ccc(Oc3cccc(N4C(=O)c5ccc(*)cc5C4=O)c3)cc1)C2=O,egc,2.4357,2.732308217756724
*C(=O)c1ccc2c(c1)C(=O)N(c1ccc(Oc3cccc(Oc4ccc(N5C(=O)c6ccc(*)cc6C5=O)cc4)c3)cc1)C2=O,egc,2.514,2.6695963360441133
*C(=O)c1ccc2c(c1)C(=O)N(c1ccc(Oc3ccccc3Oc3ccc(N4C(=O)c5ccc(*)cc5C4=O)cc3)cc1)C2=O,egc,2.3823,2.4492888998080877
*C(=O)c1ccc2c(c1)C(=O)N(c1ccc(Sc3ccc(N4C(=O)c5ccc(*)cc5C4=O)cc3)cc1)C2=O,egc,2.66,2.572460171601034
*C(=O)c1ccc2c(c1)C(=O)N(c1ccc3c(c1)C(=O)c1cc(N4C(=O)c5ccc(*)cc5C4=O)ccc1-3)C2=O,egc,2.5033,2.597629715134701
*C(=O)c1ccc2c(c1)C(=O)N(c1cccc(C(=O)N(C)c3ccc(N4C(=O)c5ccc(*)cc5C4=O)cc3)c1)C2=O,egc,2.3447,2.5599097203498253
*C(=O)c1ccc2c(c1)C(=O)N(c1cccc(C(=O)Nc3ccc(N4C(=O)c5ccc(*)cc5C4=O)cc3)c1)C2=O,egc,2.497,2.5355854083597387
*C(=O)c1ccc2c(c1)C(=O)N(c1cccc(Cc3ccc(C(=O)c4ccc(N5C(=O)c6ccc(*)cc6C5=O)cc4)cc3)c1)C2=O,egc,2.9158,2.7534564360402305
*C(=O)c1ccc2c(c1)C(=O)N(c1cccc(N3C(=O)c4ccc(*)cc4C3=O)c1C)C2=O,egc,3.3303,2.9531346677864008
*C(=O)c1ccc2c(c1)C(=O)N(c1cccc(Nc3ncnc(Nc4cccc(N5C(=O)c6ccc(*)cc6C5=O)c4)n3)c1)C2=O,egc,2.4957,2.833875334066967
*C(=O)c1ccc2nc(-c3ccc(-c4cnc5cc(*)ccc5n4)cc3)cnc2c1,egc,3.0578,2.98290824205157
*C(=O)c1ccc2nc(-c3ccc(-c4nc5ccc(*)cc5nc4-c4ccccc4)cc3)c(-c3ccccc3)nc2c1,egc,3.0508,3.162286912549196
*C(=O)c1ccc2nc(-c3ccccc3)c(-c3ccc(-c4nc5cc(*)ccc5nc4-c4ccccc4)cc3)nc2c1,egc,3.2924,3.0972355287903444
*C(=O)c1ccc2nc(-c3ccccc3)c(-c3ccc(-c4nc5ccc(*)cc5nc4-c4ccccc4)cc3)nc2c1,egc,3.1886,3.105250394209372
*C(=O)c1cccc(C(=O)N(C)c2cccc(N(*)C)c2)c1,egc,4.4341,3.611132130527305
*C(=O)c1cccc(C(=O)N2CCN(*)CC2)c1,egc,4.7816,4.6345411693833976
*C(=O)c1cccc(C(=O)N2COCN2*)c1,egc,4.5807,4.6768609980457745
*C(=O)c1cccc(C(=O)c2ccc3c(c2)C(=Nc2cccc(N=C4OC(=O)c5cc(*)ccc54)c2)OC3=O)c1,egc,2.869,2.8070898914950653
*C(=O)c1cccc(C(=O)c2ccc3c(c2)C(=O)N(c2ccc(Oc4ccc(N5C(=O)c6ccc(*)cc6C5=O)cc4)cc2)C3=O)c1,egc,2.5831,2.545909908514479
*C(=S)C(F)(F)CC(*)(F)F,egc,2.8419,5.14517394352702
*C(=S)C(F)(F)c1ccc(C(*)(F)F)cc1,egc,2.6791,3.974433313756428
*C(=S)C(F)(F)c1ccc(C(*)(F)F)s1,egc,2.8122,4.14046278201551
*C(=S)OC(=S)c1ccc(*)cc1,egc,2.8098,3.1208180982680327
*C(=S)Oc1ccc(-c2ccc(*)s2)s1,egc,2.4847,2.4591101811169485
*C(=S)c1ccc(-c2ccc(-c3ccc(*)cc3)cc2)cc1,egc,2.6076,2.7819166792502923
*C(=S)c1ccc(-c2ccc(-c3ccc(*)cc3)cc2)s1,egc,2.3302,2.677618576066023
*C(=S)c1ccc(C(=S)c2ccc(*)cc2)cc1,egc,2.6743,2.5172185111543794
*C(=S)c1ccc(C(F)(F)C(*)(F)F)cc1,egc,3.118,2.9237394025595034
*C(Br)=C(c1ccccc1)c1ccc(*)cc1,egc,3.469,2.843336999610938
*C(C#N)=C(C#N)n1c(=O)c2cc3c(=O)n(*)c(=O)c3cc2c1=O,egc,3.4736,2.1412658096914137
*C(C)=C(*)C#N,egc,3.2656,3.879305092228523
*C(C)=C(*)CCC,egc,5.0895,4.428301686817705
*C(C)C(*)C(=O)OC,egc,6.2685,6.514175438751768
*C(C)C(*)O,egc,6.0639,6.826060707768739
*C(C)C(*)OC,egc,5.326,5.815935762853185
*C(Cl)=C(Cl)C(Cl)(Cl)C(*)(Cl)Cl,egc,4.2472,4.793817933875481
*C(F)(F)C(*)(F)OC(F)(F)F,egc,8.2947,8.688361354398593
*C(F)(F)C(F)(F)C(F)(F)C(*)(F)C(F)(F)F,egc,8.4323,8.17800134842029
*C(F)(F)C1(F)C(F)(F)C(*)(F)C(F)(F)C(F)(Cl)C1(F)F,egc,7.2365,6.605924914556892
*C(F)(F)C1(F)C(F)(F)C(*)(F)C(F)(F)C(F)(F)C(F)(F)C1(F)F,egc,7.4251,7.2111144279787895
*C(I)=C(*)I,egc,3.8335,2.9772854144082115
*C(OC(C)=O)=C(OC(C)=O)c1ccc(*)cc1,egc,3.7517,3.426404892077439
*C(OC(F)(F)F)C(*)(F)F,egc,8.5308,8.4641831495435
*C(OC)=C(OC)c1ccc(*)s1,egc,2.5351,2.583589597877868
*C([2H])([2H])C(*)(C(=O)OC([2H])([2H])C([2H])([2H])[2H])C([2H])([2H])[2H],egc,6.3862,6.384047632917028
*C([2H])([2H])C(*)(F)F,egc,7.1497,6.576176366874269
*C([2H])([2H])C(*)([2H])C([2H])=C([2H])[2H],egc,5.9833,5.355034495736277
*C(c1ccc(N(C)C)cc1)C(*)c1ccc([N+](=O)[O-])cc1,egc,2.3431,3.2003260570153302
*C(c1ccccc1)=c1ccc(=c2ccc(=C(c3ccccc3)c3ccc(-c4ccc(*)s4)s3)s2)s1,egc,1.4486,1.553578803553799
*C(c1ccccc1)C(*)(C#N)C#N,egc,2.7551,4.47671850523176
*C(c1cccs1)=c1ccc(=c2ccc(=C(c3cccs3)c3ccc(-c4ccc(*)s4)s3)s2)s1,egc,1.0381,1.5778883417631278
*C*,egc,6.8972,5.440618807504623
*C1(C)CC(*)(C)C(=O)N(C)C1=O,egc,5.3373,5.2706641081559065
*C1(F)OC(C(F)(F)F)(C(F)(F)Cl)OC1(*)F,egc,8.2297,7.18501257177614
*C12CC3CC(C1)CC(*)(C3)C2,egc,5.7519,6.1345911532862
*C1=C(CCCCCC)C(CCCCCC)=C(c2sc(-c3sc(*)c4c3OCCO4)c3c2OCCO3)S1(=O)=O,egc,1.3792,2.0995965532531655
*C1=CC(C)C(C(=O)C(=O)C2CC3C(*)CC3(O)C2=O)C(=O)N1C,egc,2.7097,4.0757705699457825
*C1=CC2=CC(*)=NC2=N1,egc,1.0627,1.8653851140695612
*C1=CC2=NC(*)=CC2=N1,egc,1.3051,1.686096348781458
*C1=CC=C(c2sc(-c3sc(*)c4c3OCCO4)c3c2OCCO3)S1(=O)=O,egc,1.7929,2.0814227815350703
*C1=NC2=CC(*)C=CC2=C1,egc,3.2065,3.3721694642032802
*C1C(=O)OC(=O)C1*,egc,6.3452,5.83831850020301
*C1C(=O)OC(=O)C1C1C2CC(C(=O)OC3CCCCC3)C(C2)C1*,egc,6.0803,5.912442200378007
*C1C2CC(=CC)C(C2)C1*,egc,5.1841,5.495306594851097
*C1C2CC(C)C(C2)C1*,egc,6.0638,6.212878114540437
*C1C2CCC(C2)C1*,egc,6.1739,6.121428114402853
*C1C=C(C)C(*)S1,egc,5.0392,4.766734578482109
*C1C=C(CCCCCC)C(*)S1,egc,4.7988,4.754716428925084
*C1C=CC(*)C1,egc,5.7164,5.268570107087363
*C1C=CC(*)CC1,egc,5.6051,5.62790785626596
*C1CC(*)OC(O)O1,egc,6.5343,6.201876780439955
*C1CC(C)(C)OC1*,egc,5.8529,5.517027146954883
*C1CC2C3CC4C(C3*)C24C1,egc,5.9559,6.219631039207926
*C1CC2CC1C(*)C2CCCC,egc,6.1498,5.947960333564109
*C1CCC2C(*)CCC12,egc,6.7514,6.176959812877736
*C=C(*)CO,egc,4.3592,4.031188175446922
*C=C(*)c1cc(C(F)(F)F)oc1C(F)(F)F,egc,1.9958,2.12683265663116
*C=C(*)c1ccc(C(=O)Oc2c(F)c(F)c(F)c(F)c2F)cc1,egc,1.1102,1.84454073655977
*C=C(*)c1ccc(NC=O)cc1,egc,0.2219,1.6178241290425797
*C=C(*)c1ccc([N+](=O)[O-])cc1,egc,0.7984,0.5428888373181063
*C=C(*)c1cccc(Br)c1,egc,0.2843,1.0204684323136104
*C=C(*)c1cccc(C#C)c1,egc,0.069,0.7908926483803967
*C=C(*)c1cccc([Si](C)(C)C)c1,egc,0.7366,1.364610329427541
*C=C(*)c1cccc2ccccc12,egc,0.8664,1.302050959770708
*C=C(*)c1cccc[n+]1CC#C,egc,0.3201,1.4070914674656987
*C=C(*)c1ccccc1C(F)(F)F,egc,1.343,1.2332347354701323
*C=C(*)c1cccs1,egc,3.6662,1.8855517087505103
*C=C(*)c1ccsc1,egc,2.2157,2.634084593790226
*C=C(F)C(F)(F)C*,egc,5.7867,5.585908168116838
*C=C1CCC(=Cc2ccc(*)cc2)C1=O,egc,2.5147,1.9873540676932364
*C=C1CCC(=Cc2ccc(Sc3ccc(*)o3)o2)C1=O,egc,2.4731,2.569695985974816
*C=CC(=C(C)C)C(*)=C(C)C,egc,3.4443,3.1717913777777844
*C=CC(=O)C(C)=Cc1ccc(Sc2ccc(*)o2)o1,egc,2.9229,2.4631192813289973
*C=CC(C(=O)OC(C)C)C(*)C(=O)OC(C)C,egc,5.3094,5.3673950472227485
*C=CC(C(=O)OC)C(*)c1ccccc1,egc,4.9911,4.779066812887909
*C=CC(C)(C)C(*)(C)C,egc,5.1816,5.512956739145988
*C=CC(C)(C)CC(C#N)C*,egc,5.6628,5.569325053912343
*C=CC(C)=C(C)C=Cc1ccc(-c2ccc(*)s2)s1,egc,1.5733,1.9811295945204623
*C=CC(C)C(*)C(=O)OCC(C)C,egc,5.4659,5.4455045119693954
*C=CC(C)C(*)C(=O)OCCCC,egc,5.2364,5.678219575148553
*C=CC(C)C*,egc,5.7207,5.479538624565517
*C=CC(C)CCCCCCCCC*,egc,5.8829,5.980778504275859
*C=CC(C*)OC,egc,5.0501,5.526190531840749
*C=CC1=C(O)C(O)=C(*)C1,egc,1.3796,3.7107183019720096
*C=CC1CC(*)C(C#N)(CC)C1,egc,6.1381,5.669937462272501
*C=CC1CC(*)C(C#N)(C[Si](C)(C)C)C1,egc,5.6706,5.664129605724441
*C=CC1CC(*)C(C(=O)OC)C1C(=O)OC,egc,5.0643,5.624450040777109
*C=CC1CC(*)C(C(=O)OCCNC(C)(C)C)C1,egc,5.2249,5.557045779675702
*C=CC1CC(*)C(C(F)(F)F)(C(F)(F)F)C1(F)F,egc,5.3867,7.119589793014367
*C=CC1CC(*)C(F)(F)C1(F)OC(F)(F)C(F)(F)C(F)(F)F,egc,3.4449,7.018338566225914
*C=CC1CC(*)C2(Cl)OC(=O)OC12Cl,egc,5.2615,5.351133747667943
*C=CC1CC(*)C2C(=O)N(CCC)C(=O)C12,egc,5.2391,5.3248975497841196
*C=CC1CC(*)C2C(=O)N(CCCCCCCCC)C(=O)C12,egc,5.4434,5.172822741827351
*C=CC1CC(*)C2C(=O)N(c3cc(C(F)(F)F)cc(C(F)(F)F)c3)C(=O)C12,egc,5.0009,4.672272724668063
*C=CC1CC(*)C2C(=O)N(c3ccc(C)cc3)C(=O)C12,egc,5.2272,4.807460652187778
*C=CC1CC(*)C2C(=O)N(c3cccc(C)c3)C(=O)C12,egc,4.9512,5.159331583545841
*C=CC1CC(*)C2C3CCC(C3)C12,egc,5.1047,5.500687334186673
*C=CC1CC(*)C2CC=CC12,egc,5.3836,4.522590327684969
*C=CC1CC(*)C2CCCC12,egc,5.6651,5.429011051753081
*C=CC1CCC(*)C1,egc,5.4117,5.630351323936203
*C=CC=CC=CC=C(*)CCS(=O)(=O)O,egc,0.8077,3.3981311226651
*C=CC=CCC*,egc,4.3008,4.61442108223817
*C=CCC*,egc,5.2133,4.67581151557056
*C=CCCC*,egc,4.6373,5.276467502632839
*C=CCCCC(Cl)CCC*,egc,5.737,5.79399086451529
*C=CCCCC*,egc,5.7726,5.006410913456535
*C=CCCCCC*,egc,5.8026,5.111104590855526
*C=CCCCCCCCCCC(Cl)CCCCCCCCC*,egc,5.874,5.995866956412022
*C=CCCCCCCCCCC*,egc,5.8787,5.765334618349541
*C=Cc1cc(CCCCCC)c(-c2sc(*)cc2CCCCCC)s1,egc,1.7165,1.6736464350276516
*C=Cc1cc(Cl)c(*)cc1Cl,egc,3.2579,2.7557629037161466
*C=Cc1cc(OC)c(*)cc1Br,egc,1.9302,2.5947082026938304
*C=Cc1cc(OC)c(C=Cc2ccc(*)s2)cc1OC,egc,1.7107,2.687615769080493
*C=Cc1cc(OCC)c(*)cc1OCC,egc,4.2145,2.868713258951238
*C=Cc1cc(OCCCCCC)c(*)cc1OC,egc,2.3505,3.302604130926392
*C=Cc1ccc(*)c(C(=O)OC)c1C(=O)OC,egc,4.11,2.910853914158248
*C=Cc1ccc(*)c(F)c1,egc,2.259,2.944943625161566
*C=Cc1ccc(*)c2ccc(CCCCCC)cc12,egc,2.3017,2.5820868040549323
*C=Cc1ccc(*)c2ccc(CCCCCCCCCCC)cc12,egc,2.3432,2.340410989317194
*C=Cc1ccc(*)c2occc12,egc,1.6799,2.321868065140923
*C=Cc1ccc(*)c2sccc12,egc,2.1967,2.0021111928492745
*C=Cc1ccc(*)n1CCCCCC,egc,1.5103,2.068385831846269
*C=Cc1ccc(*)n1CCCCCCCCCCCC,egc,1.2671,2.1313826521155983
*C=Cc1ccc(*)nc1,egc,1.9268,2.603687512863416
*C=Cc1ccc(*)s1,egc,2.7814,2.351164166398774
*C=Cc1ccc(-c2ccc(*)s2)s1,egc,1.9942,2.2266197223533815
*C=Cc1ccc(-c2ccc(C=Cc3cc(*)ncn3)cc2)cc1,egc,2.7379,2.947048322021806
*C=Cc1ccc(C=Cc2cc(*)ncn2)cc1,egc,2.9779,3.0609118779824174
*C=Cc1ccc2c(c1)C(CC(CC)CCCC)(CC(CC)CCCC)c1cc(*)ccc1-2,egc,2.8561,2.8454245910744342
*C=Cc1cccc(C=Cc2cc(*)nc(-c3ccccc3)n2)c1,egc,3.248,2.912793873347179
*C=Cc1cccc(C=Cc2cc(*)ncn2)c1,egc,3.4013,3.097438150224015
*C=Cc1csc(C=Cc2cccc(*)n2)c1CCCCCC,egc,3.4055,2.126808714818679
*C=Cc1sc(*)c2c1OC(CCCCCC)CO2,egc,1.0146,2.3612722240626427
*C=NCCCCCCN=Cc1ccc(Sc2ccc(*)o2)o1,egc,3.6661,3.9342111250581446
*C=NCCN=Cc1ccc(Sc2ccc(*)o2)o1,egc,3.3427,3.591386625303563
*C=NN=Cc1cc(CCCCCCCCCCCC)c(*)s1,egc,1.846,2.8682911736247276
*C=Nc1ccc(N=Cc2ccc(Sc3ccc(*)o3)o2)cc1,egc,2.5795,2.775085856971782
*C=Nc1ccc(S(=O)(=O)c2ccc(N=Cc3ccc(Sc4ccc(*)o4)o3)cc2)cc1,egc,3.0975,3.0467618647224572
*C=Nc1cccc(N=Cc2cccc(*)n2)c1,egc,3.1599,3.0171905261360252
*C=c1ccc(=c2ccc(=Cc3ccc(-c4ccc(*)s4)s3)s2)s1,egc,0.8337,1.5697715961382253
*CC#CC#CCOC(=O)CCC(=O)O*,egc,4.9872,5.466776604000653
*CC#CC#CCOC(=O)NCCCCCCNC(=O)O*,egc,4.9601,5.485740284243243
*CC#CC#CCOC(=O)Nc1ccc(Cc2ccc(NC(=O)O*)cc2)cc1,egc,4.0768,4.43149250087
*CC#CC#CCOc1ccc(-c2ccc(O*)cc2)cc1,egc,4.0246,3.7733322162978014
*CC#CC#CCOc1ccc(C(C)(C)c2ccc(O*)cc2)cc1,egc,4.3962,4.367705651190204
*CC#CCOC(=O)CCC(=O)O*,egc,5.9483,5.840181216766455
*CC#CCOC(=O)CCCCCCC(=O)O*,egc,6.2765,5.979485460439564
*CC#CCOC(=O)CCCCCCCCC(=O)O*,egc,6.1042,6.33995421613462
*CC#CCOC(=O)CCCCCCCCCCC(=O)O*,egc,6.5433,6.103613149841314
*CC(*)(Br)Br,egc,5.2567,5.846525701883475
*CC(*)(C#N)C(=O)OCC,egc,6.5171,6.12465601439344
*CC(*)(C#N)C(=O)OCCCCCCC,egc,6.3455,6.3136624169072935
*CC(*)(C)C#N,egc,7.6319,6.063467866778801
*CC(*)(C)C(=O)Nc1cccc(-c2nnc(-c3ccccc3)o2)c1,egc,3.5944,3.8145226652997755
*CC(*)(C)C(=O)OC,egc,6.5972,6.604490231218724
*CC(*)(C)C(=O)OC(CC)OCC,egc,6.3891,6.102746440305081
*CC(*)(C)C(=O)OC(F)(C(F)(F)F)C(F)(F)F,egc,6.1534,6.638130397406416
*CC(*)(C)C(=O)OCC(=O)N1CCCC1,egc,5.0881,5.507317356973732
*CC(*)(C)C(=O)OCC(F)(F)C(F)F,egc,6.3988,6.340690096978028
*CC(*)(C)C(=O)OCC(F)(F)F,egc,6.5436,6.364588711717011
*CC(*)(C)C(=O)OCCBr,egc,5.9262,6.051388863803932
*CC(*)(C)C(=O)OCCC1CCCCC1,egc,6.5132,6.163417496968341
*CC(*)(C)C(=O)OCCCCn1c2ccccc2c2ccccc21,egc,3.7637,3.45356615061938
*CC(*)(C)C(=O)OCC[N+](=O)[O-],egc,4.7247,4.713846055682585
*CC(*)(C)C(=O)OCCc1ccccc1,egc,5.7104,5.219198538898648
*CC(*)(C)C(=O)OCc1ccc(Cl)cc1,egc,4.9536,5.039476551038432
*CC(*)(C)C(=O)OCc1ccc(Cl)cc1Cl,egc,4.8651,4.082600789828975
*CC(*)(C)C(=O)OCc1ccc2c(c1)c1ccccc1n2CC,egc,3.4735,3.5892725726859878
*CC(*)(C)C(=O)OCc1cccs1,egc,4.9884,4.730249872940386
*CC(*)(C)C(=O)Oc1ccc2ccccc2c1,egc,3.6336,4.220746788226965
*CC(*)(C)C(=O)Oc1ccccc1,egc,5.2323,4.994571347374182
*CC(*)(CF)C(=O)OC,egc,6.854,6.516132610050036
*CC(*)(CO)C(=O)OCC,egc,5.8505,6.304079370774849
*CC(*)(Cl)C#N,egc,6.5592,5.931596984981341
*CC(*)(Cl)Cl,egc,5.4955,4.8571014543905395
*CC(*)(F)C(=O)OC,egc,6.8022,6.489355567978429
*CC(*)(F)C(=O)OCC(Cl)(Cl)Cl,egc,6.1654,5.58486270232323
*CC(*)(F)C(=O)OCC(F)(F)C(F)(F)C(F)(F)C(F)(F)C(F)(F)C(F)(F)C(F)(F)C(F)(F)F,egc,6.7134,6.369226900209539
*CC(*)(F)C(=O)OCC(F)(F)C(F)(F)F,egc,6.4706,6.628269656661787
*CC(*)(F)C(=O)OCCC,egc,6.5259,6.370481819848097
*CC(*)(F)C(=O)OCCC(F)(F)C(F)(F)C(F)(F)C(F)(F)C(F)(F)C(F)(F)C(F)(F)C(F)(F)F,egc,6.6046,6.493600299642742
*CC(*)(F)Cl,egc,6.2438,5.780675293542628
*CC(*)=C,egc,5.3034,4.695138372249763
*CC(*)C#N,egc,7.7741,6.001117556279111
*CC(*)C(=O)C(C)(C)C,egc,5.3334,5.523649024973838
*CC(*)C(=O)N(CCC)CCC,egc,5.3191,5.479293336645075
*CC(*)C(=O)N(O)c1cccc(C)c1,egc,4.1845,4.214550184823555
*CC(*)C(=O)NC,egc,5.4371,5.803358899150565
*CC(*)C(=O)NCC,egc,5.2246,5.559556045191123
*CC(*)C(=O)NCC(F)(F)C(F)(F)C(F)(F)F,egc,5.7825,6.33143348626637
*CC(*)C(=O)NCCC,egc,6.0177,5.647408518792426
*CC(*)C(=O)NCCC(F)(F)C(F)(F)C(F)(F)C(F)(F)C(F)(F)C(F)(F)C(F)(F)C(F)(F)F,egc,5.7478,5.783128675201707
*CC(*)C(=O)OC(C)C,egc,6.4162,6.398939737120903
*CC(*)C(=O)OC(C)CC(C)C,egc,6.3605,6.301688951760767
*CC(*)C(=O)OC(OCC)C(F)(F)F,egc,6.3353,6.433225093122258
*CC(*)C(=O)OC1CCCCC1,egc,6.0771,6.4482240358509575
*CC(*)C(=O)OCC,egc,6.2551,6.450840480702734
*CC(*)C(=O)OCC(C)C,egc,6.1261,6.404777100989749
*CC(*)C(=O)OCC(F)(F)C(F)(F)C(F)(F)C(F)(F)C(F)(F)C(F)(F)C(F)(F)F,egc,6.2833,6.564672547332527
*CC(*)C(=O)OCC(F)(F)C(F)(F)C(F)(F)F,egc,6.784,6.5052887319165835
*CC(*)C(=O)OCC(F)(F)C(F)(F)OC(F)(F)C(F)(F)C(F)(F)C(F)(F)F,egc,6.9089,6.469187305106901
*CC(*)C(=O)OCC(F)(F)C(F)(F)OC(F)(F)F,egc,6.5517,6.547686248648348
*CC(*)C(=O)OCC(F)(F)C(F)C(F)(F)F,egc,6.8499,6.43281549803917
*CC(*)C(=O)OCC=C,egc,6.066,5.026169244694379
*CC(*)C(=O)OCCC#N,egc,6.4368,6.253511770366349
*CC(*)C(=O)OCCCCC,egc,6.4787,6.2668405362351045
*CC(*)C(=O)OCCCCCCSCC#N,egc,5.2126,5.088133177124385
*CC(*)C(=O)OCCCCSC,egc,4.571,5.328209664161457
*CC(*)C(=O)OCCO,egc,6.417,6.431789473382653
*CC(*)C(=O)OCCOCC1(CC)COC1,egc,5.6941,6.215434695286703
*CC(*)C(=O)OCCSCC#N,egc,5.2595,5.286104534755816
*CC(*)C(=O)Oc1ccc(C#N)cc1,egc,4.6366,4.026248898243875
*CC(*)C(=O)Oc1ccc(Cl)cc1,egc,2.4559,3.3684104828478314
*CC(*)C(=O)Oc1ccc(OC)cc1,egc,4.4447,4.181089074696422
*CC(*)C(=O)c1ccc(Br)c(OC)c1,egc,3.8338,2.760695802878414
*CC(*)C(=O)c1ccc(Br)cc1,egc,1.5897,3.2161563855612876
*CC(*)C(=O)c1ccc(CC)cc1,egc,4.27,3.4237983012062516
*CC(*)C(=O)c1ccccc1O,egc,1.7298,3.058868516310843
*CC(*)C(=O)n1sc2ccccc2c1=O,egc,1.2252,3.18838323457728
*CC(*)C(F)(F)C(F)(F)C(F)(F)F,egc,8.6189,7.784352636647274
*CC(*)C(F)(F)F,egc,8.2263,6.787838817559577
*CC(*)CC(C)C,egc,6.7394,6.2811708619236395
*CC(*)CCC,egc,6.7336,7.141464053997992
*CC(*)CCCC1CCCCC1,egc,6.3703,6.652087459323488
*CC(*)CCc1ccc(C)cc1,egc,5.1686,4.552034773931584
*CC(*)CN,egc,5.4738,5.980234251329656
*CC(*)CO,egc,6.2929,6.213948053327917
*CC(*)N,egc,5.222,5.887107579479799
*CC(*)N1CCCC1=S,egc,4.1333,3.80883820660745
*CC(*)OC(=O)C(C)(C)C,egc,6.1579,6.451049317468314
*CC(*)OC(=O)C(F)(F)C(F)(F)F,egc,6.6309,6.616049706205681
*CC(*)OC(=O)CC1CCCC1,egc,6.5327,6.487865050506299
*CC(*)OC(=O)CCC,egc,6.8545,6.555503904006881
*CC(*)OC(=O)CCC#N,egc,6.425,6.47786699190498
*CC(*)OC(=O)OCC(F)(F)F,egc,7.5359,7.106559145092668
*CC(*)OC(=O)c1ccc(OC(C)=O)cc1,egc,4.6237,4.529782742670479
*CC(*)OC(=O)c1ccc(OC)cc1,egc,4.435,4.3798159477382415
*CC(*)OC(=O)c1cccc(Cl)c1,egc,1.7974,4.272908448596809
*CC(*)OC(=O)c1cccnc1,egc,4.7397,3.9003511015518484
*CC(*)OC(C)=O,egc,6.8523,6.471694099751387
*CC(*)OC=O,egc,6.9603,6.551415297547792
*CC(*)OCC(=O)OC,egc,5.3903,6.3815354319719395
*CC(*)OCCCCC,egc,5.9056,5.77561133034178
*CC(*)OCCCCCCCCCCCC,egc,5.4919,6.148308649490102
*CC(*)OCCCl,egc,6.0339,6.304511347746072
*CC(*)OCCOc1ccc(C=C(C#N)C(=O)OC)cc1,egc,3.1988,3.8232245967577825
*CC(*)OCc1ccccc1,egc,5.0639,4.679723174384775
*CC(*)SC,egc,5.023,4.936191217410322
*CC(*)c1c(F)c(F)c(OC)c(F)c1F,egc,4.6291,4.674688837335142
*CC(*)c1cc(C)ccc1C,egc,4.9137,4.774885801019457
*CC(*)c1cc(OC)ccc1OC,egc,3.8323,4.172034160172625
*CC(*)c1ccc(C(=O)CCN2CCCCC2)cc1,egc,2.7084,3.5198528066670614
*CC(*)c1ccc(C(=O)CCN2CCOCC2)cc1,egc,3.2629,3.3327681792376542
*CC(*)c1ccc(C(=O)Cc2ccccc2)cc1,egc,3.6382,3.407399551827558
*CC(*)c1ccc(C(=O)c2ccccc2)cc1,egc,3.5289,3.2739370130575614
*CC(*)c1ccc(C(O)CCN2CCOCC2)cc1,egc,3.8601,3.762365237086008
*CC(*)c1ccc(C)cc1C,egc,4.8585,4.696360084482616
*CC(*)c1ccc(C)nc1,egc,4.8601,3.5551903280911823
*CC(*)c1ccc(CCCCCC)cc1,egc,4.9872,4.068396375916486
*CC(*)c1ccc(CCl)cc1,egc,3.4202,4.026235232563522
*CC(*)c1ccc(Cl)c([N+](=O)[O-])c1,egc,1.4833,2.9944509643102744
*CC(*)c1ccc(F)cc1,egc,2.0489,4.241670002412371
*CC(*)c1ccc2c(c1)OCO2,egc,4.4057,4.298113404958469
*CC(*)c1ccc2ccccc2c1,egc,3.6351,3.1032409979349356
*CC(*)c1cccc(C)c1,egc,5.185,4.07985924931732
*CC(*)c1cccc2c1OCO2,egc,4.5452,4.147786991631047
*CC(*)c1ccncc1,egc,2.5368,4.458020323115575
*CC(*)c1nc(C)nc(C)n1,egc,5.2445,4.640396155252252
*CC(*)n1c(C)c(C)c2ccccc21,egc,2.733,2.7888500766741773
*CC(*)n1cc2ccccc2n1,egc,3.7572,3.0813146578751085
*CC(*)n1ccc2ccccc21,egc,1.6204,3.0371995286099756
*CC(*)n1nnc2ccccc21,egc,4.0479,3.0419691055499976
*CC(=O)C(*)C,egc,4.7758,5.633591757246792
*CC(=O)C(=S)c1ccc(*)s1,egc,2.5515,2.944110701260596
*CC(=O)CC(*)=O,egc,4.1544,5.254177508448984
*CC(=O)CC(*)=S,egc,2.8292,2.984123141987222
*CC(=O)Cc1ccc(*)cc1,egc,4.4305,4.8070512336822215
*CC(=O)N*,egc,6.0823,5.703142425624564
*CC(=O)NC(*)=O,egc,4.269,5.347351197039378
*CC(=O)NC(*)=S,egc,2.887,3.287287956939107
*CC(=O)NCC(=O)O*,egc,6.011,6.0260487793317195
*CC(=O)NCCCCCCNC(=O)CO*,egc,6.0674,5.841748454410499
*CC(=O)NCCCCCCNC(=O)COC(=O)CCCCC(=O)O*,egc,6.0986,5.879731883250604
*CC(=O)NCCCCCCNC(=O)COc1ccc(O*)cc1,egc,4.6023,5.046525245340692
*CC(=O)Nc1ccc(*)cc1,egc,4.5889,4.520058041859172
*CC(=O)Nc1ccc(*)s1,egc,4.4758,4.102213676009607
*CC(=O)Nc1ccc(NC(=O)CN2C(=O)c3ccc(C(=O)c4ccc5c(c4)C(=O)N(*)C5=O)cc3C2=O)cc1,egc,2.4122,2.7596540983085203
*CC(=O)Nc1ccc(Oc2ccc(NC(=O)CN3C(=O)c4ccc(C(=O)c5ccc6c(c5)C(=O)N(*)C6=O)cc4C3=O)cc2)cc1,egc,2.2667,2.568314039890883
*CC(=O)Nc1ccc(Oc2ccc(Oc3ccc(NC(=O)CN4C(=O)c5ccc(C(=O)c6ccc7c(c6)C(=O)N(*)C7=O)cc5C4=O)cc3)cc2)cc1,egc,2.2729,2.558906695784521
*CC(=O)OC(*)=O,egc,6.3725,5.466908125849899
*CC(=O)OC(=O)c1ccc(O*)cc1Br,egc,4.4665,4.471957138921071
*CC(=O)OC(=O)c1cccc(O*)c1,egc,4.4815,4.727206322975682
*CC(=O)OCCCCCCOC(=O)Cn1c(=O)c2cc3c(=O)n(*)c(=O)c3cc2c1=O,egc,3.6832,3.679612188254395
*CC(=O)Oc1ccc(*)s1,egc,4.6247,4.653059815656013
*CC(=O)c1ccc(-c2ccc(*)cc2)s1,egc,3.4067,3.16755282836486
*CC(=O)c1ccc(-c2ccc(*)s2)cc1,egc,3.5141,3.481590004123684
*CC(=O)c1ccc(-c2ccc(*)s2)s1,egc,2.8653,2.9428797572081065
*CC(=O)c1ccc(C(*)=O)cc1,egc,4.4703,4.175746690577153
*CC(=O)c1ccc(C(*)=O)s1,egc,4.0034,3.442571912674207
*CC(=O)c1ccc(C(*)=S)cc1,egc,2.7253,2.8392839646114476
*CC(=S)C(=O)C(*)=S,egc,1.5344,3.1331562922079113
*CC(=S)CC(*)=S,egc,2.5423,3.140882594004965
*CC(=S)CO*,egc,3.0342,4.158384819569719
*CC(=S)NC(*)=S,egc,2.5403,2.525777852699803
*CC(=S)NO*,egc,3.435,3.5522513134168765
*CC(=S)OC(*)=S,egc,3.3702,2.983843886864468
*CC(=S)c1ccc(N*)cc1,egc,2.6292,2.796295756718204
*CC(=S)c1ccc(O*)cc1,egc,2.734,3.2423432901108273
*CC(=S)c1ccc(O*)s1,egc,2.8161,3.145464546624914
*CC(C#N)(C#N)CC(C#N)(C#N)C(C#N)C(*)(C#N)C#N,egc,6.9307,5.8863328260852565
*CC(C(=O)Oc1ccccc1)C(C(=O)O)C(*)(C)C,egc,5.2905,5.105886777939463
*CC(C)(C)C(=O)N*,egc,5.6887,5.731208091006941
*CC(C)(C)C(=O)O*,egc,6.6633,6.450419082852979
*CC(C)(C)C1C(=O)N(C(C)C)C(=O)C1*,egc,5.5919,5.613390806367971
*CC(C)(C)CO*,egc,5.8123,5.667656565303483
*CC(C)(C)COC(=O)C(=O)O*,egc,4.957,5.572434300626811
*CC(C)(C)COC(=O)CC(=O)O*,egc,6.7138,6.362660862250289
*CC(C)(C)COC(=O)CCC(=O)O*,egc,6.4486,6.673534175271129
*CC(C)(C)COC(=O)CCCCC(=O)O*,egc,6.692,6.736466283740708
*CC(C)(C)COC(=O)CCCCCCC(=O)O*,egc,6.7281,6.697627369942386
*CC(C)(C)COC(=O)CCCCCCCCC(=O)O*,egc,6.6996,6.753281197682634
*CC(C)(C)COC(=O)NC(=O)c1cccc(C(=O)NC(=O)O*)c1,egc,4.9585,4.563708664481475
*CC(C)(C)COC(=O)NC1CCC(CC2CCC(NC(=O)O*)CC2)CC1,egc,5.9159,6.002668497175285
*CC(C)(C)COC(=O)NCCCC(CCNC(=O)O*)OC,egc,6.1723,5.872200905458631
*CC(C)(C)COC(=O)Nc1ccc(Cc2ccc(NC(=O)O*)c(C)c2)cc1C,egc,4.5157,4.4182679645077405
*CC(C)(C)COC(=O)Nc1ccc(NC(=O)O*)cc1,egc,4.8883,4.935325530594334
*CC(C)(C)COC(=O)O*,egc,7.3547,6.9982706951557585
*CC(C)(C)CS(=O)(=O)CC(C)(C)COC(=O)O*,egc,6.8436,5.832569199444705
*CC(C)(C)O*,egc,5.2445,5.7992683589422365
*CC(C)(CC)CO*,egc,5.6322,5.743934992421938
*CC(C)(CC)COC(=O)CCCCCCCCC(=O)O*,egc,6.7916,6.701016638578837
*CC(C)(CCl)O*,egc,5.7953,6.095071638294805
*CC(C)(CO*)COCC(F)(F)F,egc,5.3043,6.345183857746456
*CC(C)(CO*)COCCC#N,egc,5.387,5.844984527498575
*CC(C)(COC(=O)NCCCCCCNC(=O)O*)C(=O)O,egc,6.2179,6.094902552067255
*CC(C)(N=C=O)C1C(=O)OC(=O)C1*,egc,6.0105,5.57894630259837
*CC(C)C(C)COC(=O)c1ccc(C(=O)O*)cc1,egc,4.7326,4.750799135634467
*CC(C)C1C(=O)N(CCC)C(=O)C1*,egc,5.8295,5.555355464281873
*CC(C)C1COC2C(C(=O)OC(O)(C(F)(F)F)C(F)(F)C*)CC12,egc,6.2241,6.062704901031315
*CC(C)CNC(=O)O*,egc,6.3739,6.138925275127398
*CC(C)CO*,egc,5.976,6.276618202297799
*CC(C)O*,egc,5.7517,6.080655157244299
*CC(CBr)(CBr)COC(=O)CCCCC(=O)O*,egc,6.0899,6.3994030434569495
*CC(CBr)O*,egc,6.2128,5.385888567281752
*CC(CC(*)(C#N)C#N)c1ccc(CCl)cc1,egc,5.4178,4.017103972225749
*CC(CC(C)(C)C)O*,egc,5.3855,5.6186453428685175
*CC(CC(CC(CC(*)c1ccccc1)c1ccccc1)c1ccccc1)c1ccccc1,egc,5.2025,3.9178430376727484
*CC(CC)O*,egc,5.7746,5.8663847972778775
*CC(CCCC)O*,egc,5.4348,5.818260135616469
*CC(CCl)(CBr)COC(=O)CCCCC(=O)O*,egc,6.6998,6.289143233456533
*CC(CCl)(CCl)C(=O)O*,egc,6.551,6.625145622000498
*CC(CCl)(CCl)COC(=O)C(=O)O*,egc,5.906,5.6238273125685225
*CC(CCl)(CCl)COC(=O)CCCCC(=O)O*,egc,6.8357,6.942006752488634
*CC(CCl)(CO*)COC(C)=O,egc,6.4853,6.290696709437077
*CC(CCl)O*,egc,6.3441,6.232998732561643
*CC(CO*)(CS(=O)(=O)CC)CS(=O)(=O)CC,egc,5.0473,4.738049326122532
*CC(CO*)(CS(=O)(=O)CCC)CS(=O)(=O)CCC,egc,4.6292,5.356533033091014
*CC(CO*)(CS(=O)(=O)CCCC)CS(=O)(=O)CCCC,egc,5.4465,4.907434173185114
*CC(CO*)(CS(=O)(=O)CCCCC)CS(=O)(=O)CCCCC,egc,5.21,5.467363256433791
*CC(CO*)(CS(C)(=O)=O)CS(C)(=O)=O,egc,5.8874,4.958379318920433
*CC(CO*)(CSC(C)C)CSC(C)C,egc,4.6686,4.390461919984253
*CC(CO*)(CSC)CSC,egc,4.984,4.9923127633266215
*CC(CO*)(CSCC)CSCC,egc,4.7171,4.968182139232267
*CC(CO*)C(C)(C)C,egc,5.7599,5.676454824751748
*CC(COCC)O*,egc,5.5518,5.91138822541929
*CC(COCC=C)O*,egc,5.2711,5.557468882866918
*CC(COCCCCCC)O*,egc,5.6762,5.674099205823334
*CC(COc1c(Cl)cc(Cl)cc1Cl)O*,egc,4.5851,4.703843034121815
*CC(COc1ccc(-c2ccc(C#N)cc2)cc1)O*,egc,4.4378,3.879136774313248
*CC(COc1ccc(Cl)cc1)O*,egc,4.8901,4.680511259712843
*CC(COc1cccc(C)c1)O*,egc,5.1113,5.080982529601565
*CC(CS(=O)(=O)CCC)O*,egc,6.0251,5.378917416521347
*CC(CS(C)(=O)=O)O*,egc,5.2613,5.987240658412261
*CC(CSC(C)C)O*,egc,4.8245,4.95779593428079
*CC(C[N-][N+]#N)O*,egc,5.5722,5.779987095288024
*CC(Cl)(C#N)C1C=CC(*)CC1,egc,5.4881,5.560167630411177
*CC(F)(F)C(F)(F)C(F)(F)C(F)(F)COC(=O)C(F)(F)C(F)(F)C(F)(F)C(F)(F)C(=O)O*,egc,6.3052,7.032355801693718
*CC(F)(F)C(F)(F)C(F)(F)C(F)(F)COC(=O)CCCC(=O)O*,egc,7.0209,6.612234974766518
*CC(F)(F)C(F)(F)C(F)(F)C(F)(F)COC(=O)NCCCCCCNC(=O)O*,egc,6.4368,6.686460920710944
*CC(F)(F)C(F)(F)C(F)(F)C(F)(F)COC(=O)O*,egc,7.7624,7.3732428623080075
*CC(F)(F)C(F)(F)C(F)(F)COC(=O)CC(CC(=O)O*)C(F)(F)C(F)(F)C(F)(F)F,egc,6.6602,7.005941459639157
*CC(F)(F)C(F)(F)C(F)(F)COC(=O)CCCC(=O)O*,egc,6.894,6.6065156526414714
*CC(F)(F)C(F)(F)C(F)(F)COC(=O)CCCCC(=O)O*,egc,6.6433,6.734115329295072
*CC(F)(F)C(F)(F)C(F)(F)COC(=O)CSCSCC(=O)O*,egc,5.1865,5.9711376576420125
*CC(F)(F)C(F)(F)C(F)(F)COC(=O)NCC(F)(F)C(F)(F)C(F)(F)C(F)(F)CNC(=O)O*,egc,6.897,6.856067748880871
*CC(F)(F)C(F)(F)C(F)(F)COC(=O)NCCCCCCNC(=O)O*,egc,6.3766,6.332433944194268
*CC(F)(F)C(F)(F)COC(=O)NCC(F)(F)C(F)(F)C(F)(F)C(F)(F)CNC(=O)O*,egc,7.202,6.966348633895652
*CC(F)(F)C(F)=C(*)Cl,egc,4.8591,4.568409638844064
*CC(F)(F)C1(F)CC(CC(O)(C(F)(F)F)C(F)(F)F)CC1*,egc,7.7065,6.551515449397436
*CC(O)C(O)CN(*)c1ccc(N(C)C)cc1,egc,3.7705,4.030915841270177
*CC(O)C(O)COC(=O)O*,egc,6.9702,6.940657828823989
*CC(O)CN(*)c1cc(C)c(N=Nc2ccc(Cl)cc2)c(C)c1,egc,2.6365,2.8926818487665957
*CC(O)CN(*)c1cc(C)cc(C)c1,egc,4.5575,3.9576995241982202
*CC(O)CN(*)c1ccc(N=Nc2ccc(C#N)cc2)cc1,egc,2.0164,3.1444454697277027
*CC(O)CN(*)c1ccc(N=Nc2ccc(Cl)cc2)cc1,egc,2.6263,2.508023268297784
*CC(O)CO*,egc,6.5192,6.220275269660928
*CC(O)COc1ccc(O*)cc1,egc,4.7923,4.711240402157093
*CC(O*)C(C)(C)C,egc,5.5394,5.644596371232896
*CC(O*)C(C)C,egc,5.7752,5.650749513882235
*CC(O*)C(F)(F)F,egc,6.7566,7.056402172093795
*CC(O*)c1ccccc1,egc,5.2866,4.493319468008681
*CC(O*)c1ccco1,egc,5.0251,5.135698699500698
*CC(OC(=O)OCC)C(COC(=O)O*)OC(=O)OCC,egc,7.1757,6.529201647666406
*CC(OC(C)=O)C1C(=O)N(c2ccc(C)cc2)C(=O)C1(*)Cl,egc,4.7107,4.48320073865564
*CC(OC)C(C(=O)O)C(*)C(=O)O,egc,6.3287,6.245891588591458
*CC(OC)C1C(=O)OC(=O)C1*,egc,5.9975,5.936225300614602
*CC(OC1CCCCC1)C1C(=O)OC(=O)C1*,egc,5.6267,6.127469395344542
*CC(OC=O)C(COC(=O)O*)OC=O,egc,7.0946,6.3182062459104715
*CC(c1ccccc1)C1C(=O)OC(=O)C1*,egc,5.3123,5.168458404347508
*CC1(*)CCCCC1,egc,6.3291,6.3660509991923275
*CC1(C)CC(*)(C)C(=O)OC1=O,egc,6.0049,5.956891627279858
*CC1(C)CC(N2C(=O)c3ccc(-c4ccc5c(c4)C(=O)N(*)C5=O)cc3C2=O)CC(C)(C)C1,egc,3.6926,3.2497843008130567
*CC1(CO*)CC2C=CC1C2,egc,5.6096,4.989998336806372
*CC1CC(*)C(=O)OC1=O,egc,6.1563,6.0704637416713245
*CC1CC(*)CN(c2nc(N)nc(N)n2)C1,egc,5.1254,4.956497136566553
*CC1CC(*)OC(C)O1,egc,6.0468,6.354327175569505
*CC1CC(*)OCO1,egc,6.5995,6.160228617658382
*CC1CC(CNC(=O)c2cccc(C(=O)N*)c2)CC(C(C)(C)C)C1,egc,4.8842,4.468792780066049
*CC1CC1CO*,egc,5.9176,6.157166334593692
*CC1CC1COC(=O)NC1CC1NC(=O)O*,egc,6.5515,6.139492646542883
*CC1CC1COC(=O)c1cccc(C(=O)O*)c1,egc,5.0466,4.5834844423771335
*CC1CCC(*)C1,egc,6.9613,6.552346070618266
*CC1CCC(CNC(=O)CCCCCCC(=O)N*)CC1,egc,5.8707,5.833845308792985
*CC1CCC(CNC(=O)CCCCCCCC(=O)N*)CC1,egc,5.7062,5.836972469968954
*CC1CCC(CNC(=O)CCCCCCCCC(=O)N*)CC1,egc,5.7331,5.869064107621472
*CC1CCC(CNC(=O)CCCCCCCCCCC(=O)N*)CC1,egc,5.9594,5.842384104882626
*CC1CCC(CNC(=O)c2cc(C(=O)N*)cc(C(C)(C)C)c2)CC1,egc,4.8744,4.702177036969218
*CC1CCC(COC(=O)C(=O)O*)CC1,egc,5.4765,5.620302381945099
*CC1CCC(COC(=O)C2CCC(C(=O)O*)CC2)CC1,egc,6.6637,6.434575633361448
*CC1CCC(COC(=O)CCC(=O)O*)CC1,egc,6.5939,6.623589874210161
*CC1CCC(COC(=O)CCCCC(=O)O*)CC1,egc,6.7775,6.657218194139549
*CC1CCC(COC(=O)CCCCCCCCCCC(=O)O*)CC1,egc,6.723,6.70489333464567
*CC1CCC(COC(=O)Cc2ccc(CC(=O)O*)cc2)CC1,egc,5.3094,5.21744940233553
*CC1CCC(COC(=O)NCCSCCCSCCNC(=O)O*)CC1,egc,5.5784,5.2956173870071535
*CC1CCC(COC(=O)c2ccc(NC(=O)O*)cc2)CC1,egc,4.5441,4.870532273687589
*CC1CCC(COC(C)OC(=O)c2cccc(C(=O)OC(C)O*)c2)CC1,egc,4.9396,4.821645775974696
*CC1CCC(COCO*)CC1,egc,6.4282,6.47699020140004
*CC1CCCC(CC(=O)N*)C1,egc,6.0189,5.9817490131020845
*CC1CCCC(CNC(=O)CCCCCCC(=O)N*)C1,egc,5.9323,5.834542072976539
*CC1CCCC(CNC(=O)c2cccc(C(=O)N*)c2)C1,egc,4.8123,4.882490252242132
*CC=CCNC(=O)CCC=CCCC(=O)N*,egc,5.3865,5.201168930545283
*CC=CCOC(=O)CCCCCCCCC(=O)O*,egc,6.002,5.986261456440525
*CC=CCOC(=O)NCCCCCCNC(=O)O*,egc,5.7218,5.829678272253869
*CCC(*)=O,egc,5.3275,5.703543716442079
*CCC(=O)C(*)=S,egc,3.2378,2.4781007670427293
*CCC(=O)N(CCN(C(=O)CCN1CCN(*)CC1)C(C)C)C(C)C,egc,4.3463,5.166700653621431
*CCC(=O)N*,egc,5.6558,5.967601723358204
*CCC(=O)NCC(=O)N*,egc,6.1234,6.004410709717795
*CCC(=O)NCc1c(C)c(C)c(CNC(=O)CCO*)c(C)c1C,egc,5.3036,4.977337576419775
*CCC(=O)Oc1ccc(OC(=O)CCN2CCN(*)C(C)C2)cc1,egc,4.6472,4.945504215077647
*CCC(=O)c1ccc(*)s1,egc,3.959,3.617028379103137
*CCC(C(=O)OC)C(*)C(=O)OC,egc,6.6384,6.250225765192947
*CCC(C)(C)CC(C)CNC(=O)CCCCC(=O)N*,egc,5.8095,5.527777779760565
*CCC(C)(C)CC(C)COC(=O)CCCCC(=O)O*,egc,6.7293,6.376397354531731
*CCC(C)=C(*)C,egc,4.9429,5.655873996771487
*CCC(C)C(*)(C)C(=O)OC,egc,6.5856,6.3722952677851605
*CCC(C)CC(=O)O*,egc,6.826,6.706509374527556
*CCC(C)CO*,egc,6.1714,5.995561154048467
*CCC(Cl)C(*)Cl,egc,6.5471,6.827953135699026
*CCC(F)(F)C(*)(F)Cl,egc,7.738,6.172116454706938
*CCC(F)(F)C(*)(F)F,egc,8.6882,8.315352462554975
*CCC([2H])C(*)([2H])C,egc,6.8414,7.0068517575749265
*CCC1CC(*)C2C3CC(C12)C(C)(C(=O)OC)C3,egc,6.4636,6.07110657950446
*CCC1CCC(*)C1,egc,7.1099,7.319489578050802
*CCC=C(*)Cl,egc,5.461,5.165585369607927
*CCCC(*)=S,egc,3.3942,4.006981286682045
*CCCC(*)C,egc,7.1052,6.763055158255426
*CCCC(*)C#N,egc,7.8211,7.306550007430001
*CCCC(*)Cl,egc,6.9806,6.687049370640352
*CCCC(=O)NCCCCCCNC(=O)CCCO*,egc,5.652,5.9680835574829185
*CCCC(=O)NCCCCCOCCCCCNC(=O)CCCO*,egc,5.8594,5.815234550795543
*CCCC(=O)O*,egc,6.7691,6.572513759389478
*CCCC(C)(C)CNC(=O)c1cccc(C(=O)N*)c1,egc,5.0204,4.935613940529028
*CCCC(C)CC(=O)N*,egc,6.0894,5.932918669785396
*CCCC(C)CCC(=O)O*,egc,6.54,6.60923715358415
*CCCC(CCNC(=O)c1ccc(C(=O)N*)cc1)C(C)C,egc,4.6978,4.784022574520233
*CCCC(Cl)C(*)Cl,egc,6.8622,6.761036188922693
*CCCC1CC(=O)N(*)C(=O)C1,egc,5.8014,5.597355448117217
*CCCC1CCN(C(=O)Nc2ccc(Cc3ccc(NC(=O)N4CCC(*)CC4)cc3)cc2)CC1,egc,4.6275,4.34546018927816
*CCCC1CCN(C(=O)SSCCCCSSC(=O)N2CCC(*)CC2)CC1,egc,5.001,4.420175469644222
*CCCCC(=O)N*,egc,5.9658,5.922892186080883
*CCCCC(=O)NCCCCCCC(=O)NCCC(=O)N*,egc,5.7097,5.783109691262537
*CCCCC(=O)O*,egc,6.623,6.686022927028172
*CCCCC(C)CCn1c(=O)c2cc3c(=O)n(*)c(=O)c3cc2c1=O,egc,3.7606,3.6217719051519732
*CCCCC(N)C(=O)N*,egc,5.746,5.982728822466558
*CCCCCC(*)C,egc,7.1803,6.733858845503825
*CCCCCC(*)CC,egc,6.7743,7.022484095759953
*CCCCCC(=O)NCCCCCCNC(=O)CCCCCO*,egc,5.7609,5.964937128887394
*CCCCCC(=O)NCCCCCCNC(=O)CCCCCOC(=O)CCCCC(=O)O*,egc,5.9182,5.854528055130721
*CCCCCC(=O)NCCCCCOCCCCCNC(=O)CCCCO*,egc,5.905,5.804031399514489
*CCCCCC(=O)NCCCCCOCCCCCNC(=O)CCCO*,egc,5.841,5.859437770471248
*CCCCCC(=O)NCCNC(=O)CCCCCOC(=O)CCCCC(=O)O*,egc,5.9333,5.975606416209164
*CCCCCC(=O)NCCOC(=O)CCCCC(=O)O*,egc,6.3289,6.171904236538786
*CCCCCC(=O)NCc1ccc(CNC(=O)CCCCCO*)cc1,egc,5.243,5.07196130826292
*CCCCCC(=O)NCc1ccc(CNC(=O)CCCCO*)cc1,egc,5.142,5.118787277038414
*CCCCCC(=O)S*,egc,5.3869,5.062045834978178
*CCCCCCC(=O)N*,egc,6.0436,5.902055507364553
*CCCCCCC(=O)NCCCCCCNC(=O)CCCCCCO*,egc,5.7692,5.9098245091504165
*CCCCCCC(=O)NCCCCCCNC(=O)CCCO*,egc,5.9827,5.794795104558778
*CCCCCCC(=O)NCCCCCOCCCCCNC(=O)CCCO*,egc,5.944,5.850887925702847
*CCCCCCC(=O)O*,egc,6.5222,6.645866495995348
*CCCCCCCC(=O)N(*)C,egc,5.5443,5.720037174771478
*CCCCCCCC(=O)O*,egc,6.6609,6.628809275248448
*CCCCCCCC(=O)OC1COC(*)OC1,egc,6.6422,6.503309118917369
*CCCCCCCC(=O)OCC1COC(*)O1,egc,6.6417,6.765569782576314
*CCCCCCCCC(*)Cl,egc,6.9974,6.9196524495115215
*CCCCCCCCC(=O)N*,egc,6.101,5.916947051679965
*CCCCCCCCC(=O)NCCCCCCNC(=O)CCCO*,egc,5.9837,5.827600639334022
*CCCCCCCCC(=O)NCCCCCOCCCCCNC(=O)CCCCO*,egc,5.8271,5.7881577100610455
*CCCCCCCCC(=O)NCCCCCOCCCCCNC(=O)CCCO*,egc,5.9383,5.842232203274992
*CCCCCCCCC(=O)O*,egc,6.4657,6.720277458859139
*CCCCCCCCC(Cl)C(*)Cl,egc,6.9929,6.954035948699709
*CCCCCCCCCC#CC#CCCCCCCCCCOC(=O)CCCCCCCCC(=O)O*,egc,5.4028,5.926726023267092
*CCCCCCCCCC(=O)N*,egc,6.1321,6.071052403197004
*CCCCCCCCCCC(=O)N(*)C,egc,5.7405,5.72485216034424
*CCCCCCCCCCC(=O)NCC(=O)N*,egc,6.0226,6.069544735648444
*CCCCCCCCCCC(=O)NCCCCCOCCCCCNC(=O)CCCCO*,egc,5.6858,5.698996877715435
*CCCCCCCCCCC(=O)NCCCCCOCCCCCNC(=O)CCCO*,egc,5.4741,5.831672292496639
*CCCCCCCCCCC(=O)NCc1ccc(CNC(=O)CCCCO*)cc1,egc,5.2644,5.250446471024796
*CCCCCCCCCCC(=O)O*,egc,6.8465,6.682106995431993
*CCCCCCCCCCC(Cl)C(*)Cl,egc,7.2165,6.953837291355517
*CCCCCCCCCCCC(=O)N(*)C,egc,5.8019,5.702873313888473
*CCCCCCCCCCCC(=O)N*,egc,6.0986,6.094320383390257
*CCCCCCCCCCCC(=O)NCC(=O)N*,egc,6.1662,5.978249646284485
*CCCCCCCCCCCC(=O)O*,egc,6.7916,6.769090383487012
*CCCCCCCCCCCCC(=O)N*,egc,6.0892,6.0774032070002315
*CCCCCCCCCCCCC(=O)O*,egc,6.7386,6.772671232641824
*CCCCCCCCCCCCCC(=O)O*,egc,6.7839,6.756552045196925
*CCCCCCCCCCCCCCC(*)Cl,egc,7.2258,6.93168680663676
*CCCCCCCCCCCCCCCC(=O)O*,egc,6.7798,6.75153652248138
*CCCCCCCCCCCCCCCCC(=O)N*,egc,6.0239,6.073592027457874
*CCCCCCCCCCCCCCCCCCCCCC(=O)N*,egc,5.9891,6.041253817482886
*CCCCCCCCCCCCCCCCCCCCCCOC(=O)CCC(=O)O*,egc,6.6006,6.699540762093524
*CCCCCCCCCCCCCCCCCCCCOC(=O)C(=O)O*,egc,5.2426,5.644277826735461
*CCCCCCCCCCCCCCCCCCCCOC(=O)CC(=O)O*,egc,6.2688,6.775437195793204
*CCCCCCCCCCCCCCCCCCCCOC(=O)CCC(=O)O*,egc,6.7992,6.592545027770603
*CCCCCCCCCCCCCCCCCCCCOC(=O)CCC(C)CC(=O)O*,egc,6.748,6.701504811027999
*CCCCCCCCCCCCCCCCCCCCOC(=O)CCCCC(=O)O*,egc,6.8416,6.7383339699543825
*CCCCCCCCCCCCCCCCCCCCOC(=O)CCCCCC(=O)O*,egc,6.7391,6.692147368348577
*CCCCCCCCCCCCCCCCCCCCOC(=O)CCCCCCC(=O)O*,egc,6.7452,6.599009721895645
*CCCCCCCCCCCCCCCCCCCCOC(=O)CCCCCCCC(=O)O*,egc,6.5108,6.761380394985077
*CCCCCCCCCCCCCCCCCCCCOC(=O)CCCCCCCCC(=O)O*,egc,6.784,6.542425851841845
*CCCCCCCCCCCCCCCCCCCCOC(=O)CCCCSCCCCC(=O)O*,egc,5.0235,5.3524667905253045
*CCCCCCCCCCCCCCCCCCCCOC(=O)COCC(=O)O*,egc,6.3895,6.101682885328688
*CCCCCCCCCCCCCCCCCCCCOC(=O)c1ccccc1C(=O)O*,egc,5.216,5.062810241061607
*CCCCCCCCCCCCCCCCCCNC(=O)CCCCCCCCCCC(=O)N*,egc,5.6172,5.912200439120683
*CCCCCCCCCCCCCCCCCCNC(=O)NCCCCCCCCCCNC(=O)N*,egc,5.6443,5.526635517768127
*CCCCCCCCCCCCCCCCCCOCO*,egc,6.7236,6.542567130600743
*CCCCCCCCCCCCCCCCOC(=O)CC=CCC(=O)O*,egc,5.8517,6.011747700170706
*CCCCCCCCCCCCCCCCOC(=O)CCCCC(=O)O*,egc,6.7152,6.748870756396195
*CCCCCCCCCCCCCCCCOC(=O)CCCCCCC(=O)O*,egc,6.8244,6.672833548160971
*CCCCCCCCCCCCCCCCOC(=O)NCc1ccc(CNC(=O)O*)cc1,egc,5.353,5.517789259845671
*CCCCCCCCCCCCCCCc1nnc(*)o1,egc,6.3716,6.3877845074538255
*CCCCCCCCCCCCCCNC(=O)CCCCCCCCCCC(=O)N*,egc,5.9384,5.85537322269768
*CCCCCCCCCCCCCCOC(=O)CC=CCC(=O)O*,egc,6.1489,6.009359743768303
*CCCCCCCCCCCCCCOC(=O)CCC=CCCC(=O)O*,egc,6.0458,6.001433627848975
*CCCCCCCCCCCCCCOC(=O)CCCCCCC(=O)O*,egc,6.7022,6.770692620657559
*CCCCCCCCCCCCCCOCO*,egc,6.6169,6.67931981964696
*CCCCCCCCCCCCCOC(=O)c1ccc(C(=O)NCCCCCCNC(=O)c2ccc(C(=O)O*)cc2)cc1,egc,4.6196,4.2903398439184155
*CCCCCCCCCCCCNC(=O)C(=O)N*,egc,5.7269,5.488980730222177
*CCCCCCCCCCCCNC(=O)CCCCCCCCC(=O)N*,egc,5.9688,5.91093423130274
*CCCCCCCCCCCCNC(=O)CCCCCCCCCCCCC(=O)N*,egc,6.028,5.886346530649627
*CCCCCCCCCCCCNC(=O)CCCCCCCCCCCCCCCCCCCCC(=O)N*,egc,5.927,5.735023143954787
*CCCCCCCCCCCCNC(=O)CCP(C)(=O)CCC(=O)N*,egc,5.7027,5.8573952095284785
*CCCCCCCCCCCCNC(=O)NCCCCCCCCCCNC(=O)N*,egc,5.6621,5.6530080594319365
*CCCCCCCCCCCCNC(=O)c1cccc(C(=O)N*)c1,egc,4.8693,4.962826887303804
*CCCCCCCCCCCCO*,egc,6.2452,6.146278440205419
*CCCCCCCCCCCCOC(=O)CCCCC(=O)O*,egc,6.8209,6.76106238141335
*CCCCCCCCCCCCOC(=O)CCCCCCCCCCC(=O)O*,egc,6.669,6.724553213713129
*CCCCCCCCCCCCOC(=O)CCCCCCCCCCCCC(=O)O*,egc,6.4766,6.757649791578791
*CCCCCCCCCCCCOC(=O)c1cccc(C(=O)O*)c1,egc,5.1678,4.918953710485236
*CCCCCCCCCCCCc1nc2cc3sc(*)nc3cc2s1,egc,4.2887,4.106367646552458
*CCCCCCCCCCCCc1nc2ccc(-c3ccc4nc(*)oc4c3)cc2o1,egc,4.1955,4.240351296736838
*CCCCCCCCCCCNC(=O)CCCCC(=O)N*,egc,6.1376,5.864508902191975
*CCCCCCCCCCCNC(=O)CCCCCCCCC(=O)N*,egc,5.9682,5.923544744893477
*CCCCCCCCCCCNC(=O)CCCCCCCCCCC(=O)N*,egc,6.009,5.875984383753832
*CCCCCCCCCCCOC(=O)c1ccc2cc(C(=O)O*)ccc2c1,egc,3.7387,3.975100927977077
*CCCCCCCCCCNC(=O)C(C)=C(C)C(=O)N*,egc,4.9889,5.354198365342786
*CCCCCCCCCCNC(=O)CCC(=O)N*,egc,5.9532,5.913889815348588
*CCCCCCCCCCNC(=O)CCCCCCCC(=O)N*,egc,5.9559,5.863946408559474
*CCCCCCCCCCNC(=O)CCCCCCCCC(=O)N*,egc,5.9125,5.946494578308818
*CCCCCCCCCCNC(=O)CCCCCCCCCCCCCCC(=O)N*,egc,5.8964,5.991156810180313
*CCCCCCCCCCNC(=O)CCP(C)(=O)CCC(=O)N*,egc,5.8056,5.854715688615172
*CCCCCCCCCCNC(=O)N*,egc,5.6429,5.894287601098207
*CCCCCCCCCCNC(=O)NCCCCCCNC(=O)N*,egc,5.6863,5.745744824248704
*CCCCCCCCCCNCCCCCCN*,egc,5.4327,5.185944202555088
*CCCCCCCCCCOC(=O)C(=O)O*,egc,5.4658,5.6587908266147515
*CCCCCCCCCCOC(=O)C(O)C(O)C(=O)O*,egc,6.2882,6.423175071904987
*CCCCCCCCCCOC(=O)C1CCC(C(=O)O*)CC1,egc,6.5731,6.689541030075407
*CCCCCCCCCCOC(=O)CC(=O)O*,egc,6.9598,6.660268756953645
*CCCCCCCCCCOC(=O)CC(C)(C)CC(=O)O*,egc,6.7584,6.652859219262962
*CCCCCCCCCCOC(=O)CC(C)C(=O)O*,egc,6.5777,6.635071770793053
*CCCCCCCCCCOC(=O)CC=CCC(=O)O*,egc,6.0213,6.031973880230686
*CCCCCCCCCCOC(=O)CCC(=O)O*,egc,6.7167,6.71574494191814
*CCCCCCCCCCOC(=O)CCC=CCCC(=O)O*,egc,6.0842,5.999095489119531
*CCCCCCCCCCOC(=O)CCCCCC(=O)O*,egc,6.771,6.758210967862634
*CCCCCCCCCCOC(=O)CCCCCCCC(=O)O*,egc,6.6816,6.711788373473765
*CCCCCCCCCCOC(=O)CCCCCCCCC(=O)O*,egc,6.7107,6.775083865252644
*CCCCCCCCCCOC(=O)CCCCCCCCCCC(=O)O*,egc,6.8187,6.666731188529474
*CCCCCCCCCCOC(=O)NCCCCCCCCCCNC(=O)O*,egc,6.2681,6.239623492619957
*CCCCCCCCCCOC(=O)NNC(=O)CCCCCCCCC(=O)NNC(=O)O*,egc,5.6458,5.909806352576874
*CCCCCCCCCCOC(=O)O*,egc,7.22,7.227430897611204
*CCCCCCCCCCOC(=O)c1cccc(C(=O)O*)c1,egc,5.173,5.0296921999757025
*CCCCCCCCCCOCCCCCCCCCCOCCCCCCO*,egc,6.1357,5.95993218851421
*CCCCCCCCCCOCCCCCCCCCCOCCCCCO*,egc,5.9245,6.1353679089441
*CCCCCCCCCCOCO*,egc,6.4569,6.601755094362263
*CCCCCCCCCCOc1cccc(OC(=O)c2ccc(C(=O)Oc3cccc(O*)c3)cc2)c1,egc,3.4495,4.1901432955033755
*CCCCCCCCCC[n+]1ccc(-c2cc[n+](*)cc2)cc1,egc,2.5264,3.2889220835598354
*CCCCCCCCCCc1nnc(*)n1N,egc,5.6319,5.822197965738562
*CCCCCCCCCCc1nnc(*)o1,egc,6.3926,6.393255735468051
*CCCCCCCCCCn1c(=O)c2cc3c(=O)n(*)c(=O)c3cc2c1=O,egc,3.7892,3.7274293984599463
*CCCCCCCCCNC(=O)CCC=CCCC(=O)N*,egc,5.6551,5.5315338489292
*CCCCCCCCCNC(=O)CCCCC(=O)N*,egc,5.6864,5.8625098082971165
*CCCCCCCCCNC(=O)CCCCCCCC(=O)N*,egc,5.928,5.8491130921046555
*CCCCCCCCCNC(=O)CCCCCCCCCCCC(=O)N*,egc,5.7342,5.982266523739813
*CCCCCCCCCNC(=O)NCCCCCCCNC(=O)N*,egc,5.422,5.703719068156859
*CCCCCCCCCNC(=O)NCCCCCCNC(=O)N*,egc,5.7131,5.649741798976937
*CCCCCCCCCO*,egc,6.1351,6.12124016597994
*CCCCCCCCCOC(=O)c1ccc(NC(=O)CCCCCCCCC(=O)Nc2ccc(C(=O)O*)cc2)cc1,egc,4.1632,4.516499689966522
*CCCCCCCCCOC(=O)c1ccc2cc(C(=O)O*)ccc2c1,egc,3.7681,4.062530445036852
*CCCCCCCCCOCO*,egc,6.4692,6.600321679663479
*CCCCCCCCCOc1ccc(C=CC=Cc2ccc(O*)cc2)cc1,egc,3.5795,4.111892918705052
*CCCCCCCCCc1nc2ccc(-c3ccc4nc(*)oc4c3)cc2o1,egc,4.1522,4.269298314893608
*CCCCCCCCCn1c(=O)c2cc3c(=O)n(*)c(=O)c3c(Br)c2c1=O,egc,3.5814,3.645961088055336
*CCCCCCCCCn1c(=O)c2cc3c(=O)n(*)c(=O)c3cc2c1=O,egc,3.7854,3.730070150956142
*CCCCCCCCN1C(=O)CC(C2C=C(C)C3C(=O)N(*)C(=O)C3C2)C1=O,egc,5.4303,5.024857924401473
*CCCCCCCCN1C(=O)c2ccc3c4ccc5c6c(ccc(c7ccc(c2c37)C1=O)c64)C(=O)N(*)C5=O,egc,2.0224,2.750451390358802
*CCCCCCCCNC(=O)C(CCCCCCCCCCCC)C(=O)N*,egc,5.9457,5.853811354371413
*CCCCCCCCNC(=O)CC(=O)N*,egc,6.004,5.960839340485021
*CCCCCCCCNC(=O)CCC=CCCC(=O)N*,egc,5.2366,5.74313190065321
*CCCCCCCCNC(=O)CCCCCCCCCCC(=O)N*,egc,5.8323,5.9246291166871705
*CCCCCCCCNC(=O)CCCCCCCCCCCCC(=O)N*,egc,5.9612,5.920614985602123
*CCCCCCCCNC(=O)NCCCCCCNC(=O)N*,egc,5.7995,5.586626717658542
*CCCCCCCCO*,egc,6.1709,6.171291935152999
*CCCCCCCCOC(=O)CCCCCCC(=O)O*,egc,6.7527,6.777323230512951
*CCCCCCCCOC(=O)O*,egc,7.3252,7.197563686393664
*CCCCCCCCc1nc(-c2ccc(-c3csc(*)n3)cc2)cs1,egc,3.6182,3.830377468203192
*CCCCCCCCc1nc2cc(-c3ccc4oc(*)nc4c3)ccc2o1,egc,4.6999,4.135253386230656
*CCCCCCCCc1nnc(*)o1,egc,6.3765,6.318926579021344
*CCCCCCCNC(=O)C(OC)C(OC)C(=O)N*,egc,5.7148,5.817188370894923
*CCCCCCCNC(=O)C=CCCC=CC(=O)N*,egc,5.3907,4.980285960432673
*CCCCCCCNC(=O)CCCCCCCC(=O)N*,egc,5.8296,5.919508668685614
*CCCCCCCNC(=O)CCCCCCCCCC(=O)N*,egc,5.7365,5.939790444085384
*CCCCCCCNC(=O)CCCCCCCCCCCCCCCCCCC(=O)N*,egc,5.9137,5.851115444065138
*CCCCCCCNC(=O)c1cccc(C(=O)N*)c1,egc,4.8667,4.994354154264533
*CCCCCCCOC(=O)C(=O)O*,egc,5.2465,5.622197050604489
*CCCCCCCOC(=O)NCCCCCCNC(=O)O*,egc,6.2664,6.324581263359962
*CCCCCCCOc1ccc(C=CC=Cc2ccc(O*)c(C)c2)cc1C,egc,3.4306,3.660103683271661
*CCCCCCCc1nc2ccc(-c3ccc4nc(*)[nH]c4c3)cc2[nH]1,egc,4.2077,4.007860307370152
*CCCCCCCc1nc2ccc(-c3ccc4nc(*)oc4c3)cc2o1,egc,4.0726,4.171325232160814
*CCCCCCCc1nnc(*)n1N,egc,5.5167,5.747883562243447
*CCCCCCCc1nnc(*)o1,egc,6.3125,6.251709093175025
*CCCCCCCc1nnc(-c2ccc(-c3nnc(*)o3)cc2)o1,egc,3.843,4.027815768514195
*CCCCCCCc1nnc(CCCCc2nnc(*)o2)o1,egc,6.3226,5.169739475810152
*CCCCCCN(C)C(=O)CCC(=O)N(*)C,egc,5.3815,5.584038804428664
*CCCCCCN(C)C(=O)CCCCCCCCCCC(=O)N(*)C,egc,5.5795,5.431302517047802
*CCCCCCN(CC)C(=O)CCCCCCCCCCCCCCCCC(=O)N(*)CC,egc,5.5078,5.178096926277432
*CCCCCCNC(=O)C(CC)CC(CC)C(=O)N*,egc,5.6687,5.808261369989439
*CCCCCCNC(=O)C(CCCCCCCCCCCCCCC)C(=O)N*,egc,5.9375,5.785751697170841
*CCCCCCNC(=O)C(O)C(O)C(O)C(O)C(=O)N*,egc,5.9698,5.817281797116018
*CCCCCCNC(=O)C1CC1(C)C(=O)N*,egc,6.1739,5.715966869279633
*CCCCCCNC(=O)CC(=O)N*,egc,5.7541,5.9401512236751834
*CCCCCCNC(=O)CCCC(=O)O*,egc,5.9363,6.390662603114827
*CCCCCCNC(=O)CCCCCC(=O)N*,egc,5.936,5.937050715592207
*CCCCCCNC(=O)CCCCCCC(=O)N*,egc,5.7328,5.874298997323854
*CCCCCCNC(=O)CCCCCCCC(=O)N*,egc,5.6457,5.920385809310456
*CCCCCCNC(=O)CCCCCCCCC(=O)N*,egc,6.0268,5.845161910536295
*CCCCCCNC(=O)CCCCCCCCCCCCCCC(=O)N*,egc,5.9557,5.947969890804984
*CCCCCCNC(=O)CCCCCCCCCCCCCCCCC(=O)N*,egc,5.8888,5.9189088029269135
*CCCCCCNC(=O)CCP(=O)(CCC(=O)N*)c1ccccc1,egc,4.8862,4.876337923397863
*CCCCCCNC(=O)CCP(C)(=O)CCC(=O)N*,egc,5.99,5.756031984938804
*CCCCCCNC(=O)N*,egc,5.7413,5.824387839425839
*CCCCCCNC(=O)NCCCCCNC(=O)N*,egc,5.9068,5.5016721787360945
*CCCCCCNC(=O)NCCCCNC(=O)N*,egc,5.3951,5.728914185036497
*CCCCCCNC(=O)NCCCNC(=O)N*,egc,5.6415,5.607448318845814
*CCCCCCNC(=O)c1c(F)c(F)c(C(=O)N*)c(F)c1F,egc,4.7431,5.0797276027308325
*CCCCCCNC(=O)c1cccc(C(=O)N*)c1,egc,5.0813,4.975369302489722
*CCCCCCO*,egc,6.1189,6.143335063372326
*CCCCCCOC(=O)C1CCC(C(=O)O*)CC1,egc,6.5806,6.69242541938224
*CCCCCCOC(=O)CC(=O)O*,egc,7.0433,6.75295238303658
*CCCCCCOC(=O)CCC(=O)O*,egc,6.7086,6.674875062327799
*CCCCCCOC(=O)CCCC(=O)O*,egc,6.6665,6.755301611188616
*CCCCCCOC(=O)CCCCCCCC(=O)O*,egc,6.8043,6.687696975152411
*CCCCCCOC(=O)CCCCCNC(=O)CCCCC(=O)NCCCCCC(=O)O*,egc,5.8108,5.908679898131491
*CCCCCCOC(=O)CCCCCNC(=O)O*,egc,6.4222,6.40314985660645
*CCCCCCOC(=O)CCCCS(=O)(=O)CCCCC(=O)O*,egc,6.5053,6.643628886850542
*CCCCCCOC(=O)CCCCSCCCCC(=O)O*,egc,5.2687,5.314815820111768
*CCCCCCOC(=O)NCC(F)(F)C(F)(F)C(F)(F)C(F)(F)CNC(=O)O*,egc,6.7703,6.544522647930195
*CCCCCCOC(=O)NCCCCCCCCCCNC(=O)O*,egc,6.321,6.288287848705738
*CCCCCCOC(=O)NCCCCCCNC(=O)O*,egc,6.343,6.366888150748871
*CCCCCCOC(=O)NCCCCNC(=O)O*,egc,6.3921,6.256513800926945
*CCCCCCOC(=O)NCCCNC(=O)O*,egc,6.0865,6.29131571108112
*CCCCCCOC(=O)NCCSCCCCCSCCNC(=O)O*,egc,5.2279,5.333689465752223
*CCCCCCOC(=O)NCCSCCCCSCCNC(=O)O*,egc,5.4298,5.3395468238589725
*CCCCCCOC(=O)NCCSCCSCCNC(=O)O*,egc,5.3918,5.4326461942226505
*CCCCCCOC(=O)Nc1ccc(C)c(NC(=O)O*)c1,egc,5.2905,4.859870790648967
*CCCCCCOC(=O)O*,egc,7.3901,7.217598869896395
*CCCCCCOC(=O)OCCCCCCCCOC(=O)OCCCCCCOc1ccc(Oc2ccc(O*)cc2)cc1,egc,4.4708,4.4243089323997955
*CCCCCCOC(=O)OCCCCCCCCOC(=O)OCCCCCCn1c(=O)c2cc3c(=O)n(*)c(=O)c3cc2c1=O,egc,3.7768,3.494478325776306
*CCCCCCOC(=O)OCCCCCCOC(=O)OCCCCCCOc1ccc(C(=O)c2ccc(O*)cc2)cc1,egc,4.1722,4.313195288934968
*CCCCCCOC(=O)OCCCCCCOC(=O)OCCCCCCOc1ccc(Oc2ccc(O*)cc2)cc1,egc,4.3261,4.565587780533848
*CCCCCCOC(=O)SC(=O)O*,egc,5.9655,5.091118741009966
*CCCCCCOC(=O)SNc1ccc(Cc2ccc(NSC(=O)O*)cc2)cc1,egc,4.1148,4.254585502892511
*CCCCCCOCO*,egc,6.7419,6.583477586459759
*CCCCCCOc1ccc(C(=O)N(C(=O)c2ccc(O*)cc2)c2ccccc2)cc1,egc,3.9898,3.933308012776105
*CCCCCC[N+](*)(C)C,egc,0.0205,3.0854274427611417
*CCCCCC[N+](C)(C)CCC[N+](*)(C)C,egc,0.2161,1.441917458424228
*CCCCCCn1c(=O)c2cc3c(=O)n(*)c(=O)c3cc2c1=O,egc,3.8389,3.6705968237589843
*CCCCCCn1ccc(-c2ccc(-c3ccn(*)n3)cc2)n1,egc,4.0274,3.6602234414462766
*CCCCCN1C(=O)c2ccc3c4ccc5c6c(ccc(c7ccc(c2c37)C1=O)c64)C(=O)N(*)C5=O,egc,1.9902,2.7017176044442417
*CCCCCNC(=O)C(CCCCCCCCCCCC)C(=O)N*,egc,5.7457,5.780018244509502
*CCCCCNC(=O)CC(=O)N*,egc,5.7523,5.8038686790501215
*CCCCCNC(=O)CCCCCC(=O)N*,egc,5.9272,5.915554511648139
*CCCCCNC(=O)CCCCCCC(=O)N*,egc,5.9286,5.926670837662029
*CCCCCNC(=O)CCCCCCCCC(=O)N*,egc,5.6828,5.926582638262834
*CCCCCNC(=O)CCCCCCCCCCCCCCCCC(=O)N*,egc,5.855,5.889988194321088
*CCCCCNC(=O)CCCCCCCCCCCCCCCCCCC(=O)N*,egc,5.895,5.927535268688893
*CCCCCNC(=O)CCCCCCCCOCCCCCCCCC(=O)NCCCCCO*,egc,5.9278,5.694637205299834
*CCCCCNC(=O)N*,egc,5.6754,5.764863482128987
*CCCCCNC(=O)O*,egc,6.3761,6.086354251828415
*CCCCCNC(=S)N*,egc,4.4944,4.4373161901599625
*CCCCCOC(=O)C(=O)O*,egc,5.5658,5.6272204940923976
*CCCCCOC(=O)CCCCCNC(=O)O*,egc,6.3976,6.342687420657762
*CCCCCOC(=O)CCCCS(=O)(=O)CCCCC(=O)O*,egc,6.9262,6.314989155982747
*CCCCCOC(=O)CCCCSCCCCC(=O)O*,egc,5.2896,5.3620743026903614
*CCCCCOC(=O)NC(=O)C1CC1C(=O)NC(=O)O*,egc,6.0047,5.756001949649004
*CCCCCOC(=O)NC1CC1NC(=O)O*,egc,6.2104,6.428203020226057
*CCCCCOC(=O)NCC(F)(F)C(F)(F)C(F)(F)C(F)(F)CNC(=O)O*,egc,6.5795,6.747650484674749
*CCCCCOC(=O)NCCCCCCNC(=O)O*,egc,6.4123,6.305740463922792
*CCCCCOC(=O)NCCSCCCCCCSCCNC(=O)O*,egc,5.1243,5.366983491445409
*CCCCCOC(=O)NCCSCCCCCSCCNC(=O)O*,egc,5.3077,5.1119330020836085
*CCCCCOC(=O)NCCSCCCCSCCNC(=O)O*,egc,5.2673,5.330812211101925
*CCCCCOC(=O)NCCSCCSCCNC(=O)O*,egc,5.3739,5.415984084732074
*CCCCCOC(=O)NNC(=O)CCCCCCCCC(=O)NNC(=O)O*,egc,5.6607,5.761199449179409
*CCCCCOC(=O)O*,egc,7.3186,7.182680739405306
*CCCCCOCO*,egc,6.5668,6.515824527954327
*CCCCCc1nc2cc3sc(*)nc3cc2s1,egc,4.2723,4.0691243156827435
*CCCCCc1nnc(*)o1,egc,6.1707,6.240642286008019
*CCCCNC(=O)C(=O)N*,egc,5.1306,5.565399516678431
*CCCCNC(=O)CC(=O)N*,egc,5.9986,5.755037079759366
*CCCCNC(=O)CCC=CCCC(=O)N*,egc,5.5356,5.5922609008438915
*CCCCNC(=O)CCCCCCC(=O)N*,egc,6.0697,5.945737814578213
*CCCCNC(=O)CCCCCCC(=O)NCCCCNC(=O)C(=O)N*,egc,4.7855,5.367534865933868
*CCCCNC(=O)CCCCCCCCCC(=O)N*,egc,5.9628,5.803421296935801
*CCCCNC(=O)CCCCCCCCCCCCCCC(=O)N*,egc,6.0415,5.952555773629937
*CCCCNC(=O)CCCCCCCCCCCCCCCCC(=O)N*,egc,6.0758,5.918880381347922
*CCCCNC(=O)NCCCCCCNC(=O)O*,egc,5.9887,5.763038168396886
*CCCCNC(=O)c1cccc(C(=O)N*)c1,egc,5.1173,5.012458346261243
*CCCCOC(=O)C1C(=O)C2CCC1C(=O)C2C(=O)O*,egc,5.3882,6.177884038468933
*CCCCOC(=O)CC(=O)O*,egc,6.6946,6.751258007723446
*CCCCOC(=O)CCCCC(=O)O*,egc,6.8238,6.771814252596693
*CCCCOC(=O)CCCCCCCCC(=O)O*,egc,6.818,6.790100657985366
*CCCCOC(=O)CCCCS(=O)(=O)CCCCC(=O)O*,egc,6.544,6.2874227901614885
*CCCCOC(=O)CCCCSCCCCC(=O)O*,egc,5.4021,5.4397141130896705
*CCCCOC(=O)Cc1ccc(CC(=O)O*)cc1,egc,5.4635,5.307782319548361
*CCCCOC(=O)NC1CCC(CC2CCC(NC(=O)O*)CC2)CC1,egc,6.1232,6.228392861919875
*CCCCOC(=O)NCCCCNC(=O)O*,egc,6.3043,6.207438462552124
*CCCCOC(=O)NCCNC(=O)O*,egc,6.2788,6.277447276229862
*CCCCOC(=O)NCCSCCSCCNC(=O)O*,egc,5.7445,5.424153036752189
*CCCCOC(=O)NCc1ccc(CNC(=O)O*)cc1,egc,5.6759,5.315660825827722
*CCCCOC(=O)NNC(=O)CCCCCCCCC(=O)NNC(=O)O*,egc,6.1019,5.838613072009433
*CCCCOC(=O)Nc1ccc(C)c(NC(=O)O*)c1,egc,4.832,5.0952207931719755
*CCCCOC(=O)OCC1CCC(COC(=O)O*)CC1,egc,7.0222,6.903225321130917
*CCCCOC(=O)SC(=O)O*,egc,5.9582,4.857928795513129
*CCCCOC(=O)SNCCCCCCNSC(=O)O*,egc,5.4377,4.9751044125370205
*CCCCOC(=O)SSC(=O)O*,egc,4.2442,5.201782479619683
*CCCCOC(=O)SSSC(=O)O*,egc,3.9747,4.606437229407668
*CCCCOC(=O)SSSSC(=O)O*,egc,4.6274,4.262713646707168
*CCCCOC(=O)c1cccc(C(=O)O*)c1,egc,5.1711,4.903148979747612
*CCCCOc1ccc(C(=O)OC(=O)c2ccc(O*)cc2)cc1,egc,4.2843,4.324984516498121
*CCCCOc1ccc(C=C2CCC(=Cc3ccc(O*)cc3)C2=O)cc1,egc,2.9446,3.349643167258172
*CCCCOc1ccc(OC(=O)c2ccc(C(=O)Oc3ccc(O*)cc3)c(C(=O)OCC=C)c2)cc1,egc,3.1899,3.8432101287439773
*CCCCc1nc(-c2ccc(-c3csc(*)n3)cc2)cs1,egc,3.7312,3.8267135492944537
*CCCCc1nnc(*)n1N,egc,5.3914,5.676899240671552
*CCCCc1nnc(*)o1,egc,6.3699,6.161490103886875
*CCCN(*)C,egc,4.8968,4.55031202787123
*CCCN(*)C(C)=O,egc,5.7364,5.457166944401162
*CCCN*,egc,5.2088,5.144663099992779
*CCCNC(=O)CCC=CCCC(=O)N*,egc,5.7523,5.431598427553621
*CCCNC(=O)CCCCC(=O)NCCCO*,egc,5.8321,5.786015029782215
*CCCNC(=O)CCCCCCCCC(=O)NCCCOCCO*,egc,5.9244,5.813867449426677
*CCCNC(=O)CCCCCCCCCCCCCCCCCCC(=O)N*,egc,5.894,5.956471827060204
*CCCNC(=O)NCCCCCCNC(=O)O*,egc,5.4226,5.875373888852234
*CCCNC(=O)c1cccc(C(=O)N*)c1,egc,4.8185,4.981949202702751
*CCCO*,egc,6.2459,6.121207224513191
*CCCOC(=O)C(=O)O*,egc,5.7163,5.82303796756494
*CCCOC(=O)C1CCC(C(=O)O*)CC1,egc,6.703,6.5574755488682985
*CCCOC(=O)CC(=O)O*,egc,6.6256,6.680773828942811
*CCCOC(=O)CCC(=O)O*,egc,6.805,6.652133851485794
*CCCOC(=O)CCC(C)CC(=O)O*,egc,6.7963,6.70213331990624
*CCCOC(=O)CCCC(=O)O*,egc,6.7627,6.726858568845521
*CCCOC(=O)CCCCCCC(=O)O*,egc,6.9244,6.776772306204276
*CCCOC(=O)CCCCCCCCC(=O)O*,egc,6.8385,6.7786537471900905
*CCCOC(=O)CCCCCCCCCC(=O)O*,egc,6.7744,6.787332355483919
*CCCOC(=O)CCCCCCCCCCCCCCCCC(=O)O*,egc,6.9154,6.696092081379037
*CCCOC(=O)CCCCSCCCCC(=O)O*,egc,5.3966,5.358836037706855
*CCCOC(=O)COCC(=O)O*,egc,6.0368,6.263521178296806
*CCCOC(=O)Cc1ccc(CC(=O)O*)cc1,egc,5.2766,5.408981685082912
*CCCOC(=O)N1CCC(*)CC1,egc,5.7499,5.817858945535755
*CCCOC(=O)NCCCCCCNC(=O)O*,egc,6.2372,6.239656404622769
*CCCOCCOCCOC(=O)Nc1ccc(C)c(NC(=O)O*)c1,egc,5.0994,4.777926877069842
*CCCOc1ccc(C(=O)OC(=O)c2ccc(O*)cc2)cc1,egc,4.317,4.406480374704137
*CCCP(C)(=O)CCCNC(=O)CCCCCCCCC(=O)N*,egc,5.7831,5.464487147122044
*CCCP(CCCCCCCC)CCCNC(=O)CCCCC(=O)N*,egc,4.7376,5.639006124582005
*CCCP(CCCNC(=O)C(=O)N*)c1ccccc1,egc,4.5841,4.653177118181183
*CCCP(CCCNC(=O)CCCCC(=O)N*)CC(C)C,egc,5.1348,5.517782265794444
*CCCP(CCCNC(=O)CCCCCCCCC(=O)N*)c1ccccc1,egc,4.6632,4.677164027482165
*CCCS(=O)(=O)CCCCS(=O)(=O)CCCOC(=O)O*,egc,6.4999,6.246343140757954
*CCC[Si](C)(C)O[Si](C)(C)CCCn1c(=O)c2cc3c(=O)n(*)c(=O)c3cc2c1=O,egc,3.5354,3.4255379635435337
*CCCc1ccc(*)cc1,egc,4.9932,4.938841451139154
*CCCc1ccc(*)s1,egc,4.7481,4.328406951471496
*CCCc1nc2cc3sc(*)nc3cc2s1,egc,4.1967,3.995479929061871
*CCN(*)C(=O)CO,egc,5.9405,5.750198546808729
*CCN(*)C(=O)c1c(F)cc(F)c(F)c1F,egc,4.9884,4.50993129954097
*CCN(*)C(=O)c1c(F)cccc1F,egc,4.4989,4.564440246201014
*CCN(*)C(=O)c1cc(F)ccc1F,egc,4.4693,4.594996142226071
*CCN(*)C(=O)c1ccc(F)c(F)c1,egc,5.106,4.603612854808193
*CCN(*)C(=O)c1ccc(F)cc1,egc,5.1588,4.6908058241081
*CCN(*)C(=O)c1ccc(OC)cc1,egc,5.0115,4.741884735934665
*CCN(*)Cc1ccccc1,egc,3.8139,5.062415201424537
*CCN(CCCC(=O)Nc1ccc(N=Nc2ccccc2)cc1)CCOC(=O)NCC1CCCC(CNC(=O)O*)C1,egc,3.1195,4.4032964678176665
*CCN(CCOC(=O)C=Cc1ccc(C=CC(=O)O*)cc1)c1ccc(N=Nc2ccc([N+](=O)[O-])cc2)cc1,egc,2.3089,2.702391863515167
*CCN(CCOC(=O)Nc1ccc(C)c(NC(=O)O*)c1)c1ccc(-c2c(NCCCO)c(=O)c2=O)cc1,egc,3.2653,3.010397904463956
*CCN(CCOC(=O)Nc1ccc(Cc2ccc(NC(=O)O*)cc2)cc1)c1ccccc1,egc,4.1239,4.014031207761985
*CCN(CCOC(=O)c1cccc(C(=O)O*)c1)c1ccccc1,egc,3.0504,4.218661850666097
*CCN1C(=O)C(=CC=C2SC(=S)N(*)C2=O)SC1=S,egc,2.2801,3.46861830822608
*CCN1C(=O)C(=CCCCC=C2SC(=S)N(*)C2=O)SC1=S,egc,3.4576,2.943433407647465
*CCNC(=O)C(OC)C(OC)C(=O)N*,egc,5.4257,5.867016430475437
*CCNC(=O)CCCCC(=O)N*,egc,5.8254,5.7459772824271615
*CCNC(=O)CCCCCCCCC(=O)N*,egc,5.9828,5.810864750520255
*CCNC(=O)CCCCCCCCCCC(=O)N*,egc,5.5657,5.976656739762553
*CCNC(=O)CCCCCCCCCCCCCCC(=O)N*,egc,5.9522,5.835889438223666
*CCNC(=O)CCP(C)(=O)CCC(=O)N*,egc,6.0568,5.787268446730736
*CCNC(=O)NCCCCCCNC(=O)O*,egc,5.6117,5.907813079018914
*CCNC(=O)c1ccc(O*)cc1,egc,5.0314,4.662134741708867
*CCNC(=O)c1cccc(O*)c1,egc,4.5918,4.720330824665103
*CCN[Si](C)(C)N*,egc,4.8016,5.373452776708701
*CCNc1ccc(*)cc1,egc,4.1674,4.301151510278314
*CCNc1ccc(*)s1,egc,3.9675,4.457837074726441
*CCO*,egc,5.5372,6.113859425988427
*CCOC(=O)C(=O)O*,egc,6.5784,5.5042285512431715
*CCOC(=O)C1C2C=CC(C2)C1C(=O)O*,egc,5.7779,5.096991380810819
*CCOC(=O)C=CC(=O)O*,egc,4.8762,4.932774992907728
*CCOC(=O)CC(=O)O*,egc,6.8494,6.629481024445986
*CCOC(=O)CCC(=O)O*,egc,6.5377,6.660893631889014
*CCOC(=O)CCCCCC(=O)O*,egc,6.8822,6.758671198956873
*CCOC(=O)CCCCCCC(=O)O*,egc,6.9025,6.604807342476825
*CCOC(=O)CCCCCCCCC(=O)O*,egc,6.8048,6.820092597614968
*CCOC(=O)COCC(=O)O*,egc,6.1826,6.137816012001357
*CCOC(=O)CSC(=O)Nc1ccc(Cc2ccc(NC(=O)SCC(=O)O*)cc2)cc1,egc,4.3268,4.108776141038929
*CCOC(=O)Cc1ccc(CC(=O)O*)cc1,egc,5.1252,5.306455450440075
*CCOC(=O)N(C)c1ccc(C)c(N(C)C(=O)O*)c1,egc,5.1683,4.781157042614753
*CCOC(=O)NC1CCC(NC(=O)O*)CC1,egc,6.3209,6.1167931277796255
*CCOC(=O)NCCCCCCCCCNC(=O)O*,egc,6.3118,6.346579693678907
*CCOC(=O)NCCOCCOCCNC(=O)O*,egc,6.1403,6.178385798542464
*CCOC(=O)NCCSCCCCSCCNC(=O)O*,egc,5.1396,5.449554840321298
*CCOC(=O)NNC(=O)CCCCCCCCC(=O)NNC(=O)O*,egc,5.8878,5.847085374895058
*CCOC(=O)Nc1cc(NC(=O)O*)ccc1C,egc,5.1142,5.018991252132288
*CCOC(=O)Nc1ccc(-c2ccc(NC(=O)O*)c(C)c2)cc1C,egc,4.3385,4.229654506705362
*CCOC(=O)Nc1ccc(NC(=O)O*)cc1,egc,4.8391,4.894456325127597
*CCOC(=O)Nc1cccc(NC(=O)O*)c1,egc,5.098,4.8619632337322045
*CCOC(=O)Nc1cccc2c(NC(=O)O*)cccc12,egc,3.9352,4.337517850152458
*CCOC(=O)c1ccc(C(=O)O*)c2c1CC2,egc,4.3335,4.521151176377955
*CCOC(=O)c1ccc(C(=O)O*)cc1,egc,4.6867,4.75038990952199
*CCOC(=O)c1ccc(C2(C)CC(C)(C)c3ccc(C(=O)O*)cc32)cc1,egc,4.3486,4.21684756742047
*CCOC(=O)c1ccc(NC(=O)CCCCCCCC(=O)Nc2ccc(C(=O)O*)cc2)cc1,egc,4.188,4.496919154032648
*CCOC(=O)c1ccc(O*)c(C)c1,egc,4.4876,4.8093354393828625
*CCOC(=O)c1ccc(O*)cc1Cl,egc,4.6773,4.260852379273936
*CCOC(=O)c1ccc2ccc(C(=O)O*)cc2c1,egc,3.9507,4.177171995469489
*CCOC(=S)NC(=S)c1ccc(N*)cc1,egc,2.7606,3.2789709855279123
*CCOCCOC(=O)C(C)C(=O)O*,egc,6.4398,6.253382308155096
*CCOCCOC(=O)C(CCCCCCC)C(=O)O*,egc,6.4036,6.258532987697047
*CCOCCOC(=O)C=CC(=O)NCCCCCCNC(=O)C=CC(=O)O*,egc,3.8434,4.488784325033093
*CCOCCOC(=O)CCC(=O)O*,egc,6.5538,6.3297401010747985
*CCOCCOC(=O)CCC(C)CC(=O)O*,egc,6.43,6.430564596797831
*CCOCCOC(=O)CCCC(=O)O*,egc,6.4269,6.4616416927676275
*CCOCCOC(=O)CCCCCCCC(=O)O*,egc,6.5091,6.572177780955807
*CCOCCOC(=O)CCSCCC(=O)O*,egc,5.4283,5.349331660806372
*CCOCCOC(=O)COCC(=O)O*,egc,5.9381,6.124104980460672
*CCOCCOC(=O)NCCNC(=O)O*,egc,6.3071,6.068272739058518
*CCOCCOC(=O)c1ccc(NC=Nc2ccc(C(=O)O*)cc2)cc1,egc,4.1569,4.087983556726953
*CCOCCOC(=O)c1cccc(C(=O)O*)c1,egc,4.8122,4.824925319766067
*CCOCCOCC#CC#CCOCCOCCOC(=O)NCCCCCCNC(=O)O*,egc,4.9082,5.660417387531305
*CCOCCOCCOC(=O)C=CC(=O)NCCCCCCNC(=O)C=CC(=O)O*,egc,4.4951,4.142401583024648
*CCOCCOCCOC(=O)CC(=O)O*,egc,5.6203,6.416373179338872
*CCOCCOCCOC(=O)CCC(=O)O*,egc,6.2323,6.178546330812318
*CCOCCOCCOC(=O)CCCCC(=O)O*,egc,6.384,6.313866278860255
*CCOCCOCCOC(=O)CCCCCCCCC(=O)O*,egc,6.1436,6.6112082843665965
*CCOCCOCCOC(=O)COCC(=O)O*,egc,6.0666,5.9804618176231115
*CCOCCOCCOC(=O)CSC(=O)Nc1ccc(C)c(NC(=O)SCC(=O)O*)c1,egc,4.461,4.165793434908027
*CCOCCOCCOC(=O)NCCCCCCNC(=O)O*,egc,6.2098,6.100408107050006
*CCOCCOCCOC(=O)c1cccc(C(=O)O*)c1,egc,4.9478,4.792006199006909
*CCOCCOCCOC(=O)c1ccccc1C(=O)O*,egc,4.8493,4.803484738921256
*CCOCCOCCOCCOC(=O)CCSCCC(=O)O*,egc,5.3735,5.356074590115678
*CCOCCOCCOCCOC(=O)NCCCCCCNC(=O)O*,egc,6.0228,5.979730237665173
*CCOCCOCCOCCOCCOc1ccc(C(=O)Nc2cc(NC(=O)c3ccc(O*)cc3)cc(-c3nc4ccccc4[nH]3)c2)cc1,egc,3.9357,3.9063952924702
*CCOCCOCCOCCOCCOc1ccc(C=C(C)c2ccc(O*)cc2)cc1,egc,3.9391,3.948253527537617
*CCOCCOCCOc1ccc(C=C(C)c2ccc(O*)cc2)cc1,egc,3.8885,3.974307684879297
*CCOCCOc1ccc(NC=Nc2ccc(O*)cc2)cc1,egc,3.9725,3.9069362129757295
*CCOCO*,egc,6.6358,6.48252246330456
*CCON*,egc,5.6784,5.616311405748501
*CCOc1ccc(C(=O)OC(=O)c2ccc(C(=O)OC(=O)c3ccc(O*)c(OC)c3)cc2)cc1OC,egc,3.2659,4.04379426383678
*CCOc1ccc(C(=O)OC(=O)c2ccc(O*)cc2)cc1,egc,4.4185,4.442199022623673
*CCOc1ccc(C(=O)OCCCCCCOC(=O)c2ccc(O*)cc2)cc1,egc,4.6906,4.318586317135087
*CCSCCO*,egc,5.5968,5.451601471073118
*CCSSCCO*,egc,5.6114,5.046729930864198
*CCSSSSCCO*,egc,4.5753,5.4379942644472585
*CCc1c(C)c(C)c(*)c(C)c1C,egc,4.9544,4.890529661103964
*CCc1cc(Cl)c(*)c(Cl)c1,egc,5.1758,4.852589822889239
*CCc1ccc(*)c(C#N)c1,egc,4.7476,4.652711798211106
*CCc1ccc(*)c(Cl)c1Cl,egc,5.1237,4.8151203572707155
*CCc1ccc(*)o1,egc,4.9056,4.7114565844841385
*CCc1ccc(C(*)=S)cc1,egc,2.742,2.945142241479513
*CCc1ccc(Cc2ccc(CCS*)cc2)cc1,egc,4.9003,4.301781798489465
*CCc1ccc(O*)cc1,egc,4.9179,4.64840445603957
*CCc1ccc(O*)s1,egc,4.8828,4.452244881924507
*CCc1cnc(*)cn1,egc,4.5671,4.768153325266056
*CCc1nc(-c2ccc(-c3csc(*)n3)cc2)cs1,egc,3.7563,3.7506582030903197
*CCc1nnc(*)n1N,egc,5.722,5.1000264903336285
*CNC(=O)CCCC(=O)N*,egc,6.1798,5.749361295691397
*CNC(=O)CCCCCC(=O)N*,egc,5.7012,5.879383900232627
*CNC(=O)CCCCCCCCC(=O)N*,egc,6.1742,5.940040893656829
*CNC(=O)NCOCO*,egc,6.2147,5.962764428191935
*CNC(=O)OCc1ccc(COCc2ccc(COC(=O)NCc3ccc(C(C)(C)c4ccc(*)o4)o3)o2)o1,egc,4.4843,4.347819487970075
*CNC(=O)ONC(=O)NO*,egc,6.8117,5.423445194814293
*CNC(=S)N*,egc,4.2179,3.952981017193942
*CNC(=S)O*,egc,4.6235,4.386342401883327
*CNC(=S)c1ccc(*)cc1,egc,3.4579,3.2396121739173065
*CNCCNC(=O)OC*,egc,5.81,6.253484213867587
*CNCN*,egc,5.1634,5.5426450185590905
*CNCNC(=O)NC(=O)N*,egc,6.2347,5.29406244740037
*CNON*,egc,5.3302,5.819583359154231
*CNOc1ccc(*)cc1,egc,4.831,4.656438307586177
*CNOc1ccc(*)s1,egc,4.5017,4.573402589903816
*CNc1ccc(C(*)=O)cc1,egc,3.6383,4.081992461732373
*CNc1ccc(C(*)=O)s1,egc,3.1504,3.809262955701632
*CNc1ccc(N*)s1,egc,4.2825,3.68578735369845
*CNc1ccc(O*)cc1,egc,4.3424,4.3793231731208095
*CO*,egc,6.6048,6.472472459832941
*COC(=O)NCCCCCCNC(=O)OCc1cccc(*)n1,egc,5.1146,5.04602030891651
*COC(=S)O*,egc,4.8041,3.942859246377091
*COC1CC2CC(O*)C1C2,egc,5.9517,6.037820822903785
*COC1CCC(*)OC1,egc,5.6324,5.774038620359411
*COC1CCC(O*)CC1,egc,6.3134,6.193752431106643
*COCOc1ccc(C(=O)OC(=O)c2ccc(O*)cc2)cc1,egc,4.4493,4.5284728393532685
*CONC(*)=O,egc,6.1048,5.880163707884838
*COc1ccc(C(=C(Cl)Cl)c2ccc(O*)cc2)cc1,egc,4.1966,3.9146962994352434
*COc1ccc(C(=O)OC(=O)c2ccc(O*)cc2)cc1,egc,4.3746,4.386459219836726
*COc1ccc(O*)s1,egc,4.8466,4.338307026459122
*CS(=O)(=O)C1CC(*)C[N+](C)(C)C1,egc,0.1093,3.715445577004819
*CS*,egc,5.3464,4.6965672739828825
*Cc1c(C)c(C)c(CNC(=O)CCCC(=O)N*)c(C)c1C,egc,5.2131,5.126381864111383
*Cc1c(O)c(C(C)=O)cc(CNC(=S)N*)c1OC,egc,3.7679,3.58482015306682
*Cc1cc(C23CC4CC(CC(C4)C2)C3)cc(CN(*)C)c1O,egc,4.5466,4.350284136251924
*Cc1cc(COC(=O)Nc2ccc(Cc3ccc(NC(=O)O*)cc3)cc2)cc(C(C)(C)C)c1,egc,4.7039,4.552702193382035
*Cc1ccc(-c2ccc(-c3ccc(*)cc3)s2)cc1,egc,3.4745,3.36470553504715
*Cc1ccc(-c2ccc(-c3ccc(*)s3)cc2)s1,egc,3.3769,3.135894446727695
*Cc1ccc(-c2ccc(-c3ccc(*)s3)s2)s1,egc,3.0602,2.5826628042508433
*Cc1ccc(-c2ccc(C(*)=S)cc2)cc1,egc,2.9595,3.054409718040845
*Cc1ccc(-c2ccc(C(*)=S)cc2)s1,egc,2.7134,3.0067094838050554
*Cc1ccc(-c2ccc(C(*)=S)s2)cc1,egc,2.7839,2.7267422486575894
*Cc1ccc(-c2ccc(CSC(=O)CCC(=O)S*)cc2)cc1,egc,4.7843,4.1812396764805575
*Cc1ccc(-c2ccc(O*)s2)s1,egc,3.4793,3.2720564419649247
*Cc1ccc(C(=O)C(*)=S)cc1,egc,2.9385,2.517497126141692
*Cc1ccc(C(=O)N*)cc1,egc,5.0419,4.612191033491576
*Cc1ccc(C(=O)O*)cc1,egc,4.9209,4.598184750143752
*Cc1ccc(C(=O)c2ccc(*)s2)s1,egc,3.4685,2.8646384041873922
*Cc1ccc(C(=S)O*)cc1,egc,3.4449,3.1387464030375147
*Cc1ccc(C(=S)c2ccc(*)s2)s1,egc,2.5715,2.967023251729213
*Cc1ccc(CC(*)=S)s1,egc,3.2956,4.164596313975305
*Cc1ccc(CN2CCN(*)C(C)C2)cc1,egc,4.6219,4.558456859508793
*Cc1ccc(CNC(=O)CCCCCCCCCCC(=O)N*)cc1,egc,5.2323,5.220193596442277
*Cc1ccc(CNC(=O)CCCCCCCCCCCCCC(=O)N*)cc1,egc,5.2897,5.312340832059077
*Cc1ccc(CNC(=O)CCCCCCCCCCCCCCCC(=O)N*)cc1,egc,5.288,5.389594305833272
*Cc1ccc(CNC(=O)CCCCCCCCCCCCCCCCCCCCC(=O)N*)cc1,egc,5.5873,5.313376629915784
*Cc1ccc(CNC(=O)c2cccc(C(=O)N*)c2)cc1,egc,4.6753,4.243816443395614
*Cc1ccc(CNC(C)=N*)cc1,egc,4.9237,4.746561814260596
*Cc1ccc(CO*)cc1,egc,4.9575,4.849970899995615
*Cc1ccc(CO*)s1,egc,4.6049,4.6760823720080795
*Cc1ccc(COC(=O)CC(=O)O*)cc1,egc,5.5783,5.145436061469299
*Cc1ccc(COC(=O)CCC(=O)O*)cc1,egc,5.464,5.341929554046453
*Cc1ccc(COC(=O)CCCC(=O)O*)cc1,egc,5.4521,5.3596641277447725
*Cc1ccc(COC(=O)CCCCCCCCCCCCCCCCCCC(=O)O*)cc1,egc,5.5452,5.688279776572993
*Cc1ccc(COC(=O)CCCCSCCCCC(=O)O*)cc1,egc,4.7687,4.801300524035561
*Cc1ccc(COC(=O)O*)cc1,egc,5.5423,5.124763037136096
*Cc1ccc(CSSSS*)cc1,egc,4.3206,4.249558465452634
*Cc1ccc(C[n+]2ccc(-c3cc[n+](*)cc3)cc2)cc1,egc,2.0993,2.4094736382063004
*Cc1ccc(Cc2ccc(*)cc2)cc1,egc,5.1689,4.4299051434053665
*Cc1ccc(Nc2ccc(*)cc2)cc1,egc,4.3854,4.111695492313229
*Cc1ccc(Nc2ccc(*)s2)cc1,egc,4.4366,3.835668860486236
*Cc1ccc(Nc2ccc(*)s2)s1,egc,4.1254,3.3216926061484315
*Cc1ccc(OCOc2ccc(*)c3cccnc23)c2ncccc12,egc,3.5315,3.6009334320903
*Cc1ccc(Oc2ccc(*)s2)cc1,egc,4.5691,4.508102556998379
*Cc1cccc(CN(C)C(=O)CCCCC(=O)N(*)C)c1,egc,5.4868,4.833137414395917
*Cc1cccc(CNC(=O)C2=C(C(=O)N*)C3C=CC2C3)c1,egc,3.5629,3.5336220013249253
*Cc1nc(-c2ccc(-c3csc(*)n3)cc2)cs1,egc,3.8894,3.322368032657802
*Cc1nc2cc3sc(*)nc3cc2s1,egc,3.8345,3.6448060227332286
*N1C(=O)c2ccc(N3C(=O)C4CCC(C5CCC6C(=O)N(*)C(=O)C6C5)CC4C3=O)cc2C1=O,egc,4.0715,3.9158754026506295
*N1CC(O)=C(C2C(=O)C3=C(C2=O)C(C)(F)N3*)C1=O,egc,3.4532,2.9615463992084616
*N=C(N=C(NC(C)=O)NC(C)=O)N=C(*)OC(C)=O,egc,3.7327,4.184177357414411
*N=C1C(=Nc2ccc(*)cc2)c2cccc3cccc1c23,egc,2.1929,3.0178873548653575
*N=C1C=CC(*)C=C1C,egc,3.8461,3.2885627764236656
*N=C1C=CC(*)C=C1Cl,egc,4.0784,3.184316270007598
*N=C1c2ccccc2C(=Nc2ccc(*)cc2)c2ccccc21,egc,1.6985,2.946638640986059
*N=Cc1ccc(-c2ccc(C=Nc3ccc4c(c3)c3cc(*)ccc3n4CCCC)s2)s1,egc,2.8673,2.2992727301087337
*N=Cc1ccc(C=Nc2sc(*)c(C#N)c2C#N)cc1,egc,1.5066,2.701955848562709
*N=NNc1ccc(NN=Nc2ccc(*)cc2)cc1,egc,1.9731,3.3631974460722507
*N=Nc1ccc(*)cc1,egc,1.7643,3.404938496435465
*N=Nc1ccc(-c2ccc(*)c(C)c2)cc1C,egc,2.1369,3.1392928089334804
*N=P(*)(Cl)Cl,egc,3.9556,5.162018166659763
*N=P(*)(OCCC(=O)C=C)OCCC(=O)C=C,egc,3.9384,4.701252653986652
*NC(=O)C(=S)c1ccc(*)cc1,egc,2.9128,3.062853708184695
*NC(=O)C=CC(=O)Nc1nc(*)nc(N)n1,egc,3.896,3.6012664381293757
*NC(=O)NC(*)=O,egc,3.9005,5.003304645669458
*NC(=O)NC(*)=S,egc,3.4559,3.5110891586680535
*NC(=O)NCCCCCCNC(=O)Nc1cccc(*)n1,egc,4.99,4.579691302693347
*NC(=O)NO*,egc,5.5354,5.014620946424542
*NC(=O)Nc1ccc(*)s1,egc,3.228,3.797532115817728
*NC(=O)OC(*)=O,egc,5.6538,4.840003593245914
*NC(=O)Oc1ccc(*)cc1,egc,4.5955,4.642811161860841
*NC(=O)c1ccc(-c2ccc(*)cc2)cc1,egc,3.3965,3.5394520934919327
*NC(=O)c1ccc(-c2ccc(*)cc2)s1,egc,2.9223,2.8685487578898705
*NC(=O)c1ccc(-c2ccc(*)s2)cc1,egc,4.012,3.1812541193511557
*NC(=O)c1ccc(O*)cc1,egc,4.6617,4.451562339638305
*NC(=S)C(=O)O*,egc,2.4947,4.155115225936771
*NC(=S)NC(*)=S,egc,2.8537,3.0990917701379317
*NC(=S)NO*,egc,3.4611,3.909738718524538
*NC(=S)Nc1ccc(*)cc1,egc,3.4701,3.2842259110185092
*NC(=S)c1ccc(O*)s1,egc,3.2187,2.9952664864399945
*NC(C#N)=C(C#N)NC(=O)c1ccc(C(*)=O)cc1,egc,3.4817,3.95526007589158
*NC(C(*)=O)C(C)CC,egc,5.462,6.006970511852384
*NC(C(*)=O)C(Cc1ccccc1)c1c[nH]cn1,egc,4.764,4.693400725252075
*NC(C)(C)C(*)=O,egc,6.1893,5.612593343560443
*NC(C)(C)C(C)(C)C(*)=O,egc,5.4856,5.5953640254138195
*NC(C)(CC)C(*)=O,egc,5.7479,5.903024869716538
*NC(C)=CC(*)=O,egc,3.6072,4.14583663318899
*NC(C)C(*)=O,egc,6.0729,5.927316604201884
*NC(C)C(=O)NC(C)C(=O)NCC(*)=O,egc,5.7884,5.469584191926076
*NC(C)C(=O)NC(CCC(=O)OCC)C(=O)NCC(*)=O,egc,5.3361,5.795350167006776
*NC(C)C(=O)NCC(=O)NCC(=O)NCC(*)=O,egc,5.9084,5.413224540332907
*NC(C)C(=O)NCCCC(*)=O,egc,5.7766,5.779259756953565
*NC(C)CC(*)=O,egc,5.711,5.711611079379976
*NC(C)CCCCC(*)=O,egc,5.5854,5.947726230116124
*NC(C)CNC(=O)C1CC1C(*)=O,egc,5.5051,5.753820157576991
*NC(C)CNC(=O)NC(CCCCNC(*)=O)C(=O)OC,egc,5.7921,5.576439862341655
*NC(C=C)CC(*)=O,egc,5.5439,5.705114970600008
*NC(CC(*)=O)C(=O)OC,egc,5.61,5.850348965422995
*NC(CC(*)=O)C(=O)OCC,egc,5.9557,5.71709253058583
*NC(CC(*)=O)C(=O)OCCCC,egc,6.151,5.88048531027792
*NC(CC(*)=O)C(=O)OCCCCCCCCCCCC,egc,5.8778,5.964388121184225
*NC(CC(*)=O)C(=O)OCCOC,egc,5.9247,5.821352321691251
*NC(CC(*)=O)c1ccccc1,egc,5.6573,4.564527769288312
*NC(CC(=O)OCCC)C(*)=O,egc,5.0074,5.8558532773431935
*NC(CC(=O)OCc1ccccc1)C(*)=O,egc,5.316,5.397012208313701
*NC(CC(C)C)C(*)=O,egc,6.106,5.403711612545819
*NC(CCC(*)=O)C(=O)O,egc,5.9301,5.697827171784397
*NC(CCC(*)=O)C(=O)OC,egc,5.6456,5.776207379815485
*NC(CCC(=O)OC)C(*)=O,egc,5.9283,5.923346236924207
*NC(CCC(=O)OCCC)C(*)=O,egc,5.8843,5.800176143315318
*NC(CCC(=O)OCCCC)C(*)=O,egc,5.5734,6.019171996841519
*NC(CCC(=O)OCCCCCCCC)C(*)=O,egc,5.9976,5.758176387157216
*NC(CCC(=O)OCCCl)C(*)=O,egc,5.9169,5.670519027609151
*NC(CCC(=O)OCc1ccc(Cl)cc1)C(*)=O,egc,5.2897,4.9443732879075775
*NC(CCCCNC(*)=O)C(=O)OC,egc,6.2157,5.720451875255208
*NC(CCCCNC(=O)CCCCC(*)=O)C(=O)O,egc,5.7987,6.004238762485198
*NC(CCCCNC(=O)NCCCCCNC(*)=O)C(=O)OC,egc,5.5834,5.640314081886403
*NC(CCCCNC(=O)NCCNC(*)=O)C(=O)OC,egc,5.4494,5.7131732132374875
*NC(CCCNC(=O)c1ccc(Br)cc1)C(*)=O,egc,4.6803,4.286767634724941
*NC(CCCNC(=O)c1ccc(F)cc1)C(*)=O,egc,4.7549,4.84589519650365
*NC(CSC(=O)OCc1ccccc1)C(*)=O,egc,5.0387,5.0155773501075345
*NC(CSSCc1ccccc1)C(*)=O,egc,4.9511,4.594581843945184
*NC(Cc1c[nH]c2ccccc12)C(*)=O,egc,4.3631,3.5054497971602343
*NC(Cc1ccc(O)cc1)C(*)=O,egc,4.9252,5.040374042233317
*NC(Cc1ccccc1)C(*)=O,egc,5.5152,4.861694132028495
*NC(F)(F)CC(*)(F)F,egc,7.1667,6.737755352108806
*NC(F)(F)NC(*)(F)F,egc,8.2137,7.649882444818148
*NC1(F)CC(C(F)F)C(*)C(F)(F)C1F,egc,6.3292,7.020910000724621
*NC1CC(C)(C)CC(C)(CNC(=O)CCCCC(*)=O)C1,egc,5.6216,5.323906093796802
*NC1CC(C2(C)OC(O)OC(C)NC2=O)C(F)(N(C(*)O)C(F)F)O1,egc,5.6343,5.1955483072049224
*NC1CCC(CC2CCC(NC(=O)CCCCCCCCCCC(*)=O)CC2)CC1,egc,5.7012,5.724051471312091
*NC1CCC(CCC2CCC(NC(=O)CCCCCCCCCCC(*)=O)CC2)CC1,egc,5.7235,5.756809006685773
*NC1CCCC1C(*)=O,egc,5.8804,5.699822020950512
*NC1NN(C(C(*)O)(C(F)(F)F)C(O)(Cl)C2(F)OC(O)C(O)C2O)O1,egc,5.0077,4.925063910915727
*NCC(F)(F)C(*)(F)F,egc,6.8454,7.929807940596648
*NNC(=O)C(*)=O,egc,5.5325,4.757455183143124
*NNC(=O)C(=O)NNC(=O)CCCCC(*)=O,egc,4.5812,4.833925638473248
*NNC(=O)C(=O)NNC(=O)CCCCCCCC(*)=O,egc,4.4307,4.807829042434186
*NNC(=O)C1CCC(C(=O)NNC(=O)CCCCC(*)=O)CC1,egc,4.9352,5.624541274296439
*NNC(=O)CCC(=O)NNC(=O)CCCCC(*)=O,egc,5.7153,5.433011574497221
*NNC(=O)CCC(=O)NNC(=O)CCCCCCCCC(*)=O,egc,5.7186,5.515600143083738
*NNC(=O)CCCCC(*)=O,egc,5.6711,5.73742569488077
*NNC(=O)CCCCCCCCC(*)=O,egc,6.0464,5.7429197132911485
*NNC(=O)c1ccc(C(*)=O)cc1,egc,4.8451,4.618345765231247
*NNC(=O)c1ccc(C(*)=O)cc1OCCCCCCCC,egc,4.1277,4.211258414203003
*NNC(=O)c1ccc(C(*)=O)cc1OCCCCCCCCCC,egc,4.1107,4.138307011969603
*NNC(=O)c1ccc([Si](c2ccccc2)(c2ccccc2)c2ccc(C(*)=O)cc2)cc1,egc,4.754,3.586094906171153
*NNC(=O)c1cccc(C(*)=O)c1,egc,5.0927,4.539477048474873
*NNC(=O)c1cccc(C(=O)NNC(=O)C(*)=O)c1,egc,4.3275,4.438155613638142
*NNC(=O)c1cccc(C(=O)NNC(=O)CCCCCCCCC(*)=O)c1,egc,4.5398,4.725839877928736
*NNC(=S)c1ccc(C(*)=S)cc1,egc,3.4154,3.047048391430936
*NOC(=S)O*,egc,4.8496,3.8441547847688744
*NOC(F)(F)C(*)(F)F,egc,6.8893,7.630063559735212
*NS(=O)Nc1cccc(*)n1,egc,4.5634,4.2852747301707135
*Nc1c(Br)cc(*)cc1Br,egc,4.3604,3.6805974921946913
*Nc1c(Br)cc(C(*)=O)cc1Br,egc,3.8726,3.995921190785988
*Nc1c(C)c(C)c(C(=O)c2ccc(NC(=O)c3ccc(C(*)=O)cc3)cc2)c(C)c1C,egc,3.4801,3.424267050079603
*Nc1c(Cl)cc(*)cc1Cl,egc,4.3983,3.934528301806978
*Nc1c(Cl)cc(C(*)=O)cc1Cl,egc,3.9189,3.9307766129929007
*Nc1c(F)c(F)c(-c2ccc3cc(-c4ccc5c(c4)C(=O)N(c4cccc(*)c4)C5=O)ccc3c2)c(F)c1F,egc,2.918,2.61551835981229
*Nc1c(I)cc(C(*)=O)cc1I,egc,3.842,3.5391216710638758
*Nc1c(OC)cc(*)cc1OC,egc,3.4275,3.6908922191005886
*Nc1cc(*)ccc1CCCCCC,egc,4.1073,4.077000011397164
*Nc1cc(*)ccc1CCCCCCCCCCCC,egc,4.025,3.699782073627642
*Nc1cc(*)ccc1N,egc,3.7339,3.6154154284340128
*Nc1cc(Br)c(*)cc1Br,egc,3.1464,3.9448380781994388
*Nc1cc(C(c2ccc(O)c(NC(=O)c3ccc(C(*)=O)cc3)c2)(C(F)(F)F)C(F)(F)F)ccc1O,egc,3.6515,3.6085371981120633
*Nc1cc(C(c2ccc(O)c(NC(=O)c3ccc4cc(C(*)=O)ccc4c3)c2)(C(F)(F)F)C(F)(F)F)ccc1O,egc,3.7695,3.2747164283455215
*Nc1cc(C)c(*)cc1C,egc,3.9275,3.5659479844432305
*Nc1cc(F)c(*)cc1F,egc,3.4723,3.7164725267494623
*Nc1cc(NC(=O)c2ccc(-c3ccc(C(*)=O)cc3)cc2)cc(C(=O)OCCOc2ccc(C=CC(=O)c3ccccc3)cc2)c1,egc,3.5149,2.9262608892520747
*Nc1cc(NC(=O)c2ccc(C(*)=O)cc2)cc(C(=O)OCCOc2ccc(C=CC(=O)c3ccccc3)cc2)c1,egc,3.1709,3.1440241477745277
*Nc1cc(NC(=O)c2ccc3cc(C(*)=O)ccc3c2)cc(C(=O)OCCOc2ccc(C=CC(=O)c3ccccc3)cc2)c1,egc,2.7406,3.1825762770124486
*Nc1cc(NC(=O)c2cccc(C(*)=O)c2)c(N)cc1N,egc,3.509,3.560869704490625
*Nc1cc(OC)c(*)cc1OC,egc,3.2172,3.539002675843942
*Nc1cc(OCC)c(*)cc1OCC,egc,3.3635,3.7452351588543458
*Nc1ccc(*)cc1,egc,4.0074,3.3039480312117524
*Nc1ccc(*)cc1C,egc,3.5769,3.8593862308751112
*Nc1ccc(*)cc1C(C)CC,egc,3.553,3.737567979945162
*Nc1ccc(*)cc1CCCCCCCCCCCCCCC,egc,3.3286,3.816871146078684
*Nc1ccc(*)cc1CO,egc,3.7131,3.908751221223864
*Nc1ccc(*)cc1F,egc,3.5047,3.6355662425346904
*Nc1ccc(*)cc1O,egc,3.4121,3.3741699878267957
*Nc1ccc(*)cc1OCCCCCCCCCCCC,egc,3.5203,3.4228211751893722
*Nc1ccc(*)nc1,egc,3.2295,3.8697660557716937
*Nc1ccc(-c2ccc(*)cc2)c(C)c1,egc,3.3791,3.4867569933261424
*Nc1ccc(-c2ccc(-c3ccc(*)cc3)cc2)cc1,egc,3.4269,3.0610338983760226
*Nc1ccc(-c2ccc(-c3ccc(*)s3)cc2)cc1,egc,2.8401,3.0212842777587303
*Nc1ccc(-c2ccc(-c3ccc(*)s3)cc2)s1,egc,2.5627,3.059837651012866
*Nc1ccc(-c2ccc(-c3ccc(*)s3)s2)cc1,egc,3.3427,2.5596278941751356
*Nc1ccc(-c2ccc(C(*)=O)s2)s1,egc,2.263,2.6067034705867296
*Nc1ccc(-c2ccc(C(*)=S)cc2)cc1,egc,2.813,2.8207020695124565
*Nc1ccc(-c2ccc(C(*)=S)s2)cc1,egc,2.4476,2.509906182107155
*Nc1ccc(-c2ccc(C(*)=S)s2)s1,egc,2.0192,1.9629655644456723
*Nc1ccc(-c2ccc(NC(=C(C#N)C#N)c3ccc(-c4ccc(C(*)=C(C#N)C#N)cc4)cc3)cc2)cc1,egc,2.7741,2.521888319699087
*Nc1ccc(-c2ccc(NC(=O)CCCCCCCCC(*)=O)c(O)c2)cc1O,egc,3.9935,3.9262685752244812
*Nc1ccc(-c2ccc(NC(=O)c3cc(C(=O)O)c(C(*)=O)cc3C(=O)O)cc2)cc1,egc,3.2555,3.1145431661392395
*Nc1ccc(-c2ccc(NC(=O)c3cc(NC(=O)c4ccncc4)cc(C(*)=O)c3)cc2)cc1,egc,3.2688,3.1669413235235386
*Nc1ccc(-c2ccc(NC(=O)c3ccc(C(*)=O)cc3)cc2)cc1,egc,3.3951,3.4597762656434834
*Nc1ccc(-c2ccc(NC(=O)c3ccc(C4(c5ccc(C(*)=O)cc5)OC(=O)c5ccccc54)cc3)cc2)cc1,egc,3.2864,3.296821018583248
*Nc1ccc(-c2ccc(NC(=O)c3cccc(C(*)=O)c3)cc2)cc1,egc,3.4939,3.543822543965215
*Nc1ccc(-c2ccc(NC3=CC(=O)C(*)=CC3=O)cc2)cc1,egc,2.1114,2.8106337677924675
*Nc1ccc(-c2ccc(Nc3ccc4c(c3)c3cc(*)ccc3n4CC(CC)CCCC)cc2)cc1,egc,3.3558,3.0698866661112123
*Nc1ccc(-c2ccc(O*)cc2)cc1,egc,4.0962,3.516950290322978
*Nc1ccc(Br)cc1-c1ccc(NC(=O)c2ccc(C(*)=O)cc2)cc1,egc,3.4431,3.2203594298260976
*Nc1ccc(C#Cc2ccc(C(*)=O)cc2)cc1,egc,2.946,3.6450425843113177
*Nc1ccc(C(*)=O)cc1,egc,3.7503,3.8392706173285234
*Nc1ccc(C(=O)C(*)=S)cc1,egc,2.378,3.0526145307628036
*Nc1ccc(C(=O)C(*)=S)s1,egc,2.1167,2.7539628269951315
*Nc1ccc(C(=O)c2ccc(*)s2)cc1,egc,2.9895,3.1193424090726087
*Nc1ccc(C(=O)c2ccc(NC(=O)c3ccc(C(*)=O)cc3)cc2)cc1,egc,3.6944,3.4107125445083013
*Nc1ccc(C(=S)c2ccc(*)cc2)cc1,egc,2.322,2.8524937010422895
*Nc1ccc(C(C)(C)c2ccc(NC(=O)c3cc(C(*)=O)cc(N4C(=O)C5C6CCC(C6)C5C4=O)c3)cc2)cc1,egc,4.0843,3.4515311993195876
*Nc1ccc(C2(c3ccc(NC(=O)Cc4ccc(Oc5ccc(C(*)=O)cc5)cc4)cc3)OC(=O)c3ccccc32)cc1,egc,4.1183,3.5700793842074625
*Nc1ccc(C2(c3ccc(NC(=O)c4ccc(C(*)=O)cc4)cc3)c3ccccc3C(=O)c3ccccc32)cc1,egc,3.2678,3.284838976021685
*Nc1ccc(C2(c3ccc(NC(=O)c4ccc(C5(c6ccc(C(*)=O)cc6)OC(=O)c6ccccc65)cc4)cc3)OC(=O)c3ccccc32)cc1,egc,3.8809,3.5785052632335956
*Nc1ccc(C=Cc2ccc(NC(=C(C#N)C#N)c3ccc(C(*)=C(C#N)C#N)cc3)cc2)cc1,egc,2.0414,2.7786621537375362
*Nc1ccc(CC(C)(C)NC(=O)CCCCCCCCC(*)=O)cc1,egc,4.455,4.942698540463848
*Nc1ccc(Cc2ccc(NC(=O)c3cc(C(*)=O)cc(N4C(=O)C5C6CCC(C6)C5C4=O)c3)cc2)cc1,egc,3.4808,3.783666208525129
*Nc1ccc(Cc2ccc(NC(=O)c3cc(C(*)=O)cc(N4C(=O)C=CC4=O)c3)cc2)cc1,egc,2.1937,3.1868326083837504
*Nc1ccc(Cc2ccc(NC(=O)c3cc(NC(=O)c4ccncc4)cc(C(*)=O)c3)cc2)cc1,egc,3.497,3.305739167436048
*Nc1ccc(Cc2ccc(NC(=O)c3ccc(P(=O)(c4ccccc4)c4ccc(C(*)=O)cc4)cc3)cc2)cc1,egc,3.0916,3.783139175756177
*Nc1ccc(NC(*)=S)s1,egc,2.9073,3.167337349341976
*Nc1ccc(NC(=O)C=CC(*)=O)cc1,egc,2.7273,3.605741571215482
*Nc1ccc(NC(=O)C=Cc2ccc(C=CC(*)=O)cc2)cc1,egc,3.0305,2.9801282096785893
*Nc1ccc(NC(=O)CCC(*)=O)cc1,egc,4.4554,4.308571811650109
*Nc1ccc(NC(=O)CCCC(*)=O)cc1,egc,3.9291,4.516864556583837
*Nc1ccc(NC(=O)CCCCC(*)=O)cc1,egc,4.5219,4.433560900184062
*Nc1ccc(NC(=O)CCCCCCCC(*)=O)cc1,egc,4.5152,4.5547740822867935
*Nc1ccc(NC(=O)CCCCCCCCC(*)=O)cc1,egc,4.5375,4.460990244535264
*Nc1ccc(NC(=O)NC(=O)NC(*)=O)s1,egc,3.5876,3.460983044203269
*Nc1ccc(NC(=O)c2cc(NC(=O)c3ccc(NC(=O)C(C)N4C(=O)c5ccccc5C4=O)cc3)cc(C(*)=O)c2)cc1C,egc,2.319,3.1025794032785314
*Nc1ccc(NC(=O)c2cc(NC(=O)c3ccccc3)cc(C(*)=O)c2)cc1,egc,3.3958,3.5115519845690573
*Nc1ccc(NC(=O)c2ccc(C(=O)c3ccc(C(*)=O)c(C(=O)O)c3)cc2C(=O)O)cc1,egc,3.0554,3.2689577283199602
*Nc1ccc(NC(=O)c2ccc(C3(c4ccc(C(*)=O)cc4)OC(=O)c4ccccc43)cc2)cc1,egc,3.4199,3.6327100528684455
*Nc1ccc(NC(=O)c2ccc(NC(=O)c3cc(NC(=O)C45CC6CC(CC(C6)C4)C5)cc(C(*)=O)c3)cc2)cc1,egc,3.1839,3.3119707189602647
*Nc1ccc(NC(=O)c2cccc(C(*)=O)c2)cc1,egc,3.551,3.77808192906957
*Nc1ccc(NC(=S)NC(=O)c2ccc(C(=O)NC(*)=S)cc2)cc1,egc,2.6945,3.4204261573053714
*Nc1ccc(NC(=S)NC(=O)c2cccc(C(=O)NC(*)=S)c2)cc1,egc,3.3129,2.926361622262204
*Nc1ccc(Nc2ccc(*)cc2)cc1C(=O)O,egc,2.6737,3.6096856242737596
*Nc1ccc(Nc2ccc(*)s2)cc1,egc,3.8931,3.3435947754340725
*Nc1ccc(Nc2ccc(*)s2)s1,egc,2.5847,3.2184795846374654
*Nc1ccc(OC(*)=S)cc1,egc,3.7435,3.4599939498780268
*Nc1ccc(Oc2ccc(*)cc2)cc1,egc,3.6519,3.907817787569398
*Nc1ccc(Oc2ccc(*)s2)cc1,egc,4.2211,4.146401154979815
*Nc1cccc(C#Cc2cccc(C(*)=O)c2)c1,egc,3.7438,3.642089351386042
*Nc1cccc(C(*)=O)c1,egc,4.1556,3.72402533866763
*Nc1cccc(NC(=O)C=CC(*)=O)c1,egc,3.628,3.2366626946847274
*Nc1cccc(NC(=O)CCCCCCC(*)=O)c1,egc,4.8656,4.846128838725154
*Nc1cccc(NC(=O)c2cc(NC(=O)c3ccncc3)cc(C(*)=O)c2)c1,egc,3.2998,3.6048759863769466
*Nc1cccc(NC(=O)c2ccc(NC(=O)c3ccc([Si](C)(C)c4ccc(C(=O)Nc5ccc(C(*)=O)cc5)cc4)cc3)cc2)c1,egc,3.5185,2.9776369288435154
*Nc1cccc(NC(=O)c2cccc(C(*)=O)c2)c1,egc,4.1202,3.8972454894603734
*Nc1ccccc1NC(=O)c1cccc(C(*)=O)c1,egc,3.6159,3.8176775832857652
*Nc1nc(*)nc(-c2ccccc2)n1,egc,4.2193,4.063199913789536
*Nc1nc(Nn2c(=O)c3cc4c(=O)n(*)c(=O)c4cc3c2=O)nc(N(CC)CC)n1,egc,2.6124,2.5246463215505766
*Nc1nc(Nn2c(=O)c3cc4c(=O)n(*)c(=O)c4cc3c2=O)nc(N(CCC)CCC)n1,egc,2.5752,2.714261047740869
*OC(*)(C)C,egc,6.2991,5.919016027037876
*OC(*)C(Cl)Cl,egc,6.5565,6.08611563514833
*OC(*)CC,egc,6.1349,6.443782232433043
*OC(*)CCC,egc,6.6355,6.318879851080427
*OC(*)CCC#N,egc,6.5576,6.676783842953192
*OC(*)CCCC,egc,6.6222,6.295230173500547
*OC(=C(C)C)C(C)(C)C(*)=O,egc,4.7881,5.1899728835920635
*OC(=C)CC(*)=O,egc,5.0472,5.476334399767773
*OC(=O)C(Cc1ccccc1)NC(=O)CCCCC(=O)NC(Cc1ccccc1)C(=O)OC1COC2C(*)COC12,egc,5.287,5.005310863108359
*OC(=O)C1CCC(C(=O)OC2COC3C(*)COC23)CC1,egc,6.4746,6.251953519567154
*OC(=O)C=CC(=O)OC1COC2C(*)COC12,egc,4.1943,5.276060614205753
*OC(=O)CCCCC(*)=O,egc,6.1659,6.231899607326961
*OC(=O)CCCCCC(*)=O,egc,5.9809,6.2322297379640315
*OC(=O)CCCCCCC(*)=O,egc,6.0659,6.1868460890197685
*OC(=O)CCCCCCCC(*)=O,egc,6.2617,6.09160248124897
*OC(=O)CCCCCCCCC(=O)OC1COC2C(*)COC12,egc,6.5166,6.486346283867855
*OC(=O)CCCCCCCCCC(*)=O,egc,6.2966,6.374205595129891
*OC(=O)CCCCCCCCCCC(*)=O,egc,6.499,6.343517852697052
*OC(=O)CCCCCCCCCCCC(*)=O,egc,6.2745,6.353772932432605
*OC(=O)CCCCCCCCCCCCCCCCC(*)=O,egc,6.1592,6.438483054183961
*OC(=O)CCS(=O)(=O)CCC(*)=O,egc,6.2922,5.554587788380972
*OC(=O)CCSCCSCCC(*)=O,egc,4.6742,5.288185529017988
*OC(=O)CCc1ccc(CCC(*)=O)cc1,egc,5.0434,5.178511933765436
*OC(=O)CS(=O)(=O)CCS(=O)(=O)CC(*)=O,egc,5.7619,5.852973447875103
*OC(=O)NC1CCC(CC2CCC(NC(=O)OC3CC4CC(*)CC(C3)O4)CC2)CC1,egc,5.8672,5.937385084695769
*OC(=O)OC(*)=O,egc,5.0987,5.24499412489863
*OC(=O)OC1CC2CC(*)CC(C1)O2,egc,6.2425,6.871314731078032
*OC(=O)OC1COC2C(*)COC12,egc,6.8979,6.794562113917059
*OC(=O)OCC(O)C(O)COC(=O)OC1COC2C(*)COC12,egc,6.3954,6.727283020940125
*OC(=O)OCC(OC)C(COC(=O)OC1COC2C(*)COC12)OC,egc,6.3606,6.381658200726261
*OC(=O)OCC1OC(C)(C)OC1COC(=O)OC1COC2C(*)COC12,egc,6.6226,6.483894925350145
*OC(=O)OCCCCCCCCCCOC(=O)OC1COC2C(*)COC12,egc,6.8143,6.676670856626858
*OC(=O)OCCCCCCCCOC(=O)OC1COC2C(*)COC12,egc,6.6539,6.822575638069209
*OC(=O)OCCOCCOC(=O)OC1COC2C(*)COC12,egc,6.7329,6.471274435069217
*OC(=O)OCCOCCOCCOC(=O)OC1COC2C(*)COC12,egc,6.4799,6.601658732391405
*OC(=O)Oc1ccc(C(=O)Oc2ccc(OC(=O)OC3COC4C(*)COC34)cc2)cc1,egc,4.4189,4.205404324154358
*OC(=O)Oc1cccc(OC(=O)OC2CC3CC(*)CC(C2)O3)c1,egc,5.8268,4.988130775642317
*OC(=O)c1ccc(C(*)=O)cc1,egc,4.5736,4.427682406072995
*OC(=O)c1ccc(C(=O)OC2COC3C(*)COC23)o1,egc,4.3511,4.6656907137946275
*OC(=O)c1ccc(C(C)(C)c2ccc(C(*)=O)cc2)cc1,egc,4.3936,4.577678073813481
*OC(=O)c1ccc(CCCCCCc2ccc(C(*)=O)cc2)cc1,egc,4.5994,4.572524734340285
*OC(=O)c1ccc(CCCCCc2ccc(C(*)=O)cc2)cc1,egc,4.7446,4.550507667487053
*OC(=O)c1ccc(CCCCc2ccc(C(*)=O)cc2)cc1,egc,4.8401,4.540255035340144
*OC(=O)c1ccc(CCCc2ccc(C(*)=O)cc2)cc1,egc,4.5456,4.566365700299037
*OC(=O)c1ccc(CCc2ccc(C(*)=O)cc2)cc1,egc,4.4852,4.321244163221251
*OC(=O)c1ccc(Cc2ccc(C(*)=O)cc2)cc1,egc,4.3273,4.46579287310083
*OC(=O)c1cccc(C(*)=O)c1,egc,4.6197,4.395456767760622
*OC(=S)c1ccc(-c2ccc(*)cc2)cc1,egc,3.2538,3.0824169362179723
*OC(=S)c1ccc(C(*)=O)cc1,egc,3.2688,3.3295571849178107
*OC(C)(C)C(*)=O,egc,5.8214,5.996631655518397
*OC(C)(CC(*)=O)C(F)(F)F,egc,6.2535,6.702111735185018
*OC(C)C(*)=O,egc,5.9945,6.125004375208863
*OC(C)C(*)C,egc,5.7581,5.468381468250553
*OC(C)C(=O)NC(C)C(*)=O,egc,5.6199,5.773770436307477
*OC(C)C(=O)OCC(*)=O,egc,5.9109,5.979025819944231
*OC(C)CC(*)=O,egc,6.4371,6.65990143187929
*OC(C)CCC(C)OC(=O)CCCCC(*)=O,egc,6.4506,6.722540847564447
*OC(C)CCCC(C)C(*)=O,egc,6.6886,6.199359863781805
*OC(C)CCOC(=O)C(*)=O,egc,5.5088,5.573898094085664
*OC(C)CCOC(=O)CC(*)=O,egc,6.8752,6.3389087204144605
*OC(C)CCOC(=O)CCCCC(*)=O,egc,6.6227,6.645346687947022
*OC(C)CCOC(=O)CCCCCC(*)=O,egc,6.5798,6.688834447479014
*OC(C)CCOC(=O)CCCCCCCC(*)=O,egc,6.6793,6.648733639154214
*OC(C)CCOC(=O)CCCCCCCCCCC(*)=O,egc,6.742,6.605135872410902
*OC(C)CCOC(=O)COCC(*)=O,egc,6.1998,6.179331903506215
*OC(C)CCOC(=O)c1cccc(C(*)=O)c1,egc,5.0532,4.9722381010988626
*OC(C)COC(*)=O,egc,7.1412,6.598951657521162
*OC(C)COC(=O)C(*)=O,egc,5.4575,5.572099501056729
*OC(C)COC(=O)CCCCC(*)=O,egc,6.7094,6.591540780641042
*OC(C)COC(=O)CCCCCCCCC(*)=O,egc,6.952,6.559715116536531
*OC(C)COC(=O)CCCCS(=O)(=O)CCCCC(*)=O,egc,6.649,6.23302648356708
*OC(C)COC(=O)c1cccc(C(*)=O)c1,egc,5.0391,4.851725197727682
*OC(C=C)CC(*)=O,egc,6.1885,5.619503250257078
*OC(CC(*)=O)C(C)(Cl)Cl,egc,6.4677,5.280821376153158
*OC(CC(*)=O)C(C)C,egc,6.7353,6.444458639303649
*OC(CC(*)=O)C1CCC=CO1,egc,4.8999,5.9023816713692066
*OC(CC(*)=O)C1CO1,egc,6.757,6.275768706890267
*OC(CC)(CC)C(*)=O,egc,6.0873,5.915061920322082
*OC(CC)C(*)=O,egc,6.3762,6.06090185081695
*OC(CCCCC)CC(*)=O,egc,6.5462,6.538265267513129
*OC(CCCCCC)CC(*)=O,egc,6.7534,6.517667953959547
*OC(CCc1ccccc1)CC(*)=O,egc,5.4818,5.436337662772392
*OC(CCl)CC(*)=O,egc,6.865,6.515339644866781
*OC(COC(*)=O)COC(C)(C)C,egc,6.0333,6.507954173372232
*OC(COC(*)=O)COc1ccccc1,egc,5.4034,5.172038544480233
*OC(COC(F)(C(F)(F)F)C(F)(F)F)C(*)COC(F)(C(F)(F)F)C(F)(F)F,egc,6.5255,6.976444693151611
*OC(COCCCC)COC(*)=O,egc,6.2375,6.484439750728174
*OC(COCCOC)COC(*)=O,egc,6.2142,6.319092142148127
*OC(F)(C(*)(F)F)C(F)(F)F,egc,8.6002,8.719331769698984
*OC(F)(F)C(*)(F)F,egc,9.8627,8.350076547101377
*OC(F)(F)C(=O)C(*)(F)F,egc,5.2431,7.123579996700499
*OC(F)(F)C(F)(F)C(*)(F)F,egc,9.4523,8.767727669238145
*OC(F)(F)C(F)(F)C(F)(F)C(*)(F)F,egc,9.0549,8.676400074641426
*OC(F)(F)CC(*)(F)F,egc,9.1417,7.67410855207989
*OC(F)(F)COC(=O)c1cccc(C(=O)OCC(*)(F)F)c1,egc,4.7299,4.804845032230397
*OC(F)(F)NC(*)(F)F,egc,8.2061,8.10528427057575
*OC(F)(F)c1ccc(C(*)(F)F)cc1,egc,4.9933,4.703047551865085
*OC(F)(F)c1ccc(C(*)(F)F)s1,egc,4.9584,4.468598978235936
*OC([2H])([2H])C(*)([2H])C([2H])=C([2H])[2H],egc,5.4798,5.415942659885743
*OC([2H])([2H])C(*)([2H])[2H],egc,5.8501,5.859159299704637
*OC(c1ccc(Cl)cc1)C(C)(C)C(*)=O,egc,4.9195,4.734924910199104
*OC(c1ccc(OC)cc1)C(C)(C)C(*)=O,egc,5.0038,5.025429419057296
*OC(c1ccccc1)C(C)(C)C(*)=O,egc,5.5004,5.199754607640854
*OC(c1ccco1)C(C)(C)C(*)=O,egc,5.4574,4.931379064359403
*OC1(C)CC(C)(C)C(C)(N2CCCC(*)C2)C1C,egc,4.6138,4.969100325854862
*OC1(C)CCC(*)CC1CCCCCCCC,egc,5.4763,5.7359813402754805
*OC1(F)C(C)C(C)(C2(Cl)CNCNC2*)CC1(C)C,egc,5.4515,5.176188110959221
*OC1(O)CCCC(*)C1,egc,6.0531,6.364344333351992
*OC1=CC(=O)C(*)=CC1=O,egc,3.1359,3.109621319064069
*OC1C(C)(C)C(OC(*)=O)C1(C)C,egc,6.5093,6.446971200952199
*OC1C(C)(C)C(OC(=O)c2ccc(C(*)=O)cc2)C1(C)C,egc,4.7185,4.819232406055905
*OC1C(CO)OC(*)C(NC(C)=O)C1O,egc,5.9496,5.692616191635236
*OC1C(CO)OC(*)C(O)C1O,egc,5.8509,6.452718914346354
*OC1C(COC(C)=O)OC(*)C(OC(C)=O)C1O,egc,5.6034,6.147625325545058
*OC1C(COC(C)=O)OC(*)C(OC(C)=O)C1OC(C)=O,egc,5.9636,6.0862514526815295
*OC1C(COC)OC(*)C(OC)C1OC,egc,5.6468,5.706620544392823
*OC1CC(C)CC(*)O1,egc,6.2631,6.064725792163148
*OC1CCC(C2CCC(OC(=O)CCCCCCCCC(*)=O)CC2)CC1,egc,6.3469,6.467167352740217
*OC1CCC(C2CCC(OC(=O)CCCCCCCCCC(*)=O)CC2)CC1,egc,6.4908,6.407021551619563
*OC1CCC(C2CCC(OC(=O)CCCCCCCCCCC(*)=O)CC2)CC1,egc,6.4832,6.440483920882965
*OC1CCC(NC(*)=O)CC1,egc,6.28,6.161262713242395
*OC1CCC(OC(*)=O)CC1,egc,7.1786,6.670878698942725
*OC1CCC(OC(=O)CCC(*)=O)CC1,egc,6.4253,6.442109307544219
*OC1CCC(OC(=O)CCCCC(*)=O)CC1,egc,6.706,6.500511036882962
*OC1CCC(OC(=O)NCCNC(*)=O)CC1,egc,6.0582,6.233905553947694
*OC1CCC(OC(=O)OCCCCCCCOC(*)=O)CC1,egc,7.2009,6.895949601362229
*OC1CCC(OC(=O)OCCCCCOC(*)=O)CC1,egc,7.0367,7.025060955418713
*OC1CCC(OC(=O)OCCCCOC(*)=O)CC1,egc,7.0064,6.956673228975935
*OC1CCCC(*)O1,egc,6.1442,6.368799465762981
*OC1CCCC1*,egc,5.3919,5.543297763637249
*OC1CCCCC1*,egc,5.1513,5.622762099495933
*OC1CCCCC1OC(*)=O,egc,6.7044,6.67814359032217
*OC1CCCCCC1*,egc,5.6512,5.515801804090327
*OC1OC(*)C2CCCCC12,egc,6.0383,6.293695876498817
*OCC(F)(F)C(*)(F)F,egc,8.1009,7.491511809196904
*ON(C(F)(F)F)C(F)(Cl)C(*)(F)F,egc,6.7405,7.607371297480604
*ON(C(F)(F)F)C(F)(F)C(*)(F)F,egc,7.1742,6.765285365927949
*ON(C(F)(F)F)C(F)(F)C(F)=C(F)C(*)(F)F,egc,4.6645,6.359761306763641
*OP(=O)(Oc1ccc(*)cc1)OC1CCCCC1,egc,5.2577,4.978466469334227
*OP(=O)(Oc1ccc(-c2ccc(*)cc2)cc1)OC1CCCCC1,egc,4.479,4.314747090877997
*OP(=O)(Oc1cccc2c(*)cccc12)OC1CCCCC1,egc,4.0777,4.232902486174774
*OP(=O)(Oc1ccccc1)Oc1c(Cl)c(Cl)c(*)c(Cl)c1Cl,egc,4.5449,4.362407403223857
*OP(=O)(Oc1ccccc1)Oc1ccc(*)cc1,egc,5.1351,4.8969087620022
*OP(=O)(Oc1ccccc1)Oc1ccc(-c2ccc(*)cc2)cc1,egc,4.631,4.351917118479671
*OS(=O)(=O)c1cc(S(=O)(=O)Oc2ccc(C3(c4ccc(*)cc4)CCCC3)cc2)ccc1C,egc,3.9679,3.4778867715949264
*O[Si](C)(C)O[Si](C)(C)O[Si](C)(C)OC(C)CCC(*)C,egc,6.3039,5.57439254764161
*O[Si](C)(C)Oc1ccc(*)cc1,egc,4.9485,4.740494902651819
*Oc1c(-c2ccccc2)cc(*)cc1-c1ccccc1,egc,3.9085,3.686878516445581
*Oc1c(Br)cc(C2(c3cc(Br)c(OC(*)=O)c(Br)c3)CC3CCC2C3)cc1Br,egc,4.8531,3.8616762530979782
*Oc1c(C)cc(*)cc1C,egc,4.5265,4.505774062307261
*Oc1c(C)cc(N=Nc2ccc(C(*)=O)cc2)cc1C,egc,3.7116,3.3854552559360793
*Oc1c(F)c(F)c(S(=O)(=O)c2c(F)c(F)c(Oc3ccc(C(c4ccc(*)cc4)(C(F)(F)F)C(F)(F)F)cc3)c(F)c2F)c(F)c1F,egc,3.7366,3.632719311811673
*Oc1c(OC)cc(*)cc1OC,egc,4.2534,4.289897286424562
*Oc1cc(C)cc(OC(=O)c2cccc(C(*)=O)c2)c1,egc,4.2911,4.214365729361893
*Oc1cc(Cl)cc(Cl)c1*,egc,4.3654,4.190094729180868
*Oc1cc(OC(=O)c2ccc(C=Nc3ccc(OCCCCCCOc4ccc(N=Cc5ccc(C(*)=O)cc5)cc4F)c(F)c3)cc2)c(Cl)cc1Cl,egc,2.9795,3.3381367536094317
*Oc1cc(OC(=O)c2ccc(OCCCC)cc2)c(OC(=O)CCCC(*)=O)cc1OC(=O)c1ccc(OCCCC)cc1,egc,4.3317,3.748442892743351
*Oc1cc(Oc2ccc(C(C)(C)c3ccc(*)cc3)cc2)cc(C(=O)Oc2ccc(N=Nc3ccc(C#N)cc3)cc2)c1,egc,3.1481,3.537853678441911
*Oc1ccc(-c2ccc(-c3ccc(*)cc3)cc2)cc1,egc,3.9661,3.3867964493555296
*Oc1ccc(-c2ccc(-c3ccc(*)cc3)cc2)s1,egc,3.3694,3.255031518956427
*Oc1ccc(-c2ccc(-c3ccc(*)cc3)s2)cc1,egc,3.449,3.453406046624195
*Oc1ccc(-c2ccc(-c3ccc(*)cc3)s2)s1,egc,3.9319,3.0737257814529286
*Oc1ccc(-c2ccc(-c3ccc(*)s3)s2)s1,egc,2.5408,2.312742187471121
*Oc1ccc(-c2ccc(C(*)=O)cc2)cc1,egc,3.8635,3.8922225347298056
*Oc1ccc(-c2ccc(C(*)=O)cc2)cc1Br,egc,3.8867,3.6363286912201205
*Oc1ccc(-c2ccc(C(*)=O)s2)cc1,egc,2.8763,3.22704719267109
*Oc1ccc(-c2ccc(C(*)=O)s2)s1,egc,2.6473,2.908444287109163
*Oc1ccc(-c2ccc(N=Nc3ccc(C(*)=O)cc3)cc2)cc1,egc,3.5627,3.3063218967170362
*Oc1ccc(-c2ccc(OC(=O)CCCCCCCCC(*)=O)cc2)cc1,egc,4.5699,4.2151086990859365
*Oc1ccc(-c2ccc(Oc3ccc(C(C)(C)c4ccc(*)cc4)cc3)cc2)cc1,egc,4.2484,3.7691910874784362
*Oc1ccc(-c2ccc(Oc3cccc(*)n3)cc2)cc1,egc,4.055,3.953444879683969
*Oc1ccc(C(=Nc2ccc(N=C(c3ccccc3)c3ccc(On4c(=O)c5c(F)c6c(=O)n(*)c(=O)c6c(F)c5c4=O)cc3)cc2)c2ccccc2)cc1,egc,0.9593,2.6715634960035524
*Oc1ccc(C(=O)CCCCC(=O)c2ccc(OC(*)=O)cc2)cc1,egc,4.6051,4.373435826014333
*Oc1ccc(C(=O)CNCCCCCCCCNCC(=O)c2ccc(*)cc2)cc1,egc,3.8153,4.1507695119002035
*Oc1ccc(C(=O)CNNCC(=O)c2ccc(*)cc2)cc1,egc,4.1658,4.324417129335199
*Oc1ccc(C(=O)NCC(C)(C)CCCNC(=O)c2ccc(*)cc2)cc1,egc,4.7683,4.272527735645148
*Oc1ccc(C(=O)NCCCCCCCCCCCCNC(=O)c2ccc(*)cc2)cc1,egc,4.4794,4.19289211917742
*Oc1ccc(C(=O)NNC(=O)c2cccc(C(=O)NNC(=O)c3ccc(OC(=O)c4cccc(C(*)=O)c4)cc3)c2)cc1,egc,3.7359,3.441770211767744
*Oc1ccc(C(=O)Nc2cc(NC(=O)c3ccc(*)cc3)cc(-c3nc4ccccc4[nH]3)c2)cc1,egc,3.5407,3.4718104512065264
*Oc1ccc(C(=O)Nc2ccc(Cc3ccc(NC(=O)c4ccc(Oc5nc(*)nc(Sc6ccccc6)n5)cc4)cc3)cc2)cc1,egc,3.3904,3.6895595687327503
*Oc1ccc(C(=O)Nc2ccc(S(=O)(=O)c3ccc(NC(=O)c4ccc(*)cc4)cc3)cc2)cc1,egc,3.8301,3.359472630789839
*Oc1ccc(C(=O)Nc2ccc(S(=O)(=O)c3ccc(NC(=O)c4ccc(Oc5nc(*)nc(Sc6ccccc6)n5)cc4)cc3)cc2)cc1,egc,3.8673,3.6184160980293507
*Oc1ccc(C(=O)Nc2ccc(SCCC(*)=O)cc2)cc1,egc,3.9873,3.8711696223396155
*Oc1ccc(C(=O)OCCCOC(=O)c2ccc(*)cc2)cc1,egc,4.6133,4.42920411007072
*Oc1ccc(C(=O)OCCCOC(=O)c2ccc(OC(=O)c3ccc(C(*)=O)cc3)cc2)cc1,egc,4.0079,3.884463009556047
*Oc1ccc(C(=O)OCCOCCOC(=O)c2ccc(OC(*)=O)cc2)cc1,egc,4.6582,4.505101191986593
*Oc1ccc(C(=O)c2ccc(*)cc2)cc1,egc,3.9194,4.140144142098166
*Oc1ccc(C(=O)c2ccc(OC(=O)OC3C(C)(C)C(OC(*)=O)C3(C)C)cc2)cc1,egc,4.4802,4.534462510067732
*Oc1ccc(C(=O)c2cccc(C(=O)c3ccc(*)cc3)c2)cc1,egc,3.9576,3.853472784658788
*Oc1ccc(C(=S)c2ccc(*)cc2)cc1,egc,2.6372,3.3527485382479973
*Oc1ccc(C(=S)c2ccc(*)cc2)s1,egc,2.6462,3.0266460326210756
*Oc1ccc(C(=S)c2ccc(*)s2)s1,egc,2.6229,2.5466111395807554
*Oc1ccc(C(C#N)(c2ccccc2)c2ccc(OC(*)=O)cc2)cc1,egc,5.0272,5.059801081139376
*Oc1ccc(C(C)(C)c2ccc(OC(*)=O)c(Cl)c2)cc1,egc,5.0408,4.958769844937619
*Oc1ccc(C(C)(C)c2ccc(OC(*)=O)c(Cl)c2)cc1Cl,egc,4.9898,4.783772822208255
*Oc1ccc(C(C)(C)c2ccc(OC(*)=O)cc2)cc1,egc,5.2059,5.05467587011081
*Oc1ccc(C(C)(C)c2ccc(OC(=O)OCCN(CCOC(*)=O)c3ccc(OC)cc3)cc2)cc1,egc,4.212,4.341157356180186
*Oc1ccc(C(C)(C)c2ccc(OC(=O)c3ccc(C(*)=O)cc3)c(C(C)C)c2)cc1C(C)C,egc,3.2409,3.5525707582238053
*Oc1ccc(C(C)(C)c2ccc(Oc3cncc(*)n3)cc2)cc1,egc,4.2862,4.484838384906555
*Oc1ccc(C(C)(C)c2ccc(Oc3nc(*)nc(OC)n3)cc2)cc1,egc,5.075,4.373196000543184
*Oc1ccc(C(C)(CC)c2ccc(OC(*)=O)cc2)cc1,egc,5.0105,5.084719543356081
*Oc1ccc(C(C)(CCC#N)c2ccc(OC(*)=O)c(C)c2)cc1C,egc,4.6661,4.601071401661344
*Oc1ccc(C(C)(c2ccccc2)c2ccc(OC(=O)OC3C(C)(C)C(OC(*)=O)C3(C)C)cc2)cc1,egc,5.136,4.944661598348228
*Oc1ccc(C(C)=Cc2ccc(OC(=O)OCCCCCCOC(*)=O)cc2)cc1,egc,4.2293,4.123515152334881
*Oc1ccc(C(C)=Cc2ccc(OC(=O)OCCCCOC(*)=O)cc2)cc1,egc,4.0366,4.155867117433688
*Oc1ccc(C(C)=Nc2ccc(N=C(C)c3ccc(*)cc3)cc2)cc1,egc,2.9143,2.9814171638253155
*Oc1ccc(C(CC)(c2ccccc2)c2ccc(OC(*)=S)cc2)cc1,egc,4.1012,3.9732810387924253
*Oc1ccc(C(CC)c2ccc(OC(*)=O)cc2)cc1,egc,5.1581,4.993253980259498
*Oc1ccc(C(CCCC)(CCCC)c2ccc(OC(*)=O)cc2)cc1,egc,4.9969,4.910209094550103
*Oc1ccc(C(F)(F)C(*)(F)F)s1,egc,4.1725,4.776773157591708
*Oc1ccc(C(c2ccc(OC(*)=O)cc2)C2CCCCC2)cc1,egc,4.5492,4.930888022343778
*Oc1ccc(C(c2ccc(OC(=O)c3ccc(OCCCCCCCCCCOc4ccc(C(*)=O)cc4)cc3)cc2)(C(F)(F)F)C(F)(F)F)cc1,egc,4.4545,3.9612229736249778
*Oc1ccc(C(c2ccc(OC(=O)c3cccc(C(*)=O)c3)cc2)C(Cl)(Cl)Cl)cc1,egc,3.8681,3.765339573885392
*Oc1ccc(C(c2ccccc2)(c2ccccc2)c2ccc(OC(=O)CCCCCCCCC(*)=O)cc2)cc1,egc,4.7541,4.5370900073477545
*Oc1ccc(C(c2ccccc2)(c2ccccc2)c2ccc(OC(=O)c3ccc(S(=O)(=O)c4ccc(C(*)=O)cc4)cc3)cc2)cc1,egc,3.2146,3.7313860622596264
*Oc1ccc(C(c2ccccc2)c2ccc(OC(*)=O)cc2)cc1,egc,5.1003,4.960985209047827
*Oc1ccc(C(c2ccccc2)c2ccc(OC(*)=O)cc2C)c(C)c1,egc,4.7259,4.411293222159545
*Oc1ccc(C2(c3ccc(OC(*)=O)cc3)CC(C)CC(C)(C)C2)cc1,egc,4.7559,5.002224579629677
*Oc1ccc(C2(c3ccc(OC(*)=O)cc3)CCCCCC2)cc1,egc,4.9619,4.796619908905773
*Oc1ccc(C2(c3ccc(OC(*)=O)cc3)c3ccccc3-c3ccccc32)cc1,egc,4.4035,4.286499330207014
*Oc1ccc(C2(c3ccc(OC(=O)OC4C(C)(C)C(OC(*)=O)C4(C)C)cc3)CC3CCC2C3)cc1,egc,4.7221,4.9327804147819245
*Oc1ccc(C2(c3ccc(OC(=O)OC4C(C)(C)C(OC(*)=O)C4(C)C)cc3)CCC(C(C)(C)C)CC2)cc1,egc,5.0195,4.7830946699085235
*Oc1ccc(C2(c3ccc(OC(=O)c4ccc(C(*)=O)cc4)cc3)CC3CC2C2CCCC32)cc1,egc,3.4323,3.431301564006975
*Oc1ccc(C2(c3ccc(OC(=O)c4ccc(C(*)=O)cc4)cc3)CCC(C(C)(C)C)CC2)cc1,egc,3.1462,3.4598107622294227
*Oc1ccc(C2(c3ccc(OC(=O)c4ccc(C(*)=O)cc4)cc3)CCc3ccccc32)cc1,egc,3.2587,3.6555579188268945
*Oc1ccc(C2(c3ccc(OC(=O)c4ccc(C(*)=O)cc4)cc3)OC(=O)c3ccccc32)cc1,egc,3.8358,3.5904477471125564
*Oc1ccc(C2(c3ccc(OC(=O)c4cccc(C(*)=O)c4)cc3)CCC3CCCCC3C2)cc1,egc,3.6386,3.615324147604609
*Oc1ccc(C=CC(*)=O)cc1,egc,3.6422,3.6322707900632665
*Oc1ccc(C=Nc2ccc(N=Cc3ccc(*)cc3)cc2)cc1,egc,2.8416,3.0627537588128395
*Oc1ccc(CC(*)=O)cc1,egc,4.8618,4.8329026474269945
*Oc1ccc(CC(C#N)(C#N)Cc2ccc(*)cc2)cc1,egc,4.9531,4.66097558920649
*Oc1ccc(CC(NC(=O)CCc2ccc(OC(=O)CCCC(*)=O)cc2)C(=O)OCCOCCOCC)cc1,egc,5.2606,5.011201456392507
*Oc1ccc(CC(NC(=O)CCc2ccc(OC(=O)CCCCCCC(*)=O)cc2)C(=O)OCC(C)C)cc1,egc,5.1444,5.007459735227248
*Oc1ccc(CC(NC(=O)CCc2ccc(OC(=O)CCCCCCC(*)=O)cc2)C(=O)OCC)cc1,egc,5.0929,5.112906535875055
*Oc1ccc(CC(NC(=O)CCc2ccc(OC(=O)COCCOCC(*)=O)cc2)C(=O)OC)cc1,egc,5.2022,5.023878923534038
*Oc1ccc(CC(NC(=O)Cc2ccc(OC(=O)CC(C)CCC(*)=O)cc2)C(=O)OCCCCCC)cc1,egc,4.8662,4.848582895808796
*Oc1ccc(CCNC(=O)c2cccc(C(*)=O)c2)cc1,egc,4.1401,4.367007467311647
*Oc1ccc(Cc2ccc(OC(*)=O)cc2)cc1,egc,4.8502,5.0591156557178705
*Oc1ccc(Cc2ccc(OC(=O)OCC3CCC(COC(*)=O)CC3)cc2)cc1,egc,5.1271,4.892837150855301
*Oc1ccc(N=CCCCC=Nc2ccc(OC(=O)Nc3cc(NC(*)=O)ccc3C)cc2)cc1,egc,4.0981,3.829676040136685
*Oc1ccc(N=CNc2ccc(*)cc2)cc1,egc,3.7365,3.3353846990203704
*Oc1ccc(N=Nc2ccc(*)cc2)cc1,egc,3.1576,3.384750861556379
*Oc1ccc(NC(=C(C#N)C#N)c2ccc(-c3ccc(-c4ccc(C(Nc5ccc(*)cc5)=C(C#N)C#N)cc4)cc3)cc2)cc1,egc,3.7835,2.9422946279789617
*Oc1ccc(NC(=O)CCCCCCCCCCC(=O)Nc2ccc(*)cc2)cc1,egc,4.4722,4.495547477151703
*Oc1ccc(NC(=O)NCCCCCCNC(*)=O)cc1C,egc,4.8377,4.771716757585195
*Oc1ccc(NC(=O)OCCOC(=O)Nc2ccc(*)cc2)cc1,egc,4.8662,4.591045610469493
*Oc1ccc(NC(=O)c2cc(C(=O)Nc3ccc(*)cc3)cc(S(=O)(=O)c3ccccc3)c2)cc1,egc,3.3682,3.56392917190572
*Oc1ccc(NC(=O)c2cc(NC(=O)c3ccccc3)cc(C(=O)Nc3ccc(*)cc3)c2)cc1,egc,3.6254,3.484786447503185
*Oc1ccc(NC(=O)c2cc(NC(=O)c3ccncc3)cc(C(=O)Nc3ccc(*)cc3)c2)cc1,egc,3.2858,3.3987105092787697
*Oc1ccc(NC(=O)c2ccc(Oc3ccc(C(=O)Nc4ccc(*)cc4)c(C(=O)O)c3)cc2C(=O)O)cc1,egc,3.3446,3.2501920166021447
*Oc1ccc(NC(=O)c2cccc(C(=O)Nc3ccc(Oc4ccc(C5(c6ccc(*)cc6)C6CC7CC(C6)CC5C7)cc4)cc3)c2)cc1,egc,3.8847,3.4919315199013394
*Oc1ccc(Nc2ccc(N=Nc3ccc(Nc4ccc(*)cc4)cc3)cc2)cc1,egc,2.8393,3.152703543485201
*Oc1ccc(OC(=O)CCC(*)=O)cc1,egc,5.0485,4.870202288142295
*Oc1ccc(OC(=O)Oc2ccc(C(*)=O)cc2)cc1,egc,4.5384,4.204896576449983
*Oc1ccc(OC(=O)Oc2ccc(OC(*)=O)cc2)cc1Cl,egc,5.1691,4.2326845572126315
*Oc1ccc(OC(=O)c2ccc(C(*)=O)cc2)cc1,egc,3.7683,4.091940762456002
*Oc1ccc(OC(=O)c2ccc(C(*)=O)cc2)cc1C1CCCCCC1,egc,3.5076,3.5976311830229397
*Oc1ccc(OC(=O)c2ccc(C(*)=O)cc2)cc1CCC(C)CC,egc,3.5259,3.640662883244157
*Oc1ccc(OC(=O)c2ccc(C(*)=O)cc2)cc1Cl,egc,3.9402,4.010082012148889
*Oc1ccc(OC(=O)c2ccc(C(*)=O)cc2Oc2ccc(F)cc2)cc1,egc,3.4967,3.8130455520964257
*Oc1ccc(OC(=O)c2ccc(OC(=O)CCCCCCC(*)=O)cc2)cc1,egc,4.1613,4.383553904663013
*Oc1ccc(OC(=O)c2ccc(OC(=O)CCCCCCCCC(*)=O)cc2)cc1,egc,4.2519,4.396415654876727
*Oc1ccc(OC(=O)c2ccc(OCCCCCCCCCCOc3ccc(C(*)=O)cc3)cc2)cc1S(=O)(=O)c1ccccc1,egc,4.4922,3.6554529315957804
*Oc1ccc(Oc2ccc(*)cc2)s1,egc,4.6798,4.023809777091856
*Oc1ccc(Oc2ccc(C(=O)c3ccc(*)cc3)cc2)cc1,egc,3.9034,3.916095421167168
*Oc1ccc(Oc2ccc(C(=O)c3ccc(*)cc3)cc2)cc1C,egc,3.5517,3.868822158631868
*Oc1ccc(Oc2ccc(C(=O)c3ccc(*)cc3)cc2)cc1C(=O)O,egc,3.6534,3.6247303351872797
*Oc1ccc(Oc2ccc(C(=O)c3ccc(*)cc3)cc2)cc1C(=O)OC,egc,3.7296,3.7353835196764624
*Oc1ccc(Oc2ccc(C(=O)c3ccc(*)cc3)cc2)cc1C(Br)Br,egc,3.947,3.581278262266661
*Oc1ccc(Oc2ccc(C(=O)c3ccc(*)cc3)cc2)cc1C=O,egc,3.6677,3.6706327609559004
*Oc1ccc(Oc2ccc(C(=O)c3ccc(*)cc3)cc2)cc1CBr,egc,3.6235,3.5761834974726106
*Oc1ccc(Oc2ccc(C(=O)c3ccc(*)cc3)cc2)cc1CC#N,egc,4.0183,3.7571847352515193
*Oc1ccc(Oc2ccc(C(=O)c3cccc(-c4cccc(C(=O)c5ccc(*)cc5)c4)c3)cc2)cc1,egc,3.724,3.5914652024257467
*Oc1ccc(Oc2ccc(C(=O)c3ccccc3-c3ccccc3C(=O)c3ccc(*)cc3)cc2)cc1,egc,3.3644,3.6948872715742707
*Oc1ccc(Oc2ccc(C=NCCCCCCN=Cc3ccc(*)cc3)cc2)cc1,egc,4.2565,4.039463635237081
*Oc1ccc(Oc2ccc(C=NCCCCN=Cc3ccc(*)cc3)cc2)cc1,egc,4.1246,4.04797000426229
*Oc1ccc(Oc2ccc(NC(=C(C#N)C#N)c3ccc(-c4ccc(-c5ccc(C(Nc6ccc(*)cc6)=C(C#N)C#N)cc5)cc4)cc3)cc2)cc1,egc,3.2228,3.459444476359892
*Oc1ccc(Oc2ccc(NC(=C(C#N)C#N)c3cccc(C(Nc4ccc(*)cc4)=C(C#N)C#N)c3)cc2)cc1,egc,2.6924,3.2648971754339855
*Oc1ccc(Oc2ccc(NC(=O)c3ccc(Oc4ccc(C(=O)Nc5ccc(*)cc5)c(C(=O)O)c4)cc3C(=O)O)cc2)cc1,egc,3.1241,3.248137078743057
*Oc1ccc(Oc2ccc(OC(=O)c3ccc(C4(c5ccc(C(*)=O)cc5)OC(=O)c5ccccc54)cc3)cc2)cc1,egc,3.6172,3.6722272674585215
*Oc1ccc(Oc2ccc(OC(=O)c3ccc(OC(=O)c4ccc(C(=O)Oc5ccc(C(*)=O)cc5)cc4)cc3)cc2)cc1,egc,2.7268,3.58989184198923
*Oc1ccc(Oc2ccc(OC(=O)c3cccc(C(*)=O)c3)cc2)cc1,egc,3.4373,3.8299972408435417
*Oc1ccc(Oc2ccc(Oc3cccc(*)n3)cc2)cc1,egc,4.1433,4.2123385368506465
*Oc1ccc(Oc2cccc(*)n2)c(-c2ccccc2)c1,egc,4.2637,4.014539338431678
*Oc1ccc(Oc2cccc(*)n2)c(C)c1,egc,4.4881,4.30264403940896
*Oc1ccc(Oc2cccc(*)n2)cc1,egc,4.3182,4.472104505094537
*Oc1ccc(P(=O)(c2ccccc2)c2ccc(*)cc2)cc1,egc,4.8858,4.425057031388814
*Oc1ccc(P(C)(=O)c2ccc(*)cc2)cc1,egc,4.6884,4.536069305077058
*Oc1ccc(S(=O)(=O)c2ccc(*)cc2)cc1,egc,4.3172,4.28191486418919
*Oc1ccc(S(=O)(=O)c2ccc(-c3ccc(-c4ccc(S(=O)(=O)c5ccc(*)cc5)cc4)cc3)cc2)cc1,egc,3.6921,3.694892621427282
*Oc1ccc(S(=O)(=O)c2ccc(Oc3ccc(C4(c5ccc(*)cc5)c5ccccc5-c5ccccc54)cc3)cc2)cc1,egc,4.0393,3.546562938667602
*Oc1ccc(S(=O)(=O)c2ccc3cc(S(=O)(=O)c4ccc(Oc5c(C)cc(-c6cc(C)c(*)c(C)c6C)c(C)c5C)cc4)ccc3c2)cc1,egc,3.4715,3.569859677061898
*Oc1ccc(S(=O)(=O)c2cccc3c(S(=O)(=O)c4ccc(Oc5ccc(-c6ccc(*)cc6)cc5)cc4)cccc23)cc1,egc,3.4062,3.6984454629781487
*Oc1ccc(S(=O)c2ccc(OC(*)=O)cc2)cc1,egc,4.6592,4.492061642235368
*Oc1ccc(SSCCSSc2ccc(*)cc2)cc1,egc,4.0205,4.0468687281127815
*Oc1ccc(Sc2ccc(*)cc2)cc1,egc,4.5667,4.263047276488782
*Oc1ccc(Sc2ccc(OC(*)=O)cc2)cc1,egc,4.473,4.38476666143542
*Oc1ccc2c(c1)C(=O)N(Oc1ccc(C(N3C(=O)CC(*)C3=O)(C(F)(F)F)C(F)(F)F)cc1)C2=O,egc,3.5205,3.7426476624940435
*Oc1ccc2ccccc2c1N=Nc1ccc(C(*)=O)cc1,egc,2.8394,3.2938644865629536
*Oc1ccc2nc3oc4cc5oc6c7c(cn6ccc5on4cnc3c12)nc1c(*)ccccc17,egc,1.4158,1.9972891804132407
*Oc1cccc(*)c1,egc,4.9932,4.23423091255525
*Oc1cccc(C(=O)Nc2ccc(S(=O)(=O)c3ccc(NC(=O)c4cccc(Oc5nc(*)nc(Sc6ccccc6)n5)c4)cc3)cc2)c1,egc,3.9202,3.335360037320711
*Oc1cccc(C(=O)OCC(F)(F)C(F)(F)C(F)(F)COC(=O)c2cccc(*)c2)c1,egc,4.5011,4.44243142688729
*Oc1cccc(C(=O)c2cccc(Oc3cccc(*)c3)c2)c1,egc,3.6547,4.129933148065845
*Oc1cccc(NC(=O)c2ccc(*)cc2)c1,egc,4.3679,3.9529852924308106
*Oc1cccc(OC(=O)c2ccc(Oc3ccc(C(*)=O)cc3)cc2)c1,egc,4.2359,3.8503641379876155
*Oc1cccc(OC(=O)c2cccc(C(*)=O)c2)c1,egc,4.1279,4.347750291378828
*Oc1cccc(Oc2ccc(S(=O)(=O)c3ccc(*)cc3)cc2)c1,egc,4.2737,4.303956593562814
*Oc1cccc(Oc2cccc(*)n2)c1,egc,4.536,4.383214237944663
*Oc1cccc2c(OC(=O)Oc3ccc(OC(*)=O)cc3C)cccc12,egc,4.1043,4.012539749961584
*Oc1cccc2c(OC(=O)Oc3cccc(OC(*)=O)c3)cccc12,egc,4.104,4.119841589513447
*Oc1ccccc1CNC(=O)Nc1ccc(Cc2ccc(NC(*)=O)cc2)cc1,egc,4.6144,4.097453287484837
*SC1CCCC(*)C1,egc,4.9242,4.974055714262635
*c1[nH]c(*)c(C(=O)O)c1C,egc,3.2017,3.155728988824614
*c1[nH]c(*)c(CC(=O)OC)c1CC(=O)OC,egc,3.2776,3.079497454886053
*c1[nH]c(*)c(OC)c1OC,egc,2.5591,3.8953582733037444
*c1[nH]c(*)c2c1CCCC2,egc,2.7316,3.017806050638324
*c1[nH]c(*)c2c1CCCCC2,egc,3.1158,2.7464712966919604
*c1c(C)cc(-c2cc(C)c(N3C(=O)c4ccc(-c5ccc6c(c5)C(=O)N(*)C6=O)cc4C3=O)c(C)c2)cc1C,egc,2.8885,3.0634067308097417
*c1c(C)cc(-c2cc(C)c(N3C(=O)c4ccc(S(=O)(=O)c5ccc6c(c5)C(=O)N(*)C6=O)cc4C3=O)c(C)c2)cc1C,egc,2.7305,2.9851619023225493
*c1c(C)cc(Cc2cc(C)c(N3C(=O)c4ccc(Oc5cccc6c(Oc7ccc8c(c7)C(=O)N(*)C8=O)cccc56)cc4C3=O)c(C)c2)cc1C,egc,3.4317,2.651085507149986
*c1c(F)c(F)c(*)c(F)c1F,egc,5.4728,3.5832198492062024
*c1cc(*)c(O)c(C=Nc2ccc(C(=O)O)cc2)c1,egc,2.8212,3.2343572386583603
*c1cc(*)c(O)c(C=Nc2ccc(Cl)cc2)c1,egc,2.9264,2.722285460674315
*c1cc(*)c(O)c(C=O)c1,egc,3.2778,3.748235904536878
*c1cc(*)cc(C23CC4CC(CC(C4)C2)C3)c1,egc,4.4178,3.893515146301323
*c1cc(-c2cc(CCCCCCCC)ccc2CCCCCCCC)c(*)s1,egc,1.6967,2.3817572159548557
*c1cc(-c2ccc(Br)cc2)c(*)s1,egc,2.7394,2.629760786814179
*c1cc(-c2ccc(F)cc2)c(*)s1,egc,2.6765,2.526056770155903
*c1cc(-c2ccc(OCCCCCC)cc2)c(*)s1,egc,2.6448,2.6044644702607607
*c1cc(-c2ccc(OCCCCCCCC)cc2)c(*)s1,egc,2.6404,2.611907357682938
*c1cc(-c2ccccc2)c(*)s1,egc,2.7439,2.6752787312629835
*c1cc(-c2nc3ccccc3o2)cc(-n2c(=O)c3cc4c(=O)n(*)c(=O)c4cc3c2=O)c1,egc,2.4745,2.7931070803721956
*c1cc(-c2nc3ccccc3s2)cc(-n2c(=O)c3cc4c(=O)n(*)c(=O)c4cc3c2=O)c1,egc,2.4436,2.702656501172024
*c1cc(-c2sc(-c3cc(C)c(*)s3)cc2C)c2cccccc1-2,egc,1.8668,2.277116381804614
*c1cc(-n2c(=O)c3cc4c(=O)n(*)c(=O)c4cc3c2=O)c(O)cc1O,egc,2.8367,2.785256884677878
*c1cc(-n2c(=O)c3cc4c(=O)n(-c5ccc(-c6nnc(*)n6N)cc5)c(=O)c4cc3c2=O)c(-c2c(Cl)cccc2Cl)s1,egc,2.1911,2.307217256399952
*c1cc(Br)c(Oc2c(Br)cc(N3C(=O)c4ccc(-c5ccc6c(c5)C(=O)N(*)C6=O)cc4C3=O)cc2Br)c(Br)c1,egc,2.9494,2.7875672083023413
*c1cc(C#N)c(*)s1,egc,1.691,2.5459881393840478
*c1cc(C(=O)OCC(F)(F)C(F)(F)C(F)(F)F)c(*)s1,egc,2.8607,2.737765291007711
*c1cc(C(=O)OCCCCCC)c(*)s1,egc,2.8903,2.739265303131399
*c1cc(C(=O)Oc2cccc3cccnc23)c(*)s1,egc,2.8057,2.2807289813149483
*c1cc(C(C(=O)OC)C(=O)OC)c(*)s1,egc,2.7717,2.839823500481645
*c1cc(C(F)(F)C(F)(F)C(F)(F)F)c(*)s1,egc,2.8054,2.7128831813329435
*c1cc(C)c(*)cn1,egc,5.1074,4.434615023307987
*c1cc(C)c(*)s1,egc,1.9299,2.3710060339970815
*c1cc(C)c(-c2c(C)cc(N3C(=O)c4ccc(-c5ccc6c(c5)C(=O)N(*)C6=O)cc4C3=O)cc2C)c(C)c1,egc,3.1002,2.8056619674343715
*c1cc(C=NC(=S)Nc2ccc(-n3c(=O)c4cc5c(=O)n(*)c(=O)c5cc4c3=O)cc2)ccc1Cl,egc,2.0293,2.1725981346624557
*c1cc(C=Nc2ccc(C)cc2)c(*)c(OC)c1,egc,3.3765,3.2252056050035796
*c1cc(C=O)cc(*)c1O,egc,4.1592,3.8098722516233354
*c1cc(CC(=O)Cl)c(*)s1,egc,2.8053,2.3019580752379074
*c1cc(CC(=O)OCCCCCCCC)c(*)[nH]1,egc,3.192,2.9632404304963296
*c1cc(CC(=O)OCCCCCCOc2ccc(N=Nc3ccc(C#N)cc3)cc2)c(*)s1,egc,2.6018,2.581843791394703
*c1cc(CC(=O)OCCN(CC)c2ccc(N=Nc3ccc([N+](=O)[O-])cc3)cc2)c(*)s1,egc,2.2179,1.863604069160335
*c1cc(CC)c(*)s1,egc,2.3523,2.407074101486421
*c1cc(CCCC(F)(F)C(F)(F)C(F)(F)C(F)(F)F)c(*)s1,egc,2.4769,2.700103814441807
*c1cc(CCCC)c(*)s1,egc,2.5394,2.4032831923860893
*c1cc(CCCCC)c(*)s1,egc,2.495,2.43159240540289
*c1cc(CCCCCC)c(*)[nH]1,egc,2.8742,2.8723263817634015
*c1cc(CCCCCC)c(*)s1,egc,2.5608,2.50710525662319
*c1cc(CCCCCCBr)c(*)s1,egc,2.553,2.6077351117357805
*c1cc(CCCCCCCC)c(*)s1,egc,2.5682,2.628815123717491
*c1cc(CCCCCCCCCC(O)CO)c(*)s1,egc,2.497,2.9786083146063005
*c1cc(CCCCCCCCCC)c(*)[nH]1,egc,2.8756,3.3469170443056684
*c1cc(CCCCCCCCCC2COC(=O)O2)c(*)s1,egc,2.5293,3.2067177622163485
*c1cc(CCCCCCCCCC2COC(C)(C)O2)c(*)s1,egc,2.9938,2.4657481592826938
*c1cc(CCCCCCCCCC2COC(c3ccccc3)O2)c(*)s1,egc,3.048,2.6123358982206866
*c1cc(CCCCCCCCCCCC)c(*)s1,egc,2.7478,2.579599504405072
*c1cc(CCCCCCCCCCCC)c(-c2sc(*)c3c2OCCO3)s1,egc,2.3785,1.698922597085109
*c1cc(CCCCCCCCCCCCCCCC)c(*)[nH]1,egc,3.0442,3.2985752113160514
*c1cc(CCCCCCCCCCCCCCCCCCCCCC)c(*)s1,egc,2.9666,2.730902537125388
*c1cc(CCCCCCOC(=O)COc2ccccc2)c(*)s1,egc,2.6531,2.674564164492534
*c1cc(CCN(CC)c2ccc(N=Nc3ccc(C=C(C#N)C#N)cc3)cc2)c(*)s1,egc,1.3795,1.823566362252837
*c1cc(CCOC(=O)C(C)Br)c(*)s1,egc,2.3659,2.477195248107426
*c1cc(CCOCCOC)c(*)[nH]1,egc,2.8631,2.8832097462975974
*c1cc(CCOc2ccc(N=Nc3ccc(C#N)cc3)cc2)c(*)s1,egc,2.0292,2.336952721147243
*c1cc(CCS(=O)(=O)O)c(*)s1,egc,2.5623,2.490367814047486
*c1cc(COCCCCCCCCCCCCOc2ccc(-c3ccc(OC)cc3)cc2)c(*)s1,egc,2.5163,2.6867440563769636
*c1cc(COCCCCCCCCOc2ccc(-c3ccc(C#N)cc3)cc2)c(*)s1,egc,2.9654,2.7121880302769608
*c1cc(COCCOCCOC)c(-c2cc(CCCCCCCCCCCC)c(*)s2)s1,egc,1.7176,2.510031717775358
*c1cc(N=Nc2ccc(C#N)cc2)cc(*)c1O,egc,2.4223,2.87801360123581
*c1cc(N=Nc2ccc(C(=O)O)cc2)cc(*)c1O,egc,2.9911,2.997132592901857
*c1cc(N=Nc2ccc(S(=O)(=O)O)cc2)cc(*)c1O,egc,3.0327,2.9106235010930113
*c1cc(OCC(=O)C23CC4CC(CC(C4)C2)C3)c(*)cc1OC,egc,4.0135,3.7388706337957607
*c1cc(OCCOC)c(*)s1,egc,1.6015,2.9122168792832883
*c1cc(OCCOCCCC)c(*)s1,egc,2.819,1.774987713357877
*c1cc(OCCOCCOC)c(-c2sc(*)c3c2OCCO3)s1,egc,2.2046,1.7355842121465679
*c1cc(SC)c(*)s1,egc,1.5945,2.1895488710643605
*c1cc(SCCCCCC)c(*)s1,egc,1.6201,2.00200599737272
*c1cc(SCCCCCCCCCCCC)c(*)s1,egc,1.5021,2.2789736163607963
*c1cc2c(s1)-c1sc(*)cc1C2(CCCCCC)CCCCCC[N+](C)(C)C,egc,0.0751,0.2107271102478244
*c1cc2c(s1)-c1sc(*)cc1C2=C(C#N)C#N,egc,0.6839,1.8441592659410848
*c1cc2c(s1)-c1sc(*)cc1C2=C1c2ccsc2-c2sccc21,egc,1.3371,1.484384160826797
*c1cc2c(s1)-c1sc(*)cc1C2CCCCCCN,egc,2.6725,1.8645534642293582
*c1cc2c(s1)-c1sc(-c3sc(-c4sc(*)c5c4OCCO5)c4c3OCCO4)cc1C2=C(C#N)C#N,egc,0.9952,1.313437947436072
*c1cc2cc(*)sc2s1,egc,3.3358,1.9103264352363616
*c1cc2sc(*)cc2s1,egc,1.8963,2.7310561830680173
*c1cc2sc3cc(*)sc3c2s1,egc,1.8464,1.6067889819111525
*c1ccc(*)[nH]1,egc,2.4594,2.5785031641066194
*c1ccc(*)c(C(=O)c2c(F)c(F)c(F)c(F)c2F)c1,egc,4.0903,3.7518464710405777
*c1ccc(*)c(OC)c1N,egc,4.71,3.607118276492106
*c1ccc(*)c2nc(-c3ccccc3)c(-c3ccccc3)nc12,egc,3.1914,3.089456660672694
*c1ccc(*)c2nc(CCCCCCC)c(CCCCCCC)nc12,egc,3.0414,3.444477437478794
*c1ccc(*)c2nccnc12,egc,3.0389,3.606468650547837
*c1ccc(*)n1C,egc,2.6193,2.7291616368312774
*c1ccc(*)n1C(=O)OCC,egc,2.3493,3.279500224099542
*c1ccc(*)n1C(C(=O)NO)n1ccc2ccccc21,egc,2.4131,3.3140071118246723
*c1ccc(*)n1C(C)C(=O)OC,egc,2.9894,2.659515730529902
*c1ccc(*)n1CC(=O)NO,egc,2.9276,2.540094675696393
*c1ccc(*)n1CC(=O)OC,egc,2.6899,2.97111239418302
*c1ccc(*)n1CCC(=O)NO,egc,2.8742,2.995673085284507
*c1ccc(*)n1CCC(=O)OC,egc,2.7978,2.893867105032931
*c1ccc(*)n1CCC(=O)OCC,egc,2.8986,2.9441261274308936
*c1ccc(*)n1CCCCCC,egc,2.8542,2.396715397383218
*c1ccc(*)n1Cc1ccc[n+](C)c1,egc,0.2844,1.9791410871060497
*c1ccc(-c2cc(CCCCCCCCCCCC)c(*)s2)s1,egc,1.5458,2.118464638843885
*c1ccc(-c2cc(CCCCCCOC(=O)COc3ccccc3)c(*)s2)s1,egc,1.9751,2.5367547927582783
*c1ccc(-c2ccc(*)c(C)c2)cc1C,egc,3.8863,3.2514587549582434
*c1ccc(-c2ccc(*)c(CCCCCC)n2)nc1CCCCCC,egc,3.9211,3.2385402747710965
*c1ccc(-c2ccc(*)n2C#Cc2ccc(CCCCCC)cc2)s1,egc,2.5339,2.1201084653380433
*c1ccc(-c2ccc(*)nc2)cn1,egc,3.5855,3.6051019848681722
*c1ccc(-c2ccc(-c3cc(*)c4cccccc3-4)s2)s1,egc,2.0762,2.161108647158563
*c1ccc(-c2ccc(-c3cc(-c4ccc(Oc5ccc(-c6cc(*)nc7ccccc67)cc5)cc4)c4ccccc4n3)cc2)cc1,egc,3.4086,3.1239001854670434
*c1ccc(-c2ccc(-c3cc(-c4ccccc4)c4cc(-c5ccc6nc(*)cc(-c7ccccc7)c6c5)ccc4n3)cc2)cc1,egc,3.1298,3.1174373808371585
*c1ccc(-c2ccc(-c3cc(CCCCCCCC)c(*)s3)s2)s1,egc,2.4777,1.8774034983361605
*c1ccc(-c2ccc(-c3cc(OCCCCCCCCCCCC)c(*)s3)s2)s1,egc,1.9946,1.9150846497547698
*c1ccc(-c2ccc(-c3cc(SCCCC)c(*)s3)cc2)cc1,egc,2.8499,2.9423792704655853
*c1ccc(-c2ccc(-c3cc(SCCCCCCCCCC)c(*)s3)cc2)cc1,egc,3.0684,2.676322728064057
*c1ccc(-c2ccc(-c3ccc(*)n3C)n2C)cn1,egc,2.931,2.7299707796099923
*c1ccc(-c2ccc(-c3ccc(*)n3C)o2)o1,egc,2.825,2.4905377089246166
*c1ccc(-c2ccc(-c3ccc(*)n3C)s2)s1,egc,2.5449,2.137275311980836
*c1ccc(-c2ccc(-c3ccc(*)s3)o2)o1,egc,1.6749,1.8943524848553257
*c1ccc(-c2ccc(-c3ccc(*)s3)s2)cn1,egc,2.3342,2.9822298319319454
*c1ccc(-c2ccc(-c3ccc(*)s3)s2)o1,egc,1.6557,2.127373074677797
*c1ccc(-c2ccc(-c3ccc(-c4cc(-c5ccccc5)c5cc(Oc6ccc7nc(*)cc(-c8ccccc8)c7c6)ccc5n4)cc3)cc2)cc1,egc,3.1875,3.3877666843178935
*c1ccc(-c2ccc(-c3ccc(-c4ccc(*)cc4)cc3)cc2)cc1,egc,2.5009,3.607324989774801
*c1ccc(-c2ccc(-c3ccc(-c4ccc(*)s4)cc3)cc2)cc1,egc,2.8936,2.8366528802826187
*c1ccc(-c2ccc(-c3ccc(-c4ccc(*)s4)cc3)s2)cc1,egc,2.8274,2.4575553296900714
*c1ccc(-c2ccc(-c3ccc(-c4ccc(*)s4)s3)cc2)cc1,egc,2.2403,2.8110950929815854
*c1ccc(-c2ccc(-c3ccc(-c4ccc(*)s4)s3)s2)cc1,egc,2.0066,2.365025599523921
*c1ccc(-c2ccc(-c3ccc(-c4ccc(-c5ccc(*)n5CCCCCCCCCCCC)s4)s3)s2)s1,egc,2.1419,2.2144437140128708
*c1ccc(-c2ccc(-c3ccc(-c4nc5cc6sc(*)nc6cc5s4)cc3)c(-c3ccccc3)c2-c2ccccc2)cc1,egc,3.1992,2.777870469432279
*c1ccc(-c2ccc(-c3ccc(-n4c(=O)c5cc6c(=O)n(*)c(=O)c6cc5c4=O)cc3)cc2)cc1,egc,2.1515,2.3785881369743995
*c1ccc(-c2ccc(-c3ccc4nc(Oc5cc(-c6ccccc6)c6cc(*)ccc6n5)cc(-c5ccccc5)c4c3)cc2)cc1,egc,3.3775,3.256734961193744
*c1ccc(-c2ccc(-c3cnc4cc(-c5ccc6nc(*)cnc6c5)ccc4n3)cc2)cc1,egc,2.7698,3.0971092238192592
*c1ccc(-c2ccc(-c3cnc4cc(Oc5ccc6nc(*)cnc6c5)ccc4n3)cc2)cc1,egc,3.0165,3.144201275675743
*c1ccc(-c2ccc(-c3nc(CCCCCCCCCCCC)c(-c4sc(*)nc4CCCCCCCCCCCC)s3)s2)s1,egc,2.2184,2.2601853104951752
*c1ccc(-c2ccc(-c3nc4cc(Oc5ccc6nc(-c7ccccc7)c(*)nc6c5)ccc4nc3-c3ccccc3)cc2)cc1,egc,3.1965,3.12404302537975
*c1ccc(-c2ccc(-c3nc4ccc(Oc5ccc6nc(*)c(-c7ccccc7)c(-c7ccccc7)c6c5)cc4c(-c4ccccc4)c3-c3ccccc3)cc2)cc1,egc,3.3136,3.0593606498937005
*c1ccc(-c2ccc(-c3nnc(*)n3-c3ccc(OC)cc3)cc2)cc1,egc,3.8442,3.4256646324072806
*c1ccc(-c2ccc(-c3sc(*)c4c3OCCO4)s2)s1,egc,1.3916,1.7258413708715334
*c1ccc(-c2ccc(-n3c(=O)c4cc5c(=O)n(*)c(=O)c5cc4c3=O)cc2)cc1,egc,2.1894,2.7214957616222764
*c1ccc(-c2ccc(-n3c(=O)c4cc5c(=O)n(*)c(=O)c5cc4c3=O)cc2F)c(F)c1,egc,2.7749,2.5044670978244956
*c1ccc(-c2ccc(-n3c(=O)c4cc5c(=O)n(*)c(=O)c5cc4c3=O)cc2OC(F)(F)F)c(OC(F)(F)F)c1,egc,2.7837,2.4423386315927536
*c1ccc(-c2ccc(C(=S)c3ccc(*)s3)s2)cc1,egc,2.0866,2.504029375927288
*c1ccc(-c2ccc(C(F)(F)C(*)(F)F)cc2)s1,egc,3.7339,3.4662127255258444
*c1ccc(-c2ccc(N(c3ccccc3)c3ccc4ccc(N(*)c5ccccc5)cc4c3)cc2)cc1,egc,3.0933,2.903201744093677
*c1ccc(-c2ccc(N3C(=O)c4ccc(-c5cccc6c5C(=O)N(*)C6=O)cc4C3=O)c(C)c2)cc1C,egc,2.9133,3.070446901084228
*c1ccc(-c2ccc(N3C(=O)c4ccc(Oc5ccc6c(c5)C(=O)N(*)C6=O)cc4C3=O)cc2)cc1,egc,3.0187,2.937886922695095
*c1ccc(-c2ccc(N3C(=O)c4ccc(Oc5ccc6c(c5)C(=O)N(*)C6=O)cc4C3=O)cc2C)c(C)c1,egc,3.2926,2.938694851953243
*c1ccc(-c2ccc(Oc3ccc(*)s3)s2)cc1,egc,3.0679,2.9981138329837447
*c1ccc(-c2ccc3nc(*)cc(-c4ccccc4)c3c2)cc1,egc,2.9209,3.135684053593625
*c1ccc(-c2ccc3nc(Oc4cc(-c5ccccc5)c5cc(*)ccc5n4)cc(-c4ccccc4)c3c2)cc1,egc,3.4645,3.22279854601206
*c1ccc(-c2ccc3nc4oc5cc6[nH]c7nc8cc(*)ccc8nc7nc-6[nH]c=5n-4ccc3c2)cc1,egc,1.9579,2.260203702288886
*c1ccc(-c2ccn3sc4nc5nc6c(cc5oc-4cc-3nc2)Nc2nc3ccc(*)cc3nc2O6)cc1,egc,1.535,2.3634988456065296
*c1ccc(-c2cnc3cc(-c4ccc5nc(*)cnc5c4)ccc3n2)cc1,egc,3.2178,3.2086833883383314
*c1ccc(-c2cnc3cc(S(=O)(=O)c4ccc5nc(*)cnc5c4)ccc3n2)cc1,egc,3.1704,3.303759234409266
*c1ccc(-c2cnc3cc4ncc(*)nc4cc3n2)cc1,egc,2.7084,3.059260340832823
*c1ccc(-c2cnc3ccc(-c4ccc5nc(*)cnc5c4)cc3n2)cc1,egc,3.3633,3.0648122015102754
*c1ccc(-c2cnc3ccc(-c4ccc5ncc(*)nc5c4)cc3n2)cc1,egc,3.3577,3.037238552749354
*c1ccc(-c2cnc3ccc(S(=O)(=O)c4ccc5ncc(*)nc5c4)cc3n2)cc1,egc,3.2952,3.3827690981954746
*c1ccc(-c2csc(-c3cc(*)cs3)c2)cc1,egc,3.4782,2.794674561896862
*c1ccc(-c2csc(-c3nc(*)cs3)n2)cc1,egc,3.3372,3.3063567366880218
*c1ccc(-c2nc(-c3ccc(-c4nc(*)sc4C(=O)O)cc3)c(C(=O)O)s2)cc1,egc,3.4119,2.9195513391720542
*c1ccc(-c2nc3cc(-c4ccc5nc(*)c(-c6ccc7ccccc7c6)nc5c4)ccc3nc2-c2ccc3ccccc3c2)cc1,egc,2.9636,3.034011745267027
*c1ccc(-c2nc3cc(-c4ccc5nc(*)c(-c6ccccc6)nc5c4)ccc3nc2-c2ccccc2)cc1,egc,2.983,3.157241126052956
*c1ccc(-c2nc3cc(-c4ccc5nc(-c6ccccc6)c(*)nc5c4)ccc3nc2-c2ccccc2)cc1,egc,3.3015,3.0529393680287673
*c1ccc(-c2nc3cc(-c4ccc5oc(*)nc5c4)ccc3o2)cc1,egc,3.1145,3.3375893408881914
*c1ccc(-c2nc3cc(Oc4ccc5nc(*)c(-c6ccccc6)nc5c4)ccc3nc2-c2ccccc2)cc1,egc,3.1353,3.1255382909817397
*c1ccc(-c2nc3cc4nc(*)[nH]c4cc3[nH]2)cc1,egc,3.6007,3.3357505295370857
*c1ccc(-c2nc3cc4nc(*)c(-c5ccccc5)nc4cc3nc2-c2ccccc2)cc1,egc,2.6364,2.896565862320135
*c1ccc(-c2nc3cc4nc(-c5ccccc5)c(*)nc4cc3nc2-c2ccccc2)cc1,egc,2.8531,2.7403045746656205
*c1ccc(-c2nc3ccc(-c4ccc5nc(*)c(-c6ccccc6)nc5c4)cc3nc2-c2ccccc2)cc1,egc,3.1693,3.0543437898504564
*c1ccc(-c2nc3ccc(-c4ccc5nc(*)sc5c4)cc3s2)cc1,egc,3.0122,3.1863934397618974
*c1ccc(-c2nc3ccc(Oc4ccc5nc(*)c(-c6ccccc6)nc5c4)cc3nc2-c2ccccc2)cc1,egc,3.199,3.1102088135867705
*c1ccc(-c2nnc(*)o2)c(OCCCCC)c1,egc,3.0444,3.921186184004542
*c1ccc(-c2nnc(*)o2)cc1,egc,3.0775,3.8517407540801223
*c1ccc(-c2nnc(-c3cccc(-c4nnc(*)o4)c3)o2)cc1,egc,3.4013,3.8153212563105576
*c1ccc(-c2nnc(-c3cccc(-c4nnc(*)o4)n3)o2)cc1,egc,3.8824,3.3879606709644676
*c1ccc(-c2nnc(-c3nnc(*)o3)o2)cc1,egc,2.9171,3.920819242146258
*c1ccc(-c2sc(-c3cc(SCCCC)c(*)s3)cc2SCCCC)cc1,egc,2.4731,2.398452382155403
*c1ccc(-c2sc(-c3cc(SCCCCCCCC)c(*)s3)cc2SCCCCCCCC)cc1,egc,2.4336,2.1452801072620065
*c1ccc(-n2c(=O)c3cc4c(=O)n(*)c(=O)c4cc3c2=O)c(C)c1,egc,2.9393,2.797627502112063
*c1ccc(-n2c(=O)c3cc4c(=O)n(*)c(=O)c4cc3c2=O)cc1,egc,2.8625,2.8842497650479655
*c1ccc(-n2ccc(-c3ccc(-c4ccn(*)n4)cc3)n2)cc1,egc,3.3335,3.7210102137260805
*c1ccc(-n2ccc(-c3cccc(-c4ccn(*)n4)c3)n2)cc1,egc,3.7316,3.278804569611404
*c1ccc(C(=O)C(F)(F)C(*)(F)F)cc1,egc,4.443,4.530896483469663
*c1ccc(C(=O)Nc2ccc(-c3ccc(NC(=O)c4ccc(-n5c(=O)c6sc7c(=O)n(*)c(=O)c7sc6c5=O)cc4)cc3)cc2)cc1,egc,1.2847,1.8024700392687716
*c1ccc(C(=O)Nc2ccc(-n3c(=O)c4cc5c(=O)n(*)c(=O)c5cc4c3=O)cc2C(=O)OCC)cc1,egc,2.463,2.5750452089349523
*c1ccc(C(=O)Nc2ccc(NC(=O)c3ccc(-n4c(=O)c5sc6c(=O)n(*)c(=O)c6sc5c4=O)cc3)cc2)cc1,egc,1.4889,1.6227491041181121
*c1ccc(C(=O)Nc2ccc(Oc3ccc(NC(=O)c4ccc(-n5c(=O)c6cc7c(=O)n(*)c(=O)c7cc6c5=O)cc4)cc3)cc2)cc1,egc,1.639,2.1784599851282733
*c1ccc(C(=O)Nc2ccc(Oc3ccc(NC(=O)c4ccc(Oc5ccc(-c6nn(*)c(=O)c7ccccc67)c6ccccc56)cc4)cc3)cc2)cc1,egc,3.2201,2.876605400989681
*c1ccc(C(=O)Nc2cccc(-n3c(=O)c4cc5c(=O)n(*)c(=O)c5cc4c3=O)c2)cc1,egc,2.445,2.571074432744197
*c1ccc(C(=O)c2cccc(-n3c(=O)c4cc5c(=O)n(*)c(=O)c5cc4c3=O)c2)cc1,egc,3.1782,2.405373717540129
*c1ccc(C(C#N)(C(=O)O)C(*)(C#N)C(=O)O)cc1,egc,5.2415,4.289860293316505
*c1ccc(C(C)(C)c2ccc(-n3c(=O)c4cc5c(=O)n(*)c(=O)c5cc4c3=O)cc2)cc1,egc,2.5724,2.6301864719157737
*c1ccc(C(C=CC)c2ccc(-n3c(=O)c4cc5c(=O)n(*)c(=O)c5cc4c3=O)cc2)cc1,egc,2.5577,2.3806696989343585
*c1ccc(C(F)(F)CC(*)(F)F)cc1,egc,4.7291,5.187967187204173
*c1ccc(C(F)(F)CC(*)(F)F)s1,egc,5.0751,4.431306224854498
*c1ccc(C(F)(F)NC(*)(F)F)s1,egc,4.586,4.5452518154073225
*c1ccc(C(F)(F)c2ccc(C(*)(F)F)s2)s1,egc,3.3802,4.0278356709875
*c1ccc(C(c2ccc(-n3c(=O)c4cc5c(=O)n(*)c(=O)c5cc4c3=O)cc2)(C(F)(F)F)C(F)(F)F)cc1,egc,2.7195,2.680062233878979
*c1ccc(C(c2ccccc2)(c2ccc(-c3nc4ccc(-c5ccc6nc(*)oc6c5)cc4o3)cc2)C(F)(F)F)cc1,egc,3.4178,3.390690153827573
*c1ccc(C(c2ccccc2)(c2ccc(-n3c(=O)c4cc5c(=O)n(*)c(=O)c5cc4c3=O)cc2)C(F)(F)F)cc1,egc,2.7963,2.7044819419816206
*c1ccc(C(c2ccccc2)c2ccc(N3C(=O)c4ccc(-c5ccc6c(c5)C(=O)N(*)C6=O)cc4C3=O)cc2)cc1,egc,2.907,2.817780217019476
*c1ccc(C)c(N2C(=O)c3ccc(-c4ccc5c(c4)C(=O)N(*)C5=O)cc3C2=O)c1,egc,3.4309,3.1068683492445284
*c1ccc(C)c(N2C(=O)c3ccc(S(=O)(=O)c4ccc5c(c4)C(=O)N(*)C5=O)cc3C2=O)c1,egc,3.2404,3.05260084229623
*c1ccc(C)c(N2CC(=O)N(*)CC2=O)c1,egc,5.1153,4.379225957319572
*c1ccc(C2(c3ccc(N4C(=O)c5ccc(-c6ccc7c(c6)C(=O)N(*)C7=O)cc5C4=O)cc3)c3ccccc3-c3ccccc32)cc1,egc,2.7114,2.8168799670840734
*c1ccc(C2(c3ccc(N4C(=O)c5ccc(C(=O)c6ccc7c(c6)C(=O)N(*)C7=O)cc5C4=O)cc3)c3ccccc3-c3ccccc32)cc1,egc,2.4589,2.672810522438207
*c1ccc(C2(c3ccc(N4C(=O)c5ccc(Oc6ccc7c(c6)C(=O)N(*)C7=O)cc5C4=O)cc3)OC(=O)c3ccccc32)cc1,egc,3.3847,2.9764887974865886
*c1ccc(CC(F)(F)C(*)(F)F)cc1,egc,5.1278,5.045973852949749
*c1ccc(Cc2ccc(N3C(=O)C(=O)N(*)C3=O)cc2)cc1,egc,3.5238,3.89889808387127
*c1ccc(Cc2ccc(N3C(=O)C4CCC5C(=O)N(*)C(=O)C5C4C3=O)c(C)c2)cc1C,egc,4.8465,3.677462055972117
*c1ccc(Cc2ccc(N3C(=O)N(*)C3=O)cc2)cc1,egc,4.1662,4.3528975099568745
*c1ccc(Cc2ccc(N3C(=O)c4ccc(-c5ccc6c(c5)C(=O)N(*)C6=O)cc4C3=O)cc2)cc1,egc,2.9129,2.979734047847706
*c1ccc(Cc2ccc(N3C(=O)c4ccc([Si](C)(C)c5ccc6c(c5)C(=O)N(*)C6=O)cc4C3=O)cc2)cc1,egc,2.9801,3.09302368914677
*c1ccc(Cc2cccc(-n3c(=O)c4cc5c(=O)n(*)c(=O)c5cc4c3=O)c2)cc1,egc,2.6251,2.7207761866800544
*c1ccc(Cc2ccccc2-n2c(=O)c3cc4c(=O)n(*)c(=O)c4cc3c2=O)cc1,egc,2.9239,2.5596942104385225
*c1ccc(N(*)c2ccc(S(=O)(=O)O)cc2)cc1,egc,3.3685,3.415236638929811
*c1ccc(N(c2ccc(C#N)cc2)c2ccc(-n3c(=O)c4cc5c(=O)n(*)c(=O)c5cc4c3=O)cc2)cc1,egc,1.6108,2.2011323335892636
*c1ccc(N(c2ccc(C#N)cc2)c2ccc(N3C(=O)c4ccc(-c5ccc6c(c5)C(=O)N(*)C6=O)cc4C3=O)cc2)cc1,egc,2.0474,2.5790352605470206
*c1ccc(N(c2ccc(C#N)cc2)c2ccc(N3C(=O)c4ccc(Oc5ccc6c(c5)C(=O)N(*)C6=O)cc4C3=O)cc2)cc1,egc,2.2981,2.400611356749774
*c1ccc(N(c2ccc(CCCC)cc2)c2ccc(-c3ccc(*)s3)cc2)cc1,egc,2.8955,2.916207376339026
*c1ccc(N2C(=O)c3ccc(-c4ccc5c(c4)C(=O)N(*)C5=O)cc3C2=O)nc1,egc,3.2895,3.0716103568504853
*c1ccc(N2C(=O)c3ccc(-c4cccc5c4C(=O)N(*)C5=O)cc3C2=O)cc1,egc,3.1892,3.077528054530737
*c1ccc(N2C(=O)c3ccc(-c4cccc5c4C(=O)N(c4ccc6[nH]c(*)nc6c4)C5=O)cc3C2=O)cc1,egc,2.9114,2.717672897312454
*c1ccc(N2C(=O)c3ccc(C(=O)c4ccc5c(c4)C(=O)N(c4ccc6[nH]c(*)nc6c4)C5=O)cc3C2=O)cc1,egc,2.4444,2.6139513386777513
*c1ccc(N2C(=O)c3ccc(Oc4ccc5c(c4)C(=O)N(*)C5=O)cc3C2=O)cc1,egc,3.4906,3.0678766045343986
*c1ccc(N2CCC(c3cccc(C4=NN(*)CC4)c3)=N2)cc1,egc,2.8203,3.2641053719674145
*c1ccc(NC(=O)c2cc(NC(=O)c3ccc(OC(C)=O)cc3)cc(C(=O)Nc3ccc(-c4nnc(*)o4)cc3)c2)cc1,egc,3.4669,3.115234234484358
*c1ccc(NC(=O)c2ccc(C(=O)Nc3ccc(-c4nc5ccc(-c6ccc7nc(*)[nH]c7c6)cc5[nH]4)cc3)cc2)cc1,egc,2.5692,3.149353088398706
*c1ccc(NC(=O)c2cccc(C(=O)Nc3ccc(-n4c(=O)c5cc6c(=O)n(*)c(=O)c6cc5c4=O)cc3)c2)cc1,egc,2.46,2.1335999281539797
*c1ccc(OC(=O)c2cccc(C(=O)Oc3ccc(C4(*)OC(=O)c5ccccc54)cc3)c2)cc1,egc,3.9147,3.607927908513784
*c1ccc(OC(=S)c2ccc(*)s2)cc1,egc,2.8495,2.4978312290685283
*c1ccc(OCC2CCC(COc3ccc(-n4c(=O)c5cc6c(=O)n(*)c(=O)c6cc5c4=O)cc3)CC2)cc1,egc,2.2219,2.7810791737492986
*c1ccc(Oc2ccc(-c3cc(-c4ccccc4)c4cc5nc(*)cc(-c6ccccc6)c5cc4n3)cc2)cc1,egc,2.7429,3.0890955105940314
*c1ccc(Oc2ccc(-c3cnc4cc(-c5ccc6nc(*)cnc6c5)ccc4n3)cc2)cc1,egc,3.1085,3.0088973808327055
*c1ccc(Oc2ccc(-c3cnc4cc5ncc(*)nc5cc4n3)cc2)cc1,egc,2.782,3.1351912041069436
*c1ccc(Oc2ccc(-c3cnc4ccc(-c5ccc6nc(*)cnc6c5)cc4n3)cc2)cc1,egc,3.1515,2.9593251556007796
*c1ccc(Oc2ccc(-c3csc(-c4nc(*)cs4)n3)cc2)cc1,egc,3.5312,2.787993109265979
*c1ccc(Oc2ccc(-c3nc4cc(-c5ccc6nc(*)c(-c7ccccc7)nc6c5)ccc4nc3-c3ccccc3)cc2)cc1,egc,2.9993,3.194724959656411
*c1ccc(Oc2ccc(-c3nc4cc5sc(*)nc5cc4s3)cc2)cc1,egc,3.2878,2.9260979185079283
*c1ccc(Oc2ccc(-c3nnc(*)o3)cc2)cc1,egc,3.7488,3.6253830461481513
*c1ccc(Oc2ccc(-n3c(=O)c4c(F)c5c(=O)n(*)c(=O)c5c(F)c4c3=O)cc2)cc1,egc,2.0451,2.481044959349192
*c1ccc(Oc2ccc(-n3c(=O)c4c(Oc5ccc(OCCCC)cc5)c5c(=O)n(*)c(=O)c5c(Oc5ccc(OCCCC)cc5)c4c3=O)cc2)cc1,egc,1.9028,2.495684974979628
*c1ccc(Oc2ccc(-n3c(=O)c4cc5c(=O)n(*)c(=O)c5cc4c3=O)cc2)cc1,egc,2.3733,2.448392242135602
*c1ccc(Oc2ccc(-n3c(=O)c4cc5c(=O)n(*)c(=O)c5cc4c3=O)cc2-c2ccccc2)cc1,egc,2.1739,2.3286230131856693
*c1ccc(Oc2ccc(-n3c(=O)c4cc5c(=O)n(*)c(=O)c5cc4c3=O)cc2Br)c(Br)c1,egc,2.4917,2.306925063294413
*c1ccc(Oc2ccc(-n3c(=O)c4cc5c(=O)n(-c6ncc(*)s6)c(=O)c5cc4c3=O)cc2)cc1,egc,1.9001,2.369316419683842
*c1ccc(Oc2ccc(C(=O)c3ccc(Oc4ccc(-n5c(=O)c6cc7c(=O)n(*)c(=O)c7cc6c5=O)cc4)cc3)cc2)cc1,egc,2.395,2.05760039439814
*c1ccc(Oc2ccc(C(=O)c3ccc(Oc4ccc(C(=O)c5ccc(Oc6ccc(-c7nc8ccccc8n7-c7ccc(-n8c(*)nc9ccccc98)cc7)cc6)cc5)cc4)cc3)cc2)cc1,egc,3.2485,3.1728881702084095
*c1ccc(Oc2ccc(C(C)(C)c3ccc(Oc4ccc(-n5c(=O)c6cc7c(=O)n(*)c(=O)c7cc6c5=O)cc4)cc3)cc2)cc1,egc,2.1293,2.26451809864665
*c1ccc(Oc2ccc(N3C(=O)N(*)C3=O)cc2)cc1,egc,4.3691,3.897753848725034
*c1ccc(Oc2ccc(N3C(=O)c4ccc(S(=O)(=O)c5ccc6c(c5)C(=O)N(*)C6=O)cc4C3=O)cc2Br)c(Br)c1,egc,2.7192,2.9847968355975376
*c1ccc(Oc2ccc(Oc3ccc(-n4c(=O)c5cc6c(=O)n(*)c(=O)c6cc5c4=O)cc3)cc2)cc1,egc,2.0871,2.134867963349044
*c1ccc(Oc2ccc(Oc3ccc(-n4c(=O)c5cc6c(=O)n(*)c(=O)c6cc5c4=O)cc3)cc2C(C)(C)C)cc1,egc,1.9644,2.209266444581655
*c1ccc(Oc2ccc(Oc3ccc(-n4c(=O)c5cc6c(=O)n(*)c(=O)c6cc5c4=O)cc3)cc2C)cc1,egc,2.3895,2.228236052412604
*c1ccc(Oc2ccc(Oc3ccc(N4C(=O)C5CCC6C(=O)N(*)C(=O)C6C5C4=O)cc3)cc2)cc1,egc,4.5419,3.9421342375061856
*c1ccc(Oc2ccc(Oc3ccc(N4C(=O)CC(=O)N(*)C4=S)cc3)cc2)cc1,egc,3.1515,3.6126994379704613
*c1ccc(Oc2ccc(P(=O)(c3ccccc3)c3ccc(Oc4ccc(-c5cc(*)[nH]n5)cc4)cc3)cc2)cc1,egc,4.1018,3.0933499368972073
*c1ccc(Oc2ccc3ccc(Oc4ccc(-n5c(=O)c6cc7c(=O)n(*)c(=O)c7cc6c5=O)cc4)cc3c2)cc1,egc,2.1074,2.1921374957991597
*c1ccc(Oc2cccc(-n3c(=O)c4cc5c(=O)n(*)c(=O)c5cc4c3=O)c2)cc1,egc,2.5637,2.358313988732053
*c1ccc(Oc2cccc(Oc3ccc(-n4c(=O)c5cc6c(=O)n(*)c(=O)c6cc5c4=O)cc3)c2C#N)cc1,egc,2.6202,2.2513331457783647
*c1ccc(Oc2cccc3c(Oc4ccc(-n5c(=O)c6cc7c(=O)n(*)c(=O)c7cc6c5=O)cc4)cccc23)cc1,egc,1.8659,2.2164751822684465
*c1ccc(Oc2ccccc2-n2c(=O)c3cc4c(=O)n(*)c(=O)c4cc3c2=O)cc1,egc,2.5326,2.6046417985769446
*c1ccc(Oc2ccccc2Oc2ccc(-n3c(=O)c4cc5c(=O)n(*)c(=O)c5cc4c3=O)cc2)cc1,egc,2.1614,2.1757055012503783
*c1ccc(S(*)(=O)=O)cc1,egc,4.2821,4.206929343459538
*c1ccc(S(=O)(=O)c2ccc(-n3c(=O)c4cc5c(=O)n(*)c(=O)c5cc4c3=O)cc2)cc1,egc,2.8028,2.512376663534673
*c1ccc(S(=O)(=O)c2ccc(-n3nc(-c4ccc(Oc5ccc(-c6nn(*)c(=O)c7ccccc67)cc5)cc4)c4ccccc4c3=O)cc2)cc1,egc,3.5201,3.177991446067169
*c1ccc(S(=O)(=O)c2ccc(N3C(=O)c4ccc(-c5ccc6c(c5)C(=O)N(*)C6=O)cc4C3=O)cc2)cc1,egc,3.396,2.9686444443558977
*c1ccc(SSc2ccc(-n3c(=O)c4cc5c(=O)n(*)c(=O)c5cc4c3=O)cc2)cc1,egc,2.3111,2.7224280699762806
*c1ccc(Sc2ccc(-c3nc4ccc(-c5ccc6nc(*)c(-c7ccccc7)nc6c5)cc4nc3-c3ccccc3)cc2)cc1,egc,3.3214,3.131073408396882
*c1ccc(Sc2ccc(-c3nn(-c4ccc(S(=O)(=O)c5ccc(-n6nc(*)c7ccccc7c6=O)cc5)cc4)c(=O)c4ccccc34)cc2)cc1,egc,3.5491,3.324346999894945
*c1ccc(Sc2ccc(-n3c(=O)c4cc5c(=O)n(*)c(=O)c5cc4c3=O)cc2)cc1,egc,2.5188,2.3524842375394304
*c1ccc([Si](c2ccccc2)(c2ccccc2)c2ccc(-c3nnc(*)o3)cc2)cc1,egc,4.0946,3.607674564302136
*c1ccc2[nH]c(*)nc2c1,egc,3.9385,3.526960098789106
*c1ccc2c(*)c(-c3ccccc3)[nH]c2c1,egc,3.6113,3.26155947407172
*c1ccc2c(c1)C(=O)N(c1cc(N3C(=O)c4ccc(C(*)(C(F)(F)F)C(F)(F)F)cc4C3=O)c(O)cc1O)C2=O,egc,2.7003,2.938187122196229
*c1ccc2c(c1)C(=O)N(c1ccc(C(C)(C)C(*)(C(F)(F)F)C(F)(F)F)cc1)C2=O,egc,3.3094,3.2881921709786837
*c1ccc2c(c1)C(=O)N(c1ccc(Oc3ccc(N4C(=O)c5ccc(C(F)(F)C(F)(F)C(F)(F)C(F)(F)C(F)(F)C(F)(F)C(F)(F)C(*)(F)F)cc5C4=O)cc3)cc1)C2=O,egc,2.6011,2.324117223907883
*c1ccc2c(c1)Cc1cc(*)ccc1-2,egc,3.7772,3.7996795605515223
*c1ccc2c(c1)Cc1cc(N3C(=O)c4ccc(-c5ccc6c(c5)C(=O)N(*)C6=O)cc4C3=O)ccc1-2,egc,2.6588,2.8804088326286577
*c1ccc2c(c1)[Si](C)(C)c1cc(*)ccc1N2C,egc,3.6899,3.5899641840418646
*c1ccc2c(c1)c1cc(*)ccc1n2-c1ccccc1,egc,3.553,3.044081756437998
*c1ccc2c(c1)c1cc(*)ccc1n2C,egc,3.4554,3.089896051793697
*c1ccc2c(c1)c1cc(*)ccc1n2C(=O)NO,egc,3.8619,3.5354756778539986
*c1ccc2c(c1)c1cc(*)ccc1n2C(=O)OCC,egc,3.932,3.624537484131848
*c1ccc2c(c1)c1cc(*)ccc1n2CC(=O)OCC,egc,3.5868,3.7059319695338586
*c1ccc2c(c1)c1cc(*)ccc1n2CC1CO1,egc,3.2508,3.7891745625262896
*c1ccc2c(c1)c1cc(*)ccc1n2CCC(=O)OCC,egc,3.5811,3.432878480064591
*c1ccc2cc(*)n(C(C(=O)NO)n3ccc4ccccc43)c2c1,egc,3.8694,2.741995318543746
*c1ccc2cc(-c3nc4cc5nc(*)[nH]c5cc4[nH]3)ccc2c1,egc,3.1978,3.413996576477422
*c1ccc2cc(-c3nc4cc5sc(*)nc5cc4s3)ccc2c1,egc,3.27,3.088508323691736
*c1ccc2cc(N(*)c3ccccc3)ccc2c1,egc,2.8541,3.203978666832014
*c1ccc2ccc3c(*)cc(C#CC#C[Si](C)(C)C)c4ccc1c2c34,egc,2.225,2.9314084943849155
*c1ccc2ccc3c(*)cc(C#CC=C)c4ccc1c2c34,egc,2.2865,2.7466451110540007
*c1ccc2nc(*)oc2c1,egc,3.8571,3.914764033104209
*c1ccc2nc(*)sc2c1,egc,2.966,3.318321086967047
*c1ccc2oc(*)nc2c1,egc,3.9774,3.884814802731845
*c1cccc(*)c1N,egc,3.8845,4.1750152282992605
*c1cccc(*)n1,egc,3.8339,4.1469768372822395
*c1cccc(-c2cc(*)cc3c2NC(C)(C)OC3(C)C)c1,egc,3.618,3.8335067247173846
*c1cccc(-c2nc3cc(-c4ccc5[nH]c(*)nc5c4)ccc3[nH]2)c1,egc,3.5069,3.180625750191203
*c1cccc(-c2nc3cc(-c4ccc5nc(*)c(-c6ccc7ccccc7c6)nc5c4)ccc3nc2-c2ccc3ccccc3c2)c1,egc,3.0367,3.0174124892357206
*c1cccc(-c2nc3cc(-c4ccc5oc(*)nc5c4)ccc3o2)c1,egc,3.5152,3.504931692970944
*c1cccc(-c2nc3cc4nc(*)[nH]c4cc3[nH]2)c1,egc,3.5319,3.4738869693899996
*c1cccc(-c2nc3cc4nc(*)c(-c5ccccc5)nc4cc3nc2-c2ccccc2)c1,egc,2.9837,2.936475821207994
*c1cccc(-c2nc3ccc(-c4ccc5nc(*)oc5c4)cc3o2)c1,egc,3.2965,3.4256258565160067
*c1cccc(-c2nc3ccc(-c4ccc5oc(*)nc5c4)cc3o2)c1,egc,3.5292,3.4078308497251437
*c1cccc(-c2nnc(*)o2)c1,egc,4.1016,3.6415629718398095
*c1cccc(-c2nnc(-c3cccc(-c4nnc(*)o4)n3)o2)c1,egc,3.6938,3.806281290538308
*c1cccc(-c2nnc(-c3nnc(*)o3)o2)c1,egc,4.3431,3.395360254973917
*c1cccc(C(=O)Nc2ccc(NC(=O)c3cccc(N4C(=O)c5ccc(-c6cccc7c6C(=O)N(*)C7=O)cc5C4=O)c3)cc2)c1,egc,2.3122,2.6519106363985356
*c1cccc(C(F)(F)C(F)(F)C(*)(F)F)c1,egc,5.5439,4.786198360488365
*c1cccc(C(c2ccccc2)(c2cccc(N3C(=O)c4ccc(Oc5ccc6c(c5)C(=O)N(*)C6=O)cc4C3=O)c2)C(F)(F)F)c1,egc,3.4747,2.984666223392953
*c1cccc(N2C(=O)c3ccc(Oc4ccc(Oc5ccc(Oc6ccc7c(c6)C(=O)N(*)C7=O)cc5)cc4)cc3C2=O)c1,egc,3.2083,2.9525909229061997
*c1cccc(N2C(=O)c3ccc(P(=O)(c4ccccc4)c4ccc5c(c4)C(=O)N(*)C5=O)cc3C2=O)c1,egc,3.2222,2.7460575243535175
*c1cccc(N2CC(=O)N(*)CC2=O)c1,egc,5.0572,4.8070784878994886
*c1cccc2c(-n3c(=O)c4cc5c(=O)n(*)c(=O)c5cc4c3=O)cccc12,egc,2.5506,2.826947663834198
*c1cnc(*)c(C)c1,egc,5.1042,4.642350141849182
*c1cncc(-c2nc3ccc(-c4ccc5nc(*)sc5c4)cc3s2)c1,egc,3.1882,2.766893761540274
*c1cncc(-c2nnc(-c3nnc(*)o3)o2)n1,egc,3.6277,3.393229016985148
*c1csc(*)c1,egc,3.5591,2.7611524211995415
*c1nc(-c2ccccc2)nc(N(*)C)n1,egc,4.2966,4.168202151803419
*c1nc(-c2ccccc2)nc(N(*)CC)n1,egc,4.1252,4.317456593423184
*c1nc(-c2ccccc2)nc(N(*)c2ccccc2)n1,egc,3.8771,3.9572847089002705
*c1nc(C)nc(N(*)c2ccccc2)n1,egc,4.4826,4.057419216156066
*c1nc(C)nc(N(CCCCCCN(*)c2ccccc2)c2ccccc2)n1,egc,3.751,3.932701306178495
*c1nc(C)nc(N(CCCCN(*)c2ccccc2)c2ccccc2)n1,egc,3.7879,3.925065151085626
*c1nc(Cl)nc(N(c2ccccc2)c2nc(Nc3ccccc3)nc(N(*)c3ccccc3)n2)n1,egc,3.6448,3.620216957827972
*c1nc(Oc2ccccc2)nc(N(*)c2ccccc2)n1,egc,4.4124,4.0887152197099965
*c1nc2c(n1C)C(=O)N(*)C2=O,egc,4.0674,3.041806218603708
*c1nc2cc(S(=O)(=O)c3ccc4oc(C5CCC(*)CC5)nc4c3)ccc2o1,egc,4.8558,3.724466306698665
*c1nc2cc3nc(-c4ccc(*)o4)[nH]c3cc2[nH]1,egc,2.2261,2.7600733885923225
*c1nc2cc3sc(-c4cc(OCCCC)c(*)cc4OCCCC)nc3cc2s1,egc,3.1607,2.85910487982097
*c1nnc(C2CC3(CC(*)C3)C2)o1,egc,6.0399,5.8993981555949455
*c1sc(*)c(C)c1C,egc,3.3355,2.682249611608817
*c1sc(*)c(CCCCCCN(CC)c2ccccc2)c1CCCCCC,egc,1.59,2.5155887962036654
*c1sc(*)c(OC)c1OC,egc,4.1637,2.2728242012589375
*c1sc(*)c(OCCCC)c1C,egc,2.2732,2.918980171575392
*c1sc(*)c(OCCCC)c1OC,egc,3.2859,3.1380180861555873
*c1sc(*)c(OCCCCCC)c1C,egc,3.4475,2.559480164527732
*c1sc(*)c(OCCCCCCC)c1C,egc,2.9827,3.053040671378881
*c1sc(*)c(OCCCCCCCCCCCCCCCC)c1C,egc,3.676,2.4879307775054027
*c1sc(*)c(OCCOCCCC)c1C,egc,1.6261,2.7161118852415718
*c1sc(*)c([2H])c1[2H],egc,1.6361,2.8239512161804523
*c1sc(*)c2c1OCC(CCCCCC)O2,egc,3.3322,2.054595395384468
*c1sc(*)c2c1OCC(CCCCCCCCCCCC)O2,egc,1.9291,3.221918599325732
*c1sc(*)c2c1OCC(CCCCS(=O)(=O)O)O2,egc,2.1668,2.9111462036652194
*c1sc(*)c2c1OCCO2,egc,1.7526,3.0553973099419265
*c1sc(*)c2nc(-c3ccccc3)c(C)nc12,egc,2.498,2.7876457795204708
*c1sc(*)c2nc(C)c(C)nc12,egc,2.7771,2.5677431980000667
*c1sc(*)c2nc(CC)c(CC)nc12,egc,2.6114,2.762485328749966
*c1sc(-c2cc(OCCCCC)c(*)s2)cc1OCCCCC,egc,1.2005,2.0877141088446
*c1sc(-c2sc(-c3sc(*)c4nccnc34)c3c2OC(CCCCCC)CO3)c2c1OCC(CCCCCC)O2,egc,1.6167,1.8065735753953613
*n1nc(-n2c(=O)c3cc4c(=O)n(*)c(=O)c4cc3c2=O)c2ccccc2c1=O,egc,2.9967,2.914353560475928
*C(=O)C(F)(F)CC(*)(F)F,ei,8.1829,8.261545945540208
*C(=O)C(F)(F)NC(*)(F)F,ei,8.5584,8.2098446796203
*C(=O)CC(F)(F)C(*)(F)F,ei,7.9225,8.340084398388308
*C(=O)NC(F)(F)C(*)(F)F,ei,8.3456,8.03602855273425
*C(=O)Oc1ccc(C(*)=S)cc1,ei,6.6755,6.675555793834559
*C(=O)Oc1ccc(C(*)=S)s1,ei,6.6347,6.412725969560497
*C(=O)c1ccc(-c2ccc(-c3ccc(*)cc3)cc2)cc1,ei,5.9803,6.0258948143976285
*C(=O)c1ccc(-c2ccc(-c3ccc(*)cc3)s2)cc1,ei,5.8483,5.711924554555007
*C(=O)c1ccc(-c2ccc(-c3ccc(*)s3)cc2)cc1,ei,5.9085,5.856193525523316
*C(=O)c1ccc(-c2ccc(-c3ccc(*)s3)s2)cc1,ei,5.5122,5.705163427959332
*C(=O)c1ccc(-c2ccc(-c3ccc(*)s3)s2)s1,ei,5.3929,5.586068742211679
*C(=O)c1ccc(-c2ccc(C(*)=S)cc2)cc1,ei,6.1599,5.933267445398586
*C(=O)c1ccc(-c2ccc(C(*)=S)s2)cc1,ei,6.162,6.052747032286701
*C(=O)c1ccc(-c2ccc(C(*)=S)s2)s1,ei,6.113,6.08769832976286
*C(=O)c1ccc(C(=O)C(*)=S)cc1,ei,6.7765,6.923272697862615
*C(=O)c1ccc(C(=O)C(*)=S)s1,ei,6.8471,6.9160022738933655
*C(=O)c1ccc(C(=O)c2ccc(*)cc2)cc1,ei,6.4709,6.722365667424485
*C(=O)c1ccc(C(=O)c2ccc(*)s2)cc1,ei,7.268,6.417611690616242
*C(=O)c1ccc(C(=S)c2ccc(*)cc2)cc1,ei,5.8604,6.31917402748595
*C(=O)c1ccc(C(=S)c2ccc(*)s2)s1,ei,6.205,6.4090483931529425
*C(=O)c1ccc(OC(*)=S)cc1,ei,6.7719,6.572304589449127
*C(=O)c1ccc(Oc2ccc(*)s2)cc1,ei,6.1761,6.485584891002865
*C(=S)C(=O)C(F)(F)C(*)(F)F,ei,7.0732,7.103922523904239
*C(=S)C(=O)CCNc1ccc(C(=S)c2ccc(*)cc2)cc1,ei,5.8838,5.681728146869327
*C(=S)C(F)(F)CC(*)(F)F,ei,7.4545,7.552505265050216
*C(=S)C(F)(F)NC(*)(F)F,ei,7.8892,6.895820069136468
*C(=S)NC(F)(F)C(*)(F)F,ei,6.3593,7.586268357044912
*C(=S)Oc1ccc(-c2ccc(*)cc2)s1,ei,5.9399,5.708474752465371
*C(=S)c1ccc(C(=S)c2ccc(*)cc2)cc1,ei,5.6051,5.607967856442396
*C(=S)c1ccc(C(F)(F)C(*)(F)F)cc1,ei,6.6143,7.011653143737972
*C(F)C(*)(F)F,ei,8.5986,8.262029926989053
*CC(*)(F)F,ei,8.1531,7.6574141016596196
*CC(*)C,ei,6.185,6.40880817549752
*CC(*)F,ei,7.6332,7.0860499188300645
*CC(=O)C(=S)C(*)=O,ei,6.8667,6.669117971312923
*CC(=O)C(=S)O*,ei,6.719,6.94254080991983
*CC(=O)CC(*)=O,ei,5.6663,6.741257517497865
*CC(=O)CO*,ei,6.97,7.0459816412209
*CC(=O)Cc1ccc(*)cc1,ei,6.2518,6.474792692215675
*CC(=O)N*,ei,7.2525,6.778808291563052
*CC(=O)NC(*)=O,ei,5.8547,7.166442898681977
*CC(=O)NC(*)=S,ei,5.8386,6.507545809505173
*CC(=O)O*,ei,8.2018,7.409123765336897
*CC(=O)OC(*)=O,ei,8.5901,6.835279347439245
*CC(=O)c1ccc(-c2ccc(*)cc2)cc1,ei,6.2808,6.094425603942643
*CC(=O)c1ccc(-c2ccc(*)s2)cc1,ei,5.9294,6.045011805778101
*CC(=O)c1ccc(C(*)=O)s1,ei,7.202,6.611854728264402
*CC(=O)c1ccc(C(*)=S)cc1,ei,6.4748,6.434228718860425
*CC(=O)c1ccc(O*)cc1,ei,6.5457,6.828120454330353
*CC(=S)CO*,ei,5.5936,6.166206306998006
*CC(=S)NO*,ei,5.6761,5.728703334495312
*CC(=S)c1ccc(C(*)=S)s1,ei,4.932,6.011891057383568
*CC(=S)c1ccc(N*)cc1,ei,5.6636,5.421139096454345
*CC(=S)c1ccc(O*)s1,ei,5.946,5.72882857906732
*CC(CC(CC(*)c1ccccn1)c1ccccn1)c1ccccn1,ei,6.2005,6.188414282394496
*CC(O*)C(F)(F)F,ei,7.9431,8.371471660183214
*CCC(=O)O*,ei,7.7853,7.573529514889534
*CCC(=O)OC(=O)Cc1ccc(-c2ccc(*)cc2)cc1,ei,6.1951,6.836101071646164
*CCC(=O)c1ccc(*)cc1,ei,6.8635,6.274628764361981
*CCC(=S)O*,ei,6.2041,6.289148548469478
*CCC(F)(F)C(*)(F)F,ei,9.0178,8.202863489896682
*CCC(O*)(C(F)(F)F)C(F)(F)F,ei,8.3643,8.088583371995533
*CCCCCOC(=O)Nc1ccc(C)c(NC(=O)O*)c1,ei,5.1674,6.411504748490133
*CCCCCS*,ei,5.7733,5.997213653513919
*CCCN*,ei,5.8246,5.881071081125782
*CCCO*,ei,6.904,6.598392786355455
*CCCOC(=O)CCCCCCCCOC(=O)CCCOC(=O)CCCCCCCCOC(*)=O,ei,7.4162,6.847033448134806
*CCCc1ccc(*)s1,ei,5.6976,5.652681204025703
*CCNC(*)=S,ei,5.3628,5.818490745382994
*CCOC(=O)CCCCC(=O)O*,ei,7.8277,7.071232194018373
*CCOC(=O)NCCOCCOCCNC(=O)O*,ei,7.1012,7.242872444560336
*CCOC(=S)NC(=S)c1ccc(N*)cc1,ei,5.413,5.657670238012614
*CCOCCOC(=O)O*,ei,7.5966,7.555617460079583
*CCON*,ei,4.8207,6.483311621066433
*CCc1ccc(-c2ccc(*)cc2)cc1,ei,5.6867,5.767431231576131
*CCc1ccc(-c2ccc(*)s2)s1,ei,5.1709,5.309094662065167
*CCc1ccc(C(*)=S)cc1,ei,5.8549,6.0060258696578375
*CNC(=O)C(*)=S,ei,7.0203,6.4109763144913785
*CNC(=O)ONC(=O)NO*,ei,7.4526,7.77646576894328
*CNC(=O)c1ccc(*)s1,ei,6.3237,6.494719980999469
*CNC(=S)C(*)=O,ei,6.3386,6.478594230897222
*CNC(=S)N*,ei,5.6855,6.036746161414797
*CNC(=S)O*,ei,6.2178,6.574856372898819
*CNC(=S)c1ccc(*)cc1,ei,5.75,5.93507879183937
*CNC(=S)c1ccc(*)s1,ei,5.8964,5.803458930866098
*CNCC(*)=O,ei,6.367,6.693937667351765
*CNCC(*)=S,ei,6.0922,5.652488265524763
*CNCCCOCO*,ei,6.3776,6.339958846973719
*CNCCNC(=O)OC*,ei,6.3844,6.794460759444522
*CNCN*,ei,6.0806,5.660748182765209
*CNCO*,ei,6.4057,6.3697311670521835
*CNCc1ccc(*)cc1,ei,6.259,5.973757861520449
*CNOc1ccc(*)s1,ei,5.578,5.664517766065521
*CNc1ccc(-c2ccc(*)s2)cc1,ei,5.0179,5.280773397798967
*CNc1ccc(C(*)=O)s1,ei,5.431,5.839243917624279
*CNc1ccc(C(*)=S)s1,ei,5.3497,5.41020599851021
*CNc1ccc(N*)s1,ei,4.8739,4.83528069330882
*CNc1ccc(O*)cc1,ei,5.1109,5.435376172037442
*COC(=S)O*,ei,6.8707,6.700541560018414
*COCOCCCO*,ei,7.1508,6.63641382151519
*COc1ccc(O*)cc1,ei,5.8209,6.097330943653644
*COc1ccc(O*)s1,ei,5.7358,5.990047524669248
*Cc1ccc(-c2ccc(-c3ccc(*)cc3)s2)cc1,ei,5.3092,5.370497898300383
*Cc1ccc(-c2ccc(-c3ccc(*)s3)cc2)cc1,ei,5.3793,5.454062032034181
*Cc1ccc(-c2ccc(-c3ccc(*)s3)s2)cc1,ei,5.1679,5.135886453304892
*Cc1ccc(-c2ccc(C(*)=S)s2)cc1,ei,5.8475,5.644764415413771
*Cc1ccc(-c2ccc(C(*)=S)s2)s1,ei,5.7652,5.534445086288119
*Cc1ccc(-c2ccc(N*)cc2)cc1,ei,5.1363,5.28659249087846
*Cc1ccc(-c2ccc(N*)s2)s1,ei,4.9311,4.849177307881567
*Cc1ccc(-c2ccc(O*)s2)s1,ei,5.2494,5.578545320330074
*Cc1ccc(C(=O)C(*)=S)s1,ei,6.4325,6.507199548788101
*Cc1ccc(C(=O)O*)cc1,ei,7.179,6.75583428718817
*Cc1ccc(C(=O)O*)s1,ei,6.8862,6.8177751813187975
*Cc1ccc(C(=O)c2ccc(*)s2)cc1,ei,6.578,6.433319267453742
*Cc1ccc(C(=O)c2ccc(*)s2)s1,ei,6.3555,6.139670618639783
*Cc1ccc(C(=S)O*)s1,ei,6.4155,6.1748278760243425
*Cc1ccc(C(=S)c2ccc(*)cc2)cc1,ei,5.6687,5.986478969814258
*Cc1ccc(C(=S)c2ccc(*)s2)s1,ei,5.9541,5.546845299638675
*Cc1ccc(C*)cc1,ei,6.2134,6.027115936179189
*Cc1ccc(CC(*)=S)cc1,ei,5.9697,5.973687976870546
*Cc1ccc(CO*)s1,ei,6.0202,5.676699625244193
*Cc1ccc(Cc2ccc(*)cc2)cc1,ei,6.2368,6.050221006701632
*Cc1ccc(NO*)cc1,ei,5.6115,5.568343367058481
*Cc1ccc(NO*)s1,ei,5.1816,5.344005369577111
*Cc1ccc(Nc2ccc(*)cc2)cc1,ei,5.3392,5.357360165944298
*Cc1ccc(Nc2ccc(*)s2)cc1,ei,5.4067,5.3105544131385845
*Cc1ccc(Oc2ccc(*)s2)s1,ei,5.8606,5.491825355767569
*NC(=O)C(=S)C(*)=O,ei,6.114,6.666145230428046
*NC(=O)C(=S)c1ccc(*)cc1,ei,6.5245,6.282348908007921
*NC(=O)C(=S)c1ccc(*)s1,ei,6.6147,6.3597332087232665
*NC(=O)NC(*)=O,ei,5.9087,7.612230567846137
*NC(=O)NC(*)=S,ei,7.159,6.652487669685975
*NC(=O)NC(=O)c1ccc(C(=S)c2ccc(-c3ccc(*)s3)s2)s1,ei,5.1795,6.029898525749864
*NC(=O)NO*,ei,7.4857,7.186014674277756
*NC(=O)Nc1ccc(*)s1,ei,4.8361,5.389260656920641
*NC(=O)OC(*)=O,ei,8.2121,6.9509074626912595
*NC(=O)Oc1ccc(*)s1,ei,5.369,5.832683146515184
*NC(=O)c1ccc(-c2ccc(*)cc2)s1,ei,5.5458,6.066983725909343
*NC(=O)c1ccc(-c2ccc(*)s2)cc1,ei,6.1434,5.709002682601093
*NC(=O)c1ccc(C(*)=O)s1,ei,7.093,6.887940218530952
*NC(=O)c1ccc(C(*)=S)cc1,ei,6.3279,6.36720180090403
*NC(=O)c1ccc(NC(=S)c2ccc(Nc3ccc(*)cc3)cc2)s1,ei,5.2813,5.389461211990806
*NC(=O)c1ccc(O*)cc1,ei,6.7472,6.48533502732485
*NC(=O)c1ccc(O*)s1,ei,6.5697,6.375301159965072
*NC(=S)NC(*)=S,ei,7.0636,6.137343146126097
*NC(=S)Nc1ccc(Cc2ccc(*)cc2)cc1,ei,5.378,5.353672769519281
*NC(=S)OC(*)=S,ei,6.6502,6.930517873041713
*NC(=S)c1ccc(O*)cc1,ei,5.884,6.043039188726178
*NC(=S)c1ccc(O*)s1,ei,6.1012,5.918257564121169
*NC(F)(F)CC(*)(F)F,ei,8.5515,8.691381434589635
*NOC(=O)NCC(=O)NC(*)=O,ei,8.0693,7.186760296607252
*NOC(=S)O*,ei,7.5682,6.806068439570099
*NOC(F)(F)C(*)(F)F,ei,9.0368,8.651582760012122
*Nc1ccc(*)cc1,ei,4.9916,5.172696124840938
*Nc1ccc(-c2ccc(-c3ccc(*)cc3)cc2)cc1,ei,4.7817,4.924022899364267
*Nc1ccc(-c2ccc(-c3ccc(*)s3)s2)cc1,ei,4.896,4.719267188730197
*Nc1ccc(-c2ccc(-c3ccc(*)s3)s2)s1,ei,4.3058,4.654474624688494
*Nc1ccc(-c2ccc(C(*)=O)s2)s1,ei,5.182,5.4275069185857
*Nc1ccc(-c2ccc(C(*)=S)cc2)cc1,ei,5.3872,5.2829602075062265
*Nc1ccc(C(=O)C(*)=S)cc1,ei,6.3689,6.210298012602014
*Nc1ccc(C(=O)O*)s1,ei,6.0364,6.097506675573745
*Nc1ccc(C(=O)c2ccc(*)s2)s1,ei,5.2456,5.77339321883095
*Nc1ccc(C(=S)c2ccc(*)cc2)cc1,ei,5.3904,5.170873357831413
*Nc1ccc(C(=S)c2ccc(*)s2)s1,ei,5.2424,4.924221410229249
*Nc1ccc(NC(=O)NONC(*)=O)s1,ei,5.6948,6.014217764893255
*Nc1ccc(Nc2ccc(*)s2)s1,ei,4.0261,4.83678260504234
*Nc1ccc(OC(*)=S)cc1,ei,5.9088,5.693052694239985
*Nc1ccc(OC(*)=S)s1,ei,5.6596,5.66247186411416
*Nc1ccc(Oc2ccc(*)cc2)cc1,ei,4.8032,5.341441388929657
*Nc1ccc(Oc2ccc(*)s2)cc1,ei,5.3817,5.160860541816299
*OC(=O)C(F)(F)C(*)(F)F,ei,9.0985,8.746201295504243
*OC(=O)OC(*)=O,ei,7.4502,8.29050809743746
*OC(=O)c1ccc(C(*)=O)cc1,ei,7.8184,7.150393214939901
*OC(=O)c1ccc(C(*)=O)s1,ei,7.3658,7.326754831056916
*OC(=S)OC(*)=O,ei,7.3548,7.266496743790531
*OC(=S)Oc1ccc(*)cc1,ei,6.6287,6.293945721728055
*OC(=S)Oc1ccc(*)s1,ei,6.1007,6.112046801716903
*OC(=S)c1ccc(C(*)=O)cc1,ei,6.7625,6.914793091043806
*OC(=S)c1ccc(C(*)=O)s1,ei,6.7886,6.942713320588029
*OC(F)(F)C(=O)C(*)(F)F,ei,8.7917,8.614350146180028
*OC(F)(F)C(=S)C(*)(F)F,ei,7.385,7.864308051700416
*OC(F)(F)CC(*)(F)F,ei,9.6085,8.69003587393041
*OC(F)(F)NC(*)(F)F,ei,9.067,9.034982497896694
*OC(F)(F)c1ccc(C(*)(F)F)s1,ei,7.2935,7.2377641766394145
*OCC(F)(F)C(*)(F)F,ei,9.8385,8.977574458977115
*OCCC(=O)CC(=O)Oc1ccc(*)cc1,ei,6.7464,6.684638499495578
*OCCCCONC(*)=O,ei,6.4266,6.882391713964355
*Oc1ccc(-c2ccc(-c3ccc(*)cc3)cc2)cc1,ei,5.5837,5.557104537321939
*Oc1ccc(-c2ccc(-c3ccc(*)cc3)cc2)s1,ei,5.1012,5.4481836395040855
*Oc1ccc(-c2ccc(-c3ccc(*)cc3)s2)cc1,ei,5.1678,5.219980585430076
*Oc1ccc(-c2ccc(-c3ccc(*)cc3)s2)s1,ei,5.6406,5.0628956073964515
*Oc1ccc(-c2ccc(-c3ccc(*)s3)s2)s1,ei,4.7769,5.2626827539430705
*Oc1ccc(-c2ccc(C(*)=O)cc2)cc1,ei,6.2671,6.126578807101881
*Oc1ccc(-c2ccc(C(*)=O)cc2)s1,ei,6.028,6.054919301529929
*Oc1ccc(-c2ccc(C(*)=O)s2)cc1,ei,5.7839,6.188381342569384
*Oc1ccc(C(=O)c2ccc(C(=O)NOC(*)=O)s2)cc1,ei,7.1656,6.866583315414221
*Oc1ccc(C(=S)c2ccc(*)cc2)cc1,ei,5.7685,5.8117140026236
*Oc1ccc(C(F)(F)C(*)(F)F)s1,ei,6.8728,7.1057076890104485
*Oc1ccc(Cc2ccc(*)cc2)cc1,ei,6.1428,6.014496019464873
*Oc1ccc(OC(*)=O)cc1,ei,6.5915,6.900899908508923
*Oc1ccc(OC(*)=O)s1,ei,5.9838,6.628475792239965
*Oc1ccc(Oc2ccc(*)cc2)s1,ei,5.9034,5.351081662211671
*Oc1ccc(Oc2ccc(*)s2)s1,ei,5.0541,5.695073174572612
*Sc1ccc(*)cc1,ei,6.1739,5.334960105537014
*c1ccc(*)s1,ei,4.5257,5.745282303671997
*c1ccc(-c2ccc(-c3ccc(-c4ccc(*)s4)cc3)cc2)cc1,ei,5.1853,5.020351946492545
*c1ccc(-c2ccc(-c3ccc(-c4ccc(*)s4)s3)s2)cc1,ei,4.7302,5.118594345591966
*c1ccc(-c2ccc(C(=S)c3ccc(*)s3)s2)cc1,ei,5.7103,5.548495277862622
*c1ccc(-c2ccc(C(F)(F)C(*)(F)F)s2)s1,ei,5.8176,6.421128549354393
*c1ccc(-c2nc3cc4nc(*)oc4cc3o2)cc1,ei,5.6689,5.776652424486664
*c1ccc(C(=O)C(F)(F)C(*)(F)F)cc1,ei,7.7091,7.212294186877423
*c1ccc(C(=O)C(F)(F)C(*)(F)F)s1,ei,7.5565,7.090390950285246
*c1ccc(C(=S)c2ccc(C(=S)C(=O)Nc3ccc(-c4ccc(*)s4)cc3)s2)s1,ei,5.6233,5.701751128752051
*c1ccc(C(F)(F)CC(*)(F)F)cc1,ei,7.0413,7.462763933865297
*c1ccc(C(F)(F)CC(*)(F)F)s1,ei,7.1393,7.256689675283859
*c1ccc(C(F)(F)NC(*)(F)F)s1,ei,7.3853,6.621005256968901
*c1ccc(C(F)(F)c2ccc(C(*)(F)F)cc2)s1,ei,6.4074,6.613527044208614
*c1ccc(C(F)(F)c2ccc(C(*)(F)F)s2)s1,ei,6.7826,6.37429574637546
*c1ccc(CC(F)(F)C(*)(F)F)s1,ei,6.8904,7.04021918976223
*c1ccc(NC(F)(F)C(*)(F)F)cc1,ei,6.1304,6.8294149117890175
*c1ccc(NC(F)(F)C(*)(F)F)s1,ei,5.871,6.62818196788607
*c1ccc(OC(=S)c2ccc(*)s2)cc1,ei,5.9615,6.016528346525256
*C(=O)C(=S)OC(*)=S,eps,6.46,6.232168404490356
*C(=O)NC(=O)c1ccc(*)cc1,eps,4.45,4.4059305319761135
*C(=O)NC(F)(F)C(*)(F)F,eps,3.53,4.015965946031226
*C(=O)Oc1ccc(C(*)=S)cc1,eps,4.83,4.817180205360808
*C(=O)Oc1ccc(C(*)=S)s1,eps,5.33,5.289129399180448
*C(=O)c1ccc(-c2ccc(-c3ccc(*)cc3)cc2)cc1,eps,4.43,4.310636221181717
*C(=O)c1ccc(-c2ccc(-c3ccc(*)s3)cc2)cc1,eps,6.15,4.863718942389584
*C(=O)c1ccc(-c2ccc(-c3ccc(*)s3)s2)s1,eps,8.28,7.384065568791796
*C(=O)c1ccc(-c2ccc(C(*)=S)cc2)cc1,eps,5.49,5.531469777089784
*C(=O)c1ccc(-c2ccc(C(*)=S)cc2)s1,eps,5.9,5.613045379739118
*C(=O)c1ccc(-c2ccc(C(*)=S)s2)cc1,eps,5.75,5.893692956590184
*C(=O)c1ccc(-c2ccc(C(*)=S)s2)s1,eps,6.5,6.588552991933662
*C(=O)c1ccc(C(=O)c2ccc(*)cc2)cc1,eps,4.54,4.6262269618252745
*C(=O)c1ccc(C(=S)c2ccc(*)s2)cc1,eps,5.13,5.807842619967353
*C(=O)c1ccc(C(=S)c2ccc(*)s2)s1,eps,6.22,6.5400939302933425
*C(=O)c1ccc(OC(*)=S)cc1,eps,5.05,5.026142559916909
*C(=S)C(=O)CCNc1ccc(C(=S)c2ccc(*)cc2)cc1,eps,6.47,5.9127588182931845
*C(=S)C(F)(F)CC(*)(F)F,eps,3.78,3.821157518171533
*C(=S)C(F)(F)NC(*)(F)F,eps,4.49,3.963430734209228
*C(=S)C(F)(F)c1ccc(C(*)(F)F)cc1,eps,3.7,3.9760399394052577
*C(=S)C(F)(F)c1ccc(C(*)(F)F)s1,eps,3.9,5.064249453009975
*C(=S)NC(F)(F)C(*)(F)F,eps,3.81,4.0194346029567924
*C(=S)OC(=S)c1ccc(*)s1,eps,6.22,6.261722025005383
*C(=S)Oc1ccc(-c2ccc(*)cc2)s1,eps,5.67,5.427467903650266
*C(=S)c1ccc(-c2ccc(-c3ccc(*)cc3)cc2)cc1,eps,4.57,5.133640859507456
*C(=S)c1ccc(-c2ccc(-c3ccc(*)cc3)cc2)s1,eps,6.66,5.570475145057054
*C(=S)c1ccc(C(=S)c2ccc(*)cc2)s1,eps,6.78,6.804995014872352
*C(=S)c1ccc(C(F)(F)C(*)(F)F)s1,eps,4.44,4.779440728330394
*CC(*)(F)F,eps,3.37,3.3243168790085385
*CC(*)C,eps,2.61,3.3773519372592773
*CC(*)F,eps,3.36,3.3837414972628483
*CC(=O)C(=S)C(*)=O,eps,6.33,5.019418687131427
*CC(=O)C(=S)O*,eps,4.8,5.466683394624789
*CC(=O)CC(*)=O,eps,3.79,3.7856882955637605
*CC(=O)CC(*)=S,eps,3.82,4.170867991804551
*CC(=O)Cc1ccc(*)cc1,eps,3.64,3.623872401478496
*CC(=O)Nc1ccc(*)cc1,eps,4.03,4.132461829686294
*CC(=O)O*,eps,3.99,3.6275705623361514
*CC(=O)OC(*)=O,eps,3.95,3.73514877089099
*CC(=O)OC(*)=S,eps,3.78,4.766595815915448
*CC(=O)Oc1ccc(*)s1,eps,3.92,4.0730013940181236
*CC(=O)c1ccc(-c2ccc(*)cc2)cc1,eps,3.96,4.019489779479258
*CC(=O)c1ccc(-c2ccc(*)cc2)s1,eps,4.58,4.708641511714722
*CC(=O)c1ccc(-c2ccc(*)s2)s1,eps,4.89,4.61153296938137
*CC(=O)c1ccc(C(*)=O)cc1,eps,4.2,4.0739868979099185
*CC(=O)c1ccc(C(*)=O)s1,eps,4.49,4.477738282033904
*CC(=O)c1ccc(C(*)=S)s1,eps,4.78,4.897381470209787
*CC(=S)C(=O)O*,eps,4.54,4.791592539886291
*CC(=S)CO*,eps,4.16,4.196232326642651
*CC(=S)NC(*)=S,eps,5.73,4.996113248326397
*CC(=S)NO*,eps,5.15,4.475128175063258
*CC(=S)c1ccc(C(*)=S)s1,eps,6.4,6.568981724595101
*CC(=S)c1ccc(N*)cc1,eps,5.48,4.824047861722796
*CC(=S)c1ccc(O*)cc1,eps,4.45,4.438373591595337
*CC(=S)c1ccc(O*)s1,eps,5.64,5.4421706457245556
*CCC(=O)N*,eps,3.61,3.717187726171158
*CCC(=O)O*,eps,3.39,3.422190941341503
*CCC(=O)OC(=O)Cc1ccc(-c2ccc(*)cc2)cc1,eps,3.47,3.7077131235809366
*CCC(=S)O*,eps,3.71,3.6711543201248036
*CCC(F)(F)C(*)(F)F,eps,3.08,3.358594398705927
*CCC(O*)(C(F)(F)F)C(F)(F)F,eps,3.05,3.238140480632471
*CCCC(*)=O,eps,3.27,3.3789820969835898
*CCCCCCC(=O)N*,eps,3.34,3.3466354565584853
*CCCCCCN1C(=O)c2ccc(C(=O)c3ccc4c(c3)C(=O)N(*)C4=O)cc2C1=O,eps,3.79,4.246847755438559
*CCCCCCNC(=S)Nc1ccc(NC(=S)N*)cc1,eps,4.17,4.6023610548883696
*CCCCCOC(=O)O*,eps,3.09,3.3118835098002397
*CCCCOC(=O)c1ccc(C(=O)O*)cc1,eps,3.59,3.457485041046228
*CCCN*,eps,3.03,3.467861113010039
*CCCO*,eps,3.03,3.3467644419706026
*CCCc1ccc(*)cc1,eps,3.14,3.6531585361153045
*CCCc1ccc(*)s1,eps,3.2,3.724107955783155
*CCNC(*)=S,eps,4.24,3.837208564797293
*CCOC(=O)CCCCC(=O)O*,eps,3.25,3.3694462591964838
*CCOC(=O)CCCCCCC(=O)O*,eps,3.16,3.385712212255751
*CCOC(=O)NCCOCCOCCNC(=O)O*,eps,3.53,3.615652486320714
*CCOC(=O)c1ccc(C(=O)O*)cc1,eps,3.82,3.7951343455721167
*CCOC(=S)NC(=S)c1ccc(N*)cc1,eps,5.17,5.374002179982638
*CCOCCOC(=O)O*,eps,3.32,3.462340256700572
*CCc1ccc(-c2ccc(*)cc2)cc1,eps,3.58,3.7154779555375415
*CCc1ccc(C(*)=S)s1,eps,4.38,4.689698823676499
*CCc1ccc(O*)cc1,eps,3.46,3.7513480946340265
*CNC(=O)C(*)=S,eps,5.23,4.913984101846985
*CNC(=O)NCOCO*,eps,4.22,3.8151367390562347
*CNC(=O)ONC(=O)NO*,eps,4.65,4.183487013264572
*CNC(=O)c1ccc(*)s1,eps,4.11,4.629850310878002
*CNC(=S)C(*)=O,eps,5.35,5.230527551887608
*CNC(=S)c1ccc(*)s1,eps,4.55,5.116557272875726
*CNCCCOCO*,eps,3.54,3.395799713655874
*CNCCNC(=O)OC*,eps,3.67,3.9919579621354764
*CNCNC(=O)NC(=O)N*,eps,3.92,4.376472170467393
*CNCO*,eps,3.53,3.530605087194698
*CNCc1ccc(*)s1,eps,3.53,3.8223964422917165
*CNOC(*)=S,eps,3.89,4.432074358584392
*CNON*,eps,3.62,3.789954582656098
*CNOc1ccc(*)cc1,eps,3.65,3.9283042946604203
*CNc1ccc(-c2ccc(*)cc2)s1,eps,4.18,4.542302992452106
*CNc1ccc(-c2ccc(*)s2)cc1,eps,4.42,4.162512758648419
*CNc1ccc(C(*)=O)cc1,eps,4.8,4.479544577296487
*CNc1ccc(C(*)=O)s1,eps,5.29,4.889073885783537
*CNc1ccc(C(*)=S)s1,eps,6.19,6.004989502891837
*CNc1ccc(N*)cc1,eps,4.2,4.151355381496465
*CNc1ccc(N*)s1,eps,4.18,4.4467660312692905
*CNc1ccc(O*)s1,eps,4.2,4.180671623698967
*CO*,eps,3.72,3.6181354797375196
*COC(=O)O*,eps,3.73,4.042167432897079
*COC(=S)O*,eps,4.34,4.0585401721635606
*COCOCCCO*,eps,3.51,3.3703712923408835
*CONC(*)=O,eps,4.13,3.894078182684801
*COc1ccc(O*)cc1,eps,3.8,3.906548739169889
*COc1ccc(O*)s1,eps,3.85,3.9525456538211845
*Cc1ccc(-c2ccc(-c3ccc(*)cc3)cc2)cc1,eps,3.67,3.6427697795035794
*Cc1ccc(-c2ccc(-c3ccc(*)s3)cc2)s1,eps,3.91,4.570372297815019
*Cc1ccc(-c2ccc(-c3ccc(*)s3)s2)s1,eps,4.39,5.183254598904893
*Cc1ccc(-c2ccc(C(*)=S)cc2)cc1,eps,4.45,4.657866677111806
*Cc1ccc(-c2ccc(C(*)=S)cc2)s1,eps,4.8,4.9372013355750966
*Cc1ccc(-c2ccc(C(*)=S)s2)cc1,eps,4.61,4.891229049423389
*Cc1ccc(-c2ccc(C(*)=S)s2)s1,eps,5.34,4.945829667970685
*Cc1ccc(-c2ccc(N*)s2)s1,eps,4.54,4.671740010441051
*Cc1ccc(-c2ccc(O*)s2)s1,eps,4.19,4.449160984728078
*Cc1ccc(C(=O)C(*)=S)cc1,eps,4.22,4.600275337839607
*Cc1ccc(C(=O)O*)cc1,eps,4.03,4.064716414324439
*Cc1ccc(C(=O)O*)s1,eps,4.17,4.144991797971133
*Cc1ccc(C(=O)c2ccc(*)cc2)cc1,eps,3.96,4.239248155643839
*Cc1ccc(C(=O)c2ccc(*)s2)cc1,eps,4.07,4.155811535813703
*Cc1ccc(C(=O)c2ccc(*)s2)s1,eps,4.69,4.936410387987255
*Cc1ccc(C(=S)O*)s1,eps,4.71,4.881045704658641
*Cc1ccc(C(=S)c2ccc(*)cc2)cc1,eps,4.09,4.494111626812942
*Cc1ccc(C(=S)c2ccc(*)s2)cc1,eps,4.17,4.479380236622754
*Cc1ccc(C*)cc1,eps,3.97,3.4376942518363984
*Cc1ccc(CO*)s1,eps,4.0,3.970814217038556
*Cc1ccc(Cc2ccc(*)cc2)cc1,eps,3.41,3.610000870905586
*Cc1ccc(Cc2ccc(*)s2)cc1,eps,3.4,3.8390909266574935
*Cc1ccc(Cc2ccc(*)s2)s1,eps,3.65,3.9457303475194907
*Cc1ccc(NC(*)=S)s1,eps,4.42,4.587117705582086
*Cc1ccc(NO*)s1,eps,4.04,4.257074553216206
*Cc1ccc(Nc2ccc(*)s2)cc1,eps,4.02,4.085659263131841
*Cc1ccc(OC(*)=S)cc1,eps,3.66,4.017171615617105
*Cc1ccc(Oc2ccc(*)s2)cc1,eps,3.59,3.930668712830678
*NC(=O)C(=S)O*,eps,6.14,5.54808448832753
*NC(=O)C(=S)c1ccc(*)cc1,eps,5.85,5.834438904372062
*NC(=O)C(=S)c1ccc(*)s1,eps,8.51,6.4307121246874726
*NC(=O)NC(*)=S,eps,7.36,5.800116129491833
*NC(=O)NC(=O)c1ccc(C(=S)c2ccc(-c3ccc(*)s3)s2)s1,eps,6.31,7.034871267583268
*NC(=O)NO*,eps,5.14,4.386421254192595
*NC(=O)Nc1ccc(*)s1,eps,4.94,5.187404224737074
*NC(=O)OC(*)=S,eps,5.76,5.865281470296443
*NC(=O)Oc1ccc(*)s1,eps,4.64,4.643335953724706
*NC(=O)c1ccc(-c2ccc(*)s2)cc1,eps,5.23,5.283980681584781
*NC(=O)c1ccc(C(*)=S)cc1,eps,5.0,4.8489207783288535
*NC(=O)c1ccc(O*)cc1,eps,4.32,4.403453903931608
*NC(=O)c1ccc(O*)s1,eps,4.85,4.664586585074916
*NC(=S)C(=O)O*,eps,6.34,5.683826395311424
*NC(=S)Nc1ccc(*)cc1,eps,5.66,5.3650535336170595
*NC(=S)Nc1ccc(NC(=S)Nc2ccc(Cc3ccc(*)cc3)cc2)cc1,eps,4.55,5.086034605232789
*NC(=S)Nc1ccc(NC(=S)Nc2ccc(Oc3ccc(*)cc3)cc2)cc1,eps,5.43,5.165003856106994
*NC(=S)OC(*)=S,eps,6.0,6.3132729263705905
*NC(=S)c1ccc(C(*)=S)s1,eps,6.57,6.384382363925296
*NC(=S)c1ccc(O*)cc1,eps,4.57,4.683467577559687
*NC(=S)c1ccc(O*)s1,eps,5.61,5.130605831355265
*NC(F)(F)CC(*)(F)F,eps,3.9,3.506863781013746
*NCC(F)(F)C(*)(F)F,eps,4.32,3.358967576344959
*NCCCNC(=O)NC(*)=O,eps,4.19,3.9052219798964654
*NCNC(=O)OC(=O)NC(*)=O,eps,4.67,4.036027465720725
*NOC(=O)NCC(=O)NC(*)=O,eps,5.02,4.2467571859273505
*NOC(F)(F)C(*)(F)F,eps,3.73,3.454118214635052
*NOc1ccc(O*)cc1,eps,4.11,4.153878576800338
*Nc1ccc(-c2ccc(-c3ccc(*)cc3)cc2)cc1,eps,4.29,4.357788424089474
*Nc1ccc(-c2ccc(-c3ccc(*)cc3)s2)cc1,eps,5.91,5.60400018372276
*Nc1ccc(-c2ccc(-c3ccc(*)s3)cc2)cc1,eps,5.94,5.241129355443126
*Nc1ccc(-c2ccc(-c3ccc(*)s3)s2)s1,eps,7.17,7.129974060271406
*Nc1ccc(-c2ccc(C(*)=S)cc2)cc1,eps,4.84,5.4058124795415745
*Nc1ccc(-c2ccc(C(*)=S)cc2)s1,eps,5.47,5.75164246959489
*Nc1ccc(-c2ccc(C(*)=S)s2)cc1,eps,6.84,6.64749114838636
*Nc1ccc(-c2ccc(C(=S)c3ccc(-c4ccc(Nc5ccc(*)cc5)s4)s3)s2)s1,eps,6.88,6.787874805270791
*Nc1ccc(-c2ccc(O*)cc2)cc1,eps,4.41,4.0352036426094875
*Nc1ccc(C(=O)C(*)=S)cc1,eps,5.95,5.720133088398693
*Nc1ccc(C(=O)c2ccc(*)s2)cc1,eps,6.11,5.565391643804175
*Nc1ccc(C(=O)c2ccc(*)s2)s1,eps,8.01,6.892418266273958
*Nc1ccc(C(=S)c2ccc(*)cc2)cc1,eps,6.72,5.980513903408907
*Nc1ccc(C(=S)c2ccc(*)cc2)s1,eps,6.46,6.470470817463289
*Nc1ccc(C(=S)c2ccc(*)s2)s1,eps,6.36,6.2294607953783085
*Nc1ccc(NC(*)=S)s1,eps,5.78,5.748493324994457
*Nc1ccc(NC(=O)NC(=O)NC(*)=O)s1,eps,5.34,5.04349919788454
*Nc1ccc(NO*)cc1,eps,4.2,4.262609126899676
*Nc1ccc(Nc2ccc(*)s2)cc1,eps,5.07,5.120556481108652
*Nc1ccc(OC(*)=S)cc1,eps,4.5,4.652102635829478
*Nc1ccc(OC(*)=S)s1,eps,5.02,4.939762867762125
*Nc1ccc(Oc2ccc(*)cc2)cc1,eps,4.38,4.384230813025199
*Nc1ccc(Oc2ccc(*)s2)s1,eps,4.14,4.515918593340711
*Nc1cccc(C(*)=O)c1,eps,4.43,4.529685010097115
*OC(=O)C(F)(F)C(*)(F)F,eps,3.31,3.446144546179873
*OC(=S)Oc1ccc(*)cc1,eps,4.1,4.2678268261852566
*OC(=S)c1ccc(-c2ccc(*)cc2)cc1,eps,4.56,4.825713902380171
*OC(=S)c1ccc(C(*)=O)s1,eps,5.45,5.359035327264888
*OC(F)(F)C(=S)C(*)(F)F,eps,3.6,3.722827845099098
*OC(F)(F)CC(*)(F)F,eps,3.47,3.478505527284721
*OC(F)(F)NC(*)(F)F,eps,4.04,3.5852830537623435
*OC(F)(F)OC(*)(F)F,eps,3.8,3.29581155595526
*OC(F)(F)c1ccc(C(*)(F)F)s1,eps,3.93,3.8317663627794785
*OC1C(CO)OC(*)C(O)C1O,eps,3.78,3.5962434885019325
*OCC(=S)c1ccc(C(=S)Cc2ccc(-c3ccc(*)cc3)cc2)s1,eps,4.62,5.68068574961149
*OCC(F)(F)C(*)(F)F,eps,3.5,3.3007108937119467
*OCCCCONC(*)=O,eps,3.69,3.5438527257124317
*Oc1ccc(-c2ccc(-c3ccc(*)cc3)cc2)cc1,eps,3.87,4.075743726871762
*Oc1ccc(-c2ccc(-c3ccc(*)cc3)s2)s1,eps,5.17,5.437939474871305
*Oc1ccc(-c2ccc(C(*)=O)cc2)cc1,eps,4.1,4.359092301644135
*Oc1ccc(-c2ccc(C(*)=O)cc2)s1,eps,4.73,4.85222734650746
*Oc1ccc(-c2ccc(C(*)=O)s2)s1,eps,5.23,5.122296637337552
*Oc1ccc(C(=O)c2ccc(*)cc2)cc1,eps,4.32,4.39241060062103
*Oc1ccc(C(=O)c2ccc(C(=O)NOC(*)=O)s2)cc1,eps,4.55,4.845839774182663
*Oc1ccc(C(=S)c2ccc(*)cc2)s1,eps,4.54,4.944974375683957
*Oc1ccc(C(F)(F)C(*)(F)F)s1,eps,3.9,3.7337891795399094
*Oc1ccc(Cc2ccc(*)cc2)cc1,eps,3.5,3.687844259013687
*Oc1ccc(OC(*)=O)cc1,eps,3.95,3.9934424846569962
*Oc1ccc(OC(*)=O)s1,eps,4.26,4.21026163280266
*Oc1ccc(Oc2ccc(*)cc2)s1,eps,3.82,4.076338912813534
*Oc1ccc(Oc2ccc(*)s2)s1,eps,3.9,4.174287801075469
*c1ccc(-c2ccc(-c3ccc(-c4ccc(*)s4)cc3)cc2)cc1,eps,5.39,5.711787406870583
*c1ccc(-c2ccc(C(=S)c3ccc(*)s3)s2)cc1,eps,9.09,6.677420209053661
*c1ccc(-c2ccc(C(F)(F)C(*)(F)F)cc2)s1,eps,3.57,4.111824378162888
*c1ccc(-c2ccc(Oc3ccc(*)s3)s2)cc1,eps,5.22,5.494051759084883
*c1ccc(C(=O)C(F)(F)C(*)(F)F)cc1,eps,3.85,3.989875225406542
*c1ccc(C(=O)C(F)(F)C(*)(F)F)s1,eps,3.93,4.371612616540364
*c1ccc(C(F)(F)C(=O)C(*)(F)F)s1,eps,4.05,3.856832661654997
*c1ccc(C(F)(F)CC(*)(F)F)cc1,eps,3.47,3.6450668158379393
*c1ccc(C(F)(F)NC(*)(F)F)s1,eps,4.48,3.955911795715857
*c1ccc(C(F)(F)c2ccc(C(*)(F)F)cc2)s1,eps,4.0,3.5788797055242543
*c1ccc(CC(F)(F)C(*)(F)F)s1,eps,3.59,3.782039422139289
*c1cccc(*)n1,eps,4.35,4.385369270410234
*C(=O)C(=S)OC(*)=S,nc,2.3004,2.2666087201449745
*C(=O)C(F)(F)CC(*)(F)F,nc,1.6107,1.6294074879263376
*C(=O)CC(F)(F)C(*)(F)F,nc,1.6044,1.6153959788213104
*C(=O)NC(=O)c1ccc(*)cc1,nc,1.8899,1.9576738967070164
*C(=O)Oc1ccc(C(*)=S)cc1,nc,2.0099,2.0185515748641696
*C(=O)c1ccc(-c2ccc(-c3ccc(*)cc3)s2)cc1,nc,2.2925,2.195008305084586
*C(=O)c1ccc(-c2ccc(-c3ccc(*)s3)cc2)s1,nc,2.5812,2.2059753967048437
*C(=O)c1ccc(-c2ccc(-c3ccc(*)s3)s2)cc1,nc,2.1519,2.381066072264423
*C(=O)c1ccc(-c2ccc(-c3ccc(*)s3)s2)s1,nc,2.705,2.4391773069438973
*C(=O)c1ccc(-c2ccc(C(*)=S)cc2)cc1,nc,2.2139,2.10031140020545
*C(=O)c1ccc(-c2ccc(C(*)=S)s2)cc1,nc,2.244,2.2281284575312617
*C(=O)c1ccc(C(=O)C(*)=S)cc1,nc,2.0994,2.1363512579587445
*C(=O)c1ccc(C(=O)c2ccc(*)cc2)cc1,nc,1.9846,1.9092075000764364
*C(=O)c1ccc(C(=O)c2ccc(*)s2)s1,nc,2.0879,2.3112904017902305
*C(=O)c1ccc(C(=S)c2ccc(*)s2)s1,nc,2.2975,2.2819669438504455
*C(=O)c1ccc(NC(=S)Oc2ccc(Nc3ccc(*)s3)s2)s1,nc,2.0222,2.2779661099969197
*C(=O)c1ccc(OC(*)=S)cc1,nc,2.0762,2.0366019340652572
*C(=O)c1ccc(OC(*)=S)s1,nc,2.3124,2.0692582143060556
*C(=O)c1ccc(Oc2ccc(*)s2)cc1,nc,2.0027,2.030822541884808
*C(=S)C(=O)CCNc1ccc(C(=S)c2ccc(*)cc2)cc1,nc,2.3328,2.2079186028663407
*C(=S)C(F)(F)CC(*)(F)F,nc,1.7605,1.7723168970119272
*C(=S)C(F)(F)NC(*)(F)F,nc,1.7879,1.832454921506042
*C(=S)C(F)(F)c1ccc(C(*)(F)F)cc1,nc,1.8005,1.7944591683169988
*C(=S)NC(F)(F)C(*)(F)F,nc,1.765,1.758565094234775
*C(=S)OC(=S)c1ccc(*)s1,nc,2.2971,2.2559349719529953
*C(=S)Oc1ccc(-c2ccc(*)cc2)s1,nc,2.1962,2.1939642477310604
*C(=S)Oc1ccc(-c2ccc(*)s2)s1,nc,2.2317,2.23562483955117
*C(=S)c1ccc(C(=S)c2ccc(*)cc2)cc1,nc,1.8941,2.27413657715845
*C(=S)c1ccc(C(=S)c2ccc(*)cc2)s1,nc,2.4956,2.3688182621738916
*C(=S)c1ccc(C(F)(F)C(*)(F)F)cc1,nc,1.9682,1.9379135909133565
*C(=S)c1ccc(C(F)(F)C(*)(F)F)s1,nc,1.985,1.9689035473231502
*C(F)C(*)(F)F,nc,1.5796,1.6411409454616668
*CC(*)(F)F,nc,1.6122,1.6545336429208364
*CC(*)C,nc,1.6081,1.5858817010846353
*CC(=O)C(=S)c1ccc(*)cc1,nc,2.03,1.9816609048885292
*CC(=O)CC(*)=O,nc,1.7565,1.722503869557766
*CC(=O)CC(*)=S,nc,1.8167,1.818927869602758
*CC(=O)CO*,nc,1.6922,1.6669381116117488
*CC(=O)Cc1ccc(*)s1,nc,1.799,1.8194598649995215
*CC(=O)NC(*)=O,nc,1.7864,1.7620290142460198
*CC(=O)NC(*)=S,nc,1.9255,1.9095938591330843
*CC(=O)Nc1ccc(*)cc1,nc,1.8294,1.845779202750828
*CC(=O)Nc1ccc(*)s1,nc,1.8784,1.8880960784999208
*CC(=O)O*,nc,1.6701,1.7499740929358465
*CC(=O)Oc1ccc(*)s1,nc,1.8447,1.829145955542328
*CC(=O)c1ccc(-c2ccc(*)cc2)s1,nc,2.0173,2.006449630067837
*CC(=O)c1ccc(-c2ccc(*)s2)cc1,nc,2.0511,1.9569304682690083
*CC(=O)c1ccc(C(*)=O)s1,nc,1.9246,1.9547543820303788
*CC(=S)C(=O)O*,nc,1.92,1.959689735417407
*CC(=S)CC(*)=S,nc,1.9346,1.9477077961119058
*CC(=S)CO*,nc,1.8843,1.8185297600770982
*CC(=S)NC(*)=S,nc,2.0504,2.082683545779284
*CC(=S)NO*,nc,1.9431,1.9368515020039094
*CC(=S)OC(*)=S,nc,1.9523,1.980665693222436
*CC(=S)c1ccc(C(*)=S)s1,nc,2.4487,2.2843721187574606
*CC(=S)c1ccc(O*)s1,nc,2.1619,2.142458629776773
*CC(CC(CC(CC(*)c1ccccc1)c1ccccc1)c1ccccc1)c1ccccc1,nc,1.6244,1.7551935982800382
*CCC(=O)C(*)=S,nc,1.9627,1.9326747353363083
*CCC(=O)N*,nc,1.7036,1.7098587307887594
*CCC(=O)O*,nc,1.6631,1.6690588911168422
*CCC(=O)c1ccc(*)cc1,nc,1.8245,1.8331490729264006
*CCC(=O)c1ccc(*)s1,nc,1.8757,1.8760084495042353
*CCC(O*)(C(F)(F)F)C(F)(F)F,nc,1.5724,1.6054389255241088
*CCCC(*)=O,nc,1.6556,1.6588898595116446
*CCCC(*)=S,nc,1.7702,1.8624057300590469
*CCCCCCNC(=S)Nc1ccc(NC(=S)N*)cc1,nc,1.8822,1.9353399631828343
*CCCCCOC(=O)Nc1ccc(C)c(NC(=O)O*)c1,nc,1.7297,1.757215032817012
*CCCCCOC(=O)O*,nc,1.6374,1.647314036728927
*CCCCCOCO*,nc,1.6043,1.647412029427746
*CCCN*,nc,1.6776,1.6579011669646158
*CCCO*,nc,1.6476,1.6202933676644418
*CCCOC(=O)CCCCCCCCOC(=O)CCCOC(=O)CCCCCCCCOC(*)=O,nc,1.6306,1.6012931776080954
*CCCc1ccc(*)cc1,nc,1.7489,1.6855222465007236
*CCCc1ccc(*)s1,nc,1.7538,1.7706653489383557
*CCNc1ccc(*)cc1,nc,1.7816,1.801573896101285
*CCNc1ccc(*)s1,nc,1.8184,1.8355401545588923
*CCO*,nc,1.6377,1.6941257072266163
*CCOC(=O)CCCCC(=O)O*,nc,1.6581,1.6523363832719047
*CCOC(=O)CCCCCCC(=O)O*,nc,1.6577,1.6320387870698918
*CCOC(=O)NCCOCCOCCNC(=O)O*,nc,1.6526,1.6751815774776015
*CCOCCOC(=O)Nc1ccc(C)c(NC(=O)O*)c1,nc,1.7289,1.7390202440727274
*CCON*,nc,1.7034,1.701284734684152
*CCc1ccc(-c2ccc(*)s2)cc1,nc,1.9106,1.9087569363869108
*CCc1ccc(C(*)=S)cc1,nc,1.9173,1.9320477261405562
*CCc1ccc(C(*)=S)s1,nc,2.0043,1.9875237058136732
*CCc1ccc(O*)cc1,nc,1.7865,1.756430084723688
*CNC(=O)C(*)=S,nc,1.9972,1.9974910104362569
*CNC(=O)NCOCO*,nc,1.6883,1.7651827878806408
*CNC(=O)ONC(=O)NO*,nc,1.7609,1.866420005071456
*CNCO*,nc,1.6697,1.7075841211680554
*CNON*,nc,1.7453,1.718294975178734
*CNOc1ccc(*)cc1,nc,1.8294,1.7718887380855919
*CNOc1ccc(*)s1,nc,1.8539,1.8621516750210423
*CNc1ccc(-c2ccc(*)cc2)s1,nc,1.9424,1.942943170922875
*CNc1ccc(C(*)=O)cc1,nc,1.9491,1.911517810582512
*CNc1ccc(C(*)=O)s1,nc,2.0195,2.0404146974468422
*CNc1ccc(C(*)=S)s1,nc,2.251,2.278727581332049
*CNc1ccc(N*)cc1,nc,1.8632,1.869099956694639
*CNc1ccc(N*)s1,nc,1.8551,1.9224821863867145
*CNc1ccc(O*)cc1,nc,1.8414,1.867155366949647
*COC(=S)O*,nc,1.8467,1.8416216961559282
*CONC(*)=O,nc,1.7438,1.781120230947701
*COc1ccc(O*)cc1,nc,1.7891,1.816700879246121
*Cc1ccc(-c2ccc(-c3ccc(*)cc3)s2)cc1,nc,1.9726,2.037946139263155
*Cc1ccc(-c2ccc(-c3ccc(*)s3)cc2)cc1,nc,2.0164,1.984464819008361
*Cc1ccc(-c2ccc(-c3ccc(*)s3)cc2)s1,nc,1.9468,1.9770636329659004
*Cc1ccc(-c2ccc(-c3ccc(*)s3)s2)cc1,nc,1.9768,1.995418889466059
*Cc1ccc(-c2ccc(-c3ccc(*)s3)s2)s1,nc,2.0574,2.0220743438084234
*Cc1ccc(-c2ccc(C(*)=S)cc2)cc1,nc,2.0502,1.97523721791662
*Cc1ccc(-c2ccc(C(*)=S)cc2)s1,nc,2.0986,1.9814259713625222
*Cc1ccc(-c2ccc(N*)cc2)cc1,nc,1.9585,1.9300605156604238
*Cc1ccc(-c2ccc(N*)s2)s1,nc,1.9938,2.020925107294992
*Cc1ccc(-c2ccc(O*)cc2)s1,nc,1.9368,1.9559489781105381
*Cc1ccc(-c2ccc(O*)s2)s1,nc,1.9533,1.892249563791618
*Cc1ccc(C(=O)C(*)=S)cc1,nc,1.9454,1.94806946692906
*Cc1ccc(C(=O)C(*)=S)s1,nc,1.9676,2.0815122255029865
*Cc1ccc(C(=O)N*)cc1,nc,1.8171,1.8655616284525371
*Cc1ccc(C(=O)O*)cc1,nc,1.8426,1.8252797757823553
*Cc1ccc(C(=O)c2ccc(*)cc2)cc1,nc,1.9018,1.8724914731242253
*Cc1ccc(C(=O)c2ccc(*)s2)s1,nc,2.0215,1.9877406338909784
*Cc1ccc(C(=S)O*)cc1,nc,1.8934,1.952349999155218
*Cc1ccc(C(=S)c2ccc(*)cc2)cc1,nc,1.9675,1.928604495779668
*Cc1ccc(C(=S)c2ccc(*)s2)s1,nc,2.0063,2.202777902847162
*Cc1ccc(CC(*)=S)cc1,nc,1.8601,1.8559373777408688
*Cc1ccc(CC(*)=S)s1,nc,1.8463,1.9327726650775738
*Cc1ccc(CO*)cc1,nc,1.7774,1.7543146744609803
*Cc1ccc(CO*)s1,nc,1.8606,1.8064854196406577
*Cc1ccc(Cc2ccc(*)s2)cc1,nc,1.8173,1.7847368954339742
*Cc1ccc(Cc2ccc(*)s2)s1,nc,1.8382,1.8127819927589832
*Cc1ccc(NO*)s1,nc,1.8806,1.8527820199010208
*Cc1ccc(OC(*)=S)cc1,nc,1.8273,1.825880950381681
*Cc1ccc(Oc2ccc(*)s2)cc1,nc,1.8289,1.8059997317149312
*Cc1ccc(Oc2ccc(*)s2)s1,nc,1.8388,1.9303839494142045
*NC(=O)C(=S)C(*)=O,nc,2.263,2.1052368062679383
*NC(=O)C(=S)O*,nc,2.1173,2.1627817122182407
*NC(=O)C(=S)c1ccc(*)cc1,nc,2.1735,2.1970587399484516
*NC(=O)NO*,nc,1.8753,1.9153850495256952
*NC(=O)Nc1ccc(*)cc1,nc,1.9598,1.9321228537798387
*NC(=O)Nc1ccc(*)s1,nc,2.0074,1.9929343282504621
*NC(=O)OC(*)=O,nc,1.7525,1.9227723804983383
*NC(=O)Oc1ccc(*)cc1,nc,1.8802,1.9281655245880591
*NC(=O)Oc1ccc(*)s1,nc,1.9321,1.9427052896482173
*NC(=O)c1ccc(-c2ccc(*)cc2)cc1,nc,2.0808,1.9823958235072712
*NC(=O)c1ccc(-c2ccc(*)cc2)s1,nc,2.2535,2.1349294751190744
*NC(=O)c1ccc(C(*)=O)s1,nc,2.034,2.0323657040565974
*NC(=O)c1ccc(C(*)=S)cc1,nc,1.971,2.0759441432761903
*NC(=O)c1ccc(C(*)=S)s1,nc,2.2308,2.2585270417987346
*NC(=O)c1ccc(NC(=S)c2ccc(Nc3ccc(*)cc3)cc2)s1,nc,2.2302,2.276833699119799
*NC(=O)c1ccc(O*)s1,nc,1.969,1.9683992884482304
*NC(=S)C(=O)O*,nc,2.1342,2.2082101676146566
*NC(=S)NC(*)=S,nc,2.2528,2.112867063116866
*NC(=S)NO*,nc,2.0671,1.9753035706306594
*NC(=S)Nc1ccc(NC(=S)Nc2ccc(Cc3ccc(*)cc3)cc2)cc1,nc,1.9843,2.0153315940844205
*NC(=S)c1ccc(O*)cc1,nc,1.9858,1.983111673781122
*NC(F)(F)CC(*)(F)F,nc,1.6205,1.6754233580034879
*NCC(F)(F)C(*)(F)F,nc,1.5942,1.7308355573386445
*NCCCNC(=O)NC(*)=O,nc,1.7499,1.7925915780999722
*NCNC(=O)OC(=O)NC(*)=O,nc,1.7355,1.875795081518943
*NOC(=O)NCC(=O)NC(*)=O,nc,1.7831,1.9003762618970437
*NOC(=S)O*,nc,1.942,1.937087997925645
*NOC(F)(F)C(*)(F)F,nc,1.6008,1.6699208486236743
*NOc1ccc(O*)cc1,nc,1.8691,1.8498794886515915
*Nc1ccc(*)cc1,nc,2.124,1.998146371261344
*Nc1ccc(-c2ccc(-c3ccc(*)s3)cc2)s1,nc,2.4847,2.468535188760665
*Nc1ccc(-c2ccc(-c3ccc(*)s3)s2)s1,nc,2.5509,2.5393789462255922
*Nc1ccc(-c2ccc(C(*)=O)s2)s1,nc,2.393,2.1599856809035214
*Nc1ccc(-c2ccc(C(*)=S)cc2)cc1,nc,2.1003,2.1116806629000973
*Nc1ccc(-c2ccc(C(*)=S)s2)cc1,nc,2.4805,2.3493781973186243
*Nc1ccc(-c2ccc(C(*)=S)s2)s1,nc,2.7581,2.268013900075258
*Nc1ccc(-c2ccc(C(=S)c3ccc(-c4ccc(Nc5ccc(*)cc5)s4)s3)s2)s1,nc,2.4299,2.4115771194164806
*Nc1ccc(C(=O)C(*)=S)cc1,nc,2.2161,2.1615579119459882
*Nc1ccc(C(=O)O*)cc1,nc,1.8988,1.8981270526002145
*Nc1ccc(C(=O)c2ccc(*)s2)cc1,nc,2.186,2.181015218307813
*Nc1ccc(C(=O)c2ccc(*)s2)s1,nc,2.5062,2.3949813450953643
*Nc1ccc(C(=S)c2ccc(*)cc2)cc1,nc,2.3239,2.251763475260928
*Nc1ccc(NC(*)=S)s1,nc,2.19,2.133419868900452
*Nc1ccc(NC(=O)NC(=O)NC(*)=O)s1,nc,1.9797,2.0677619736757658
*Nc1ccc(NO*)cc1,nc,1.8848,1.88437164360103
*Nc1ccc(OC(*)=S)cc1,nc,1.9514,1.9473302435231297
*Nc1ccc(Oc2ccc(*)cc2)cc1,nc,1.9297,1.9071244888957484
*Nc1ccc(Oc2ccc(*)s2)cc1,nc,1.9073,1.9170622326850633
*Nc1ccc(Oc2ccc(*)s2)s1,nc,1.9001,1.9589962563285965
*OC(=O)C(F)(F)C(*)(F)F,nc,1.5879,1.6350179162507872
*OC(=O)OC(*)=O,nc,1.5714,1.7707338181862937
*OC(=O)c1ccc(C(*)=O)s1,nc,1.8811,1.9084860169924158
*OC(=S)C(F)(F)C(*)(F)F,nc,1.7142,1.7258412042945004
*OC(=S)OC(*)=O,nc,1.7396,1.889452134076836
*OC(=S)Oc1ccc(*)s1,nc,1.9459,1.991106563069882
*OC(=S)c1ccc(-c2ccc(*)cc2)cc1,nc,2.0445,2.0251104882500806
*OC(=S)c1ccc(C(*)=O)s1,nc,2.068,2.1995297357435692
*OC(F)(F)C(=O)C(*)(F)F,nc,1.5807,1.6301220065010746
*OC(F)(F)C(=S)C(*)(F)F,nc,1.6753,1.7508594625986342
*OC(F)(F)NC(*)(F)F,nc,1.5936,1.6906604283425546
*OC(F)(F)OC(*)(F)F,nc,1.5596,1.6528997420828537
*OC(F)(F)c1ccc(C(*)(F)F)cc1,nc,1.7269,1.7077191573759625
*OC1C(CO)OC(*)C(O)C1O,nc,1.6879,1.703361036086052
*OCC(F)(F)C(*)(F)F,nc,1.5633,1.6296173969927232
*OCCC(=O)CC(=O)Oc1ccc(*)cc1,nc,1.7251,1.737067777177478
*OCCCCONC(*)=O,nc,1.6747,1.733339856656433
*Oc1ccc(-c2ccc(-c3ccc(*)cc3)cc2)s1,nc,2.1534,2.1422490410121404
*Oc1ccc(-c2ccc(-c3ccc(*)cc3)s2)s1,nc,2.1712,2.1388115709084223
*Oc1ccc(-c2ccc(-c3ccc(*)s3)s2)s1,nc,2.2729,2.308038100300518
*Oc1ccc(-c2ccc(C(*)=O)cc2)cc1,nc,1.9035,1.92512354614567
*Oc1ccc(-c2ccc(C(*)=O)s2)s1,nc,2.0521,2.2029081698509594
*Oc1ccc(C(=O)c2ccc(*)cc2)cc1,nc,1.9173,1.9328880945798215
*Oc1ccc(C(=O)c2ccc(C(=O)NOC(*)=O)s2)cc1,nc,1.8941,2.0258403368958846
*Oc1ccc(C(F)(F)C(*)(F)F)cc1,nc,1.7437,1.781450931616859
*Oc1ccc(OC(*)=O)cc1,nc,1.7876,1.8272756223268072
*Oc1ccc(OC(*)=O)s1,nc,1.8728,1.8796919280578201
*Oc1ccc(Oc2ccc(*)cc2)s1,nc,1.8525,1.8517411003913866
*c1ccc(*)cc1,nc,2.0982,2.005337592812561
*c1ccc(-c2ccc(-c3ccc(-c4ccc(*)s4)cc3)cc2)cc1,nc,2.2986,2.219913452687238
*c1ccc(-c2ccc(-c3ccc(-c4ccc(*)s4)s3)cc2)cc1,nc,2.646,2.2817596467570658
*c1ccc(-c2ccc(C(F)(F)C(*)(F)F)cc2)cc1,nc,1.9016,1.8810757361500485
*c1ccc(-c2ccc(C(F)(F)C(*)(F)F)cc2)s1,nc,1.7814,1.8581055026576512
*c1ccc(-c2ccc(C(F)(F)C(*)(F)F)s2)s1,nc,1.9785,1.9334283326649369
*c1ccc(-c2ccc(Oc3ccc(*)s3)s2)cc1,nc,2.1868,2.076509278047265
*c1ccc(C(=O)C(F)(F)C(*)(F)F)cc1,nc,1.8174,1.8058954917079382
*c1ccc(C(F)(F)C(=O)C(*)(F)F)cc1,nc,1.7375,1.7872122068254659
*c1ccc(C(F)(F)CC(*)(F)F)cc1,nc,1.7249,1.7132608978337345
*c1ccc(C(F)(F)CC(*)(F)F)s1,nc,1.7568,1.7737577066149521
*c1ccc(C(F)(F)NC(*)(F)F)cc1,nc,1.7422,1.7440651889006404
*c1ccc(C(F)(F)c2ccc(C(*)(F)F)cc2)cc1,nc,1.8364,1.7568009295590747
*c1ccc(CC(F)(F)C(*)(F)F)cc1,nc,1.7264,1.730644974516867
*c1ccc(CC(F)(F)C(*)(F)F)s1,nc,1.7679,1.7511203691504047
*c1ccc(NC(F)(F)C(*)(F)F)cc1,nc,1.7935,1.7808423614646152
*c1ccc(NC(F)(F)C(*)(F)F)s1,nc,1.862,1.8066421032578117
*c1ccc(OC(=S)c2ccc(*)s2)cc1,nc,2.2131,2.1339895673905622
*c1ccc2oc(-c3ccc4nc(*)oc4c3)nc2c1,nc,2.116,1.9880330155437043
*C#CC#Cc1cc(C(C)(C)C)cc2c3cc(C(C)(C)C)cc(*)c3n(CCCCCCCCCCCCCCCC)c12,tg,67.0,71.23370934576211
*C#CC(COS(=O)(=O)c1ccc(C)cc1)=C(*)COS(=O)(=O)c1ccc(C)cc1,tg,-73.0,87.33332047795682
*C#Cc1cc(C(C)(C)C)cc2c3cc(C(C)(C)C)cc(*)c3n(CCCCCCCCCCCCCCCC)c12,tg,80.0,83.36802470915588
*C#Cc1cccc(C#C[SiH](*)C)c1,tg,72.0,62.068146648345966
*C#Cc1cccc(C#C[Si](*)(C)C)c1,tg,50.0,86.69823028949253
*C#Cc1ccccc1C#C[SiH](*)c1ccccc1,tg,71.0,129.93156297284162
*C(*)(F)Cl,tg,77.0,-3.27952162305987
*C(*)C(=O)OC,tg,80.25,69.03958813317853
*C(*)C(=O)OC(C)C,tg,70.0,64.42611916005502
*C(*)C(=O)OC1CCCCC1,tg,140.0,86.91493408614502
*C(*)C(=O)OCC,tg,12.35,22.076818048563734
*C(=C(*)c1ccc(C(C)(C)C)cc1)c1ccccc1,tg,200.0,236.15243143560016
*C(=C(*)c1ccc(CCCC)cc1)c1ccccc1,tg,200.0,160.59341608905342
*C(=C(*)c1ccc(Oc2ccccc2)cc1)c1ccccc1,tg,200.0,190.39336899622603
*C(=C(*)c1ccc([Si](C(C)C)(C(C)C)C(C)C)cc1)c1ccccc1,tg,250.0,172.12370455424076
*C(=C(*)c1ccc([Si](C)(C)C)cc1)c1ccccc1,tg,200.0,206.81253330946106
*C(=C(*)c1ccc[c]([Ge]([CH3])([CH3])[CH3])c1)c1ccccc1,tg,200.0,192.37372431498434
*C(=C(*)c1cccc([Si](C)(C)C)c1)c1ccccc1,tg,200.0,202.6173569831452
*C(=C(C#N)c1ccc(C(=O)OC2CCN(*)CC2)cc1)c1ccc(OC)cc1,tg,183.0,145.2340316419776
*C(=C([2H])C([2H])([2H])C(*)([2H])[2H])C([2H])([2H])[2H],tg,-58.0,0.34004145776932443
*C(=Cc1cc(OC)c(C=C(c2ccc(*)cc2)c2ccc(F)cc2)cc1OC)c1ccc(F)cc1,tg,193.0,188.00585173933237
*C(=Cc1cc(OC)c(C=C(c2ccc(*)cc2)c2ccc(OC)cc2)cc1OC)c1ccc(OC)cc1,tg,170.0,170.82118251251228
*C(=Cc1cc(OC)c(C=C(c2ccc(F)cc2)c2ccc(-c3ccc(*)cc3)cc2)cc1OC)c1ccc(F)cc1,tg,201.0,195.5932996834477
*C(=Cc1cc(OC)c(C=C(c2ccc(F)cc2)c2ccc3cc(*)ccc3c2)cc1OC)c1ccc(F)cc1,tg,208.0,208.3406123123145
*C(=Cc1cc(OC)c(C=C(c2ccccc2)c2ccc3cc(*)ccc3c2)cc1OC)c1ccccc1,tg,198.0,205.96477178835204
*C(=Cc1ccc(C=C(c2ccccc2)c2ccc(-c3ccc(*)cc3)cc2)cc1)c1ccccc1,tg,220.0,239.92477116730726
*C(=Nc1ccccc1)c1ccc(-c2ccc(*)cc2)cc1,tg,225.0,227.37801156886718
*C(=O)C1C2C=CC(C2)C1*,tg,85.5,173.87346731841848
*C(=O)CCC1(CCC(=O)N2CCN(*)CC2)c2ccccc2-c2ccccc21,tg,145.0,136.11814969772067
*C(=O)CCCCCCCCC(=O)N1CC(C)N(*)CC1C,tg,-60.5,82.5478382643744
*C(=O)CCCCCCCCC(=O)N1CCN(*)CC1,tg,70.4,1.558195501518125
*C(=O)CCCCCCCCC(=O)NC1CCCCN(*)C1,tg,-46.5,68.48362526331505
*C(=O)N1C(=O)N(C(=O)c2ccc3c(c2)C(=O)N(c2ccc(Oc4ccc(N5C(=O)c6ccc(*)cc6C5=O)cc4)cc2)C3=O)C(C)(C)C1=O,tg,156.0,271.5893077632674
*C(=O)N1C(=S)N(C(=O)c2ccc3c(c2)C(=O)N(c2ccc(Oc4ccc(N5C(=O)c6ccc(*)cc6C5=O)cc4)cc2)C3=O)C(C)=C(C(=O)OCC)C1c1ccccc1,tg,155.0,243.50116661816793
*C(=O)NC1CCC(CC2CCC(NC(=O)c3ccc(N4C(=O)c5ccc(*)cc5C4=O)cc3)CC2)CC1,tg,275.0,212.37035124104017
*C(=O)NC1CCCC(*)O1,tg,145.0,131.1096048928067
*C(=O)NCCN(CCNC(=O)c1ccc(N2C(=O)c3ccc(*)cc3C2=O)cc1)c1ccc(C=Cc2ccc([N+](=O)[O-])cc2)cc1,tg,178.0,191.19148096282046
*C(=O)NCCN(CCNC(=O)c1cccc(N2C(=O)c3ccc(*)cc3C2=O)c1)c1ccc(C=Cc2ccc([N+](=O)[O-])cc2)cc1,tg,178.0,178.37082103728727
*C(=O)NCCNC(=O)c1ccc(N2C(=O)c3ccc(*)cc3C2=O)cc1,tg,235.0,273.4062216858698
*C(=O)NNC(=O)c1ccc([Si](c2ccccc2)(c2ccccc2)c2ccc(C(=O)NNC(=O)c3ccc(*)nc3)cc2)cc1,tg,256.0,214.62492256328218
*C(=O)Nc1c(C)cc(Cc2cc(C)c(NC(=O)c3ccc4c(c3)C(=O)N(c3ccc(N=Nc5ccc(OC(F)(F)F)cc5)c(N5C(=O)c6ccc(*)cc6C5=O)c3)C4=O)c(C)c2)cc1C,tg,278.0,287.22152221704374
*C(=O)Nc1c(C)cc(Cc2cc(C)c(NC(=O)c3ccc4c(c3)C(=O)N(c3ccc(N=Nc5ccc([N+](=O)[O-])cc5)c(N5C(=O)c6ccc(*)cc6C5=O)c3)C4=O)c(C)c2)cc1C,tg,280.0,276.8460101861341
*C(=O)Nc1c(CC)cc(Cc2cc(CC)c(NC(=O)c3ccc4c(c3)C(=O)N(c3ccc(N=Nc5ccc(C)cc5)c(N5C(=O)c6ccc(*)cc6C5=O)c3)C4=O)c(CC)c2)cc1CC,tg,269.0,233.6493660893824
*C(=O)Nc1cc(C(F)(F)F)cc(NC(=O)c2ccc3c(c2)C(=O)N(c2cc(C(F)(F)F)cc(N4C(=O)c5ccc(*)cc5C4=O)c2Oc2ccc(C(F)(F)F)cc2)C3=O)c1Oc1ccc(C(F)(F)F)cc1,tg,315.0,280.99028670071334
*C(=O)Nc1cc(C(c2cc(C)c(C)c(NC(=O)c3ccc4c(c3)C(=O)N(c3cccc5c(N6C(=O)c7ccc(*)cc7C6=O)cccc35)C4=O)c2)(C(F)(F)F)C(F)(F)F)cc(C)c1C,tg,250.0,283.84413063493656
*C(=O)Nc1cc(NC(=O)c2ccc3[nH]c(-c4cccc(-c5nc6cc(*)ccc6[nH]5)c4)nc3c2)cc(-c2nc3ccccc3[nH]2)c1,tg,315.0,326.08212285973417
*C(=O)Nc1cc(NC(=O)c2ccc3c(c2)C(=O)N(c2cc(-c4nc5ccccc5o4)cc(N4C(=O)c5ccc(*)cc5C4=O)c2)C3=O)cc(-c2nc3ccccc3[nH]2)c1,tg,371.0,291.36378846419535
*C(=O)Nc1cc(NC(=O)c2ccc3c(c2)C(=O)N(c2cc(-c4nc5ccccc5s4)cc(N4C(=O)c5ccc(*)cc5C4=O)c2)C3=O)cc(-c2nc3ccccc3[nH]2)c1,tg,368.0,295.7794563738533
*C(=O)Nc1cc(NC(=O)c2ccc3c(c2)C(=O)N(c2cc(-c4nnc(-c5ccccn5)o4)cc(N4C(=O)c5ccc(*)cc5C4=O)c2)C3=O)cc(-c2nnc(-c3ccccn3)o2)c1,tg,164.0,277.79602228536953
*C(=O)Nc1cc(NC(=O)c2ccc3c(c2)C(=O)N(c2cccc(N4C(=O)c5ccc(*)cc5C4=O)c2)C3=O)cc(-c2nc3ccccc3[nH]2)c1,tg,361.0,302.7666856952337
*C(=O)Nc1cc(NC(=O)c2cccc(*)n2)cc(-c2nnc(-c3ccccn3)o2)c1,tg,255.0,177.0069728239816
*C(=O)Nc1ccc(-c2cc(-c3ccccc3)cc(-c3ccc(NC(=O)c4ccc5c(c4)C(=O)N(c4ccc(Oc6cccc7c(N8C(=O)c9ccc(*)cc9C8=O)cccc67)cc4)C5=O)cc3)n2)cc1,tg,295.0,291.24007528554523
*C(=O)Nc1ccc(-c2cc(-c3ccccc3)cc(-c3ccc(NC(=O)c4ccc5c(c4)C(=O)N(c4cccc(P(=O)(c6ccccc6)c6cccc(N7C(=O)c8ccc(*)cc8C7=O)c6)c4)C5=O)cc3)n2)cc1,tg,258.0,262.8563703527274
*C(=O)Nc1ccc(-c2ccc(N3C(=O)CC(N4C(=O)c5ccc(*)cc5C4=O)C3=O)cc2)cc1,tg,219.0,230.34778640146484
*C(=O)Nc1ccc(-c2ccc(NC(=O)N3CC(C)N(*)CC3C)cc2)cc1,tg,250.0,191.05110374202258
*C(=O)Nc1ccc(-c2ccc(NC(=O)c3ccc4c(c3)C(=O)N(c3c(C)cc(C)c(N5C(=O)c6ccc(*)cc6C5=O)c3C)C4=O)cc2C(F)(F)F)c(C(F)(F)F)c1,tg,267.0,282.32976268390837
*C(=O)Nc1ccc(-c2ccc(NC(=O)c3ccc4c(c3)C(=O)N(c3c(C)cc(C)c(N5C(=O)c6ccc(*)cc6C5=O)c3C)C4=O)cc2C)c(C)c1,tg,259.0,294.7303502370064
*C(=O)Nc1ccc(-c2ccc(NC(=O)c3ccc4c(c3)C(=O)N(c3ccc(Oc5cccc6c(N7C(=O)c8ccc(*)cc8C7=O)cccc56)cc3)C4=O)c(OC)c2)cc1OC,tg,304.0,275.73265977906027
*C(=O)Nc1ccc(-c2ccc(NC(=O)c3ccc4c(c3)C(=O)N(c3ccc(Oc5cccc6c(N7C(=O)c8ccc(*)cc8C7=O)cccc56)cc3)C4=O)cc2)cc1,tg,301.0,296.8687084061626
*C(=O)Nc1ccc(-c2ccc(NC(=O)c3ccc4c(c3)C(=O)N(c3ccc(S(=O)(=O)c5ccc(N6C(=O)c7ccc(*)cc7C6=O)cc5)cc3)C4=O)cc2)cc1,tg,370.0,304.2235772499721
*C(=O)Nc1ccc(-c2ccc(NC(=O)c3ccc4c(c3)C(=O)N(c3cccc(P(=O)(c5ccccc5)c5cccc(N6C(=O)c7ccc(*)cc7C6=O)c5)c3)C4=O)cc2)cc1,tg,253.0,238.42833887889637
*C(=O)Nc1ccc(C(=O)Nc2ccc(NC(=O)c3ccc4[nH]c(-c5cccc(-c6nc7cc(*)ccc7[nH]6)c5)nc4c3)cc2)cc1,tg,322.0,313.1814360810993
*C(=O)Nc1ccc(C(=O)c2ccc(NC(=O)c3ccc4c(c3)C(=O)N(c3ccc(NC(=O)Nc5ccc(N6C(=O)c7ccc(*)cc7C6=O)cc5)cc3)C4=O)cc2)cc1,tg,212.0,214.55564833290427
*C(=O)Nc1ccc(C(c2ccc(NC(=O)c3ccc(N4C(=O)c5ccc(*)cc5C4=O)cc3C)cc2)(C(F)(F)F)C(F)(F)F)cc1,tg,320.0,276.290482515907
*C(=O)Nc1ccc(C(c2ccc(NC(=O)c3ccc4c(c3)C(=O)N(c3c(C)cc(C)c(N5C(=O)c6ccc(*)cc6C5=O)c3C)C4=O)cc2)(C(F)(F)F)C(F)(F)F)cc1,tg,250.0,289.0695435336783
*C(=O)Nc1ccc(C(c2ccc(NC(=O)c3ccc4c(c3)C(=O)N(c3ccc(-c5ccc(N6C(=O)c7ccc(*)cc7C6=O)c(OC)c5)cc3OC)C4=O)cc2)(C(F)(F)F)C(F)(F)F)cc1,tg,250.0,271.48059850525414
*C(=O)Nc1ccc(C(c2ccc(NC(=O)c3ccc4c(c3)C(=O)N(c3ccc(Oc5ccc6ccc(Oc7ccc(N8C(=O)c9ccc(*)cc9C8=O)cc7)cc6c5)cc3)C4=O)cc2)(C(F)(F)F)C(F)(F)F)cc1,tg,292.0,257.3731383654885
*C(=O)Nc1ccc(C(c2ccc(NC(=O)c3ccc4c(c3)C(=O)N(c3cccc5c(N6C(=O)c7ccc(*)cc7C6=O)cccc35)C4=O)cc2)(C(F)(F)F)C(F)(F)F)cc1,tg,250.0,301.92043880156444
*C(=O)Nc1ccc(C)cc1N1C(=O)CC(N2C(=O)c3ccc(*)cc3C2=O)C1=O,tg,237.0,205.90880025671123
*C(=O)Nc1ccc(C2(c3ccc(N4C(=O)c5ccc(*)cc5C4=O)cc3)CC(C)CC(C)(C)C2)cc1,tg,328.0,331.33576915633586
*C(=O)Nc1ccc(C2(c3ccc(N4C(=O)c5ccc(*)cc5C4=O)cc3)CCC(C(C)(C)C)CC2)cc1,tg,331.0,318.41391097454783
*C(=O)Nc1ccc(C2(c3ccc(N4C(=O)c5ccc(*)cc5C4=O)cc3)CCC(C)CC2)cc1,tg,322.0,314.8994852910571
*C(=O)Nc1ccc(C2(c3ccc(N4C(=O)c5ccc(*)cc5C4=O)cc3)CCC(CC)CC2)cc1,tg,312.0,299.7037717436764
*C(=O)Nc1ccc(C2(c3ccc(N4C(=O)c5ccc(*)cc5C4=O)cc3)CCCCC2)cc1,tg,319.0,313.09324147509085
*C(=O)Nc1ccc(C2(c3ccc(NC(=O)c4ccc5c(c4)C(=O)N(c4ccc(Oc6ccc(N7C(=O)c8ccc(*)cc8C7=O)cc6)cc4)C5=O)cc3)c3ccccc3-c3ccccc32)cc1,tg,240.0,295.33761081911587
*C(=O)Nc1ccc(C2(c3ccc(NC(=O)c4ccc5c(c4)C(=O)N(c4ccc(Sc6ccc(Oc7ccc(Sc8ccc(N9C(=O)c%10ccc(*)cc%10C9=O)cc8)cc7)cc6)cc4)C5=O)cc3)c3ccccc3-c3ccccc32)cc1,tg,273.67,273.9169410212435
*C(=O)Nc1ccc(C2(c3ccc(NC(=O)c4ccc5c(c4)C(=O)N(c4cccc(N6C(=O)c7ccc(*)cc7C6=O)c4)C5=O)cc3)c3ccccc3-c3ccccc32)cc1,tg,209.0,290.79319592857786
*C(=O)Nc1ccc(Cc2ccc(N3C(=O)CC(N4C(=O)c5ccc(*)cc5C4=O)C3=O)cc2)cc1,tg,123.0,185.333925376231
*C(=O)Nc1ccc(Cc2ccc(N3C(=O)c4ccc(*)cc4C3=O)cc2)cc1,tg,279.5,293.11052450036385
*C(=O)Nc1ccc(Cc2ccc(NC(=O)c3ccc(N4C(=O)c5ccc(*)cc5C4=O)cc3)cc2)cc1,tg,222.0,253.9569671554226
*C(=O)Nc1ccc(Cc2ccc(NC(=O)c3ccc4c(c3)C(=O)N(c3ccc(-c5sc(-c6ccc(N7C(=O)c8ccc(*)cc8C7=O)cc6)c(-c6ccccc6)c5-c5ccccc5)cc3)C4=O)cc2)cc1,tg,253.0,318.5227330628592
*C(=O)Nc1ccc(Cc2ccc(NC(=O)c3ccc4c(c3)C(=O)N(c3ccc(NC(=O)Nc5ccc(N6C(=O)c7ccc(*)cc7C6=O)cc5)cc3)C4=O)cc2)cc1,tg,211.0,202.38256356996845
*C(=O)Nc1ccc(Cc2ccc(NC(=O)c3ccc4c(c3)C(=O)N(c3ccc(Oc5ccc(N6C(=O)c7ccc(*)cc7C6=O)cc5)cc3)C4=O)cc2)cc1,tg,270.0,259.21543552538606
*C(=O)Nc1ccc(Cc2ccc(NC(=O)c3ccc4c(c3)C(=O)N(c3ccc(Oc5ccc6ccc(Oc7ccc(N8C(=O)c9ccc(*)cc9C8=O)cc7)cc6c5)cc3)C4=O)cc2)cc1,tg,273.0,251.92893214024443
*C(=O)Nc1ccc(Cc2ccc(NC(=O)c3ccc4c(c3)C(=O)N(c3cccc(P(=O)(c5ccccc5)c5cccc(N6C(=O)c7ccc(*)cc7C6=O)c5)c3)C4=O)cc2)cc1,tg,233.0,234.83121122341927
*C(=O)Nc1ccc(N2C(=O)CC(N3C(=O)c4ccc(*)cc4C3=O)C2=O)cc1,tg,120.0,218.51455312389734
*C(=O)Nc1ccc(NC(=O)Nc2ccc(NC(=O)c3ccc4c(c3)C(=O)N(c3ccc(NC(=O)Nc5ccc(N6C(=O)c7ccc(*)cc7C6=O)cc5)cc3)C4=O)cc2)cc1,tg,208.0,222.26863415843232
*C(=O)Nc1ccc(NC(=O)c2ccc(N3C(=O)c4ccc(*)cc4C3=O)cc2)cc1,tg,297.5,283.8943664358282
*C(=O)Nc1ccc(NC(=O)c2ccc(NC(=O)c3ccc(-c4nc5cc(*)ccc5[nH]4)cc3)cc2)cc1,tg,295.0,307.6019426628333
*C(=O)Nc1ccc(NC(=O)c2ccc3c(c2)C(=O)N(c2c(C)cc(C)c(N4C(=O)c5ccc(*)cc5C4=O)c2C)C3=O)cc1,tg,327.0,331.037747440205
*C(=O)Nc1ccc(NC(=O)c2ccc3c(c2)C(=O)N(c2cc(-c4nc5ccccc5s4)cc(N4C(=O)c5ccc(*)cc5C4=O)c2)C3=O)cc1,tg,356.0,339.3649154282263
*C(=O)Nc1ccc(NC(=O)c2ccc3c(c2)C(=O)N(c2ccc(-c4sc(-c5ccc(N6C(=O)c7ccc(*)cc7C6=O)cc5)c(-c5ccccc5)c4-c4ccccc4)cc2)C3=O)cc1,tg,333.0,311.59880144236826
*C(=O)Nc1ccc(NC(=O)c2ccc3c(c2)C(=O)N(c2ccc(NC(=O)Nc4ccc(N5C(=O)c6ccc(*)cc6C5=O)cc4)cc2)C3=O)cc1,tg,216.0,227.83582610528373
*C(=O)Nc1ccc(NC(=O)c2ccc3c(c2)C(=O)N(c2ccc(Oc4ccc(N5C(=O)c6ccc(*)cc6C5=O)cc4)cc2)C3=O)c(OCCCCCCS(=O)(=O)c2ccc(C=Cc3ccc(N(C)C)cc3)cc2)c1,tg,192.0,218.13543770133745
*C(=O)Nc1ccc(NC(=O)c2ccc3c(c2)C(=O)N(c2ccc(S(=O)(=O)c4ccc(N5C(=O)c6ccc(*)cc6C5=O)cc4)cc2)C3=O)cc1,tg,368.0,293.9411316971243
*C(=O)Nc1ccc(NC(=O)c2ccc3c(c2)C(=O)N(c2cccc(N4C(=O)c5ccc(*)cc5C4=O)c2)C3=O)cc1,tg,341.0,273.19827026976446
*C(=O)Nc1ccc(Oc2c(C)cc(C(C)(C)c3cc(C)c(Oc4ccc(NC(=O)c5ccc6c(c5)C(=O)N(c5ccc(Oc7ccc(C8(c9ccc(Oc%10ccc(N%11C(=O)c%12ccc(*)cc%12C%11=O)cc%10)cc9)CC9CC8C8CCCC98)cc7)cc5)C6=O)cc4)c(C)c3)cc2C)cc1,tg,276.0,267.8476351984842
*C(=O)Nc1ccc(Oc2cc(C(C)(C)C)c(Oc3ccc(NC(=O)c4ccc5c(c4)C(=O)N(c4ccc(Oc6ccc(C7(c8ccc(Oc9ccc(N%10C(=O)c%11ccc(*)cc%11C%10=O)cc9)cc8)CC8CC7C7CCCC87)cc6)cc4)C5=O)cc3)cc2C(C)(C)C)cc1,tg,290.0,289.2824123616527
*C(=O)Nc1ccc(Oc2ccc(-c3ccc(Oc4ccc(NC(=O)c5ccc6c(c5)C(=O)N(c5ccc(Oc7ccc(C(C)(C)c8ccc(Oc9ccc(N%10C(=O)c%11ccc(*)cc%11C%10=O)cc9)cc8)cc7)cc5)C6=O)cc4)cc3)cc2)cc1,tg,283.0,258.0339814950989
*C(=O)Nc1ccc(Oc2ccc(-c3ccc(Oc4ccc(NC(=O)c5ccc6c(c5)C(=O)N(c5ccc(Oc7ccc(N8C(=O)c9ccc(*)cc9C8=O)cc7)cc5)C6=O)cc4)cc3)cc2)cc1,tg,262.0,269.6018578594582
*C(=O)Nc1ccc(Oc2ccc(-c3ccc(Oc4ccc(NC(=O)c5ccc6c(c5)C(=O)N(c5ccc(Oc7ccc(S(=O)(=O)c8ccc(Oc9ccc(N%10C(=O)c%11ccc(*)cc%11C%10=O)cc9)cc8)cc7)cc5)C6=O)cc4)cc3)cc2)cc1,tg,267.0,267.67221992761074
*C(=O)Nc1ccc(Oc2ccc(-c3ccc(Oc4ccc(NC(=O)c5ccc6c(c5)C(=O)N(c5ccc(Oc7ccccc7-c7ccccc7Oc7ccc(N8C(=O)c9ccc(*)cc9C8=O)cc7)cc5)C6=O)cc4)cc3)cc2)cc1,tg,254.0,257.83933283425154
*C(=O)Nc1ccc(Oc2ccc(-c3ccc(Oc4ccc(NC(=O)c5ccc6c(c5)C(=O)N(c5cccc(N7C(=O)c8ccc(*)cc8C7=O)c5)C6=O)cc4)cc3)cc2)cc1,tg,292.0,269.67786312266844
*C(=O)Nc1ccc(Oc2ccc(C(C)(C)c3ccc(Oc4ccc(NC(=O)c5ccc(N6C(=O)c7ccc(*)cc7C6=O)cc5)cc4)cc3)cc2)cc1,tg,216.0,235.69374006354656
*C(=O)Nc1ccc(Oc2ccc(C(C)(C)c3ccc(Oc4ccc(NC(=O)c5ccc6c(c5)C(=O)N(c5ccc(Oc7ccc8ccc(Oc9ccc(N%10C(=O)c%11ccc(*)cc%11C%10=O)cc9)cc8c7)cc5)C6=O)cc4)cc3)cc2)cc1,tg,250.0,238.72867978975017
*C(=O)Nc1ccc(Oc2ccc(C(C)(C)c3ccc(Oc4ccc(NC(=O)c5ccc6c(c5)C(=O)N(c5ccc(Oc7cccc(N8C(=O)c9ccc(*)cc9C8=O)c7)cc5)C6=O)cc4)cc3)cc2)cc1,tg,207.0,229.71376825501872
*C(=O)Nc1ccc(Oc2ccc(C(C)(C)c3ccc(Oc4ccc(NC(=O)c5ccc6c(c5)C(=O)N(c5ccc(Oc7cccc8c(Oc9ccc(N%10C(=O)c%11ccc(*)cc%11C%10=O)cc9)cccc78)cc5)C6=O)cc4)cc3)cc2)cc1,tg,235.0,245.76463714475435
*C(=O)Nc1ccc(Oc2ccc(C(c3ccc(Oc4ccc(NC(=O)c5ccc6c(c5)C(=O)N(c5ccc(Oc7ccc(C8(c9ccc(Oc%10ccc(N%11C(=O)c%12ccc(*)cc%12C%11=O)cc%10)cc9)CC9CC8C8CCCC98)cc7)cc5)C6=O)cc4)cc3)(C(F)(F)F)C(F)(F)F)cc2)cc1,tg,254.0,261.36927132095434
*C(=O)Nc1ccc(Oc2ccc(C(c3ccc(Oc4ccc(NC(=O)c5ccc6c(c5)C(=O)N(c5ccc(Oc7ccc8ccc(Oc9ccc(N%10C(=O)c%11ccc(*)cc%11C%10=O)cc9)cc8c7)cc5)C6=O)cc4)cc3)(C(F)(F)F)C(F)(F)F)cc2)cc1,tg,250.0,248.03980152374925
*C(=O)Nc1ccc(Oc2ccc(C(c3ccc(Oc4ccc(NC(=O)c5ccc6c(c5)C(=O)N(c5ccc(Oc7cccc8c(Oc9ccc(N%10C(=O)c%11ccc(*)cc%11C%10=O)cc9)cccc78)cc5)C6=O)cc4)cc3)(C(F)(F)F)C(F)(F)F)cc2)cc1,tg,231.0,260.51445741333464
*C(=O)Nc1ccc(Oc2ccc(C3(c4ccc(Oc5ccc(NC(=O)c6ccc7c(c6)C(=O)N(c6ccc(C)c(N8C(=O)c9ccc(*)cc9C8=O)c6)C7=O)cc5)cc4)NC(=O)c4ccccc43)cc2)cc1,tg,315.0,298.4688171982234
*C(=O)Nc1ccc(Oc2ccc(C3(c4ccc(Oc5ccc(NC(=O)c6ccc7c(c6)C(=O)N(c6ccc(Oc8ccc(Oc9ccc(N%10C(=O)c%11ccc(*)cc%11C%10=O)cc9)c(C)c8)cc6)C7=O)cc5)cc4)NC(=O)c4ccccc43)cc2)cc1,tg,293.0,278.09584997657566
*C(=O)Nc1ccc(Oc2ccc(C3(c4ccc(Oc5ccc(NC(=O)c6ccc7c(c6)C(=O)N(c6ccc(Oc8ccc(Oc9ccc(N%10C(=O)c%11ccc(*)cc%11C%10=O)cc9)cc8)cc6)C7=O)cc5)cc4)NC(=O)c4ccccc43)cc2)cc1,tg,284.0,282.6968481600566
*C(=O)Nc1ccc(Oc2ccc(C3(c4ccc(Oc5ccc(NC(=O)c6ccc7c(c6)C(=O)N(c6ccc(Oc8cccc(N9C(=O)c%10ccc(*)cc%10C9=O)c8)cc6)C7=O)cc5)cc4)NC(=O)c4ccccc43)cc2)cc1,tg,272.0,284.7115661693217
*C(=O)Nc1ccc(Oc2ccc(C3(c4ccc(Oc5ccc(NC(=O)c6ccc7c(c6)C(=O)N(c6ccc(Oc8cccc(Oc9ccc(N%10C(=O)c%11ccc(*)cc%11C%10=O)cc9)c8)cc6)C7=O)cc5)cc4)NC(=O)c4ccccc43)cc2)cc1,tg,267.0,281.9577411238345
*C(=O)Nc1ccc(Oc2ccc(N3C(=O)c4ccc(*)cc4C3=O)cc2)cc1,tg,290.17,293.67981273373414
*C(=O)Nc1ccc(Oc2ccc(NC(=O)c3ccc(N4C(=O)c5ccc(*)cc5C4=O)cc3)cc2)cc1,tg,252.67,241.2958316645161
*C(=O)Nc1ccc(Oc2ccc(NC(=O)c3ccc4c(c3)C(=O)N(c3cc(C(F)(F)F)cc(N5C(=O)c6ccc(*)cc6C5=O)c3Oc3ccc(C(F)(F)F)cc3)C4=O)cc2-c2ccccc2)c(-c2ccccc2)c1,tg,312.0,293.8601990979091
*C(=O)Nc1ccc(Oc2ccc(NC(=O)c3ccc4c(c3)C(=O)N(c3ccc(-c5sc(-c6ccc(N7C(=O)c8ccc(*)cc8C7=O)cc6)c(-c6ccccc6)c5-c5ccccc5)cc3)C4=O)cc2)cc1,tg,320.0,291.407025683852
*C(=O)Nc1ccc(Oc2ccc(NC(=O)c3ccc4c(c3)C(=O)N(c3ccc(Cc5ccc(N6C(=O)c7ccc(*)cc7C6=O)cc5)cc3)C4=O)cc2)cc1,tg,251.0,276.69260756721326
*C(=O)Nc1ccc(Oc2ccc(NC(=O)c3ccc4c(c3)C(=O)N(c3ccc(Oc5ccc(C6(c7ccc(Oc8ccc(N9C(=O)c%10ccc(*)cc%10C9=O)cc8)cc7)CC7CC6C6CCCC76)cc5)cc3)C4=O)cc2)cc1,tg,250.0,271.6868485780628
*C(=O)Nc1ccc(Oc2ccc(NC(=O)c3ccc4c(c3)C(=O)N(c3ccc(Oc5ccc(C6(c7ccc(Oc8ccc(N9C(=O)c%10ccc(*)cc%10C9=O)cc8)cc7)NC(=O)c7ccccc76)cc5)cc3)C4=O)cc2)cc1,tg,325.0,309.8133257313344
*C(=O)Nc1ccc(Oc2ccc(NC(=O)c3ccc4c(c3)C(=O)N(c3ccc(Oc5ccc(N6C(=O)c7ccc(*)cc7C6=O)cc5-c5ccccc5)c(-c5ccccc5)c3)C4=O)cc2)cc1,tg,345.0,278.38532125398393
*C(=O)Nc1ccc(Oc2ccc(NC(=O)c3ccc4c(c3)C(=O)N(c3ccc(Oc5ccc(N6C(=O)c7ccc(*)cc7C6=O)cc5-c5ccccc5)c(-c5ccccc5)c3)C4=O)cc2-c2ccccc2)c(-c2ccccc2)c1,tg,369.0,321.9612723960373
*C(=O)Nc1ccc(Oc2ccc(NC(=O)c3ccc4c(c3)C(=O)N(c3ccc(Oc5cccc6c(N7C(=O)c8ccc(*)cc8C7=O)cccc56)cc3)C4=O)cc2)cc1,tg,278.0,292.0535281751611
*C(=O)Nc1ccc(Oc2ccc(NC(=O)c3ccc4c(c3)C(=O)N(c3ccc(S(=O)(=O)c5ccc(N6C(=O)c7ccc(*)cc7C6=O)cc5)cc3)C4=O)cc2)cc1,tg,281.0,285.93077004791206
*C(=O)Nc1ccc(Oc2ccc(NC(=O)c3ccc4c(c3)C(=O)N(c3cccc(P(=O)(c5ccccc5)c5cccc(N6C(=O)c7ccc(*)cc7C6=O)c5)c3)C4=O)cc2)cc1,tg,235.0,244.25549933189137
*C(=O)Nc1ccc(Oc2ccc(Oc3ccc(NC(=O)c4ccc5c(c4)C(=O)N(c4ccc(-c6sc(-c7ccc(N8C(=O)c9ccc(*)cc9C8=O)cc7)c(-c7ccccc7)c6-c6ccccc6)cc4)C5=O)cc3)cc2)cc1,tg,303.0,308.4027453048856
*C(=O)Nc1ccc(Oc2ccc(Oc3ccc(NC(=O)c4ccc5c(c4)C(=O)N(c4ccc(Oc6ccc(C7(c8ccc(Oc9ccc(N%10C(=O)c%11ccc(*)cc%11C%10=O)cc9)cc8)CC8CC7C7CCCC87)cc6)cc4)C5=O)cc3)c(C(C)(C)C)c2)cc1,tg,275.0,267.6510429516105
*C(=O)Nc1ccc(Oc2ccc(Oc3ccc(NC(=O)c4ccc5c(c4)C(=O)N(c4ccc(Oc6ccc(C7(c8ccc(Oc9ccc(N%10C(=O)c%11ccc(*)cc%11C%10=O)cc9)cc8)CC8CC7C7CCCC87)cc6)cc4)C5=O)cc3)cc2)cc1,tg,257.0,263.04791440985076
*C(=O)Nc1ccc(Oc2ccc(Oc3ccc(NC(=O)c4ccc5c(c4)C(=O)N(c4ccc(Oc6ccc(C7(c8ccc(Oc9ccc(N%10C(=O)c%11ccc(*)cc%11C%10=O)cc9)cc8)NC(=O)c8ccccc87)cc6)cc4)C5=O)cc3)cc2)cc1,tg,300.0,307.02870067173194
*C(=O)Nc1ccc(Oc2ccc(Oc3ccc(NC(=O)c4ccc5c(c4)C(=O)N(c4ccc(Oc6ccc(N7C(=O)c8ccc(*)cc8C7=O)cc6)cc4)C5=O)cc3)cc2)cc1,tg,260.0,241.16563443012944
*C(=O)Nc1ccc(Oc2ccc(Oc3ccc(NC(=O)c4ccc5c(c4)C(=O)N(c4ccc(Oc6cccc7c(Oc8ccc(N9C(=O)c%10ccc(*)cc%10C9=O)cc8)cccc67)cc4)C5=O)cc3)cc2)cc1,tg,285.0,250.8296814267635
*C(=O)Nc1ccc(Oc2ccc(Oc3ccc(NC(=O)c4ccc5c(c4)C(=O)N(c4ccc(S(=O)(=O)c6ccc(N7C(=O)c8ccc(*)cc8C7=O)cc6)cc4)C5=O)cc3)cc2)cc1,tg,243.0,280.878604360883
*C(=O)Nc1ccc(Oc2ccc(S(=O)(=O)c3ccc(Oc4ccc(NC(=O)c5ccc6c(c5)C(=O)N(c5ccc(Oc7cccc8c(Oc9ccc(N%10C(=O)c%11ccc(*)cc%11C%10=O)cc9)cccc78)cc5)C6=O)cc4)cc3)cc2)cc1,tg,260.0,245.87351298934055
*C(=O)Nc1ccc(Oc2ccc3ccccc3c2-c2c(Oc3ccc(NC(=O)c4ccc5c(c4)C(=O)N(c4cc(C(F)(F)F)cc(N6C(=O)c7ccc(*)cc7C6=O)c4Oc4ccc(C(F)(F)F)cc4)C5=O)cc3)ccc3ccccc23)cc1,tg,324.0,286.4679079849009
*C(=O)Nc1ccc(Oc2cccc(NC(=O)c3ccc4c(c3)C(=O)N(c3ccc(-c5sc(-c6ccc(N7C(=O)c8ccc(*)cc8C7=O)cc6)c(-c6ccccc6)c5-c5ccccc5)cc3)C4=O)c2)cc1,tg,315.0,309.74903503586563
*C(=O)Nc1ccc(Oc2cccc(NC(=O)c3ccc4c(c3)C(=O)N(c3ccc(Oc5ccc(C6(c7ccc(Oc8ccc(N9C(=O)c%10ccc(*)cc%10C9=O)cc8)cc7)NC(=O)c7ccccc76)cc5)cc3)C4=O)c2)cc1,tg,302.0,301.36663365166845
*C(=O)Nc1ccc(Oc2cccc(NC(=O)c3ccc4c(c3)C(=O)N(c3ccc(Oc5ccc(N6C(=O)c7ccc(*)cc7C6=O)cc5)cc3)C4=O)c2)cc1,tg,236.0,262.5767826200167
*C(=O)Nc1ccc(Oc2cccc(NC(=O)c3ccc4c(c3)C(=O)N(c3ccc(Oc5ccc6ccc(Oc7ccc(N8C(=O)c9ccc(*)cc9C8=O)cc7)cc6c5)cc3)C4=O)c2)cc1,tg,263.0,257.69837554346543
*C(=O)Nc1ccc(Oc2cccc(NC(=O)c3ccc4c(c3)C(=O)N(c3ccc(Oc5cccc(N6C(=O)c7ccc(*)cc7C6=O)c5)cc3)C4=O)c2)cc1,tg,211.0,237.7178983826325
*C(=O)Nc1ccc(Oc2cccc(Oc3ccc(NC(=O)c4ccc5c(c4)C(=O)N(c4ccc(Oc6cccc(Oc7ccc(N8C(=O)c9ccc(*)cc9C8=O)cc7)c6C#N)cc4)C5=O)cc3)c2C#N)cc1,tg,220.0,240.8241293887221
*C(=O)Nc1ccc(Oc2ccccc2-c2ccccc2Oc2ccc(NC(=O)c3ccc4c(c3)C(=O)N(c3ccc(N5C(=O)c6ccc(*)cc6C5=O)cc3)C4=O)cc2)cc1,tg,268.0,263.72018331125815
*C(=O)Nc1ccc(Oc2ccccc2-c2ccccc2Oc2ccc(NC(=O)c3ccc4c(c3)C(=O)N(c3ccc(Oc5ccc(-c6ccc(Oc7ccc(N8C(=O)c9ccc(*)cc9C8=O)cc7)cc6)cc5)cc3)C4=O)cc2)cc1,tg,233.0,243.18093209424026
*C(=O)Nc1ccc(Oc2ccccc2-c2ccccc2Oc2ccc(NC(=O)c3ccc4c(c3)C(=O)N(c3ccc(Oc5ccc(N6C(=O)c7ccc(*)cc7C6=O)cc5)cc3)C4=O)cc2)cc1,tg,241.5,249.96461691500315
*C(=O)Nc1ccc(Oc2ccccc2-c2ccccc2Oc2ccc(NC(=O)c3ccc4c(c3)C(=O)N(c3ccc(Oc5ccc(Oc6ccc(N7C(=O)c8ccc(*)cc8C7=O)cc6)cc5)cc3)C4=O)cc2)cc1,tg,238.0,239.93745437685934
*C(=O)Nc1ccc(Oc2ccccc2-c2ccccc2Oc2ccc(NC(=O)c3ccc4c(c3)C(=O)N(c3ccc(Oc5ccc(S(=O)(=O)c6ccc(Oc7ccc(N8C(=O)c9ccc(*)cc9C8=O)cc7)cc6)cc5)cc3)C4=O)cc2)cc1,tg,236.0,246.92918024020165
*C(=O)Nc1ccc(Oc2ccccc2-c2ccccc2Oc2ccc(NC(=O)c3ccc4c(c3)C(=O)N(c3ccc(Oc5cccc(Oc6ccc(N7C(=O)c8ccc(*)cc8C7=O)cc6)c5)cc3)C4=O)cc2)cc1,tg,229.0,220.64172391753294
*C(=O)Nc1ccc(Oc2ccccc2-c2ccccc2Oc2ccc(NC(=O)c3ccc4c(c3)C(=O)N(c3ccc(Oc5ccccc5-c5ccccc5Oc5ccc(N6C(=O)c7ccc(*)cc7C6=O)cc5)cc3)C4=O)cc2)cc1,tg,233.0,254.54827404488128
*C(=O)Nc1ccc(Oc2ccccc2-c2ccccc2Oc2ccc(NC(=O)c3ccc4c(c3)C(=O)N(c3cccc(N5C(=O)c6ccc(*)cc6C5=O)c3)C4=O)cc2)cc1,tg,237.0,254.84641152464317
*C(=O)Nc1ccc(S(=O)(=O)c2ccc(N3C(=O)CC(N4C(=O)c5ccc(*)cc5C4=O)C3=O)cc2)cc1,tg,145.0,199.29368077385232
*C(=O)Nc1ccc(S(=O)(=O)c2ccc(NC(=O)c3ccc(N4C(=O)c5ccc(*)cc5C4=O)cc3)cc2)cc1,tg,227.33,274.4495432327135
*C(=O)Nc1ccc(S(=O)(=O)c2ccc(NC(=O)c3ccc4[nH]c(-c5cc(-c6nc7cc(*)ccc7[nH]6)cc(N6C(=O)c7ccccc7C6=O)c5)nc4c3)cc2)cc1,tg,325.0,318.08137547386985
*C(=O)Nc1ccc(S(=O)(=O)c2ccc(NC(=O)c3ccc4[nH]c(-c5cccc(-c6nc7cc(*)ccc7[nH]6)c5)nc4c3)cc2)cc1,tg,312.0,320.2192038114461
*C(=O)Nc1ccc(S(=O)(=O)c2ccc(NC(=O)c3ccc4c(c3)C(=O)N(c3cc(-c5nc6ccccc6o5)cc(N5C(=O)c6ccc(*)cc6C5=O)c3)C4=O)cc2)cc1,tg,367.0,341.16361180415026
*C(=O)Nc1ccc(S(=O)(=O)c2ccc(NC(=O)c3ccc4c(c3)C(=O)N(c3cc(-c5nc6ccccc6s5)cc(N5C(=O)c6ccc(*)cc6C5=O)c3)C4=O)cc2)cc1,tg,357.0,358.8363729190904
*C(=O)Nc1ccc(S(=O)(=O)c2ccc(NC(=O)c3ccc4c(c3)C(=O)N(c3ccc(-c5sc(-c6ccc(N7C(=O)c8ccc(*)cc8C7=O)cc6)c(-c6ccccc6)c5-c5ccccc5)cc3)C4=O)cc2)cc1,tg,340.0,283.4219946133178
*C(=O)Nc1ccc(S(=O)(=O)c2ccc(NC(=O)c3ccc4c(c3)C(=O)N(c3ccc(NC(=O)Nc5ccc(N6C(=O)c7ccc(*)cc7C6=O)cc5)cc3)C4=O)cc2)cc1,tg,205.0,234.46853795740967
*C(=O)Nc1ccc(S(=O)(=O)c2ccc(NC(=O)c3ccc4c(c3)C(=O)N(c3ccc(S(=O)(=O)c5ccc(N6C(=O)c7ccc(*)cc7C6=O)cc5)cc3)C4=O)cc2)cc1,tg,307.0,290.48857349372037
*C(=O)Nc1ccc(S(=O)(=O)c2ccc(NC(=O)c3ccc4c(c3)C(=O)N(c3cccc(N5C(=O)c6ccc(*)cc6C5=O)c3)C4=O)cc2)cc1,tg,342.0,310.2093797014945
*C(=O)Nc1ccc(Sc2ccc(NC(=O)c3ccc4c(c3)C(=O)N(c3ccc(Oc5ccc(C6(c7ccc(Oc8ccc(N9C(=O)c%10ccc(*)cc%10C9=O)cc8)cc7)NC(=O)c7ccccc76)cc5)cc3)C4=O)cc2)cc1,tg,312.0,316.2264410255508
*C(=O)Nc1ccc(Sc2ccc(NC(=O)c3ccc4c(c3)C(=O)N(c3ccc(Oc5ccc(N6C(=O)c7ccc(*)cc7C6=O)cc5)cc3)C4=O)cc2)cc1,tg,284.0,264.7057142790969
*C(=O)Nc1ccc(Sc2ccc(NC(=O)c3ccc4c(c3)C(=O)N(c3ccc(Oc5cccc6c(Oc7ccc(N8C(=O)c9ccc(*)cc9C8=O)cc7)cccc56)cc3)C4=O)cc2)cc1,tg,265.0,275.72340410958844
*C(=O)Nc1ccc2c(c1)Cc1cc(NC(=O)c3ccc4c(c3)C(=O)N(c3ccc(NC(=O)Nc5ccc(N6C(=O)c7ccc(*)cc7C6=O)cc5)cc3)C4=O)ccc1-2,tg,224.0,233.99775082971377
*C(=O)Nc1cccc(C#Cc2cccc(N3C(=O)c4ccc(*)cc4C3=O)c2)c1,tg,323.5,295.06977010592055
*C(=O)Nc1cccc(C(=O)Nc2cccc(NC(=O)c3ccc4[nH]c(-c5cccc(-c6nc7cc(*)ccc7[nH]6)c5)nc4c3)c2)c1,tg,331.0,295.27596959553875
*C(=O)Nc1cccc(C(=O)c2cccc(NC(=O)c3ccc4c(c3)C(=O)N(c3ccc(-c5sc(-c6ccc(N7C(=O)c8ccc(*)cc8C7=O)cc6)c(-c6ccccc6)c5-c5ccccc5)cc3)C4=O)c2)c1,tg,308.0,300.3578186074395
*C(=O)Nc1cccc(NC(=O)C=Cc2cccc(N3C(=O)c4ccc(*)cc4C3=O)c2)c1,tg,245.0,232.77960373868453
*C(=O)Nc1cccc(NC(=O)c2ccc3[nH]c(-c4cc(-c5nc6cc(*)ccc6[nH]5)cc(N5C(=O)c6ccccc6C5=O)c4)nc3c2)c1,tg,304.0,324.4494397412187
*C(=O)Nc1cccc(NC(=O)c2ccc3[nH]c(-c4ccc(-c5nc6cc(*)ccc6[nH]5)cc4)nc3c2)c1,tg,294.0,311.9269327237868
*C(=O)Nc1cccc(NC(=O)c2ccc3[nH]c(-c4cccc(-c5nc6cc(*)ccc6[nH]5)c4)nc3c2)n1,tg,302.0,328.8236817160784
*C(=O)Nc1cccc(NC(=O)c2ccc3c(c2)C(=O)N(c2cc(-c4nc5ccccc5o4)cc(N4C(=O)c5ccc(*)cc5C4=O)c2)C3=O)n1,tg,365.0,339.58544676112643
*C(=O)Nc1cccc(NC(=O)c2ccc3c(c2)C(=O)N(c2cc(-c4nc5ccccc5s4)cc(N4C(=O)c5ccc(*)cc5C4=O)c2)C3=O)n1,tg,358.0,344.03056950970665
*C(=O)Nc1cccc(NC(=O)c2ccc3c(c2)C(=O)N(c2ccc(-c4sc(-c5ccc(N6C(=O)c7ccc(*)cc7C6=O)cc5)c(-c5ccccc5)c4-c4ccccc4)cc2)C3=O)c1,tg,334.0,318.85076247895813
*C(=O)Nc1cccc(NC(=O)c2ccc3c(c2)C(=O)N(c2ccc(Oc4ccc(C5(c6ccc(Oc7ccc(N8C(=O)c9ccc(*)cc9C8=O)cc7)cc6)NC(=O)c6ccccc65)cc4)cc2)C3=O)c1,tg,328.0,304.88564190702357
*C(=O)Nc1cccc(NC(=O)c2ccc3c(c2)C(=O)N(c2ccc(Oc4ccc5ccc(Oc6ccc(N7C(=O)c8ccc(*)cc8C7=O)cc6)cc5c4)cc2)C3=O)c1,tg,286.0,266.85833288757567
*C(=O)Nc1cccc(NC(=O)c2ccc3c(c2)C(=O)N(c2ccc(Oc4cccc5c(N6C(=O)c7ccc(*)cc7C6=O)cccc45)cc2)C3=O)n1,tg,293.0,284.5790432362375
*C(=O)Nc1cccc(NC(=O)c2ccc3c(c2)C(=O)N(c2ccc(Oc4cccc5c(Oc6ccc(N7C(=O)c8ccc(*)cc8C7=O)cc6)cccc45)cc2)C3=O)c1,tg,263.0,267.4778480155239
*C(=O)Nc1cccc(NC(=O)c2ccc3c(c2)C(=O)N(c2ccc(S(=O)(=O)c4ccc(N5C(=O)c6ccc(*)cc6C5=O)cc4)cc2)C3=O)c1,tg,311.0,334.667761170923
*C(=O)Nc1cccc(NC(=O)c2ccc3c(c2)C(=O)N(c2cccc(P(=O)(c4ccccc4)c4cccc(N5C(=O)c6ccc(*)cc6C5=O)c4)c2)C3=O)n1,tg,156.0,261.8137891832741
*C(=O)Nc1cccc(Oc2ccc(C(=O)c3ccc(Oc4cccc(NC(=O)c5ccc(*)nc5)c4)cc3)cc2)c1,tg,154.0,183.44968179581753
*C(=O)Nc1cccc(Oc2ccc(S(=O)(=O)c3ccc(Oc4cccc(NC(=O)c5ccc(N6C(=O)c7ccc(*)cc7C6=O)cc5)c4)cc3)cc2)c1,tg,235.0,232.89137810287187
*C(=O)Nc1cccc(Oc2cccc(Oc3cccc(Oc4cccc(Oc5cccc(NC(=O)c6ccc7c(c6)C(=O)N(c6ccc(Oc8cccc(Oc9ccc(N%10C(=O)c%11ccc(*)cc%11C%10=O)cc9)c8C#N)cc6)C7=O)c5)c4C#N)c3)c2C#N)c1,tg,199.0,250.39674082247407
*C(=O)Nc1cccc(S(=O)(=O)c2cccc(NC(=O)c3ccc4c(c3)C(=O)N(c3cc(-c5nnc(-c6ccccn6)o5)cc(N5C(=O)c6ccc(*)cc6C5=O)c3)C4=O)c2)c1,tg,173.0,239.97208688466984
*C(=O)Nc1cccc2cccc(N3C(=O)CC(N4C(=O)c5ccc(*)cc5C4=O)C3=O)c12,tg,193.0,243.7483435141332
*C(=O)Nc1nc(NC(=O)c2ccc3c(c2)C(=O)N(c2ccc(Oc4cccc5c(N6C(=O)c7ccc(*)cc7C6=O)cccc45)cc2)C3=O)nc(-c2ccccc2)n1,tg,291.0,281.81342145729525
*C(=O)OC1CC(*)N(C(=O)OCc2ccccc2)C1,tg,78.0,103.49543153630057
*C(=O)OC1CC2CC(OC(=O)N3CCN(*)CC3)CC(C1)O2,tg,113.0,149.66647214714112
*C(=O)OCC(C)(C)COC(=O)N1CCN(*)CC1,tg,70.0,60.246949962392144
*C(=O)OCC(C)(C)CS(=O)(=O)CC(C)(C)COC(=O)N1CC(C)N(*)CC1C,tg,85.0,57.237443252422516
*C(=O)OCC(C)(C)CSCC(C)(C)COC(=O)C1(C)CNC(*)(C)CN1,tg,40.0,80.06683804180604
*C(=O)OCC(COc1ccc(N=Nc2ccc(C#N)cc2)cc1)OC(=O)c1ccc(*)s1,tg,119.0,88.88354634406673
*C(=O)OCCCCCCCCCCCCCCCCCCCCCCOC(=O)c1ccc(N2C(=O)c3ccc(*)cc3C2=O)cc1,tg,44.0,50.69885689760589
*C(=O)OCCCCCCCCCCCCOC(=O)c1ccc(NC(=O)c2ccc(N3C(=O)c4ccc(*)cc4C3=O)cc2)cc1,tg,74.0,94.82271355345034
*C(=O)OCCCCCCCCCCCCOC(=O)c1ccc2c(c1)C(=O)N(c1ccc(Oc3ccc(N4C(=O)c5ccc(*)cc5C4=O)cc3)cc1)C2=O,tg,105.0,114.95789712209552
*C(=O)OCCCCCCCCCCOC(=O)c1ccc(NC(=O)c2ccc(N3C(=O)c4ccc(*)cc4C3=O)cc2)cc1,tg,102.0,100.6668119849763
*C(=O)OCCCCCCCCOC(=O)c1ccc(NC(=O)c2ccc(N3C(=O)c4ccc(*)cc4C3=O)cc2)cc1,tg,105.0,105.95318757801441
*C(=O)OCCCCCCCOC(=O)c1ccc(NC(=O)c2ccc(N3C(=O)c4ccc(*)cc4C3=O)cc2)cc1,tg,106.0,123.30017103279428
*C(=O)OCCCCCOC(=O)c1ccc(N2C(=O)c3ccc(*)cc3C2=O)cc1,tg,90.0,100.53787525559119
*C(=O)OCCCSCCCCSCCCOC(=O)c1ccc(N2C(=O)c3ccc(*)cc3C2=O)cc1,tg,39.0,79.557486206619
*C(=O)OCCN(CCOC(=O)c1ccc2c(c1)C(=O)N(c1c(C)cc(Cc3cc(C)c(N4C(=O)c5ccc(*)cc5C4=O)c(C)c3)cc1C)C2=O)c1ccc(N=Nc2ccc([N+](=O)[O-])cc2)cc1,tg,179.0,178.6676111554283
*C(=O)OCCN(CCOC(=O)c1ccc2c(c1)C(=O)N(c1c(C)cc(Cc3cc(C)c(N4C(=O)c5ccc(*)cc5C4=O)c(C)c3)cc1C)C2=O)c1ccccc1,tg,177.0,185.67141153435526
*C(=O)OCCN(CCOC(=O)c1ccc2c(c1)C(=O)N(c1ccc(N=Nc3ccc(C(C#N)=C(C#N)C#N)cc3)c(N3C(=O)c4ccc(*)cc4C3=O)c1)C2=O)c1ccc(N=Nc2ccc(C(C#N)=C(C#N)C#N)cc2)cc1,tg,121.0,188.43016823804666
*C(=O)OCCN(CCOC(=O)c1ccc2c(c1)C(=O)N(c1ccc(N=Nc3ccccc3)c(N3C(=O)c4ccc(*)cc4C3=O)c1)C2=O)c1ccccc1,tg,156.0,171.22911975873618
*C(=O)OCCN(CCOC(=O)c1ccc2c(c1)C(=O)N(c1cccc(N3C(=O)c4ccc(*)cc4C3=O)c1)C2=O)c1ccc(N=Nc2ccc(F)cc2)cc1,tg,168.0,193.22496411102455
*C(=O)OCCN(CCOC(=O)c1ccc2c(c1)C(=O)N(c1cccc(N3C(=O)c4ccc(*)cc4C3=O)c1)C2=O)c1ccc(N=Nc2ccc([N+](=O)[O-])cc2)cc1,tg,210.0,168.031378362629
*C(=O)OCCOC(=O)N1CCN(*)CC1,tg,60.0,54.15262639770074
*C(=O)OCCOC(=O)c1ccc(*)o1,tg,85.56,61.82508865871592
*C(=O)OCCOC(=O)c1ccc(N2C(=O)c3ccc(*)cc3C2=O)cc1,tg,280.0,197.31077409005252
*C(=O)OCCOC(=O)c1cccc(N2C(=O)c3ccc(*)cc3C2=O)c1,tg,220.0,206.60651533613094
*C(=O)OCCOCCOC(=O)c1ccc(N2C(=O)c3ccc(*)cc3C2=O)cc1,tg,101.0,94.81906388243029
*C(=O)OCCOCCOCCOC(=O)c1ccc(N2C(=O)c3ccc(*)cc3C2=O)cc1,tg,63.0,75.18257733913582
*C(=O)OCCOCCOCCOCCOC(=O)c1ccc(N2C(=O)c3ccc(*)cc3C2=O)cc1,tg,52.0,67.29946255951286
*C(=O)Oc1c(C)cc(C(c2cc(C)c(OC(=O)c3ccc4c(c3)C(=O)N(c3c(C)cc(-c5cc(C)c(N6C(=O)c7ccc(*)cc7C6=O)c(C)c5)cc3C)C4=O)c(C)c2)(C(F)(F)F)C(F)(F)F)cc1C,tg,327.0,320.29157569912974
*C(=O)Oc1ccc(-c2ccc(OC(=O)c3ccc4c(c3)C(=O)N(c3ccc(-c5ccc(N6C(=O)c7ccc(*)cc7C6=O)cc5C)c(C)c3)C4=O)cc2C)c(C)c1,tg,177.0,239.01479853360726
*C(=O)Oc1ccc(C(C)(C)c2ccc(OC(=O)c3ccc4c(c3)C(=O)N(c3ccc(-c5ccc(N6C(=O)c7ccc(*)cc7C6=O)cc5C)c(C)c3)C4=O)cc2)cc1,tg,166.0,213.86064564392493
*C(=O)Oc1ccc(C(C)(C)c2ccc(OC(=O)c3ccc4c(c3)C(=O)N(c3ccc(O)c(N5C(=O)c6ccc(*)cc6C5=O)c3)C4=O)cc2)cc1,tg,225.0,242.8158561435906
*C(=O)Oc1ccc(C(C)(C)c2ccc(OC(=O)c3ccc4c(c3)C(=O)N(c3ccc(Oc5ccc(N6C(=O)c7ccc(*)cc7C6=O)cc5)cc3)C4=O)cc2)cc1,tg,200.0,229.89465455385988
*C(=O)Oc1ccc(C(C)(C)c2ccc(OC(=O)c3ccc4c(c3)C(=O)N(c3cccc(N5C(=O)c6ccc(*)cc6C5=O)c3)C4=O)cc2)cc1,tg,225.0,233.4251749904775
*C(=O)Oc1ccc(C(c2ccc(OC(=O)c3ccc4c(c3)C(=O)N(c3c(C)cc(-c5cc(C)c(N6C(=O)c7ccc(*)cc7C6=O)c(C)c5)cc3C)C4=O)cc2)(C(F)(F)F)C(F)(F)F)cc1,tg,335.0,288.38677851554104
*C(=O)Oc1ccc(C2(c3ccc(OC(=O)c4ccc5c(c4)C(=O)N(c4ccc(-c6ccc(N7C(=O)c8ccc(*)cc8C7=O)cc6C)c(C)c4)C5=O)cc3)C3CC4CC(C3)CC2C4)cc1,tg,222.0,221.87271968999977
*C(=O)Oc1ccc(C2(c3ccc(OC(=O)c4ccc5c(c4)C(=O)N(c4ccc(-c6ccc(N7C(=O)c8ccc(*)cc8C7=O)cc6C)c(C)c4)C5=O)cc3)CC3CC2C2CCCC32)cc1,tg,226.0,214.07319129525612
*C(=O)Oc1ccc(C2(c3ccc(OC(=O)c4ccc5c(c4)C(=O)N(c4ccc(-c6ccc(N7C(=O)c8ccc(*)cc8C7=O)cc6C)c(C)c4)C5=O)cc3)CCC(C(C)(C)C)CC2)cc1,tg,217.0,207.40585273476273
*C(=O)Oc1ccc(C23CC4CC(CC(C4)C2)C3)c(OC(=O)c2ccc3c(c2)C(=O)N(c2ccc(-c4ccc(N5C(=O)c6ccc(*)cc6C5=O)cc4C)c(C)c2)C3=O)c1,tg,225.0,237.8774318560426
*C(=O)Oc1ccc(OC(=O)c2ccc3c(c2)C(=O)N(C2CCC(N4C(=O)c5ccc(*)cc5C4=O)CC2)C3=O)cc1,tg,360.0,222.45631509308507
*C(=O)Oc1ccc(OC(=O)c2ccc3c(c2)C(=O)N(c2ccc(Oc4ccc(Oc5ccc(N6C(=O)c7ccc(*)cc7C6=O)cc5)cc4)cc2)C3=O)cc1,tg,230.0,234.24108699179249
*C(=O)Oc1ccc(OCCCCCCCCCCCCOc2ccc(OC(=O)c3ccc4c(c3)C(=O)N(c3ccc(S(=O)(=O)c5ccc(N6C(=O)c7ccc(*)cc7C6=O)cc5)cc3)C4=O)cc2)cc1,tg,140.0,143.8836238872912
*C(=O)Oc1ccc([Si](C)(c2ccccc2)c2ccc(OC(=O)c3ccc(*)s3)cc2)cc1,tg,-71.0,165.1940911552299
*C(=O)Oc1ccc([Si](CC)(CC)c2ccc(OC(=O)c3ccc(*)s3)cc2)cc1,tg,-62.0,111.70567848392544
*C(=O)c1cc(C(=O)c2ccc3c(c2)C(=O)N(c2ccc(Oc4ccc(N5C(=O)c6ccc(*)cc6C5=O)cc4)cc2)C3=O)cc(-c2ccccc2)c1,tg,258.5,262.49567212052244
*C(=O)c1cc(C(=O)c2ccc3c(c2)C(=O)N(c2ccc(Oc4ccc(S(=O)(=O)c5ccc(Oc6ccc(N7C(=O)c8ccc(*)cc8C7=O)cc6)cc5)cc4)cc2)C3=O)cc(-c2ccccc2)c1,tg,256.5,249.50041395542024
*C(=O)c1cc(C(=O)c2ccc3c(c2)C(=O)N(c2ccc(Oc4ccc(S(=O)(=O)c5ccc(Oc6ccc(N7C(=O)c8ccc(*)cc8C7=O)cc6)cc5)cc4)cc2)C3=O)cc(C(C)(C)C)c1,tg,254.5,260.8352505494912
*C(=O)c1cc(C(=O)c2ccc3c(c2)C(=O)N(c2cccc(N4C(=O)c5ccc(*)cc5C4=O)c2)C3=O)cc(-c2ccccc2)c1,tg,266.5,282.8644751289552
*C(=O)c1cc(C(=O)c2ccc3c(c2)C(=O)N(c2cccc(N4C(=O)c5ccc(*)cc5C4=O)c2)C3=O)cc(C(C)(C)C)c1,tg,264.5,270.59535687039954
*C(=O)c1cc2c(cc1Cl)C(=O)N(c1cc(Cl)c(N3C(=O)c4cc(*)c(Cl)cc4C3=O)cc1Cl)C2=O,tg,367.0,362.63358239221634
*C(=O)c1cc2c(cc1Cl)C(=O)N(c1cc(N3C(=O)c4cc(*)c(Cl)cc4C3=O)cc(C(C)(C)C)c1)C2=O,tg,290.0,317.75505785410314
*C(=O)c1cc2c(cc1Cl)C(=O)N(c1cc(N3C(=O)c4cc(*)c(Cl)cc4C3=O)cc(C(F)(F)F)c1)C2=O,tg,305.0,282.44005108154477
*C(=O)c1cc2c(cc1Cl)C(=O)N(c1cccc(N3C(=O)c4cc(*)c(Cl)cc4C3=O)c1)C2=O,tg,313.0,331.2835820061835
*C(=O)c1ccc(-c2ccc(C(C)(C)c3ccc(-c4ccc(C(=O)c5ccc6c(c5)C(=O)N(c5ccc(Cc7ccc(N8C(=O)c9ccc(*)cc9C8=O)cc7)cc5)C6=O)cc4)cc3)cc2)cc1,tg,216.0,250.74677844444815
*C(=O)c1ccc(C(=O)c2ccc(Oc3ccc(C(C)(C)c4ccc(Oc5ccc(*)s5)cc4)cc3)s2)cc1,tg,154.0,108.2001649524934
*C(=O)c1ccc(C(C)(CC)c2ccc(C(=O)N3CCN(*)CC3)cc2)cc1,tg,225.5,174.11189231655246
*C(=O)c1ccc(N(*)C)cc1,tg,197.0,132.71795297646614
*C(=O)c1ccc(N(*)CCCC)cc1,tg,124.0,87.62177615381344
*C(=O)c1ccc(N(*)CCCCCCC)cc1,tg,45.9,61.00327062301908
*C(=O)c1ccc(N(*)CCCCCCCC)cc1,tg,30.0,52.803789729327974
*C(=O)c1ccc(Oc2c(C)cc(-c3cc(C)c(Oc4ccc(C(=O)c5ccc6nc(*)ccc6c5)cc4)c(C)c3C)c(C)c2C)cc1,tg,250.0,253.96886387418496
*C(=O)c1ccc(Oc2ccc(-c3ccc(Oc4ccc(C(=O)c5ccc6c(c5)C(=O)N(c5ccc(Cc7ccc(N8C(=O)c9ccc(*)cc9C8=O)cc7)cc5)C6=O)cc4)cc3)cc2)cc1,tg,241.0,229.75431200898123
*C(=O)c1ccc(Oc2ccc(-c3ccc(Oc4ccc(C(=O)c5ccc6c(c5)C(=O)N(c5ccc(N7C(=O)c8ccc(*)cc8C7=O)cc5)C6=O)cc4)cc3)cc2)cc1,tg,229.0,249.63834402714002
*C(=O)c1ccc(Oc2ccc(-c3ccc(Oc4ccc(C(=O)c5ccc6c(c5)C(=O)N(c5ccc(Oc7ccc(N8C(=O)c9ccc(*)cc9C8=O)cc7)cc5)C6=O)cc4)cc3)cc2)cc1,tg,233.0,230.4987644237531
*C(=O)c1ccc(Oc2ccc(-c3ccc(Oc4ccc(C(=O)c5ccc6nc(*)ccc6c5)cc4)cc3)cc2)cc1,tg,155.0,211.61670918285776
*C(=O)c1ccc(Oc2ccc(C(C)(C)c3ccc(Oc4ccc(*)s4)cc3)cc2)s1,tg,124.0,87.5035804807167
*C(=O)c1ccc(Oc2ccc(C(C)(C)c3ccc(Oc4ccc(C(=O)c5ccc6c(c5)C(=O)N(c5ccc(Oc7ccc(N8C(=O)c9ccc(*)cc9C8=O)cc7)cc5)C6=O)cc4)cc3)cc2)cc1,tg,229.0,219.15394027055157
*C(=O)c1ccc(Oc2ccc(C3(c4ccc(Oc5ccc(*)s5)cc4)c4ccccc4-c4ccccc43)cc2)cc1,tg,195.0,221.61029437948883
*C(=O)c1ccc(Oc2ccc(C3(c4ccc(Oc5ccc(C(=O)c6ccc7c(c6)C(=O)N(c6ccc(Cc8ccc(N9C(=O)c%10ccc(*)cc%10C9=O)cc8)cc6)C7=O)cc5)cc4)OC(=O)c4ccccc43)cc2)cc1,tg,268.0,255.9694881493571
*C(=O)c1ccc(Oc2ccc(C3(c4ccc(Oc5ccc(C(=O)c6ccc7c(c6)C(=O)N(c6ccc(Oc8ccc(N9C(=O)c%10ccc(*)cc%10C9=O)cc8)cc6)C7=O)cc5)cc4)OC(=O)c4ccccc43)cc2)cc1,tg,260.0,259.40404960614364
*C(=O)c1ccc(Oc2ccc(N3C(=O)c4ccc(*)cc4C3=O)cc2)cc1,tg,297.0,275.0009707490285
*C(=O)c1ccc(Oc2ccc(Oc3ccc(C(=O)c4ccc5c(c4)C(=O)N(c4ccc(Cc6ccc(N7C(=O)c8ccc(*)cc8C7=O)cc6)cc4)C5=O)cc3)cc2)cc1,tg,225.0,225.68238974584085
*C(=O)c1ccc(Oc2ccc(Oc3ccc(C(=O)c4ccc5c(c4)C(=O)N(c4ccc(N6C(=O)c7ccc(*)cc7C6=O)cc4)C5=O)cc3)cc2)cc1,tg,236.0,238.5608627615183
*C(=O)c1ccc(Oc2ccc(Oc3ccc(C(=O)c4ccc5c(c4)C(=O)N(c4ccc(Oc6ccc(N7C(=O)c8ccc(*)cc8C7=O)cc6)cc4)C5=O)cc3)cc2)cc1,tg,220.0,224.52103535405743
*C(=O)c1ccc(Oc2ccc(S(=O)(=O)c3ccc(Oc4ccc(C(=O)c5ccc6c(c5)C(=O)N(c5ccc(Oc7ccc(N8C(=O)c9ccc(*)cc9C8=O)cc7)cc5)C6=O)cc4)cc3)cc2)cc1,tg,229.0,238.11946532517808
*C(=O)c1ccc2c(c1)C(=Nc1ccc(Oc3ccc(C(c4ccc(Oc5ccc(N=C6OC(=O)c7ccc(*)cc76)cc5)cc4)(C(F)(F)F)C(F)(F)F)cc3)cc1)OC2=O,tg,248.0,228.51607950322853
*C(=O)c1ccc2c(c1)C(=Nc1cccc(Oc3cccc(Oc4cccc(N=C5OC(=O)c6ccc(*)cc65)c4)c3)c1)OC2=O,tg,190.0,218.0861932973548
*C(=O)c1ccc2c(c1)C(=O)N(C1CCC(CC3CCC(N4C(=O)c5ccc(*)cc5C4=O)C(C)C3)CC1C)C2=O,tg,240.0,266.3644910624852
*C(=O)c1ccc2c(c1)C(=O)N(C1CCC(CC3CCC(N4C(=O)c5ccc(*)cc5C4=O)CC3)CC1)C2=O,tg,254.0,236.78663700388296
*C(=O)c1ccc2c(c1)C(=O)N(CC1(C)CC(N3C(=O)c4ccc(*)cc4C3=O)CC(C)(C)C1)C2=O,tg,275.0,293.6778421560799
*C(=O)c1ccc2c(c1)C(=O)N(c1c(-c3ccccc3)cc(-c3ccc(-c4cc(-c5ccccc5)c(N5C(=O)c6ccc(*)cc6C5=O)c(-c5ccccc5)c4)cc3)cc1-c1ccccc1)C2=O,tg,265.0,343.60668291790597
*C(=O)c1ccc2c(c1)C(=O)N(c1c(C)cc(C(c3cc(C(F)(F)F)cc(C(F)(F)F)c3)c3cc(C)c(N4C(=O)c5ccc(*)cc5C4=O)c(C)c3)cc1C)C2=O,tg,301.1,283.41050194956074
*C(=O)c1ccc2c(c1)C(=O)N(c1c(C)cc(C(c3cc(C)c(N4C(=O)c5ccc(*)cc5C4=O)c(C)c3)c3cccc4ccccc34)cc1C)C2=O,tg,303.0,312.1932239427662
*C(=O)c1ccc2c(c1)C(=O)N(c1c(C)cc(C(c3cccc(C(F)(F)F)c3)c3cc(C)c(N4C(=O)c5ccc(*)cc5C4=O)c(C)c3)cc1C)C2=O,tg,285.0,280.46370535203346
*C(=O)c1ccc2c(c1)C(=O)N(c1c(C)cc(C)c(N3C(=O)c4ccc(*)cc4C3=O)c1C)C2=O,tg,401.33,358.20812772756716
*C(=O)c1ccc2c(c1)C(=O)N(c1c(C)cc(Cc3cc(C)c(N4C(=O)c5ccc(*)cc5C4=O)c(C)c3)cc1C)C2=O,tg,331.0,320.7210504725614
*C(=O)c1ccc2c(c1)C(=O)N(c1cc(-c3nc4ccccc4[nH]3)cc(N3C(=O)c4ccc(*)cc4C3=O)c1)C2=O,tg,197.0,309.03129530806274
*C(=O)c1ccc2c(c1)C(=O)N(c1cc(-c3nc4ccccc4oc3=O)cc(N3C(=O)c4ccc(*)cc4C3=O)c1)C2=O,tg,95.0,301.2884140928142
*C(=O)c1ccc2c(c1)C(=O)N(c1cc(Br)c(Oc3c(Br)cc(N4C(=O)c5ccc(*)cc5C4=O)cc3Br)c(Br)c1)C2=O,tg,323.0,295.54544344471117
*C(=O)c1ccc2c(c1)C(=O)N(c1cc(C(=O)O)cc(N3C(=O)c4ccc(*)cc4C3=O)c1)C2=O,tg,294.0,266.33905145234667
*C(=O)c1ccc2c(c1)C(=O)N(c1cc(C(=O)c3ccccc3)cc(N3C(=O)c4ccc(*)cc4C3=O)c1)C2=O,tg,282.0,265.48786465036267
*C(=O)c1ccc2c(c1)C(=O)N(c1cc(C(c3ccc(O)c(N4C(=O)c5ccc(*)cc5C4=O)c3)(C(F)(F)F)C(F)(F)F)ccc1O)C2=O,tg,315.0,287.11978220241184
*C(=O)c1ccc2c(c1)C(=O)N(c1cc(N3C(=O)c4ccc(*)cc4C3=O)c(O)cc1O)C2=O,tg,324.0,325.9683344367927
*C(=O)c1ccc2c(c1)C(=O)N(c1cc(N3C(=O)c4ccc(*)cc4C3=O)cc(C(F)(F)F)c1)C2=O,tg,276.75,311.4592240128439
*C(=O)c1ccc2c(c1)C(=O)N(c1cc(OCCCC)cc(N3C(=O)c4ccc(*)cc4C3=O)c1)C2=O,tg,244.0,218.0330034166183
*C(=O)c1ccc2c(c1)C(=O)N(c1cc(OCCCCCCCC)cc(N3C(=O)c4ccc(*)cc4C3=O)c1)C2=O,tg,195.0,196.064443123765
*C(=O)c1ccc2c(c1)C(=O)N(c1cc(OCCCCCCCCCCCCCCCC)cc(N3C(=O)c4ccc(*)cc4C3=O)c1)C2=O,tg,179.0,169.64885059987887
*C(=O)c1ccc2c(c1)C(=O)N(c1ccc(-c3cc(C(C)(C)C)c(Oc4ccc(N5C(=O)c6ccc(*)cc6C5=O)cc4)c(C(C)(C)C)c3)cc1)C2=O,tg,347.5,363.27379700661305
*C(=O)c1ccc2c(c1)C(=O)N(c1ccc(-c3cc(C(C)(C)C)c(Oc4ccc(N5C(=O)c6ccc(*)cc6C5=O)cc4C(F)(F)F)c(C(C)(C)C)c3)cc1)C2=O,tg,362.0,295.73574693083674
*C(=O)c1ccc2c(c1)C(=O)N(c1ccc(-c3ccc(N4C(=O)c5ccc(*)cc5C4=O)c(C)c3)cc1C)C2=O,tg,365.0,327.9581821546358
*C(=O)c1ccc2c(c1)C(=O)N(c1ccc(-c3ccc(N4C(=O)c5ccc(*)cc5C4=O)c(OCCCCCCOc4ccc(/C=C/c5ccc(F)cc5)cc4)c3)cc1OCCCCCCOc1ccc(/C=C/c3ccc(F)cc3)cc1)C2=O,tg,128.0,143.77418698790137
*C(=O)c1ccc2c(c1)C(=O)N(c1ccc(-c3ccc(N4C(=O)c5ccc(*)cc5C4=O)cc3)cc1)C2=O,tg,337.0,319.59813084782564
*C(=O)c1ccc2c(c1)C(=O)N(c1ccc(-c3ccc(N4C(=O)c5ccc(*)cc5C4=O)cc3C)c(C)c1)C2=O,tg,385.0,298.5450639749537
*C(=O)c1ccc2c(c1)C(=O)N(c1ccc(-c3ccccc3N3C(=O)c4ccc(*)cc4C3=O)cc1)C2=O,tg,305.0,310.9348935145121
*C(=O)c1ccc2c(c1)C(=O)N(c1ccc(C(=O)Nc3ccc(N4C(=O)c5ccc(*)cc5C4=O)cc3)cc1)C2=O,tg,300.0,296.1851361238265
*C(=O)c1ccc2c(c1)C(=O)N(c1ccc(C(=O)Nc3ccc(Oc4ccc(NC(=O)c5ccc(NC(=O)Nc6ccc(Cc7ccc(NC(=O)Nc8ccc(C(=O)Nc9ccc(Oc%10ccc(NC(=O)c%11ccc(N%12C(=O)c%13ccc(*)cc%13C%12=O)cc%11)cc%10)cc9)cc8)cc7)cc6)cc5)cc4)cc3)cc1)C2=O,tg,229.0,285.60206397517635
*C(=O)c1ccc2c(c1)C(=O)N(c1ccc(C(=O)Nc3cccc(N4C(=O)c5ccc(*)cc5C4=O)c3)cc1)C2=O,tg,311.0,275.8014899973179
*C(=O)c1ccc2c(c1)C(=O)N(c1ccc(C(=O)c3ccc(C(=O)c4ccc(N5C(=O)c6ccc(*)cc6C5=O)cc4)cc3)cc1)C2=O,tg,286.0,267.4751425487073
*C(=O)c1ccc2c(c1)C(=O)N(c1ccc(C(=O)c3ccc(Cc4ccc(C(=O)c5ccc(N6C(=O)c7ccc(*)cc7C6=O)cc5)cc4)cc3)cc1)C2=O,tg,285.5,261.668729403924
*C(=O)c1ccc2c(c1)C(=O)N(c1ccc(C(=O)c3ccc(N4C(=O)c5ccc(*)cc5C4=O)cc3)cc1)C2=O,tg,286.33,292.5069279716626
*C(=O)c1ccc2c(c1)C(=O)N(c1ccc(C(=O)c3cccc(C(=O)c4ccc(N5C(=O)c6ccc(*)cc6C5=O)cc4)c3)cc1)C2=O,tg,276.0,257.9001464481101
*C(=O)c1ccc2c(c1)C(=O)N(c1ccc(C(=O)c3cccc(N4C(=O)c5ccc(*)cc5C4=O)c3)cc1)C2=O,tg,271.5,293.84586968633675
*C(=O)c1ccc2c(c1)C(=O)N(c1ccc(C(=O)c3ccccc3N3C(=O)c4ccc(*)cc4C3=O)cc1)C2=O,tg,286.0,275.9777907408796
*C(=O)c1ccc2c(c1)C(=O)N(c1ccc(C(C)(C)c3cccc(C(C)(C)c4ccc(N5C(=O)c6ccc(*)cc6C5=O)cc4)c3)cc1)C2=O,tg,309.75,271.3913592608714
*C(=O)c1ccc2c(c1)C(=O)N(c1ccc(C(c3ccc(N4C(=O)c5ccc(*)cc5C4=O)cc3)(C(F)(F)F)C(F)(F)F)cc1)C2=O,tg,300.0,320.94891428839645
*C(=O)c1ccc2c(c1)C(=O)N(c1ccc(C)c(N3C(=O)c4ccc(*)cc4C3=O)c1)C2=O,tg,313.5,340.502124721755
*C(=O)c1ccc2c(c1)C(=O)N(c1ccc(C3(C)CC(C)(C)c4ccc(N5C(=O)c6ccc(*)cc6C5=O)cc43)cc1)C2=O,tg,318.77,314.2378098254633
*C(=O)c1ccc2c(c1)C(=O)N(c1ccc(C3(c4ccc(N5C(=O)c6ccc(*)cc6C5=O)cc4)c4ccccc4-c4ccccc43)cc1)C2=O,tg,368.2,324.5870651051203
*C(=O)c1ccc2c(c1)C(=O)N(c1ccc(C=Cc3ccc(N4C(=O)c5ccc(*)cc5C4=O)cc3)cc1)C2=O,tg,303.0,303.49812126337787
*C(=O)c1ccc2c(c1)C(=O)N(c1ccc(CP(=O)(OCCCl)OCCCl)c(N3C(=O)c4ccc(*)cc4C3=O)c1)C2=O,tg,261.0,197.69155885805938
*C(=O)c1ccc2c(c1)C(=O)N(c1ccc(Cc3ccc(C(=O)c4cccc(N5C(=O)c6ccc(*)cc6C5=O)c4)cc3)cc1)C2=O,tg,290.0,255.2863853097321
*C(=O)c1ccc2c(c1)C(=O)N(c1ccc(Cc3ccc(Cc4ccc(Cc5ccc(N6C(=O)c7ccc(*)cc7C6=O)cc5)cc4)cc3)cc1)C2=O,tg,302.0,255.45832388913072
*C(=O)c1ccc2c(c1)C(=O)N(c1ccc(Cc3ccc(Cc4ccc(N5C(=O)c6ccc(*)cc6C5=O)cc4)cc3)cc1)C2=O,tg,341.0,264.0636710778662
*C(=O)c1ccc2c(c1)C(=O)N(c1ccc(Cc3ccc(N4C(=O)c5ccc(*)cc5C4=O)cc3)cc1)C2=O,tg,305.69,283.0980606621178
*C(=O)c1ccc2c(c1)C(=O)N(c1ccc(Cc3ccccc3N3C(=O)c4ccc(*)cc4C3=O)cc1)C2=O,tg,286.0,281.0706416577588
*C(=O)c1ccc2c(c1)C(=O)N(c1ccc(N(c3ccc(C#N)cc3)c3ccc(N4C(=O)c5ccc(*)cc5C4=O)cc3)cc1)C2=O,tg,315.0,298.9979365583722
*C(=O)c1ccc2c(c1)C(=O)N(c1ccc(N(c3ccccc3)c3ccc(N4C(=O)c5ccc(*)cc5C4=O)cc3)cc1)C2=O,tg,270.0,292.8392793407622
*C(=O)c1ccc2c(c1)C(=O)N(c1ccc(NC(=O)c3cccc(C(=O)Nc4ccc(N5C(=O)c6ccc(*)cc6C5=O)cc4)c3)cc1)C2=O,tg,247.0,285.5334825916903
*C(=O)c1ccc2c(c1)C(=O)N(c1ccc(OCC(C)(C)COc3ccc(N4C(=O)c5ccc(*)cc5C4=O)cc3)cc1)C2=O,tg,233.7,240.46914347217808
*C(=O)c1ccc2c(c1)C(=O)N(c1ccc(OCCOCCOCCOc3ccc(N4C(=O)c5ccc(*)cc5C4=O)cc3)cc1)C2=O,tg,200.0,151.8763565536497
*C(=O)c1ccc2c(c1)C(=O)N(c1ccc(OCCOc3ccc(N4C(=O)c5ccc(*)cc5C4=O)cc3)cc1)C2=O,tg,246.0,236.0412031961328
*C(=O)c1ccc2c(c1)C(=O)N(c1ccc(Oc3c(C)cc(C(c4cc(C)c(Oc5ccc(N6C(=O)c7ccc(*)cc7C6=O)cc5)c(C)c4)c4cccc5ccccc45)cc3C)cc1)C2=O,tg,272.0,279.8447376412738
*C(=O)c1ccc2c(c1)C(=O)N(c1ccc(Oc3cc(C(C)(C)C)c(Oc4ccc(N5C(=O)c6ccc(*)cc6C5=O)cc4)cc3C(C)(C)C)cc1)C2=O,tg,288.0,288.4972970377867
*C(=O)c1ccc2c(c1)C(=O)N(c1ccc(Oc3cc4ccccc4cc3Oc3ccc(N4C(=O)c5ccc(*)cc5C4=O)cc3)cc1)C2=O,tg,246.0,264.24856053328546
*C(=O)c1ccc2c(c1)C(=O)N(c1ccc(Oc3ccc(C(=O)c4ccc(C(=O)c5ccc(C(=O)c6ccc(Oc7ccc(N8C(=O)c9ccc(*)cc9C8=O)cc7)cc6)cc5)cc4)cc3)cc1)C2=O,tg,233.0,231.72857747985697
*C(=O)c1ccc2c(c1)C(=O)N(c1ccc(Oc3ccc(C(=O)c4ccc(C(=O)c5ccc(Oc6ccc(N7C(=O)c8ccc(*)cc8C7=O)cc6)cc5)cc4)cc3)cc1)C2=O,tg,233.0,237.73387958725937
*C(=O)c1ccc2c(c1)C(=O)N(c1ccc(Oc3ccc(C(=O)c4ccc(Oc5ccc(N6C(=O)c7ccc(*)cc7C6=O)cc5)cc4)cc3)cc1)C2=O,tg,252.0,248.25277172048874
*C(=O)c1ccc2c(c1)C(=O)N(c1ccc(Oc3ccc(C(=O)c4cccc(C(=O)c5ccc(Oc6ccc(N7C(=O)c8ccc(*)cc8C7=O)cc6)cc5)c4)cc3)cc1)C2=O,tg,227.82,218.13184708594457
*C(=O)c1ccc2c(c1)C(=O)N(c1ccc(Oc3ccc(C(=O)c4cccc(C(=O)c5ccc(Oc6ccc(N7C(=O)c8ccc(*)cc8C7=O)cc6)cc5)n4)cc3)cc1)C2=O,tg,314.5,222.94326973747144
*C(=O)c1ccc2c(c1)C(=O)N(c1ccc(Oc3ccc(C(=O)c4cccc(C(=O)c5ccc(Oc6ccc(N7C(=O)c8ccc(*)cc8C7=O)cc6C(F)(F)F)cc5)n4)cc3)c(C(F)(F)F)c1)C2=O,tg,225.2,218.77872157489443
*C(=O)c1ccc2c(c1)C(=O)N(c1ccc(Oc3ccc(C(C)(C)c4ccc(Oc5ccc(N6C(=O)c7ccc(*)cc7C6=O)cc5)cc4)cc3)cc1)C2=O,tg,287.73,246.90346260929454
*C(=O)c1ccc2c(c1)C(=O)N(c1ccc(Oc3ccc(C(c4ccc(Oc5ccc(N6C(=O)c7ccc(*)cc7C6=O)cc5C(F)(F)F)cc4)(C(F)(F)F)C(F)(F)F)cc3)c(C(F)(F)F)c1)C2=O,tg,220.0,256.8996052217593
*C(=O)c1ccc2c(c1)C(=O)N(c1ccc(Oc3ccc(N4C(=O)c5ccc(*)cc5C4=O)cc3)cc1)C2=O,tg,270.76,283.9432271740378
*C(=O)c1ccc2c(c1)C(=O)N(c1ccc(Oc3ccc(N4C(=O)c5ccc(*)cc5C4=O)cc3-c3cc(F)c(F)c(F)c3)c(-c3cc(F)c(F)c(F)c3)c1)C2=O,tg,342.0,296.4346877247893
*C(=O)c1ccc2c(c1)C(=O)N(c1ccc(Oc3ccc(N4C(=O)c5ccc(*)cc5C4=O)cc3Br)c(Br)c1)C2=O,tg,296.0,292.9146870271545
*C(=O)c1ccc2c(c1)C(=O)N(c1ccc(Oc3ccc(S(=O)(=O)c4ccc(C)cc4)cc3)c(N3C(=O)c4ccc(*)cc4C3=O)c1)C2=O,tg,293.0,282.3664738792631
*C(=O)c1ccc2c(c1)C(=O)N(c1ccc(Oc3cccc4c(Oc5ccc(N6C(=O)c7ccc(*)cc7C6=O)cc5)cccc34)cc1)C2=O,tg,229.5,285.7163800448051
*C(=O)c1ccc2c(c1)C(=O)N(c1ccc(Oc3ccccc3N3C(=O)c4ccc(*)cc4C3=O)cc1)C2=O,tg,286.0,281.56719924268236
*C(=O)c1ccc2c(c1)C(=O)N(c1ccc(Oc3ccccc3Oc3ccc(N4C(=O)c5ccc(*)cc5C4=O)cc3C(F)(F)F)c(C(F)(F)F)c1)C2=O,tg,236.0,230.77786161939872
*C(=O)c1ccc2c(c1)C(=O)N(c1ccc(Sc3ccc(N4C(=O)c5ccc(*)cc5C4=O)cn3)nc1)C2=O,tg,246.0,270.6874232341365
*C(=O)c1ccc2c(c1)C(=O)N(c1ccc3c(c1)C(=O)c1cc(N4C(=O)c5ccc(*)cc5C4=O)ccc1-3)C2=O,tg,331.0,325.8452276155737
*C(=O)c1ccc2c(c1)C(=O)N(c1ccc3c(c1)Cc1cc(N4C(=O)c5ccc(*)cc5C4=O)ccc1-3)C2=O,tg,341.5,354.42602628788
*C(=O)c1ccc2c(c1)C(=O)N(c1cccc(C#Cc3cccc(N4C(=O)c5ccc(*)cc5C4=O)c3)c1)C2=O,tg,295.8,311.4320083951534
*C(=O)c1ccc2c(c1)C(=O)N(c1cccc(C(=O)N(C)c3ccc(N4C(=O)c5ccc(*)cc5C4=O)cc3)c1)C2=O,tg,260.5,293.71095674576947
*C(=O)c1ccc2c(c1)C(=O)N(c1cccc(C(=O)Nc3cccc(N4C(=O)c5ccc(*)cc5C4=O)c3)c1)C2=O,tg,285.67,277.0048960784032
*C(=O)c1ccc2c(c1)C(=O)N(c1cccc(C(=O)c3c(C)cc(C)c(N4C(=O)c5ccc(*)cc5C4=O)c3C)c1)C2=O,tg,300.0,283.2025852882931
*C(=O)c1ccc2c(c1)C(=O)N(c1cccc(C(=O)c3ccc(Cc4ccc(C(=O)c5cccc(N6C(=O)c7ccc(*)cc7C6=O)c5)cc4)cc3)c1)C2=O,tg,260.5,244.6508079875736
*C(=O)c1ccc2c(c1)C(=O)N(c1cccc(C(=O)c3ccc(Oc4ccc(N5C(=O)c6ccc(*)cc6C5=O)cc4)cc3)c1)C2=O,tg,251.0,258.0565014718238
*C(=O)c1ccc2c(c1)C(=O)N(c1cccc(C(=O)c3ccc(Oc4ccc(N5C(=O)c6ccc(*)cc6C5=O)cc4C(F)(F)F)cc3)c1)C2=O,tg,242.0,245.01925409725268
*C(=O)c1ccc2c(c1)C(=O)N(c1cccc(C(=O)c3ccccc3N3C(=O)c4ccc(*)cc4C3=O)c1)C2=O,tg,258.33,281.39161165129
*C(=O)c1ccc2c(c1)C(=O)N(c1cccc(C(O)c3cccc(N4C(=O)c5ccc(*)cc5C4=O)c3)c1)C2=O,tg,273.0,252.40142702760426
*C(=O)c1ccc2c(c1)C(=O)N(c1cccc(Cc3ccc(C(=O)c4cccc(N5C(=O)c6ccc(*)cc6C5=O)c4)cc3)c1)C2=O,tg,265.5,252.27393034653483
*C(=O)c1ccc2c(c1)C(=O)N(c1cccc(Cc3ccc(Cc4ccc(Cc5cccc(N6C(=O)c7ccc(*)cc7C6=O)c5)cc4)cc3)c1)C2=O,tg,235.5,243.27265982012997
*C(=O)c1ccc2c(c1)C(=O)N(c1cccc(Cc3ccc(Cc4cccc(N5C(=O)c6ccc(*)cc6C5=O)c4)cc3)c1)C2=O,tg,240.0,250.67060796156213
*C(=O)c1ccc2c(c1)C(=O)N(c1cccc(Cc3cccc(N4C(=O)c5ccc(*)cc5C4=O)c3)c1)C2=O,tg,241.33,273.58889834340863
*C(=O)c1ccc2c(c1)C(=O)N(c1cccc(N3C(=O)c4ccc(*)cc4C3=O)c1)C2=O,tg,292.1,302.0926819448174
*C(=O)c1ccc2c(c1)C(=O)N(c1cccc(NC(=O)c3cccc(C(=O)Nc4cccc(N5C(=O)c6ccc(*)cc6C5=O)c4)c3)c1)C2=O,tg,204.0,272.2572481401029
*C(=O)c1ccc2c(c1)C(=O)N(c1cccc(Nc3nc(Nc4cccc(N5C(=O)c6ccc(*)cc6C5=O)c4)nc(-c4ccccc4)n3)c1)C2=O,tg,292.0,279.58067338515906
*C(=O)c1ccc2c(c1)C(=O)N(c1cccc(Nc3nc(Nc4cccc(N5C(=O)c6ccc(*)cc6C5=O)c4)nc(N(C)C)n3)c1)C2=O,tg,294.0,279.82817954895336
*C(=O)c1ccc2c(c1)C(=O)N(c1cccc(Nc3nc(Nc4cccc(N5C(=O)c6ccc(*)cc6C5=O)c4)nc(N(c4ccccc4)c4ccccc4)n3)c1)C2=O,tg,290.0,267.8337954587515
*C(=O)c1ccc2c(c1)C(=O)N(c1cccc(OCCOCCOc3cccc(N4C(=O)c5ccc(*)cc5C4=O)c3)c1)C2=O,tg,152.33,178.4029739284388
*C(=O)c1ccc2c(c1)C(=O)N(c1cccc(OCCOc3cccc(N4C(=O)c5ccc(*)cc5C4=O)c3)c1)C2=O,tg,191.0,201.93750625641022
*C(=O)c1ccc2c(c1)C(=O)N(c1cccc(OP(=O)(Oc3cccc(N4C(=O)c5ccc(*)cc5C4=O)c3)c3ccccc3)c1)C2=O,tg,176.5,222.8665373416761
*C(=O)c1ccc2c(c1)C(=O)N(c1cccc(P(=O)(c3ccc(Oc4ccc(C56CC7CC(CC(C7)C5)C6)cc4)cc3)c3cccc(N4C(=O)c5ccc(*)cc5C4=O)c3)c1)C2=O,tg,305.0,280.0093696512182
*C(=O)c1ccc2c(c1)C(=O)N(c1cccc(P(=O)(c3ccccc3)c3cccc(N4C(=O)c5ccc(*)cc5C4=O)c3)c1)C2=O,tg,273.0,285.4007199263562
*C(=O)c1ccc2c(c1)C(=O)N(c1ccccc1C(=O)c1ccccc1N1C(=O)c3ccc(*)cc3C1=O)C2=O,tg,289.0,282.11087984247496
*C(=O)c1ccc2c(c1)C(=O)N(c1ccccc1Cc1ccccc1N1C(=O)c3ccc(*)cc3C1=O)C2=O,tg,285.0,299.86422880350335
*C(=O)c1ccc2nc(-c3ccc(-c4cnc5cc(*)ccc5n4)cc3)cnc2c1,tg,318.0,333.9029678288637
*C(=O)c1ccc2nc(-c3ccc(-c4nc5ccc(*)cc5nc4-c4ccccc4)cc3)c(-c3ccccc3)nc2c1,tg,325.0,327.3561192254506
*C(=O)c1ccc2nc(-c3ccccc3)c(-c3ccc(-c4nc5cc(*)ccc5nc4-c4ccccc4)cc3)nc2c1,tg,323.79,319.79518928105534
*C(=O)c1ccc2nc(-c3ccccc3)c(-c3ccc(N4C(=O)c5ccc(C(=O)c6ccc7c(c6)C(=O)N(c6ccc(-c8nc9cc(*)ccc9nc8-c8ccccc8)cc6)C7=O)cc5C4=O)cc3)nc2c1,tg,255.0,283.3575608145206
*C(=O)c1ccc2ncc(-c3ccc(-c4cnc5ccc(*)cc5n4)cc3)nc2c1,tg,318.0,319.1416388199126
*C(=O)c1cccc(C(=O)N(*)c2ccccc2)c1,tg,148.0,210.88027352123416
*C(=O)c1cccc(C(=O)N2CCN(*)CC2)c1,tg,214.5,154.84642311181443
*C(=O)c1cccc(C(=O)c2ccc(C=C3CCC(=Cc4ccc(*)cc4)C3=O)cc2)c1,tg,190.0,208.41334909415318
*C(=O)c1cccc(C(=O)c2ccc3c(c2)C(=O)N(c2ccc(Oc4ccc(N5C(=O)c6ccc(*)cc6C5=O)cc4)cc2)C3=O)c1,tg,244.0,259.5165677031776
*C(=O)c1cccc(C(=O)c2ccc3c(c2)C(=O)N(c2cccc(N4C(=O)c5ccc(*)cc5C4=O)c2)C3=O)c1,tg,259.5,272.19329017542145
*C(C#N)=C(C#N)N1C(=O)c2ccc(C(=O)c3ccc(-c4ccc5c(c4)C(=O)N(*)C5=O)cc3)cc2C1=O,tg,249.0,295.85932712994475
*C(C#N)=Cc1cc(OCCCCCCCC)c(C=C(C#N)c2cc(OCCCCCCCC)c(*)cc2OC)cc1OC,tg,174.0,185.17854149524072
*C(C#N)=Cc1cc(OCCCCCCCCCC)c(C=C(C#N)c2cc(OCCCCCCCCCC)c(*)cc2OC)cc1OC,tg,198.0,174.1371787599414
*C(C#N)=Cc1cc(OCCCCCCCCCCCC)c(C=C(C#N)c2cc(OCCCCCCCCCCCC)c(*)cc2OC)cc1OC,tg,181.0,175.9471516454631
*C(C(=O)OC)C(*)C(=O)OC(C)(C)C,tg,84.0,94.42845904656312
*C(C)=C(*)SCCCCCC,tg,110.0,48.63344724687385
*C(C)=C(*)[Si](C)(C)C,tg,198.3,150.706305671243
*C(C)=C(*)[Si](C)(C)CC[Si](C)(C)C,tg,200.0,164.2724249345615
*C(C)=C(*)[Si](C)(C)C[Si](C)(C)C,tg,200.0,181.74941666917965
*C(C)=C(*)c1ccccc1,tg,200.0,195.83202042071662
*C(C)=[C](*)[Ge]([CH3])([CH3])[CH3],tg,250.0,136.09017333579283
*C(C)C(*)C(=O)OC12CC3CC(CC(C3)C1)C2,tg,236.5,170.53941715305828
*C(CC)=C(*)c1ccccc1,tg,200.0,183.23834684167383
*C(Cl)=C(*)CCCC,tg,190.0,110.31876677390697
*C(Cl)=C(*)CCCCCCCC,tg,90.0,75.18895580040206
*C(Cl)=C(*)c1ccccc1,tg,215.0,188.99815617171353
*C(F)(F)C(*)(F)C(F)(F)C(F)(F)C(F)(F)C(F)(F)C(F)(F)F,tg,232.5,59.71809260121384
*C(F)(F)C(*)(F)OC(F)(F)C(F)(F)C(F)(F)C(F)(F)F,tg,-10.0,19.559172666716478
*C(F)(F)C(*)(F)c1c(F)c(F)c(F)c(F)c1F,tg,194.0,128.34400499283092
*C(F)(F)C(=O)NCCCCCCNS(*)(=O)=O,tg,51.0,84.22086932776949
*C(F)(F)C1(*)OC(F)(F)C(F)(C(F)(F)F)O1,tg,133.09,170.33875228850158
*C(F)(F)C1(*)OC(F)(F)C(F)(F)O1,tg,103.5,104.23769286426153
*C(F)(F)C1(F)C(F)(F)C(*)(F)C(F)(F)C(F)(Cl)C1(F)F,tg,147.0,224.5746364306204
*C(F)(F)C1(F)C(F)(F)C(*)(F)C(F)(F)C(F)(F)C(F)(F)C1(F)F,tg,198.0,152.31537086363363
*C(F)(F)C1(F)C(F)(F)C(*)(F)C(F)(F)C1(F)F,tg,117.0,156.90909273648117
*C(F)(F)C1(F)C(F)(F)C(*)(F)C1(F)F,tg,122.0,117.20754144602435
*C(F)=C(F)C(F)(C(*)(F)F)C(F)(F)F,tg,-3.0,74.73441281320139
*C(OC(F)(F)F)C(*)(F)F,tg,-10.0,11.782955551254624
*C(OC)=C(OC)c1ccc(*)s1,tg,91.0,97.27912901759505
*C([2H])([2H])C(*)(C(=O)OC([2H])([2H])[2H])C([2H])([2H])[2H],tg,115.0,108.72836661801158
*C([2H])([2H])C(*)([2H])C([2H])=C([2H])[2H],tg,1.0,12.971054861957965
*C([2H])([2H])C(*)([2H])Cl,tg,85.0,51.053502950560286
*C([2H])([2H])C(*)([2H])c1c([2H])c([2H])c([2H])c([2H])c1[2H],tg,86.29,102.4942181506894
*C*,tg,-63.48,-38.778539521801505
*C/C=C\COC(=O)CCCCCCCCC(=O)O*,tg,-41.0,-35.6452973566027
*C/C=C\C[Si](*)(C)C,tg,-57.5,-42.732480167994396
*C/C=C\C[Si](*)(C)CCCOc1ccc(-c2ccccc2)cc1,tg,10.0,23.303671454103807
*C/C=C\C[Si](*)(C)CCCOc1ccc2ccccc2c1,tg,-1.0,11.059934508456042
*C/C=C\C[Si](*)(C)CCCOc1ccccc1,tg,-30.0,-24.499774047311632
*C/C=C\C[Si](*)(CCCOc1ccccc1)c1ccccc1,tg,-5.0,12.88181410026929
*C/C=C\C[Si](*)(c1ccccc1)c1ccccc1,tg,23.63,39.61602575156702
*C1(C)CC(*)(C)C(=O)N(C)C1=O,tg,170.0,199.41579731106663
*C1(F)OC(C(F)(F)F)(C(F)(F)Cl)OC1(*)F,tg,330.0,189.47353030311152
*C1=C(c2ccc(-c3ccc4c(c3)C(CCCCCC)(CCCCCC)c3cc(-c5ccc(*)cc5)ccc3-4)cc2)C(=O)N(CCCC)C1=O,tg,155.0,150.2474798949076
*C1C(*)C2CC1C(C(=O)OCC13CC4CC(CC(C4)C1)C3)C2C(=O)OCC12CC3CC(CC(C3)C1)C2,tg,328.0,276.6186295031003
*C1C(*)C2CC1C(C(=O)OCCC13CC4CC(CC(C4)C1)C3)C2C(=O)OCCC12CC3CC(CC(C3)C1)C2,tg,300.0,266.65543069395125
*C1C(*)C2CC1C(C(=O)OCCC1CC3CCC1C3)C2C(=O)OCCC1CC2CCC1C2,tg,260.0,237.69610308563247
*C1C(*)C2CC1C(C(=O)OCCCc1ccccc1)C2C(=O)OCCCc1ccccc1,tg,200.0,164.84570679170548
*C1C(*)C2CC1C(C(=O)OCc1ccccc1)C2C(=O)OCc1ccccc1,tg,277.0,211.8243572038378
*C1C(*)C2CC1C(COCc1ccccc1)C2COCc1ccccc1,tg,176.0,212.0443672296056
*C1C(*)C2CC1C1C=CCC12,tg,103.55,221.51704147241102
*C1C(=O)N(C(C)(C)C)C(=O)C1*,tg,195.0,217.0703141372251
*C1C(=O)N(C2CCCCC2)C(=O)C1*,tg,205.0,203.26330023504514
*C1C(=O)N(CCCCCCCCOc2ccc(-c3ccc(C#N)cc3)cc2)C(=O)C1*,tg,43.0,66.5952704926394
*C1C(=O)N(CCCCCCOc2ccc(-c3ccc(C#N)cc3)cc2)C(=O)C1*,tg,76.0,89.2909443535309
*C1C(=O)N(CCCCCOc2ccc(-c3ccc(C#N)cc3)cc2)C(=O)C1*,tg,75.0,112.07138340761058
*C1C(=O)N(CCCCOc2ccc(-c3ccc(C#N)cc3)cc2)C(=O)C1*,tg,115.0,94.11502403998037
*C1C(=O)N(CCCOc2ccc(-c3ccc(C#N)cc3)cc2)C(=O)C1*,tg,130.0,137.7025756133492
*C1C(=O)N(CCOc2ccc(-c3ccc(C#N)cc3)cc2)C(=O)C1*,tg,150.0,162.15609509118707
*C1C(=O)N(c2c(CC)cccc2CC)C(=O)C1*,tg,288.0,229.50279254020487
*C1C(=O)N(c2cc(Br)c(O[Si](C)(C)C)c(Br)c2)C(=O)C1*,tg,167.0,190.20347444500953
*C1C(=O)N(c2cc(Br)c(O[Si](c3ccccc3)(c3ccccc3)c3ccccc3)c(Br)c2)C(=O)C1*,tg,179.0,174.0796884266907
*C1C(=O)N(c2ccccc2C(=O)OCCCC)C(=O)C1*,tg,181.0,185.25292393901222
*C1C(=O)N(c2ccccc2C)C(=O)C1*,tg,335.0,233.67245974368
*C1C(=O)OC(=O)C1C1C2CC(C(=O)OC3CCCCC3)C(C2)C1*,tg,195.0,266.3752740000305
*C1C(=O)OC(=O)C1C1C2CC(COCCC)C(C2)C1*,tg,209.0,228.4341494935518
*C1C2CC(C(=O)OCCc3ccc(N(c4ccccc4)c4cccc(C)c4)cc3)C(C2)C1*,tg,305.0,282.6311257193967
*C1C2CC(C(=O)OCCc3ccc(N(c4ccccc4)c4ccccc4)cc3)C(C2)C1*,tg,307.0,264.2483330267393
*C1C2CC(C)C(C2)C1*,tg,350.0,191.543586349169
*C1C2CC(C1*)C([Si](C)(C)C)C2,tg,298.0,264.2592719924331
*C1C2CC(CCCCc3ccccc3)C(C2)C1*,tg,148.0,201.47517944516306
*C1C=C(CCCCCC)C(*)S1,tg,23.47,42.92658650268862
*C1CC(*)(C#N)C1,tg,220.0,155.47433943492103
*C1CC2CC1C(*)C2CCCCCC,tg,237.33,110.46354852098447
*C1CCC(*)C1,tg,65.1,78.22336469268066
*C1CCC(CC2CCC(N3C(=O)C4C5C=CC(C6C(=O)N(*)C(=O)C56)C4C3=O)CC2)CC1,tg,239.0,253.30033317715808
*C1CCC(CC2CCC(N3C(=O)c4ccc(-c5ccc6c(c5)C(=O)N(*)C6=O)cc4C3=O)C(C)C2)CC1C,tg,260.0,250.23309989204515
*C1CCC(CC2CCC(N3C(=O)c4ccc(-c5ccc6c(c5)C(=O)N(*)C6=O)cc4C3=O)CC2)CC1,tg,242.0,247.60389850286563
*C1CCOC1*,tg,131.43,103.91491230521746
*C1Cc2ccccc2C1*,tg,200.0,191.60337705125264
*C1OC(C(F)(F)F)(C(F)(F)F)OC1(*)F,tg,256.0,159.23607376553085
*C1OCCCC1C1C(=O)OC(=O)C1*,tg,210.0,190.68125013380052
*C1OCOC(C(*)(F)F)C1(F)F,tg,125.0,116.81526017318059
*C1Oc2ccccc2C1*,tg,65.2,180.79755232282415
*C1c2cccc3cccc(c23)C1*,tg,282.85,216.85790866584833
*C=C(*)C(C)(C)C,tg,200.0,115.42003118983601
*C=C(*)C(CCC)[Si](C)(C)c1ccccc1,tg,110.0,135.60776408841258
*C=C(*)C(CCCCCCC)[Si](C)(C)C,tg,150.0,39.72191079418241
*C=C(*)CCCOC(=O)c1cc(-c2ccc(OC)cc2)ccc1-c1ccc(OC)cc1,tg,72.4,113.12606691264759
*C=C(*)CCCOc1ccc(OC(=O)c2ccc(OCCCC)cc2)cc1,tg,36.0,67.49974378217937
*C=C(*)CCCOc1ccc(OC(=O)c2ccc(OCCCCCCCC)cc2)cc1,tg,38.25,45.72860649315758
*C=C(*)c1c(C)cc(C(C)(C)C)cc1C,tg,200.0,195.31287981175805
*C=C(*)c1c(F)c(F)c(CCCC)c(F)c1F,tg,110.0,159.3259616698611
*C=C(*)c1ccc(-n2c(=O)c3cc4c(=O)n(-c5ccc(C#C)cc5)c(=O)c4cc3c2=O)cc1,tg,420.0,340.3067872761226
*C=C(*)c1cccc[c]1[Ge]([CH3])([CH3])[CH3],tg,180.0,181.7136684721898
*C=C(*)c1ccccc1C(F)(F)F,tg,130.0,171.74904444030298
*C=C(*)c1ccccc1C[Si](C)(C)C,tg,170.0,146.66480974553082
*C=C(C#N)C(=O)OCCCCCCCCCCOC(=O)C(C#N)=Cc1ccc2c(c1)c1cc(*)ccc1n2CCCCCCCCCCCCCC,tg,35.0,45.257839548160675
*C=C(C#N)C(=O)OCCCCCCOC(=O)C(C#N)=Cc1ccc2c(c1)c1cc(*)ccc1n2CCCCCCCCCCCCCC,tg,53.0,55.12727423514574
*C=C(C#N)C(=O)OCCCCCCOC(=O)C(C#N)=Cc1ccc2c(c1)c1cc(*)ccc1n2CCCCCCCCCCCOc1ccc(C=Cc2ccc([N+](=O)[O-])cc2)cc1,tg,87.0,80.50001050306862
*C=C(F)C(F)(F)C*,tg,-35.0,-21.455395548563473
*C=C*,tg,-25.5,62.40563506348722
*C=C1CCCC(=Cc2ccc(-c3cc(OCCCCCC)c(-c4ccc(*)cc4)cc3OCCCCCC)cc2)C1=O,tg,85.0,112.46060006194604
*C=CC(C(=O)OCC)C(*)C(=O)OCC,tg,6.0,24.995546383399613
*C=CC(C(=O)OCc1ccccc1)C(*)C(=O)OCc1ccccc1,tg,21.0,33.940475949492026
*C=CC(C)C(*)C(=O)OC,tg,53.0,45.64696185279221
*C=CC(C)C(*)C(=O)OCCCN(C)c1ccc(N(C)C)cc1,tg,16.0,59.50457180893255
*C=CC(C*)COCC(=O)OCCCCCCCCOc1ccc(C=Cc2ccc([N+](=O)[O-])cc2)cc1,tg,19.6,24.0098952815852
*C=CC(C*)OC,tg,-10.5,-27.612331235532416
*C=CC(COCc1ccccc1)C(*)COCc1ccccc1,tg,-4.0,7.492571315078965
*C=CC1=C(*)CC(C(=O)OCC)(C(=O)OCC)C1,tg,27.65,82.61419069232491
*C=CC1CC(*)C(C#N)(CCC)C1,tg,108.0,122.58237786614251
*C=CC1CC(*)C(C#N)(CCCC)C1,tg,87.0,106.1411582477579
*C=CC1CC(*)C(C#N)(C[Si](C)(C)C)C1,tg,128.0,134.22246392505784
*C=CC1CC(*)C(C#N)([Si](C)(C)C)C1,tg,211.0,129.9970354624121
*C=CC1CC(*)C(C#N)([Si](C)(C)O[Si](C)(C)C)C1,tg,88.0,64.46978698863185
*C=CC1CC(*)C(C#N)([Si](C)(C)O[Si](C)(C)O[Si](C)(C)C)C1,tg,47.0,56.80901494923232
*C=CC1CC(*)C(C(=O)OC(C)(C)C)C1C(=O)OC(C)(C)C,tg,83.4,101.54699354540159
*C=CC1CC(*)C(C(=O)OC)C1C(=O)OC,tg,77.3,105.87879756522688
*C=CC1CC(*)C(C(=O)OCCCCCCCCCCCOc2ccc(-c3ccc(C#N)cc3)cc2)C1C(=O)OCCCCCCCCCCCOc1ccc(-c2ccc(C#N)cc2)cc1,tg,23.82,29.13137842436704
*C=CC1CC(*)C(C(=O)OCCCCCCCCOc2ccc(C=Cc3ccc([N+](=O)[O-])cc3)cc2)C1,tg,49.6,40.84482837229324
*C=CC1CC(*)C(C(=O)OCCCCCCOc2ccc(-c3ccc(C#N)cc3)cc2)C1C(=O)OCCCCCCOc1ccc(-c2ccc(C#N)cc2)cc1,tg,41.93,69.3102480983979
*C=CC1CC(*)C(C(=O)OCCN(C)C)C1,tg,12.5,30.99620635942484
*C=CC1CC(*)C(C(=O)OCCNC(C)(C)C)C1,tg,29.0,50.51789981889047
*C=CC1CC(*)C(C(=O)Oc2ccccc2)C1C(=O)Oc1ccccc1,tg,96.5,145.5914050336426
*C=CC1CC(*)C(C2CC=CCC2)C1,tg,105.0,106.38492555640796
*C=CC1CC(*)C(F)(F)C1(F)OC(F)(F)C(F)(F)C(F)(F)F,tg,77.0,76.11039223074428
*C=CC1CC(*)C([Si](C)(C)C)C1,tg,109.0,96.53354005304367
*C=CC1CC(*)C2C(=O)N(CCC)C(=O)C12,tg,139.0,112.14170387495184
*C=CC1CC(*)C2C(=O)N(CCCCCCC)C(=O)C12,tg,59.0,70.9855251361052
*C=CC1CC(*)C2C(=O)N(CCCCCCCC)C(=O)C12,tg,56.5,61.05250038025979
*C=CC1CC(*)C2C(=O)N(CCCCCCCCC)C(=O)C12,tg,52.0,59.69939464948833
*C=CC1CC(*)C2C(=O)N(CCCCCCCCCC)C(=O)C12,tg,46.0,50.413967389589885
*C=CC1CC(*)C2C(=O)N(CCCCCCCCCCCC)C(=O)C12,tg,50.0,54.03176229791892
*C=CC1CC(*)C2C(=O)N(c3ccc(Br)cc3)C(=O)C12,tg,227.8,207.7069723528568
*C=CC1CC(*)C2C(=O)N(c3cccc(Cl)c3)C(=O)C12,tg,204.8,220.804701248204
*C=CC1CC(*)C2C(=O)N(c3cccc(F)c3)C(=O)C12,tg,207.8,202.0079802990093
*C=CC1CC(*)C2C(=O)N(c3ccccc3C)C(=O)C12,tg,248.0,242.87442176913459
*C=CC1CC(*)C2C(=O)N(c3ccccc3Cl)C(=O)C12,tg,255.6,212.00040032641763
*C=CC1CC(=CC)C(*)C1,tg,118.43,89.85271227181005
*C=CC1CCC(*)C1,tg,39.97,62.60556581510827
*C=CCC(C*)(C(=O)OC12CC3CC(CC(C3)C1)C2)C(=O)OC12CC3CC(CC(C3)C1)C2,tg,34.0,165.66861451166824
*C=CCC*,tg,-89.57,-64.96441205113385
*C=CCCCC(Cl)CCC*,tg,-63.0,-41.96995383253132
*C=CCCCCCCC(Cl)CCCCCC*,tg,-57.0,-39.20301082306069
*C=CCCCCCCCCCC(CCCCCCCCC*)COCCOCCOCCOCCOCc1ccc2ccc3cccc4ccc1c2c34,tg,-36.0,-3.8758842224708685
*C=CCCCCCCCCCC(Cl)CCCCCCCCC*,tg,-37.0,-58.896480377229075
*C=CCCCCCCCCCC*,tg,-53.0,-64.23014862977033
*C=Cc1c(OC(=O)c2ccc(C(=O)Oc3ccc4ccccc4c3C=Cc3cccc(*)n3)cc2)ccc2ccccc12,tg,145.0,217.35451382112836
*C=Cc1cc(CCCCCCCCCCCCCCCC)c(C=Cc2nc(*)c(C#N)c(C=Cc3ccc(N(c4ccccc4)c4ccccc4)cc3)c2C#N)cc1CCCCCCCCCCCCCCCC,tg,165.0,104.69050681992725
*C=Cc1cc(OC)c(C=Cc2ccc(C=C(Oc3ccccc3)c3ccc(C(=Cc4ccc(*)cc4)c4ccc(Oc5ccccc5)cc4)cc3)cc2)cc1OC,tg,175.0,166.9947551104224
*C=Cc1cc(OCC(CC)CCCC)c(*)cc1-c1ccc(N(c2ccc(OC)cc2)c2ccc(OC)cc2)cc1,tg,163.0,150.53751774477934
*C=Cc1cc(OCC(CC)CCCC)c(*)cc1OC,tg,70.67,72.3466455516288
*C=Cc1cc(OCC2CC3CC2C2CCCC32)c(*)cc1OC,tg,174.0,179.4870992774407
*C=Cc1cc(OCCCCCC)c(*)cc1OC,tg,60.0,76.44826306938306
*C=Cc1cc(OCCCCCCCC)c(*)cc1OC,tg,58.0,55.743050574933505
*C=Cc1cc(OCCCCCCCCCCCC)c(*)cc1OC,tg,36.0,47.197223269942164
*C=Cc1ccc(*)c(-c2cc(OCCC(C)C)c(OCCC(C)C)cc2-c2ccccc2)c1,tg,164.0,146.94820221141651
*C=Cc1ccc(*)c(OCc2cc(OCCC(C)CCCC(C)C)cc(OCC(CC)CCCC)c2)c1,tg,227.0,70.82137718723698
*C=Cc1ccc(*)cc1,tg,230.0,138.92888066566667
*C=Cc1ccc(-c2ccc(C(C#N)=Cc3ccc4c(c3)C(CC)(CC)c3cc(C=C(C#N)c5ccc(-c6ccc(C=CC7=CC(=C(C#N)C#N)C=C(*)O7)s6)cc5)ccc3-4)cc2)s1,tg,144.0,208.4959462622038
*C=Cc1ccc(-c2nnc(-c3ccc(C=Cc4ccc5c(c4)c4cc(*)ccc4n5CCCCCCCC)cc3)n2-c2ccccc2)cc1,tg,147.0,159.026201218062
*C=Cc1ccc(-c2nnc(-c3ccc(C=Cc4ccc5c(c4)c4cc(-c6ccc7c(c6)c6cc(*)ccc6n7CCCCCCCC)ccc4n5CCCCCCCC)cc3)n2-c2ccccc2)cc1,tg,157.0,167.63143206650702
*C=Cc1ccc(C=Cc2ccc3c(c2)C(CCCCCCOc2ccc4ccc(=O)oc4c2)(CCCCCCOc2ccc4ccc(=O)oc4c2)c2cc(*)ccc2-3)cc1,tg,104.0,142.64271824634335
*C=Cc1ccc(N(C)CCOC(=O)Nc2ccc(C)c(NC(=O)OCCN(C)c3ccc(C=CC4=CC(=C(C#N)C#N)C=C(*)O4)s3)c2)s1,tg,183.0,154.11411121892897
*C=Cc1ccc(N=Nc2ccc(N(C)CCOC(=O)Nc3ccc(C)c(NC(=O)OCCN(C)c4ccc(N=Nc5ccc(C=CC6=CC(=C(C#N)C#N)C=C(*)O6)cc5)cc4)c3)cc2)cc1,tg,196.0,178.64901401856824
*C=Cc1ccc(OC(=O)CCCCCCCCC(=O)Oc2cccc(-c3nnc(*)s3)c2)cc1,tg,37.0,69.79388215552618
*C=Cc1ccc2c(c1)C(CCCCCC)(CCCCCC)c1cc(C=Cc3nc(*)c(C#N)c(C=Cc4ccc(N(c5ccccc5)c5ccccc5)cc4)c3C#N)ccc1-2,tg,178.0,158.69490352820188
*C=Cc1ccc2c(c1)C(CCCCCCOc1ccc3ccc(=O)oc3c1)(CCCCCCOc1ccc3ccc(=O)oc3c1)c1cc(C=Cc3ccc4c(c3)C(CCCCCC)(CCCCCC)c3cc(*)ccc3-4)ccc1-2,tg,115.0,111.33057529205375
*C=Cc1ccc2c(c1)Sc1cc(*)ccc1N2c1ccc(OCCCCCCCCCCCC)cc1,tg,129.0,144.79272131282175
*C=Cc1ccc2c(c1)Sc1cc(-c3ccc(-c4ccc(-c5ccc6c(c5)Sc5cc(*)ccc5N6c5ccc(OCCCCCCCCCCCC)cc5)s4)s3)ccc1N2c1ccc(OCCCCCCCCCCCC)cc1,tg,115.8,118.7108101353905
*C=Cc1ccc2c(c1)Sc1cc(-c3ccc4c(c3)Sc3cc(*)ccc3N4c3ccc(OCCCCCCCCCCCC)cc3)ccc1N2c1ccc(OCCCCCCCCCCCC)cc1,tg,118.6,126.48754671788238
*C=Cc1cccc(OC(=O)CCCCCCCCC(=O)Oc2ccc(-c3nnc(*)s3)cc2)c1,tg,55.0,56.87740330453411
*C=Cc1nc(C=Cc2ccc3c(c2)c2cc(*)ccc2n3CCCCCC)c(C#N)c(C=Cc2ccc(N(c3ccccc3)c3ccccc3)cc2)c1C#N,tg,134.0,187.07236647158004
*C=Cc1sc(-c2ccc(-c3sc(C=CC4=CC(=C(C#N)C#N)C=C(*)O4)c(CCCCCC)c3CCCCCC)s2)c(CCCCCC)c1CCCCCC,tg,114.0,77.11703214444863
*C=Cc1sc(-c2ccc3c(c2)C(CCCCCC)(CCCCCC)c2cc(-c4sc(C=CC5=CC(=C(C#N)C#N)C=C(*)O5)c(CCCCCC)c4CCCCCC)ccc2-3)c(CCCCCC)c1CCCCCC,tg,115.0,104.49373909467286
*C=Nc1ccc(C(=O)OCCCCOCCCCOCCCCOC(=O)c2ccc(N=Cc3ccc(*)s3)cc2)cc1,tg,25.0,25.674410848749943
*C=[CH][Ge]([CH]=C[Si](*)(c1ccccc1)c1ccccc1)([c]1ccccc1)[c]1ccccc1,tg,28.0,107.80937094958236
*CC#CC#CCOc1ccc(C(=O)OCCN(CCOC(=O)c2ccc(O*)cc2)c2ccc(N=Nc3ccc(C#N)cc3)cc2)cc1,tg,121.0,109.64350366522758
*CC#CC#CCOc1ccc(C(=O)OCCN(CCOC(=O)c2ccc(O*)cc2)c2ccc(N=Nc3ccc([N+](=O)[O-])cc3)cc2)cc1,tg,100.0,109.71025162520273
*CC#CC#CCOc1ccc(C(=O)OCCN(CCOC(=O)c2ccc(O*)cc2)c2ccc([N+](=O)[O-])cc2)cc1,tg,100.0,82.91246017432677
*CC#CC(C#CCOC(=O)CCCCCCCCC(=O)O*)=Cc1ccc(C#Cc2ccc(C=C(C#Cc3ccccc3)C#Cc3ccccc3)cc2)cc1,tg,60.0,100.0668462196703
*CC#CC(C#CCOC(=O)CCCCCCCCC(=O)O*)=Cc1ccc(C#Cc2ccc([N+](=O)[O-])cc2)cc1,tg,60.0,56.90470221501553
*CC#CCOC(=O)CCCCCCC(=O)O*,tg,-38.0,-30.99371662106524
*CC#CCOC(=O)CCCCCCCCC(=O)O*,tg,-30.88,-32.41681928246403
*CC#CCOC(=O)CCCCCCCCCCC(=O)O*,tg,-27.0,-29.173513775472887
*CC(*)(C#N)C(=O)OC,tg,130.0,116.16692726441799
*CC(*)(C#N)C(=O)OC(C)C,tg,66.0,111.64724440353544
*CC(*)(C#N)C(=O)OCC(C)C,tg,51.0,81.14063333379582
*CC(*)(C#N)C(=O)OCCCCCCC,tg,102.0,24.009415708170856
*CC(*)(C(=O)OC)c1ccccc1,tg,121.0,124.19996186609217
*CC(*)(C)C,tg,-65.41,53.13272607167593
*CC(*)(C)C(=O)NC(=O)OC(C)COc1ccc(S(=O)(=O)c2ccc(OCC(C)O)cc2)cc1,tg,73.0,129.4995829032549
*CC(*)(C)C(=O)NC(=O)OCCOc1ccc(S(=O)(=O)c2ccc(OCCO)cc2)cc1,tg,131.0,80.01483011076049
*CC(*)(C)C(=O)NC(=O)Oc1ccc(S(=O)(=O)c2ccc(O)cc2)cc1,tg,182.0,138.7907473894654
*CC(*)(C)C(=O)NC(C)c1ccccc1,tg,156.5,138.66400218762686
*CC(*)(C)C(=O)NC1C(O)OC(CO)C(O)C1O,tg,100.0,171.6534445832293
*CC(*)(C)C(=O)Nc1cccc(-c2nnc(-c3ccccc3)o2)c1,tg,65.0,187.1198156735656
*CC(*)(C)C(=O)O,tg,182.64,132.1634157206741
*CC(*)(C)C(=O)OC,tg,103.23,89.37066146681562
*CC(*)(C)C(=O)OC(C(F)(F)F)C(F)(F)F,tg,73.0,77.72504187468662
*CC(*)(C)C(=O)OC(C)C,tg,72.71,73.77719650050497
*CC(*)(C)C(=O)OC(C)C(C)(C)C,tg,108.0,71.12558085542916
*CC(*)(C)C(=O)OC(COc1cc2ccccc2c2ccccc12)COc1cc2ccccc2c2ccccc12,tg,112.0,139.79237219058237
*CC(*)(C)C(=O)OC(COc1ccc(-c2ccccc2)cc1)COc1ccc(-c2ccccc2)cc1,tg,85.0,92.89322160298867
*CC(*)(C)C(=O)OC(COc1cccc2ccccc12)COc1cccc2ccccc12,tg,80.0,123.46282535879489
*CC(*)(C)C(=O)OC(F)(F)C(F)(F)C(F)(F)C(F)(F)C(F)(F)C(F)(F)C(F)(F)C(F)(F)F,tg,49.0,64.96074655024576
*CC(*)(C)C(=O)OC1(C)C2CC3CC(C2)CC1C3,tg,165.0,188.91109353601922
*CC(*)(C)C(=O)OC1(C)CCOC(=O)C1,tg,110.0,128.0039827308776
*CC(*)(C)C(=O)OC12CC3CC(C)(CC(C)(C3)C1)C2,tg,193.0,126.46493583435493
*CC(*)(C)C(=O)OC12CC3CC(CC(C3)C1)C2,tg,183.0,195.9144567297906
*CC(*)(C)C(=O)OC1CC(C)CC(C)(C)C1,tg,125.0,103.73593266664484
*CC(*)(C)C(=O)OC1CC(C)CCC1C(C)C,tg,147.0,127.92145703655102
*CC(*)(C)C(=O)OC1CCC(C)CC1,tg,109.0,94.51793692193888
*CC(*)(C)C(=O)OC1CCC1,tg,119.0,84.50564358240409
*CC(*)(C)C(=O)OC1CCCC1,tg,75.0,106.90917337965443
*CC(*)(C)C(=O)OC1CCCCC1C,tg,85.0,111.85563509170555
*CC(*)(C)C(=O)OC1CCCCCCCCC1,tg,58.0,76.5624289000326
*CC(*)(C)C(=O)OC1CCCCCCCCCCC1,tg,56.0,66.09068745039204
*CC(*)(C)C(=O)OC1CCOCC1,tg,153.5,86.31507558417691
*CC(*)(C)C(=O)OCC,tg,64.96,50.72599193761926
*CC(*)(C)C(=O)OCC#C,tg,58.0,74.06234743096596
*CC(*)(C)C(=O)OCC#CO[Si](C)(C)C,tg,57.0,47.52459350818616
*CC(*)(C)C(=O)OCC#N,tg,91.0,75.99898447847197
*CC(*)(C)C(=O)OCC(=O)N1CCOCC1,tg,128.0,93.22359232670655
*CC(*)(C)C(=O)OCC(=O)Nc1cc(C)on1,tg,128.0,103.51988384209383
*CC(*)(C)C(=O)OCC(=O)c1ccccc1,tg,92.5,60.98579676930149
*CC(*)(C)C(=O)OCC(C)(C)C,tg,32.67,89.24127681228006
*CC(*)(C)C(=O)OCC(C)O,tg,72.67,59.25279946477041
*CC(*)(C)C(=O)OCC(C)Oc1ccc(-c2ccc(-c3ccc(C#N)cc3)cc2)cc1,tg,140.0,121.14090594887283
*CC(*)(C)C(=O)OCC(F)(F)C(F)(F)C(F)(F)C(F)(F)C(F)(F)C(F)(F)C(F)(F)C(F)F,tg,-15.0,40.791315620083566
*CC(*)(C)C(=O)OCC(F)(F)C(F)(F)C(F)(F)C(F)F,tg,36.67,31.452713211622644
*CC(*)(C)C(=O)OCC(F)(F)C(F)(F)F,tg,77.0,60.714727080921556
*CC(*)(C)C(=O)OCC(F)(F)C(F)F,tg,80.0,56.968239808616445
*CC(*)(C)C(=O)OCC(F)(F)F,tg,78.27,82.4708151275601
*CC(*)(C)C(=O)OCC1(C)COCOC1,tg,142.0,77.78811505978263
*CC(*)(C)C(=O)OCC1CC(NC(=O)OC(C)(C)C)CN1C(=O)OC(C)(C)C,tg,127.0,102.21342008579828
*CC(*)(C)C(=O)OCC1CCC1,tg,114.0,68.75967681197032
*CC(*)(C)C(=O)OCC1CCCO1,tg,105.0,82.79706372905986
*CC(*)(C)C(=O)OCC1CO1,tg,62.81,79.58647357155947
*CC(*)(C)C(=O)OCC1COC(CP(=O)(OCC)OCC)O1,tg,-38.0,34.544058234675326
*CC(*)(C)C(=O)OCC1COC(c2ccccc2)O1,tg,130.0,90.01366650923137
*CC(*)(C)C(=O)OCC1COCCOCCOCCO1,tg,35.0,89.7263233306286
*CC(*)(C)C(=O)OCC1OC(n2ccc(=O)[nH]c2=O)C(O)C1O,tg,151.0,148.33815366365113
*CC(*)(C)C(=O)OCCC#N,tg,79.0,69.40598459335912
*CC(*)(C)C(=O)OCCC(C)CC(C)(C)C,tg,1.0,26.474077204505168
*CC(*)(C)C(=O)OCCC(F)(F)C(F)(F)C(F)(F)C(F)(F)F,tg,23.0,37.1793669459573
*CC(*)(C)C(=O)OCCC1CCCCC1,tg,76.33,69.09174617838423
*CC(*)(C)C(=O)OCCC1CCN(CCCCCCOc2ccc(N=Nc3ccc([N+](=O)[O-])cc3)cc2)CC1,tg,27.0,67.58685007101953
*CC(*)(C)C(=O)OCCCCC(F)(F)C(F)(F)C(F)(F)C(F)(F)C(F)(F)C(F)(F)F,tg,23.0,25.79519583450768
*CC(*)(C)C(=O)OCCCCCC,tg,-7.25,7.7662761541572065
*CC(*)(C)C(=O)OCCCCCC(=O)Oc1ccc(OC(=O)c2ccc(OC)cc2)cc1,tg,40.0,42.9380165930466
*CC(*)(C)C(=O)OCCCCCC(=O)Oc1ccc(OC(=O)c2ccc(OCCCC)cc2)cc1,tg,40.0,35.54384101120988
*CC(*)(C)C(=O)OCCCCCCC(F)(F)C(F)(F)C(F)(F)C(F)(F)C(F)(F)C(F)(F)C(F)(F)C(F)(F)C(F)(F)C(F)(F)C(F)(F)C(F)(F)F,tg,84.0,43.48105989871649
*CC(*)(C)C(=O)OCCCCCCCC,tg,-10.0,-13.385515078506408
*CC(*)(C)C(=O)OCCCCCCCC/C=C\CCCCCCCC,tg,-40.0,-15.20785908435468
*CC(*)(C)C(=O)OCCCCCCCCCCCC,tg,-44.99,-40.48913176179543
*CC(*)(C)C(=O)OCCCCCCCCCCCCCC,tg,-72.0,-41.37139752549632
*CC(*)(C)C(=O)OCCCCCCCCCCCCCCC(=O)NC1OC(CO)C(OC2OC(CO)C(O)C(O)C2O)C(O)C1O,tg,133.1,49.46966723960513
*CC(*)(C)C(=O)OCCCCCCCCCCCCCCCC[n+]1ccc(N(C)C)cc1,tg,60.0,-7.366001637762255
*CC(*)(C)C(=O)OCCCCCCCCCCCCOc1ccc(C(=O)Oc2ccc(-c3cccc(OC(=O)c4ccc(OC(=O)c5ccc(OCCCCCCCCCCCC)cc5)cc4)c3)cc2)cc1,tg,74.5,66.09314353269698
*CC(*)(C)C(=O)OCCCCCCCCCCCCOc1ccc2cc(C(=O)Oc3ccccc3)ccc2c1,tg,12.0,25.20823611929186
*CC(*)(C)C(=O)OCCCCCCCCCCCOc1ccc(C(=O)Oc2ccc(C#N)cc2)cc1,tg,10.0,18.313271963004592
*CC(*)(C)C(=O)OCCCCCCCCCCCOc1ccc(C=Nc2ccc(C#N)cc2)cc1,tg,23.0,18.656888149035094
*CC(*)(C)C(=O)OCCCCCCCCCCCOc1ccc2cc(C(=O)Oc3ccccc3)ccc2c1,tg,10.0,14.595908905123006
*CC(*)(C)C(=O)OCCCCCCCCCCCn1c2ccccc2c2ccccc21,tg,6.0,28.63836469036062
*CC(*)(C)C(=O)OCCCCCCCCCCOc1ccc(C#Cc2cc(C)c(C=Cc3ccncc3)cc2C)cc1,tg,51.0,53.5938572846452
*CC(*)(C)C(=O)OCCCCCCCCCCOc1ccc(C#Cc2cc(OC)c(C=Cc3ccncc3)cc2OC)cc1,tg,62.0,60.048604506418044
*CC(*)(C)C(=O)OCCCCCCCCCCOc1ccc(C(=O)Oc2ccc(C(=O)C=Cc3c(C)c4ccccc4n3C)cc2)cc1,tg,72.0,66.98621238380595
*CC(*)(C)C(=O)OCCCCCCCCCCOc1ccc(C(=O)Oc2ccc(C(=O)C=Cc3c(C)c4ccccc4n3CCCC)cc2)cc1,tg,57.0,55.79662408368769
*CC(*)(C)C(=O)OCCCCCCCCCCOc1ccc(N=Nc2ccc(C#N)cc2)cc1,tg,51.0,48.89112932288522
*CC(*)(C)C(=O)OCCCCCCCCCCOc1ccc(N=Nc2ccc(Cl)cc2)cc1,tg,54.0,48.75219953987926
*CC(*)(C)C(=O)OCCCCCCCCCCOc1ccc(N=Nc2ccc(OC)cc2)cc1,tg,62.0,58.147749899668
*CC(*)(C)C(=O)OCCCCCCCCCCOc1ccc(N=Nc2ccc([N+](=O)[O-])cc2)cc1,tg,55.0,42.104337435858135
*CC(*)(C)C(=O)OCCCCCCCCCCOc1ccc(OC(=O)c2ccc(-c3ccc(OC)cc3)cc2)cc1,tg,57.0,43.45957985452991
*CC(*)(C)C(=O)OCCCCCCCCCCOc1ccc(OC(=O)c2ccc(OC)cc2)cc1,tg,21.0,39.3817718901075
*CC(*)(C)C(=O)OCCCCCCCCCCOc1ccc(OC(=O)c2ccc(OCCCCCC)cc2)cc1,tg,41.0,12.461666156208402
*CC(*)(C)C(=O)OCCCCCCCCCCOc1ccc(OC(=O)c2ccc(OCCCCCCCC)cc2)cc1,tg,12.0,36.351346253724465
*CC(*)(C)C(=O)OCCCCCCCCCCn1c2ccccc2c2cc(C=C(C#N)C(=O)OC)ccc21,tg,58.0,48.04655460033767
*CC(*)(C)C(=O)OCCCCCCCCCCn1c2ccccc2c2cc(C=C(C#N)c3ccc([N+](=O)[O-])cc3)ccc21,tg,40.0,63.988715603759
*CC(*)(C)C(=O)OCCCCCCCCCCn1c2ccccc2c2cc(N=Nc3ccc([N+](=O)[O-])cc3)ccc21,tg,36.0,69.03723668007325
*CC(*)(C)C(=O)OCCCCCCCCCOc1ccc2cc(C(=O)Oc3ccccc3)ccc2c1,tg,18.0,30.967013667775273
*CC(*)(C)C(=O)OCCCCCCCCOc1ccc(C(=O)Oc2ccc(C(=O)C=Cc3c(C)c4ccccc4n3C)cc2)cc1,tg,75.0,71.78908832803246
*CC(*)(C)C(=O)OCCCCCCCCOc1ccc(N=Nc2ccc(C3OCC4(CO3)CC3C=CC4C3)cc2)cc1,tg,106.2,73.75669565769289
*CC(*)(C)C(=O)OCCCCCCCCOc1ccc2cc(C(=O)Oc3ccccc3)ccc2c1,tg,34.0,35.892038022554516
*CC(*)(C)C(=O)OCCCCCCN(C)c1ccc(N(C)C)cc1,tg,8.5,47.34160555354498
*CC(*)(C)C(=O)OCCCCCCOc1ccc(-c2ccc(C#N)cc2)cc1,tg,58.6,53.99168360781903
*CC(*)(C)C(=O)OCCCCCCOc1ccc(C(=O)Oc2ccc(-c3cccc(OC(=O)c4ccc(OC(=O)c5ccc(OCCCCCCCCCCCC)cc5)cc4)c3)cc2)cc1,tg,73.0,71.11773938896131
*CC(*)(C)C(=O)OCCCCCCOc1ccc(C(=O)Oc2ccc(N=Nc3ccc(F)cc3)c3ccccc23)cc1,tg,42.0,65.22312889008472
*CC(*)(C)C(=O)OCCCCCCOc1ccc(C(=O)Oc2ccc(N=Nc3ccccc3)c3ccccc23)cc1,tg,46.0,51.95810584292393
*CC(*)(C)C(=O)OCCCCCCOc1ccc(C(=O)Oc2ccc(OCCCC)cc2)cc1,tg,55.17,40.77319887789211
*CC(*)(C)C(=O)OCCCCCCOc1ccc(C(=O)Oc2ccc3ccc(=O)oc3c2)cc1,tg,102.0,59.952422658926004
*CC(*)(C)C(=O)OCCCCCCOc1ccc(C=CC2=C(C#N)C(=C(C#N)C#N)OC2(C)C)cc1OCCCCCC,tg,80.0,54.29466683038677
*CC(*)(C)C(=O)OCCCCCCOc1ccc(N=Nc2ccc(OC)cc2)cc1,tg,82.0,73.01985223037019
*CC(*)(C)C(=O)OCCCCCCOc1ccc(N=Nc2ccc(OCCCC)cc2)cc1,tg,79.0,71.56389171806522
*CC(*)(C)C(=O)OCCCCCCOc1ccc(N=Nc2ccc([N+](=O)[O-])cc2)cc1,tg,108.0,65.98846901700729
*CC(*)(C)C(=O)OCCCCCCOc1ccc(N=Nc2ccncc2)cc1,tg,40.0,91.33979095267281
*CC(*)(C)C(=O)OCCCCCCOc1ccc(OC(=O)c2ccc(-c3ccc(OC)cc3)cc2)cc1,tg,57.0,54.072654699698624
*CC(*)(C)C(=O)OCCCCCCOc1ccc(OC(=O)c2ccc(OC)cc2)cc1,tg,38.0,42.289547951273455
*CC(*)(C)C(=O)OCCCCCCOc1ccc(OC(=O)c2ccc(OCCCC)cc2)cc1,tg,36.0,44.57700744421813
*CC(*)(C)C(=O)OCCCCCCOc1ccc(OC(=O)c2ccc(OCCCCCC)cc2)cc1,tg,16.0,42.14523530176327
*CC(*)(C)C(=O)OCCCCCCOc1ccc2cc(C(=O)Oc3ccccc3)ccc2c1,tg,39.0,46.63849886148017
*CC(*)(C)C(=O)OCCCCCCOc1cccc(C(=O)Oc2ccc(C#N)cc2)c1,tg,38.0,38.36242151703868
*CC(*)(C)C(=O)OCCCCCCc1ccc(C(C)=Cc2ccc(OC)cc2)cc1,tg,31.0,53.275067138312174
*CC(*)(C)C(=O)OCCCCCCc1ccc(N=Nc2ccc(OC(F)(F)F)cc2)cc1,tg,194.5,123.61972289681339
*CC(*)(C)C(=O)OCCCCCCn1c2ccccc2c2ccccc21,tg,73.0,67.28677680437421
*CC(*)(C)C(=O)OCCCCCc1ccc(N=Nc2ccc(OC(F)(F)F)cc2)cc1,tg,202.5,154.28485695743058
*CC(*)(C)C(=O)OCCCCCn1c2ccccc2c2ccccc21,tg,91.0,83.79176135667726
*CC(*)(C)C(=O)OCCCCOc1ccc(N=Nc2ccc(C#N)cc2)cc1,tg,80.0,113.4935188947113
*CC(*)(C)C(=O)OCCCCOc1ccc(OC(=O)c2ccc(OC)c(Br)c2)cc1,tg,69.0,70.76771562051817
*CC(*)(C)C(=O)OCCCCOc1ccc(OC(=O)c2ccc(OCCCC)cc2)cc1,tg,51.0,51.39108032124998
*CC(*)(C)C(=O)OCCCCOc1ccc(OC(=O)c2ccc(OCCCCCC)cc2)cc1,tg,34.0,44.16010237275253
*CC(*)(C)C(=O)OCCCCOc1ccc2cc(C(=O)Oc3ccccc3)ccc2c1,tg,88.0,55.88583559027722
*CC(*)(C)C(=O)OCCCCc1ccc(N=Nc2ccc(OC(F)(F)F)cc2)cc1,tg,203.5,159.6375381459333
*CC(*)(C)C(=O)OCCCCc1ccccc1,tg,9.0,44.588662144947456
*CC(*)(C)C(=O)OCCCl,tg,62.0,65.1002921511135
*CC(*)(C)C(=O)OCCCn1c2ccccc2c2ccccc21,tg,113.0,86.80798993217033
*CC(*)(C)C(=O)OCCN(C)C,tg,24.75,38.355360204726004
*CC(*)(C)C(=O)OCCN(C)c1ccc(N=Nc2ccc([N+](=O)[O-])cc2)cc1,tg,110.0,127.3347109700091
*CC(*)(C)C(=O)OCCN(CC)c1ccc(N=Nc2ccc(C#N)cc2)cc1,tg,116.25,111.84176820116295
*CC(*)(C)C(=O)OCCN(CC)c1ccc(N=Nc2ccc(S(C)(=O)=O)cc2)cc1,tg,144.0,118.06695994180382
*CC(*)(C)C(=O)OCCN(CC)c1ccc(N=Nc2ccc([N+](=O)[O-])c3ccccc23)cc1,tg,116.0,124.8073277048743
*CC(*)(C)C(=O)OCCN(CC)c1ccc(N=Nc2ccc([N+](=O)[O-])cc2)cc1,tg,125.25,109.21279710921864
*CC(*)(C)C(=O)OCCN(CC)c1ccc(N=Nc2nc3ccc([N+](=O)[O-])cc3s2)cc1,tg,140.0,109.74474031383434
*CC(*)(C)C(=O)OCCN(CC)c1ccc([N+](=O)[O-])cc1,tg,98.0,68.19821023503886
*CC(*)(C)C(=O)OCCN(CC)c1ccccc1,tg,36.5,55.462904775631245
*CC(*)(C)C(=O)OCCNC(C)(C)C,tg,41.0,38.4663172710299
*CC(*)(C)C(=O)OCCO,tg,83.78,66.11007087240435
*CC(*)(C)C(=O)OCCOC,tg,22.75,43.810173253282606
*CC(*)(C)C(=O)OCCOCCO,tg,18.12,27.034900712284035
*CC(*)(C)C(=O)OCCOCCOCCOCCOCCOCCOCCOCCOC,tg,-58.0,-33.45039012163562
*CC(*)(C)C(=O)OCCOCCOCCOc1ccc(N=Nc2ccc(C#N)cc2)cc1,tg,37.0,46.031475393438335
*CC(*)(C)C(=O)OCCOCCOc1ccc(N=Nc2ccc(C#N)cc2)cc1,tg,57.0,72.20785549169332
*CC(*)(C)C(=O)OCCO[Si](C)(C)C,tg,89.0,17.601548335464003
*CC(*)(C)C(=O)OCCOc1ccc(-c2ccc(-c3ccc(C#N)cc3)cc2)cc1,tg,115.0,115.62688794304171
*CC(*)(C)C(=O)OCCOc1ccc(C(=O)Oc2ccc(OCCCC)cc2)cc1,tg,137.0,58.78339653193229
*CC(*)(C)C(=O)OCCOc1ccc(N=Nc2ccc([N+](=O)[O-])cc2)cc1,tg,112.0,131.63795413433903
*CC(*)(C)C(=O)OCCS(=O)CC,tg,25.0,43.4461403390928
*CC(*)(C)C(=O)OCCc1ccc(N=Nc2ccc(OC(F)(F)F)cc2)cc1,tg,209.5,122.3798119171555
*CC(*)(C)C(=O)OCCc1ccc(N=Nc2ccccc2)cc1,tg,80.0,124.54087816650215
*CC(*)(C)C(=O)OCCc1ccccc1,tg,49.0,54.655404520546455
*CC(*)(C)C(=O)OCCn1c2ccccc2c2cc(N=Nc3ccc([N+](=O)[O-])cc3)ccc21,tg,164.0,127.07994691992194
*CC(*)(C)C(=O)OCCn1c2ccccc2c2ccccc21,tg,145.33,93.93521292883995
*CC(*)(C)C(=O)OCSC,tg,60.0,43.116080629107465
*CC(*)(C)C(=O)OCc1ccc(C=CC(=O)C2c3ccccc3C(=O)c3ccccc32)cc1,tg,163.0,162.9911704592062
*CC(*)(C)C(=O)OCc1ccc(C=CC(=O)Oc2ccc(OC)cc2)cc1,tg,89.0,101.8386231120976
*CC(*)(C)C(=O)OCc1ccc(C=CC(=O)Oc2ccc3oc(=O)ccc3c2)cc1,tg,140.0,116.3536153977321
*CC(*)(C)C(=O)OCc1ccc(Cl)c(Cl)c1,tg,34.45,42.30653232750075
*CC(*)(C)C(=O)OCc1ccc(Cl)cc1Cl,tg,19.4,46.42457644070782
*CC(*)(C)C(=O)OCc1ccc(F)cc1F,tg,46.0,55.45215239737406
*CC(*)(C)C(=O)OCc1ccc(OCCOCC)c(OCCOCC)c1,tg,-2.0,12.596235118410458
*CC(*)(C)C(=O)OCc1ccc2c(c1)c1ccccc1n2CC,tg,131.14,107.85312359976135
*CC(*)(C)C(=O)OCc1ccc2c(c1)c1ccccc1n2CCCCCC,tg,73.0,68.49329169582701
*CC(*)(C)C(=O)OCc1ccc2c(c1)c1ccccc1n2CCCCCCCCCCCC,tg,25.0,44.240878009909636
*CC(*)(C)C(=O)OCc1ccc[se]1,tg,54.43,64.22605378597046
*CC(*)(C)C(=O)OCc1cccc(Cl)c1,tg,18.25,53.62587464257599
*CC(*)(C)C(=O)OCc1cccc(Cl)c1Cl,tg,42.6,41.597609090038375
*CC(*)(C)C(=O)O[Si](C)(C)C,tg,97.5,81.44879358087722
*CC(*)(C)C(=O)Oc1c(C(C)C)cccc1C(C)C,tg,198.0,115.41751592063757
*CC(*)(C)C(=O)Oc1c(C)cccc1C,tg,169.0,125.210636229969
*CC(*)(C)C(=O)Oc1cc(C)cc(C)c1,tg,106.0,106.97944039459705
*CC(*)(C)C(=O)Oc1ccc(C(=O)C=Cc2ccc(OC)c(OC)c2)cc1,tg,137.0,95.3631276092338
*CC(*)(C)C(=O)Oc1ccc(C(=O)C=Cc2ccc(OCc3ccccc3)cc2)cc1,tg,152.0,96.38510801175015
*CC(*)(C)C(=O)Oc1ccc(C(=O)OC)cc1,tg,106.0,97.8619873475761
*CC(*)(C)C(=O)Oc1ccc(C(=O)Oc2ccc(-c3ccccc3)cc2)cc1,tg,100.0,117.81397139510517
*CC(*)(C)C(=O)Oc1ccc(C(=O)Oc2ccc(C(=O)c3ccccc3)cc2)cc1,tg,72.0,100.49661057711457
*CC(*)(C)C(=O)Oc1ccc(C(=O)Oc2ccc(Oc3ccccc3)cc2)cc1,tg,74.0,89.38709375367164
*CC(*)(C)C(=O)Oc1ccc(C(=O)Oc2ccccc2)cc1,tg,99.0,93.11321393305171
*CC(*)(C)C(=O)Oc1ccc(C(=O)c2ccccc2)cc1,tg,118.0,118.43982463210128
*CC(*)(C)C(=O)Oc1ccc(C(C)(C)C)cc1,tg,88.57,122.14617465813205
*CC(*)(C)C(=O)Oc1ccc(C)cc1C,tg,109.0,122.00803312466147
*CC(*)(C)C(=O)Oc1ccc(C=Cc2ccccc2)cc1,tg,143.0,122.28377539790432
*CC(*)(C)C(=O)Oc1ccc(CC#N)cc1,tg,128.0,106.96784255419351
*CC(*)(C)C(=O)Oc1ccc(N=Nc2ccc(OC)cc2)cc1,tg,120.0,144.13741250229359
*CC(*)(C)C(=O)Oc1ccc(N=Nc2ccc([N+](=O)[O-])cc2)cc1,tg,145.0,131.45541341045873
*CC(*)(C)C(=O)Oc1ccc([N+](=O)[O-])c(C)c1,tg,101.0,115.98770469973843
*CC(*)(C)C(=O)Oc1ccc2c(c1)CCC2,tg,104.25,108.32803409529316
*CC(*)(C)C(=O)Oc1cccc(C)c1C,tg,120.0,133.73950705885116
*CC(*)(C)C1=NC(C)(C)C(=O)O1,tg,165.0,109.33317502837298
*CC(*)(C)CCC,tg,27.0,28.650293941339918
*CC(*)(C)OC,tg,67.0,76.16912714740803
*CC(*)(C)c1ccc(C#N)cc1,tg,238.75,172.3212122406367
*CC(*)(C)c1ccc(C(C)C)cc1,tg,134.91,125.30542785930697
*CC(*)(C)c1ccc2ccccc2c1,tg,208.0,179.70381847172447
*CC(*)(C)c1ccc2ccccc2n1,tg,181.8,172.72017969673496
*CC(*)(C)c1nc(N(CCOCCOCCOC)CCOCCOCCOC)nc(N(CCOCCOCCOC)c2ccccc2)n1,tg,-75.0,50.49952054786001
*CC(*)(CC(=O)O)C(=O)O,tg,141.0,147.13059271258385
*CC(*)(CC(=O)OC(C)C)C(=O)OC12CC3CC(CC(C3)C1)C2,tg,180.0,156.62527933581265
*CC(*)(CC(=O)OC)C(=O)O,tg,159.0,131.94250724228792
*CC(*)(CC(=O)OC)C(=O)OC12CC3CC(C)(CC(C)(C3)C1)C2,tg,144.0,177.3732736843628
*CC(*)(CC(=O)OC)C(=O)OC12CC3CC(CC(C3)C1)C2,tg,197.0,168.7031085856158
*CC(*)(CC(=O)OC1CCC1)C(=O)OC1CCC1,tg,60.0,126.93115103156389
*CC(*)(CC(=O)OC1CCCCC1)C(=O)OC1CCCCC1,tg,142.0,86.30527709474882
*CC(*)(CC(=O)OCC)C(=O)O,tg,135.0,100.2102333103704
*CC(*)(CC(=O)OCC1CCCCC1)C(=O)OCC1CCCCC1,tg,83.0,70.55369202364443
*CC(*)(CC(=O)OCCC1CCCCC1)C(=O)OCCC1CCCCC1,tg,48.0,59.92912626753961
*CC(*)(CC(=O)OCCCCCCCCC)C(=O)OCCCCCCCCC,tg,-13.0,12.254335666768501
*CC(*)(CC(=O)OCCCCl)C(=O)OCCCCl,tg,47.0,-2.566128098453023
*CC(*)(CC(=O)OCCCl)C(=O)OCCCl,tg,43.0,45.15043947988103
*CC(*)(CC(=O)OCCOC)C(=O)OCCOC,tg,29.0,-7.052780076321844
*CC(*)(CC(=O)OCCOCCOC)C(=O)OCCOCCOC,tg,-59.4,23.22393410519784
*CC(*)(CC(=O)OCCOCCOCCOCCOCCOCCOCCOC)C(=O)OCCOCCOCCOCCOCCOCCOCCOC,tg,-71.0,3.2638617400013934
*CC(*)(CC(=O)OCCc1ccccc1)C(=O)OCCc1ccccc1,tg,35.0,54.56504551102244
*CC(*)(CC(=O)OCc1ccccc1)C(=O)OCc1ccccc1,tg,55.0,50.857575522641405
*CC(*)(CC(=O)Oc1ccc(OC)cc1)C(=O)Oc1ccc(OC)cc1,tg,119.5,119.72305850077579
*CC(*)(CC(=O)Oc1ccc(OCC)cc1)C(=O)Oc1ccc(OCC)cc1,tg,110.5,96.10438580911112
*CC(*)(CC(=O)Oc1ccc(OCCC)cc1)C(=O)Oc1ccc(OCCC)cc1,tg,94.5,85.10586571029232
*CC(*)(CC(=O)Oc1ccc(OCCCCC)cc1)C(=O)Oc1ccc(OCCCCC)cc1,tg,73.5,94.79867976300477
*CC(*)(CC(=O)Oc1ccc(OCCCCCCC)cc1)C(=O)Oc1ccc(OCCCCCCC)cc1,tg,111.0,65.90050381736106
*CC(*)(CC(=O)Oc1ccccc1)C(=O)Oc1ccccc1,tg,132.0,93.79803993658706
*CC(*)(CC)C(=O)OCC,tg,27.0,69.71094223130308
*CC(*)(CCC(C)C(=O)OC)C(=O)OC,tg,34.0,71.34178945006232
*CC(*)(CCCCCCCC)C(=O)OC,tg,20.0,28.74827905984692
*CC(*)(CF)C(=O)OCC,tg,43.0,65.13079088190705
*CC(*)(Cl)C(=O)OC,tg,125.0,120.09633185184806
*CC(*)(Cl)C(=O)OCC,tg,85.31,79.78860909076012
*CC(*)(Cl)C(=O)OCCC,tg,66.0,61.30114217033408
*CC(*)(Cl)C(=O)OCCC(F)(F)C(F)(F)C(F)(F)C(F)(F)C(F)(F)C(F)(F)C(F)(F)C(F)(F)F,tg,61.0,72.76162857739655
*CC(*)(Cl)C(=O)OCCCC,tg,42.0,39.571519341674126
*CC(*)(Cl)C(=O)OCCCCCCOc1ccc(C(=O)Oc2ccc(OCCCC)cc2)cc1,tg,75.75,43.04833610394568
*CC(*)(Cl)Cl,tg,-11.96,67.74436115525575
*CC(*)(F)C(=O)OC,tg,142.0,115.34277450469301
*CC(*)(F)C(=O)OCC,tg,94.0,83.02784138700228
*CC(*)(F)C(=O)OCC(F)(F)C(F)(F)C(F)(F)F,tg,75.0,70.2496702647055
*CC(*)(F)C(=O)OCC(F)(F)C(F)(F)F,tg,99.0,86.00458790968221
*CC(*)(F)C(=O)OCC(F)(F)F,tg,117.75,83.38185464603625
*CC(*)(F)C(=O)OCCC,tg,62.0,77.17177929070739
*CC(*)(F)C(=O)OCCC(F)(F)C(F)(F)C(F)(F)C(F)(F)C(F)(F)C(F)(F)C(F)(F)C(F)(F)F,tg,87.5,54.74096121114879
*CC(*)(F)C(=O)OCCC(F)(F)C(F)(F)C(F)(F)C(F)(F)C(F)(F)C(F)(F)F,tg,53.0,55.5955100258924
*CC(*)(F)C(C)=O,tg,142.0,106.13520833763317
*CC(*)(F)C(F)(F)F,tg,46.0,54.62997308475413
*CC(*)(F)F,tg,-28.45,-8.109313391428909
*CC(*)C#N,tg,93.96,43.25961460355367
*CC(*)C(=O)N(C)C,tg,113.45,105.31738891116757
*CC(*)C(=O)N1CCCCC1,tg,108.0,95.9140866114677
*CC(*)C(=O)NC(C)(C)C,tg,135.0,110.05124638013375
*CC(*)C(=O)NC(C)(C)CC(C)=O,tg,86.0,106.52410620175213
*CC(*)C(=O)NC(C)C,tg,132.69,100.44133664373201
*CC(*)C(=O)NCCCCCC(=O)O,tg,68.0,54.47446194956739
*CC(*)C(=O)NCCC[N+](C)(C)C,tg,78.0,87.11390172259973
*CC(*)C(=O)NCCC[N+](C)(C)CCCS(=O)(=O)O,tg,141.5,49.30044275844234
*CC(*)C(=O)NCP(=O)(O)O,tg,26.0,96.35638444215164
*CC(*)C(=O)Nc1ccc(C(=O)C=Cc2ccc(Br)cc2)cc1,tg,64.0,93.33340563805672
*CC(*)C(=O)Nc1ccc(C(=O)C=Cc2cccc(Br)c2)cc1,tg,55.0,77.66177406634323
*CC(*)C(=O)Nc1ccc(Cl)cc1,tg,76.0,103.5446658442088
*CC(*)C(=O)Nc1cccc(Cl)c1,tg,70.0,81.93417819408457
*CC(*)C(=O)Nc1ccccc1,tg,160.0,106.67181993854243
*CC(*)C(=O)OC(C(F)(F)F)C(F)(F)F,tg,24.06,47.00971380796354
*CC(*)C(=O)OC(C)(C)C,tg,40.66,46.60309281510818
*CC(*)C(=O)OC(Cl)C(Cl)(Cl)Cl,tg,70.5,64.14128429111118
*CC(*)C(=O)OC(F)(F)C(F)(F)C(F)(F)C(F)(F)C(F)(F)C(F)(F)C(F)(F)C(F)(F)F,tg,9.0,-15.304389871349283
*CC(*)C(=O)OC12CC3CC(C)(CC(C)(C3)C1)C2,tg,103.43,160.7330291177069
*CC(*)C(=O)OC12CC3CC(CC(C3)C1)C2,tg,153.0,147.1628134027745
*CC(*)C(=O)OC1CC2CCC1(C)C2(C)C,tg,98.6,151.11928573682374
*CC(*)C(=O)OC1CCCCC1,tg,23.69,64.65042109579298
*CC(*)C(=O)OC1CCCCCCCCCCC1,tg,37.0,47.33300798765639
*CC(*)C(=O)OCC,tg,-9.27,3.7773230656781083
*CC(*)C(=O)OCC(C)(C)C,tg,22.0,9.805653441536117
*CC(*)C(=O)OCC(C)CC,tg,-32.0,-26.682699037533
*CC(*)C(=O)OCC(C)O,tg,-7.0,17.94649172662105
*CC(*)C(=O)OCC(CC)CCCC,tg,-62.58,-43.00113736169293
*CC(*)C(=O)OCC(COC(=O)c1ccccc1)(COC(=O)c1ccccc1)COC(=O)c1ccccc1,tg,48.0,40.077218276667274
*CC(*)C(=O)OCC(F)(F)C(F)(F)C(F)(F)C(F)(F)C(F)(F)C(F)(F)C(F)(F)F,tg,-17.0,-48.34954419548626
*CC(*)C(=O)OCC(F)(F)C(F)(F)C(F)(F)C(F)(F)C(F)(F)F,tg,-39.0,-39.49630469664785
*CC(*)C(=O)OCC(F)(F)C(F)(F)C(F)(F)C(F)(F)F,tg,-37.0,-32.307384733304495
*CC(*)C(=O)OCC(F)(F)C(F)(F)C(F)(F)C(F)F,tg,-35.0,-33.65570605916748
*CC(*)C(=O)OCC(F)(F)C(F)(F)OC(F)(F)C(F)(F)C(F)(F)F,tg,-68.0,-41.494303707817934
*CC(*)C(=O)OCC(F)(F)C(F)(F)OC(F)(F)C(F)(F)F,tg,-49.0,-38.77938883856813
*CC(*)C(=O)OCCC#N,tg,4.0,-3.5979142212380086
*CC(*)C(=O)OCCC(C)OC,tg,-56.0,-49.35526208826895
*CC(*)C(=O)OCCCC,tg,-31.07,-47.9882779073631
*CC(*)C(=O)OCCCCC,tg,-57.0,-45.46099293698099
*CC(*)C(=O)OCCCCCC,tg,-57.0,-62.68516873096165
*CC(*)C(=O)OCCCCCCC,tg,-60.0,-60.85526747221326
*CC(*)C(=O)OCCCCCCCC,tg,-65.0,-54.6114093570651
*CC(*)C(=O)OCCCCCCCCCCCCCCCCCC,tg,-42.5,-56.48881629137879
*CC(*)C(=O)OCCCCCCCCCCCCOC(=O)c1ccc(OC(=O)c2ccc(C#N)cc2)cc1,tg,15.0,16.900894511164132
*CC(*)C(=O)OCCCCCCCCCCCCOc1ccc(C(=O)Oc2ccc(-c3cccc(OC(=O)c4ccc(OC(=O)c5ccc(OCCCCCCCCCCCC)cc5)cc4)c3)cc2)cc1,tg,67.0,58.96405930079664
*CC(*)C(=O)OCCCCCCCCCCCOc1ccc(C(=O)Oc2ccc(-c3ccc(OC(C)CCCCCC)cc3)cc2)cc1,tg,50.0,26.375994017367002
*CC(*)C(=O)OCCCCCCCCCCCn1c2ccccc2c2ccccc21,tg,15.0,6.718191185093105
*CC(*)C(=O)OCCCCCCCCCCOc1cnc(-c2ccc(OC(=O)C3COC(C)(C)O3)cc2)nc1,tg,29.0,28.981856524233034
*CC(*)C(=O)OCCCCCCCCCOC(=O)c1ccc(OC(=O)c2ccc(C#N)cc2)cc1,tg,15.0,17.43491915213394
*CC(*)C(=O)OCCCCCCCCOC(=O)c1ccc(OC(=O)c2ccc(C#N)cc2)cc1,tg,15.0,20.621789097552835
*CC(*)C(=O)OCCCCCCCCn1c2ccccc2c2ccccc21,tg,12.0,32.77180872682231
*CC(*)C(=O)OCCCCCCCOC(=O)c1ccc(OC(=O)c2ccc(C#N)cc2)cc1,tg,20.0,25.464495412540554
*CC(*)C(=O)OCCCCCCOC(=O)c1ccc(OC(=O)c2ccc(C#N)cc2)cc1,tg,30.0,26.006911108880203
*CC(*)C(=O)OCCCCCCOc1ccc(C(=O)Oc2ccc(C#N)cc2)cc1,tg,19.5,22.401824241317023
*CC(*)C(=O)OCCCCCCOc1ccc(C(=O)Oc2ccc(OC)cc2)cc1,tg,24.75,25.092369617556443
*CC(*)C(=O)OCCCCCCOc1ccc(C=Nc2ccc(OCCCCC)cc2)c(O)c1,tg,36.0,28.560441091346725
*CC(*)C(=O)OCCCCCCOc1ccc(N=Nc2ccc([N+](=O)[O-])cc2)cc1,tg,35.8,46.74637534653511
*CC(*)C(=O)OCCCCCCSCC#N,tg,-59.0,-45.00490170965254
*CC(*)C(=O)OCCCCCOC(=O)c1ccc(OC(=O)c2ccc(C#N)cc2)cc1,tg,30.0,28.44532780878241
*CC(*)C(=O)OCCCCCn1c2ccccc2c2ccccc21,tg,53.0,52.422983730357714
*CC(*)C(=O)OCCCCOC(=O)c1ccc(OC(=O)c2ccc(C#N)cc2)cc1,tg,40.0,48.66581101359563
*CC(*)C(=O)OCCCCSC,tg,-70.0,-61.043939857761394
*CC(*)C(=O)OCCCCn1c2ccccc2c2ccccc21,tg,68.0,57.582865908185276
*CC(*)C(=O)OCCCOc1ccc(-c2ccc(C#N)cc2)cc1,tg,51.55,50.91353749906512
*CC(*)C(=O)OCCCOc1ccc(C(=O)OCCCC(F)(F)C(F)(F)C(F)(F)C(F)(F)C(F)(F)C(F)(F)C(F)(F)C(F)(F)F)cc1,tg,48.0,39.78566677803404
*CC(*)C(=O)OCCCSC,tg,-65.0,-49.73694804339006
*CC(*)C(=O)OCCN(C)C,tg,-39.0,-32.485120695058335
*CC(*)C(=O)OCCN(CC)c1ccc(N=Nc2ccc([N+](=O)[O-])cc2Cl)cc1,tg,87.0,101.45439666025304
*CC(*)C(=O)OCCO,tg,0.1,-0.11689840890134448
*CC(*)C(=O)OCCOC(=O)c1cc([N+](=O)[O-])cc([N+](=O)[O-])c1,tg,60.8,62.31688430340758
*CC(*)C(=O)OCCOC(F)(F)C(F)F,tg,-22.0,-25.15799047467913
*CC(*)C(=O)OCCOCC,tg,-50.0,-52.2558055461877
*CC(*)C(=O)OCCOCC(F)(F)F,tg,-38.0,-21.553311509390287
*CC(*)C(=O)OCCOCC1(CC)COC1,tg,-16.0,9.742044519189538
*CC(*)C(=O)OCCOCCOC(F)(F)C(F)F,tg,-40.0,-40.0460481864573
*CC(*)C(=O)OCCOc1ccc(C(=O)Oc2ccc(OC(=O)c3ccc(OCCCC)cc3)cc2)cc1,tg,45.0,53.716485925185005
*CC(*)C(=O)OCCOc1ccc(C(=O)Oc2ccc(OC(=O)c3ccc(OCCCCC)cc3)cc2)cc1,tg,46.0,47.91356064574205
*CC(*)C(=O)OCCOc1ccc(C(=O)Oc2ccc(OC)cc2)cc1,tg,70.0,48.522379398991056
*CC(*)C(=O)OCCOc1ccc(C(C)(C)c2ccc(OCCO)cc2)cc1,tg,22.0,61.21136305353654
*CC(*)C(=O)OCCSCC,tg,-71.0,-58.04181112744431
*CC(*)C(=O)OCCSCCCC#N,tg,-58.0,-53.82402634909829
*CC(*)C(=O)OCF,tg,15.0,-1.7316570308156194
*CC(*)C(=O)OCc1c(Br)c(Br)c(Br)c(Br)c1Br,tg,181.0,94.36139088306714
*CC(*)C(=O)Oc1c(Cl)c(Cl)c(Cl)c(Cl)c1Cl,tg,145.0,142.19528227192794
*CC(*)C(=O)Oc1cc(C)cc(C)c1,tg,54.0,67.3390413142819
*CC(*)C(=O)Oc1ccc(-c2ccccc2)cc1,tg,105.0,76.04523980305144
*CC(*)C(=O)Oc1ccc(C(=O)O)cc1,tg,113.33,82.52609785043282
*CC(*)C(=O)Oc1ccc(C(=O)OCC)cc1,tg,37.0,35.824351967210056
*CC(*)C(=O)Oc1ccc(C(=O)OCCCC)cc1,tg,13.0,25.160988994958235
*CC(*)C(=O)Oc1ccc(C(=O)OCc2ccccc2)cc1,tg,16.25,54.40912423379884
*CC(*)C(=O)Oc1ccc(C(=O)c2ccc(Cl)cc2)cc1,tg,78.0,78.4190750555504
*CC(*)C(=O)Oc1ccc(C(C)(C)C)cc1,tg,71.0,83.81360866467071
*CC(*)C(=O)Oc1ccc(C)cc1,tg,42.5,60.869178590823935
*CC(*)C(=O)Oc1ccc(Cl)cc1Cl,tg,60.0,83.71266173795507
*CC(*)C(=O)Oc1ccc(N=Nc2ccc(OC)cc2)cc1,tg,133.6,102.05632734130964
*CC(*)C(=O)Oc1ccc(N=Nc2ccc([N+](=O)[O-])cc2)cc1,tg,128.2,131.162193357395
*CC(*)C(=O)Oc1ccc([N+](=O)[O-])cc1,tg,73.3,111.66187760458821
*CC(*)C(=O)Oc1cccc(C(=O)OCC)c1,tg,24.0,45.80714770799188
*CC(*)C(=O)Oc1cccc(C)c1,tg,24.5,51.327534958021715
*CC(*)C(=O)Oc1cccc2ccccc12,tg,85.0,78.03685694179704
*CC(*)C(=O)Oc1ccccc1,tg,101.83,53.578577426775915
*CC(*)C(=O)Oc1ccccc1C,tg,51.5,53.78002794240916
*CC(*)C(=O)Oc1ccccc1C(=O)OCC,tg,30.0,53.32584524612333
*CC(*)C(=O)Oc1ccccc1C(C)(C)C,tg,72.0,95.05105559165159
*CC(*)C(=O)[O][Na],tg,230.0,58.68092557520458
*CC(*)C(=O)c1ccc(Br)c(OC)c1,tg,44.0,105.6787840399246
*CC(*)C(=O)c1ccc(Br)cc1,tg,101.5,68.70083474391687
*CC(*)C(=O)c1ccc(C(C)C)cc1,tg,62.5,82.40492714746081
*CC(*)C(=O)c1ccc(CC)cc1,tg,49.25,82.52232903394372
*CC(*)C(=O)c1ccccc1,tg,57.25,98.04063534382219
*CC(*)C(=O)n1c2ccccc2c2ccccc21,tg,47.8,205.0383672219433
*CC(*)C(C)=O,tg,83.33,70.77377228863222
*CC(*)C(F)(F)C(F)(F)F,tg,41.0,6.020532609538483
*CC(*)C(N)=O,tg,178.5,129.00114464332077
*CC(*)C1=NC(C)(C)C(=O)O1,tg,92.0,85.18305469497871
*CC(*)C1CCC(C)CC1,tg,132.0,117.56703432058644
*CC(*)C1CCCC(C)C1,tg,141.0,112.14194760433242
*CC(*)C1CCCC1,tg,75.0,93.56452391327379
*CC(*)C1CCCCC1,tg,117.68,95.90621509444497
*CC(*)C=C,tg,-13.22,-13.40449122081086
*CC(*)CC,tg,-22.54,-15.477596678143271
*CC(*)CC(C)C,tg,45.5,-22.414181747982884
*CC(*)CC1CCCCC1,tg,75.0,73.48985711136673
*CC(*)CCC,tg,-32.29,-36.329907656274614
*CC(*)CCCC,tg,-49.86,-31.953996249481612
*CC(*)CCCCC,tg,-45.5,-46.508484901198734
*CC(*)CCCCCC,tg,-56.48,-49.41675923825538
*CC(*)CCCCCCC,tg,-47.0,-47.67315350635967
*CC(*)CCCCCCCC,tg,-35.0,-40.1595226328335
*CC(*)CCCCCCCCCCCC,tg,10.0,-53.53378779418176
*CC(*)CCCCCCCCCCCCCC,tg,-24.0,-53.11557640474838
*CC(*)CCCCCCCCCCCCCCCCCC,tg,-88.0,-51.7757937230256
*CC(*)CCCCCCCCCI,tg,-6.0,-39.613093081565275
*CC(*)CCc1ccccc1,tg,17.5,38.02442823875993
*CC(*)CNc1ccc([N+](=O)[O-])cc1,tg,140.25,109.13377927498443
*CC(*)CNc1ccc([N+](=O)[O-])cc1[N+](=O)[O-],tg,160.0,118.16282183596495
*CC(*)Cc1ccc(C)cc1,tg,62.5,58.89273942173353
*CC(*)Cc1cccc(C)c1,tg,38.75,56.61103829927154
*CC(*)Cc1ccccc1,tg,63.33,47.63259492056158
*CC(*)N,tg,57.0,45.252997495939866
*CC(*)N1CCCC1=O,tg,143.16,91.98954249099093
*CC(*)NC=O,tg,145.67,84.11291134796404
*CC(*)O,tg,76.98,77.32619539088509
*CC(*)OC(=O)C(C)(C)C(C)(C)CC,tg,90.0,63.59739130284965
*CC(*)OC(=O)C(C)(C)C(C)C(C)C,tg,50.0,72.74379510066215
*CC(*)OC(=O)C(Cl)(Cl)Cl,tg,59.0,99.27712508890572
*CC(*)OC(=O)C(F)(F)C(F)(F)C(F)(F)C(F)(F)C(F)(F)F,tg,-9.0,20.732506355357582
*CC(*)OC(=O)C(F)(F)C(F)(F)C(F)(F)C(F)(F)F,tg,17.5,25.534095454354194
*CC(*)OC(=O)C(F)(F)C(F)(F)C(F)(F)F,tg,27.0,39.43815630051549
*CC(*)OC(=O)C(F)(F)C(F)(F)F,tg,42.0,38.31426658920028
*CC(*)OC(=O)C(F)(F)F,tg,52.4,35.963529518845455
*CC(*)OC(=O)C1(F)C(F)(F)C(F)(F)C(F)(F)C(F)(F)C1(F)F,tg,54.0,145.85279453330253
*CC(*)OC(=O)C=Cc1ccccc1,tg,127.0,57.99405458114524
*CC(*)OC(=O)CC,tg,11.27,6.849383084089799
*CC(*)OC(=O)CC(C)(C)c1ccccc1,tg,20.0,60.62872842047577
*CC(*)OC(=O)CCC,tg,-10.1,-4.3143927293914235
*CC(*)OC(=O)CCCC(=O)c1ccc(C)cc1,tg,40.0,28.111319195508127
*CC(*)OC(=O)C[N-][N+]#N,tg,24.6,32.30607971614886
*CC(*)OC(=O)OCC(F)(F)F,tg,57.0,1.7393033042378243
*CC(*)OC(=O)c1ccc(-c2ccccc2)cc1,tg,84.5,93.13190940216083
*CC(*)OC(=O)c1ccc(Br)cc1,tg,85.5,74.60376835824654
*CC(*)OC(=O)c1ccc(C(C)(C)C)cc1,tg,116.8,102.86550926421052
*CC(*)OC(=O)c1ccc(C(C)C)cc1,tg,65.65,92.85041683450419
*CC(*)OC(=O)c1ccc(C)cc1,tg,66.75,65.25818983289045
*CC(*)OC(=O)c1ccc(Cl)cc1,tg,70.25,67.23088190170053
*CC(*)OC(=O)c1ccc(OC(=O)CC)cc1,tg,71.5,65.40167195450331
*CC(*)OC(=O)c1ccc(OC(=O)CCC)cc1,tg,61.0,50.430599688082786
*CC(*)OC(=O)c1ccc(OC(C)=O)cc1,tg,76.0,83.02947631907429
*CC(*)OC(=O)c1ccc([N+](=O)[O-])cc1,tg,122.0,101.10522105866615
*CC(*)OC(=O)c1ccc([Si](C)(C)C)cc1,tg,125.25,72.44019758541005
*CC(*)OC(=O)c1cccc(Br)c1,tg,57.5,74.77747382414731
*CC(*)OC(=O)c1cccc(C)c1,tg,49.0,57.570883506117056
*CC(*)OC(=O)c1cccc(Cl)c1,tg,61.75,56.06596664681618
*CC(*)OC(=O)c1cccc([N+](=O)[O-])c1,tg,93.0,96.35710027475493
*CC(*)OC(=O)c1ccccc1,tg,70.29,88.1357119490102
*CC(*)OC(=O)c1ccncc1,tg,98.5,85.01049518084805
*CC(*)OC(C)=O,tg,34.27,52.56859082935196
*CC(*)OC(C)C,tg,-7.5,-20.842635260844858
*CC(*)OC(F)(C(F)(F)F)C(F)(F)F,tg,60.0,5.335131344869373
*CC(*)OCC,tg,-37.29,-35.378950899674294
*CC(*)OCC(C)(C)CC,tg,9.0,-28.833291897882315
*CC(*)OCC(CC)CCCC,tg,-66.0,-57.49650355401306
*CC(*)OCCCCC,tg,-66.0,-61.750997144046934
*CC(*)OCCCCCCCC,tg,-79.75,-57.50710462554245
*CC(*)OCCCCCCCCCCCOc1ccc(C(=O)Oc2ccc(C#N)cc2)cc1,tg,37.0,18.594058968427074
*CC(*)OCCOCCOCCOC,tg,-71.3,-58.734867121250716
*CC(*)OCCOc1ccc(C=C(C#N)C#N)cc1,tg,38.0,49.254305682050045
*CC(*)OCCOc1ccc(C=C(C#N)C(=O)OC)cc1,tg,47.0,43.43643868209163
*CC(*)OCCOc1ccc(N=Nc2ccc([N+](=O)[O-])cc2)cc1,tg,54.0,76.2334176988351
*CC(*)O[N+](=O)[O-],tg,34.5,54.167798419798935
*CC(*)P(=O)(Oc1ccccc1)N(C)C,tg,27.0,65.24616553815733
*CC(*)P(=O)(c1ccccc1)c1ccccc1,tg,127.5,91.74128617960655
*CC(*)SCCCC,tg,-20.0,-53.87976377068455
*CC(*)[Si](C)(C)C,tg,147.0,-1.3291042021087438
*CC(*)c1c(C)cc(C)cc1C,tg,126.0,144.3220103805149
*CC(*)c1c(Cl)cccc1Cl,tg,165.0,121.10129461324101
*CC(*)c1c(F)c(F)c(C(F)(F)F)c(F)c1F,tg,112.0,113.65330805476547
*CC(*)c1c(F)c(F)c(F)c(F)c1F,tg,102.15,107.33369038738398
*CC(*)c1c(F)c(F)c(OC)c(F)c1F,tg,94.0,100.15245695161512
*CC(*)c1c(F)c(F)c(OCC(F)(F)C(F)(F)C(F)(F)C(F)(F)C(F)(F)C(F)(F)C(F)(F)F)c(F)c1F,tg,21.0,88.27807993163623
*CC(*)c1c([2H])c([2H])c([2H])c([2H])c1[2H],tg,100.0,106.5530849070333
*CC(*)c1cc(-c2ccc(C(=O)OC(C)CC)cc2)ccc1-c1ccc(C(=O)OC(C)CC)cc1,tg,212.5,139.21150264970512
*CC(*)c1cc(-c2ccc(C(=O)OC(C)CCCCCC)cc2)ccc1-c1ccc(C(=O)OC(C)CCCCCC)cc1,tg,102.0,137.44175708276205
*CC(*)c1cc(Br)ccc1OC,tg,86.0,106.8686721060219
*CC(*)c1cc(Br)ccc1OCCC,tg,54.0,74.47015780190874
*CC(*)c1cc(Br)ccc1OCCCCC,tg,49.0,49.49486726328726
*CC(*)c1cc(C(=O)OC)ccc1-c1ccc(OCCCCCCCC)cc1,tg,126.0,64.7101647140746
*CC(*)c1cc(C(=O)OCC)ccc1-c1ccc(OCCCCCCCC)cc1,tg,95.0,58.583579503005886
*CC(*)c1cc(C(=O)OCCCC)ccc1-c1ccc(OCCCCCCCC)cc1,tg,76.0,57.25150479357395
*CC(*)c1cc(C(=O)OCCCCCC)ccc1-c1ccc(OCCCCCCCC)cc1,tg,64.0,67.11943478630079
*CC(*)c1cc(C(=O)OCCCCCCCCCC)ccc1-c1ccc(OCCCCCCCC)cc1,tg,44.0,47.956650657537544
*CC(*)c1cc(C(=O)OCCCCCCCCCCCC)ccc1-c1ccc(OCCCCCCCC)cc1,tg,42.0,43.707468932761266
*CC(*)c1cc(C(=O)Oc2ccc(OC)cc2)ccc1C(=O)Oc1ccc(OC)cc1,tg,109.67,134.1849243390485
*CC(*)c1cc(C(=O)Oc2ccc(OCC)cc2)ccc1C(=O)Oc1ccc(OCC)cc1,tg,112.0,128.9121759434055
*CC(*)c1cc(C(=O)Oc2ccc(OCCCC)cc2)ccc1C(=O)Oc1ccc(OCCCC)cc1,tg,104.36,102.50263441611719
*CC(*)c1cc(C(=O)Oc2ccc(OCCCCCCCC)cc2)ccc1C(=O)Oc1ccc(OCCCCCCCC)cc1,tg,105.0,105.19556672993315
*CC(*)c1cc(C(=O)Oc2ccc(OCCCCCCCCCC)cc2)ccc1C(=O)Oc1ccc(OCCCCCCCCCC)cc1,tg,109.0,84.33956397317817
*CC(*)c1cc(C(=O)Oc2ccc(OCCCCCCCCCCCC)cc2)ccc1C(=O)Oc1ccc(OCCCCCCCCCCCC)cc1,tg,108.0,76.89615630101198
*CC(*)c1cc(C(F)(F)F)cc(C(F)(F)F)c1,tg,116.0,86.70515349369624
*CC(*)c1cc(C)c(C)cc1C,tg,104.0,141.13631099334702
*CC(*)c1cc(C)ccc1C,tg,143.0,94.547470418941
*CC(*)c1cc(Cl)ccc1Cl,tg,108.0,137.16789162334808
*CC(*)c1cc(OC)c(O)c(OC)c1,tg,147.0,132.801800907801
*CC(*)c1ccc(-c2c3ccccc3cc3ccccc23)cc1,tg,270.0,225.13963106136453
*CC(*)c1ccc(-c2ccc3c(c2)C(CCCCCC)(CCCCCC)c2cc(-c4ccc5c(c4)C(CCCCCC)(CCCCCC)c4ccccc4-5)ccc2-3)cc1,tg,78.33,118.13878904106346
*CC(*)c1ccc(-c2ccc3c(c2)C(CCCCCC)(CCCCCC)c2ccccc2-3)cc1,tg,76.55,102.16414168629252
*CC(*)c1ccc(B(O[Si](C)(C)C)O[Si](C)(C)C)cc1,tg,84.0,78.50518213232868
*CC(*)c1ccc(B(Oc2ccc(-c3c(F)c(F)c(F)c(F)c3F)c3cccnc23)c2ccc(C(C)(C)C)cc2)cc1,tg,245.0,222.20896226289432
*CC(*)c1ccc(B(Oc2ccc(-c3ccc(N(C)C)cc3)c3cccnc23)c2ccc(C(C)(C)C)cc2)cc1,tg,230.0,206.5730765042157
*CC(*)c1ccc(B(Oc2ccc(Cl)c3cccnc23)c2ccc(C(C)(C)C)cc2)cc1,tg,238.0,213.52227844653981
*CC(*)c1ccc(B(Oc2cccc3cccnc23)c2ccc(C(C)(C)C)cc2)cc1,tg,240.0,206.9191661970385
*CC(*)c1ccc(C#N)cc1,tg,180.0,162.6945304048018
*CC(*)c1ccc(C(=O)CCC)cc1,tg,74.0,77.44519167039665
*CC(*)c1ccc(C(=O)CCCCC)cc1,tg,66.0,50.81844210098753
*CC(*)c1ccc(C(=O)CCN2CCCCC2)cc1,tg,38.0,49.77779894574962
*CC(*)c1ccc(C(=O)CCN2CCOCC2)cc1,tg,41.0,50.35460946467394
*CC(*)c1ccc(C(=O)Cc2ccccc2)cc1,tg,78.0,87.17917164088959
*CC(*)c1ccc(C(=O)N(CC)CC)cc1,tg,102.0,114.09647949158283
*CC(*)c1ccc(C(=O)N2CCCCC2)cc1,tg,114.0,135.0588590755499
*CC(*)c1ccc(C(=O)N2CCOCC2)cc1,tg,127.0,125.48881966333985
*CC(*)c1ccc(C(=O)OCC)cc1,tg,94.0,103.26220106039825
*CC(*)c1ccc(C(=O)OCCC)cc1,tg,92.0,76.15460830409026
*CC(*)c1ccc(C(=O)OCCCC)cc1,tg,76.0,71.71792622826733
*CC(*)c1ccc(C(=O)OCCN(CC)CC)cc1,tg,74.0,41.418672615721896
*CC(*)c1ccc(C(C)(C)O)cc1,tg,165.0,175.4843767745384
*CC(*)c1ccc(C(C)(O)CC)cc1,tg,186.0,143.52704260526912
*CC(*)c1ccc(C(C)(O)CCC)cc1,tg,130.0,114.51689097817561
*CC(*)c1ccc(C(C)(O)CCCC)cc1,tg,82.5,118.74317888300573
*CC(*)c1ccc(C(C)=NO)cc1,tg,134.0,140.13173224497618
*CC(*)c1ccc(C(C)=O)cc1,tg,115.5,108.9348967841545
*CC(*)c1ccc(C(C)C)cc1,tg,62.4,88.95280344834075
*CC(*)c1ccc(C(Cc2ccccc2)=NO)cc1,tg,111.0,104.76832431411198
*CC(*)c1ccc(C(F)(F)C(F)(F)C(F)(F)C(F)(F)C(F)(F)C(F)(F)C(F)(F)F)cc1,tg,42.0,81.71742312998163
*CC(*)c1ccc(C(O)C(F)(F)F)cc1,tg,110.0,131.06369078115682
*CC(*)c1ccc(C(O)CCN(C)C)cc1,tg,43.0,80.58879623288567
*CC(*)c1ccc(C(O)CCN2CCOCC2)cc1,tg,50.0,46.299161212311475
*CC(*)c1ccc(C([Si](C)(C)C)[Si](C)(C)C)cc1,tg,156.0,104.50775144839996
*CC(*)c1ccc(C)cc1C,tg,98.83,139.41879385308172
*CC(*)c1ccc(CCC(F)(F)C(F)(F)C(F)(F)C(F)(F)F)cc1,tg,23.0,53.188159216284404
*CC(*)c1ccc(CCC)cc1,tg,46.75,47.00942304272157
*CC(*)c1ccc(CCCCCC)cc1,tg,-27.0,2.804383180078712
*CC(*)c1ccc(CCCCCCCC)cc1,tg,-45.0,-37.57092081100284
*CC(*)c1ccc(CCCCCCCCCCCC)cc1,tg,-52.0,-23.833239998762274
*CC(*)c1ccc(CCCCCCCCCCCCCCCC)cc1,tg,4.5,-41.18449773976133
*CC(*)c1ccc(COC(C)CC)cc1,tg,40.0,38.606777141802446
*CC(*)c1ccc(COC)cc1,tg,77.0,61.96808073290262
*CC(*)c1ccc(COCCC(F)(F)C(F)(F)C(F)(F)C(F)(F)C(F)(F)C(F)(F)C(F)(F)C(F)(F)F)cc1,tg,53.33,28.56854090685186
*CC(*)c1ccc(COCCC(F)(F)C(F)(F)C(F)(F)C(F)(F)C(F)(F)C(F)(F)F)cc1,tg,18.0,28.643825656213377
*CC(*)c1ccc(COCCC(F)(F)C(F)(F)C(F)(F)C(F)(F)F)cc1,tg,13.0,20.791521350793616
*CC(*)c1ccc(COCCC)cc1,tg,22.0,35.8112943005925
*CC(*)c1ccc(COCCCCCC)cc1,tg,-20.0,-5.838935255407208
*CC(*)c1ccc(COCCCCO)cc1,tg,20.0,15.300440240320327
*CC(*)c1ccc(COCCO)cc1,tg,46.0,55.06069439202622
*CC(*)c1ccc(COCCOCC)cc1,tg,0.0,5.3543886537759855
*CC(*)c1ccc(COCCOCCCCCCCC)cc1,tg,-42.0,-13.336262355504937
*CC(*)c1ccc(COc2ccc(-c3ccc(-c4ccc(-c5ccc(CCCCCC)s5)s4)c4nsnc34)cc2)cc1,tg,122.0,115.53657753718518
*CC(*)c1ccc(COc2ccc(-c3ccc(-c4ccc(C)s4)c4nsnc34)cc2)cc1,tg,128.33,135.12452846585546
*CC(*)c1ccc(C[Si](C)(C)C)cc1,tg,82.0,74.35693151638084
*CC(*)c1ccc(Cl)c(Cl)c1,tg,128.0,118.63719089939028
*CC(*)c1ccc(Cl)c(F)c1,tg,122.0,103.45700219376188
*CC(*)c1ccc(Cl)cc1,tg,119.38,115.91244515821846
*CC(*)c1ccc(Cn2c3ccccc3c3ccccc32)cc1,tg,166.0,154.3655712745784
*CC(*)c1ccc(F)cc1,tg,98.23,107.04694998940673
*CC(*)c1ccc(I)cc1,tg,155.0,110.80556959840973
*CC(*)c1ccc(N(c2ccccc2)c2ccccc2)cc1,tg,123.5,127.14169304093855
*CC(*)c1ccc(O)cc1,tg,161.43,160.82347266831815
*CC(*)c1ccc(OC(C)=O)cc1,tg,114.44,108.11730108754992
*CC(*)c1ccc(OC)cc1,tg,101.33,102.84038382416607
*CC(*)c1ccc(OCC)cc1,tg,86.0,70.77540496649422
*CC(*)c1ccc(OCCC(C)C)cc1,tg,57.0,46.30475623729858
*CC(*)c1ccc(OCCC)cc1,tg,70.0,61.07510335724211
*CC(*)c1ccc(OCCCC)cc1,tg,52.0,44.806313547241736
*CC(*)c1ccc(OCCOCCOC(C)=O)cc1,tg,-3.0,25.246472382290317
*CC(*)c1ccc(OP2(OCCOCCOCCOC)=NP(OCCOCCOCCOC)(OCCOCCOCCOC)=NP(OCCOCCOCCOC)(OCCOCCOCCOC)=N2)cc1,tg,-66.5,9.858833311982496
*CC(*)c1ccc(Oc2ccccc2)cc1,tg,85.0,102.23149564968088
*CC(*)c1ccc(S(=O)(=O)[N]([Li])S(=O)(=O)C(F)(F)F)cc1,tg,152.0,116.66014477991591
*CC(*)c1ccc([CH]([Sn]([CH3])([CH3])[CH3])[Sn]([CH3])([CH3])[CH3])cc1,tg,140.0,118.31629540993542
*CC(*)c1ccc([SiH](C)C)cc1,tg,105.0,84.48232484788528
*CC(*)c1ccc([Si](C)(C)C)cc1,tg,136.0,102.18969836338586
*CC(*)c1ccc([Si](O[Si](C)(C)C)(O[Si](C)(C)C)O[Si](C)(C)C)cc1,tg,114.0,34.83833592252966
*CC(*)c1cccc(B(O[Si](C)(C)C)O[Si](C)(C)C)c1,tg,35.0,59.144927389940456
*CC(*)c1cccc(Br)c1,tg,102.0,120.78517069133753
*CC(*)c1cccc(C)c1,tg,74.83,89.91629124287147
*CC(*)c1cccc(C)n1,tg,92.0,88.71184807924502
*CC(*)c1cccc(F)c1,tg,86.0,95.4864869726204
*CC(*)c1cccc(N(c2ccc(C)cc2)c2ccc(C)cc2)c1,tg,126.5,134.98168560175048
*CC(*)c1cccc(NC(C)=O)c1,tg,163.0,124.22352181809622
*CC(*)c1cccc(OC(C)=O)c1,tg,76.0,100.19802320217822
*CC(*)c1cccc2ccccc12,tg,159.0,181.63680161751643
*CC(*)c1ccccc1,tg,92.74,82.85696306963618
*CC(*)c1ccccc1Br,tg,148.5,120.0282114649519
*CC(*)c1ccccc1C(=O)N(C)C,tg,190.0,155.70509741090174
*CC(*)c1ccccc1C(=O)NC,tg,189.0,171.56261621567603
*CC(*)c1ccccc1C(=O)Nc1ccccc1,tg,191.0,171.37610834749253
*CC(*)c1ccccc1C(=O)OC,tg,130.0,141.09511455397865
*CC(*)c1ccccc1C(=O)OC(C)C,tg,146.0,133.18491712631686
*CC(*)c1ccccc1C(=O)OCC,tg,118.0,103.79831837807491
*CC(*)c1ccccc1C(=O)OCC(C)C,tg,127.0,104.49125835346521
*CC(*)c1ccccc1C(=O)OCCCC,tg,66.0,93.12980118291983
*CC(*)c1ccccc1C(=O)OCCCCC,tg,92.0,63.7303743350866
*CC(*)c1ccccc1C(=O)OCCN(C)C,tg,69.0,84.60262678623985
*CC(*)c1ccccc1COC,tg,89.0,88.01132784612172
*CC(*)c1ccccc1COCC,tg,74.0,89.88471067602853
*CC(*)c1ccccc1COCCC,tg,97.0,55.21510959587706
*CC(*)c1ccccc1COCCCC,tg,67.0,53.31057207850756
*CC(*)c1ccccc1COCCCCC,tg,47.0,47.953712187354434
*CC(*)c1ccccc1COCCc1ccccc1,tg,63.0,65.74623885744118
*CC(*)c1ccccc1COCc1ccccc1,tg,72.0,77.36643246931348
*CC(*)c1ccccc1Cl,tg,112.63,128.05275706642414
*CC(*)c1ccccc1O,tg,172.0,140.85054776865485
*CC(*)c1ccccn1,tg,101.64,95.88207901544544
*CC(*)c1cccs1,tg,71.0,69.02689005327315
*CC(*)c1nc(C)nc(C)n1,tg,70.0,82.87284523592855
*CC(*)c1nnn[nH]1,tg,72.0,121.62659941356473
*CC(=C)COCC(=C)COC(=O)O*,tg,70.5,-19.458209332760443
*CC(=O)C(*)c1ccc(C(C)(C)C)cc1,tg,158.0,101.08166974308722
*CC(=O)NCCCCCCNC(=O)CCc1ccc(O*)cc1,tg,72.0,60.39497540633211
*CC(=O)NCCCCCCNC(=O)CO*,tg,10.0,27.440295740206814
*CC(=O)NCCCCCCNC(=O)COC(=O)CCCCCCCCC(=O)O*,tg,2.0,13.272035185053813
*CC(=O)NCCCCCCNC(=O)COC(=O)CCCCCCCCCCC(=O)O*,tg,0.9,9.1255227431555
*CC(=O)NCCCCCCNC(=O)COc1ccc(O*)cc1,tg,67.0,71.53764113890321
*CC(=O)NCCCCCCNC(=O)CS*,tg,-7.0,33.03868483922558
*CC(=O)NCCCCCCNC(=O)Cc1ccc(O*)cc1,tg,69.5,69.63222168803382
*CC(=O)Nc1ccc(Cc2ccc(NC(=O)CN3C(=O)c4ccc(C(=O)c5ccc6c(c5)C(=O)N(*)C6=O)cc4C3=O)cc2)cc1,tg,233.0,225.22504103419354
*CC(=O)Nc1ccc(Cc2ccc(NC(=O)COc3ccc4ccccc4c3Sc3c(O*)ccc4ccccc34)cc2)cc1,tg,241.0,218.94620334173857
*CC(=O)Nc1ccc(NC(=O)COc2ccc3ccccc3c2Sc2c(O*)ccc3ccccc23)cc1,tg,268.0,230.45220524035244
*CC(=O)Nc1ccc(Oc2c(F)c(F)c(Oc3ccc(NC(=O)c4ccc5c(c4)C(=O)N(*)C5=O)cc3)c(F)c2F)cc1,tg,254.0,224.8011651802762
*CC(=O)Nc1ccc(Oc2ccc(-c3ccc(Oc4ccc(NC(=O)CN5C(=O)c6ccc(C(c7ccc8c(c7)C(=O)N(*)C8=O)(C(F)(F)F)C(F)(F)F)cc6C5=O)cc4)cc3)cc2)cc1,tg,245.0,240.0684010087232
*CC(=O)Nc1ccc(Oc2ccc(NC(=O)CN3C(=O)c4ccc(C(=O)c5ccc6c(c5)C(=O)N(*)C6=O)cc4C3=O)cc2)cc1,tg,235.0,234.48133883135608
*CC(=O)Nc1ccc(Oc2ccc(Oc3ccc(NC(=O)CN4C(=O)c5ccc(C(=O)c6ccc7c(c6)C(=O)N(*)C7=O)cc5C4=O)cc3)cc2)cc1,tg,230.0,224.7932408443955
*CC(=O)Nc1ccc(Oc2ccc(Oc3ccc(NC(=O)CN4C(=O)c5ccc(C(c6ccc7c(c6)C(=O)N(*)C7=O)(C(F)(F)F)C(F)(F)F)cc5C4=O)cc3)cc2)cc1,tg,242.0,231.15720353408602
*CC(=O)Nc1ccc(Oc2ccc(S(=O)(=O)c3ccc(Oc4ccc(NC(=O)CN5C(=O)c6ccc(C(c7ccc8c(c7)C(=O)N(*)C8=O)(C(F)(F)F)C(F)(F)F)cc6C5=O)cc4)cc3)cc2)cc1,tg,241.0,235.58429150560826
*CC(=O)Nc1ccc(Oc2cccc(NC(=O)CN3C(=O)c4ccc(C(=O)c5ccc6c(c5)C(=O)N(*)C6=O)cc4C3=O)c2)cc1,tg,226.0,207.74348280918701
*CC(=O)Nc1ccc(Oc2cccc(Oc3ccc(NC(=O)CN4C(=O)c5ccc(C(c6ccc7c(c6)C(=O)N(*)C7=O)(C(F)(F)F)C(F)(F)F)cc5C4=O)cc3)c2)cc1,tg,221.0,227.3809929624259
*CC(=O)Nc1ccc(S(=O)(=O)c2ccc(NC(=O)c3ccc4c(c3)C(=O)N(*)C4=O)cc2)cc1,tg,232.0,227.05655883347478
*CC(=O)Nc1cccc2c(NC(=O)COc3ccc4ccccc4c3Sc3c(O*)ccc4ccccc34)cccc12,tg,264.0,241.84517684937362
*CC(=O)O*,tg,55.86,10.170790589434706
*CC(C#N)C(CCC(C)(O)C=C)C(*)(C)C,tg,50.0,83.03057995737223
*CC(C)(C)C(=O)O*,tg,-6.17,54.87901841670839
*CC(C)(C)C1C(=O)N(C)C(=O)C1*,tg,156.5,175.10862519142503
*CC(C)(C)C1C(=O)N(CCCC)C(=O)C1*,tg,80.0,136.54994800643746
*CC(C)(C)C1C(=O)N(c2c(C)cccc2C)C(=O)C1*,tg,237.0,216.68456577703324
*CC(C)(C)C1C(=O)N(c2c(CC)cccc2CC)C(=O)C1*,tg,210.0,181.89586855176384
*CC(C)(C)C1C(=O)N(c2ccccc2C)C(=O)C1*,tg,207.0,213.06847554055517
*CC(C)(C)CO*,tg,-50.0,-39.175055804386055
*CC(C)(C)COC(=O)C1CCC(C(=O)O*)CC1,tg,30.0,43.29493639723166
*CC(C)(C)COC(=O)CCC(=O)O*,tg,-18.0,-20.374500149807243
*CC(C)(C)COC(=O)NC(=O)c1ccc(C(=O)NC(=O)O*)cc1,tg,102.0,118.27369002083984
*CC(C)(C)COC(=O)NC(=O)c1cccc(C(=O)NC(=O)O*)c1,tg,66.0,119.94704082406183
*CC(C)(C)COC(=O)Nc1ccc(C)c(NC(=O)O*)c1,tg,-32.0,79.05463614972848
*CC(C)(C)COC(=O)Nc1ccc(Cc2ccc(NC(=O)O*)cc2)cc1,tg,94.0,82.97707124169008
*CC(C)(C)COC(=O)c1ccc(-c2ccc(-c3ccc(C(=O)O*)cc3)cc2)cc1,tg,100.0,63.91538306681562
*CC(C)(C)COC(=O)c1ccc(C=Cc2ccc(C(=O)O*)cc2)cc1,tg,80.0,70.21544933880278
*CC(C)(C)CS(=O)(=O)CC(C)(C)COC(=O)Nc1ccc(Cc2ccc(NC(=O)O*)cc2)cc1,tg,90.0,66.92182762718457
*CC(C)(C)CS(=O)(=O)CC(C)(C)COC(=O)O*,tg,50.0,65.03419949510668
*CC(C)(C)CS(=O)(=O)CC(C)(C)COC(=O)c1ccc(C(=O)O*)cc1,tg,105.0,51.480449483614635
*CC(C)(C)CS*,tg,-51.03,-9.618749868187235
*CC(C)(C)O*,tg,92.0,-9.860491731636998
*CC(C)(C)S*,tg,-14.0,29.52631196307848
*CC(C)(CC)C(=O)O*,tg,-7.4,27.681194134428456
*CC(C)(CC)CO*,tg,-47.0,-17.227008534410512
*CC(C)(CCC)COC(=O)c1ccc(-c2ccc(C(=O)O*)cc2)cc1,tg,95.0,64.48616277371798
*CC(C)(CO)CO*,tg,62.0,4.985761603152339
*CC(C)(CO*)COCC(F)(F)C(F)(F)C(F)(F)F,tg,-45.0,-27.257001441318227
*CC(C)(CO*)COCC(F)(F)F,tg,-41.0,-28.789447598705667
*CC(C)(CO*)COCCC#N,tg,-52.0,-14.298117614194092
*CC(C)(CO*)COCCCCCCCCCCOc1ccc(-c2ccc(C#N)cc2)cc1,tg,7.0,9.514266540970514
*CC(C)(CO*)COCCOCCOCCOC,tg,-18.0,-66.92766723037704
*CC(C)(COC(=O)NCCCCCCNC(=O)O*)C(=O)O,tg,-26.0,53.91206535915572
*CC(C)(N=C=O)C1C(=O)OC(=O)C1*,tg,100.0,133.74641516364272
*CC(C)=CC(C)S(*)(=O)=O,tg,83.0,74.09268809356773
*CC(C)C(*)(C)C,tg,37.0,89.97736643296989
*CC(C)C(=O)O*,tg,-26.33,22.29935937663481
*CC(C)C(C)COC(=O)c1ccc(C(=O)O*)cc1,tg,37.5,35.235100228202015
*CC(C)C=C(*)C,tg,2.08,5.466668634905313
*CC(C)CCC(C)CNC(=O)c1cc(C(=O)N*)cc(C(C)(C)C)c1,tg,149.0,139.24733677676022
*CC(C)CNC(=O)O*,tg,40.0,39.635421772281106
*CC(C)CO*,tg,-55.0,-59.205713917108255
*CC(C)COC(=O)c1ccc(C(=O)O*)cc1,tg,55.0,51.63972732180012
*CC(C)O*,tg,-58.58,-29.037661580753323
*CC(C)S*,tg,-45.29,-39.10633785332261
*CC(CBr)O*,tg,-14.0,-26.21395411758638
*CC(CC(*)(C#N)C#N)c1ccc(CCl)cc1,tg,150.0,102.62420746570027
*CC(CC(C)C)S(*)(=O)=O,tg,23.0,48.36829856045078
*CC(CC(Cl)(Cl)Cl)O*,tg,-36.0,4.656947862119059
*CC(CC)(CC)C(=O)O*,tg,60.0,8.910088522400423
*CC(CC)(CC)COC(=O)c1ccc(-c2ccc(-c3ccc(C(=O)O*)cc3)cc2)cc1,tg,-20.0,99.77004409008144
*CC(CC)(CCl)CO*,tg,20.0,-8.28122074601326
*CC(CC)(CO*)COC(=O)C(=C)C,tg,72.5,22.122586912104346
*CC(CC)N(*)C(=O)CCCC,tg,50.67,3.4897047914610035
*CC(CC)O*,tg,-72.01,-52.621617956440886
*CC(CC)S(*)(=O)=O,tg,32.73,33.772983058463126
*CC(CC)S*,tg,-50.0,-50.015730495685155
*CC(CCC)C(CCC)COC(=O)c1ccc(C(=O)O*)cc1,tg,19.67,25.16899578485344
*CC(CCCC)C(CCCC)COC(=O)c1ccc(C(=O)O*)cc1,tg,16.0,7.867970564900614
*CC(CCCCCC)C(CCCCCC)COC(=O)c1ccc(C(=O)O*)cc1,tg,-15.5,-1.9274897852265838
*CC(CCCCCC)O*,tg,-71.67,-65.23158845432864
*CC(CCCCCCCC)COC(=O)NC(=O)c1cccc(C(=O)NC(=O)O*)c1,tg,65.0,103.59035823795728
*CC(CCCCCCCCCC)C(CCCCCCCCCC)COC(=O)c1ccc(C(=O)O*)cc1,tg,-38.0,-0.15197435825208983
*CC(CCCCCCCCCC)O*,tg,-41.0,-68.44619944113272
*CC(CCCCCCCCCCCC)COC(=O)NC(=O)c1ccc(C(=O)NC(=O)O*)cc1,tg,75.0,87.31549909496259
*CC(CCCCCCCCCCCC)COC(=O)NC(=O)c1cccc(C(=O)NC(=O)O*)c1,tg,112.0,60.94832731425631
*CC(CCCCCCOc1ccc(N=Nc2ccc(C#N)cc2)cc1)COC(=O)CCCCCCCCCCCCC(=O)O*,tg,21.5,15.998016100345263
*CC(CCCCCCOc1ccc(N=Nc2ccc(C(F)(F)F)cc2)cc1)COC(=O)CCCCC(=O)O*,tg,44.0,17.59208789525441
*CC(CCCCCCOc1ccc(N=Nc2ccc(C)cc2)cc1)COC(=O)CCCCC(=O)O*,tg,29.0,8.798330019143817
*CC(CCCCCCOc1ccc(N=Nc2ccc(Cl)cc2)cc1)COC(=O)CCCCC(=O)O*,tg,9.0,28.771566315108657
*CC(CCCCCCOc1ccc(N=Nc2ccc(OC)cc2)cc1)COC(=O)CCCCC(=O)O*,tg,22.0,17.038207851399445
*CC(CCl)O*,tg,-21.5,-20.25310212524838
*CC(CN1C(=O)C2C3C=CC(C3)C2C1=O)O*,tg,87.5,109.55609285024208
*CC(CO)(CCl)COc1ccc(C(c2ccc(O*)cc2)(C(F)(F)F)C(F)(F)F)cc1,tg,107.0,112.29875940659382
*CC(CO*)(CS(=O)(=O)C(C)C)CS(=O)(=O)C(C)C,tg,91.0,80.38371272031551
*CC(CO*)(CS(=O)(=O)CCC)CS(=O)(=O)CCC,tg,71.0,57.56244772964284
*CC(CO*)(CS(=O)(=O)CCCCC)CS(=O)(=O)CCCCC,tg,56.0,44.12570407707585
*CC(CO*)(CS(C)(=O)=O)CS(C)(=O)=O,tg,102.0,90.9427110477941
*CC(CO*)(CSC)CSC,tg,-6.0,-29.599822623053274
*CC(CO*)(CSCC)CSCC,tg,-32.0,-26.1123786923922
*CC(CO*)(CSCCCCC)CSCCCCC,tg,-33.0,-38.84418454775417
*CC(CO*)C(C)(C)C,tg,-4.0,-0.2920693488453531
*CC(COC(=O)CCCCCCCCCCN1C(=O)C2C3C=CC(C3)C2C1=O)O*,tg,-31.0,14.03201302242559
*CC(COC(=O)CCCCCN1C(=O)C2C3C=CC(C3)C2C1=O)O*,tg,1.0,24.871329068082883
*CC(COC(=O)O*)OCCCCCCOc1ccc(C=Cc2ccc([N+](=O)[O-])cc2)cc1,tg,32.0,24.395537622995906
*CC(COC(=O)O*)OCCCCOc1ccc(C=Cc2ccc([N+](=O)[O-])cc2)cc1,tg,42.0,36.34849962315616
*CC(COC(C)(C)C)O*,tg,-24.0,-19.501349170384902
*CC(COC(C)C)O*,tg,-67.0,-57.73510584559797
*CC(COC(C)OCC)O*,tg,-67.0,-60.67482993512817
*CC(COC(F)(C(F)(F)F)C(F)(F)F)O*,tg,-43.0,-49.53192538598832
*CC(COCC)O*,tg,-61.0,-67.68689419431962
*CC(COCC=C)O*,tg,-74.0,-59.82906867840708
*CC(COCC=C)S*,tg,-59.0,-64.53211953886712
*CC(COCCCC)O*,tg,-79.0,-76.52081278471653
*CC(COCCCCCC)O*,tg,-85.5,-75.4220605264275
*CC(COCOCC(C)([N+](=O)[O-])[N+](=O)[O-])O*,tg,-17.5,-22.433492476561703
*CC(COc1c(Cl)cc(C(C)(C)c2cc(Cl)c(O*)c(Cl)c2)cc1Cl)OC(C)=O,tg,100.0,106.86002353179597
*CC(COc1ccc(-c2ccc(C#N)cc2)cc1)O*,tg,94.15,71.42350572011058
*CC(COc1ccc(C(C)(C)c2ccc(O*)cc2)cc1)OC(=O)C=Cc1ccccc1,tg,100.6,96.05352354177862
*CC(COc1ccc(C(C)(C)c2ccc(O*)cc2)cc1)OC(=O)C=Cc1ccco1,tg,107.2,76.71252476124462
*CC(COc1ccc(C(C)(C)c2ccc(O*)cc2)cc1)OC(=O)CC,tg,60.0,62.77648786479575
*CC(COc1ccc(C(C)(C)c2ccc(O*)cc2)cc1)OC(=O)c1ccccc1Cl,tg,66.0,102.86352756150208
*CC(COc1ccc(C(C)(C)c2ccc(O*)cc2)cc1)OC(C)=O,tg,60.0,76.627574687024
*CC(COc1ccc(C(C)(c2ccccc2)c2ccc(O*)cc2)cc1)OC(=O)c1ccccc1,tg,126.0,129.1828266657724
*CC(COc1ccc(C2CCCC(CC)(c3ccc(O*)cc3)C2)cc1)OC(C)=O,tg,107.0,115.30129699576406
*CC(COc1ccc(O*)cc1)OC(C)=O,tg,54.5,40.2945671443474
*CC(COc1ccc(S(=O)(=O)c2ccc(O*)cc2)cc1)OC(C)=O,tg,130.0,79.4352870604649
*CC(CS(=O)(=O)CC)O*,tg,57.0,47.75556754394229
*CC(CS(=O)(=O)CCC)O*,tg,43.0,33.34659001306633
*CC(CS(=O)(=O)CCCCC)O*,tg,38.5,38.31528772632254
*CC(CS(C)(=O)=O)O*,tg,59.4,60.0490805134073
*CC(CSC(C)C)O*,tg,-44.0,-59.80794405987024
*CC(CSCC)O*,tg,-57.0,-62.4108402943694
*CC(CSCCCC)O*,tg,-65.0,-67.84269693269374
*CC(CSCCCCC)O*,tg,-68.0,-64.69601550124618
*CC(C[N-][N+]#N)O*,tg,-44.57,-24.543810205658353
*CC(C[Si](*)(C)C)c1ccccc1,tg,5.67,48.11264057371818
*CC(Cc1ccc(-c2ccccc2)cc1)C[Si](*)(C)C,tg,28.0,54.185361150175225
*CC(F)(F)C(F)(F)C(F)(F)C(F)(F)COC(=O)NCCCCCCNC(=O)O*,tg,-2.0,34.080782411856845
*CC(F)(F)C(F)(F)C(F)(F)COC(=O)CCCCC(=O)O*,tg,-60.5,-22.537961899297002
*CC(F)(F)C(F)(F)C(F)(F)COC(=O)c1ccc(OCCCCC)c(C(=O)O*)c1,tg,9.0,15.379371083248362
*CC(F)(F)C(F)(F)C(F)(F)COC(=O)c1cccc(-c2cccc(C(=O)O*)c2)c1,tg,45.0,53.55891539126332
*CC(F)(F)C(F)(F)C(F)(F)COC(=O)c1cccc(C(=O)O*)c1OCCCCC,tg,17.0,15.144769004412984
*CC(F)(F)C(F)(F)COC(=O)NCC(F)(F)C(F)(F)C(F)(F)C(F)(F)CNC(=O)O*,tg,38.0,54.56367886716539
*CC(F)(F)C(F)=C(*)Cl,tg,-17.0,35.70632841918004
*CC(F)(F)C1(F)C(*)CC(O)(C(F)(F)F)C1(F)F,tg,152.0,126.00961832354331
*CC(F)(F)C1(F)CC(C(O)(C(F)(F)F)C(F)(F)F)CC1*,tg,118.0,134.76472717973212
*CC(O)C(O)COC(=O)O*,tg,51.38,26.75131519185344
*CC(O)CN(*)c1cc(C)c(N=Nc2ccc(C#N)cc2)c(C)c1,tg,150.0,143.36776916990098
*CC(O)CN(*)c1cc(C)c(N=Nc2ccc(Cl)cc2)c(C)c1,tg,150.0,146.61499050747008
*CC(O)CN(*)c1cc(C)c(N=Nc2ccc([N+](=O)[O-])cc2)c(C)c1,tg,152.0,147.1385298088703
*CC(O)CN(*)c1cc(C)c(N=Nc2ccc([N+](=O)[O-])cc2C)c(C)c1,tg,149.0,154.41148058683905
*CC(O)CN(*)c1cc(C)cc(C)c1,tg,80.0,102.43435613507583
*CC(O)CN(*)c1ccc(N=Nc2ccc(Cl)cc2)cc1,tg,160.0,120.27542991078448
*CC(O)CN(*)c1ccc(N=Nc2ccc([N+](=O)[O-])cc2C)cc1,tg,156.0,140.7724770837558
*CC(O)CN(C)S(=O)(=O)c1ccc(-c2ccc(S(=O)(=O)N(C)CC(O)COc3ccc(C(C)(C)c4ccc(O*)cc4)cc3)cc2)cc1,tg,101.0,113.5679873100254
*CC(O)CN(C)S(=O)(=O)c1ccc(-c2ccc(S(=O)(=O)N(C)CC(O)COc3ccc(O*)cc3)cc2)cc1,tg,84.0,93.17880038380119
*CC(O)CN(C)S(=O)(=O)c1cccc(S(=O)(=O)N(C)CC(O)COc2ccc(-c3ccc(O*)cc3)cc2)c1,tg,58.0,91.92507262586658
*CC(O)CN(C)S(=O)(=O)c1cccc(S(=O)(=O)N(C)CC(O)COc2ccc(C(C)(C)c3ccc(O*)cc3)cc2)c1,tg,76.0,100.04978661042433
*CC(O)CN(C)S(=O)(=O)c1cccc(S(=O)(=O)N(C)CC(O)COc2ccc(Sc3ccc(O*)cc3)cc2)c1,tg,90.0,82.29733598759191
*CC(O)CN(CC(O)COc1ccc(C(C)(C)c2ccc(O*)cc2)cc1)c1ccc(C#N)cc1,tg,100.0,84.39934107359475
*CC(O)CN(CCO)S(=O)(=O)c1ccc(-c2ccc(S(=O)(=O)N(CCO)CC(O)COc3ccc(C(C)(C)c4ccc(O*)cc4)cc3)cc2)cc1,tg,76.0,112.85070277088931
*CC(O)CO*,tg,17.0,16.251444821695888
*CC(O)COC(=O)C1CCC(C(=O)OCC(O)COc2ccc(C(C)(C)c3ccc(O*)cc3)cc2)CC1,tg,70.0,62.817204309284435
*CC(O)COC(=O)CCCCC(=O)O*,tg,-20.0,-25.983433018852562
*CC(O)COC(=O)CCCCC(=O)OCC(O)COc1ccc(C(=O)Oc2ccc(O*)cc2)cc1,tg,37.0,46.11468056732423
*CC(O)COC(=O)CCCCC(=O)OCC(O)COc1ccc(C(C)(C)c2ccc(O*)cc2)cc1,tg,37.33,32.874685179233175
*CC(O)COC(=O)CCCCC(=O)OCC(O)COc1ccc(O*)cc1,tg,19.0,23.29968523663998
*CC(O)COC(=O)CCCCCCCCC(=O)OCC(O)COc1ccc(C(C)(C)c2ccc(O*)cc2)cc1,tg,30.0,33.20241889278902
*CC(O)COC(=O)CCCCCCCCC(=O)OCC(O)COc1ccc(C=C(C)c2ccc(O*)cc2)cc1,tg,30.0,33.84900899984697
*CC(O)COC(=O)CCCCCCCCCCC(=O)OCC(O)COc1ccc(C(C)(C)c2ccc(O*)cc2)cc1,tg,25.0,22.58092761618055
*CC(O)COC(=O)CCCCCCCCCCC(=O)OCC(O)COc1ccc(O*)cc1,tg,10.0,16.685404064675044
*CC(O)COC(=O)c1cccc(C(=O)OCC(O)COc2ccc(C(C)(C)c3ccc(O*)cc3)cc2)c1,tg,97.0,71.69972795019783
*CC(O)COc1c(C)cc(C(C)(C)c2cc(C)c(O*)c(C)c2)cc1C,tg,130.0,126.61958729249876
*CC(O)COc1c(C)cc(C(C)(C)c2cc(C)c(OCC(O)COc3c(C)cc(S(=O)(=O)c4cc(C)c(O*)c(C)c4)cc3C)c(C)c2)cc1C,tg,145.0,128.33824098364178
*CC(O)COc1c(C)cc(S(=O)(=O)c2cc(C)c(O*)c(C)c2)cc1C,tg,152.5,148.07854022673916
*CC(O)COc1c(Cl)cc(C(C)(C)c2cc(Cl)c(O*)c(Cl)c2)cc1Cl,tg,145.0,122.89507459245674
*CC(O)COc1c(Cl)cc(C(C)(C)c2cc(Cl)c(OCC(O)COc3ccc(C(C)(C)c4ccc(O*)cc4)cc3)c(Cl)c2)cc1Cl,tg,100.0,112.64228526304328
*CC(O)COc1ccc(C(=O)c2ccc(OCC(O)COc3ccc(C(C)(C)c4ccc(O*)cc4)cc3)cc2)cc1,tg,120.0,110.80005309390077
*CC(O)COc1ccc(C(C)(C)C2CCC(C)(c3ccc(O*)cc3)CC2)cc1,tg,135.0,112.35740416346502
*CC(O)COc1ccc(C(C)(C)c2ccc(O*)cc2)cc1,tg,87.45,78.3043779401277
*CC(O)COc1ccc(C(C)(C)c2ccc(OCC(O)COc3c(C)cc(C(C)(C)c4cc(C)c(O*)c(C)c4)cc3C)cc2)cc1,tg,100.0,118.41794183149648
*CC(O)COc1ccc(C(C)(C)c2ccc(OCC(O)COc3ccc(C4(c5ccc(O*)cc5)c5ccccc5-c5ccccc54)cc3)cc2)cc1,tg,161.0,146.3260738652869
*CC(O)COc1ccc(C(C)(C)c2ccc(OCC(O)COc3ccc(NC(=O)CCCC(=O)Nc4ccc(O*)cc4)cc3)cc2)cc1,tg,105.0,115.51314809404899
*CC(O)COc1ccc(C(C)(C)c2ccc(OCC(O)COc3ccc(NC(=O)CCCCC(=O)Nc4ccc(O*)cc4)cc3)cc2)cc1,tg,112.0,126.88073003783538
*CC(O)COc1ccc(C(C)(C)c2ccc(OCC(O)COc3ccc(Oc4ccc(O*)cc4)cc3)cc2)cc1,tg,85.0,93.75673357027486
*CC(O)COc1ccc(C(C)(C)c2ccc(OCC(O)COc3ccc(S(=O)(=O)c4ccc(O*)c(C)c4)cc3C)cc2)cc1,tg,117.5,123.06517646295084
*CC(O)COc1ccc(C(C)(C)c2ccc(OCC(O)COc3ccc(S(=O)(=O)c4ccc(O*)cc4)cc3)cc2)cc1,tg,130.33,109.49643664285828
*CC(O)COc1ccc(C(C)(C)c2ccc(OCC(O)COc3cccc(NC(=O)C(=O)Nc4cccc(O*)c4)c3)cc2)cc1,tg,119.0,116.10138730016452
*CC(O)COc1ccc(C(C)(C)c2ccc(OCC(O)COc3cccc(NC(=O)Cc4cccc(CC(=O)Nc5cccc(O*)c5)c4)c3)cc2)cc1,tg,119.0,116.1363327596803
*CC(O)COc1ccc(C(C)(C)c2ccc(OCC(O)COc3ccccc3C(=O)Nc3ccc(O*)cc3)cc2)cc1,tg,121.0,123.04859259767622
*CC(O)COc1ccc(C(C)(c2ccccc2)c2ccc(O*)cc2)cc1,tg,115.0,124.47809577541008
*CC(O)COc1ccc(C(C)CC(C)(C)c2ccc(O*)cc2)cc1,tg,75.0,93.8947095404275
*CC(O)COc1ccc(C2CCCC(CC)(c3ccc(O*)cc3)C2)cc1,tg,140.0,109.2012052328355
*CC(O)COc1ccc(O*)cc1,tg,54.5,63.52244354633935
*CC(O)COc1ccc(S(=O)(=O)c2ccc(O*)c(C)c2)cc1C,tg,132.5,119.67415391749638
*CC(O)COc1ccc(S(=O)(=O)c2ccc(OCC(O)COc3cccc(O*)c3)cc2)cc1,tg,105.0,103.20449928397686
*CC(O*)C1CC(F)(F)C1(F)F,tg,-25.0,92.12645778819756
*CC(O*)c1ccccc1,tg,32.38,31.307132492415867
*CC(O*)c1ccco1,tg,12.5,16.74627749190266
*CC(OC(=O)C(=O)OCC)C(COC(=O)O*)OC(=O)C(=O)OCC,tg,51.38,34.015882665535024
*CC(OC(=O)C(CC(C)C)NC(=O)OCc1ccccc1)C(COC(=O)O*)OC(=O)C(CC(C)C)NC(=O)OCc1ccccc1,tg,51.38,72.03534776476408
*CC(OC(=O)OCC)C(COC(=O)O*)OC(=O)OCC,tg,49.8,18.06473965741835
*CC(OC(=O)Oc1ccc(C(=O)OC)cc1)C(COC(=O)O*)OC(=O)Oc1ccc(C(=O)OC)cc1,tg,51.38,77.90665800085195
*CC(OC(C)=O)C(CCC(C)(O)C=C)C(*)(C)C,tg,85.0,55.71239806263073
*CC(OC(C)C)C1C(=O)OC(=O)C1*,tg,142.0,140.3345651710945
*CC(OC)C1(C)C(=O)OC(=O)C1(*)C,tg,170.2,150.40730301426095
*CC(OC)C1C(=O)N(c2ccc(N(C)C)cc2)C(=O)C1*,tg,221.0,187.59989079803447
*CC(OC1CCCCC1)C1C(=O)OC(=O)C1*,tg,201.0,147.94172804404096
*CC(OCC(C)C)C(C)(C(=O)OC)C(*)(C)C(=O)OC,tg,125.5,76.23510258891055
*CC(OCC)C(C(=O)OC)C(*)C(=O)OC,tg,50.0,54.46156732455025
*CC(OCC)C1C(=O)OC(=O)C1*,tg,146.0,121.62098766524674
*CC(OCCCC)C(C(=O)OC)C(*)C(=O)OC,tg,32.5,35.44071211659694
*CC(OCCCC)C1C(=O)OC(=O)C1*,tg,118.0,98.68751354475287
*CC(OO*)c1ccc(Br)cc1,tg,9.6,48.16406321302223
*CC(S*)c1ccccc1,tg,-2.5,62.85727896256991
*CC(c1ccccc1)C1C(=O)N(C(C)(C)C)C(=O)C1*,tg,178.0,188.09419354107203
*CC(c1ccccc1)C1C(=O)N(C)C(=O)C1*,tg,205.0,192.72485825529242
*CC(c1ccccc1)C1C(=O)N(CCCCCCCCCCCC)C(=O)C1*,tg,70.0,74.29238668277611
*CC(c1ccccc1)C1C(=O)N(CCCCNC(=O)C(F)(F)C(F)(F)C(F)(F)C(F)(F)C(F)(F)C(F)(F)C(F)(F)F)C(=O)C1*,tg,113.0,113.24972760470546
*CC(c1ccccc1)C1C(=O)N(CCCN(CC)c2ccc(N=Nc3ccc([N+](=O)[O-])cc3Cl)c(C)c2)C(=O)C1*,tg,149.0,154.81054848858687
*CC(c1ccccc1)C1C(=O)N(CCN(CC)c2ccc(N=Nc3ccc([N+](=O)[O-])cc3)cc2)C(=O)C1*,tg,171.67,150.45525424976373
*CC(c1ccccc1)C1C(=O)N(c2ccc(NC(=O)OCC3CCCN3c3ccc([N+](=O)[O-])cc3)cc2)C(=O)C1*,tg,208.0,197.09339936073997
*CC(c1ccccc1)C1C(=O)OC(=O)C1*,tg,177.0,164.60952818150602
*CC(c1ccccn1)C(c1ccccc1)C(*)c1ccccn1,tg,150.0,143.49489768513783
*CC/C=C\C[Si](*)(C)c1ccccc1,tg,-12.65,7.6404421673885246
*CC1(*)CC(=O)N(c2ccccc2)C1=O,tg,236.0,191.49286886736076
*CC1(*)CCCCC1,tg,100.0,97.45761351680108
*CC1(*)OCC(c2ccccc2)O1,tg,75.0,121.25078972618303
*CC1(C)CC(*)(C)C(=O)OC1=O,tg,144.0,162.7210996593786
*CC1(C)CC(N2C(=O)c3ccc(-c4ccc5c(c4)C(=O)N(*)C5=O)cc3C2=O)CC(C)(C)C1,tg,311.0,263.6940476264771
*CC1(COC(=O)O*)CC=CCC1,tg,30.0,65.70444440152042
*CC1CC(*)C(=O)OC1=O,tg,140.0,123.59811134949882
*CC1CC(*)C(OC(=O)CCCCCCCCCCOc2ccc(-c3ccc(C#N)cc3)cc2)C1OC(=O)CCCCCCCCCCOc1ccc(-c2ccc(C#N)cc2)cc1,tg,14.5,40.20523033754565
*CC1CC(*)OC(CCC)O1,tg,45.92,72.26560934658355
*CC1CC(*)OCO1,tg,68.0,69.87058944291934
*CC1CC(COC(=O)c2ccc(C(=O)O*)cc2)CC(C(C)(C)C)C1,tg,118.0,140.19887510610204
*CC1CC2CC1C1CCC(CN3C(=O)c4ccc(C(=O)c5ccc6c(c5)C(=O)N(*)C6=O)cc4C3=O)C21,tg,217.0,208.51156075131902
*CC1CC2CC1C1CCC(CN3C(=O)c4ccc(C(c5ccc6c(c5)C(=O)N(*)C6=O)(C(F)(F)F)C(F)(F)F)cc4C3=O)C21,tg,207.0,222.74765341504866
*CC1CC2CC1C1CCC(CN3C(=O)c4ccc(Oc5ccc6c(c5)C(=O)N(*)C6=O)cc4C3=O)C21,tg,201.0,219.62674439870815
*CC1CCC(CNC(=O)CCCCC(=O)N*)CC1,tg,113.0,96.73880363323539
*CC1CCC(CNC(=O)CCCCCCCCC(=O)N*)CC1,tg,89.0,90.7240748869522
*CC1CCC(CNC(=O)CCCCCCCCCCC(=O)N*)CC1,tg,85.0,84.55333981153805
*CC1CCC(COC(=O)C2CCC(C(=O)O*)CC2)CC1,tg,67.68,51.31809787253554
*CC1CCC(COC(=O)CCC(=O)O*)CC1,tg,-1.0,21.9189021931177
*CC1CCC(COC(=O)Nc2ccc(Cc3ccc(NC(=O)O*)cc3)cc2)CC1,tg,134.0,100.70539439835781
*CC1CCC(COC(=O)O*)CC1,tg,38.7,61.710665379916314
*CC1CCC(COC(C)OC(=O)c2ccc(C(=O)OC(C)O*)c3ccccc23)CC1,tg,60.0,94.9332550638961
*CC1CCC(COC(C)OC(=O)c2ccc(C(=O)OC(C)O*)cc2)CC1,tg,61.0,54.135341792717455
*CC1CCC(COP(=O)(N=Nc2ccc(C(=O)c3ccc(N=NP(=O)(O*)OC)cc3)cc2)OC)CC1,tg,52.0,43.474582736616554
*CC1CCCC(CN2C(=O)c3ccc(-c4ccc5c(c4)C(=O)N(*)C5=O)cc3C2=O)C1,tg,234.0,234.06733911339947
*CC1CCCC(CN2C(=O)c3ccc(C(=O)c4ccc5c(c4)C(=O)N(*)C5=O)cc3C2=O)C1,tg,213.0,208.75824209823543
*CC=C(C)C(C)S(*)(=O)=O,tg,73.0,86.8764048806793
*CC=C(C)CS(*)(=O)=O,tg,88.2,78.50333388948212
*CC=CCOC(=O)C(Cc1ccccc1)NC(=O)C=CC(=O)NC(Cc1ccccc1)C(=O)O*,tg,109.0,100.49552926670172
*CC=CCOC(=O)C(Cc1ccccc1)NC(=O)CCCCC(=O)NC(Cc1ccccc1)C(=O)O*,tg,61.0,84.97870737094262
*CC=CCOC(=O)C(Cc1ccccc1)NC(=O)CCCCCCCCC(=O)NC(Cc1ccccc1)C(=O)O*,tg,46.0,74.00520581988582
*CC=CCS(*)(=O)=O,tg,86.0,36.33995871371722
*CC=CC[Si](*)(C=C)C=C,tg,-65.0,-24.102491997855076
*CC=Cc1cc(C(C)(C)c2ccc(O)c(C=CCC3CC(=O)N(c4ccc(Cc5ccc(N6C(=O)CC(*)C6=O)cc5)cc4)C3=O)c2)ccc1O,tg,215.0,183.97642549023868
*CCC(*)(C)c1ccccc1,tg,93.0,91.29780456684497
*CCC(*)=O,tg,10.0,30.12137596409025
*CCC(=C(*)c1ccccc1)c1ccccc1,tg,120.5,122.97277632870868
*CCC(=O)N*,tg,127.0,55.75472003097723
*CCC(=O)NCCCCCCNC(=O)CCS*,tg,20.5,29.3174737648719
*CCC(=O)NCc1cc(C)c(CNC(=O)CCO*)cc1C,tg,80.0,85.85069585199875
*CCC(=O)Nc1ccc(NC(=O)CCN2C(=O)c3ccc(C(=O)c4ccc5c(c4)C(=O)N(*)C5=O)cc3C2=O)cc1,tg,237.0,226.5693507865958
*CCC(=O)Nc1ccc(Oc2ccc(NC(=O)CCN3C(=O)c4ccc(C(=O)c5ccc6c(c5)C(=O)N(*)C6=O)cc4C3=O)cc2)cc1,tg,232.0,207.99173605473456
*CCC(=O)O*,tg,-24.18,23.60805747327127
*CCC(C)(C)C(*)(C)C,tg,87.0,29.452243206179542
*CCC(C)(C)CC(C)CNC(=O)CCCCC(=O)N*,tg,65.0,65.35017255277131
*CCC(C)(C)CC(C)CNC(=O)c1ccc(C(=O)N*)cc1,tg,148.0,138.80393881108728
*CCC(C)(C)CC(C)COC(=O)CCCCC(=O)O*,tg,-70.0,-52.6466277180885
*CCC(C)(C)CC(C)COC(=O)c1ccc(C(=O)O*)cc1,tg,-12.0,35.16116867391308
*CCC(C)C(*)(C)C(=O)OC,tg,41.29,75.76131844936278
*CCC(C)C(*)C,tg,-32.0,-2.488703919744899
*CCC(C)C(C)CCNC(=O)c1cc(C(=O)N*)cc(C(C)(C)C)c1,tg,173.0,135.08233746770978
*CCC(C)C(C)CCNC(=O)c1cccc(C(=O)N*)c1,tg,125.0,141.80526752998207
*CCC(C)CC(=O)O*,tg,-71.5,-20.923301942883487
*CCC(C)CC(C)(C)CNC(=O)c1ccc(C(=O)N*)cc1,tg,143.84,148.1191907450009
*CCC(C)CCC(=O)O*,tg,-53.0,-40.04056211498195
*CCC(C)CCC(=O)S*,tg,-50.0,-2.652544837277643
*CCC(C)CCOC(=O)CCCCC(=O)O*,tg,-78.6,-65.0599060484176
*CCC(C)O[Si](C)(C)O*,tg,-88.0,-65.78770774446855
*CCC(C)S*,tg,-59.0,-45.44907385019696
*CCC(CC)CC(C)CNC(=O)c1ccc(C(=O)N*)cc1,tg,139.0,140.54063801377197
*CCC(F)(F)C(*)(F)F,tg,-108.0,-9.204272966805261
*CCC([2H])C(*)([2H])C,tg,-47.5,-44.66118034301068
*CCC(c1ccccc1)C(*)c1ccccc1,tg,101.65,94.53630410034702
*CCC1C(=O)N(C)C(=O)C1*,tg,141.2,142.37295963206577
*CCC1C(=O)N(CC)C(=O)C1*,tg,109.2,114.89605312878233
*CCC1C(=O)N(CCCCCCCCCCCC)C(=O)C1*,tg,55.4,54.6333597237468
*CCC1C(=O)N(CCCCCCCCCCCCCCCC)C(=O)C1*,tg,65.6,46.30988035442531
*CCC1C(=O)N(CCCCNC(=O)C(F)(F)C(F)(F)C(F)(F)C(F)(F)C(F)(F)C(F)(F)C(F)(F)F)C(=O)C1*,tg,100.0,109.38468481979346
*CCC1C(=O)N(c2ccc(N(C)C)cc2)C(=O)C1*,tg,195.0,191.75557492845536
*CCC1CC(*)C2C3CC(c4ccc(COC(C)CC)cc4)C(C3)C12,tg,139.0,139.3917159665153
*CCC1CC(=O)N(*)C1=O,tg,121.0,111.81189722181901
*CCC1CC(OC(=O)CCCCCCCCCCOc2ccc(-c3ccc(C#N)cc3)cc2)CC1*,tg,24.0,40.19962073440148
*CCC1C[N+](C)(C)CC1*,tg,8.0,109.48725947378723
*CCC=C(*)C,tg,-60.98,-51.59163426952662
*CCC=C(*)C(C)(C)C,tg,20.0,54.5659922469254
*CCC=C(*)C(C)C,tg,-47.0,-16.967363757613807
*CCC=C(*)CCCCCCC,tg,-83.0,-55.134714763618724
*CCCC(*)(C)C,tg,45.5,-5.741441321310921
*CCCC(*)(C)C(=O)O,tg,132.0,89.13397140873538
*CCCC(*)C,tg,-56.55,-53.510953130944586
*CCCC(=O)N*,tg,62.18,54.13440638990878
*CCCC(=O)NNC(=O)c1ccc(C(=O)NNC(=O)CCCOc2ccc(O*)c(C)c2)cc1,tg,125.5,133.32381281769966
*CCCC(=O)Nc1ccc(Cc2ccc(NC(=O)CCCN3C(=O)c4ccc(C(=O)c5ccc6c(c5)C(=O)N(*)C6=O)cc4C3=O)cc2)cc1,tg,195.0,188.51418369932375
*CCCC(=O)Nc1ccc(NC(=O)CCCN2C(=O)c3ccc(C(=O)c4ccc5c(c4)C(=O)N(*)C5=O)cc3C2=O)cc1,tg,209.0,192.00812106844435
*CCCC(=O)Nc1ccc(Oc2ccc(NC(=O)CCCN3C(=O)c4ccc(C(=O)c5ccc6c(c5)C(=O)N(*)C6=O)cc4C3=O)cc2)cc1,tg,198.0,193.92340831881904
*CCCC(=O)Nc1ccc(Oc2ccc(Oc3ccc(NC(=O)CCCN4C(=O)c5ccc(C(=O)c6ccc7c(c6)C(=O)N(*)C7=O)cc5C4=O)cc3)cc2)cc1,tg,178.0,190.4674118727751
*CCCC(=O)Nc1ccc(Oc2cccc(NC(=O)CCCN3C(=O)c4ccc(C(=O)c5ccc6c(c5)C(=O)N(*)C6=O)cc4C3=O)c2)cc1,tg,188.0,190.5905577644854
*CCCC(=O)O*,tg,-28.78,-24.07277687333908
*CCCC(=O)Oc1ccc(-c2ccc(OC(=O)c3ccc4c(c3)C(=O)N(*)C4=O)cc2)cc1,tg,132.0,171.4478649889782
*CCCC(C)(C)CCCNC(=O)c1ccc(C(=O)N*)cc1,tg,152.0,136.38136695184937
*CCCC(C)(C)CNC(=O)C(=O)N*,tg,109.0,158.76000441068248
*CCCC(C)(C)CNC(=O)CCCCC(=O)N*,tg,77.0,66.59336807349631
*CCCC(C)(C)CNC(=O)CCCCCC(=O)N*,tg,70.5,62.65280516524013
*CCCC(C)(C)CNC(=O)c1ccc(C(=O)N*)cc1,tg,157.0,155.62428462101158
*CCCC(C)(C)CNC(=O)c1cccc(C(=O)N*)c1,tg,153.0,132.73384385327415
*CCCC(C)CN1C(=O)c2ccc(C(=O)Oc3ccc4cc(OC(=O)c5ccc6c(c5)C(=O)N(*)C6=O)ccc4c3)cc2C1=O,tg,130.0,154.73543280733986
*CCCC(C)O[Si](C)(C)O*,tg,-81.0,-70.59395259542748
*CCCC(CCNC(=O)c1ccc(C(=O)N*)cc1)C(C)C,tg,146.5,148.6031648565993
*CCCC1(C)CCN(C(=O)CC(C)C(=O)N2CCC(*)(C)CC2)CC1,tg,72.0,101.20122406928986
*CCCC1(C)CCN(C(=O)CCC(=O)N2CCC(*)(C)CC2)CC1,tg,99.0,76.23389938711465
*CCCC1(CCCNC(=O)CCC2(CCC(=O)N*)c3ccccc3-c3ccccc32)c2ccccc2-c2ccccc21,tg,165.0,136.8039404001813
*CCCC1(CCCNC(=O)CCCCCCCCC(=O)N*)c2ccccc2-c2ccccc21,tg,85.0,99.84324704803042
*CCCC1(CCCNC(=O)c2cccc(C(=O)N*)c2)c2ccccc2-c2ccccc21,tg,175.0,154.96360368605735
*CCCC1(CCCNC(=O)c2ccccc2-c2ccccc2C(=O)N*)c2ccccc2-c2ccccc21,tg,165.0,162.73585513526493
*CCCC1CC(=O)N(*)C(=O)C1,tg,90.23,98.71998451386918
*CCCC=C(*)c1ccc(OC)cc1,tg,11.0,34.496763597384025
*CCCCC(=O)NCc1ccc(CNC(=O)CCCCO*)cc1,tg,70.0,62.79807134749877
*CCCCC(=O)NCc1ccc(CNC(=O)CCCCS*)cc1,tg,70.0,85.44653746171807
*CCCCC(=O)NNC(=O)c1ccc(C(=O)NNC(=O)CCCCOc2ccc(O*)c(C)c2)cc1,tg,139.5,119.84383596512542
*CCCCC(=O)Oc1ccc(OC(=O)c2ccc3c(c2)C(=O)N(*)C3=O)c(C)c1,tg,75.76,96.18322686081939
*CCCCC(=O)Oc1ccc(OC(=O)c2ccc3c(c2)C(=O)N(*)C3=O)cc1,tg,89.32,96.79851225113492
*CCCCC(c1ccc(O)cc1)C(*)c1ccc(O)cc1C,tg,25.0,67.18397576675683
*CCCCC=CCCCCC1CC(CCC2CC(*)OC2=O)C(=O)O1,tg,24.7,28.98300850758182
*CCCCCC(*)C,tg,-66.0,-58.207708222944824
*CCCCCC(*)CCC,tg,-68.0,-64.75316651246368
*CCCCCC(*)CCCCCCCC,tg,-72.0,-43.691333942270674
*CCCCCC(*)CCCCCCCCCC,tg,-65.0,-60.727318312481344
*CCCCCC(=O)N*,tg,48.52,39.024657149590155
*CCCCCC(=O)NNC(=O)c1ccc(C(=O)NNC(=O)CCCCCOc2ccc(O*)c(C)c2)cc1,tg,110.5,111.033234432499
*CCCCCC(=O)Nc1ccc(Cc2ccc(NC(=O)CCCCCN3C(=O)c4ccc(C(=O)c5ccc6c(c5)C(=O)N(*)C6=O)cc4C3=O)cc2)cc1,tg,187.0,167.7438815569523
*CCCCCC(=O)Nc1ccc(Oc2cccc(NC(=O)CCCCCN3C(=O)c4ccc(C(=O)c5ccc6c(c5)C(=O)N(*)C6=O)cc4C3=O)c2)cc1,tg,170.0,182.83514353270365
*CCCCCC(=O)O*,tg,-57.39,-41.98724978405262
*CCCCCC(=O)Oc1ccc(C(C)(C)c2ccc(OC(=O)c3ccc4c(c3)C(=O)N(*)C4=O)cc2)cc1,tg,110.0,109.45732582509311
*CCCCCC(=O)Oc1ccc(C2(c3ccc(OC(=O)c4ccc5c(c4)C(=O)N(*)C5=O)cc3)CCCCC2)cc1,tg,122.0,131.6908564471347
*CCCCCC(=O)Oc1ccc(OC(=O)c2ccc3c(c2)C(=O)N(*)C3=O)cc1,tg,89.0,95.94029285004419
*CCCCCC(=O)S*,tg,19.0,-35.542924280934784
*CCCCCCC(=O)N*,tg,51.14,45.66892758483666
*CCCCCCC(=O)O*,tg,-14.0,-39.832410640532466
*CCCCCCC(=O)Oc1ccc(-c2ccc(OC(=O)c3ccc4c(c3)C(=O)N(*)C4=O)cc2)cc1,tg,107.0,100.16892336193361
*CCCCCCC(=O)Oc1ccc(OC(=O)c2ccc3c(c2)C(=O)N(*)C3=O)cc1,tg,74.32,96.35779479187096
*CCCCCCC(Cl)C(*)Cl,tg,-18.0,-40.40789746612335
*CCCCCCCC(*)C,tg,-58.0,-55.47770236433264
*CCCCCCCC(=O)N*,tg,38.45,51.72462318817688
*CCCCCCCC(=O)OC1COC(*)OC1,tg,6.5,-3.4130666133312477
*CCCCCCCC(=O)OCC1(C)COC(*)OC1,tg,-26.0,-0.41644554242220994
*CCCCCCCC(=O)OCC1COC(*)O1,tg,-23.0,-15.245015444762885
*CCCCCCCC(=O)OCCOC(=O)CCCCCCCC1OCC2(COC(*)OC2)CO1,tg,0.0,-7.328125999586691
*CCCCCCCC(c1ccc(O)cc1)C(*)c1ccc(O)cc1C,tg,4.0,29.26133547981291
*CCCCCCCCC(*)Cl,tg,-33.0,-41.39803756110887
*CCCCCCCCC(=O)N*,tg,44.29,44.616037174237796
*CCCCCCCCCC(=O)N*,tg,43.0,47.693450138131
*CCCCCCCCCC(c1ccc(O)cc1)C(*)c1ccc(O)cc1C,tg,-1.0,-1.0830732716863163
*CCCCCCCCCCC(=O)NCCc1ccc(CCNC(=O)CCCCCCCCCCS*)cc1,tg,58.0,42.82206748860011
*CCCCCCCCCCC(=O)Nc1ccc(Oc2cccc(NC(=O)CCCCCCCCCCN3C(=O)c4ccc(C(=O)c5ccc6c(c5)C(=O)N(*)C6=O)cc4C3=O)c2)cc1,tg,126.0,159.19267782368905
*CCCCCCCCCCC(=O)Oc1ccc(-c2ccc(OC(=O)c3ccc4c(c3)C(=O)N(*)C4=O)cc2)cc1,tg,61.0,76.80143819146271
*CCCCCCCCCCC(Cl)C(*)Cl,tg,-32.0,-26.502220890731117
*CCCCCCCCCCC(c1ccc(O)cc1)C(*)c1ccc(O)cc1C,tg,-4.0,2.8159472011093976
*CCCCCCCCCCCC(=O)N*,tg,42.59,41.57286934983053
*CCCCCCCCCCCC(=O)Oc1ccc(C(C)(C)c2ccc(C(C)(C)c3ccc(OC(=O)c4ccc5c(c4)C(=O)N(*)C5=O)cc3)cc2)cc1,tg,97.0,96.10678279023212
*CCCCCCCCCCCC(=O)Oc1ccc(C2(c3ccc(OC(=O)c4ccc5c(c4)C(=O)N(*)C5=O)cc3)OC(=O)c3ccccc32)cc1,tg,114.0,107.60003875234666
*CCCCCCCCCCCC(=O)Oc1ccc2ccc(OC(=O)c3ccc4c(c3)C(=O)N(*)C4=O)cc2c1,tg,98.0,67.08003499833056
*CCCCCCCCCCCCC(=O)N*,tg,41.0,24.937099640417742
*CCCCCCCCCCCCCCC(=O)N*,tg,-7.0,42.03924494267881
*CCCCCCCCCCCCCCCCCCCCC(*)COCCOCCOCCOCCOCc1ccc2ccc3cccc4ccc1c2c34,tg,-21.0,-19.841132828085026
*CCCCCCCCCCCCCCCCCCNC(=O)CCCCCCCCCCCCCCCCC(=O)N*,tg,50.0,43.37418578162531
*CCCCCCCCCCCCCCCCCCNC(=O)CCc1ccc(CCC(=O)N*)cc1,tg,65.0,70.77973947281598
*CCCCCCCCCCCCCCCCCCNC(=O)Cc1ccc(CC(=O)N*)cc1,tg,78.0,77.61192296674024
*CCCCCCCCCCCCCCCCOC(=O)C/C=C/CC(=O)O*,tg,-22.0,-32.215020791278874
*CCCCCCCCCCCCCCCCOC(=O)NCCCCCCCCCCNC(=O)O*,tg,34.0,31.679824425028027
*CCCCCCCCCCCCCCCCOC(=O)NCCCCCCNC(=O)O*,tg,39.0,34.8507776853374
*CCCCCCCCCCCCCCCCOC(=O)Nc1ccc(Cc2ccc(NC(=O)O*)cc2)cc1,tg,40.0,63.071521155268236
*CCCCCCCCCCCCCCNC(=O)CCCCCCCCCCCCCCCCC(=O)N*,tg,47.0,48.92023942073931
*CCCCCCCCCCCCCCNC(=O)NCCCCCCCCCCNC(=O)N*,tg,40.0,57.27154834458694
*CCCCCCCCCCCCCCNC(=O)NCc1ccc(CNC(=O)N*)cc1,tg,54.0,70.74955090804048
*CCCCCCCCCCCCCCc1ccc(-c2c(-c3ccccc3)cc(-c3ccc(-c4cc(-c5ccccc5)c(-c5ccc(*)cc5)c(-c5ccccc5)c4-c4ccccc4)cc3)c(-c3ccccc3)c2-c2ccccc2)cc1,tg,185.0,167.48700807923458
*CCCCCCCCCCCCCNC(=O)CCCCCCCCCCCC(=O)N*,tg,56.5,46.49057924847997
*CCCCCCCCCCCCN1C(=O)c2ccc(C(=O)c3ccc4c(c3)C(=O)N(*)C4=O)cc2C1=O,tg,87.5,77.218522422293
*CCCCCCCCCCCCN1C(=O)c2ccc(C(c3ccc4c(c3)C(=O)N(*)C4=O)(C(F)(F)F)C(F)(F)F)cc2C1=O,tg,100.0,120.02788240472897
*CCCCCCCCCCCCN1C(=O)c2ccc(Oc3ccc4c(c3)C(=O)N(*)C4=O)cc2C1=O,tg,70.0,80.28404122044337
*CCCCCCCCCCCCNC(=O)C(OC)C(OC)C(=O)N*,tg,84.0,85.45679654674952
*CCCCCCCCCCCCNC(=O)CCCCCCCCCCCCC(=O)N*,tg,49.0,53.08635926750932
*CCCCCCCCCCCCNC(=O)CCCCCCCCCCCCCCC(=O)N*,tg,46.0,45.11164138106364
*CCCCCCCCCCCCNC(=O)CCCCCCCCCCCCCCCCC(=O)N*,tg,47.0,45.346661665911896
*CCCCCCCCCCCCNC(=O)CCP(C)(=O)CCC(=O)N*,tg,44.0,49.28322278005498
*CCCCCCCCCCCCNC(=O)CCc1ccc(CCC(=O)N*)cc1,tg,85.0,73.89054690147462
*CCCCCCCCCCCCNC(=O)c1ccc(C(=O)N*)c(Oc2ccccc2)c1,tg,75.0,92.04983242142046
*CCCCCCCCCCCCNC(=O)c1ccc(C(=O)N*)c(Sc2ccccc2)c1,tg,92.0,102.4024752224873
*CCCCCCCCCCCCNC(=O)c1ccc(C(=O)N*)cc1,tg,130.0,113.89804111249637
*CCCCCCCCCCCCOC(=O)NCCCCCCNC(=O)O*,tg,36.0,30.850126153608738
*CCCCCCCCCCCCOC(=O)Nc1ccc(Cc2ccc(NC(=O)O*)cc2)cc1,tg,43.0,64.19177663508607
*CCCCCCCCCCCCOc1ccc(C(C)Cc2ccc(-c3ccc(O*)cc3)cc2)cc1,tg,40.0,21.758812547046656
*CCCCCCCCCCCCOc1ccc(CCc2ccc(O*)cc2C)cc1,tg,-0.9,2.1785584991327704
*CCCCCCCCCCCCOc1ccc(N(c2ccccc2)c2ccc(-c3ccc(N(c4ccccc4)c4ccc(O*)cc4)cc3)cc2)cc1,tg,92.0,109.61533759469563
*CCCCCCCCCCCCOc1ccc(OCc2ccc(COc3ccc(O*)cc3)cc2)cc1,tg,24.0,39.43529905689977
*CCCCCCCCCCCCc1nc2ccc(-c3ccc4nc(*)oc4c3)cc2o1,tg,55.0,71.21807527895771
*CCCCCCCCCCCN1C(=O)c2ccc(-c3ccc(-c4ccc5c(c4)C(=O)N(*)C5=O)cc3)cc2C1=O,tg,89.0,95.13379138483997
*CCCCCCCCCCCN1C(=O)c2ccc(C(=O)Oc3ccc(-c4ccc(OC(=O)c5ccc6c(c5)C(=O)N(*)C6=O)cc4)cc3)cc2C1=O,tg,97.0,102.66516762575928
*CCCCCCCCCCCNC(=O)CCCCCCCCC(=O)N*,tg,40.0,47.98879582472098
*CCCCCCCCCCCNC(=O)CCCCCCCCCCC(=O)N*,tg,39.0,48.88050483080435
*CCCCCCCCCCCOC(=O)Nc1ccc(NC(=O)OCCCCCCCCCCCOc2ccc(-c3ccc(O*)cc3)cc2)c(C)c1,tg,77.0,63.0508418478003
*CCCCCCCCCCCOC(=O)c1cc(OCCCCCCCCCCOc2ccc(N=Nc3ccc(OC)cc3)cc2)cc(C(=O)OCCCCCCCCCCCOc2ccc(-c3ccc(O*)cc3)cc2)c1,tg,53.0,50.41088521746436
*CCCCCCCCCCCOC(=O)c1ccc2cc(C(=O)O*)ccc2c1,tg,39.0,30.15662036555427
*CCCCCCCCCCCOc1ccc(CCc2ccc(O*)cc2C)cc1,tg,3.9,-0.3406667812139917
*CCCCCCCCCCCc1nc2ccc(-c3ccc4nc(*)oc4c3)cc2o1,tg,62.0,66.85706577357875
*CCCCCCCCCCN1C(=O)C2C3C=CC(C4C(=O)N(*)C(=O)C34)C2C1=O,tg,219.0,127.96029819261132
*CCCCCCCCCCN1C(=O)c2ccc(Oc3ccc4c(c3)C(=O)N(*)C4=O)cc2C1=O,tg,91.5,92.35655271273423
*CCCCCCCCCCNC(=O)C=C(C)C(=O)N*,tg,74.0,79.52914071368795
*CCCCCCCCCCNC(=O)CCCCC(=O)N*,tg,45.0,52.421129695798925
*CCCCCCCCCCNC(=O)CCCCCCCCCCCCCCC(=O)N*,tg,45.0,45.67033101105285
*CCCCCCCCCCNC(=O)CCP(C)(=O)CCC(=O)N*,tg,45.5,46.01768864114709
*CCCCCCCCCCNC(=O)c1ccc(C(=O)N*)c(Oc2ccccc2)c1,tg,94.0,82.70482746035856
*CCCCCCCCCCNC(=O)c1ccc(C(=O)N*)c(Sc2ccccc2)c1,tg,100.0,102.94327673748279
*CCCCCCCCCCOC(=O)CCCCC(=O)O*,tg,-68.0,-46.70933478906913
*CCCCCCCCCCOC(=O)CCCCCCC(=O)O*,tg,-22.0,-57.13218231511115
*CCCCCCCCCCOC(=O)CCCCCCCCC(=O)O*,tg,-53.0,-47.955804813982525
*CCCCCCCCCCOC(=O)NCc1ccc(CNC(=O)O*)cc1,tg,49.0,51.396285240288016
*CCCCCCCCCCOC(=O)O*,tg,-39.67,-28.25818715401125
*CCCCCCCCCCOC(=O)c1ccc(-c2ccc(C(=O)O*)cc2)cc1,tg,46.0,29.730230708806197
*CCCCCCCCCCOC(=O)c1ccc(C(=O)O*)cc1,tg,5.33,15.05181080144867
*CCCCCCCCCCOC(=O)c1ccc2cc(C(=O)O*)ccc2c1,tg,43.75,38.25981404096796
*CCCCCCCCCCOc1c(OC)cc(/C=C/c2ccc(/C=C/c3cc(OC)c(O*)c(OC)c3)cc2)cc1OC,tg,68.5,79.51656185933244
*CCCCCCCCCCOc1ccc(-c2cc(-c3ccccc3)c(-c3ccc(NC(=O)c4ccc(C(=O)Nc5ccc(-c6c(-c7ccccc7)cc(-c7ccc(O*)cc7)cc6-c6ccccc6)cc5)cc4)cc3)c(-c3ccccc3)c2)cc1,tg,116.0,130.90400251313707
*CCCCCCCCCCOc1ccc(C=C2CCC(=Cc3ccc(OCCCCCCCCCCOP(=O)(O*)OCC)c(OC)c3)C2=O)cc1OC,tg,47.0,48.261818108267235
*CCCCCCCCCCOc1ccc(C=C2CCCC(=Cc3ccc(O*)c(OC)c3)C2=O)cc1OC,tg,60.0,67.69699295533415
*CCCCCCCCCCOc1ccc(C=Cc2ccc(OCCCCCCCCCCOP(=O)(O*)OCCCCCCCCCCOc3ccc(N=Nc4ccc(-c5ccccc5)cc4)cc3)cc2)cc1,tg,50.0,57.741398670958205
*CCCCCCCCCCOc1ccc(C=Cc2ccc(OCCCCCCCCCCOP(=O)(O*)OCCCCCCCCCCOc3ccc(N=Nc4ccc(C#N)cc4)cc3)cc2)cc1,tg,60.0,48.38562420256226
*CCCCCCCCCCOc1ccc(C=Cc2ccc(OCCCCCCCCCCOP(=O)(O*)OCCCCCCCCCCOc3ccc(N=Nc4ccc(Cl)cc4)cc3)cc2)cc1,tg,60.0,55.20077055184591
*CCCCCCCCCCOc1ccc(C=Cc2ccc(OCCCCCCCCCCOP(=O)(O*)OCCCCCCCCCCOc3ccc(N=Nc4ccc([N+](=O)[O-])cc4)cc3)cc2)cc1,tg,50.0,51.82185013394383
*CCCCCCCCCCOc1ccc(C=Cc2ccc(OCCCCCCCCCCOP(=O)(O*)OCCCCCCCCCCOc3ccc(N=Nc4ccccc4)cc3)cc2)cc1,tg,55.0,48.43090548731949
*CCCCCCCCCCOc1ccc(CCc2ccc(O*)cc2C)cc1,tg,-3.8,-0.7170562384289083
*CCCCCCCCCCOc1ccc(N=Cc2ccc(C=Nc3ccc(O*)cc3C)cc2)c(C)c1,tg,77.6,73.83286332427315
*CCCCCCCCCCOc1ccc(OC(=O)c2ccc(OCCOCCOCCOc3ccc(C(=O)Oc4ccc(O*)cc4)cc3)cc2)cc1,tg,64.0,24.416006300260328
*CCCCCCCCCCSS*,tg,-65.0,-62.334586375926136
*CCCCCCCCCCSSS*,tg,-70.0,-59.73825149562215
*CCCCCCCCCCc1ccc(-c2c(-c3ccccc3)cc(-c3ccc(-c4cc(-c5ccccc5)c(-c5ccc(*)cc5)c(-c5ccccc5)c4-c4ccccc4)cc3)c(-c3ccccc3)c2-c2ccccc2)cc1,tg,235.0,176.33296127691216
*CCCCCCCCCCc1ccc(-c2c(-c3ccccc3)cc(-c3cccc(-c4cc(-c5ccccc5)c(-c5ccc(*)cc5)c(-c5ccccc5)c4-c4ccccc4)c3)c(-c3ccccc3)c2-c2ccccc2)cc1,tg,180.0,167.41570292434162
*CCCCCCCCCN1C(=O)c2ccc(-c3ccc(-c4ccc5c(c4)C(=O)N(*)C5=O)cc3)cc2C1=O,tg,104.0,109.33962820505761
*CCCCCCCCCN1C(=O)c2ccc(C(c3ccc4c(c3)C(=O)N(*)C4=O)(C(F)(F)F)C(F)(F)F)cc2C1=O,tg,122.5,127.54014923238364
*CCCCCCCCCN1C(=O)c2ccc(Oc3ccc4c(c3)C(=O)N(*)C4=O)cc2C1=O,tg,89.0,91.13414776023825
*CCCCCCCCCNC(=O)C(OC)C(OC)C(=O)N*,tg,84.0,81.18559892428885
*CCCCCCCCCNC(=O)CCCCC(=O)N*,tg,60.33,57.63305148656766
*CCCCCCCCCNC(=O)CCCCCCCCCCCCCCCCCCC(=O)N*,tg,42.0,44.848418267738516
*CCCCCCCCCNC(=O)N*,tg,125.0,62.086586477558164
*CCCCCCCCCNC(=S)N*,tg,48.0,63.543775022194026
*CCCCCCCCCOC(=O)CCC(=O)O*,tg,31.0,-45.41180209682723
*CCCCCCCCCOC(=O)Nc1ccc(Cc2ccc(NC(=O)O*)cc2)cc1,tg,72.0,66.84542548809452
*CCCCCCCCCOC(=O)c1ccc(-c2ccc(C(=O)O*)cc2)cc1,tg,43.75,47.93747382898308
*CCCCCCCCCOc1ccc(CCc2ccc(O*)cc2C)cc1,tg,-1.1,-4.100055895161764
*CCCCCCCCN(C)c1ccc(C(=O)c2ccc(N(*)C)cc2)cc1,tg,50.0,57.84447951429854
*CCCCCCCCN1C(=O)c2ccc(C(c3ccc4c(c3)C(=O)N(*)C4=O)(C(F)(F)F)C(F)(F)F)cc2C1=O,tg,138.5,132.98649987223658
*CCCCCCCCNC(=O)CC(=O)N*,tg,55.0,72.5442792471459
*CCCCCCCCNC(=O)CCCCCCCCC(=O)N*,tg,54.0,54.353425036016645
*CCCCCCCCNC(=O)CCCCCCCCCCCCCCC(=O)N*,tg,52.0,41.41892502326001
*CCCCCCCCNC(=O)CCCCCCCCCCCCCCCCC(=O)N*,tg,36.0,48.08849387189164
*CCCCCCCCNC(=O)CCP(C)(=O)CCC(=O)N*,tg,52.0,53.36116368791987
*CCCCCCCCNC(=O)Cc1ccc(CC(=O)N*)cc1,tg,110.0,88.20502604055541
*CCCCCCCCNC(=O)NCc1ccc(CNC(=O)N*)cc1,tg,68.0,99.32233305396983
*CCCCCCCCNC(=O)c1ccc(C(=O)N*)c(Oc2ccccc2)c1,tg,96.0,122.25680713645656
*CCCCCCCCO*,tg,-19.0,-60.86353767078809
*CCCCCCCCOC(=O)Nc1ccc(C)c(NC(=O)O*)c1,tg,64.0,60.478324884226566
*CCCCCCCCOC(=O)Nc1ccc(Cc2ccc(NC(=O)O*)cc2)cc1,tg,79.0,79.44660431368719
*CCCCCCCCOC(=O)c1ccc2cc(C(=O)O*)ccc2c1,tg,53.0,40.29400598767267
*CCCCCCCCOc1c(OC)cc(/C=C/c2ccc(/C=C/c3cc(OC)c(O*)c(OC)c3)cc2)cc1OC,tg,80.9,80.0517087581424
*CCCCCCCCOc1c(OC)cc(C=Cc2cc(C(C)C)c(C=Cc3cc(OC)c(O*)c(OC)c3)cc2C(C)C)cc1OC,tg,85.0,76.35389150995925
*CCCCCCCCOc1c(OC)cc(C=Cc2cc(CCCCCC)c(C=Cc3cc(OC)c(O*)c(OC)c3)cc2CCCCCC)cc1OC,tg,21.0,59.90370667573527
*CCCCCCCCOc1c(OC)cc(C=Cc2ccc(C=Cc3cc(OC)c(O*)c(OC)c3)cc2)cc1OC,tg,80.45,80.05455019020611
*CCCCCCCCOc1ccc(C(C)(C)c2ccc(O*)cc2)cc1,tg,13.37,25.55124373213136
*CCCCCCCCOc1ccc(C=C2CCC(=Cc3ccc(OCCCCCCCCOP(=O)(O*)OCC)c(OC)c3)C2=O)cc1OC,tg,62.0,57.41463492342564
*CCCCCCCCOc1ccc(C=C2CCCC(=Cc3ccc(O*)c(OC)c3)C2=O)cc1OC,tg,72.0,64.43744290864511
*CCCCCCCCOc1ccc(C=Cc2cc(OCCCCCCCC)c(C=Cc3ccc(O*)cc3)cc2OCCCCCCCC)cc1,tg,130.0,49.68157265054592
*CCCCCCCCOc1ccc(CCc2ccc(O*)cc2C)cc1,tg,-12.1,11.256198969751201
*CCCCCCCCOc1cccc(NC(=O)c2ccc(C(=O)Nc3cccc(O*)c3)cc2)c1,tg,122.0,121.44654768565547
*CCCCCCCCc1nc2cc(NC(=O)CCCCC(=O)Nc3ccc4oc(*)nc4c3)ccc2o1,tg,87.2,108.50841161334395
*CCCCCCCCc1nc2cc(NC(=O)CCCCCCCCC(=O)Nc3ccc4oc(*)nc4c3)ccc2o1,tg,88.12,85.58397935178265
*CCCCCCCN1C(=O)c2ccc(-c3ccc(-c4ccc5c(c4)C(=O)N(*)C5=O)cc3)cc2C1=O,tg,135.0,134.13773871826027
*CCCCCCCN1C(=O)c2ccc(C(=O)Oc3ccc(-c4ccc(OC(=O)c5ccc6c(c5)C(=O)N(*)C6=O)cc4)cc3)cc2C1=O,tg,117.0,119.6246308427092
*CCCCCCCN1C(=O)c2ccc(C(c3ccc4c(c3)C(=O)N(*)C4=O)(C(F)(F)F)C(F)(F)F)cc2C1=O,tg,150.0,141.35744825296158
*CCCCCCCNC(=O)C(OC)C(OC)C(=O)N*,tg,87.0,97.06357427800795
*CCCCCCCNC(=O)CCCCCCCCCCCCCCCCCCC(=O)N*,tg,46.0,44.09741803436002
*CCCCCCCNC(=O)N*,tg,62.0,105.26894577903549
*CCCCCCCNC(=O)c1ccc(C(=O)N*)cc1,tg,138.25,131.24447553589704
*CCCCCCCNC(=S)N*,tg,52.0,43.56612780932588
*CCCCCCCOC(=O)NCCCCCCNC(=O)O*,tg,55.0,36.75648629256032
*CCCCCCCOC(=O)Nc1ccc(C)c(NC(=O)O*)c1,tg,61.0,50.07276066408697
*CCCCCCCOC(=O)Nc1ccc(Cc2ccc(NC(=O)O*)cc2)cc1,tg,84.0,73.98810096644088
*CCCCCCCOC(=O)c1ccc(-c2ccc(C(=O)O*)cc2)cc1,tg,41.71,46.08044460800892
*CCCCCCCOC(=O)c1ccc(C(=O)O*)cc1,tg,-1.0,21.810423573724616
*CCCCCCCOc1ccc(-c2ccc(O*)c3ccccc23)c2ccccc12,tg,129.5,100.96169019961826
*CCCCCCN(C(=O)C(F)(F)C(F)(F)C(F)(F)C(=O)N(*)C(C)C)C(C)C,tg,142.5,11.684395170875584
*CCCCCCN(C)C(=O)CCC(=O)N(*)C,tg,7.5,24.98421457243381
*CCCCCCN(C)C(=O)CCCC(=O)N(*)C,tg,3.0,14.280907806603837
*CCCCCCN(C)c1ccc(C(=O)c2ccc(N(*)C)cc2)cc1,tg,75.5,73.23250097533545
*CCCCCCN(CC(F)(F)C(F)(F)F)C(=O)C(F)(F)C(F)(F)C(F)(F)C(F)(F)C(=O)N(*)CC(F)(F)C(F)(F)F,tg,174.0,28.17633536387082
*CCCCCCN1C(=O)C(=O)N(c2ccc(C)c(N3C(=O)C(=O)N(*)C3=O)c2)C1=O,tg,181.5,127.33715714900708
*CCCCCCN1C(=O)C(=O)N(c2ccc(CCc3ccccc3N3C(=O)C(=O)N(*)C3=O)cc2)C1=O,tg,137.0,130.87849893426352
*CCCCCCN1C(=O)C(=O)N(c2ccc(Cc3ccc(N4C(=O)C(=O)N(*)C4=O)cc3)cc2)C1=O,tg,158.0,160.14332018898256
*CCCCCCN1C(=O)C(=O)N(c2ccc(Oc3ccc(N4C(=O)C(=O)N(*)C4=O)cc3)cc2)C1=O,tg,172.0,152.72183989827235
*CCCCCCN1C(=O)C(C)C(SCCOCCSC2C(=O)N(CCCCCCN3C(=O)CC(C)(SCCOCCSC4(C)CC(=O)N(*)C4=O)C3=O)C(=O)C2C)C1=O,tg,78.0,42.18788332068856
*CCCCCCN1C(=O)c2ccc(-c3ccc(-c4ccc5c(c4)C(=O)N(*)C5=O)cc3)cc2C1=O,tg,141.0,143.90998375016022
*CCCCCCN1C(=O)c2ccc(C(=O)Nc3ccc(S(=O)(=O)c4ccc(NC(=O)c5ccc6c(c5)C(=O)N(*)C6=O)cc4)cc3)cc2C1=O,tg,198.0,196.3936250887391
*CCCCCCN1C(=O)c2ccc(C(=O)Nc3ccc(S(=O)(=O)c4cccc(NC(=O)c5ccc6c(c5)C(=O)N(*)C6=O)c4)cc3)cc2C1=O,tg,190.0,183.46947695467222
*CCCCCCN1C(=O)c2ccc(C(=O)c3ccc4c(c3)C(=O)N(*)C4=O)cc2C1=O,tg,127.0,145.48899213746026
*CCCCCCN1C(=O)c2ccc(C(c3ccc4c(c3)C(=O)N(*)C4=O)(C(F)(F)F)C(F)(F)F)cc2C1=O,tg,143.67,162.73199937618773
*CCCCCCN1C(=O)c2ccc(Oc3ccc4c(c3)C(=O)N(*)C4=O)cc2C1=O,tg,164.0,123.46053173689941
*CCCCCCNC(=O)C(=O)N*,tg,250.0,92.53611747412417
*CCCCCCNC(=O)C(CC)CC(CC)C(=O)N*,tg,94.0,60.26958030660147
*CCCCCCNC(=O)C(OC)C(OC)C(=O)N*,tg,106.0,98.12567750808493
*CCCCCCNC(=O)CC(C)(C)c1ccc(C(C)(C)CC(=O)N*)cc1,tg,91.0,106.09967260050597
*CCCCCCNC(=O)CC(C)c1ccc(C(C)CC(=O)N*)cc1,tg,88.0,87.9519268647893
*CCCCCCNC(=O)CCC(C)(C)c1ccc(C(C)(C)CCC(=O)N*)cc1,tg,92.0,75.60654676104552
*CCCCCCNC(=O)CCC1(CCC(=O)N*)c2ccccc2-c2ccccc21,tg,122.0,109.62738000409675
*CCCCCCNC(=O)CCCC(=O)O*,tg,-18.0,-4.933607395677493
*CCCCCCNC(=O)CCCCC(=O)N*,tg,55.55,58.741804629926115
*CCCCCCNC(=O)CCCCC(=O)NCC(=O)N*,tg,53.4,57.58119294030557
*CCCCCCNC(=O)CCCCCC(=O)N*,tg,54.0,55.18915795231941
*CCCCCCNC(=O)CCCCCCC(=O)N*,tg,52.67,48.23208087768677
*CCCCCCNC(=O)CCCCCCCC1C(CCCCCCCC(=O)N*)C=CC(CCCCCC)C1CCCCCCCC,tg,-10.0,82.70453982710634
*CCCCCCNC(=O)CCCCCCCCCCC(=O)N*,tg,50.61,51.77343364753344
*CCCCCCNC(=O)CCCCCCCCCCCCCCC(=O)N*,tg,40.0,48.40881861106926
*CCCCCCNC(=O)CCP(=O)(CCC(=O)N*)c1ccccc1,tg,29.0,72.52359244504221
*CCCCCCNC(=O)CCP(C)(=O)CCC(=O)N*,tg,57.5,32.919864515624056
*CCCCCCNC(=O)CCc1ccc(C(C)CC(=O)N*)cc1,tg,77.0,75.84403429043752
*CCCCCCNC(=O)Cc1ccc(C(=O)N*)cc1,tg,104.0,99.20813913576265
*CCCCCCNC(=O)Cc1ccc(CC(=O)N*)cc1,tg,95.0,98.6446289867748
*CCCCCCNC(=O)c1c(Cl)c(Cl)c(C(=O)N*)c(Cl)c1Cl,tg,268.83,134.47552798489545
*CCCCCCNC(=O)c1cc(C(=O)N*)cc(C(C)(C)C)c1,tg,163.0,136.87769146694188
*CCCCCCNC(=O)c1cc(NC(=O)C(C(C)CC)N2C(=O)c3ccccc3C2=O)cc(C(=O)N*)c1,tg,135.0,153.35501240440306
*CCCCCCNC(=O)c1cc(NC(=O)c2ccc(NC(=O)C(CC(C)C)N3C(=O)c4ccccc4C3=O)cc2)cc(C(=O)N*)c1,tg,200.0,170.0203241831412
*CCCCCCNC(=O)c1ccc(C(=O)N*)c(Oc2ccc(-c3ccccc3)cc2)c1,tg,112.0,126.15985048753788
*CCCCCCNC(=O)c1ccc(C(=O)N*)c(Oc2ccc(Cl)cc2)c1,tg,112.5,122.31616172512074
*CCCCCCNC(=O)c1ccc(C(C)(CC)c2ccc(C(=O)N*)cc2)cc1,tg,159.0,148.1335451910002
*CCCCCCNC(=O)c1cccc(C(=O)N*)c1,tg,121.6,128.44272918284224
*CCCCCCNC(=O)c1ccccc1-c1ccccc1C(=O)N*,tg,122.5,157.39963134256413
*CCCCCCOC(=O)C(=O)O*,tg,66.5,-11.743672558493605
*CCCCCCOC(=O)C(C(=O)OCCCCCCOc1ccc(-n2on2-c2ccc(O*)cc2)cc1)c1ccccc1,tg,23.0,28.50778228553437
*CCCCCCOC(=O)C(CCCCCBr)C(=O)OCCCCCCOc1ccc(-n2on2-c2ccc(O*)cc2)cc1,tg,7.0,17.111680866170047
*CCCCCCOC(=O)C(CCCCCCCCCCBr)C(=O)OCCCCCCOc1ccc(-n2on2-c2ccc(O*)cc2)cc1,tg,16.0,12.265103734460972
*CCCCCCOC(=O)C(CCCCCCCCCCP(=O)(O)O)C(=O)OCCCCCCOc1ccc(-n2on2-c2ccc(O*)cc2)cc1,tg,12.5,9.43580283453912
*CCCCCCOC(=O)C(CCCCCCP(=O)(OCC)OCC)C(=O)OCCCCCCOc1ccc(-n2on2-c2ccc(O*)cc2)cc1,tg,15.0,10.04109197070017
*CCCCCCOC(=O)C(CCCCCP(=O)(O)O)C(=O)OCCCCCCOc1ccc(-n2on2-c2ccc(O*)cc2)cc1,tg,12.0,15.27579070126614
*CCCCCCOC(=O)C(CCCCCP(=O)(OCC)OCC)C(=O)OCCCCCCOc1ccc(-n2on2-c2ccc(O*)cc2)cc1,tg,12.0,13.043422173496992
*CCCCCCOC(=O)C(CCCCP(=O)(OCC)OCC)C(=O)OCCCCCCOc1ccc(-n2on2-c2ccc(O*)cc2)cc1,tg,11.5,13.301003160076327
*CCCCCCOC(=O)C(Cc1ccccc1)NC(=O)C=CC(=O)NC(Cc1ccccc1)C(=O)O*,tg,92.0,77.15981154358516
*CCCCCCOC(=O)CC(=O)OCCCCCCOc1ccc(-n2on2-c2ccc(O*)cc2)cc1,tg,16.0,9.947839090418695
*CCCCCCOC(=O)CCCCCCC(=O)OCCCCCCN1C(=O)c2ccc(S(=O)(=O)c3ccc4c(c3)C(=O)N(*)C4=O)cc2C1=O,tg,46.0,68.55614068043542
*CCCCCCOC(=O)CCCCCCCCC(=O)OCCCCCCN1C(=O)c2ccc(S(=O)(=O)c3ccc4c(c3)C(=O)N(*)C4=O)cc2C1=O,tg,72.0,50.398035084280984
*CCCCCCOC(=O)CCCCCCCCCCN1C(=O)c2ccc(-c3ccc(-c4ccc5c(c4)C(=O)N(CCCCCCCCCCC(=O)OCCCCCCN4C(=O)c6ccc(-c7ccc8c(c7)C(=O)N(*)C8=O)cc6C4=O)C5=O)cc3)cc2C1=O,tg,45.0,52.49719547559989
*CCCCCCOC(=O)NC1CCC(CC2CCC(NC(=O)OCCCCCCOc3ccc(CCc4ccc(O*)cc4)cc3)CC2)CC1,tg,40.3,76.00004739498733
*CCCCCCOC(=O)NCCCCNC(=O)O*,tg,16.0,42.39032469960143
*CCCCCCOC(=O)Nc1ccc(C)c(NC(=O)OCCCCCCOc2ccc(-c3ccc(O*)cc3)cc2)c1,tg,85.68,71.39658781136261
*CCCCCCOC(=O)Nc1ccc(Cc2ccc(NC(=O)O*)cc2)cc1,tg,71.0,84.43139350408248
*CCCCCCOC(=O)Nc1ccc(NC(=O)OCCCCCCOc2ccc(-c3ccc(O*)cc3)cc2)c(C)c1,tg,85.4,78.00150142030286
*CCCCCCOC(=O)Nc1cccc(P(=O)(c2ccccc2)c2cccc(NC(=O)O*)c2)c1,tg,30.0,98.42957608937989
*CCCCCCOC(=O)O*,tg,-54.25,-26.16247804914913
*CCCCCCOC(=O)OCCCCCCCCCCCCOC(=O)OCCCCCCOc1ccc(C(=O)c2ccc(O*)cc2)cc1,tg,-8.0,-10.147994539009504
*CCCCCCOC(=O)OCCCCCCCCCCOC(=O)OCCCCCCOc1ccc(C(=O)c2ccc(O*)cc2)cc1,tg,-13.0,-2.1441066331609147
*CCCCCCOC(=O)OCCCCCCCCCOC(=O)OCCCCCCOc1ccc(Oc2ccc(O*)cc2)cc1,tg,-20.0,-3.288173194672562
*CCCCCCOC(=O)OCCCCCCN1C(=O)c2ccc(-c3ccc(-c4ccc5c(c4)C(=O)N(*)C5=O)cc3)cc2C1=O,tg,74.0,81.65519460762218
*CCCCCCOC(=O)OCCCCCCN1C(=O)c2ccc(-c3ccc4c(c3)C(=O)N(*)C4=O)cc2C1=O,tg,71.0,63.907271540871236
*CCCCCCOC(=O)OCCCCCCOC(=O)OCCCCCCN1C(=O)c2ccc(C(=O)c3ccc4c(c3)C(=O)N(*)C4=O)cc2C1=O,tg,55.0,55.25584720110689
*CCCCCCOC(=O)OCCCCCCOC(=O)OCCCCCCOc1ccc(-c2ccc(O*)cc2)cc1,tg,14.95,6.590047222270288
*CCCCCCOC(=O)OCCCCCCOC(=O)OCCCCCCOc1ccc(C(=O)c2ccc(O*)cc2)cc1,tg,-0.3,3.402361869669537
*CCCCCCOC(=O)OCCCCCOC(=O)OCCCCCCOc1ccc(C(=O)c2ccc(O*)cc2)cc1,tg,-0.2,2.7107197603777236
*CCCCCCOC(=O)OCCCCCOC(=O)OCCCCCCOc1ccc(Oc2ccc(O*)cc2)cc1,tg,-11.0,-7.703028710548386
*CCCCCCOC(=O)OCCCCOC(=O)OCCCCCCOc1ccc(C(=O)c2ccc(O*)cc2)cc1,tg,2.1,3.995435665548253
*CCCCCCOC(=O)OCCCCOC(=O)OCCCCCCOc1ccc(Oc2ccc(O*)cc2)cc1,tg,-8.0,-9.177874750665763
*CCCCCCOC(=O)OCCCOC(=O)OCCCCCCN1C(=O)c2ccc(C(=O)c3ccc4c(c3)C(=O)N(*)C4=O)cc2C1=O,tg,61.0,62.94046802481387
*CCCCCCOC(=O)OCCCOC(=O)OCCCCCCOc1ccc(C(=O)c2ccc(O*)cc2)cc1,tg,16.0,-0.9363176192708005
*CCCCCCOC(=O)OCCCOC(=O)OCCCCCCOc1ccc(Oc2ccc(O*)cc2)cc1,tg,-6.0,-1.814243110472933
*CCCCCCOC(=O)OCCOC(=O)OCCCCCCOc1ccc(Oc2ccc(O*)cc2)cc1,tg,-4.0,0.9189359878675867
*CCCCCCOC(=O)c1cc(N=Nc2ccc(OCC)cc2)ccc1-c1ccc(N=Nc2ccc(OCC)cc2)cc1C(=O)O*,tg,83.0,89.33565986182404
*CCCCCCOC(=O)c1cc(OCCCCCCOc2ccc(N=Nc3ccc(C#N)cc3)cc2)cc(C(=O)OCCCCCCN2C(=O)c3ccc(-c4ccc(-c5ccc6c(c5)C(=O)N(*)C6=O)cc4)cc3C2=O)c1,tg,67.0,97.19039293326647
*CCCCCCOC(=O)c1cc(OCCCCCCOc2ccc(N=Nc3ccc(C#N)cc3)cc2)cc(C(=O)OCCCCCCN2C(=O)c3ccc(-c4ccc5c(c4)C(=O)N(*)C5=O)cc3C2=O)c1,tg,93.0,64.61629031772353
*CCCCCCOC(=O)c1cc(OCCCCCCOc2ccc(N=Nc3ccc(C#N)cc3)cc2)cc(C(=O)OCCCCCCN2C(=O)c3ccc(S(=O)(=O)c4ccc5c(c4)C(=O)N(*)C5=O)cc3C2=O)c1,tg,83.0,102.94703407341858
*CCCCCCOC(=O)c1ccc(-c2ccc(C(=O)O*)cc2)cc1,tg,52.0,45.0115122573781
*CCCCCCOC(=O)c1cccc(C(=O)O*)c1,tg,5.5,13.507064743867735
*CCCCCCOc1c(OC)cc(/C=C/c2ccc(/C=C/c3cc(OC)c(O*)c(OC)c3)cc2)cc1OC,tg,90.0,81.03207389795077
*CCCCCCOc1c(OC)cc(C=C2CCCC(=Cc3cc(OC)c(O*)c(OC)c3)C2=O)cc1OC,tg,71.0,75.99154536125832
*CCCCCCOc1ccc(-c2cc(-c3ccccc3)c(-c3ccc(NC(=O)c4ccc(C(=O)Nc5ccc(-c6c(-c7ccccc7)cc(-c7ccc(O*)cc7)cc6-c6ccccc6)cc5)cc4)cc3)c(-c3ccccc3)c2)cc1,tg,127.0,163.00701521575442
*CCCCCCOc1ccc(C(=O)N(C(=O)c2ccc(O*)cc2)c2cc(C)cc(C)c2)cc1,tg,75.0,103.35702773365816
*CCCCCCOc1ccc(C(=O)N(C(=O)c2ccc(O*)cc2)c2ccc(Oc3ccccc3)cc2)cc1,tg,78.0,95.11623199824268
*CCCCCCOc1ccc(C=C2CCC(=Cc3ccc(OCCCCCCOP(=O)(O*)OCC)c(OC)c3)C2=O)cc1OC,tg,75.0,66.83254622560939
*CCCCCCOc1ccc(C=C2CCCC(=Cc3ccc(O*)cc3)C2=O)cc1,tg,116.0,68.73330386841258
*CCCCCCOc1ccc(C=Cc2ccc(O*)cc2)cc1,tg,76.0,64.6150985637127
*CCCCCCOc1ccc(OC(=O)c2ccc(C(=O)Oc3ccc(O*)cc3)cc2)cc1,tg,53.0,61.30497626311365
*CCCCCCS(=O)(=O)c1ccc(N=Nc2ccc(N(C)CCCCCC(=O)O*)cc2)cc1,tg,60.5,53.37026528330665
*CCCCCCSS*,tg,-74.0,-48.71300747530639
*CCCCCCc1ccc(-c2c(-c3ccccc3)cc(-c3ccc(-c4cc(-c5ccccc5)c(-c5ccc(*)cc5)c(-c5ccccc5)c4-c4ccccc4)cc3)c(-c3ccccc3)c2-c2ccccc2)cc1,tg,250.0,209.84468626692217
*CCCCCCc1ccc(-c2c(-c3ccccc3)cc(-c3cccc(-c4cc(-c5ccccc5)c(-c5ccc(*)cc5)c(-c5ccccc5)c4-c4ccccc4)c3)c(-c3ccccc3)c2-c2ccccc2)cc1,tg,215.0,190.80281684917705
*CCCCCCc1nc2cc(NC(=O)CCCCCCC(=O)Nc3ccc4oc(*)nc4c3)ccc2o1,tg,77.0,112.09894181128652
*CCCCCN1C(=O)c2ccc(C(=O)Oc3ccc(-c4ccc(OC(=O)c5ccc6c(c5)C(=O)N(*)C6=O)cc4)cc3)cc2C1=O,tg,147.0,141.94925004678595
*CCCCCN1C(=O)c2ccc(C(c3ccc4c(c3)C(=O)N(*)C4=O)(C(F)(F)F)C(F)(F)F)cc2C1=O,tg,170.0,164.43339788385526
*CCCCCNC(=O)C(OC)C(OC)C(=O)N*,tg,113.0,103.4952686873336
*CCCCCNC(=O)CC(=O)N*,tg,65.0,103.61100565740986
*CCCCCNC(=O)CCCCCCCCCCCCCCCCCCC(=O)N*,tg,52.0,47.36019445248506
*CCCCCNC(=O)Cc1ccc(C(=O)N*)cc1,tg,103.0,118.98282490545648
*CCCCCNC(=O)c1ccc(C(=O)N*)cc1,tg,177.0,136.2848984856584
*CCCCCOC(=O)CCCCC(=O)O*,tg,-70.33,-57.21782132523106
*CCCCCOC(=O)CCCCCCCCCCN1C(=O)c2ccc(-c3ccc(-c4ccc5c(c4)C(=O)N(CCCCCCCCCCC(=O)OCCCCCN4C(=O)c6ccc(-c7ccc8c(c7)C(=O)N(*)C8=O)cc6C4=O)C5=O)cc3)cc2C1=O,tg,41.0,50.11207706369298
*CCCCCOC(=O)NCC(F)(F)C(F)(F)C(F)(F)C(F)(F)CNC(=O)O*,tg,33.0,35.22375538926195
*CCCCCOC(=O)NNC(=O)CCCCCCCCC(=O)NNC(=O)O*,tg,20.0,50.06431472011077
*CCCCCOC(=O)Nc1ccc(Cc2ccc(NC(=O)O*)cc2)cc1,tg,95.0,74.6293955547715
*CCCCCOC(=O)O*,tg,-40.0,-39.20732393777682
*CCCCCOC(=O)OCCCCCN1C(=O)c2ccc(C(=O)c3ccc4c(c3)C(=O)N(*)C4=O)cc2C1=O,tg,77.0,72.73872981311499
*CCCCCOC(=O)c1ccc(-c2ccc(-c3ccc(C(=O)O*)cc3)cc2)cc1,tg,40.0,73.66943270114133
*CCCCCOC(=O)c1ccc(C=Cc2ccc(C(=O)O*)cc2)cc1,tg,60.0,46.89719213989193
*CCCCCOC(=O)c1ccc2cc(C(=O)O*)ccc2c1,tg,50.83,53.51044314770438
*CCCCCOC(=O)c1cccc(C(=O)O*)c1,tg,7.0,19.675865855553702
*CCCCCOC(=O)c1ccccc1C(=O)[O][Cd][O]C(=O)c1ccccc1C(=O)OCCCCCOC(=O)NCCCCCCNC(=O)O*,tg,-6.8,-15.017537661728506
*CCCCCOC(=O)c1ccccc1C(=O)[O][Pb][O]C(=O)c1ccccc1C(=O)OCCCCCOC(=O)NCCCCCCNC(=O)O*,tg,-19.2,-3.603233018131008
*CCCCCOc1ccc(-c2ccc(O*)c3ccccc23)c2ccccc12,tg,151.0,122.26744496533854
*CCCCCOc1ccc(C=CC(=O)OCCN(CCOC(=O)C=Cc2ccc(O*)cc2)c2ccc(N=Nc3ccc([N+](=O)[O-])cc3)cc2)cc1,tg,92.0,92.25226965827359
*CCCCCOc1ccc(CCc2ccc(O*)cc2C)cc1,tg,15.4,22.373833678698915
*CCCCCOc1cccc(C(=O)OC(=O)c2cccc(O*)c2)c1,tg,61.0,28.63843450392244
*CCCCCOc1cccc(NC(=O)c2ccc(C(=O)Nc3cccc(O*)c3)cc2)c1,tg,135.0,139.85926208784062
*CCCCCOc1cccc(NC(=O)c2cccc(C(=O)Nc3cccc(O*)c3)c2)c1,tg,131.5,126.22232914429058
*CCCCN1C(=O)c2ccc(C(c3ccc4c(c3)C(=O)N(*)C4=O)(C(F)(F)F)C(F)(F)F)cc2C1=O,tg,185.0,189.67659543848745
*CCCCNC(=O)C(=O)N*,tg,120.0,169.11999542401335
*CCCCNC(=O)Cc1ccc(C(=O)N*)cc1,tg,84.0,141.62769068368578
*CCCCNC(=O)c1ccc(C(=O)N*)c(Sc2ccccc2)c1,tg,136.0,141.25125183677406
*CCCCNC(=O)c1cccc(C(=O)N*)c1,tg,141.0,142.76846003547973
*CCCCOC(=O)C(Cc1ccccc1)NC(=O)C=CC(=O)NC(Cc1ccccc1)C(=O)O*,tg,103.0,102.10989273538777
*CCCCOC(=O)C1CCC(C(=O)O*)CC1,tg,-10.5,15.427107430600614
*CCCCOC(=O)CCCCC(=O)OCCCCOC(=O)c1ccc(C(=O)O*)cc1,tg,-20.0,-1.7990806956576912
*CCCCOC(=O)CCCCCCCCC(=O)O*,tg,-64.4,-41.50107062349715
*CCCCOC(=O)COCC(=O)O*,tg,-27.0,-23.313298156408553
*CCCCOC(=O)NCC(F)(F)C(F)(F)C(F)(F)C(F)(F)CNC(=O)O*,tg,33.0,42.45648868391359
*CCCCOC(=O)NCCCCCCNC(=O)O*,tg,38.12,35.25108688646015
*CCCCOC(=O)NNC(=O)CCCCCCCCC(=O)NNC(=O)O*,tg,56.0,26.54917341679664
*CCCCOC(=O)Nc1ccc(C)c(NC(=O)O*)c1,tg,42.0,83.52003992635093
*CCCCOC(=O)O*,tg,-28.75,-35.348157073231256
*CCCCOC(=O)c1ccc(-c2ccc(C(=O)O*)cc2)cc1,tg,70.0,69.02019764997505
*CCCCOC(=O)c1ccc(NC=Nc2ccc(C(=O)O*)cc2)cc1,tg,91.0,87.53930591632127
*CCCCOC(=O)c1ccc2cc(C(=O)O*)ccc2c1,tg,65.5,62.4933260354276
*CCCCOC(=O)c1cccc(C(=O)O*)c1,tg,19.1,29.607766927752998
*CCCCOCCCCOCCCCOC(=O)c1ccc(N=Cc2cc(OCCCCCC)c(C=Cc3cc(OCCCCCC)c(C=Cc4cc(OCCCCCC)c(C=Nc5ccc(C(=O)O*)cc5)cc4OCCCCCC)cc3OCCCCCC)cc2OCCCCCC)cc1,tg,14.3,78.53011997773278
*CCCCOCO*,tg,-83.2,-75.7594971191837
*CCCCOc1ccc(-c2ccc(O*)c3ccccc23)c2ccccc12,tg,130.0,152.45209371788786
*CCCCOc1ccc(C(=O)OC(=O)c2ccc(O*)cc2)cc1,tg,45.0,52.05929848529743
*CCCCOc1ccc(C(=O)OCCOC(=O)c2ccc(O*)cc2)cc1,tg,53.0,41.80514917219193
*CCCCOc1ccc(C=C2CCC(=Cc3ccc(OCCCCOP(=O)(O*)OC)c(OC)c3)C2=O)cc1OC,tg,75.0,80.91899592628087
*CCCCOc1ccc(C=C2CCC(=Cc3ccc(OCCCCOP(=O)(O*)OCC)c(OC)c3)C2=O)cc1OC,tg,79.0,67.38097436225453
*CCCCOc1ccc(OC(=O)c2ccc(C(=O)Oc3ccc(O*)cc3)c(C(=O)OCC=C)c2)cc1,tg,56.0,85.36924455136506
*CCCCOc1ccc(OCCCCc2nnc(-c3ccc(-c4nnc(*)o4)cc3)o2)c(C)c1,tg,139.5,103.97498367969139
*CCCCOc1cccc(C(=O)OC(=O)c2cccc(O*)c2)c1,tg,20.0,61.937357242402136
*CCCCSS*,tg,-55.0,-48.125364308224796
*CCCCSSCCCCO*,tg,-76.0,-59.74848085423739
*CCCCSSCCCCOCO*,tg,-76.0,-69.65832190490482
*CCCCc1ccc(-c2c(-c3ccccc3)cc(-c3ccc(-c4cc(-c5ccccc5)c(-c5ccc(*)cc5)c(-c5ccccc5)c4-c4ccccc4)cc3)c(-c3ccccc3)c2-c2ccccc2)cc1,tg,205.0,238.30521773516534
*CCCCc1ccc(-c2c(-c3ccccc3)cc(-c3cccc(-c4cc(-c5ccccc5)c(-c5ccc(*)cc5)c(-c5ccccc5)c4-c4ccccc4)c3)c(-c3ccccc3)c2-c2ccccc2)cc1,tg,180.0,212.52153263340102
*CCCN(*)C(=O)C(F)(F)C(F)(F)C(F)(F)C(F)(F)C(F)(F)C(F)(F)C(F)(F)F,tg,25.0,62.410668656092945
*CCCN(*)C(=O)CC,tg,8.0,24.777481748628656
*CCCN(*)C(=O)CCCCC,tg,-16.0,3.5496139029811715
*CCCN(*)C(=O)c1ccccc1,tg,72.0,79.86259194887096
*CCCN(C)c1ccc(C(=O)c2ccc(N(*)C)cc2)cc1,tg,101.0,106.62263731318158
*CCCN1C(=O)c2ccc(C(c3ccc4c(c3)C(=O)N(*)C4=O)(C(F)(F)F)C(F)(F)F)cc2C1=O,tg,190.0,182.7999724631372
*CCCNC(=O)C(Cc1ccccc1)NC(=O)CCCCCCCCC(=O)NC(Cc1ccccc1)C(=O)NCCCOCCOCCO*,tg,44.0,36.63003749921029
*CCCNC(=O)C(NC(=O)C(Cc1ccccc1)NC(=O)CCCCCCCCC(=O)NC(Cc1ccccc1)C(=O)NC(C(=O)NCCCOCCOCCO*)C(C)C)C(C)C,tg,66.0,52.72971950218222
*CCCNC(=O)C(OC)C(OC)C(=O)N*,tg,123.0,103.90479454819756
*CCCNC(=O)CCCCC(=O)NCCCN(*)C,tg,5.0,47.99010592388978
*CCCNC(=O)CCCCC(=O)NCCCO*,tg,34.0,32.95386506034231
*CCCNC(=O)CCCCCCCCC(=O)NCCCOCCOCCO*,tg,40.0,22.379032305615144
*CCCNC(=O)CNC(=O)C(Cc1ccccc1)NC(=O)CCCCCCCCC(=O)NC(Cc1ccccc1)C(=O)NCC(=O)NCCCOCCOCCO*,tg,36.0,57.2572651381014
*CCCNC(=O)c1ccc(C(=O)NCCCO*)cc1,tg,72.0,113.61750785844755
*CCCO*,tg,-72.46,-66.79345291928635
*CCCOC(=O)C(C)O*,tg,-33.0,-29.954779165029116
*CCCOC(=O)CCC(=O)O*,tg,-34.42,-19.715374337762213
*CCCOC(=O)CCCC(=O)O*,tg,-33.67,-41.427308864922935
*CCCOC(=O)CCCCC(=O)O*,tg,-52.17,-48.07186198082369
*CCCOC(=O)CCCCCCC(=O)O*,tg,-58.75,-51.44043119980407
*CCCOC(=O)NCCCCCCNC(=O)O*,tg,55.0,29.42675074243987
*CCCOC(=O)NNC(=O)CCCCCCCCC(=O)NNC(=O)O*,tg,22.0,40.99501917601825
*CCCOC(=O)Nc1ccc(Cc2ccc(NC(=O)O*)cc2)cc1,tg,119.0,89.20487063113161
*CCCOC(=O)O*,tg,-22.38,-19.200818366809784
*CCCOC(=O)c1cc(N=Nc2ccc(OCC)cc2)ccc1-c1ccc(N=Nc2ccc(OCC)cc2)cc1C(=O)O*,tg,101.0,100.47426954434978
*CCCOC(=O)c1ccc2cc(C(=O)O*)ccc2c1,tg,84.0,81.38027578543436
*CCCOC(=O)c1cccc(C(=O)O*)c1,tg,36.0,51.4855048622227
*CCCOCCCCOCCCN1C(=O)c2ccc(C(=O)Oc3ccc(-c4ccc(OC(=O)c5ccc6c(c5)C(=O)N(*)C6=O)cc4)cc3)cc2C1=O,tg,70.0,83.93478409335204
*CCCOCCCCOCCCN1C(=O)c2ccc(C(=O)Oc3ccc(OC(=O)c4ccc5c(c4)C(=O)N(*)C5=O)cc3)cc2C1=O,tg,56.0,77.68305759133901
*CCCOCCCCOCCCN1C(=O)c2ccc(C(=O)Oc3ccc4cc(OC(=O)c5ccc6c(c5)C(=O)N(*)C6=O)ccc4c3)cc2C1=O,tg,68.0,85.88087068765014
*CCCOCCCOC(=O)c1ccc(-c2ccc(C(=O)O*)cc2)cc1,tg,16.25,32.03443467621744
*CCCOc1ccc(-c2ccc(O*)c3ccccc23)c2ccccc12,tg,173.5,150.7979861264772
*CCCOc1ccc(C(=O)OC(=O)c2ccc(O*)cc2)cc1,tg,95.0,56.62683527233409
*CCCOc1ccc(OCCCc2nnc(-c3ccc(-c4nnc(*)o4)cc3)o2)c(C)c1,tg,125.5,120.19062352230193
*CCCOc1cccc(C(=O)OC(=O)c2cccc(O*)c2)c1,tg,53.0,54.627491289941155
*CCCP(=O)(CCCNC(=O)CCCCC(=O)N*)c1ccccc1,tg,55.0,38.76485878275326
*CCCP(C)(=O)CCCNC(=O)CCCCC(=O)N*,tg,33.0,49.82887131084335
*CCCP(CCCNC(=O)CCCCC(=O)N*)CC(C)C,tg,71.0,42.22405993569158
*CCCP(CCCNC(=O)CCCCC(=O)N*)c1ccccc1,tg,49.0,72.95019442197152
*CCCS(=O)(=O)CCCCS(=O)(=O)CCCOC(=O)c1cccc(C(=O)O*)c1,tg,65.0,57.20284876959765
*CCCS(=O)(=O)CCCCS(=O)(=O)CCCOC(=O)c1ccccc1C(=O)O*,tg,49.0,47.47388099672653
*CCCS(=O)(=O)c1ccc(N=Nc2ccc(N(CCCC)CC(=O)O*)cc2)cc1,tg,92.4,87.34396789251335
*CCC[Si](*)(C)CCC[Si](C)(C)C,tg,-46.0,-61.46718777063767
*CCC[Si](*)(C)C[Si](C)(C)C,tg,-51.0,-39.862576589351775
*CCC[Si](*)(C)O[Si](C)(C)CCCOc1ccc(-c2ccc(C#N)cc2)cc1,tg,-4.6,-19.55878570985651
*CCC[Si](*)(C)O[Si](C)(C)CCCOc1ccc(C#N)cc1,tg,-45.5,-18.06588945552757
*CCC[Si](*)(C)O[Si](C)(C)CCCOc1ccc(C(=O)Oc2ccc(-c3ccc(C#N)cc3)cc2)cc1,tg,10.1,25.749478792582913
*CCC[Si](*)(C)c1ccc(N(C)C)cc1,tg,6.5,23.33872133298552
*CCC[Si](*)(C)c1ccccc1,tg,-1.5,4.9150702567799085
*CCC[Si](*)(C[Si](C)(C)c1ccccc1)C[Si](C)(C)c1ccccc1,tg,-36.0,0.4731483578107036
*CCC[Si](*)(c1ccc(C)cc1)c1ccc(C)cc1,tg,38.0,52.24792920496583
*CCC[Si](C)(C)O[Si](C)(C)CCCN1C(=O)c2ccc(-c3ccc4c(c3)C(=O)N(*)C4=O)cc2C1=O,tg,75.0,68.55586930697086
*CCCc1ccc(-c2c(-c3ccccc3)cc(-c3ccc(-c4cc(-c5ccccc5)c(-c5ccc(*)cc5)c(-c5ccccc5)c4-c4ccccc4)cc3)c(-c3ccccc3)c2-c2ccccc2)cc1,tg,290.0,233.94013058033113
*CCCc1ccc(-c2c(-c3ccccc3)cc(-c3cccc(-c4cc(-c5ccccc5)c(-c5ccc(*)cc5)c(-c5ccccc5)c4-c4ccccc4)c3)c(-c3ccccc3)c2-c2ccccc2)cc1,tg,240.0,227.14448443333498
*CCCc1nc2cc(-c3ccc4[nH]c(*)nc4c3)ccc2[nH]1,tg,275.0,183.27159956592797
*CCN(*)C(=O)C(C)C,tg,30.0,54.442761063330046
*CCN(*)C(=O)C(CC)CCCC,tg,33.0,20.470259751083926
*CCN(*)C(=O)C(OC)(c1ccccc1)C(F)(F)F,tg,89.0,98.9284810746625
*CCN(*)C(=O)C1(c2ccc(Cl)cc2)CCC1,tg,112.0,106.1116100714924
*CCN(*)C(=O)C12CC3CC(CC(C3)C1)C2,tg,123.0,158.19009378801968
*CCN(*)C(=O)C1CC1,tg,77.0,56.6397426330646
*CCN(*)C(=O)CC(C)C,tg,30.0,31.366019572642234
*CCN(*)C(=O)CC12CC3CC(CC(C3)C1)C2,tg,139.0,138.24670425590674
*CCN(*)C(=O)CCCCC,tg,7.0,4.101130836812353
*CCN(*)C(=O)CCCCCCCCCCC,tg,10.0,-4.060709513978597
*CCN(*)C(=O)c1c(F)c(F)c(F)c(F)c1F,tg,136.0,134.8100681405772
*CCN(*)C(=O)c1c(F)cc(F)c(F)c1F,tg,122.0,110.08105179399257
*CCN(*)C(=O)c1c(F)cc(F)cc1F,tg,135.0,122.14916002994437
*CCN(*)C(=O)c1c(F)ccc(F)c1F,tg,124.0,114.42676610205731
*CCN(*)C(=O)c1cc(F)c(F)c(F)c1F,tg,97.0,128.42981186430342
*CCN(*)C(=O)c1cc(F)cc(F)c1F,tg,110.0,102.23522893169716
*CCN(*)C(=O)c1cc(F)ccc1F,tg,112.0,101.73011049058877
*CCN(*)C(=O)c1ccc(F)c(F)c1,tg,101.0,104.71085039215043
*CCN(*)C(=O)c1ccc(F)c(F)c1F,tg,102.0,110.66092011573552
*CCN(*)C(=O)c1ccc(F)cc1,tg,104.0,106.0337991149659
*CCN(*)C(=O)c1ccc(SC(F)(F)F)cc1,tg,100.0,86.28709092008053
*CCN(*)C(=O)c1cccc(F)c1,tg,97.0,101.0475504502583
*CCN(*)C(=O)c1cccc(F)c1F,tg,110.0,98.40620848156006
*CCN(*)C(=O)c1ccccc1,tg,108.5,97.19960129636635
*CCN(*)C(=O)c1ccccc1F,tg,109.0,109.38160430706829
*CCN(*)CCOCCOC,tg,-76.0,-62.321212567995246
*CCN(CCCCCCOc1ccc(C=Cc2ccc([N+](=O)[O-])cc2)cc1)CCOC(=O)NCCCCCCNC(=O)O*,tg,29.05,48.25425207847779
*CCN(CCCCCCOc1ccc(C=Cc2ccc([N+](=O)[O-])cc2)cc1)CCOC(=O)Nc1ccc(C)c(NC(=O)O*)c1,tg,58.5,82.57636448573199
*CCN(CCCCCOc1ccc(N=Nc2ccccc2)cc1)CCOC(=O)Nc1ccc(Cc2ccc(NC(=O)O*)cc2)cc1,tg,59.6,85.6128318969269
*CCN(CCN1C(=O)c2ccc(C(c3ccc4c(c3)C(=O)N(*)C4=O)(C(F)(F)F)C(F)(F)F)cc2C1=O)c1ccc(N=Nc2ccc(C=O)cc2)cc1,tg,170.0,205.89372243680307
*CCN(CCN1C(=O)c2ccc(C(c3ccc4c(c3)C(=O)N(*)C4=O)(C(F)(F)F)C(F)(F)F)cc2C1=O)c1ccc(N=Nc2ccc([N+](=O)[O-])cc2)cc1,tg,210.0,186.64817430313408
*CCN(CCN1C(=O)c2ccc(C(c3ccc4c(c3)C(=O)N(*)C4=O)(C(F)(F)F)C(F)(F)F)cc2C1=O)c1ccc(N=Nc2ccc([N+](=O)[O-])cc2C)cc1,tg,205.0,192.3841406462247
*CCN(CCNC(=O)c1ccc2c(c1)C(=O)N(*)C2=O)c1ccc(C=Cc2ccc([N+](=O)[O-])cc2)cc1,tg,142.0,154.8135621246683
*CCN(CCOC(=O)CCC#CC#CCCC(=O)O*)c1ccc(N=Nc2c(C)cc(N=Nc3ccc(C#N)cc3)cc2C)cc1,tg,63.0,103.45734189299223
*CCN(CCOC(=O)CCC#CC#CCCC(=O)O*)c1ccc([N+](=O)[O-])cc1,tg,30.0,51.821332103006576
*CCN(CCOC(=O)NCC1(C)CC(NC(=O)O*)CC(C)(C)C1)c1ccc(C=C(C#N)C#N)cc1,tg,141.0,120.50452670619445
*CCN(CCOC(=O)NCC1(C)CC(NC(=O)O*)CC(C)(C)C1)c1ccc(N=Nc2ccc(C#N)cc2)cc1,tg,136.0,141.67601059133617
*CCN(CCOC(=O)NCC1(C)CC(NC(=O)O*)CC(C)(C)C1)c1ccc(N=Nc2ccc(P(=O)(c3ccccc3)c3ccccc3)cc2)cc1,tg,163.0,149.80216016899922
*CCN(CCOC(=O)NCCCCCCNC(=O)O*)c1ccc(N=Nc2ccc(P(=O)(c3ccccc3)c3ccccc3)cc2)cc1,tg,120.0,75.4788240104363
*CCN(CCOC(=O)NCCCCCCNC(=O)O*)c1ccccc1,tg,31.9,37.87575371186984
*CCN(CCOC(=O)Nc1ccc(-c2ccc(NC(=O)O*)c(C)c2)cc1C)c1ccc(N=Nc2ccc([N+](=O)[O-])cc2)cc1,tg,119.5,157.02809381372742
*CCN(CCOC(=O)Nc1ccc(C)c(NC(=O)O*)c1)c1ccc(-c2nc3ccc([N+](=O)[O-])cc3o2)cc1,tg,156.0,143.9131413897087
*CCN(CCOC(=O)Nc1ccc(C)c(NC(=O)O*)c1)c1ccc(C(C#N)=C(C#N)C#N)cc1,tg,125.0,120.71390902765576
*CCN(CCOC(=O)Nc1ccc(C)c(NC(=O)O*)c1)c1ccc(C=Cc2cc[n+](CCCC)cc2)cc1,tg,121.0,90.04484268949801
*CCN(CCOC(=O)Nc1ccc(C)c(NC(=O)O*)c1)c1ccc(C=Cc2ccc([N+](=O)[O-])cc2)cc1,tg,121.0,128.93618101859255
*CCN(CCOC(=O)Nc1ccc(C)c(NC(=O)O*)c1)c1ccc(N=Nc2cc(OC)c(N=Nc3ccc([N+](=O)[O-])cc3)cc2OC)cc1,tg,150.0,149.8113697754205
*CCN(CCOC(=O)Nc1ccc(C)c(NC(=O)O*)c1)c1ccc(N=Nc2ccc(-c3nc4ccc([N+](=O)[O-])cc4n3CC)cc2)cc1,tg,158.0,156.901538226311
*CCN(CCOC(=O)Nc1ccc(C)c(NC(=O)O*)c1)c1ccc(N=Nc2ccc(B(c3c(C)cc(C)cc3C)c3c(C)cc(C)cc3C)cc2)cc1,tg,159.0,162.46033481390887
*CCN(CCOC(=O)Nc1ccc(C)c(NC(=O)O*)c1)c1ccc(N=Nc2ccc(C=Cc3nc4ccc([N+](=O)[O-])cc4n3CC)cc2)cc1,tg,171.0,166.36787355479598
*CCN(CCOC(=O)Nc1ccc(C)c(NC(=O)O*)c1)c1ccc(N=Nc2ccc([N+](=O)[O-])cc2C)c(C)c1,tg,135.0,141.66680366650573
*CCN(CCOC(=O)Nc1ccc(C)c(NC(=O)O*)c1)c1ccc(N=Nc2ccc([N+](=O)[O-])cc2C)cc1,tg,137.0,137.51767387611213
*CCN(CCOC(=O)Nc1ccc(C)c(NC(=O)O*)c1)c1ccc([N+](=O)[O-])cc1C,tg,98.0,123.93384354035658
*CCN(CCOC(=O)Nc1ccc(Cc2ccc(NC(=O)O*)cc2)cc1)c1ccc(N=Nc2ccc([N+](=O)[O-])cc2)c(C)c1,tg,115.0,133.78269137379928
*CCN(CCOC(=O)Nc1ccc(Cc2ccc(NC(=O)O*)cc2)cc1)c1ccc(N=Nc2ccc([N+](=O)[O-])cc2)cc1,tg,136.4,112.02439014832383
*CCN(CCOC(=O)Nc1ccc(Cc2ccc(NC(=O)O*)cc2)cc1)c1ccc(N=Nc2ccc([N+](=O)[O-])cc2C)c(C)c1,tg,130.0,120.32688816384511
*CCN(CCOC(=O)Nc1ccc(Cc2ccc(NC(=O)O*)cc2)cc1)c1ccccc1,tg,31.9,102.40303854154234
*CCN(CCOC(=O)Nc1cccc(NC(=O)O*)c1C)c1ccc(C=Cc2ccc([N+](=O)[O-])cc2)cc1,tg,123.0,134.81669580132996
*CCN(CCOC(=O)Nc1cccc(NC(=O)O*)c1C)c1ccc(N=Nc2ccc([N+](=O)[O-])cc2)cc1,tg,147.0,131.45453037894663
*CCN(CCOC(=O)c1cc(OCCC2CCN(c3ccc(S(=O)(=O)C(F)(F)C(F)(F)C(F)(F)C(F)(F)C(F)(F)C(F)(F)C(F)(F)C(F)(F)F)cc3)CC2)cc(C(=O)O*)c1)c1ccc(S(=O)(=O)C(F)(F)C(F)(F)C(F)(F)C(F)(F)C(F)(F)C(F)(F)C(F)(F)C(F)(F)F)cc1,tg,86.0,98.93359544466809
*CCN(CCOC(=O)c1cc(OCCN(C)c2ccc(S(=O)(=O)C(F)(F)C(F)(F)C(F)(F)C(F)(F)C(F)(F)C(F)(F)C(F)(F)C(F)(F)F)cc2)cc(C(=O)O*)c1)c1ccc(S(=O)(=O)C(F)(F)C(F)(F)C(F)(F)C(F)(F)C(F)(F)C(F)(F)C(F)(F)C(F)(F)F)cc1,tg,83.0,95.55313609237987
*CCN(CCOC(=O)c1cc(OCc2c(F)c(F)c(OC)c(F)c2F)cc(C(=O)O*)c1)c1ccc(C=Cc2ccc(C=CC3=C(C#N)C(=C(C#N)C#N)OC3(c3ccccc3)C(F)(F)F)s2)cc1,tg,140.0,139.09637374201952
*CCN(CCOC(=O)c1cc(OCc2cc(OCc3ccccc3)cc(OCc3ccccc3)c2)cc(C(=O)O*)c1)c1ccc(C=Cc2ccc(C=CC3=C(C#N)C(=C(C#N)C#N)OC3(c3ccccc3)C(F)(F)F)s2)cc1,tg,130.0,134.68202362976731
*CCN(CCOC(=O)c1ccc(C(=O)O*)c(OC)c1)c1ccc(N=Nc2ccc(-c3nc4ccc([N+](=O)[O-])cc4n3CC)cc2)cc1,tg,146.0,152.98160199921995
*CCN(CCOC(=O)c1ccc(C(=O)O*)c(OC)c1)c1ccc(N=Nc2ccc(C=Cc3nc4ccc([N+](=O)[O-])cc4n3CC)cc2)cc1,tg,173.0,152.33146819535284
*CCN(CCOC(=O)c1ccc(C(=O)O*)c(OCCC)c1)c1ccc(C=C(C#N)C#N)cc1,tg,94.0,99.94748300424914
*CCN(CCOC(=O)c1ccc(C(=O)O*)c(OCCC)c1)c1ccc(N=Nc2ccc(-c3nc4cc([N+](=O)[O-])ccc4[nH]3)cc2)cc1,tg,152.0,128.0561357862138
*CCN(CCOC(=O)c1ccc(C(=O)O*)c(OCCC)c1)c1ccc(N=Nc2nc(C#N)c(C#N)[nH]2)cc1,tg,152.0,120.01770172178003
*CCN(CCOC(=O)c1ccc(C(=O)O*)cc1)c1ccc(C=C(C#N)C#N)cc1,tg,127.0,94.26317060529239
*CCN(CCOC(=O)c1ccc(C(=O)O*)cc1)c1ccc(N=Nc2ccc(-c3nc4ccc([N+](=O)[O-])cc4n3CC)cc2)cc1,tg,149.0,136.11853712398675
*CCN(CCOC(=O)c1ccc([Si](C)(C)c2ccc(C(=O)O*)cc2)cc1)c1ccc(C=Cc2ccc([N+](=O)[O-])cc2)cc1,tg,127.0,117.15344809647452
*CCN(Cc1ccccc1)C(=O)S*,tg,32.0,62.28732688158926
*CCN1C(=O)c2ccc(C(c3ccc4c(c3)C(=O)N(*)C4=O)(C(F)(F)F)C(F)(F)F)cc2C1=O,tg,180.0,220.03695532049073
*CCNC(=O)CCCCC(=O)N*,tg,71.0,89.22053326015093
*CCNC(=O)c1ccc(-c2ccc(O*)cc2)cc1,tg,169.0,132.4857865065271
*CCNC(=O)c1ccc(C(=O)N*)c(Sc2ccccc2)c1,tg,172.0,147.18260783277927
*CCNC(=O)c1ccc(C(=O)NCCOc2ccc3ccc(O*)cc3c2)cc1,tg,159.0,150.11350276597832
*CCNC(=O)c1ccc([Si](C)(C)c2ccc(C(=O)NCCN(*)c3ccc(/C=C/c4ccc([N+](=O)[O-])cc4)cc3)cc2)cc1,tg,157.5,149.4363990914037
*CCNC(=O)c1ccc([Si](CCCC)(CCCC)c2ccc(C(=O)NCCN(*)c3ccc(/C=C/c4ccc([N+](=O)[O-])cc4)cc3)cc2)cc1,tg,115.0,150.61001959680692
*CCNC(=O)c1ccc([Si](c2ccccc2)(c2ccccc2)c2ccc(C(=O)NCCN(*)c3ccc(/C=C/c4ccc([N+](=O)[O-])cc4)cc3)cc2)cc1,tg,157.5,152.73552288973147
*CCNC(=O)c1ccc2cc(O*)ccc2c1,tg,182.0,136.46205828357398
*CCNC(=O)c1cccc(C(=O)NCCOc2ccc3c(O*)cccc3c2)c1,tg,155.5,144.14353543531587
*CCNC(=O)c1cccc(C(=O)NCCOc2ccc3ccc(O*)cc3c2)c1,tg,143.0,146.97778217725426
*CCNC(=O)c1cccc(C(=O)NCCOc2cccc3c(O*)cccc23)c1,tg,171.0,138.65419184094318
*CCOC(=O)C(C)O*,tg,-21.0,-7.7833944814317695
*CCOC(=O)C1C2C=CC(C2)C1C(=O)O*,tg,0.0,69.87516060765329
*CCOC(=O)C1CCC(C(=O)O*)CC1,tg,25.0,50.72664576582949
*CCOC(=O)C1CCC(C(=O)OCCOc2ccc(C(C)(C)c3ccc(O*)cc3)cc2)CC1,tg,57.0,61.03774535007233
*CCOC(=O)CC(C)O*,tg,-37.1,-23.695498033866947
*CCOC(=O)CCC(=O)OCCOC(=O)c1ccc(C(=O)O*)cc1,tg,23.0,28.563429450066824
*CCOC(=O)CCCCC(=O)OCCOC(=O)c1ccc(C(=O)O*)cc1,tg,6.0,21.420821640701828
*CCOC(=O)CCCCCC(=O)O*,tg,-54.0,-48.373396699897995
*CCOC(=O)CCCCCCC(=O)OCCOC(=O)c1ccc(C(=O)O*)cc1,tg,-1.33,11.515761616072739
*CCOC(=O)CCCCCCCC(=O)O*,tg,-45.0,-50.76142844071306
*CCOC(=O)CCCCCCCCC(=O)O*,tg,-37.16,-51.465286454515024
*CCOC(=O)CCSCCC(=O)O*,tg,-47.0,-38.74106383022187
*CCOC(=O)NC1CCC(CC2CCC(NC(=O)OCCOc3ccc(C4(c5ccc(O*)cc5)c5ccccc5-c5ccccc54)cc3)CC2)CC1,tg,140.0,143.2584261620358
*CCOC(=O)NCC1(C)CC(NC(=O)O*)CC(C)(C)C1,tg,84.0,93.10017132057033
*CCOC(=O)NCCCCCCCCCCNC(=O)O*,tg,60.8,29.526603748867707
*CCOC(=O)NCCCCCCCCCNC(=O)O*,tg,44.0,38.482704187419515
*CCOC(=O)NCCCCCCNC(=O)OCCOc1ccc(C2(c3ccc(O*)cc3)c3ccccc3-c3ccccc32)cc1,tg,61.0,129.54261717390654
*CCOC(=O)Nc1ccc(C)c(NC(=O)OCCOc2ccc(C3(c4ccc(O*)cc4)c4ccccc4-c4ccccc43)cc2)c1,tg,175.0,156.28338749030948
*CCOC(=O)Nc1ccc(CCCc2ccc(NC(=O)O*)cc2)cc1,tg,74.1,86.46844452579296
*CCOC(=O)Nc1ccc(CCc2ccc(NC(=O)O*)cc2)cc1,tg,116.9,93.09108401419705
*CCOC(=O)Nc1ccc(Cc2ccc(NC(=O)OCCOc3ccc(O*)cc3)cc2)cc1,tg,98.0,88.08631421891018
*CCOC(=O)O*,tg,15.33,1.6332274479568087
*CCOC(=O)c1ccc(-c2ccc(C(=O)O*)cc2C)c(C)c1,tg,73.0,148.19853585235643
*CCOC(=O)c1ccc(C(=O)O*)cc1,tg,77.74,71.64473500763116
*CCOC(=O)c1ccc(C(C#N)=C(c2ccc(OC)cc2)N2CCC(*)CC2)cc1,tg,171.5,124.98215273999416
*CCOC(=O)c1ccc(C(C)(CC)c2ccc(C(=O)O*)cc2)cc1,tg,94.0,92.91658550978055
*CCOC(=O)c1ccc(C2(C)CC(C)(C)c3ccc(C(=O)O*)cc32)cc1,tg,154.0,152.72199137517143
*CCOC(=O)c1ccc(O*)cc1,tg,77.67,60.54552872838379
*CCOC(=O)c1cccc(C(=O)O*)c1,tg,56.5,68.64333130524469
*CCOC(=O)c1cccc2c(C(=O)O*)cccc12,tg,75.0,97.29828763019191
*CCOC(=O)c1ccccc1C(=O)O*,tg,70.88,64.02058314329592
*CCOCCC(=O)O*,tg,-35.55,-47.18838479376073
*CCOCCOC(=O)C(C)C(=O)O*,tg,-29.0,-9.840907772326354
*CCOCCOC(=O)C(CCCCC)C(=O)O*,tg,-47.0,-54.30481256179172
*CCOCCOC(=O)C(CCCCCCC)C(=O)O*,tg,-58.0,-49.234188362897584
*CCOCCOC(=O)C1CCC(C(=O)O*)CC1,tg,-10.15,3.380497091749323
*CCOCCOC(=O)C=CC(=O)NCCCCCCNC(=O)C=CC(=O)O*,tg,76.0,27.02846553157825
*CCOCCOC(=O)CC(=O)O*,tg,-41.5,-25.235075868939035
*CCOCCOC(=O)CCC(=O)O*,tg,-41.51,-35.17282045525883
*CCOCCOC(=O)CCCC(=O)O*,tg,-55.0,-47.358045153424406
*CCOCCOC(=O)CCCCCC(=O)O*,tg,-59.67,-57.896050032055584
*CCOCCOC(=O)CCCCCCCCC(=O)O*,tg,-74.5,-49.89685131541474
*CCOCCOC(=O)O*,tg,-40.0,-36.26397129239705
*CCOCCOC(=O)c1ccc(-c2ccc(C(=O)O*)cc2)cc1,tg,53.5,45.012651395631984
*CCOCCOC(=O)c1ccc(NC=Nc2ccc(C(=O)O*)cc2)cc1,tg,77.0,70.65028228366707
*CCOCCOC(=O)c1ccccc1C(=O)O*,tg,-50.0,26.145389502509186
*CCOCCOCCN1C(=O)c2ccc(C(=O)Oc3ccc(-c4ccc(OC(=O)c5ccc6c(c5)C(=O)N(*)C6=O)cc4)cc3)cc2C1=O,tg,109.0,104.35164083135157
*CCOCCOCCN1C(=O)c2ccc(C(=O)Oc3ccc(OC(=O)c4ccc5c(c4)C(=O)N(*)C5=O)c(-c4ccccc4)c3)cc2C1=O,tg,105.0,113.2350186856392
*CCOCCOCCN1C(=O)c2ccc(C(=O)Oc3ccc(OC(=O)c4ccc5c(c4)C(=O)N(*)C5=O)cc3)cc2C1=O,tg,105.0,94.09331352941558
*CCOCCOCCN1C(=O)c2ccc(C(=O)Oc3ccc4cc(OC(=O)c5ccc6c(c5)C(=O)N(*)C6=O)ccc4c3)cc2C1=O,tg,105.0,109.22711623337311
*CCOCCOCCOC(=O)CCCCC(=O)O*,tg,-49.0,-53.27471316264528
*CCOCCOCCOC(=O)CCCCCC(=O)O*,tg,-54.0,-57.713060503200566
*CCOCCOCCOC(=O)c1cc(N=Nc2ccc(OCC)cc2)ccc1-c1ccc(N=Nc2ccc(OCC)cc2)cc1C(=O)O*,tg,65.0,75.42333305648508
*CCOCCOCCOC(=O)c1ccc(-c2ccc(C(=O)O*)cc2)cc1,tg,20.0,28.50441465230811
*CCOCCOCCOCCOC(=O)c1ccc(-c2ccc(-c3ccc(C(=O)O*)cc3)cc2)cc1,tg,20.0,27.58456264639835
*CCOCCOCCOCCOC(=O)c1ccc(-c2ccc(C(=O)O*)cc2)cc1,tg,4.0,22.023617604823155
*CCOCCOCCOCCOCCOCCOCCOCCOCCOCCOC(=O)c1ccc(-c2ccc(-c3ccc(C(=O)O*)cc3)cc2)cc1,tg,13.33,-18.22479978906711
*CCOCCOCCOCCOCCOCCOc1ccc(C(=O)Nc2cc(NC(=O)c3ccc(O*)cc3)cc(-c3nc4ccccc4[nH]3)c2)cc1,tg,125.0,136.14644932181113
*CCOCCOCCOCCOCCOc1ccc(C(=O)Nc2cc(NC(=O)c3ccc(O*)cc3)cc(-c3nc4ccccc4[nH]3)c2)cc1,tg,145.0,137.19340871327472
*CCOCCOCCOCCOc1ccc(/C=C(\C)c2ccc(O*)cc2)cc1,tg,7.5,15.435238753195893
*CCOCCOCCOc1ccc(/C=C(\C)c2ccc(O*)cc2)cc1,tg,15.33,25.628656484106326
*CCOCCOCCOc1ccc(C(=O)Nc2cc(NC(=O)c3ccc(O*)cc3)cc(-c3nc4ccccc4[nH]3)c2)cc1,tg,165.0,152.12773488442087
*CCOCCOCCOc1ccc(C=Cc2cc(OC)c(C=Cc3ccc(O*)c4ccccc34)cc2OC)c2ccccc12,tg,79.5,96.72781401884991
*CCOCCOCCOc1ccc(C=Cc2ccc(C=Cc3ccc(O*)c4ccccc34)cc2)c2ccccc12,tg,83.5,88.44111140948661
*CCOCCOCCOc1cccc(NC(=O)c2ccc(C(=O)Nc3cccc(O*)c3)cc2)c1,tg,116.0,116.85737800621048
*CCOCCOCCOc1cccc(NC(=O)c2cccc(C(=O)Nc3cccc(O*)c3)c2)c1,tg,111.0,117.73926500027574
*CCOCCOP(=O)(N=Nc1ccc(C(=O)c2ccc(N=NP(=O)(O*)OC)cc2)cc1)OC,tg,33.0,53.78660925029668
*CCOCCOP(=O)(N=Nc1ccc(Oc2ccc(N=NP(=O)(O*)OC)cc2)cc1)OC,tg,32.0,43.17574078028424
*CCOCCOc1ccc(C(=O)OC(=O)c2ccc(O*)cc2)cc1,tg,41.0,43.41867687890261
*CCOCCOc1ccc(C=C(C)c2ccc(O*)cc2)cc1,tg,39.0,40.42552369233884
*CCOCCOc1ccc(NC=Nc2ccc(O*)cc2)cc1,tg,62.0,65.85185675542591
*CCOCCOc1cccc(NC(=O)c2ccc(C(=O)Nc3cccc(O*)c3)cc2)c1,tg,140.0,133.1292595820919
*CCOCCOc1cccc(NC(=O)c2cccc(C(=O)Nc3cccc(O*)c3)c2)c1,tg,128.5,128.0225138540761
*CCOP(=O)(N=Nc1ccc(CCOC(=O)c2cc(C(=O)OCCc3ccc(N=NP(=O)(O*)OC)cc3)cc(C(C)(C)C)c2)cc1)OC,tg,84.0,75.3907366859815
*CCOP(=O)(N=Nc1ccc(COC(=O)c2cc(C(=O)OCc3ccc(N=NP(=O)(O*)OC)cc3)cc(C(C)(C)C)c2)cc1)OC,tg,105.0,73.50037610203587
*CCOP(=O)(N=Nc1ccc(Oc2ccc(N=NP(=O)(O*)OCC)cc2)cc1)OCC,tg,22.0,42.99172244477368
*CCOc1ccc(C2(c3ccc(OCCO[Si](O*)(c4ccccc4)c4ccccc4)cc3)c3ccccc3-c3ccccc32)cc1,tg,97.0,120.43477586127227
*CCOc1ccc(C=C2CCC(=Cc3ccc(OCCOP(=O)(O*)OC)c(OC)c3)C2=O)cc1OC,tg,99.0,79.91005978764629
*CCOc1ccc(C=C2CCC(=Cc3ccc(OCCOP(=O)(O*)OCC)c(OC)c3)C2=O)cc1OC,tg,80.0,92.11832046291175
*CCOc1ccc(S(=O)(=O)c2ccc(OCCOP(=O)(O*)Oc3ccc(Br)cc3)cc2)cc1,tg,59.0,39.53801303552914
*CCOc1ccc(S(=O)(=O)c2ccc(OCCOP(=O)(O*)Oc3ccc(C)cc3)cc2)cc1,tg,46.0,58.94568865543203
*CCOc1ccc(S(=O)(=O)c2ccc(OCCOP(=O)(O*)Oc3ccc([N+](=O)[O-])cc3)cc2)cc1,tg,56.0,61.00797059794977
*CCOc1ccc(S(=O)(=O)c2ccc(OCCOP(=O)(O*)Oc3ccccc3)cc2)cc1,tg,49.0,39.40528264776996
*CCS*,tg,-5.5,-41.01222554684712
*CCSCCOC(=O)CCC(=O)O*,tg,-34.0,-46.753078346174156
*CCSCc1ccc(Cc2ccc(CSCCOC(=O)CCSCc3ccc(Cc4ccc(CSCCC(=O)O*)cc4)cc3)cc2)cc1,tg,-4.6,22.979758720200973
*CCSCc1ccc(Cc2ccc(CSCCOC(=O)CSCc3ccc(Cc4ccc(CSCC(=O)O*)cc4)cc3)cc2)cc1,tg,-1.25,19.154999378602664
*CCSS*,tg,-27.0,-53.9127966097542
*CCSSSSCCO*,tg,-40.0,-58.51469493760531
*CC[CH2][Sn]([CH3])([CH3])[CH2]CCOC(=O)C(CCCCCCOc1ccc(-c2ccc(OCc3ccc([N+](=O)[O-])cc3)cc2)cc1)C(=O)O*,tg,40.5,25.0728988761863
*CCc1cc(C)c(*)cc1C,tg,95.0,91.74929874473249
*CCc1cc(Cl)c(*)c(Cl)c1,tg,110.0,118.66113885141229
*CCc1ccc(*)c(C#N)c1,tg,90.0,122.41944153505425
*CCc1ccc(*)c(C)c1,tg,54.38,74.27979835434122
*CCc1ccc(*)c(CCCC)c1,tg,20.0,26.880646912912695
*CCc1ccc(*)c(Cl)c1,tg,63.69,90.23897342112751
*CCc1ccc(*)c2ccccc12,tg,160.0,124.07486043724371
*CCc1ccc(CCNC(=O)CCCCCCCCCC(=O)N*)cc1,tg,96.0,87.39650341828995
*CCc1ccc(CCNC(=O)CCCCCCCCCCCCC(=O)N*)cc1,tg,93.0,73.58546734794004
*CCc1ccc(CCNC(=O)CCCCCCCCCCCCCCCCC(=O)N*)cc1,tg,75.0,82.80047420874705
*CN1C(=O)c2ccc(C(c3ccc4c(c3)C(=O)N(Cc3nc5cc(-c6ccc7oc(*)nc7c6)ccc5o3)C4=O)(C(F)(F)F)C(F)(F)F)cc2C1=O,tg,231.0,257.2138107311467
*CN1C(=O)c2ccc(C(c3ccc4c(c3)C(=O)N(Cc3nc5cc(C(c6ccc7oc(*)nc7c6)(C(F)(F)F)C(F)(F)F)ccc5o3)C4=O)(C(F)(F)F)C(F)(F)F)cc2C1=O,tg,225.0,214.09523520566904
*CN1C(=O)c2ccc(C(c3ccc4c(c3)C(=O)N(Cc3nc5ccc(Cc6ccc7nc(*)oc(=O)c7c6)cc5c(=O)o3)C4=O)(C(F)(F)F)C(F)(F)F)cc2C1=O,tg,218.0,225.5594485237387
*CN1C(=O)c2ccc(C(c3ccc4c(c3)C(=O)N(Cc3nnc(-c5ccc(-c6nnc(*)o6)c(Oc6ccccc6)c5)o3)C4=O)(C(F)(F)F)C(F)(F)F)cc2C1=O,tg,208.0,218.5725609179216
*CN1C(=O)c2ccc(C(c3ccc4c(c3)C(=O)N(Cc3nnc(-c5ccc(Oc6ccc(-c7nnc(*)o7)cc6)cc5)o3)C4=O)(C(F)(F)F)C(F)(F)F)cc2C1=O,tg,210.0,234.2157032969147
*CNC(=O)CCCCC(=O)NCC1COC(*)CO1,tg,93.0,76.42234092965005
*CNC(=O)CCCCCCCCC(=O)NCC1COC(*)CO1,tg,73.0,66.67536535196267
*CNC(=O)OCC(OC(=O)NCc1ccc(*)o1)c1ccco1,tg,30.0,62.649749057259314
*CNC(=O)OCC(OC(=O)NCc1ccc(C(CCC)c2ccc(*)o2)o1)c1ccco1,tg,43.0,65.78448370362014
*CNC(=O)OCCOC(=O)NCc1ccc(C(C)(C)c2ccc(*)o2)o1,tg,50.0,56.38254420660464
*CO*,tg,-53.97,-20.51799645361948
*COC(=O)NCCCCCCNC(=O)OCc1ccc(*)o1,tg,33.0,33.613372081358705
*COC(=O)Nc1ccc(Cc2ccc(NC(=O)OCc3cocc3*)cc2)cc1,tg,45.0,121.34679495996227
*COC(=O)OC1C(*)OC2OC(C)(C)OC21,tg,128.0,133.8984522655917
*COC(=O)OCC1OC(C)(C)OC1*,tg,51.38,81.84584285583719
*COC(=O)OCC1OC(OCC)OC1*,tg,51.38,30.49598376753307
*COC(=O)c1ccc(C(C#N)=C(c2ccc(OC)cc2)N2CCCC(*)C2)cc1,tg,171.5,152.69792060172514
*COCOc1ccc(C(=O)OC(=O)c2ccc(O*)cc2)cc1,tg,57.0,86.94759696532977
*COc1ccc(C(C)(C)c2ccc(Oc3ccc(*)n3-c3ccc(C#N)cc3)cc2)cc1,tg,73.13,105.02831127748384
*COc1ccc(C(C)(C)c2ccc(Oc3ccc(*)n3-c3ccc([N+](=O)[O-])cc3)cc2)cc1,tg,76.75,111.64268373856062
*COc1ccc(C(c2ccc(O*)cc2)(C(F)(F)F)C(F)(F)F)cc1,tg,123.0,104.89328718829208
*C[Si](*)(C)C,tg,-91.17,2.4364749928636265
*C[Si](*)(C)CCCCCC,tg,-77.6,-50.50567627052759
*C[Si](*)(C)CCCOCCOCCOC,tg,-73.3,-61.12253451249335
*C[Si](*)(C)CCCn1c2ccccc2c2ccccc21,tg,71.2,61.38755638904883
*C[Si](*)(C)c1ccccc1,tg,28.0,17.50557722182379
*C[Si](*)(CCC)CCC,tg,-41.0,-46.398239663224366
*C[Si](*)(CCCC)CCCC,tg,-30.0,-54.989325924830226
*C[Si](*)(CCCCC)CCCCC,tg,-55.0,-57.43650260280617
*C[Si](C)(C)[Si](C)(C)[Si](C)(C)[Si](*)(C)C,tg,-68.0,-21.334445599324546
*Cc1c(C)c(C)c(CNC(=O)CCCC(=O)N*)c(C)c1C,tg,192.0,142.4729771190012
*Cc1cc(C)c(CNC(=O)c2ccc(C(=O)N*)cc2)cc1C,tg,225.0,207.85862003422722
*Cc1cc(C23CC4CC(CC(C4)C2)C3)cc(CN(*)C)c1O,tg,188.8,124.48792250976948
*Cc1cc(C23CC4CC(CC(C4)C2)C3)cc(CN(*)c2ccccc2)c1O,tg,109.4,202.34797453807502
*Cc1cc(CNC(=O)CCCCC(=O)N*)cc(C(C)(C)C)c1,tg,109.0,111.70789565005695
*Cc1cc(CNC(=O)c2cccc(C(=O)N*)c2)cc(C(C)(C)C)c1,tg,188.0,189.25734203090295
*Cc1cc(COC(=O)Nc2ccc(Cc3ccc(NC(=O)O*)cc3)cc2)cc(C(C)(C)C)c1,tg,114.0,124.04619553944744
*Cc1cc2cc(C(=O)Nc3ccc(C(c4ccc(NC(=O)c5cc6cc(*)c(OC(=O)COc7ccc8ccc(=O)oc8c7)cc6oc5=O)cc4)(C(F)(F)F)C(F)(F)F)cc3)c(=O)oc2cc1OC(=O)COc1ccc2ccc(=O)oc2c1,tg,257.0,235.15306520977347
*Cc1cc2cc(C(=O)Nc3ccc(Cc4ccc(NC(=O)c5cc6cc(*)c(OC(=O)COc7ccc8ccc(=O)oc8c7)cc6oc5=O)cc4)cc3)c(=O)oc2cc1OC(=O)COc1ccc2ccc(=O)oc2c1,tg,221.0,233.20667888908446
*Cc1cc2cc(C(=O)Nc3ccc(NC(=O)c4cc5cc(*)c(OC(=O)COc6ccc7ccc(=O)oc7c6)cc5oc4=O)cc3)c(=O)oc2cc1OC(=O)COc1ccc2ccc(=O)oc2c1,tg,252.0,237.73500966641654
*Cc1cc2cc(C(=O)Nc3ccc(Oc4ccc(NC(=O)c5cc6cc(*)c(OC(=O)COc7ccc8ccc(=O)oc8c7)cc6oc5=O)cc4)cc3)c(=O)oc2cc1OC(=O)COc1ccc2ccc(=O)oc2c1,tg,226.0,252.4452974524276
*Cc1cc2cc(C(=O)Nc3cccc(NC(=O)c4cc5cc(*)c(OC(=O)COc6ccc7ccc(=O)oc7c6)cc5oc4=O)c3)c(=O)oc2cc1OC(=O)COc1ccc2ccc(=O)oc2c1,tg,240.0,249.56578274744157
*Cc1ccc(C(C)(C)c2ccc(CN3C(=O)c4ccc(-c5ccc6c(c5)C(=O)N(*)C6=O)cc4C3=O)o2)o1,tg,129.0,221.2181805055026
*Cc1ccc(C(C)(C)c2ccc(CN3C(=O)c4ccc(Oc5ccc6c(c5)C(=O)N(*)C6=O)cc4C3=O)o2)o1,tg,116.0,154.51811461398302
*Cc1ccc(C(C)c2ccc(CN3C(=O)c4ccc(Oc5ccc6c(c5)C(=O)N(*)C6=O)cc4C3=O)o2)o1,tg,129.0,132.57844373312744
*Cc1ccc(CNC(=O)CC(C)(C)CC(C)C(=O)N*)cc1,tg,125.0,118.85500088638462
*Cc1ccc(CNC(=O)CCCCCCCCCC(=O)N*)cc1,tg,108.8,84.41866212098998
*Cc1ccc(CNC(=O)CCCCCCCCCCCC(=O)N*)cc1,tg,100.0,87.22047639322602
*Cc1ccc(CNC(=O)CCCCCCCCCCCCCCCCC(=O)N*)cc1,tg,75.0,80.01189173976724
*Cc1ccc(COC(=O)Cc2ccc(C(=O)O*)cc2)cc1,tg,47.0,75.90331900867861
*Cc1ccc(COC(=O)c2cccc(C(=O)O*)c2)cc1,tg,143.0,72.4260289156162
*Cc1ccc(COP(=O)(N=Nc2ccc(-c3ccc(N=NP(=O)(O*)OC)cc3)cc2)OC)cc1,tg,48.0,74.62524713618743
*Cc1ccc(COP(=O)(N=Nc2ccc(Oc3ccc(N=NP(=O)(O*)OC)cc3)cc2)OC)cc1,tg,50.0,76.01460950340301
*Cc1ccc(CSS*)cc1,tg,23.0,33.66229275181877
*Cc1ccc(C[n+]2ccc(-c3cc[n+](*)cc3)cc2)cc1,tg,95.0,156.50285468871667
*Cc1ccc2nc(-c3cc(-c4nc5ccc(*)cc5c(=O)o4)cc(N4C(=O)c5ccccc5C4=O)c3)oc(=O)c2c1,tg,322.0,331.18204845755713
*Cc1ccc2oc(=O)c(C(=O)Nc3ccc(C(c4ccc(NC(=O)c5cc6cc(*)ccc6oc5=O)cc4)(C(F)(F)F)C(F)(F)F)cc3)cc2c1,tg,329.0,288.76151816991876
*Cc1ccc2oc(=O)c(C(=O)Nc3ccc(Oc4ccc(C(c5ccc(Oc6ccc(NC(=O)c7cc8cc(*)ccc8oc7=O)cc6)cc5)(C(F)(F)F)C(F)(F)F)cc4)cc3)cc2c1,tg,283.0,277.9038946053889
*Cc1ccc2oc(=O)c(C(=O)Nc3ccc(Oc4ccc(NC(=O)c5cc6cc(*)ccc6oc5=O)cc4)cc3)cc2c1,tg,312.0,285.0711003478906
*Cc1ccc2oc(=O)c(C(=O)Nc3ccc(Oc4ccc(Oc5ccc(NC(=O)c6cc7cc(*)ccc7oc6=O)cc5)cc4)cc3)cc2c1,tg,290.0,267.3467788691108
*Cc1cccc(CNC(=O)C=C(C)C(=O)N*)c1,tg,135.0,157.40099803115163
*Cc1cccc(CNC(=O)CCCCC(=O)N*)c1,tg,81.05,98.93840987256083
*Cc1cccc(CNC(=O)c2cccc(C(=O)N*)c2)c1,tg,167.33,180.57585014725237
*Cc1cccc(CNC(=O)c2ccccc2-c2ccccc2C(=O)N*)c1,tg,159.0,216.37461483179118
*Cc1cccc(C[n+]2ccc(-c3cc[n+](*)cc3)cc2)c1,tg,128.0,150.24331856234411
*Cc1ccccc1CN(CC)c1ccc(/C=C(\C#N)C(=O)Nc2cccc(NC(=O)/C(C#N)=C/c3ccc(N(*)CC)cc3)c2)cc1,tg,188.0,197.32996400366375
*Cc1ccccc1CSS*,tg,39.0,32.346659253504896
*Cc1ccccc1C[n+]1ccc(-c2cc[n+](*)cc2)cc1,tg,70.5,173.76777441961087
*Cc1ccccc1[Si](*)(C)C,tg,48.0,84.41334746582415
*Cc1ccccc1[Si](*)(C)c1ccccc1,tg,93.8,81.32743855295297
*Cc1ccccc1[Si](*)(c1ccccc1)c1ccccc1,tg,122.0,109.36666815308703
*N1CCOC1(*)CC,tg,55.0,124.25211962378394
*N=Nc1ccc(C(=O)NCCCCNC(=O)c2ccc(*)cc2)cc1,tg,215.0,171.5320082564294
*N=Nc1ccc(NC(=O)CCC(=O)Nc2ccc(*)cc2)cc1,tg,220.0,173.96721326837732
*N=Nc1ccc(Nc2ccc(C(=O)c3ccc(C(=O)c4ccc(Nc5ccc(*)cc5)cc4)cc3)cc2)cc1,tg,203.0,206.82344268812633
*N=Nc1ccc(Nc2ccc(C(=O)c3ccc(Nc4ccc(*)cc4)cc3)cc2)cc1,tg,216.42,210.28314182632414
*N=P(*)(NCC)NCC,tg,30.0,10.099730532598004
*N=P(*)(OCC(F)(F)C(F)(F)F)OCC(F)(F)C(F)(F)F,tg,-65.0,-56.76132374079006
*N=P(*)(OCC(F)(F)F)OCC(F)(F)F,tg,-66.57,-51.727451474450326
*N=P(*)(OCC=Cc1ccccc1)OCC=Cc1ccccc1,tg,1.0,11.779871074914679
*N=P(*)(OCCC)OCCC,tg,-100.0,-80.75495537876805
*N=P(*)(OCCC)OCCCCC,tg,-100.0,-92.76547281292534
*N=P(*)(OCCCCC)OCCCCC,tg,-104.0,-96.38471396134445
*N=P(*)(OCCCCCCC)OCCCCCCC,tg,-94.0,-96.94953952119947
*N=P(*)(OCCCCCCCCC)OCCCCCCCCC,tg,-56.0,-90.4061873076215
*N=P(*)(OCCOC)OCCOC,tg,-75.0,-82.31594319253574
*N=P(*)(OCCOCCOCC)OCCOCCOCC,tg,-78.0,-79.37099001715546
*N=P(*)(OCCOCCOCCCC)OCCOCCOCCCC,tg,-84.0,-80.30308185074091
*N=P(*)(OCCc1ccccc1)OCCc1ccccc1,tg,-32.7,-5.298990442061892
*N=P(*)(OCc1ccc(-c2ccccc2)cc1)OCc1ccc(-c2ccccc2)cc1,tg,52.0,28.57596037480533
*N=P(*)(OCc1ccc(Br)cc1)OCc1ccc(Br)cc1,tg,-0.8,17.14703602848161
*N=P(*)(Oc1ccc(C(C)C)cc1)Oc1ccc(C(C)C)cc1,tg,0.0,52.1380539219843
*N=P(*)(Oc1ccc(C)cc1)Oc1ccc(C)cc1,tg,0.3,36.32459608938017
*N=P(*)(Oc1ccc(Cl)cc1Cl)Oc1ccc(Cl)cc1Cl,tg,2.0,29.436999743773516
*N=P(*)(Oc1ccc(F)cc1)Oc1ccc(F)cc1,tg,-10.0,1.8715751924954227
*N=P(*)(Oc1ccc2ccccc2c1)Oc1ccc2ccccc2c1,tg,47.0,66.93261669441962
*N=P(*)(Oc1cccc(C(F)(F)F)c1)Oc1cccc(C(F)(F)F)c1,tg,-35.0,14.597126620179687
*N=P(*)(Oc1cccc(C)c1)Oc1cccc(C)c1,tg,-25.0,13.133196925669035
*N=P(N=P(N=S(*)(=O)NC)(NC)NC)(NC)NC,tg,22.0,29.408201493129564
*N=P(N=P(N=S(*)(=O)NCC)(NCC)NCC)(NCC)NCC,tg,4.0,32.27966472936679
*N=P(N=P(N=S(*)(=O)NCCCC)(NCCCC)NCCCC)(NCCCC)NCCCC,tg,-17.0,21.97107547311904
*N=P1(*)Oc2ccccc2-c2ccccc2O1,tg,160.0,71.39333415754085
*NC(=O)NCCCCCCNC(=O)Nc1cccc(*)n1,tg,169.67,98.23142824998614
*NC(=O)Nc1ccc(Cc2ccc(NC(=O)Nc3cccc(*)n3)cc2)cc1,tg,216.67,200.38240087121045
*NC(C#N)=C(C#N)NC(=O)c1ccc(C(*)=O)cc1,tg,232.0,212.73496960719189
*NC(C)CC(*)=O,tg,115.0,92.60939655467796
*NC(CCC(=O)Nc1ccc(N(c2ccccc2)c2ccccc2)cc1)C(*)=O,tg,132.0,145.3594361201718
*NC(CCC(=O)OCC)C(*)=O,tg,-27.33,6.901717876319092
*NC(CCC(=O)OCCCC)C(*)=O,tg,-39.33,-29.521207958878755
*NC(CCC(=O)OCCCCC)C(*)=O,tg,-20.0,-42.65010569560561
*NC(CCC(=O)OCCCCCC)C(*)=O,tg,-48.33,-30.35895773291594
*NC(CCC(=O)OCCCCCCCC)C(*)=O,tg,-59.5,-32.91445109188038
*NC(CCC(=O)OCc1ccc(C(F)(F)F)cc1)C(*)=O,tg,26.57,25.975856583181134
*NC(CCC(=O)OCc1ccc(F)cc1)C(*)=O,tg,46.9,22.895513655453215
*NC(CCC(=O)OCc1ccc([N+](=O)[O-])cc1)C(*)=O,tg,53.15,69.23451183406333
*NC1CC(C)(C)CC(C)(CNC(=O)c2cc(NC(=O)C(C(C)CC)N3C(=O)c4ccccc4C3=O)cc(C(*)=O)c2)C1,tg,128.0,182.08886745050785
*NC1CCC(CC(C)(C)NC(=O)CCCCC(*)=O)CC1,tg,80.0,123.45063633953086
*NC1CCC(CC2CCC(NC(=O)CCCCC(*)=O)CC2)CC1,tg,173.33,138.6100314632112
*NC1CCC(CC2CCC(NC(=O)CCCCCCCCC(*)=O)CC2)CC1,tg,139.33,121.58085003906905
*NC1CCC(CC2CCC(NC(=O)CCCCCCCCCCC(*)=O)CC2)CC1,tg,139.67,135.66634341060902
*NC1CCC(CC2CCC(NC(=O)CCCCCCCCCCCCC(*)=O)CC2)CC1,tg,131.0,116.55095729585938
*NC1CCC(CCC2CCC(NC(=O)CCCCCCCCCCC(*)=O)CC2)CC1,tg,105.0,111.96816264564146
*NCCCCCCNc1nc(*)nc(-c2ccccc2)n1,tg,95.0,87.68951049237747
*NNC(=O)C=CC(=O)NCCCCCCNC(=O)C=CC(*)=O,tg,102.4,121.37395053035547
*NNC(=O)c1cc(NC(=O)c2ccc3c(c2)C(=O)N(c2ccc(C)cn2)C3=O)cc(C(=O)NNC(=O)C(*)=O)c1,tg,146.4,187.96271903166544
*NNC(=O)c1cc(NC(=O)c2ccc3c(c2)C(=O)N(c2ccc(C)cn2)C3=O)cc(C(=O)NNC(=O)c2ccc(C(*)=O)cc2)c1,tg,145.6,150.43548270418637
*NNC(=O)c1cc(NC(=O)c2ccc3c(c2)C(=O)N(c2ncccc2C)C3=O)cc(C(=O)NNC(=O)C(*)=O)c1,tg,134.1,172.1366899902062
*NNC(=O)c1cc(NC(=O)c2ccc3c(c2)C(=O)N(c2ncccc2C)C3=O)cc(C(=O)NNC(=O)CC(*)=O)c1,tg,156.3,160.00501310205044
*NNC(=O)c1cc(NC(=O)c2ccc3c(c2)C(=O)N(c2ncccc2C)C3=O)cc(C(=O)NNC(=O)CCCC(*)=O)c1,tg,131.7,166.3563571085241
*NNC(=O)c1cc(NC(=O)c2ccc3c(c2)C(=O)N(c2ncccc2C)C3=O)cc(C(=O)NNC(=O)c2ccc(C(*)=O)cc2)c1,tg,130.3,161.3973889004541
*NNC(=O)c1ccc(C(*)=O)cc1OCC,tg,240.0,181.16556143199873
*NNC(=O)c1ccc(C(*)=O)cc1OCCCCC,tg,234.0,141.58303175630402
*NNC(=O)c1ccc(C(=O)NNC(=O)c2ccc([Si](c3ccccc3)(c3ccccc3)c3ccc(C(*)=O)cc3)cc2)c2ccccc12,tg,271.5,232.67794206395322
*NNC(=O)c1ccccc1C(=O)NCCCCCCNC(=O)c1ccccc1C(*)=O,tg,224.5,156.2782249605782
*NNC(=O)c1ccccc1C(=O)Nc1cccc(C=C2CCCC(=Cc3cccc(NC(=O)c4ccccc4C(*)=O)c3)C2=O)c1,tg,195.0,224.82088331934347
*Nc1c(C)c(C)c(C(=O)c2ccc(NC(=O)c3ccc(C(*)=O)cc3)cc2)c(C)c1C,tg,366.0,293.8680654513895
*Nc1cc(NC(=O)C(*)=O)ccc1C,tg,-54.65,173.90690412981476
*Nc1cc(NC(=O)CCCCC(*)=O)cc(-c2nnc(-c3ccccn3)o2)c1,tg,159.0,159.90496527266373
*Nc1cc(NC(=O)NC2CCC(CC3CCC(NC(*)=O)CC3)CC2)cc(C(=O)Nc2ccc3c(c2)C(=O)c2ccccc2C3=O)c1,tg,148.0,230.63034599209553
*Nc1cc(NC(=O)NC2CCC(CC3CCC(NC(*)=O)CC3)CC2)cc(C(=O)Nc2cccc3c2C(=O)c2ccccc2C3=O)c1,tg,156.0,227.26478664895103
*Nc1cc(NC(=O)Nc2ccc(CCc3ccccc3NC(*)=O)cc2)ccc1C,tg,227.0,193.3725487767333
*Nc1cc(NC(=O)Nc2ccc(Cc3ccc(NC(*)=O)cc3)cc2)cc(C(=O)Nc2ccc3c(c2)C(=O)c2ccccc2C3=O)c1,tg,168.0,194.3950089332741
*Nc1cc(NC(=O)Nc2ccc(Cc3ccc(NC(*)=O)cc3)cc2)cc(C(=O)Nc2cccc3c2C(=O)c2ccccc2C3=O)c1,tg,178.0,183.4182809947284
*Nc1cc(NC(=O)Nc2ccc(NC(*)=O)cc2)cc(C(=O)Nc2ccc3c(c2)C(=O)c2ccccc2C3=O)c1,tg,184.0,189.5138526117514
*Nc1cc(NC(=O)Nc2ccc(NC(*)=O)cc2)cc(C(=O)Nc2cccc3c2C(=O)c2ccccc2C3=O)c1,tg,190.0,186.26540127434086
*Nc1cc(NC(=O)c2cc(NC(=O)C(C(C)CC)N3C(=O)c4ccccc4C3=O)cc(C(*)=O)c2)ccc1C,tg,166.0,216.80441793988726
*Nc1cc(NC(=O)c2cc(OCCCN(C)c3ccc(N=Nc4ccc(S(C)(=O)=O)cc4)cc3)cc(C(*)=O)c2)cc(C(=O)OCCCN(C)c2ccc(N=Nc3ccc(S(C)(=O)=O)cc3)cc2)c1,tg,168.0,190.3362267599888
*Nc1cc(NC(=O)c2cc(OCCCS(=O)(=O)c3ccc(N=Nc4ccc(N(C)C)cc4)cc3)cc(C(*)=O)c2)cc(C(=O)OCCCN(C)c2ccc(N=Nc3ccc(S(C)(=O)=O)cc3)cc2)c1,tg,166.0,190.84382567624604
*Nc1cc(NC(=O)c2cc(OCCN(C)c3ccc(C#N)cc3)cc(C(*)=O)c2)cc(C(=O)OCCN(C)c2ccc(C#N)cc2)c1,tg,167.0,205.45205350959992
*Nc1cc(NC(=O)c2cc(OCCN(C)c3ccc(S(=O)(=O)C(F)(F)C(F)(F)C(F)(F)C(F)(F)C(F)(F)C(F)(F)C(F)(F)C(F)(F)F)cc3)cc(C(*)=O)c2)cc(C(=O)OCCN(C)c2ccc(C#N)cc2)c1,tg,157.0,182.64921848621245
*Nc1cc(NC(=O)c2cc(OCCN(C)c3ccc([N+](=O)[O-])cc3)cc(C(*)=O)c2)cc(C(=O)OC)c1,tg,177.0,194.91348227516775
*Nc1cc(NC(=O)c2cc(OCCN(C)c3ccc([N+](=O)[O-])cc3)cc(C(*)=O)c2)cc(C(=O)OC2CC(C)CCC2C(C)C)c1,tg,193.0,177.52346096437657
*Nc1cc(NC(=O)c2ccc(-c3ccc(C(*)=O)cc3)cc2)cc(C(=O)OCCOc2ccc(C=CC(=O)c3ccccc3)cc2)c1,tg,254.0,210.04850569575856
*Nc1cc(NC(=O)c2ccc(C(*)=O)cc2)cc(-c2nc3ccccc3[nH]2)c1,tg,267.5,284.84484320382046
*Nc1cc(NC(=O)c2ccc(C(*)=O)cc2)cc(-c2nc3ccccc3oc2=O)c1,tg,103.0,271.99236416539685
*Nc1cc(NC(=O)c2ccc(C(*)=O)cc2)cc(-c2nnc(-c3ccccn3)o2)c1,tg,230.0,249.0747752825706
*Nc1cc(NC(=O)c2ccc(C(*)=O)cc2)cc(C(=O)OC(c2ccccc2)c2ccccc2)c1,tg,217.0,215.03106534402679
*Nc1cc(NC(=O)c2ccc(C(*)=O)cc2)cc(C(=O)OCCOC(=O)C=Cc2ccc(N(C)C)cc2)c1,tg,198.0,194.04094133757744
*Nc1cc(NC(=O)c2ccc(C(*)=O)cc2)cc(C(=O)Oc2ccc(-c3ccccc3)cc2)c1,tg,178.0,218.672360084152
*Nc1cc(NC(=O)c2ccc(C(*)=O)cc2)cc(C(=O)Oc2ccccc2)c1,tg,200.0,204.6582078285815
*Nc1cc(NC(=O)c2cccc(C(*)=O)c2)cc(C(=O)OCCOc2ccc(C=CC(=O)c3ccccc3)cc2)c1,tg,216.0,212.09626457512647
*Nc1cc(NC(=O)c2cccc(C(*)=O)c2)cc(C(=O)Oc2ccc(Oc3ccc(C#N)c(C#N)c3)cc2)c1,tg,305.0,197.52057116626696
*Nc1cc(NC(=O)c2ccccc2C(*)=O)cc(-c2nnc(-c3ccccn3)o2)c1,tg,90.0,247.6516937335597
*Nc1cc([N+](=O)[O-])c(NC(=O)CCCCCCC(*)=O)cc1C=Cc1ccc(N(C)C)cc1,tg,177.6,147.84022671207387
*Nc1cc([N+](=O)[O-])c(NC(=O)CCCCCCCCC(*)=O)cc1C=Cc1ccc(N(C)C)cc1,tg,159.0,149.35525379636184
*Nc1cc([N+](=O)[O-])c(NC(=O)CCCCCCCCCCCCC(*)=O)cc1C=Cc1ccc(N(C)C)cc1,tg,125.0,129.88209787126294
*Nc1ccc(*)cc1OC,tg,90.0,119.05205717852263
*Nc1ccc(*)cc1OCCCCCCCCCCOc1ccc(C2CCC(CCCCC)CC2)cc1,tg,54.0,89.29016574481655
*Nc1ccc(-c2c(-c3ccc(-c4ccccc4)cc3)cc(-c3ccc(-c4cc(-c5ccc(-c6ccccc6)cc5)c(-c5ccc(NC(=O)c6ccc(C(*)=O)cc6)cc5)c(-c5ccc(-c6ccccc6)cc5)c4)cc3)cc2-c2ccc(-c3ccccc3)cc2)cc1,tg,305.0,286.28643312794907
*Nc1ccc(-c2ccc(NC(=O)Cc3cc(C)c(CC(*)=O)cc3C)cc2)cc1,tg,171.0,238.5821475707795
*Nc1ccc(-c2ccc(NC(=O)c3cc(C(*)=O)cc(S(=O)(=O)c4ccccc4)c3)cc2)cc1,tg,319.0,280.64279290951515
*Nc1ccc(-c2ccc(NC(=O)c3cc(NC(=O)c4ccc(NC(=O)C(C)N5C(=O)c6ccccc6C5=O)cc4)cc(C(*)=O)c3)cc2)cc1,tg,202.0,245.12894173370236
*Nc1ccc(-c2ccc(NC(=O)c3cc(NC(=O)c4ccncc4)cc(C(*)=O)c3)cc2)cc1,tg,339.0,289.4117546629861
*Nc1ccc(-c2ccc(NC(=O)c3ccc(NC(=O)c4ccc([Si](C)(C)c5ccc(C(=O)Nc6ccc(C(*)=O)cc6)cc5)cc4)cc3)cc2)cc1,tg,320.0,264.027862656976
*Nc1ccc(-c2ccc(NC(=O)c3cccc(C(*)=O)c3)c(O)c2)cc1O,tg,386.0,252.97894086405717
*Nc1ccc(-c2ccc(NC(=O)c3cccc(C(*)=O)c3)c(OC)c2)cc1OC,tg,218.2,261.39257600022046
*Nc1ccc(-c2ccc(Nc3ccc4c(c3)c3cc(*)ccc3n4CC(CC)CCCC)cc2)cc1,tg,231.0,198.93763035176423
*Nc1ccc(Br)cc1-c1ccc(NC(=O)c2ccc(C(*)=O)cc2)cc1,tg,267.0,269.4638311164141
*Nc1ccc(Br)cc1-c1ccc(NC(=O)c2cccc(C(*)=O)c2)cc1,tg,253.0,287.1869687004277
*Nc1ccc(C(=O)c2ccc(NC(=O)c3ccc(C(*)=O)cc3)cc2)cc1,tg,300.0,239.56874401842964
*Nc1ccc(C(=O)c2ccc(NC(=O)c3cccc(C(*)=O)c3)cc2)cc1,tg,253.2,241.75547045031777
*Nc1ccc(C(=O)c2ccc(Nc3ccc4c(c3)c3cc(*)ccc3n4CC(CC)CCCC)cc2)cc1,tg,236.06,223.40373089332095
*Nc1ccc(C(C)(C)c2ccc(NC(=O)c3cc(C(*)=O)cc(N4C(=O)C5C6CCC(C6)C5C4=O)c3)cc2)cc1,tg,311.0,284.17621245968496
*Nc1ccc(C(C)(C)c2ccc(NC(=O)c3cc(C(*)=O)cc(S(=O)(=O)c4ccccc4)c3)cc2)cc1,tg,287.0,257.2397217283489
*Nc1ccc(C(C)(C)c2ccc(NC(=O)c3cccc(C(*)=O)c3)cc2)cc1,tg,278.33,266.81668059685904
*Nc1ccc(C(c2ccc(NC(=O)c3cc(C(*)=O)cc(C(C)(C)C)c3)cc2)(C(F)(F)F)C(F)(F)F)cc1,tg,284.1,268.1727585885971
*Nc1ccc(C(c2ccc(NC(=O)c3cc(C(*)=O)cc(C(C)(C)C)c3)cc2)(P2(=O)Oc3ccccc3-c3ccccc32)P2(=O)Oc3ccccc3-c3ccccc32)cc1,tg,235.0,240.88516586722076
*Nc1ccc(C(c2ccc(NC(=O)c3cc(NC(=O)C45CC6CC(CC(C6)C4)C5)cc(C(*)=O)c3)cc2)(C(F)(F)F)C(F)(F)F)cc1,tg,365.0,301.3132397293079
*Nc1ccc(C(c2ccc(NC(=O)c3cc(NC(=O)CCCCCN4C(=O)c5ccccc5C4=O)cc(C(*)=O)c3)cc2)(C(F)(F)F)C(F)(F)F)cc1,tg,225.0,214.5900017640232
*Nc1ccc(C(c2ccc(NC(=O)c3cc(NC(=O)CCCN4C(=O)c5ccccc5C4=O)cc(C(*)=O)c3)cc2)(C(F)(F)F)C(F)(F)F)cc1,tg,240.0,233.66250786788382
*Nc1ccc(C(c2ccc(NC(=O)c3ccc(-c4ccc(C(*)=O)cc4)cc3)cc2)(P2(=O)Oc3ccccc3-c3ccccc32)P2(=O)Oc3ccccc3-c3ccccc32)cc1,tg,251.0,256.43850924612235
*Nc1ccc(C(c2ccc(NC(=O)c3ccc(C(*)=O)cc3)cc2)(P2(=O)Oc3ccccc3-c3ccccc32)P2(=O)Oc3ccccc3-c3ccccc32)cc1,tg,245.0,243.49382052109664
*Nc1ccc(C(c2ccc(NC(=O)c3ccc(C(c4ccc(C(*)=O)cc4)(C(F)(F)F)C(F)(F)F)cc3)cc2)(P2(=O)Oc3ccccc3-c3ccccc32)P2(=O)Oc3ccccc3-c3ccccc32)cc1,tg,235.0,246.99456240594677
*Nc1ccc(C(c2ccc(NC(=O)c3ccc4cc(C(*)=O)ccc4c3)cc2)(P2(=O)Oc3ccccc3-c3ccccc32)P2(=O)Oc3ccccc3-c3ccccc32)cc1,tg,241.0,238.8003943605578
*Nc1ccc(C(c2ccc(NC(=O)c3cccc(C(*)=O)c3)cc2)(P2(=O)Oc3ccccc3-c3ccccc32)P2(=O)Oc3ccccc3-c3ccccc32)cc1,tg,230.0,237.5674823461914
*Nc1ccc(C2(c3ccc(NC(=O)c4ccc(C(*)=O)cc4)cc3)c3ccccc3-c3ccccc32)cc1,tg,319.0,287.050744275271
*Nc1ccc(CC(C)(C)NC(=O)CCC(*)=O)cc1,tg,158.0,122.02867316634972
*Nc1ccc(CC(C)(C)NC(=O)CCCCC(*)=O)cc1,tg,130.0,121.28732546674665
*Nc1ccc(CC(C)(C)NC(=O)CCCCCCCCC(*)=O)cc1,tg,92.0,91.86504428105481
*Nc1ccc(CCNC(=O)CCCCC(*)=O)cc1,tg,115.0,102.89508803461653
*Nc1ccc(Cc2ccc(NC(=O)NCCCCCCCCCCCCCCCCCCNC(*)=O)cc2)cc1,tg,48.0,49.511221232536336
*Nc1ccc(Cc2ccc(NC(=O)NCCCCCCCCCCCCNC(*)=O)cc2)cc1,tg,51.0,58.123191942993635
*Nc1ccc(Cc2ccc(NC(=O)NCCCCCCCCCCNC(*)=O)cc2)cc1,tg,46.0,64.99921671296136
*Nc1ccc(Cc2ccc(NC(=O)NCCCCCCCCNC(*)=O)cc2)cc1,tg,50.0,89.18258069385996
*Nc1ccc(Cc2ccc(NC(=O)NCCCCCCNC(*)=O)cc2)cc1,tg,78.0,96.5661493729838
*Nc1ccc(Cc2ccc(NC(=O)c3cc(C(*)=O)cc(N4C(=O)C5CC=CCC5C4=O)c3)cc2)cc1,tg,286.0,267.1436977200119
*Nc1ccc(Cc2ccc(NC(=O)c3cc(C(*)=O)cc(N4C(=O)C=CC4=O)c3)cc2)cc1,tg,287.0,269.93639068716817
*Nc1ccc(Cc2ccc(NC(=O)c3cc(C(*)=O)cc(S(=O)(=O)c4ccccc4)c3)cc2)cc1,tg,270.0,241.80120143349555
*Nc1ccc(Cc2ccc(NC(=O)c3cc(NC(=O)CCCCCN4C(=O)c5ccccc5C4=O)cc(C(*)=O)c3)cc2)cc1,tg,195.0,221.12342951479678
*Nc1ccc(Cc2ccc(NC(=O)c3cc(NC(=O)CCN4C(=O)c5ccccc5C4=O)cc(C(*)=O)c3)cc2)cc1,tg,235.0,226.74915029244002
*Nc1ccc(Cc2ccc(NC(=O)c3cc(NC(=O)c4ccc(NC(=O)C(CC(C)C)N5C(=O)c6ccccc6C5=O)cc4)cc(C(*)=O)c3)cc2)cc1,tg,238.0,234.59419696248187
*Nc1ccc(Cc2ccc(NC(=O)c3cc(NC(=O)c4ccccc4)cc(C(*)=O)c3)cc2)cc1,tg,285.0,267.73422847398456
*Nc1ccc(Cc2ccc(NC(=O)c3cc(NC(=O)c4ccncc4)cc(C(*)=O)c3)cc2)cc1,tg,302.0,281.6714872223688
*Nc1ccc(NC(=O)CCCC(*)=O)cc1,tg,135.0,144.2446219757208
*Nc1ccc(NC(=O)CCCCC(*)=O)cc1,tg,133.0,144.46411378557124
*Nc1ccc(NC(=O)CCCCCCC(*)=O)cc1,tg,138.0,128.27418684026284
*Nc1ccc(NC(=O)CCCCCCCC(*)=O)cc1,tg,130.0,128.2152629039084
*Nc1ccc(NC(=O)CCCCCCCCC(*)=O)cc1,tg,125.0,122.64563087809417
*Nc1ccc(NC(=O)Cc2cc(CC(*)=O)c(C)cc2C)cc1,tg,208.0,199.89500562323997
*Nc1ccc(NC(=O)c2cc(-c3ccc(C(=O)OC)c(C(*)=O)c3)ccc2C(=O)OC)cc1,tg,234.2,217.63578297243257
*Nc1ccc(NC(=O)c2cc(-c3ccc(C(=O)OCC)c(C(*)=O)c3)ccc2C(=O)OCC)cc1,tg,231.7,213.76544638633877
*Nc1ccc(NC(=O)c2cc(C(*)=O)c(C(=O)O)cc2C(=O)O)cc1,tg,283.4,212.93049731116955
*Nc1ccc(NC(=O)c2cc(C(=O)c3ccc(C(=O)O)c(C(*)=O)c3)ccc2C(=O)O)cc1,tg,213.2,226.87846079984897
*Nc1ccc(NC(=O)c2cc(NC(=O)c3ccccc3)cc(C(*)=O)c2)cc1,tg,321.0,312.9030698614941
*Nc1ccc(NC(=O)c2cc(NC(=O)c3ccncc3)cc(C(*)=O)c2)cc1,tg,327.0,312.461319450813
*Nc1ccc(NC(=O)c2ccc(C(=O)c3ccc(C(*)=O)c(C(=O)OCC)c3)cc2C(=O)OCC)cc1,tg,275.0,204.023203844969
*Nc1ccc(NC(=O)c2ccc(NC(=O)CCCCCCCCC(=O)Nc3ccc(C(*)=O)cc3)cc2)cc1C(=O)OCCCCCCCCCCCC,tg,228.5,229.18656257262177
*Nc1ccc(NC(=O)c2ccc(NC(=O)CCCCCCCCC(=O)Nc3ccc(C(*)=O)cc3)cc2)cc1C(=O)OCCCCCCCCCCCCCC,tg,225.0,228.86414499905302
*Nc1ccc(NC(=O)c2ccc(NC(=O)CCCCCCCCC(=O)Nc3ccc(C(*)=O)cc3)cc2)cc1C(=O)OCCCCCCCCCCCCCCCC,tg,220.0,227.67075623586237
*Nc1ccc(NC(=O)c2ccc(NC(=O)CCCCCCCCC(=O)Nc3ccc(C(*)=O)cc3)cc2)cc1C(=O)OCCCCCCCCCCCCCCCCCC,tg,280.0,223.74893385610784
*Nc1ccc(NC(=O)c2ccc(NC(=O)CCCCCCCCCCC(=O)Nc3ccc(C(*)=O)cc3)cc2)cc1C(=O)OCCCCCCCCCCCC,tg,205.5,206.5875093091898
*Nc1ccc(NC(=O)c2ccc(NC(=O)CCCCCCCCCCC(=O)Nc3ccc(C(*)=O)cc3)cc2)cc1C(=O)OCCCCCCCCCCCCCC,tg,199.5,198.30988636450164
*Nc1ccc(NC(=O)c2ccc(NC(=O)CCCCCCCCCCC(=O)Nc3ccc(C(*)=O)cc3)cc2)cc1C(=O)OCCCCCCCCCCCCCCCC,tg,199.5,215.11628260847738
*Nc1ccc(NC(=O)c2ccc(NC(=O)CCCCCCCCCCCCC(=O)Nc3ccc(C(*)=O)cc3)cc2)cc1C(=O)OCCCCCCCCCCCCCC,tg,204.5,239.38825402002402
*Nc1ccc(NC(=O)c2ccc(NC(=O)CCCCCCCCCCCCC(=O)Nc3ccc(C(*)=O)cc3)cc2)cc1C(=O)OCCCCCCCCCCCCCCCC,tg,250.0,207.40046058356418
*Nc1ccc(NC(=O)c2ccc(NC(=O)c3cc(NC(=O)C45CC6CC(CC(C6)C4)C5)cc(C(*)=O)c3)cc2)cc1,tg,365.0,317.8813094843233
*Nc1ccc(NC(=O)c2ccc(NC(=O)c3ccc(P(=O)(c4ccccc4)c4ccc(C(*)=O)cc4)cc3)cc2)cc1,tg,243.0,261.56390773238377
*Nc1ccc(NC(=O)c2cccc(C(*)=O)c2)cc1,tg,285.75,252.62973653763265
*Nc1ccc(NC(=O)c2cccc(C(=O)c3ccc(C(*)=O)cc3)c2)cc1,tg,257.5,239.0800776885386
*Nc1ccc(N[Se]*)cc1,tg,55.0,84.29209604466276
*Nc1ccc(Oc2ccc(Nc3ccc4c(c3)c3cc(*)ccc3n4CC(CC)CCCC)cc2)cc1,tg,220.0,208.509352435648
*Nc1ccc([Si](c2ccccc2)(c2ccccc2)c2ccc(NC(=O)c3ccc4c(c3)Cc3cc(C(*)=O)ccc3-4)cc2)cc1,tg,54.45,257.0515338941514
*Nc1cccc(C(=O)c2ccc(NC(=O)c3cccc(C(=O)c4ccc(C(*)=O)cc4)c3)cc2)c1,tg,215.0,241.88456667791337
*Nc1cccc(C=Cc2ccc(NC(=O)c3cccc(C(*)=O)c3)cc2)c1,tg,272.0,247.80461732635885
*Nc1cccc(CCc2ccc(NC(=O)c3ccc(C(*)=O)cc3)cc2)c1,tg,203.0,234.3384197239132
*Nc1cccc(NC(=O)CCCCC(*)=O)c1,tg,113.35,132.86535277489526
*Nc1cccc(NC(=O)CCCCC(=O)Nc2ccc(C(=O)NC(*)=S)cc2)c1,tg,267.0,223.01525641542247
*Nc1cccc(NC(=O)CCCCC(=O)Nc2cccc(NC(=S)NC(=O)c3ccc(C(=O)NC(*)=S)cc3)c2)c1,tg,241.0,235.66107526204433
*Nc1cccc(NC(=O)CCCCCCCCC(=O)Nc2ccc(C(=O)NC(*)=S)cc2)c1,tg,265.0,170.24816901611467
*Nc1cccc(NC(=O)Cc2cc(C)c(CC(*)=O)cc2C)c1,tg,249.0,190.73561316577386
*Nc1cccc(NC(=O)Nc2ccc(Cc3ccc(NC(*)=O)cc3)cc2)c1,tg,132.0,200.20537251653968
*Nc1cccc(NC(=O)c2cc(C(*)=O)cc(S(=O)(=O)c3ccccc3)c2)c1,tg,277.0,232.7619762819657
*Nc1cccc(NC(=O)c2cc(NC(=O)c3ccccc3)cc(C(*)=O)c2)c1,tg,300.0,299.8670137822396
*Nc1cccc(NC(=O)c2cc(NC(=O)c3ccncc3)cc(C(*)=O)c2)c1,tg,321.0,315.17579063604484
*Nc1cccc(NC(=O)c2ccc(C(=O)Nc3cccc(NC(=S)NC(=O)c4ccc(C(=O)NC(*)=S)cc4)c3)cc2)c1,tg,258.0,250.21530467829584
*Nc1cccc(NC(=O)c2cccc(C(=O)Nc3ccc(C(=O)NC(*)=S)cc3)c2)c1,tg,270.0,262.76609632612247
*Nc1cccc(NC(=O)c2cccc(C(=O)Nc3cccc(NC(=S)NC(=O)CCCCC(=O)NC(*)=S)c3)c2)c1,tg,242.0,234.98831209551625
*Nc1cccc(NC(=O)c2cccc(C(=O)Nc3cccc(NC(=S)NC(=O)c4cccc(C(=O)NC(*)=S)c4)c3)c2)c1,tg,244.0,251.79478847717255
*Nc1cccc2c(NC(=O)Nc3cc(NC(*)=O)cc(C(=O)Nc4ccc5c(c4)C(=O)c4ccccc4C5=O)c3)cccc12,tg,178.0,192.93162243875926
*Nc1cccc2c(NC(=O)Nc3cc(NC(*)=O)cc(C(=O)Nc4cccc5c4C(=O)c4ccccc4C5=O)c3)cccc12,tg,185.0,199.2362708800746
*Nc1cccc2c(NC(=O)c3cc(NC(=O)C(CCSC)N4C(=O)c5ccccc5C4=O)cc(C(*)=O)c3)cccc12,tg,198.0,213.28450917906258
*Nc1cccc2c(NC(=O)c3ccc(C(*)=O)cc3)cccc12,tg,305.0,246.87918509593933
*Nc1cccc2c(N[Se]*)cccc12,tg,53.0,147.3889822463817
*Nc1ccccc1-c1ccc(NC(=O)c2ccc(C(*)=O)cc2)cc1,tg,263.0,249.4632413044124
*Nc1ccccc1CCc1ccc(NC(*)=O)cc1,tg,197.0,161.97387453173263
*Nc1ccccc1CCc1ccc(NC(=O)NCCCCCCNC(*)=O)cc1,tg,150.0,100.32164162591633
*Nc1cnc(*)s1,tg,62.0,124.81322777257067
*OC(*)C,tg,-21.07,-22.525702427704417
*OC(=O)C(C)NC(=O)CCCCC(=O)NC(C)C(=O)OC1COC2C(*)COC12,tg,56.0,84.0630754118271
*OC(=O)C(C)NC(=O)CCCCCC(=O)NC(C)C(=O)OC1COC2C(*)COC12,tg,45.0,82.55456251613845
*OC(=O)C(C)NC(=O)CCCCCCC(=O)NC(C)C(=O)OC1COC2C(*)COC12,tg,57.0,67.54959810481832
*OC(=O)C(C)NC(=O)CCCCCCCCC(=O)NC(C)C(=O)OC1COC2C(*)COC12,tg,57.0,64.90216525142644
*OC(=O)C(CC(C)C)NC(=O)CCCCC(=O)NC(CC(C)C)C(=O)OC1COC2C(*)COC12,tg,91.0,99.02483312325768
*OC(=O)C(CC(C)C)NC(=O)CCCCCCCCC(=O)NC(CC(C)C)C(=O)OC1COC2C(*)COC12,tg,89.0,71.15702540649899
*OC(=O)C(CCSC)NC(=O)CCCCC(=O)NC(CCSC)C(=O)OC1COC2C(*)COC12,tg,71.0,64.7806722963351
*OC(=O)C(CCSC)NC(=O)CCCCCCCCC(=O)NC(CCSC)C(=O)OC1COC2C(*)COC12,tg,61.0,58.48825744751544
*OC(=O)C(Cc1ccccc1)NC(=O)CCCCC(=O)NC(Cc1ccccc1)C(=O)OC1COC2C(*)COC12,tg,97.5,84.43162507076977
*OC(=O)C(Cc1ccccc1)NC(=O)CCCCCCC(=O)NC(Cc1ccccc1)C(=O)OC1COC2C(*)COC12,tg,91.0,67.57687611609364
*OC(=O)C(Cc1ccccc1)NC(=O)CCCCCCCCC(=O)NC(Cc1ccccc1)C(=O)OC1COC2C(*)COC12,tg,74.0,84.6968655222924
*OC(=O)C(Cc1ccccc1)NC(=O)CCCCCCCCCCC(=O)NC(Cc1ccccc1)C(=O)OC1COC2C(*)COC12,tg,76.0,72.67252955830574
*OC(=O)C(NC(=O)CCCCC(=O)NC(C(=O)OC1COC2C(*)COC12)C(C)CC)C(C)CC,tg,102.0,85.85208477279377
*OC(=O)C=CC(=O)OC1COC2C(*)COC12,tg,52.0,158.19390568490869
*OC(=O)CNC(=O)CCCCCCCCC(=O)NCC(=O)OC1COC2C(*)COC12,tg,66.0,60.67676138421458
*OC(=O)NC1CCC(CC2CCC(NC(=O)OC3CC4CC(*)CC(C3)O4)CC2)CC1,tg,225.0,164.50336633437536
*OC(=O)Nc1ccc(C)c(NC(=O)OC2CCN(c3ccc(C=CC4=CC(=C(C#N)C#N)C=C(C=Cc5ccc(N6CCC(*)CC6)s5)O4)s3)CC2)c1,tg,212.0,182.3542046782476
*OC(=O)OC1CC2CC(*)CC(C1)O2,tg,207.0,157.51674810948347
*OC(=O)OC1COC2C(*)COC12,tg,139.7,161.44848112596313
*OC(=O)OCC(O)C(O)COC(=O)OC1COC2C(*)COC12,tg,78.5,75.71621554693552
*OC(=O)OCC1OC(C)(C)OC1COC(=O)OC1COC2C(*)COC12,tg,95.5,115.47668794863233
*OC(=O)OCCCCCCCCCCOC(=O)OC1COC2C(*)COC12,tg,6.5,17.54455983655407
*OC(=O)OCCCCCCCCOC(=O)OC1COC2C(*)COC12,tg,19.5,15.631993675549827
*OC(=O)OCCCCCCOC(=O)OC1COC2C(*)COC12,tg,25.67,33.68538036582588
*OC(=O)OCCCCOC(=O)OC1COC2C(*)COC12,tg,49.0,52.69706995794842
*OC(=O)OCCOCCOC(=O)OC1COC2C(*)COC12,tg,46.5,29.677412321867962
*OC(=O)OCCOCCOCCOC(=O)OC1COC2C(*)COC12,tg,17.0,24.623204045997614
*OC(=O)OCCOCCOCCOCCOC(=O)OC1COC2C(*)COC12,tg,9.5,8.75109636871178
*OC(=O)Oc1ccc(S(=O)(=O)c2ccc(OC(=O)OC3CC4CC(*)CC(C3)O4)cc2)cc1,tg,184.0,166.5050313339059
*OC(=O)Oc1ccc2c(c1)Oc1cc(*)ccc1C21c2ccccc2-c2ccccc21,tg,295.0,321.11830691352685
*OC(=O)c1ccc(C(=O)OC2COC3C(*)COC23)cc1,tg,255.5,122.33380585895969
*OC(=O)c1ccc(C(C)(C)c2ccc(C(*)=O)cc2)cc1,tg,100.0,155.67417783564073
*OC(=O)c1ccc(C(F)(F)C(F)(F)C(F)(F)c2ccc(C(*)=O)cc2)cc1,tg,98.0,83.0227400734972
*OC(=O)c1ccc(C2(C)CC(C)(C)c3ccc(C(=O)Oc4ccc5c(c4)Oc4cc(*)ccc4C5(C)C)cc32)cc1,tg,297.0,264.80351302509365
*OC(=O)c1ccc(CCCCCc2ccc(C(*)=O)cc2)cc1,tg,42.5,53.78897729839141
*OC(=O)c1ccc(CCCCc2ccc(C(*)=O)cc2)cc1,tg,46.0,56.21918124643132
*OC(=O)c1ccc(Cc2ccc(C(*)=O)cc2)cc1,tg,122.0,122.19072564460939
*OC(=O)c1ccc(SCCCCSc2ccc(C(*)=O)cc2)cc1,tg,62.0,53.486422769775245
*OC(=O)c1cccc(C(*)=O)c1,tg,130.0,129.16571166340725
*OC(=O)c1cccc(OCCCCCCCCOc2cccc(C(=O)OC3COC4C(*)COC34)c2)c1,tg,31.75,35.72277186497442
*OC(C)(CC(*)=O)C(F)(F)F,tg,26.2,87.01881343349697
*OC(C)C#CC#CC(C)OC(=O)c1ccc(C(*)=O)cc1,tg,133.0,88.77699030664274
*OC(C)C(*)=O,tg,53.36,66.9676660561715
*OC(C)C(=O)NC(C)C(*)=O,tg,57.65,88.70723788218497
*OC(C)C(=O)OCC(*)=O,tg,43.0,29.176220484579428
*OC(C)CCOC(=O)C(CCCCCCOc1ccc(N=Cc2ccc([N+](=O)[O-])cc2)cc1)C(*)=O,tg,3.0,29.90515170316917
*OC(C)CCOC(=O)c1ccc(-c2ccc(C(*)=O)cc2)cc1,tg,86.83,73.85484824058715
*OC(C)COC(*)=O,tg,31.72,9.118188239460139
*OC(C)COC(=O)c1ccccc1C(*)=O,tg,95.0,54.666459615466295
*OC(C)COC(C)COC(=O)c1ccc(C(*)=O)cc1,tg,37.0,32.210820663421416
*OC(C)COCC(C)OC(=O)c1ccccc1C(*)=O,tg,25.0,29.968850445473684
*OC(CC(*)=O)C(C)(Cl)Cl,tg,109.0,104.62489642286768
*OC(CC(*)=O)C(Cl)(Cl)Cl,tg,156.0,59.60196996599148
*OC(CCC)CCC(C(*)=O)C1OCCCO1,tg,17.4,25.046570113005696
*OC(CCCCC)CC(*)=O,tg,-34.5,-17.080609616746372
*OC(CCCCCC)CC(*)=O,tg,-47.0,-21.02639708624766
*OC(COC(*)=O)COC(C)(C)C,tg,11.0,16.040991772140657
*OC(COC(=O)C1=C(C(=O)OCC(COC(=O)C2=C(c3ccccc3)C3C=CC2C3)OC(=O)c2ccc(C(*)=O)cc2)C2C=CC1C2)COC(=O)C1=C(c2ccccc2)C2C=CC1C2,tg,74.0,133.14824679435856
*OC(COC(=O)NCCCCCCNC(*)=O)c1ccco1,tg,17.0,37.86738708720959
*OC(COC(=O)Nc1ccc(Cc2ccc(NC(*)=O)cc2)cc1)c1ccco1,tg,40.0,99.108340201698
*OC(COC(=O)c1cc(C(*)=O)cc(C(C)(C)C)c1)COc1ccc(N=Nc2ccc(C#N)cc2)cc1,tg,137.0,129.018559867357
*OC(COC(=O)c1ccc(-c2cc(CCCCCCCC)c(-c3ccc(C(*)=O)c(F)c3F)cc2CCCCCCCC)c(F)c1F)COc1ccc(N=Nc2ccc(C#N)cc2)cc1,tg,61.0,122.92647446805525
*OC(COC(=O)c1ccc(-c2ccc(C(*)=O)cc2)cc1)COc1ccc(N=Nc2ccc(C#N)cc2)cc1,tg,141.0,126.65379556422332
*OC(COC(=O)c1ccc(C(*)=O)c(OC)c1)COc1ccc(N=Nc2ccc(C#N)cc2)cc1,tg,120.0,124.29579954560498
*OC(COC(=O)c1ccc(C(*)=O)cc1)COc1ccc(N=Nc2ccc(C#N)cc2)cc1,tg,122.0,113.34189135273319
*OC(COC(=O)c1ccc2cc(C(*)=O)ccc2c1)COc1ccc(N=Nc2ccc(C#N)cc2)cc1,tg,138.0,124.06199440427831
*OC(COC(=O)c1cccc(C(*)=O)c1)COc1ccc(N=Nc2ccc(C#N)cc2)cc1,tg,119.0,117.67746125085141
*OC(COC(=O)c1ccccc1-c1ccccc1C(*)=O)COc1ccc(N=Nc2ccc(C#N)cc2)cc1,tg,120.0,131.93377281581343
*OC(COCC)COC(*)=O,tg,-5.0,-14.773588424971424
*OC(COCCCC)COC(*)=O,tg,-24.0,-27.374070065674957
*OC(COc1ccccc1)CC(*)=O,tg,20.0,37.76977127953026
*OC(Cc1ccccc1)C(*)=O,tg,35.05,53.31072242014295
*OC(F)(C(*)(F)F)C(F)(F)F,tg,-76.93,-51.24635008745913
*OC(F)(C(=O)[N]([Li])S(=O)(=O)C(F)(F)C(*)(F)F)C(F)(F)F,tg,67.0,67.49275470317082
*OC(F)(F)C(F)(F)C(*)(F)F,tg,-109.82,-55.00106143376824
*OC(F)(F)COC(=O)c1cccc(C(=O)OCC(*)(F)F)c1,tg,28.0,19.36435650807637
*OC(F)(F)COC(=O)c1cccc(C(F)(F)C(F)(F)C(F)(F)c2cccc(C(=O)OCC(*)(F)F)c2)c1,tg,30.0,48.90734039666356
*OC(c1ccco1)C(OC(=O)Nc1ccc(Cc2ccc(NC(*)=O)cc2)cc1)c1ccco1,tg,74.0,96.54318096325478
*OC1C(C)(C)C(OC(=O)C2CCC(C(*)=O)CC2)C1(C)C,tg,169.0,150.8478134774133
*OC1C(CO)OC(*)C(NC(C)=O)C1O,tg,236.5,166.0208507473672
*OC1C(CO)OC(*)C(O)C1O,tg,144.0,201.84241768877305
*OC1C(COC(=O)Nc2ccccc2)OC(*)C(OC(=O)Nc2ccccc2)C1OC(=O)Nc1ccccc1,tg,217.0,146.581981805707
*OC1C(COC(C)=O)OC(*)C(OC(C)=O)C1O,tg,202.0,180.9013982866454
*OC1C(COCC)OC(*)C(OCC)C1OCC,tg,119.5,67.74849164362861
*OC1C(COCO)OC(*)C(O)C1O,tg,208.0,119.90807367781181
*OC1CCC(OC(=O)C(*)=O)CC1,tg,139.6,108.03148115528452
*OC1CCC(OC(=O)CCCCC(*)=O)CC1,tg,77.8,30.162803412863074
*OC1CCC(OC(=O)CCCCCCCCC(*)=O)CC1,tg,66.0,19.067075520133546
*OC1CCC(OC(=O)OCCCCCCCOC(*)=O)CC1,tg,-5.0,21.0151774311293
*OC1CCC(OC(=O)OCCCCCCOC(*)=O)CC1,tg,10.0,30.746217399688387
*OC1CCC(OC(=O)c2ccc(C(*)=O)cc2)CC1,tg,94.3,136.28548462799506
*OC1CCCCC1*,tg,68.0,43.281077536681934
*OC1CCCCC1OC(*)=O,tg,117.3,113.74795313901618
*OCCCCOc1ncnc(*)n1,tg,-11.0,17.85543145282598
*OCCOC(=O)CCCC(=O)OCCOc1nc(-c2ccc(OCCCC)cc2)nc(*)c1-c1ccc(OCCCC)cc1,tg,37.0,46.10681173569475
*OCCOC(=O)CCCCC(=O)OCCOc1nc(-c2ccc(OCCCC)cc2)nc(*)c1-c1ccc(OC)cc1,tg,34.0,55.41937276432166
*OCCOC(=O)c1cc(N=Nc2ccc(OCC)cc2)ccc1-c1ccc(N=Nc2ccc(OCC)cc2)cc1C(=O)OCCOc1nc(-c2ccc(OCCCC)cc2)nc(*)c1-c1ccc(OC)cc1,tg,126.0,107.1670639363775
*OCCOC(=O)c1ccc(C(=O)OCCOc2nc(-c3ccc(OCCCC)cc3)nc(*)c2-c2ccc(OC)cc2)cc1,tg,94.0,73.8608945747935
*OCCOC(=O)c1cccc(C(=O)OCCOc2nc(-c3ccc(OCCCC)cc3)nc(*)c2-c2ccc(OC)cc2)c1,tg,92.0,70.9852722700526
*ON(C(F)(F)F)C(F)(Br)C(*)(F)F,tg,3.0,-36.409059738666315
*ON(C(F)(F)F)C(F)(Cl)C(*)(F)F,tg,-50.0,1.6849063507040205
*ON(C(F)(F)F)C(F)(F)C(*)(F)F,tg,-40.62,-59.02960634408183
*OP(=O)(Oc1c(Cl)cc(Cl)cc1Cl)Oc1c(Cl)c(Cl)c(*)c(Cl)c1Cl,tg,127.0,150.35393070360084
*OP(=O)(Oc1c(Cl)cccc1Cl)Oc1c(Cl)c(Cl)c(*)c(Cl)c1Cl,tg,144.0,110.31488957794953
*OP(=O)(Oc1ccc(Br)cc1)Oc1c(Br)cc(C(c2cc(Br)c(*)c(Br)c2)(C(F)(F)F)C(F)(F)F)cc1Br,tg,152.0,147.3368277595303
*OP(=O)(Oc1ccc(Br)cc1)Oc1ccc(S(=O)(=O)c2ccc(*)cc2)cc1,tg,89.0,82.05947556788665
*OP(=O)(Oc1ccc(C(C)(C)c2ccc(*)cc2)cc1)Oc1c(Cl)c(Cl)c(Cl)c(Cl)c1Cl,tg,130.0,119.4549152087926
*OP(=O)(Oc1ccc(C(C)(C)c2ccc(*)cc2)cc1)Oc1c(Cl)cc(Cl)cc1Cl,tg,94.0,107.83979844887348
*OP(=O)(Oc1ccc(C(C)(C)c2ccc(*)cc2)cc1)Oc1c(Cl)cccc1Cl,tg,96.0,97.40258287028168
*OP(=O)(Oc1ccc(C)cc1)Oc1c(Br)cc(C(c2cc(Br)c(*)c(Br)c2)(C(F)(F)F)C(F)(F)F)cc1Br,tg,146.0,151.45635699503185
*OP(=O)(Oc1ccc(C)cc1)Oc1c(C)cc(S(=O)(=O)c2cc(C)c(*)c(C)c2)cc1C,tg,128.0,143.75746116362268
*OP(=O)(Oc1ccc(C)cc1)Oc1ccc(S(=O)(=O)c2ccc(*)cc2)cc1,tg,66.0,91.53009751797262
*OP(=O)(Oc1ccc(Cl)cc1)Oc1c(Cl)c(Cl)c(*)c(Cl)c1Cl,tg,119.0,111.00378128901356
*OP(=O)(Oc1ccc(NC(=O)Oc2ccc(-c3ccc(OC(=O)Nc4ccc(*)cc4)cc3)cc2)cc1)c1ccccc1,tg,34.0,130.4142938843359
*OP(=O)(Oc1ccc(NC(=O)Oc2ccc(C(C)(C)c3ccc(OC(=O)Nc4ccc(*)cc4)cc3)cc2)cc1)c1ccccc1,tg,34.0,121.40575296871451
*OP(=O)(Oc1ccc(OC)cc1)Oc1c(Br)cc(C(c2cc(Br)c(*)c(Br)c2)(C(F)(F)F)C(F)(F)F)cc1Br,tg,151.0,141.60368924274505
*OP(=O)(Oc1ccc(OC)cc1)Oc1c(C)cc(S(=O)(=O)c2cc(C)c(*)c(C)c2)cc1C,tg,147.0,137.73646532829005
*OP(=O)(Oc1ccc(OC)cc1)Oc1ccc(S(=O)(=O)c2ccc(*)cc2)cc1,tg,81.0,90.21049823183706
*OP(=O)(Oc1ccc([N+](=O)[O-])cc1)Oc1c(Br)cc(C(c2cc(Br)c(*)c(Br)c2)(C(F)(F)F)C(F)(F)F)cc1Br,tg,154.0,166.38177920649392
*OP(=O)(Oc1ccc([N+](=O)[O-])cc1)Oc1c(C)cc(S(=O)(=O)c2cc(C)c(*)c(C)c2)cc1C,tg,173.0,148.77015557427598
*OP(=O)(Oc1cccc2c(*)cccc12)OC1CCCCC1,tg,134.0,108.82690522087113
*OP(=O)(Oc1ccccc1)Oc1c(C)cc(S(=O)(=O)c2cc(C)c(*)c(C)c2)cc1C,tg,142.0,144.8347028004991
*OP(=O)(Oc1ccccc1)Oc1c(Cl)c(Cl)c(*)c(Cl)c1Cl,tg,79.0,107.89818212912216
*OP(=O)(Oc1ccccc1)Oc1ccc(*)cc1,tg,97.0,58.56011324108079
*OP(=O)(Oc1ccccc1)Oc1ccc(S(=O)(=O)c2ccc(*)cc2)cc1,tg,100.5,89.68653603530822
*OP(=O)(Oc1ccccc1)Oc1cccc2c(*)cccc12,tg,138.0,120.01585321095239
*OS(=O)(=O)c1cc(C)c(*)c(C)c1,tg,153.0,132.70806213186876
*OS(=O)(=O)c1cc(S(=O)(=O)Oc2ccc(C3(c4ccc(*)cc4)CCCC3)cc2)ccc1C,tg,134.0,150.70401847094718
*OS(=O)(=O)c1cc(S(=O)(=O)Oc2ccc(C3(c4ccc(*)cc4)CCCCC3)cc2)ccc1C,tg,140.0,136.85305323107056
*OS(=O)(=O)c1ccc(Oc2ccc(S(=O)(=O)Oc3ccc(C(C)(C)c4ccc(*)cc4)cc3)cc2)cc1,tg,110.0,141.31506341265506
*OS(=O)(=O)c1cccc(C(=O)c2cccc(S(=O)(=O)Oc3ccc(C(C)(C)c4ccc(*)cc4)cc3)c2)c1,tg,122.0,144.59399322157998
*OS(=O)(=O)c1cccc(S(=O)(=O)Oc2ccc(C(C)(C)c3ccc(*)cc3)cc2)c1,tg,117.5,110.26316037468996
*OS(=O)(=O)c1cccc(S(=O)(=O)Oc2ccc(C(C)(CC)c3ccc(*)cc3)cc2)c1,tg,136.5,130.6846938990833
*OS(=O)(=O)c1cccc(S(=O)(=O)Oc2ccc(C3(c4ccc(*)cc4)CCCCC3)cc2)c1,tg,126.0,144.16460341547804
*O[Si](*)(C)CCCCCCCCCCCOc1ccc(/C=C/c2ccc(C#N)cc2)cc1,tg,-55.0,30.244639472930967
*O[Si](*)(C)CCCCCCCCCCCOc1ccc(/C=C/c2ccc(OC)cc2)cc1,tg,55.0,-16.930280313354107
*O[Si](*)(C)CCCCCCOc1ccc(C(=O)Oc2ccc(C(=O)OCC(C)CC)cc2)cc1,tg,-10.9,25.568390715965695
*O[Si](*)(C)CCCCCOc1ccc(/C=C/c2ccc(OC)cc2)cc1,tg,52.0,37.544118918520454
*O[Si](*)(C)CCCCCn1c2ccccc2c2ccccc21,tg,7.0,33.598396442603814
*O[Si](*)(C)CCCOCC1COC(=O)O1,tg,-32.2,-7.614761779201643
*O[Si](*)(C)CCCOc1ccc(C(=O)OC2CCC3(C)C(=CCC4C3CCC3(C)C(C(C)CCCC(C)C)CCC43)C2)cc1,tg,66.59,119.01511154568925
*O[Si](*)(C)CCCOc1ccc(C(=O)OC2CCC3(C)C(=CCC4C3CCC3(C)C(C(C)CCCC(C)C)CCC43)C2)cc1S(=O)(=O)[O][K],tg,112.6,52.15147306863607
*O[Si](*)(C)CCCOc1ccc(C(=O)Oc2ccc(-c3ccc(OC(=O)c4cc(OCC(C)CC)c(OCC(C)CC)c(OCC(C)CC)c4)cc3)cc2)cc1,tg,57.67,56.26157561259579
*O[Si](*)(C)CCCOc1ccc(C(=O)Oc2ccc(-c3ccc(OC(=O)c4cc(OCCCCC)c(OCCCCC)c(OCCCCC)c4)cc3)cc2)cc1,tg,48.67,33.846353072179994
*O[Si](*)(C)CCCOc1ccc(N=Nc2ccc(S(=O)(=O)O)cc2)cc1,tg,9.2,42.615683790546946
*O[Si](*)(C)CCCn1c2ccccc2c2ccccc21,tg,51.0,35.44648517673017
*O[Si](*)(C)OCCOCCOCCOCCOCCOCCOCCOCCOC,tg,-78.0,-78.1975265874936
*O[Si](*)(C)c1ccccc1,tg,-24.27,7.846411295604184
*O[Si](*)(CC)CC,tg,-105.5,-33.621683355544185
*O[Si](*)(CCC)c1ccccc1,tg,40.6,-19.705255681680754
*O[Si](*)(CCCOCCOCCOC)CCCOCCOCCOC,tg,-63.4,-76.11691965031096
*O[Si](*)(CCCOCCOCCOCCOCCOC)CCCOCCOCCOCCOCCOC,tg,-69.8,-64.2569715208281
*O[Si](*)(CCCOCCOCCOCCOCCOCCOCCOC)CCCOCCOCCOCCOCCOCCOCCOC,tg,-68.9,-68.53253132610426
*O[Si](*)(CCCOCCOCCOCCOCCOCCOCCOCCOC)CCCOCCOCCOCCOCCOCCOCCOCCOC,tg,-66.4,-70.9588290489404
*O[Si](*)(c1ccccc1)c1ccccc1,tg,45.8,12.15987163870651
*O[Si](C)(C)C#C[Si](C)(C)C#C[Si](C)(C)C#C[Si](C)(C)C#C[Si](*)(C)C,tg,-23.0,-24.091960329973578
*O[Si](C)(C)C#C[Si](C)(C)C#C[Si](C)(C)C#C[Si](C)(C)C#C[Si](C)(C)C#C[Si](*)(C)C,tg,-16.1,-20.519988664033434
*O[Si](C)(C)CC(C)(C)COC(=O)c1cccc(C(=O)OCC(C)(C)C[Si](*)(C)C)c1,tg,-52.0,-1.5097625544519584
*O[Si](C)(C)CCCC(=O)Oc1ccc(C=Nc2ccc(Oc3ccc(N=Cc4ccc(OC(=O)CCC[Si](*)(C)C)cc4)cc3)cc2)cc1,tg,52.0,66.37607118792582
*O[Si](C)(C)CCCCCCOC(=O)C(C)Oc1ccc(OC(=O)c2ccc(-c3ccc(OCCCCCCCCCC[Si](*)(C)C)cc3)cc2)cc1,tg,35.0,14.86292232400267
*O[Si](C)(C)CCCCCCOC(=O)C(C)Oc1ccc(OC(=O)c2ccc(-c3ccc(OCCCCCCCCCC[Si](*)(C)C)cc3)cc2)cc1[N+](=O)[O-],tg,20.0,36.34982816164879
*O[Si](C)(C)CCCN=C1C=CC(=NCCC[Si](*)(C)C)c2c(O)ccc(O)c21,tg,32.9,-1.064849964195831
*O[Si](C)(C)CCCN=C1c2ccccc2C(=NCCC[Si](*)(C)C)c2c(O)ccc(O)c21,tg,7.5,44.64403230900893
*O[Si](C)(C)CC[Si](*)(C)O[Si](C)(C)C,tg,-89.0,-71.87771047161793
*O[Si](C)(C)COC(=O)CCCCCCCCC(=O)Oc1ccc(S(=O)(=O)c2ccc(Oc3ccc(C=C4CCCC(=Cc5ccc(Oc6ccc(S(=O)(=O)c7ccc(OC(=O)CCCCCCCCC(=O)OC[Si](*)(C)C)cc7)cc6)cc5)C4=O)cc3)cc2)cc1,tg,80.0,70.43066290402946
*O[Si](C)(C)COC(=O)CCCCCCCCC(=O)Oc1ccc(S(=O)(=O)c2ccc(Oc3ccc(C=C4CCCCC(=Cc5ccc(Oc6ccc(S(=O)(=O)c7ccc(OC(=O)CCCCCCCCC(=O)OC[Si](*)(C)C)cc7)cc6)cc5)C4=O)cc3)cc2)cc1,tg,81.0,71.48469393530245
*O[Si](C)(C)OC(CCl)COc1ccc(C(C)(C)c2ccc(OCC(*)CCl)cc2)cc1,tg,24.0,27.288607785504606
*O[Si](C)(C)O[Si](*)(C)c1c(F)c(F)c(F)c(F)c1F,tg,-65.0,1.455687616274426
*O[Si](C)(C)O[Si](C)(C)OC(C)CCC(*)C,tg,-83.0,-63.27242254533045
*O[Si](C)(C)O[Si](C)(C)OC(C)CCCCC(*)C,tg,-87.0,-87.97284048414461
*O[Si](C)(C)O[Si](C)(C)O[Si](*)(C)c1c(F)c(F)c(Cl)c(F)c1F,tg,-75.0,-73.10586686097345
*O[Si](C)(C)O[Si](C)(C)O[Si](*)(C)c1c(F)c(F)c(F)c(F)c1F,tg,-83.0,-65.08685251820495
*O[Si](C)(C)O[Si](C)(C)O[Si](C)(C)OC(C)CCCCC(*)C,tg,-94.0,-94.53660438614533
*O[Si](C)(C)O[Si](C)(C)O[Si](C)(C)O[Si](C)(C)OC(C)CCC(*)C,tg,-96.0,-76.38328594306518
*O[Si](C)(C)O[Si](C)(C)O[Si](C)(C)O[Si](C)(C)OC(C)CCCCC(*)C,tg,-98.0,-95.41631246092228
*O[Si](C)(C)O[Si](C)(C)O[Si](C)(C)O[Si](C)(C)O[Si](C)(C)C#Cc1ccc(C#C[Si](*)(C)C)cc1,tg,78.0,-49.48408986022758
*O[Si](C)(C)O[Si](C)(C)O[Si](C)(C)O[Si](C)(C)O[Si](C)(C)OC(C)CCCCC(*)C,tg,-104.0,-86.97792607905738
*O[Si](C)(C)O[Si](C)(C)O[Si](C)(C)O[Si](C)(C)O[Si](C)(C)O[Si](C)(C)OC1=C(*)c2cccc3cccc1c23,tg,-93.0,-9.516169761163678
*O[Si](C)(C)O[Si](C)(C)O[Si](C)(C)O[Si](C)(C)O[Si](C)(C)Oc1c(*)c2ccccc2c2ccccc12,tg,-38.0,-35.78686210733482
*O[Si](C)(C)O[Si](C)(C)O[Si](C)(C)O[Si](C)(C)O[Si](C)(C)c1ccc([Si](*)(C)C)cc1,tg,-80.0,-68.96134681855492
*O[Si](C)(C)O[Si](C)(C)O[Si](C)(C)O[Si](C)(C)c1ccc(Oc2ccc([Si](*)(C)C)cc2)cc1,tg,-52.0,-48.208490251691764
*O[Si](C)(C)O[Si](C)(C)O[Si](C)(C)O[Si](C)(C)c1ccc([Si](*)(C)C)cc1,tg,-72.0,-73.89304839357084
*O[Si](C)(C)O[Si](C)(C)O[Si](C)(C)O[Si](C)(C)c1cccc([Si](*)(C)C)c1,tg,-75.0,-76.70388696452136
*O[Si](C)(C)O[Si](C)(C)O[Si](C)(C)O[Si](C)(c1ccccc1)c1cccc([Si](*)(C)c2ccccc2)c1,tg,-42.0,-43.70224502642987
*O[Si](C)(C)O[Si](C)(C)O[Si](C)(C)Oc1c(C)cc(-c2cc(C)c(*)c(C)c2)cc1C,tg,14.0,10.325636710381243
*O[Si](C)(C)O[Si](C)(C)O[Si](C)(C)c1ccc(Oc2ccc([Si](*)(C)C)cc2)cc1,tg,-37.0,-41.21240028042105
*O[Si](C)(C)O[Si](C)(C)O[Si](C)(C)c1ccc([Si](*)(C)C)cc1,tg,-62.0,-69.77004627002952
*O[Si](C)(C)O[Si](C)(C)Oc1ccc(-c2ccc(*)cc2)cc1,tg,-4.0,15.020856949150422
*O[Si](C)(C)O[Si](C)(C)c1c(F)c(F)c(F)c([Si](*)(C)C)c1F,tg,-61.0,-18.397997093425722
*O[Si](C)(C)Oc1ccc(*)cc1,tg,90.0,13.632036417070537
*O[Si](C)(C)Oc1ccc(C(C)(C)c2ccc(*)cc2)cc1,tg,45.0,49.90695115819819
*O[Si](C)(C)c1cc(OCCO)c([Si](*)(C)C)cc1OCCO,tg,73.0,54.502016641025506
*O[Si](C)(C)c1cc(OCCOCc2ccccc2)c([Si](*)(C)C)cc1OCCOCc1ccccc1,tg,76.0,43.319865526454315
*O[Si](C)(C)c1ccc(-c2ccc([Si](*)(C)C)cc2)cc1,tg,67.0,44.80054023602692
*O[Si](C)(C)c1ccc([Si](*)(C)C)c2ccccc12,tg,60.0,62.13743999161659
*O[Si](C)(C)c1ccc([Si](C)(C)O[SiH](*)C)cc1,tg,-70.33,-8.125845137480121
*O[Si](C)(C)c1ccc([Si](C)(C)O[SiH](*)CCC(F)(F)F)cc1,tg,-37.0,-33.9023773624051
*O[Si](C)(C)c1ccc([Si](C)(C)Oc2c(C)cc(-c3cc(C)c(*)c(C)c3)cc2C)cc1,tg,67.0,127.85330184007468
*O[Si](C)(C)c1ccc2cc([Si](*)(C)C)ccc2c1,tg,29.0,53.7460657281345
*O[Si](C)(C)c1ccc2ccc([Si](*)(C)C)cc2c1,tg,26.0,21.4462650495954
*O[Si](C)(C)c1ccc2ccc3c([Si](*)(C)C)ccc4ccc1c2c43,tg,65.0,143.33759862484428
*O[Si](C)(C)c1cccc(C(F)(F)C(F)(F)c2cccc([Si](*)(C)C)c2)c1,tg,-2.0,37.31414160603539
*O[Si](C)(C)c1cccc([Si](*)(C)C)c1,tg,-52.0,-16.466405869831544
*O[Si](C)(C)c1cccc2c([Si](*)(C)C)cccc12,tg,62.0,53.9984897075241
*O[Si](C)(C=C)O[Si](C)(C)c1ccc([Si](*)(C)C)cc1,tg,-63.0,-67.40956805944943
*O[Si](C)(CCC(F)(F)F)CCC(F)(F)C(F)(F)C(F)(F)C(F)(F)C(F)(F)C(F)(F)C(F)(F)C(F)(F)C(F)(F)C(F)(F)CC[Si](*)(C)CCC(F)(F)F,tg,-11.0,10.722589109773255
*O[Si](C)(CCC(F)(F)F)CCC(F)(F)CC[Si](*)(C)CCC(F)(F)F,tg,-38.0,-35.68592655619028
*O[Si](C)(Oc1ccc(C(C)(C)c2ccc(*)cc2)cc1)c1ccccc1,tg,58.0,59.2243742912942
*O[Si](C=C)(C=C)O[Si](C)(C)c1ccc([Si](*)(C)C)cc1,tg,-71.0,-21.306524189190334
*O[Si](O[Si](O[Si](O[Si](CC[Si](C)(C)O[Si](C)(C)CC[Si](*)(c1ccccc1)c1ccccc1)(c1ccccc1)c1ccccc1)(c1ccccc1)c1ccccc1)(c1ccccc1)c1ccccc1)(c1ccccc1)c1ccccc1,tg,11.0,44.98146634810513
*O[Si](Oc1ccc(C2(c3ccc(*)c(C)c3)c3ccccc3-c3ccccc32)cc1C)(c1ccccc1)c1ccccc1,tg,171.0,177.78050722212953
*O[Si](Oc1ccc(C2(c3ccc(*)cc3)c3ccccc3-c3ccccc32)cc1)(c1ccccc1)c1ccccc1,tg,166.0,170.75667487985697
*O[Si](c1ccccc1)(c1ccccc1)c1ccc([Si](*)(c2ccccc2)c2ccccc2)cc1,tg,114.13,89.94804094536325
*Oc1c(-c2ccccc2)cc(*)cc1-c1ccc(C(C)(C)C)cc1,tg,240.0,199.28309868452178
*Oc1c(-c2ccccc2)cc(*)cc1-c1ccc(C)cc1,tg,218.0,202.41856646539284
*Oc1c(-c2ccccc2)cc(*)cc1-c1cccc2ccccc12,tg,234.0,268.39246598586465
*Oc1c(-c2ccccc2)cc(*)cc1-c1ccccc1-c1ccccc1,tg,211.0,210.65707835241952
*Oc1c(-c2ccccc2)cc(-c2cc(-c3ccccc3)c(OC(=O)CCCCCCCCC(*)=O)c(-c3ccccc3)c2)cc1-c1ccccc1,tg,98.0,103.96124206304407
*Oc1c(-c2ccccc2)cc(Cc2cc(-c3ccccc3)c(OC(=O)CCCCC(*)=O)c(-c3ccccc3)c2)cc1-c1ccccc1,tg,115.0,124.3232404185149
*Oc1c(-c2ccccc2)cc(Cc2cc(-c3ccccc3)c(OC(=O)CCCCCC(*)=O)c(-c3ccccc3)c2)cc1-c1ccccc1,tg,111.0,122.74314610509249
*Oc1c(Br)cc(*)cc1Br,tg,196.0,199.14899264642688
*Oc1c(Br)cc(C(C)(C)c2cc(Br)c(OC(*)=O)c(Br)c2)cc1Br,tg,206.75,211.4525996204655
*Oc1c(Br)cc(C(C)(C)c2cc(Br)c(OC(=O)c3ccc(OCCCCCCCCCCOc4ccc(C(*)=O)cc4)cc3)c(Br)c2)cc1Br,tg,128.0,102.34347520594474
*Oc1c(Br)cc(C(C)(C)c2cc(Br)c(OC(=O)c3cccc(C(*)=O)c3)c(Br)c2)cc1Br,tg,115.0,189.64436190293853
*Oc1c(Br)cc(C2(c3cc(Br)c(OC(*)=O)c(Br)c3)CC3CCC2C3)cc1Br,tg,283.0,246.9933249271278
*Oc1c(Br)cc(S(=O)(=O)c2cc(Br)c(OC(*)=O)c(Br)c2)cc1Br,tg,196.0,225.25989992063296
*Oc1c(C(C)C)cc(C(=O)c2cccc(C(=O)c3ccc(*)cc3)c2)cc1C(C)C,tg,132.0,159.99247728808803
*Oc1c(C)c(C)c(NC(=O)c2ccc(C(=O)Nc3ccc(*)cc3)cc2)c(C)c1C,tg,333.0,287.9707211928798
*Oc1c(C)c(C)c(Oc2ccc(NC(=O)c3ccc(C(=O)Nc4ccc(*)cc4)cc3)cc2)c(C)c1C,tg,310.0,251.87406354990247
*Oc1c(C)cc(*)cc1-c1ccccc1,tg,171.67,187.22045870281096
*Oc1c(C)cc(*)cc1C,tg,204.61,182.3969045607505
*Oc1c(C)cc(*)cc1C(C)CCC,tg,100.0,103.99423146780659
*Oc1c(C)cc(*)cc1C(C)CCCC,tg,85.0,87.84503084111165
*Oc1c(C)cc(*)cc1C(C)CCCCC,tg,60.0,73.2207449622926
*Oc1c(C)cc(*)cc1C(C)CCCCCCCC,tg,20.0,24.00270472600431
*Oc1c(C)cc(*)cc1C(C)CCCCCCCCCCCC,tg,-10.0,23.835598835237274
*Oc1c(C)cc(-c2cc(C)c(OC(=O)CCCCC(*)=O)c(C)c2)cc1C,tg,108.0,102.97787619526383
*Oc1c(C)cc(-c2cc(C)c(OC(=O)CCCCCCCCC(*)=O)c(C)c2)cc1C,tg,57.0,60.73559019177349
*Oc1c(C)cc(-c2cc(C)c(Oc3ccc(C(=O)c4ccc(*)cc4)cc3)c(C)c2)cc1C,tg,246.64,216.48479402496432
*Oc1c(C)cc(C(=O)c2ccc(*)cc2)cc1C,tg,200.0,187.29485678102162
*Oc1c(C)cc(C(C)(C)c2cc(C)c(OC(*)=O)c(C)c2)cc1C,tg,193.62,211.21205229714352
*Oc1c(C)cc(C(C)(C)c2cc(C)c(OC(=O)CCCCC(*)=O)c(C)c2)cc1C,tg,93.0,85.83781425313786
*Oc1c(C)cc(C(C)(C)c2cc(C)c(OC(=O)CCCCCC(*)=O)c(C)c2)cc1C,tg,84.0,79.1424914817395
*Oc1c(C)cc(C(C)(C)c2cc(C)c(OC(=O)CCCCCCCCC(*)=O)c(C)c2)cc1C,tg,45.0,72.37079894674577
*Oc1c(C)cc(C(C)(C)c2cc(C)c(OC(=O)c3ccc(C(*)=O)cc3)c(C)c2)cc1C,tg,239.0,185.52696452833246
*Oc1c(C)cc(C(C)(C)c2cc(C)c(OC(=O)c3cccc(C(*)=O)c3)c(C)c2)cc1C,tg,187.0,186.77327462303788
*Oc1c(C)cc(C(C)(C)c2cc(C)c(ON3C(=O)c4ccc(Oc5ccc(C6(c7ccc(Oc8ccc9c(c8)C(=O)N(*)C9=O)cc7)CCC(C(C)(C)C)CC6)cc5)cc4C3=O)c(C)c2)cc1C,tg,248.0,233.96035795800324
*Oc1c(C)cc(C2(c3cc(C)c(OC(=O)c4ccc(C(*)=O)cc4)c(C)c3)CCC3CCCCC3C2)cc1C,tg,287.0,272.979848400704
*Oc1c(C)cc(C2(c3cc(C)c(Oc4ccc(C(=O)c5ccc(*)cc5)cc4)c(C)c3)CCC3CCCCC3C2)cc1C,tg,251.0,227.43661543007306
*Oc1c(C)cc(C2(c3cc(C)c(Oc4ccc(C(=O)c5cccc(C(=O)c6ccc(*)cc6)c5)cc4)c(C)c3)CCC3CCCCC3C2)cc1C,tg,224.0,210.671884032228
*Oc1c(C)cc(C2(c3cc(C)c(Oc4ccc(C(=O)c5cccc(C(=O)c6ccc(*)cc6)c5)cc4)c(C)c3)c3ccccc3-c3ccccc32)cc1C,tg,229.0,241.09673833355447
*Oc1c(Cl)cc(*)cc1Br,tg,188.5,192.29335554265415
*Oc1c(Cl)cc(C(=C(Cl)Cl)c2cc(Cl)c(OC(*)=O)c(Cl)c2)cc1Cl,tg,250.0,219.49807812634788
*Oc1c(Cl)cc(C(C)(C)c2cc(Cl)c(OC(=O)c3ccc(OCCCCCCCCCCOc4ccc(C(*)=O)cc4)cc3)c(Cl)c2)cc1Cl,tg,140.0,101.95533431385715
*Oc1c(Cl)cc(C(c2cc(Cl)c(OC(*)=O)c(Cl)c2)C(Cl)(Cl)Cl)cc1Cl,tg,273.0,237.69564529493235
*Oc1c(Cl)cc(C2(c3cc(Cl)c(OC(*)=O)c(Cl)c3)CC3CC2C2CCCC32)cc1Cl,tg,281.0,255.24544876259543
*Oc1c(F)c(C#N)c(Oc2ccc(C(C)(C)c3cccc(C(C)(C)c4ccc(*)cc4)c3)cc2)c(F)c1C#N,tg,131.5,176.37290926551574
*Oc1c(F)c(F)c(-c2c(F)c(F)c(Oc3ccc(Cc4ccc(*)c(C=O)c4)cc3C=O)c(F)c2F)c(F)c1F,tg,198.0,168.76456889333664
*Oc1c(F)c(F)c(COC(c2cccc(C(OCc3c(F)c(F)c(Oc4ccc(Cc5ccc(*)cc5)cc4)c(F)c3F)(C(F)(F)F)C(F)(F)F)c2)(C(F)(F)F)C(F)(F)F)c(F)c1F,tg,94.0,109.4768833800448
*Oc1c(F)c(F)c(S(=O)(=O)c2c(F)c(F)c(Oc3ccc(C(c4ccc(*)cc4)(C(F)(F)F)C(F)(F)F)cc3)c(F)c2F)c(F)c1F,tg,182.0,157.49549032395902
*Oc1c(F)c(F)c(Sc2c(F)c(F)c(Oc3ccc(C(c4ccc(*)cc4)(C(F)(F)F)C(F)(F)F)cc3)c(F)c2F)c(F)c1F,tg,130.33,156.60221232293438
*Oc1c(OC)cc(*)cc1OC,tg,171.45,121.41968315487654
*Oc1c(OC)cc(-c2cc(OC)c(OC(=O)CCCCCCCCC(*)=O)c(OC)c2)cc1OC,tg,94.0,69.82953225584555
*Oc1c([2H])c([2H])c(S(=O)(=O)c2c([2H])c([2H])c(Oc3c([2H])c([2H])c(C(c4c([2H])c([2H])c(*)c([2H])c4[2H])(C([2H])([2H])[2H])C([2H])([2H])[2H])c([2H])c3[2H])c([2H])c2[2H])c([2H])c1[2H],tg,175.0,230.05762640404586
*Oc1cc(Br)c(C(C)(C)c2c(Br)cc(OC(*)=O)cc2Br)c(Br)c1,tg,267.0,216.80192582846422
*Oc1cc(C(=O)c2ccccc2)c(Oc2ccc(*)cc2)cc1C(=O)c1ccccc1,tg,137.0,160.1503007793379
*Oc1cc(C(C)(C)C)c(Oc2ccc(C(=O)Nc3c(C)cc(C(C)(C)c4cc(C)c(NC(=O)c5ccc(*)cc5)c(C)c4)cc3C)cc2)cc1C(C)(C)C,tg,295.0,274.2769448637873
*Oc1cc(C(C)(C)C)c(Oc2ccc(C(=O)Nc3c(C)cc(Cc4cc(C)c(NC(=O)c5ccc(*)cc5)c(C(C)C)c4)cc3C(C)C)cc2)cc1C(C)(C)C,tg,260.0,258.86275559362895
*Oc1cc(C(C)(C)C)c(Oc2ccc(C(=O)Nc3ccc(C(C)(C)c4ccc(NC(=O)c5ccc(*)cc5)c(C)c4)cc3C)cc2)cc1C(C)(C)C,tg,275.0,274.30461766276443
*Oc1cc(C(C)(C)C)c(Oc2ccc(C(=O)Nc3ccc(C(C)(C)c4ccc(NC(=O)c5ccc(*)cc5)cc4)cc3)cc2)cc1C(C)(C)C,tg,254.0,249.9284795392657
*Oc1cc(C(C)(C)C)c(Oc2ccc(C(=O)c3ccc(*)cc3)cc2)cc1C(C)(C)C,tg,206.0,208.42688011865056
*Oc1cc(C(C)(C)c2ccccc2)c(OC(=O)c2ccc(C(*)=O)cc2)cc1C(C)(C)c1ccccc1,tg,170.0,175.26478768065502
*Oc1cc(C(C)(C)c2ccccc2)c(OC(=O)c2cccc(C(*)=O)c2)cc1C(C)(C)c1ccccc1,tg,180.0,158.90724004317488
*Oc1cc(C)c(*)c(C)c1Br,tg,280.15,201.8585114960388
*Oc1cc(CC)cc(OC(=O)c2cccc(C(*)=O)c2)c1,tg,138.0,123.86351807597723
*Oc1cc(CCC)cc(OC(=O)c2cccc(C(*)=O)c2)c1,tg,129.0,115.85369635126418
*Oc1cc(CCCC)cc(OC(=O)c2cccc(C(*)=O)c2)c1,tg,97.5,111.0475613315697
*Oc1cc(CCCCCC)cc(OC(=O)c2cccc(C(*)=O)c2)c1,tg,67.5,73.96392131192623
*Oc1cc(CCCCCCCCCCC)cc(OC(=O)c2cccc(C(*)=O)c2)c1,tg,34.5,48.62924095010076
*Oc1cc(CCCCCCCCCCCCC)cc(OC(=O)c2cccc(C(*)=O)c2)c1,tg,25.5,44.77917346365883
*Oc1cc(Cl)c(C(C)(C)c2c(Cl)cc(OC(*)=O)cc2Cl)c(Cl)c1,tg,240.0,227.40230641657243
*Oc1cc(Cl)cc(Cl)c1*,tg,165.0,176.99094517366157
*Oc1cc(OC(=O)c2ccc(C(*)=O)cc2)cc(C(=O)OCCN(CC)c2ccc(N=Nc3ccc([N+](=O)[O-])cc3)cc2)c1,tg,130.0,134.60039096214066
*Oc1cc(OC(=O)c2ccc(OCCCC)cc2)c(OC(=O)C(C)(C)CCC(*)=O)cc1OC(=O)c1ccc(OCCCC)cc1,tg,61.0,62.8846606652522
*Oc1cc(OC(=O)c2ccc(OCCCC)cc2)c(OC(=O)CCCCCC(*)=O)cc1OC(=O)c1ccc(OCCCC)cc1,tg,45.0,50.67753653455587
*Oc1cc(OC(=O)c2ccc(OCCCC)cc2)c(OC(=O)CCCCCCCC(*)=O)cc1OC(=O)c1ccc(OCCCC)cc1,tg,38.0,42.64506116405039
*Oc1cc(OC(=O)c2ccc(OCCCCCCCCCCCC)cc2)c(OC(=O)CCCC(*)=O)cc1OC(=O)c1ccc(OCCCCCCCCCCCC)cc1,tg,23.0,48.61855555174839
*Oc1cc(OC(=O)c2ccc(Oc3ccc(C4(c5ccc(Oc6ccc(C(*)=O)cc6)cc5)CCC(C(C)(C)C)CC4)cc3)cc2)ccc1C12CC3CC(CC(C3)C1)C2,tg,180.0,199.0828967070018
*Oc1cc(Oc2ccc(C(C)(C)c3ccc(*)cc3)cc2)cc([N+](=O)[O-])c1,tg,150.0,132.82132620442957
*Oc1cc(Oc2ccc(NC(=O)c3cc(NC(=O)C45CC6CC(CC(C6)C4)C5)cc(C(=O)Nc4ccc(*)cc4)c3)cc2)ccc1C12CC3CC(CC(C3)C1)C2,tg,345.0,264.1605227078991
*Oc1cc2ccccc2cc1OC(=O)c1ccc(Oc2ccc(C(*)=O)cc2)cc1,tg,148.0,138.92045888334903
*Oc1ccc(*)cc1,tg,119.75,133.7778996757119
*Oc1ccc(-c2cc(-c3ccccc3)c(-c3ccc(OC(=O)c4ccc(C(*)=O)cc4-c4ccccc4)cc3)c(-c3ccccc3)c2-c2ccccc2)cc1,tg,225.0,191.169323876827
*Oc1ccc(-c2ccc(-c3ccc(Oc4ccc(C(=O)c5cccc(C(=O)c6ccc(*)cc6)c5)cc4)cc3)cc2)cc1,tg,174.0,182.21331218855994
*Oc1ccc(-c2ccc(-c3ccc(Oc4ccc(C(C)(C)c5ccc(*)cc5)cc4)c(C(F)(F)F)c3)cc2)cc1C(F)(F)F,tg,192.0,181.11998638465903
*Oc1ccc(-c2ccc(-c3ccc(Oc4ccc(C(C)(C)c5ccc(*)cc5)cc4)cc3)cc2)cc1,tg,182.0,178.34306958981847
*Oc1ccc(-c2ccc(NC(=O)c3cc(C(=O)Nc4ccc(-c5ccc(Oc6ccc(C(C)(C)c7ccc(*)cc7)cc6)c(C(F)(F)F)c5)cc4)cc(C(C)(C)C)c3)cc2)cc1C(F)(F)F,tg,248.5,220.26955360203766
*Oc1ccc(-c2ccc(OC(*)(Oc3ccccc3)Oc3ccccc3)cc2)cc1,tg,112.0,110.76557788927212
*Oc1ccc(-c2ccc(OC(=O)/C=C/c3ccc(/C=C/C(*)=O)cc3)cc2)cc1,tg,243.0,177.99425640906625
*Oc1ccc(-c2ccc(OC(=O)CCCCCCCCCCCCC(*)=O)cc2)cc1,tg,95.0,35.72350454700633
*Oc1ccc(-c2ccc(OC(=O)Nc3cccc(P(=O)(c4ccccc4)c4cccc(NC(*)=O)c4)c3)cc2)cc1,tg,72.0,159.73438694886156
*Oc1ccc(-c2ccc(OC(=O)c3cc(CCCCC)cc(C(*)=O)c3)cc2)cc1,tg,138.0,143.22072251077213
*Oc1ccc(-c2ccc(OC(=O)c3cc(N=Nc4ccc(OCC)cc4)ccc3-c3ccc(N=Nc4ccc(OCC)cc4)cc3C(*)=O)cc2)cc1,tg,165.0,159.70382007438855
*Oc1ccc(-c2ccc(OC(=O)c3cc(OCCCCCC)c(C(*)=O)cc3OCCCCCC)cc2)cc1,tg,113.0,96.54837439772659
*Oc1ccc(-c2ccc(OC(=O)c3ccc(C(*)=O)cc3)cc2)cc1-c1ccccc1,tg,132.0,161.8768052288301
*Oc1ccc(-c2ccc(OC(=O)c3ccc(C(*)=O)cc3Sc3ccc4ccccc4c3)cc2)cc1,tg,141.0,169.04507153052046
*Oc1ccc(-c2ccc(OC(=O)c3cccc(C(*)=O)c3)cc2)cc1,tg,185.5,172.19355206910288
*Oc1ccc(-c2ccc(Oc3ccc(*)cc3)c3ccccc23)c2ccccc12,tg,226.0,241.40703042602874
*Oc1ccc(-c2ccc(Oc3ccc(-c4ccc(-c5ccc(*)c(C(F)(F)F)c5)cc4)cc3C(F)(F)F)cc2)cc1,tg,203.5,184.36243453235986
*Oc1ccc(-c2ccc(Oc3ccc(C(=O)c4ccc(*)c(S(=O)(=O)O)c4)cc3S(=O)(=O)O)cc2)cc1,tg,225.0,221.29167019218676
*Oc1ccc(-c2ccc(Oc3ccc(C(=O)c4ccc(C(=O)c5ccc(*)c(C(F)(F)F)c5)cc4)cc3C(F)(F)F)cc2)cc1,tg,187.0,180.65737109678335
*Oc1ccc(-c2ccc(Oc3ccc(C(=O)c4ccc5cc(C(=O)c6ccc(*)cc6)ccc5c4)cc3)cc2)cc1,tg,195.0,185.4765727569747
*Oc1ccc(-c2ccc(Oc3ccc(C(=O)c4cccc(C(=O)c5ccc(*)cc5)c4)cc3)cc2)cc1,tg,159.0,165.9802519487001
*Oc1ccc(-c2ccc(Oc3ccc(C(=O)c4ccccc4-c4ccccc4C(=O)c4ccc(*)cc4)cc3)cc2)cc1,tg,193.0,196.85545829384338
*Oc1ccc(-c2ccc(Oc3ccc(C(C)(C)c4ccc(*)cc4)cc3)cc2)cc1,tg,154.0,184.50104144311175
*Oc1ccc(-c2ccc(Oc3ccc(Oc4ccc(Oc5ccc(*)cc5)cc4)cc3)c3ccccc23)c2ccccc12,tg,147.0,183.1594932944284
*Oc1ccc(-c2ccc(Oc3ccc(Oc4ccc(S(=O)(=O)c5ccc(Oc6ccc(*)cc6)cc5)cc4)cc3)c3ccccc23)c2ccccc12,tg,214.0,200.6510059667372
*Oc1ccc(-c2ccc(Oc3ccc(Oc4cccc(Oc5ccc(*)cc5)c4C)cc3)c3ccccc23)c2ccccc12,tg,156.0,184.4310729908591
*Oc1ccc(-c2ccc(Oc3ccc4ccccc4c3-c3c(*)ccc4ccccc34)c3ccccc23)c2ccccc12,tg,301.0,277.60070568165065
*Oc1ccc(-c2ccc(Oc3cccc(*)n3)cc2)cc1,tg,119.0,158.2177811742933
*Oc1ccc(C(=Cc2cc(OC)c(C=C(c3ccc(*)cc3)c3ccc(C(F)(F)F)cc3)cc2OC)c2ccc(C(F)(F)F)cc2)cc1,tg,194.0,163.28314855762716
*Oc1ccc(C(=Cc2ccc(-c3ccc(C=C(c4ccccc4)c4ccc(OC(=O)CCCCC(*)=O)cc4)cc3)cc2)c2ccccc2)cc1,tg,128.0,170.35665600740364
*Oc1ccc(C(=Cc2ccc(-c3ccc(C=C(c4ccccc4)c4ccc(OC(=O)CCCCCCCCC(*)=O)cc4)cc3)cc2)c2ccccc2)cc1,tg,111.0,101.86630585884454
*Oc1ccc(C(=Cc2ccc(-c3ccc(C=C(c4ccccc4)c4ccc(OC(=O)c5ccc(C(*)=O)cc5)cc4)cc3)cc2)c2ccccc2)cc1,tg,236.0,182.45531466600917
*Oc1ccc(C(=Cc2ccc(-c3ccc(C=C(c4ccccc4)c4ccc(OC(=O)c5cccc(C(*)=O)c5)cc4)cc3)cc2)c2ccccc2)cc1,tg,224.0,171.60289066811922
*Oc1ccc(C(=Nc2ccc(N=C(c3ccccc3)c3ccc(Oc4ccc(C(C)(C)c5ccc(*)cc5)cc4)cc3)cc2)c2ccccc2)cc1,tg,161.0,172.93070123808437
*Oc1ccc(C(=Nc2ccc(N=C(c3ccccc3)c3ccc(Oc4ccc(C(c5ccccc5)(c5ccccc5)c5ccc(*)cc5)cc4)cc3)cc2)c2ccccc2)cc1,tg,198.0,187.59515621960662
*Oc1ccc(C(=O)NNC(=O)c2ccc(*)cc2)cc1,tg,256.2,187.41505976670732
*Oc1ccc(C(=O)NNC(=O)c2ccc(C(=O)NNC(=O)c3ccc(OC(=O)c4cccc(C(*)=O)c4)cc3)cc2)cc1,tg,175.0,195.14443778785144
*Oc1ccc(C(=O)NNC(=O)c2cccc(C(=O)NNC(=O)c3ccc(OC(=O)c4cccc(C(*)=O)c4)cc3)c2)cc1,tg,180.0,189.99275363606782
*Oc1ccc(C(=O)Nc2cc(C(c3ccc(C)c(NC(=O)c4ccc(OC(=O)c5cccc(C(*)=O)c5)cc4)c3)(C(F)(F)F)C(F)(F)F)ccc2C)cc1,tg,214.0,220.71751993897843
*Oc1ccc(C(=O)Nc2cc(NC(=O)c3ccc(*)cc3)cc(-c3nc4ccccc4[nH]3)c2)cc1,tg,335.0,283.6172733228187
*Oc1ccc(C(=O)Nc2cc(NC(=O)c3ccc(*)cc3)cc(C(=O)OCCOC(=O)C=Cc3ccc(N(C)C)cc3)c2)cc1,tg,182.0,207.9322197675993
*Oc1ccc(C(=O)Nc2cc(SCCC#N)c(NC(=O)c3ccc(*)cc3)cc2SCCC#N)cc1,tg,158.0,209.1763551508021
*Oc1ccc(C(=O)Nc2ccc(Br)cc2-c2ccc(NC(=O)c3ccc(*)cc3)cc2)cc1,tg,267.0,242.0814972442157
*Oc1ccc(C(=O)Nc2ccc(C(c3ccc(NC(=O)c4ccc(*)cc4)cc3)(P3(=O)Oc4ccccc4-c4ccccc43)P3(=O)Oc4ccccc4-c4ccccc43)cc2)cc1,tg,243.0,238.6728754330242
*Oc1ccc(C(=O)Nc2ccc(C(c3ccc(NC(=O)c4ccc(OC(=O)c5ccc(C(*)=O)cc5)cc4)cc3)(C(F)(F)F)C(F)(F)F)cc2)cc1,tg,266.0,226.61991663919406
*Oc1ccc(C(=O)Nc2ccc(C(c3ccc(NC(=O)c4ccc(OC(=O)c5cccc(C(*)=O)c5)cc4)cc3)(C(F)(F)F)C(F)(F)F)cc2)cc1,tg,227.0,218.83183985119297
*Oc1ccc(C(=O)Nc2ccc(S(=O)(=O)c3ccc(NC(=O)c4ccc(Oc5ccc(C(=O)c6ccc(S(=O)(=O)c7ccc(C(=O)c8ccc(*)cc8)cc7)cc6)cc5)cc4)cc3)cc2)cc1,tg,260.0,214.2816171818799
*Oc1ccc(C(=O)O)c(C(=O)Nc2ccc(NC(=O)c3cc(*)ccc3C(=O)O)cc2)c1,tg,166.3,219.17774153480502
*Oc1ccc(C(=O)OC(C)COC(=O)c2ccc(OC(=O)c3ccc(C(*)=O)cc3)cc2)cc1,tg,87.0,115.02784695157587
*Oc1ccc(C(=O)OC(C)COC(C)COC(C)COC(=O)c2ccc(OC(=O)c3ccc(C(*)=O)cc3)cc2)cc1,tg,36.0,49.30473370022135
*Oc1ccc(C(=O)OCCCCCCCOC(=O)c2ccc(OC(=O)c3ccc(C(*)=O)cc3)cc2)cc1,tg,65.0,43.95591114725447
*Oc1ccc(C(=O)OCCCCCCOC(=O)c2ccc(*)cc2)cc1,tg,15.0,42.814656077525406
*Oc1ccc(C(=O)OCCCCOC(=O)c2ccc(*)cc2)cc1,tg,38.0,59.46720296763038
*Oc1ccc(C(=O)OCCCOC(=O)c2ccc(*)cc2)cc1,tg,57.0,73.72363886991754
*Oc1ccc(C(=O)OCCN(CCOC(=O)c2ccc(OC3(F)C(*)(F)C(F)(F)C3(F)F)cc2)c2ccc(C=CC3=CC(=C(C#N)C#N)CC(C)(C)C3)cc2)cc1,tg,143.0,133.7771329233642
*Oc1ccc(C(=O)OCCOC(=O)c2ccc(*)cc2)cc1,tg,74.0,110.02857029988743
*Oc1ccc(C(=O)OCCOCCOC(=O)c2ccc(OC(*)=O)cc2)cc1,tg,51.0,51.27021426477981
*Oc1ccc(C(=O)OCCOCCOCCOC(=O)c2ccc(OC(=O)c3ccc(C(*)=O)cc3)cc2)cc1,tg,25.0,40.964360623819665
*Oc1ccc(C(=O)OCCOCCOCCOCCOC(=O)c2ccc(OC(=O)c3ccc(C(*)=O)cc3)cc2)cc1,tg,25.0,32.17476836963808
*Oc1ccc(C(=O)c2ccc(C(=O)c3ccc(*)c(C(C)C)c3)cc2)cc1C,tg,149.0,167.9846208286703
*Oc1ccc(C(=O)c2ccc(C(=O)c3ccc(Oc4ccc(Cc5ccc(*)cc5)cc4)cc3)cc2)cc1,tg,120.0,144.0911212958915
*Oc1ccc(C(=O)c2ccc(C(=O)c3ccc(Oc4cccc(Cc5cccc(*)c5)c4)cc3)cc2)cc1,tg,122.0,131.8089935818419
*Oc1ccc(C(=O)c2ccc(NC(=O)c3ccc(C(=O)Nc4ccc(C(=O)c5ccc(*)cc5)cc4)cc3)cc2)cc1,tg,187.0,207.4313895454267
*Oc1ccc(C(=O)c2ccc(NC(=O)c3cccc(C(=O)Nc4ccc(C(=O)c5ccc(*)cc5)cc4)c3)cc2)cc1,tg,204.2,202.02005031391923
*Oc1ccc(C(=O)c2ccc(Oc3ccc(C(=O)c4c(C(=O)c5ccc(*)cc5)c(-c5ccc(F)cc5)c(-c5ccc(F)cc5)c(-c5ccc(F)cc5)c4-c4ccc(F)cc4)cc3)cc2)cc1,tg,260.0,263.3630351987653
*Oc1ccc(C(=O)c2ccc(Oc3ccc(C(=O)c4c(C(=O)c5ccc(*)cc5)c(-c5ccccc5)c(-c5ccc6ccccc6c5)c(-c5ccc6ccccc6c5)c4-c4ccccc4)cc3)cc2)cc1,tg,290.0,265.5243237094818
*Oc1ccc(C(=O)c2ccc(Oc3ccc(C(=O)c4ccc(Oc5ccc(Cc6ccc(*)cc6)cc5)cc4)cc3)cc2)cc1,tg,128.0,137.87520387693831
*Oc1ccc(C(=O)c2ccc(Oc3ccc(C(=O)c4cccc(C(=O)c5ccc(*)cc5)c4)cc3)cc2)cc1,tg,152.0,157.6388114393414
*Oc1ccc(C(=O)c2ccc(Oc3ccc(C(c4ccc(*)cc4)(C(F)(F)F)C(F)(F)F)cc3)cc2)c2ccccc12,tg,190.0,219.63947594969505
*Oc1ccc(C(=O)c2ccc(Oc3ccc(C4(c5ccc(*)cc5)c5ccccc5-c5ccccc54)cc3)cc2)c2ccccc12,tg,260.0,246.77097766292113
*Oc1ccc(C(=O)c2cccc(-c3cccc(C(=O)c4ccc(*)cc4)c3)c2)cc1,tg,123.0,175.76938281507304
*Oc1ccc(C(=O)c2cccc(C(=O)c3ccc(*)c(C(C)C)c3)c2)cc1CC,tg,136.0,132.45302815651178
*Oc1ccc(C(=O)c2cccc(C(=O)c3ccc(*)cc3)c2)cc1,tg,139.0,168.08863024158794
*Oc1ccc(C(=O)c2cccc(C(=O)c3ccc(Oc4cccc(Cc5cccc(*)c5)c4)cc3)c2)cc1,tg,114.0,121.46916295767863
*Oc1ccc(C(=O)c2ccccc2)c(-c2cc(Oc3ccc(-c4ccc(*)cc4)cc3)ccc2C(=O)c2ccccc2)c1,tg,174.0,192.79868976194777
*Oc1ccc(C(=O)c2ccccc2)c(-c2cc(Oc3ccc(C(C)(C)c4ccc(*)cc4)cc3)ccc2C(=O)c2ccccc2)c1,tg,156.0,169.09943319099466
*Oc1ccc(C(C#N)(c2ccccc2)c2ccc(OC(*)=O)cc2)cc1,tg,138.0,195.34448631841576
*Oc1ccc(C(C)(C)c2ccc(C(C)(C)c3ccc(Oc4ccc(C(=O)Nc5ccc(Cc6ccc(NC(=O)c7ccc(*)cc7)cc6)cc5)cc4)cc3)cc2)cc1,tg,162.0,171.62574461336646
*Oc1ccc(C(C)(C)c2ccc(C(C)(C)c3ccc(Oc4ccc(C(=O)Nc5ccc(NC(=O)c6ccc(*)cc6)cc5)cc4)cc3)cc2)cc1,tg,163.0,192.4248709312809
*Oc1ccc(C(C)(C)c2ccc(OC(*)(Oc3ccccc3)Oc3ccccc3)cc2)cc1,tg,92.0,103.39514733685957
*Oc1ccc(C(C)(C)c2ccc(OC(*)=O)c(C(C)C)c2)cc1C(C)C,tg,80.0,144.27445786193667
*Oc1ccc(C(C)(C)c2ccc(OC(*)=S)cc2)cc1,tg,140.5,103.76159898789982
*Oc1ccc(C(C)(C)c2ccc(OC(=O)C3CCC(C(*)=O)CC3)cc2)cc1,tg,150.0,139.86356535002372
*Oc1ccc(C(C)(C)c2ccc(OC(=O)CC(C)CCC(*)=O)cc2)cc1,tg,56.0,73.83462734253476
*Oc1ccc(C(C)(C)c2ccc(OC(=O)CCCCC(*)=O)c(C)c2)cc1C,tg,33.5,75.6074467218481
*Oc1ccc(C(C)(C)c2ccc(OC(=O)CCCCC(*)=O)cc2)cc1,tg,54.0,67.44877723981209
*Oc1ccc(C(C)(C)c2ccc(OC(=O)CCCCCCCCC(*)=O)cc2)cc1,tg,14.25,51.91517463947926
*Oc1ccc(C(C)(C)c2ccc(OC(=O)CN(CC(*)=O)c3ccc(N=Nc4ccc([N+](=O)[O-])cc4)cc3)cc2)cc1,tg,152.0,163.40577140542544
*Oc1ccc(C(C)(C)c2ccc(OC(=O)OCC3CCC(COC(*)=O)CC3)cc2)cc1,tg,90.4,78.28888214826141
*Oc1ccc(C(C)(C)c2ccc(OC(=O)OCCN(CCOC(*)=O)c3ccc(OC)cc3)cc2)cc1,tg,60.0,73.45721171743487
*Oc1ccc(C(C)(C)c2ccc(OC(=O)OCCN(CCOC(*)=O)c3ccc4[nH]c5ccccc5c4c3)cc2)cc1,tg,90.0,117.32474428186765
*Oc1ccc(C(C)(C)c2ccc(OC(=O)OCCN(CCOC(*)=O)c3ccccc3)cc2)cc1,tg,70.0,59.78898110216639
*Oc1ccc(C(C)(C)c2ccc(OC(=O)Oc3ccc(Cc4ccc(OC(*)=O)cc4)cc3)cc2)cc1,tg,107.8,115.22052255854848
*Oc1ccc(C(C)(C)c2ccc(OC(=O)SCCCSC(*)=O)cc2)cc1,tg,90.0,85.70949943908757
*Oc1ccc(C(C)(C)c2ccc(OC(=O)c3cc(NC(=O)c4ccc(NC(=O)C(C)N5C(=O)c6ccccc6C5=O)cc4)cc(C(*)=O)c3)cc2)cc1,tg,238.0,205.059539286852
*Oc1ccc(C(C)(C)c2ccc(OC(=O)c3ccc(C(*)=O)cc3)c(C(C)C)c2)cc1C(C)C,tg,130.0,182.92475204790534
*Oc1ccc(C(C)(C)c2ccc(OC(=O)c3ccc(C(*)=O)cc3)c(C(C)CC)c2)cc1C(C)CC,tg,90.0,166.30346074299322
*Oc1ccc(C(C)(C)c2ccc(OC(=O)c3ccc(C(*)=O)cc3)c(C)c2)cc1C,tg,167.0,179.96988979583347
*Oc1ccc(C(C)(C)c2ccc(OC(=O)c3ccc(C(*)=O)cc3)c(Cl)c2)cc1Cl,tg,190.0,170.4096299432918
*Oc1ccc(C(C)(C)c2ccc(OC(=O)c3ccc(C(C)(CC)c4ccc(C(*)=O)cc4)cc3)cc2)cc1,tg,207.5,160.9113934818256
*Oc1ccc(C(C)(C)c2ccc(OC(=O)c3ccc(C(c4ccc(C(*)=O)cc4)(C(F)(F)F)C(F)(F)F)cc3)cc2)cc1,tg,124.0,169.60915820538705
*Oc1ccc(C(C)(C)c2ccc(OC(=O)c3ccc(Cc4ccc(C(*)=O)cc4)cc3)cc2)cc1,tg,187.5,162.8733295609348
*Oc1ccc(C(C)(C)c2ccc(OC(=O)c3ccc(OCCCCCCCCCCOc4ccc(C(*)=O)cc4)cc3)cc2)cc1,tg,77.0,88.00801107148796
*Oc1ccc(C(C)(C)c2ccc(OC(=O)c3ccc([Si](C)(C)c4ccc(C(*)=O)cc4)cc3)cc2)cc1,tg,180.0,161.7056157929983
*Oc1ccc(C(C)(C)c2ccc(OC(=O)c3ccc4c(c3)C(C)(c3ccc(C(*)=O)cc3)CC4(C)C)cc2)cc1,tg,265.0,219.7123552475149
*Oc1ccc(C(C)(C)c2ccc(OC(=O)c3cccc(C(*)=O)c3)cc2)cc1,tg,166.08,178.8558805310055
*Oc1ccc(C(C)(C)c2ccc(OC(=O)c3cccc(C(F)(F)C(F)(F)C(F)(F)c4cccc(C(*)=O)c4)c3)cc2)cc1,tg,122.0,109.97858441368469
*Oc1ccc(C(C)(C)c2ccc(OC(=O)c3cccc(Oc4cccc(C(*)=O)c4)c3)cc2)cc1,tg,85.0,134.6590605723742
*Oc1ccc(C(C)(C)c2ccc(OC(=O)c3ccccc3-c3ccccc3C(*)=O)cc2)cc1,tg,154.5,161.20557746766892
*Oc1ccc(C(C)(C)c2ccc(OP3(Oc4ccc(C(=O)OCCC)cc4)=NP(Oc4ccc(C(=O)OCCC)cc4)(Oc4ccc(C(=O)OCCC)cc4)=NP(*)(Oc4ccc(C(=O)OCCC)cc4)=N3)cc2)cc1,tg,26.0,103.32081946755312
*Oc1ccc(C(C)(C)c2ccc(Oc3ccc(*)nn3)cc2)cc1,tg,180.0,129.5476454892025
*Oc1ccc(C(C)(C)c2ccc(Oc3ccc(C(=O)Nc4ccc(NC(=O)c5ccc(*)cc5)cc4)cc3)cc2)cc1,tg,230.0,217.39892047856193
*Oc1ccc(C(C)(C)c2ccc(Oc3ccc(C(=O)Nc4cccc(NC(=O)c5ccc(*)cc5)c4)cc3)cc2)cc1,tg,214.0,200.45533818935633
*Oc1ccc(C(C)(C)c2ccc(Oc3ccc(C(=O)c4c(C(=O)c5ccc(*)cc5)c(-c5ccccc5)c(-c5ccc6ccccc6c5)c(-c5ccc6ccccc6c5)c4-c4ccccc4)cc3)cc2)cc1,tg,264.0,277.77709673159336
*Oc1ccc(C(C)(C)c2ccc(Oc3ccc(C(=O)c4c(C)ccc5c(C(=O)c6ccc(*)cc6)c(C)ccc45)cc3)cc2)cc1,tg,222.0,206.6936650866748
*Oc1ccc(C(C)(C)c2ccc(Oc3ccc(C(=O)c4ccc(*)cc4)cc3)cc2)cc1,tg,155.23,159.8851228287311
*Oc1ccc(C(C)(C)c2ccc(Oc3ccc(C(=O)c4ccc(C(=O)c5ccc(*)c(C(F)(F)F)c5)cc4)cc3C(F)(F)F)cc2)cc1,tg,171.0,175.3322916236667
*Oc1ccc(C(C)(C)c2ccc(Oc3ccc(C(=O)c4ccc(C(=O)c5ccc(*)cc5)cc4)cc3)cc2)cc1,tg,156.4,169.40033163199473
*Oc1ccc(C(C)(C)c2ccc(Oc3ccc(C(=O)c4ccc(C(C)(C)c5ccc(C(=O)c6ccc(*)cc6)cc5)cc4)cc3)cc2)cc1,tg,171.0,177.42896637662972
*Oc1ccc(C(C)(C)c2ccc(Oc3ccc(C(=O)c4ccc(Oc5ccc(C(=O)c6ccc(*)cc6)cc5)cc4)cc3)cc2)cc1,tg,162.0,156.0028003509458
*Oc1ccc(C(C)(C)c2ccc(Oc3ccc(C(=O)c4ccc5cc(C(=O)c6ccc(*)cc6)ccc5c4)cc3)cc2)cc1,tg,185.0,186.7851905322817
*Oc1ccc(C(C)(C)c2ccc(Oc3ccc(C(=O)c4cccc5cccc(C(=O)c6ccc(*)cc6)c45)cc3)cc2)cc1,tg,210.5,201.1923575003263
*Oc1ccc(C(C)(C)c2ccc(Oc3ccc(C(=O)c4ccccc4-c4ccccc4C(=O)c4ccc(*)cc4)cc3)cc2)cc1,tg,172.0,168.89955265450732
*Oc1ccc(C(C)(C)c2ccc(Oc3ccc(C(O)C(O)c4ccc(*)cc4)cc3)cc2)cc1,tg,149.4,149.74486681756977
*Oc1ccc(C(C)(C)c2ccc(Oc3ccc4c(=O)n5c6cc(-c7ccc8c(c7)nc7c9ccc(*)c%10cccc(c(=O)n87)c%109)ccc6nc5c5cccc3c45)cc2)cc1,tg,380.0,337.23170284954483
*Oc1ccc(C(C)(C)c2ccc(Oc3ccc4c(=O)n5c6cc(Oc7ccc8c(c7)nc7c9ccc(*)c%10cccc(c(=O)n87)c%109)ccc6nc5c5cccc3c45)cc2)cc1,tg,334.0,346.8141139984092
*Oc1ccc(C(C)(C)c2ccc(Oc3cncc(*)n3)cc2)cc1,tg,94.0,139.10828816525657
*Oc1ccc(C(C)(C)c2cccc(C(C)(C)c3ccc(Oc4ccc(C(=O)Nc5cccc(NC(=O)c6ccc(*)cc6)c5)cc4)cc3)c2)cc1,tg,155.0,183.4854990332964
*Oc1ccc(C(C)(CC(C)C)c2ccc(OC(*)=S)cc2)cc1,tg,128.0,127.97912449617561
*Oc1ccc(C(C)(CC)c2ccc(OC(*)=O)c(C)c2)cc1C,tg,119.0,128.78523756555379
*Oc1ccc(C(C)(CC)c2ccc(OC(*)=O)cc2)cc1,tg,131.5,123.9104990769578
*Oc1ccc(C(C)(CC)c2ccc(OC(*)=S)cc2)cc1,tg,102.0,119.82970083826146
*Oc1ccc(C(C)(CCC#N)c2ccc(OC(*)=O)c(C)c2)cc1C,tg,117.0,127.11157006587494
*Oc1ccc(C(C)(CCC#N)c2ccc(OC(*)=O)cc2)cc1,tg,150.0,132.0418557737063
*Oc1ccc(C(C)(c2ccccc2)c2ccc(OC(*)=O)cc2)cc1,tg,180.0,146.36456111119992
*Oc1ccc(C(C)(c2ccccc2)c2ccc(OC(=O)c3cccc(C(*)=O)c3)cc2)cc1,tg,202.0,173.46348308981376
*Oc1ccc(C(C)(c2ccccc2)c2ccc(Oc3c(F)c(F)c(C(=O)c4c(F)c(F)c(*)c(F)c4F)c(F)c3F)cc2)cc1,tg,175.0,180.8669684066287
*Oc1ccc(C(C)(c2ccccc2)c2ccc(Oc3ccc(C(=O)C(=O)c4ccc(*)cc4)cc3)cc2)cc1,tg,177.0,184.36801551644322
*Oc1ccc(C(C)=Nc2ccc(N=C(C)c3ccc(Oc4ccc(C(C)(C)c5ccc(*)cc5)cc4)cc3)cc2)cc1,tg,161.0,162.84900637604463
*Oc1ccc(C(C)c2ccc(OC(*)=O)cc2)cc1,tg,122.2,128.84157422023773
*Oc1ccc(C(C)c2ccc(OC(*)=S)cc2)cc1,tg,101.67,120.36732356224972
*Oc1ccc(C(CC)(CC)c2ccc(OC(*)=S)cc2)cc1,tg,121.0,116.6590326717885
*Oc1ccc(C(CC)(CC)c2ccc(OC(=O)c3ccc(C(*)=O)cc3)cc2)cc1,tg,165.0,206.55814699578923
*Oc1ccc(C(CC)(c2ccccc2)c2ccc(OC(=O)CCCCCCCCC(*)=O)cc2)cc1,tg,88.0,78.14961949814193
*Oc1ccc(C(CC)(c2ccccc2)c2ccc(OC(=O)c3ccc(C(*)=O)cc3)cc2)cc1,tg,243.0,189.66262481923167
*Oc1ccc(C(CC)c2ccc(OC(*)=O)cc2)cc1,tg,128.0,122.74410728028441
*Oc1ccc(C(CC)c2ccc(OC(*)=S)cc2)cc1,tg,97.33,107.03820104605572
*Oc1ccc(C(CCC)(CCC)c2ccc(OC(*)=O)cc2)cc1,tg,140.8,123.19943294252714
*Oc1ccc(C(CCC)c2ccc(OC(*)=O)cc2)cc1,tg,110.33,123.98381587992745
*Oc1ccc(C(c2ccc(OC(*)=O)cc2)C(C)C)cc1,tg,149.0,133.49772224077603
*Oc1ccc(C(c2ccc(OC(*)=O)cc2)C(Cl)(Cl)Cl)cc1,tg,230.0,158.6357987463726
*Oc1ccc(C(c2ccc(OC(*)=O)cc2)C2C3CCC(C3)C2c2ccccc2)cc1,tg,196.0,200.41624644380065
*Oc1ccc(C(c2ccc(OC(*)=O)cc2)C2CC3CC2C2C4CCC(C4)C32)cc1,tg,253.0,218.3028958351477
*Oc1ccc(C(c2ccc(OC(*)=S)cc2)C(CC)CC)cc1,tg,148.0,118.5971649326254
*Oc1ccc(C(c2ccc(OC(*)=S)cc2)c2cccc3ccccc23)cc1,tg,191.0,189.7089445326061
*Oc1ccc(C(c2ccc(OC(=O)Nc3ccc(Cc4ccc(NC(*)=O)cc4)cc3)cc2)(C(F)(F)F)C(F)(F)F)cc1,tg,81.0,174.54983240731838
*Oc1ccc(C(c2ccc(OC(=O)c3ccc(C(c4ccc(C(*)=O)cc4)(C(F)(F)F)C(F)(F)F)cc3)cc2)(C(F)(F)F)C(F)(F)F)cc1,tg,135.0,176.22759475101213
*Oc1ccc(C(c2ccc(OC(=O)c3ccc(OCCCCCCCCCCOc4ccc(C(*)=O)cc4)cc3)cc2)(C(F)(F)F)C(F)(F)F)cc1,tg,89.0,94.54938127832686
*Oc1ccc(C(c2ccc(OC(=O)c3ccccc3-c3ccccc3C(*)=O)cc2)(C(F)(F)F)C(F)(F)F)cc1,tg,162.0,169.315561464582
*Oc1ccc(C(c2ccc(OC3(F)C(*)(F)C(F)(F)C3(F)F)cc2)(C(F)(F)F)C(F)(F)F)cc1,tg,122.5,147.01969411305117
*Oc1ccc(C(c2ccc(Oc3c(F)c(F)c(C(=O)c4c(F)c(F)c(*)c(F)c4F)c(F)c3F)cc2)(C(F)(F)F)C(F)(F)F)cc1,tg,148.69,165.48812976911637
*Oc1ccc(C(c2ccc(Oc3c(F)c(F)c(COC(c4cccc(C(OCc5c(F)c(F)c(*)c(F)c5F)(C(F)(F)F)C(F)(F)F)c4)(C(F)(F)F)C(F)(F)F)c(F)c3F)cc2)(C(F)(F)F)C(F)(F)F)cc1,tg,113.0,133.01669644212006
*Oc1ccc(C(c2ccc(Oc3ccc(C(=O)Nc4ccc(-c5ccc(NC(=O)c6ccc(*)cc6)cc5C(F)(F)F)c(C(F)(F)F)c4)cc3)cc2)(C(F)(F)F)C(F)(F)F)cc1,tg,240.0,245.25793045649695
*Oc1ccc(C(c2ccc(Oc3ccc(C(=O)c4c(C(=O)c5ccc(*)cc5)c(-c5ccc(F)cc5)c(-c5ccc(F)cc5)c(-c5ccc(F)cc5)c4-c4ccc(F)cc4)cc3)cc2)(C(F)(F)F)C(F)(F)F)cc1,tg,253.0,223.8690622720455
*Oc1ccc(C(c2ccc(Oc3ccc(C(=O)c4cc(C(=O)c5ccc(*)cc5)cc(C(C)(C)C)c4)cc3)cc2)(C(F)(F)F)C(F)(F)F)cc1,tg,181.0,179.90657586642368
*Oc1ccc(C(c2ccc(Oc3ccc(C(=O)c4ccc(*)cc4)cc3)cc2)(C(F)(F)F)C(F)(F)F)cc1,tg,170.5,165.1067675570924
*Oc1ccc(C(c2ccc(Oc3ccc(C(=O)c4ccc(*)cc4)cc3)cc2)c2ccccc2C(=O)O)cc1,tg,220.5,192.75491045038385
*Oc1ccc(C(c2ccc(Oc3ccc(C(=O)c4ccc(C(c5ccc(C(=O)c6ccc(*)cc6)cc5)(C(F)(F)F)C(F)(F)F)cc4)cc3)cc2)(C(F)(F)F)C(F)(F)F)cc1,tg,185.0,175.35186210372146
*Oc1ccc(C(c2ccc(Oc3ccc(C(=O)c4ccc(P(=O)(c5ccccc5)c5ccc(C(=O)c6ccc(*)cc6)cc5)cc4)cc3)cc2)(C(F)(F)F)C(F)(F)F)cc1,tg,207.0,184.7268762170794
*Oc1ccc(C(c2ccc(Oc3ccc(C(=O)c4cccc(C(=O)c5ccc(*)cc5)c4)cc3)cc2)(C(F)(F)F)C(F)(F)F)cc1,tg,175.0,169.08902217622816
*Oc1ccc(C(c2ccc(Oc3ccc(C(=O)c4cccc5cccc(C(=O)c6ccc(*)cc6)c45)cc3)cc2)(C(F)(F)F)C(F)(F)F)cc1,tg,213.0,210.73990112878354
*Oc1ccc(C(c2ccccc2)(c2ccccc2)c2ccc(OC(=O)OC3C(C)(C)C(OC(*)=O)C3(C)C)cc2)cc1,tg,161.0,145.95021763071802
*Oc1ccc(C(c2ccccc2)(c2ccccc2)c2ccc(OC(=O)c3cccc(C(*)=O)c3)cc2)cc1,tg,229.0,187.90693107963995
*Oc1ccc(C(c2ccccc2)(c2ccccc2)c2ccc(Oc3ccc(C(=O)Nc4ccc(NC(=O)c5ccc(*)cc5)cc4)cc3)cc2)cc1,tg,254.0,231.74579368015876
*Oc1ccc(C(c2ccccc2)(c2ccccc2)c2ccc(Oc3ccc4c(=O)n5c6cc(-c7ccc8c(c7)nc7c9ccc(*)c%10cccc(c(=O)n87)c%109)ccc6nc5c5cccc3c45)cc2)cc1,tg,357.0,339.8642708258171
*Oc1ccc(C(c2ccccc2)c2ccc(OC(*)=O)cc2C)c(C)c1,tg,182.0,174.25882131819904
*Oc1ccc(C2(C)CCC(C(C)(C)c3ccc(Oc4ccc(C(=O)c5ccc(*)cc5)cc4)cc3)CC2)cc1,tg,200.0,180.9408929916779
*Oc1ccc(C2(c3ccc(OC(*)=O)c(C)c3)CC3CC2C2CCCC32)cc1C,tg,217.0,227.12272829066674
*Oc1ccc(C2(c3ccc(OC(*)=O)c(C)c3)CC3CCC2C3)cc1C,tg,161.0,202.3781303420915
*Oc1ccc(C2(c3ccc(OC(*)=O)c(Cl)c3)CC3CCC2C3)cc1Cl,tg,200.0,212.37870643319732
*Oc1ccc(C2(c3ccc(OC(*)=O)cc3)CC3CC2C2CCCC32)cc1,tg,251.5,220.09331306632893
*Oc1ccc(C2(c3ccc(OC(*)=O)cc3)CCCCC2)cc1,tg,175.19,150.85319184455517
*Oc1ccc(C2(c3ccc(OC(*)=O)cc3)CCCCCC2)cc1,tg,155.0,169.46799049652273
*Oc1ccc(C2(c3ccc(OC(*)=O)cc3)CCc3ccccc32)cc1,tg,219.0,252.9174647314741
*Oc1ccc(C2(c3ccc(OC(*)=O)cc3)c3cc(N(C)C)ccc3-c3ccc([N+](=O)[O-])cc32)cc1,tg,278.0,245.7122152710501
*Oc1ccc(C2(c3ccc(OC(*)=O)cc3)c3cc(OC)ccc3-c3ccc([N+](=O)[O-])cc32)cc1,tg,294.0,223.40587671671548
*Oc1ccc(C2(c3ccc(OC(*)=O)cc3)c3ccccc3-c3ccccc32)cc1,tg,303.33,265.4017741848917
*Oc1ccc(C2(c3ccc(OC(*)=O)cc3C)CC3CC2C2C4CCC(C4)C32)cc1C,tg,232.0,232.78157137407192
*Oc1ccc(C2(c3ccc(OC(*)=S)cc3)CCC(C)CC2)cc1,tg,168.0,167.68142383109307
*Oc1ccc(C2(c3ccc(OC(*)=S)cc3)CCCC2)cc1,tg,79.0,140.6552100307919
*Oc1ccc(C2(c3ccc(OC(*)=S)cc3)CCCCC2)cc1,tg,155.0,124.81103472438664
*Oc1ccc(C2(c3ccc(OC(=O)C45CC6CC(CC(C(*)=O)(C6)C4)C5)cc3)c3ccccc3-c3ccccc32)cc1,tg,335.0,252.0027979964182
*Oc1ccc(C2(c3ccc(OC(=O)CCC(*)=O)cc3)c3cc(N(C)C)ccc3-c3ccc([N+](=O)[O-])cc32)cc1,tg,215.0,228.92759705905524
*Oc1ccc(C2(c3ccc(OC(=O)CCC(*)=O)cc3)c3cc(OC)ccc3-c3ccc([N+](=O)[O-])cc32)cc1,tg,230.0,210.87169680785604
*Oc1ccc(C2(c3ccc(OC(=O)CCC(*)=O)cc3)c3ccccc3-c3ccccc32)cc1,tg,234.0,207.94776292293702
*Oc1ccc(C2(c3ccc(OC(=O)CCCC(*)=O)cc3)c3cc(N(C)C)ccc3-c3ccc([N+](=O)[O-])cc32)cc1,tg,181.0,170.80566768512207
*Oc1ccc(C2(c3ccc(OC(=O)CCCCC(*)=O)cc3)c3cc(N(C)C)ccc3-c3ccc([N+](=O)[O-])cc32)cc1,tg,150.0,162.27885332043965
*Oc1ccc(C2(c3ccc(OC(=O)CCCCC(*)=O)cc3)c3ccccc3-c3ccccc32)cc1,tg,166.0,155.02720980735904
*Oc1ccc(C2(c3ccc(OC(=O)CCCCCCCC(*)=O)cc3)c3ccccc3-c3ccccc32)cc1,tg,150.0,138.43204018117976
*Oc1ccc(C2(c3ccc(OC(=O)CCCCCCCCCC(*)=O)cc3)c3ccccc3-c3ccccc32)cc1,tg,136.0,118.76044158347479
*Oc1ccc(C2(c3ccc(OC(=O)CCCCCCCCCCC(*)=O)cc3)c3ccccc3-c3ccccc32)cc1,tg,117.0,131.66615842161335
*Oc1ccc(C2(c3ccc(OC(=O)OC4C(C)(C)C(OC(*)=O)C4(C)C)cc3)CCC(C(C)(C)C)CC2)cc1,tg,172.0,156.63329781276698
*Oc1ccc(C2(c3ccc(OC(=O)OC4C(C)(C)C(OC(*)=O)C4(C)C)cc3)CCCCC2)cc1,tg,136.0,156.1382390410546
*Oc1ccc(C2(c3ccc(OC(=O)OC4C(C)(C)C(OC(*)=O)C4(C)C)cc3)c3ccccc3-c3ccccc32)cc1,tg,214.0,239.44815322548183
*Oc1ccc(C2(c3ccc(OC(=O)c4ccc(C(*)=O)cc4)cc3)CCC3CCCCC3C2)cc1,tg,275.0,273.39771066457587
*Oc1ccc(C2(c3ccc(OC(=O)c4ccc(C(*)=O)cc4)cc3)CCCCC2)cc1,tg,275.0,207.57763544994827
*Oc1ccc(C2(c3ccc(OC(=O)c4ccc(C(*)=O)cc4)cc3)CCc3ccccc32)cc1,tg,312.0,277.6946966547005
*Oc1ccc(C2(c3ccc(OC(=O)c4ccc(C(*)=O)cc4)cc3)c3ccccc3-c3ccccc32)cc1,tg,285.0,342.9946011263858
*Oc1ccc(C2(c3ccc(OC(=O)c4ccc(C(*)=O)cc4)cc3)c3ccccc3C(=O)c3ccccc32)cc1,tg,400.0,300.1223199339572
*Oc1ccc(C2(c3ccc(OC(=O)c4ccc(C(*)=O)cc4)cc3)c3ccccc3Cc3ccccc32)cc1,tg,342.0,323.1490034276255
*Oc1ccc(C2(c3ccc(OC(=O)c4ccc(Oc5ccc(C6(c7ccc(Oc8ccc(C(*)=O)cc8)cc7)CCC(C(C)(C)C)CC6)cc5)cc4)cc3)CC3CC2C2CCCC32)cc1,tg,181.0,205.57406897957736
*Oc1ccc(C2(c3ccc(OC(=O)c4ccc(Oc5ccc(C6(c7ccc(Oc8ccc(C(*)=O)cc8)cc7)CCC(C(C)(C)C)CC6)cc5)cc4)cc3)CCCCCCCCCCC2)cc1,tg,181.0,176.50005065303205
*Oc1ccc(C2(c3ccc(OC(=O)c4cccc(C(*)=O)c4)cc3)CCC3CCCCC3C2)cc1,tg,248.0,239.7859005554508
*Oc1ccc(C2(c3ccc(OC4(F)C(*)(F)C(F)(F)C4(F)F)cc3)c3ccccc3-c3ccccc32)cc1,tg,228.0,202.13905705192596
*Oc1ccc(C2(c3ccc(Oc4ccc(C(=O)Oc5c(C)cc(C(C)(C)c6cc(C)c(OC(=O)c7ccc(*)cc7)c(C)c6)cc5C)cc4)cc3)CCC(C(C)(C)C)CC2)cc1,tg,176.0,170.77400501547493
*Oc1ccc(C2(c3ccc(Oc4ccc(C(=O)Oc5ccc(C(C)(C)c6ccc(OC(=O)c7ccc(*)cc7)cc6)cc5)cc4)cc3)CCC(C(C)(C)C)CC2)cc1,tg,144.0,160.88641854360694
*Oc1ccc(C2(c3ccc(Oc4ccc(C(=O)Oc5ccc(C6(c7ccc(OC(=O)c8ccc(*)cc8)cc7)CCC(c7ccccc7)CC6)cc5)cc4)cc3)CCC(C(C)(C)C)CC2)cc1,tg,172.0,167.3086647576473
*Oc1ccc(C2(c3ccc(Oc4ccc(C(=O)c5ccc(*)cc5)cc4)c(C)c3)CCC3CCCCC3C2)cc1C,tg,201.0,229.9482676785549
*Oc1ccc(C2(c3ccc(Oc4ccc(C(=O)c5ccc(*)cc5)cc4)cc3)CCC3CCCCC3C2)cc1,tg,214.0,223.31973671113698
*Oc1ccc(C2(c3ccc(Oc4ccc(C(=O)c5ccc(*)cc5)cc4)cc3)c3ccccc3-c3ccccc32)cc1,tg,252.0,253.27986495763614
*Oc1ccc(C2(c3ccc(Oc4ccc(C(=O)c5ccc(C(=O)c6ccc(*)c(C(F)(F)F)c6)cc5)cc4C(F)(F)F)cc3)c3ccccc3-c3ccccc32)cc1,tg,229.0,218.3554671270235
*Oc1ccc(C2(c3ccc(Oc4ccc(C(=O)c5ccc(C(=O)c6ccc(*)cc6)cc5)cc4)cc3)c3ccccc3-c3ccccc32)cc1,tg,243.0,230.30055935529066
*Oc1ccc(C2(c3ccc(Oc4ccc(C(=O)c5ccc(Oc6ccc(C(=O)c7ccc(*)cc7)cc6)cc5)cc4)cc3)c3ccccc3-c3ccccc32)cc1,tg,231.0,231.8444787176436
*Oc1ccc(C2(c3ccc(Oc4ccc(C(=O)c5cccc(-c6cccc(C(=O)c7ccc(*)cc7)c6)c5)cc4)cc3)c3ccccc3-c3ccccc32)cc1,tg,212.0,228.4516230287676
*Oc1ccc(C2(c3ccc(Oc4ccc(C(=O)c5cccc(C(=O)c6ccc(*)cc6)c5)cc4)c(C)c3)c3ccccc3-c3ccccc32)cc1C,tg,217.0,221.9940020593094
*Oc1ccc(C2(c3ccc(Oc4ccc(C(=O)c5cccc(C(=O)c6ccc(*)cc6)c5)cc4)cc3)CCC3CCCCC3C2)cc1,tg,194.0,217.32201757399187
*Oc1ccc(C2(c3ccc(Oc4ccc(C(=O)c5cccc6cccc(C(=O)c7ccc(*)cc7)c56)cc4)cc3)c3ccccc3-c3ccccc32)cc1,tg,269.0,243.56970974454956
*Oc1ccc(C2(c3ccc(Oc4ccc(C(=O)c5ccccc5-c5ccccc5C(=O)c5ccc(*)cc5)cc4)cc3)c3ccccc3-c3ccccc32)cc1,tg,229.0,243.75804560429583
*Oc1ccc(C2(c3ccc(Oc4ccc(C=NN=Cc5ccc(*)cc5)cc4)cc3)c3ccccc3-c3ccccc32)cc1,tg,227.0,226.52455496055018
*Oc1ccc(C2(c3ccc(Oc4ccc5c(=O)n6c7cc(-c8ccc9c(c8)nc8c%10ccc(*)c%11cccc(c(=O)n98)c%11%10)ccc7nc6c6cccc4c56)cc3)c3ccccc3-c3ccccc32)cc1,tg,421.0,367.1531389101391
*Oc1ccc(C=C2CCC(=Cc3ccc(OC(=O)c4ccc(N=Cc5ccc(C=Nc6ccc(C(*)=O)cc6)cc5)cc4)c(OC)c3)C2=O)cc1OC,tg,140.0,134.32509767197237
*Oc1ccc(C=C2CCC(=Cc3ccc(OC(=O)c4ccc(N=Cc5ccc(C=Nc6ccc(C(*)=O)cc6)cc5)cc4)cc3)C2=O)cc1,tg,205.0,156.54094536773914
*Oc1ccc(C=C2CCCC(=Cc3ccc(OC(=O)c4cccc(C(*)=O)c4)c(OC)c3)C2=O)cc1OC,tg,57.86,143.66988516574617
*Oc1ccc(C=CC(=O)c2ccc(Oc3ccc(C(C)(c4ccccc4)c4ccc(*)cc4)cc3)cc2)cc1,tg,167.0,176.28384199843975
*Oc1ccc(C=NN=Cc2ccc(Oc3ccc(C(=O)c4ccc(*)cc4)cc3)cc2)cc1,tg,179.0,155.0638724954469
*Oc1ccc(C=NN=Cc2ccc(Oc3ccc(C(c4ccc(*)cc4)(C(F)(F)F)C(F)(F)F)cc3)cc2)cc1,tg,162.0,153.33645859057486
*Oc1ccc(CC(C#N)(C#N)Cc2ccc(*)cc2)cc1,tg,147.0,122.37454494979531
*Oc1ccc(CC(NC(=O)CCc2ccc(OC(*)=O)cc2)C(=O)OCCCC)cc1,tg,67.0,64.22358610895928
*Oc1ccc(CC(NC(=O)CCc2ccc(OC(*)=O)cc2)C(=O)OCCCCCC)cc1,tg,51.5,59.55037580285303
*Oc1ccc(CC(NC(=O)CCc2ccc(OC(=O)CC(C)CCC(*)=O)cc2)C(=O)OC(C)CC)cc1,tg,45.0,46.96905584285086
*Oc1ccc(CC(NC(=O)CCc2ccc(OC(=O)CCC(*)=O)cc2)C(=O)OC(C)C)cc1,tg,82.0,77.49311310364205
*Oc1ccc(CC(NC(=O)CCc2ccc(OC(=O)CCC(*)=O)cc2)C(=O)OC(C)CC)cc1,tg,75.0,78.64166043886661
*Oc1ccc(CC(NC(=O)CCc2ccc(OC(=O)CCC(*)=O)cc2)C(=O)OC)cc1,tg,91.5,85.42921013171053
*Oc1ccc(CC(NC(=O)CCc2ccc(OC(=O)CCC(*)=O)cc2)C(=O)OCC(C)C)cc1,tg,75.0,72.06690019373683
*Oc1ccc(CC(NC(=O)CCc2ccc(OC(=O)CCC(*)=O)cc2)C(=O)OCC)cc1,tg,78.0,79.02916059667808
*Oc1ccc(CC(NC(=O)CCc2ccc(OC(=O)CCC(*)=O)cc2)C(=O)OCCCC)cc1,tg,67.0,67.11529027488145
*Oc1ccc(CC(NC(=O)CCc2ccc(OC(=O)CCC(*)=O)cc2)C(=O)OCCCCCCCC)cc1,tg,46.75,46.6480966606906
*Oc1ccc(CC(NC(=O)CCc2ccc(OC(=O)CCC(*)=O)cc2)C(=O)OCCCCCCCCCCCC)cc1,tg,40.0,40.088084130015694
*Oc1ccc(CC(NC(=O)CCc2ccc(OC(=O)CCC(*)=O)cc2)C(=O)OCCOCCOCC)cc1,tg,34.0,37.873719685122936
*Oc1ccc(CC(NC(=O)CCc2ccc(OC(=O)CCC(*)=O)cc2)C(=O)OCc2ccccc2)cc1,tg,78.0,77.62594172802176
*Oc1ccc(CC(NC(=O)CCc2ccc(OC(=O)CCC(C)CC(*)=O)cc2)C(=O)OC)cc1,tg,53.0,65.64458745111678
*Oc1ccc(CC(NC(=O)CCc2ccc(OC(=O)CCC(C)CC(*)=O)cc2)C(=O)OCc2ccccc2)cc1,tg,55.0,48.858436935221306
*Oc1ccc(CC(NC(=O)CCc2ccc(OC(=O)CCCC(*)=O)cc2)C(=O)OC(C)C)cc1,tg,68.0,70.338592338757
*Oc1ccc(CC(NC(=O)CCc2ccc(OC(=O)CCCC(*)=O)cc2)C(=O)OC)cc1,tg,76.0,73.14660101087436
*Oc1ccc(CC(NC(=O)CCc2ccc(OC(=O)CCCC(*)=O)cc2)C(=O)OCC(C)C)cc1,tg,62.0,59.22803888455145
*Oc1ccc(CC(NC(=O)CCc2ccc(OC(=O)CCCC(*)=O)cc2)C(=O)OCC)cc1,tg,67.67,63.856276884562654
*Oc1ccc(CC(NC(=O)CCc2ccc(OC(=O)CCCC(*)=O)cc2)C(=O)OCCCC)cc1,tg,53.67,52.01792946988853
*Oc1ccc(CC(NC(=O)CCc2ccc(OC(=O)CCCC(*)=O)cc2)C(=O)OCCCCCCCC)cc1,tg,32.5,34.450322020675344
*Oc1ccc(CC(NC(=O)CCc2ccc(OC(=O)CCCC(*)=O)cc2)C(=O)OCCCCCCCCCCCC)cc1,tg,27.5,29.659115681478298
*Oc1ccc(CC(NC(=O)CCc2ccc(OC(=O)CCCC(*)=O)cc2)C(=O)OCc2ccccc2)cc1,tg,66.0,67.93427451248944
*Oc1ccc(CC(NC(=O)CCc2ccc(OC(=O)CCCCC(*)=O)cc2)C(=O)OC)cc1,tg,68.67,64.29479830245933
*Oc1ccc(CC(NC(=O)CCc2ccc(OC(=O)CCCCC(*)=O)cc2)C(=O)OCC(C)C)cc1,tg,56.0,46.31208621613762
*Oc1ccc(CC(NC(=O)CCc2ccc(OC(=O)CCCCC(*)=O)cc2)C(=O)OCC)cc1,tg,58.8,53.421021695643525
*Oc1ccc(CC(NC(=O)CCc2ccc(OC(=O)CCCCC(*)=O)cc2)C(=O)OCCCCCC)cc1,tg,35.57,36.23313767798997
*Oc1ccc(CC(NC(=O)CCc2ccc(OC(=O)CCCCC(*)=O)cc2)C(=O)OCCCCCCCCCCCC)cc1,tg,22.0,21.570048742298518
*Oc1ccc(CC(NC(=O)CCc2ccc(OC(=O)CCCCC(*)=O)cc2)C(=O)OCCOCCOCC)cc1,tg,15.0,24.171696396780106
*Oc1ccc(CC(NC(=O)CCc2ccc(OC(=O)CCCCC(*)=O)cc2)C(=O)OCc2ccccc2)cc1,tg,54.5,57.44443709051497
*Oc1ccc(CC(NC(=O)CCc2ccc(OC(=O)CCCCCCC(*)=O)cc2)C(=O)OC(C)C)cc1,tg,46.0,54.814119280058996
*Oc1ccc(CC(NC(=O)CCc2ccc(OC(=O)CCCCCCC(*)=O)cc2)C(=O)OCC)cc1,tg,50.0,41.72986695680551
*Oc1ccc(CC(NC(=O)CCc2ccc(OC(=O)CCCCCCC(*)=O)cc2)C(=O)OCCCC)cc1,tg,37.0,38.8622580328701
*Oc1ccc(CC(NC(=O)CCc2ccc(OC(=O)CCCCCCC(*)=O)cc2)C(=O)OCCCCCCCC)cc1,tg,21.33,20.313690809229836
*Oc1ccc(CC(NC(=O)CCc2ccc(OC(=O)CCCCCCC(*)=O)cc2)C(=O)OCCCCCCCCCCCC)cc1,tg,15.0,16.410753286437348
*Oc1ccc(CC(NC(=O)CCc2ccc(OC(=O)CCCCCCC(*)=O)cc2)C(=O)OCc2ccccc2)cc1,tg,47.0,56.1281642766749
*Oc1ccc(CC(NC(=O)CCc2ccc(OC(=O)CCCCCCCCC(*)=O)cc2)C(=O)OC(C)C)cc1,tg,44.0,43.61576277974092
*Oc1ccc(CC(NC(=O)CCc2ccc(OC(=O)CCCCCCCCC(*)=O)cc2)C(=O)OC(C)CC)cc1,tg,36.0,41.749902222551775
*Oc1ccc(CC(NC(=O)CCc2ccc(OC(=O)CCCCCCCCC(*)=O)cc2)C(=O)OCC(C)C)cc1,tg,33.0,39.59849147224742
*Oc1ccc(CC(NC(=O)CCc2ccc(OC(=O)CCCCCCCCC(*)=O)cc2)C(=O)OCC)cc1,tg,44.0,36.53032203322008
*Oc1ccc(CC(NC(=O)CCc2ccc(OC(=O)CCCCCCCCC(*)=O)cc2)C(=O)OCCCC)cc1,tg,30.0,29.833438502147132
*Oc1ccc(CC(NC(=O)CCc2ccc(OC(=O)CCCCCCCCC(*)=O)cc2)C(=O)OCCCCCCCC)cc1,tg,14.25,19.7673641747309
*Oc1ccc(CC(NC(=O)CCc2ccc(OC(=O)CCCCCCCCC(*)=O)cc2)C(=O)OCCCCCCCCCCCC)cc1,tg,12.5,16.83588077269512
*Oc1ccc(CC(NC(=O)CCc2ccc(OC(=O)COCC(*)=O)cc2)C(=O)OC(C)CC)cc1,tg,68.0,66.826928248725
*Oc1ccc(CC(NC(=O)CCc2ccc(OC(=O)COCC(*)=O)cc2)C(=O)OCCCC)cc1,tg,64.0,55.5321125968195
*Oc1ccc(CC(NC(=O)CCc2ccc(OC(=O)COCC(*)=O)cc2)C(=O)OCCCCCC)cc1,tg,45.0,47.71250737452609
*Oc1ccc(CC(NC(=O)CCc2ccc(OC(=O)COCC(*)=O)cc2)C(=O)OCCCCCCCC)cc1,tg,40.0,35.55370499520715
*Oc1ccc(CC(NC(=O)CCc2ccc(OC(=O)COCC(*)=O)cc2)C(=O)OCCCCCCCCCCCC)cc1,tg,36.0,32.59774856474376
*Oc1ccc(CC(NC(=O)CCc2ccc(OC(=O)COCC(*)=O)cc2)C(=O)OCCOCCOCC)cc1,tg,27.0,38.3720152515652
*Oc1ccc(CC(NC(=O)CCc2ccc(OC(=O)COCC(*)=O)cc2)C(=O)OCc2ccccc2)cc1,tg,76.0,67.81293436113238
*Oc1ccc(CC(NC(=O)CCc2ccc(OC(=O)COCCOCC(*)=O)cc2)C(=O)OC(C)C)cc1,tg,58.0,51.400082554607636
*Oc1ccc(CC(NC(=O)CCc2ccc(OC(=O)COCCOCC(*)=O)cc2)C(=O)OC(C)CC)cc1,tg,44.0,48.60888378909391
*Oc1ccc(CC(NC(=O)CCc2ccc(OC(=O)COCCOCC(*)=O)cc2)C(=O)OC)cc1,tg,63.0,61.48219839372127
*Oc1ccc(CC(NC(=O)CCc2ccc(OC(=O)COCCOCC(*)=O)cc2)C(=O)OCC(C)C)cc1,tg,50.0,45.385830819266836
*Oc1ccc(CC(NC(=O)CCc2ccc(OC(=O)COCCOCC(*)=O)cc2)C(=O)OCCCC)cc1,tg,45.0,43.126604243020374
*Oc1ccc(CC(NC(=O)CCc2ccc(OC(=O)COCCOCC(*)=O)cc2)C(=O)OCCCCCCCC)cc1,tg,16.0,24.935846712094822
*Oc1ccc(CC(NC(=O)CCc2ccc(OC(=O)COCCOCC(*)=O)cc2)C(=O)OCCCCCCCCCCCC)cc1,tg,17.0,19.042293418557648
*Oc1ccc(CC(NC(=O)Cc2ccc(OC(=O)CC(C)CCC(*)=O)cc2)C(=O)OCCCCCCCC)cc1,tg,30.0,38.50784965830244
*Oc1ccc(CC(NC(=O)Cc2ccc(OC(=O)CCC(*)=O)cc2)C(=O)OCCCCCCCC)cc1,tg,51.0,49.52731899653113
*Oc1ccc(CC(NC(=O)Cc2ccc(OC(=O)CCCC(*)=O)cc2)C(=O)OCCCCCC)cc1,tg,42.0,49.727863337220555
*Oc1ccc(CC(NC(=O)Cc2ccc(OC(=O)CCCCC(*)=O)cc2)C(=O)OCC)cc1,tg,63.0,66.6772942667665
*Oc1ccc(CC(NC(=O)Cc2ccc(OC(=O)CCCCC(*)=O)cc2)C(=O)OCCCCCCCC)cc1,tg,28.0,40.570046541557
*Oc1ccc(CC(NC(=O)Cc2ccc(OC(=O)CCCCCCC(*)=O)cc2)C(=O)OCC)cc1,tg,54.0,52.18654306118704
*Oc1ccc(CC(NC(=O)Cc2ccc(OC(=O)CCCCCCCCC(*)=O)cc2)C(=O)OCC)cc1,tg,43.0,38.351021955968115
*Oc1ccc(CC(NC(=O)Cc2ccc(OC(=O)CCCCCCCCC(*)=O)cc2)C(=O)OCCCCCC)cc1,tg,23.0,28.229335216578374
*Oc1ccc(CC(NC(=O)Cc2ccc(OC(=O)COCCOCC(*)=O)cc2)C(=O)OCC)cc1,tg,50.0,55.63113617040028
*Oc1ccc(CCNC(=O)c2cccc(C(*)=O)c2)cc1,tg,152.0,134.1115037214956
*Oc1ccc(CCNC(=O)c2cccc(C(=O)NCCc3ccc(OC(=O)c4cccc(C(*)=O)c4)cc3)c2)cc1,tg,147.0,159.5729405053487
*Oc1ccc(CNC(=O)CCCCC(=O)NCc2ccc(OC3COC4C(*)COC34)cc2)cc1,tg,116.0,87.26880144483135
*Oc1ccc(Cc2ccc(OC(=O)c3cc(OCCCCC)cc(C(*)=O)c3)cc2)cc1,tg,110.0,104.80309776273235
*Oc1ccc(Cc2ccc(OC(=O)c3ccc(C(C)(C)c4ccc(C(*)=O)cc4)cc3)cc2)cc1,tg,135.0,170.0090545675448
*Oc1ccc(N(CC)c2ccc(/C=C(\C#N)C(=O)NC3CCCCC3NC(=O)/C(C#N)=C/c3ccc(N(CC)c4ccc(*)cc4)cc3)cc2)cc1,tg,235.0,205.37922252646607
*Oc1ccc(N(c2ccccc2)c2ccc(-c3ccc(N(c4ccccc4)c4ccc(*)cc4)cc3)cc2)cc1,tg,218.0,191.71560209513163
*Oc1ccc(N=C(C)c2ccc(Oc3ccc(C(C)(C)c4ccc(Oc5ccc(C(C)=Nc6ccc(*)cc6)cc5)cc4)cc3)cc2)cc1,tg,141.0,142.1418748412895
*Oc1ccc(N=C(C)c2ccc(Oc3ccc(C(c4ccccc4)(c4ccccc4)c4ccc(Oc5ccc(C(C)=Nc6ccc(*)cc6)cc5)cc4)cc3)cc2)cc1,tg,150.0,172.7084562071425
*Oc1ccc(N=C(c2ccccc2)c2ccc(Oc3ccc(-c4ccc(Oc5ccc(C(=Nc6ccc(*)cc6)c6ccccc6)cc5)cc4)cc3)cc2)cc1,tg,174.0,195.25917740494555
*Oc1ccc(N=C(c2ccccc2)c2ccc(Oc3ccc(C(C)(C)c4ccc(Oc5ccc(C(=Nc6ccc(*)cc6)c6ccccc6)cc5)cc4)cc3)cc2)cc1,tg,155.0,146.64355056284978
*Oc1ccc(N=C(c2ccccc2)c2ccc(Oc3ccc(C(c4ccccc4)(c4ccccc4)c4ccc(Oc5ccc(C(=Nc6ccc(*)cc6)c6ccccc6)cc5)cc4)cc3)cc2)cc1,tg,177.0,162.49743706692928
*Oc1ccc(N=CC=Nc2ccc(OC(=O)NC3CC(C)(C)CC(C)(CNC(*)=O)C3)cc2)cc1,tg,62.0,172.38996168164374
*Oc1ccc(N=CC=Nc2ccc(OC(=O)NCCCCCCNC(*)=O)cc2)cc1,tg,80.0,86.4719998714603
*Oc1ccc(N=CC=Nc2ccc(OC(=O)Nc3cc(NC(*)=O)ccc3C)cc2)cc1,tg,76.0,134.61848730352563
*Oc1ccc(N=CC=Nc2ccc(OC(=O)Nc3ccc(Cc4ccc(NC(*)=O)cc4)cc3)cc2)cc1,tg,133.0,124.27523384224092
*Oc1ccc(N=CCCCC=Nc2ccc(OC(=O)NCCCCCCNC(*)=O)cc2)cc1,tg,72.0,76.73537209261264
*Oc1ccc(N=CCCCC=Nc2ccc(OC(=O)Nc3cc(NC(*)=O)ccc3C)cc2)cc1,tg,69.0,133.9766915268066
*Oc1ccc(N=Nc2c(C)cc(Cc3cc(C)c(N=Nc4ccc(OC(=O)c5ccc(C(*)=O)cc5)cc4)c(C)c3[N+](=O)[O-])c([N+](=O)[O-])c2C)cc1,tg,203.0,189.902069892894
*Oc1ccc(N=Nc2ccc(Cc3ccc(N=Nc4ccc(OC(=O)c5ccc(C(*)=O)cc5)cc4)cc3[N+](=O)[O-])c([N+](=O)[O-])c2)cc1,tg,198.0,174.87744629286655
*Oc1ccc(N=Nc2ccc(Cc3ccc(N=Nc4ccc(OC(=O)c5ccc(N=Nc6ccc(C(*)=O)cc6)cc5)cc4)cc3[N+](=O)[O-])c([N+](=O)[O-])c2)cc1,tg,160.0,200.39826352040077
*Oc1ccc(N=Nc2ccc(Oc3ccc(C(C)(C)c4ccc(*)cc4)cc3)cc2)cc1,tg,175.0,150.46746453320435
*Oc1ccc(N=Nc2ccc(S(=O)(=O)c3ccc(N=Nc4ccc(OC(=O)c5ccc(N=Nc6ccc(C(*)=O)cc6)cc5)cc4)cc3[N+](=O)[O-])c([N+](=O)[O-])c2)cc1,tg,150.0,210.4629070030751
*Oc1ccc(NC(=C(C#N)C#N)c2ccc(-c3ccc(-c4ccc(C(Nc5ccc(*)cc5)=C(C#N)C#N)cc4)cc3)cc2)cc1,tg,240.0,237.8897969585024
*Oc1ccc(NC(=C(C#N)C#N)c2ccc(-c3ccc(C(Nc4ccc(*)cc4)=C(C#N)C#N)cc3)cc2)cc1,tg,220.0,231.974167994985
*Oc1ccc(NC(=C(C#N)C#N)c2ccc(C(Nc3ccc(*)cc3)=C(C#N)C#N)cc2)cc1,tg,274.0,221.66460040364066
*Oc1ccc(NC(=C(C#N)C#N)c2cccc(C(Nc3ccc(Oc4ccc(NC(=O)c5ccc(C(=O)Nc6ccc(*)cc6)cc5)cc4)cc3)=C(C#N)C#N)c2)cc1,tg,274.0,234.127845467142
*Oc1ccc(NC(=O)/C=C/c2ccc(/C=C/C(=O)Nc3ccc(*)cc3)cc2)cc1,tg,205.0,219.59982705969168
*Oc1ccc(NC(=O)C=CC(=O)NNC(=O)C=CC(=O)Nc2ccc(OC(=O)C=CC(=O)NNC(=O)C=CC(*)=O)cc2)cc1,tg,265.0,192.28901784665638
*Oc1ccc(NC(=O)C=CC(=O)NNC(=O)C=CC(=O)Nc2ccc(OC(=O)c3ccccc3C(=O)NNC(=O)c3ccccc3C(*)=O)cc2)cc1,tg,240.0,231.80798631544047
*Oc1ccc(NC(=O)CCCCCC(=O)Nc2ccc(*)cc2)cc1,tg,180.0,156.24924432831313
*Oc1ccc(NC(=O)CCCCCCC(=O)Nc2ccc(OC3COC4C(*)COC34)cc2)cc1,tg,72.5,121.8926449990537
*Oc1ccc(NC(=O)CCCCCCCC(=O)Nc2ccc(*)cc2)cc1,tg,160.0,133.91732054852494
*Oc1ccc(NC(=O)CCCCCCCCCCC(=O)Nc2ccc(*)cc2)cc1,tg,150.0,144.5215470755909
*Oc1ccc(NC(=O)NC2CC(C)(C)CC(C)(CNC(=O)Nc3ccc(*)c(-c4ccc(Oc5ccccc5)cc4)c3)C2)cc1-c1ccc(Oc2ccccc2)cc1,tg,281.0,226.69168774958183
*Oc1ccc(NC(=O)NC2CC(C)(C)CC(C)(CNC(=O)Nc3ccc(*)cc3)C2)cc1,tg,274.0,181.6030469968583
*Oc1ccc(NC(=O)Nc2cc(NC(=O)Nc3ccc(*)cc3)ccc2C)cc1,tg,269.0,201.45200521550854
*Oc1ccc(NC(=O)Nc2ccccc2CCc2ccc(NC(=O)Nc3ccc(*)cc3)cc2)cc1,tg,200.0,223.9920875232939
*Oc1ccc(NC(=O)Nc2ccccc2CCc2ccccc2NC(=O)Nc2ccc(*)cc2)cc1,tg,232.0,206.18043036982365
*Oc1ccc(NC(=O)c2cc(-c3ccc(C(=O)O)c(C(=O)Nc4ccc(*)cc4)c3)ccc2C(=O)O)cc1,tg,184.4,244.13663480303623
*Oc1ccc(NC(=O)c2cc(-c3ccc(C(=O)OCC)c(C(=O)Nc4ccc(*)cc4)c3)ccc2C(=O)OCC)cc1,tg,190.15,192.56078199770442
*Oc1ccc(NC(=O)c2cc(C(=O)Nc3ccc(*)cc3)c(C(=O)OCC)cc2C(=O)OCC)cc1,tg,208.05,220.91514311418263
*Oc1ccc(NC(=O)c2cc(C(=O)Nc3ccc(*)cc3)cc(C(C)(C)C)c2)cc1,tg,268.0,288.54930765176965
*Oc1ccc(NC(=O)c2cc(C(=O)Nc3ccc(*)cc3)cc(C(F)(F)C(F)(F)C(F)(F)C(F)(F)F)c2)cc1,tg,257.0,243.52032974912515
*Oc1ccc(NC(=O)c2cc(C(=O)Nc3ccc(Oc4ccc(C(C)(C)c5ccc(*)cc5)cc4)cc3)cc(C(C)(C)C)c2)cc1,tg,215.33,226.31267609257395
*Oc1ccc(NC(=O)c2cc(C(=O)Nc3ccc(Oc4ccc(C(c5ccc(*)cc5)(C(F)(F)F)C(F)(F)F)cc4)cc3)cc(C(C)(C)C)c2)cc1,tg,254.25,232.03751375668875
*Oc1ccc(NC(=O)c2cc(C(=O)Nc3ccc(Oc4ccc(C(c5ccc(*)cc5)(C(F)(F)F)C(F)(F)F)cc4)cc3)cc([N+](=O)[O-])c2)cc1,tg,232.0,241.88150483195344
*Oc1ccc(NC(=O)c2cc(C(=O)Nc3ccc(Oc4ccc(C5(c6ccc(*)cc6)CC6CCC5C6)cc4)cc3)cc(C(C)(C)C)c2)cc1,tg,272.0,270.30960472122104
*Oc1ccc(NC(=O)c2cc(C(c3ccc(C(=O)O)c(C(=O)Nc4ccc(Oc5ccc(C(c6ccc(*)cc6)(C(F)(F)F)C(F)(F)F)cc5)cc4)c3)(C(F)(F)F)C(F)(F)F)ccc2C(=O)O)cc1,tg,260.0,215.1412929853646
*Oc1ccc(NC(=O)c2cc(NC(=O)C34CC5CC(CC(C5)C3)C4)cc(C(=O)Nc3ccc(*)cc3)c2)cc1,tg,335.0,333.3592117215081
*Oc1ccc(NC(=O)c2cc(NC(=O)CCN3C(=O)c4ccccc4C3=O)cc(C(=O)Nc3ccc(*)cc3)c2)cc1,tg,240.0,238.36315473605924
*Oc1ccc(NC(=O)c2cc(NC(=O)c3ccc(OC(C)=O)cc3)cc(C(=O)Nc3ccc(Oc4ccc(-c5ccc(*)cc5)cc4)cc3)c2)cc1,tg,252.0,246.70728244040276
*Oc1ccc(NC(=O)c2cc(NC(=O)c3ccc(OC(C)=O)cc3)cc(C(=O)Nc3ccc(Oc4ccc(C(C)(C)c5ccc(*)cc5)cc4)cc3)c2)cc1,tg,243.0,220.73792896482706
*Oc1ccc(NC(=O)c2cc(NC(=O)c3ccccc3)cc(C(=O)Nc3ccc(*)cc3)c2)cc1,tg,294.5,279.6552427538413
*Oc1ccc(NC(=O)c2ccc(*)cc2)cc1,tg,225.0,221.5230900486818
*Oc1ccc(NC(=O)c2ccc(-c3ccc(C(=O)Nc4ccc(Oc5ccc(C6(c7ccc(*)cc7)CC7CCC6C7)cc5)cc4)cc3)cc2)cc1,tg,296.0,251.96782030280067
*Oc1ccc(NC(=O)c2ccc(C(=O)Nc3ccc(*)cc3)cc2)cc1,tg,184.75,279.0783055466178
*Oc1ccc(NC(=O)c2ccc(C(=O)Nc3ccc(OC4COC5C(*)COC45)cc3)cc2)cc1,tg,132.67,191.54892979573444
*Oc1ccc(NC(=O)c2ccc(C(=O)Nc3ccc(Oc4ccc(C(=O)c5ccc(*)cc5)cc4)cc3)cc2)cc1,tg,160.0,184.14622676922673
*Oc1ccc(NC(=O)c2ccc(C(=O)Nc3ccc(Oc4ccc(C5(c6ccc(*)cc6)C6CC7CC(C6)CC5C7)cc4)cc3)c3ccccc23)cc1,tg,269.0,267.57062366755235
*Oc1ccc(NC(=O)c2ccc(C(=O)Nc3ccc(Oc4ccc(C5(c6ccc(*)cc6)C6CC7CC(C6)CC5C7)cc4)cc3)cc2)cc1,tg,264.0,262.8161433851666
*Oc1ccc(NC(=O)c2ccc(OC3COC4C(Oc5ccc(C(=O)Nc6ccc(OC7COC8C(*)COC78)cc6)cc5)COC34)cc2)cc1,tg,165.0,162.21734242147804
*Oc1ccc(NC(=O)c2ccc(Oc3ccc(C(=O)Nc4ccc(*)cc4)cc3)cc2)cc1,tg,274.0,226.61755391013864
*Oc1ccc(NC(=O)c2ccc(Oc3ccc(C(=O)Nc4ccc(Oc5ccc(C6(c7ccc(*)cc7)C7CC8CC(C7)CC6C8)cc5)cc4)cc3)cc2)cc1,tg,230.0,243.12579718504244
*Oc1ccc(NC(=O)c2ccc(Oc3ccc(C(C)(C)c4ccc(C(C)(C)c5ccc(Oc6ccc(C(=O)Nc7ccc(*)cc7)cc6)cc5)cc4)cc3)cc2)cc1,tg,174.0,165.51717700116384
*Oc1ccc(NC(=O)c2ccc(Oc3ccc(C(C)(C)c4ccc(C(C)(C)c5ccc(Oc6ccc(C(=O)Nc7ccc(Oc8ccc(C(c9ccc(*)cc9)(C(F)(F)F)C(F)(F)F)cc8)cc7)cc6)cc5)cc4)cc3)cc2)cc1,tg,169.0,167.62299506935648
*Oc1ccc(NC(=O)c2ccc(Oc3ccc(C(C)(C)c4cccc(C(C)(C)c5ccc(Oc6ccc(C(=O)Nc7ccc(*)cc7)cc6)cc5)c4)cc3)cc2)cc1,tg,155.0,164.35376322860415
*Oc1ccc(NC(=O)c2ccc(Oc3ccc(C(C)(C)c4cccc(C(C)(C)c5ccc(Oc6ccc(C(=O)Nc7ccc(Oc8ccc(C(c9ccc(*)cc9)(C(F)(F)F)C(F)(F)F)cc8)cc7)cc6)cc5)c4)cc3)cc2)cc1,tg,154.0,165.6457144668025
*Oc1ccc(NC(=O)c2ccc(P(=O)(c3ccccc3)c3ccc(C(=O)Nc4ccc(Oc5ccc(P(=O)(c6ccccc6)c6ccc(*)cc6)cc5)cc4)cc3)cc2)cc1,tg,225.0,250.83614846728415
*Oc1ccc(NC(=O)c2ccc([Si](C)(C)c3ccc(C(*)=O)cc3)cc2)cc1,tg,220.0,230.8977296127847
*Oc1ccc(NC(=O)c2ccc3cc(C(=O)Nc4ccc(Oc5ccc(C6(c7ccc(*)cc7)C7CC8CC(C7)CC6C8)cc5)cc4)ccc3c2)cc1,tg,266.0,263.7756787212454
*Oc1ccc(NC(=O)c2cccc(C(=O)Nc3ccc(*)cc3)c2)cc1,tg,205.39,272.4024838773732
*Oc1ccc(NC(=O)c2cccc(C(=O)Nc3ccc(Oc4ccc(C(c5ccc(*)cc5)(C(F)(F)F)C(F)(F)F)cc4)cc3)c2)cc1,tg,226.25,225.77118039356301
*Oc1ccc(NC(=O)c2cccc(C(=O)Nc3ccc(Oc4ccc(C5(c6ccc(*)cc6)C6CC7CC(C6)CC5C7)cc4)cc3)c2)cc1,tg,257.33,266.95334075791686
*Oc1ccc(NC(=O)c2cccc(C(=O)Nc3ccc(Oc4ccc(C5(c6ccc(*)cc6)CC6CCC5C6)cc4)cc3)c2)cc1,tg,256.0,258.7517137134727
*Oc1ccc(N[Se]Nc2ccc(*)cc2)cc1,tg,55.0,118.1229139942433
*Oc1ccc(Nc2ccc(N=Nc3ccc(Nc4ccc(*)cc4)cc3)cc2)cc1,tg,169.0,182.25934273460132
*Oc1ccc(OC(=O)/C=C/c2ccc(/C=C/C(*)=O)cc2)cc1,tg,210.0,181.42012349724047
*Oc1ccc(OC(=O)CCCCC(*)=O)cc1,tg,90.0,38.51407108824902
*Oc1ccc(OC(=O)CCCCCCCCC(*)=O)cc1,tg,52.8,31.469207275537865
*Oc1ccc(OC(=O)Oc2ccc(C(*)=O)cc2)cc1,tg,74.0,136.89517690172522
*Oc1ccc(OC(=O)Oc2ccc(C(C)(C)c3ccc(OC(*)=O)cc3)cc2)cc1,tg,97.0,95.67489017655242
*Oc1ccc(OC(=O)c2cc(OCCCCCCCCCCC(F)(F)C(F)(F)C(F)(F)C(F)(F)C(F)(F)C(F)(F)C(F)(F)C(F)(F)C(F)(F)C(F)(F)F)cc(C(*)=O)c2)cc1,tg,137.0,115.9562459614162
*Oc1ccc(OC(=O)c2cc(OCCCCCCCCCOCC3CCCN3c3ccc([N+](=O)[O-])cc3)c(C(*)=O)cc2OCCCCCCCCCOCC2CCCN2c2ccc([N+](=O)[O-])cc2)cc1,tg,34.0,62.490255193258584
*Oc1ccc(OC(=O)c2cc(OCCCCCCCCOCC3CCCN3c3ccc([N+](=O)[O-])cc3)c(C(*)=O)cc2OCCCCCCCCOCC2CCCN2c2ccc([N+](=O)[O-])cc2)cc1,tg,41.0,67.14912392205486
*Oc1ccc(OC(=O)c2cc(OCCCCCCOCC3CCCN3c3ccc([N+](=O)[O-])cc3)c(C(*)=O)cc2OCCCCCCOCC2CCCN2c2ccc([N+](=O)[O-])cc2)cc1,tg,56.0,65.47476275084408
*Oc1ccc(OC(=O)c2cc(OCCCCCOCC3CCCN3c3ccc([N+](=O)[O-])cc3)c(C(*)=O)cc2OCCCCCOCC2CCCN2c2ccc([N+](=O)[O-])cc2)cc1,tg,63.0,63.96711425289518
*Oc1ccc(OC(=O)c2cc(OCCCc3ccccc3)c(C(*)=O)cc2OCCCc2ccccc2)cc1C,tg,91.0,95.61702142804015
*Oc1ccc(OC(=O)c2ccc(-c3ccc(C(*)=O)cc3)cc2-c2ccccc2)cc1,tg,140.0,135.49559223381712
*Oc1ccc(OC(=O)c2ccc(-c3ccc(C(*)=O)cc3)cc2-c2ccccc2)cc1-c1ccccc1,tg,148.0,132.77214663769408
*Oc1ccc(OC(=O)c2ccc(-c3ccc(C(*)=O)cc3)cc2-c2ccccc2)cc1C,tg,133.0,142.0343365568518
*Oc1ccc(OC(=O)c2ccc(-c3ccc(C(*)=O)cc3)cc2-c2ccccc2)cc1C(C)(C)c1ccccc1,tg,146.0,146.6361419645111
*Oc1ccc(OC(=O)c2ccc(C(*)=O)cc2)cc1,tg,267.0,148.02833716878973
*Oc1ccc(OC(=O)c2ccc(C(*)=O)cc2)cc1-c1cccc(C(F)(F)F)c1,tg,158.13,137.89030847177514
*Oc1ccc(OC(=O)c2ccc(C(*)=O)cc2)cc1C(F)(F)F,tg,158.13,184.7951441339252
*Oc1ccc(OC(=O)c2ccc(C(*)=O)cc2)cc1C1CCCCCCC1,tg,213.0,193.5747124885448
*Oc1ccc(OC(=O)c2ccc(C(*)=O)cc2)cc1CCC(C)CC,tg,237.0,112.9396035717912
*Oc1ccc(OC(=O)c2ccc(C(*)=O)cc2Oc2ccc(-c3ccccc3)cc2)cc1,tg,112.5,106.37923503936092
*Oc1ccc(OC(=O)c2ccc(C(*)=O)cc2Oc2ccc(Br)cc2)cc1,tg,112.5,114.24351220358446
*Oc1ccc(OC(=O)c2ccc(C(*)=O)cc2Oc2ccc(C3CCCCC3)cc2)cc1,tg,113.0,132.42282577500242
*Oc1ccc(OC(=O)c2ccc(C(*)=O)cc2Oc2ccc(Cl)cc2)cc1,tg,107.0,121.3511117588148
*Oc1ccc(OC(=O)c2ccc(C(*)=O)cc2Oc2ccc(F)cc2)cc1,tg,106.0,123.39217217069343
*Oc1ccc(OC(=O)c2ccc(C(*)=O)cc2Oc2ccc(Oc3ccccc3)cc2)cc1,tg,83.0,108.8243004958282
*Oc1ccc(OC(=O)c2ccc(C(*)=O)cc2Oc2ccc3ccccc3c2)cc1,tg,102.0,134.52659301060362
*Oc1ccc(OC(=O)c2ccc(C(*)=O)cc2Sc2ccc(Cl)cc2)cc1,tg,140.0,150.0468884120957
*Oc1ccc(OC(=O)c2ccc(C(*)=O)cc2Sc2ccccc2)cc1-c1ccccc1,tg,130.0,126.27309717162241
*Oc1ccc(OC(=O)c2ccc(C(*)=O)cc2Sc2ccccc2)cc1C,tg,130.0,142.72075605572203
*Oc1ccc(OC(=O)c2ccc(C(C)(C)c3ccc(C(*)=O)cc3)cc2)cc1,tg,195.0,173.95722780580275
*Oc1ccc(OC(=O)c2ccc(OCCCCCCCCCCCCOc3ccc(C(*)=O)cc3)cc2)cc1C=Cc1ccncc1,tg,91.35,75.61366347973141
*Oc1ccc(OC(=O)c2ccc(OCCCCCCCCCCOc3ccc(C(*)=O)cc3)cc2)cc1S(=O)(=O)c1ccccc1,tg,88.0,94.58749748071583
*Oc1ccc(OC(=O)c2ccc(OCCCCCCCCOc3ccc(C(*)=O)cc3)cc2)cc1C(=O)CC,tg,70.0,80.82600906591794
*Oc1ccc(OC(=O)c2ccc(OCCCCCCOc3ccc(C(*)=O)cc3)cc2)cc1S(=O)(=O)c1ccccc1,tg,112.6,92.48534480480788
*Oc1ccc(OC(=O)c2ccc(Oc3ccc(C(*)=O)cc3)cc2)c2ccccc12,tg,166.0,172.5429778330258
*Oc1ccc(OC(=O)c2ccc(Sc3cccc(OC(=O)c4ccc(C(=O)Oc5cccc(Sc6ccc(C(*)=O)cc6)c5)cc4)c3)cc2)cc1C,tg,135.0,131.1067468378659
*Oc1ccc(OC(=O)c2cccc(Sc3ccc(OC(=O)c4ccc(C(=O)Oc5ccc(Sc6cccc(C(*)=O)c6)cc5)cc4)cc3)c2)cc1C,tg,106.5,144.21796585804117
*Oc1ccc(Oc2ccc(C(=Nc3ccccc3)c3ccc(Oc4ccc(Oc5cccc(*)n5)cc4)cc3)cc2)cc1,tg,135.0,136.09757718919664
*Oc1ccc(Oc2ccc(C(=O)Nc3ccc(Cc4ccc(NC(=O)c5ccc(*)cc5)cc4)cc3)cc2)cc1,tg,216.0,233.74696997214616
*Oc1ccc(Oc2ccc(C(=O)Nc3ccc(Oc4ccc(-c5ccc(Oc6ccc(NC(=O)c7ccc(*)cc7)cc6)cc5)cc4)cc3)cc2)cc1-c1ccccc1,tg,232.0,217.64059249744798
*Oc1ccc(Oc2ccc(C(=O)Nc3ccc(Oc4ccc(-c5ccc(Oc6ccc(NC(=O)c7ccc(*)cc7)cc6)cc5)cc4)cc3)cc2)cc1C,tg,220.0,192.6888985156528
*Oc1ccc(Oc2ccc(C(=O)Nc3ccc(Oc4ccc(S(=O)(=O)c5ccc(Oc6ccc(NC(=O)c7ccc(*)cc7)cc6)cc5)cc4)cc3)cc2)cc1,tg,220.0,212.85610198859013
*Oc1ccc(Oc2ccc(C(=O)Nc3ccc(Oc4ccc(S(=O)(=O)c5ccc(Oc6ccc(NC(=O)c7ccc(*)cc7)cc6)cc5)cc4)cc3)cc2)cc1-c1ccccc1,tg,231.0,217.95759468643996
*Oc1ccc(Oc2ccc(C(=O)Nc3ccc(Oc4ccc(S(=O)(=O)c5ccc(Oc6ccc(NC(=O)c7ccc(*)cc7)cc6)cc5)cc4)cc3)cc2)cc1C,tg,217.0,219.60030473105573
*Oc1ccc(Oc2ccc(C(=O)c3c(C(=O)c4ccc(*)cc4)c(-c4ccc(F)cc4)c(-c4ccc(F)cc4)c(-c4ccc(F)cc4)c3-c3ccc(F)cc3)cc2)cc1,tg,266.0,240.40003190066182
*Oc1ccc(Oc2ccc(C(=O)c3ccc(*)c(S(=O)(=O)O)c3)cc2S(=O)(=O)O)cc1,tg,220.0,211.24969158634065
*Oc1ccc(Oc2ccc(C(=O)c3ccc(*)cc3)cc2)cc1,tg,150.4,183.11241534340496
*Oc1ccc(Oc2ccc(C(=O)c3ccc(*)cc3)cc2)cc1-c1cc(C)cc(C)c1,tg,162.0,183.9258827954781
*Oc1ccc(Oc2ccc(C(=O)c3ccc(*)cc3)cc2)cc1-c1cccc(C(F)(F)F)c1,tg,134.0,148.45524339729354
*Oc1ccc(Oc2ccc(C(=O)c3ccc(*)cc3)cc2)cc1C(C)(C)C,tg,176.25,170.10482412117773
*Oc1ccc(Oc2ccc(C(=O)c3ccc(-c4ccc(C(=O)c5ccc(*)cc5)cc4)cc3)cc2)cc1-c1ccc(S(=O)(=O)O)c(C)c1,tg,182.0,201.79621959907013
*Oc1ccc(Oc2ccc(C(=O)c3ccc(-c4ccc(C(=O)c5ccc(*)cc5)cc4)cc3)cc2)cc1-c1cccc(C)c1,tg,170.0,178.90067230218057
*Oc1ccc(Oc2ccc(C(=O)c3ccc(C(=O)c4ccc(*)cc4)cc3)cc2)cc1-c1ccc(S(=O)(=O)O)c(C)c1,tg,167.0,185.2786171003245
*Oc1ccc(Oc2ccc(C(=O)c3ccc(C(=O)c4ccc(*)cc4)cc3)cc2)cc1-c1cccc(C)c1,tg,159.0,161.20813073881968
*Oc1ccc(Oc2ccc(C(=O)c3ccc(C(=O)c4ccc(*)cc4)cc3)cc2)cc1-c1ccccc1,tg,166.0,153.8890918668092
*Oc1ccc(Oc2ccc(C(=O)c3ccc(NC(=O)c4ccc(C(=O)Nc5ccc(C(=O)c6ccc(*)cc6)cc5)cc4)cc3)cc2)cc1,tg,224.0,200.3930168543745
*Oc1ccc(Oc2ccc(C(=O)c3ccc(NC(=O)c4cccc(C(=O)Nc5ccc(C(=O)c6ccc(*)cc6)cc5)c4)cc3)cc2)cc1,tg,198.0,221.60639859860436
*Oc1ccc(Oc2ccc(C(=O)c3ccc(Oc4ccc(Oc5cccc(*)n5)cc4)cc3)cc2)cc1,tg,124.0,130.40169110372818
*Oc1ccc(Oc2ccc(C(=O)c3cccc(C(=O)c4ccc(*)cc4)c3)cc2)cc1S(=O)(=O)O,tg,195.0,175.89023023930875
*Oc1ccc(Oc2ccc(C(=O)c3cccc(NC(=O)c4ccc(C(=O)Nc5cccc(C(=O)c6ccc(*)cc6)c5)cc4)c3)cc2)cc1,tg,210.0,202.42009236714222
*Oc1ccc(Oc2ccc(C(=O)c3cccc(NC(=O)c4cccc(C(=O)Nc5cccc(C(=O)c6ccc(*)cc6)c5)c4)c3)cc2)cc1,tg,202.0,191.24350132435993
*Oc1ccc(Oc2ccc(C(=O)c3cccc4cccc(C(=O)c5ccc(*)cc5)c34)cc2)cc1,tg,202.0,197.35936281076982
*Oc1ccc(Oc2ccc(C(=O)c3ccccc3)c(-c3cc(*)ccc3C(=O)c3ccccc3)c2)cc1,tg,156.0,173.51752233288803
*Oc1ccc(Oc2ccc(C(=O)c3ccccc3-c3ccccc3C(=O)c3ccc(*)cc3)cc2)cc1,tg,175.0,177.27714359322053
*Oc1ccc(Oc2ccc(C=NCCCCN=Cc3ccc(*)cc3)cc2)cc1,tg,105.0,75.81612349918963
*Oc1ccc(Oc2ccc(C=NCCN=Cc3ccc(*)cc3)cc2)cc1,tg,101.0,121.65457041802073
*Oc1ccc(Oc2ccc(C=Nc3ccc(Oc4ccc(N=Cc5ccc(*)cc5)cc4)cc3)cc2)cc1,tg,120.0,142.17691914223593
*Oc1ccc(Oc2ccc(NC(=O)c3cc(C(=O)Nc4ccc(*)cc4)cc(C(C)(C)C)c3)cc2)cc1,tg,195.5,255.2313272252542
*Oc1ccc(Oc2ccc(NC(=O)c3cc(NC(=O)c4ccc(OC(C)=O)cc4)cc(C(=O)Nc4ccc(*)cc4)c3)cc2)cc1,tg,251.0,244.2701557591483
*Oc1ccc(Oc2ccc(NC(=O)c3ccc(-c4ccc(C(=O)Nc5ccc(*)cc5)c(C)c4)cc3C)cc2)cc1,tg,219.0,213.8933409364518
*Oc1ccc(Oc2ccc(NC(=O)c3ccc(Oc4ccc(C(C)(C)c5cccc(C(C)(C)c6ccc(Oc7ccc(C(=O)Nc8ccc(*)cc8)cc7)cc6)c5)cc4)cc3)cc2)cc1,tg,147.0,162.854527816049
*Oc1ccc(Oc2ccc(NC(=O)c3ccc(Oc4ccc(Oc5ccc(C(=O)Nc6ccc(*)cc6)cc5)cc4)cc3)cc2)cc1,tg,236.0,201.0204367429113
*Oc1ccc(Oc2ccc(NC(=O)c3ccc(Oc4ccc(Oc5ccc(C(=O)Nc6ccc(*)cc6)cc5)cc4-c4ccccc4)cc3)cc2)cc1,tg,209.0,205.2439608261288
*Oc1ccc(Oc2ccc(NC(=O)c3ccc(Oc4ccc(Oc5ccc(C(=O)Nc6ccc(*)cc6)cc5)cc4-c4ccccc4)cc3)cc2)cc1-c1ccccc1,tg,200.5,209.3385097974432
*Oc1ccc(Oc2ccc(NC(=O)c3ccc(Oc4ccc(Oc5ccc(C(=O)Nc6ccc(*)cc6)cc5)cc4C)cc3)cc2)cc1,tg,200.0,218.33884681185302
*Oc1ccc(Oc2ccc(NC(=O)c3cccc(C(=O)Nc4ccc(*)cc4)c3)cc2)cc1C(C)(C)C,tg,208.0,262.5829895066865
*Oc1ccc(Oc2ccc(Nc3ccc(S(=O)(=O)c4ccc(Nc5ccc(*)cc5)cc4)cc3)cc2)cc1,tg,144.6,192.64999287154248
*Oc1ccc(Oc2ccc(OC(*)=O)cc2)cc1,tg,118.0,113.10015061845189
*Oc1ccc(Oc2ccc(OC(=O)c3cccc(C(*)=O)c3)cc2)cc1,tg,164.5,170.0916413964317
*Oc1ccc(Oc2ccc(OC(=O)c3ccccc3-c3ccccc3C(*)=O)cc2)cc1,tg,147.0,137.46297857688825
*Oc1ccc(Oc2ccc(Oc3ccc(-c4ccc(Oc5ccc(Oc6ccc(Oc7ccc(C(=O)c8ccc(*)c(S(=O)(=O)[O][Na])c8)cc7S(=O)(=O)[O][Na])cc6)cc5)cc4)cc3)cc2)cc1,tg,348.0,294.4147625270628
*Oc1ccc(Oc2ccc(Oc3ccc(C(C)(C)c4ccc(*)cc4)cc3)cc2)cc1,tg,122.0,134.78421072357457
*Oc1ccc(Oc2ccc(Oc3ccc(NC(=O)c4cc(C(=O)Nc5ccc(*)cc5)cc(C(C)(C)C)c4)cc3)cc2)cc1,tg,230.0,226.6367013555087
*Oc1ccc(Oc2ccc(Oc3ccc(NC(=O)c4ccc(-c5ccc(C(=O)Nc6ccc(*)cc6)c(C)c5)cc4C)cc3)cc2)cc1,tg,200.0,211.49147967482173
*Oc1ccc(Oc2ccc(Oc3ccc(S(=O)(=O)c4ccc(*)cc4)cc3)cc2)cc1,tg,184.33,182.88463839357544
*Oc1ccc(Oc2ccc(Oc3ccc(S(=O)(=O)c4ccc(Oc5ccc(Oc6ccc(Oc7ccc(-c8ccc(*)cc8)cc7)cc6)cc5)c(S(=O)(=O)[O][Na])c4)cc3S(=O)(=O)[O][Na])cc2)cc1,tg,302.0,302.1324591214132
*Oc1ccc(Oc2ccc(Oc3cccc(C(=O)Oc4ccc(-c5ccc(OC(=O)c6cccc(*)c6)cc5)cc4)c3)cc2)cc1,tg,119.0,128.94129241654943
*Oc1ccc(Oc2ccc(Oc3cccc(C(=O)Oc4ccc(OC(=O)c5cccc(*)c5)cc4)c3)cc2)cc1,tg,101.0,117.42854207983112
*Oc1ccc(Oc2ccc(P(=O)(c3ccccc3)c3ccc(Oc4ccc(Oc5cccc(*)n5)cc4)cc3)cc2)cc1,tg,164.0,167.272973348163
*Oc1ccc(Oc2ccc(P(C)(=O)c3ccc(*)cc3)cc2)cc1,tg,213.0,150.3738204304216
*Oc1ccc(Oc2ccc(S(=O)(=O)c3ccc(*)cc3)cc2)cc1,tg,206.67,201.06746119860406
*Oc1ccc(Oc2ccc(S(=O)(=O)c3ccc(-c4ccc(-c5ccc(S(=O)(=O)c6ccc(*)cc6)cc5)cc4)cc3)cc2)cc1,tg,259.0,249.807986756401
*Oc1ccc(Oc2ccc(S(=O)(=O)c3ccc(-c4ccc(S(=O)(=O)c5ccc(*)cc5)cc4)cc3)cc2)cc1,tg,251.0,231.81606016396978
*Oc1ccc(Oc2cccc(*)n2)c(C)c1,tg,89.0,102.54079592797162
*Oc1ccc(Oc2cccc(*)n2)cc1,tg,100.0,94.76917340612569
*Oc1ccc(Oc2cccc(C(=O)Oc3ccc(OC(=O)c4cccc(*)c4)cc3)c2)cc1,tg,119.0,109.53124897317171
*Oc1ccc(Oc2cccc(Oc3ccc(-c4ccc(Oc5cccc(Oc6ccc(Oc7ccc(C(=O)c8ccc(*)c(S(=O)(=O)[O][Na])c8)cc7S(=O)(=O)[O][Na])cc6)c5)cc4)cc3)c2)cc1,tg,304.0,301.3294311164668
*Oc1ccc(P(=O)(c2ccccc2)c2ccc(Oc3ccc(-c4ccc(*)cc4)cc3)cc2)cc1,tg,229.17,233.7872468938725
*Oc1ccc(P(=O)(c2ccccc2)c2ccc(Oc3ccc(C(c4ccc(*)cc4)(C(F)(F)F)C(F)(F)F)cc3)cc2)cc1,tg,210.5,175.26723359723138
*Oc1ccc(S(=O)(=O)c2ccc(-c3ccc(*)cc3)cc2)cc1,tg,265.5,198.16668901708948
*Oc1ccc(S(=O)(=O)c2ccc(-c3ccc(-c4ccc(S(=O)(=O)c5ccc(Oc6ccc(-c7ccc(*)cc7)cc6)cc5)cc4)cc3)cc2)cc1,tg,264.0,245.25762115286182
*Oc1ccc(S(=O)(=O)c2ccc(OC(=O)OC3C(C)(C)C(OC(*)=O)C3(C)C)cc2)cc1,tg,162.0,157.92583713801457
*Oc1ccc(S(=O)(=O)c2ccc(OC(=O)c3cc(CCCCC)cc(C(*)=O)c3)cc2)cc1,tg,170.0,153.38380567280228
*Oc1ccc(S(=O)(=O)c2ccc(OC(=O)c3cc(NC(=O)c4ccc(NC(=O)C(C)N5C(=O)c6ccccc6C5=O)cc4)cc(C(*)=O)c3)cc2)cc1,tg,200.0,228.88889291653
*Oc1ccc(S(=O)(=O)c2ccc(OC3(F)C(*)(F)C(F)(F)C3(F)F)cc2)cc1,tg,159.47,128.40317458545923
*Oc1ccc(S(=O)(=O)c2ccc(Oc3c(C)cc(-c4cc(C)c(*)c(C)c4)cc3C)cc2)cc1,tg,268.07,252.95858316758614
*Oc1ccc(S(=O)(=O)c2ccc(Oc3c(C)cc(C(C)(C)c4cc(C)c(*)c(C)c4)cc3C)cc2)cc1,tg,233.29,210.29586988696155
*Oc1ccc(S(=O)(=O)c2ccc(Oc3c(C)cc(C(C)(C)c4cc(C)c(*)c(C)c4)cc3C)cc2C(O)(C(F)(F)F)C(F)(F)F)c(C(O)(C(F)(F)F)C(F)(F)F)c1,tg,187.0,183.39459516077227
*Oc1ccc(S(=O)(=O)c2ccc(Oc3c(C)cc(C(c4cc(C)c(*)c(C)c4)(C(F)(F)F)C(F)(F)F)cc3C)cc2C(O)(C(F)(F)F)C(F)(F)F)c(C(O)(C(F)(F)F)C(F)(F)F)c1,tg,196.0,184.67313468867144
*Oc1ccc(S(=O)(=O)c2ccc(Oc3c(C)cc(C(c4cc(C)c(*)c(C)c4)(C(F)(F)F)C(F)(F)F)cc3C)cc2C(OC)(C(F)(F)F)C(F)(F)F)c(C(OC)(C(F)(F)F)C(F)(F)F)c1,tg,163.0,169.22284800212844
*Oc1ccc(S(=O)(=O)c2ccc(Oc3c(C)cc(Cc4cc(C)c(*)c(C)c4)cc3C)cc2)cc1,tg,232.0,212.15118613246676
*Oc1ccc(S(=O)(=O)c2ccc(Oc3cc(C)c(C(c4cc(C(C)C)c(*)cc4C)c4ccccc4C(=O)O)cc3C(C)C)cc2)cc1,tg,240.0,224.5508514255574
*Oc1ccc(S(=O)(=O)c2ccc(Oc3ccc(-c4ccc(*)cc4)cc3)cc2)cc1,tg,217.39,225.04155260730823
*Oc1ccc(S(=O)(=O)c2ccc(Oc3ccc(-c4ccc(-c5ccc(*)c(C(F)(F)F)c5)cc4)cc3C(F)(F)F)cc2)cc1,tg,214.0,205.3742244109849
*Oc1ccc(S(=O)(=O)c2ccc(Oc3ccc(-c4ccc(-c5ccc(*)cc5)cc4)cc3)cc2)cc1,tg,251.0,224.60027776621743
*Oc1ccc(S(=O)(=O)c2ccc(Oc3ccc(C(=C)c4ccc(*)cc4)cc3)cc2)cc1,tg,167.0,200.16845048196757
*Oc1ccc(S(=O)(=O)c2ccc(Oc3ccc(C(=O)c4cc(Br)cc(C(=O)c5ccc(*)cc5)c4)cc3)cc2)cc1,tg,192.0,206.2028325650839
*Oc1ccc(S(=O)(=O)c2ccc(Oc3ccc(C(=O)c4cc(I)cc(C(=O)c5ccc(*)cc5)c4)cc3)cc2)cc1,tg,203.0,204.0725778079389
*Oc1ccc(S(=O)(=O)c2ccc(Oc3ccc(C(=O)c4ccc(*)cc4)cc3)cc2)cc1,tg,201.67,189.38932942164612
*Oc1ccc(S(=O)(=O)c2ccc(Oc3ccc(C(C)(C)c4ccc(*)c(C(OC)(C(F)(F)F)C(F)(F)F)c4)cc3C(OC)(C(F)(F)F)C(F)(F)F)cc2)cc1,tg,163.0,163.91628999873777
*Oc1ccc(S(=O)(=O)c2ccc(Oc3ccc(C(C)(C)c4ccc(*)c(C)c4)cc3C)cc2)cc1,tg,178.67,204.56022002287654
*Oc1ccc(S(=O)(=O)c2ccc(Oc3ccc(C(C)(C)c4ccc(*)c(N)c4)cc3N)cc2)c(N)c1,tg,237.1,231.91437779475893
*Oc1ccc(S(=O)(=O)c2ccc(Oc3ccc(C(C)(C)c4ccc(*)c(N)c4)cc3N)cc2)cc1,tg,230.4,225.68422672623882
*Oc1ccc(S(=O)(=O)c2ccc(Oc3ccc(C(C)(C)c4ccc(*)cc4)cc3)c([N+](=O)[O-])c2)cc1[N+](=O)[O-],tg,206.0,181.29522701495608
*Oc1ccc(S(=O)(=O)c2ccc(Oc3ccc(C(C)(C)c4ccc(*)cc4)cc3)cc2)c(N)c1,tg,202.0,203.77147250501392
*Oc1ccc(S(=O)(=O)c2ccc(Oc3ccc(C(C)(C)c4ccc(*)cc4)cc3)cc2)cc1,tg,183.86,195.17092737224436
*Oc1ccc(S(=O)(=O)c2ccc(Oc3ccc(C(C)(C)c4ccc(*)cc4)cc3)cc2N)c(N)c1,tg,210.5,204.3125403933454
*Oc1ccc(S(=O)(=O)c2ccc(Oc3ccc(C(C)(C)c4ccc(OCCCCOc5ccc(C(C)(C)c6ccc(*)cc6)cc5)cc4)cc3)cc2)cc1,tg,140.0,160.70356486603708
*Oc1ccc(S(=O)(=O)c2ccc(Oc3ccc(C(C)(C)c4ccc(Oc5ccc(C(=O)c6ccc(*)cc6)cc5)cc4)cc3)cc2)cc1,tg,175.0,181.53485081880984
*Oc1ccc(S(=O)(=O)c2ccc(Oc3ccc(C(C)(c4ccc(*)cc4)c4ccc(O)cc4)cc3)cc2)cc1,tg,219.29,209.12926369348517
*Oc1ccc(S(=O)(=O)c2ccc(Oc3ccc(C(C)(c4ccccc4)c4ccc(*)cc4)cc3)cc2)cc1,tg,207.0,206.0313188013739
*Oc1ccc(S(=O)(=O)c2ccc(Oc3ccc(C(c4ccc(*)c([Si](C)(C)C)c4)(C(F)(F)F)C(F)(F)F)cc3[Si](C)(C)C)cc2[Si](C)(C)C)c([Si](C)(C)C)c1,tg,148.9,166.41793652634075
*Oc1ccc(S(=O)(=O)c2ccc(Oc3ccc(C(c4ccc(*)cc4)(C(F)(F)F)C(F)(F)F)cc3)cc2C(O)(C(F)(F)F)C(F)(F)F)c(C(O)(C(F)(F)F)C(F)(F)F)c1,tg,148.0,190.6825226894337
*Oc1ccc(S(=O)(=O)c2ccc(Oc3ccc(C(c4ccc(*)cc4)(C(F)(F)F)C(F)(F)F)cc3)cc2[Si](C)(C)C)c([Si](C)(C)C)c1,tg,172.0,161.60176532356684
*Oc1ccc(S(=O)(=O)c2ccc(Oc3ccc(C(c4ccc(*)cc4)c4ccccc4C(=O)O)cc3)cc2)cc1,tg,223.0,228.79913701715932
*Oc1ccc(S(=O)(=O)c2ccc(Oc3ccc(C(c4ccccc4)(c4ccccc4)c4ccc(*)cc4)cc3)cc2)cc1,tg,230.0,215.6295361293433
*Oc1ccc(S(=O)(=O)c2ccc(Oc3ccc(C4(c5ccc(*)cc5)CC5CCC4C5)cc3)cc2)cc1,tg,250.0,246.23916969483798
*Oc1ccc(S(=O)(=O)c2ccc(Oc3ccc(C4(c5ccc(*)cc5)CCCCC4)cc3)cc2)cc1,tg,226.0,234.34723928416224
*Oc1ccc(S(=O)(=O)c2ccc(Oc3ccc(C4(c5ccc(*)cc5)CCCCCC4)cc3)cc2)cc1,tg,247.0,223.2242772437667
*Oc1ccc(S(=O)(=O)c2ccc(Oc3ccc(C4(c5ccc(Oc6ccc(S(=O)(=O)c7ccc(Oc8ccc(C=C9CCC(=Cc%10ccc(*)cc%10)C9=O)cc8)cc7)cc6)cc5)CCCC4)cc3)cc2)cc1,tg,240.0,193.71681364553487
*Oc1ccc(S(=O)(=O)c2ccc(Oc3ccc(C4(c5ccc(Oc6ccc(S(=O)(=O)c7ccc(Oc8ccc(C=C9CCCC(=Cc%10ccc(*)cc%10)C9=O)cc8)cc7)cc6)cc5)CCCCC4)cc3)cc2)cc1,tg,190.0,198.3932326060764
*Oc1ccc(S(=O)(=O)c2ccc(Oc3ccc(C4(c5ccc(Oc6ccc(S(=O)(=O)c7ccc(Oc8ccc(C=C9CCCCC(=Cc%10ccc(*)cc%10)C9=O)cc8)cc7)cc6)cc5)CCCCCC4)cc3)cc2)cc1,tg,196.0,204.03060690624903
*Oc1ccc(S(=O)(=O)c2ccc(Oc3ccc(C45CC6CC(CC(c7ccc(*)cc7)(C6)C4)C5)cc3)cc2)cc1,tg,242.0,239.20351526340895
*Oc1ccc(S(=O)(=O)c2ccc(Oc3ccc(C4CCCC(C(C)c5ccc(*)cc5)C4)cc3)cc2)cc1,tg,230.0,199.76895751903135
*Oc1ccc(S(=O)(=O)c2ccc(Oc3ccc(C=C4CCCC(=Cc5ccc(Oc6ccc(S(=O)(=O)c7ccc(Oc8ccc(C(C)(C)c9ccc(*)cc9)cc8)cc7)cc6)cc5)C4=O)cc3)cc2)cc1,tg,194.0,197.25465640558943
*Oc1ccc(S(=O)(=O)c2ccc(Oc3ccc(C=C4CCCCC(=Cc5ccc(*)cc5)C4=O)cc3)cc2)cc1,tg,186.0,208.8835674006556
*Oc1ccc(S(=O)(=O)c2ccc(Oc3ccc(C=NN=Cc4ccc(*)cc4)cc3)cc2)cc1,tg,151.0,190.14252963600316
*Oc1ccc(S(=O)(=O)c2ccc(Oc3ccc(C=Nc4ccc(Oc5ccc(N=Cc6ccc(*)cc6)cc5)cc4)cc3)cc2)cc1,tg,162.0,183.83226102292448
*Oc1ccc(S(=O)(=O)c2ccc(Oc3ccc(NC(=O)c4cc(NC(=O)c5ccc(OC(C)=O)cc5)cc(C(=O)Nc5ccc(*)cc5)c4)cc3)cc2)cc1,tg,263.0,250.08344722571533
*Oc1ccc(S(=O)(=O)c2ccc(Oc3ccc(NC(=O)c4ccc(Oc5ccc(C(C)(C)c6ccc(C(C)(C)c7ccc(Oc8ccc(C(=O)Nc9ccc(*)cc9)cc8)cc7)cc6)cc5)cc4)cc3)cc2)cc1,tg,177.0,191.7326502188308
*Oc1ccc(S(=O)(=O)c2ccc(Oc3ccc(NC(=O)c4cccc(C(=O)Nc5ccc(*)cc5)c4)cc3)cc2)cc1,tg,260.0,222.15107741743614
*Oc1ccc(S(=O)(=O)c2ccc(Oc3ccc(P(C)(=O)c4ccc(*)cc4)cc3)cc2)cc1,tg,233.0,202.1443361141355
*Oc1ccc(S(=O)(=O)c2ccc(Oc3ccc(S(=O)(=O)c4ccc(-c5ccc(S(=O)(=O)c6ccc(*)cc6)cc5)cc4)cc3)cc2)cc1,tg,234.0,244.36519443638858
*Oc1ccc(S(=O)(=O)c2ccc(Oc3ccc(Sc4ccc(*)cc4)cc3)cc2)cc1,tg,175.0,180.48190719380335
*Oc1ccc(S(=O)(=O)c2ccc(Oc3ccc4c(=O)n5c6cc(Oc7ccc8c(c7)nc7c9ccc(*)c%10cccc(c(=O)n87)c%109)ccc6nc5c5cccc3c45)cc2)cc1,tg,374.0,348.8632422727518
*Oc1ccc(S(=O)(=O)c2ccc3cc(S(=O)(=O)c4ccc(Oc5c(C)cc(-c6cc(C)c(*)c(C)c6)cc5C)cc4)ccc3c2)cc1,tg,280.0,277.77595851151386
*Oc1ccc(S(=O)(=O)c2ccc3cc(S(=O)(=O)c4ccc(Oc5c(C)cc(-c6cc(C)c(*)c(C)c6C)c(C)c5C)cc4)ccc3c2)cc1,tg,300.0,283.63455838434317
*Oc1ccc(S(=O)(=O)c2ccc3ccc(S(=O)(=O)c4ccc(*)cc4)cc3c2)cc1,tg,250.0,243.42798869796067
*Oc1ccc(S(=O)(=O)c2cccc3c(S(=O)(=O)c4ccc(Oc5c(C)cc(-c6cc(C)c(*)c(C)c6)cc5C)cc4)cccc23)cc1,tg,262.0,278.20350892763855
*Oc1ccc(S(=O)(=O)c2cccc3c(S(=O)(=O)c4ccc(Oc5ccc(-c6ccc(*)cc6)cc5)cc4)cccc23)cc1,tg,248.0,246.46755751027123
*Oc1ccc(S(=O)c2ccc(Oc3ccc(C(C)(C)c4ccc(*)cc4)cc3)cc2)cc1,tg,165.0,164.40144638591562
*Oc1ccc(S(=O)c2ccc(Oc3ccc(C=NN=Cc4ccc(*)cc4)cc3)cc2)cc1,tg,151.0,155.03661172379913
*Oc1ccc(SC(=O)Oc2ccc(C(C)(C)c3ccc(OC(=O)Sc4ccc(*)cc4)cc3)cc2)cc1,tg,145.0,135.68481320709634
*Oc1ccc(Sc2ccc(OC(*)=O)cc2)cc1,tg,110.0,122.65320813848888
*Oc1ccc(Sc2ccc(Oc3ccc4c(=O)n5c6cc(-c7ccc8c(c7)nc7c9ccc(*)c%10cccc(c(=O)n87)c%109)ccc6nc5c5cccc3c45)cc2)cc1,tg,386.0,344.21117808193856
*Oc1ccc(Sc2ccc(Oc3ccc4c(=O)n5c6cc(Oc7ccc8c(c7)nc7c9ccc(*)c%10cccc(c(=O)n87)c%109)ccc6nc5c5cccc3c45)cc2)cc1,tg,346.0,354.58220248617914
*Oc1ccc(Sc2ccc(Sc3ccc(Sc4ccc(*)cc4)cc3)cc2)cc1,tg,84.0,122.41594190977187
*Oc1ccc([Si](c2ccccc2)(c2ccccc2)c2ccc(OC(=O)c3ccc4c(c3)Cc3cc(C(*)=O)ccc3-4)cc2)cc1,tg,72.1,221.07440888133593
*Oc1ccc2c(c1)C(C)(c1ccc(OC(*)=O)cc1)CC2(C)C,tg,201.7,207.560145048669
*Oc1ccc2c(c1)C(C)(c1ccc(OC(=O)c3ccc(C(*)=O)cc3)cc1)CC2(C)C,tg,252.5,251.0596749748597
*Oc1ccc2c(c1)C1(CC2(C)C)CC(C)(C)c2ccc(OC(=O)c3ccc(C(*)=O)cc3)cc21,tg,290.0,273.98968662854315
*Oc1ccc2cc(OC(=O)c3ccc(-c4ccc(C(*)=O)cc4)cc3-c3ccccc3)ccc2c1,tg,125.0,202.53208983481886
*Oc1ccc2cc(Oc3ccc(C(=O)c4ccc(*)cc4)cc3)ccc2c1,tg,247.0,187.23193381140783
*Oc1ccc2cc(Oc3ccc(S(=O)(=O)c4ccc(*)cc4)cc3)ccc2c1,tg,231.0,232.06031639921105
*Oc1ccc2cc(Oc3ccc(S(=O)(=O)c4ccc(Oc5ccc(C(=O)c6ccc(*)cc6)cc5)cc4)cc3)ccc2c1,tg,199.0,203.89567228060568
*Oc1ccc2cc(Oc3ccc4c(=O)n5c6cc(-c7ccc8c(c7)nc7c9ccc(*)c%10cccc(c(=O)n87)c%109)ccc6nc5c5cccc3c45)ccc2c1,tg,413.0,381.15022344648577
*Oc1ccc2ccc(OC(=O)c3ccc(Oc4ccc(C(*)=O)cc4)cc3)cc2c1,tg,142.0,165.83994614295602
*Oc1ccc2ccc(Oc3ccc(C(=O)Nc4ccc(C(C)(C)c5ccc(C(C)(C)c6ccc(NC(=O)c7ccc(*)cc7)cc6)cc5)cc4)cc3)cc2c1,tg,155.0,224.90525469197829
*Oc1ccc2ccc(Oc3ccc(C(=O)Nc4ccc(Oc5ccc(C(C)(C)c6ccc(C(C)(C)c7ccc(Oc8ccc(NC(=O)c9ccc(*)cc9)cc8)cc7)cc6)cc5)cc4)cc3)cc2c1,tg,166.0,161.55859992250643
*Oc1ccc2ccc(Oc3ccc(C(=O)Nc4ccc(Oc5ccc(C(C)(C)c6ccc(Oc7ccc(NC(=O)c8ccc(*)cc8)cc7)cc6)cc5)cc4)cc3)cc2c1,tg,143.0,178.2884900288043
*Oc1ccc2ccc(Oc3ccc(C(=O)Nc4ccc(Oc5ccc(C(C)(c6ccccc6)c6ccc(Oc7ccc(NC(=O)c8ccc(*)cc8)cc7)cc6)cc5)cc4)cc3)cc2c1,tg,177.0,166.37777608846892
*Oc1ccc2ccc(Oc3ccc(C(=O)Nc4ccc(Oc5ccc(C(c6ccc(Oc7ccc(NC(=O)c8ccc(*)cc8)cc7)cc6)(C(F)(F)F)C(F)(F)F)cc5)cc4)cc3)cc2c1,tg,163.0,201.90620259491638
*Oc1ccc2ccc(Oc3ccc(C(=O)Nc4ccc(Oc5ccc(S(=O)(=O)c6ccc(Oc7ccc(NC(=O)c8ccc(*)cc8)cc7)cc6)cc5)cc4)cc3)cc2c1,tg,227.0,202.66237032762
*Oc1ccc2ccc(Oc3ccc(C(=O)Nc4cccc(Oc5ccc(NC(=O)c6ccc(*)cc6)cc5)c4)cc3)cc2c1,tg,164.0,193.18016125012792
*Oc1cccc(C(=O)Nc2ccc(-c3ccc(NC(=O)c4cccc(Oc5nc(*)nc(Sc6ccccc6)n5)c4)cc3)cc2)c1,tg,279.0,195.9500745333844
*Oc1cccc(C(=O)OCC(F)(F)C(F)(F)C(F)(F)COC(=O)c2cccc(*)c2)c1,tg,20.0,41.43167794339863
*Oc1cccc(C(=O)c2ccc(*)cc2)c1,tg,132.67,140.5633150729776
*Oc1cccc(C(=O)c2ccc(Oc3ccc(C(=O)c4ccc(*)cc4)cc3)cc2)c1,tg,146.0,146.53064236720203
*Oc1cccc(C(F)(F)C(F)(F)C(F)(F)c2cccc(OC(=O)c3cccc(C(F)(F)C(F)(F)C(F)(F)c4cccc(C(*)=O)c4)c3)c2)c1,tg,74.0,92.58219837304124
*Oc1cccc(N(c2ccccc2)c2ccc(-c3ccc(N(c4ccccc4)c4cccc(OC(=O)OCCOCCOC(*)=O)c4)cc3)cc2)c1,tg,113.0,114.29230285844145
*Oc1cccc(NC(=O)CCCCCCC(=O)Nc2ccc(*)cc2)c1,tg,140.0,127.95146176432598
*Oc1cccc(NC(=O)CCCCCCCC(=O)Nc2ccc(*)cc2)c1,tg,120.0,132.4176743954475
*Oc1cccc(NC(=O)CCCCCCCCC(=O)Nc2ccc(*)cc2)c1,tg,125.0,121.20886023901258
*Oc1cccc(NC(=O)CCCCCCCCCC(=O)Nc2ccc(*)cc2)c1,tg,110.0,116.46633315099837
*Oc1cccc(NC(=O)c2cc(NC(=O)c3ccc(OC(C)=O)cc3)cc(C(=O)Nc3ccc(*)cc3)c2)c1,tg,251.0,241.61672841743365
*Oc1cccc(NC(=O)c2ccc(C(=O)Nc3ccc(*)cc3)cc2)c1,tg,280.0,238.56521052444853
*Oc1cccc(NC(=O)c2ccc(C(=O)Nc3ccc(Oc4ccc(C(=O)c5ccc(*)cc5)cc4)cc3)cc2)c1,tg,126.0,190.6356377966657
*Oc1cccc(NC(=O)c2ccc([Si](C)(C)c3ccc(C(*)=O)cc3)cc2)c1,tg,220.0,192.58716583338816
*Oc1cccc(NC(=O)c2cccc(C(=O)Nc3ccc(*)cc3)c2)c1,tg,236.75,223.3250417598374
*Oc1cccc(NC(=O)c2cccc(C(=O)Nc3ccc(Oc4ccc(C(=O)c5ccc(*)cc5)cc4)cc3)c2)c1,tg,114.0,189.8110712403485
*Oc1cccc(OC(=O)CCC(*)=O)c1,tg,38.2,83.63536575958418
*Oc1cccc(OC(=O)Oc2ccc(C(C)(C)c3ccc(OC(*)=O)cc3)cc2)c1,tg,83.1,109.05676717640229
*Oc1cccc(OC(=O)c2cc(OCCCCC)cc(C(*)=O)c2)c1,tg,96.0,93.32607891694394
*Oc1cccc(OC(=O)c2ccc(OC(=O)c3cccc(C(=O)Oc4ccc(C(*)=O)cc4)c3)cc2)c1,tg,156.75,119.61361804744203
*Oc1cccc(OC(=O)c2ccc(Oc3ccc(C(*)=O)cc3)cc2)c1,tg,159.0,134.36252430895632
*Oc1cccc(OC(=O)c2ccc([Si](C)(C)c3ccc(C(*)=O)cc3)cc2)c1,tg,134.0,145.71211021535268
*Oc1cccc(OC(=O)c2cccc(C(*)=O)c2)c1,tg,141.6,132.8647586319673
*Oc1cccc(Oc2ccc(C(=O)O)c(C(=O)Nc3ccc(Oc4ccc(-c5ccc(Oc6ccc(NC(=O)c7cc(*)ccc7C(=O)O)cc6)cc5)cc4)cc3)c2)c1,tg,100.0,223.08266118678824
*Oc1cccc(Oc2ccc(C(=O)Oc3cccc(OC(=O)c4ccc(*)cc4)c3)cc2)c1,tg,131.0,119.1483056215684
*Oc1cccc(Oc2ccc(C(=O)c3ccc(*)cc3)cc2)c1,tg,123.0,142.22541328453812
*Oc1cccc(Oc2ccc(C(=O)c3ccc(NC(=O)c4ccc(C(=O)Nc5ccc(C(=O)c6ccc(*)cc6)cc5)cc4)cc3)cc2)c1,tg,190.0,203.99279398331527
*Oc1cccc(Oc2ccc(C(=O)c3ccc(NC(=O)c4cccc(C(=O)Nc5ccc(C(=O)c6ccc(*)cc6)cc5)c4)cc3)cc2)c1,tg,214.0,180.9366055260255
*Oc1cccc(Oc2ccc(C(=O)c3ccc(P(=O)(c4ccccc4)c4ccc(C(=O)c5ccc(*)cc5)cc4)cc3)cc2)c1,tg,201.0,175.4772811811858
*Oc1cccc(Oc2ccc(NC(=O)c3cc(NC(=O)c4ccc(OC(C)=O)cc4)cc(C(=O)Nc4ccc(*)cc4)c3)cc2)c1,tg,230.0,228.73317637915824
*Oc1cccc(Oc2ccc(NC(=O)c3ccc(-c4ccc(C(=O)Nc5ccc(*)cc5)c(C)c4)cc3C)cc2)c1,tg,213.0,207.23267703551824
*Oc1cccc(Oc2ccc(Oc3ccc(S(=O)(=O)c4ccc(Oc5ccc(Oc6cccc(Oc7ccc(-c8ccc(*)cc8)cc7)c6)cc5)c(S(=O)(=O)[O][Na])c4)cc3S(=O)(=O)[O][Na])cc2)c1,tg,283.0,265.0984914945125
*Oc1cccc(Oc2ccc(Oc3cccc(OC(=O)c4ccc(C(*)=O)cc4)c3)cc2)c1,tg,103.0,124.68144857242608
*Oc1cccc(Oc2ccc3c(=O)n4c5cc(-c6ccc7c(c6)nc6c8ccc(*)c9cccc(c(=O)n76)c98)ccc5nc4c4cccc2c34)c1,tg,396.5,389.8025172618281
*Oc1cccc(Oc2ccc3c(=O)n4c5cc(Oc6ccc7c(c6)nc6c8ccc(*)c9cccc(c(=O)n76)c98)ccc5nc4c4cccc2c34)c1,tg,369.5,352.11941869247624
*Oc1cccc(Oc2cccc(*)c2)c1C#N,tg,144.25,144.35783435776835
*Oc1cccc(Oc2cccc(*)n2)c1,tg,82.0,89.65722698153574
*Oc1cccc(Oc2cccc(NC(=O)c3cc(Oc4ccc(C(=O)O)c(C(=O)Nc5cccc(*)c5)c4)ccc3C(=O)O)c2)c1,tg,176.4,171.60521833280615
*Oc1cccc(Oc2cccc(NC(=O)c3cc(Oc4ccc(C(=O)O)c(C(=O)Nc5cccc(*)c5)c4)ccc3C(=O)O)c2)c1C#N,tg,200.1,185.92954033124627
*Oc1cccc(Oc2cccc(NC(=O)c3cccc(Oc4cccc(Oc5cccc(C(=O)Nc6cccc(*)c6)c5)c4)c3)c2)c1,tg,137.5,161.64875430532038
*Oc1cccc2c(OC3(F)C(*)(F)C(F)(F)C3(F)F)cccc12,tg,124.8,145.11754521449902
*Oc1cccc2cc(OC(=O)c3ccc(Oc4ccc(C(*)=O)cc4)cc3)ccc12,tg,179.0,179.9313464594734
*Oc1cccc2ccc(Oc3ccc(NC(=O)c4cc(C(=O)Nc5ccc(*)cc5)cc(C(C)(C)C)c4)cc3)cc12,tg,263.0,226.50521393584276
*Oc1cccc2ccc(Oc3ccc(NC(=O)c4ccc(C(c5ccc(C(=O)Nc6ccc(*)cc6)cc5)(C(F)(F)F)C(F)(F)F)cc4)cc3)cc12,tg,252.0,250.4511687608877
*Oc1cccc2ccc(Oc3ccc(NC(=O)c4ccc(Oc5ccc(C(=O)Nc6ccc(*)cc6)cc5)cc4)cc3)cc12,tg,236.0,240.23687683093783
*Oc1cccc2ccc(Oc3ccc(NC(=O)c4ccc(Oc5ccc(C(C)(C)c6cccc(C(C)(C)c7ccc(Oc8ccc(C(=O)Nc9ccc(*)cc9)cc8)cc7)c6)cc5)cc4)cc3)cc12,tg,175.5,175.10039634028914
*Oc1cccc2ccc(Oc3ccc(NC(=O)c4ccc(Oc5ccc(Oc6ccc(C(=O)Nc7ccc(*)cc7)cc6)cc5)cc4)cc3)cc12,tg,224.0,220.3394430619851
*Oc1cccc2ccc(Oc3ccc(NC(=O)c4ccc(Oc5ccc(S(=O)(=O)c6ccc(Oc7ccc(C(=O)Nc8ccc(*)cc8)cc7)cc6)cc5)cc4)cc3)cc12,tg,218.0,221.9601862110664
*Oc1cccc2ccc(Oc3ccc(NC(=O)c4ccc(Oc5cccc(Oc6ccc(C(=O)Nc7ccc(*)cc7)cc6)c5)cc4)cc3)cc12,tg,196.0,186.0767782945081
*Oc1cccc2ccc(Oc3ccc(NC(=O)c4ccc(Oc5ccccc5Oc5ccc(C(=O)Nc6ccc(*)cc6)cc5)cc4)cc3)cc12,tg,180.0,201.66231220902858
*Oc1cccc2ccc(Oc3ccc(NC(=O)c4ccc(S(=O)(=O)c5ccc(C(=O)Nc6ccc(*)cc6)cc5)cc4)cc3)cc12,tg,259.0,243.53248448566043
*Oc1cccc2ccc(Oc3ccc(NC(=O)c4cccc(C(=O)Nc5ccc(*)cc5)c4)cc3)cc12,tg,256.0,216.15533625653762
*Oc1ccccc1C(=O)OC(=O)c1ccccc1OC(=O)CCCCC(*)=O,tg,60.0,58.37894801945173
*Oc1ccccc1C(=O)OC(=O)c1ccccc1OC(=O)CCCCCC(*)=O,tg,40.0,44.27952171294431
*Oc1ccccc1C(=O)OC(=O)c1ccccc1OC(=O)CCCCCCC(*)=O,tg,28.0,45.390205672467204
*Oc1ccccc1C(=O)OC(=O)c1ccccc1OC(=O)CCCCCCCCC(*)=O,tg,28.0,41.65027728011396
*Oc1ccccc1C(=O)OC(=O)c1ccccc1OC(=O)c1ccc(C(*)=O)cc1,tg,120.0,119.93162110196104
*Oc1ccccc1Oc1ccc(S(=O)(=O)c2ccc(*)cc2)cc1,tg,171.0,197.5704497871799
*SC(C)C(*)=O,tg,12.0,58.43860127288175
*SC1CCCCC1*,tg,-45.0,95.31907246389352
*SCC(=O)NN=Cc1ccc(OCCCCCCCCCCOc2ccc(C=NNC(=O)CSc3nnc(*)s3)cc2OC)c(OC)c1,tg,156.0,84.52122446466541
*Sc1c(C)cc(*)cc1C,tg,198.0,169.56782072197743
*Sc1ccc(*)cc1,tg,93.49,115.63444632093773
*Sc1ccc(C(=O)CNCCCCCCCCNCC(=O)c2ccc(*)cc2)cc1,tg,231.0,85.71027387170686
*Sc1ccc(C(=O)c2ccc(C(C)(C)c3ccc(C(=O)c4ccc(*)cc4)cc3)cc2)cc1,tg,175.0,169.98456603969515
*Sc1ccc(C(=O)c2ccc(C(c3ccc(C(=O)c4ccc(*)cc4)cc3)(C(F)(F)F)C(F)(F)F)cc2)cc1,tg,175.0,166.4934751367488
*Sc1ccc(Cc2ccc(SC(*)=O)cc2)cc1,tg,117.0,128.73387899348393
*Sc1ccc(Nc2ccc(*)cc2)cc1,tg,145.0,112.4351736169772
*Sc1ccc(Nc2ccc(Nc3ccc(*)cc3)cc2)cc1,tg,114.0,158.4995280439358
*Sc1ccc(P(=O)(c2ccccc2)c2ccc(Sc3ccc(-c4ccc(*)cc4)cc3)cc2)cc1,tg,232.0,202.48574295014376
*Sc1ccc(Sc2ccc(Sc3ccc4c(c3)C(=O)N(N3C(=O)c5cccc(*)c5C3=O)C4=O)cc2)cc1,tg,242.0,232.8283797056533
*Sc1ccc(Sc2ccc(Sc3ccc4c(c3)Sc3ccc(*)cc3S4)cc2)cc1,tg,151.2,218.53291008064355
*Sc1ccc2c(c1)Sc1ccc(*)cc1S2,tg,209.9,185.75073713317224
*[O][Ca][O]C(=O)c1ccccc1C(=O)OCCCCCOC(=O)NCCCCCCNC(=O)OCCCCCOC(=O)c1ccccc1C(*)=O,tg,-2.4,8.031286078591084
*c1c(C)cc(-c2cc(C)c(N3C(=O)c4ccc(-c5ccc6c(c5)C(=O)N(*)C6=O)cc4C3=O)c(C)c2)cc1C,tg,285.0,359.7371162497078
*c1c(C)cc(-c2cc(C)c(N3C(=O)c4cccc(Oc5c(C)cc(Cc6cc(C)c(Oc7cccc8c7C(=O)N(*)C8=O)c(C)c6)cc5C)c4C3=O)c(C)c2)cc1C,tg,276.0,276.62334056904973
*c1c(C)cc(-c2cc(C)c(N3C(=O)c4cccc(Oc5ccc(C(C)(C)c6ccc(Oc7cccc8c7C(=O)N(*)C8=O)cc6)cc5)c4C3=O)c(C)c2)cc1C,tg,265.0,269.2718468643611
*c1c(C)cc(C(C)(C)c2cc(C)c(S(*)(=O)=O)c(C)c2)cc1C,tg,229.0,218.344252815591
*c1c(C)cc(C(c2cc(C)c(N3C(=O)c4ccc(-c5ccc6c(c5)C(=O)N(*)C6=O)cc4C3=O)c(C)c2)c2cccc3ccccc23)cc1C,tg,311.67,336.3034403664132
*c1c(C)cc(C(c2cccc(C(F)(F)F)c2)c2cc(C)c(N3C(=O)c4ccc(-c5ccc6c(c5)C(=O)N(*)C6=O)cc4C3=O)c(C)c2)cc1C,tg,312.9,291.39215045713746
*c1c(C)cc(C(c2cccc(C(F)(F)F)c2)c2cc(C)c(N3C(=O)c4ccc(Oc5ccc6c(c5)C(=O)N(*)C6=O)cc4C3=O)c(C)c2)cc1C,tg,264.1,287.5058111604464
*c1c(C)cc(C)c(N2C(=O)c3ccc(-c4ccc5c(c4)C(=O)N(*)C5=O)cc3C2=O)c1C,tg,385.0,361.39095253079535
*c1c(C)cc(C)c(N2C(=O)c3ccc(Oc4ccc(Oc5ccc6c(c5)C(=O)N(*)C6=O)cc4)cc3C2=O)c1C,tg,345.0,293.0562449570267
*c1c(C)cc(C)c(N2C(=O)c3ccc(S(=O)(=O)c4ccc5c(c4)C(=O)N(*)C5=O)cc3C2=O)c1C,tg,418.0,341.3975778819692
*c1c(C)cc(C)c(N2C(=O)c3ccc(Sc4ccc5c(c4)C(=O)N(*)C5=O)cc3C2=O)c1C,tg,378.0,350.2292157696252
*c1c(C)cc(C)c(N2C(=O)c3cccc(Oc4c(C)cc(Cc5cc(C)c(Oc6cccc7c6C(=O)N(*)C7=O)c(C)c5)cc4C)c3C2=O)c1C,tg,287.0,285.50164383318173
*c1c(C)cc(Cc2cc(C)c(N3C(=O)c4ccc(Oc5c(C)cc(-c6cc(C)c(Oc7ccc8c(c7)C(=O)N(*)C8=O)c(C)c6)cc5C)cc4C3=O)c(C)c2)cc1C,tg,420.0,293.557930669365
*c1c(C)cc(Cc2cc(C)c(N3C(=O)c4ccc(Oc5c(C)cc(Cc6cc(C)c(Oc7ccc8c(c7)C(=O)N(*)C8=O)c(C)c6)cc5C)cc4C3=O)c(C)c2)cc1C,tg,264.0,297.5228449458794
*c1c(C)cc(Cc2cc(C)c(N3C(=O)c4ccc(Oc5ccc(C(C)(C)c6ccc(Oc7ccc8c(c7)C(=O)N(*)C8=O)cc6)cc5)cc4C3=O)c(C)c2)cc1C,tg,249.0,254.18338911057543
*c1c(C)cc(Cc2cc(C)c(N3C(=O)c4ccc(Oc5cccc6c(Oc7ccc8c(c7)C(=O)N(*)C8=O)cccc56)cc4C3=O)c(C)c2)cc1C,tg,281.0,277.6096332372617
*c1c(C)cc(Cc2cc(C)c(N3C(=O)c4cccc(Oc5c(C)cc(Cc6cc(C)c(Oc7cccc8c7C(=O)N(*)C8=O)c(C)c6)cc5C)c4C3=O)c(C)c2)cc1C,tg,243.0,270.7927998102357
*c1cc(*)c(O)c(N=Cc2ccc(F)cc2)c1,tg,154.0,171.03285401913777
*c1cc(*)cc(-c2nc3ccccc3o2)c1,tg,250.0,281.22697699953744
*c1cc(-c2ccc(C(=C3C=C(C(C)(C)C)C(=O)C(C(C)(C)C)=C3)c3cc(C(C)(C)C)c(OC(C)=O)c(C(C)(C)C)c3)cc2)c(*)s1,tg,-4.3,234.4007271711063
*c1cc(-c2sc(-c3cc(CCCCCCCCCC)c(*)s3)cc2CCCCCCCCCC)c2cccccc1-2,tg,22.5,16.42678977394613
*c1cc(-c2sc(-c3cc(CCCCCCCCCCCCCC)c(*)s3)cc2CCCCCCCCCCCCCC)c2cccccc1-2,tg,-10.0,35.60582586055694
*c1cc(Br)c(-c2c(Br)cc(N3C(=O)c4ccc(-c5ccc6c(c5)C(=O)N(*)C6=O)cc4C3=O)cc2C(=O)OCCCC)c(C(=O)OCCCC)c1,tg,196.0,181.98112057791522
*c1cc(Br)c(-c2c(Br)cc(N3C(=O)c4ccc(-c5ccc6c(c5)C(=O)N(*)C6=O)cc4C3=O)cc2C(=O)OCCCCCCCC)c(C(=O)OCCCCCCCC)c1,tg,135.5,128.6280976390472
*c1cc(Br)c(-c2c(Br)cc(N3C(=O)c4ccc(-c5ccc6c(c5)C(=O)N(*)C6=O)cc4C3=O)cc2C(=O)OCCCCCCCCCC)c(C(=O)OCCCCCCCCCC)c1,tg,116.0,121.226345924192
*c1cc(Br)c(-c2c(Br)cc(N3C(=O)c4ccc(-c5ccc6c(c5)C(=O)N(*)C6=O)cc4C3=O)cc2C(=O)OCCCCCCCCCCCCCCCC)c(C(=O)OCCCCCCCCCCCCCCCC)c1,tg,92.0,95.30870481973803
*c1cc(Br)c(-c2c(Br)cc(N3C(=O)c4ccc(-c5ccc6c(c5)C(=O)N(*)C6=O)cc4C3=O)cc2C(=O)OCCCCCCCCCCCCCCCCCC)c(C(=O)OCCCCCCCCCCCCCCCCCC)c1,tg,83.5,96.68496106489094
*c1cc(Br)c(OC(=O)c2ccc(C(=O)Oc3c(Br)cc(C4(*)OC(=O)c5ccccc54)cc3Br)cc2)c(Br)c1,tg,319.0,283.77034352577294
*c1cc(Br)c(Oc2c(Br)cc(N3C(=O)c4ccc(-c5ccc6c(c5)C(=O)N(*)C6=O)cc4C3=O)cc2Br)c(Br)c1,tg,287.0,312.139688198571
*c1cc(Br)c(Oc2c(Br)cc(N3C(=O)c4ccc(Oc5ccc6c(c5)C(=O)N(*)C6=O)cc4C3=O)cc2Br)c(Br)c1,tg,283.0,271.20960472236777
*c1cc(C(=O)NCCCCCC)cc(N2C(=O)c3ccc(-c4ccc5c(c4)C(=O)N(*)C5=O)cc3C2=O)c1,tg,256.9,254.71108710484387
*c1cc(C(=O)NCCCCCCCC)cc(N2C(=O)c3ccc(-c4ccc5c(c4)C(=O)N(*)C5=O)cc3C2=O)c1,tg,245.5,234.96501175920852
*c1cc(C(=O)NCCCCCCCCCC)cc(N2C(=O)c3ccc(-c4ccc5c(c4)C(=O)N(*)C5=O)cc3C2=O)c1,tg,245.1,241.22062312783825
*c1cc(C(=O)NCCCCCCCCCCCC)cc(N2C(=O)c3ccc(-c4ccc5c(c4)C(=O)N(*)C5=O)cc3C2=O)c1,tg,243.1,236.19826341285773
*c1cc(C(=O)NCCCCCCCCCCCCCC)cc(N2C(=O)c3ccc(-c4ccc5c(c4)C(=O)N(*)C5=O)cc3C2=O)c1,tg,247.6,232.7578546189695
*c1cc(C(=O)Nc2ccc(-c3nnc(*)o3)cc2)cc(N2C(=O)c3ccccc3C2=O)c1,tg,324.0,289.278759999704
*c1cc(C(=O)OC)cc(N2C(=O)CC(C3Cc4ccccc4C4C(=O)N(*)C(=O)C43)C2=O)c1,tg,249.43,279.1530093913576
*c1cc(C(=O)OCCC)cc(N2C(=O)CC(C3Cc4ccccc4C4C(=O)N(*)C(=O)C43)C2=O)c1,tg,249.43,246.14069026011109
*c1cc(C(=O)OCCCCCC)cc(N2C(=O)CC(C3Cc4ccccc4C4C(=O)N(*)C(=O)C43)C2=O)c1,tg,249.43,212.3029253450275
*c1cc(C(C(=O)OC)C(=O)OC)c(*)s1,tg,-20.1,85.10368129894081
*c1cc(C(C)C)c(Oc2ccc(S(=O)(=O)c3ccc(Oc4cc(C)c(C5(*)OC(=O)c6ccccc65)cc4C(C)C)cc3)cc2)cc1C,tg,230.0,246.19316759936427
*c1cc(C(c2ccc(OCCN(C)c3ccc(C=CC4=CC(=C(C#N)C#N)CC(C)(C)C4)cc3)c(N3C(=O)c4ccc(Oc5ccc6c(c5)C(=O)N(*)C6=O)cc4C3=O)c2)(C(F)(F)F)C(F)(F)F)ccc1OCCN(C)c1ccc(C=CC2=CC(=C(C#N)C#N)CC(C)(C)C2)cc1,tg,215.0,216.22530084946337
*c1cc(C(c2ccc(OCCN(C)c3ccc(C=CC4=CC(=C(C#N)C(=O)OCCc5ccccc5)CC(C)(C)C4)cc3)c(N3C(=O)c4ccc(Oc5ccc6c(c5)C(=O)N(*)C6=O)cc4C3=O)c2)(C(F)(F)F)C(F)(F)F)ccc1OCCN(c1ccccc1)c1ccc(C=CC2=CC(=C(C#N)C(=O)OCCc3ccccc3)CC(C)(C)C2)cc1,tg,177.0,165.14931081322572
*c1cc(C(c2ccc(OCCN(C)c3ccc(C=CC4=CC(=C(C#N)C(=O)OCc5ccc(Oc6c(F)c(F)c(F)c(F)c6F)cc5)CC(C)(C)C4)cc3)c(N3C(=O)c4ccc(Oc5ccc6c(c5)C(=O)N(*)C6=O)cc4C3=O)c2)(C(F)(F)F)C(F)(F)F)ccc1OCCN(c1ccccc1)c1ccc(C=CC2=CC(=C(C#N)C(=O)OCc3ccc(Oc4c(F)c(F)c(F)c(F)c4F)cc3)CC(C)(C)C2)cc1,tg,162.0,191.87162939083825
*c1cc(C(c2ccc(OCCN(C)c3ccc(C=CC4=CC(=C(C#N)S(C)(=O)=O)CC(C)(C)C4)cc3)c(N3C(=O)c4ccc(Oc5ccc6c(c5)C(=O)N(*)C6=O)cc4C3=O)c2)(C(F)(F)F)C(F)(F)F)ccc1OCCN(C)c1ccc(C=CC2=CC(=C(C#N)S(C)(=O)=O)CC(C)(C)C2)cc1,tg,225.0,196.87002082137926
*c1cc(C(c2ccc(OCCN(CC)c3ccc(C=CC4=CC(=C(C#N)C#N)CC(C)(C)C4)cc3)c(N3C(=O)c4ccc(Oc5ccc6c(c5)C(=O)N(*)C6=O)cc4C3=O)c2)(C(F)(F)F)C(F)(F)F)ccc1OCCN(CC)c1ccc(C=CC2=CC(=C(C#N)C#N)CC(C)(C)C2)cc1,tg,202.0,206.2023174155503
*c1cc(C(c2ccc(OCCN(c3ccccc3)c3ccc(C=CC4=CC(=C(C#N)C#N)CC(C)(C)C4)cc3)c(N3C(=O)c4ccc(Oc5ccc6c(c5)C(=O)N(*)C6=O)cc4C3=O)c2)(C(F)(F)F)C(F)(F)F)ccc1OCCN(c1ccccc1)c1ccc(C=CC2=CC(=C(C#N)C#N)CC(C)(C)C2)cc1,tg,220.0,225.38745435416766
*c1cc(C)c(-c2c(C)cc(N3C(=O)c4ccc(-c5ccc6c(c5)C(=O)N(*)C6=O)cc4C3=O)cc2C)c(C)c1,tg,280.0,350.56312636171
*c1cc(C)c(Cc2cc(C)c(N3C(=O)c4ccc(Oc5ccc(Oc6ccc7c(c6)C(=O)N(*)C7=O)cc5)cc4C3=O)cc2C)cc1C,tg,278.0,278.47581121874623
*c1cc(C)c(Oc2ccc(S(=O)(=O)c3ccc(Oc4cc(C)c(C5(*)OC(=O)c6ccccc65)cc4C)cc3)cc2)cc1C,tg,269.0,257.28038348427873
*c1cc(CC(=O)OCC)c(*)s1,tg,56.7,43.554533017220436
*c1cc(CC(=O)OCCCCCCOc2ccc(N=Nc3ccc(C#N)cc3)cc2)c(*)s1,tg,64.0,62.150348572285935
*c1cc(CCCC)c(*)s1,tg,53.58,53.451423042520254
*c1cc(CCCCCC)c(*)s1,tg,23.47,34.09267792587985
*c1cc(CCCCCC)c(-c2ccc3c4ccc(-c5sc(-c6sc(*)c7nc(CC)c(CC)nc67)cc5CCCCCC)cc4n(CCCCCCCCCCCC)c3c2)s1,tg,89.0,72.04053737746325
*c1cc(CCCCCCCCCC)c(*)s1,tg,-33.0,-3.7616924041702413
*c1cc(CCCCCCCCCCCC)c(*)s1,tg,-13.51,-8.544651778586458
*c1cc(CCCCCCOC(=O)COC)c(*)s1,tg,37.0,14.004129713933047
*c1cc(CCCCCCOC(=O)Cc2ccccc2)c(*)s1,tg,45.0,25.97518951057809
*c1cc(CCCCCCO[Si](C)(C)C)c(*)s1,tg,10.0,12.654813109060482
*c1cc(CCOC(=O)C(C)Br)c(*)s1,tg,49.0,53.304035451370694
*c1cc(CCOC(=O)NCCCC)c(*)s1,tg,67.5,40.577768223014345
*c1cc(CCOc2ccc(N=Nc3ccc(C#N)cc3)cc2)c(*)s1,tg,73.0,111.45493401905675
*c1cc(N2C(=O)c3ccc(Oc4cc5ccccc5cc4Oc4ccc5c(c4)C(=O)N(*)C5=O)cc3C2=O)cc(C(F)(F)F)c1,tg,250.0,239.64718476103312
*c1cc(N2C(=O)c3ccc(Oc4ccc5c(c4)C(=O)N(*)C5=O)cc3C2=O)c(O)cc1O,tg,263.0,304.6553006912369
*c1cc(N2C(=O)c3ccc(P(=O)(c4ccccc4)c4ccc5c(c4)C(=O)N(*)C5=O)cc3C2=O)cc(C(F)(F)F)c1,tg,317.0,278.11439797781753
*c1cc(N=Cc2ccc(F)cc2)c(O)c(*)c1C,tg,156.0,193.99501185801392
*c1cc(N=Nc2ccc(C#N)cc2)cc(*)c1O,tg,176.0,218.81960706590755
*c1cc(OCCCC)c(*)cc1OCCCC,tg,37.0,81.01420623379134
*c1cc(OCCCC)cc(N2C(=O)c3ccc(Oc4ccc5c(c4)C(=O)N(*)C5=O)cc3C2=O)c1,tg,237.0,202.2626218178683
*c1cc(OCCCCCCCC)cc(N2C(=O)c3ccc(Oc4ccc5c(c4)C(=O)N(*)C5=O)cc3C2=O)c1,tg,185.0,179.95136983620162
*c1cc(OCCCCCCCCCCCC)cc(N2C(=O)c3ccc(Oc4ccc5c(c4)C(=O)N(*)C5=O)cc3C2=O)c1,tg,162.0,165.8503405865883
*c1cc(OCCCCCCCCCCCCCCCC)cc(N2C(=O)c3ccc(Oc4ccc5c(c4)C(=O)N(*)C5=O)cc3C2=O)c1,tg,159.0,164.92412372211763
*c1cc(Oc2c(C)cc(-c3cc(C)c(Oc4cc(N5C(=O)c6ccc(-c7ccc8c(c7)C(=O)N(*)C8=O)cc6C5=O)cc(C(F)(F)F)c4)c(C)c3)cc2C)cc(C(F)(F)F)c1,tg,281.1,275.6674871990307
*c1cc(Oc2c(C)cc(-c3cc(C)c(Oc4cc(N5C(=O)c6ccc(Oc7ccc8c(c7)C(=O)N(*)C8=O)cc6C5=O)cc(C(F)(F)F)c4)c(C)c3)cc2C)cc(C(F)(F)F)c1,tg,252.2,270.89338435628576
*c1cc(SCCCCCCCCCCCC)c(*)s1,tg,33.0,4.648289688897343
*c1ccc(*)c(C(=O)c2ccc(C)cc2)c1,tg,202.0,219.07040636632314
*c1ccc(*)cc1,tg,291.5,112.44807838442277
*c1ccc(-c2cc(-c3ccc(-c4ccccc4)cc3)cc(-c3ccc(N4C(=O)c5ccc(NC(=O)Nc6ccc(-c7cc(-c8ccc(-c9ccccc9)cc8)cc(-c8ccc(NC(=O)Nc9ccc%10c(c9)C(=O)N(*)C%10=O)cc8)n7)cc6)cc5C4=O)cc3)n2)cc1,tg,272.0,298.24503704328185
*c1ccc(-c2cc(-c3ccc(-c4ccccc4)cc3)cc(-c3ccc(N4C(=O)c5ccc(NC(=O)Nc6ccc(Oc7ccc(NC(=O)Nc8ccc9c(c8)C(=O)N(*)C9=O)cc7)cc6)cc5C4=O)cc3)n2)cc1,tg,241.0,267.8683852889759
*c1ccc(-c2cc(-c3ccc(OCCCC#N)cc3)cc(-c3ccc(N4C(=O)c5ccc(Oc6ccc7c(c6)C(=O)N(*)C7=O)cc5C4=O)cc3)n2)cc1,tg,315.0,252.11793034263943
*c1ccc(-c2cc(C(C)(C)C)c(Oc3ccc(N4C(=O)c5ccc(-c6ccc7c(c6)C(=O)N(*)C7=O)cc5C4=O)cc3)c(C(C)(C)C)c2)cc1,tg,381.5,356.1929595902149
*c1ccc(-c2cc(C(C)(C)C)c(Oc3ccc(N4C(=O)c5ccc(-c6ccc7c(c6)C(=O)N(*)C7=O)cc5C4=O)cc3C(F)(F)F)c(C(C)(C)C)c2)cc1,tg,389.0,308.0474244885576
*c1ccc(-c2cc(C(C)(C)C)c(Oc3ccc(N4C(=O)c5ccc(Oc6ccc7c(c6)C(=O)N(*)C7=O)cc5C4=O)cc3)c(C(C)(C)C)c2)cc1,tg,342.0,304.1479835569485
*c1ccc(-c2cc(C(C)(C)C)c(Oc3ccc(N4C(=O)c5ccc(S(=O)(=O)c6ccc7c(c6)C(=O)N(*)C7=O)cc5C4=O)cc3)c(C(C)(C)C)c2)cc1,tg,354.5,354.60641920673703
*c1ccc(-c2cc(CCCCCC)c(-c3ccc(-c4ccc5ccc6ccc(*)nc6c5n4)cc3)cc2CCCCCC)cc1,tg,190.0,157.14501796264867
*c1ccc(-c2cc(CCCCCCBr)c(*)s2)s1,tg,51.0,50.22575712573808
*c1ccc(-c2cc(CCCCCCCC)c(-c3ccc(-c4ccc(-c5sc(-c6ccc([Si](*)(CCCC)CCCC)s6)cc5CCCCCCCC)s4)s3)s2)s1,tg,-1.0,10.968202131808187
*c1ccc(-c2cc(CCCCCCCC)c(-c3ccc(-c4ccc(-c5sc(-c6ccc([Si](C)(C)[Si](C)(C)[Si](C)(C)[Si](*)(C)C)s6)cc5CCCCCCCC)s4)s3)s2)s1,tg,6.0,3.4925785992075307
*c1ccc(-c2cc(CCCCCCCC)c(-c3ccc(-c4ccc(-c5sc(-c6ccc([Si](C)(C)[Si](C)(C)[Si](C)(C)[Si](C)(C)[Si](C)(C)[Si](C)(C)[Si](C)(C)[Si](*)(C)C)s6)cc5CCCCCCCC)s4)s3)s2)s1,tg,13.0,40.80806313329666
*c1ccc(-c2cc(CCCCCCCC)c(-c3ccc(-c4ccc(-c5sc(-c6ccc([Si](CCCC)(CCCC)[Si](*)(CCCC)CCCC)s6)cc5CCCCCCCC)s4)s3)s2)s1,tg,-10.0,7.47952552374301
*c1ccc(-c2cc(CCCCCCCC)c(-c3ccc(-c4sc(*)cc4CCCCCCCC)cc3)s2)cn1,tg,16.2,35.294101063567695
*c1ccc(-c2ccc(-c3c(-c4ccccc4)nc4ccc(-c5ccc6nc(-c7ccccc7)c(*)c(-c7ccccc7)c6c5)cc4c3-c3ccccc3)cc2)cc1,tg,372.0,329.1647951708611
*c1ccc(-c2ccc(-c3cc(-c4ccc(-c5ccc(Oc6ccccc6)cc5)cc4)c4cc(-c5ccc6nc(*)cc(-c7ccc(-c8ccc(Oc9ccccc9)cc8)cc7)c6c5)ccc4n3)cc2)cc1,tg,352.0,320.92244659161247
*c1ccc(-c2ccc(-c3cc(-c4ccc(Oc5ccc(-c6cc(*)nc7ccccc67)cc5)cc4)c4ccccc4n3)cc2)cc1,tg,326.0,316.0949246449146
*c1ccc(-c2ccc(-c3cc(-c4ccc(Oc5ccc(-c6ccccc6)cc5)cc4)c4cc(-c5ccc6nc(*)cc(-c7ccc(Oc8ccc(-c9ccccc9)cc8)cc7)c6c5)ccc4n3)cc2)cc1,tg,318.0,343.3939649415486
*c1ccc(-c2ccc(-c3cc(-c4ccc(Oc5ccc(Oc6ccccc6)cc5)cc4)c4cc(-c5ccc6nc(*)cc(-c7ccc(Oc8ccc(Oc9ccccc9)cc8)cc7)c6c5)ccc4n3)cc2)cc1,tg,348.33,262.73585665893603
*c1ccc(-c2ccc(-c3cc(-c4ccccc4)c4cc(-c5ccc6nc(*)cc(-c7ccccc7)c6c5)ccc4n3)cc2)cc1,tg,372.0,348.1279369906613
*c1ccc(-c2ccc(-c3cc(-c4ccccc4)c4cc(C5(c6ccc7nc(*)cc(-c8ccccc8)c7c6)c6ccccc6C(=O)c6ccccc65)ccc4n3)cc2)cc1,tg,350.0,375.56351146244543
*c1ccc(-c2ccc(-c3cc(-c4ccccc4)c4cc5c(-c6ccccc6)cc(*)nc5cc4n3)cc2)cc1,tg,392.0,372.0690009297026
*c1ccc(-c2ccc(-c3ccc(-c4cc(-c5ccccc5)c5cc(Oc6ccc7nc(*)cc(-c8ccccc8)c7c6)ccc5n4)cc3)cc2)cc1,tg,282.5,314.8548026152834
*c1ccc(-c2ccc(-c3ccc(-c4ccc(*)n4CCCCCCCCCCCC)s3)s2)s1,tg,53.0,36.86348101752349
*c1ccc(-c2ccc(-c3ccc(-c4ccc(-c5cc(-c6ccccc6)c6cc(Oc7ccc8nc(*)cc(-c9ccccc9)c8c7)ccc6n5)cc4)cc3)cc2)cc1,tg,298.33,275.646915670484
*c1ccc(-c2ccc(-c3ccc(-c4ccc(-c5ccc(*)n5CCCCCCCCCCCC)s4)s3)s2)s1,tg,53.0,71.57959220286146
*c1ccc(-c2ccc(-c3ccc(-c4ccc(-c5ccc6c(c5)C(=O)N(c5ccc(Oc7ccc(-c8ccc(Oc9ccc(N%10C(=O)c%11ccc(*)cc%11C%10=O)cc9)cc8)cc7)cc5)C6=O)cc4)cc3)cc2)cc1,tg,232.0,273.17581220854385
*c1ccc(-c2ccc(-c3ccc(-c4ccc([Si](*)(CCCC)CCCC)s4)s3)s2)s1,tg,1.0,78.67529960754807
*c1ccc(-c2ccc(-c3ccc([Si](*)(CCCC)CCCC)s3)s2)s1,tg,30.0,-4.334192388014248
*c1ccc(-c2ccc(-c3ccc([Si](C)(C)[Si](*)(C)C)s3)s2)s1,tg,45.0,79.3699538411437
*c1ccc(-c2ccc(-c3ccc([Si](CCCC)(CCCC)[Si](*)(CCCC)CCCC)s3)s2)s1,tg,-5.0,-8.560394845533414
*c1ccc(-c2ccc(-c3ccc4nc(Oc5cc(-c6ccccc6)c6cc(*)ccc6n5)cc(-c5ccccc5)c4c3)cc2)cc1,tg,308.0,301.18288690115764
*c1ccc(-c2ccc(-c3cnc4cc(-c5ccc6nc(*)cnc6c5)ccc4n3)cc2)cc1,tg,345.5,363.5828987833493
*c1ccc(-c2ccc(-c3nc4ccc(Oc5ccc6nc(*)c(-c7ccccc7)c(-c7ccccc7)c6c5)cc4c(-c4ccccc4)c3-c3ccccc3)cc2)cc1,tg,351.0,338.2679088797977
*c1ccc(-c2ccc(-c3nc4ccccc4c(-c4ccc(Oc5ccc(-c6c(-c7ccccc7)c(*)nc7ccccc67)cc5)cc4)c3-c3ccccc3)cc2)cc1,tg,345.0,314.6546367141012
*c1ccc(-c2ccc(-c3nnc(-c4ccc([Si](c5ccccc5)(c5ccccc5)c5ccc(-c6nnc(*)o6)cc5)cc4)o3)cc2)cc1,tg,278.0,265.58517859655984
*c1ccc(-c2ccc(C3(*)CCCCC3)cc2)cc1,tg,287.0,196.76126153833687
*c1ccc(-c2ccc(N(*)c3cc(C(F)(F)F)cc(C(F)(F)F)c3)cc2)cc1,tg,209.0,221.9536411711707
*c1ccc(-c2ccc(N(*)c3ccc(C(F)(F)F)cc3)cc2)cc1,tg,225.0,188.18109358687687
*c1ccc(-c2ccc(N3C(=O)c4c(c(-c5ccccc5)c(-c5ccc(Oc6ccc(-c7c(-c8ccccc8)c8c(c(-c9ccccc9)c7-c7ccccc7)C(=O)N(*)C8=O)cc6)cc5)c(-c5ccccc5)c4-c4ccccc4)C3=O)cc2)cc1,tg,399.0,344.92105590061044
*c1ccc(-c2ccc(N3C(=O)c4ccc(-c5ccc6c(c5)C(=O)N(*)C6=O)cc4C3=O)c(C)c2)cc1C,tg,300.67,334.4176800895908
*c1ccc(-c2ccc(N3C(=O)c4ccc(-c5cccc6c5C(=O)N(*)C6=O)cc4C3=O)c(C)c2)cc1C,tg,384.0,361.7432868008513
*c1ccc(-c2ccc(N3C(=O)c4ccc(-c5cccc6c5C(=O)N(*)C6=O)cc4C3=O)cc2C(F)(F)F)c(C(F)(F)F)c1,tg,346.0,360.903456258717
*c1ccc(-c2ccc(N3C(=O)c4ccc(-c5cccc6c5C(=O)N(*)C6=O)cc4C3=O)cc2C)c(C)c1,tg,372.0,357.56433450210596
*c1ccc(-c2ccc(N3C(=O)c4ccc(Oc5ccc(Oc6ccc7c(c6)C(=O)N(*)C7=O)cc5)cc4C3=O)cc2)cc1,tg,266.0,246.84100515838978
*c1ccc(-c2ccc(N3C(=O)c4ccc(Oc5ccc6c(c5)C(=O)N(*)C6=O)cc4C3=O)c(OCCCCCCOc3ccc(/C=C/c4ccc(F)cc4)cc3)c2)cc1OCCCCCCOc1ccc(/C=C/c2ccc(F)cc2)cc1,tg,124.0,139.8788681331814
*c1ccc(-c2ccc(N3C(=O)c4ccc(Oc5ccc6c(c5)C(=O)N(*)C6=O)cc4C3=O)cc2)cc1,tg,286.0,297.5388124368323
*c1ccc(-c2ccc(N3C(=O)c4ccc(Oc5ccc6c(c5)C(=O)N(*)C6=O)cc4C3=O)cc2C(F)(F)F)c(C(F)(F)F)c1,tg,275.0,291.42483373137094
*c1ccc(-c2ccc(NC(=O)c3cccc(C(=O)Nc4ccc(-c5ccc(N6C(=O)c7ccc(-c8ccc9c(c8)C(=O)N(*)C9=O)cc7C6=O)cc5)cc4)c3)cc2)cc1,tg,230.0,262.09197914466046
*c1ccc(-c2ccc(NC(=O)c3cccc(C(=O)Nc4ccc(-c5ccc(N6C(=O)c7ccc(Oc8ccc9c(c8)C(=O)N(*)C9=O)cc7C6=O)cc5)cc4)c3)cc2)cc1,tg,233.0,249.74445423631798
*c1ccc(-c2ccc(Oc3ccc(C4(C)CC(C)(C)c5ccc(Oc6ccc(-c7ccc(N8C(=O)c9ccc(Oc%10ccc%11c(c%10)C(=O)N(*)C%11=O)cc9C8=O)cc7)cc6C(F)(F)F)cc54)cc3)c(C(F)(F)F)c2)cc1,tg,249.0,241.59218357519052
*c1ccc(-c2ccc([Si](*)(C)C)s2)s1,tg,45.0,83.34818761570276
*c1ccc(-c2ccc([Si](*)(CCCC)CCCC)s2)s1,tg,-10.0,8.94778757045013
*c1ccc(-c2ccc([Si](C)(C)[Si](*)(C)C)s2)s1,tg,45.0,19.675399550629088
*c1ccc(-c2ccc([Si](CCCC)(CCCC)[Si](*)(CCCC)CCCC)s2)s1,tg,-20.0,-25.25840351107532
*c1ccc(-c2ccc3c(c2)C(CCCCCC)(CCCCCC)c2cc(*)ccc2-3)cc1,tg,105.87,91.53678864802849
*c1ccc(-c2ccc3c(c2)C(CCCCCCBr)(CCCCCCBr)c2cc(*)ccc2-3)cc1,tg,117.2,93.97386862129412
*c1ccc(-c2ccc3c(c2)C(CCCCCCC#N)(CCCCCCC#N)c2cc(*)ccc2-3)cc1,tg,90.0,116.23039056405734
*c1ccc(-c2ccc3c(c2)C(CCCCCCCC)(CCCCCCCC)c2cc(*)ccc2-3)c(F)c1,tg,34.0,58.811455248847864
*c1ccc(-c2ccc3c(c2)C(CCCCCCCC)(CCCCCCCC)c2cc(*)ccc2-3)cc1,tg,81.0,83.0853135127069
*c1ccc(-c2ccc3nc(*)cc(-c4ccccc4)c3c2)cc1,tg,383.0,387.9645589325918
*c1ccc(-c2cnc3cc(-c4ccc5nc(*)cnc5c4)ccc3n2)cc1,tg,350.0,359.10564595365355
*c1ccc(-c2cnc3cc(Oc4ccc5nc(*)cnc5c4)ccc3n2)cc1,tg,306.0,307.4487342877484
*c1ccc(-c2cnc3cc(S(=O)(=O)c4ccc5nc(*)cnc5c4)ccc3n2)cc1,tg,342.0,333.4989192408352
*c1ccc(-c2cnc3cc4nc(*)cnc4cc3n2)cc1,tg,392.0,389.9303159617444
*c1ccc(-c2cnc3cc4ncc(*)nc4cc3n2)cc1,tg,392.0,380.11030301499375
*c1ccc(-c2cnc3ccc(Oc4ccc5ncc(*)nc5c4)cc3n2)cc1,tg,306.0,297.8734841212635
*c1ccc(-c2nc3cc(-c4ccc5nc(*)c(-c6ccc7ccccc7c6)nc5c4)ccc3nc2-c2ccc3ccccc3c2)cc1,tg,333.0,360.1337026619338
*c1ccc(-c2nc3cc(-c4ccc5nc(*)c(-c6ccccc6)nc5c4)ccc3nc2-c2ccccc2)cc1,tg,367.45,329.14996965473625
*c1ccc(-c2nc3cc(-c4ccc5nc(-c6ccccc6)c(-c6ccc(N7C(=O)C8OC9C(=O)N(*)C(=O)C9C8C7=O)cc6)nc5c4)ccc3nc2-c2ccccc2)cc1,tg,230.0,324.01217791301656
*c1ccc(-c2nc3cc(-c4ccc5oc(*)nc5c4)ccc3o2)cc1,tg,430.0,379.38228922102047
*c1ccc(-c2nc3cc(C(=O)c4ccc5nc(-c6ccccc6)c(-c6ccc(N7C(=O)C8OC9C(=O)N(*)C(=O)C9C8C7=O)cc6)nc5c4)ccc3nc2-c2ccccc2)cc1,tg,255.0,290.84227612143815
*c1ccc(-c2nc3cc(C)ccc3o2)c(*)c1,tg,221.0,299.1319964629038
*c1ccc(-c2nc3cc(Oc4ccc(NC(=O)CN5C(=O)c6ccc(C(c7ccc8c(c7)C(=O)N(CC(=O)Nc7ccc(Oc9ccc%10nc(-c%11ccccc%11)c(*)nc%10c9)cc7)C8=O)(C(F)(F)F)C(F)(F)F)cc6C5=O)cc4)ccc3nc2-c2ccccc2)cc1,tg,280.0,267.32786902513357
*c1ccc(-c2nc3cc(Oc4ccc(NC(=O)c5cc(C(=O)Nc6ccc(Oc7ccc8nc(-c9ccccc9)c(*)nc8c7)cc6)cc(N6C(=O)c7ccccc7C6=O)c5)cc4)ccc3nc2-c2ccccc2)cc1,tg,302.0,292.9396688045805
*c1ccc(-c2nc3cc(Oc4ccc5nc(*)c(-c6ccccc6)nc5c4)ccc3nc2-c2ccccc2)cc1,tg,326.0,306.05168029817037
*c1ccc(-c2nc3cc(Oc4ccc5nc(-c6ccccc6)c(*)nc5c4)ccc3nc2-c2ccccc2)cc1,tg,296.43,311.7766876300602
*c1ccc(-c2nc3cc(S(=O)(=O)c4ccc5nc(*)c(-c6ccccc6)nc5c4)ccc3nc2-c2ccccc2)cc1,tg,277.5,325.2063374417073
*c1ccc(-c2nc3cc(S(=O)(=O)c4ccc5nc(-c6ccccc6)c(*)nc5c4)ccc3nc2-c2ccccc2)cc1,tg,291.8,296.4876024736765
*c1ccc(-c2nc3cc4nc(*)c(-c5ccccc5)nc4cc3nc2-c2ccccc2)cc1,tg,395.0,374.1675842023421
*c1ccc(-c2nc3ccc(-c4ccc5nc(*)c(-c6ccccc6)c(-c6ccccc6)c5c4)cc3c(-c3ccccc3)c2-c2ccccc2)cc1,tg,376.25,368.9545849065981
*c1ccc(-c2nc3ccc(Oc4ccc5nc(*)c(-c6ccccc6)c(-c6ccccc6)c5c4)cc3c(-c3ccccc3)c2-c2ccccc2)cc1,tg,345.0,318.4115136224231
*c1ccc(-c2nc3ccc(Oc4ccc5nc(*)c(-c6ccccc6)nc5c4)cc3nc2-c2ccccc2)cc1,tg,304.0,323.2134332347354
*c1ccc(-c2nc3ccc(S(=O)(=O)c4ccc5nc(*)c(-c6ccccc6)nc5c4)cc3nc2-c2ccccc2)cc1,tg,345.0,298.7857219893145
*c1ccc(-c2nnc(*)o2)c(OCC)c1,tg,231.0,183.67521832192267
*c1ccc(-c2nnc(*)o2)c(OCCCCC)c1,tg,205.0,175.0615319862714
*c1ccc(-c2nnc(*)o2)c(OCCCCCCCC)c1,tg,173.0,121.65934400089297
*c1ccc(-c2nnc(-c3cccc(-c4nnc(*)n4-c4ccccc4)c3)n2-c2ccccc2)cc1,tg,265.0,269.85815685445897
*c1ccc(-c2nnc(-c3cccc(-c4nnc(*)o4)c3)o2)cc1,tg,277.0,281.80051293705844
*c1ccc(-c2sc(-c3cc(CCCC)c(*)s3)cc2CCCC)cc1,tg,122.3,65.22608702241716
*c1ccc(-c2sc(-c3cc(SCCCCCCCCCCCC)c(*)s3)cc2SCCCCCCCCCCCC)cc1,tg,60.35,42.625427961565315
*c1ccc(-c2sc(-c3ccc(-c4cc(CCCCCCCCCCCC)c(*)s4)cc3)cc2CCCCCCCCCCCC)cc1,tg,-19.2,46.99661202336295
*c1ccc(-c2sc(-c3ccc(-c4cc(SCCCC)c(*)s4)cc3)cc2SCCCC)cc1,tg,26.4,91.92357664149445
*c1ccc(/C=C(\C#N)C(=O)NC2CCCCC2NC(=O)/C(C#N)=C/c2ccc(N(c3ccccc3)c3ccc(N(*)c4ccccc4)cc3)cc2)cc1,tg,239.0,235.43024820802583
*c1ccc(C#Cc2cc(OCCCCCCCC)c(C#Cc3ccc(-c4nnc(*)o4)cc3)cc2OCCCCCCCC)cc1,tg,130.0,123.47028527106728
*c1ccc(C(*)C)cc1,tg,79.43,135.4440935180895
*c1ccc(C(=O)NCCCCCCCCCCNC(=O)c2ccc(-c3nc4ccccc4nc3*)cc2)cc1,tg,166.0,175.01539922619486
*c1ccc(C(=O)NCCCCCCCCNC(=O)c2ccc(-c3nc4ccccc4nc3*)cc2)cc1,tg,185.0,166.65611016939732
*c1ccc(C(=O)NNC(=O)c2ccc(C(=O)NNC(=O)c3ccc(C4(*)OC(=O)c5ccccc54)cc3)cc2)cc1,tg,237.0,238.36724005372923
*c1ccc(C(=O)Nc2ccc(-c3cc(Br)ccc3NC(=O)c3ccc(S(*)(=O)=O)cc3)cc2)cc1,tg,288.0,280.20056310803926
*c1ccc(C(=O)Nc2ccc(-c3nnc(*)o3)cc2)c(Oc2ccccc2)c1,tg,235.0,241.48402055590904
*c1ccc(C(=O)Nc2cccc(Oc3ccc(S(=O)(=O)c4ccc(Oc5cccc(NC(=O)c6ccc(N7C(=O)c8ccc(-c9ccc%10c(c9)C(=O)N(*)C%10=O)cc8C7=O)cc6)c5)cc4)cc3)c2)cc1,tg,262.0,233.60511282776432
*c1ccc(C(=O)Nc2cccc(Oc3ccc(S(=O)(=O)c4ccc(Oc5cccc(NC(=O)c6ccc(N7C(=O)c8ccc(-c9cccc%10c9C(=O)N(*)C%10=O)cc8C7=O)cc6)c5)cc4)cc3)c2)cc1,tg,241.0,266.4789847685385
*c1ccc(C(=O)Nc2cccc(S(=O)(=O)c3cccc(NC(=O)c4ccc(N5C(=O)c6ccc(-c7ccc8c(c7)C(=O)N(*)C8=O)cc6C5=O)cc4)c3)c2)cc1,tg,256.0,267.6192245084685
*c1ccc(C(=O)OCCCCCCCCCCOc2ccc(C=CC(=O)C=Cc3ccc(OCCCCCCCCCCOC(=O)c4ccc(-c5nnc(*)o5)cc4)cc3)cc2)cc1,tg,58.0,63.025164571611974
*c1ccc(C(=O)OCCCCCCCCCOC(=O)c2ccc(-c3nnc(*)s3)cc2)cc1,tg,72.0,72.56566399720805
*c1ccc(C(=O)OCCCCCCCCOc2ccc(C=C3CCC(=Cc4ccc(OCCCCCCCCOC(=O)c5ccc(-c6nnc(*)o6)cc5)cc4)C3=O)cc2)cc1,tg,99.0,89.20421357670911
*c1ccc(C(=O)OCCCCCCCCOc2ccc(C=C3CCCCC(=Cc4ccc(OCCCCCCCCOC(=O)c5ccc(-c6nnc(*)o6)cc5)cc4)C3=O)cc2)cc1,tg,98.0,87.70674777973407
*c1ccc(C(=O)OCCCCCCCCOc2ccc(C=CC(=O)C=Cc3ccc(OCCCCCCCCOC(=O)c4ccc(-c5nnc(*)o5)cc4)cc3)cc2)cc1,tg,59.0,81.80107681818401
*c1ccc(C(=O)OCCCCCCOc2ccc(C=C3CCCC(=Cc4ccc(OCCCCCCOC(=O)c5ccc(-c6nnc(*)o6)cc5)cc4)C3=O)cc2)cc1,tg,71.0,101.12888618272405
*c1ccc(C(=O)OCCCCCCOc2ccc(C=C3CCCCC(=Cc4ccc(OCCCCCCOC(=O)c5ccc(-c6nnc(*)o6)cc5)cc4)C3=O)cc2)cc1,tg,104.0,73.07938229594967
*c1ccc(C(=O)Oc2c(C)cc(C(c3cccnc3)c3cc(C)c(OC(=O)c4ccc(N5C(=O)CC(Nc6ccc(Cc7ccc(NC8CC(=O)N(*)C8=O)cc7)cc6)C5=O)cc4)c(C)c3)cc2C)cc1,tg,186.0,217.25305688820754
*c1ccc(C(=O)Oc2c(C)cc(C(c3cccnc3)c3cc(C)c(OC(=O)c4ccc(N5C(=O)CC(Nc6ccc(NC7CC(=O)N(*)C7=O)cc6)C5=O)cc4)c(C)c3)cc2C)cc1,tg,212.0,194.6412369594294
*c1ccc(C(=O)Oc2ccc(C(C)(C)c3ccc(OC(=O)c4ccc(N5C(=O)CC(SCCOCCSC6CC(=O)N(*)C6=O)C5=O)cc4)cc3)cc2)cc1,tg,143.0,143.66496645402827
*c1ccc(C(=O)Oc2ccc(OC(=O)c3ccc(N4C(=O)CC(SCCOCCSC5CC(=O)N(*)C5=O)C4=O)cc3)cc2)cc1,tg,166.0,135.14276680203605
*c1ccc(C(=O)Oc2ccc3ccc(OC(=O)c4ccc(N5C(=O)CC(SCCOCCSC6CC(=O)N(*)C6=O)C5=O)cc4)cc3c2)cc1,tg,160.0,154.43510594682863
*c1ccc(C(=O)c2ccc(C(=O)c3ccc(S(*)(=O)=O)cc3)cc2)cc1,tg,213.5,188.35855377018183
*c1ccc(C(C#N)(C(=O)OCC(C)C)C(*)(C#N)C(=O)OCC(C)C)cc1,tg,108.0,99.87059919687516
*c1ccc(C(C#N)(C(=O)OCC)C(*)(C#N)C(=O)OCC)cc1,tg,108.0,108.08003092540193
*c1ccc(C(C)(C)c2ccc(C(C)(C)c3ccc(N4C(=O)c5ccc(Oc6ccc7ccc(Oc8ccc9c(c8)C(=O)N(*)C9=O)cc7c6)cc5C4=O)cc3)cc2)cc1,tg,246.0,239.4400000861842
*c1ccc(C(C)(C)c2ccc(C(C)(C)c3ccc(N4C(=O)c5ccc(Oc6cccc7c(Oc8ccc9c(c8)C(=O)N(*)C9=O)cccc67)cc5C4=O)cc3)cc2)cc1,tg,253.0,243.26186556569021
*c1ccc(C(C)(C)c2ccc(N3C(=O)c4ccc(Oc5ccc(Oc6ccc7c(c6)C(=O)N(*)C7=O)cc5)cc4C3=O)cc2)cc1,tg,264.0,257.9568447355926
*c1ccc(C(C)(C)c2ccc(N3C(=O)c4ccc(Oc5ccc6c(c5)C(=O)N(*)C6=O)cc4C3=O)cc2)cc1,tg,265.0,269.2749926562307
*c1ccc(C(C)(C)c2ccc(N3C(=O)c4ccc(Oc5cccc6c(Oc7ccc8c(c7)C(=O)N(*)C8=O)cccc56)cc4C3=O)cc2)cc1,tg,265.0,266.27121014281335
*c1ccc(C(F)(F)C(*)(F)F)cc1,tg,76.95,70.25219691560949
*c1ccc(C(c2ccc(-c3cc(-c4ccccc4)c4cc(Oc5ccc6nc(*)cc(-c7ccccc7)c6c5)ccc4n3)cc2)(C(F)(F)F)C(F)(F)F)cc1,tg,260.0,288.00856620632953
*c1ccc(C(c2ccc(-c3nc4ccc(-c5ccc6nc(*)[nH]c6c5)cc4[nH]3)cc2)(C(F)(F)F)C(F)(F)F)cc1,tg,269.0,330.4246213213315
*c1ccc(C(c2ccc(-c3nc4ccc(-c5ccc6nc(*)oc6c5)cc4o3)cc2)(C(F)(F)F)C(F)(F)F)cc1,tg,345.0,287.1192904115647
*c1ccc(C(c2ccc(C#N)cc2)c2ccc(N(*)c3ccc(C)cc3)cc2)cc1,tg,230.0,222.65765739855982
*c1ccc(C(c2ccc(C(=O)OC)cc2)c2ccc(N(*)c3ccc(C)cc3)cc2)cc1,tg,222.0,195.66861564728282
*c1ccc(C(c2ccc(N(*)c3ccc(C)cc3)cc2)c2ccc([N+](=O)[O-])cc2)cc1,tg,215.0,215.84684400240863
*c1ccc(C(c2ccc(N3C(=O)c4cc(-c5ccc(C(C)(C)C)cc5)c(-c5cc6c(cc5-c5ccc(C(C)(C)C)cc5)C(=O)N(*)C6=O)cc4C3=O)cc2)(C(F)(F)F)C(F)(F)F)cc1,tg,381.0,365.167168456612
*c1ccc(C(c2ccc(N3C(=O)c4cc5c(cc4C3=O)C(C(F)(F)F)(C(F)(F)F)c3cc4c(cc3O5)C(=O)N(*)C4=O)cc2)(C(F)(F)F)C(F)(F)F)cc1,tg,430.0,334.80978083973463
*c1ccc(C(c2ccc(N3C(=O)c4ccc(-c5ccc6c(c5)C(=O)N(*)C6=O)cc4C3=O)cc2)(C(F)(F)F)C(F)(F)F)cc1,tg,333.67,306.6073543908714
*c1ccc(C(c2ccc(N3C(=O)c4ccc(Oc5ccc6c(c5)C(=O)N(*)C6=O)cc4C3=O)cc2)(C(F)(F)F)C(F)(F)F)cc1,tg,305.0,292.4673192510328
*c1ccc(C(c2ccc(N3C(=O)c4ccc(Oc5ccc6cc(Oc7ccc8c(c7)C(=O)N(*)C8=O)ccc6c5)cc4C3=O)cc2)(C(F)(F)F)C(F)(F)F)cc1,tg,218.0,257.4598100662108
*c1ccc(C(c2ccc(N3C(=O)c4ccc(Oc5ccc6ccc(Oc7ccc8c(c7)C(=O)N(*)C8=O)cc6c5)cc4C3=O)cc2)(C(F)(F)F)C(F)(F)F)cc1,tg,256.0,242.5810945991976
*c1ccc(C(c2ccc(OCCCC)cc2)c2ccc(N(*)c3ccc(C)cc3)cc2)cc1,tg,170.0,160.48557525739767
*c1ccc(C(c2ccccc2)(c2ccc(-c3nc4ccc(-c5ccc6nc(*)oc6c5)cc4o3)cc2)C(F)(F)F)cc1,tg,350.0,310.4929624865587
*c1ccc(C(c2ccccc2)c2ccc(N(*)c3ccc(C)cc3)cc2)cc1,tg,199.0,196.6080039470889
*c1ccc(C(c2ccccc2)c2ccc(N(c3ccc(C)cc3)c3ccc(-c4ccc(N(*)c5ccc(C)cc5)cc4)cc3)cc2)cc1,tg,239.0,221.8319673593191
*c1ccc(C(c2ccccc2)c2ccc(N3C(=O)c4ccc(Oc5ccc6c(c5)C(=O)N(*)C6=O)cc4C3=O)cc2)cc1,tg,269.0,266.39704367947195
*c1ccc(C(c2ccccc2)c2ccc(N3C(=O)c4ccc(S(=O)(=O)c5ccc6c(c5)C(=O)N(*)C6=O)cc4C3=O)cc2)cc1,tg,305.0,305.71213004021774
*c1ccc(C)c(N2C(=O)c3ccc(-c4ccc5c(c4)C(=O)N(*)C5=O)cc3C2=O)c1,tg,341.33,364.38108694014943
*c1ccc(C2(c3ccc(-c4cc(-c5ccccc5)c5cc(-c6ccc7nc(*)cc(-c8ccccc8)c7c6)ccc5n4)cc3)c3ccccc3C(=O)c3ccccc32)cc1,tg,417.0,363.16518106688596
*c1ccc(C2(c3ccc(-c4cc(-c5ccccc5)c5cc(C6(c7ccc8nc(*)cc(-c9ccccc9)c8c7)c7ccccc7-c7ccccc76)ccc5n4)cc3)c3ccccc3C(=O)c3ccccc32)cc1,tg,385.0,402.45646464595166
*c1ccc(C2(c3ccc(-c4cc(-c5ccccc5)c5cc(C6(c7ccc8nc(*)cc(-c9ccccc9)c8c7)c7ccccc7C(=O)c7ccccc76)ccc5n4)cc3)c3ccccc3-c3ccccc32)cc1,tg,405.0,379.3675757118339
*c1ccc(C2(c3ccc(N4C(=O)C(c5ccccc5)=C(c5ccc(C6=C(c7ccccc7)C(=O)N(*)C6=O)cc5)C4=O)cc3)c3ccccc3-c3ccccc32)cc1,tg,325.67,327.4958078553745
*c1ccc(C=C(C#N)c2cc(OCCCCCCCC)c(C(C#N)=Cc3ccc(N(*)c4ccccc4)cc3)cc2OCCCCCCCC)cc1,tg,78.0,144.90062946492353
*c1ccc(C=C(c2ccc(OC)cc2)c2ccc(C(=Cc3ccc(N(*)c4ccccc4)cc3)c3ccc(OC)cc3)cc2)cc1,tg,197.0,181.95420939206505
*c1ccc(C=Cc2cc(OCC(CC)CCCC)c(C=Cc3ccc(N(*)c4ccccc4)cc3)cc2OC)cc1,tg,147.0,141.8465590045167
*c1ccc(C=Nc2ccc(C(c3ccccc3)c3ccc(N=Cc4ccc(-c5ccc(*)s5)cc4)cc3)cc2)cc1,tg,129.0,174.21436104067106
*c1ccc(C=Nc2cccc(N=Cc3ccc(-c4ccc(*)s4)cc3)c2)cc1,tg,150.0,167.206234358777
*c1ccc(CC(=O)Nc2ccc(-c3ccc(NC(=O)Cc4ccc(-c5sc(*)c(-c6ccccc6)c5-c5ccccc5)cc4)cc3)cc2)cc1,tg,272.0,244.60534495111403
*c1ccc(CC(=O)Nc2ccc(Cc3ccc(NC(=O)Cc4ccc(-c5sc(*)c(-c6ccccc6)c5-c5ccccc5)cc4)cc3)cc2)cc1,tg,227.0,246.85394866316315
*c1ccc(CC(=O)Nc2ccc(NC(=O)Cc3ccc(-c4sc(*)c(-c5ccccc5)c4-c4ccccc4)cc3)cc2)cc1,tg,251.0,227.72881221925337
*c1ccc(CC(=O)Nc2ccc(S(=O)(=O)c3ccc(NC(=O)Cc4ccc(-c5sc(*)c(-c6ccccc6)c5-c5ccccc5)cc4)cc3)cc2)cc1,tg,252.0,248.17304803976054
*c1ccc(CC(=O)Nc2cccc(NC(=O)Cc3ccc(-c4sc(*)c(-c5ccccc5)c4-c4ccccc4)cc3)c2)cc1,tg,228.0,233.73251997248875
*c1ccc(CCc2ccc(N3C(=O)C(=O)N(*)C3=O)cc2)cc1,tg,197.0,228.6364177014341
*c1ccc(CCc2ccc(N3C(=O)C(=O)N(c4ccc(CCc5ccccc5N5C(=O)C(=O)N(*)C5=O)cc4)C3=O)cc2)cc1,tg,220.0,199.17261126719396
*c1ccc(Cc2ccc(N3C(=O)C(C)C(SCCOCCSC4C(=O)N(c5ccc(Cc6ccc(N7C(=O)CC(C)(SCCOCCSC8(C)CC(=O)N(*)C8=O)C7=O)cc6)cc5)C(=O)C4C)C3=O)cc2)cc1,tg,105.0,146.71827192045984
*c1ccc(Cc2ccc(N3C(=O)C(Cl)=C(Oc4ccc(C(C)(C)c5ccc(OC6=C(Cl)C(=O)N(*)C6=O)cc5)cc4)C3=O)cc2)cc1,tg,172.0,189.57957081601492
*c1ccc(Cc2ccc(N3C(=O)C4CCC(C5CCC6C(=O)N(*)C(=O)C6C5)CC4C3=O)cc2)cc1,tg,260.0,265.51474694732383
*c1ccc(Cc2ccc(N3C(=O)C4CCC5C(=O)N(*)C(=O)C5C4C3=O)c(C)c2)cc1C,tg,340.0,304.1887945971584
*c1ccc(Cc2ccc(N3C(=O)CC(Nc4ccc(Cc5ccc(NC6CC(=O)N(*)C6=O)cc5)cc4)C3=O)cc2)cc1,tg,239.0,242.93910463667635
*c1ccc(Cc2ccc(N3C(=O)CC(Nc4ccc(N(c5ccc(NC6CC(=O)N(*)C6=O)cc5)c5ccc([N+](=O)[O-])cc5)cc4)C3=O)cc2)cc1,tg,276.0,271.52202632708384
*c1ccc(Cc2ccc(N3C(=O)CC(Nc4ccc(N(c5ccc(Nc6ccc([N+](=O)[O-])cc6)cc5)c5ccc(NC6CC(=O)N(*)C6=O)cc5)cc4)C3=O)cc2)cc1,tg,324.0,251.03728220889775
*c1ccc(Cc2ccc(N3C(=O)c4c(c(-c5ccccc5)c(-c5ccc(Oc6ccc(-c7c(-c8ccccc8)c8c(c(-c9ccccc9)c7-c7ccccc7)C(=O)N(*)C8=O)cc6)cc5)c(-c5ccccc5)c4-c4ccccc4)C3=O)cc2)cc1,tg,356.0,368.8473455206818
*c1ccc(Cc2ccc(N3C(=O)c4cc(-c5ccc(C(C)(C)C)cc5)c(-c5cc6c(cc5-c5ccc(C(C)(C)C)cc5)C(=O)N(*)C6=O)cc4C3=O)cc2)cc1,tg,360.0,361.4152925841435
*c1ccc(Cc2ccc(N3C(=O)c4cc(-c5ccc([Si](C)(C)C)cc5)c(-c5cc6c(cc5-c5ccc([Si](C)(C)C)cc5)C(=O)N(*)C6=O)cc4C3=O)cc2)cc1,tg,348.0,302.96661071318664
*c1ccc(Cc2ccc(N3C(=O)c4ccc(-c5ccc(-c6ccc(-c7ccc(-c8ccc(-c9ccc%10c(c9)C(=O)N(*)C%10=O)cc8)cc7)cc6)cc5)cc4C3=O)cc2)cc1,tg,244.0,264.1045507590805
*c1ccc(Cc2ccc(N3C(=O)c4ccc(-c5ccc6c(c5)C(=O)N(*)C6=O)cc4C3=O)c(C(C)(C)C)c2)cc1C(C)(C)C,tg,324.0,303.06394986407196
*c1ccc(Cc2ccc(N3C(=O)c4ccc(-c5ccc6c(c5)C(=O)N(*)C6=O)cc4C3=O)cc2)cc1,tg,298.0,304.2104404259603
*c1ccc(Cc2ccc(N3C(=O)c4ccc(Oc5ccc(C6(c7ccc(Oc8ccc9c(c8)C(=O)N(*)C9=O)cc7)CCC(c7ccccc7)CC6)cc5)cc4C3=O)cc2)cc1,tg,232.0,241.6489836669022
*c1ccc(Cc2ccc(N3C(=O)c4ccc(Oc5ccc(C6(c7ccc(Oc8ccc9c(c8)C(=O)N(*)C9=O)cc7)CCCCCCCCCCC6)cc5)cc4C3=O)cc2)cc1,tg,240.0,248.96600484734662
*c1ccc(Cc2ccc(N3C(=O)c4ccc(Oc5ccc(Oc6ccc7c(c6)C(=O)N(*)C7=O)cc5)cc4C3=O)c(C)c2)cc1C,tg,268.0,267.5449677050953
*c1ccc(Cc2ccc(N3C(=O)c4ccc(Oc5ccc(Oc6ccc7c(c6)C(=O)N(*)C7=O)cc5)cc4C3=O)c(C)c2C)c(C)c1C,tg,277.0,280.91517463942097
*c1ccc(Cc2ccc(N3C(=O)c4ccc(Oc5ccc(Oc6ccc7c(c6)C(=O)N(*)C7=O)cc5)cc4C3=O)c(OC)c2)cc1OC,tg,269.0,235.971137565245
*c1ccc(Cc2ccc(N3C(=O)c4ccc(Oc5ccc(Oc6ccc7c(c6)C(=O)N(*)C7=O)cc5)cc4C3=O)cc2)cc1,tg,257.33,249.66539134375014
*c1ccc(Cc2ccc(N3C(=O)c4ccc(Oc5ccc6c(c5)C(=O)N(*)C6=O)cc4C3=O)cc2)cc1,tg,265.33,273.19416313996186
*c1ccc(Cc2ccc(N3C(=O)c4ccc(Sc5ccc6c(c5)C(=O)N(*)C6=O)cc4C3=O)c(C(C)(C)C)c2)cc1C(C)(C)C,tg,300.5,291.60096097857496
*c1ccc(Cc2ccc(N3C(=O)c4ccc([Si](C)(C)c5ccc6c(c5)C(=O)N(*)C6=O)cc4C3=O)cc2)cc1,tg,280.0,282.36809308622475
*c1ccc(Cc2ccc(NC(=O)c3ccc(Oc4ccc5c(c4)C(=O)N(*)C5=O)cc3)cc2)cc1,tg,250.0,227.02650734348165
*c1ccc(N(c2ccc(C#N)cc2)c2ccc(N3C(=O)c4ccc(Oc5ccc(C(C)(C)c6ccc(C(C)(C)c7ccc(Oc8ccc9c(c8)C(=O)N(*)C9=O)cc7)cc6)cc5)cc4C3=O)cc2)cc1,tg,224.0,233.2429481500798
*c1ccc(N(c2ccc(C#N)cc2)c2ccc(N3C(=O)c4ccc(Oc5ccc(C(C)(C)c6ccc(Oc7ccc8c(c7)C(=O)N(*)C8=O)cc6)cc5)cc4C3=O)cc2)cc1,tg,230.0,233.7703277418211
*c1ccc(N(c2ccc(C#N)cc2)c2ccc(N3C(=O)c4ccc(Oc5ccc(C6(c7ccc(Oc8ccc9c(c8)C(=O)N(*)C9=O)cc7)CCCCC6)cc5)cc4C3=O)cc2)cc1,tg,243.0,249.3507499693136
*c1ccc(N(c2ccc(C#N)cc2)c2ccc(N3C(=O)c4ccc(Oc5ccc(C6(c7ccc(Oc8ccc9c(c8)C(=O)N(*)C9=O)cc7)c7ccccc7-c7ccccc76)cc5)cc4C3=O)cc2)cc1,tg,279.0,273.6084615438316
*c1ccc(N(c2ccc(C#N)cc2)c2ccc(N3C(=O)c4ccc(Oc5ccc6c(c5)C(=O)N(*)C6=O)cc4C3=O)cc2)cc1,tg,304.0,273.6091405671033
*c1ccc(N(c2ccc(C#N)cc2)c2ccc(N3C(=O)c4ccc(S(=O)(=O)c5ccc6c(c5)C(=O)N(*)C6=O)cc4C3=O)cc2)cc1,tg,325.0,324.47692664321437
*c1ccc(N(c2ccc(OC)cc2)c2ccc(N3C(=O)c4ccc(S(=O)(=O)c5ccc6c(c5)C(=O)N(*)C6=O)cc4C3=O)cc2)cc1,tg,304.0,279.4675436523339
*c1ccc(N(c2ccccc2)c2ccc(N3C(=O)c4ccc(S(=O)(=O)c5ccc6c(c5)C(=O)N(*)C6=O)cc4C3=O)cc2)cc1,tg,306.0,305.40115198757894
*c1ccc(N2C(=O)CC(C3C=C(C)C4C(=O)N(*)C(=O)C4C3)C2=O)cc1,tg,327.0,268.5173872598398
*c1ccc(N2C(=O)c3ccc(-c4ccc5c(c4)C(=O)N(*)C5=O)cc3C2=O)cc1,tg,372.08,351.92960176659204
*c1ccc(N2C(=O)c3ccc(-c4ccc5c(c4)C(=O)N(c4ccc6[nH]c(*)nc6c4)C5=O)cc3C2=O)cc1,tg,425.0,336.8949530887753
*c1ccc(N2C(=O)c3ccc(-c4cccc5c4C(=O)N(*)C5=O)cc3C2=O)cc1,tg,407.6,368.9836464837705
*c1ccc(N2C(=O)c3ccc(C(=O)c4ccc5c(c4)C(=O)N(c4ccc(-c6nc7cc(S(=O)(=O)c8ccc9nc(-c%10ccccc%10)c(*)nc9c8)ccc7nc6-c6ccccc6)cc4)C5=O)cc3C2=O)cc1,tg,240.0,289.15060113153777
*c1ccc(N2C(=O)c3ccc(C(c4ccc5c(c4)C(=O)N(c4ccc(N6C(=O)c7ccc(-c8ccc9c(c8)C(=O)N(*)C9=O)cc7C6=O)cc4)C5=O)(C(F)(F)F)C(F)(F)F)cc3C2=O)cc1,tg,342.0,302.5412405773465
*c1ccc(N2C(=O)c3ccc(Oc4ccc5c(c4)C(=O)N(*)C5=O)cc3C2=O)cc1,tg,363.0,320.97787112116805
*c1ccc(N2C(=O)c3ccc(P(=O)(c4ccccc4)c4ccc5c(c4)C(=O)N(*)C5=O)cc3C2=O)cc1,tg,366.0,331.32390487916
*c1ccc(NC(=O)CCCCC(=O)Nc2ccc(S(*)(=O)=O)cc2)cc1,tg,194.0,160.76554352501427
*c1ccc(NC(=O)CCCCCC(=O)Nc2ccc(S(*)(=O)=O)cc2)cc1,tg,163.0,165.0602968406004
*c1ccc(NC(=O)CCCCCCCCC(=O)Nc2ccc(S(*)(=O)=O)cc2)cc1,tg,97.0,155.7525013370042
*c1ccc(NC(=O)CCCCCCCCCCC(=O)Nc2ccc(S(*)(=O)=O)cc2)cc1,tg,160.0,139.00922142841887
*c1ccc(NC(=O)Nc2ccc(NC(=O)Nc3ccc(-c4nc(-c5ccc(-c6nc(-c7ccc([N+](=O)[O-])cc7)c(-c7ccc([N+](=O)[O-])cc7)[nH]6)cc5)[nH]c4*)cc3)cc2)cc1,tg,272.0,269.3521439206064
*c1ccc(NC(=O)Nc2ccc(NC(=O)Nc3ccc(-c4nc(-c5ccc([N+](=O)[O-])cc5)[nH]c4*)cc3)cc2)cc1,tg,292.0,264.2652991946694
*c1ccc(NC(=O)c2cc(C(=O)Nc3ccc(-c4nnc(*)o4)cc3)cc(N3C(=O)c4ccccc4C3=O)c2)cc1,tg,327.0,274.1579235960229
*c1ccc(NC(=O)c2cc(NC(=O)c3ccc(NC(=O)C(C)N4C(=O)c5ccccc5C4=O)cc3)cc(C(=O)Nc3ccc(S(*)(=O)=O)cc3)c2)cc1,tg,208.0,228.00688286680096
*c1ccc(NC(=O)c2cc(NC(=O)c3ccc(OC(C)=O)cc3)cc(C(=O)Nc3ccc(-c4nnc(*)o4)cc3)c2)cc1,tg,280.0,272.73638390203337
*c1ccc(NC(=O)c2ccc(C(=O)Nc3ccc(-c4nnc(*)o4)cc3)c(Oc3ccccc3)c2)cc1,tg,272.0,250.1375735724056
*c1ccc(NC(=O)c2ccc(NC(=O)c3ccc([Si](C)(C)c4ccc(C(=O)Nc5ccc(C(=O)Nc6ccc(-c7sc(*)c(-c8ccccc8)c7-c7ccccc7)cc6)cc5)cc4)cc3)cc2)cc1,tg,337.0,247.67792177723214
*c1ccc(NC(=O)c2ccc(NC(=O)c3ccc([Si](C)(C)c4ccc(C(=O)Nc5ccc(C(=O)Nc6ccc(S(*)(=O)=O)cc6)cc5)cc4)cc3)cc2)cc1,tg,315.0,281.19865049647876
*c1ccc(NC(=O)c2ccc(OCCOCCOCCOCCOCCOc3ccc(C(=O)Nc4ccc5[nH]c(*)nc5c4)cc3)cc2)cc1,tg,125.0,138.40589402157764
*c1ccc(NC(=O)c2ccc(OCCOCCOCCOCCOc3ccc(C(=O)Nc4ccc5[nH]c(*)nc5c4)cc3)cc2)cc1,tg,140.0,136.98328154356906
*c1ccc(NC(=O)c2ccc(OCCOCCOCCOc3ccc(C(=O)Nc4ccc5[nH]c(*)nc5c4)cc3)cc2)cc1,tg,155.0,159.6334109417489
*c1ccc(NC(=O)c2ccc(OCCOCCOc3ccc(C(=O)Nc4ccc5[nH]c(*)nc5c4)cc3)cc2)cc1,tg,175.0,181.20873136144354
*c1ccc(NC(=O)c2ccc(OCCOc3ccc(C(=O)Nc4ccc5[nH]c(*)nc5c4)cc3)cc2)cc1,tg,225.0,222.6986029824143
*c1ccc(NC(=O)c2cccc(C(=O)Nc3ccc(S(*)(=O)=O)cc3)c2)cc1,tg,78.0,281.49522785351866
*c1ccc(NC2CC(=O)N(c3ccc(-c4sc(-c5ccc(N6C(=O)CC(Nc7ccc(-c8nc(-c9ccc(-c%10nc(-c%11ccc([N+](=O)[O-])cc%11)c(-c%11ccc([N+](=O)[O-])cc%11)[nH]%10)cc9)[nH]c8*)cc7)C6=O)cc5)c(-c5ccccc5)c4-c4ccccc4)cc3)C2=O)cc1,tg,152.0,275.41815162458306
*c1ccc(NC2CC(=O)N(c3ccc(-c4sc(-c5ccc(N6C(=O)CC(Nc7ccc(-c8nc(C#N)c(C#N)nc8*)cc7)C6=O)cc5)c(-c5ccccc5)c4-c4ccccc4)cc3)C2=O)cc1,tg,231.0,249.57688883935626
*c1ccc(NC2CC(=O)N(c3ccc(Cc4ccc(N5C(=O)CC(Nc6ccc(-c7nc(-c8ccc(C=Cc9ccc([N+](=O)[O-])cc9)cc8)[nH]c7*)cc6)C5=O)cc4)cc3)C2=O)cc1,tg,250.0,253.50103648111
*c1ccc(NC2CC(=O)N(c3ccc(Cc4ccc(N5C(=O)CC(Nc6ccc(-c7nc(-c8ccc(N=Nc9ccc([N+](=O)[O-])cc9)cc8)[nH]c7*)cc6)C5=O)cc4)cc3)C2=O)cc1,tg,258.0,244.48523779358428
*c1ccc(NC=Nc2ccc(S(*)(=O)=O)cc2)cc1,tg,163.0,153.3585216295736
*c1ccc(Nc2c(F)c(F)c(-c3c(F)c(F)c(Nc4ccc(S(*)(=O)=O)cc4)c(F)c3F)c(F)c2F)cc1,tg,332.0,246.3985232965655
*c1ccc(Nc2ccc(C(c3ccc(Nc4ccc(S(*)(=O)=O)cc4)cc3)(C(F)(F)F)C(F)(F)F)cc2)cc1,tg,145.0,218.38986576865446
*c1ccc(Nc2ccc(C3(c4ccc(Nc5ccc(S(*)(=O)=O)cc5)c(C)c4)c4ccccc4-c4ccccc43)cc2C)cc1,tg,269.0,204.6058672203347
*c1ccc(Nc2ccc(C3(c4ccc(Nc5ccc(S(*)(=O)=O)cc5)c(F)c4)c4ccccc4-c4ccccc43)cc2F)cc1,tg,145.0,249.91841723189825
*c1ccc(Nc2ccc(C3(c4ccc(Nc5ccc(S(*)(=O)=O)cc5)cc4)c4ccccc4-c4ccccc43)cc2)cc1,tg,221.0,243.79034065313576
*c1ccc(Nc2cccc(Nc3ccc(S(*)(=O)=O)cc3)c2)cc1,tg,145.0,183.93896497042792
*c1ccc(O)c(N2C(=O)c3ccc(Oc4ccc(C(C)(C)c5ccc(Oc6ccc7c(c6)C(=O)N(*)C7=O)cc5)cc4)cc3C2=O)c1,tg,246.0,242.5457841264881
*c1ccc(OC(=O)Nc2ccc(-c3ccc(NC(=O)Oc4ccc(-c5nc(-c6ccc(-c7nc(-c8ccc([N+](=O)[O-])cc8)c(-c8ccc([N+](=O)[O-])cc8)[nH]7)cc6)[nH]c5*)cc4)cc3OC)c(OC)c2)cc1,tg,223.0,243.0647199712174
*c1ccc(OC(=O)Oc2ccc(C3(*)OC(=O)c4ccccc43)cc2)cc1,tg,252.5,261.1260792761994
*c1ccc(OC(=O)c2cc(Cl)cc(C(=O)Oc3ccc(C4(*)OC(=O)c5ccccc54)cc3)c2)cc1,tg,313.0,272.9924676089737
*c1ccc(OC(=O)c2ccc(C(=O)Oc3ccc(C4(*)NC(=O)c5ccccc54)cc3)cc2)cc1,tg,327.0,302.9423033293274
*c1ccc(OC(=O)c2ccc(C(=O)Oc3ccc(C4(*)OC(=O)c5ccccc54)cc3)cc2)cc1,tg,279.0,318.4909067712642
*c1ccc(OC(=O)c2ccc(C(=O)Oc3ccc(C4(*)OCc5ccccc54)cc3)cc2)cc1,tg,312.0,258.7492730980199
*c1ccc(OC(=O)c2ccc(C(=O)Oc3ccc(C4(*)c5ccccc5Oc5ccccc54)cc3)cc2)cc1,tg,252.0,282.8012374094494
*c1ccc(OC(=O)c2ccc([Si](C)(C)c3ccc(C(=O)Oc4ccc(C5(*)c6ccccc6C(=O)N5c5ccccc5)cc4)cc3)cc2)cc1,tg,255.0,250.79167923672316
*c1ccc(OC(=O)c2ccc([Si](c3ccccc3)(c3ccccc3)c3ccc(C(=O)Oc4ccc(C5(*)OC(=O)c6ccccc65)cc4)cc3)cc2)cc1,tg,250.0,249.26627351954613
*c1ccc(OC(=O)c2cccc(C(=O)Oc3ccc(-c4nc5ccccc5nc4*)cc3)c2)cc1,tg,245.0,267.6144721952399
*c1ccc(OC(=O)c2cccc(C(=O)Oc3ccc(C4(*)NC(=O)c5ccccc54)cc3)c2)cc1,tg,325.0,289.3057304159076
*c1ccc(OC(=O)c2cccc(C(=O)Oc3ccc(C4(*)OC(=O)c5ccccc54)cc3C)c2)c(C)c1,tg,273.0,277.2603363187758
*c1ccc(OCCCCCCCCCCCCCCCC)c(N2C(=O)CC(C3C=C(C)C4C(=O)N(*)C(=O)C4C3)C2=O)c1,tg,186.0,128.20705284426992
*c1ccc(OCCCCCCCCCCCOC(=O)CCCCCCCCC(=O)OCCCCCCCCCCCOc2ccc(-c3nnc(*)s3)cc2)cc1,tg,52.0,30.44945183187722
*c1ccc(OCCCCCCCCCCCOC(=O)c2ccc(C(=O)OCCCCCCCCCCCOc3ccc(-c4nnc(*)s4)cc3)cc2)cc1,tg,49.5,47.56904378246021
*c1ccc(OCCCCCCCCCCCOC(=O)c2ccc(C(=O)OCCCCCCCCCCCOc3cccc(-c4nnc(*)s4)c3)cc2)cc1,tg,49.5,37.20288611144118
*c1ccc(OCCCCCCCCCCCOC(=O)c2cccc(C(=O)OCCCCCCCCCCCOc3ccc(-c4nnc(*)s4)cc3)c2)cc1,tg,53.5,43.085701325818
*c1ccc(OCCCCCCCCCCCOc2ccc(-c3ccc4nc(-c5cccc(-c6cc(-c7ccccc7)c7cc(*)ccc7n6)c5)cc(-c5ccccc5)c4c3)cc2)cc1,tg,133.5,127.55288625531871
*c1ccc(OCCCCCCCCCCOc2ccc(N3C(=O)c4ccc(-c5ccc6c(c5)C(=O)N(*)C6=O)cc4C3=O)cc2)cc1,tg,153.0,128.11933280440337
*c1ccc(OCCCCCCN(CC)c2ccc(C(C#N)=C(C#N)C#N)cc2)c(-c2cc(-c3ccccc3)c3cc(Oc4ccc5nc(*)cc(-c6ccccc6)c5c4)ccc3n2)c1,tg,175.0,177.07916889784696
*c1ccc(OCCCCCOc2ccc(N3C(=O)c4ccc(-c5cccc6c5C(=O)N(*)C6=O)cc4C3=O)cc2)cc1,tg,208.0,173.57409798455282
*c1ccc(OCCCCOc2ccc(-c3nc4ccc(-c5ccc6nc(*)c(-c7ccccc7)nc6c5)cc4nc3-c3ccccc3)cc2)cc1,tg,219.0,174.80541231156988
*c1ccc(OCCCOc2ccc(N3C(=O)c4ccc(-c5cccc6c5C(=O)N(*)C6=O)cc4C3=O)cc2)cc1,tg,237.5,227.0414863059938
*c1ccc(OCCN(C)c2ccc(C=CC3=CC(=C4C(=O)c5ccccc5C4=C(C#N)C#N)C=C(C=Cc4ccc(N(C)CCOc5ccc(-c6nc7ccc(Oc8ccc9nc(*)c(-c%10ccccc%10)nc9c8)cc7nc6-c6ccccc6)cc5)cc4)O3)cc2)cc1,tg,260.0,213.19394424119744
*c1ccc(OCCN(CC)c2ccc(-c3ccc(C(=C(C#N)C#N)c4ccc(-c5ccc(N(CC)CC)cc5)s4)s3)cc2)c(-c2cc(-c3ccccc3)c3cc(Oc4ccc5nc(*)cc(-c6ccccc6)c5c4)ccc3n2)c1,tg,205.0,181.9382469203531
*c1ccc(OCCN(CC)c2ccc(C(C#N)=C(C#N)C#N)cc2)c(-c2cc(-c3ccccc3)c3cc(Oc4ccc5nc(*)cc(-c6ccccc6)c5c4)ccc3n2)c1,tg,200.0,236.3754053423258
*c1ccc(OCCN(CCOc2ccc(-c3nc4ccc(Oc5ccc6nc(*)c(-c7ccccc7)nc6c5)cc4nc3-c3ccccc3)cc2)c2ccc(N=Nc3ccc([N+](=O)[O-])cc3)cc2)cc1,tg,199.0,186.11626055055152
*c1ccc(OCCN(CCOc2ccc(-c3nc4ccc(Oc5ccc6nc(*)c(-c7ccccc7)nc6c5)cc4nc3-c3ccccc3)cc2)c2ccc(N=Nc3ccc([N+](=O)[O-])cc3C)cc2)cc1,tg,188.0,198.23901535846937
*c1ccc(OCCOCCOc2cccc(N3C(=O)c4ccc(Oc5ccc6c(c5)C(=O)N(*)C6=O)cc4C3=O)c2)cc1,tg,146.5,170.4414258554336
*c1ccc(OCCOc2ccc(C=Cc3ccc([N+](=O)[O-])cc3)c(OCCOc3ccc(-c4nc5ccc(Oc6ccc7nc(*)c(-c8ccccc8)nc7c6)cc5nc4-c4ccccc4)cc3)c2)cc1,tg,187.0,203.8732841852172
*c1ccc(Oc2c(C)cc(-c3cc(C)c(Oc4ccc(N5C(=O)c6ccc(Oc7ccccc7Oc7ccc8c(c7)C(=O)N(*)C8=O)cc6C5=O)cc4C(F)(F)F)c(C)c3)cc2C)c(C(F)(F)F)c1,tg,270.0,265.4078101124798
*c1ccc(Oc2c(C)cc(C(c3cc(C)c(Oc4ccc(N5C(=O)c6ccc(-c7ccc8c(c7)C(=O)N(*)C8=O)cc6C5=O)cc4)c(C)c3)c3cccc4ccccc34)cc2C)cc1,tg,289.5,272.0129155045166
*c1ccc(Oc2c(C)cc(C(c3cccnc3)c3cc(C)c(Oc4ccc(N5C(=O)CC(Nc6ccc(NC7CC(=O)N(*)C7=O)cc6)C5=O)cc4)c(C)c3)cc2C)cc1,tg,229.0,243.70524006625502
*c1ccc(Oc2c(C)cc(C(c3cccnc3)c3cc(C)c(Oc4ccc(N5C(=O)CC(Nc6cccc(NC7CC(=O)N(*)C7=O)c6)C5=O)cc4)c(C)c3)cc2C)cc1,tg,217.0,215.06936991219587
*c1ccc(Oc2c(F)c(F)c(C(=O)c3c(F)c(F)c(Oc4ccc(C5(*)OC(=O)c6ccccc65)cc4)c(F)c3F)c(F)c2F)cc1,tg,215.0,251.77792365909607
*c1ccc(Oc2cc(C(C)(C)C)ccc2Oc2ccc(N3C(=O)c4ccc(-c5ccc6c(c5)C(=O)N(*)C6=O)cc4C3=O)cc2)cc1,tg,257.0,272.0954373308461
*c1ccc(Oc2cc3ccccc3cc2Oc2ccc(N3C(=O)c4ccc(Oc5cc6ccccc6cc5Oc5ccc6c(c5)C(=O)N(*)C6=O)cc4C3=O)cc2)cc1,tg,222.0,234.51560316929522
*c1ccc(Oc2cc3ccccc3cc2Oc2ccc(N3C(=O)c4ccc(Oc5ccc6c(c5)C(=O)N(*)C6=O)cc4C3=O)cc2)cc1,tg,254.17,234.6932307427248
*c1ccc(Oc2cc3ccccc3cc2Oc2ccc(N3C(=O)c4ccc(Oc5ccccc5Oc5ccc6c(c5)C(=O)N(*)C6=O)cc4C3=O)cc2)cc1,tg,216.0,204.83016996046172
*c1ccc(Oc2cc3ccccc3cc2Oc2ccc(N3C(=O)c4ccc(S(=O)(=O)c5ccc6c(c5)C(=O)N(*)C6=O)cc4C3=O)cc2)cc1,tg,275.0,276.154618198293
*c1ccc(Oc2ccc(-c3c(-c4ccccc4)c(-c4ccc(-c5nc6ccccc6c(*)c5-c5ccccc5)cc4)nc4ccccc34)cc2)cc1,tg,273.0,313.3002076834443
*c1ccc(Oc2ccc(-c3c(-c4ccccc4)c4c(c(-c5ccccc5)c3-c3ccccc3)C(=O)N(c3cccc(N5C(=O)c6c(c(-c7ccccc7)c(-c7ccccc7)c(*)c6-c6ccccc6)C5=O)c3)C4=O)cc2)cc1,tg,357.0,363.01854015920026
*c1ccc(Oc2ccc(-c3c(-c4ccccc4)nc4ccc(Oc5ccc6nc(-c7ccccc7)c(*)c(-c7ccccc7)c6c5)cc4c3-c3ccccc3)cc2)cc1,tg,252.5,309.49237261818746
*c1ccc(Oc2ccc(-c3cc(-c4ccc(Oc5ccc(-c6cc(*)nc7ccccc67)cc5)cc4)c4ccccc4n3)cc2)cc1,tg,275.67,272.6253080138815
*c1ccc(Oc2ccc(-c3cc(-c4cccc(-c5cc(*)c6ccccc6n5)c4)nc4ccccc34)cc2)cc1,tg,268.0,296.89711543976046
*c1ccc(Oc2ccc(-c3cc(-c4ccccc4)c4cc(-c5ccc6nc(*)cc(-c7ccccc7)c6c5)ccc4n3)cc2)cc1,tg,286.67,345.666285565893
*c1ccc(Oc2ccc(-c3cc(-c4ccccc4)c4cc(C5(c6ccc7nc(*)cc(-c8ccccc8)c7c6)c6ccccc6-c6ccccc65)ccc4n3)cc2)cc1,tg,315.0,317.4759327355313
*c1ccc(Oc2ccc(-c3cc(-c4ccccc4)c4cc5nc(*)cc(-c6ccccc6)c5cc4n3)cc2)cc1,tg,365.0,310.985202579288
*c1ccc(Oc2ccc(-c3cc(OCCCCCC)c(-c4ccc(Oc5ccc(-c6nnc(*)o6)cc5)cc4)cc3OCCCCCC)cc2)cc1,tg,103.0,132.89980082499218
*c1ccc(Oc2ccc(-c3ccc(-c4ccc(-c5ccc(Oc6ccc(-c7c8c(c(*)c9ccccc79)C(=O)N(c7ccccc7)C8=O)cc6)c(C(F)(F)F)c5)cc4)cc3)cc2C(F)(F)F)cc1,tg,334.0,275.99961044042783
*c1ccc(Oc2ccc(-c3ccc(Oc4ccc(-c5nc(*)nc(-c6ccccc6)n5)cc4)cc3)cc2)cc1,tg,241.0,227.29987322153107
*c1ccc(Oc2ccc(-c3ccc(Oc4ccc(-c5ncc(*)o5)cc4C(F)(F)F)cc3)cc2)c(C(F)(F)F)c1,tg,200.0,212.80365949316547
*c1ccc(Oc2ccc(-c3ccc(Oc4ccc(-c5nnc(*)c6c(-c7ccccc7)c(-c7ccc8ccccc8c7)c(-c7ccc8ccccc8c7)c(-c7ccccc7)c56)cc4)cc3)cc2)cc1,tg,326.33,325.94018003931376
*c1ccc(Oc2ccc(-c3ccc(Oc4ccc(N5C(=O)C(c6ccccc6)=C(c6ccc(C7=C(c8ccccc8)C(=O)N(*)C7=O)cc6)C5=O)cc4)cc3)cc2)cc1,tg,257.67,255.99005013408848
*c1ccc(Oc2ccc(-c3ccc(Oc4ccc(N5C(=O)CC(=O)N(*)C5=S)cc4)cc3)cc2)cc1,tg,158.5,173.40499780331967
*c1ccc(Oc2ccc(-c3ccc(Oc4ccc(N5C(=O)c6ccc(Oc7c(C)cc(C(C)(C)c8cc(C)c(Oc9ccc%10c(c9)C(=O)N(*)C%10=O)c(C)c8)cc7C)cc6C5=O)cc4)cc3C)c(C)c2)cc1,tg,257.0,250.93319373142543
*c1ccc(Oc2ccc(-c3ccc(Oc4ccc(N5C(=O)c6ccc(Oc7cc8ccccc8cc7Oc7ccc8c(c7)C(=O)N(*)C8=O)cc6C5=O)cc4)cc3)cc2)cc1,tg,222.5,222.4870180269227
*c1ccc(Oc2ccc(-c3ccc(Oc4ccc(N5C(=O)c6ccc(Oc7ccc(-c8ccc(Oc9ccc%10c(c9)C(=O)N(*)C%10=O)cc8)cc7)cc6C5=O)cc4)cc3)cc2)cc1,tg,220.0,227.16010220133407
*c1ccc(Oc2ccc(-c3ccc(Oc4ccc(N5C(=O)c6ccc(Oc7ccc(C(C)(C)c8ccc(Oc9ccc%10c(c9)C(=O)N(*)C%10=O)cc8)cc7)cc6C5=O)cc4)cc3)cc2)cc1,tg,220.0,209.8411703575968
*c1ccc(Oc2ccc(-c3ccc(Oc4ccc(N5C(=O)c6ccc(Oc7ccc(C(c8ccc(Oc9ccc%10c(c9)C(=O)N(*)C%10=O)cc8)(C(F)(F)F)C(F)(F)F)cc7)cc6C5=O)cc4)cc3)cc2)cc1,tg,217.0,236.889148076824
*c1ccc(Oc2ccc(-c3ccc(Oc4ccc(N5C(=O)c6ccc(Oc7ccc(C8(c9ccc(Oc%10ccc%11c(c%10)C(=O)N(*)C%11=O)cc9)CCCCCCCCCCC8)cc7)cc6C5=O)cc4)cc3C)c(C)c2)cc1,tg,257.0,243.93490334192813
*c1ccc(Oc2ccc(-c3ccc(Oc4ccc(N5C(=O)c6ccc(Oc7ccc(Oc8ccc(Oc9ccc%10c(c9)C(=O)N(*)C%10=O)cc8)cc7)cc6C5=O)cc4)cc3)cc2)cc1,tg,211.0,212.12254965124822
*c1ccc(Oc2ccc(-c3ccc(Oc4ccc(N5C(=O)c6ccc(Oc7ccc8c(c7)C(=O)N(*)C8=O)cc6C5=O)cc4)cc3)cc2)cc1,tg,245.0,233.14415663737395
*c1ccc(Oc2ccc(-c3ccc(Oc4ccc(N5C(=O)c6ccc(Oc7ccc8cc(Oc9ccc%10c(c9)C(=O)N(*)C%10=O)ccc8c7)cc6C5=O)cc4)cc3)cc2)cc1,tg,230.0,223.72958539006288
*c1ccc(Oc2ccc(-c3ccc(Oc4ccc(N5C(=O)c6cccc(Oc7c(C)cc(-c8cc(C)c(Oc9cccc%10c9C(=O)N(*)C%10=O)c(C)c8)cc7C)c6C5=O)cc4)cc3)cc2)cc1,tg,290.0,271.19546344485184
*c1ccc(Oc2ccc(-c3ccc(Oc4ccc(N5C(=O)c6cccc(Oc7c(C)cc(Cc8cc(C)c(Oc9cccc%10c9C(=O)N(*)C%10=O)c(C)c8)cc7C)c6C5=O)cc4)cc3)cc2)cc1,tg,259.0,249.97065005251284
*c1ccc(Oc2ccc(-c3ccc(Oc4ccc(N5C(=O)c6cccc(Oc7c(Oc8cccc9c8C(=O)N(*)C9=O)cc(C(C)(C)C)cc7C(C)(C)C)c6C5=O)cc4)cc3)cc2)cc1,tg,237.0,256.5147850125273
*c1ccc(Oc2ccc(-c3ccc(Oc4ccc(N5C(=O)c6cccc(Oc7ccc(C(C)(C)c8ccc(Oc9cccc%10c9C(=O)N(*)C%10=O)cc8)cc7)c6C5=O)cc4)cc3)cc2)cc1,tg,236.0,224.0027153666201
*c1ccc(Oc2ccc(-c3ccc4nc(Oc5cc(-c6ccccc6)c6cc(*)ccc6n5)cc(-c5ccccc5)c4c3)cc2)cc1,tg,268.5,262.9936402462588
*c1ccc(Oc2ccc(-c3cccc(-c4ccc(Oc5ccc(-c6c7c(c(*)c8ccccc68)C(=O)N(c6ccccc6)C7=O)cc5)c(C(F)(F)F)c4)c3)cc2C(F)(F)F)cc1,tg,271.0,304.7366475583294
*c1ccc(Oc2ccc(-c3cccc(-c4ccc(Oc5ccc(-c6c7c(c(*)c8ccccc68)C(=O)N(c6ccccc6)C7=O)cc5)c(C(F)(F)F)c4)n3)cc2C(F)(F)F)cc1,tg,298.0,262.4524640495204
*c1ccc(Oc2ccc(-c3cccc4c3C(=O)N(Oc3ccc(C(=O)c5ccc(Oc6cccc7c6C(=O)N(*)C7=O)cc5)cc3)C4=O)cc2)cc1,tg,252.0,241.10346341419935
*c1ccc(Oc2ccc(-c3cnc4cc5nc(*)cnc5cc4n3)cc2)cc1,tg,353.0,323.780786761601
*c1ccc(Oc2ccc(-c3cnnc(-c4cccc(-c5ncc(*)nn5)n4)n3)cc2)cc1,tg,223.0,228.51667260635764
*c1ccc(Oc2ccc(-c3csc(N=Cc4ccc(OCCCCCCCCOc5ccc(C=Nc6nc(*)cs6)cc5)cc4)n3)cc2)cc1,tg,150.0,110.11599917180676
*c1ccc(Oc2ccc(-c3csc(N=Cc4ccc(OCCCCCCOc5ccc(C=Nc6nc(*)cs6)cc5)cc4)n3)cc2)cc1,tg,117.0,148.11454124136387
*c1ccc(Oc2ccc(-c3nc4cc(-c5ccc6nc(*)c(-c7ccccc7)nc6c5)ccc4nc3-c3ccccc3)cc2)cc1,tg,292.5,313.8813078073383
*c1ccc(Oc2ccc(-c3nc4cc(-c5ccc6nc(-c7ccccc7)c(*)nc6c5)ccc4nc3-c3ccccc3)cc2)cc1,tg,297.36,288.72046590237454
*c1ccc(Oc2ccc(-c3nc4cc(Oc5ccc(NC(=O)CN6C(=O)c7ccc(C(c8ccc9c(c8)C(=O)N(CC(=O)Nc8ccc(Oc%10ccc%11nc(-c%12ccccc%12)c(*)nc%11c%10)cc8)C9=O)(C(F)(F)F)C(F)(F)F)cc7C6=O)cc5)ccc4nc3-c3ccccc3)cc2)cc1,tg,260.0,270.9423241208943
*c1ccc(Oc2ccc(-c3nc4cc(Oc5ccc(NC(=O)c6cc(C(=O)Nc7ccc(Oc8ccc9nc(-c%10ccc([N+](=O)[O-])cc%10)c(*)nc9c8)cc7)cc(N7C(=O)c8ccccc8C7=O)c6)cc5)ccc4nc3-c3ccc([N+](=O)[O-])cc3)cc2)cc1,tg,305.0,279.17410037616264
*c1ccc(Oc2ccc(-c3nc4cc(Oc5ccc(NC(=O)c6cc(C(=O)Nc7ccc(Oc8ccc9nc(-c%10ccccc%10)c(*)nc9c8)cc7)cc(N7C(=O)c8c(Cl)c(Cl)c(Cl)c(Cl)c8C7=O)c6)cc5)ccc4nc3-c3ccccc3)cc2)cc1,tg,295.0,301.2846725842991
*c1ccc(Oc2ccc(-c3nc4cc(Oc5ccc(NC(=O)c6ccc7c(c6)C(=O)N(c6ccc(C(c8ccc(N9C(=O)c%10ccc(C(=O)Nc%11ccc(Oc%12ccc%13nc(-c%14ccc([N+](=O)[O-])cc%14)c(*)nc%13c%12)cc%11)cc%10C9=O)cc8)(C(F)(F)F)C(F)(F)F)cc6)C7=O)cc5)ccc4nc3-c3ccc([N+](=O)[O-])cc3)cc2)cc1,tg,303.0,307.46226421699384
*c1ccc(Oc2ccc(-c3nc4cc(Oc5ccc6nc(*)c(-c7ccccc7)nc6c5)ccc4nc3-c3ccccc3)cc2)cc1,tg,340.0,276.24853317505585
*c1ccc(Oc2ccc(-c3nc4cc(Oc5ccc6nc(-c7ccccc7)c(*)nc6c5)ccc4nc3-c3ccccc3)cc2)cc1,tg,261.33,291.46016276581906
*c1ccc(Oc2ccc(-c3nc4cc(S(=O)(=O)c5ccc6nc(-c7ccccc7)c(*)nc6c5)ccc4nc3-c3ccccc3)cc2)cc1,tg,271.0,273.5319066519333
*c1ccc(Oc2ccc(-c3nc4cc5sc(*)nc5cc4s3)cc2)cc1,tg,350.0,367.8433541663397
*c1ccc(Oc2ccc(-c3nc4ccc(-c5ccc6nc(*)c(-c7ccccc7)nc6c5)cc4nc3-c3ccccc3)cc2)cc1,tg,335.33,314.2708171182727
*c1ccc(Oc2ccc(-c3nc4ccc(Oc5ccc(N6C(=O)c7ccc(C(c8ccc9c(c8)C(=O)N(c8ccc(Oc%10ccc%11nc(*)c(-c%12ccccc%12)nc%11c%10)cc8)C9=O)(C(F)(F)F)C(F)(F)F)cc7C6=O)cc5)cc4nc3-c3ccccc3)cc2)cc1,tg,267.0,283.0532816943993
*c1ccc(Oc2ccc(-n3c(=O)c4cc5c(=O)n(-c6ccc(Oc7ccc(-c8nc9cc%10sc(*)nc%10cc9s8)cc7)cc6)c(=O)c5cc4c3=O)cc2)cc1,tg,400.0,358.93542163816386
*c1ccc(Oc2ccc(C(=O)c3ccc(-c4ccc(C(=O)c5ccc(Oc6ccc(-c7nc(-c8cccc(-c9nc(*)c(-c%10ccccc%10)[nH]9)c8)[nH]c7-c7ccccc7)cc6)cc5)cc4)cc3)cc2)cc1,tg,276.0,264.8934051926696
*c1ccc(Oc2ccc(C(=O)c3ccc(-c4ccc(C(=O)c5ccc(Oc6ccc(-c7nc(-c8ccccc8)[nH]c7*)cc6)cc5)cc4)cc3)cc2)cc1,tg,258.0,248.29807042434373
*c1ccc(Oc2ccc(C(=O)c3ccc(C(=O)c4ccc(C(=O)c5ccc(Oc6ccc(-c7nc(-c8ccccc8)[nH]c7*)cc6)cc5)cc4)cc3)cc2)cc1,tg,239.0,234.63008817251878
*c1ccc(Oc2ccc(C(=O)c3ccc(C(=O)c4ccc(Oc5ccc(-c6cc(*)n(-c7ccccc7)n6)cc5)cc4)cc3)cc2)cc1,tg,205.0,207.15157968413754
*c1ccc(Oc2ccc(C(=O)c3ccc(C(=O)c4ccc(Oc5ccc(-c6nc(-c7ccc(-c8nc(*)c(-c9ccccc9)[nH]8)cc7)[nH]c6-c6ccccc6)cc5)cc4)cc3)cc2)cc1,tg,270.0,264.9638852168099
*c1ccc(Oc2ccc(C(=O)c3ccc(C(=O)c4ccc(Oc5ccc(-c6nc(-c7cccc(-c8nc(*)c(-c9ccccc9)[nH]8)c7)[nH]c6-c6ccccc6)cc5)cc4)cc3)cc2)cc1,tg,270.0,264.1387351023654
*c1ccc(Oc2ccc(C(=O)c3ccc(C(=O)c4ccc(Oc5ccc(-c6nc(-c7ccccc7)[nH]c6*)cc5)cc4)cc3)cc2)cc1,tg,248.0,253.36947573963735
*c1ccc(Oc2ccc(C(=O)c3ccc(C(=O)c4ccc(Oc5ccc(-c6nc7ccccc7n6-c6ccc(-n7c(*)nc8ccccc87)cc6)cc5)cc4)cc3)cc2)cc1,tg,238.0,243.0095501080119
*c1ccc(Oc2ccc(C(=O)c3ccc(C(=O)c4ccc(Oc5ccc(N6C(=O)c7ccc(-c8ccc9c(c8)C(=O)N(*)C9=O)cc7C6=O)cc5)cc4)cc3)cc2)cc1,tg,245.0,237.9270222238604
*c1ccc(Oc2ccc(C(=O)c3ccc(Oc4ccc(-c5c6c(c(*)c7ccccc57)C(=O)N(C)C6=O)cc4)cc3)cc2)cc1,tg,283.0,268.2110129033756
*c1ccc(Oc2ccc(C(=O)c3ccc(Oc4ccc(-c5c6c(c(*)c7ccccc57)C(=O)N(c5ccc(C(F)(F)F)cc5)C6=O)cc4)cc3)cc2)cc1,tg,260.0,264.6638151042682
*c1ccc(Oc2ccc(C(=O)c3ccc(Oc4ccc(-c5c6c(c(*)c7ccccc57)C(=O)N(c5ccc(Cl)cc5)C6=O)cc4)cc3)cc2)cc1,tg,272.0,270.35595804821764
*c1ccc(Oc2ccc(C(=O)c3ccc(Oc4ccc(-c5c6c(c(*)c7ccccc57)C(=O)N(c5cccc(C(F)(F)F)c5)C6=O)cc4)cc3)cc2)cc1,tg,252.0,256.7669237695549
*c1ccc(Oc2ccc(C(=O)c3ccc(Oc4ccc(-c5c6c(c(*)c7ccccc57)C(=O)N(c5ccccc5)C6=O)cc4)cc3)cc2)cc1,tg,273.5,271.53237389660427
*c1ccc(Oc2ccc(C(=O)c3ccc(Oc4ccc(-c5c6c(c(*)c7ccccc57)C(=O)N(c5ccccc5-c5ccccc5)C6=O)cc4)cc3)cc2)cc1,tg,245.0,267.99209708213357
*c1ccc(Oc2ccc(C(=O)c3ccc(Oc4ccc(-c5c6c(c(*)c7ccccc57)C(=O)N(c5ccccc5C(F)(F)F)C6=O)cc4)cc3)cc2)cc1,tg,260.0,267.20970612884787
*c1ccc(Oc2ccc(C(=O)c3ccc(Oc4ccc(-c5cc(*)n(-c6ccccc6)n5)cc4)cc3)cc2)cc1,tg,205.0,208.1985916841744
*c1ccc(Oc2ccc(C(=O)c3ccc(Oc4ccc(-c5nc(-c6cccc(-c7nc(*)c(-c8ccccc8)[nH]7)c6)[nH]c5-c5ccccc5)cc4)cc3)cc2)cc1,tg,279.0,265.92841305154565
*c1ccc(Oc2ccc(C(=O)c3ccc(Oc4ccc(-c5nnc(*)c6c(-c7ccccc7)c(-c7ccc8ccccc8c7)c(-c7ccc8ccccc8c7)c(-c7ccccc7)c56)cc4)cc3)cc2)cc1,tg,305.67,300.4207180620885
*c1ccc(Oc2ccc(C(=O)c3ccc(Oc4ccc(C(=O)c5ccc(Oc6ccc(-c7cc(*)n(-c8ccccc8)n7)cc6)cc5)cc4)cc3)cc2)cc1,tg,190.0,185.82450483995586
*c1ccc(Oc2ccc(C(=O)c3ccc(Oc4ccc(C(=O)c5ccc(Oc6ccc(-c7nc(-c8ccc(-c9nc(*)c(-c%10ccccc%10)[nH]9)cc8)[nH]c7-c7ccccc7)cc6)cc5)cc4)cc3)cc2)cc1,tg,245.0,272.5413758711369
*c1ccc(Oc2ccc(C(=O)c3ccc(Oc4ccc(C(=O)c5ccc(Oc6ccc(-c7nc(-c8ccccc8)[nH]c7*)cc6)cc5)cc4)cc3)cc2)cc1,tg,239.0,221.05008814678988
*c1ccc(Oc2ccc(C(=O)c3ccc(Oc4ccc(C5(*)NC(=O)c6ccccc65)cc4)cc3)cc2)cc1,tg,270.6,245.44226651392347
*c1ccc(Oc2ccc(C(=O)c3ccc(Oc4ccc(C5(*)c6ccccc6C(=O)N5C)cc4)cc3)cc2)cc1,tg,245.0,233.320231695773
*c1ccc(Oc2ccc(C(=O)c3ccc(Oc4ccc(N5C(=O)c6ccc(-c7ccc8c(c7)C(=O)N(*)C8=O)cc6C5=O)cc4)cc3)cc2)cc1,tg,253.0,245.24330675753455
*c1ccc(Oc2ccc(C(=O)c3ccc(Oc4ccc(N5C(=O)c6ccc(Oc7cccc(Oc8ccc9c(c8)C(=O)N(*)C9=O)c7)cc6C5=O)cc4)cc3)cc2)cc1,tg,201.0,198.6313052460967
*c1ccc(Oc2ccc(C(=O)c3ccc4cc(C(=O)c5ccc(Oc6ccc(-c7nc(-c8ccc(-c9nc(*)c(-c%10ccccc%10)[nH]9)cc8)[nH]c7-c7ccccc7)cc6)cc5)ccc4c3)cc2)cc1,tg,281.0,265.72643565030813
*c1ccc(Oc2ccc(C(=O)c3ccc4cc(C(=O)c5ccc(Oc6ccc(-c7nc(-c8ccccc8)[nH]c7*)cc6)cc5)ccc4c3)cc2)cc1,tg,239.0,261.4959096758243
*c1ccc(Oc2ccc(C(=O)c3cccc(-c4cccc(C(=O)c5ccc(Oc6ccc(-c7nc(-c8cccc(-c9nc(*)c(-c%10ccccc%10)[nH]9)c8)[nH]c7-c7ccccc7)cc6)cc5)c4)c3)cc2)cc1,tg,250.0,264.8867728819711
*c1ccc(Oc2ccc(C(=O)c3cccc(C(=O)c4ccc(Oc5ccc(-c6c7c(c(*)c8ccccc68)C(=O)N(C)C7=O)cc5)cc4)c3)cc2)cc1,tg,251.0,243.59649123334077
*c1ccc(Oc2ccc(C(=O)c3cccc(C(=O)c4ccc(Oc5ccc(-c6c7c(c(*)c8ccccc68)C(=O)N(CCCCCCCCCCCC)C7=O)cc5)cc4)c3)cc2)cc1,tg,140.0,163.2856506697075
*c1ccc(Oc2ccc(C(=O)c3cccc(C(=O)c4ccc(Oc5ccc(-c6c7c(c(*)c8ccccc68)C(=O)N(c6ccc(F)cc6)C7=O)cc5)cc4)c3)cc2)cc1,tg,243.0,259.6575526417062
*c1ccc(Oc2ccc(C(=O)c3cccc(C(=O)c4ccc(Oc5ccc(-c6cc(*)[nH]n6)cc5)cc4)c3)cc2)cc1,tg,205.0,215.17050008014354
*c1ccc(Oc2ccc(C(=O)c3cccc(C(=O)c4ccc(Oc5ccc(-c6cc(*)n(-c7ccccc7)n6)cc5)cc4)c3)cc2)cc1,tg,190.0,202.5861457315439
*c1ccc(Oc2ccc(C(=O)c3cccc(C(=O)c4ccc(Oc5ccc(-c6nc(-c7ccc(-c8nc(*)c(-c9ccccc9)[nH]8)cc7)[nH]c6-c6ccccc6)cc5)cc4)c3)cc2)cc1,tg,264.5,258.6023718784959
*c1ccc(Oc2ccc(C(=O)c3cccc(C(=O)c4ccc(Oc5ccc(-c6nc(-c7cccc(-c8nc(*)c(-c9ccccc9)[nH]8)c7)[nH]c6-c6ccccc6)cc5)cc4)c3)cc2)cc1,tg,264.5,262.1931734006772
*c1ccc(Oc2ccc(C(=O)c3cccc(C(=O)c4ccc(Oc5ccc(-c6nc7ccccc7n6-c6ccc(-n7c(*)nc8ccccc87)cc6)cc5)cc4)c3)cc2)cc1,tg,219.0,248.5215348089605
*c1ccc(Oc2ccc(C(=O)c3cccc(C(=O)c4ccc(Oc5ccc(N6C(=O)c7ccc(Oc8ccc9c(c8)C(=O)N(*)C9=O)cc7C6=O)cc5)cc4)c3)cc2)cc1,tg,208.0,216.17148480938926
*c1ccc(Oc2ccc(C(C)(C)c3ccc(Oc4ccc(-c5ccc(*)s5)cc4C(F)(F)F)cc3)cc2)c(C(F)(F)F)c1,tg,123.33,126.63732527200195
*c1ccc(Oc2ccc(C(C)(C)c3ccc(Oc4ccc(-c5cccc(*)n5)cc4C(F)(F)F)cc3)cc2)c(C(F)(F)F)c1,tg,121.0,154.34123934286038
*c1ccc(Oc2ccc(C(C)(C)c3ccc(Oc4ccc(-c5nc(*)nc(-c6ccccc6)n5)cc4)cc3)cc2)cc1,tg,228.0,195.08093108899192
*c1ccc(Oc2ccc(C(C)(C)c3ccc(Oc4ccc(-c5ncc(*)o5)cc4C(F)(F)F)cc3)cc2)c(C(F)(F)F)c1,tg,185.0,174.57541184971174
*c1ccc(Oc2ccc(C(C)(C)c3ccc(Oc4ccc(-c5nnc(*)c6c(-c7ccc(F)cc7)c(-c7ccc(F)cc7)c(-c7ccc(F)cc7)c(-c7ccc(F)cc7)c56)cc4)cc3)cc2)cc1,tg,276.67,282.7780319955635
*c1ccc(Oc2ccc(C(C)(C)c3ccc(Oc4ccc(-c5nnc(*)c6c(-c7ccccc7)c(-c7ccc8ccccc8c7)c(-c7ccc8ccccc8c7)c(-c7ccccc7)c56)cc4)cc3)cc2)cc1,tg,286.0,286.13154485340516
*c1ccc(Oc2ccc(C(C)(C)c3ccc(Oc4ccc(-c5nnc(*)n5-c5ccc(C)cc5)cc4)cc3)cc2)cc1,tg,205.0,205.22737606518652
*c1ccc(Oc2ccc(C(C)(C)c3ccc(Oc4ccc(-c5nnc(*)n5-c5ccc(S(=O)(=O)c6ccccc6)cc5)cc4)cc3)cc2)cc1,tg,198.0,217.06184079579867
*c1ccc(Oc2ccc(C(C)(C)c3ccc(Oc4ccc(-c5nnc(*)n5-c5cccc(C(F)(F)F)c5)cc4)cc3)cc2)cc1,tg,190.0,211.1857075347254
*c1ccc(Oc2ccc(C(C)(C)c3ccc(Oc4ccc(-c5nnc(*)n5-c5ccccc5)cc4)cc3)cc2)cc1,tg,207.0,193.50156260564134
*c1ccc(Oc2ccc(C(C)(C)c3ccc(Oc4ccc(-c5nnc(*)o5)cc4)cc3)cc2)cc1,tg,180.0,203.80057243943355
*c1ccc(Oc2ccc(C(C)(C)c3ccc(Oc4ccc(N5C(=O)C6CCC7C(=O)N(*)C(=O)C7C6C5=O)cc4)cc3)cc2)cc1,tg,263.5,236.70796109124848
*c1ccc(Oc2ccc(C(C)(C)c3ccc(Oc4ccc(N5C(=O)CC(=O)N(*)C5=S)cc4)cc3)cc2)cc1,tg,132.0,144.56790262655122
*c1ccc(Oc2ccc(C(C)(C)c3ccc(Oc4ccc(N5C(=O)c6ccc(-c7ccc8c(c7)C(=O)N(*)C8=O)cc6C5=O)cc4)cc3)cc2)cc1,tg,230.0,242.76746532977717
*c1ccc(Oc2ccc(C(C)(C)c3ccc(Oc4ccc(N5C(=O)c6ccc(Oc7ccc(C(C)(C)c8ccc(Oc9ccc%10c(c9)C(=O)N(*)C%10=O)cc8)cc7)cc6C5=O)cc4)cc3)cc2)cc1,tg,205.0,216.505483431149
*c1ccc(Oc2ccc(C(C)(C)c3ccc(Oc4ccc(N5C(=O)c6ccc(Oc7ccc8c(c7)C(=O)N(*)C8=O)cc6C5=O)cc4)cc3)cc2)cc1,tg,227.5,226.04747835161248
*c1ccc(Oc2ccc(C(c3ccc(Oc4ccc(-c5ccc(*)s5)cc4C(F)(F)F)cc3)(C(F)(F)F)C(F)(F)F)cc2)c(C(F)(F)F)c1,tg,153.33,141.00556856242778
*c1ccc(Oc2ccc(C(c3ccc(Oc4ccc(-c5cccc(*)n5)cc4C(F)(F)F)cc3)(C(F)(F)F)C(F)(F)F)cc2)c(C(F)(F)F)c1,tg,148.67,156.4219905515234
*c1ccc(Oc2ccc(C(c3ccc(Oc4ccc(-c5ncc(*)o5)cc4C(F)(F)F)cc3)(C(F)(F)F)C(F)(F)F)cc2)c(C(F)(F)F)c1,tg,205.0,190.0216381721504
*c1ccc(Oc2ccc(C(c3ccc(Oc4ccc(-c5nnc(*)c6c(-c7ccc(F)cc7)c(-c7ccc(F)cc7)c(-c7ccc(F)cc7)c(-c7ccc(F)cc7)c56)cc4)cc3)(C(F)(F)F)C(F)(F)F)cc2)cc1,tg,285.33,280.26753466242013
*c1ccc(Oc2ccc(C(c3ccc(Oc4ccc(-c5nnc(*)c6c(-c7ccccc7)c(-c7ccc8ccccc8c7)c(-c7ccc8ccccc8c7)c(-c7ccccc7)c56)cc4)cc3)(C(F)(F)F)C(F)(F)F)cc2)cc1,tg,286.0,285.7783457033535
*c1ccc(Oc2ccc(C(c3ccc(Oc4ccc(-c5nnc(*)n5-c5ccc(C)cc5)cc4)cc3)(C(F)(F)F)C(F)(F)F)cc2)cc1,tg,213.0,228.71715092191957
*c1ccc(Oc2ccc(C(c3ccc(Oc4ccc(-c5nnc(*)n5-c5ccc(S(=O)(=O)c6ccccc6)cc5)cc4)cc3)(C(F)(F)F)C(F)(F)F)cc2)cc1,tg,211.0,210.4168220230525
*c1ccc(Oc2ccc(C(c3ccc(Oc4ccc(-c5nnc(*)n5-c5ccc(S(C)(=O)=O)cc5)cc4)cc3)(C(F)(F)F)C(F)(F)F)cc2)cc1,tg,226.0,200.13147976042944
*c1ccc(Oc2ccc(C(c3ccc(Oc4ccc(N5C(=O)c6ccc(Oc7ccc(C8(c9ccc(Oc%10ccc%11c(c%10)C(=O)N(*)C%11=O)cc9)CCC(C(C)(C)C)CC8)cc7)cc6C5=O)cc4)cc3)(C(F)(F)F)C(F)(F)F)cc2)cc1,tg,227.0,240.23645942103946
*c1ccc(Oc2ccc(C(c3ccc(Oc4ccc(N5C(=O)c6ccc(Oc7ccc8c(c7)C(=O)N(*)C8=O)cc6C5=O)cc4)cc3)(C(F)(F)F)C(F)(F)F)cc2)cc1,tg,246.0,237.35904197912632
*c1ccc(Oc2ccc(C3(c4ccc(Oc5ccc(-c6ccc(*)s6)cc5C(F)(F)F)cc4)c4ccccc4-c4ccccc43)cc2)c(C(F)(F)F)c1,tg,169.0,196.8061788288644
*c1ccc(Oc2ccc(C3(c4ccc(Oc5ccc(-c6cccc(*)n6)cc5C(F)(F)F)cc4)c4ccccc4-c4ccccc43)cc2)c(C(F)(F)F)c1,tg,182.5,202.04928047659084
*c1ccc(Oc2ccc(C3(c4ccc(Oc5ccc(-c6nc(-c7ccccn7)nnc6*)cc5)cc4)c4ccccc4-c4ccccc43)cc2)cc1,tg,277.0,266.2226778310298
*c1ccc(Oc2ccc(C3(c4ccc(Oc5ccc(-c6nnc(*)c7c(-c8ccc(F)cc8)c(-c8ccc(F)cc8)c(-c8ccc(F)cc8)c(-c8ccc(F)cc8)c67)cc5)cc4)c4ccccc4-c4ccccc43)cc2)cc1,tg,311.33,305.6280436017235
*c1ccc(Oc2ccc(C3(c4ccc(Oc5ccc(-c6nnc(*)c7c(-c8ccccc8)c(-c8ccc9ccccc9c8)c(-c8ccc9ccccc9c8)c(-c8ccccc8)c67)cc5)cc4)c4ccccc4-c4ccccc43)cc2)cc1,tg,327.33,323.08100915019963
*c1ccc(Oc2ccc(C3(c4ccc(Oc5ccc(N6C(=O)CC(=O)N(*)C6=S)cc5)cc4)c4ccccc4-c4ccccc43)cc2)cc1,tg,175.0,227.2991900362116
*c1ccc(Oc2ccc(C3(c4ccc(Oc5ccc(N6C(=O)c7ccc(Oc8c(C)cc(C(C)(C)c9cc(C)c(Oc%10ccc%11c(c%10)C(=O)N(*)C%11=O)c(C)c9)cc8C)cc7C6=O)cc5)cc4)C4CC5CC(C4)CC3C5)cc2)cc1,tg,282.0,269.12778636833485
*c1ccc(Oc2ccc(C3(c4ccc(Oc5ccc(N6C(=O)c7ccc(Oc8ccc(C9(c%10ccc(Oc%11ccc%12c(c%11)C(=O)N(*)C%12=O)cc%10)CCC(C(C)(C)C)CC9)cc8)cc7C6=O)cc5)cc4)C4CC5CC(C4)CC3C5)cc2)cc1,tg,266.0,259.8680161629116
*c1ccc(Oc2ccc(C3(c4ccc(Oc5ccc(N6C(=O)c7ccc(Oc8ccc(C9(c%10ccc(Oc%11ccc%12c(c%11)C(=O)N(*)C%12=O)cc%10)CCC(C(C)(C)C)CC9)cc8)cc7C6=O)cc5)cc4)CC4CC3C3CCCC43)cc2)cc1,tg,257.0,254.29427329174857
*c1ccc(Oc2ccc(C3(c4ccc(Oc5ccc(N6C(=O)c7ccc(Oc8ccc(C9(c%10ccc(Oc%11ccc%12c(c%11)C(=O)N(*)C%12=O)cc%10)CCC(c%10ccccc%10)CC9)cc8)cc7C6=O)cc5)cc4)CC4CC3C3CCCC43)cc2)cc1,tg,255.0,248.08503420391187
*c1ccc(Oc2ccc(C3(c4ccc(Oc5ccc(N6C(=O)c7ccc(Oc8ccc(C9(c%10ccc(Oc%11ccc%12c(c%11)C(=O)N(*)C%12=O)cc%10)CCC(c%10ccccc%10)CC9)cc8)cc7C6=O)cc5)cc4)CC4CCC3C4)cc2)cc1,tg,245.0,254.82813345816734
*c1ccc(Oc2ccc(C3(c4ccc(Oc5ccc(N6C(=O)c7ccc(Oc8ccc(C9(c%10ccc(Oc%11ccc%12c(c%11)C(=O)N(*)C%12=O)cc%10)CCC(c%10ccccc%10)CC9)cc8)cc7C6=O)cc5)cc4)CCC(C(C)(C)C)CC3)cc2)cc1,tg,243.0,242.1204540976625
*c1ccc(Oc2ccc(C3(c4ccc(Oc5ccc(N6C(=O)c7ccc(Oc8ccc(C9(c%10ccc(Oc%11ccc%12c(c%11)C(=O)N(*)C%12=O)cc%10)CCCCCCCCCCC9)cc8)cc7C6=O)cc5)cc4)C4CC5CC(C4)CC3C5)cc2)cc1,tg,262.0,260.9207561579619
*c1ccc(Oc2ccc(C3(c4ccc(Oc5ccc(N6C(=O)c7ccc(Oc8ccc(C9(c%10ccc(Oc%11ccc%12c(c%11)C(=O)N(*)C%12=O)cc%10)CCCCCCCCCCC9)cc8)cc7C6=O)cc5)cc4)CC4CCC3C4)cc2)cc1,tg,259.0,251.81387658125428
*c1ccc(Oc2ccc(C3(c4ccc(Oc5ccc(N6C(=O)c7ccc(Oc8ccc(C9(c%10ccc(Oc%11ccc%12c(c%11)C(=O)N(*)C%12=O)cc%10)CCCCCCCCCCC9)cc8)cc7C6=O)cc5)cc4)CCC(C(C)(C)C)CC3)cc2)cc1,tg,254.0,250.90662537848704
*c1ccc(Oc2ccc(C3(c4ccc(Oc5ccc(N6C(=O)c7ccc(Oc8ccccc8Oc8ccc9c(c8)C(=O)N(*)C9=O)cc7C6=O)cc5C(F)(F)F)cc4)c4ccccc4-c4ccccc43)cc2)c(C(F)(F)F)c1,tg,241.0,231.2456656606095
*c1ccc(Oc2ccc(C=Cc3ccc(Oc4ccc(-c5nnc(*)o5)cc4)c4ccccc34)cc2)cc1,tg,213.0,227.71685879264638
*c1ccc(Oc2ccc(N3C(=O)C(C)C(SCCOCCSC4C(=O)N(c5ccc(Oc6ccc(N7C(=O)CC(C)(SCCOCCSC8(C)CC(=O)N(*)C8=O)C7=O)cc6)cc5)C(=O)C4C)C3=O)cc2)cc1,tg,145.0,123.73397534441226
*c1ccc(Oc2ccc(N3C(=O)C(Cl)=C(Oc4ccc(C(C)(C)c5ccc(OC6=C(Cl)C(=O)N(*)C6=O)cc5)cc4)C3=O)cc2)cc1,tg,175.0,174.2056792482716
*c1ccc(Oc2ccc(N3C(=O)C(c4ccccc4)=C(c4ccc(C5=C(c6ccccc6)C(=O)N(*)C5=O)cc4)C3=O)cc2)cc1,tg,275.0,249.46742276738567
*c1ccc(Oc2ccc(N3C(=O)C4CCC(C5CCC6C(=O)N(*)C(=O)C6C5)CC4C3=O)cc2)cc1,tg,257.0,262.95781948088506
*c1ccc(Oc2ccc(N3C(=O)C4CCC5C(=O)N(*)C(=O)C5C4C3=O)cc2)cc1,tg,342.0,292.83380761781945
*c1ccc(Oc2ccc(N3C(=O)c4c(c(-c5ccccc5)c(-c5ccc(-c6c(-c7ccccc7)c7c(c(-c8ccccc8)c6-c6ccccc6)C(=O)N(*)C7=O)cc5)c(-c5ccccc5)c4-c4ccccc4)C3=O)cc2)cc1,tg,413.0,364.17726099651424
*c1ccc(Oc2ccc(N3C(=O)c4c(c(-c5ccccc5)c(-c5ccc(Oc6ccc(-c7c(-c8ccccc8)c8c(c(-c9ccccc9)c7-c7ccccc7)C(=O)N(*)C8=O)cc6)cc5)c(-c5ccccc5)c4-c4ccccc4)C3=O)cc2)cc1,tg,360.0,343.0053434815433
*c1ccc(Oc2ccc(N3C(=O)c4cc(-c5ccc(C(C)(C)C)cc5)c(-c5cc6c(cc5-c5ccc(C(C)(C)C)cc5)C(=O)N(*)C6=O)cc4C3=O)cc2)cc1,tg,370.0,359.9197867949803
*c1ccc(Oc2ccc(N3C(=O)c4ccc(-c5ccc6c(c5)C(=O)N(*)C6=O)cc4C3=O)cc2Br)c(Br)c1,tg,275.0,291.55345336818255
*c1ccc(Oc2ccc(N3C(=O)c4ccc(Oc5c(C)cc(-c6cc(C)c(Oc7ccc8c(c7)C(=O)N(*)C8=O)c(C)c6)cc5C)cc4C3=O)cc2)cc1,tg,299.0,278.9829190220596
*c1ccc(Oc2ccc(N3C(=O)c4ccc(Oc5c(C)cc(Cc6cc(C)c(Oc7ccc8c(c7)C(=O)N(*)C8=O)c(C)c6)cc5C)cc4C3=O)cc2)cc1,tg,266.0,256.92843298392097
*c1ccc(Oc2ccc(N3C(=O)c4ccc(Oc5cc6ccccc6cc5Oc5ccc6c(c5)C(=O)N(*)C6=O)cc4C3=O)cc2)cc1,tg,228.75,240.84139724236067
*c1ccc(Oc2ccc(N3C(=O)c4ccc(Oc5ccc(-c6ccc(Oc7ccc8c(c7)C(=O)N(*)C8=O)cc6)cc5)cc4C3=O)cc2)cc1,tg,229.0,237.5033614749539
*c1ccc(Oc2ccc(N3C(=O)c4ccc(Oc5ccc(C(=O)c6ccc(Oc7ccc8c(c7)C(=O)N(*)C8=O)cc6)cc5)cc4C3=O)cc2)cc1,tg,210.0,231.9419528515054
*c1ccc(Oc2ccc(N3C(=O)c4ccc(Oc5ccc(C(C)(C)c6ccc(Oc7ccc8c(c7)C(=O)N(*)C8=O)cc6)cc5)cc4C3=O)cc2)cc1,tg,217.25,224.1619665851098
*c1ccc(Oc2ccc(N3C(=O)c4ccc(Oc5ccc(C(c6ccc(Oc7ccc8c(c7)C(=O)N(*)C8=O)cc6)(C(F)(F)F)C(F)(F)F)cc5)cc4C3=O)cc2)cc1,tg,257.0,242.37882274088778
*c1ccc(Oc2ccc(N3C(=O)c4ccc(Oc5ccc(Oc6ccc(Oc7ccc8c(c7)C(=O)N(*)C8=O)cc6)cc5)cc4C3=O)cc2)cc1,tg,215.0,210.35349781374055
*c1ccc(Oc2ccc(N3C(=O)c4ccc(Oc5ccc(Oc6ccc7c(c6)C(=O)N(*)C7=O)cc5)cc4C3=O)cc2)cc1,tg,248.75,236.98859086882683
*c1ccc(Oc2ccc(N3C(=O)c4ccc(Oc5ccc(S(=O)(=O)c6ccc(Oc7ccc8c(c7)C(=O)N(*)C8=O)cc6)cc5)cc4C3=O)cc2)cc1,tg,260.0,238.5267154974042
*c1ccc(Oc2ccc(N3C(=O)c4ccc(Oc5ccc6c(c5)C(=O)N(*)C6=O)cc4C3=O)cc2)cc1,tg,266.3,262.32869081763664
*c1ccc(Oc2ccc(N3C(=O)c4ccc(Oc5ccc6c(c5)C(=O)N(*)C6=O)cc4C3=O)cc2Br)c(Br)c1,tg,251.0,270.58726249303794
*c1ccc(Oc2ccc(N3C(=O)c4ccc(Oc5ccc6c(c5)C(=O)N(c5ncc(*)s5)C6=O)cc4C3=O)cc2)cc1,tg,300.0,254.07084125730862
*c1ccc(Oc2ccc(N3C(=O)c4ccc(Oc5cccc(Oc6ccc7c(c6)C(=O)N(*)C7=O)c5)cc4C3=O)cc2)cc1,tg,209.0,217.62679516421247
*c1ccc(Oc2ccc(N3C(=O)c4ccc(Oc5cccc6c5C(=O)N(*)C6=O)cc4C3=O)cc2)cc1,tg,277.0,262.0592494587695
*c1ccc(Oc2ccc(N3C(=O)c4ccc(P(=O)(c5ccccc5)c5ccc6c(c5)C(=O)N(*)C6=O)cc4C3=O)cc2)cc1,tg,318.0,288.6495457855905
*c1ccc(Oc2ccc(N3C(=O)c4ccc(S(=O)(=O)c5ccc6c(c5)C(=O)N(*)C6=O)cc4C3=O)cc2)cc1,tg,283.5,289.7091798822063
*c1ccc(Oc2ccc(N3C(=O)c4ccc(S(=O)(=O)c5ccc6c(c5)C(=O)N(*)C6=O)cc4C3=O)cc2Br)c(Br)c1,tg,281.0,294.64081049134325
*c1ccc(Oc2ccc(N3C(=O)c4ccc(Sc5ccc6c(c5)C(=O)N(*)C6=O)cc4C3=O)cc2)cc1,tg,258.0,259.66798713937885
*c1ccc(Oc2ccc(N3C(=O)c4ccc([Si](C)(C)O[Si](C)(C)c5ccc6c(c5)C(=O)N(c5ccc(Oc7ccc(-c8nnc(*)o8)cc7)cc5)C6=O)cc4C3=O)cc2)cc1,tg,190.5,226.58012593679499
*c1ccc(Oc2ccc(N3C(=O)c4cccc(Oc5c(C)cc(Cc6cc(C)c(Oc7cccc8c7C(=O)N(*)C8=O)c(C)c6)cc5C)c4C3=O)cc2)cc1,tg,270.0,250.54758903912514
*c1ccc(Oc2ccc(N3C(=O)c4cccc(Oc5ccc(-c6ccc(Oc7cccc8c7C(=O)N(*)C8=O)cc6)cc5)c4C3=O)cc2)cc1,tg,277.0,250.47627308907576
*c1ccc(Oc2ccc(N3C(=O)c4cccc(Oc5ccc(C(C)(C)c6ccc(Oc7cccc8c7C(=O)N(*)C8=O)cc6)cc5)c4C3=O)cc2)cc1,tg,233.67,237.51238253694635
*c1ccc(Oc2ccc(N3C(=O)c4cccc(Oc5ccc(S(=O)(=O)c6ccc(Oc7cccc8c7C(=O)N(*)C8=O)cc6)cc5)c4C3=O)cc2)cc1,tg,267.0,257.5172852870358
*c1ccc(Oc2ccc(N3C(=O)c4cccc(Oc5ccc(Sc6ccc(Oc7cccc8c7C(=O)N(*)C8=O)cc6)cc5)c4C3=O)cc2)cc1,tg,234.0,227.10681163031163
*c1ccc(Oc2ccc(N3C(=O)c4cccc(Oc5cccc(Oc6cccc7c6C(=O)N(*)C7=O)c5)c4C3=O)cc2)cc1,tg,226.0,233.42760286923044
*c1ccc(Oc2ccc(N3C(=O)c4cccc(Oc5cccc6c5C(=O)N(*)C6=O)c4C3=O)cc2)cc1,tg,292.5,271.66327214161544
*c1ccc(Oc2ccc(NC(=O)CN3C(=O)c4ccc(C(c5ccc6c(c5)C(=O)N(CC(=O)Nc5ccc(Oc7ccc(-c8nnc(*)o8)cc7)cc5)C6=O)(C(F)(F)F)C(F)(F)F)cc4C3=O)cc2)cc1,tg,263.0,245.12529470338714
*c1ccc(Oc2ccc(NC(=O)c3cc(C(=O)Nc4ccc(Oc5ccc(-c6nnc(*)o6)cc5)cc4)cc(N4C(=O)c5ccccc5C4=O)c3)cc2)cc1,tg,285.0,268.0103273861165
*c1ccc(Oc2ccc(NC(=O)c3cc(NC(=O)c4ccc(OC(C)=O)cc4)cc(C(=O)Nc4ccc(Oc5ccc(-c6nnc(*)o6)cc5)cc4)c3)cc2)cc1,tg,270.0,261.4371347080517
*c1ccc(Oc2ccc(NC(=O)c3ccc(C(=O)Nc4ccc(Oc5ccc(-c6nnc(*)o6)cc5)cc4)c(Oc4ccccc4)c3)cc2)cc1,tg,245.0,232.10287868799134
*c1ccc(Oc2ccc(NC(=O)c3ccc(Oc4cccc5c4C(=O)N(*)C5=O)cc3)cc2)cc1,tg,253.0,248.3733794065254
*c1ccc(Oc2ccc(NC(=O)c3ccc4c(c3)C(=O)N(c3ccc(Cc5ccc(N6C(=O)c7ccc(C(=O)Nc8ccc(Oc9ccc(C%10(*)NC(=O)c%11ccccc%11%10)cc9)cc8)cc7C6=O)cc5)cc3)C4=O)cc2)cc1,tg,302.0,303.00526950236934
*c1ccc(Oc2ccc(NC(=O)c3cccc(Oc4ccc5c(c4)C(=O)N(*)C5=O)c3)cc2)cc1,tg,231.0,230.42109055098175
*c1ccc(Oc2ccc(Oc3ccc(-c4cnc5cc(-c6ccc7nc(*)cnc7c6)ccc5n4)cc3)cc2)cc1,tg,195.0,280.3559538827725
*c1ccc(Oc2ccc(Oc3ccc(-c4nc(*)nc(-c5ccccc5)n4)cc3)cc2)cc1,tg,244.0,219.88722807567032
*c1ccc(Oc2ccc(Oc3ccc(N4C(=O)C(c5ccccc5)=C(c5ccc(C6=C(c7ccccc7)C(=O)N(*)C6=O)cc5)C4=O)cc3)cc2)cc1,tg,249.0,247.22148496370488
*c1ccc(Oc2ccc(Oc3ccc(N4C(=O)C5CCC(C6CCC7C(=O)N(*)C(=O)C7C6)CC5C4=O)cc3)cc2)cc1,tg,238.0,259.75123051400163
*c1ccc(Oc2ccc(Oc3ccc(N4C(=O)C5CCC6C(=O)N(*)C(=O)C6C5C4=O)cc3)cc2)cc1,tg,274.0,279.4166362077909
*c1ccc(Oc2ccc(Oc3ccc(N4C(=O)c5ccc(-c6ccc7c(c6)C(=O)N(*)C7=O)cc5C4=O)cc3)c(-c3ccccc3)c2)cc1,tg,247.0,266.0679082921185
*c1ccc(Oc2ccc(Oc3ccc(N4C(=O)c5ccc(-c6ccc7c(c6)C(=O)N(*)C7=O)cc5C4=O)cc3)c(C(C)(C)C)c2)cc1,tg,274.0,280.77686874005036
*c1ccc(Oc2ccc(Oc3ccc(N4C(=O)c5ccc(-c6ccc7c(c6)C(=O)N(*)C7=O)cc5C4=O)cc3)c(C)c2)cc1,tg,265.0,261.2300819490931
*c1ccc(Oc2ccc(Oc3ccc(N4C(=O)c5ccc(-c6ccc7c(c6)C(=O)N(*)C7=O)cc5C4=O)cc3)cc2)cc1,tg,264.88,260.67311033341093
*c1ccc(Oc2ccc(Oc3ccc(N4C(=O)c5ccc(-c6cccc7c6C(=O)N(*)C7=O)cc5C4=O)cc3)cc2)cc1,tg,285.0,282.58008237547483
*c1ccc(Oc2ccc(Oc3ccc(N4C(=O)c5ccc(Oc6c(C)cc(C(C)(C)c7cc(C)c(Oc8ccc9c(c8)C(=O)N(*)C9=O)c(C)c7)cc6C)cc5C4=O)cc3)c(C(C)(C)C)c2)cc1,tg,244.0,260.20438607103404
*c1ccc(Oc2ccc(Oc3ccc(N4C(=O)c5ccc(Oc6cc7ccccc7cc6Oc6ccc7c(c6)C(=O)N(*)C7=O)cc5C4=O)cc3)cc2)cc1,tg,224.5,214.87180027910642
*c1ccc(Oc2ccc(Oc3ccc(N4C(=O)c5ccc(Oc6ccc(-c7ccc(Oc8ccc9c(c8)C(=O)N(*)C9=O)cc7)cc6)cc5C4=O)cc3)cc2)cc1,tg,212.0,216.67043164570282
*c1ccc(Oc2ccc(Oc3ccc(N4C(=O)c5ccc(Oc6ccc(C7(c8ccc(Oc9ccc%10c(c9)C(=O)N(*)C%10=O)cc8)CCC(C(C)(C)C)CC7)cc6)cc5C4=O)cc3)c(C(C)(C)C)c2)cc1,tg,233.0,241.21294326071833
*c1ccc(Oc2ccc(Oc3ccc(N4C(=O)c5ccc(Oc6ccc(C7(c8ccc(Oc9ccc%10c(c9)C(=O)N(*)C%10=O)cc8)CCC(c8ccccc8)CC7)cc6)cc5C4=O)cc3)c(C(C)(C)C)c2)cc1,tg,236.0,232.1140631782148
*c1ccc(Oc2ccc(Oc3ccc(N4C(=O)c5ccc(Oc6ccc(Sc7ccc(Oc8ccc9c(c8)C(=O)N(*)C9=O)cc7)cc6)cc5C4=O)cc3)cc2)cc1,tg,201.0,192.81941453818044
*c1ccc(Oc2ccc(Oc3ccc(N4C(=O)c5ccc(Oc6ccc7c(c6)C(=O)N(*)C7=O)cc5C4=O)cc3)cc2)cc1,tg,235.78,242.40654915676288
*c1ccc(Oc2ccc(Oc3ccc(N4C(=O)c5ccc(Oc6ccc7ccc(Oc8ccc9c(c8)C(=O)N(*)C9=O)cc7c6)cc5C4=O)cc3)cc2)cc1,tg,228.0,225.8021743599038
*c1ccc(Oc2ccc(Oc3ccc(N4C(=O)c5ccc(Oc6cccc7c6C(=O)N(*)C7=O)cc5C4=O)cc3)cc2)cc1,tg,249.0,245.36178559636232
*c1ccc(Oc2ccc(Oc3ccc(N4C(=O)c5ccc(Oc6ccccc6Oc6ccc7c(c6)C(=O)N(*)C7=O)cc5C4=O)cc3)cc2)cc1,tg,202.0,209.4155891364721
*c1ccc(Oc2ccc(Oc3ccc(N4C(=O)c5ccc(Oc6ccccc6Oc6ccc7c(c6)C(=O)N(*)C7=O)cc5C4=O)cc3C(F)(F)F)cc2)c(C(F)(F)F)c1,tg,197.0,202.15383691947832
*c1ccc(Oc2ccc(Oc3ccc(N4C(=O)c5cccc(Oc6c(C)cc(Cc7cc(C)c(Oc8cccc9c8C(=O)N(*)C9=O)c(C)c7)cc6C)c5C4=O)c(C)c3)cc2)cc1C,tg,238.0,254.94927291497413
*c1ccc(Oc2ccc(Oc3ccc(N4C(=O)c5cccc(Oc6ccc(C(C)(C)c7ccc(Oc8cccc9c8C(=O)N(*)C9=O)cc7)cc6)c5C4=O)c(C)c3)cc2)cc1C,tg,222.0,220.34041989250548
*c1ccc(Oc2ccc(Oc3ccc(NC(=O)c4ccc(Oc5ccc6c(c5)C(=O)N(*)C6=O)cc4)cc3)cc2)cc1,tg,242.0,229.5231300961709
*c1ccc(Oc2ccc(Oc3ccc(NC(=O)c4ccc(Oc5cccc6c5C(=O)N(*)C6=O)cc4)cc3)cc2)cc1,tg,244.0,236.06578256413167
*c1ccc(Oc2ccc(Oc3ccc(NC(=O)c4cccc(Oc5ccc6c(c5)C(=O)N(*)C6=O)c4)cc3)cc2)cc1,tg,213.0,219.92253205708047
*c1ccc(Oc2ccc(Oc3ccc(Oc4ccc(-c5nc6ccc(-c7ccc8nc(*)c(-c9ccccc9)nc8c7)cc6nc5-c5ccccc5)cc4)cc3)cc2)cc1,tg,263.0,270.95414145964213
*c1ccc(Oc2ccc(Oc3ccc(Oc4ccc(N5C(=O)c6ccc(-c7ccc8c(c7)C(=O)N(*)C8=O)cc6C5=O)cc4)cc3)cc2)cc1,tg,228.51,237.39221673517304
*c1ccc(Oc2ccc(Oc3ccc(Oc4ccc(N5C(=O)c6ccc(Oc7ccc(-c8ccc(Oc9ccc%10c(c9)C(=O)N(*)C%10=O)cc8)cc7)cc6C5=O)cc4)cc3)cc2)cc1,tg,212.0,216.87798344667263
*c1ccc(Oc2ccc(Oc3ccc(Oc4ccc(N5C(=O)c6ccc(Oc7ccc(Oc8ccc9c(c8)C(=O)N(*)C9=O)cc7)cc6C5=O)cc4)cc3)cc2)cc1,tg,210.0,206.56655234930574
*c1ccc(Oc2ccc(Oc3ccc(P(=O)(c4ccccc4)c4ccc(Oc5ccc(Oc6ccc(-c7nc8ccccc8nc7*)cc6)cc5)cc4)cc3)cc2)cc1,tg,209.0,246.667448450633
*c1ccc(Oc2ccc(P(=O)(c3ccccc3)c3ccc(Oc4ccc(-c5cc(*)[nH]n5)cc4)cc3)cc2)cc1,tg,296.0,244.42721496338507
*c1ccc(Oc2ccc(P(=O)(c3ccccc3)c3ccc(Oc4ccc(-c5ccc(*)nc5)cc4)cc3)cc2)cc1,tg,257.0,246.1342170697833
*c1ccc(Oc2ccc(P(=O)(c3ccccc3)c3ccc(Oc4ccc(-c5nc(-c6ccccc6)[nH]c5*)cc4)cc3)cc2)cc1,tg,318.0,274.27673249909026
*c1ccc(Oc2ccc(S(=O)(=O)c3ccc(Oc4ccc(-c5c6c(c(*)c7ccccc57)C(=O)N(CCCCCCCCCCCC)C6=O)cc4)cc3)cc2)cc1,tg,167.0,164.73738007694908
*c1ccc(Oc2ccc(S(=O)(=O)c3ccc(Oc4ccc(-c5c6c(c(*)c7ccccc57)C(=O)N(c5ccc(C(F)(F)F)cc5)C6=O)cc4)cc3)cc2)cc1,tg,290.0,284.4735625799448
*c1ccc(Oc2ccc(S(=O)(=O)c3ccc(Oc4ccc(-c5c6c(c(*)c7ccccc57)C(=O)N(c5ccc(F)cc5)C6=O)cc4)cc3)cc2)cc1,tg,300.0,298.6270736418303
*c1ccc(Oc2ccc(S(=O)(=O)c3ccc(Oc4ccc(-c5c6c(c(*)c7ccccc57)C(=O)N(c5cccc(C(F)(F)F)c5)C6=O)cc4)cc3)cc2)cc1,tg,280.5,282.84636147140554
*c1ccc(Oc2ccc(S(=O)(=O)c3ccc(Oc4ccc(-c5c6c(c(*)c7ccccc57)C(=O)N(c5ccccc5)C6=O)cc4)cc3)cc2)cc1,tg,305.0,296.0396595196144
*c1ccc(Oc2ccc(S(=O)(=O)c3ccc(Oc4ccc(-c5c6c(c(*)c7ccccc57)C(=O)N(c5ccccc5-c5ccccc5)C6=O)cc4)cc3)cc2)cc1,tg,278.0,278.12623939602764
*c1ccc(Oc2ccc(S(=O)(=O)c3ccc(Oc4ccc(-c5c6c(c(*)c7ccccc57)C(=O)N(c5ccccc5C(F)(F)F)C6=O)cc4)cc3)cc2)cc1,tg,290.0,285.5103848173767
*c1ccc(Oc2ccc(S(=O)(=O)c3ccc(Oc4ccc(-c5cc(*)[nH]n5)cc4)cc3)cc2)cc1,tg,260.0,253.26772682163508
*c1ccc(Oc2ccc(S(=O)(=O)c3ccc(Oc4ccc(-c5nc(-c6ccccc6)[nH]c5*)cc4)cc3)cc2)cc1,tg,277.0,270.2943729091214
*c1ccc(Oc2ccc(S(=O)(=O)c3ccc(Oc4ccc(-c5nc(-c6ccccn6)nnc5*)cc4)cc3)cc2)cc1,tg,265.0,239.38159838472237
*c1ccc(Oc2ccc(S(=O)(=O)c3ccc(Oc4ccc(-c5ncc(*)o5)cc4C(F)(F)F)cc3)cc2)c(C(F)(F)F)c1,tg,210.0,203.46390937337065
*c1ccc(Oc2ccc(S(=O)(=O)c3ccc(Oc4ccc(C5(*)OC(=O)c6ccccc65)cc4)cc3)cc2)cc1,tg,247.14,234.81990430835322
*c1ccc(Oc2ccc(S(=O)(=O)c3ccc(Oc4ccc(C5(*)OC(=O)c6ccccc65)cc4C)cc3)cc2)c(C)c1,tg,245.0,256.29273235968253
*c1ccc(Oc2ccc(S(=O)(=O)c3ccc(Oc4ccc(N5C(=O)C6CCC(C7CCC8C(=O)N(*)C(=O)C8C7)CC6C5=O)cc4)cc3)cc2)cc1,tg,256.5,263.415080586502
*c1ccc(Oc2ccc(S(=O)(=O)c3ccc(Oc4ccc(N5C(=O)c6ccc(Oc7ccc(C(C)(C)c8ccc(Oc9ccc%10c(c9)C(=O)N(*)C%10=O)cc8)cc7)cc6C5=O)cc4)cc3)cc2)cc1,tg,200.0,210.74182088739607
*c1ccc(Oc2ccc(S(=O)(=O)c3ccc(Oc4ccc(N5C(=O)c6ccc(Oc7ccc(Oc8ccc9c(c8)C(=O)N(*)C9=O)cc7)cc6C5=O)cc4)cc3)cc2)cc1,tg,201.0,208.38730059068413
*c1ccc(Oc2ccc(S(=O)(=O)c3ccc(Oc4ccc(N5C(=O)c6ccc(Oc7cccc(Oc8ccc9c(c8)C(=O)N(*)C9=O)c7)cc6C5=O)cc4)cc3)cc2)cc1,tg,201.0,209.18997646850784
*c1ccc(Oc2ccc(S(=O)(=O)c3ccc(Oc4ccc(N5C(=O)c6ccc(Oc7cccc8c(Oc9ccc%10c(c9)C(=O)N(*)C%10=O)cccc78)cc6C5=O)cc4)cc3)cc2)cc1,tg,201.0,224.1218501094935
*c1ccc(Oc2ccc(S(=O)(=O)c3ccc(Oc4ccc(N5C(=O)c6ccc([Si](C)(C)c7ccc8c(c7)C(=O)N(*)C8=O)cc6C5=O)cc4)cc3)cc2)cc1,tg,238.0,247.1865980432568
*c1ccc(Oc2ccc(Sc3ccc(Oc4ccc(-c5ccc(*)s5)cc4C(F)(F)F)cc3)cc2)c(C(F)(F)F)c1,tg,142.0,143.83967453132715
*c1ccc(Oc2ccc(Sc3ccc(Oc4ccc(-c5nc(*)nc(-c6ccccc6)n5)cc4)cc3)cc2)cc1,tg,211.0,234.30223862628446
*c1ccc(Oc2ccc(Sc3ccc(Oc4ccc(N5C(=O)c6ccc(Oc7ccc(-c8ccc(Oc9ccc%10c(c9)C(=O)N(*)C%10=O)cc8)cc7)cc6C5=O)cc4)cc3)cc2)cc1,tg,212.0,203.5746908299909
*c1ccc(Oc2ccc(Sc3ccc(Oc4ccc(N5C(=O)c6ccc(Oc7ccc(Oc8ccc(Oc9ccc%10c(c9)C(=O)N(*)C%10=O)cc8)cc7)cc6C5=O)cc4)cc3)cc2)cc1,tg,198.5,200.17817760737012
*c1ccc(Oc2ccc(Sc3ccc(Oc4ccc(N5C(=O)c6ccc(Oc7ccc(Sc8ccc(Oc9ccc%10c(c9)C(=O)N(*)C%10=O)cc8)cc7)cc6C5=O)cc4)cc3)cc2)cc1,tg,195.5,192.63230061859954
*c1ccc(Oc2ccc3ccc(Oc4ccc(N5C(=O)CC(=O)N(*)C5=S)cc4)cc3c2)cc1,tg,151.5,190.90407584011464
*c1ccc(Oc2ccc3ccccc3c2-c2c(Oc3ccc(N4C(=O)c5ccc(NC(=O)Nc6ccc(-c7cc(-c8ccc(-c9ccccc9)cc8)cc(-c8ccc(NC(=O)Nc9ccc%10c(c9)C(=O)N(*)C%10=O)cc8)n7)cc6)cc5C4=O)cc3)ccc3ccccc23)cc1,tg,302.0,306.72729531253367
*c1ccc(Oc2ccc3ccccc3c2-c2c(Oc3ccc(N4C(=O)c5ccc(NC(=O)Nc6ccc(Oc7ccc(NC(=O)Nc8ccc9c(c8)C(=O)N(*)C9=O)cc7)cc6)cc5C4=O)cc3)ccc3ccccc23)cc1,tg,274.0,265.58992531683907
*c1ccc(Oc2ccc3ccccc3c2-c2c(Oc3ccc(N4C(=O)c5ccc(NC(=O)Nc6ccc(Oc7ccccc7-c7ccccc7Oc7ccc(NC(=O)Nc8ccc9c(c8)C(=O)N(*)C9=O)cc7)cc6)cc5C4=O)cc3)ccc3ccccc23)cc1,tg,285.0,280.6392328754818
*c1ccc(Oc2ccc3ccccc3c2-c2c(Oc3ccc(N4C(=O)c5ccc(NC(=O)Nc6cccc(NC(=O)Nc7ccc8c(c7)C(=O)N(*)C8=O)n6)cc5C4=O)cc3)ccc3ccccc23)cc1,tg,283.0,259.1658288600274
*c1ccc(Oc2ccc3ccccc3c2-c2c(Oc3ccc(N4C(=O)c5ccc(NC(=O)Nc6cccc7c(NC(=O)Nc8ccc9c(c8)C(=O)N(*)C9=O)cccc67)cc5C4=O)cc3)ccc3ccccc23)cc1,tg,297.0,301.74619210734977
*c1ccc(Oc2cccc(-n3c(=O)c4cc5c(=O)n(-c6cccc(Oc7ccc(-c8nc9cc%10sc(*)nc%10cc9s8)cc7)c6)c(=O)c5cc4c3=O)c2)cc1,tg,400.0,332.82966363747244
*c1ccc(Oc2cccc(N3C(=O)c4ccc(-c5ccc6c(c5)C(=O)N(*)C6=O)cc4C3=O)c2)cc1,tg,255.5,267.0530195065784
*c1ccc(Oc2cccc(N3C(=O)c4ccc(-c5cccc6c5C(=O)N(*)C6=O)cc4C3=O)c2)cc1,tg,286.0,308.55722333814106
*c1ccc(Oc2cccc(N3C(=O)c4ccc(Oc5ccc6c(c5)C(=O)N(*)C6=O)cc4C3=O)c2)cc1,tg,233.75,241.8269989880544
*c1ccc(Oc2cccc(N3C(=O)c4ccc(Oc5ccc6cc(Oc7ccc8c(c7)C(=O)N(*)C8=O)ccc6c5)cc4C3=O)c2)cc1,tg,225.0,227.2994020437185
*c1ccc(Oc2cccc(N3C(=O)c4ccc([Si](C)(C)O[Si](C)(C)c5ccc6c(c5)C(=O)N(c5cccc(Oc7ccc(-c8nnc(*)o8)cc7)c5)C6=O)cc4C3=O)c2)cc1,tg,165.0,210.45760118558954
*c1ccc(Oc2cccc(N3C(=O)c4ccc5c6c(ccc(c46)C3=O)C(=O)N(c3cccc(Oc4ccc(-c6nnc(*)o6)cc4)c3)C5=O)c2)cc1,tg,318.0,271.7214038975271
*c1ccc(Oc2cccc(Oc3ccc(N4C(=O)C5CCC(C6CCC7C(=O)N(*)C(=O)C7C6)CC5C4=O)cc3)c2)cc1,tg,215.0,245.96864676937636
*c1ccc(Oc2cccc(Oc3ccc(N4C(=O)CC(=O)N(*)C4=S)cc3)c2)cc1,tg,128.0,152.22241011654174
*c1ccc(Oc2cccc(Oc3ccc(N4C(=O)c5ccc(-c6ccc7c(c6)C(=O)N(*)C7=O)cc5C4=O)cc3)c2)cc1,tg,220.0,257.0253796973142
*c1ccc(Oc2cccc(Oc3ccc(N4C(=O)c5ccc(-c6ccc7c(c6)C(=O)N(*)C7=O)cc5C4=O)cc3)c2C#N)cc1,tg,271.0,266.13586230031905
*c1ccc(Oc2cccc(Oc3ccc(N4C(=O)c5ccc(-c6cccc7c6C(=O)N(*)C7=O)cc5C4=O)cc3)c2)cc1,tg,259.0,260.6512376982165
*c1ccc(Oc2cccc(Oc3ccc(N4C(=O)c5ccc(Oc6ccc(-c7ccc(Oc8ccc9c(c8)C(=O)N(*)C9=O)cc7)cc6)cc5C4=O)cc3)c2)cc1,tg,205.0,210.54986240139598
*c1ccc(Oc2cccc(Oc3ccc(N4C(=O)c5ccc(Oc6ccc(C(=O)c7ccc(Oc8ccc9c(c8)C(=O)N(*)C9=O)cc7)cc6)cc5C4=O)cc3)c2)cc1,tg,194.0,194.59219997793588
*c1ccc(Oc2cccc(Oc3ccc(N4C(=O)c5ccc(Oc6ccc(C(C)(C)c7ccc(Oc8ccc9c(c8)C(=O)N(*)C9=O)cc7)cc6)cc5C4=O)cc3)c2C#N)cc1,tg,213.0,211.06576883391688
*c1ccc(Oc2cccc(Oc3ccc(N4C(=O)c5ccc(Oc6ccc(S(=O)(=O)c7ccc(Oc8ccc9c(c8)C(=O)N(*)C9=O)cc7)cc6)cc5C4=O)cc3)c2)cc1,tg,219.0,203.90209663412804
*c1ccc(Oc2cccc(Oc3ccc(N4C(=O)c5ccc(Oc6ccc(Sc7ccc(Oc8ccc9c(c8)C(=O)N(*)C9=O)cc7)cc6)cc5C4=O)cc3)c2)cc1,tg,178.0,194.86605235253597
*c1ccc(Oc2cccc(Oc3ccc(N4C(=O)c5cccc(Oc6ccc(-c7ccc(Oc8cccc9c8C(=O)N(*)C9=O)cc7)cc6)c5C4=O)cc3)c2)cc1,tg,224.0,227.7882494904942
*c1ccc(Oc2cccc(Oc3ccc(N4C(=O)c5cccc(Oc6ccc(C(=O)c7ccc(Oc8cccc9c8C(=O)N(*)C9=O)cc7)cc6)c5C4=O)cc3)c2)cc1,tg,216.0,207.46810724120957
*c1ccc(Oc2cccc(Oc3ccc(N4C(=O)c5cccc(Oc6ccc(Oc7ccc(Oc8cccc9c8C(=O)N(*)C9=O)cc7)cc6)c5C4=O)cc3)c2)cc1,tg,198.0,210.06101056706083
*c1ccc(Oc2cccc(Oc3ccc(N4C(=O)c5cccc(Oc6ccc(S(=O)(=O)c7ccc(Oc8cccc9c8C(=O)N(*)C9=O)cc7)cc6)c5C4=O)cc3)c2)cc1,tg,230.0,224.55646070494436
*c1ccc(Oc2cccc(Oc3ccc(N4C(=O)c5cccc(Oc6ccc(Sc7ccc(Oc8cccc9c8C(=O)N(*)C9=O)cc7)cc6)c5C4=O)cc3)c2)cc1,tg,202.0,205.01093033008107
*c1ccc(Oc2cccc3c(NC(=O)c4ccc(C(c5ccc(C(=O)Nc6cccc7c(Oc8ccc(-c9nnc(*)o9)cc8)cccc67)cc5)(C(F)(F)F)C(F)(F)F)cc4)cccc23)cc1,tg,279.0,266.3718366004713
*c1ccc(Oc2cccc3c(NC(=O)c4ccc([Si](c5ccccc5)(c5ccccc5)c5ccc(C(=O)Nc6cccc7c(Oc8ccc(-c9nnc(*)o9)cc8)cccc67)cc5)cc4)cccc23)cc1,tg,275.0,259.51129099461474
*c1ccc(Oc2cccc3c(Oc4ccc(N5C(=O)c6ccc(-c7ccc8c(c7)C(=O)N(*)C8=O)cc6C5=O)cc4)cccc23)cc1,tg,305.0,259.26614096587855
*c1ccc(Oc2cccc3c(Oc4ccc(N5C(=O)c6ccc(S(=O)(=O)c7ccc8c(c7)C(=O)N(*)C8=O)cc6C5=O)cc4)cccc23)cc1,tg,306.0,270.96537709138573
*c1ccc(Oc2ccccc2N2C(=O)c3ccc(Oc4ccc5c(c4)C(=O)N(*)C5=O)cc3C2=O)cc1,tg,264.0,275.5289953587891
*c1ccc(Oc2ccccc2Oc2ccc(N3C(=O)c4ccc(Oc5cc6ccccc6cc5Oc5ccc6c(c5)C(=O)N(*)C6=O)cc4C3=O)cc2)cc1,tg,204.0,224.58879988223126
*c1ccc(Oc2ccccc2Oc2ccc(N3C(=O)c4ccc(Oc5ccc6c(c5)C(=O)N(*)C6=O)cc4C3=O)cc2C(F)(F)F)c(C(F)(F)F)c1,tg,223.0,227.4492901880772
*c1ccc(Oc2ccccc2Oc2ccc(N3C(=O)c4ccc(Oc5ccccc5Oc5ccc6c(c5)C(=O)N(*)C6=O)cc4C3=O)cc2C(F)(F)F)c(C(F)(F)F)c1,tg,185.0,205.7949963060831
*c1ccc(Oc2ccccc2Oc2ccc(N3C(=O)c4ccc(S(=O)(=O)c5ccc6c(c5)C(=O)N(*)C6=O)cc4C3=O)cc2C(F)(F)F)c(C(F)(F)F)c1,tg,255.0,255.12687678942464
*c1ccc(S(=O)(=O)c2ccc(-n3nc(*)c4ccccc4c3=O)cc2)cc1,tg,422.0,282.46258583557454
*c1ccc(S(=O)(=O)c2ccc(N3C(=O)C(C)C(SCCOCCSC4C(=O)N(c5ccc(S(=O)(=O)c6ccc(N7C(=O)CC(C)(SCCOCCSC8(C)CC(=O)N(*)C8=O)C7=O)cc6)cc5)C(=O)C4C)C3=O)cc2)cc1,tg,157.0,133.0129121784551
*c1ccc(S(=O)(=O)c2ccc(N3C(=O)c4ccc(-c5ccc6c(c5)C(=O)N(*)C6=O)cc4C3=O)cc2)cc1,tg,350.0,320.3154826917415
*c1ccc(S(=O)(=O)c2ccc(N3C(=O)c4ccc(Oc5ccc(C(C)(C)c6ccc(Oc7ccc8c(c7)C(=O)N(*)C8=O)cc6)cc5)cc4C3=O)cc2)cc1,tg,240.0,242.7621215631302
*c1ccc(S(=O)(=O)c2ccc(N3C(=O)c4ccc(Oc5ccc(Oc6ccc7c(c6)C(=O)N(*)C7=O)cc5)cc4C3=O)cc2)cc1,tg,283.0,259.2897577902066
*c1ccc(S(=O)(=O)c2ccc(N3C(=O)c4ccc(Oc5ccc6c(c5)C(=O)N(*)C6=O)cc4C3=O)cc2)cc1,tg,262.0,299.054629260452
*c1ccc(Sc2cc3c(cc2Sc2ccc(N4C(=O)C5C6C=CC(C7C(=O)N(*)C(=O)C67)C5C4=O)cc2)C(=O)N(CCN(C)C)C3=O)cc1,tg,310.0,281.18975659170104
*c1ccc(Sc2cc3c(cc2Sc2ccc(N4C(=O)C5C6C=CC(C7C(=O)N(*)C(=O)C67)C5C4=O)cc2)C(=O)N(CCc2ccccc2)C3=O)cc1,tg,258.0,278.0811806825733
*c1ccc(Sc2cc3c(cc2Sc2ccc(N4C(=O)C5C6C=CC(C7C(=O)N(*)C(=O)C67)C5C4=O)cc2)C(=O)N(c2ccc(CC)cc2)C3=O)cc1,tg,320.0,290.09144259697035
*c1ccc(Sc2cc3c(cc2Sc2ccc(N4C(=O)c5ccc(Oc6ccc7c(c6)C(=O)N(*)C7=O)cc5C4=O)cc2)C(=O)N(c2ccc(CC)cc2)C3=O)cc1,tg,271.0,244.2710274262164
*c1ccc(Sc2ccc(-c3nc4cc(-c5ccc6nc(-c7ccccc7)c(*)nc6c5)ccc4nc3-c3ccccc3)cc2)cc1,tg,281.0,285.8107471867925
*c1ccc(Sc2ccc(-c3nc4ccc(-c5ccc6nc(*)c(-c7ccccc7)nc6c5)cc4nc3-c3ccccc3)cc2)cc1,tg,288.0,316.14573702105525
*c1ccc(Sc2ccc(Sc3ccc(N4C(=O)c5ccc(Sc6ccc(Sc7ccc(Sc8ccc9c(c8)C(=O)N(*)C9=O)cc7)cc6)cc5C4=O)cc3)s2)cc1,tg,185.5,205.91304627554024
*c1ccc(Sc2ccc(Sc3ccc(Sc4ccc(N5C(=O)c6ccc(-c7ccc8c(c7)C(=O)N(*)C8=O)cc6C5=O)cc4)cc3)cc2)cc1,tg,227.1,241.27747281818662
*c1ccc(Sc2ccc(Sc3ccc(Sc4ccc(N5C(=O)c6ccc(Oc7ccc8c(c7)C(=O)N(*)C8=O)cc6C5=O)cc4)cc3)cc2)cc1,tg,202.65,212.28392548924006
*c1ccc(Sc2ccc(Sc3ccc(Sc4ccc(N5C(=O)c6ccc(Sc7ccc(Sc8ccc(Sc9ccc%10c(c9)C(=O)N(*)C%10=O)cc8)cc7)cc6C5=O)cc4)cc3)cc2)cc1,tg,176.45,186.98459756986273
*c1ccc(Sc2ccc(Sc3ccc(Sc4ccc(S(*)(=O)=O)cc4S(=O)(=O)O)cc3)cc2)c(S(=O)(=O)O)c1,tg,202.0,179.84547118844503
*c1ccc(Sc2ccc(Sc3ccc(Sc4ccc(S(*)=O)cc4)cc3)cc2)cc1,tg,133.0,151.85662838759401
*c1ccc(Sc2ccc(Sc3ccc(Sc4ccc(Sc5ccc(N6C(=O)c7ccc(Sc8ccc(Sc9ccc(Sc%10ccc%11c(c%10)C(=O)N(*)C%11=O)cc9)cc8)cc7C6=O)cc5)s4)s3)s2)cc1,tg,177.0,194.9387862019065
*c1ccc(Sc2cccc(Sc3ccc(S(*)=O)cc3)c2)cc1,tg,121.0,111.64348687198654
*c1ccc([Si](*)(C)C)s1,tg,21.0,23.189823151873473
*c1ccc([Si](CCCC)(CCCC)[Si](*)(CCCC)CCCC)s1,tg,-53.0,-13.640074244063786
*c1ccc([Si](c2ccccc2)(c2ccccc2)c2ccc(-c3nnc(-c4ccc(-c5nnc(*)o5)c5ccccc45)o3)cc2)cc1,tg,271.5,285.58151178555994
*c1ccc([Si](c2ccccc2)(c2ccccc2)c2ccc(-c3nnc(-c4ccc(-c5nnc(*)o5)cc4)o3)cc2)cc1,tg,274.0,263.20520856556965
*c1ccc([Si](c2ccccc2)(c2ccccc2)c2ccc(-c3nnc(-c4ccc(-c5nnc(*)o5)o4)o3)cc2)cc1,tg,264.0,249.47486800489847
*c1ccc([Si](c2ccccc2)(c2ccccc2)c2ccc(-c3nnc(-c4cccc(-c5nnc(*)o5)n4)o3)cc2)cc1,tg,265.0,247.24079833408365
*c1ccc([Si](c2ccccc2)(c2ccccc2)c2ccc(-c3nnc(-c4cncc(-c5nnc(*)o5)c4)o3)cc2)cc1,tg,272.0,263.1055373561428
*c1ccc2c(c1)C(*)(C)CC2(C)C,tg,212.75,210.05062612296257
*c1ccc2c(c1)C(=O)N(C1CC(C)(C)CC(C)(CN3C(=O)c4ccc(C(*)(C(F)(F)F)C(F)(F)F)cc4C3=O)C1)C2=O,tg,278.0,250.9635722110573
*c1ccc2c(c1)C(=O)N(c1c(C(C)C)cc(C(c3ccccc3)(c3cc(C(C)C)c(N4C(=O)c5ccc(C(*)(C(F)(F)F)C(F)(F)F)cc5C4=O)c(C(C)C)c3)C(F)(F)F)cc1C(C)C)C2=O,tg,274.0,279.4022545176749
*c1ccc2c(c1)C(=O)N(c1c(C(C)C)cc(Cc3cc(C(C)C)c(N4C(=O)c5ccc(C(*)(C(F)(F)F)C(F)(F)F)cc5C4=O)c(C(C)C)c3)cc1C(C)C)C2=O,tg,278.5,266.2259269531129
*c1ccc2c(c1)C(=O)N(c1c(C)cc(-c3cc(C)c(-c4cc(C)c(N5C(=O)c6ccc(C(*)(C(F)(F)F)C(F)(F)F)cc6C5=O)c(C)c4)cc3C)cc1C)C2=O,tg,361.0,354.025857581501
*c1ccc2c(c1)C(=O)N(c1c(C)cc(-c3cc(C)c(N4C(=O)c5ccc(C(*)(C(F)(F)F)C(F)(F)F)cc5C4=O)c4ccccc34)c3ccccc13)C2=O,tg,403.0,354.26663816988747
*c1ccc2c(c1)C(=O)N(c1c(C)cc(C(c3cccc(C(F)(F)F)c3)c3cc(C)c(N4C(=O)c5ccc(C(*)(C(F)(F)F)C(F)(F)F)cc5C4=O)c(C)c3)cc1C)C2=O,tg,286.1,281.6603147254359
*c1ccc2c(c1)C(=O)N(c1c(C)cc(C(c3ccccc3)(c3cc(C)c(N4C(=O)c5ccc(C(*)(C(F)(F)F)C(F)(F)F)cc5C4=O)c(C(C)C)c3)C(F)(F)F)cc1C(C)C)C2=O,tg,289.0,286.3413591481382
*c1ccc2c(c1)C(=O)N(c1c(C)cc(C)c(C(=O)c3cccc(N4C(=O)c5ccc(C(*)(C(F)(F)F)C(F)(F)F)cc5C4=O)c3)c1C)C2=O,tg,280.0,299.4573157198413
*c1ccc2c(c1)C(=O)N(c1c(C)cc(C)c(N3C(=O)c4ccc(C(*)(C(F)(F)F)C(F)(F)F)cc4C3=O)c1C)C2=O,tg,366.25,352.54329258970563
*c1ccc2c(c1)C(=O)N(c1c(C)cc(C3(c4cc(C)c(N5C(=O)c6ccc(C(*)(C(F)(F)F)C(F)(F)F)cc6C5=O)c(C(C)C)c4)c4ccccc4-c4ccccc43)cc1C(C)C)C2=O,tg,335.0,318.71362261328903
*c1ccc2c(c1)C(=O)N(c1c(C)cc(C3(c4cc(C)c(N5C(=O)c6ccc(C(*)(C(F)(F)F)C(F)(F)F)cc6C5=O)c(C)c4)c4ccccc4-c4ccccc43)cc1C)C2=O,tg,361.0,375.0861192760504
*c1ccc2c(c1)C(=O)N(c1c(C)cc(Cc3cc(C)c(N4C(=O)c5ccc(C(*)(C(F)(F)F)C(F)(F)F)cc5C4=O)c(C(C)C)c3)cc1C(C)C)C2=O,tg,276.0,287.22058482607406
*c1ccc2c(c1)C(=O)N(c1c(C)cc(Cc3cc(C)c(N4C(=O)c5ccc(C(*)(C(F)(F)F)C(F)(F)F)cc5C4=O)c(C)c3)cc1C)C2=O,tg,307.5,312.9768953449591
*c1ccc2c(c1)C(=O)N(c1c(CC)cc(Cc3cc(CC)c(N4C(=O)c5ccc(C(*)(C(F)(F)F)C(F)(F)F)cc5C4=O)c(CC)c3)cc1CC)C2=O,tg,266.0,226.32649813668084
*c1ccc2c(c1)C(=O)N(c1cc(-c3ccc(O)c(N4C(=O)c5ccc(C(*)(C(F)(F)F)C(F)(F)F)cc5C4=O)c3)ccc1O)C2=O,tg,350.0,336.26882504871844
*c1ccc2c(c1)C(=O)N(c1cc(C(=O)Nc3cccc4c(NC(=O)c5ccc(C)c(N6C(=O)c7ccc(C(*)(C(F)(F)F)C(F)(F)F)cc7C6=O)c5)cccc34)ccc1C)C2=O,tg,250.0,285.62424464002703
*c1ccc2c(c1)C(=O)N(c1cc(C(=O)Oc3ccc(C(c4ccc(OC(=O)c5ccc(C)c(N6C(=O)c7ccc(C(*)(C(F)(F)F)C(F)(F)F)cc7C6=O)c5)cc4)(C(F)(F)F)C(F)(F)F)cc3)ccc1C)C2=O,tg,289.0,247.36801555358352
*c1ccc2c(c1)C(=O)N(c1cc(C(c3ccc(O)c(N4C(=O)c5ccc(C(*)(C(F)(F)F)C(F)(F)F)cc5C4=O)c3)(C(F)(F)F)C(F)(F)F)ccc1O)C2=O,tg,310.33,297.2563589343597
*c1ccc2c(c1)C(=O)N(c1cc(C(c3ccc(OC(=O)C45CC6CC(CC(C6)C4)C5)c(N4C(=O)c5ccc(C(*)(C(F)(F)F)C(F)(F)F)cc5C4=O)c3)(C(F)(F)F)C(F)(F)F)ccc1OC(=O)C13CC4CC(CC(C4)C1)C3)C2=O,tg,305.0,270.04713138045054
*c1ccc2c(c1)C(=O)N(c1cc(C(c3ccc(OC(C)=O)c(N4C(=O)c5ccc(C(*)(C(F)(F)F)C(F)(F)F)cc5C4=O)c3)(C(F)(F)F)C(F)(F)F)ccc1OC(C)=O)C2=O,tg,266.5,273.8255595413103
*c1ccc2c(c1)C(=O)N(c1cc(C(c3ccc(OCCN(CC)c4ccc(N=Nc5ccc([N+](=O)[O-])cc5)cc4)c(N4C(=O)c5ccc(C(*)(C(F)(F)F)C(F)(F)F)cc5C4=O)c3)(C(F)(F)F)C(F)(F)F)ccc1OCCN(CC)c1ccc(N=Nc3ccc([N+](=O)[O-])cc3)cc1)C2=O,tg,199.0,188.68141435327186
*c1ccc2c(c1)C(=O)N(c1cc(N3C(=O)c4ccc(C(*)(C(F)(F)F)C(F)(F)F)cc4C3=O)c(O)cc1O)C2=O,tg,324.0,318.1915796601202
*c1ccc2c(c1)C(=O)N(c1cc(N3C(=O)c4ccc(C(*)(C(F)(F)F)C(F)(F)F)cc4C3=O)cc(C(F)(F)F)c1)C2=O,tg,284.0,325.88044275797927
*c1ccc2c(c1)C(=O)N(c1cc(N3C(=O)c4ccc(C(*)(C(F)(F)F)C(F)(F)F)cc4C3=O)ccc1C)C2=O,tg,307.0,338.22451135225
*c1ccc2c(c1)C(=O)N(c1cc(N3C(=O)c4ccc(C(*)(C(F)(F)F)C(F)(F)F)cc4C3=O)ccc1OCCCCCCOc1ccc(-c3ccc(OCC)cc3)cc1)C2=O,tg,150.3,169.17281438480444
*c1ccc2c(c1)C(=O)N(c1cc(N3C(=O)c4ccc(C(*)(C(F)(F)F)C(F)(F)F)cc4C3=O)ccc1OCCCCCCOc1ccc(N=Nc3ccc(OCC)cc3)cc1)C2=O,tg,198.0,165.03274247625544
*c1ccc2c(c1)C(=O)N(c1cc(NC(=O)OCCN(CCOC(=O)Nc3cc(N4C(=O)c5ccc(C(*)(C(F)(F)F)C(F)(F)F)cc5C4=O)ccc3C)c3ccc(N=Nc4ccc([N+](=O)[O-])cc4)cc3)ccc1C)C2=O,tg,196.0,194.18316238892157
*c1ccc2c(c1)C(=O)N(c1cc(OCCCCCCCC)cc(N3C(=O)c4ccc(C(*)(C(F)(F)F)C(F)(F)F)cc4C3=O)c1)C2=O,tg,195.0,180.28068557272897
*c1ccc2c(c1)C(=O)N(c1cc(OCCCCCCCCCCCC)cc(N3C(=O)c4ccc(C(*)(C(F)(F)F)C(F)(F)F)cc4C3=O)c1)C2=O,tg,165.0,179.1043500959343
*c1ccc2c(c1)C(=O)N(c1cc(OCCN(CC)c3ccc(N=Nc4ccc([N+](=O)[O-])cc4)cc3)cc(N3C(=O)c4ccc(C(*)(C(F)(F)F)C(F)(F)F)cc4C3=O)c1)C2=O,tg,210.0,222.0139436001465
*c1ccc2c(c1)C(=O)N(c1ccc(-c3cc(-c4ccc(OCCCC#N)cc4)cc(-c4ccc(N5C(=O)c6ccc(C(*)(C(F)(F)F)C(F)(F)F)cc6C5=O)cc4)n3)cc1)C2=O,tg,339.0,272.3228265290817
*c1ccc2c(c1)C(=O)N(c1ccc(-c3ccc(N4C(=O)c5ccc(C(*)(C(F)(F)F)C(F)(F)F)cc5C4=O)c(C)c3)cc1C)C2=O,tg,352.0,357.26071881306643
*c1ccc2c(c1)C(=O)N(c1ccc(-c3ccc(N4C(=O)c5ccc(C(*)(C(F)(F)F)C(F)(F)F)cc5C4=O)c(O)c3)cc1O)C2=O,tg,360.0,330.70821856176644
*c1ccc2c(c1)C(=O)N(c1ccc(-c3ccc(N4C(=O)c5ccc(C(*)(C(F)(F)F)C(F)(F)F)cc5C4=O)c(OC(=O)C=Cc4ccccc4)c3)cc1OC(=O)C=Cc1ccccc1)C2=O,tg,181.0,267.38749815146724
*c1ccc2c(c1)C(=O)N(c1ccc(-c3ccc(N4C(=O)c5ccc(C(*)(C(F)(F)F)C(F)(F)F)cc5C4=O)c(OCCCCCCOc4ccc(/C=C/c5ccc(F)cc5)cc4)c3)cc1OCCCCCCOc1ccc(/C=C/c3ccc(F)cc3)cc1)C2=O,tg,140.0,124.60796106239204
*c1ccc2c(c1)C(=O)N(c1ccc(-c3ccc(N4C(=O)c5ccc(C(*)(C(F)(F)F)C(F)(F)F)cc5C4=O)c(OCCN(CC)c4ccc(C(C#N)=C(C#N)C#N)cc4)c3)cc1OCCN(CC)c1ccc(C(C#N)=C(C#N)C#N)cc1)C2=O,tg,222.0,194.398491056988
*c1ccc2c(c1)C(=O)N(c1ccc(-c3ccc(N4C(=O)c5ccc(C(*)(C(F)(F)F)C(F)(F)F)cc5C4=O)cc3C(F)(F)F)c(C(F)(F)F)c1)C2=O,tg,321.5,340.2182157144459
*c1ccc2c(c1)C(=O)N(c1ccc(-c3ccc(Oc4ccc5c(c4)C(C)(c4ccc(Oc6ccc(-c7ccc(N8C(=O)c9ccc(C(*)(C(F)(F)F)C(F)(F)F)cc9C8=O)cc7)cc6C(F)(F)F)cc4)CC5(C)C)c(C(F)(F)F)c3)cc1)C2=O,tg,262.0,267.57806290321486
*c1ccc2c(c1)C(=O)N(c1ccc(C(=O)Nc3ccc(Oc4ccc(-c5ccc(Oc6ccc(NC(=O)c7ccc(N8C(=O)c9ccc(C(*)(C(F)(F)F)C(F)(F)F)cc9C8=O)cc7)cc6)cc5)cc4)cc3)cc1)C2=O,tg,296.0,277.26421947654353
*c1ccc2c(c1)C(=O)N(c1ccc(C(=O)Nc3ccc(Oc4ccc(C(C)(C)c5ccc(Oc6ccc(NC(=O)c7ccc(N8C(=O)c9ccc(C(*)(C(F)(F)F)C(F)(F)F)cc9C8=O)cc7)cc6)cc5)cc4)cc3)cc1)C2=O,tg,266.0,275.09916906121225
*c1ccc2c(c1)C(=O)N(c1ccc(C(=O)Nc3ccc(Oc4ccc(C(c5ccc(Oc6ccc(NC(=O)c7ccc(N8C(=O)c9ccc(C(*)(C(F)(F)F)C(F)(F)F)cc9C8=O)cc7)cc6)cc5)(C(F)(F)F)C(F)(F)F)cc4)cc3)cc1)C2=O,tg,293.0,261.70764958437616
*c1ccc2c(c1)C(=O)N(c1ccc(C(=O)Nc3ccc(Oc4cccc(Oc5ccc(NC(=O)c6ccc(N7C(=O)c8ccc(C(*)(C(F)(F)F)C(F)(F)F)cc8C7=O)cc6)cc5)c4)cc3)cc1)C2=O,tg,286.0,250.85934200512867
*c1ccc2c(c1)C(=O)N(c1ccc(C(C)(C)c3ccc(C(C)(C)c4ccc(N5C(=O)c6ccc(C(*)(C(F)(F)F)C(F)(F)F)cc6C5=O)cc4)cc3)cc1)C2=O,tg,235.4,288.99173181216844
*c1ccc2c(c1)C(=O)N(c1ccc(C(C)(C)c3ccc(N4C(=O)c5ccc(C(*)(C(F)(F)F)C(F)(F)F)cc5C4=O)cc3)cc1)C2=O,tg,297.0,291.7083849618432
*c1ccc2c(c1)C(=O)N(c1ccc(C(c3ccc(C)c(N4C(=O)c5ccc(C(*)(C(F)(F)F)C(F)(F)F)cc5C4=O)c3)(C(F)(F)F)C(F)(F)F)cc1C)C2=O,tg,266.0,309.1757178895373
*c1ccc2c(c1)C(=O)N(c1ccc(C(c3ccc(N4C(=O)c5ccc(C(*)(C(F)(F)F)C(F)(F)F)cc5C4=O)c(O)c3)(C(F)(F)F)C(F)(F)F)cc1O)C2=O,tg,303.0,302.3570096022112
*c1ccc2c(c1)C(=O)N(c1ccc(C(c3ccc(N4C(=O)c5ccc(C(*)(C(F)(F)F)C(F)(F)F)cc5C4=O)cc3)(C(F)(F)F)C(F)(F)F)cc1)C2=O,tg,312.22,305.18760427636266
*c1ccc2c(c1)C(=O)N(c1ccc(C(c3ccccc3)(c3ccc(N4C(=O)c5ccc(C(*)(C(F)(F)F)C(F)(F)F)cc5C4=O)cc3)C(F)(F)F)cc1)C2=O,tg,305.0,313.54468391916856
*c1ccc2c(c1)C(=O)N(c1ccc(C3(c4ccc(N5C(=O)c6ccc(C(*)(C(F)(F)F)C(F)(F)F)cc6C5=O)c(F)c4)c4ccccc4-c4ccccc43)cc1F)C2=O,tg,352.0,332.3854807050264
*c1ccc2c(c1)C(=O)N(c1ccc(Cc3ccc(N4C(=O)c5ccc(C(*)(C(F)(F)F)C(F)(F)F)cc5C4=O)c(C(C)(C)C)c3)cc1C(C)(C)C)C2=O,tg,274.0,299.7651324225783
*c1ccc2c(c1)C(=O)N(c1ccc(Cc3ccc(N4C(=O)c5ccc(C(*)(C(F)(F)F)C(F)(F)F)cc5C4=O)cc3)cc1)C2=O,tg,296.35,306.7525083795044
*c1ccc2c(c1)C(=O)N(c1ccc(Cc3ccc(N4C(=O)c5ccc(C(F)(F)C(F)(F)C(*)(F)F)cc5C4=O)cc3)cc1)C2=O,tg,272.4,211.88361233270732
*c1ccc2c(c1)C(=O)N(c1ccc(N(c3ccc(C#N)cc3)c3ccc(N4C(=O)c5ccc(C(*)(C(F)(F)F)C(F)(F)F)cc5C4=O)cc3)cc1)C2=O,tg,321.0,311.7764634870113
*c1ccc2c(c1)C(=O)N(c1ccc(N(c3ccc(C=Cc4ccc([N+](=O)[O-])cc4)cc3)c3ccc(N4C(=O)c5ccc(C(*)(C(F)(F)F)C(F)(F)F)cc5C4=O)cc3)cc1)C2=O,tg,290.0,283.2387844045802
*c1ccc2c(c1)C(=O)N(c1ccc(N3C(=O)c4ccc(C(*)(C(F)(F)F)C(F)(F)F)cc4C3=O)cc1)C2=O,tg,348.86,371.87317029446956
*c1ccc2c(c1)C(=O)N(c1ccc(NC(=O)C(F)(F)C(F)(F)C(F)(F)C(F)(F)C(=O)Nc3ccc(N4C(=O)c5ccc(C(*)(C(F)(F)F)C(F)(F)F)cc5C4=O)cc3)cc1)C2=O,tg,285.0,241.03781972521722
*c1ccc2c(c1)C(=O)N(c1ccc(NC(=O)C(F)(F)C(F)(F)C(F)(F)C(F)(F)C(F)(F)C(F)(F)C(=O)Nc3ccc(N4C(=O)c5ccc(C(*)(C(F)(F)F)C(F)(F)F)cc5C4=O)cc3)cc1)C2=O,tg,265.0,237.0774635303252
*c1ccc2c(c1)C(=O)N(c1ccc(NC(=S)N=Cc3ccc(Cl)c(N4C(=O)c5ccc(C(*)(C(F)(F)F)C(F)(F)F)cc5C4=O)c3)cc1)C2=O,tg,272.0,261.35023757822086
*c1ccc2c(c1)C(=O)N(c1ccc(OC(C)COc3ccc(N4C(=O)c5ccc(C(*)(C(F)(F)F)C(F)(F)F)cc5C4=O)cc3)cc1)C2=O,tg,234.0,243.01376664660955
*c1ccc2c(c1)C(=O)N(c1ccc(OCCCCCCCCCCOc3ccc(N4C(=O)c5ccc(C(*)(C(F)(F)F)C(F)(F)F)cc5C4=O)cc3)cc1)C2=O,tg,143.0,158.7486590106105
*c1ccc2c(c1)C(=O)N(c1ccc(OCCCCOc3ccc(N4C(=O)c5ccc(C(*)(C(F)(F)F)C(F)(F)F)cc5C4=O)cc3)cc1)C2=O,tg,169.0,219.05217844137135
*c1ccc2c(c1)C(=O)N(c1ccc(OCCOCCOCCOCCOc3ccc(N4C(=O)c5ccc(C(*)(C(F)(F)F)C(F)(F)F)cc5C4=O)cc3)cc1)C2=O,tg,140.0,151.03608442349721
*c1ccc2c(c1)C(=O)N(c1ccc(OCCOCCOCCOc3ccc(N4C(=O)c5ccc(C(*)(C(F)(F)F)C(F)(F)F)cc5C4=O)cc3)cc1)C2=O,tg,166.0,170.53338247417125
*c1ccc2c(c1)C(=O)N(c1ccc(Oc3c(C(C)(C)C)cc(-c4ccc(N5C(=O)c6ccc(C(*)(C(F)(F)F)C(F)(F)F)cc6C5=O)cc4)cc3C(C)(C)C)c(C(F)(F)F)c1)C2=O,tg,362.5,285.05663345942406
*c1ccc2c(c1)C(=O)N(c1ccc(Oc3cc(C(C)(C)C)c(Oc4ccc(N5C(=O)c6ccc(C(*)(C(F)(F)F)C(F)(F)F)cc6C5=O)cc4)cc3C(C)(C)C)cc1)C2=O,tg,277.0,275.4862550379469
*c1ccc2c(c1)C(=O)N(c1ccc(Oc3ccc(-c4ccc(Oc5ccc(N6C(=O)c7ccc(C(*)(C(F)(F)F)C(F)(F)F)cc7C6=O)cc5)cc4)cc3)cc1)C2=O,tg,288.0,263.9695160759281
*c1ccc2c(c1)C(=O)N(c1ccc(Oc3ccc(C(=O)c4cccc(C(=O)c5ccc(Oc6ccc(N7C(=O)c8ccc(C(*)(C(F)(F)F)C(F)(F)F)cc8C7=O)cc6)cc5)c4)cc3)cc1)C2=O,tg,236.0,237.2949767419192
*c1ccc2c(c1)C(=O)N(c1ccc(Oc3ccc(C(=O)c4cccc(C(=O)c5ccc(Oc6ccc(N7C(=O)c8ccc(C(*)(C(F)(F)F)C(F)(F)F)cc8C7=O)cc6C(F)(F)F)cc5)n4)cc3)c(C(F)(F)F)c1)C2=O,tg,206.4,239.64121431284926
*c1ccc2c(c1)C(=O)N(c1ccc(Oc3ccc(C(C)(C)c4ccc(Oc5ccc(N6C(=O)c7ccc(C(*)(C(F)(F)F)C(F)(F)F)cc7C6=O)cc5)cc4)cc3)cc1)C2=O,tg,244.4,257.5596176349722
*c1ccc2c(c1)C(=O)N(c1ccc(Oc3ccc(C(c4ccc(Oc5ccc(N6C(=O)c7ccc(C(*)(C(F)(F)F)C(F)(F)F)cc7C6=O)cc5)cc4)(C(F)(F)F)C(F)(F)F)cc3)cc1)C2=O,tg,259.43,256.737741536523
*c1ccc2c(c1)C(=O)N(c1ccc(Oc3ccc(N4C(=O)c5ccc(-c6c(-c7ccccc7)c(-c7ccccc7)c(-c7ccc(Oc8ccc(-c9c(-c%10ccccc%10)c(-c%10ccccc%10)c(*)c(-c%10ccccc%10)c9-c9ccccc9)cc8)cc7)c(-c7ccccc7)c6-c6ccccc6)cc5C4=O)cc3)cc1)C2=O,tg,329.0,307.365678485052
*c1ccc2c(c1)C(=O)N(c1ccc(Oc3ccc(N4C(=O)c5ccc(-c6c(-c7ccccc7)c(-c7ccccc7)c(-c7ccc(Sc8ccc(-c9c(-c%10ccccc%10)c(-c%10ccccc%10)c(*)c(-c%10ccccc%10)c9-c9ccccc9)cc8)cc7)c(-c7ccccc7)c6-c6ccccc6)cc5C4=O)cc3)cc1)C2=O,tg,322.0,306.50313402930976
*c1ccc2c(c1)C(=O)N(c1ccc(Oc3ccc(N4C(=O)c5ccc(C(*)(C(F)(F)F)C(F)(F)F)cc5C4=O)cc3)c(O)c1)C2=O,tg,277.33,301.2756573410844
*c1ccc2c(c1)C(=O)N(c1ccc(Oc3ccc(N4C(=O)c5ccc(C(*)(C(F)(F)F)C(F)(F)F)cc5C4=O)cc3)c(OCCN(CC)c3ccc(N=Nc4ccc([N+](=O)[O-])cc4)cc3)c1)C2=O,tg,202.0,216.69872358244825
*c1ccc2c(c1)C(=O)N(c1ccc(Oc3ccc(N4C(=O)c5ccc(C(*)(C(F)(F)F)C(F)(F)F)cc5C4=O)cc3)cc1)C2=O,tg,304.1,287.6924977505039
*c1ccc2c(c1)C(=O)N(c1ccc(Oc3ccc(N4C(=O)c5ccc(C(*)(C(F)(F)F)C(F)(F)F)cc5C4=O)cc3Br)c(Br)c1)C2=O,tg,299.0,293.52426487018414
*c1ccc2c(c1)C(=O)N(c1ccc(Oc3ccc(N4C(=O)c5ccc(C(F)(F)C(F)(F)C(*)(F)F)cc5C4=O)cc3)cc1)C2=O,tg,216.5,272.4997178882148
*c1ccc2c(c1)C(=O)N(c1ccc(Oc3ccc(N4C(=O)c5ccc(C(F)(F)C(F)(F)C(F)(F)C(F)(F)C(F)(F)C(*)(F)F)cc5C4=O)cc3)cc1)C2=O,tg,185.0,173.571037019162
*c1ccc2c(c1)C(=O)N(c1ccc(Oc3ccc(N4C(=O)c5ccc(C(F)(F)C(F)(F)C(F)(F)C(F)(F)C(F)(F)C(F)(F)C(*)(F)F)cc5C4=O)cc3)cc1)C2=O,tg,178.0,165.72823684173414
*c1ccc2c(c1)C(=O)N(c1ccc(Oc3ccc(Oc4ccc(N5C(=O)c6ccc(C(*)(C(F)(F)F)C(F)(F)F)cc6C5=O)cc4)cc3)c(C(F)(F)F)c1)C2=O,tg,260.8,253.7231962041571
*c1ccc2c(c1)C(=O)N(c1ccc(Oc3ccc(Oc4ccc(N5C(=O)c6ccc(C(*)(C(F)(F)F)C(F)(F)F)cc6C5=O)cc4)cc3)cc1)C2=O,tg,272.0,268.7195832704025
*c1ccc2c(c1)C(=O)N(c1ccc(Oc3ccc(S(=O)(=O)c4ccc(Oc5ccc(N6C(=O)c7ccc(C(*)(C(F)(F)F)C(F)(F)F)cc7C6=O)cc5)cc4)cc3)cc1)C2=O,tg,276.04,261.5810067287272
*c1ccc2c(c1)C(=O)N(c1ccc(Oc3ccc4ccc(Oc5ccc(N6C(=O)c7ccc(C(*)(C(F)(F)F)C(F)(F)F)cc7C6=O)cc5)cc4c3)cc1)C2=O,tg,302.3,257.9251111885308
*c1ccc2c(c1)C(=O)N(c1ccc(Oc3cccc(-c4cc(-c5ccccc5)cc(-c5cccc(Oc6ccc(N7C(=O)c8ccc(C(*)(C(F)(F)F)C(F)(F)F)cc8C7=O)cc6)c5)n4)c3)cc1)C2=O,tg,180.0,269.9215979255178
*c1ccc2c(c1)C(=O)N(c1ccc(Oc3ccccc3Oc3ccc(N4C(=O)c5ccc(C(*)(C(F)(F)F)C(F)(F)F)cc5C4=O)cc3C(F)(F)F)c(C(F)(F)F)c1)C2=O,tg,247.0,241.0864203662895
*c1ccc2c(c1)C(=O)N(c1ccc(S(=O)(=O)c3ccc(N4C(=O)c5ccc(C(F)(F)C(F)(F)C(*)(F)F)cc5C4=O)cc3)cc1)C2=O,tg,259.0,256.01939538895607
*c1ccc2c(c1)C(=O)N(c1ccc(S(=O)(=O)c3ccc(S(=O)(=O)c4ccc(N5C(=O)c6ccc(C(*)(C(F)(F)F)C(F)(F)F)cc6C5=O)cc4)cc3)cc1)C2=O,tg,331.0,274.6385840857657
*c1ccc2c(c1)C(=O)N(c1ccc(S(=O)(=O)c3ccc(S(=O)(=O)c4ccc(S(=O)(=O)c5ccc(N6C(=O)c7ccc(C(*)(C(F)(F)F)C(F)(F)F)cc7C6=O)cc5)cc4)cc3)cc1)C2=O,tg,327.0,279.68742899518423
*c1ccc2c(c1)C(=O)N(c1ccc(Sc3ccc(Oc4ccc(Sc5ccc(N6C(=O)c7ccc(C(*)(C(F)(F)F)C(F)(F)F)cc7C6=O)cc5)cc4)cc3)cc1)C2=O,tg,232.67,251.02939558170294
*c1ccc2c(c1)C(=O)N(c1ccc(Sc3ccc(Sc4ccc(N5C(=O)c6ccc(C(*)(C(F)(F)F)C(F)(F)F)cc6C5=O)cc4)cc3)cc1)C2=O,tg,257.0,259.77770710646234
*c1ccc2c(c1)C(=O)N(c1ccc(Sc3ccc(Sc4ccc(Sc5ccc(Sc6ccc(N7C(=O)c8ccc(C(*)(C(F)(F)F)C(F)(F)F)cc8C7=O)cc6)cc5)cc4)cc3)cc1)C2=O,tg,216.0,229.17717231323607
*c1ccc2c(c1)C(=O)N(c1ccc3c(c1)-c1cc(N4C(=O)c5ccc(C(*)(C(F)(F)F)C(F)(F)F)cc5C4=O)ccc1C3)C2=O,tg,394.0,342.41632130646826
*c1ccc2c(c1)C(=O)N(c1ccc3c(c1)Cc1cc(N4C(=O)c5ccc(C(*)(C(F)(F)F)C(F)(F)F)cc5C4=O)ccc1-3)C2=O,tg,394.0,313.2407478066189
*c1ccc2c(c1)C(=O)N(c1cccc(C(=O)Nc3ccc(-c4ccc(NC(=O)c5cccc(N6C(=O)c7ccc(C(*)(C(F)(F)F)C(F)(F)F)cc7C6=O)c5)cc4)cc3)c1)C2=O,tg,324.0,296.2519288252633
*c1ccc2c(c1)C(=O)N(c1cccc(C(=O)Nc3ccc(C(c4ccc(NC(=O)c5cccc(N6C(=O)c7ccc(C(*)(C(F)(F)F)C(F)(F)F)cc7C6=O)c5)cc4)(C(F)(F)F)C(F)(F)F)cc3)c1)C2=O,tg,273.5,275.7813701077426
*c1ccc2c(c1)C(=O)N(c1cccc(C(=O)Nc3ccc(C(c4ccc(NC(=O)c5cccc(N6C(=O)c7ccc(C(*)(C(F)(F)F)C(F)(F)F)cc7C6=O)c5C)cc4)(C(F)(F)F)C(F)(F)F)cc3)c1C)C2=O,tg,250.0,273.31242763049994
*c1ccc2c(c1)C(=O)N(c1cccc(C(=O)Nc3ccc(NC(=O)c4ccc(NC(=O)c5cccc(N6C(=O)c7ccc(C(*)(C(F)(F)F)C(F)(F)F)cc7C6=O)c5)cc4)cc3)c1)C2=O,tg,328.0,265.57315217001207
*c1ccc2c(c1)C(=O)N(c1cccc(C(=O)Nc3ccc(Oc4ccc(C(C)(C)c5ccc(Oc6ccc(NC(=O)c7cccc(N8C(=O)c9ccc(C(*)(C(F)(F)F)C(F)(F)F)cc9C8=O)c7)cc6)cc5)cc4)cc3)c1)C2=O,tg,259.0,257.1807528146424
*c1ccc2c(c1)C(=O)N(c1cccc(C(=O)Nc3ccc(Oc4ccc(C(c5ccc(Oc6ccc(NC(=O)c7cccc(N8C(=O)c9ccc(C(*)(C(F)(F)F)C(F)(F)F)cc9C8=O)c7)cc6)cc5)(C(F)(F)F)C(F)(F)F)cc4)cc3)c1)C2=O,tg,266.0,266.45211468595346
*c1ccc2c(c1)C(=O)N(c1cccc(C(=O)Nc3ccc(Oc4ccc(NC(=O)c5cccc(N6C(=O)c7ccc(C(*)(C(F)(F)F)C(F)(F)F)cc7C6=O)c5)cc4)cc3)c1)C2=O,tg,298.0,275.06387462918434
*c1ccc2c(c1)C(=O)N(c1cccc(C(=O)Nc3ccc(Oc4ccc(Oc5ccc(NC(=O)c6cccc(N7C(=O)c8ccc(C(*)(C(F)(F)F)C(F)(F)F)cc8C7=O)c6)cc5)cc4)cc3)c1)C2=O,tg,283.0,274.5157490815458
*c1ccc2c(c1)C(=O)N(c1cccc(C(=O)Nc3ccc(Oc4ccccc4Oc4ccc(NC(=O)c5cccc(N6C(=O)c7ccc(C(*)(C(F)(F)F)C(F)(F)F)cc7C6=O)c5)cc4)cc3)c1)C2=O,tg,265.0,255.40528629691724
*c1ccc2c(c1)C(=O)N(c1cccc(C(C)(C)c3ccc(N4C(=O)c5ccc(C(*)(C(F)(F)F)C(F)(F)F)cc5C4=O)cc3)c1)C2=O,tg,260.0,286.7006005716909
*c1ccc2c(c1)C(=O)N(c1cccc(C(F)(F)C(F)(F)C(F)(F)C(F)(F)C(F)(F)c3cccc(N4C(=O)c5ccc(C(F)(F)C(F)(F)C(*)(F)F)cc5C4=O)c3)c1)C2=O,tg,104.5,142.42780343668701
*c1ccc2c(c1)C(=O)N(c1cccc(C(F)(F)C(F)(F)C(F)(F)C(F)(F)C(F)(F)c3cccc(N4C(=O)c5ccc(C(F)(F)C(F)(F)C(F)(F)C(*)(F)F)cc5C4=O)c3)c1)C2=O,tg,144.0,139.21976015432134
*c1ccc2c(c1)C(=O)N(c1cccc(C(F)(F)C(F)(F)C(F)(F)C(F)(F)C(F)(F)c3cccc(N4C(=O)c5ccc(C(F)(F)C(F)(F)C(F)(F)C(F)(F)C(F)(F)C(F)(F)C(*)(F)F)cc5C4=O)c3)c1)C2=O,tg,108.5,141.29056124220781
*c1ccc2c(c1)C(=O)N(c1cccc(C(F)(F)C(F)(F)C(F)(F)c3cccc(N4C(=O)c5ccc(C(F)(F)C(F)(F)C(*)(F)F)cc5C4=O)c3)c1)C2=O,tg,151.0,162.04153847738561
*c1ccc2c(c1)C(=O)N(c1cccc(C(F)(F)C(F)(F)C(F)(F)c3cccc(N4C(=O)c5ccc(C(F)(F)C(F)(F)C(F)(F)C(*)(F)F)cc5C4=O)c3)c1)C2=O,tg,159.0,147.27869493313347
*c1ccc2c(c1)C(=O)N(c1cccc(C(O)c3cccc(N4C(=O)c5ccc(C(*)(C(F)(F)F)C(F)(F)F)cc5C4=O)c3)c1)C2=O,tg,236.5,277.9892716305478
*c1ccc2c(c1)C(=O)N(c1cccc(C(c3cccc(N4C(=O)c5ccc(C(*)(C(F)(F)F)C(F)(F)F)cc5C4=O)c3)(C(F)(F)F)C(F)(F)F)c1)C2=O,tg,266.5,270.3169131522489
*c1ccc2c(c1)C(=O)N(c1cccc(C(c3ccccc3)(c3cccc(N4C(=O)c5ccc(C(*)(C(F)(F)F)C(F)(F)F)cc5C4=O)c3)C(F)(F)F)c1)C2=O,tg,305.0,271.71182577343865
*c1ccc2c(c1)C(=O)N(c1cccc(N3C(=O)c4ccc(C(*)(C(F)(F)F)C(F)(F)F)cc4C3=O)c1)C2=O,tg,298.6,302.8314440614706
*c1ccc2c(c1)C(=O)N(c1cccc(N3C(=O)c4ccc(C(*)(C(F)(F)F)C(F)(F)F)cc4C3=O)c1C)C2=O,tg,353.5,315.41925003053416
*c1ccc2c(c1)C(=O)N(c1cccc(NC(=O)C(F)(F)C(F)(F)C(F)(F)C(F)(F)C(=O)Nc3cccc(N4C(=O)c5ccc(C(*)(C(F)(F)F)C(F)(F)F)cc5C4=O)c3)c1)C2=O,tg,232.0,234.77452360542807
*c1ccc2c(c1)C(=O)N(c1cccc(Oc3ccc(N4C(=O)c5ccc(-c6c(-c7ccccc7)c(-c7ccccc7)c(-c7ccc(Oc8ccc(-c9c(-c%10ccccc%10)c(-c%10ccccc%10)c(*)c(-c%10ccccc%10)c9-c9ccccc9)cc8)cc7)c(-c7ccccc7)c6-c6ccccc6)cc5C4=O)cc3)c1)C2=O,tg,309.0,316.4369757546854
*c1ccc2c(c1)C(=O)N(c1cccc(Oc3ccc(N4C(=O)c5ccc(C(*)(C(F)(F)F)C(F)(F)F)cc5C4=O)cc3)c1)C2=O,tg,261.3,266.1157526962043
*c1ccc2c(c1)C(=O)N(c1cccc(Oc3ccc(Oc4cccc(N5C(=O)c6ccc(C(*)(C(F)(F)F)C(F)(F)F)cc6C5=O)c4)cc3)c1)C2=O,tg,230.0,242.11635820185953
*c1ccc2c(c1)C(=O)N(c1cccc(Oc3ccc(P(=O)(c4ccccc4)c4ccc(Oc5cccc(N6C(=O)c7ccc(C(*)(C(F)(F)F)C(F)(F)F)cc7C6=O)c5)cc4)cc3)c1)C2=O,tg,243.0,237.21304949126284
*c1ccc2c(c1)C(=O)N(c1cccc(Oc3cccc(N4C(=O)c5ccc(C(*)(C(F)(F)F)C(F)(F)F)cc5C4=O)c3)c1)C2=O,tg,244.0,246.66139443226248
*c1ccc2c(c1)C(=O)N(c1cccc(P(=O)(c3ccc(C(F)(F)F)cc3)c3cccc(N4C(=O)c5ccc(C(*)(C(F)(F)F)C(F)(F)F)cc5C4=O)c3)c1)C2=O,tg,260.0,295.6744697631301
*c1ccc2c(c1)C(=O)N(c1cccc(P(=O)(c3ccc(Oc4ccc(C56CC7CC(CC(C7)C5)C6)cc4)cc3)c3cccc(N4C(=O)c5ccc(C(*)(C(F)(F)F)C(F)(F)F)cc5C4=O)c3)c1)C2=O,tg,298.0,283.1265371563991
*c1ccc2c(c1)C(=O)N(c1cccc(S(=O)(=O)c3cccc(N4C(=O)c5ccc(C(*)(C(F)(F)F)C(F)(F)F)cc5C4=O)c3)c1)C2=O,tg,262.38,275.1406194095515
*c1ccc2c(c1)C(=O)N(c1cccc3c(N4C(=O)c5ccc(C(*)(C(F)(F)F)C(F)(F)F)cc5C4=O)cccc13)C2=O,tg,390.0,340.87730690764676
*c1ccc2c(c1)C(CC(CC)CCCC)(CC(CC)CCCC)c1cc(*)ccc1-2,tg,27.64,94.94800229843035
*c1ccc2c(c1)C(CCCCCC)(CCCCCC)c1cc(-c3cc(CCCCCCCC)c(*)cc3CCCCCCCC)ccc1-2,tg,74.5,60.975316409979854
*c1ccc2c(c1)C(CCCCCC)(CCCCCC)c1cc(-c3cc(OCCCCCCCC)c(*)cc3OCCCCCCCC)ccc1-2,tg,58.0,81.5797263199347
*c1ccc2c(c1)C(CCCCCC)(CCCCCC)c1cc(-c3cc(OCc4ccccc4)c(*)cc3OCc3ccccc3)ccc1-2,tg,73.0,129.0082408042273
*c1ccc2c(c1)C(CCCCCC)(CCCCCC)c1cc(-c3ccc4c(c3)C3(CCC(C5=NC(Cc6ccccc6)CO5)(C5=NC(Cc6ccccc6)CO5)CC3)c3cc(*)ccc3-4)ccc1-2,tg,142.0,158.77480526612445
*c1ccc2c(c1)C(CCCCCC)(CCCCCC)c1cc(-c3ccc4c(c3)c3cc(*)ccc3n4-c3ccc(C)cc3)ccc1-2,tg,155.0,172.84665245626908
*c1ccc2c(c1)C(CCCCCC)(CCCCCC)c1cc(-c3ccc4c(c3)c3cc(*)ccc3n4-c3ccc(OC)cc3)ccc1-2,tg,174.0,152.8649267710724
*c1ccc2c(c1)C(CCCCCCCC)(CCCCCCCC)c1cc(*)ccc1-2,tg,57.66,40.59195659509627
*c1ccc2c(c1)C(CCCCCCCC)(CCCCCCCC)c1cc(-c3cc(F)c(*)cc3F)ccc1-2,tg,34.0,53.965127210111056
*c1ccc2c(c1)C(CCCCCCCC)(CCCCCCCC)c1cc(-c3ccc4c(c3)C(c3ccc(-c5nnc(-c6ccc(C(C)(C)C)cc6)o5)cc3)(c3ccc(-c5nnc(-c6ccc(C(C)(C)C)cc6)o5)cc3)c3cc(*)ccc3-4)ccc1-2,tg,213.0,163.7810406992571
*c1ccc2c(c1)C(CCCCCCCC)(CCCCCCCC)c1cc(-c3ccc4c(c3)C3(CC(C)(C)CC(C)(C)C3)c3cc(*)ccc3-4)ccc1-2,tg,132.0,149.7818244648414
*c1ccc2c(c1)C(CCCCCCCC)(CCCCCCCC)c1cc(-c3ccc4c(c3)C3(CCC(C(C)(C)C)CC3)c3cc(*)ccc3-4)ccc1-2,tg,166.0,127.35775615129452
*c1ccc2c(c1)Sc1cc(-c3ccc(-c4ccc(*)s4)s3)ccc1N2CCCCCC,tg,140.0,177.44882439311806
*c1ccc2c(c1)Sc1cc(-c3ccc(-c4ccc(*)s4)s3)ccc1N2CCCCCCCCCC,tg,142.0,146.888402521119
*c1ccc2c(c1)Sc1cc(-c3sc4cc(*)sc4c3CCCCC)ccc1N2CCCCCCCCCC,tg,131.0,132.8038603606989
*c1ccc2c(c1)Sc1cc(-c3sc4cc(*)sc4c3CCCCC)ccc1N2CCCCCCCCCCCC,tg,136.0,115.26962816778945
*c1ccc2c(c1)c1cc(-c3c4ccc(C=Cc5ccc(N(CCCCCC)CCCCCC)cc5)cc4c(*)c4ccc(C=Cc5ccc(N(CCCCCC)CCCCCC)cc5)cc34)ccc1n2CCCCCCCC,tg,131.0,136.2942901673259
*c1ccc2c(c1)c1cc(-c3ccc(-c4ccc(-c5ccc(*)s5)c5nsnc45)s3)ccc1n2C(CCCCCCCC)CCCCCCCC,tg,133.57,132.80544719694518
*c1ccc2c3ccc(-c4ccc(-c5ccc(-c6ccc(*)s6)c6nsnc56)s4)cc3n(C(CCCCCCCC)CCCCCCCC)c2c1,tg,128.0,111.92113889015269
*c1ccc2c3ccc(-c4sc(-c5ccc(-c6cc(CCCCCC)c(*)s6)c6nsnc56)cc4CCCCCC)cc3n(C(CCCCCCCC)CCCCCCCC)c2c1,tg,77.0,92.69835935932882
*c1ccc2cc3cc(-c4sc(-c5cc(CCCCCCCCCCCC)c(*)s5)cc4CCCCCCCCCCCC)ccc3cc2c1,tg,158.0,50.28532037482892
*c1ccc2nc(*)cc(-c3ccccc3)c2c1,tg,415.0,306.485457521887
*c1ccc2oc(-c3ccc(-c4nc5cc(C(*)(C(F)(F)F)C(F)(F)F)ccc5o4)cc3)nc2c1,tg,353.5,352.6299021295308
*c1ccc2oc(-c3ccc(-c4nc5cc(C(*)(C(F)(F)F)C(F)(F)F)ccc5o4)cn3)nc2c1,tg,352.0,347.5423528695381
*c1ccc2oc(-c3ccc(-c4nc5cc(C(*)(c6ccccc6)C(F)(F)F)ccc5o4)cc3)nc2c1,tg,369.0,321.20527896551243
*c1ccc2oc(-c3ccc(C(c4ccc(-c5nc6cc(C(*)(c7ccccc7)C(F)(F)F)ccc6o5)cc4)(C(F)(F)F)C(F)(F)F)cc3)nc2c1,tg,334.0,316.72326419988497
*c1ccc2oc(-c3ccc(C(c4ccccc4)(c4ccc(-c5nc6cc(C(*)(c7ccccc7)C(F)(F)F)ccc6o5)cc4)C(F)(F)F)cc3)nc2c1,tg,330.0,304.64737511215554
*c1ccc2oc(-c3ccc(Oc4ccc(-c5nc6cc(C(*)(C(F)(F)F)C(F)(F)F)ccc6o5)cc4)cc3)nc2c1,tg,294.92,309.47196830623415
*c1ccc2oc(-c3ccc(Oc4ccc(C(c5ccc(Oc6ccc(-c7nc8cc(C(*)(C(F)(F)F)C(F)(F)F)ccc8o7)cc6)cc5)(C(F)(F)F)C(F)(F)F)cc4)cc3)nc2c1,tg,230.67,286.4568140347808
*c1ccc2oc(-c3cccc(-c4nc5cc(C(*)(c6ccccc6)C(F)(F)F)ccc5o4)c3)nc2c1,tg,301.0,335.632017121012
*c1ccc2oc(C3CCC(c4nc5cc(C(*)(C(F)(F)F)C(F)(F)F)ccc5o4)CC3)nc2c1,tg,271.0,210.17695875842674
*c1ccc2oc3ccc(S(*)(=O)=O)cc3c2c1,tg,360.0,244.82463579537682
*c1cccc(*)c1,tg,104.93,227.3828783498381
*c1cccc(-c2cc(C(=O)Nc3ccc(OC(=O)c4cc(OCCCCCCCCCCCC)c(OCCCCCCCCCCCC)c(OCCCCCCCCCCCC)c4)cc3)cc(-c3cccc(N4C(=O)c5ccc(S(=O)(=O)c6ccc7c(c6)C(=O)N(*)C7=O)cc5C4=O)c3)c2)c1,tg,268.0,147.39343863776503
*c1cccc(-c2ccc3[nH]c(S(=O)(=O)c4nc5ccc(*)cc5[nH]4)nc3c2)c1,tg,286.5,318.1997783114651
*c1cccc(-c2nc3cc(-c4ccc5[nH]c(*)nc5c4)ccc3[nH]2)c1,tg,415.89,401.87970475377006
*c1cccc(-c2nc3cc(-c4ccc5nc(*)c(-c6ccccc6)nc5c4)ccc3nc2-c2ccccc2)c1,tg,319.0,320.6581867365715
*c1cccc(-c2nc3cc(-c4ccc5nc(-c6ccccc6)c(*)nc5c4)ccc3nc2-c2ccccc2)c1,tg,320.0,322.82732636153617
*c1cccc(-c2nc3cc(Oc4ccc5nc(-c6ccccc6)c(*)nc5c4)ccc3nc2-c2ccccc2)c1,tg,263.2,300.83718430095485
*c1cccc(-c2nc3cc4nc(-c5ccccc5)c(*)nc4cc3nc2-c2ccccc2)c1,tg,365.0,369.36979754054863
*c1cccc(-c2nc3ccc(-c4ccc5nc(*)[nH]c5c4)cc3[nH]2)c1,tg,395.88,411.6321666166321
*c1cccc(-c2nc3ccc(-c4ccc5nc(*)sc5c4)cc3s2)c1,tg,495.0,363.66168120746113
*c1cccc(C(=O)Nc2ccc(Cc3ccc(N4C(=O)c5ccc(S(=O)(=O)c6ccc7c(c6)C(=O)N(c6ccc(Cc8ccc(NC(=O)c9cccc(-c%10nc%11cc(-c%12ccc%13[nH]c(*)nc%13c%12)ccc%11[nH]%10)c9)cc8)cc6)C7=O)cc5C4=O)cc3)cc2)c1,tg,270.0,306.65140819757903
*c1cccc(C(=O)Nc2ccc(NC(=O)c3cccc(N4C(=O)c5ccc(-c6cccc7c6C(=O)N(*)C7=O)cc5C4=O)c3)cc2)c1,tg,328.0,290.3656494547635
*c1cccc(C(=O)Nc2ccc(Oc3ccc(-c4ccc(Oc5ccc(NC(=O)c6cccc(N7C(=O)c8ccc(-c9cccc%10c9C(=O)N(*)C%10=O)cc8C7=O)c6)cc5)cc4)cc3)cc2)c1,tg,275.0,265.8005820487652
*c1cccc(C(=O)Nc2ccc(Oc3ccc(C(C)(C)c4ccc(Oc5ccc(NC(=O)c6cccc(N7C(=O)c8ccc(-c9ccc%10c(c9)C(=O)N(*)C%10=O)cc8C7=O)c6)cc5)cc4)cc3)cc2)c1,tg,257.0,241.32976766416655
*c1cccc(C(=O)Nc2ccc(Oc3ccc(C(C)(C)c4ccc(Oc5ccc(NC(=O)c6cccc(N7C(=O)c8ccc(-c9cccc%10c9C(=O)N(*)C%10=O)cc8C7=O)c6)cc5)cc4)cc3)cc2)c1,tg,261.0,260.34082577924636
*c1cccc(C(=O)Nc2ccc(Oc3ccc(NC(=O)c4cccc(N5C(=O)c6ccc(-c7ccc8c(c7)C(=O)N(*)C8=O)cc6C5=O)c4)cc3)cc2)c1,tg,253.0,266.0807542908225
*c1cccc(C(=O)Nc2ccc(Oc3ccc(NC(=O)c4cccc(N5C(=O)c6ccc(-c7cccc8c7C(=O)N(*)C8=O)cc6C5=O)c4)cc3)cc2)c1,tg,291.0,278.0165754108636
*c1cccc(C(=O)Nc2ccc(Oc3ccc(Oc4ccc(NC(=O)c5cccc(N6C(=O)c7ccc(-c8ccc9c(c8)C(=O)N(*)C9=O)cc7C6=O)c5)cc4)cc3)cc2)c1,tg,244.0,261.09850630357084
*c1cccc(C(=O)Nc2ccc(Oc3ccc(Oc4ccc(NC(=O)c5cccc(N6C(=O)c7ccc(-c8cccc9c8C(=O)N(*)C9=O)cc7C6=O)c5)cc4)cc3)cc2)c1,tg,268.0,272.62986354615657
*c1cccc(C(=O)Nc2ccc(Oc3ccc(Oc4ccc(Oc5ccc(NC(=O)c6cccc(N7C(=O)c8ccc(-c9ccc%10c(c9)C(=O)N(*)C%10=O)cc8C7=O)c6)cc5)cc4)cc3)cc2)c1,tg,244.0,249.57166923343297
*c1cccc(C(=O)Nc2ccc(Oc3ccc(Oc4ccc(Oc5ccc(NC(=O)c6cccc(N7C(=O)c8ccc(-c9cccc%10c9C(=O)N(*)C%10=O)cc8C7=O)c6)cc5)cc4)cc3)cc2)c1,tg,260.0,260.0094390912908
*c1cccc(C(=O)Nc2ccc(Oc3cccc(Oc4ccc(NC(=O)c5cccc(N6C(=O)c7ccc(-c8cccc9c8C(=O)N(*)C9=O)cc7C6=O)c5)cc4)c3)cc2)c1,tg,253.0,262.93184540589397
*c1cccc(C(=O)Nc2cccc(S(=O)(=O)c3cccc(NC(=O)c4cccc(N5C(=O)c6ccc(-c7cccc8c7C(=O)N(*)C8=O)cc6C5=O)c4)c3)c2)c1,tg,261.0,286.6693254070223
*c1cccc(C(=O)c2ccc(Oc3ccc(N4C(=O)c5ccc(Oc6ccc7c(c6)C(=O)N(*)C7=O)cc5C4=O)cc3C(F)(F)F)cc2)c1,tg,224.0,229.86838079969178
*c1cccc(C(F)(F)C(F)(F)C(F)(F)C(F)(F)C(F)(F)c2cccc(N3C(=O)c4ccc(Oc5ccc6c(c5)C(=O)N(*)C6=O)cc4C3=O)c2)c1,tg,138.5,180.73358731481576
*c1cccc(C(c2cccc(N3C(=O)c4ccc(-c5ccc6c(c5)C(=O)N(*)C6=O)cc4C3=O)c2)(C(F)(F)F)C(F)(F)F)c1,tg,267.0,302.20701455480736
*c1cccc(C(c2cccc(N3C(=O)c4ccc(Oc5ccc6c(c5)C(=O)N(*)C6=O)cc4C3=O)c2)(C(F)(F)F)C(F)(F)F)c1,tg,224.5,258.59643651984
*c1cccc(C(c2ccccc2)(c2cccc(N3C(=O)c4ccc(Oc5ccc6c(c5)C(=O)N(*)C6=O)cc4C3=O)c2)C(F)(F)F)c1,tg,293.0,256.0296120337959
*c1cccc(Cc2cccc(N3C(=O)c4ccc([Si](C)(C)O[Si](C)(C)c5ccc6c(c5)C(=O)N(*)C6=O)cc4C3=O)c2)c1,tg,217.0,207.0114847947247
*c1cccc(Cc2cccc(N3C(=O)c4ccc([Si](C)(C)c5ccc(-c6ccc([Si](C)(C)c7ccc8c(c7)C(=O)N(*)C8=O)cc6)cc5)cc4C3=O)c2)c1,tg,285.0,247.70507205820155
*c1cccc(Cc2cccc(N3C(=O)c4ccc([Si](C)(C)c5ccc([Si](C)(C)c6ccc7c(c6)C(=O)N(*)C7=O)cc5)cc4C3=O)c2)c1,tg,246.0,258.4183852541868
*c1cccc(N/C=C\C(=O)c2cccc(C(=O)/C=C\Nc3cccc(S(*)(=O)=O)c3)c2)c1,tg,215.0,171.7912614064487
*c1cccc(N2C(=O)C3CCC(C4CCC5C(=O)N(*)C(=O)C5C4)CC3C2=O)c1,tg,263.0,267.14504495063716
*c1cccc(N2C(=O)c3c(c(-c4ccccc4)c(-c4ccc(-c5c(-c6ccccc6)c6c(c(-c7ccccc7)c5-c5ccccc5)C(=O)N(*)C6=O)cc4)c(-c4ccccc4)c3-c3ccccc3)C2=O)c1,tg,416.0,357.78433448730067
*c1cccc(N2C(=O)c3ccc(-c4ccc5c(c4)C(=O)N(*)C5=O)cc3C2=O)c1,tg,327.88,344.973194253113
*c1cccc(N2C(=O)c3ccc(-c4cccc5c4C(=O)N(*)C5=O)cc3C2=O)c1,tg,341.0,368.4228991708664
*c1cccc(N2C(=O)c3ccc(Oc4cc5ccccc5cc4Oc4ccc5c(c4)C(=O)N(*)C5=O)cc3C2=O)c1,tg,228.75,255.68971504796332
*c1cccc(N2C(=O)c3ccc(Oc4ccc(C(=O)c5ccc(Oc6ccc7c(c6)C(=O)N(*)C7=O)cc5)cc4)cc3C2=O)c1,tg,239.0,230.6934190629163
*c1cccc(N2C(=O)c3ccc(Oc4ccc(C(C)(C)c5ccc(Oc6ccc7c(c6)C(=O)N(*)C7=O)cc5)cc4)cc3C2=O)c1,tg,221.3,236.8199142884323
*c1cccc(N2C(=O)c3ccc(Oc4ccc(Oc5ccc(Oc6ccc7c(c6)C(=O)N(*)C7=O)cc5)cc4)cc3C2=O)c1,tg,227.0,242.81773439343073
*c1cccc(N2C(=O)c3ccc(Oc4ccc(S(=O)(=O)c5ccc(Oc6ccc7c(c6)C(=O)N(*)C7=O)cc5)cc4)cc3C2=O)c1,tg,265.0,237.90042861393368
*c1cccc(N2C(=O)c3ccc(Oc4ccc5c(c4)C4(CC(C)(C)c6ccc(Oc7ccc8c(c7)C(=O)N(*)C8=O)cc64)CC5(C)C)cc3C2=O)c1,tg,253.0,274.58685666013076
*c1cccc(N2C(=O)c3ccc(Oc4cccc(Oc5ccc6c(c5)C(=O)N(*)C6=O)c4)cc3C2=O)c1,tg,224.0,230.47914293556005
*c1cccc(N2C(=O)c3ccc(Oc4ccccc4Oc4ccc5c(c4)C(=O)N(*)C5=O)cc3C2=O)c1,tg,224.0,249.71439430949795
*c1cccc(N2C(=O)c3ccc(P(=O)(c4ccccc4)c4ccc5c(c4)C(=O)N(*)C5=O)cc3C2=O)c1,tg,323.0,309.7725570209186
*c1cccc(N2C(=O)c3cccc(Oc4c(C)cc(-c5cc(C)c(Oc6cccc7c6C(=O)N(*)C7=O)c(C)c5)cc4C)c3C2=O)c1,tg,311.0,288.44214617955913
*c1cccc(N2C(=O)c3cccc(Oc4c(C)cc(Cc5cc(C)c(Oc6cccc7c6C(=O)N(*)C7=O)c(C)c5)cc4C)c3C2=O)c1,tg,269.0,265.21886943900245
*c1cccc(N2C(=O)c3cccc(Oc4ccc(C(C)(C)c5ccc(Oc6cccc7c6C(=O)N(*)C7=O)cc5)cc4)c3C2=O)c1,tg,222.5,241.68611400045242
*c1cccc(N2C(=O)c3cccc(Oc4ccc(Oc5ccc(Oc6cccc7c6C(=O)N(*)C7=O)cc5)cc4)c3C2=O)c1,tg,238.0,230.91114636687897
*c1cccc(N2C(=O)c3cccc(Oc4ccc(Oc5cccc6c5C(=O)N(*)C6=O)cc4)c3C2=O)c1,tg,259.0,254.65432237667466
*c1cccc(N2C(=O)c3cccc(Oc4ccc(S(=O)(=O)c5ccc(Oc6cccc7c6C(=O)N(*)C7=O)cc5)cc4)c3C2=O)c1,tg,266.0,255.75126613793893
*c1cccc(NC(=O)CCCCC(=O)Nc2cccc(S(*)(=O)=O)c2)c1,tg,140.0,128.65451622749126
*c1cccc(NC(=O)CCCCCCCCC(=O)Nc2cccc(S(*)(=O)=O)c2)c1,tg,112.0,130.75884447298614
*c1cccc(NC(=O)CCCCCCCCCCC(=O)Nc2cccc(S(*)(=O)=O)c2)c1,tg,107.0,127.5186593905818
*c1cccc(NC(=O)c2ccc(OCCOCCOCCOCCOc3ccc(C(=O)Nc4ccc5[nH]c(*)nc5c4)cc3)cc2)c1,tg,155.0,153.4548426394609
*c1cccc(NC(=O)c2ccc(OCCOCCOCCOc3ccc(C(=O)Nc4ccc5[nH]c(*)nc5c4)cc3)cc2)c1,tg,180.0,157.59968913972452
*c1cccc(OCCCCCCCCCCCCOc2cccc(N3C(=O)c4ccc(-c5cccc6c5C(=O)N(*)C6=O)cc4C3=O)c2)c1,tg,116.0,122.94292423901965
*c1cccc(OCCCCCCCCCCOc2cccc(N3C(=O)c4ccc(-c5ccc6c(c5)C(=O)N(*)C6=O)cc4C3=O)c2)c1,tg,125.0,122.99240840603946
*c1cccc(OCCCCCCCCCCOc2cccc(N3C(=O)c4ccc(-c5cccc6c5C(=O)N(*)C6=O)cc4C3=O)c2)c1,tg,127.0,128.26564883548252
*c1cccc(OCCCCCCCCCOc2cccc(N3C(=O)c4ccc(-c5ccc6c(c5)C(=O)N(*)C6=O)cc4C3=O)c2)c1,tg,132.0,126.327276638885
*c1cccc(OCCCCCCCCCOc2cccc(N3C(=O)c4ccc(-c5cccc6c5C(=O)N(*)C6=O)cc4C3=O)c2)c1,tg,134.0,134.49514690784576
*c1cccc(OCCCCCCCCOc2cccc(N3C(=O)c4ccc(-c5ccc6c(c5)C(=O)N(*)C6=O)cc4C3=O)c2)c1,tg,138.0,132.98055992293632
*c1cccc(OCCCCCCOc2cccc(N3C(=O)c4ccc(-c5ccc6c(c5)C(=O)N(*)C6=O)cc4C3=O)c2)c1,tg,153.0,150.39720150567865
*c1cccc(OCCCCCCOc2cccc(N3C(=O)c4ccc(-c5cccc6c5C(=O)N(*)C6=O)cc4C3=O)c2)c1,tg,157.0,157.83316141967134
*c1cccc(OCCCCCOc2cccc(N3C(=O)c4ccc(-c5cccc6c5C(=O)N(*)C6=O)cc4C3=O)c2)c1,tg,168.0,156.9323142777989
*c1cccc(OCCCOc2cccc(N3C(=O)c4ccc(-c5ccc6c(c5)C(=O)N(*)C6=O)cc4C3=O)c2)c1,tg,184.0,194.42086548432968
*c1cccc(Oc2ccc(Oc3cccc(N4C(=O)c5ccc(Oc6ccc7c(c6)C(=O)N(*)C7=O)cc5C4=O)c3)cc2)c1,tg,204.0,205.9359902216366
*c1cccc(Oc2ccc(P(=O)(c3ccccc3)c3ccccc3)c(Oc3cccc(N4C(=O)c5ccc(-c6ccc7c(c6)C(=O)N(*)C7=O)cc5C4=O)c3)c2)c1,tg,234.0,230.5648212986947
*c1cccc(Oc2ccc(P(=O)(c3ccccc3)c3ccccc3)c(Oc3cccc(N4C(=O)c5ccc(Oc6ccc(-c7ccc(Oc8ccc9c(c8)C(=O)N(*)C9=O)cc7)cc6)cc5C4=O)c3)c2)c1,tg,227.0,217.0322358319066
*c1cccc(Oc2ccc(P(=O)(c3ccccc3)c3ccccc3)c(Oc3cccc(N4C(=O)c5ccc(Oc6ccc7c(c6)C(=O)N(*)C7=O)cc5C4=O)c3)c2)c1,tg,212.0,214.33690976067322
*c1cccc(Oc2cccc(Oc3cccc(N4C(=O)c5c(c(-c6ccccc6)c(-c6ccc(-c7c(-c8ccccc8)c8c(c(-c9ccccc9)c7-c7ccccc7)C(=O)N(*)C8=O)cc6)c(-c6ccccc6)c5-c5ccccc5)C4=O)c3)c2)c1,tg,280.0,319.4438295198056
*c1cccc(Oc2cccc(Oc3cccc(N4C(=O)c5c(c(-c6ccccc6)c(-c6ccc(Oc7ccc(-c8c(-c9ccccc9)c9c(c(-c%10ccccc%10)c8-c8ccccc8)C(=O)N(*)C9=O)cc7)cc6)c(-c6ccccc6)c5-c5ccccc5)C4=O)c3)c2)c1,tg,261.0,306.3439294939554
*c1cccc(Oc2cccc(Oc3cccc(N4C(=O)c5ccc(-c6ccc7c(c6)C(=O)N(*)C7=O)cc5C4=O)c3)c2)c1,tg,208.0,238.7553806766911
*c1cccc(Oc2cccc(Oc3cccc(N4C(=O)c5ccc(Oc6ccc(Sc7ccc(Oc8ccc9c(c8)C(=O)N(*)C9=O)cc7)cc6)cc5C4=O)c3)c2)c1,tg,190.5,196.34052904456416
*c1cccc(Oc2cccc(Oc3cccc(N4C(=O)c5ccc(Oc6ccc7c(c6)C(=O)N(*)C7=O)cc5C4=O)c3)c2)c1,tg,189.33,205.23896252311894
*c1cccc(P(=O)(c2cccc(N3C(=O)c4ccc(Oc5ccc6c(c5)C(=O)N(*)C6=O)cc4C3=O)c2)c2cc(C(F)(F)F)cc(C(F)(F)F)c2)c1,tg,228.0,250.24696714790497
*c1cccc(P(=O)(c2ccccc2)c2cccc(N3C(=O)c4ccc(NC(=O)OCCOc5c(Br)cc(C(C)(C)c6cc(Br)c(OCCOC(=O)Nc7ccc8c(c7)C(=O)N(*)C8=O)c(Br)c6)cc5Br)cc4C3=O)c2)c1,tg,201.0,193.45161628965508
*c1cccc(P(=O)(c2ccccc2)c2cccc(N3C(=O)c4ccc(NC(=O)OCCOc5ccc(C(C)(C)c6ccc(OCCOC(=O)Nc7ccc8c(c7)C(=O)N(*)C8=O)cc6)cc5)cc4C3=O)c2)c1,tg,220.0,209.9427211690629
*c1cccc(P(C)(=O)c2cccc(N3C(=O)c4ccc(NC(=O)OCCOc5c(Br)cc(C(C)(C)c6cc(Br)c(OCCOC(=O)Nc7ccc8c(c7)C(=O)N(*)C8=O)c(Br)c6)cc5Br)cc4C3=O)c2)c1,tg,191.0,195.64777902256972
*c1cccc(P(C)(=O)c2cccc(N3C(=O)c4ccc(NC(=O)OCCOc5ccc(C(C)(C)c6ccc(OCCOC(=O)Nc7ccc8c(c7)C(=O)N(*)C8=O)cc6)cc5)cc4C3=O)c2)c1,tg,211.0,209.34195085841046
*c1cccc(S(=O)(=O)NCCCCCNS(*)(=O)=O)c1,tg,74.0,71.55791693860714
*c1cccc(S(=O)(=O)NCCCCNS(*)(=O)=O)c1,tg,82.0,87.9306294601028
*c1cccc(S(=O)(=O)NCCNS(*)(=O)=O)c1,tg,107.0,97.82616555147067
*c1cccc(S(=O)(=O)c2cccc(N3C(=O)c4ccc(Oc5ccc(S(=O)(=O)c6ccc(Oc7ccc8c(c7)C(=O)N(*)C8=O)cc6)cc5)cc4C3=O)c2)c1,tg,205.0,243.6162926352213
*c1ccccc1C(=O)Oc1ccc2c(*)c3ccc(=O)cc-3oc2c1,tg,250.0,315.02671834308796
*c1ccccc1CCc1ccc(N2C(=O)C(=O)N(c3ccc(C)c(N4C(=O)C(=O)N(*)C4=O)c3)C2=O)cc1,tg,255.0,250.77385716996406
*c1nc(-c2ccccc2)nc(N(CCCCCCCCCCN(*)c2ccccc2)c2ccccc2)n1,tg,62.0,76.34690598936234
*c1nc(-c2ccccc2)nc(N(CCCCCCN(*)c2ccccc2)c2ccccc2)n1,tg,74.0,90.26289039778038
*c1nc(C(F)(F)C(F)(F)C(F)(F)F)nc(C(F)(F)C(F)(F)C(F)(F)C(F)(F)C(F)(F)C(*)(F)F)n1,tg,-11.0,102.84037458658473
*c1nc(C)nc(N(CCCCCCN(*)c2ccccc2)c2ccccc2)n1,tg,67.0,74.34520025239786
*c1nc(C)nc(N(CCCCN(*)c2ccccc2)c2ccccc2)n1,tg,89.5,87.77918185444203
*c1ncnc(N(CCCCCCN(*)c2ccccc2)c2ccccc2)n1,tg,72.0,57.51482731159583
*c1ncnc(N(CCCCN(*)c2ccccc2)c2ccccc2)n1,tg,91.0,79.37706690204108
*c1nnc(-c2cc(CCCCCCCC)c(-c3ccc(-c4sc(-c5nnc(-c6cc(OCCCCCCCC)c(*)cc6OCCCCCCCC)o5)cc4CCCCCCCC)s3)s2)o1,tg,34.1,69.21153698127888
*c1nnc(-c2cc(CCCCCCCCCC)c(-c3sc(-c4nnc(-c5cc(OCCCCCCCC)c(*)cc5OCCCCCCCC)o4)cc3CCCCCCCCCC)s2)o1,tg,53.8,44.808615096167344
*c1nnc(-c2ccc(Oc3ccc(C=Cc4ccc(Oc5ccc(*)c6ccccc56)cc4)c4ccccc34)c3ccccc23)o1,tg,241.0,277.4640414029187
*c1sc(*)c(CCCCCCN(CC)c2ccc(N=Nc3ccc([N+](=O)[O-])cc3)cc2)c1CCCCCC,tg,17.0,86.09625886519919
