canon,target_type,y_true,y_pred_chemprop,y_pred_lgb,y_pred_blend
*/C=C\C(C#N)C*,egc,5.3057,5.592665672302246,4.7006921477083825,5.190139734152142
*=CC1OC(C=*)C2C(=O)N(c3cc(C(F)(F)F)cc(C(F)(F)F)c3)C(=O)C12,egc,5.0857,4.488565444946289,4.957530588946123,4.700197998316282
*=CC1OC(C=*)C2C(=O)N(c3cccc(C(F)(F)F)c3)C(=O)C12,egc,5.0879,4.490455150604248,4.851758255700358,4.653502446656647
*C#CC#CCCCCCCCC*,egc,5.4216,4.292788982391357,6.092274662062896,5.1048530643687595
*C#CC#Cc1cc(C(C)(C)C)cc2c3cc(C(C)(C)C)cc(*)c3n(CCCCCCCCCCCCCCCC)c12,tg,67.0,79.2994384765625,82.4000856072912,80.7387681645115
*C#CC(=C(*)c1cnc2ccccc2c1)c1cnc2ccccc2c1,egb,0.5725,2.03222131729126,2.213098274339082,2.0741795830742737
*C#CC(COS(=O)(=O)c1ccc(C)cc1)=C(*)COS(=O)(=O)c1ccc(C)cc1,tg,-73.0,108.35775756835938,88.32077569591176,99.05653055026531
*C#CC=C*,egc,1.1342,2.447744846343994,4.0611673880155745,3.1758431635161166
*C#Cc1c(F)c(F)c(C#Cc2cc(CCCCCC)c(*)s2)c(F)c1F,egc,2.8156,2.154690742492676,2.1193183833788143,2.1387280579013677
*C#Cc1cc(C(C)(C)C)cc2c3cc(C(C)(C)C)cc(*)c3n(CCCCCCCCCCCCCCCC)c12,tg,80.0,79.07192993164062,70.92868346745036,75.29181052494111
*C#Cc1cc(CCCCCC)c(*)s1,egc,1.5751,2.5252785682678223,2.4989628414644627,2.5134029213707385
*C#Cc1cc(OCC(CC)CCCC)c(C#Cc2cc(OCCNCCCC)c(*)cc2OCCNCCCC)cc1OCC(CC)CCCC,egc,2.9566,2.503955125808716,3.64177423757577,3.017425192779247
*C#Cc1cc(OCCCCCC)c(C#Cc2ccc3c(-c4c(O)ccc5cc(*)ccc45)c(O)ccc3c2)cc1OCCCCCC,egc,3.0868,2.412414073944092,2.698337915420166,2.541444543298036
*C#Cc1cccc(C#C[SiH](*)C)c1,tg,72.0,33.02772521972656,79.295934319147,54.5055665080955
*C#Cc1cccc(C#C[Si](*)(C)C)c1,tg,50.0,113.15576171875,94.67509054432296,104.57697878954752
*C#Cc1ccccc1C#C[SiH](*)c1ccccc1,tg,71.0,78.38652801513672,115.96124641534904,95.8288248743213
*C#Cc1sc(-c2sc(*)c3c2OCCO3)c2c1OCCO2,egc,1.7209,1.3985860347747805,2.439114838650453,1.8681513541523578
*C(*)(F)Cl,egc,3.6564,5.867991924285889,6.689244494099055,6.238603217118541
*C(*)(F)Cl,tg,77.0,-85.82029724121094,12.986557190307622,-39.95385937837801
*C(*)(F)F,egc,7.2027,4.284261703491211,6.217802980373065,5.156821813146032
*C(*)C,egb,7.4047,7.065612316131592,7.776989804616555,7.230631488396929
*C(*)C(=O)OC,tg,80.25,106.28970336914062,33.663092085353426,72.57621281424503
*C(*)C(=O)OC(C)C,tg,70.0,51.23845672607422,56.9238469602325,53.877631906797255
*C(*)C(=O)OC1CCCCC1,tg,140.0,90.55827331542967,79.01737437995838,85.20095345183756
*C(*)C(=O)OCC,tg,12.35,72.6667251586914,25.344491051434083,50.69960230371487
*C(*)F,egc,6.7608,6.133509635925293,6.326928355672566,6.220794795714663
*C(*)O,egc,6.4482,5.810612678527832,6.064699698523319,5.925275965358029
*C(=C(*)c1ccc(C(C)(C)C)cc1)c1ccccc1,tg,200.0,221.3151092529297,233.1594908698997,226.81330668653953
*C(=C(*)c1ccc(CCCC)cc1)c1ccccc1,tg,200.0,165.0570068359375,119.8351814896179,144.0649000208337
*C(=C(*)c1ccc(Oc2ccccc2)cc1)c1ccccc1,tg,200.0,156.26809692382812,165.72379009532793,160.657458024289
*C(=C(*)c1ccc([Si](C(C)C)(C(C)C)C(C)C)cc1)c1ccccc1,tg,250.0,188.7666015625,179.37272012176894,184.40593365265642
*C(=C(*)c1ccc([Si](C)(C)C)cc1)c1ccccc1,tg,200.0,217.2605743408203,208.4953752239732,213.19174264932198
*C(=C(*)c1ccc[c]([Ge]([CH3])([CH3])[CH3])c1)c1ccccc1,tg,200.0,218.5501251220703,167.46921937661034,194.8382156312648
*C(=C(*)c1cccc([Si](C)(C)C)c1)c1ccccc1,tg,200.0,188.12657165527344,187.1898245399977,187.69173083776963
*C(=C(C#N)c1ccc(C(=O)OC2CCN(*)CC2)cc1)c1ccc(OC)cc1,tg,183.0,161.53839111328125,160.12616233534996,160.8828302833797
*C(=C([2H])C([2H])([2H])C(*)([2H])[2H])C([2H])([2H])[2H],tg,-58.0,17.40772247314453,1.6927846069110772,10.112801232033231
*C(=Cc1cc(OC)c(C=C(c2ccc(*)cc2)c2ccc(F)cc2)cc1OC)c1ccc(F)cc1,tg,193.0,196.67491149902344,179.96630748912105,188.91872745689278
*C(=Cc1cc(OC)c(C=C(c2ccc(*)cc2)c2ccc(OC)cc2)cc1OC)c1ccc(OC)cc1,tg,170.0,197.31053161621097,174.24835813888953,186.60500159134241
*C(=Cc1cc(OC)c(C=C(c2ccc(F)cc2)c2ccc(-c3ccc(*)cc3)cc2)cc1OC)c1ccc(F)cc1,tg,201.0,194.22097778320312,199.59680772261328,196.7164541476289
*C(=Cc1cc(OC)c(C=C(c2ccc(F)cc2)c2ccc3cc(*)ccc3c2)cc1OC)c1ccc(F)cc1,tg,208.0,185.33055114746097,211.56985743928735,197.51091574384657
*C(=Cc1cc(OC)c(C=C(c2ccccc2)c2ccc3cc(*)ccc3c2)cc1OC)c1ccccc1,tg,198.0,183.73768615722656,209.0949534923709,195.50860562723892
*C(=Cc1ccc(C=C(c2ccccc2)c2ccc(-c3ccc(*)cc3)cc2)cc1)c1ccccc1,tg,220.0,221.73141479492188,235.40499035374577,228.0787295367976
*C(=NCCCCCC)N(*)CCCCCC,egc,4.3588,4.230038642883301,4.74915543740091,4.46430341527979
*C(=Nc1ccccc1)c1ccc(-c2ccc(*)cc2)cc1,tg,225.0,190.20571899414065,215.8848872122245,202.12606581846245
*C(=O)C(=S)OC(*)=S,egb,1.4146,1.2105872631072998,1.6784503954415926,1.3191180896811086
*C(=O)C(=S)OC(*)=S,eps,6.46,6.54500675201416,6.246024288167895,6.381145238355766
*C(=O)C(=S)OC(*)=S,nc,2.3004,2.199003219604492,2.267802807204184,2.2232051604210787
*C(=O)C(F)(F)C(=O)C(*)(F)F,egb,3.1408,3.433353900909424,4.403450614482631,3.658388512325243
*C(=O)C(F)(F)CC(*)(F)F,eea,3.352,3.3431954383850098,1.732175533486935,2.9395315300244778
*C(=O)C(F)(F)CC(*)(F)F,egb,4.9978,4.869556427001953,5.097359438204716,4.922400191327827
*C(=O)C(F)(F)CC(*)(F)F,egc,4.9534,5.43813943862915,6.550816077184346,5.940263319487683
*C(=O)C(F)(F)CC(*)(F)F,ei,8.1829,8.365303039550781,8.290758455436618,8.334217581906561
*C(=O)C(F)(F)CC(*)(F)F,nc,1.6107,1.580798625946045,1.615343923976861,1.5929507810330454
*C(=O)C(F)(F)NC(*)(F)F,egb,5.0875,4.688623428344727,4.739955074618209,4.700530897889633
*C(=O)C(F)(F)NC(*)(F)F,egc,4.8818,5.309367656707764,5.51930548500145,5.404107488055997
*C(=O)C(F)(F)NC(*)(F)F,ei,8.5584,8.384578704833984,8.410772749762739,8.395501750201259
*C(=O)C(O)c1ccc(*)s1,egc,4.0132,4.318220615386963,4.060431764652068,4.201886782458516
*C(=O)C1C2C=CC(C2)C1*,tg,85.5,174.69920349121094,123.06924885941068,150.73242386235808
*C(=O)C1CC(OC(=O)CCC)CN1*,egc,5.4104,5.275478363037109,5.597109908394053,5.420622849912345
*C(=O)C1CC(OC(C)=O)CN1*,egc,4.1614,5.666684627532959,5.631516730638539,5.650814211764018
*C(=O)C1CCCN1*,egc,5.5773,4.86018705368042,5.120262916726917,4.977552959591872
*C(=O)CC(F)(F)C(*)(F)F,egb,5.0395,5.3827972412109375,5.302668896207968,5.364209763561704
*C(=O)CC(F)(F)C(*)(F)F,ei,7.9225,7.973153591156006,8.31278743407753,8.1147825715057
*C(=O)CC(F)(F)C(*)(F)F,nc,1.6044,1.6275556087493896,1.6143907149825305,1.622924534771795
*C(=O)CCC1(CCC(=O)N2CCN(*)CC2)c2ccccc2-c2ccccc21,tg,145.0,126.89503479003906,144.2258462213396,134.94004938138156
*C(=O)CCCCC(=O)N1CCN(*)CC1,egc,5.6091,5.488725185394287,5.405506955015664,5.451170823823299
*C(=O)CCCCCCCCC(=O)N1CC(C)N(*)CC1C,tg,-60.5,73.37041473388672,75.79654344473153,74.49663095039752
*C(=O)CCCCCCCCC(=O)N1CCN(*)CC1,tg,70.4,37.028175354003906,4.6105930870843,21.979836539215764
*C(=O)CCCCCCCCC(=O)NC1CCCCN(*)C1,tg,-46.5,78.90589141845703,67.90720906278679,73.80027011574643
*C(=O)CCN(C)CCN(C)CCC(=O)N1CCN(*)CC1,egc,4.9845,4.764955043792725,5.243171902293315,4.980762670700477
*C(=O)CCN1CCN(CCC(=O)N2CCN(*)C(C)C2)CC1,egc,4.9509,4.995598316192627,4.817117924539196,4.915054460225145
*C(=O)CNC(=O)C1CCCN1C(=O)C1CCCN1*,egc,5.248,5.203634738922119,5.39710403581687,5.290942722946936
*C(=O)COCC(=O)N1CCN(*)CC1,egc,5.5847,5.100759983062744,5.570739382462984,5.312850245204708
*C(=O)N(*)C(C)C(C)=O,egc,4.4468,4.937380790710449,5.26239840488918,5.084053328017172
*C(=O)N1C(=O)N(C(=O)c2ccc3c(c2)C(=O)N(c2ccc(Oc4ccc(N5C(=O)c6ccc(*)cc6C5=O)cc4)cc2)C3=O)C(C)(C)C1=O,tg,156.0,233.6516876220703,263.09763713245303,247.32058560794994
*C(=O)N1C(=S)N(C(=O)c2ccc3c(c2)C(=O)N(c2ccc(Oc4ccc(N5C(=O)c6ccc(*)cc6C5=O)cc4)cc2)C3=O)C(C)=C(C(=O)OCC)C1c1ccccc1,tg,155.0,225.5067443847656,244.14788383041596,234.16001716624976
*C(=O)N1CC(=O)N(C(=O)c2ccc(N3C(=O)c4ccc(*)cc4C3=O)cc2)C1=O,egc,3.533,3.5197505950927734,3.1492780027856373,3.352565332676794
*C(=O)NC(=O)c1ccc(*)cc1,egc,4.4505,3.6217503547668457,4.323693870451945,3.938520375836898
*C(=O)NC(=O)c1ccc(*)cc1,eps,4.45,4.8753252029418945,4.443397910105509,4.638601419600089
*C(=O)NC(=O)c1ccc(*)cc1,nc,1.8899,1.993708848953247,1.9343187898115592,1.972816940344668
*C(=O)NC(F)(F)C(*)(F)F,egb,5.4991,6.122931480407715,5.019830192938217,5.867043622934569
*C(=O)NC(F)(F)C(*)(F)F,egc,5.8517,6.054191589355469,5.8512103567230165,5.96259110028328
*C(=O)NC(F)(F)C(*)(F)F,ei,8.3456,7.374719142913818,8.497224375942611,7.842809337411302
*C(=O)NC(F)(F)C(*)(F)F,eps,3.53,4.082515716552734,4.150018297304847,4.119511448394642
*C(=O)NC1CCC(CC2CCC(NC(=O)c3ccc(N4C(=O)c5ccc(*)cc5C4=O)cc3)CC2)CC1,tg,275.0,250.23947143554688,227.6947675240956,239.7741523335485
*C(=O)NC1CCCC(*)O1,egc,6.2047,5.977442264556885,5.832895626052672,5.912211885329155
*C(=O)NC1CCCC(*)O1,tg,145.0,129.14767456054688,140.27288491498194,134.3120305393753
*C(=O)NCCCCCCCCCCNC(=O)c1ccc(*)nc1,egc,4.5311,4.991860389709473,4.658198190881885,4.841286761787663
*C(=O)NCCCCCCNC(=O)C1=COC=C(*)O1,egc,4.4645,4.0785322189331055,4.682262860742471,4.350981160839684
*C(=O)NCCCCCCNC(=O)C1COC(*)CO1,egc,5.8235,5.688262462615967,5.868104065437185,5.769420600047221
*C(=O)NCCCCCCNC(=O)N1CCN(*)CC1,egc,5.4634,5.548200607299805,5.5840836193483865,5.56439373712962
*C(=O)NCCCCCCNC(=O)c1cc(O)cc(*)n1,egc,4.8984,5.070749759674072,4.570971236558057,4.8452118784055145
*C(=O)NCCCCCCNC(=O)c1ccc(*)nc1,egc,4.574,4.719998359680176,4.823562528987045,4.766734348204011
*C(=O)NCCCCCCNC(=O)c1cccc(*)n1,egc,4.786,4.959201335906982,4.915663571162297,4.93955380252667
*C(=O)NCCCCCCNC(=O)c1cncc(*)c1,egc,4.9388,5.063163757324219,4.741247183116218,4.917890643867018
*C(=O)NCCCCCCNC(=O)c1cnn(*)c1,egc,5.1584,4.818470001220703,4.173145034608517,4.527250553070008
*C(=O)NCCN(CCNC(=O)c1ccc(N2C(=O)c3ccc(*)cc3C2=O)cc1)c1ccc(C=Cc2ccc([N+](=O)[O-])cc2)cc1,tg,178.0,188.2732696533203,187.8000315936017,188.05359112812795
*C(=O)NCCN(CCNC(=O)c1cccc(N2C(=O)c3ccc(*)cc3C2=O)c1)c1ccc(C=Cc2ccc([N+](=O)[O-])cc2)cc1,tg,178.0,193.52493286132812,184.97435862535048,189.55573068256808
*C(=O)NCCNC(=O)c1ccc(N2C(=O)c3ccc(*)cc3C2=O)cc1,tg,235.0,225.57611083984375,250.4411204379683,237.11852279347562
*C(=O)NNC(=O)C(=O)NNC(=O)c1cncc(*)n1,egc,4.3374,3.896454334259033,4.135513351248336,4.004335849162377
*C(=O)NNC(=O)c1ccc([Si](c2ccccc2)(c2ccccc2)c2ccc(C(=O)NNC(=O)c3ccc(*)nc3)cc2)cc1,tg,256.0,216.69680786132812,221.95201735274617,219.13629185240444
*C(=O)NNC(=O)c1cccc(*)n1,egc,4.6124,4.2650933265686035,4.516799145103322,4.378682035145643
*C(=O)NNC(=O)c1cccc(C(=O)NNC(=O)c2ccc(*)nc2)n1,egc,3.6092,3.90677547454834,3.7033764479398497,3.8149864452252116
*C(=O)NNC(=O)c1cccc(C(=O)NNC(=O)c2cccc(*)n2)c1,egc,4.479,4.097516059875488,3.900155258186823,4.008451934468898
*C(=O)NNC(=O)c1cccc(C(=O)NNC(=O)c2cnc(*)cn2)c1,egc,3.3027,4.258829116821289,3.912234376437843,4.1024193477149
*C(=O)NNC(=O)c1cncc(C(=O)NNC(=O)c2ccc(*)nc2)c1,egc,3.9225,3.902575254440307,3.5442509436165626,3.7408722157296115
*C(=O)Nc1c(C)cc(Cc2cc(C)c(NC(=O)c3ccc4c(c3)C(=O)N(c3ccc(N=Nc5ccc(OC(F)(F)F)cc5)c(N5C(=O)c6ccc(*)cc6C5=O)c3)C4=O)c(C)c2)cc1C,tg,278.0,287.8318786621094,294.10409902530955,290.74346214693844
*C(=O)Nc1c(C)cc(Cc2cc(C)c(NC(=O)c3ccc4c(c3)C(=O)N(c3ccc(N=Nc5ccc([N+](=O)[O-])cc5)c(N5C(=O)c6ccc(*)cc6C5=O)c3)C4=O)c(C)c2)cc1C,tg,280.0,265.2057800292969,269.025343431847,266.9788328045741
*C(=O)Nc1c(CC)cc(Cc2cc(CC)c(NC(=O)c3ccc4c(c3)C(=O)N(c3ccc(N=Nc5ccc(C)cc5)c(N5C(=O)c6ccc(*)cc6C5=O)c3)C4=O)c(CC)c2)cc1CC,tg,269.0,246.6174468994141,227.9758389137043,237.9639566202306
*C(=O)Nc1cc(C(F)(F)F)cc(NC(=O)c2ccc3c(c2)C(=O)N(c2cc(C(F)(F)F)cc(N4C(=O)c5ccc(*)cc5C4=O)c2Oc2ccc(C(F)(F)F)cc2)C3=O)c1Oc1ccc(C(F)(F)F)cc1,tg,315.0,284.098876953125,283.22030754697766,283.6910424025051
*C(=O)Nc1cc(C(c2cc(C)c(C)c(NC(=O)c3ccc4c(c3)C(=O)N(c3cccc5c(N6C(=O)c7ccc(*)cc7C6=O)cccc35)C4=O)c2)(C(F)(F)F)C(F)(F)F)cc(C)c1C,tg,250.0,310.248779296875,289.2850912307308,300.5173724871578
*C(=O)Nc1cc(NC(=O)c2ccc(*)o2)c(N)cc1N,egc,2.8199,3.636587142944336,3.3886353810779255,3.5246925487559126
*C(=O)Nc1cc(NC(=O)c2ccc3[nH]c(-c4cccc(-c5nc6cc(*)ccc6[nH]5)c4)nc3c2)cc(-c2nc3ccccc3[nH]2)c1,egc,3.2918,2.6508474349975586,3.108508516063323,2.857378739942588
*C(=O)Nc1cc(NC(=O)c2ccc3[nH]c(-c4cccc(-c5nc6cc(*)ccc6[nH]5)c4)nc3c2)cc(-c2nc3ccccc3[nH]2)c1,tg,315.0,377.9674072265625,328.753057516486,355.1219586397801
*C(=O)Nc1cc(NC(=O)c2ccc3c(c2)C(=O)N(c2cc(-c4nc5ccccc5o4)cc(N4C(=O)c5ccc(*)cc5C4=O)c2)C3=O)cc(-c2nc3ccccc3[nH]2)c1,tg,371.0,287.9283142089844,284.6764580310038,286.4187928282629
*C(=O)Nc1cc(NC(=O)c2ccc3c(c2)C(=O)N(c2cc(-c4nc5ccccc5s4)cc(N4C(=O)c5ccc(*)cc5C4=O)c2)C3=O)cc(-c2nc3ccccc3[nH]2)c1,tg,368.0,286.27056884765625,281.11502951553683,283.8773520431487
*C(=O)Nc1cc(NC(=O)c2ccc3c(c2)C(=O)N(c2cc(-c4nnc(-c5ccccn5)o4)cc(N4C(=O)c5ccc(*)cc5C4=O)c2)C3=O)cc(-c2nnc(-c3ccccn3)o2)c1,tg,164.0,215.69192504882812,267.1106787277394,239.56066456256968
*C(=O)Nc1cc(NC(=O)c2ccc3c(c2)C(=O)N(c2cccc(N4C(=O)c5ccc(*)cc5C4=O)c2)C3=O)cc(-c2nc3ccccc3[nH]2)c1,tg,361.0,292.0168762207031,289.3721498745313,290.78918632693205
*C(=O)Nc1cc(NC(=O)c2cccc(*)n2)cc(-c2nnc(-c3ccccn3)o2)c1,tg,255.0,196.4237365722656,148.27053668346522,174.07087691183597
*C(=O)Nc1ccc(-c2cc(-c3ccccc3)cc(-c3ccc(NC(=O)c4ccc5c(c4)C(=O)N(c4ccc(Oc6cccc7c(N8C(=O)c9ccc(*)cc9C8=O)cccc67)cc4)C5=O)cc3)n2)cc1,tg,295.0,314.482666015625,297.0969594237024,306.41216892625005
*C(=O)Nc1ccc(-c2cc(-c3ccccc3)cc(-c3ccc(NC(=O)c4ccc5c(c4)C(=O)N(c4cccc(P(=O)(c6ccccc6)c6cccc(N7C(=O)c8ccc(*)cc8C7=O)c6)c4)C5=O)cc3)n2)cc1,tg,258.0,261.1235656738281,260.24737708984094,260.71683630798816
*C(=O)Nc1ccc(-c2ccc(N3C(=O)CC(N4C(=O)c5ccc(*)cc5C4=O)C3=O)cc2)cc1,tg,219.0,154.356689453125,232.56227919119183,190.6599585217031
*C(=O)Nc1ccc(-c2ccc(NC(=O)N3CC(C)N(*)CC3C)cc2)cc1,tg,250.0,178.03195190429688,178.31906656920208,178.1652313919716
*C(=O)Nc1ccc(-c2ccc(NC(=O)c3ccc4c(c3)C(=O)N(c3c(C)cc(C)c(N5C(=O)c6ccc(*)cc6C5=O)c3C)C4=O)cc2C(F)(F)F)c(C(F)(F)F)c1,tg,267.0,338.755615234375,283.9984110362811,313.3371569872802
*C(=O)Nc1ccc(-c2ccc(NC(=O)c3ccc4c(c3)C(=O)N(c3c(C)cc(C)c(N5C(=O)c6ccc(*)cc6C5=O)c3C)C4=O)cc2C)c(C)c1,tg,259.0,320.79998779296875,313.3833882509175,317.35718006463674
*C(=O)Nc1ccc(-c2ccc(NC(=O)c3ccc4c(c3)C(=O)N(c3ccc(Oc5cccc6c(N7C(=O)c8ccc(*)cc8C7=O)cccc56)cc3)C4=O)c(OC)c2)cc1OC,tg,304.0,292.8978271484375,279.5596927071395,286.70622517833414
*C(=O)Nc1ccc(-c2ccc(NC(=O)c3ccc4c(c3)C(=O)N(c3ccc(Oc5cccc6c(N7C(=O)c8ccc(*)cc8C7=O)cccc56)cc3)C4=O)cc2)cc1,tg,301.0,284.4790344238281,298.01303033850166,290.76155587669393
*C(=O)Nc1ccc(-c2ccc(NC(=O)c3ccc4c(c3)C(=O)N(c3ccc(S(=O)(=O)c5ccc(N6C(=O)c7ccc(*)cc7C6=O)cc5)cc3)C4=O)cc2)cc1,egc,2.4779,2.872373580932617,2.8789700322419964,2.875350398829738
*C(=O)Nc1ccc(-c2ccc(NC(=O)c3ccc4c(c3)C(=O)N(c3ccc(S(=O)(=O)c5ccc(N6C(=O)c7ccc(*)cc7C6=O)cc5)cc3)C4=O)cc2)cc1,tg,370.0,300.0225524902344,319.08636225856355,308.87203010187073
*C(=O)Nc1ccc(-c2ccc(NC(=O)c3ccc4c(c3)C(=O)N(c3cccc(P(=O)(c5ccccc5)c5cccc(N6C(=O)c7ccc(*)cc7C6=O)c5)c3)C4=O)cc2)cc1,tg,253.0,239.84130859375,243.91004149383429,241.73002659632058
*C(=O)Nc1ccc(C(=O)Nc2ccc(NC(=O)c3ccc4[nH]c(-c5ccc(-c6nc7cc(*)ccc7[nH]6)cc5)nc4c3)cc2)cc1,egc,2.6204,3.1368281841278076,2.8807886597382275,3.021283779594782
*C(=O)Nc1ccc(C(=O)Nc2ccc(NC(=O)c3ccc4[nH]c(-c5cccc(-c6nc7cc(*)ccc7[nH]6)c5)nc4c3)cc2)cc1,egc,2.9934,2.720627784729004,3.001555589638956,2.8474036644002263
*C(=O)Nc1ccc(C(=O)Nc2ccc(NC(=O)c3ccc4[nH]c(-c5cccc(-c6nc7cc(*)ccc7[nH]6)c5)nc4c3)cc2)cc1,tg,322.0,354.03173828125,306.7884497368554,332.1012621930836
*C(=O)Nc1ccc(C(=O)c2ccc(NC(=O)c3ccc4c(c3)C(=O)N(c3ccc(NC(=O)Nc5ccc(N6C(=O)c7ccc(*)cc7C6=O)cc5)cc3)C4=O)cc2)cc1,tg,212.0,254.39700317382812,210.79373603039292,234.15623592587377
*C(=O)Nc1ccc(C(c2ccc(NC(=O)c3ccc(N4C(=O)c5ccc(*)cc5C4=O)cc3C)cc2)(C(F)(F)F)C(F)(F)F)cc1,tg,320.0,260.55224609375,277.46768229888374,268.404442260598
*C(=O)Nc1ccc(C(c2ccc(NC(=O)c3ccc4c(c3)C(=O)N(c3c(C)cc(C)c(N5C(=O)c6ccc(*)cc6C5=O)c3C)C4=O)cc2)(C(F)(F)F)C(F)(F)F)cc1,tg,250.0,324.8836669921875,292.27984896103226,309.7488769776593
*C(=O)Nc1ccc(C(c2ccc(NC(=O)c3ccc4c(c3)C(=O)N(c3ccc(-c5ccc(N6C(=O)c7ccc(*)cc7C6=O)c(OC)c5)cc3OC)C4=O)cc2)(C(F)(F)F)C(F)(F)F)cc1,tg,250.0,275.9171447753906,269.54762281457124,272.96039359742093
*C(=O)Nc1ccc(C(c2ccc(NC(=O)c3ccc4c(c3)C(=O)N(c3ccc(Oc5ccc6ccc(Oc7ccc(N8C(=O)c9ccc(*)cc9C8=O)cc7)cc6c5)cc3)C4=O)cc2)(C(F)(F)F)C(F)(F)F)cc1,tg,292.0,248.42117309570312,261.431271757536,254.46049987414912
*C(=O)Nc1ccc(C(c2ccc(NC(=O)c3ccc4c(c3)C(=O)N(c3cccc5c(N6C(=O)c7ccc(*)cc7C6=O)cccc35)C4=O)cc2)(C(F)(F)F)C(F)(F)F)cc1,tg,250.0,305.8312683105469,298.6042649789165,302.4764717111424
*C(=O)Nc1ccc(C)cc1N1C(=O)CC(N2C(=O)c3ccc(*)cc3C2=O)C1=O,tg,237.0,209.97930908203125,203.55433083039227,206.99681492771023
*C(=O)Nc1ccc(C2(c3ccc(N4C(=O)c5ccc(*)cc5C4=O)cc3)CC(C)CC(C)(C)C2)cc1,egc,2.7929,3.1528525352478027,3.0445267304499017,3.1039677365403593
*C(=O)Nc1ccc(C2(c3ccc(N4C(=O)c5ccc(*)cc5C4=O)cc3)CC(C)CC(C)(C)C2)cc1,tg,328.0,287.14678955078125,322.7144122281367,303.65738656194594
*C(=O)Nc1ccc(C2(c3ccc(N4C(=O)c5ccc(*)cc5C4=O)cc3)CCC(C(C)(C)C)CC2)cc1,egc,2.7711,2.874509572982788,2.894480959035537,2.883522173340743
*C(=O)Nc1ccc(C2(c3ccc(N4C(=O)c5ccc(*)cc5C4=O)cc3)CCC(C(C)(C)C)CC2)cc1,tg,331.0,314.0563049316406,311.48355093445593,312.8620248179061
*C(=O)Nc1ccc(C2(c3ccc(N4C(=O)c5ccc(*)cc5C4=O)cc3)CCC(C(C)(C)CC)CC2)cc1,egc,2.8521,3.368894577026367,2.8627606209510184,3.1404886435749035
*C(=O)Nc1ccc(C2(c3ccc(N4C(=O)c5ccc(*)cc5C4=O)cc3)CCC(C)CC2)cc1,tg,322.0,315.34356689453125,311.319788443036,313.4757168816839
*C(=O)Nc1ccc(C2(c3ccc(N4C(=O)c5ccc(*)cc5C4=O)cc3)CCC(CC)CC2)cc1,egc,2.9185,3.0441155433654785,2.9742575479204043,3.012590330588992
*C(=O)Nc1ccc(C2(c3ccc(N4C(=O)c5ccc(*)cc5C4=O)cc3)CCC(CC)CC2)cc1,tg,312.0,273.74603271484375,305.14406121277176,288.32109161537574
*C(=O)Nc1ccc(C2(c3ccc(N4C(=O)c5ccc(*)cc5C4=O)cc3)CCCCC2)cc1,egc,2.8477,3.101010799407959,2.952854934344787,3.0341516640943325
*C(=O)Nc1ccc(C2(c3ccc(N4C(=O)c5ccc(*)cc5C4=O)cc3)CCCCC2)cc1,tg,319.0,320.8990478515625,315.1263130597776,318.2193270654957
*C(=O)Nc1ccc(C2(c3ccc(NC(=O)c4ccc5c(c4)C(=O)N(c4ccc(Oc6ccc(N7C(=O)c8ccc(*)cc8C7=O)cc6)cc4)C5=O)cc3)c3ccccc3-c3ccccc32)cc1,tg,240.0,318.8575134277344,289.9182889887892,305.4238387382177
*C(=O)Nc1ccc(C2(c3ccc(NC(=O)c4ccc5c(c4)C(=O)N(c4ccc(Sc6ccc(Oc7ccc(Sc8ccc(N9C(=O)c%10ccc(*)cc%10C9=O)cc8)cc7)cc6)cc4)C5=O)cc3)c3ccccc3-c3ccccc32)cc1,tg,273.67,287.7572937011719,263.3907322910014,276.44626288979146
*C(=O)Nc1ccc(C2(c3ccc(NC(=O)c4ccc5c(c4)C(=O)N(c4cccc(N6C(=O)c7ccc(*)cc7C6=O)c4)C5=O)cc3)c3ccccc3-c3ccccc32)cc1,tg,209.0,329.3908386230469,268.88751774147613,301.30501579551253
*C(=O)Nc1ccc(Cc2ccc(N3C(=O)CC(N4C(=O)c5ccc(*)cc5C4=O)C3=O)cc2)cc1,tg,123.0,208.8915252685547,197.06227361725615,203.40035121034055
*C(=O)Nc1ccc(Cc2ccc(N3C(=O)c4ccc(*)cc4C3=O)cc2)cc1,egc,3.1109,3.2981295585632324,2.9828441724878143,3.1558489388858595
*C(=O)Nc1ccc(Cc2ccc(N3C(=O)c4ccc(*)cc4C3=O)cc2)cc1,tg,279.5,289.3021240234375,281.5476559639356,285.7024767170153
*C(=O)Nc1ccc(Cc2ccc(NC(=O)c3ccc(N4C(=O)c5ccc(*)cc5C4=O)cc3)cc2)cc1,tg,222.0,288.355224609375,260.8858527800533,275.6038599050784
*C(=O)Nc1ccc(Cc2ccc(NC(=O)c3ccc4c(c3)C(=O)N(c3ccc(-c5sc(-c6ccc(N7C(=O)c8ccc(*)cc8C7=O)cc6)c(-c6ccccc6)c5-c5ccccc5)cc3)C4=O)cc2)cc1,tg,253.0,288.2767333984375,322.5672866151427,304.19451093973396
*C(=O)Nc1ccc(Cc2ccc(NC(=O)c3ccc4c(c3)C(=O)N(c3ccc(NC(=O)Nc5ccc(N6C(=O)c7ccc(*)cc7C6=O)cc5)cc3)C4=O)cc2)cc1,tg,211.0,222.2274932861328,202.7178237897732,213.1710462529021
*C(=O)Nc1ccc(Cc2ccc(NC(=O)c3ccc4c(c3)C(=O)N(c3ccc(Oc5ccc(N6C(=O)c7ccc(*)cc7C6=O)cc5)cc3)C4=O)cc2)cc1,tg,270.0,266.5226135253906,254.73897613029249,261.05261374156976
*C(=O)Nc1ccc(Cc2ccc(NC(=O)c3ccc4c(c3)C(=O)N(c3ccc(Oc5ccc6ccc(Oc7ccc(N8C(=O)c9ccc(*)cc9C8=O)cc7)cc6c5)cc3)C4=O)cc2)cc1,tg,273.0,250.990966796875,259.2605797555996,254.82974590894463
*C(=O)Nc1ccc(Cc2ccc(NC(=O)c3ccc4c(c3)C(=O)N(c3cccc(P(=O)(c5ccccc5)c5cccc(N6C(=O)c7ccc(*)cc7C6=O)c5)c3)C4=O)cc2)cc1,tg,233.0,278.803955078125,233.70742216041145,257.8700093837694
*C(=O)Nc1ccc(N2C(=O)CC(N3C(=O)c4ccc(*)cc4C3=O)C2=O)cc1,tg,120.0,167.8772735595703,220.03724977362089,192.09009079490414
*C(=O)Nc1ccc(N2C(=O)c3ccc(*)cc3C2=O)cc1,egc,3.1573,3.1804256439208984,2.971210009721128,3.0860117211867273
*C(=O)Nc1ccc(NC(=O)Nc2ccc(NC(=O)c3ccc4c(c3)C(=O)N(c3ccc(NC(=O)Nc5ccc(N6C(=O)c7ccc(*)cc7C6=O)cc5)cc3)C4=O)cc2)cc1,tg,208.0,250.8954162597656,221.20970295754427,237.11521920335696
*C(=O)Nc1ccc(NC(=O)c2ccc(N3C(=O)c4ccc(*)cc4C3=O)cc2)cc1,tg,297.5,295.04376220703125,276.5559720407566,286.4616746204839
*C(=O)Nc1ccc(NC(=O)c2ccc(NC(=O)c3ccc(-c4nc5cc(*)ccc5[nH]4)cc3)cc2)cc1,egc,2.7114,3.0969347953796387,3.167487413420075,3.1287734744240683
*C(=O)Nc1ccc(NC(=O)c2ccc(NC(=O)c3ccc(-c4nc5cc(*)ccc5[nH]4)cc3)cc2)cc1,tg,295.0,305.8310546875,310.9688871420477,308.2160519063872
*C(=O)Nc1ccc(NC(=O)c2ccc3[nH]c(-c4cc(-c5nc6cc(*)ccc6[nH]5)cc(N5C(=O)c6ccccc6C5=O)c4)nc3c2)cc1,egc,2.3407,2.713606357574463,2.7202806620613873,2.716618308715414
*C(=O)Nc1ccc(NC(=O)c2ccc3c(c2)C(=O)N(c2c(C)cc(C)c(N4C(=O)c5ccc(*)cc5C4=O)c2C)C3=O)cc1,egc,3.3589,2.674487590789795,2.832118434530779,2.7456225533293193
*C(=O)Nc1ccc(NC(=O)c2ccc3c(c2)C(=O)N(c2c(C)cc(C)c(N4C(=O)c5ccc(*)cc5C4=O)c2C)C3=O)cc1,tg,327.0,312.01513671875,325.9024023092215,318.46164701355434
*C(=O)Nc1ccc(NC(=O)c2ccc3c(c2)C(=O)N(c2cc(-c4nc5ccccc5s4)cc(N4C(=O)c5ccc(*)cc5C4=O)c2)C3=O)cc1,egc,2.886,2.3336703777313232,2.6561684432833643,2.4792059040767227
*C(=O)Nc1ccc(NC(=O)c2ccc3c(c2)C(=O)N(c2cc(-c4nc5ccccc5s4)cc(N4C(=O)c5ccc(*)cc5C4=O)c2)C3=O)cc1,tg,356.0,321.6394348144531,355.0150992531814,337.1325182439098
*C(=O)Nc1ccc(NC(=O)c2ccc3c(c2)C(=O)N(c2ccc(-c4sc(-c5ccc(N6C(=O)c7ccc(*)cc7C6=O)cc5)c(-c5ccccc5)c4-c4ccccc4)cc2)C3=O)cc1,tg,333.0,341.876953125,305.38533621045036,324.9374352205459
*C(=O)Nc1ccc(NC(=O)c2ccc3c(c2)C(=O)N(c2ccc(NC(=O)Nc4ccc(N5C(=O)c6ccc(*)cc6C5=O)cc4)cc2)C3=O)cc1,tg,216.0,272.8855285644531,226.2012692845846,251.2145555357901
*C(=O)Nc1ccc(NC(=O)c2ccc3c(c2)C(=O)N(c2ccc(Oc4ccc(N5C(=O)c6ccc(*)cc6C5=O)cc4)cc2)C3=O)c(OCCCCCCS(=O)(=O)c2ccc(C=Cc3ccc(N(C)C)cc3)cc2)c1,tg,192.0,213.93655395507812,182.21551126377648,199.21155089819763
*C(=O)Nc1ccc(NC(=O)c2ccc3c(c2)C(=O)N(c2ccc(Oc4ccc(N5C(=O)c6ccc(*)cc6C5=O)cc4)cc2)C3=O)cc1,egc,2.6514,2.3700997829437256,2.5481776344713993,2.4504619823515723
*C(=O)Nc1ccc(NC(=O)c2ccc3c(c2)C(=O)N(c2ccc(Oc4cccc5c(N6C(=O)c7ccc(*)cc7C6=O)cccc45)cc2)C3=O)cc1,egc,2.8645,2.367882490158081,2.639464150405373,2.4904406822582104
*C(=O)Nc1ccc(NC(=O)c2ccc3c(c2)C(=O)N(c2ccc(S(=O)(=O)c4ccc(N5C(=O)c6ccc(*)cc6C5=O)cc4)cc2)C3=O)cc1,egc,2.7403,2.730764865875244,2.996492120216946,2.850681107105215
*C(=O)Nc1ccc(NC(=O)c2ccc3c(c2)C(=O)N(c2ccc(S(=O)(=O)c4ccc(N5C(=O)c6ccc(*)cc6C5=O)cc4)cc2)C3=O)cc1,tg,368.0,307.06396484375,311.22184749024666,308.9940664257072
*C(=O)Nc1ccc(NC(=O)c2ccc3c(c2)C(=O)N(c2cccc(N4C(=O)c5ccc(*)cc5C4=O)c2)C3=O)cc1,tg,341.0,273.9844970703125,276.17612078453715,275.0018553647906
*C(=O)Nc1ccc(NC(=O)c2cccc(C(=O)Nc3ccc(N4C(=O)c5ccc(*)cc5C4=O)cc3)c2)cc1,egc,2.92,2.808624505996704,2.689257471511551,2.75475706911038
*C(=O)Nc1ccc(Oc2c(C)cc(C(C)(C)c3cc(C)c(Oc4ccc(NC(=O)c5ccc6c(c5)C(=O)N(c5ccc(Oc7ccc(C8(c9ccc(Oc%10ccc(N%11C(=O)c%12ccc(*)cc%12C%11=O)cc%10)cc9)CC9CC8C8CCCC98)cc7)cc5)C6=O)cc4)c(C)c3)cc2C)cc1,tg,276.0,259.5227355957031,279.8704093267908,268.9681867054434
*C(=O)Nc1ccc(Oc2cc(C(C)(C)C)c(Oc3ccc(NC(=O)c4ccc5c(c4)C(=O)N(c4ccc(Oc6ccc(C7(c8ccc(Oc9ccc(N%10C(=O)c%11ccc(*)cc%11C%10=O)cc9)cc8)CC8CC7C7CCCC87)cc6)cc4)C5=O)cc3)cc2C(C)(C)C)cc1,tg,290.0,283.2064514160156,278.73972826347307,281.1329851458333
*C(=O)Nc1ccc(Oc2ccc(-c3ccc(Oc4ccc(NC(=O)c5ccc6c(c5)C(=O)N(c5ccc(Oc7ccc(C(C)(C)c8ccc(Oc9ccc(N%10C(=O)c%11ccc(*)cc%11C%10=O)cc9)cc8)cc7)cc5)C6=O)cc4)cc3)cc2)cc1,tg,283.0,230.32623291015625,262.7813230688406,245.39198300067918
*C(=O)Nc1ccc(Oc2ccc(-c3ccc(Oc4ccc(NC(=O)c5ccc6c(c5)C(=O)N(c5ccc(Oc7ccc(N8C(=O)c9ccc(*)cc9C8=O)cc7)cc5)C6=O)cc4)cc3)cc2)cc1,tg,262.0,271.5529479980469,268.94777495371704,270.3436188654967
*C(=O)Nc1ccc(Oc2ccc(-c3ccc(Oc4ccc(NC(=O)c5ccc6c(c5)C(=O)N(c5ccc(Oc7ccc(S(=O)(=O)c8ccc(Oc9ccc(N%10C(=O)c%11ccc(*)cc%11C%10=O)cc9)cc8)cc7)cc5)C6=O)cc4)cc3)cc2)cc1,tg,267.0,251.5185546875,263.78067099252365,257.2106658148814
*C(=O)Nc1ccc(Oc2ccc(-c3ccc(Oc4ccc(NC(=O)c5ccc6c(c5)C(=O)N(c5ccc(Oc7ccccc7-c7ccccc7Oc7ccc(N8C(=O)c9ccc(*)cc9C8=O)cc7)cc5)C6=O)cc4)cc3)cc2)cc1,tg,254.0,243.2225646972656,256.30616211890776,249.29600982022504
*C(=O)Nc1ccc(Oc2ccc(-c3ccc(Oc4ccc(NC(=O)c5ccc6c(c5)C(=O)N(c5cccc(N7C(=O)c8ccc(*)cc8C7=O)c5)C6=O)cc4)cc3)cc2)cc1,tg,292.0,257.1549072265625,266.45134757135656,261.47034268772836
*C(=O)Nc1ccc(Oc2ccc(C(C)(C)c3ccc(Oc4ccc(NC(=O)c5ccc(N6C(=O)c7ccc(*)cc7C6=O)cc5)cc4)cc3)cc2)cc1,tg,216.0,240.7801818847656,231.32071432649903,236.38906870265913
*C(=O)Nc1ccc(Oc2ccc(C(C)(C)c3ccc(Oc4ccc(NC(=O)c5ccc6c(c5)C(=O)N(c5ccc(Oc7ccc8ccc(Oc9ccc(N%10C(=O)c%11ccc(*)cc%11C%10=O)cc9)cc8c7)cc5)C6=O)cc4)cc3)cc2)cc1,tg,250.0,216.32516479492188,240.0287147024066,227.32842368030342
*C(=O)Nc1ccc(Oc2ccc(C(C)(C)c3ccc(Oc4ccc(NC(=O)c5ccc6c(c5)C(=O)N(c5ccc(Oc7cccc(N8C(=O)c9ccc(*)cc9C8=O)c7)cc5)C6=O)cc4)cc3)cc2)cc1,tg,207.0,232.26063537597656,236.98411531163393,234.45328891415113
*C(=O)Nc1ccc(Oc2ccc(C(C)(C)c3ccc(Oc4ccc(NC(=O)c5ccc6c(c5)C(=O)N(c5ccc(Oc7cccc8c(Oc9ccc(N%10C(=O)c%11ccc(*)cc%11C%10=O)cc9)cccc78)cc5)C6=O)cc4)cc3)cc2)cc1,tg,235.0,236.41358947753903,254.17566280107292,244.6587971313622
*C(=O)Nc1ccc(Oc2ccc(C(c3ccc(Oc4ccc(NC(=O)c5ccc6c(c5)C(=O)N(c5ccc(Oc7ccc(C8(c9ccc(Oc%10ccc(N%11C(=O)c%12ccc(*)cc%12C%11=O)cc%10)cc9)CC9CC8C8CCCC98)cc7)cc5)C6=O)cc4)cc3)(C(F)(F)F)C(F)(F)F)cc2)cc1,tg,254.0,254.75743103027344,254.99335755508932,254.86694882995363
*C(=O)Nc1ccc(Oc2ccc(C(c3ccc(Oc4ccc(NC(=O)c5ccc6c(c5)C(=O)N(c5ccc(Oc7ccc8ccc(Oc9ccc(N%10C(=O)c%11ccc(*)cc%11C%10=O)cc9)cc8c7)cc5)C6=O)cc4)cc3)(C(F)(F)F)C(F)(F)F)cc2)cc1,tg,250.0,259.2991638183594,256.5885229610793,258.04087621104503
*C(=O)Nc1ccc(Oc2ccc(C(c3ccc(Oc4ccc(NC(=O)c5ccc6c(c5)C(=O)N(c5ccc(Oc7cccc8c(Oc9ccc(N%10C(=O)c%11ccc(*)cc%11C%10=O)cc9)cccc78)cc5)C6=O)cc4)cc3)(C(F)(F)F)C(F)(F)F)cc2)cc1,tg,231.0,246.43194580078125,252.3608177704184,249.18414593261045
*C(=O)Nc1ccc(Oc2ccc(C3(c4ccc(Oc5ccc(NC(=O)c6ccc7c(c6)C(=O)N(c6ccc(C)c(N8C(=O)c9ccc(*)cc9C8=O)c6)C7=O)cc5)cc4)NC(=O)c4ccccc43)cc2)cc1,tg,315.0,279.7934875488281,297.35408241509515,287.9451682991374
*C(=O)Nc1ccc(Oc2ccc(C3(c4ccc(Oc5ccc(NC(=O)c6ccc7c(c6)C(=O)N(c6ccc(Oc8ccc(Oc9ccc(N%10C(=O)c%11ccc(*)cc%11C%10=O)cc9)c(C)c8)cc6)C7=O)cc5)cc4)NC(=O)c4ccccc43)cc2)cc1,tg,293.0,272.0186767578125,287.5105050546312,279.21002986834173
*C(=O)Nc1ccc(Oc2ccc(C3(c4ccc(Oc5ccc(NC(=O)c6ccc7c(c6)C(=O)N(c6ccc(Oc8ccc(Oc9ccc(N%10C(=O)c%11ccc(*)cc%11C%10=O)cc9)cc8)cc6)C7=O)cc5)cc4)NC(=O)c4ccccc43)cc2)cc1,tg,284.0,285.26690673828125,288.3456476251701,286.6960674822064
*C(=O)Nc1ccc(Oc2ccc(C3(c4ccc(Oc5ccc(NC(=O)c6ccc7c(c6)C(=O)N(c6ccc(Oc8cccc(N9C(=O)c%10ccc(*)cc%10C9=O)c8)cc6)C7=O)cc5)cc4)NC(=O)c4ccccc43)cc2)cc1,tg,272.0,270.4028015136719,278.7726070449558,274.288090318111
*C(=O)Nc1ccc(Oc2ccc(C3(c4ccc(Oc5ccc(NC(=O)c6ccc7c(c6)C(=O)N(c6ccc(Oc8cccc(Oc9ccc(N%10C(=O)c%11ccc(*)cc%11C%10=O)cc9)c8)cc6)C7=O)cc5)cc4)NC(=O)c4ccccc43)cc2)cc1,tg,267.0,244.46975708007812,277.0647750803932,259.60046209392453
*C(=O)Nc1ccc(Oc2ccc(N3C(=O)c4ccc(*)cc4C3=O)cc2)cc1,egc,2.7025,3.052781581878662,3.028542490448129,3.041843069973363
*C(=O)Nc1ccc(Oc2ccc(N3C(=O)c4ccc(*)cc4C3=O)cc2)cc1,tg,290.17,238.89990234375,273.03831644619163,254.74705645238055
*C(=O)Nc1ccc(Oc2ccc(NC(=O)c3ccc(N4C(=O)c5ccc(*)cc5C4=O)cc3)cc2)cc1,tg,252.67,269.29461669921875,244.71933501735975,257.8866973123727
*C(=O)Nc1ccc(Oc2ccc(NC(=O)c3ccc4c(c3)C(=O)N(c3cc(C(F)(F)F)cc(N5C(=O)c6ccc(*)cc6C5=O)c3Oc3ccc(C(F)(F)F)cc3)C4=O)cc2-c2ccccc2)c(-c2ccccc2)c1,tg,312.0,266.3827209472656,302.4816051199084,283.1399311362579
*C(=O)Nc1ccc(Oc2ccc(NC(=O)c3ccc4c(c3)C(=O)N(c3ccc(-c5sc(-c6ccc(N7C(=O)c8ccc(*)cc8C7=O)cc6)c(-c6ccccc6)c5-c5ccccc5)cc3)C4=O)cc2)cc1,tg,320.0,291.92681884765625,291.7631945505377,291.85086395869826
*C(=O)Nc1ccc(Oc2ccc(NC(=O)c3ccc4c(c3)C(=O)N(c3ccc(Cc5ccc(N6C(=O)c7ccc(*)cc7C6=O)cc5)cc3)C4=O)cc2)cc1,tg,251.0,271.2729187011719,272.8675146691578,272.0131349270881
*C(=O)Nc1ccc(Oc2ccc(NC(=O)c3ccc4c(c3)C(=O)N(c3ccc(Oc5ccc(C6(c7ccc(Oc8ccc(N9C(=O)c%10ccc(*)cc%10C9=O)cc8)cc7)CC7CC6C6CCCC76)cc5)cc3)C4=O)cc2)cc1,tg,250.0,262.669921875,263.3913980966227,263.00483329869587
*C(=O)Nc1ccc(Oc2ccc(NC(=O)c3ccc4c(c3)C(=O)N(c3ccc(Oc5ccc(C6(c7ccc(Oc8ccc(N9C(=O)c%10ccc(*)cc%10C9=O)cc8)cc7)NC(=O)c7ccccc76)cc5)cc3)C4=O)cc2)cc1,tg,325.0,277.7742919921875,303.22109446804717,289.58677394277663
*C(=O)Nc1ccc(Oc2ccc(NC(=O)c3ccc4c(c3)C(=O)N(c3ccc(Oc5ccc(N6C(=O)c7ccc(*)cc7C6=O)cc5)cc3)C4=O)cc2)cc1,egc,2.699,2.315870761871338,2.615191206872449,2.4509467922797947
*C(=O)Nc1ccc(Oc2ccc(NC(=O)c3ccc4c(c3)C(=O)N(c3ccc(Oc5ccc(N6C(=O)c7ccc(*)cc7C6=O)cc5-c5ccccc5)c(-c5ccccc5)c3)C4=O)cc2)cc1,tg,345.0,256.57470703125,268.27877756985066,262.00777164189407
*C(=O)Nc1ccc(Oc2ccc(NC(=O)c3ccc4c(c3)C(=O)N(c3ccc(Oc5ccc(N6C(=O)c7ccc(*)cc7C6=O)cc5-c5ccccc5)c(-c5ccccc5)c3)C4=O)cc2-c2ccccc2)c(-c2ccccc2)c1,tg,369.0,249.4320068359375,322.7289645271891,283.45667420160635
*C(=O)Nc1ccc(Oc2ccc(NC(=O)c3ccc4c(c3)C(=O)N(c3ccc(Oc5cccc6c(N7C(=O)c8ccc(*)cc8C7=O)cccc56)cc3)C4=O)cc2)cc1,tg,278.0,270.60137939453125,290.8134299925188,279.98387383954525
*C(=O)Nc1ccc(Oc2ccc(NC(=O)c3ccc4c(c3)C(=O)N(c3ccc(S(=O)(=O)c5ccc(N6C(=O)c7ccc(*)cc7C6=O)cc5)cc3)C4=O)cc2)cc1,tg,281.0,274.38427734375,293.9885334919828,283.4846317841718
*C(=O)Nc1ccc(Oc2ccc(NC(=O)c3ccc4c(c3)C(=O)N(c3cccc(P(=O)(c5ccccc5)c5cccc(N6C(=O)c7ccc(*)cc7C6=O)c5)c3)C4=O)cc2)cc1,tg,235.0,242.7674560546875,242.7529692887119,242.76073125451776
*C(=O)Nc1ccc(Oc2ccc(NC(=O)c3cccc(*)n3)cc2)cc1,egc,3.4406,3.6520140171051025,3.7497928272727887,3.696139213883639
*C(=O)Nc1ccc(Oc2ccc(Oc3ccc(NC(=O)c4ccc5c(c4)C(=O)N(c4ccc(-c6sc(-c7ccc(N8C(=O)c9ccc(*)cc9C8=O)cc7)c(-c7ccccc7)c6-c6ccccc6)cc4)C5=O)cc3)cc2)cc1,tg,303.0,286.82952880859375,313.9490924278607,299.41851149372076
*C(=O)Nc1ccc(Oc2ccc(Oc3ccc(NC(=O)c4ccc5c(c4)C(=O)N(c4ccc(Oc6ccc(C7(c8ccc(Oc9ccc(N%10C(=O)c%11ccc(*)cc%11C%10=O)cc9)cc8)CC8CC7C7CCCC87)cc6)cc4)C5=O)cc3)c(C(C)(C)C)c2)cc1,tg,275.0,273.013427734375,263.7448570952598,268.7109294740858
*C(=O)Nc1ccc(Oc2ccc(Oc3ccc(NC(=O)c4ccc5c(c4)C(=O)N(c4ccc(Oc6ccc(C7(c8ccc(Oc9ccc(N%10C(=O)c%11ccc(*)cc%11C%10=O)cc9)cc8)CC8CC7C7CCCC87)cc6)cc4)C5=O)cc3)cc2)cc1,tg,257.0,259.6261901855469,264.3625519711014,261.8248235170391
*C(=O)Nc1ccc(Oc2ccc(Oc3ccc(NC(=O)c4ccc5c(c4)C(=O)N(c4ccc(Oc6ccc(C7(c8ccc(Oc9ccc(N%10C(=O)c%11ccc(*)cc%11C%10=O)cc9)cc8)NC(=O)c8ccccc87)cc6)cc4)C5=O)cc3)cc2)cc1,tg,300.0,285.2669372558594,308.93351269034406,296.2530324800949
*C(=O)Nc1ccc(Oc2ccc(Oc3ccc(NC(=O)c4ccc5c(c4)C(=O)N(c4ccc(Oc6ccc(N7C(=O)c8ccc(*)cc8C7=O)cc6)cc4)C5=O)cc3)cc2)cc1,tg,260.0,257.83123779296875,239.91857866931528,249.51612775955917
*C(=O)Nc1ccc(Oc2ccc(Oc3ccc(NC(=O)c4ccc5c(c4)C(=O)N(c4ccc(Oc6cccc7c(Oc8ccc(N9C(=O)c%10ccc(*)cc%10C9=O)cc8)cccc67)cc4)C5=O)cc3)cc2)cc1,tg,285.0,263.80645751953125,254.6170973245289,259.5407289847221
*C(=O)Nc1ccc(Oc2ccc(Oc3ccc(NC(=O)c4ccc5c(c4)C(=O)N(c4ccc(S(=O)(=O)c6ccc(N7C(=O)c8ccc(*)cc8C7=O)cc6)cc4)C5=O)cc3)cc2)cc1,tg,243.0,261.362548828125,279.94761571093136,269.9897925579377
*C(=O)Nc1ccc(Oc2ccc(S(=O)(=O)c3ccc(Oc4ccc(NC(=O)c5ccc6c(c5)C(=O)N(c5ccc(Oc7cccc8c(Oc9ccc(N%10C(=O)c%11ccc(*)cc%11C%10=O)cc9)cccc78)cc5)C6=O)cc4)cc3)cc2)cc1,tg,260.0,266.6427917480469,247.89401899839868,257.9395552643662
*C(=O)Nc1ccc(Oc2ccc3ccccc3c2-c2c(Oc3ccc(NC(=O)c4ccc5c(c4)C(=O)N(c4cc(C(F)(F)F)cc(N6C(=O)c7ccc(*)cc7C6=O)c4Oc4ccc(C(F)(F)F)cc4)C5=O)cc3)ccc3ccccc23)cc1,tg,324.0,276.44384765625,290.66452934449035,283.04513070258827
*C(=O)Nc1ccc(Oc2cccc(NC(=O)c3ccc4c(c3)C(=O)N(c3ccc(-c5sc(-c6ccc(N7C(=O)c8ccc(*)cc8C7=O)cc6)c(-c6ccccc6)c5-c5ccccc5)cc3)C4=O)c2)cc1,tg,315.0,287.0958251953125,310.69854317649765,298.0522775984027
*C(=O)Nc1ccc(Oc2cccc(NC(=O)c3ccc4c(c3)C(=O)N(c3ccc(Oc5ccc(C6(c7ccc(Oc8ccc(N9C(=O)c%10ccc(*)cc%10C9=O)cc8)cc7)NC(=O)c7ccccc76)cc5)cc3)C4=O)c2)cc1,tg,302.0,272.4997253417969,308.0734877348387,289.0131724273784
*C(=O)Nc1ccc(Oc2cccc(NC(=O)c3ccc4c(c3)C(=O)N(c3ccc(Oc5ccc(N6C(=O)c7ccc(*)cc7C6=O)cc5)cc3)C4=O)c2)cc1,tg,236.0,242.5895538330078,245.8220939371863,244.09010863439738
*C(=O)Nc1ccc(Oc2cccc(NC(=O)c3ccc4c(c3)C(=O)N(c3ccc(Oc5ccc6ccc(Oc7ccc(N8C(=O)c9ccc(*)cc9C8=O)cc7)cc6c5)cc3)C4=O)c2)cc1,tg,263.0,262.1174621582031,252.5195206444496,257.6620689510771
*C(=O)Nc1ccc(Oc2cccc(NC(=O)c3ccc4c(c3)C(=O)N(c3ccc(Oc5cccc(N6C(=O)c7ccc(*)cc7C6=O)c5)cc3)C4=O)c2)cc1,tg,211.0,252.15960693359375,233.67427406168676,243.57866003045416
*C(=O)Nc1ccc(Oc2cccc(Oc3ccc(NC(=O)c4ccc5c(c4)C(=O)N(c4ccc(Oc6cccc(Oc7ccc(N8C(=O)c9ccc(*)cc9C8=O)cc7)c6C#N)cc4)C5=O)cc3)c2C#N)cc1,tg,220.0,241.15733337402344,241.7835752396585,241.44803672433767
*C(=O)Nc1ccc(Oc2ccccc2-c2ccccc2Oc2ccc(NC(=O)c3ccc4c(c3)C(=O)N(c3ccc(N5C(=O)c6ccc(*)cc6C5=O)cc3)C4=O)cc2)cc1,tg,268.0,263.1446838378906,264.1147126497584,263.59497411866795
*C(=O)Nc1ccc(Oc2ccccc2-c2ccccc2Oc2ccc(NC(=O)c3ccc4c(c3)C(=O)N(c3ccc(Oc5ccc(-c6ccc(Oc7ccc(N8C(=O)c9ccc(*)cc9C8=O)cc7)cc6)cc5)cc3)C4=O)cc2)cc1,tg,233.0,241.74452209472656,246.58637511948217,243.99212477551873
*C(=O)Nc1ccc(Oc2ccccc2-c2ccccc2Oc2ccc(NC(=O)c3ccc4c(c3)C(=O)N(c3ccc(Oc5ccc(N6C(=O)c7ccc(*)cc7C6=O)cc5)cc3)C4=O)cc2)cc1,tg,241.5,244.37835693359375,240.95807097738887,242.7906499451872
*C(=O)Nc1ccc(Oc2ccccc2-c2ccccc2Oc2ccc(NC(=O)c3ccc4c(c3)C(=O)N(c3ccc(Oc5ccc(Oc6ccc(N7C(=O)c8ccc(*)cc8C7=O)cc6)cc5)cc3)C4=O)cc2)cc1,tg,238.0,240.27703857421875,242.22166269855217,241.17973891903262
*C(=O)Nc1ccc(Oc2ccccc2-c2ccccc2Oc2ccc(NC(=O)c3ccc4c(c3)C(=O)N(c3ccc(Oc5ccc(S(=O)(=O)c6ccc(Oc7ccc(N8C(=O)c9ccc(*)cc9C8=O)cc7)cc6)cc5)cc3)C4=O)cc2)cc1,tg,236.0,249.55160522460935,247.17261546613443,248.44727105102191
*C(=O)Nc1ccc(Oc2ccccc2-c2ccccc2Oc2ccc(NC(=O)c3ccc4c(c3)C(=O)N(c3ccc(Oc5cccc(Oc6ccc(N7C(=O)c8ccc(*)cc8C7=O)cc6)c5)cc3)C4=O)cc2)cc1,tg,229.0,232.85760498046875,229.3002137120914,231.2062532953698
*C(=O)Nc1ccc(Oc2ccccc2-c2ccccc2Oc2ccc(NC(=O)c3ccc4c(c3)C(=O)N(c3ccc(Oc5ccccc5-c5ccccc5Oc5ccc(N6C(=O)c7ccc(*)cc7C6=O)cc5)cc3)C4=O)cc2)cc1,tg,233.0,231.76080322265625,258.47816053926476,244.16308053703685
*C(=O)Nc1ccc(Oc2ccccc2-c2ccccc2Oc2ccc(NC(=O)c3ccc4c(c3)C(=O)N(c3cccc(N5C(=O)c6ccc(*)cc6C5=O)c3)C4=O)cc2)cc1,tg,237.0,250.42381286621097,247.3991268268847,249.01974454447839
*C(=O)Nc1ccc(S(=O)(=O)c2ccc(N3C(=O)CC(N4C(=O)c5ccc(*)cc5C4=O)C3=O)cc2)cc1,tg,145.0,195.34619140625,178.16720850760706,187.37165607466142
*C(=O)Nc1ccc(S(=O)(=O)c2ccc(NC(=O)c3ccc(N4C(=O)c5ccc(*)cc5C4=O)cc3)cc2)cc1,tg,227.33,289.7808837890625,283.13705176926175,286.69679705985186
*C(=O)Nc1ccc(S(=O)(=O)c2ccc(NC(=O)c3ccc4[nH]c(-c5cc(-c6nc7cc(*)ccc7[nH]6)cc(N6C(=O)c7ccccc7C6=O)c5)nc4c3)cc2)cc1,tg,325.0,361.4660034179687,319.81038525791377,342.12934066346054
*C(=O)Nc1ccc(S(=O)(=O)c2ccc(NC(=O)c3ccc4[nH]c(-c5cccc(-c6nc7cc(*)ccc7[nH]6)c5)nc4c3)cc2)cc1,egc,3.6016,3.314772605895996,3.2271751150924888,3.2752419907005152
*C(=O)Nc1ccc(S(=O)(=O)c2ccc(NC(=O)c3ccc4[nH]c(-c5cccc(-c6nc7cc(*)ccc7[nH]6)c5)nc4c3)cc2)cc1,tg,312.0,292.30609130859375,324.1618186007903,307.0936153607389
*C(=O)Nc1ccc(S(=O)(=O)c2ccc(NC(=O)c3ccc4c(c3)C(=O)N(c3cc(-c5nc6ccccc6o5)cc(N5C(=O)c6ccc(*)cc6C5=O)c3)C4=O)cc2)cc1,tg,367.0,313.42596435546875,330.75929084507993,321.4721464444144
*C(=O)Nc1ccc(S(=O)(=O)c2ccc(NC(=O)c3ccc4c(c3)C(=O)N(c3cc(-c5nc6ccccc6s5)cc(N5C(=O)c6ccc(*)cc6C5=O)c3)C4=O)cc2)cc1,tg,357.0,300.966796875,349.77823629776407,323.6252132992504
*C(=O)Nc1ccc(S(=O)(=O)c2ccc(NC(=O)c3ccc4c(c3)C(=O)N(c3ccc(-c5sc(-c6ccc(N7C(=O)c8ccc(*)cc8C7=O)cc6)c(-c6ccccc6)c5-c5ccccc5)cc3)C4=O)cc2)cc1,tg,340.0,318.56146240234375,284.44280967214996,302.7234815819178
*C(=O)Nc1ccc(S(=O)(=O)c2ccc(NC(=O)c3ccc4c(c3)C(=O)N(c3ccc(NC(=O)Nc5ccc(N6C(=O)c7ccc(*)cc7C6=O)cc5)cc3)C4=O)cc2)cc1,tg,205.0,226.00924682617188,238.17744195214567,231.65775946084057
*C(=O)Nc1ccc(S(=O)(=O)c2ccc(NC(=O)c3ccc4c(c3)C(=O)N(c3ccc(Oc5ccc(N6C(=O)c7ccc(*)cc7C6=O)cc5)cc3)C4=O)cc2)cc1,egc,2.6835,2.6898598670959473,2.964878926207922,2.8139692736263844
*C(=O)Nc1ccc(S(=O)(=O)c2ccc(NC(=O)c3ccc4c(c3)C(=O)N(c3ccc(S(=O)(=O)c5ccc(N6C(=O)c7ccc(*)cc7C6=O)cc5)cc3)C4=O)cc2)cc1,egc,3.3421,2.8729805946350098,2.7065324837114453,2.797866614056576
*C(=O)Nc1ccc(S(=O)(=O)c2ccc(NC(=O)c3ccc4c(c3)C(=O)N(c3ccc(S(=O)(=O)c5ccc(N6C(=O)c7ccc(*)cc7C6=O)cc5)cc3)C4=O)cc2)cc1,tg,307.0,286.08978271484375,300.362041432169,292.7150079726135
*C(=O)Nc1ccc(S(=O)(=O)c2ccc(NC(=O)c3ccc4c(c3)C(=O)N(c3cccc(N5C(=O)c6ccc(*)cc6C5=O)c3)C4=O)cc2)cc1,tg,342.0,295.61614990234375,307.82393394252244,301.2830398295989
*C(=O)Nc1ccc(Sc2ccc(NC(=O)c3ccc4c(c3)C(=O)N(c3ccc(Oc5ccc(C6(c7ccc(Oc8ccc(N9C(=O)c%10ccc(*)cc%10C9=O)cc8)cc7)NC(=O)c7ccccc76)cc5)cc3)C4=O)cc2)cc1,tg,312.0,265.55926513671875,310.9265529516451,286.61889606557065
*C(=O)Nc1ccc(Sc2ccc(NC(=O)c3ccc4c(c3)C(=O)N(c3ccc(Oc5ccc(N6C(=O)c7ccc(*)cc7C6=O)cc5)cc3)C4=O)cc2)cc1,tg,284.0,262.68310546875,258.3637871549202,260.6780649663385
*C(=O)Nc1ccc(Sc2ccc(NC(=O)c3ccc4c(c3)C(=O)N(c3ccc(Oc5cccc6c(Oc7ccc(N8C(=O)c9ccc(*)cc9C8=O)cc7)cccc56)cc3)C4=O)cc2)cc1,tg,265.0,260.30670166015625,282.84152641927193,270.76743483004145
*C(=O)Nc1ccc2c(c1)Cc1cc(NC(=O)c3ccc4c(c3)C(=O)N(c3ccc(NC(=O)Nc5ccc(N6C(=O)c7ccc(*)cc7C6=O)cc5)cc3)C4=O)ccc1-2,tg,224.0,245.00997924804688,228.66500685667293,237.4225940927157
*C(=O)Nc1cccc(C#Cc2cccc(N3C(=O)c4ccc(*)cc4C3=O)c2)c1,tg,323.5,221.4600830078125,277.56549223193895,247.5043820673556
*C(=O)Nc1cccc(C(=O)Nc2cccc(NC(=O)c3ccc4[nH]c(-c5cccc(-c6nc7cc(*)ccc7[nH]6)c5)nc4c3)c2)c1,egc,3.186,3.3107428550720215,3.2353124332694394,3.2767029419311386
*C(=O)Nc1cccc(C(=O)Nc2cccc(NC(=O)c3ccc4[nH]c(-c5cccc(-c6nc7cc(*)ccc7[nH]6)c5)nc4c3)c2)c1,tg,331.0,296.53118896484375,305.36712841051354,300.63285852892704
*C(=O)Nc1cccc(C(=O)c2cccc(NC(=O)c3ccc4c(c3)C(=O)N(c3ccc(-c5sc(-c6ccc(N7C(=O)c8ccc(*)cc8C7=O)cc6)c(-c6ccccc6)c5-c5ccccc5)cc3)C4=O)c2)c1,tg,308.0,306.74530029296875,289.66500519217135,298.8165761328191
*C(=O)Nc1cccc(C=CC(=O)C=Cc2cccc(NC(=O)c3ccc(N4C(=O)c5ccc(*)cc5C4=O)cc3)c2)c1,egc,3.0227,2.4973056316375732,2.5880238937565014,2.538244574958111
*C(=O)Nc1cccc(NC(=O)C=Cc2cccc(N3C(=O)c4ccc(*)cc4C3=O)c2)c1,tg,245.0,231.5945281982422,243.6903459143731,237.2094430224115
*C(=O)Nc1cccc(NC(=O)c2ccc(-c3nc4cc(*)ccc4[nH]3)cc2)c1,egc,3.2886,3.451204776763916,3.358444706704102,3.409344415223816
*C(=O)Nc1cccc(NC(=O)c2ccc3[nH]c(-c4cc(-c5nc6cc(*)ccc6[nH]5)cc(N5C(=O)c6ccccc6C5=O)c4)nc3c2)c1,tg,304.0,308.59014892578125,324.8793473807672,316.15164365273654
*C(=O)Nc1cccc(NC(=O)c2ccc3[nH]c(-c4ccc(-c5nc6cc(*)ccc6[nH]5)cc4)nc3c2)c1,tg,294.0,330.70184326171875,301.48682860215735,317.14014592549546
*C(=O)Nc1cccc(NC(=O)c2ccc3[nH]c(-c4cccc(-c5nc6cc(*)ccc6[nH]5)c4)nc3c2)c1,egc,3.3364,2.8874611854553223,3.371892881408279,3.106073417216233
*C(=O)Nc1cccc(NC(=O)c2ccc3[nH]c(-c4cccc(-c5nc6cc(*)ccc6[nH]5)c4)nc3c2)n1,egc,3.4965,3.2213172912597656,3.301587999619297,3.257541507895686
*C(=O)Nc1cccc(NC(=O)c2ccc3[nH]c(-c4cccc(-c5nc6cc(*)ccc6[nH]5)c4)nc3c2)n1,tg,302.0,320.3876647949219,326.4534370173132,323.2034144342471
*C(=O)Nc1cccc(NC(=O)c2ccc3c(c2)C(=O)N(c2cc(-c4nc5ccccc5o4)cc(N4C(=O)c5ccc(*)cc5C4=O)c2)C3=O)n1,tg,365.0,288.45989990234375,329.27940860392044,307.4084381411545
*C(=O)Nc1cccc(NC(=O)c2ccc3c(c2)C(=O)N(c2cc(-c4nc5ccccc5s4)cc(N4C(=O)c5ccc(*)cc5C4=O)c2)C3=O)n1,tg,358.0,287.0521240234375,327.60867351220463,305.87859580780855
*C(=O)Nc1cccc(NC(=O)c2ccc3c(c2)C(=O)N(c2ccc(-c4sc(-c5ccc(N6C(=O)c7ccc(*)cc7C6=O)cc5)c(-c5ccccc5)c4-c4ccccc4)cc2)C3=O)c1,tg,334.0,316.938232421875,323.25094586279585,319.8686129147035
*C(=O)Nc1cccc(NC(=O)c2ccc3c(c2)C(=O)N(c2ccc(Oc4ccc(C5(c6ccc(Oc7ccc(N8C(=O)c9ccc(*)cc9C8=O)cc7)cc6)NC(=O)c6ccccc65)cc4)cc2)C3=O)c1,tg,328.0,291.2611083984375,310.4958186513692,300.18991852706216
*C(=O)Nc1cccc(NC(=O)c2ccc3c(c2)C(=O)N(c2ccc(Oc4ccc5ccc(Oc6ccc(N7C(=O)c8ccc(*)cc8C7=O)cc6)cc5c4)cc2)C3=O)c1,tg,286.0,252.28717041015625,275.90924467039014,263.25260805597435
*C(=O)Nc1cccc(NC(=O)c2ccc3c(c2)C(=O)N(c2ccc(Oc4cccc5c(N6C(=O)c7ccc(*)cc7C6=O)cccc45)cc2)C3=O)n1,tg,293.0,283.986083984375,283.7067596176721,283.8564207764664
*C(=O)Nc1cccc(NC(=O)c2ccc3c(c2)C(=O)N(c2ccc(Oc4cccc5c(Oc6ccc(N7C(=O)c8ccc(*)cc8C7=O)cc6)cccc45)cc2)C3=O)c1,tg,263.0,267.1461181640625,262.60564701490944,265.0384178528968
*C(=O)Nc1cccc(NC(=O)c2ccc3c(c2)C(=O)N(c2ccc(S(=O)(=O)c4ccc(N5C(=O)c6ccc(*)cc6C5=O)cc4)cc2)C3=O)c1,egc,3.0501,2.952646017074585,2.865015406874983,2.913100455901879
*C(=O)Nc1cccc(NC(=O)c2ccc3c(c2)C(=O)N(c2ccc(S(=O)(=O)c4ccc(N5C(=O)c6ccc(*)cc6C5=O)cc4)cc2)C3=O)c1,tg,311.0,295.37554931640625,325.67023081384195,309.4384312335661
*C(=O)Nc1cccc(NC(=O)c2ccc3c(c2)C(=O)N(c2cccc(P(=O)(c4ccccc4)c4cccc(N5C(=O)c6ccc(*)cc6C5=O)c4)c2)C3=O)n1,tg,156.0,261.2738952636719,261.85682315887544,261.54449213913864
*C(=O)Nc1cccc(NC(=O)c2cccc(NC(=O)c3ccc(-c4nc5cc(*)ccc5[nH]4)cc3)c2)c1,egc,3.3084,3.3731515407562256,3.0816881880061104,3.2416212248137946
*C(=O)Nc1cccc(Oc2ccc(C(=O)c3ccc(Oc4cccc(NC(=O)c5ccc(*)nc5)c4)cc3)cc2)c1,tg,154.0,185.8848419189453,178.848614464678,182.61860405339735
*C(=O)Nc1cccc(Oc2ccc(S(=O)(=O)c3ccc(Oc4cccc(NC(=O)c5ccc(N6C(=O)c7ccc(*)cc7C6=O)cc5)c4)cc3)cc2)c1,tg,235.0,226.20852661132812,228.30370243994903,227.18111350834096
*C(=O)Nc1cccc(Oc2cccc(Oc3cccc(Oc4cccc(Oc5cccc(NC(=O)c6ccc7c(c6)C(=O)N(c6ccc(Oc8cccc(Oc9ccc(N%10C(=O)c%11ccc(*)cc%11C%10=O)cc9)c8C#N)cc6)C7=O)c5)c4C#N)c3)c2C#N)c1,tg,199.0,190.00975036621097,241.56114226181924,213.94006093754132
*C(=O)Nc1cccc(S(=O)(=O)c2cccc(NC(=O)c3ccc4c(c3)C(=O)N(c3cc(-c5nnc(-c6ccccn6)o5)cc(N5C(=O)c6ccc(*)cc6C5=O)c3)C4=O)c2)c1,tg,173.0,233.74661254882812,235.03066801003857,234.34267494108713
*C(=O)Nc1cccc2cccc(N3C(=O)CC(N4C(=O)c5ccc(*)cc5C4=O)C3=O)c12,tg,193.0,186.21310424804688,222.3193354583651,202.97372495394063
*C(=O)Nc1nc(*)c(C#N)n1C,egc,4.3854,4.210909843444824,4.151948502367283,4.184302025524857
*C(=O)Nc1nc(C#N)c(*)n1C,egc,4.1864,4.382668972015381,4.159512337400709,4.281963815162669
*C(=O)Nc1nc(NC(=O)c2ccc3c(c2)C(=O)N(c2ccc(Oc4cccc5c(N6C(=O)c7ccc(*)cc7C6=O)cccc45)cc2)C3=O)nc(-c2ccccc2)n1,tg,291.0,285.9775390625,286.3830389012972,286.1657733025898
*C(=O)OC1=NCCN1*,egc,5.1364,5.4154462814331055,5.020346846923804,5.237147524627688
*C(=O)OC1CC(*)N(C(=O)OCc2ccccc2)C1,egc,5.588,5.336087226867676,5.059794341509504,5.21140297356135
*C(=O)OC1CC(*)N(C(=O)OCc2ccccc2)C1,tg,78.0,126.09444427490234,114.71788269456351,120.81341030393472
*C(=O)OC1CC2CC(OC(=O)N3CCN(*)CC3)CC(C1)O2,egc,5.7033,5.8189239501953125,5.565701941773041,5.70465102203095
*C(=O)OC1CC2CC(OC(=O)N3CCN(*)CC3)CC(C1)O2,tg,113.0,147.10450744628906,161.57107535295353,153.81993161192082
*C(=O)OC1CCC(OC(=O)N2CCN(*)CC2)CC1,egc,5.8355,5.877993583679199,5.586066575035524,5.746254031118877
*C(=O)OCC(C)(C)COC(=O)N1CC(C)N(*)CC1C,egc,5.8365,5.714555740356445,5.5440085381472475,5.637591939665846
*C(=O)OCC(C)(C)COC(=O)N1CCN(*)C(C)C1,egc,5.8979,6.013186931610107,5.519419046097824,5.790361504773899
*C(=O)OCC(C)(C)COC(=O)N1CCN(*)CC1,tg,70.0,55.24054718017578,45.981195472208434,50.94232837534632
*C(=O)OCC(C)(C)CS(=O)(=O)CC(C)(C)COC(=O)N1CC(C)N(*)CC1C,tg,85.0,52.94860076904297,48.74381070563304,50.99672462361506
*C(=O)OCC(C)(C)CSCC(C)(C)COC(=O)C1(C)CNC(*)(C)CN1,tg,40.0,92.16584014892578,82.51826600504812,87.68740732619153
*C(=O)OCC(COc1ccc(N=Nc2ccc(C#N)cc2)cc1)OC(=O)c1ccc(*)s1,tg,119.0,89.78512573242188,77.39801217310558,84.03499050509295
*C(=O)OCC1CC1COC(=O)N1CCN(*)CC1,egc,5.9115,5.85504150390625,5.528502696999321,5.707682489352006
*C(=O)OCCCCCCCCCCCCCCCCCCCCCCOC(=O)c1ccc(N2C(=O)c3ccc(*)cc3C2=O)cc1,tg,44.0,49.2955322265625,51.45458089461216,50.29776908700791
*C(=O)OCCCCCCCCCCCCOC(=O)c1ccc(N2C(=O)c3ccc(*)cc3C2=O)cc1,egc,3.2472,3.9023613929748535,3.3120081484005595,3.635949344791668
*C(=O)OCCCCCCCCCCCCOC(=O)c1ccc(NC(=O)c2ccc(N3C(=O)c4ccc(*)cc4C3=O)cc2)cc1,tg,74.0,107.83204650878906,91.83797896875144,100.40755243679602
*C(=O)OCCCCCCCCCCCCOC(=O)c1ccc2c(c1)C(=O)N(c1ccc(Oc3ccc(N4C(=O)c5ccc(*)cc5C4=O)cc3)cc1)C2=O,tg,105.0,98.19557189941406,132.41414565738498,114.07993636030804
*C(=O)OCCCCCCCCCCOC(=O)c1ccc(NC(=O)c2ccc(N3C(=O)c4ccc(*)cc4C3=O)cc2)cc1,tg,102.0,107.62480926513672,85.55326004183554,97.37912998699878
*C(=O)OCCCCCCCCOC(=O)c1ccc(NC(=O)c2ccc(N3C(=O)c4ccc(*)cc4C3=O)cc2)cc1,tg,105.0,124.99252319335938,96.64110064739162,111.83170790367902
*C(=O)OCCCCCCCOC(=O)c1ccc(NC(=O)c2ccc(N3C(=O)c4ccc(*)cc4C3=O)cc2)cc1,tg,106.0,137.57867431640625,117.9052095207148,128.44619301447779
*C(=O)OCCCCCCOC(=O)N1CCN(*)CC1,egc,5.9678,6.005297660827637,5.993389027414996,5.99992358446288
*C(=O)OCCCCCOC(=O)c1ccc(N2C(=O)c3ccc(*)cc3C2=O)cc1,tg,90.0,94.09284210205078,104.08711101580047,98.7322116756936
*C(=O)OCCCCOC(=O)N1CCN(*)CC1,egb,6.4265,6.195616722106934,6.207563962340686,6.198388139148015
*C(=O)OCCCCOC(=O)N1CCN(*)CC1,egc,5.8653,6.022242546081543,5.9881688718314106,6.006865926355077
*C(=O)OCCCSCCCCSCCCOC(=O)c1ccc(N2C(=O)c3ccc(*)cc3C2=O)cc1,tg,39.0,46.543121337890625,79.63169588355956,61.902936778837606
*C(=O)OCCN(CCOC(=O)c1ccc2c(c1)C(=O)N(c1c(C)cc(Cc3cc(C)c(N4C(=O)c5ccc(*)cc5C4=O)c(C)c3)cc1C)C2=O)c1ccc(N=Nc2ccc([N+](=O)[O-])cc2)cc1,tg,179.0,193.59036254882812,175.24287895522588,185.07340569368853
*C(=O)OCCN(CCOC(=O)c1ccc2c(c1)C(=O)N(c1c(C)cc(Cc3cc(C)c(N4C(=O)c5ccc(*)cc5C4=O)c(C)c3)cc1C)C2=O)c1ccccc1,tg,177.0,200.18414306640625,159.7370375789809,181.40847551536376
*C(=O)OCCN(CCOC(=O)c1ccc2c(c1)C(=O)N(c1ccc(N=Nc3ccc(C(C#N)=C(C#N)C#N)cc3)c(N3C(=O)c4ccc(*)cc4C3=O)c1)C2=O)c1ccc(N=Nc2ccc(C(C#N)=C(C#N)C#N)cc2)cc1,tg,121.0,220.29444885253903,194.04021306359007,208.10715393885877
*C(=O)OCCN(CCOC(=O)c1ccc2c(c1)C(=O)N(c1ccc(N=Nc3ccccc3)c(N3C(=O)c4ccc(*)cc4C3=O)c1)C2=O)c1ccccc1,tg,156.0,168.72213745117188,162.91357212045108,166.025784021579
*C(=O)OCCN(CCOC(=O)c1ccc2c(c1)C(=O)N(c1cccc(N3C(=O)c4ccc(*)cc4C3=O)c1)C2=O)c1ccc(N=Nc2ccc(F)cc2)cc1,tg,168.0,173.56414794921875,188.5886256504745,180.53855551305617
*C(=O)OCCN(CCOC(=O)c1ccc2c(c1)C(=O)N(c1cccc(N3C(=O)c4ccc(*)cc4C3=O)c1)C2=O)c1ccc(N=Nc2ccc([N+](=O)[O-])cc2)cc1,tg,210.0,171.98619079589844,164.9625503853836,168.72579587377248
*C(=O)OCCOC(=O)N1CC(C)N(*)CC1C,egc,5.9632,5.692349910736084,5.745625474785758,5.716391875893441
*C(=O)OCCOC(=O)N1CCN(*)CC1,egc,5.8752,5.8553667068481445,5.891616032472921,5.871725145077649
*C(=O)OCCOC(=O)N1CCN(*)CC1,tg,60.0,57.922996520996094,54.089291402668266,56.1433791188848
*C(=O)OCCOC(=O)c1ccc(*)o1,tg,85.56,76.82234191894531,46.24602705592639,62.628724949678556
*C(=O)OCCOC(=O)c1ccc(N2C(=O)c3ccc(*)cc3C2=O)cc1,tg,280.0,188.6721954345703,203.22142195405763,195.42598997592833
*C(=O)OCCOC(=O)c1cccc(N2C(=O)c3ccc(*)cc3C2=O)c1,tg,220.0,179.3787841796875,223.6152160706371,199.91346840046617
*C(=O)OCCOCCOC(=O)c1ccc(N2C(=O)c3ccc(*)cc3C2=O)cc1,tg,101.0,122.53487396240234,119.84513238057669,121.28628786137037
*C(=O)OCCOCCOCCOC(=O)c1ccc(N2C(=O)c3ccc(*)cc3C2=O)cc1,tg,63.0,82.38600158691406,72.83003654351872,77.95009398309419
*C(=O)OCCOCCOCCOCCOC(=O)c1ccc(N2C(=O)c3ccc(*)cc3C2=O)cc1,tg,52.0,51.16552734375,65.27916125899307,57.71711849313661
*C(=O)Oc1c(C)cc(C(c2cc(C)c(OC(=O)c3ccc4c(c3)C(=O)N(c3c(C)cc(-c5cc(C)c(N6C(=O)c7ccc(*)cc7C6=O)c(C)c5)cc3C)C4=O)c(C)c2)(C(F)(F)F)C(F)(F)F)cc1C,tg,327.0,276.768798828125,324.9883653091137,299.15246605948977
*C(=O)Oc1ccc(-c2ccc(OC(=O)c3ccc4c(c3)C(=O)N(c3ccc(-c5ccc(N6C(=O)c7ccc(*)cc7C6=O)cc5C)c(C)c3)C4=O)cc2C)c(C)c1,tg,177.0,231.97935485839844,226.63041459531823,229.49636076228933
*C(=O)Oc1ccc(-c2ccc(OC(=O)c3ccc4c(c3)C(=O)N(c3ccc(Oc5ccc(N6C(=O)c7ccc(*)cc7C6=O)cc5)cc3)C4=O)cc2)cc1,egc,2.6231,2.6747946739196777,2.581899916897395,2.632873531432129
*C(=O)Oc1ccc(C(*)=S)cc1,eea,3.6938,3.341876983642578,3.4745337280587942,3.375116014245879
*C(=O)Oc1ccc(C(*)=S)cc1,egb,2.3448,2.7515132427215576,2.437817121618304,2.6787447406460236
*C(=O)Oc1ccc(C(*)=S)cc1,egc,2.9816,3.5357003211975098,3.170806768850179,3.3710327437036476
*C(=O)Oc1ccc(C(*)=S)cc1,ei,6.6755,6.588597297668457,6.658571066650039,6.617776702956334
*C(=O)Oc1ccc(C(*)=S)cc1,eps,4.83,5.032722473144531,4.813343669986715,4.912488857140581
*C(=O)Oc1ccc(C(*)=S)cc1,nc,2.0099,2.0074596405029297,2.0089608232734673,2.007987718327739
*C(=O)Oc1ccc(C(*)=S)s1,eea,3.8482,4.100379467010498,3.772506839949421,4.018226325586536
*C(=O)Oc1ccc(C(*)=S)s1,egb,1.9856,2.3687896728515625,2.0691119748162445,2.2992730428250905
*C(=O)Oc1ccc(C(*)=S)s1,ei,6.6347,6.778482913970947,6.4596690167559965,6.645535953222106
*C(=O)Oc1ccc(C(*)=S)s1,eps,5.33,5.505018711090088,5.105973967412802,5.286316667916051
*C(=O)Oc1ccc(C(C)(C)c2ccc(OC(=O)c3ccc4c(c3)C(=O)N(c3ccc(-c5ccc(N6C(=O)c7ccc(*)cc7C6=O)cc5C)c(C)c3)C4=O)cc2)cc1,tg,166.0,227.5825958251953,213.241635014076,220.92547884964767
*C(=O)Oc1ccc(C(C)(C)c2ccc(OC(=O)c3ccc4c(c3)C(=O)N(c3ccc(O)c(N5C(=O)c6ccc(*)cc6C5=O)c3)C4=O)cc2)cc1,tg,225.0,255.24612426757812,241.96142980566552,249.07932929601725
*C(=O)Oc1ccc(C(C)(C)c2ccc(OC(=O)c3ccc4c(c3)C(=O)N(c3ccc(Oc5ccc(N6C(=O)c7ccc(*)cc7C6=O)cc5)cc3)C4=O)cc2)cc1,tg,200.0,225.972900390625,215.0678553014886,220.9107457875865
*C(=O)Oc1ccc(C(C)(C)c2ccc(OC(=O)c3ccc4c(c3)C(=O)N(c3cccc(N5C(=O)c6ccc(*)cc6C5=O)c3)C4=O)cc2)cc1,tg,225.0,216.288330078125,222.9138722683893,219.36392661366654
*C(=O)Oc1ccc(C(c2ccc(OC(=O)c3ccc4c(c3)C(=O)N(c3c(C)cc(-c5cc(C)c(N6C(=O)c7ccc(*)cc7C6=O)c(C)c5)cc3C)C4=O)cc2)(C(F)(F)F)C(F)(F)F)cc1,tg,335.0,281.06268310546875,296.630498059487,288.2893094499341
*C(=O)Oc1ccc(C2(c3ccc(OC(=O)c4ccc5c(c4)C(=O)N(c4ccc(-c6ccc(N7C(=O)c8ccc(*)cc8C7=O)cc6C)c(C)c4)C5=O)cc3)C3CC4CC(C3)CC2C4)cc1,tg,222.0,249.9240264892578,221.89733527708384,236.91395245765375
*C(=O)Oc1ccc(C2(c3ccc(OC(=O)c4ccc5c(c4)C(=O)N(c4ccc(-c6ccc(N7C(=O)c8ccc(*)cc8C7=O)cc6C)c(C)c4)C5=O)cc3)CC3CC2C2CCCC32)cc1,tg,226.0,284.32525634765625,220.09790172724257,254.51072590095447
*C(=O)Oc1ccc(C2(c3ccc(OC(=O)c4ccc5c(c4)C(=O)N(c4ccc(-c6ccc(N7C(=O)c8ccc(*)cc8C7=O)cc6C)c(C)c4)C5=O)cc3)CCC(C(C)(C)C)CC2)cc1,tg,217.0,241.19876098632812,207.15791611068352,225.3968988051044
*C(=O)Oc1ccc(C23CC4CC(CC(C4)C2)C3)c(OC(=O)c2ccc3c(c2)C(=O)N(c2ccc(-c4ccc(N5C(=O)c6ccc(*)cc6C5=O)cc4C)c(C)c2)C3=O)c1,tg,225.0,284.67657470703125,245.12770649922007,266.31787159239894
*C(=O)Oc1ccc(OC(=O)N2CCN(*)CC2)cc1,egc,5.2692,5.246045112609863,4.689822433255403,4.995035357662862
*C(=O)Oc1ccc(OC(=O)c2ccc3c(c2)C(=O)N(C2CCC(N4C(=O)c5ccc(*)cc5C4=O)CC2)C3=O)cc1,tg,360.0,187.2874298095703,215.7531319102788,200.50129401095487
*C(=O)Oc1ccc(OC(=O)c2ccc3c(c2)C(=O)N(c2ccc(Oc4ccc(N5C(=O)c6ccc(*)cc6C5=O)cc4)cc2)C3=O)c(-c2ccccc2)c1,egc,2.5898,2.7008371353149414,2.5766730988652564,2.644804928216452
*C(=O)Oc1ccc(OC(=O)c2ccc3c(c2)C(=O)N(c2ccc(Oc4ccc(N5C(=O)c6ccc(*)cc6C5=O)cc4)cc2)C3=O)cc1,egc,2.5383,2.5138566493988037,2.6467942548557044,2.5738481546134144
*C(=O)Oc1ccc(OC(=O)c2ccc3c(c2)C(=O)N(c2ccc(Oc4ccc(Oc5ccc(N6C(=O)c7ccc(*)cc7C6=O)cc5)cc4)cc2)C3=O)cc1,tg,230.0,204.76364135742188,218.43715205895964,211.11092599235107
*C(=O)Oc1ccc(OC(=O)c2ccc3c(c2)C(=O)N(c2ccc(Sc4ccc(N5C(=O)c6ccc(*)cc6C5=O)cc4)cc2)C3=O)cc1,egc,2.9567,2.663588047027588,2.6494051081380388,2.6571876319649985
*C(=O)Oc1ccc(OCCCCCCCCCCCCOc2ccc(OC(=O)c3ccc4c(c3)C(=O)N(c3ccc(S(=O)(=O)c5ccc(N6C(=O)c7ccc(*)cc7C6=O)cc5)cc3)C4=O)cc2)cc1,tg,140.0,130.9430389404297,144.79703746228324,137.37410656230995
*C(=O)Oc1ccc([Si](C)(c2ccccc2)c2ccc(OC(=O)c3ccc(*)s3)cc2)cc1,tg,-71.0,84.204833984375,158.96089737032625,118.9068225851575
*C(=O)Oc1ccc([Si](CC)(CC)c2ccc(OC(=O)c3ccc(*)s3)cc2)cc1,tg,-62.0,63.834869384765625,113.9234559413408,87.08614133499825
*C(=O)Oc1ccc2ccc(OC(=O)c3ccc4c(c3)C(=O)N(c3ccc(Oc5ccc(N6C(=O)c7ccc(*)cc7C6=O)cc5)cc3)C4=O)cc2c1,egc,2.5688,2.7711939811706543,2.650733486783082,2.7168330924486925
*C(=O)SSCCCCCCSSC(=O)N1CCN(*)CC1,egc,4.64,4.524852752685547,4.434951938087824,4.484282703532032
*C(=O)SSCCCCSSC(=O)N1CCN(*)CC1,egc,4.2166,4.500948429107666,4.514698168775446,4.507153351906931
*C(=O)c1cc(C(=O)c2ccc3c(c2)C(=O)N(c2ccc(Oc4ccc(N5C(=O)c6ccc(*)cc6C5=O)cc4)cc2)C3=O)cc(-c2ccccc2)c1,tg,258.5,252.61529541015625,261.09540661095946,256.55178843687366
*C(=O)c1cc(C(=O)c2ccc3c(c2)C(=O)N(c2ccc(Oc4ccc(S(=O)(=O)c5ccc(Oc6ccc(N7C(=O)c8ccc(*)cc8C7=O)cc6)cc5)cc4)cc2)C3=O)cc(-c2ccccc2)c1,tg,256.5,268.4709777832031,254.2974047012073,261.89156269302583
*C(=O)c1cc(C(=O)c2ccc3c(c2)C(=O)N(c2ccc(Oc4ccc(S(=O)(=O)c5ccc(Oc6ccc(N7C(=O)c8ccc(*)cc8C7=O)cc6)cc5)cc4)cc2)C3=O)cc(C(C)(C)C)c1,tg,254.5,255.4375,257.71714062315544,256.49571600731167
*C(=O)c1cc(C(=O)c2ccc3c(c2)C(=O)N(c2cccc(N4C(=O)c5ccc(*)cc5C4=O)c2)C3=O)cc(-c2ccccc2)c1,tg,266.5,257.55859375,276.3208301087591,266.26808008136834
*C(=O)c1cc(C(=O)c2ccc3c(c2)C(=O)N(c2cccc(N4C(=O)c5ccc(*)cc5C4=O)c2)C3=O)cc(C(C)(C)C)c1,tg,264.5,308.64093017578125,266.8967474048688,289.26315546356415
*C(=O)c1cc2c(cc1Cl)C(=O)N(c1cc(Cl)c(N3C(=O)c4cc(*)c(Cl)cc4C3=O)cc1Cl)C2=O,tg,367.0,366.22369384765625,351.11168492265944,359.20865402750553
*C(=O)c1cc2c(cc1Cl)C(=O)N(c1cc(N3C(=O)c4cc(*)c(Cl)cc4C3=O)cc(C(C)(C)C)c1)C2=O,tg,290.0,333.2506103515625,295.93387872000307,315.9280717233421
*C(=O)c1cc2c(cc1Cl)C(=O)N(c1cc(N3C(=O)c4cc(*)c(Cl)cc4C3=O)cc(C(F)(F)F)c1)C2=O,tg,305.0,321.59051513671875,290.99117089513356,307.3862078609231
*C(=O)c1cc2c(cc1Cl)C(=O)N(c1cccc(N3C(=O)c4cc(*)c(Cl)cc4C3=O)c1)C2=O,tg,313.0,315.5547790527344,298.4201823223479,307.60084791343604
*C(=O)c1ccc(-c2ccc(-c3ccc(*)cc3)cc2)cc1,egb,2.5479,2.358238697052002,3.1749849375600827,2.5477003974025587
*C(=O)c1ccc(-c2ccc(-c3ccc(*)cc3)cc2)cc1,ei,5.9803,5.931336402893066,5.965881658208678,5.945741944002232
*C(=O)c1ccc(-c2ccc(-c3ccc(*)cc3)cc2)cc1,eps,4.43,4.4170708656311035,4.285664543923781,4.345051796344433
*C(=O)c1ccc(-c2ccc(-c3ccc(*)cc3)s2)cc1,egc,2.9694,3.041414260864258,2.995371491844308,3.0206362800343642
*C(=O)c1ccc(-c2ccc(-c3ccc(*)cc3)s2)cc1,ei,5.8483,5.849456787109375,5.746922487103197,5.806699480488138
*C(=O)c1ccc(-c2ccc(-c3ccc(*)cc3)s2)cc1,nc,2.2925,2.1397790908813477,2.181367964235316,2.1544089961853987
*C(=O)c1ccc(-c2ccc(-c3ccc(*)s3)cc2)cc1,eea,3.0595,2.7192463874816895,2.6455251948304093,2.7007744960642475
*C(=O)c1ccc(-c2ccc(-c3ccc(*)s3)cc2)cc1,egc,2.8474,2.969276428222656,2.8811697761645134,2.9295160409475773
*C(=O)c1ccc(-c2ccc(-c3ccc(*)s3)cc2)cc1,ei,5.9085,5.790727138519287,5.871971358703898,5.824606377305015
*C(=O)c1ccc(-c2ccc(-c3ccc(*)s3)cc2)cc1,eps,6.15,5.169215679168701,4.647879076500278,4.883489875254332
*C(=O)c1ccc(-c2ccc(-c3ccc(*)s3)cc2)s1,nc,2.5812,2.386752128601074,2.2112284073362303,2.3250073585789672
*C(=O)c1ccc(-c2ccc(-c3ccc(*)s3)s2)cc1,eea,2.775,2.8977537155151367,2.910181737032953,2.9008677327434884
*C(=O)c1ccc(-c2ccc(-c3ccc(*)s3)s2)cc1,ei,5.5122,5.5421223640441895,5.73274679090454,5.621613686150787
*C(=O)c1ccc(-c2ccc(-c3ccc(*)s3)s2)cc1,nc,2.1519,2.349398374557495,2.3755297420222847,2.358590723391315
*C(=O)c1ccc(-c2ccc(-c3ccc(*)s3)s2)s1,ei,5.3929,5.050421714782715,5.564516841206978,5.264801907085987
*C(=O)c1ccc(-c2ccc(-c3ccc(*)s3)s2)s1,eps,8.28,6.864444732666016,7.340902425334761,7.12557402336258
*C(=O)c1ccc(-c2ccc(-c3ccc(*)s3)s2)s1,nc,2.705,2.423795700073242,2.43328799111468,2.4271348460480024
*C(=O)c1ccc(-c2ccc(C(*)=S)cc2)cc1,ei,6.1599,6.050458908081055,6.018228154980842,6.0370185257616145
*C(=O)c1ccc(-c2ccc(C(*)=S)cc2)cc1,eps,5.49,4.808177471160889,5.60307901026467,5.243834357960472
*C(=O)c1ccc(-c2ccc(C(*)=S)cc2)cc1,nc,2.2139,2.045327425003052,2.0936502775597647,2.062326172502397
*C(=O)c1ccc(-c2ccc(C(*)=S)cc2)s1,egb,1.9265,1.9997851848602295,1.6950450093672875,1.9290942052750608
*C(=O)c1ccc(-c2ccc(C(*)=S)cc2)s1,egc,2.3241,2.4825632572174072,2.676352514091913,2.570015631392234
*C(=O)c1ccc(-c2ccc(C(*)=S)cc2)s1,eps,5.9,5.6640944480896,5.709635417956625,5.689053812461282
*C(=O)c1ccc(-c2ccc(C(*)=S)s2)cc1,ei,6.162,6.202153205871582,5.939518730294116,6.092633339827762
*C(=O)c1ccc(-c2ccc(C(*)=S)s2)cc1,eps,5.75,5.603911399841309,5.975014639136529,5.8072997114237435
*C(=O)c1ccc(-c2ccc(C(*)=S)s2)cc1,nc,2.244,2.1360552310943604,2.219009000523359,2.1652362522062134
*C(=O)c1ccc(-c2ccc(C(*)=S)s2)s1,eea,4.1032,3.70782470703125,3.9073458661888374,3.757817566002953
*C(=O)c1ccc(-c2ccc(C(*)=S)s2)s1,egb,1.6466,1.5459082126617432,1.4390910173140954,1.5211296872722007
*C(=O)c1ccc(-c2ccc(C(*)=S)s2)s1,egc,2.0098,1.6303551197052002,2.067389738940997,1.8275782045406634
*C(=O)c1ccc(-c2ccc(C(*)=S)s2)s1,ei,6.113,5.5253190994262695,5.984624728721558,5.71685180237012
*C(=O)c1ccc(-c2ccc(C(*)=S)s2)s1,eps,6.5,6.584372520446777,6.405876348169913,6.486545201094175
*C(=O)c1ccc(-c2ccc(C(C)(C)c3ccc(-c4ccc(C(=O)c5ccc6c(c5)C(=O)N(c5ccc(Cc7ccc(N8C(=O)c9ccc(*)cc9C8=O)cc7)cc5)C6=O)cc4)cc3)cc2)cc1,tg,216.0,261.8338623046875,255.80831191900535,259.0367837624715
*C(=O)c1ccc(C(=O)C(*)=S)cc1,eea,3.783,4.275505065917969,4.206080241091675,4.258109690453381
*C(=O)c1ccc(C(=O)C(*)=S)cc1,egb,1.6753,2.114872932434082,1.9136994306094024,2.068206450446397
*C(=O)c1ccc(C(=O)C(*)=S)cc1,ei,6.7765,7.163834571838379,6.832227993504686,7.025553000241571
*C(=O)c1ccc(C(=O)C(*)=S)cc1,nc,2.0994,2.005133867263794,2.128049856933937,2.04837257858744
*C(=O)c1ccc(C(=O)C(*)=S)s1,eea,4.6396,4.949563980102539,4.321735016727639,4.792252520220926
*C(=O)c1ccc(C(=O)C(*)=S)s1,egc,2.2094,2.2380125522613525,2.636932877782481,2.418035584167654
*C(=O)c1ccc(C(=O)C(*)=S)s1,ei,6.8471,7.035343170166016,6.890232758677882,6.974831415976849
*C(=O)c1ccc(C(=O)N(C)N(*)C)cc1,egc,4.0457,4.636387348175049,4.7205297703807,4.674358775019779
*C(=O)c1ccc(C(=O)N(C)c2ccc(Cl)c(N(*)C)c2)cc1,egc,3.3332,3.782415866851806,3.750781149841823,3.76813988915577
*C(=O)c1ccc(C(=O)N2CCN(*)CC2)cc1,egb,4.7036,3.6193416118621826,3.163547331123271,3.5136104126770684
*C(=O)c1ccc(C(=O)N2CCN(*)CC2)cc1,egc,4.6128,4.6285881996154785,4.738408973760318,4.678147641596842
*C(=O)c1ccc(C(=O)c2ccc(*)cc2)cc1,eea,2.1866,3.0221753120422363,2.943645277936952,3.002498497128748
*C(=O)c1ccc(C(=O)c2ccc(*)cc2)cc1,egb,2.9556,2.653001308441162,2.929921158413272,2.717238770500246
*C(=O)c1ccc(C(=O)c2ccc(*)cc2)cc1,ei,6.4709,6.632549285888672,6.668251792942606,6.647437406655674
*C(=O)c1ccc(C(=O)c2ccc(*)cc2)cc1,eps,4.54,4.873125076293945,4.629237453687832,4.739459059602966
*C(=O)c1ccc(C(=O)c2ccc(*)cc2)cc1,nc,1.9846,2.009063959121704,1.917500361282472,1.9768542198896517
*C(=O)c1ccc(C(=O)c2ccc(*)s2)cc1,ei,7.268,6.50294303894043,6.458428049151317,6.484380069597101
*C(=O)c1ccc(C(=O)c2ccc(*)s2)s1,egb,1.863,2.556668281555176,1.9286516491388357,2.410986436785358
*C(=O)c1ccc(C(=O)c2ccc(*)s2)s1,nc,2.0879,2.2394511699676514,2.306353618747375,2.2629857457164575
*C(=O)c1ccc(C(=O)c2ccc(Oc3ccc(C(C)(C)c4ccc(Oc5ccc(*)s5)cc4)cc3)s2)cc1,tg,154.0,127.9090576171875,140.94111280787484,133.95857668211178
*C(=O)c1ccc(C(=S)c2ccc(*)cc2)cc1,eea,2.9183,3.0168604850769043,3.284035995848737,3.083805102315015
*C(=O)c1ccc(C(=S)c2ccc(*)cc2)cc1,egc,2.9419,2.9855947494506836,2.9538314988628547,2.971260767679886
*C(=O)c1ccc(C(=S)c2ccc(*)cc2)cc1,ei,5.8604,6.202451705932617,6.279402110426479,6.234540402489516
*C(=O)c1ccc(C(=S)c2ccc(*)s2)cc1,eea,3.9759,3.234416961669922,3.424100085945154,3.2819447613340857
*C(=O)c1ccc(C(=S)c2ccc(*)s2)cc1,eps,5.13,6.088586330413818,5.774490321814682,5.916441627540612
*C(=O)c1ccc(C(=S)c2ccc(*)s2)s1,eea,4.1286,3.708541870117187,4.16837292469392,3.82375906893121
*C(=O)c1ccc(C(=S)c2ccc(*)s2)s1,egc,2.0759,2.0970711708068848,2.32292084746942,2.198991631978508
*C(=O)c1ccc(C(=S)c2ccc(*)s2)s1,ei,6.205,5.835952281951904,6.253270273057561,6.00997593358056
*C(=O)c1ccc(C(=S)c2ccc(*)s2)s1,eps,6.22,6.547247886657715,6.4229968886883935,6.479150392447192
*C(=O)c1ccc(C(=S)c2ccc(*)s2)s1,nc,2.2975,2.3281290531158447,2.283597915667899,2.312464134318929
*C(=O)c1ccc(C(C)(CC)c2ccc(C(=O)N3CCN(*)CC3)cc2)cc1,tg,225.5,172.75100708007812,201.16993366167785,185.94315794534802
*C(=O)c1ccc(N(*)C)cc1,tg,197.0,203.18234252929688,122.7161768569978,165.82970733912504
*C(=O)c1ccc(N(*)CCCC)cc1,tg,124.0,133.89462280273438,68.1647015764107,103.3825964357217
*C(=O)c1ccc(N(*)CCCCCCC)cc1,tg,45.9,70.47975158691406,54.36664135066822,62.99999753867674
*C(=O)c1ccc(N(*)CCCCCCCC)cc1,egc,3.611,3.898329019546509,3.8918076356622096,3.895386077750944
*C(=O)c1ccc(N(*)CCCCCCCC)cc1,tg,30.0,48.69868469238281,46.591294302046,47.72042775922534
*C(=O)c1ccc(N=Nc2ccc(C(=O)N3C(=O)N(*)C(CC)(CC)C3=O)cc2)cc1,egc,3.6611,3.5883188247680664,3.1445443077821693,3.3880541881487316
*C(=O)c1ccc(NC(=S)Oc2ccc(Nc3ccc(*)s3)s2)s1,eea,2.7059,2.473088264465332,3.150101284085987,2.642723487891283
*C(=O)c1ccc(NC(=S)Oc2ccc(Nc3ccc(*)s3)s2)s1,egb,2.3992,2.4316086769104004,2.257499174795739,2.391220266555047
*C(=O)c1ccc(NC(=S)Oc2ccc(Nc3ccc(*)s3)s2)s1,nc,2.0222,2.1799991130828857,2.256079943948251,2.206762409639165
*C(=O)c1ccc(OC(*)=S)cc1,eea,3.2631,3.49834942817688,3.2369664062326,3.4328562012488177
*C(=O)c1ccc(OC(*)=S)cc1,ei,6.7719,7.028438091278076,6.698514326587826,6.890858261234433
*C(=O)c1ccc(OC(*)=S)cc1,eps,5.05,4.662081718444824,5.052700029393151,4.87616553751319
*C(=O)c1ccc(OC(*)=S)cc1,nc,2.0762,2.0067832469940186,2.0238288896734584,2.012779469496235
*C(=O)c1ccc(OC(*)=S)s1,egc,3.5676,3.157508850097656,2.5969254319238337,2.9045311998758585
*C(=O)c1ccc(OC(*)=S)s1,nc,2.3124,2.066416025161743,2.072338285195628,2.068499325248867
*C(=O)c1ccc(Oc2c(C)cc(-c3cc(C)c(Oc4ccc(C(=O)c5ccc6nc(*)ccc6c5)cc4)c(C)c3C)c(C)c2C)cc1,tg,250.0,325.83111572265625,263.9067265392887,297.0856287317578
*C(=O)c1ccc(Oc2ccc(*)s2)cc1,egc,3.6478,3.685646295547486,3.511964019194853,3.607267712213724
*C(=O)c1ccc(Oc2ccc(*)s2)cc1,ei,6.1761,6.129335880279541,6.3998233984524795,6.242130503649876
*C(=O)c1ccc(Oc2ccc(*)s2)cc1,nc,2.0027,1.967113256454468,2.021566730913985,1.9862686004340682
*C(=O)c1ccc(Oc2ccc(*)s2)s1,eea,2.882,3.0746006965637207,2.9695169549505622,3.048270473258752
*C(=O)c1ccc(Oc2ccc(*)s2)s1,egb,2.4838,2.5548176765441895,2.5949986425522655,2.5641385081122445
*C(=O)c1ccc(Oc2ccc(-c3ccc(Oc4ccc(C(=O)c5ccc6c(c5)C(=O)N(c5ccc(Cc7ccc(N8C(=O)c9ccc(*)cc9C8=O)cc7)cc5)C6=O)cc4)cc3)cc2)cc1,tg,241.0,227.50244140625,236.47493292018655,231.6674988495471
*C(=O)c1ccc(Oc2ccc(-c3ccc(Oc4ccc(C(=O)c5ccc6c(c5)C(=O)N(c5ccc(N7C(=O)c8ccc(*)cc8C7=O)cc5)C6=O)cc4)cc3)cc2)cc1,tg,229.0,241.02345275878903,246.3232659958761,243.4836419422424
*C(=O)c1ccc(Oc2ccc(-c3ccc(Oc4ccc(C(=O)c5ccc6c(c5)C(=O)N(c5ccc(Oc7ccc(N8C(=O)c9ccc(*)cc9C8=O)cc7)cc5)C6=O)cc4)cc3)cc2)cc1,tg,233.0,225.9793701171875,235.4648072410909,230.38253844947013
*C(=O)c1ccc(Oc2ccc(-c3ccc(Oc4ccc(C(=O)c5ccc6nc(*)ccc6c5)cc4)cc3)cc2)cc1,tg,155.0,184.78250122070312,230.547058683217,206.0265459102268
*C(=O)c1ccc(Oc2ccc(C(C)(C)c3ccc(Oc4ccc(*)s4)cc3)cc2)s1,tg,124.0,126.89922332763672,95.15852123613624,112.16509431828229
*C(=O)c1ccc(Oc2ccc(C(C)(C)c3ccc(Oc4ccc(C(=O)c5ccc6c(c5)C(=O)N(c5ccc(Oc7ccc(N8C(=O)c9ccc(*)cc9C8=O)cc7)cc5)C6=O)cc4)cc3)cc2)cc1,tg,229.0,208.33631896972656,220.35419527203928,213.91505315608077
*C(=O)c1ccc(Oc2ccc(C3(c4ccc(Oc5ccc(*)s5)cc4)c4ccccc4-c4ccccc43)cc2)cc1,tg,195.0,231.4979705810547,217.56637627578095,225.03088276402565
*C(=O)c1ccc(Oc2ccc(C3(c4ccc(Oc5ccc(C(=O)c6ccc7c(c6)C(=O)N(c6ccc(Cc8ccc(N9C(=O)c%10ccc(*)cc%10C9=O)cc8)cc6)C7=O)cc5)cc4)OC(=O)c4ccccc43)cc2)cc1,tg,268.0,249.1947326660156,259.6177062348362,254.03310822498656
*C(=O)c1ccc(Oc2ccc(C3(c4ccc(Oc5ccc(C(=O)c6ccc7c(c6)C(=O)N(c6ccc(Oc8ccc(N9C(=O)c%10ccc(*)cc%10C9=O)cc8)cc6)C7=O)cc5)cc4)OC(=O)c4ccccc43)cc2)cc1,tg,260.0,264.0452880859375,255.5205907228437,260.0880980291
*C(=O)c1ccc(Oc2ccc(N3C(=O)c4ccc(*)cc4C3=O)cc2)cc1,tg,297.0,256.0600280761719,266.5532538127283,260.93101490188866
*C(=O)c1ccc(Oc2ccc(Oc3ccc(C(=O)c4ccc5c(c4)C(=O)N(c4ccc(Cc6ccc(N7C(=O)c8ccc(*)cc8C7=O)cc6)cc4)C5=O)cc3)cc2)cc1,tg,225.0,221.280029296875,232.62256528793537,226.54526848735532
*C(=O)c1ccc(Oc2ccc(Oc3ccc(C(=O)c4ccc5c(c4)C(=O)N(c4ccc(N6C(=O)c7ccc(*)cc7C6=O)cc4)C5=O)cc3)cc2)cc1,tg,236.0,238.5770568847656,238.2365198161313,238.4189785572207
*C(=O)c1ccc(Oc2ccc(Oc3ccc(C(=O)c4ccc5c(c4)C(=O)N(c4ccc(Oc6ccc(N7C(=O)c8ccc(*)cc8C7=O)cc6)cc4)C5=O)cc3)cc2)cc1,tg,220.0,225.47821044921875,227.7336455206156,226.5251901668817
*C(=O)c1ccc(Oc2ccc(S(=O)(=O)c3ccc(Oc4ccc(C(=O)c5ccc6c(c5)C(=O)N(c5ccc(Oc7ccc(N8C(=O)c9ccc(*)cc9C8=O)cc7)cc5)C6=O)cc4)cc3)cc2)cc1,tg,229.0,252.1146240234375,236.40752229047487,244.82334033886838
*C(=O)c1ccc2c(c1)C(=Nc1ccc(Oc3ccc(C(c4ccc(Oc5ccc(N=C6OC(=O)c7ccc(*)cc76)cc5)cc4)(C(F)(F)F)C(F)(F)F)cc3)cc1)OC2=O,tg,248.0,223.0853271484375,210.9341998069801,217.4447374304782
*C(=O)c1ccc2c(c1)C(=Nc1ccc(Oc3cccc(N=C4OC(=O)c5ccc(*)cc54)c3)cc1)OC2=O,egc,2.5722,2.4972338676452637,2.917390751508706,2.686840441365445
*C(=O)c1ccc2c(c1)C(=Nc1cccc(Oc3cccc(Oc4cccc(N=C5OC(=O)c6ccc(*)cc65)c4)c3)c1)OC2=O,tg,190.0,181.76852416992188,211.3036794882217,195.47883175910658
*C(=O)c1ccc2c(c1)C(=O)N(C1CCC(CC3CCC(N4C(=O)c5ccc(*)cc5C4=O)C(C)C3)CC1C)C2=O,tg,240.0,246.64801025390625,257.1445892206741,251.5205536591338
*C(=O)c1ccc2c(c1)C(=O)N(C1CCC(CC3CCC(N4C(=O)c5ccc(*)cc5C4=O)CC3)CC1)C2=O,tg,254.0,290.2884216308594,239.85891048615753,266.8788914653725
*C(=O)c1ccc2c(c1)C(=O)N(CC1(C)CC(N3C(=O)c4ccc(*)cc4C3=O)CC(C)(C)C1)C2=O,tg,275.0,283.1669616699219,288.2957676005812,285.5477687493756
*C(=O)c1ccc2c(c1)C(=O)N(c1c(-c3ccccc3)cc(-c3ccc(-c4cc(-c5ccccc5)c(N5C(=O)c6ccc(*)cc6C5=O)c(-c5ccccc5)c4)cc3)cc1-c1ccccc1)C2=O,tg,265.0,344.7695617675781,351.87965455159747,348.0700881405053
*C(=O)c1ccc2c(c1)C(=O)N(c1c(C)cc(C(c3cc(C(F)(F)F)cc(C(F)(F)F)c3)c3cc(C)c(N4C(=O)c5ccc(*)cc5C4=O)c(C)c3)cc1C)C2=O,tg,301.1,319.11236572265625,293.89203027557795,307.4050104453464
*C(=O)c1ccc2c(c1)C(=O)N(c1c(C)cc(C(c3cc(C)c(N4C(=O)c5ccc(*)cc5C4=O)c(C)c3)c3cccc4ccccc34)cc1C)C2=O,tg,303.0,317.7940673828125,309.2266078070732,313.8170269787449
*C(=O)c1ccc2c(c1)C(=O)N(c1c(C)cc(C(c3cccc(C(F)(F)F)c3)c3cc(C)c(N4C(=O)c5ccc(*)cc5C4=O)c(C)c3)cc1C)C2=O,tg,285.0,264.140869140625,283.88593890814036,273.3065896850102
*C(=O)c1ccc2c(c1)C(=O)N(c1c(C)cc(C)c(N3C(=O)c4ccc(*)cc4C3=O)c1C)C2=O,tg,401.33,339.08758544921875,349.1716710279219,343.76864818783315
*C(=O)c1ccc2c(c1)C(=O)N(c1c(C)cc(Cc3cc(C)c(N4C(=O)c5ccc(*)cc5C4=O)c(C)c3)cc1C)C2=O,tg,331.0,322.1973571777344,313.366787405336,318.09818023207174
*C(=O)c1ccc2c(c1)C(=O)N(c1cc(-c3nc4ccccc4[nH]3)cc(N3C(=O)c4ccc(*)cc4C3=O)c1)C2=O,tg,197.0,317.4437255859375,298.10766404461515,308.4678678855828
*C(=O)c1ccc2c(c1)C(=O)N(c1cc(-c3nc4ccccc4oc3=O)cc(N3C(=O)c4ccc(*)cc4C3=O)c1)C2=O,tg,95.0,297.6565856933594,291.52025651990857,294.8080833059563
*C(=O)c1ccc2c(c1)C(=O)N(c1cc(-c3nc4ccccc4s3)cc(N3C(=O)c4ccc(*)cc4C3=O)c1)C2=O,egc,2.5125,2.6768879890441895,2.674960379245113,2.676018105666077
*C(=O)c1ccc2c(c1)C(=O)N(c1cc(Br)c(Oc3c(Br)cc(N4C(=O)c5ccc(*)cc5C4=O)cc3Br)c(Br)c1)C2=O,tg,323.0,280.4515380859375,283.4229687237188,281.8308850907141
*C(=O)c1ccc2c(c1)C(=O)N(c1cc(C(=O)O)cc(N3C(=O)c4ccc(*)cc4C3=O)c1)C2=O,tg,294.0,266.0782165527344,280.85804605364706,272.9390576889808
*C(=O)c1ccc2c(c1)C(=O)N(c1cc(C(=O)c3ccccc3)cc(N3C(=O)c4ccc(*)cc4C3=O)c1)C2=O,tg,282.0,246.94915771484375,252.93162054433077,249.7262348843791
*C(=O)c1ccc2c(c1)C(=O)N(c1cc(C(c3ccc(O)c(N4C(=O)c5ccc(*)cc5C4=O)c3)(C(F)(F)F)C(F)(F)F)ccc1O)C2=O,tg,315.0,293.921875,296.5060782293188,295.1214698815943
*C(=O)c1ccc2c(c1)C(=O)N(c1cc(N3C(=O)c4ccc(*)cc4C3=O)c(O)cc1O)C2=O,tg,324.0,323.31427001953125,317.31943309834566,320.5314487595553
*C(=O)c1ccc2c(c1)C(=O)N(c1cc(N3C(=O)c4ccc(*)cc4C3=O)cc(C(F)(F)F)c1)C2=O,tg,276.75,294.8663635253906,306.6285517996134,300.32640656303727
*C(=O)c1ccc2c(c1)C(=O)N(c1cc(OCCCC)cc(N3C(=O)c4ccc(*)cc4C3=O)c1)C2=O,tg,244.0,246.55978393554688,239.8430084586173,243.4418366349908
*C(=O)c1ccc2c(c1)C(=O)N(c1cc(OCCCCCCCC)cc(N3C(=O)c4ccc(*)cc4C3=O)c1)C2=O,tg,195.0,201.71334838867188,196.27642188445895,199.18951081581292
*C(=O)c1ccc2c(c1)C(=O)N(c1cc(OCCCCCCCCCCCCCCCC)cc(N3C(=O)c4ccc(*)cc4C3=O)c1)C2=O,tg,179.0,160.86822509765625,170.32728053634162,165.2591469726184
*C(=O)c1ccc2c(c1)C(=O)N(c1ccc(-c3cc(C(C)(C)C)c(Oc4ccc(N5C(=O)c6ccc(*)cc6C5=O)cc4)c(C(C)(C)C)c3)cc1)C2=O,tg,347.5,343.07318115234375,364.26050331452825,352.9083995794741
*C(=O)c1ccc2c(c1)C(=O)N(c1ccc(-c3cc(C(C)(C)C)c(Oc4ccc(N5C(=O)c6ccc(*)cc6C5=O)cc4C(F)(F)F)c(C(C)(C)C)c3)cc1)C2=O,tg,362.0,362.0833435058594,322.84166650437163,343.86723946957954
*C(=O)c1ccc2c(c1)C(=O)N(c1ccc(-c3ccc(-c4ccc(N5C(=O)c6ccc(*)cc6C5=O)cc4)cc3)cc1)C2=O,egc,2.3242,2.4897379875183105,2.52322225843643,2.504848623869009
*C(=O)c1ccc2c(c1)C(=O)N(c1ccc(-c3ccc(N4C(=O)c5ccc(*)cc5C4=O)c(C)c3)cc1C)C2=O,tg,365.0,308.17755126953125,326.13291052531,316.5124828322075
*C(=O)c1ccc2c(c1)C(=O)N(c1ccc(-c3ccc(N4C(=O)c5ccc(*)cc5C4=O)c(OCCCCCCOc4ccc(/C=C/c5ccc(F)cc5)cc4)c3)cc1OCCCCCCOc1ccc(/C=C/c3ccc(F)cc3)cc1)C2=O,tg,128.0,142.60557556152344,151.12255744729217,146.55918407067028
*C(=O)c1ccc2c(c1)C(=O)N(c1ccc(-c3ccc(N4C(=O)c5ccc(*)cc5C4=O)cc3)cc1)C2=O,tg,337.0,306.6492004394531,329.3276029841346,317.17658284757215
*C(=O)c1ccc2c(c1)C(=O)N(c1ccc(-c3ccc(N4C(=O)c5ccc(*)cc5C4=O)cc3C)c(C)c1)C2=O,egc,2.8033,2.8485257625579834,2.7240532467037166,2.792354346213585
*C(=O)c1ccc2c(c1)C(=O)N(c1ccc(-c3ccc(N4C(=O)c5ccc(*)cc5C4=O)cc3C)c(C)c1)C2=O,tg,385.0,280.336181640625,308.8191302604202,293.558051727842
*C(=O)c1ccc2c(c1)C(=O)N(c1ccc(-c3ccccc3N3C(=O)c4ccc(*)cc4C3=O)cc1)C2=O,tg,305.0,292.648193359375,321.125582999022,305.8674829513519
*C(=O)c1ccc2c(c1)C(=O)N(c1ccc(-c3nc(-c4ccccc4)nc(-c4ccc(N5C(=O)c6ccc(*)cc6C5=O)cc4)n3)cc1)C2=O,egc,2.8991,3.0639307498931885,2.4094762189985333,2.7685913516247194
*C(=O)c1ccc2c(c1)C(=O)N(c1ccc(C(=O)N(C)c3ccc(N4C(=O)c5ccc(*)cc5C4=O)cc3)cc1)C2=O,egc,2.3425,2.653153419494629,2.4896362433932944,2.579362098453105
*C(=O)c1ccc2c(c1)C(=O)N(c1ccc(C(=O)Nc3ccc(N4C(=O)c5ccc(*)cc5C4=O)cc3)cc1)C2=O,tg,300.0,311.75115966796875,283.6134381213948,298.68954502247766
*C(=O)c1ccc2c(c1)C(=O)N(c1ccc(C(=O)Nc3ccc(Oc4ccc(NC(=O)c5ccc(NC(=O)Nc6ccc(Cc7ccc(NC(=O)Nc8ccc(C(=O)Nc9ccc(Oc%10ccc(NC(=O)c%11ccc(N%12C(=O)c%13ccc(*)cc%13C%12=O)cc%11)cc%10)cc9)cc8)cc7)cc6)cc5)cc4)cc3)cc1)C2=O,tg,229.0,268.6148681640625,284.3148150625999,275.90283055305474
*C(=O)c1ccc2c(c1)C(=O)N(c1ccc(C(=O)Nc3cccc(N4C(=O)c5ccc(*)cc5C4=O)c3)cc1)C2=O,tg,311.0,276.66912841796875,270.28168220019,273.70405674621554
*C(=O)c1ccc2c(c1)C(=O)N(c1ccc(C(=O)c3ccc(C(=O)c4ccc(N5C(=O)c6ccc(*)cc6C5=O)cc4)cc3)cc1)C2=O,tg,286.0,294.6512451171875,267.12045049096656,281.87136776654114
*C(=O)c1ccc2c(c1)C(=O)N(c1ccc(C(=O)c3ccc(Cc4ccc(C(=O)c5ccc(N6C(=O)c7ccc(*)cc7C6=O)cc5)cc4)cc3)cc1)C2=O,tg,285.5,263.2801513671875,257.6367832805061,260.66048299322597
*C(=O)c1ccc2c(c1)C(=O)N(c1ccc(C(=O)c3ccc(N4C(=O)c5ccc(*)cc5C4=O)cc3)cc1)C2=O,tg,286.33,291.91864013671875,284.31266481173543,288.3879236025599
*C(=O)c1ccc2c(c1)C(=O)N(c1ccc(C(=O)c3cccc(C(=O)c4ccc(N5C(=O)c6ccc(*)cc6C5=O)cc4)c3)cc1)C2=O,tg,276.0,267.709716796875,256.51529381977446,262.51323211123696
*C(=O)c1ccc2c(c1)C(=O)N(c1ccc(C(=O)c3cccc(N4C(=O)c5ccc(*)cc5C4=O)c3)cc1)C2=O,tg,271.5,262.82232666015625,292.22039283202025,276.46899705683194
*C(=O)c1ccc2c(c1)C(=O)N(c1ccc(C(=O)c3ccccc3N3C(=O)c4ccc(*)cc4C3=O)cc1)C2=O,tg,286.0,320.1067199707031,276.0344208521128,299.6482266746127
*C(=O)c1ccc2c(c1)C(=O)N(c1ccc(C(C)(C)c3ccc(C(C)(C)c4ccc(N5C(=O)c6ccc(*)cc6C5=O)cc4)cc3)cc1)C2=O,egc,2.4861,2.9012134075164795,2.549955276575034,2.742699163773162
*C(=O)c1ccc2c(c1)C(=O)N(c1ccc(C(C)(C)c3cccc(C(C)(C)c4ccc(N5C(=O)c6ccc(*)cc6C5=O)cc4)c3)cc1)C2=O,tg,309.75,259.1063537597656,269.23757314874706,263.80929615432905
*C(=O)c1ccc2c(c1)C(=O)N(c1ccc(C(c3ccc(N4C(=O)c5ccc(*)cc5C4=O)cc3)(C(F)(F)F)C(F)(F)F)cc1)C2=O,egc,3.0171,2.752591609954834,2.9145818563200327,2.8256938647768113
*C(=O)c1ccc2c(c1)C(=O)N(c1ccc(C(c3ccc(N4C(=O)c5ccc(*)cc5C4=O)cc3)(C(F)(F)F)C(F)(F)F)cc1)C2=O,tg,300.0,337.3814392089844,314.17099784206664,326.60708278553903
*C(=O)c1ccc2c(c1)C(=O)N(c1ccc(C(c3ccccc3)(c3ccc(N4C(=O)c5ccc(*)cc5C4=O)cc3)C(F)(F)F)cc1)C2=O,egc,2.9448,2.7607994079589844,3.1450271407534793,2.934192030432631
*C(=O)c1ccc2c(c1)C(=O)N(c1ccc(C(c3ccccc3)c3ccc(N4C(=O)c5ccc(*)cc5C4=O)cc3)cc1)C2=O,egc,2.6954,2.721151113510132,2.730844220978788,2.7255253769493826
*C(=O)c1ccc2c(c1)C(=O)N(c1ccc(C)c(N3C(=O)c4ccc(*)cc4C3=O)c1)C2=O,tg,313.5,363.7451171875,352.1784095977258,358.37581686925506
*C(=O)c1ccc2c(c1)C(=O)N(c1ccc(C3(C)CC(C)(C)c4ccc(N5C(=O)c6ccc(*)cc6C5=O)cc43)cc1)C2=O,tg,318.77,365.37493896484375,319.7130660598536,344.1785607545763
*C(=O)c1ccc2c(c1)C(=O)N(c1ccc(C3(c4ccc(N5C(=O)c6ccc(*)cc6C5=O)cc4)c4ccccc4-c4ccccc43)cc1)C2=O,tg,368.2,381.4720764160156,320.47460486778067,353.1568673684884
*C(=O)c1ccc2c(c1)C(=O)N(c1ccc(C=Cc3ccc(N4C(=O)c5ccc(*)cc5C4=O)cc3)cc1)C2=O,tg,303.0,295.3852844238281,302.1902538329206,298.5441716119325
*C(=O)c1ccc2c(c1)C(=O)N(c1ccc(CP(=O)(OCCCl)OCCCl)c(N3C(=O)c4ccc(*)cc4C3=O)c1)C2=O,tg,261.0,217.12860107421875,194.410649015938,206.58285966339244
*C(=O)c1ccc2c(c1)C(=O)N(c1ccc(Cc3ccc(C(=O)c4cccc(N5C(=O)c6ccc(*)cc6C5=O)c4)cc3)cc1)C2=O,tg,290.0,245.53558349609375,261.28519966018587,252.84660250697087
*C(=O)c1ccc2c(c1)C(=O)N(c1ccc(Cc3ccc(Cc4ccc(Cc5ccc(N6C(=O)c7ccc(*)cc7C6=O)cc5)cc4)cc3)cc1)C2=O,tg,302.0,249.6871032714844,249.35230591152813,249.53168933390464
*C(=O)c1ccc2c(c1)C(=O)N(c1ccc(Cc3ccc(Cc4ccc(N5C(=O)c6ccc(*)cc6C5=O)cc4)cc3)cc1)C2=O,tg,341.0,262.6384582519531,259.74308032896323,261.2944151452446
*C(=O)c1ccc2c(c1)C(=O)N(c1ccc(Cc3ccc(N4C(=O)c5ccc(*)cc5C4=O)cc3)cc1)C2=O,egc,2.7406,2.627843856811523,2.629839603218885,2.6287444885822913
*C(=O)c1ccc2c(c1)C(=O)N(c1ccc(Cc3ccc(N4C(=O)c5ccc(*)cc5C4=O)cc3)cc1)C2=O,tg,305.69,298.3096923828125,294.85060846677464,296.70397526520867
*C(=O)c1ccc2c(c1)C(=O)N(c1ccc(Cc3ccccc3N3C(=O)c4ccc(*)cc4C3=O)cc1)C2=O,tg,286.0,297.32305908203125,293.74561963204536,295.6624009709632
*C(=O)c1ccc2c(c1)C(=O)N(c1ccc(N(c3ccc(C#N)cc3)c3ccc(N4C(=O)c5ccc(*)cc5C4=O)cc3)cc1)C2=O,egc,1.8778,2.1272542476654053,2.3541741671592877,2.229657683373669
*C(=O)c1ccc2c(c1)C(=O)N(c1ccc(N(c3ccc(C#N)cc3)c3ccc(N4C(=O)c5ccc(*)cc5C4=O)cc3)cc1)C2=O,tg,315.0,293.32879638671875,312.16220901911777,302.0713229575623
*C(=O)c1ccc2c(c1)C(=O)N(c1ccc(N(c3ccccc3)c3ccc(N4C(=O)c5ccc(*)cc5C4=O)cc3)cc1)C2=O,tg,270.0,292.14788818359375,287.2862214414693,289.891087915835
*C(=O)c1ccc2c(c1)C(=O)N(c1ccc(N3C(=O)c4ccc(*)cc4C3=O)cc1)C2=O,egc,2.8765,2.61080551147461,2.8892444257923704,2.7364582154091632
*C(=O)c1ccc2c(c1)C(=O)N(c1ccc(N3C(=O)c4ccc(*)cc4C3=O)nc1)C2=O,egc,3.0206,2.78407621383667,2.85542894507101,2.8162759644881845
*C(=O)c1ccc2c(c1)C(=O)N(c1ccc(NC(=O)c3cccc(C(=O)Nc4ccc(N5C(=O)c6ccc(*)cc6C5=O)cc4)c3)cc1)C2=O,tg,247.0,285.5854797363281,283.2563123529633,284.50427325853985
*C(=O)c1ccc2c(c1)C(=O)N(c1ccc(OCC(C)(C)COc3ccc(N4C(=O)c5ccc(*)cc5C4=O)cc3)cc1)C2=O,egc,2.7216,2.8396337032318115,2.5917471866280266,2.727768552642132
*C(=O)c1ccc2c(c1)C(=O)N(c1ccc(OCC(C)(C)COc3ccc(N4C(=O)c5ccc(*)cc5C4=O)cc3)cc1)C2=O,tg,233.7,266.6360168457031,256.77100155219534,262.05664718983405
*C(=O)c1ccc2c(c1)C(=O)N(c1ccc(OCCOCCOCCOc3ccc(N4C(=O)c5ccc(*)cc5C4=O)cc3)cc1)C2=O,egc,2.5902,2.836060047149658,2.577191084400128,2.7192387859624
*C(=O)c1ccc2c(c1)C(=O)N(c1ccc(OCCOCCOCCOc3ccc(N4C(=O)c5ccc(*)cc5C4=O)cc3)cc1)C2=O,tg,200.0,136.30795288085938,164.98426807094052,149.61958430934968
*C(=O)c1ccc2c(c1)C(=O)N(c1ccc(OCCOc3ccc(N4C(=O)c5ccc(*)cc5C4=O)cc3)cc1)C2=O,egc,2.4523,2.606666326522827,2.474233687341604,2.5469027002959295
*C(=O)c1ccc2c(c1)C(=O)N(c1ccc(OCCOc3ccc(N4C(=O)c5ccc(*)cc5C4=O)cc3)cc1)C2=O,tg,246.0,261.6097717285156,241.99937783684337,252.50656812919993
*C(=O)c1ccc2c(c1)C(=O)N(c1ccc(Oc3c(C)cc(C(c4cc(C)c(Oc5ccc(N6C(=O)c7ccc(*)cc7C6=O)cc5)c(C)c4)c4cccc5ccccc45)cc3C)cc1)C2=O,tg,272.0,257.6299133300781,282.3727465985927,269.1156106654519
*C(=O)c1ccc2c(c1)C(=O)N(c1ccc(Oc3cc(C(C)(C)C)c(Oc4ccc(N5C(=O)c6ccc(*)cc6C5=O)cc4)cc3C(C)(C)C)cc1)C2=O,tg,288.0,298.853759765625,285.0326049970312,292.43793831241123
*C(=O)c1ccc2c(c1)C(=O)N(c1ccc(Oc3cc4ccccc4cc3Oc3ccc(N4C(=O)c5ccc(*)cc5C4=O)cc3)cc1)C2=O,egc,2.3398,2.303372621536255,2.5115940796140213,2.397337896788004
*C(=O)c1ccc2c(c1)C(=O)N(c1ccc(Oc3cc4ccccc4cc3Oc3ccc(N4C(=O)c5ccc(*)cc5C4=O)cc3)cc1)C2=O,tg,246.0,287.30010986328125,258.7651155389152,274.05408000406806
*C(=O)c1ccc2c(c1)C(=O)N(c1ccc(Oc3ccc(C(=O)c4ccc(C(=O)c5ccc(C(=O)c6ccc(Oc7ccc(N8C(=O)c9ccc(*)cc9C8=O)cc7)cc6)cc5)cc4)cc3)cc1)C2=O,tg,233.0,219.32424926757812,242.32615665264856,230.0018035918602
*C(=O)c1ccc2c(c1)C(=O)N(c1ccc(Oc3ccc(C(=O)c4ccc(C(=O)c5ccc(Oc6ccc(N7C(=O)c8ccc(*)cc8C7=O)cc6)cc5)cc4)cc3)cc1)C2=O,tg,233.0,226.44332885742188,236.72368322748957,231.21550015702962
*C(=O)c1ccc2c(c1)C(=O)N(c1ccc(Oc3ccc(C(=O)c4ccc(Oc5ccc(N6C(=O)c7ccc(*)cc7C6=O)cc5)cc4)cc3)cc1)C2=O,tg,252.0,235.4948577880859,249.1114056692276,241.81570011112063
*C(=O)c1ccc2c(c1)C(=O)N(c1ccc(Oc3ccc(C(=O)c4cccc(C(=O)c5ccc(Oc6ccc(N7C(=O)c8ccc(*)cc8C7=O)cc6)cc5)c4)cc3)cc1)C2=O,tg,227.82,234.36489868164065,222.363073083382,228.7936152801979
*C(=O)c1ccc2c(c1)C(=O)N(c1ccc(Oc3ccc(C(=O)c4cccc(C(=O)c5ccc(Oc6ccc(N7C(=O)c8ccc(*)cc8C7=O)cc6)cc5)n4)cc3)cc1)C2=O,tg,314.5,222.60903930664065,221.7196547783154,222.19618434390253
*C(=O)c1ccc2c(c1)C(=O)N(c1ccc(Oc3ccc(C(=O)c4cccc(C(=O)c5ccc(Oc6ccc(N7C(=O)c8ccc(*)cc8C7=O)cc6C(F)(F)F)cc5)n4)cc3)c(C(F)(F)F)c1)C2=O,tg,225.2,214.909423828125,214.10368329120328,214.53539665680262
*C(=O)c1ccc2c(c1)C(=O)N(c1ccc(Oc3ccc(C(C)(C)c4ccc(Oc5ccc(N6C(=O)c7ccc(*)cc7C6=O)cc5)cc4)cc3)cc1)C2=O,tg,287.73,253.80535888671875,239.0727553731079,246.96644019527184
*C(=O)c1ccc2c(c1)C(=O)N(c1ccc(Oc3ccc(C(c4ccc(Oc5ccc(N6C(=O)c7ccc(*)cc7C6=O)cc5C(F)(F)F)cc4)(C(F)(F)F)C(F)(F)F)cc3)c(C(F)(F)F)c1)C2=O,tg,220.0,224.82562255859375,248.46624111215937,235.79966852093708
*C(=O)c1ccc2c(c1)C(=O)N(c1ccc(Oc3ccc(N4C(=O)c5ccc(*)cc5C4=O)cc3)cc1)C2=O,tg,270.76,303.4635009765625,286.20232172673934,295.45080985248717
*C(=O)c1ccc2c(c1)C(=O)N(c1ccc(Oc3ccc(N4C(=O)c5ccc(*)cc5C4=O)cc3-c3cc(F)c(F)c(F)c3)c(-c3cc(F)c(F)c(F)c3)c1)C2=O,tg,342.0,259.23773193359375,293.3749836654445,275.08434646631343
*C(=O)c1ccc2c(c1)C(=O)N(c1ccc(Oc3ccc(N4C(=O)c5ccc(*)cc5C4=O)cc3Br)c(Br)c1)C2=O,egc,2.6114,2.556436061859131,2.5598239547788495,2.55796493546161
*C(=O)c1ccc2c(c1)C(=O)N(c1ccc(Oc3ccc(N4C(=O)c5ccc(*)cc5C4=O)cc3Br)c(Br)c1)C2=O,tg,296.0,294.51336669921875,287.9950958728369,291.4875658521877
*C(=O)c1ccc2c(c1)C(=O)N(c1ccc(Oc3ccc(S(=O)(=O)c4ccc(C)cc4)cc3)c(N3C(=O)c4ccc(*)cc4C3=O)c1)C2=O,tg,293.0,295.91998291015625,274.2739223948147,285.8718167650621
*C(=O)c1ccc2c(c1)C(=O)N(c1ccc(Oc3ccc(S(=O)(=O)c4ccc(Oc5ccc(N6C(=O)c7ccc(*)cc7C6=O)cc5)cc4)cc3)cc1)C2=O,egc,2.6168,2.788717746734619,2.779632270028732,2.784617692266923
*C(=O)c1ccc2c(c1)C(=O)N(c1ccc(Oc3cccc(N4C(=O)c5ccc(*)cc5C4=O)c3)cc1)C2=O,egc,2.4357,2.734987258911133,2.677195095509662,2.7089070624148377
*C(=O)c1ccc2c(c1)C(=O)N(c1ccc(Oc3cccc(Oc4ccc(N5C(=O)c6ccc(*)cc6C5=O)cc4)c3)cc1)C2=O,egc,2.514,2.603299856185913,2.5703135461217967,2.588413937446661
*C(=O)c1ccc2c(c1)C(=O)N(c1ccc(Oc3cccc4c(Oc5ccc(N6C(=O)c7ccc(*)cc7C6=O)cc5)cccc34)cc1)C2=O,tg,229.5,266.9236755371094,282.1558160644155,273.994480806979
*C(=O)c1ccc2c(c1)C(=O)N(c1ccc(Oc3ccccc3N3C(=O)c4ccc(*)cc4C3=O)cc1)C2=O,tg,286.0,277.04339599609375,277.23815073658363,277.1338017301348
*C(=O)c1ccc2c(c1)C(=O)N(c1ccc(Oc3ccccc3Oc3ccc(N4C(=O)c5ccc(*)cc5C4=O)cc3)cc1)C2=O,egc,2.3823,2.3701601028442383,2.45035052925996,2.406348090193238
*C(=O)c1ccc2c(c1)C(=O)N(c1ccc(Oc3ccccc3Oc3ccc(N4C(=O)c5ccc(*)cc5C4=O)cc3C(F)(F)F)c(C(F)(F)F)c1)C2=O,tg,236.0,242.63284301757812,241.54850640266096,242.1294907121471
*C(=O)c1ccc2c(c1)C(=O)N(c1ccc(Sc3ccc(N4C(=O)c5ccc(*)cc5C4=O)cc3)cc1)C2=O,egc,2.66,2.5494446754455566,2.591487431176034,2.5684175476510758
*C(=O)c1ccc2c(c1)C(=O)N(c1ccc(Sc3ccc(N4C(=O)c5ccc(*)cc5C4=O)cn3)nc1)C2=O,tg,246.0,319.5538330078125,272.5391668819411,297.7294841313013
*C(=O)c1ccc2c(c1)C(=O)N(c1ccc3c(c1)C(=O)c1cc(N4C(=O)c5ccc(*)cc5C4=O)ccc1-3)C2=O,egc,2.5033,2.368567705154419,2.6284929473789265,2.485865639555501
*C(=O)c1ccc2c(c1)C(=O)N(c1ccc3c(c1)C(=O)c1cc(N4C(=O)c5ccc(*)cc5C4=O)ccc1-3)C2=O,tg,331.0,336.01678466796875,318.65849425929196,327.95901425299826
*C(=O)c1ccc2c(c1)C(=O)N(c1ccc3c(c1)Cc1cc(N4C(=O)c5ccc(*)cc5C4=O)ccc1-3)C2=O,tg,341.5,312.70355224609375,350.5878126794963,330.28953944450575
*C(=O)c1ccc2c(c1)C(=O)N(c1cccc(C#Cc3cccc(N4C(=O)c5ccc(*)cc5C4=O)c3)c1)C2=O,tg,295.8,253.298583984375,304.2595468346868,276.95481562389125
*C(=O)c1ccc2c(c1)C(=O)N(c1cccc(C(=O)N(C)c3ccc(N4C(=O)c5ccc(*)cc5C4=O)cc3)c1)C2=O,egc,2.3447,2.7924349308013916,2.4922411783199587,2.6569647979861735
*C(=O)c1ccc2c(c1)C(=O)N(c1cccc(C(=O)N(C)c3ccc(N4C(=O)c5ccc(*)cc5C4=O)cc3)c1)C2=O,tg,260.5,266.5758361816406,295.353574236947,279.934548408042
*C(=O)c1ccc2c(c1)C(=O)N(c1cccc(C(=O)Nc3ccc(N4C(=O)c5ccc(*)cc5C4=O)cc3)c1)C2=O,egc,2.497,2.4727346897125244,2.520339428187821,2.494217549334265
*C(=O)c1ccc2c(c1)C(=O)N(c1cccc(C(=O)Nc3cccc(N4C(=O)c5ccc(*)cc5C4=O)c3)c1)C2=O,tg,285.67,309.1255187988281,289.40200626643434,299.96980518757414
*C(=O)c1ccc2c(c1)C(=O)N(c1cccc(C(=O)c3c(C)cc(C)c(N4C(=O)c5ccc(*)cc5C4=O)c3C)c1)C2=O,tg,300.0,352.6343994140625,285.6868159879231,321.5571306056514
*C(=O)c1ccc2c(c1)C(=O)N(c1cccc(C(=O)c3ccc(Cc4ccc(C(=O)c5cccc(N6C(=O)c7ccc(*)cc7C6=O)c5)cc4)cc3)c1)C2=O,tg,260.5,224.83840942382812,250.8801372245817,236.9270574926918
*C(=O)c1ccc2c(c1)C(=O)N(c1cccc(C(=O)c3ccc(Oc4ccc(N5C(=O)c6ccc(*)cc6C5=O)cc4)cc3)c1)C2=O,tg,251.0,237.41262817382812,258.62099333591965,247.25761482456238
*C(=O)c1ccc2c(c1)C(=O)N(c1cccc(C(=O)c3ccc(Oc4ccc(N5C(=O)c6ccc(*)cc6C5=O)cc4C(F)(F)F)cc3)c1)C2=O,tg,242.0,270.938720703125,244.22430527172776,258.53780902067365
*C(=O)c1ccc2c(c1)C(=O)N(c1cccc(C(=O)c3ccccc3N3C(=O)c4ccc(*)cc4C3=O)c1)C2=O,tg,258.33,301.74078369140625,267.192260955218,285.70325592626193
*C(=O)c1ccc2c(c1)C(=O)N(c1cccc(C(O)c3cccc(N4C(=O)c5ccc(*)cc5C4=O)c3)c1)C2=O,tg,273.0,252.78330993652344,234.6942939592036,244.38633452325828
*C(=O)c1ccc2c(c1)C(=O)N(c1cccc(Cc3ccc(C(=O)c4ccc(N5C(=O)c6ccc(*)cc6C5=O)cc4)cc3)c1)C2=O,egc,2.9158,2.911219596862793,2.7672390760701355,2.846244692777166
*C(=O)c1ccc2c(c1)C(=O)N(c1cccc(Cc3ccc(C(=O)c4cccc(N5C(=O)c6ccc(*)cc6C5=O)c4)cc3)c1)C2=O,tg,265.5,243.45187377929688,248.60854285760703,245.84561501537104
*C(=O)c1ccc2c(c1)C(=O)N(c1cccc(Cc3ccc(Cc4ccc(Cc5cccc(N6C(=O)c7ccc(*)cc7C6=O)c5)cc4)cc3)c1)C2=O,tg,235.5,224.58935546875,246.8218134627695,234.90972908035496
*C(=O)c1ccc2c(c1)C(=O)N(c1cccc(Cc3ccc(Cc4cccc(N5C(=O)c6ccc(*)cc6C5=O)c4)cc3)c1)C2=O,tg,240.0,280.8607482910156,244.85135540324555,264.14508022458654
*C(=O)c1ccc2c(c1)C(=O)N(c1cccc(Cc3cccc(N4C(=O)c5ccc(*)cc5C4=O)c3)c1)C2=O,tg,241.33,288.1943359375,266.8128518558857,278.2689869656408
*C(=O)c1ccc2c(c1)C(=O)N(c1cccc(N3C(=O)c4ccc(*)cc4C3=O)c1)C2=O,tg,292.1,293.81048583984375,312.2467094531612,302.36863607800956
*C(=O)c1ccc2c(c1)C(=O)N(c1cccc(N3C(=O)c4ccc(*)cc4C3=O)c1C)C2=O,egc,3.3303,2.854483127593994,3.042110004008792,2.939154569479479
*C(=O)c1ccc2c(c1)C(=O)N(c1cccc(NC(=O)c3cccc(C(=O)Nc4cccc(N5C(=O)c6ccc(*)cc6C5=O)c4)c3)c1)C2=O,tg,204.0,254.75242614746097,283.88065162367235,268.27383568474363
*C(=O)c1ccc2c(c1)C(=O)N(c1cccc(Nc3nc(Nc4cccc(N5C(=O)c6ccc(*)cc6C5=O)c4)nc(-c4ccccc4)n3)c1)C2=O,tg,292.0,272.6877746582031,290.5135480931194,280.96255209458224
*C(=O)c1ccc2c(c1)C(=O)N(c1cccc(Nc3nc(Nc4cccc(N5C(=O)c6ccc(*)cc6C5=O)c4)nc(N(C)C)n3)c1)C2=O,tg,294.0,250.3500213623047,257.7632901651584,253.79128295152196
*C(=O)c1ccc2c(c1)C(=O)N(c1cccc(Nc3nc(Nc4cccc(N5C(=O)c6ccc(*)cc6C5=O)c4)nc(N(c4ccccc4)c4ccccc4)n3)c1)C2=O,tg,290.0,261.8257751464844,262.6581181751507,262.2121512741785
*C(=O)c1ccc2c(c1)C(=O)N(c1cccc(Nc3ncnc(Nc4cccc(N5C(=O)c6ccc(*)cc6C5=O)c4)n3)c1)C2=O,egc,2.4957,2.68450927734375,2.8021685308274464,2.737606034236989
*C(=O)c1ccc2c(c1)C(=O)N(c1cccc(OCCOCCOc3cccc(N4C(=O)c5ccc(*)cc5C4=O)c3)c1)C2=O,tg,152.33,185.53515625,166.7671586927126,176.8229955530137
*C(=O)c1ccc2c(c1)C(=O)N(c1cccc(OCCOc3cccc(N4C(=O)c5ccc(*)cc5C4=O)c3)c1)C2=O,tg,191.0,189.40359497070312,198.3842275639347,193.57243152740048
*C(=O)c1ccc2c(c1)C(=O)N(c1cccc(OP(=O)(Oc3cccc(N4C(=O)c5ccc(*)cc5C4=O)c3)c3ccccc3)c1)C2=O,tg,176.5,189.34890747070312,232.0552604620803,209.17332448202308
*C(=O)c1ccc2c(c1)C(=O)N(c1cccc(P(=O)(c3ccc(Oc4ccc(C56CC7CC(CC(C7)C5)C6)cc4)cc3)c3cccc(N4C(=O)c5ccc(*)cc5C4=O)c3)c1)C2=O,tg,305.0,265.6461181640625,272.338081214118,268.752547461723
*C(=O)c1ccc2c(c1)C(=O)N(c1cccc(P(=O)(c3ccccc3)c3cccc(N4C(=O)c5ccc(*)cc5C4=O)c3)c1)C2=O,tg,273.0,251.53244018554688,277.7423819944129,263.69917370096323
*C(=O)c1ccc2c(c1)C(=O)N(c1ccccc1C(=O)c1ccccc1N1C(=O)c3ccc(*)cc3C1=O)C2=O,tg,289.0,261.9485778808594,279.30978075765006,270.0077002722544
*C(=O)c1ccc2c(c1)C(=O)N(c1ccccc1Cc1ccccc1N1C(=O)c3ccc(*)cc3C1=O)C2=O,tg,285.0,294.1263732910156,297.20326569679116,295.5546759644697
*C(=O)c1ccc2nc(-c3ccc(-c4cnc5cc(*)ccc5n4)cc3)cnc2c1,egc,3.0578,3.2087130546569824,2.9347822967601536,3.0850947719721953
*C(=O)c1ccc2nc(-c3ccc(-c4cnc5cc(*)ccc5n4)cc3)cnc2c1,tg,318.0,306.3548583984375,325.0711173437608,315.04300187673573
*C(=O)c1ccc2nc(-c3ccc(-c4nc5ccc(*)cc5nc4-c4ccccc4)cc3)c(-c3ccccc3)nc2c1,egc,3.0508,3.2500274181365967,3.2092958317413047,3.2316462447339758
*C(=O)c1ccc2nc(-c3ccc(-c4nc5ccc(*)cc5nc4-c4ccccc4)cc3)c(-c3ccccc3)nc2c1,tg,325.0,275.4676513671875,329.0426512179373,300.3373268142367
*C(=O)c1ccc2nc(-c3ccccc3)c(-c3ccc(-c4nc5cc(*)ccc5nc4-c4ccccc4)cc3)nc2c1,egc,3.2924,2.8508362770080566,3.0671327736318608,2.9484456205832714
*C(=O)c1ccc2nc(-c3ccccc3)c(-c3ccc(-c4nc5cc(*)ccc5nc4-c4ccccc4)cc3)nc2c1,tg,323.79,357.9569091796875,323.6014952592912,342.0090231054081
*C(=O)c1ccc2nc(-c3ccccc3)c(-c3ccc(-c4nc5ccc(*)cc5nc4-c4ccccc4)cc3)nc2c1,egc,3.1886,3.2269325256347656,3.0659184820835934,3.1542708073788477
*C(=O)c1ccc2nc(-c3ccccc3)c(-c3ccc(N4C(=O)c5ccc(C(=O)c6ccc7c(c6)C(=O)N(c6ccc(-c8nc9cc(*)ccc9nc8-c8ccccc8)cc6)C7=O)cc5C4=O)cc3)nc2c1,tg,255.0,331.3682861328125,271.92622077101777,303.77510129719127
*C(=O)c1ccc2ncc(-c3ccc(-c4cnc5ccc(*)cc5n4)cc3)nc2c1,tg,318.0,286.7748107910156,321.5116120427287,302.89973800716876
*C(=O)c1cccc(C(=O)N(*)c2ccccc2)c1,tg,148.0,193.97059631347656,206.93041989145,199.98658524736555
*C(=O)c1cccc(C(=O)N(C)c2cccc(N(*)C)c2)c1,egc,4.4341,3.766968250274658,3.447245439317226,3.6226851287691995
*C(=O)c1cccc(C(=O)N2CCN(*)CC2)c1,egc,4.7816,4.787312984466553,4.768228920902193,4.77870081114733
*C(=O)c1cccc(C(=O)N2CCN(*)CC2)c1,tg,214.5,158.0633087158203,140.6510641019327,149.9804925971385
*C(=O)c1cccc(C(=O)N2COCN2*)c1,egc,4.5807,4.764546871185303,4.437862579832119,4.6171222030420225
*C(=O)c1cccc(C(=O)c2ccc(C=C3CCC(=Cc4ccc(*)cc4)C3=O)cc2)c1,tg,190.0,170.85992431640625,197.58250264473085,183.26462524006814
*C(=O)c1cccc(C(=O)c2ccc3c(c2)C(=Nc2cccc(N=C4OC(=O)c5cc(*)ccc54)c2)OC3=O)c1,egc,2.869,2.6012630462646484,2.8641614366454893,2.719902690052713
*C(=O)c1cccc(C(=O)c2ccc3c(c2)C(=O)N(c2ccc(Oc4ccc(N5C(=O)c6ccc(*)cc6C5=O)cc4)cc2)C3=O)c1,egc,2.5831,2.4729487895965576,2.593185934581984,2.5272088861703725
*C(=O)c1cccc(C(=O)c2ccc3c(c2)C(=O)N(c2ccc(Oc4ccc(N5C(=O)c6ccc(*)cc6C5=O)cc4)cc2)C3=O)c1,tg,244.0,265.2394104003906,254.0117210776319,260.0274833774286
*C(=O)c1cccc(C(=O)c2ccc3c(c2)C(=O)N(c2cccc(N4C(=O)c5ccc(*)cc5C4=O)c2)C3=O)c1,tg,259.5,286.201416015625,273.29610806828407,280.21073340081017
*C(=S)C(=O)C(F)(F)C(*)(F)F,eea,5.1438,4.597743511199951,4.420905829489427,4.553434319533444
*C(=S)C(=O)C(F)(F)C(*)(F)F,ei,7.0732,7.488954544067383,7.437508970881897,7.467501487413516
*C(=S)C(=O)CCNc1ccc(C(=S)c2ccc(*)cc2)cc1,ei,5.8838,6.1270527839660645,5.644508114464888,5.925829287135617
*C(=S)C(=O)CCNc1ccc(C(=S)c2ccc(*)cc2)cc1,eps,6.47,5.527031421661377,5.921247976855628,5.7430873087268575
*C(=S)C(=O)CCNc1ccc(C(=S)c2ccc(*)cc2)cc1,nc,2.3328,2.1445369720458984,2.2427585738182514,2.1790888273104416
*C(=S)C(F)(F)CC(*)(F)F,egc,2.8419,3.3187708854675293,5.0807593547037575,4.113913389177956
*C(=S)C(F)(F)CC(*)(F)F,ei,7.4545,7.352590560913086,7.490096815380624,7.409931344282672
*C(=S)C(F)(F)CC(*)(F)F,eps,3.78,3.9738423824310303,3.896722194147257,3.9315755865018303
*C(=S)C(F)(F)CC(*)(F)F,nc,1.7605,1.7826422452926636,1.7764528749896846,1.7804649826230645
*C(=S)C(F)(F)NC(*)(F)F,ei,7.8892,7.668967247009277,6.931119054025585,7.361280927158958
*C(=S)C(F)(F)NC(*)(F)F,eps,4.49,3.834444284439087,3.914380442480541,3.878254411910123
*C(=S)C(F)(F)NC(*)(F)F,nc,1.7879,1.7748730182647705,1.8256063641893816,1.792719715873469
*C(=S)C(F)(F)c1ccc(C(*)(F)F)cc1,eea,4.0037,3.934800148010254,3.825519026916408,3.9074182116874043
*C(=S)C(F)(F)c1ccc(C(*)(F)F)cc1,egc,2.6791,2.7323548793792725,3.725145985256347,3.1803773377389053
*C(=S)C(F)(F)c1ccc(C(*)(F)F)cc1,eps,3.7,3.904602527618408,3.907252089962459,3.9060546572538497
*C(=S)C(F)(F)c1ccc(C(*)(F)F)cc1,nc,1.8005,1.8443384170532229,1.7841700460763033,1.8231727181846973
*C(=S)C(F)(F)c1ccc(C(*)(F)F)s1,eea,4.1531,4.194389343261719,3.826562696604596,4.10222515501219
*C(=S)C(F)(F)c1ccc(C(*)(F)F)s1,egc,2.8122,2.2203001976013184,3.927909373541156,2.990902650013658
*C(=S)C(F)(F)c1ccc(C(*)(F)F)s1,eps,3.9,3.740838050842285,4.919877654142101,4.387027167001426
*C(=S)CC(F)(F)C(*)(F)F,eea,3.5657,3.8305180072784424,4.040670507488578,3.883174699680966
*C(=S)CC(F)(F)C(*)(F)F,egb,2.143,2.8912322521209717,3.7366458735503367,3.0873439625536867
*C(=S)NC(F)(F)C(*)(F)F,ei,6.3593,6.9758501052856445,7.577014444929995,7.226538587075429
*C(=S)NC(F)(F)C(*)(F)F,eps,3.81,4.203850746154785,4.028526748278935,4.1077619812720725
*C(=S)NC(F)(F)C(*)(F)F,nc,1.765,1.8365634679794312,1.7573032911444733,1.808681758571039
*C(=S)OC(=S)c1ccc(*)cc1,eea,3.7508,3.4609875679016113,3.258035725594598,3.410135102562393
*C(=S)OC(=S)c1ccc(*)cc1,egb,2.364,2.2005248069763184,2.1148556558639227,2.1806520212414906
*C(=S)OC(=S)c1ccc(*)cc1,egc,2.8098,3.226722717285156,2.867255363915816,3.0645038512989577
*C(=S)OC(=S)c1ccc(*)s1,eps,6.22,5.900991439819336,6.111559071615154,6.016395970338115
*C(=S)OC(=S)c1ccc(*)s1,nc,2.2971,2.2656877040863037,2.2321387055881208,2.253886021773423
*C(=S)Oc1ccc(-c2ccc(*)cc2)s1,egb,2.3094,2.206044912338257,2.1588448951222294,2.1950958622235466
*C(=S)Oc1ccc(-c2ccc(*)cc2)s1,ei,5.9399,5.790501594543457,5.743508742455093,5.770905344453219
*C(=S)Oc1ccc(-c2ccc(*)cc2)s1,eps,5.67,5.882440567016602,5.3613989165241485,5.5968764157603506
*C(=S)Oc1ccc(-c2ccc(*)cc2)s1,nc,2.1962,2.218412399291992,2.209153183805139,2.215155243354885
*C(=S)Oc1ccc(-c2ccc(*)s2)s1,egb,1.9834,1.8485960960388184,1.8347104181440292,1.8453750170622807
*C(=S)Oc1ccc(-c2ccc(*)s2)s1,egc,2.4847,2.31532883644104,2.636529819848576,2.460279021189768
*C(=S)Oc1ccc(-c2ccc(*)s2)s1,nc,2.2317,2.364741802215576,2.2799048109939144,2.3348983116913233
*C(=S)c1ccc(-c2ccc(-c3ccc(*)cc3)cc2)cc1,eea,3.0264,2.6856749057769775,2.9874534578262195,2.7612898062566127
*C(=S)c1ccc(-c2ccc(-c3ccc(*)cc3)cc2)cc1,egb,1.6353,2.074145555496216,1.9953612586941472,2.0558698584770814
*C(=S)c1ccc(-c2ccc(-c3ccc(*)cc3)cc2)cc1,egc,2.6076,2.6788253784179688,2.6565743045992867,2.668784010466167
*C(=S)c1ccc(-c2ccc(-c3ccc(*)cc3)cc2)cc1,eps,4.57,5.200072288513184,5.444112449203448,5.333821905830895
*C(=S)c1ccc(-c2ccc(-c3ccc(*)cc3)cc2)s1,egc,2.3302,2.2759008407592773,2.580159501373303,2.413205367661821
*C(=S)c1ccc(-c2ccc(-c3ccc(*)cc3)cc2)s1,eps,6.66,6.453400611877441,5.214678159069679,5.774501476762651
*C(=S)c1ccc(-c2ccc(-c3ccc(*)cc3)s2)cc1,eea,3.3503,2.8735179901123047,3.031800229885194,2.9131778523750405
*C(=S)c1ccc(-c2ccc(-c3ccc(*)cc3)s2)cc1,egb,1.8996,1.6966686248779297,1.6513758910942584,1.686162009811246
*C(=S)c1ccc(C(=S)c2ccc(*)cc2)cc1,eea,2.9311,3.459493637084961,3.120068780013401,3.3744459204281707
*C(=S)c1ccc(C(=S)c2ccc(*)cc2)cc1,egb,1.8035,1.5452609062194824,1.7851985376720971,1.6009195543753878
*C(=S)c1ccc(C(=S)c2ccc(*)cc2)cc1,egc,2.6743,2.0706357955932617,2.6962644295044234,2.3529667682679536
*C(=S)c1ccc(C(=S)c2ccc(*)cc2)cc1,ei,5.6051,5.770678520202637,5.481997205751946,5.6502969944395876
*C(=S)c1ccc(C(=S)c2ccc(*)cc2)cc1,nc,1.8941,2.2902090549468994,2.279263605790439,2.2863587249967123
*C(=S)c1ccc(C(=S)c2ccc(*)cc2)s1,egb,1.1979,1.7776756286621094,1.4554598343487914,1.7029308067790847
*C(=S)c1ccc(C(=S)c2ccc(*)cc2)s1,eps,6.78,6.397161960601807,6.826028111855942,6.632208042560269
*C(=S)c1ccc(C(=S)c2ccc(*)cc2)s1,nc,2.4956,2.335775375366211,2.380799965715509,2.3516138783128424
*C(=S)c1ccc(C(F)(F)C(*)(F)F)cc1,egb,2.3476,2.307777404785156,2.115454034302234,2.263163899412695
*C(=S)c1ccc(C(F)(F)C(*)(F)F)cc1,egc,3.118,2.658200740814209,3.1015475194763806,2.8582723495405706
*C(=S)c1ccc(C(F)(F)C(*)(F)F)cc1,ei,6.6143,6.480570316314697,7.008491719774318,6.700716134038881
*C(=S)c1ccc(C(F)(F)C(*)(F)F)cc1,nc,1.9682,1.8849663734436035,1.942716157024809,1.9052812749301538
*C(=S)c1ccc(C(F)(F)C(*)(F)F)s1,eea,4.1828,3.646490812301636,4.120595190157847,3.7652843948976153
*C(=S)c1ccc(C(F)(F)C(*)(F)F)s1,egb,2.1029,2.4275002479553223,2.312192722788687,2.4007522095833362
*C(=S)c1ccc(C(F)(F)C(*)(F)F)s1,eps,4.44,4.234523773193359,4.800210186481623,4.544556110023207
*C(=S)c1ccc(C(F)(F)C(*)(F)F)s1,nc,1.985,1.9253278970718384,1.9696295578013263,1.9409120918098948
*C(Br)=C(c1ccccc1)c1ccc(*)cc1,egc,3.469,3.0472230911254883,2.8397562763580635,2.9535983680292555
*C(C#N)=C(C#N)N1C(=O)c2ccc(C(=O)c3ccc(-c4ccc5c(c4)C(=O)N(*)C5=O)cc3)cc2C1=O,tg,249.0,234.9706268310547,303.2823144934097,266.68111691291676
*C(C#N)=C(C#N)n1c(=O)c2cc3c(=O)n(*)c(=O)c3cc2c1=O,egc,3.4736,2.550523281097412,2.398070378552606,2.4817249973720115
*C(C#N)=C(c1ccccc1)c1ccc(*)cc1,egb,2.5883,1.7483627796173096,2.6343614710042615,1.9538890621430993
*C(C#N)=Cc1cc(OCCCCCCCC)c(C=C(C#N)c2cc(OCCCCCCCC)c(*)cc2OC)cc1OC,tg,174.0,164.18057250976562,187.119806985887,174.82903388193893
*C(C#N)=Cc1cc(OCCCCCCCCCC)c(C=C(C#N)c2cc(OCCCCCCCCCC)c(*)cc2OC)cc1OC,tg,198.0,158.16859436035156,170.7240443024368,163.99687184091533
*C(C#N)=Cc1cc(OCCCCCCCCCCCC)c(C=C(C#N)c2cc(OCCCCCCCCCCCC)c(*)cc2OC)cc1OC,tg,181.0,161.5131378173828,171.1409715899195,165.98240710059636
*C(C#N)C(*)(C#N)C#N,egb,5.8992,5.984449863433838,6.456593242664734,6.0939735845135905
*C(C(=O)OC)C(*)C(=O)OC(C)(C)C,tg,84.0,77.27865600585938,71.05610952138989,74.39013128436528
*C(C)=C(*)C#N,egc,3.2656,3.578291893005371,4.4552472286037474,3.9740404880527453
*C(C)=C(*)CCC,egc,5.0895,4.092240810394287,4.97562721732596,4.490891591381456
*C(C)=C(*)SCCCCCC,tg,110.0,109.10967254638672,40.434782562634055,77.23058285873955
*C(C)=C(*)[Si](C)(C)C,tg,198.3,258.5152893066406,157.44577793848725,211.5985193146638
*C(C)=C(*)[Si](C)(C)CC[Si](C)(C)C,tg,200.0,209.25991821289065,125.53178060371977,170.39306587641212
*C(C)=C(*)[Si](C)(C)C[Si](C)(C)C,tg,200.0,145.15797424316406,180.672645171641,161.6439908938503
*C(C)=C(*)c1ccccc1,tg,200.0,206.03611755371097,210.7070320309457,208.2043700485941
*C(C)=[C](*)[Ge]([CH3])([CH3])[CH3],tg,250.0,208.28305053710935,151.83444008040948,182.07943643713872
*C(C)C(*)C(=O)OC,egc,6.2685,6.283491134643555,6.573888110205949,6.414540220520212
*C(C)C(*)C(=O)OC12CC3CC(CC(C3)C1)C2,tg,236.5,203.3212127685547,174.40970645800644,189.90040491728624
*C(C)C(*)O,egb,7.9156,7.446398735046387,7.600825956424349,7.482221420834913
*C(C)C(*)O,egc,6.0639,6.296995639801025,7.1338374451638575,6.674641975145201
*C(C)C(*)OC,egc,5.326,6.346011161804199,5.753068311958143,6.078430487801174
*C(CC)=C(*)c1ccccc1,tg,200.0,182.34176635742188,166.6142449601709,175.04100380351065
*C(Cl)=C(*)CCCC,tg,190.0,127.7567138671875,82.30333805467255,106.65712063192626
*C(Cl)=C(*)CCCCCCCC,tg,90.0,138.41952514648438,89.87974050290377,115.88721168463718
*C(Cl)=C(*)c1ccccc1,tg,215.0,206.39926147460935,198.95803447303285,202.94502160577923
*C(Cl)=C(Cl)C(Cl)(Cl)C(*)(Cl)Cl,egc,4.2472,4.1895856857299805,4.672299993899188,4.407422902190817
*C(F)(F)C(*)(F)C(F)(F)C(F)(F)C(F)(F)C(F)(F)C(F)(F)F,tg,232.5,21.234130859375,38.92320434334407,29.445451768956996
*C(F)(F)C(*)(F)OC(F)(F)C(F)(F)C(F)(F)C(F)(F)F,tg,-10.0,50.74674224853515,33.158242771938234,42.58210809450561
*C(F)(F)C(*)(F)OC(F)(F)F,egc,8.2947,8.356454849243164,8.54023465174303,8.439390200320968
*C(F)(F)C(*)(F)c1c(F)c(F)c(F)c(F)c1F,tg,194.0,171.0325927734375,135.98215993683968,154.76207683590766
*C(F)(F)C(=O)NCCCCCCNS(*)(=O)=O,tg,51.0,97.34691619873048,103.91834145687862,100.39739149224368
*C(F)(F)C(F)(F)C(F)(F)C(*)(F)C(F)(F)F,egc,8.4323,8.107950210571289,8.37561493908248,8.22874078672961
*C(F)(F)C1(*)OC(F)(F)C(F)(C(F)(F)F)O1,tg,133.09,240.79544067382812,205.35612763512663,224.34440538135578
*C(F)(F)C1(*)OC(F)(F)C(F)(F)O1,tg,103.5,217.6014404296875,131.7442484698159,177.74627468474307
*C(F)(F)C1(F)C(F)(F)C(*)(F)C(F)(F)C(F)(Cl)C1(F)F,egc,7.2365,7.271182060241699,6.481358955678861,6.9147541199824385
*C(F)(F)C1(F)C(F)(F)C(*)(F)C(F)(F)C(F)(Cl)C1(F)F,tg,147.0,152.6169891357422,208.6609700478814,178.63277298881513
*C(F)(F)C1(F)C(F)(F)C(*)(F)C(F)(F)C(F)(F)C(F)(F)C1(F)F,egc,7.4251,7.332522392272949,7.102178396390642,7.228573754243602
*C(F)(F)C1(F)C(F)(F)C(*)(F)C(F)(F)C(F)(F)C(F)(F)C1(F)F,tg,198.0,118.00941467285156,158.4935310848108,136.80226280595133
*C(F)(F)C1(F)C(F)(F)C(*)(F)C(F)(F)C1(F)F,egb,6.9544,6.792618274688721,7.371909535774809,6.926997230942396
*C(F)(F)C1(F)C(F)(F)C(*)(F)C(F)(F)C1(F)F,tg,117.0,173.25128173828125,152.52739269866453,163.6311903551412
*C(F)(F)C1(F)C(F)(F)C(*)(F)C1(F)F,tg,122.0,187.52330017089844,108.86024802563448,151.00767568229398
*C(F)=C(F)C(F)(C(*)(F)F)C(F)(F)F,tg,-3.0,53.906768798828125,75.78452857574398,64.06249043534045
*C(F)C(*)(F)F,eea,1.524,1.1852494478225708,1.8014481655471544,1.3396467845452296
*C(F)C(*)(F)F,ei,8.5986,8.704354286193848,8.260640713070886,8.519323547242296
*C(F)C(*)(F)F,nc,1.5796,1.5696678161621094,1.6545180295422817,1.5995159579046168
*C(F)C(*)(F)OC(F)(F)F,egb,7.802,7.939380168914795,8.104278338221825,7.9776318142755
*C(I)=C(*)I,egc,3.8335,2.838810682296753,3.6503066257646832,3.205019047167407
*C(OC(C)=O)=C(OC(C)=O)c1ccc(*)cc1,egc,3.7517,3.782741069793701,3.951377828701186,3.85884273392856
*C(OC(F)(F)F)C(*)(F)F,egc,8.5308,7.851136207580566,8.345993705097586,8.074453349789858
*C(OC(F)(F)F)C(*)(F)F,tg,-10.0,70.9260025024414,36.62170845828754,55.00184642787431
*C(OC)=C(OC)c1ccc(*)s1,egc,2.5351,3.515368938446045,2.958616974028434,3.264120330034541
*C(OC)=C(OC)c1ccc(*)s1,tg,91.0,120.05474090576172,52.821615267195725,88.84492254682773
*C([2H])([2H])C(*)(C(=O)OC([2H])([2H])C([2H])([2H])[2H])C([2H])([2H])[2H],egc,6.3862,5.095580101013184,6.58997991645385,5.769966359232551
*C([2H])([2H])C(*)(C(=O)OC([2H])([2H])[2H])C([2H])([2H])[2H],tg,115.0,48.557899475097656,83.69624901058447,64.86922660765943
*C([2H])([2H])C(*)(F)F,egc,7.1497,7.166240215301514,7.136468552289326,7.152804988521968
*C([2H])([2H])C(*)([2H])C([2H])=C([2H])[2H],egc,5.9833,4.153818607330322,5.156384775614423,4.606252313397846
*C([2H])([2H])C(*)([2H])C([2H])=C([2H])[2H],tg,1.0,14.181289672851562,19.71372762710965,16.749463946983823
*C([2H])([2H])C(*)([2H])Cl,tg,85.0,11.790756225585938,48.90357052270171,29.018635816199847
*C([2H])([2H])C(*)([2H])c1c([2H])c([2H])c([2H])c([2H])c1[2H],tg,86.29,116.8640594482422,100.76306179511737,109.38992809738022
*C(c1ccc(N(C)C)cc1)C(*)c1ccc([N+](=O)[O-])cc1,egc,2.3431,1.838017463684082,2.9403478121074476,2.3354723156680364
*C(c1ccccc1)=c1ccc(=c2ccc(=C(c3ccccc3)c3ccc(-c4ccc(*)s4)s3)s2)s1,egc,1.4486,1.742922306060791,1.6889872141088185,1.7185827120161528
*C(c1ccccc1)C(*)(C#N)C#N,egc,2.7551,6.348285675048828,4.744382072840476,5.624483023534915
*C(c1cccs1)=c1ccc(=c2ccc(=C(c3cccs3)c3ccc(-c4ccc(*)s4)s3)s2)s1,egc,1.0381,1.4304986000061035,1.692918741059922,1.5489224215150066
*C*,egc,6.8972,6.246241569519043,5.471725990904919,5.896721543086112
*C*,tg,-63.48,-19.046127319335938,-31.739213814347536,-24.9382961001417
*C/C=C\COC(=O)CCCCCCCCC(=O)O*,tg,-41.0,-33.800537109375,-42.61748471401183,-37.89339060394924
*C/C=C\C[Si](*)(C)C,tg,-57.5,-56.45289611816406,-36.48317230705555,-47.18289049365582
*C/C=C\C[Si](*)(C)CCCOc1ccc(-c2ccccc2)cc1,tg,10.0,9.35443115234375,15.68580451774465,12.293473638022977
*C/C=C\C[Si](*)(C)CCCOc1ccc2ccccc2c1,tg,-1.0,5.9955291748046875,7.483489264586254,6.686244706566127
*C/C=C\C[Si](*)(C)CCCOc1ccccc1,tg,-30.0,-24.615493774414062,-19.28249955410313,-22.139901879134463
*C/C=C\C[Si](*)(CCCOc1ccccc1)c1ccccc1,tg,-5.0,10.129348754882812,7.879925947786895,9.085159948321708
*C/C=C\C[Si](*)(c1ccccc1)c1ccccc1,tg,23.63,35.27983093261719,41.90429177490022,38.35492550318599
*C1(C)CC(*)(C)C(=O)N(C)C1=O,egc,5.3373,5.1566972732543945,5.343305764402161,5.240909142659635
*C1(C)CC(*)(C)C(=O)N(C)C1=O,tg,170.0,122.22395324707033,191.79124600776365,154.5172989775059
*C1(F)OC(C(F)(F)F)(C(F)(F)Cl)OC1(*)F,egc,8.2297,5.90017557144165,6.801270978416199,6.306817993054256
*C1(F)OC(C(F)(F)F)(C(F)(F)Cl)OC1(*)F,tg,330.0,292.55169677734375,126.81450286896748,215.615994799021
*C12CC3CC(C1)CC(*)(C3)C2,egc,5.7519,6.095771312713623,6.0547869466899,6.077276066018159
*C1=C(CCCCCC)C(CCCCCC)=C(c2sc(-c3sc(*)c4c3OCCO4)c3c2OCCO3)S1(=O)=O,egc,1.3792,1.966380596160889,1.6224786638762083,1.8111860257978787
*C1=C(c2ccc(-c3ccc4c(c3)C(CCCCCC)(CCCCCC)c3cc(-c5ccc(*)cc5)ccc3-4)cc2)C(=O)N(CCCC)C1=O,tg,155.0,111.09548950195312,152.82984907693935,130.46870425718996
*C1=CC(C)C(C(=O)C(=O)C2CC3C(*)CC3(O)C2=O)C(=O)N1C,egc,2.7097,4.735257148742676,4.355582507121247,4.563919225478578
*C1=CC2=CC(*)=NC2=N1,egc,1.0627,3.027683734893799,1.9010218769399616,2.5192486649657964
*C1=CC2=NC(*)=CC2=N1,egc,1.3051,3.0345559120178223,1.5612572296145557,2.3696920814689135
*C1=CC=C(c2sc(-c3sc(*)c4c3OCCO4)c3c2OCCO3)S1(=O)=O,egc,1.7929,1.0654032230377195,1.7740013868445836,1.3851763248096256
*C1=NC2=CC(*)C=CC2=C1,egc,3.2065,2.542167901992798,2.9789519296475535,2.7392779009479407
*C1C(*)C2CC1C(C(=O)OCC13CC4CC(CC(C4)C1)C3)C2C(=O)OCC12CC3CC(CC(C3)C1)C2,tg,328.0,281.7152099609375,280.85891336380905,281.3177145149958
*C1C(*)C2CC1C(C(=O)OCCC13CC4CC(CC(C4)C1)C3)C2C(=O)OCCC12CC3CC(CC(C3)C1)C2,tg,300.0,256.4642333984375,234.42005952456083,246.23126183952184
*C1C(*)C2CC1C(C(=O)OCCC1CC3CCC1C3)C2C(=O)OCCC1CC2CCC1C2,tg,260.0,271.02520751953125,256.2567592172714,264.1696495697987
*C1C(*)C2CC1C(C(=O)OCCCc1ccccc1)C2C(=O)OCCCc1ccccc1,tg,200.0,175.6564178466797,161.72380048937973,169.1888551258349
*C1C(*)C2CC1C(C(=O)OCc1ccccc1)C2C(=O)OCc1ccccc1,tg,277.0,239.7476043701172,190.43423961396132,216.85619270228523
*C1C(*)C2CC1C(COCc1ccccc1)C2COCc1ccccc1,tg,176.0,161.69288635253906,203.34509076024057,181.0279644329768
*C1C(*)C2CC1C1C=CCC12,tg,103.55,283.0050354003906,202.9321551071137,245.8349644614852
*C1C(=O)N(C(C)(C)C)C(=O)C1*,tg,195.0,176.52481079101562,205.0166663682055,189.7508155145414
*C1C(=O)N(C2CCCCC2)C(=O)C1*,tg,205.0,204.61196899414065,214.32700635262523,209.12171844322233
*C1C(=O)N(CCCCCCCCOc2ccc(-c3ccc(C#N)cc3)cc2)C(=O)C1*,tg,43.0,75.09242248535156,67.1038989037657,71.38412590432303
*C1C(=O)N(CCCCCCOc2ccc(-c3ccc(C#N)cc3)cc2)C(=O)C1*,tg,76.0,67.67729949951172,100.52436235932176,82.9250044922886
*C1C(=O)N(CCCCCOc2ccc(-c3ccc(C#N)cc3)cc2)C(=O)C1*,tg,75.0,87.24098205566406,106.55818674862776,96.20808635051361
*C1C(=O)N(CCCCOc2ccc(-c3ccc(C#N)cc3)cc2)C(=O)C1*,tg,115.0,105.46537017822266,102.1989493001618,103.9490878200865
*C1C(=O)N(CCCOc2ccc(-c3ccc(C#N)cc3)cc2)C(=O)C1*,tg,130.0,118.86963653564452,133.1516539845356,125.4993918258453
*C1C(=O)N(CCOc2ccc(-c3ccc(C#N)cc3)cc2)C(=O)C1*,tg,150.0,163.47430419921875,155.49216085982232,159.76896934573045
*C1C(=O)N(c2c(CC)cccc2CC)C(=O)C1*,tg,288.0,203.9012451171875,208.1148680228372,205.85722149444723
*C1C(=O)N(c2cc(Br)c(O[Si](C)(C)C)c(Br)c2)C(=O)C1*,tg,167.0,222.47848510742188,151.1357440886339,189.3609709761492
*C1C(=O)N(c2cc(Br)c(O[Si](c3ccccc3)(c3ccccc3)c3ccccc3)c(Br)c2)C(=O)C1*,tg,179.0,169.43582153320312,203.9661246883792,185.46489171425378
*C1C(=O)N(c2ccccc2C(=O)OCCCC)C(=O)C1*,tg,181.0,174.47816467285156,159.4947295366426,167.5228091906767
*C1C(=O)N(c2ccccc2C)C(=O)C1*,tg,335.0,230.19119262695312,234.32304965998568,232.10921304116482
*C1C(=O)OC(=O)C1*,egb,6.0081,6.007579803466797,5.677968717082808,5.931119485949012
*C1C(=O)OC(=O)C1*,egc,6.3452,6.203643798828125,5.633101174169782,5.946171801158921
*C1C(=O)OC(=O)C1C1C2CC(C(=O)OC3CCCCC3)C(C2)C1*,egc,6.0803,6.115610599517822,5.80054652081755,5.97342985047152
*C1C(=O)OC(=O)C1C1C2CC(C(=O)OC3CCCCC3)C(C2)C1*,tg,195.0,292.4619140625,231.6801671196825,264.2468450231412
*C1C(=O)OC(=O)C1C1C2CC(COCCC)C(C2)C1*,tg,209.0,233.800048828125,214.4006150329482,224.7947735376611
*C1C2CC(=CC)C(C2)C1*,egc,5.1841,5.069633960723877,5.3412261315064224,5.192196895972707
*C1C2CC(C(=O)OCCc3ccc(N(c4ccccc4)c4cccc(C)c4)cc3)C(C2)C1*,tg,305.0,272.20220947265625,289.0952881397784,280.04402720337373
*C1C2CC(C(=O)OCCc3ccc(N(c4ccccc4)c4ccccc4)cc3)C(C2)C1*,tg,307.0,254.8341522216797,283.0371479817897,267.92606735266264
*C1C2CC(C)C(C2)C1*,egc,6.0638,6.385693073272705,6.206598630429844,6.304872110951411
*C1C2CC(C)C(C2)C1*,tg,350.0,252.85775756835935,199.01803433653924,227.86519673467825
*C1C2CC(C1*)C([Si](C)(C)C)C2,tg,298.0,275.0323486328125,251.3920981699515,264.0584735392771
*C1C2CC(CCCCc3ccccc3)C(C2)C1*,tg,148.0,201.0248260498047,163.81778200464856,183.75320472782823
*C1C2CCC(C2)C1*,egc,6.1739,6.2987895011901855,6.427779930274165,6.356999741794642
*C1C=C(C)C(*)S1,egc,5.0392,4.4767069816589355,4.347315425736584,4.418315722277037
*C1C=C(CCCCCC)C(*)S1,egc,4.7988,4.251158237457275,4.722042780152905,4.463656968734355
*C1C=C(CCCCCC)C(*)S1,tg,23.47,44.351219177246094,49.41674149021726,46.70264981176463
*C1C=CC(*)C1,egc,5.7164,5.633272171020508,5.553486430267217,5.597266808459615
*C1C=CC(*)CC1,egc,5.6051,5.679562568664551,5.84397163196846,5.753756376689199
*C1CC(*)(C#N)C1,tg,220.0,217.67300415039065,135.1576718175959,179.36913965689803
*C1CC(*)OC(O)O1,egc,6.5343,6.363246917724609,6.409984183750933,6.384338308147193
*C1CC(C)(C)OC1*,egc,5.8529,5.6396355628967285,5.670260531130075,5.653455865550395
*C1CC2C3CC4C(C3*)C24C1,egc,5.9559,6.956641674041748,6.081973079489128,6.5619250295617055
*C1CC2CC1C(*)C2CCCC,egc,6.1498,5.876236915588379,5.92027592739043,5.8961106495637186
*C1CC2CC1C(*)C2CCCCCC,tg,237.33,129.53402709960938,123.40580746111794,126.68928918263144
*C1CCC(*)C1,tg,65.1,140.1917266845703,67.23206765535446,106.32363436840066
*C1CCC(CC2CCC(N3C(=O)C4C5C=CC(C6C(=O)N(*)C(=O)C56)C4C3=O)CC2)CC1,tg,239.0,291.01153564453125,229.26115236723388,262.3468227165706
*C1CCC(CC2CCC(N3C(=O)c4ccc(-c5ccc6c(c5)C(=O)N(*)C6=O)cc4C3=O)C(C)C2)CC1C,tg,260.0,247.4212646484375,255.17312594142948,251.01970188603565
*C1CCC(CC2CCC(N3C(=O)c4ccc(-c5ccc6c(c5)C(=O)N(*)C6=O)cc4C3=O)CC2)CC1,tg,242.0,283.46759033203125,258.8562233930725,272.0429200607242
*C1CCC2C(*)CCC12,egc,6.7514,6.552962303161621,6.294461180197857,6.4363070391152775
*C1CCOC1*,tg,131.43,91.54278564453124,75.41644334835237,84.05688923442835
*C1Cc2ccccc2C1*,tg,200.0,251.28463745117188,176.7677382918655,216.69366960095908
*C1OC(C(F)(F)F)(C(F)(F)F)OC1(*)F,tg,256.0,315.6955871582031,138.0982580847418,233.25437490203623
*C1OCCCC1C1C(=O)OC(=O)C1*,tg,210.0,206.96083068847656,189.5139813622052,198.8619509586269
*C1OCOC(C(*)(F)F)C1(F)F,tg,125.0,134.64337158203125,105.9875839858626,121.34126912413797
*C1Oc2ccccc2C1*,tg,65.2,246.42236328125,154.15251132138906,203.5904215513071
*C1c2cccc3cccc(c23)C1*,tg,282.85,187.50424194335935,215.02907234925297,200.28135068506035
*C=C(*)C#N,egb,0.5068,2.204700469970703,5.405115931441546,2.9471050567139208
*C=C(*)C(C)(C)C,tg,200.0,207.3785400390625,63.37846062592181,140.53327173610802
*C=C(*)C(CCC)[Si](C)(C)c1ccccc1,tg,110.0,107.637939453125,79.46475410698427,94.55986240562174
*C=C(*)C(CCCCCCC)[Si](C)(C)C,tg,150.0,116.21385955810548,17.831339586461844,70.54439902289714
*C=C(*)CCCOC(=O)c1cc(-c2ccc(OC)cc2)ccc1-c1ccc(OC)cc1,tg,72.4,111.04903411865234,112.16364734008005,111.56644091553746
*C=C(*)CCCOc1ccc(OC(=O)c2ccc(OCCCC)cc2)cc1,tg,36.0,69.86673736572266,64.08683710768373,67.18369034875226
*C=C(*)CCCOc1ccc(OC(=O)c2ccc(OCCCCCCCC)cc2)cc1,tg,38.25,65.54347229003906,38.94671656191329,53.19717859436719
*C=C(*)CO,egc,4.3592,1.429802656173706,4.878563903372914,2.986144653114335
*C=C(*)c1c(C)cc(C(C)(C)C)cc1C,tg,200.0,136.0479278564453,205.15445207405645,168.12738344867114
*C=C(*)c1c(F)c(F)c(CCCC)c(F)c1F,tg,110.0,153.88075256347656,108.86197389550996,132.9829006248134
*C=C(*)c1cc(C(F)(F)F)oc1C(F)(F)F,egc,1.9958,2.1762888431549072,2.427359168217667,2.2895907689980035
*C=C(*)c1ccc(-n2c(=O)c3cc4c(=O)n(-c5ccc(C#C)cc5)c(=O)c4cc3c2=O)cc1,tg,420.0,332.7760925292969,351.73224414071353,341.5755949019393
*C=C(*)c1ccc(C(=O)Oc2c(F)c(F)c(F)c(F)c2F)cc1,egc,1.1102,2.6169185638427734,2.0903545659271376,2.3792930498415936
*C=C(*)c1ccc(NC=O)cc1,egc,0.2219,1.7778847217559814,1.645912458609,1.7183288520263065
*C=C(*)c1ccc([N+](=O)[O-])cc1,egc,0.7984,0.9170761108398438,0.5399133959143533,0.746871758945263
*C=C(*)c1cccc(Br)c1,egc,0.2843,1.9195103645324707,0.778197293822701,1.4044635589452694
*C=C(*)c1cccc(C#C)c1,egc,0.069,0.9429266452789308,0.926911522762888,0.9356994103469363
*C=C(*)c1cccc([Si](C)(C)C)c1,egc,0.7366,2.510186195373535,1.9584273367993523,2.2611908540809447
*C=C(*)c1cccc2ccccc12,egc,0.8664,1.0363214015960691,1.5253127235987505,1.2569912815972846
*C=C(*)c1cccc[c]1[Ge]([CH3])([CH3])[CH3],tg,180.0,212.60543823242188,159.80342255009958,188.09458435229857
*C=C(*)c1cccc[n+]1CC#C,egc,0.3201,0.5400865077972412,2.1514442469887425,1.2672530298740248
*C=C(*)c1ccccc1C(F)(F)F,egc,1.343,1.374772548675537,1.4324389545242515,1.4007959938496162
*C=C(*)c1ccccc1C(F)(F)F,tg,130.0,197.17758178710935,151.5625302592244,176.00293820037592
*C=C(*)c1ccccc1C[Si](C)(C)C,tg,170.0,161.3941192626953,140.49560010437276,151.69296405524182
*C=C(*)c1cccs1,egc,3.6662,0.9873442649841307,2.0051834975284315,1.446670333156867
*C=C(*)c1ccsc1,egc,2.2157,0.8111581802368164,2.926766597916263,1.7658807584348908
*C=C(C#N)C(=O)OCCCCCCCCCCOC(=O)C(C#N)=Cc1ccc2c(c1)c1cc(*)ccc1n2CCCCCCCCCCCCCC,tg,35.0,66.34336853027344,49.95125436376402,58.734100021682664
*C=C(C#N)C(=O)OCCCCCCOC(=O)C(C#N)=Cc1ccc2c(c1)c1cc(*)ccc1n2CCCCCCCCCCCCCC,tg,53.0,59.12139129638672,52.4539718845066,56.02635522910256
*C=C(C#N)C(=O)OCCCCCCOC(=O)C(C#N)=Cc1ccc2c(c1)c1cc(*)ccc1n2CCCCCCCCCCCOc1ccc(C=Cc2ccc([N+](=O)[O-])cc2)cc1,tg,87.0,59.82128143310547,72.07713886494913,65.51048717280443
*C=C(F)C(F)(F)C*,egc,5.7867,5.008921146392822,5.4489987550410515,5.207517458273985
*C=C(F)C(F)(F)C*,tg,-35.0,-18.788009643554688,1.391226652898934,-9.42074769562782
*C=C*,tg,-25.5,38.542877197265625,3.709261616520157,22.373008479509746
*C=C1CCC(=Cc2ccc(*)cc2)C1=O,egc,2.5147,2.727186679840088,2.308109481280478,2.5380673418145197
*C=C1CCC(=Cc2ccc(Sc3ccc(*)o3)o2)C1=O,egc,2.4731,2.278752326965332,2.4363063047036553,2.3498526017490207
*C=C1CCCC(=Cc2ccc(-c3cc(OCCCCCC)c(-c4ccc(*)cc4)cc3OCCCCCC)cc2)C1=O,tg,85.0,108.7684555053711,94.43445452864012,102.11456930579892
*C=CC(=C(C)C)C(*)=C(C)C,egc,3.4443,2.232635974884033,3.484827545638238,2.797719548402642
*C=CC(=O)C(C)=Cc1ccc(Sc2ccc(*)o2)o1,egc,2.9229,2.309762477874756,2.30109803510263,2.305852425772048
*C=CC(C(=O)OC(C)C)C(*)C(=O)OC(C)C,egc,5.3094,5.3249921798706055,5.347009702116655,5.334928151683073
*C=CC(C(=O)OC)C(*)c1ccccc1,egc,4.9911,4.495522975921631,4.5330141376223265,4.51244182454192
*C=CC(C(=O)OCC)C(*)C(=O)OCC,tg,6.0,-24.955841064453125,15.6554240172249,-6.103970137919127
*C=CC(C(=O)OCc1ccccc1)C(*)C(=O)OCc1ccccc1,tg,21.0,26.256248474121097,58.49172100259593,41.22005140270326
*C=CC(C)(C)C(*)(C)C,egc,5.1816,4.497920513153076,5.348536419844929,4.881782765121194
*C=CC(C)(C)CC(C#N)C*,egb,5.2738,5.705453872680664,5.695014656864181,5.703032274048405
*C=CC(C)(C)CC(C#N)C*,egc,5.6628,5.767441749572754,5.683966763962224,5.729771520615852
*C=CC(C)=C(C)C=Cc1ccc(-c2ccc(*)s2)s1,egc,1.5733,1.9215669631958008,1.9479918591449583,1.9334918754708559
*C=CC(C)C(*)C(=O)OC,tg,53.0,17.581329345703125,28.58437339047249,22.68897535756161
*C=CC(C)C(*)C(=O)OCC(C)C,egc,5.4659,5.582850456237793,5.240314182787514,5.4282721744622275
*C=CC(C)C(*)C(=O)OCCCC,egb,5.4974,5.393110275268555,5.411684689826587,5.3974190066598275
*C=CC(C)C(*)C(=O)OCCCC,egc,5.2364,5.549874782562256,5.656829413836925,5.59814080403743
*C=CC(C)C(*)C(=O)OCCCN(C)c1ccc(N(C)C)cc1,tg,16.0,20.469398498535156,51.32901787251369,34.79452627059946
*C=CC(C)C*,egc,5.7207,5.507752895355225,5.515931964998356,5.511443910380358
*C=CC(C)CCCCCCCCC*,egc,5.8829,5.871382713317871,5.988455881032508,5.924214983970742
*C=CC(C*)COCC(=O)OCCCCCCCCOc1ccc(C=Cc2ccc([N+](=O)[O-])cc2)cc1,tg,19.6,21.136680603027344,19.558813849897025,20.404230128769598
*C=CC(C*)OC,egc,5.0501,5.457852363586426,5.5083592478702315,5.480644890964001
*C=CC(C*)OC,tg,-10.5,-40.7991943359375,-26.786287368501807,-34.2943609375116
*C=CC(COCc1ccccc1)C(*)COCc1ccccc1,tg,-4.0,11.546157836914062,21.4068657842391,16.123528009779868
*C=CC1=C(*)CC(C(=O)OCC)(C(=O)OCC)C1,tg,27.65,92.7686004638672,79.08348765623731,86.41593009652891
*C=CC1=C(O)C(O)=C(*)C1,egc,1.3796,1.7565178871154783,3.0242555274832106,2.3286170234094294
*C=CC1CC(*)C(C#N)(CC)C1,egc,6.1381,5.55859899520874,5.692267737336662,5.618920444604768
*C=CC1CC(*)C(C#N)(CCC)C1,egb,5.8705,5.9597954750061035,5.604305831653665,5.8773320745689395
*C=CC1CC(*)C(C#N)(CCC)C1,tg,108.0,101.93637084960938,116.71253661933297,108.79551127086091
*C=CC1CC(*)C(C#N)(CCCC)C1,tg,87.0,89.75193786621094,98.4881984291176,93.80733619426718
*C=CC1CC(*)C(C#N)(C[Si](C)(C)C)C1,egc,5.6706,4.680636405944824,5.221457128793556,4.924695632853856
*C=CC1CC(*)C(C#N)(C[Si](C)(C)C)C1,tg,128.0,127.7261734008789,148.13419824889914,137.19963967991754
*C=CC1CC(*)C(C#N)([Si](C)(C)C)C1,tg,211.0,147.12521362304688,142.9592269219836,145.19135011467924
*C=CC1CC(*)C(C#N)([Si](C)(C)O[Si](C)(C)C)C1,tg,88.0,87.95987701416016,71.94217529745649,80.52441188654825
*C=CC1CC(*)C(C#N)([Si](C)(C)O[Si](C)(C)O[Si](C)(C)C)C1,tg,47.0,41.030296325683594,65.78206218983395,52.520140198714515
*C=CC1CC(*)C(C(=O)OC(C)(C)C)C1C(=O)OC(C)(C)C,tg,83.4,104.2602767944336,111.72494843907268,107.72539973681596
*C=CC1CC(*)C(C(=O)OC)C1C(=O)OC,egc,5.0643,5.305048942565918,5.193860452612551,5.254872283734759
*C=CC1CC(*)C(C(=O)OC)C1C(=O)OC,tg,77.3,90.16136169433594,118.66410841912568,103.3924221212086
*C=CC1CC(*)C(C(=O)OCCCCCCCCCCCOc2ccc(-c3ccc(C#N)cc3)cc2)C1C(=O)OCCCCCCCCCCCOc1ccc(-c2ccc(C#N)cc2)cc1,tg,23.82,25.46350860595703,38.14678234026691,31.351122273844993
*C=CC1CC(*)C(C(=O)OCCCCCCCCOc2ccc(C=Cc3ccc([N+](=O)[O-])cc3)cc2)C1,tg,49.6,46.76696014404297,38.33045749155882,42.85071033611108
*C=CC1CC(*)C(C(=O)OCCCCCCOc2ccc(-c3ccc(C#N)cc3)cc2)C1C(=O)OCCCCCCOc1ccc(-c2ccc(C#N)cc2)cc1,tg,41.93,23.748779296875,73.12533246005917,46.669523212568606
*C=CC1CC(*)C(C(=O)OCCN(C)C)C1,tg,12.5,15.86883544921875,27.048193151756017,21.058326789267348
*C=CC1CC(*)C(C(=O)OCCNC(C)(C)C)C1,egb,4.7904,5.116153240203857,5.27803858463034,5.153705996611769
*C=CC1CC(*)C(C(=O)OCCNC(C)(C)C)C1,egc,5.2249,4.965421676635742,5.490759865274371,5.202494012750342
*C=CC1CC(*)C(C(=O)OCCNC(C)(C)C)C1,tg,29.0,47.88562774658203,37.088097848459014,42.87338201733877
*C=CC1CC(*)C(C(=O)Oc2ccccc2)C1C(=O)Oc1ccccc1,tg,96.5,103.10537719726562,133.8172996741294,117.36194362717383
*C=CC1CC(*)C(C(F)(F)F)(C(F)(F)F)C1(F)F,egc,5.3867,5.700263977050781,6.627071073618653,6.118509458271786
*C=CC1CC(*)C(C2CC=CCC2)C1,tg,105.0,78.614501953125,140.02093754314078,107.11955333414613
*C=CC1CC(*)C(F)(F)C1(F)OC(F)(F)C(F)(F)C(F)(F)F,egc,3.4449,6.023528099060059,6.860910894158401,6.401418569902444
*C=CC1CC(*)C(F)(F)C1(F)OC(F)(F)C(F)(F)C(F)(F)F,tg,77.0,27.871673583984375,68.82380059473385,46.88177363925151
*C=CC1CC(*)C([Si](C)(C)C)C1,tg,109.0,161.1393280029297,120.42054718018558,142.23754794726435
*C=CC1CC(*)C2(Cl)OC(=O)OC12Cl,egc,5.2615,5.4872307777404785,5.305972434408143,5.405433299804569
*C=CC1CC(*)C2C(=O)N(CCC)C(=O)C12,egc,5.2391,5.219071388244629,5.335920516983396,5.271802555561519
*C=CC1CC(*)C2C(=O)N(CCC)C(=O)C12,tg,139.0,132.7482147216797,102.44850612764384,118.68299921121633
*C=CC1CC(*)C2C(=O)N(CCCCCCC)C(=O)C12,tg,59.0,67.04646301269531,75.04306884188814,70.75851139727826
*C=CC1CC(*)C2C(=O)N(CCCCCCCC)C(=O)C12,tg,56.5,63.13323974609375,56.07994896656312,59.85908103383505
*C=CC1CC(*)C2C(=O)N(CCCCCCCCC)C(=O)C12,egb,5.104,5.524446487426758,4.89498380791188,5.378429201208314
*C=CC1CC(*)C2C(=O)N(CCCCCCCCC)C(=O)C12,egc,5.4434,5.407453536987305,5.251416770955082,5.337037942912775
*C=CC1CC(*)C2C(=O)N(CCCCCCCCC)C(=O)C12,tg,52.0,55.61553955078125,53.67872178097204,54.71646293912619
*C=CC1CC(*)C2C(=O)N(CCCCCCCCCC)C(=O)C12,tg,46.0,60.895790100097656,52.968182945677064,57.21577110707127
*C=CC1CC(*)C2C(=O)N(CCCCCCCCCCCC)C(=O)C12,tg,50.0,53.01799774169922,47.53668815760929,50.47355741018499
*C=CC1CC(*)C2C(=O)N(c3cc(C(F)(F)F)cc(C(F)(F)F)c3)C(=O)C12,egc,5.0009,4.7203755378723145,4.960748540147578,4.8288500223485915
*C=CC1CC(*)C2C(=O)N(c3ccc(Br)cc3)C(=O)C12,tg,227.8,231.6485595703125,213.161739476578,223.0669222943447
*C=CC1CC(*)C2C(=O)N(c3ccc(C)cc3)C(=O)C12,egc,5.2272,4.960081100463867,4.507845764159655,4.755998302049681
*C=CC1CC(*)C2C(=O)N(c3cccc(C)c3)C(=O)C12,egc,4.9512,4.958759307861328,5.118826786534794,5.030993864430365
*C=CC1CC(*)C2C(=O)N(c3cccc(Cl)c3)C(=O)C12,tg,204.8,231.5718688964844,226.24829364100248,229.10064931289864
*C=CC1CC(*)C2C(=O)N(c3cccc(F)c3)C(=O)C12,tg,207.8,222.21170043945312,219.05260058764225,220.7452368232473
*C=CC1CC(*)C2C(=O)N(c3ccccc3C)C(=O)C12,tg,248.0,247.54135131835935,255.4093235717756,251.1936876116671
*C=CC1CC(*)C2C(=O)N(c3ccccc3Cl)C(=O)C12,tg,255.6,247.60073852539065,216.71850232858827,233.26511195640916
*C=CC1CC(*)C2C3CCC(C3)C12,egc,5.1047,5.644615173339844,5.546421322323307,5.600302678729648
*C=CC1CC(*)C2CC=CC12,egb,5.6741,4.872883319854736,5.3090453380721465,4.974060397264233
*C=CC1CC(*)C2CC=CC12,egc,5.3836,4.718461513519287,4.10635796095987,4.442234080814737
*C=CC1CC(*)C2CCCC12,egc,5.6651,5.492554664611816,5.342255491957863,5.424728306757458
*C=CC1CC(=CC)C(*)C1,tg,118.43,49.09837341308594,105.6117445144354,75.3320495983326
*C=CC1CCC(*)C1,egc,5.4117,5.723941802978516,5.655024367006188,5.692841041795843
*C=CC1CCC(*)C1,tg,39.97,55.37370300292969,67.81931638650083,61.15099402394934
*C=CC=CC=CC=C(*)CCS(=O)(=O)O,egc,0.8077,2.270340919494629,4.345335639627687,3.206735524657799
*C=CC=CCC*,egc,4.3008,3.3319497108459473,4.197037915793718,3.7223429587147603
*C=CCC(C*)(C(=O)OC12CC3CC(CC(C3)C1)C2)C(=O)OC12CC3CC(CC(C3)C1)C2,tg,34.0,193.51614379882812,215.520022032044,203.7304100006191
*C=CCC*,egc,5.2133,5.1813883781433105,4.864918382320662,5.038573172924217
*C=CCC*,tg,-89.57,-15.540802001953123,-72.6918916379768,-42.07050904166733
*C=CCCC*,egc,4.6373,5.563433647155762,5.426443736574344,5.501613435284572
*C=CCCCC(Cl)CCC*,egc,5.737,5.72249698638916,5.70309565505198,5.71374163784738
*C=CCCCC(Cl)CCC*,tg,-63.0,-51.661285400390625,-42.4612180426129,-47.39058656854133
*C=CCCCC*,egb,5.7962,5.206190586090088,5.401706050935256,5.251544565792953
*C=CCCCC*,egc,5.7726,5.41033411026001,5.057181840123969,5.2509650876076
*C=CCCCCC*,egc,5.8026,5.374033451080322,5.100165284586769,5.250443414372158
*C=CCCCCCCC(Cl)CCCCCC*,tg,-57.0,-43.7576904296875,-36.92584710080965,-40.58632828750166
*C=CCCCCCCCCCC(CCCCCCCCC*)COCCOCCOCCOCCOCc1ccc2ccc3cccc4ccc1c2c34,tg,-36.0,-9.975143432617188,-2.613911038940122,-6.558037300446262
*C=CCCCCCCCCCC(Cl)CCCCCCCCC*,egc,5.874,5.982491970062256,5.964221717320356,5.974247049756442
*C=CCCCCCCCCCC(Cl)CCCCCCCCC*,tg,-37.0,-48.20835876464844,-56.87587176292378,-52.231844267227885
*C=CCCCCCCCCCC*,egc,5.8787,5.701891899108887,5.714375369270712,5.707525385305179
*C=CCCCCCCCCCC*,tg,-53.0,-53.8563232421875,-69.1581666280128,-60.959484787818845
*C=Cc1c(OC(=O)c2ccc(C(=O)Oc3ccc4ccccc4c3C=Cc3cccc(*)n3)cc2)ccc2ccccc12,tg,145.0,192.10940551757812,211.2506800223303,200.99484249195456
*C=Cc1cc(CCCCCC)c(-c2sc(*)cc2CCCCCC)s1,egc,1.7165,2.053962469100952,1.797669934770823,1.9383038873408305
*C=Cc1cc(CCCCCCCCCCCCCCCC)c(C=Cc2nc(*)c(C#N)c(C=Cc3ccc(N(c4ccccc4)c4ccccc4)cc3)c2C#N)cc1CCCCCCCCCCCCCCCC,tg,165.0,131.08714294433594,100.51665724127832,116.896231888588
*C=Cc1cc(Cl)c(*)cc1Cl,egc,3.2579,2.271461248397827,2.197322338164927,2.238004162988804
*C=Cc1cc(OC)c(*)cc1Br,egc,1.9302,2.980710029602051,2.431435354579414,2.7328357398732708
*C=Cc1cc(OC)c(C=Cc2ccc(*)s2)cc1OC,egc,1.7107,2.833617925643921,2.6970564096743574,2.7719910378325614
*C=Cc1cc(OC)c(C=Cc2ccc(C=C(Oc3ccccc3)c3ccc(C(=Cc4ccc(*)cc4)c4ccc(Oc5ccccc5)cc4)cc3)cc2)cc1OC,tg,175.0,172.02879333496094,173.91274981716063,172.90333157852967
*C=Cc1cc(OCC(CC)CCCC)c(*)cc1-c1ccc(N(c2ccc(OC)cc2)c2ccc(OC)cc2)cc1,tg,163.0,140.4998779296875,125.77701072055105,133.66547885994862
*C=Cc1cc(OCC(CC)CCCC)c(*)cc1OC,tg,70.67,67.8265380859375,62.942137978766254,65.55918492201246
*C=Cc1cc(OCC)c(*)cc1OCC,egc,4.2145,2.3742687702178955,2.773044270748578,2.554226446131514
*C=Cc1cc(OCC2CC3CC2C2CCCC32)c(*)cc1OC,tg,174.0,108.20288848876952,195.4876914999655,148.7207555610115
*C=Cc1cc(OCCCCCC)c(*)cc1OC,egc,2.3505,3.241128921508789,3.1662578387305884,3.2073414244535017
*C=Cc1cc(OCCCCCC)c(*)cc1OC,tg,60.0,78.03482055664062,72.68921697080884,75.55337535610727
*C=Cc1cc(OCCCCCCCC)c(*)cc1OC,tg,58.0,73.36620330810547,55.75597545162513,65.19148277503353
*C=Cc1cc(OCCCCCCCCCCCC)c(*)cc1OC,tg,36.0,64.83379364013672,38.04996374473789,52.40065955552282
*C=Cc1ccc(*)c(-c2cc(OCCC(C)C)c(OCCC(C)C)cc2-c2ccccc2)c1,tg,164.0,122.1384735107422,125.92097750716648,123.89432319866192
*C=Cc1ccc(*)c(C(=O)OC)c1C(=O)OC,egc,4.11,2.329878568649292,3.1386642674207517,2.6948638660644852
*C=Cc1ccc(*)c(F)c1,egc,2.259,2.327550888061523,2.579231914815565,2.4411284087114553
*C=Cc1ccc(*)c(OCc2cc(OCCC(C)CCCC(C)C)cc(OCC(CC)CCCC)c2)c1,tg,227.0,36.76038360595703,53.48021747983437,44.521780584590694
*C=Cc1ccc(*)c2ccc(CCCCCC)cc12,egc,2.3017,2.530647993087769,2.590804532244316,2.5577951748058343
*C=Cc1ccc(*)c2ccc(CCCCCCCCCCC)cc12,egc,2.3432,2.5803661346435547,2.3712035320283724,2.485976143772549
*C=Cc1ccc(*)c2occc12,egc,1.6799,2.1707069873809814,2.6586919479254076,2.390922720954155
*C=Cc1ccc(*)c2sccc12,egc,2.1967,2.189138174057007,2.06774959311518,2.134358462465716
*C=Cc1ccc(*)cc1,tg,230.0,123.7933578491211,144.16314933059664,133.2490760848585
*C=Cc1ccc(*)n1CCCCCC,egb,1.3683,2.567002773284912,4.4502050434951395,3.003851682434594
*C=Cc1ccc(*)n1CCCCCC,egc,1.5103,1.783334732055664,1.8644210994527115,1.8199270357594561
*C=Cc1ccc(*)n1CCCCCCCCCCCC,egc,1.2671,2.0427610874176025,2.127690011849818,2.081087443571192
*C=Cc1ccc(*)nc1,egc,1.9268,2.9025893211364746,2.972218126483055,2.9340111060007334
*C=Cc1ccc(*)s1,egc,2.7814,1.7830445766448977,2.370304230845767,2.048060562800477
*C=Cc1ccc(-c2ccc(*)s2)s1,egc,1.9942,1.731386423110962,2.015750838389899,1.8597131613835782
*C=Cc1ccc(-c2ccc(C(C#N)=Cc3ccc4c(c3)C(CC)(CC)c3cc(C=C(C#N)c5ccc(-c6ccc(C=CC7=CC(=C(C#N)C#N)C=C(*)O7)s6)cc5)ccc3-4)cc2)s1,tg,144.0,175.20774841308594,235.51134445358363,203.20085837099754
*C=Cc1ccc(-c2ccc(C=Cc3cc(*)ncn3)cc2)cc1,egc,2.7379,2.562626838684082,2.8363804286177943,2.686165169779952
*C=Cc1ccc(-c2nnc(-c3ccc(C=Cc4ccc5c(c4)c4cc(*)ccc4n5CCCCCCCC)cc3)n2-c2ccccc2)cc1,tg,147.0,167.5489959716797,146.8590238766192,157.94464893582136
*C=Cc1ccc(-c2nnc(-c3ccc(C=Cc4ccc5c(c4)c4cc(-c6ccc7c(c6)c6cc(*)ccc6n7CCCCCCCC)ccc4n5CCCCCCCC)cc3)n2-c2ccccc2)cc1,tg,157.0,167.83226013183594,167.5726102022758,167.71172985659564
*C=Cc1ccc(C=Cc2cc(*)ncn2)cc1,egc,2.9779,2.8913803100585938,3.127846478402878,2.9980917354867005
*C=Cc1ccc(C=Cc2ccc3c(c2)C(CCCCCCOc2ccc4ccc(=O)oc4c2)(CCCCCCOc2ccc4ccc(=O)oc4c2)c2cc(*)ccc2-3)cc1,tg,104.0,83.99613952636719,130.49246216318986,105.57987180225038
*C=Cc1ccc(N(C)CCOC(=O)Nc2ccc(C)c(NC(=O)OCCN(C)c3ccc(C=CC4=CC(=C(C#N)C#N)C=C(*)O4)s3)c2)s1,tg,183.0,164.460205078125,153.33036419462516,159.29369959383118
*C=Cc1ccc(N=Nc2ccc(N(C)CCOC(=O)Nc3ccc(C)c(NC(=O)OCCN(C)c4ccc(N=Nc5ccc(C=CC6=CC(=C(C#N)C#N)C=C(*)O6)cc5)cc4)c3)cc2)cc1,tg,196.0,186.70428466796875,170.45074420987964,179.15934249000807
*C=Cc1ccc(OC(=O)CCCCCCCCC(=O)Oc2cccc(-c3nnc(*)s3)c2)cc1,tg,37.0,81.41061401367188,62.73386284867354,72.74081016536994
*C=Cc1ccc2c(c1)C(CC(CC)CCCC)(CC(CC)CCCC)c1cc(*)ccc1-2,egc,2.8561,2.5568346977233887,2.8923945084620266,2.708264671706689
*C=Cc1ccc2c(c1)C(CCCCCC)(CCCCCC)c1cc(C=Cc3nc(*)c(C#N)c(C=Cc4ccc(N(c5ccccc5)c5ccccc5)cc4)c3C#N)ccc1-2,tg,178.0,161.4301300048828,155.41307831054468,158.6369965806517
*C=Cc1ccc2c(c1)C(CCCCCCOc1ccc3ccc(=O)oc3c1)(CCCCCCOc1ccc3ccc(=O)oc3c1)c1cc(C=Cc3ccc4c(c3)C(CCCCCC)(CCCCCC)c3cc(*)ccc3-4)ccc1-2,tg,115.0,79.15731811523438,91.81233938427302,85.03181690409608
*C=Cc1ccc2c(c1)Sc1cc(*)ccc1N2c1ccc(OCCCCCCCCCCCC)cc1,tg,129.0,132.0206298828125,109.24254813666651,121.44697609072429
*C=Cc1ccc2c(c1)Sc1cc(-c3ccc(-c4ccc(-c5ccc6c(c5)Sc5cc(*)ccc5N6c5ccc(OCCCCCCCCCCCC)cc5)s4)s3)ccc1N2c1ccc(OCCCCCCCCCCCC)cc1,tg,115.8,126.24478912353516,120.69999472997092,123.6708789532558
*C=Cc1ccc2c(c1)Sc1cc(-c3ccc4c(c3)Sc3cc(*)ccc3N4c3ccc(OCCCCCCCCCCCC)cc3)ccc1N2c1ccc(OCCCCCCCCCCCC)cc1,tg,118.6,144.4068145751953,115.75874613989126,131.10829537490278
*C=Cc1cccc(C=Cc2cc(*)nc(-c3ccccc3)n2)c1,egc,3.248,3.0233821868896484,2.9225115811848728,2.9778617380494525
*C=Cc1cccc(C=Cc2cc(*)ncn2)c1,egc,3.4013,2.8563239574432373,3.067711512965882,2.9517180153988845
*C=Cc1cccc(OC(=O)CCCCCCCCC(=O)Oc2ccc(-c3nnc(*)s3)cc2)c1,tg,55.0,79.729248046875,63.930161161051544,72.39526457875071
*C=Cc1csc(C=Cc2cccc(*)n2)c1CCCCCC,egc,3.4055,2.4368972778320312,2.09367338587653,2.2820086905639014
*C=Cc1nc(C=Cc2ccc3c(c2)c2cc(*)ccc2n3CCCCCC)c(C#N)c(C=Cc2ccc(N(c3ccccc3)c3ccccc3)cc2)c1C#N,tg,134.0,193.88052368164065,203.87512059715309,198.52004551468445
*C=Cc1sc(*)c2c1OC(CCCCCC)CO2,egc,1.0146,2.388131618499756,2.372373803539795,2.381020500204129
*C=Cc1sc(-c2ccc(-c3sc(C=CC4=CC(=C(C#N)C#N)C=C(*)O4)c(CCCCCC)c3CCCCCC)s2)c(CCCCCC)c1CCCCCC,tg,114.0,139.56817626953125,68.64878065592579,106.6471803437316
*C=Cc1sc(-c2ccc3c(c2)C(CCCCCC)(CCCCCC)c2cc(-c4sc(C=CC5=CC(=C(C#N)C#N)C=C(*)O5)c(CCCCCC)c4CCCCCC)ccc2-3)c(CCCCCC)c1CCCCCC,tg,115.0,86.87651824951172,99.1057588432357,92.5533683732087
*C=NCCCCCCN=Cc1ccc(Sc2ccc(*)o2)o1,egc,3.6661,3.464622974395752,3.591637327256607,3.5219414599047507
*C=NCCN=Cc1ccc(Sc2ccc(*)o2)o1,egc,3.3427,3.883908271789551,3.31516777030128,3.6272495284375377
*C=NN=Cc1cc(CCCCCCCCCCCC)c(*)s1,egc,1.846,2.11240553855896,2.403116597198562,2.2435963624825703
*C=Nc1ccc(C(=O)OCCCCOCCCCOCCCCOC(=O)c2ccc(N=Cc3ccc(*)s3)cc2)cc1,tg,25.0,4.1938629150390625,19.907085971530226,11.487988136330241
*C=Nc1ccc(N=Cc2ccc(Sc3ccc(*)o3)o2)cc1,egc,2.5795,2.654660701751709,2.91095774681995,2.7703213190981346
*C=Nc1ccc(S(=O)(=O)c2ccc(N=Cc3ccc(Sc4ccc(*)o4)o3)cc2)cc1,egc,3.0975,3.4257984161376953,2.9489728367686765,3.2106186396338203
*C=Nc1cccc(N=Cc2cccc(*)n2)c1,egc,3.1599,2.6837573051452637,2.8813382426666614,2.772920772494354
*C=[CH][Ge]([CH]=C[Si](*)(c1ccccc1)c1ccccc1)([c]1ccccc1)[c]1ccccc1,tg,28.0,91.15753173828124,136.56922309370697,112.23777492367063
*C=c1ccc(=c2ccc(=Cc3ccc(*)s3)s2)s1,egb,1.224,1.643249750137329,2.1726220073662312,1.7660489293666186
*C=c1ccc(=c2ccc(=Cc3ccc(-c4ccc(*)s4)s3)s2)s1,egc,0.8337,1.8515374660491943,1.4432153174843176,1.6672716202738052
*CC#CC#CCOC(=O)CCC(=O)O*,egc,4.9872,5.325711727142334,5.526499840726114,5.416322514975416
*CC#CC#CCOC(=O)NCCCCCCNC(=O)O*,egc,4.9601,5.415438652038574,5.596397187528766,5.49710083399361
*CC#CC#CCOC(=O)Nc1ccc(Cc2ccc(NC(=O)O*)cc2)cc1,egc,4.0768,4.371401786804199,4.476900918949596,4.419010976953855
*CC#CC#CCOc1ccc(-c2ccc(O*)cc2)cc1,egc,4.0246,4.005955696105957,3.826324722126984,3.924892610343826
*CC#CC#CCOc1ccc(C(=O)OCCN(CCOC(=O)c2ccc(O*)cc2)c2ccc(N=Nc3ccc(C#N)cc3)cc2)cc1,tg,121.0,93.33355712890624,101.80628319933108,97.26662195597537
*CC#CC#CCOc1ccc(C(=O)OCCN(CCOC(=O)c2ccc(O*)cc2)c2ccc(N=Nc3ccc([N+](=O)[O-])cc3)cc2)cc1,tg,100.0,96.26199340820312,103.94447151183364,99.82822276142036
*CC#CC#CCOc1ccc(C(=O)OCCN(CCOC(=O)c2ccc(O*)cc2)c2ccc([N+](=O)[O-])cc2)cc1,tg,100.0,62.390777587890625,79.32986378150137,70.25395215024753
*CC#CC#CCOc1ccc(C(C)(C)c2ccc(O*)cc2)cc1,egc,4.3962,4.379617214202881,4.44429977983139,4.408806881489728
*CC#CC(C#CCOC(=O)CCCCCCCCC(=O)O*)=Cc1ccc(C#Cc2ccc(C=C(C#Cc3ccccc3)C#Cc3ccccc3)cc2)cc1,tg,60.0,105.42604064941406,89.5737622930953,98.06736554131862
*CC#CC(C#CCOC(=O)CCCCCCCCC(=O)O*)=Cc1ccc(C#Cc2ccc([N+](=O)[O-])cc2)cc1,tg,60.0,32.38318634033203,43.2261171234598,37.41650729642033
*CC#CCOC(=O)CCC(=O)O*,egc,5.9483,6.213725566864014,5.7790772054643025,6.0175793421008
*CC#CCOC(=O)CCCCCCC(=O)O*,egc,6.2765,6.28204870223999,6.080842882595001,6.191249413829791
*CC#CCOC(=O)CCCCCCC(=O)O*,tg,-38.0,-13.016342163085938,-39.07492868309119,-25.112816099936747
*CC#CCOC(=O)CCCCCCCCC(=O)O*,egc,6.1042,6.337947368621826,6.431150681021517,6.380007754639971
*CC#CCOC(=O)CCCCCCCCC(=O)O*,tg,-30.88,-10.7945556640625,-36.76813208135819,-22.851567656536332
*CC#CCOC(=O)CCCCCCCCCCC(=O)O*,egc,6.5433,6.144481658935547,6.188767166450069,6.164466630425427
*CC#CCOC(=O)CCCCCCCCCCC(=O)O*,tg,-27.0,-27.565689086914062,-30.381596190122064,-28.872841600976894
*CC(*)(Br)Br,egc,5.2567,5.876916408538818,6.364922598136913,6.097141722267129
*CC(*)(C#N)C#N,egb,6.9314,7.178206443786621,5.90313295800863,6.882425969134997
*CC(*)(C#N)C(=O)OC,tg,130.0,116.62863159179688,103.33150899997392,110.45606744509564
*CC(*)(C#N)C(=O)OC(C)C,tg,66.0,102.22282409667967,119.30592249840106,110.15284955751724
*CC(*)(C#N)C(=O)OCC,egc,6.5171,6.696461200714111,6.1593274434627014,6.454065811626571
*CC(*)(C#N)C(=O)OCC(C)C,tg,51.0,104.01962280273438,75.82323795082714,90.93077647514613
*CC(*)(C#N)C(=O)OCCCCCCC,egc,6.3455,6.371230125427246,6.481161027428188,6.420839265429203
*CC(*)(C#N)C(=O)OCCCCCCC,tg,102.0,20.929603576660156,11.824898655022292,16.70317227338287
*CC(*)(C(=O)OC)c1ccccc1,tg,121.0,125.99405670166016,101.5929973966567,114.66701186413894
*CC(*)(C)C,tg,-65.41,60.44501495361328,49.67504869646007,55.445564349091754
*CC(*)(C)C#N,egb,7.1863,6.887513160705566,7.330645850713514,6.990307234024587
*CC(*)(C)C#N,egc,7.6319,7.177729606628418,6.141153965387718,6.709948253315334
*CC(*)(C)C(=O)NC(=O)OC(C)COc1ccc(S(=O)(=O)c2ccc(OCC(C)O)cc2)cc1,tg,73.0,125.3849639892578,135.60274901358326,130.12809041110768
*CC(*)(C)C(=O)NC(=O)OCCOc1ccc(S(=O)(=O)c2ccc(OCCO)cc2)cc1,tg,131.0,95.46763610839844,89.42216285606429,92.6613093117916
*CC(*)(C)C(=O)NC(=O)Oc1ccc(S(=O)(=O)c2ccc(O)cc2)cc1,tg,182.0,111.39909362792967,131.84387783563653,120.88962371186975
*CC(*)(C)C(=O)NC(C)c1ccccc1,tg,156.5,153.03561401367188,131.3895606564109,142.98745119138013
*CC(*)(C)C(=O)NC1C(O)OC(CO)C(O)C1O,tg,100.0,136.1014862060547,180.01025274997394,156.48406719102206
*CC(*)(C)C(=O)Nc1cccc(-c2nnc(-c3ccccc3)o2)c1,egc,3.5944,3.893749713897705,4.059328655687852,3.9684714596045945
*CC(*)(C)C(=O)Nc1cccc(-c2nnc(-c3ccccc3)o2)c1,tg,65.0,213.5596923828125,167.9404714590495,192.38311335002055
*CC(*)(C)C(=O)O,tg,182.64,140.70457458496094,129.60745707795223,135.55325939007696
*CC(*)(C)C(=O)OC,egc,6.5972,6.461223125457764,6.627817176724772,6.536402965360537
*CC(*)(C)C(=O)OC,tg,103.23,96.10552978515624,-1.4064900850007098,50.84015800516783
*CC(*)(C)C(=O)OC(C(F)(F)F)C(F)(F)F,egb,5.3218,6.4120025634765625,6.1189907492956666,6.344032227300936
*CC(*)(C)C(=O)OC(C(F)(F)F)C(F)(F)F,tg,73.0,121.0822525024414,89.92952385279685,106.62106252642673
*CC(*)(C)C(=O)OC(C)C,tg,72.71,91.27334594726562,59.46586016633897,76.50821574918861
*CC(*)(C)C(=O)OC(C)C(C)(C)C,tg,108.0,60.98662567138672,58.54432877563642,59.85290413500121
*CC(*)(C)C(=O)OC(CC)OCC,egc,6.3891,6.231100082397461,6.3226957982693115,6.272434999236651
*CC(*)(C)C(=O)OC(COc1cc2ccccc2c2ccccc12)COc1cc2ccccc2c2ccccc12,tg,112.0,132.48257446289062,141.30598259600285,136.57842695413956
*CC(*)(C)C(=O)OC(COc1ccc(-c2ccccc2)cc1)COc1ccc(-c2ccccc2)cc1,tg,85.0,79.91557312011719,94.65869872117214,86.75937619608092
*CC(*)(C)C(=O)OC(COc1cccc2ccccc12)COc1cccc2ccccc12,tg,80.0,79.42683410644531,98.96031590027827,88.4943348795073
*CC(*)(C)C(=O)OC(F)(C(F)(F)F)C(F)(F)F,egb,6.1125,5.290513038635254,5.898017764667487,5.431436709484924
*CC(*)(C)C(=O)OC(F)(C(F)(F)F)C(F)(F)F,egc,6.1534,6.210779190063477,6.567914390311074,6.371945612117926
*CC(*)(C)C(=O)OC(F)(F)C(F)(F)C(F)(F)C(F)(F)C(F)(F)C(F)(F)C(F)(F)C(F)(F)F,tg,49.0,40.93614959716797,31.11495039599228,36.37711950263705
*CC(*)(C)C(=O)OC1(C)C2CC3CC(C2)CC1C3,tg,165.0,197.17478942871097,175.20006603168545,186.97405698923052
*CC(*)(C)C(=O)OC1(C)CCOC(=O)C1,tg,110.0,93.22030639648438,139.25614141853856,114.59027894192272
*CC(*)(C)C(=O)OC12CC3CC(C)(CC(C)(C3)C1)C2,tg,193.0,133.88577270507812,126.01064248652966,130.23011366291001
*CC(*)(C)C(=O)OC12CC3CC(CC(C3)C1)C2,tg,183.0,198.9924468994141,195.3631864528651,197.30773332648027
*CC(*)(C)C(=O)OC1CC(C)CC(C)(C)C1,tg,125.0,137.6942596435547,108.74300180060936,124.25499901184776
*CC(*)(C)C(=O)OC1CC(C)CCC1C(C)C,tg,147.0,121.28330993652344,119.9005742127578,120.64143987072985
*CC(*)(C)C(=O)OC1CCC(C)CC1,tg,109.0,109.24073791503906,89.9669739690006,100.29379894506526
*CC(*)(C)C(=O)OC1CCC1,tg,119.0,92.72233581542967,73.9980659625259,84.03047364983104
*CC(*)(C)C(=O)OC1CCCC1,tg,75.0,110.21209716796876,98.36085501193152,104.71071505156903
*CC(*)(C)C(=O)OC1CCCCC1C,tg,85.0,117.72494506835938,111.48214001101334,114.82701625663918
*CC(*)(C)C(=O)OC1CCCCCCCCC1,tg,58.0,78.02069091796875,74.9858860248428,76.61192539398522
*CC(*)(C)C(=O)OC1CCCCCCCCCCC1,tg,56.0,96.09806823730467,50.7430109345057,75.04411474882619
*CC(*)(C)C(=O)OC1CCOCC1,tg,153.5,89.09906768798828,89.43659609145618,89.25574938414866
*CC(*)(C)C(=O)OCC,egb,6.2424,5.994877815246582,6.317805427785982,6.069787758540352
*CC(*)(C)C(=O)OCC,tg,64.96,52.6282958984375,35.88517384173717,44.85608847556357
*CC(*)(C)C(=O)OCC#C,tg,58.0,76.39247131347656,67.02867181903301,72.0457675332283
*CC(*)(C)C(=O)OCC#CO[Si](C)(C)C,tg,57.0,84.29421997070312,5.199783255789765,47.5783454723939
*CC(*)(C)C(=O)OCC#N,tg,91.0,86.90692901611328,76.93378096610034,82.27736381069738
*CC(*)(C)C(=O)OCC(=O)N1CCCC1,egc,5.0881,5.793504238128662,5.695517599479261,5.74928525341554
*CC(*)(C)C(=O)OCC(=O)N1CCOCC1,tg,128.0,92.35346221923828,83.9029564321621,88.4307121142739
*CC(*)(C)C(=O)OCC(=O)Nc1cc(C)on1,tg,128.0,66.63008117675781,94.88671956218218,79.74689737513063
*CC(*)(C)C(=O)OCC(=O)c1ccccc1,tg,92.5,95.33821868896484,68.301491193766,82.78768878081598
*CC(*)(C)C(=O)OCC(C)(C)C,tg,32.67,75.85552978515625,67.19270491259036,71.83422052457725
*CC(*)(C)C(=O)OCC(C)O,tg,72.67,74.93856048583984,75.58480738216815,75.23855023133908
*CC(*)(C)C(=O)OCC(C)Oc1ccc(-c2ccc(-c3ccc(C#N)cc3)cc2)cc1,tg,140.0,110.52928924560548,110.8259456944114,110.66699805795508
*CC(*)(C)C(=O)OCC(F)(F)C(F)(F)C(F)(F)C(F)(F)C(F)(F)C(F)(F)C(F)(F)C(F)F,tg,-15.0,51.37031555175781,35.63707633127749,44.06689876717233
*CC(*)(C)C(=O)OCC(F)(F)C(F)(F)C(F)(F)C(F)F,tg,36.67,37.666465759277344,31.324276908077454,34.72240269268589
*CC(*)(C)C(=O)OCC(F)(F)C(F)(F)F,tg,77.0,62.406288146972656,71.54848258835068,66.65012219763587
*CC(*)(C)C(=O)OCC(F)(F)C(F)F,egb,5.3983,6.133412837982178,6.119784494646727,6.130251453242054
*CC(*)(C)C(=O)OCC(F)(F)C(F)F,egc,6.3988,6.594499588012695,6.434257609188752,6.522186283773642
*CC(*)(C)C(=O)OCC(F)(F)C(F)F,tg,80.0,39.931358337402344,68.42867823235679,53.159899613606115
*CC(*)(C)C(=O)OCC(F)(F)F,egc,6.5436,6.787282943725586,6.3647406750629765,6.596599903913464
*CC(*)(C)C(=O)OCC(F)(F)F,tg,78.27,108.19645690917967,79.54085189241056,94.89443920519068
*CC(*)(C)C(=O)OCC1(C)COCOC1,tg,142.0,76.5924301147461,67.05669541204504,72.16591349568876
*CC(*)(C)C(=O)OCC1CC(NC(=O)OC(C)(C)C)CN1C(=O)OC(C)(C)C,tg,127.0,105.42351531982422,68.22829166507532,88.15738105848992
*CC(*)(C)C(=O)OCC1CCC1,tg,114.0,82.99828338623047,62.23972500093595,73.36209838895378
*CC(*)(C)C(=O)OCC1CCCO1,tg,105.0,70.1834945678711,81.7060507047014,75.53229964937711
*CC(*)(C)C(=O)OCC1CO1,tg,62.81,86.36322021484375,99.05018970480282,92.25254946357694
*CC(*)(C)C(=O)OCC1COC(CP(=O)(OCC)OCC)O1,tg,-38.0,18.076217651367188,39.11258365199008,27.84136177602012
*CC(*)(C)C(=O)OCC1COC(c2ccccc2)O1,tg,130.0,95.19274139404295,71.44763858740518,84.17019352837772
*CC(*)(C)C(=O)OCC1COCCOCCOCCO1,tg,35.0,56.81697082519531,52.03343641756141,54.596439821199745
*CC(*)(C)C(=O)OCC1OC(n2ccc(=O)[nH]c2=O)C(O)C1O,tg,151.0,126.58604431152344,129.5802369369517,127.97595749916309
*CC(*)(C)C(=O)OCCBr,egc,5.9262,6.332716941833496,6.094978641849051,6.225431434363953
*CC(*)(C)C(=O)OCCC#N,egb,6.2508,6.1107659339904785,5.867211141876108,6.054268208315231
*CC(*)(C)C(=O)OCCC#N,tg,79.0,61.1953125,77.27560013739792,68.65983019951216
*CC(*)(C)C(=O)OCCC(C)CC(C)(C)C,tg,1.0,47.71036529541016,6.934579116984606,28.782123182843463
*CC(*)(C)C(=O)OCCC(F)(F)C(F)(F)C(F)(F)C(F)(F)F,tg,23.0,39.32684326171875,29.2228930023208,34.636559278809166
*CC(*)(C)C(=O)OCCC1CCCCC1,egc,6.5132,5.803431510925293,6.268400041756687,6.013260490062764
*CC(*)(C)C(=O)OCCC1CCCCC1,tg,76.33,62.620697021484375,60.70759887383476,61.73263112950228
*CC(*)(C)C(=O)OCCC1CCN(CCCCCCOc2ccc(N=Nc3ccc([N+](=O)[O-])cc3)cc2)CC1,tg,27.0,46.46107482910156,67.77813317936958,56.35651718344354
*CC(*)(C)C(=O)OCCCCC(F)(F)C(F)(F)C(F)(F)C(F)(F)C(F)(F)C(F)(F)F,tg,23.0,24.463165283203125,27.023505962486215,25.65168309757614
*CC(*)(C)C(=O)OCCCCCC,tg,-7.25,-7.277999877929688,-3.887033777017142,-5.703903254195203
*CC(*)(C)C(=O)OCCCCCC(=O)Oc1ccc(OC(=O)c2ccc(OC)cc2)cc1,tg,40.0,43.158843994140625,44.65006272431185,43.851072196534176
*CC(*)(C)C(=O)OCCCCCC(=O)Oc1ccc(OC(=O)c2ccc(OCCCC)cc2)cc1,tg,40.0,36.62480926513672,33.04208444063994,34.96169766738514
*CC(*)(C)C(=O)OCCCCCCC(F)(F)C(F)(F)C(F)(F)C(F)(F)C(F)(F)C(F)(F)C(F)(F)C(F)(F)C(F)(F)C(F)(F)C(F)(F)C(F)(F)F,tg,84.0,18.147964477539062,37.75281845858247,27.248596433742712
*CC(*)(C)C(=O)OCCCCCCCC,tg,-10.0,1.233612060546875,-14.353013082923894,-6.001746030219582
*CC(*)(C)C(=O)OCCCCCCCC/C=C\CCCCCCCC,tg,-40.0,-44.98152160644531,-17.79284340080028,-32.36045572324703
*CC(*)(C)C(=O)OCCCCCCCCCCCC,tg,-44.99,-28.1429443359375,-30.452873732810087,-29.21522048275704
*CC(*)(C)C(=O)OCCCCCCCCCCCCCC,tg,-72.0,-18.733062744140625,-35.87068082456572,-26.68839640317915
*CC(*)(C)C(=O)OCCCCCCCCCCCCCCC(=O)NC1OC(CO)C(OC2OC(CO)C(O)C(O)C2O)C(O)C1O,tg,133.1,66.13156127929688,76.24934811652213,70.82826824308974
*CC(*)(C)C(=O)OCCCCCCCCCCCCCCCC[n+]1ccc(N(C)C)cc1,tg,60.0,10.771316528320312,8.481450783681662,9.70835398898058
*CC(*)(C)C(=O)OCCCCCCCCCCCCOc1ccc(C(=O)Oc2ccc(-c3cccc(OC(=O)c4ccc(OC(=O)c5ccc(OCCCCCCCCCCCC)cc5)cc4)c3)cc2)cc1,tg,74.5,41.53002166748047,68.40139819342983,54.00379516029483
*CC(*)(C)C(=O)OCCCCCCCCCCCCOc1ccc2cc(C(=O)Oc3ccccc3)ccc2c1,tg,12.0,37.99810791015625,22.90369208324989,30.991234858849843
*CC(*)(C)C(=O)OCCCCCCCCCCCOc1ccc(C(=O)Oc2ccc(C#N)cc2)cc1,tg,10.0,34.341949462890625,21.61670855776073,28.434854508569956
*CC(*)(C)C(=O)OCCCCCCCCCCCOc1ccc(C=Nc2ccc(C#N)cc2)cc1,tg,23.0,32.11279296875,21.784115008237308,27.31818971367513
*CC(*)(C)C(=O)OCCCCCCCCCCCOc1ccc2cc(C(=O)Oc3ccccc3)ccc2c1,tg,10.0,29.858726501464844,16.515798940952685,23.66489955106158
*CC(*)(C)C(=O)OCCCCCCCCCCCn1c2ccccc2c2ccccc21,tg,6.0,28.322540283203125,27.08662661910682,27.74882545740237
*CC(*)(C)C(=O)OCCCCCCCCCCOc1ccc(C#Cc2cc(C)c(C=Cc3ccncc3)cc2C)cc1,tg,51.0,44.14710235595703,58.65112228085792,50.87991186066432
*CC(*)(C)C(=O)OCCCCCCCCCCOc1ccc(C#Cc2cc(OC)c(C=Cc3ccncc3)cc2OC)cc1,tg,62.0,66.92301177978516,72.05823045606458,69.30679567496901
*CC(*)(C)C(=O)OCCCCCCCCCCOc1ccc(C(=O)Oc2ccc(C(=O)C=Cc3c(C)c4ccccc4n3C)cc2)cc1,tg,72.0,66.36894989013672,72.83806370398806,69.3719319046715
*CC(*)(C)C(=O)OCCCCCCCCCCOc1ccc(C(=O)Oc2ccc(C(=O)C=Cc3c(C)c4ccccc4n3CCCC)cc2)cc1,tg,57.0,65.60755920410156,63.44510758396041,64.60374268309968
*CC(*)(C)C(=O)OCCCCCCCCCCOc1ccc(N=Nc2ccc(C#N)cc2)cc1,tg,51.0,41.30926513671875,46.676231447529766,43.80062697819244
*CC(*)(C)C(=O)OCCCCCCCCCCOc1ccc(N=Nc2ccc(Cl)cc2)cc1,tg,54.0,46.245140075683594,49.16427171875039,47.600209730420445
*CC(*)(C)C(=O)OCCCCCCCCCCOc1ccc(N=Nc2ccc(OC)cc2)cc1,tg,62.0,60.28765106201172,53.01736281083078,56.91276147326571
*CC(*)(C)C(=O)OCCCCCCCCCCOc1ccc(N=Nc2ccc([N+](=O)[O-])cc2)cc1,tg,55.0,45.8494873046875,56.106096737145215,50.610636133114355
*CC(*)(C)C(=O)OCCCCCCCCCCOc1ccc(OC(=O)c2ccc(-c3ccc(OC)cc3)cc2)cc1,tg,57.0,48.91446685791016,45.40438735928943,47.28507743808328
*CC(*)(C)C(=O)OCCCCCCCCCCOc1ccc(OC(=O)c2ccc(OC)cc2)cc1,tg,21.0,38.6416015625,32.29588141528279,35.69589925771718
*CC(*)(C)C(=O)OCCCCCCCCCCOc1ccc(OC(=O)c2ccc(OCCCCCC)cc2)cc1,tg,41.0,30.03997039794922,14.725761651677,22.931068814950493
*CC(*)(C)C(=O)OCCCCCCCCCCOc1ccc(OC(=O)c2ccc(OCCCCCCCC)cc2)cc1,tg,12.0,30.77324676513672,38.76909120637418,34.48494171114958
*CC(*)(C)C(=O)OCCCCCCCCCCn1c2ccccc2c2cc(C=C(C#N)C(=O)OC)ccc21,tg,58.0,58.09264373779297,56.20381169642478,57.21584224505051
*CC(*)(C)C(=O)OCCCCCCCCCCn1c2ccccc2c2cc(C=C(C#N)c3ccc([N+](=O)[O-])cc3)ccc21,tg,40.0,76.3875732421875,67.4863495122514,72.2555985177492
*CC(*)(C)C(=O)OCCCCCCCCCCn1c2ccccc2c2cc(N=Nc3ccc([N+](=O)[O-])cc3)ccc21,tg,36.0,65.18043518066406,66.423747436857,65.75758445508303
*CC(*)(C)C(=O)OCCCCCCCCCOc1ccc2cc(C(=O)Oc3ccccc3)ccc2c1,tg,18.0,32.4835205078125,30.04334386247759,31.350783198022306
*CC(*)(C)C(=O)OCCCCCCCCOc1ccc(C(=O)Oc2ccc(C(=O)C=Cc3c(C)c4ccccc4n3C)cc2)cc1,tg,75.0,65.0600357055664,68.2234944545852,66.52852273491587
*CC(*)(C)C(=O)OCCCCCCCCOc1ccc(N=Nc2ccc(C3OCC4(CO3)CC3C=CC4C3)cc2)cc1,tg,106.2,48.24872589111328,84.34641547299442,65.00538154749492
*CC(*)(C)C(=O)OCCCCCCCCOc1ccc2cc(C(=O)Oc3ccccc3)ccc2c1,tg,34.0,44.567718505859375,31.859319513517004,38.668441617914816
*CC(*)(C)C(=O)OCCCCCCN(C)c1ccc(N(C)C)cc1,tg,8.5,26.142311096191406,43.23770764251638,34.0780453926005
*CC(*)(C)C(=O)OCCCCCCOc1ccc(-c2ccc(C#N)cc2)cc1,tg,58.6,36.66010284423828,53.54687858073439,44.49899473567495
*CC(*)(C)C(=O)OCCCCCCOc1ccc(C(=O)Oc2ccc(-c3cccc(OC(=O)c4ccc(OC(=O)c5ccc(OCCCCCCCCCCCC)cc5)cc4)c3)cc2)cc1,tg,73.0,51.39927673339844,73.39411682188243,61.60934740132561
*CC(*)(C)C(=O)OCCCCCCOc1ccc(C(=O)Oc2ccc(N=Nc3ccc(F)cc3)c3ccccc23)cc1,tg,42.0,53.50486755371094,63.09963950903202,57.95878944231632
*CC(*)(C)C(=O)OCCCCCCOc1ccc(C(=O)Oc2ccc(N=Nc3ccccc3)c3ccccc23)cc1,tg,46.0,64.39692687988281,47.739707388242834,56.66459568508301
*CC(*)(C)C(=O)OCCCCCCOc1ccc(C(=O)Oc2ccc(OCCCC)cc2)cc1,tg,55.17,39.13270568847656,36.29320207458613,37.814599603457324
*CC(*)(C)C(=O)OCCCCCCOc1ccc(C(=O)Oc2ccc3ccc(=O)oc3c2)cc1,tg,102.0,51.941917419433594,63.38663466430528,57.25458945407891
*CC(*)(C)C(=O)OCCCCCCOc1ccc(C=CC2=C(C#N)C(=C(C#N)C#N)OC2(C)C)cc1OCCCCCC,tg,80.0,121.13375091552734,53.945056616257986,89.94455771741582
*CC(*)(C)C(=O)OCCCCCCOc1ccc(N=Nc2ccc(OC)cc2)cc1,tg,82.0,67.43441772460938,78.16940724492933,72.41763202309892
*CC(*)(C)C(=O)OCCCCCCOc1ccc(N=Nc2ccc(OCCCC)cc2)cc1,tg,79.0,65.89286041259766,71.8657970769141,68.66551550771945
*CC(*)(C)C(=O)OCCCCCCOc1ccc(N=Nc2ccc([N+](=O)[O-])cc2)cc1,tg,108.0,48.34662628173828,66.63970607441773,56.83832872949003
*CC(*)(C)C(=O)OCCCCCCOc1ccc(N=Nc2ccncc2)cc1,tg,40.0,67.74687957763672,75.1573632340138,71.18684829351494
*CC(*)(C)C(=O)OCCCCCCOc1ccc(OC(=O)c2ccc(-c3ccc(OC)cc3)cc2)cc1,tg,57.0,57.63551330566406,63.260162204474774,60.24649217653133
*CC(*)(C)C(=O)OCCCCCCOc1ccc(OC(=O)c2ccc(OC)cc2)cc1,tg,38.0,48.43315124511719,42.424833777162206,45.644072274941784
*CC(*)(C)C(=O)OCCCCCCOc1ccc(OC(=O)c2ccc(OCCCC)cc2)cc1,tg,36.0,42.147552490234375,52.56410402527744,46.982946921884704
*CC(*)(C)C(=O)OCCCCCCOc1ccc(OC(=O)c2ccc(OCCCCCC)cc2)cc1,tg,16.0,38.66717529296875,47.277227609350746,42.66398737485507
*CC(*)(C)C(=O)OCCCCCCOc1ccc2cc(C(=O)Oc3ccccc3)ccc2c1,tg,39.0,43.18598175048828,46.77697141947531,44.85292991381458
*CC(*)(C)C(=O)OCCCCCCOc1cccc(C(=O)Oc2ccc(C#N)cc2)c1,tg,38.0,37.746543884277344,41.350033229393176,39.419294434712974
*CC(*)(C)C(=O)OCCCCCCc1ccc(C(C)=Cc2ccc(OC)cc2)cc1,tg,31.0,45.88838195800781,59.0194701524654,51.98387243999554
*CC(*)(C)C(=O)OCCCCCCc1ccc(N=Nc2ccc(OC(F)(F)F)cc2)cc1,tg,194.5,158.88644409179688,139.95172314185183,150.09688989641808
*CC(*)(C)C(=O)OCCCCCCn1c2ccccc2c2ccccc21,tg,73.0,62.522972106933594,73.1239090499293,67.4439587973936
*CC(*)(C)C(=O)OCCCCCc1ccc(N=Nc2ccc(OC(F)(F)F)cc2)cc1,tg,202.5,188.64437866210935,189.1851404478036,188.89540190320778
*CC(*)(C)C(=O)OCCCCCn1c2ccccc2c2ccccc21,tg,91.0,66.53596496582031,77.52662474309464,71.63786216360305
*CC(*)(C)C(=O)OCCCCOc1ccc(N=Nc2ccc(C#N)cc2)cc1,tg,80.0,71.35942840576172,101.10560187176334,85.16769125134216
*CC(*)(C)C(=O)OCCCCOc1ccc(OC(=O)c2ccc(OC)c(Br)c2)cc1,tg,69.0,64.29728698730469,77.79223222744085,70.56168100005036
*CC(*)(C)C(=O)OCCCCOc1ccc(OC(=O)c2ccc(OCCCC)cc2)cc1,tg,51.0,49.20191955566406,49.37973273936563,49.284460968285316
*CC(*)(C)C(=O)OCCCCOc1ccc(OC(=O)c2ccc(OCCCCCC)cc2)cc1,tg,34.0,42.66968536376953,41.472643364408384,42.11401488120242
*CC(*)(C)C(=O)OCCCCOc1ccc2cc(C(=O)Oc3ccccc3)ccc2c1,tg,88.0,60.90223693847656,50.90907214587756,56.263379901179945
*CC(*)(C)C(=O)OCCCCc1ccc(N=Nc2ccc(OC(F)(F)F)cc2)cc1,tg,203.5,171.62420654296875,171.56546220483682,171.5969372452037
*CC(*)(C)C(=O)OCCCCc1ccccc1,tg,9.0,19.13237762451172,35.7089682625554,26.827280663899607
*CC(*)(C)C(=O)OCCCCn1c2ccccc2c2ccccc21,egc,3.7637,3.4399287700653076,3.328977015089486,3.389858943966626
*CC(*)(C)C(=O)OCCCl,tg,62.0,58.41630554199219,66.34545748300255,62.09704162958189
*CC(*)(C)C(=O)OCCCn1c2ccccc2c2ccccc21,tg,113.0,99.53201293945312,96.46169014939044,98.10675990129621
*CC(*)(C)C(=O)OCCN(C)C,tg,24.75,23.06109619140625,23.579753677591835,23.301858550445946
*CC(*)(C)C(=O)OCCN(C)c1ccc(N=Nc2ccc([N+](=O)[O-])cc2)cc1,tg,110.0,122.5784149169922,134.1845387221108,127.96601236049516
*CC(*)(C)C(=O)OCCN(CC)c1ccc(N=Nc2ccc(C#N)cc2)cc1,tg,116.25,114.1117706298828,121.0363557254893,117.32618377804818
*CC(*)(C)C(=O)OCCN(CC)c1ccc(N=Nc2ccc(S(C)(=O)=O)cc2)cc1,tg,144.0,117.90973663330078,111.21503854953652,114.80203772479823
*CC(*)(C)C(=O)OCCN(CC)c1ccc(N=Nc2ccc([N+](=O)[O-])c3ccccc23)cc1,tg,116.0,124.6140594482422,111.34659788876118,118.45526404162166
*CC(*)(C)C(=O)OCCN(CC)c1ccc(N=Nc2ccc([N+](=O)[O-])cc2)cc1,tg,125.25,123.14600372314452,110.3430461069176,117.20283243868518
*CC(*)(C)C(=O)OCCN(CC)c1ccc(N=Nc2nc3ccc([N+](=O)[O-])cc3s2)cc1,tg,140.0,134.80384826660156,115.85382450960516,126.00719046234072
*CC(*)(C)C(=O)OCCN(CC)c1ccc([N+](=O)[O-])cc1,tg,98.0,70.40190887451172,65.74641684439912,68.24081552578997
*CC(*)(C)C(=O)OCCN(CC)c1ccccc1,tg,36.5,74.62748718261719,59.20486473355281,67.46825963396348
*CC(*)(C)C(=O)OCCNC(C)(C)C,tg,41.0,59.96351623535156,38.21677633650302,49.868614418787416
*CC(*)(C)C(=O)OCCO,tg,83.78,75.76856231689453,67.15530608538738,71.77026296800786
*CC(*)(C)C(=O)OCCOC,tg,22.75,53.23077392578125,21.772712422082527,38.627847524105306
*CC(*)(C)C(=O)OCCOCCO,tg,18.12,38.620582580566406,13.973936521837349,27.179535636162043
*CC(*)(C)C(=O)OCCOCCOCCOCCOCCOCCOCCOCCOC,tg,-58.0,-65.88502502441406,-46.46527210431404,-56.87031753528257
*CC(*)(C)C(=O)OCCOCCOCCOc1ccc(N=Nc2ccc(C#N)cc2)cc1,tg,37.0,34.29896545410156,48.155630102686125,40.731270699998355
*CC(*)(C)C(=O)OCCOCCOc1ccc(N=Nc2ccc(C#N)cc2)cc1,tg,57.0,62.43174743652344,68.13413231538978,65.07881158223769
*CC(*)(C)C(=O)OCCO[Si](C)(C)C,tg,89.0,19.753707885742188,4.2475342572941015,12.555695629290454
*CC(*)(C)C(=O)OCCOc1ccc(-c2ccc(-c3ccc(C#N)cc3)cc2)cc1,tg,115.0,123.75753021240234,110.52058146181432,117.61289894308952
*CC(*)(C)C(=O)OCCOc1ccc(C(=O)Oc2ccc(OCCCC)cc2)cc1,tg,137.0,66.68435668945312,47.79750297709779,57.91702260917876
*CC(*)(C)C(=O)OCCOc1ccc(N=Nc2ccc([N+](=O)[O-])cc2)cc1,tg,112.0,102.92649841308594,119.49063891309936,110.61562206109826
*CC(*)(C)C(=O)OCCS(=O)CC,tg,25.0,25.268524169921875,62.11525674283024,42.37288782694989
*CC(*)(C)C(=O)OCC[N+](=O)[O-],egc,4.7247,5.71941614151001,4.900462034182199,5.349842088845044
*CC(*)(C)C(=O)OCCc1ccc(N=Nc2ccc(OC(F)(F)F)cc2)cc1,tg,209.5,181.71728515625,139.47259631080723,162.10717402466713
*CC(*)(C)C(=O)OCCc1ccc(N=Nc2ccccc2)cc1,tg,80.0,103.4656219482422,111.96645700124677,107.41173504924231
*CC(*)(C)C(=O)OCCc1ccccc1,egb,4.9946,4.8707966804504395,4.966359172333056,4.892964437464606
*CC(*)(C)C(=O)OCCc1ccccc1,egc,5.7104,5.1342082023620605,5.313916854928498,5.215306342579769
*CC(*)(C)C(=O)OCCc1ccccc1,tg,49.0,56.4814453125,46.923715725785655,52.04471860238469
*CC(*)(C)C(=O)OCCn1c2ccccc2c2cc(N=Nc3ccc([N+](=O)[O-])cc3)ccc21,tg,164.0,142.86114501953125,162.88462041048425,152.15610228844866
*CC(*)(C)C(=O)OCCn1c2ccccc2c2ccccc21,tg,145.33,121.1249542236328,101.83243450920024,112.1693087697762
*CC(*)(C)C(=O)OCSC,tg,60.0,25.114601135253903,37.89074812630221,31.045326847177886
*CC(*)(C)C(=O)OCc1ccc(C=CC(=O)C2c3ccccc3C(=O)c3ccccc32)cc1,tg,163.0,157.6388397216797,159.85575519162603,158.66793852494055
*CC(*)(C)C(=O)OCc1ccc(C=CC(=O)Oc2ccc(OC)cc2)cc1,tg,89.0,106.73294830322266,108.37487576048916,107.49513594827303
*CC(*)(C)C(=O)OCc1ccc(C=CC(=O)Oc2ccc3oc(=O)ccc3c2)cc1,tg,140.0,99.3888702392578,129.83892642618864,113.5238775528002
*CC(*)(C)C(=O)OCc1ccc(Cl)c(Cl)c1,tg,34.45,50.60533905029297,40.24503803067902,45.79605627643729
*CC(*)(C)C(=O)OCc1ccc(Cl)cc1,egc,4.9536,4.080718994140625,5.012542562342645,4.501228286893098
*CC(*)(C)C(=O)OCc1ccc(Cl)cc1Cl,egc,4.8651,3.8911592960357666,4.492388432542414,4.162479369493898
*CC(*)(C)C(=O)OCc1ccc(Cl)cc1Cl,tg,19.4,47.32630157470703,42.58093115042075,45.12348640612474
*CC(*)(C)C(=O)OCc1ccc(F)cc1F,tg,46.0,42.61553955078125,61.968268826706286,51.59913446347683
*CC(*)(C)C(=O)OCc1ccc(OCCOCC)c(OCCOCC)c1,tg,-2.0,-7.9391632080078125,5.380296910213469,-1.7562299146268976
*CC(*)(C)C(=O)OCc1ccc2c(c1)c1ccccc1n2CC,egc,3.4735,4.614282608032227,3.5738884754022173,4.144778062509486
*CC(*)(C)C(=O)OCc1ccc2c(c1)c1ccccc1n2CC,tg,131.14,133.94680786132812,120.5877005488878,127.74547022160357
*CC(*)(C)C(=O)OCc1ccc2c(c1)c1ccccc1n2CCCCCC,tg,73.0,69.75563049316406,57.553423723949514,64.09132955180054
*CC(*)(C)C(=O)OCc1ccc2c(c1)c1ccccc1n2CCCCCCCCCCCC,tg,25.0,27.312210083007812,38.64533547980314,32.57308084743518
*CC(*)(C)C(=O)OCc1ccc[se]1,tg,54.43,52.64556121826172,66.74236767794166,59.189341012359094
*CC(*)(C)C(=O)OCc1cccc(Cl)c1,tg,18.25,34.51643371582031,48.541479034080616,41.02690177306677
*CC(*)(C)C(=O)OCc1cccc(Cl)c1Cl,tg,42.6,68.98585510253906,53.99776437725414,62.02833848196651
*CC(*)(C)C(=O)OCc1cccs1,egc,4.9884,4.925156116485596,4.692784564182808,4.820292491600917
*CC(*)(C)C(=O)O[Si](C)(C)C,tg,97.5,87.24180603027344,88.44575679888739,87.8006835842271
*CC(*)(C)C(=O)Oc1c(C(C)C)cccc1C(C)C,tg,198.0,99.9742431640625,114.924067749597,106.91399652791353
*CC(*)(C)C(=O)Oc1c(C)cccc1C,tg,169.0,115.7270050048828,136.58942967954886,125.41140504488007
*CC(*)(C)C(=O)Oc1cc(C)cc(C)c1,tg,106.0,83.15767669677734,106.893163842761,94.17576094395741
*CC(*)(C)C(=O)Oc1ccc(C(=O)C=Cc2ccc(OC)c(OC)c2)cc1,tg,137.0,115.4182586669922,99.42062140451807,107.99210751914887
*CC(*)(C)C(=O)Oc1ccc(C(=O)C=Cc2ccc(OCc3ccccc3)cc2)cc1,tg,152.0,120.31407165527344,109.666222800298,115.37130831471941
*CC(*)(C)C(=O)Oc1ccc(C(=O)OC)cc1,tg,106.0,118.75867462158205,97.0141413596708,108.66479713249551
*CC(*)(C)C(=O)Oc1ccc(C(=O)Oc2ccc(-c3ccccc3)cc2)cc1,tg,100.0,110.922607421875,122.15909549968411,116.1386188532934
*CC(*)(C)C(=O)Oc1ccc(C(=O)Oc2ccc(C(=O)c3ccccc3)cc2)cc1,tg,72.0,114.06208038330078,99.63597810149383,107.36544048196716
*CC(*)(C)C(=O)Oc1ccc(C(=O)Oc2ccc(Oc3ccccc3)cc2)cc1,tg,74.0,99.29715728759766,89.24248639139272,94.62974893272842
*CC(*)(C)C(=O)Oc1ccc(C(=O)Oc2ccccc2)cc1,tg,99.0,92.39161682128906,92.0966848931671,92.25470853660778
*CC(*)(C)C(=O)Oc1ccc(C(=O)c2ccccc2)cc1,tg,118.0,109.13607788085938,117.2699317102765,112.91183719835587
*CC(*)(C)C(=O)Oc1ccc(C(C)(C)C)cc1,tg,88.57,117.04275512695312,128.32204302755696,122.2786343643456
*CC(*)(C)C(=O)Oc1ccc(C)cc1C,tg,109.0,123.1863250732422,127.46141820783237,125.17083611494738
*CC(*)(C)C(=O)Oc1ccc(C=Cc2ccccc2)cc1,tg,143.0,115.80359649658205,117.7924649636406,116.72683519784961
*CC(*)(C)C(=O)Oc1ccc(CC#N)cc1,tg,128.0,122.61306762695312,103.5347309659588,113.7568465882175
*CC(*)(C)C(=O)Oc1ccc(N=Nc2ccc(OC)cc2)cc1,tg,120.0,145.28370666503906,150.17102273317127,147.55241342677868
*CC(*)(C)C(=O)Oc1ccc(N=Nc2ccc([N+](=O)[O-])cc2)cc1,tg,145.0,140.3533935546875,135.0380997784466,137.8860182585776
*CC(*)(C)C(=O)Oc1ccc([N+](=O)[O-])c(C)c1,tg,101.0,128.7440643310547,108.06301692239008,119.14386016136064
*CC(*)(C)C(=O)Oc1ccc2c(c1)CCC2,tg,104.25,110.70793151855467,100.39958632363783,105.9227667941885
*CC(*)(C)C(=O)Oc1ccc2ccccc2c1,egc,3.6336,4.123039245605469,4.138158642440073,4.129862261342269
*CC(*)(C)C(=O)Oc1cccc(C)c1C,tg,120.0,127.8665771484375,169.44492486171362,147.16737073004055
*CC(*)(C)C(=O)Oc1ccccc1,egb,4.8118,4.884589672088623,4.474546230821768,4.789471355349651
*CC(*)(C)C(=O)Oc1ccccc1,egc,5.2323,4.783987045288086,4.961123880889381,4.863924587115706
*CC(*)(C)C1=NC(C)(C)C(=O)O1,tg,165.0,115.3520965576172,137.14323994364435,125.46761060596717
*CC(*)(C)CCC,tg,27.0,-4.38555908203125,19.932110180079523,6.902775847733844
*CC(*)(C)OC,tg,67.0,94.28092956542967,84.5625666130194,89.76963636568387
*CC(*)(C)c1ccc(C#N)cc1,tg,238.75,187.2298889160156,174.95321361396745,181.53101945859515
*CC(*)(C)c1ccc(C(C)C)cc1,tg,134.91,172.30213928222656,107.59121865677469,142.26313604717149
*CC(*)(C)c1ccc2ccccc2c1,tg,208.0,169.0787811279297,165.34509369867314,167.34559223674881
*CC(*)(C)c1ccc2ccccc2n1,tg,181.8,194.3031463623047,173.8962937273234,184.8302242280708
*CC(*)(C)c1nc(N(CCOCCOCCOC)CCOCCOCCOC)nc(N(CCOCCOCCOC)c2ccccc2)n1,tg,-75.0,13.30810546875,42.22571146785901,26.73174481372366
*CC(*)(CC(=O)O)C(=O)O,tg,141.0,172.09613037109375,145.27988765997384,159.6479501603099
*CC(*)(CC(=O)OC(C)C)C(=O)OC12CC3CC(CC(C3)C1)C2,tg,180.0,150.8556365966797,158.71790549076428,154.5053253734978
*CC(*)(CC(=O)OC)C(=O)O,tg,159.0,144.4425506591797,126.7099461969814,136.21102253908032
*CC(*)(CC(=O)OC)C(=O)OC12CC3CC(C)(CC(C)(C3)C1)C2,tg,144.0,124.14205169677734,180.09256129091392,150.11444588398354
*CC(*)(CC(=O)OC)C(=O)OC12CC3CC(CC(C3)C1)C2,tg,197.0,178.78546142578125,173.61002149662536,176.38300670450502
*CC(*)(CC(=O)OC1CCC1)C(=O)OC1CCC1,tg,60.0,113.97492218017578,121.39939511401646,117.42138476056596
*CC(*)(CC(=O)OC1CCCCC1)C(=O)OC1CCCCC1,tg,142.0,81.18800354003906,67.53051882446407,74.84815821580932
*CC(*)(CC(=O)OCC)C(=O)O,tg,135.0,115.58489990234376,98.85023865097914,107.81662001065612
*CC(*)(CC(=O)OCC1CCCCC1)C(=O)OCC1CCCCC1,tg,83.0,78.83224487304688,59.6711183127759,69.93759251501979
*CC(*)(CC(=O)OCCC1CCCCC1)C(=O)OCCC1CCCCC1,tg,48.0,67.71453094482422,63.22666074397669,65.63124815145993
*CC(*)(CC(=O)OCCCCCCCCC)C(=O)OCCCCCCCCC,tg,-13.0,-14.816421508789062,31.251397009990153,6.568397871654974
*CC(*)(CC(=O)OCCCCl)C(=O)OCCCCl,tg,47.0,56.79789733886719,15.082490009462328,37.433480272812155
*CC(*)(CC(=O)OCCCl)C(=O)OCCCl,tg,43.0,73.9329605102539,36.80653355222127,56.69876188165742
*CC(*)(CC(=O)OCCOC)C(=O)OCCOC,tg,29.0,0.6150970458984375,-1.676436137831464,-0.4486395236632769
*CC(*)(CC(=O)OCCOCCOC)C(=O)OCCOCCOC,tg,-59.4,-9.542251586914062,19.237336704125568,3.8173195244582354
*CC(*)(CC(=O)OCCOCCOCCOCCOCCOCCOCCOC)C(=O)OCCOCCOCCOCCOCCOCCOCCOC,tg,-71.0,-69.33416748046875,1.3271806372969837,-36.53295797537533
*CC(*)(CC(=O)OCCc1ccccc1)C(=O)OCCc1ccccc1,tg,35.0,36.78302001953125,51.88365078056238,43.79277806187897
*CC(*)(CC(=O)OCc1ccccc1)C(=O)OCc1ccccc1,tg,55.0,63.81536865234375,47.296525755081426,56.147272287244874
*CC(*)(CC(=O)Oc1ccc(OC)cc1)C(=O)Oc1ccc(OC)cc1,tg,119.5,107.14342498779295,115.3410178312986,110.94877214659813
*CC(*)(CC(=O)Oc1ccc(OCC)cc1)C(=O)Oc1ccc(OCC)cc1,tg,110.5,97.90229034423828,109.18895847277966,103.1415955055513
*CC(*)(CC(=O)Oc1ccc(OCCC)cc1)C(=O)Oc1ccc(OCCC)cc1,tg,94.5,94.54037475585938,94.04052434176444,94.30834269603213
*CC(*)(CC(=O)Oc1ccc(OCCCCC)cc1)C(=O)Oc1ccc(OCCCCC)cc1,tg,73.5,75.97710418701172,91.99329381991468,83.41186740079297
*CC(*)(CC(=O)Oc1ccc(OCCCCCCC)cc1)C(=O)Oc1ccc(OCCCCCCC)cc1,tg,111.0,65.51542663574219,58.19784309903584,62.11858243375363
*CC(*)(CC(=O)Oc1ccccc1)C(=O)Oc1ccccc1,tg,132.0,93.68917846679688,93.04526257273716,93.39027077953466
*CC(*)(CC)C(=O)OCC,tg,27.0,98.28843688964844,45.3007560416938,73.69139668336625
*CC(*)(CCC(C)C(=O)OC)C(=O)OC,tg,34.0,94.4751434326172,43.2711929837822,70.70611622185012
*CC(*)(CCCCCCCC)C(=O)OC,tg,20.0,46.35978698730469,-3.471094707662285,23.228142405941462
*CC(*)(CF)C(=O)OC,egc,6.854,6.641742706298828,6.5757895773138335,6.61197966469879
*CC(*)(CF)C(=O)OCC,tg,43.0,89.36216735839844,51.16558820351106,71.63120087373352
*CC(*)(CO)C(=O)OCC,egc,5.8505,6.279557704925537,6.376494583970716,6.323302958683792
*CC(*)(Cl)C#N,egc,6.5592,7.270391464233398,6.163626209670834,6.770935247068676
*CC(*)(Cl)C(=O)OC,tg,125.0,123.30580139160156,94.84900767441188,110.09607248853689
*CC(*)(Cl)C(=O)OCC,tg,85.31,73.7218246459961,88.81507529837022,80.72815681979365
*CC(*)(Cl)C(=O)OCCC,tg,66.0,68.05360412597656,58.80382033223622,63.75982677559775
*CC(*)(Cl)C(=O)OCCC(F)(F)C(F)(F)C(F)(F)C(F)(F)C(F)(F)C(F)(F)C(F)(F)C(F)(F)F,tg,61.0,34.56694793701172,66.13531806271556,49.22107993151866
*CC(*)(Cl)C(=O)OCCCC,tg,42.0,81.54505920410156,43.174804085110914,63.73347181654846
*CC(*)(Cl)C(=O)OCCCCCCOc1ccc(C(=O)Oc2ccc(OCCCC)cc2)cc1,tg,75.75,53.00177001953125,34.20674559518476,44.277063369880786
*CC(*)(Cl)Cl,egc,5.4955,5.253507614135742,5.861101359416882,5.527699880598792
*CC(*)(Cl)Cl,tg,-11.96,153.41221618652344,42.36678932343585,101.8645963329067
*CC(*)(F)C(=O)OC,egc,6.8022,6.64936637878418,6.5747311606044665,6.6156853216804885
*CC(*)(F)C(=O)OC,tg,142.0,118.70059204101562,81.29800678002341,101.33819990078601
*CC(*)(F)C(=O)OCC,tg,94.0,77.10517120361328,84.50526690538318,80.54031779983946
*CC(*)(F)C(=O)OCC(Cl)(Cl)Cl,egc,6.1654,5.407783508300781,5.9181572837379335,5.638102769019412
*CC(*)(F)C(=O)OCC(F)(F)C(F)(F)C(F)(F)C(F)(F)C(F)(F)C(F)(F)C(F)(F)C(F)(F)F,egc,6.7134,6.264599323272705,6.333070505591638,6.295498701044847
*CC(*)(F)C(=O)OCC(F)(F)C(F)(F)C(F)(F)F,egb,6.2862,5.8620781898498535,5.604861127077997,5.8024112092689375
*CC(*)(F)C(=O)OCC(F)(F)C(F)(F)C(F)(F)F,tg,75.0,61.90632629394531,72.00945873728266,66.5962306441893
*CC(*)(F)C(=O)OCC(F)(F)C(F)(F)F,egc,6.4706,6.973729133605957,6.849896411818379,6.917846440749214
*CC(*)(F)C(=O)OCC(F)(F)C(F)(F)F,tg,99.0,65.94161224365234,79.83895090643702,72.39279848880446
*CC(*)(F)C(=O)OCC(F)(F)F,tg,117.75,85.65348815917969,86.04068934133507,85.83322810803165
*CC(*)(F)C(=O)OCCC,egc,6.5259,6.518680572509766,6.442383831462596,6.484249710582792
*CC(*)(F)C(=O)OCCC,tg,62.0,59.92295837402344,85.24803145496242,71.67893317477632
*CC(*)(F)C(=O)OCCC(F)(F)C(F)(F)C(F)(F)C(F)(F)C(F)(F)C(F)(F)C(F)(F)C(F)(F)F,egb,5.7714,5.951138496398926,6.130555743058044,5.992758151241911
*CC(*)(F)C(=O)OCCC(F)(F)C(F)(F)C(F)(F)C(F)(F)C(F)(F)C(F)(F)C(F)(F)C(F)(F)F,egc,6.6046,6.584648132324219,6.535983732292152,6.562687073237472
*CC(*)(F)C(=O)OCCC(F)(F)C(F)(F)C(F)(F)C(F)(F)C(F)(F)C(F)(F)C(F)(F)C(F)(F)F,tg,87.5,32.45556640625,49.0393894130482,40.15382673288266
*CC(*)(F)C(=O)OCCC(F)(F)C(F)(F)C(F)(F)C(F)(F)C(F)(F)C(F)(F)F,tg,53.0,68.73704528808594,51.93317543488575,60.93663855606998
*CC(*)(F)C(C)=O,tg,142.0,125.90059661865234,112.12547463150888,119.50614372050688
*CC(*)(F)C(F)(F)F,tg,46.0,114.77095794677734,16.612123577304406,69.20533293828223
*CC(*)(F)Cl,egc,6.2438,6.129688262939453,5.472945267564548,5.833316136359619
*CC(*)(F)F,eea,1.1415,1.2328665256500244,0.9158533650942068,1.1534343777276919
*CC(*)(F)F,ei,8.1531,7.838971138000488,7.659350315527518,7.764068372959201
*CC(*)(F)F,eps,3.37,3.2846031188964844,3.3277548389244846,3.3082530215355472
*CC(*)(F)F,nc,1.6122,1.5930243730545044,1.6512331884460698,1.6135007502285528
*CC(*)(F)F,tg,-28.45,-0.3240966796875,-4.2578778768721826,-2.150169697442598
*CC(*)=C,egc,5.3034,4.340058326721191,4.480996397741293,4.403660247287458
*CC(*)C,eea,0.4343,0.8626434803009033,0.9614701644588314,0.8874059090308108
*CC(*)C,egb,7.6997,7.578843116760254,7.583350198648087,7.579888630477656
*CC(*)C,ei,6.185,6.939755916595459,6.469019265277109,6.743456421333285
*CC(*)C,eps,2.61,3.3777265548706055,3.3444235357538696,3.359474370272017
*CC(*)C,nc,1.6081,1.625846266746521,1.5868678331499555,1.612134647593857
*CC(*)C#N,egc,7.7741,7.356562614440918,6.456781746547368,6.950513412315464
*CC(*)C#N,tg,93.96,35.455650329589844,48.583682888750104,41.54972237651754
*CC(*)C(=O)C(C)(C)C,egc,5.3334,5.3790082931518555,5.690242136801126,5.519460550359858
*CC(*)C(=O)N(C)C,tg,113.45,104.48475646972656,84.06830947859865,95.00738060662371
*CC(*)C(=O)N(CCC)CCC,egc,5.3191,5.293051242828369,5.2008630025568285,5.2514489341515445
*CC(*)C(=O)N(O)c1cccc(C)c1,egc,4.1845,3.727792501449585,4.166946230876895,3.925971889128533
*CC(*)C(=O)N1CCCCC1,tg,108.0,49.9169921875,105.92024246793126,75.91386875930084
*CC(*)C(=O)NC,egc,5.4371,5.80217170715332,5.775066605898922,5.789939834782391
*CC(*)C(=O)NC(C)(C)C,tg,135.0,71.16023254394531,110.91724901113837,89.61555870421674
*CC(*)C(=O)NC(C)(C)CC(C)=O,tg,86.0,117.41667175292967,94.6078595020286,106.82875276846232
*CC(*)C(=O)NC(C)C,tg,132.69,111.31805419921876,101.21118732899946,106.62641631682743
*CC(*)C(=O)NCC,egc,5.2246,5.722454071044922,5.608975612872225,5.671244005301558
*CC(*)C(=O)NCC(F)(F)C(F)(F)C(F)(F)F,egc,5.7825,6.407868385314941,6.3420960241368896,6.3781869198257075
*CC(*)C(=O)NCCC,egc,6.0177,5.544528484344482,5.694137124127249,5.612043221523862
*CC(*)C(=O)NCCC(F)(F)C(F)(F)C(F)(F)C(F)(F)C(F)(F)C(F)(F)C(F)(F)C(F)(F)F,egc,5.7478,6.151390075683594,5.793077418857524,5.989692296138353
*CC(*)C(=O)NCCCCCC(=O)O,tg,68.0,52.224830627441406,53.42953512100153,52.78405806277331
*CC(*)C(=O)NCCC[N+](C)(C)C,tg,78.0,139.75218200683594,69.7247523198094,107.24523933657791
*CC(*)C(=O)NCCC[N+](C)(C)CCCS(=O)(=O)O,tg,141.5,61.527587890625,49.883698785820016,56.122459681858814
*CC(*)C(=O)NCP(=O)(O)O,tg,26.0,97.5079345703125,100.4985512523202,98.89618779430242
*CC(*)C(=O)Nc1ccc(C(=O)C=Cc2ccc(Br)cc2)cc1,tg,64.0,205.7958984375,93.09747117168466,153.4809508443741
*CC(*)C(=O)Nc1ccc(C(=O)C=Cc2cccc(Br)c2)cc1,tg,55.0,203.03140258789065,76.46762091723079,144.28011593797663
*CC(*)C(=O)Nc1ccc(Cl)cc1,tg,76.0,177.98471069335938,106.80798843267128,144.9442629670063
*CC(*)C(=O)Nc1cccc(Cl)c1,tg,70.0,172.68899536132812,72.24837538232518,126.06415863641962
*CC(*)C(=O)Nc1ccccc1,tg,160.0,82.97416687011719,100.06075182200274,90.90581079798704
*CC(*)C(=O)Nc1ccccc1Cl,egb,4.2427,4.148311138153076,4.050115746840372,4.125532623992888
*CC(*)C(=O)OC(C(F)(F)F)C(F)(F)F,tg,24.06,17.09063720703125,49.92438940916973,32.33216335263687
*CC(*)C(=O)OC(C)(C)C,tg,40.66,45.76959228515625,61.49513310712193,53.06943545008602
*CC(*)C(=O)OC(C)C,egb,6.455,6.173366546630859,6.342007320430802,6.212486368881519
*CC(*)C(=O)OC(C)C,egc,6.4162,6.155648708343506,6.333529880986584,6.23592215135853
*CC(*)C(=O)OC(C)CC(C)C,egc,6.3605,6.152191638946533,6.223366469684566,6.184311107434734
*CC(*)C(=O)OC(Cl)C(Cl)(Cl)Cl,tg,70.5,52.00163269042969,63.27485890003241,57.23469807269799
*CC(*)C(=O)OC(F)(F)C(F)(F)C(F)(F)C(F)(F)C(F)(F)C(F)(F)C(F)(F)C(F)(F)F,tg,9.0,26.19762420654297,14.202975531634996,20.629672354422432
*CC(*)C(=O)OC(OCC)C(F)(F)F,egc,6.3353,6.754592418670654,6.574526557900982,6.6733330790864205
*CC(*)C(=O)OC12CC3CC(C)(CC(C)(C3)C1)C2,tg,103.43,174.49620056152344,158.28330109812754,166.97012405506405
*CC(*)C(=O)OC12CC3CC(CC(C3)C1)C2,tg,153.0,157.53140258789062,143.50821725787276,151.02179794275904
*CC(*)C(=O)OC1CC2CCC1(C)C2(C)C,tg,98.6,152.69570922851562,153.9800794050569,153.29191771257413
*CC(*)C(=O)OC1CCCCC1,egc,6.0771,6.259428024291992,6.277626991763162,6.267640775290438
*CC(*)C(=O)OC1CCCCC1,tg,23.69,61.90290832519531,77.26325893491897,69.03322909945408
*CC(*)C(=O)OC1CCCCCCCCCCC1,tg,37.0,2.6161346435546875,44.16433255757153,21.902932598009613
*CC(*)C(=O)OCC,egc,6.2551,6.242439270019531,6.446780420675937,6.334653456991161
*CC(*)C(=O)OCC,tg,-9.27,-17.984664916992188,5.747896684198521,-6.967938716470243
*CC(*)C(=O)OCC(C)(C)C,tg,22.0,-13.689468383789062,0.1531570485576634,-7.263680184132842
*CC(*)C(=O)OCC(C)C,egc,6.1261,6.3953022956848145,6.371478246810867,6.384551082381835
*CC(*)C(=O)OCC(C)CC,tg,-32.0,-33.03932189941406,-32.87170366543927,-32.96151301300112
*CC(*)C(=O)OCC(C)O,tg,-7.0,5.3336029052734375,27.906853488704083,15.81217345793349
*CC(*)C(=O)OCC(CC)CCCC,tg,-62.58,-51.137786865234375,-50.73990625061411,-50.9530894918355
*CC(*)C(=O)OCC(COC(=O)c1ccccc1)(COC(=O)c1ccccc1)COC(=O)c1ccccc1,tg,48.0,27.814971923828125,41.945363358065215,34.37434196373904
*CC(*)C(=O)OCC(F)(F)C(F)(F)C(F)(F)C(F)(F)C(F)(F)C(F)(F)C(F)(F)F,egb,5.7185,5.860530853271484,5.947672263800284,5.880745160960813
*CC(*)C(=O)OCC(F)(F)C(F)(F)C(F)(F)C(F)(F)C(F)(F)C(F)(F)C(F)(F)F,egc,6.2833,6.53466796875,6.769407215639214,6.640600076564246
*CC(*)C(=O)OCC(F)(F)C(F)(F)C(F)(F)C(F)(F)C(F)(F)C(F)(F)C(F)(F)F,tg,-17.0,-1.6781005859375,-37.90673305305604,-18.495540321964988
*CC(*)C(=O)OCC(F)(F)C(F)(F)C(F)(F)C(F)(F)C(F)(F)F,tg,-39.0,-20.679641723632812,-54.91910811720704,-36.57370460857038
*CC(*)C(=O)OCC(F)(F)C(F)(F)C(F)(F)C(F)(F)F,tg,-37.0,-1.4949493408203125,-29.78352312900555,-14.626590048836537
*CC(*)C(=O)OCC(F)(F)C(F)(F)C(F)(F)C(F)F,tg,-35.0,-26.543411254882812,-27.5114986197707,-26.992800310155275
*CC(*)C(=O)OCC(F)(F)C(F)(F)C(F)(F)F,egc,6.784,6.821876525878906,6.74279139269432,6.786187330458732
*CC(*)C(=O)OCC(F)(F)C(F)(F)OC(F)(F)C(F)(F)C(F)(F)C(F)(F)F,egb,6.0236,6.1331562995910645,6.253462294675325,6.161063839608452
*CC(*)C(=O)OCC(F)(F)C(F)(F)OC(F)(F)C(F)(F)C(F)(F)C(F)(F)F,egc,6.9089,6.45897912979126,6.237461978903345,6.359013832034137
*CC(*)C(=O)OCC(F)(F)C(F)(F)OC(F)(F)C(F)(F)C(F)(F)F,tg,-68.0,-34.033203125,-38.191737803391504,-35.96360738211636
*CC(*)C(=O)OCC(F)(F)C(F)(F)OC(F)(F)C(F)(F)F,tg,-49.0,-9.813980102539062,-45.48857481417511,-26.374233852516227
*CC(*)C(=O)OCC(F)(F)C(F)(F)OC(F)(F)F,egc,6.5517,6.938827037811279,6.483009536334453,6.733127695456092
*CC(*)C(=O)OCC(F)(F)C(F)C(F)(F)F,egc,6.8499,6.574080467224121,6.533844557952852,6.555922980841199
*CC(*)C(=O)OCC=C,egc,6.066,5.604465484619141,5.092341221173182,5.373356271274632
*CC(*)C(=O)OCCC#N,egc,6.4368,6.3036885261535645,6.364978686344114,6.331347283448299
*CC(*)C(=O)OCCC#N,tg,4.0,0.674957275390625,-12.154862650187834,-5.280683573552006
*CC(*)C(=O)OCCC(C)OC,tg,-56.0,-30.985763549804688,-52.98466756602177,-41.197720705161515
*CC(*)C(=O)OCCCC,tg,-31.07,-34.8558349609375,-49.747333630250075,-41.76851325972774
*CC(*)C(=O)OCCCCC,egc,6.4787,6.069984436035156,6.2062213249465,6.131464827557606
*CC(*)C(=O)OCCCCC,tg,-57.0,-53.52656555175781,-40.45703298252778,-47.459649375427844
*CC(*)C(=O)OCCCCCC,tg,-57.0,-48.22157287597656,-64.44671858768194,-55.75333412759227
*CC(*)C(=O)OCCCCCCC,tg,-60.0,-56.06257629394531,-60.580967152152304,-58.160026867898964
*CC(*)C(=O)OCCCCCCCC,tg,-65.0,-57.48338317871094,-59.27586324337427,-58.31545779518635
*CC(*)C(=O)OCCCCCCCCCCCCCCCCCC,tg,-42.5,-57.266754150390625,-67.63237952441038,-62.0785085055138
*CC(*)C(=O)OCCCCCCCCCCCCOC(=O)c1ccc(OC(=O)c2ccc(C#N)cc2)cc1,tg,15.0,9.350311279296877,12.910250525541397,11.002845743355769
*CC(*)C(=O)OCCCCCCCCCCCCOc1ccc(C(=O)Oc2ccc(-c3cccc(OC(=O)c4ccc(OC(=O)c5ccc(OCCCCCCCCCCCC)cc5)cc4)c3)cc2)cc1,tg,67.0,43.740257263183594,66.2931765295564,54.209389957550634
*CC(*)C(=O)OCCCCCCCCCCCOc1ccc(C(=O)Oc2ccc(-c3ccc(OC(C)CCCCCC)cc3)cc2)cc1,tg,50.0,31.43425750732422,26.308820352761607,29.055014223827776
*CC(*)C(=O)OCCCCCCCCCCCn1c2ccccc2c2ccccc21,tg,15.0,11.692214965820312,-0.5987632187925283,5.9867060674604184
*CC(*)C(=O)OCCCCCCCCCCOc1cnc(-c2ccc(OC(=O)C3COC(C)(C)O3)cc2)nc1,tg,29.0,30.883590698242188,24.991697085761775,28.148556030596186
*CC(*)C(=O)OCCCCCCCCCOC(=O)c1ccc(OC(=O)c2ccc(C#N)cc2)cc1,tg,15.0,17.72075653076172,16.77279761566432,17.28071116218895
*CC(*)C(=O)OCCCCCCCCOC(=O)c1ccc(OC(=O)c2ccc(C#N)cc2)cc1,tg,15.0,12.586624145507812,19.181551666658788,15.648009259922176
*CC(*)C(=O)OCCCCCCCCn1c2ccccc2c2ccccc21,tg,12.0,28.746864318847656,30.735810395704053,29.670139046815912
*CC(*)C(=O)OCCCCCCCOC(=O)c1ccc(OC(=O)c2ccc(C#N)cc2)cc1,tg,20.0,12.787979125976562,25.743671598941035,18.802050388543165
*CC(*)C(=O)OCCCCCCOC(=O)c1ccc(OC(=O)c2ccc(C#N)cc2)cc1,tg,30.0,21.81761932373047,30.254663426138432,25.734120474339242
*CC(*)C(=O)OCCCCCCOc1ccc(C(=O)Oc2ccc(C#N)cc2)cc1,tg,19.5,26.02471160888672,35.331502346211145,30.344951753276053
*CC(*)C(=O)OCCCCCCOc1ccc(C(=O)Oc2ccc(OC)cc2)cc1,tg,24.75,30.740951538085938,27.90005838479282,29.422200424712763
*CC(*)C(=O)OCCCCCCOc1ccc(C=Nc2ccc(OCCCCC)cc2)c(O)c1,tg,36.0,38.715232849121094,26.33668193280434,32.96907242632713
*CC(*)C(=O)OCCCCCCOc1ccc(N=Nc2ccc([N+](=O)[O-])cc2)cc1,tg,35.8,50.706085205078125,57.77840145424323,53.98907559734346
*CC(*)C(=O)OCCCCCCSCC#N,egc,5.2126,5.294584274291992,5.229663243502221,5.265286993482874
*CC(*)C(=O)OCCCCCCSCC#N,tg,-59.0,-47.06156921386719,-46.83359665652485,-46.955743669719126
*CC(*)C(=O)OCCCCCOC(=O)c1ccc(OC(=O)c2ccc(C#N)cc2)cc1,tg,30.0,17.233932495117188,28.93825726046151,22.667115118577325
*CC(*)C(=O)OCCCCCn1c2ccccc2c2ccccc21,tg,53.0,44.10235595703125,64.95825915245513,53.783728706825265
*CC(*)C(=O)OCCCCOC(=O)c1ccc(OC(=O)c2ccc(C#N)cc2)cc1,tg,40.0,24.04792022705078,35.84199541690968,29.52276526647229
*CC(*)C(=O)OCCCCSC,egc,4.571,5.10804557800293,5.354027341886893,5.21905116005795
*CC(*)C(=O)OCCCCSC,tg,-70.0,-45.14137268066406,-56.307522547395166,-50.324732903759376
*CC(*)C(=O)OCCCCn1c2ccccc2c2ccccc21,tg,68.0,73.59444427490234,58.676214664834525,66.66935739332482
*CC(*)C(=O)OCCCOc1ccc(-c2ccc(C#N)cc2)cc1,tg,51.55,32.0181884765625,51.58200778619385,41.099772015352485
*CC(*)C(=O)OCCCOc1ccc(C(=O)OCCCC(F)(F)C(F)(F)C(F)(F)C(F)(F)C(F)(F)C(F)(F)C(F)(F)C(F)(F)F)cc1,tg,48.0,9.24462890625,52.86491922891946,29.49329836500814
*CC(*)C(=O)OCCCSC,tg,-65.0,-42.798126220703125,-57.45596138591377,-49.60233722080882
*CC(*)C(=O)OCCCSCC,egb,5.1212,5.320426940917969,5.354041751268526,5.328224612716269
*CC(*)C(=O)OCCN(C)C,tg,-39.0,-62.69268798828125,-31.213574542170377,-48.079989211863754
*CC(*)C(=O)OCCN(CC)c1ccc(N=Nc2ccc([N+](=O)[O-])cc2Cl)cc1,tg,87.0,106.28092193603516,100.64634645491527,103.66533511591888
*CC(*)C(=O)OCCO,egc,6.417,6.190361499786377,6.37814203895377,6.275102285931464
*CC(*)C(=O)OCCO,tg,0.1,3.9915771484375,25.632848505949575,14.037520152118425
*CC(*)C(=O)OCCOC(=O)c1cc([N+](=O)[O-])cc([N+](=O)[O-])c1,tg,60.8,83.98837280273438,61.878553483524925,73.72492843141458
*CC(*)C(=O)OCCOC(F)(F)C(F)F,tg,-22.0,-39.33030700683594,-16.37750037305254,-28.675545398412314
*CC(*)C(=O)OCCOCC,tg,-50.0,-37.759368896484375,-51.05899470746014,-43.93309504501625
*CC(*)C(=O)OCCOCC(F)(F)F,tg,-38.0,-18.812103271484375,-26.79720489401605,-22.518811368867397
*CC(*)C(=O)OCCOCC1(CC)COC1,egc,5.6941,5.657108306884766,6.162364432152195,5.885118096661835
*CC(*)C(=O)OCCOCC1(CC)COC1,tg,-16.0,13.784591674804688,19.310779177629584,16.34986447065465
*CC(*)C(=O)OCCOCCOC(F)(F)C(F)F,tg,-40.0,-43.973419189453125,-40.66148109323841,-42.43600760227558
*CC(*)C(=O)OCCOc1ccc(C(=O)Oc2ccc(OC(=O)c3ccc(OCCCC)cc3)cc2)cc1,tg,45.0,43.83843994140625,52.21341499336404,47.72612845283065
*CC(*)C(=O)OCCOc1ccc(C(=O)Oc2ccc(OC(=O)c3ccc(OCCCCC)cc3)cc2)cc1,tg,46.0,52.00993347167969,51.085429555471066,51.58077598386473
*CC(*)C(=O)OCCOc1ccc(C(=O)Oc2ccc(OC)cc2)cc1,tg,70.0,50.73999786376953,60.445837778885945,55.245477832083196
*CC(*)C(=O)OCCOc1ccc(C(C)(C)c2ccc(OCCO)cc2)cc1,tg,22.0,49.536102294921875,68.62537527956039,58.39740000785952
*CC(*)C(=O)OCCSCC,tg,-71.0,-54.80998229980469,-56.09495766974672,-55.406471716453055
*CC(*)C(=O)OCCSCC#N,egc,5.2595,5.387332439422607,5.129144712401554,5.270818603336146
*CC(*)C(=O)OCCSCCCC#N,tg,-58.0,-36.98219299316406,-42.36526906885841,-39.48103303576315
*CC(*)C(=O)OCF,tg,15.0,12.99603271484375,-6.054060952222257,4.1529221585086225
*CC(*)C(=O)OCc1c(Br)c(Br)c(Br)c(Br)c1Br,tg,181.0,107.15155029296876,74.15771956868674,91.83571521777203
*CC(*)C(=O)Oc1c(Cl)c(Cl)c(Cl)c(Cl)c1Cl,tg,145.0,134.848876953125,126.64954141725524,131.04272083130311
*CC(*)C(=O)Oc1cc(C)cc(C)c1,tg,54.0,24.2005615234375,53.11747882459113,37.62388117275687
*CC(*)C(=O)Oc1ccc(-c2ccccc2)cc1,tg,105.0,67.85078430175781,95.9515654101657,80.89525108517478
*CC(*)C(=O)Oc1ccc(C#N)cc1,egc,4.6366,3.9471676349639897,3.9532302000923543,3.9499035230241226
*CC(*)C(=O)Oc1ccc(C(=O)O)cc1,tg,113.33,82.305419921875,74.64842246761793,78.75101876243963
*CC(*)C(=O)Oc1ccc(C(=O)OCC)cc1,tg,37.0,45.51612091064453,36.87065519909372,41.5028698246186
*CC(*)C(=O)Oc1ccc(C(=O)OCCCC)cc1,tg,13.0,41.60710906982422,21.36703351469889,32.21160535574113
*CC(*)C(=O)Oc1ccc(C(=O)OCc2ccccc2)cc1,tg,16.25,57.56407928466797,46.18674028744954,52.282684434455604
*CC(*)C(=O)Oc1ccc(C(=O)c2ccc(Cl)cc2)cc1,tg,78.0,90.5148696899414,94.092992852939,92.175845182638
*CC(*)C(=O)Oc1ccc(C(C)(C)C)cc1,tg,71.0,65.6457290649414,83.48737213199458,73.92787323210555
*CC(*)C(=O)Oc1ccc(C)cc1,tg,42.5,46.88238525390625,71.39810090060007,58.26265390876258
*CC(*)C(=O)Oc1ccc(Cl)cc1,egc,2.4559,4.14615535736084,3.712145600787331,3.9502973194099993
*CC(*)C(=O)Oc1ccc(Cl)cc1Cl,tg,60.0,44.87384796142578,67.40413823501997,55.332476209546144
*CC(*)C(=O)Oc1ccc(N=Nc2ccc(OC)cc2)cc1,tg,133.6,102.279541015625,104.48283010535638,103.30231441236401
*CC(*)C(=O)Oc1ccc(N=Nc2ccc([N+](=O)[O-])cc2)cc1,tg,128.2,116.9604721069336,112.74728729040416,115.00469909195604
*CC(*)C(=O)Oc1ccc(OC)cc1,egc,4.4447,4.7084503173828125,4.372441015380355,4.55681749893421
*CC(*)C(=O)Oc1ccc([N+](=O)[O-])cc1,tg,73.3,84.7986068725586,110.9048128392606,96.91718589923892
*CC(*)C(=O)Oc1cccc(C(=O)OCC)c1,tg,24.0,49.59796142578125,29.408117678141632,40.22577546723281
*CC(*)C(=O)Oc1cccc(C)c1,tg,24.5,39.85353088378906,52.47101237794328,45.7106035966763
*CC(*)C(=O)Oc1cccc2ccccc12,tg,85.0,68.71029663085938,91.31425965836692,79.20312399207764
*CC(*)C(=O)Oc1ccccc1,tg,101.83,62.809906005859375,55.46132569508937,59.398673008480884
*CC(*)C(=O)Oc1ccccc1C,tg,51.5,43.338897705078125,63.87898873401684,52.87366950098328
*CC(*)C(=O)Oc1ccccc1C(=O)OCC,tg,30.0,46.239967346191406,59.33101547220377,52.3168711084426
*CC(*)C(=O)Oc1ccccc1C(C)(C)C,tg,72.0,97.16175842285156,82.21509937502222,90.22347451108755
*CC(*)C(=O)[O][Na],tg,230.0,156.8162384033203,45.81148175948333,105.28749778733196
*CC(*)C(=O)c1ccc(Br)c(OC)c1,egc,3.8338,3.5573081970214844,3.1174872933563327,3.3588277298501614
*CC(*)C(=O)c1ccc(Br)c(OC)c1,tg,44.0,100.41268920898438,104.99789107313455,102.54115365206965
*CC(*)C(=O)c1ccc(Br)cc1,egc,1.5897,3.148428440093994,3.402503638275838,3.263086392027475
*CC(*)C(=O)c1ccc(Br)cc1,tg,101.5,54.958038330078125,65.64833836846935,59.92050763716196
*CC(*)C(=O)c1ccc(C(C)C)cc1,tg,62.5,61.147605895996094,91.18964973161496,75.0932126536116
*CC(*)C(=O)c1ccc(CC)cc1,egc,4.27,3.988934993743897,3.4858461332793693,3.7619032378141943
*CC(*)C(=O)c1ccc(CC)cc1,tg,49.25,55.267822265625,77.79832737296582,65.72655024021421
*CC(*)C(=O)c1ccccc1,tg,57.25,70.6726303100586,98.64636622296764,83.65812233308424
*CC(*)C(=O)c1ccccc1O,egc,1.7298,3.658958196640014,3.501795972623176,3.5880347107742883
*CC(*)C(=O)n1c2ccccc2c2ccccc21,tg,47.8,215.2629547119141,209.36445396590724,212.52485299308944
*CC(*)C(=O)n1sc2ccccc2c1=O,egc,1.2252,3.4831817150115967,2.937297170060325,3.2368373084573743
*CC(*)C(C)=O,tg,83.33,86.497314453125,87.04132428704264,86.74984544794022
*CC(*)C(F)(F)C(F)(F)C(F)(F)F,egc,8.6189,7.375624179840088,7.591487123017642,7.473037871299093
*CC(*)C(F)(F)C(F)(F)F,tg,41.0,16.50153350830078,-14.922418540518674,1.9144408177753078
*CC(*)C(F)(F)F,egc,8.2263,8.107115745544434,7.080772960389657,7.643952231082359
*CC(*)C(N)=O,egb,6.3764,6.19541072845459,5.442156903939973,6.020677447405974
*CC(*)C(N)=O,tg,178.5,130.39886474609375,127.00255065296096,128.82228556834747
*CC(*)C1=NC(C)(C)C(=O)O1,tg,92.0,101.18846130371094,122.03867110052865,110.86719116081395
*CC(*)C1CCC(C)CC1,tg,132.0,134.21995544433594,134.087732127963,134.15857698472067
*CC(*)C1CCCC(C)C1,tg,141.0,174.37164306640625,121.72067053655137,149.93090387019947
*CC(*)C1CCCC1,tg,75.0,109.67546081542967,84.03845408972876,97.77468548219233
*CC(*)C1CCCCC1,tg,117.68,94.4571762084961,88.19279078059789,91.54922972410853
*CC(*)C=C,tg,-13.22,-0.695953369140625,-14.652734106557483,-7.174732803431694
*CC(*)CC,egb,7.9012,7.684738159179688,7.306189094151272,7.596925634347273
*CC(*)CC,tg,-22.54,61.102806091308594,-34.86565973296483,16.553956724069483
*CC(*)CC(C)C,egc,6.7394,6.162320137023926,6.442408312974888,6.288717112585221
*CC(*)CC(C)C,tg,45.5,58.61241912841797,-35.07701065681703,15.121505118732035
*CC(*)CC1CCCCC1,tg,75.0,69.8065185546875,58.28021078326194,64.45597195316208
*CC(*)CCC,egb,7.2705,7.658193111419678,7.557299162817296,7.634788609373366
*CC(*)CCC,egc,6.7336,6.940278053283691,7.192307213610517,7.054012678140332
*CC(*)CCC,tg,-32.29,-9.75653076171875,-37.206295672839424,-22.498793875842036
*CC(*)CCCC,tg,-49.86,-37.57841491699219,-33.76895261290402,-35.810051101884966
*CC(*)CCCC1CCCCC1,egc,6.3703,6.011457443237305,6.6841959996862705,6.3150479771465555
*CC(*)CCCCC,tg,-45.5,-13.503311157226562,-50.94249351731618,-30.88269178050595
*CC(*)CCCCCC,tg,-56.48,-36.22834777832031,-48.791214976029025,-42.060068371167375
*CC(*)CCCCCCC,tg,-47.0,-36.843292236328125,-47.20616368322199,-41.65376821022841
*CC(*)CCCCCCCC,tg,-35.0,-17.051345825195312,-41.792500611726,-28.536264004203275
*CC(*)CCCCCCCCCCCC,tg,10.0,-52.85087585449219,-53.42302571642442,-53.116469534622254
*CC(*)CCCCCCCCCCCCCC,tg,-24.0,-9.661895751953123,-56.33968532347276,-31.329865522616654
*CC(*)CCCCCCCCCCCCCCCCCC,tg,-88.0,-5.5426483154296875,-57.34943956639849,-29.591516032721692
*CC(*)CCCCCCCCCI,tg,-6.0,-13.122207641601562,-39.36350687649564,-25.30349736813027
*CC(*)CCc1ccc(C)cc1,egc,5.1686,5.712060928344727,4.503298731499365,5.166575974060796
*CC(*)CCc1ccccc1,tg,17.5,31.874710083007812,46.338454021117784,38.58882335397567
*CC(*)CN,egc,5.4738,5.83293342590332,5.96961176461948,5.894613032976379
*CC(*)CNc1ccc([N+](=O)[O-])cc1,tg,140.25,132.0723876953125,107.6534459520043,120.73704177635257
*CC(*)CNc1ccc([N+](=O)[O-])cc1[N+](=O)[O-],tg,160.0,151.79881286621094,130.7410447288522,142.02373380556216
*CC(*)CO,egb,7.4192,7.828273773193359,7.303022020033827,7.706430432716139
*CC(*)CO,egc,6.2929,6.389718055725098,6.245470608629439,6.324622694296769
*CC(*)Cc1ccc(C)cc1,tg,62.5,44.271583557128906,49.96322359001815,46.91365991314791
*CC(*)Cc1cccc(C)c1,tg,38.75,34.27375793457031,53.42560388007358,43.16410220341653
*CC(*)Cc1ccccc1,tg,63.33,67.07402801513672,41.880343968871045,55.37904439793454
*CC(*)F,egb,8.3099,7.587251663208008,7.348701057775552,7.531914765303498
*CC(*)F,ei,7.6332,7.021124362945557,6.879463930479034,6.962051266950331
*CC(*)F,eps,3.36,3.112731456756592,3.4823289712617473,3.3152945348451315
*CC(*)N,egc,5.222,5.272921562194824,6.0209597546983495,5.61049298882062
*CC(*)N,tg,57.0,69.16969299316406,37.966383393424294,54.685023188569346
*CC(*)N1CCCC1=O,egb,5.5902,5.704572677612305,6.136919375801875,5.804864710213506
*CC(*)N1CCCC1=O,tg,143.16,92.9134521484375,118.22697865653576,104.66406699548298
*CC(*)N1CCCC1=S,egc,4.1333,3.4469563961029053,4.114467387666329,3.748187857235022
*CC(*)NC=O,tg,145.67,129.12843322753906,95.88185813190294,113.69527345791106
*CC(*)O,tg,76.98,74.60177612304688,50.51461173281681,63.42044224542563
*CC(*)OC(=O)C(C)(C)C,egc,6.1579,6.514427185058594,6.295321418116436,6.415550086175364
*CC(*)OC(=O)C(C)(C)C(C)(C)CC,tg,90.0,84.35647583007812,90.38283878817828,87.1539315708451
*CC(*)OC(=O)C(C)(C)C(C)C(C)C,tg,50.0,88.11192321777344,104.79199540714986,95.85486270333159
*CC(*)OC(=O)C(Cl)(Cl)Cl,tg,59.0,122.44161987304688,102.98531761673333,113.4099460725394
*CC(*)OC(=O)C(F)(F)C(F)(F)C(F)(F)C(F)(F)C(F)(F)F,tg,-9.0,38.677146911621094,23.54174739573361,31.65124910909821
*CC(*)OC(=O)C(F)(F)C(F)(F)C(F)(F)C(F)(F)F,tg,17.5,36.66816711425781,33.672269913771956,35.27746265776935
*CC(*)OC(=O)C(F)(F)C(F)(F)C(F)(F)F,tg,27.0,34.3277587890625,48.130703977051816,40.73512730040183
*CC(*)OC(=O)C(F)(F)C(F)(F)F,egc,6.6309,6.405946254730225,6.6467418635722595,6.5146114512624855
*CC(*)OC(=O)C(F)(F)C(F)(F)F,tg,42.0,21.666336059570312,40.84136541215641,30.56744213544431
*CC(*)OC(=O)C(F)(F)F,tg,52.4,53.508819580078125,46.82626177419715,50.406756224942555
*CC(*)OC(=O)C1(F)C(F)(F)C(F)(F)C(F)(F)C(F)(F)C1(F)F,tg,54.0,48.30000305175781,134.33882612866822,88.23948250541757
*CC(*)OC(=O)C=Cc1ccccc1,tg,127.0,98.58628845214844,61.03266741033065,81.15378504994051
*CC(*)OC(=O)CC,tg,11.27,23.354522705078125,1.642133224440957,13.27556645556516
*CC(*)OC(=O)CC(C)(C)c1ccccc1,tg,20.0,61.412132263183594,67.88967194382377,64.41902559032654
*CC(*)OC(=O)CC1CCCC1,egb,6.4741,6.447852611541748,6.483347656839801,6.456086443915444
*CC(*)OC(=O)CC1CCCC1,egc,6.5327,6.6069135665893555,6.465637244314645,6.543159001466005
*CC(*)OC(=O)CCC,egc,6.8545,6.624645233154297,6.550252872471754,6.591073771727148
*CC(*)OC(=O)CCC,tg,-10.1,6.7520904541015625,-21.04350549733342,-6.150708465081774
*CC(*)OC(=O)CCC#N,egc,6.425,6.603399276733398,6.631338847527199,6.616007724893793
*CC(*)OC(=O)CCCC(=O)c1ccc(C)cc1,tg,40.0,12.001663208007812,47.41151588782912,28.439022913621617
*CC(*)OC(=O)C[N-][N+]#N,tg,24.6,39.67975616455078,28.614235717047077,34.54310841935714
*CC(*)OC(=O)OCC(F)(F)F,egb,7.9003,5.927825450897217,6.112560909880097,5.970678778452375
*CC(*)OC(=O)OCC(F)(F)F,egc,7.5359,6.5816969871521,7.121704165282654,6.825389081134109
*CC(*)OC(=O)OCC(F)(F)F,tg,57.0,30.082313537597656,3.252223754302775,17.627705474422925
*CC(*)OC(=O)c1ccc(-c2ccccc2)cc1,tg,84.5,92.4189682006836,119.40205560658136,104.94459821866755
*CC(*)OC(=O)c1ccc(Br)cc1,tg,85.5,66.27088928222656,70.53021723659303,68.24808208003775
*CC(*)OC(=O)c1ccc(C(C)(C)C)cc1,tg,116.8,99.88552856445312,95.021618147445,97.62768677609107
*CC(*)OC(=O)c1ccc(C(C)C)cc1,tg,65.65,90.92626953125,99.75923454721428,95.0265583561523
*CC(*)OC(=O)c1ccc(C)cc1,tg,66.75,69.29837799072266,77.28723587325207,73.00682975525078
*CC(*)OC(=O)c1ccc(Cl)cc1,tg,70.25,76.59104919433594,72.59743762088328,74.73720273665916
*CC(*)OC(=O)c1ccc(OC(=O)CC)cc1,tg,71.5,63.80220031738281,66.61436778014875,65.10761687914808
*CC(*)OC(=O)c1ccc(OC(=O)CCC)cc1,tg,61.0,51.09607696533203,47.68489104481525,49.512594240756556
*CC(*)OC(=O)c1ccc(OC(C)=O)cc1,egc,4.6237,4.4969658851623535,4.635907991412879,4.559667075416302
*CC(*)OC(=O)c1ccc(OC(C)=O)cc1,tg,76.0,80.92051696777344,87.0760622158898,83.77793951460967
*CC(*)OC(=O)c1ccc(OC)cc1,egc,4.435,4.071152210235596,4.174350900187565,4.117723266823505
*CC(*)OC(=O)c1ccc([N+](=O)[O-])cc1,tg,122.0,110.17051696777344,98.79957815129778,104.89209310063748
*CC(*)OC(=O)c1ccc([Si](C)(C)C)cc1,tg,125.25,112.01162719726562,78.27851302477924,96.35261453044151
*CC(*)OC(=O)c1cccc(Br)c1,tg,57.5,60.61125183105469,67.44414702143219,63.78310225050016
*CC(*)OC(=O)c1cccc(C)c1,tg,49.0,77.14903259277344,58.30705355686116,68.40252947175318
*CC(*)OC(=O)c1cccc(Cl)c1,egc,1.7974,3.974439859390259,4.011657564488928,3.9912353037028656
*CC(*)OC(=O)c1cccc(Cl)c1,tg,61.75,61.64207458496094,59.42295489482266,60.61195257608289
*CC(*)OC(=O)c1cccc([N+](=O)[O-])c1,tg,93.0,110.28741455078124,98.9048252867184,105.00358251096935
*CC(*)OC(=O)c1ccccc1,tg,70.29,84.40934753417969,87.74875902842136,85.95951235503453
*CC(*)OC(=O)c1cccnc1,egc,4.7397,2.9078524112701416,3.85678982950516,3.336084767936456
*CC(*)OC(=O)c1ccncc1,tg,98.5,105.08102416992188,73.41613731150849,90.38208881891688
*CC(*)OC(C)=O,egb,5.9373,6.614988327026367,6.335624856389919,6.550184015065668
*CC(*)OC(C)=O,egc,6.8523,6.400759220123291,6.28433217055035,6.348218526859177
*CC(*)OC(C)=O,tg,34.27,75.99091339111328,13.450732172669246,46.95957389255469
*CC(*)OC(C)C,tg,-7.5,13.119049072265623,-16.007457222850075,-0.4015624160015916
*CC(*)OC(F)(C(F)(F)F)C(F)(F)F,tg,60.0,15.572921752929688,-13.389502648665792,2.1284775712411594
*CC(*)OC=O,egc,6.9603,7.074675559997559,6.48433855510984,6.808270840389599
*CC(*)OCC,tg,-37.29,-33.75767517089844,-38.007016640109775,-35.73023221238006
*CC(*)OCC(=O)OC,egc,5.3903,5.8384809494018555,6.460004818277768,6.118959541539297
*CC(*)OCC(C)(C)CC,tg,9.0,-17.184677124023438,-26.57341406026291,-21.542956939468564
*CC(*)OCC(CC)CCCC,tg,-66.0,-55.86024475097656,-56.70804050420379,-56.253794079709834
*CC(*)OCCCCC,egc,5.9056,5.926796913146973,5.803634221544668,5.871216588602158
*CC(*)OCCCCC,tg,-66.0,-57.84117126464844,-61.50554837425201,-59.54218609778542
*CC(*)OCCCCCCCC,tg,-79.75,-57.22962951660156,-56.20747911946972,-56.75514423978292
*CC(*)OCCCCCCCCCCCC,egc,5.4919,5.959100246429443,6.0811834968114935,6.0141934454286226
*CC(*)OCCCCCCCCCCCOc1ccc(C(=O)Oc2ccc(C#N)cc2)cc1,tg,37.0,10.222381591796877,13.694016789287684,11.833925051856085
*CC(*)OCCCl,egc,6.0339,6.195997714996338,6.393909655622507,6.285310555988934
*CC(*)OCCOCCOCCOC,tg,-71.3,-65.62107849121094,-67.11916845614704,-66.31649634136929
*CC(*)OCCOc1ccc(C=C(C#N)C#N)cc1,tg,38.0,75.78338623046875,60.963623742718056,68.90400808208868
*CC(*)OCCOc1ccc(C=C(C#N)C(=O)OC)cc1,egc,3.1988,2.8386168479919434,3.585549890776866,3.1756895474526257
*CC(*)OCCOc1ccc(C=C(C#N)C(=O)OC)cc1,tg,47.0,58.87742614746094,51.63226901511783,55.51420249937492
*CC(*)OCCOc1ccc(N=Nc2ccc([N+](=O)[O-])cc2)cc1,tg,54.0,102.41770935058594,70.26656623239607,87.49305238691784
*CC(*)OCc1ccccc1,egc,5.0639,4.881813049316406,4.6310732373131325,4.768660275971307
*CC(*)O[N+](=O)[O-],tg,34.5,61.336326599121094,50.41867526662306,56.2683201401445
*CC(*)P(=O)(Oc1ccccc1)N(C)C,tg,27.0,17.59442138671875,82.10494865829831,47.54040142650675
*CC(*)P(=O)(c1ccccc1)c1ccccc1,tg,127.5,135.641845703125,96.28011121873192,117.3700106235757
*CC(*)SC,egc,5.023,4.838231563568115,4.999008918567611,4.910786470042421
*CC(*)SCCCC,tg,-20.0,-54.687591552734375,-57.22319499472413,-55.864626267440464
*CC(*)[Si](C)(C)C,tg,147.0,99.55261993408205,-20.266451270160985,43.932248090540256
*CC(*)c1c(C)cc(C)cc1C,tg,126.0,129.53659057617188,161.63500745593493,144.4367718619889
*CC(*)c1c(Cl)cccc1Cl,tg,165.0,143.63320922851562,133.643555101562,138.99598185272993
*CC(*)c1c(F)c(F)c(C(F)(F)F)c(F)c1F,tg,112.0,112.12004089355467,102.08967875089328,107.46391673491192
*CC(*)c1c(F)c(F)c(F)c(F)c1F,tg,102.15,99.48677825927734,124.7692130419433,111.22296023422307
*CC(*)c1c(F)c(F)c(OC)c(F)c1F,egc,4.6291,4.342105865478516,3.976762334191563,4.177235223443134
*CC(*)c1c(F)c(F)c(OC)c(F)c1F,tg,94.0,95.24462890625,91.91136385144377,93.69731728099646
*CC(*)c1c(F)c(F)c(OCC(F)(F)C(F)(F)C(F)(F)C(F)(F)C(F)(F)C(F)(F)C(F)(F)F)c(F)c1F,tg,21.0,68.2778091430664,80.5276162604329,73.9642063086577
*CC(*)c1c([2H])c([2H])c([2H])c([2H])c1[2H],tg,100.0,77.83265686035156,107.26896350912097,91.49707860097925
*CC(*)c1cc(-c2ccc(C(=O)OC(C)CC)cc2)ccc1-c1ccc(C(=O)OC(C)CC)cc1,tg,212.5,128.46775817871094,112.24432791403794,120.93679324274731
*CC(*)c1cc(-c2ccc(C(=O)OC(C)CCCCCC)cc2)ccc1-c1ccc(C(=O)OC(C)CCCCCC)cc1,tg,102.0,96.8287124633789,116.3794694049992,105.90423241180193
*CC(*)c1cc(Br)ccc1OC,tg,86.0,125.1816635131836,100.75526270157602,113.84285507237092
*CC(*)c1cc(Br)ccc1OCCC,tg,54.0,87.95675659179688,76.92399235769014,82.83531437900317
*CC(*)c1cc(Br)ccc1OCCCCC,tg,49.0,47.436988830566406,44.293024359095554,45.977551103261604
*CC(*)c1cc(C(=O)OC)ccc1-c1ccc(OCCCCCCCC)cc1,tg,126.0,80.48811340332031,56.75242313350236,69.46993486544778
*CC(*)c1cc(C(=O)OCC)ccc1-c1ccc(OCCCCCCCC)cc1,tg,95.0,79.47703552246094,60.3647148315673,70.60503899522632
*CC(*)c1cc(C(=O)OCCCC)ccc1-c1ccc(OCCCCCCCC)cc1,tg,76.0,75.26017761230469,57.96676061083319,67.23252162732648
*CC(*)c1cc(C(=O)OCCCCCC)ccc1-c1ccc(OCCCCCCCC)cc1,tg,64.0,57.76480865478515,63.80903824085311,60.570558137785085
*CC(*)c1cc(C(=O)OCCCCCCCCCC)ccc1-c1ccc(OCCCCCCCC)cc1,tg,44.0,52.913352966308594,47.95092751511408,50.60978020391582
*CC(*)c1cc(C(=O)OCCCCCCCCCCCC)ccc1-c1ccc(OCCCCCCCC)cc1,tg,42.0,58.892860412597656,48.11717462495717,53.89075478488763
*CC(*)c1cc(C(=O)Oc2ccc(OC)cc2)ccc1C(=O)Oc1ccc(OC)cc1,tg,109.67,127.00918579101562,134.09319105619568,130.29760225953663
*CC(*)c1cc(C(=O)Oc2ccc(OCC)cc2)ccc1C(=O)Oc1ccc(OCC)cc1,tg,112.0,108.00331115722656,116.25407088866272,111.83333854470266
*CC(*)c1cc(C(=O)Oc2ccc(OCCCC)cc2)ccc1C(=O)Oc1ccc(OCCCC)cc1,tg,104.36,96.36244201660156,102.61959334962783,99.26703041247546
*CC(*)c1cc(C(=O)Oc2ccc(OCCCCCCCC)cc2)ccc1C(=O)Oc1ccc(OCCCCCCCC)cc1,tg,105.0,85.7047119140625,97.46571504232531,91.16420480340373
*CC(*)c1cc(C(=O)Oc2ccc(OCCCCCCCCCC)cc2)ccc1C(=O)Oc1ccc(OCCCCCCCCCC)cc1,tg,109.0,88.75694274902344,80.218741264329,84.79348403847914
*CC(*)c1cc(C(=O)Oc2ccc(OCCCCCCCCCCCC)cc2)ccc1C(=O)Oc1ccc(OCCCCCCCCCCCC)cc1,tg,108.0,80.02201843261719,73.70634868689018,77.09026561424028
*CC(*)c1cc(C(F)(F)F)cc(C(F)(F)F)c1,tg,116.0,105.5711669921875,108.97048670297278,107.14914138665321
*CC(*)c1cc(C)c(C)cc1C,tg,104.0,134.2245330810547,158.22175599991235,145.36411585819076
*CC(*)c1cc(C)ccc1C,egc,4.9137,4.939311504364014,4.7900871650108625,4.871970192613414
*CC(*)c1cc(C)ccc1C,tg,143.0,102.15321350097656,99.9368012575526,101.1243482969751
*CC(*)c1cc(Cl)ccc1Cl,tg,108.0,132.8524627685547,129.58196038439894,131.33428576306068
*CC(*)c1cc(OC)c(O)c(OC)c1,tg,147.0,118.02632904052734,141.50828997720936,128.9267256617584
*CC(*)c1cc(OC)ccc1OC,egc,3.8323,3.873064994812012,4.060990622554339,3.957871255899044
*CC(*)c1ccc(-c2c3ccccc3cc3ccccc23)cc1,tg,270.0,209.96218872070312,224.07341156305387,216.51266064282927
*CC(*)c1ccc(-c2ccc3c(c2)C(CCCCCC)(CCCCCC)c2cc(-c4ccc5c(c4)C(CCCCCC)(CCCCCC)c4ccccc4-5)ccc2-3)cc1,tg,78.33,89.25668334960938,135.349975807402,110.65332780886604
*CC(*)c1ccc(-c2ccc3c(c2)C(CCCCCC)(CCCCCC)c2ccccc2-3)cc1,tg,76.55,75.7228012084961,77.93412362369693,76.74930369898672
*CC(*)c1ccc(B(O[Si](C)(C)C)O[Si](C)(C)C)cc1,tg,84.0,22.09584045410156,62.796096822717715,40.98902140265949
*CC(*)c1ccc(B(Oc2ccc(-c3c(F)c(F)c(F)c(F)c3F)c3cccnc23)c2ccc(C(C)(C)C)cc2)cc1,tg,245.0,266.23919677734375,212.3950133429069,241.24456550424475
*CC(*)c1ccc(B(Oc2ccc(-c3ccc(N(C)C)cc3)c3cccnc23)c2ccc(C(C)(C)C)cc2)cc1,tg,230.0,224.52447509765625,239.8438314058998,231.6357661943447
*CC(*)c1ccc(B(Oc2ccc(Cl)c3cccnc23)c2ccc(C(C)(C)C)cc2)cc1,tg,238.0,220.94564819335935,214.19505569101707,217.81200292828734
*CC(*)c1ccc(B(Oc2cccc3cccnc23)c2ccc(C(C)(C)C)cc2)cc1,tg,240.0,238.6323699951172,222.10400891909603,230.959855262921
*CC(*)c1ccc(C#N)cc1,tg,180.0,181.61557006835935,155.62547052364337,169.550887990632
*CC(*)c1ccc(C(=O)CCC)cc1,tg,74.0,107.35574340820312,81.1840213721661,95.20675162584446
*CC(*)c1ccc(C(=O)CCCCC)cc1,tg,66.0,59.824249267578125,46.16650494316828,53.48428343214944
*CC(*)c1ccc(C(=O)CCN2CCCCC2)cc1,egc,2.7084,2.699683666229248,3.4396758815065502,3.033624139197765
*CC(*)c1ccc(C(=O)CCN2CCCCC2)cc1,tg,38.0,57.94979095458984,48.540182843948216,53.581822677454994
*CC(*)c1ccc(C(=O)CCN2CCOCC2)cc1,egc,3.2629,3.8462305068969727,3.359191401053128,3.6264416145250316
*CC(*)c1ccc(C(=O)CCN2CCOCC2)cc1,tg,41.0,52.74695587158203,53.295363051004834,53.001528127355655
*CC(*)c1ccc(C(=O)Cc2ccccc2)cc1,egc,3.6382,3.325420379638672,3.4711783511801024,3.391197403978363
*CC(*)c1ccc(C(=O)Cc2ccccc2)cc1,tg,78.0,109.3850555419922,96.03903824188704,103.18979432521269
*CC(*)c1ccc(C(=O)N(CC)CC)cc1,tg,102.0,126.14037322998048,97.26663623068646,112.73709800615707
*CC(*)c1ccc(C(=O)N2CCCCC2)cc1,tg,114.0,158.7926025390625,130.91227419803636,145.8504705907638
*CC(*)c1ccc(C(=O)N2CCOCC2)cc1,tg,127.0,138.83892822265625,144.41688187369925,141.42823101960587
*CC(*)c1ccc(C(=O)OCC(C)C)cc1,egb,4.8032,3.859086751937866,4.33414354626793,3.9692863017525903
*CC(*)c1ccc(C(=O)OCC)cc1,tg,94.0,88.49540710449219,97.72143697561292,92.77815781282172
*CC(*)c1ccc(C(=O)OCCC)cc1,tg,92.0,63.70387268066406,68.26147819675087,65.81952681629676
*CC(*)c1ccc(C(=O)OCCCC)cc1,tg,76.0,39.28516387939453,52.661693425034414,45.494588971969165
*CC(*)c1ccc(C(=O)OCCN(CC)CC)cc1,tg,74.0,58.634666442871094,33.79211782907516,47.10268094546004
*CC(*)c1ccc(C(=O)c2ccccc2)cc1,egc,3.5289,2.7660999298095703,3.2512712677411257,2.9850459439901624
*CC(*)c1ccc(C(C)(C)O)cc1,tg,165.0,124.50375366210938,168.95098035851416,145.13628946314375
*CC(*)c1ccc(C(C)(O)CC)cc1,tg,186.0,111.97761535644533,129.82875546875522,120.26416808047179
*CC(*)c1ccc(C(C)(O)CCC)cc1,tg,130.0,119.94293212890624,123.9194566977938,121.78884674786946
*CC(*)c1ccc(C(C)(O)CCCC)cc1,tg,82.5,123.9913330078125,117.28580934735648,120.87860883417508
*CC(*)c1ccc(C(C)=NO)cc1,tg,134.0,133.40496826171875,142.3898668449959,137.57578510377664
*CC(*)c1ccc(C(C)=O)cc1,tg,115.5,160.52867126464844,118.68334528221293,141.10394557060664
*CC(*)c1ccc(C(C)C)cc1,tg,62.4,125.48214721679688,110.7020013631432,118.62115922866025
*CC(*)c1ccc(C(Cc2ccccc2)=NO)cc1,tg,111.0,113.7011260986328,99.7327193714658,107.21694984506703
*CC(*)c1ccc(C(F)(F)C(F)(F)C(F)(F)C(F)(F)C(F)(F)C(F)(F)C(F)(F)F)cc1,tg,42.0,49.69318389892578,89.52267224804957,68.18215172392283
*CC(*)c1ccc(C(O)C(F)(F)F)cc1,tg,110.0,112.87879943847656,119.93388360037343,116.15379064420284
*CC(*)c1ccc(C(O)CCN(C)C)cc1,tg,43.0,55.000579833984375,71.43645643264428,62.630162994696256
*CC(*)c1ccc(C(O)CCN2CCOCC2)cc1,egc,3.8601,3.5333023071289062,3.849897890097376,3.676174186769715
*CC(*)c1ccc(C(O)CCN2CCOCC2)cc1,tg,50.0,62.627403259277344,48.02007824998877,55.8466392248844
*CC(*)c1ccc(C([Si](C)(C)C)[Si](C)(C)C)cc1,tg,156.0,127.36265563964844,118.8434708576026,123.40802453944966
*CC(*)c1ccc(C)cc1C,egc,4.8585,4.344294548034668,4.810641497719802,4.5547455740456915
*CC(*)c1ccc(C)cc1C,tg,98.83,119.78665161132812,126.54607763501788,122.9243974234758
*CC(*)c1ccc(C)nc1,egc,4.8601,4.068084239959717,3.3585093052667703,3.7478703452646607
*CC(*)c1ccc(CCC(F)(F)C(F)(F)C(F)(F)C(F)(F)F)cc1,tg,23.0,63.06684112548828,40.249489941820755,52.47495834284721
*CC(*)c1ccc(CCC)cc1,tg,46.75,62.872703552246094,44.34712008687606,54.27307220302594
*CC(*)c1ccc(CCCCCC)cc1,egc,4.9872,4.705198764801025,4.255856576474897,4.502421573640838
*CC(*)c1ccc(CCCCCC)cc1,tg,-27.0,2.0003509521484375,5.3248087963782655,3.543574243865077
*CC(*)c1ccc(CCCCCCCC)cc1,tg,-45.0,4.5189971923828125,-39.32763935103847,-15.834742860205393
*CC(*)c1ccc(CCCCCCCCCCCC)cc1,tg,-52.0,1.9236297607421875,-21.809630243109584,-9.09342064038751
*CC(*)c1ccc(CCCCCCCCCCCCCCCC)cc1,tg,4.5,4.8834686279296875,-40.71490401235301,-16.28343256920707
*CC(*)c1ccc(CCl)cc1,egc,3.4202,4.276824951171875,4.309893437646626,4.2917479541248085
*CC(*)c1ccc(COC(C)CC)cc1,tg,40.0,50.79339599609375,35.58485660814746,43.73354644582642
*CC(*)c1ccc(COC)cc1,tg,77.0,73.3876953125,60.73692967091512,67.51517199865265
*CC(*)c1ccc(COCCC(F)(F)C(F)(F)C(F)(F)C(F)(F)C(F)(F)C(F)(F)C(F)(F)C(F)(F)F)cc1,tg,53.33,16.567337036132812,27.933032117274387,21.843326745615904
*CC(*)c1ccc(COCCC(F)(F)C(F)(F)C(F)(F)C(F)(F)C(F)(F)C(F)(F)F)cc1,tg,18.0,17.59337615966797,27.458449371193687,22.172772701254523
*CC(*)c1ccc(COCCC(F)(F)C(F)(F)C(F)(F)C(F)(F)F)cc1,tg,13.0,38.0081787109375,20.54907141315131,29.903608793984464
*CC(*)c1ccc(COCCC)cc1,tg,22.0,40.82481384277344,31.29194716155747,36.39962856788236
*CC(*)c1ccc(COCCCCCC)cc1,tg,-20.0,8.833480834960938,-5.226722235664698,2.3066924437301726
*CC(*)c1ccc(COCCCCO)cc1,tg,20.0,27.691909790039062,22.975184106401286,25.502391595888458
*CC(*)c1ccc(COCCO)cc1,tg,46.0,57.97649383544922,49.20648943702208,53.9054315178443
*CC(*)c1ccc(COCCOCC)cc1,tg,0.0,-0.196746826171875,16.270826265716043,7.447549941662477
*CC(*)c1ccc(COCCOCCCCCCCC)cc1,tg,-42.0,-17.735870361328125,-16.134599748578367,-16.99255574531461
*CC(*)c1ccc(COc2ccc(-c3ccc(-c4ccc(-c5ccc(CCCCCC)s5)s4)c4nsnc34)cc2)cc1,tg,122.0,117.33195495605467,114.30852380895196,115.92846915905207
*CC(*)c1ccc(COc2ccc(-c3ccc(-c4ccc(C)s4)c4nsnc34)cc2)cc1,tg,128.33,187.80709838867188,201.71401529207705,194.26273088181745
*CC(*)c1ccc(C[Si](C)(C)C)cc1,tg,82.0,85.1300277709961,61.79414169492033,74.29743953771407
*CC(*)c1ccc(Cl)c(Cl)c1,tg,128.0,111.80974578857422,118.19501007924504,114.77380460322661
*CC(*)c1ccc(Cl)c(F)c1,tg,122.0,100.23651885986328,110.10568989624096,104.81781762402363
*CC(*)c1ccc(Cl)c([N+](=O)[O-])c1,egc,1.4833,3.3095788955688477,3.233108347144241,3.275069598603466
*CC(*)c1ccc(Cl)cc1,tg,119.38,102.07962799072266,114.87471188095812,108.01914426798626
*CC(*)c1ccc(Cn2c3ccccc3c3ccccc32)cc1,tg,166.0,169.2174835205078,150.4388999443643,160.50040876185167
*CC(*)c1ccc(F)cc1,egc,2.0489,4.6969895362854,4.351433203056126,4.541048375049525
*CC(*)c1ccc(F)cc1,tg,98.23,120.97599029541016,106.50031678037782,114.25633927909269
*CC(*)c1ccc(I)cc1,tg,155.0,119.80514526367188,104.38094849698436,112.6451869120607
*CC(*)c1ccc(N(c2ccccc2)c2ccccc2)cc1,tg,123.5,160.57235717773438,120.24539025542394,141.85245830856599
*CC(*)c1ccc(O)cc1,tg,161.43,109.19873046875,147.9319318989842,127.17879862140765
*CC(*)c1ccc(OC(C)=O)cc1,tg,114.44,110.36444091796876,99.34739488772637,105.25029514250227
*CC(*)c1ccc(OC)cc1,tg,101.33,104.5078582763672,98.06794319282186,101.51843039992292
*CC(*)c1ccc(OCC)cc1,tg,86.0,62.752540588378906,70.55563616205586,66.3747609325743
*CC(*)c1ccc(OCCC(C)C)cc1,tg,57.0,77.19097137451172,60.35186659690746,69.37420848501986
*CC(*)c1ccc(OCCC)cc1,tg,70.0,58.94346618652344,56.31076949380736,57.72136049392861
*CC(*)c1ccc(OCCCC)cc1,tg,52.0,26.061805725097656,42.73480001483632,33.801459628437826
*CC(*)c1ccc(OCCOCCOC(C)=O)cc1,tg,-3.0,28.94867706298828,17.500963514903454,23.634614135414182
*CC(*)c1ccc(OP2(OCCOCCOCCOC)=NP(OCCOCCOCCOC)(OCCOCCOCCOC)=NP(OCCOCCOCCOC)(OCCOCCOCCOC)=N2)cc1,tg,-66.5,-31.283462524414062,14.091149602748954,-10.220431627877481
*CC(*)c1ccc(Oc2ccccc2)cc1,tg,85.0,108.46736145019533,117.6031385790354,112.70821656515147
*CC(*)c1ccc(S(=O)(=O)[N]([Li])S(=O)(=O)C(F)(F)F)cc1,tg,152.0,122.22901153564452,127.41328578215986,124.63556717350752
*CC(*)c1ccc([CH]([Sn]([CH3])([CH3])[CH3])[Sn]([CH3])([CH3])[CH3])cc1,tg,140.0,168.33102416992188,118.05752558949274,144.9939155042004
*CC(*)c1ccc([SiH](C)C)cc1,tg,105.0,94.2655029296875,82.28815531479029,88.70558228145975
*CC(*)c1ccc([Si](C)(C)C)cc1,tg,136.0,96.2178192138672,86.24174487384991,91.58689561586381
*CC(*)c1ccc([Si](O[Si](C)(C)C)(O[Si](C)(C)C)O[Si](C)(C)C)cc1,tg,114.0,5.6334075927734375,25.16278408924716,14.699002674501363
*CC(*)c1ccc2c(c1)OCO2,egc,4.4057,4.329372882843018,4.218404233170784,4.279295432579116
*CC(*)c1ccc2ccccc2c1,egc,3.6351,3.0619044303894043,3.1987763179003323,3.123671381321942
*CC(*)c1cccc(B(O[Si](C)(C)C)O[Si](C)(C)C)c1,tg,35.0,91.1810302734375,49.7457717858968,71.94665913913119
*CC(*)c1cccc(Br)c1,tg,102.0,82.0694580078125,131.4086546497432,104.97286091441619
*CC(*)c1cccc(C)c1,egc,5.185,4.781797885894775,3.980479825462812,4.420182551875906
*CC(*)c1cccc(C)c1,tg,74.83,83.17526245117188,101.40253075474232,91.63641500850107
*CC(*)c1cccc(C)n1,tg,92.0,88.34103393554688,82.62862692394343,85.68931748578868
*CC(*)c1cccc(F)c1,tg,86.0,96.51612854003906,97.96562589048,97.18898955296018
*CC(*)c1cccc(N(c2ccc(C)cc2)c2ccc(C)cc2)c1,tg,126.5,143.20907592773438,170.63084932151733,155.93834529564396
*CC(*)c1cccc(NC(C)=O)c1,tg,163.0,172.66616821289062,127.19774566812944,151.5595902394391
*CC(*)c1cccc(OC(C)=O)c1,tg,76.0,96.8218231201172,99.68810578998628,98.1523601231546
*CC(*)c1cccc2c1OCO2,egc,4.5452,4.158846855163574,4.084321730457084,4.12521548056432
*CC(*)c1cccc2ccccc12,tg,159.0,167.103271484375,172.78667576779802,169.7415247808166
*CC(*)c1ccccc1,tg,92.74,105.53849792480467,68.11129525064396,88.16467830762588
*CC(*)c1ccccc1Br,tg,148.5,139.45462036132812,113.68117309934738,127.49050892235948
*CC(*)c1ccccc1C(=O)N(C)C,tg,190.0,140.6998748779297,153.56808100821934,146.67333471810838
*CC(*)c1ccccc1C(=O)NC,tg,189.0,158.82620239257812,179.95614750289147,168.6347862203222
*CC(*)c1ccccc1C(=O)Nc1ccccc1,tg,191.0,212.96502685546875,178.75485191964128,197.08456115297753
*CC(*)c1ccccc1C(=O)OC,tg,130.0,144.17030334472656,132.72210862127596,138.85601705410602
*CC(*)c1ccccc1C(=O)OC(C)C,tg,146.0,146.01039123535156,134.98040725348486,140.8902396239776
*CC(*)c1ccccc1C(=O)OCC,tg,118.0,116.80506896972656,118.02792331418172,117.3727216202228
*CC(*)c1ccccc1C(=O)OCC(C)C,tg,127.0,104.42634582519533,87.74261985096958,96.681710241763
*CC(*)c1ccccc1C(=O)OCCCC,tg,66.0,87.87277221679688,89.04805889449682,88.41834381386761
*CC(*)c1ccccc1C(=O)OCCCCC,tg,92.0,76.54486846923828,58.263010046959046,68.05837501524672
*CC(*)c1ccccc1C(=O)OCCN(C)C,tg,69.0,89.49341583251953,73.89445422850103,82.25233111980549
*CC(*)c1ccccc1COC,tg,89.0,105.6802215576172,86.03675930292323,96.56166752511052
*CC(*)c1ccccc1COCC,tg,74.0,66.12568664550781,77.78411469881937,71.53756387773096
*CC(*)c1ccccc1COCCC,tg,97.0,66.14552307128906,63.42373720948812,64.88206191948453
*CC(*)c1ccccc1COCCCC,tg,67.0,36.39904022216797,62.19015441784797,48.3713527046918
*CC(*)c1ccccc1COCCCCC,tg,47.0,32.98927307128906,49.95194355654927,40.86339553249066
*CC(*)c1ccccc1COCCc1ccccc1,tg,63.0,60.24651336669922,64.4754676119974,62.20960659775808
*CC(*)c1ccccc1COCc1ccccc1,tg,72.0,76.51078796386719,68.89607549396581,72.97601562085998
*CC(*)c1ccccc1Cl,tg,112.63,122.9194564819336,135.78080446761265,128.88973275083632
*CC(*)c1ccccc1O,tg,172.0,132.4148712158203,139.3022270683032,135.61200243778498
*CC(*)c1ccccn1,tg,101.64,100.68437957763672,88.97114655361011,95.24706171380618
*CC(*)c1cccs1,tg,71.0,99.09364318847656,46.33901996266479,74.60478902865823
*CC(*)c1ccncc1,egc,2.5368,4.740651607513428,4.566057388518599,4.661861486664854
*CC(*)c1nc(C)nc(C)n1,egc,5.2445,5.224983215332031,4.448297556723157,4.874483884624183
*CC(*)c1nc(C)nc(C)n1,tg,70.0,39.53105163574219,85.44217229376498,60.84313139973983
*CC(*)c1nnn[nH]1,tg,72.0,125.31399536132812,107.92438339031337,117.2416853832777
*CC(*)n1c(C)c(C)c2ccccc21,egc,2.733,3.7885630130767822,2.7252787271968058,3.3087286986121467
*CC(*)n1cc2ccccc2n1,egc,3.7572,3.07300066947937,3.050999235439124,3.063071957882543
*CC(*)n1ccc2ccccc21,egc,1.6204,3.513516902923584,3.296162398239155,3.415430106065922
*CC(*)n1nnc2ccccc21,egc,4.0479,3.4887919425964355,3.6303476465182487,3.5526725858560777
*CC(=C)COCC(=C)COC(=O)O*,tg,70.5,-8.082061767578125,-17.0230605865795,-12.232500207530864
*CC(=O)C(*)C,egc,4.7758,5.493765830993652,5.805883613578582,5.634616988325406
*CC(=O)C(*)c1ccc(C(C)(C)C)cc1,tg,158.0,140.72328186035156,110.1139498230805,126.51433821987403
*CC(=O)C(=S)C(*)=O,eea,4.8698,4.4796905517578125,3.779620616915149,4.304278090890564
*CC(=O)C(=S)C(*)=O,egb,1.4812,1.2272887229919434,1.3259918157459571,1.25018500932367
*CC(=O)C(=S)C(*)=O,ei,6.8667,6.701512813568115,6.785089672236383,6.7363647740564945
*CC(=O)C(=S)C(*)=O,eps,6.33,4.698539733886719,5.072080606224756,4.903264024292129
*CC(=O)C(=S)O*,eea,2.8847,3.924856662750244,4.064878127115885,3.959941028491694
*CC(=O)C(=S)O*,egb,2.0217,2.3904476165771484,2.291961767791893,2.367601724614775
*CC(=O)C(=S)O*,ei,6.719,6.902803897857666,6.877992311915578,6.892457344676719
*CC(=O)C(=S)O*,eps,4.8,4.98665714263916,5.4499435970469134,5.240567752311973
*CC(=O)C(=S)c1ccc(*)cc1,nc,2.03,2.0122945308685303,1.9572222908803036,1.9929215209518563
*CC(=O)C(=S)c1ccc(*)s1,egc,2.5515,2.616368293762207,2.9281957528699905,2.7570884351761302
*CC(=O)CC(*)=O,eea,1.5258,2.031522750854492,2.046973753981074,2.035394219041325
*CC(=O)CC(*)=O,egb,4.6959,4.312177658081055,4.498779081872563,4.355463835948713
*CC(=O)CC(*)=O,egc,4.1544,5.190521240234375,5.155772248212785,5.174839866037052
*CC(=O)CC(*)=O,ei,5.6663,6.619861602783203,6.78102359186842,6.6870669436553785
*CC(=O)CC(*)=O,eps,3.79,3.5050084590911865,3.774666215774824,3.6527981575620245
*CC(=O)CC(*)=O,nc,1.7565,1.685931921005249,1.7154629598978943,1.6963201875700231
*CC(=O)CC(*)=S,eea,3.0632,3.1739630699157715,3.38667464145518,3.2272609739702474
*CC(=O)CC(*)=S,egc,2.8292,3.29623031616211,2.919769413230675,3.1263426749360894
*CC(=O)CC(*)=S,eps,3.82,4.077628135681152,4.338129803946954,4.220399712058689
*CC(=O)CC(*)=S,nc,1.8167,1.8094220161437988,1.8202276365891732,1.8132231579184714
*CC(=O)CO*,ei,6.97,6.594862937927246,7.001640448863354,6.7644911575637074
*CC(=O)CO*,nc,1.6922,1.7855570316314695,1.690079221781534,1.7519703724100444
*CC(=O)Cc1ccc(*)cc1,eea,1.8209,1.4541140794754028,1.6170811130550942,1.494947783335109
*CC(=O)Cc1ccc(*)cc1,egc,4.4305,5.163446426391602,4.997847843163824,5.088715816982045
*CC(=O)Cc1ccc(*)cc1,ei,6.2518,6.470820426940918,6.555192832791136,6.50600413451089
*CC(=O)Cc1ccc(*)cc1,eps,3.64,3.5749857425689697,3.629314071268689,3.60476114163667
*CC(=O)Cc1ccc(*)s1,eea,1.6069,1.9691014289855957,1.721893366038224,1.9071599392720433
*CC(=O)Cc1ccc(*)s1,nc,1.799,1.8244816064834597,1.8120820953603265,1.82011977460588
*CC(=O)N*,egc,6.0823,5.824615478515625,5.654560245221696,5.747873691420384
*CC(=O)N*,ei,7.2525,6.686398506164551,6.625963049474474,6.6611966239423435
*CC(=O)NC(*)=O,egb,4.8368,5.279008388519287,4.6392812290746415,5.1306100373821995
*CC(=O)NC(*)=O,egc,4.269,5.308223724365234,4.90923156678456,5.128168276399083
*CC(=O)NC(*)=O,ei,5.8547,6.698632717132568,7.491417818493881,7.029227997556892
*CC(=O)NC(*)=O,nc,1.7864,1.7426612377166748,1.726102334414389,1.7368362377175282
*CC(=O)NC(*)=S,eea,2.9562,3.1975183486938477,3.0832392393879435,3.1688840954694593
*CC(=O)NC(*)=S,egb,3.0348,3.005505084991455,2.985254692385181,3.0008075747665357
*CC(=O)NC(*)=S,egc,2.887,3.2117438316345215,3.027164322071514,3.1284475922265575
*CC(=O)NC(*)=S,ei,5.8386,6.190145492553711,6.675213126726639,6.392421078041886
*CC(=O)NC(*)=S,nc,1.9255,1.9140195846557615,1.893100830301012,1.9066609002142776
*CC(=O)NCC(=O)O*,egc,6.011,6.194396495819092,5.905705945640573,6.064117478178305
*CC(=O)NCCCCCCNC(=O)CCc1ccc(O*)cc1,tg,72.0,65.13721466064453,68.11664986251594,66.52027740805428
*CC(=O)NCCCCCCNC(=O)CO*,egc,6.0674,5.614198684692383,5.7749322371052285,5.6867338241256284
*CC(=O)NCCCCCCNC(=O)CO*,tg,10.0,54.150054931640625,34.295618723974464,44.93356615806411
*CC(=O)NCCCCCCNC(=O)COC(=O)CCCCC(=O)O*,egc,6.0986,6.03568172454834,5.786043873921159,5.923026239546994
*CC(=O)NCCCCCCNC(=O)COC(=O)CCCCCCCCC(=O)O*,tg,2.0,32.00983428955078,11.68364144484256,22.574354671626867
*CC(=O)NCCCCCCNC(=O)COC(=O)CCCCCCCCCCC(=O)O*,tg,0.9,11.155731201171877,4.798419478927886,8.204648052532043
*CC(=O)NCCCCCCNC(=O)COc1ccc(O*)cc1,egc,4.6023,5.139145851135254,4.88494687837756,5.024432042748763
*CC(=O)NCCCCCCNC(=O)COc1ccc(O*)cc1,tg,67.0,85.51936340332031,62.00096450825709,74.60205217263673
*CC(=O)NCCCCCCNC(=O)CS*,tg,-7.0,29.294898986816406,48.62862116418367,38.26967074741421
*CC(=O)NCCCCCCNC(=O)Cc1ccc(O*)cc1,tg,69.5,75.25348663330078,65.25072849801597,70.61017633758675
*CC(=O)Nc1ccc(*)cc1,eea,1.369,1.432262659072876,1.1085593354249976,1.3511541958094975
*CC(=O)Nc1ccc(*)cc1,egc,4.5889,4.3025288581848145,4.096101266990156,4.209373111388933
*CC(=O)Nc1ccc(*)cc1,eps,4.03,4.382257461547852,4.089904489620474,4.222029333495556
*CC(=O)Nc1ccc(*)cc1,nc,1.8294,1.9069905281066897,1.8211579151377535,1.876796803235925
*CC(=O)Nc1ccc(*)s1,eea,1.3272,1.4541034698486328,1.4532586886877448,1.453891797935656
*CC(=O)Nc1ccc(*)s1,egb,3.9328,3.433955192565918,3.7057756005134,3.497009730347047
*CC(=O)Nc1ccc(*)s1,egc,4.4758,4.063031196594238,4.102902989308883,4.081024366038921
*CC(=O)Nc1ccc(*)s1,nc,1.8784,1.8841172456741333,1.8874396915189051,1.8852859974138871
*CC(=O)Nc1ccc(Cc2ccc(NC(=O)CN3C(=O)c4ccc(C(=O)c5ccc6c(c5)C(=O)N(*)C6=O)cc4C3=O)cc2)cc1,tg,233.0,220.1889190673828,216.19408210548943,218.33450378072047
*CC(=O)Nc1ccc(Cc2ccc(NC(=O)COc3ccc4ccccc4c3Sc3c(O*)ccc4ccccc34)cc2)cc1,tg,241.0,184.96759033203125,234.40105926551217,207.91475471882225
*CC(=O)Nc1ccc(NC(=O)CN2C(=O)c3ccc(C(=O)c4ccc5c(c4)C(=O)N(*)C5=O)cc3C2=O)cc1,egc,2.4122,2.5166492462158203,2.748997790808673,2.621502488281087
*CC(=O)Nc1ccc(NC(=O)COc2ccc3ccccc3c2Sc2c(O*)ccc3ccccc23)cc1,tg,268.0,212.05352783203125,240.41751444484976,225.22017539918699
*CC(=O)Nc1ccc(Oc2c(F)c(F)c(Oc3ccc(NC(=O)c4ccc5c(c4)C(=O)N(*)C5=O)cc3)c(F)c2F)cc1,tg,254.0,253.78314208984375,226.81953107028357,241.26655306875102
*CC(=O)Nc1ccc(Oc2ccc(-c3ccc(Oc4ccc(NC(=O)CN5C(=O)c6ccc(C(c7ccc8c(c7)C(=O)N(*)C8=O)(C(F)(F)F)C(F)(F)F)cc6C5=O)cc4)cc3)cc2)cc1,tg,245.0,246.04425048828125,239.47018336656996,242.9925488337867
*CC(=O)Nc1ccc(Oc2ccc(NC(=O)CN3C(=O)c4ccc(C(=O)c5ccc6c(c5)C(=O)N(*)C6=O)cc4C3=O)cc2)cc1,egc,2.2667,2.462217092514038,2.4786712003194316,2.469642430820805
*CC(=O)Nc1ccc(Oc2ccc(NC(=O)CN3C(=O)c4ccc(C(=O)c5ccc6c(c5)C(=O)N(*)C6=O)cc4C3=O)cc2)cc1,tg,235.0,235.0628967285156,237.7789150414909,236.3236805668751
*CC(=O)Nc1ccc(Oc2ccc(Oc3ccc(NC(=O)CN4C(=O)c5ccc(C(=O)c6ccc7c(c6)C(=O)N(*)C7=O)cc5C4=O)cc3)cc2)cc1,egc,2.2729,2.4956021308898926,2.571223840586402,2.5297283676007436
*CC(=O)Nc1ccc(Oc2ccc(Oc3ccc(NC(=O)CN4C(=O)c5ccc(C(=O)c6ccc7c(c6)C(=O)N(*)C7=O)cc5C4=O)cc3)cc2)cc1,tg,230.0,239.2012939453125,228.616803727927,234.28794187415687
*CC(=O)Nc1ccc(Oc2ccc(Oc3ccc(NC(=O)CN4C(=O)c5ccc(C(c6ccc7c(c6)C(=O)N(*)C7=O)(C(F)(F)F)C(F)(F)F)cc5C4=O)cc3)cc2)cc1,tg,242.0,243.72634887695312,234.53670177477187,239.4604871589719
*CC(=O)Nc1ccc(Oc2ccc(S(=O)(=O)c3ccc(Oc4ccc(NC(=O)CN5C(=O)c6ccc(C(c7ccc8c(c7)C(=O)N(*)C8=O)(C(F)(F)F)C(F)(F)F)cc6C5=O)cc4)cc3)cc2)cc1,tg,241.0,239.42445373535156,230.61299970611609,235.33415037493796
*CC(=O)Nc1ccc(Oc2cccc(NC(=O)CN3C(=O)c4ccc(C(=O)c5ccc6c(c5)C(=O)N(*)C6=O)cc4C3=O)c2)cc1,tg,226.0,208.93836975097656,210.10024840717335,209.4777173042937
*CC(=O)Nc1ccc(Oc2cccc(Oc3ccc(NC(=O)CN4C(=O)c5ccc(C(c6ccc7c(c6)C(=O)N(*)C7=O)(C(F)(F)F)C(F)(F)F)cc5C4=O)cc3)c2)cc1,tg,221.0,231.11917114257812,225.90724047176377,228.69977730969396
*CC(=O)Nc1ccc(S(=O)(=O)c2ccc(NC(=O)c3ccc4c(c3)C(=O)N(*)C4=O)cc2)cc1,tg,232.0,256.35479736328125,215.1250498891332,237.2158250571244
*CC(=O)Nc1cccc2c(NC(=O)COc3ccc4ccccc4c3Sc3c(O*)ccc4ccccc34)cccc12,tg,264.0,232.91387939453125,248.5758316396531,240.18420455157207
*CC(=O)O*,eea,1.2063,1.5750890970230105,1.020224400336556,1.4360598700129903
*CC(=O)O*,ei,8.2018,7.832222938537598,7.487803620496178,7.688598391562712
*CC(=O)O*,eps,3.99,3.695079088211059,3.632165208870748,3.6605982582446375
*CC(=O)O*,nc,1.6701,1.68840491771698,1.7582597705972571,1.712978073954437
*CC(=O)O*,tg,55.86,49.551536560058594,45.42843691527402,47.637581351709656
*CC(=O)OC(*)=O,egc,6.3725,5.619711875915527,5.546729252901934,5.586776594780835
*CC(=O)OC(*)=O,ei,8.5901,7.000259876251221,6.877692102775517,6.9491485128141335
*CC(=O)OC(*)=O,eps,3.95,3.9252891540527344,3.692940120304641,3.7979470220854066
*CC(=O)OC(*)=S,egb,3.73,3.274416446685791,3.396465271175098,3.3027282731340475
*CC(=O)OC(*)=S,eps,3.78,4.172875881195068,4.553322603728966,4.381385019218744
*CC(=O)OC(=O)c1ccc(O*)cc1Br,egc,4.4665,4.719232559204102,4.638971152459773,4.683012540160691
*CC(=O)OC(=O)c1cccc(O*)c1,egc,4.4815,4.859253406524658,4.801552692827057,4.83321447905354
*CC(=O)OCCCCCCOC(=O)Cn1c(=O)c2cc3c(=O)n(*)c(=O)c3cc2c1=O,egc,3.6832,3.270608901977539,3.5597974740840135,3.4011126647909586
*CC(=O)Oc1ccc(*)s1,eea,1.4534,1.7088994979858398,1.4100775115401791,1.6340254069916973
*CC(=O)Oc1ccc(*)s1,egb,4.2025,3.833498477935791,3.9101314225390382,3.851275122953917
*CC(=O)Oc1ccc(*)s1,egc,4.6247,4.1923041343688965,4.647762587582349,4.397841446983211
*CC(=O)Oc1ccc(*)s1,eps,3.92,3.858744382858277,4.0563900953708245,3.9670668750999987
*CC(=O)Oc1ccc(*)s1,nc,1.8447,1.8448469638824463,1.8277593241250432,1.8388359678789519
*CC(=O)c1ccc(-c2ccc(*)cc2)cc1,egb,3.0649,3.0428590774536133,3.046573279983641,3.0437206659028577
*CC(=O)c1ccc(-c2ccc(*)cc2)cc1,ei,6.2808,6.335854530334473,6.071107258323051,6.225453617802312
*CC(=O)c1ccc(-c2ccc(*)cc2)cc1,eps,3.96,3.835837364196778,4.0466147636805365,3.951356860825677
*CC(=O)c1ccc(-c2ccc(*)cc2)s1,egb,2.5123,2.7869186401367188,2.6138019376557575,2.746760530819043
*CC(=O)c1ccc(-c2ccc(*)cc2)s1,egc,3.4067,3.4372398853302,3.049381030367272,3.26220862581511
*CC(=O)c1ccc(-c2ccc(*)cc2)s1,eps,4.58,4.718959808349609,4.706567899150807,4.712168249499264
*CC(=O)c1ccc(-c2ccc(*)cc2)s1,nc,2.0173,2.0414879322052,2.0119105442006013,2.031083361204549
*CC(=O)c1ccc(-c2ccc(*)s2)cc1,eea,2.4129,2.612156391143799,2.238403931613818,2.5185074063519077
*CC(=O)c1ccc(-c2ccc(*)s2)cc1,egc,3.5141,3.4719338417053223,3.4101088842019824,3.4440337434020085
*CC(=O)c1ccc(-c2ccc(*)s2)cc1,ei,5.9294,6.095277786254883,5.945014821639278,6.032617392108744
*CC(=O)c1ccc(-c2ccc(*)s2)cc1,nc,2.0511,1.9621870517730713,2.007948114121144,1.978284626791924
*CC(=O)c1ccc(-c2ccc(*)s2)s1,egb,2.3893,2.4629690647125244,2.3621158038471006,2.4395740010541047
*CC(=O)c1ccc(-c2ccc(*)s2)s1,egc,2.8653,2.8521595001220703,2.747207882628385,2.8047973900064678
*CC(=O)c1ccc(-c2ccc(*)s2)s1,eps,4.89,5.133635520935059,4.733576037403303,4.914377335416136
*CC(=O)c1ccc(C(*)=O)cc1,egb,2.9172,3.1367080211639404,3.771180801212141,3.2838875069970164
*CC(=O)c1ccc(C(*)=O)cc1,egc,4.4703,4.129122734069824,4.29459405864196,4.203795914745974
*CC(=O)c1ccc(C(*)=O)cc1,eps,4.2,4.211048126220703,4.177054169308006,4.192417263516271
*CC(=O)c1ccc(C(*)=O)s1,eea,3.1941,3.234377861022949,2.6273258213525463,3.0822723543395347
*CC(=O)c1ccc(C(*)=O)s1,egb,2.9786,2.775993824005127,3.2377806610976703,2.8831151243745445
*CC(=O)c1ccc(C(*)=O)s1,egc,4.0034,3.8691372871398926,3.540301703047998,3.720741792953004
*CC(=O)c1ccc(C(*)=O)s1,ei,7.202,6.901834964752197,6.720013638040225,6.826014578637155
*CC(=O)c1ccc(C(*)=O)s1,eps,4.49,4.573746681213379,4.469607540761937,4.5166717713142095
*CC(=O)c1ccc(C(*)=O)s1,nc,1.9246,1.9283123016357424,1.94129474648876,1.9328791947371298
*CC(=O)c1ccc(C(*)=S)cc1,eea,3.7473,3.283277750015259,3.4816094709142704,3.332972578345161
*CC(=O)c1ccc(C(*)=S)cc1,egb,2.4669,2.3045239448547363,2.244213584606536,2.290533671212007
*CC(=O)c1ccc(C(*)=S)cc1,egc,2.7253,2.9047513008117676,2.6950930343709367,2.8101376289222952
*CC(=O)c1ccc(C(*)=S)cc1,ei,6.4748,6.366788387298584,6.536068847330604,6.437379170423227
*CC(=O)c1ccc(C(*)=S)s1,egb,2.3542,1.9932680130004885,2.116610659991099,2.0218799691572045
*CC(=O)c1ccc(C(*)=S)s1,eps,4.78,4.812986850738525,4.978971306368346,4.90395694909604
*CC(=O)c1ccc(O*)cc1,eea,2.3793,2.117698431015014,2.104769746098645,2.11445896546438
*CC(=O)c1ccc(O*)cc1,egb,3.8893,3.755894184112549,3.55438333837818,3.7091494480141467
*CC(=O)c1ccc(O*)cc1,ei,6.5457,6.737916946411133,6.714730269044214,6.728247988085526
*CC(=O)c1ccc(O*)s1,eea,2.4711,2.4686472415924072,2.2499195010353517,2.413841900980731
*CC(=S)C(=O)C(*)=S,egb,0.725,0.4748117923736572,1.4607460455348944,0.7035202586918886
*CC(=S)C(=O)C(*)=S,egc,1.5344,1.3076298236846924,3.220132979279875,2.17069594133825
*CC(=S)C(=O)O*,eea,3.8755,3.7549896240234375,3.686382827241909,3.7377992170987753
*CC(=S)C(=O)O*,egb,2.0697,1.9263360500335691,2.0660485071817636,1.958745332597251
*CC(=S)C(=O)O*,eps,4.54,5.598027229309082,4.773036442750126,5.145879510340217
*CC(=S)C(=O)O*,nc,1.92,2.054668426513672,1.9693204077424968,2.0246451695265595
*CC(=S)CC(*)=S,egc,2.5423,1.319072723388672,2.909572335800694,2.0368264806036436
*CC(=S)CC(*)=S,nc,1.9346,1.9297155141830444,1.9723511071950524,1.9447136287758315
*CC(=S)CO*,egb,2.5314,3.453291893005371,3.702111658377188,3.5110109414565094
*CC(=S)CO*,egc,3.0342,3.841634750366211,3.877575047103308,3.8578537313814607
*CC(=S)CO*,ei,5.5936,6.08969259262085,6.145348033205049,6.112901184653518
*CC(=S)CO*,eps,4.16,4.312516689300537,4.250964100006744,4.278781933350233
*CC(=S)CO*,nc,1.8843,1.8187047243118288,1.8292380864631967,1.822410092560115
*CC(=S)NC(*)=S,egc,2.5403,2.3933091163635254,2.7437842994542443,2.551470034801274
*CC(=S)NC(*)=S,eps,5.73,5.140179634094238,4.895218586499588,5.005925311851296
*CC(=S)NC(*)=S,nc,2.0504,2.027693033218384,2.1106373809103696,2.0568707400033706
*CC(=S)NO*,eea,2.2076,2.393958806991577,2.612722573855134,2.448773174505803
*CC(=S)NO*,egb,3.2554,2.816314697265625,3.264637311623006,2.9203126841665714
*CC(=S)NO*,egc,3.435,3.5411462783813477,3.604527755495981,3.569748796094554
*CC(=S)NO*,ei,5.6761,5.715400695800781,5.655768136504958,5.690533625734794
*CC(=S)NO*,eps,5.15,4.688847541809082,4.4776526927913745,4.573099256134736
*CC(=S)NO*,nc,1.9431,1.9644283056259155,1.9421486483504224,1.956590890234232
*CC(=S)OC(*)=S,egb,2.7744,2.4545154571533203,2.6445663156732864,2.4986018049348253
*CC(=S)OC(*)=S,egc,3.3702,3.276364803314209,2.97455606040804,3.1401658646343593
*CC(=S)OC(*)=S,nc,1.9523,2.036348342895508,2.0149835105975384,2.0288327396067163
*CC(=S)c1ccc(C(*)=S)cc1,eea,2.9742,4.079298496246338,3.322786625660879,3.8897437070887304
*CC(=S)c1ccc(C(*)=S)s1,egb,1.6797,1.4180536270141602,1.67491172232662,1.477637337441074
*CC(=S)c1ccc(C(*)=S)s1,ei,4.932,6.146867752075195,5.93689901627711,6.059309758146809
*CC(=S)c1ccc(C(*)=S)s1,eps,6.4,6.05051851272583,6.612184826491566,6.3583475778843415
*CC(=S)c1ccc(C(*)=S)s1,nc,2.4487,2.2741663455963135,2.2932689504811923,2.280886154958493
*CC(=S)c1ccc(N*)cc1,eea,3.0309,2.541989803314209,2.8944334550281896,2.6302995637927578
*CC(=S)c1ccc(N*)cc1,egc,2.6292,2.468017339706421,2.7683013938247556,2.603528223452141
*CC(=S)c1ccc(N*)cc1,ei,5.6636,5.40183687210083,5.478197870834181,5.433679783561182
*CC(=S)c1ccc(N*)cc1,eps,5.48,5.109457492828369,5.032414533979515,5.067233023569242
*CC(=S)c1ccc(O*)cc1,eea,3.1915,2.964134931564331,3.0357358450386296,2.982075556932984
*CC(=S)c1ccc(O*)cc1,egb,2.3706,2.047682762145996,2.2900897645411944,2.1039142335294527
*CC(=S)c1ccc(O*)cc1,egc,2.734,2.7499732971191406,3.2446840413018045,2.9732242131210853
*CC(=S)c1ccc(O*)cc1,eps,4.45,4.714161396026611,4.457266804531197,4.573366728434539
*CC(=S)c1ccc(O*)s1,egb,1.6344,2.2616770267486572,2.3220787191781103,2.2756884868376765
*CC(=S)c1ccc(O*)s1,egc,2.8161,2.65344762802124,3.296828821788194,2.9437898988045523
*CC(=S)c1ccc(O*)s1,ei,5.946,5.760422706604004,5.716049402001491,5.741918820679265
*CC(=S)c1ccc(O*)s1,eps,5.64,4.618223190307617,5.5296004769006775,5.117716236735278
*CC(=S)c1ccc(O*)s1,nc,2.1619,2.0098633766174316,2.132615572573109,2.0530444694883814
*CC(C#N)(C#N)C(C#N)C(*)(C#N)C#N,egb,6.2447,6.008331775665283,6.060902236534179,6.020526614662323
*CC(C#N)(C#N)C(C#N)C(C#N)(C#N)C(C#N)C(C#N)(C#N)C(C#N)C(*)(C#N)C#N,egb,5.9056,6.486005783081055,6.068953382940915,6.3892615889275834
*CC(C#N)(C#N)CC(C#N)(C#N)C(C#N)C(*)(C#N)C#N,egb,6.5308,6.01885986328125,6.357920627144317,6.09751223492081
*CC(C#N)(C#N)CC(C#N)(C#N)C(C#N)C(*)(C#N)C#N,egc,6.9307,6.051340103149414,5.546040728573604,5.823310796012299
*CC(C#N)(C#N)CC(C#N)(C#N)CC(C#N)(C#N)C(C#N)C(*)(C#N)C#N,egb,6.4504,5.885882377624512,6.032495164691051,5.919892338801047
*CC(C#N)C(CCC(C)(O)C=C)C(*)(C)C,tg,50.0,107.8967742919922,59.35438900412201,85.36325360327398
*CC(C(=O)Oc1ccccc1)C(C(=O)O)C(*)(C)C,egc,5.2905,5.473782062530518,5.07564017386097,5.294110320225682
*CC(C)(C)C(=O)N*,egc,5.6887,5.722101211547852,5.80392228724106,5.759025071220543
*CC(C)(C)C(=O)O*,egc,6.6633,6.636164665222168,6.587445322688426,6.614178811921892
*CC(C)(C)C(=O)O*,tg,-6.17,16.073333740234375,101.65745011674674,55.8017369812203
*CC(C)(C)C1C(=O)N(C(C)C)C(=O)C1*,egc,5.5919,5.179127216339111,5.645751218039013,5.389703269180064
*CC(C)(C)C1C(=O)N(C)C(=O)C1*,tg,156.5,138.75543212890625,153.48468826116948,145.5927969559025
*CC(C)(C)C1C(=O)N(CCCC)C(=O)C1*,tg,80.0,135.95106506347656,134.65243135416912,135.34823540477294
*CC(C)(C)C1C(=O)N(c2c(C)cccc2C)C(=O)C1*,tg,237.0,233.0570373535156,223.2601134720307,228.50927593511653
*CC(C)(C)C1C(=O)N(c2c(CC)cccc2CC)C(=O)C1*,tg,210.0,197.2674560546875,187.4037653123964,192.68870125946168
*CC(C)(C)C1C(=O)N(c2ccccc2C)C(=O)C1*,tg,207.0,213.2791748046875,222.3528359275214,217.49119548354952
*CC(C)(C)CO*,egc,5.8123,5.819465637207031,5.599472648478437,5.72018815672941
*CC(C)(C)CO*,tg,-50.0,-54.10978698730469,-36.74276528271306,-46.04796347861068
*CC(C)(C)COC(=O)C(=O)O*,egc,4.957,5.660024166107178,5.699855833527864,5.677999227983476
*CC(C)(C)COC(=O)C1CCC(C(=O)O*)CC1,tg,30.0,21.178550720214844,28.912497989105603,24.768672214152907
*CC(C)(C)COC(=O)CC(=O)O*,egc,6.7138,6.704351425170898,6.3820541421641055,6.5589065071004775
*CC(C)(C)COC(=O)CCC(=O)O*,egc,6.4486,6.560589790344238,6.624622169132253,6.589486044137605
*CC(C)(C)COC(=O)CCC(=O)O*,tg,-18.0,-15.160385131835938,-17.234907158812362,-16.123384472244453
*CC(C)(C)COC(=O)CCCCC(=O)O*,egb,6.5878,6.259178638458252,6.3161610322347395,6.272396919338519
*CC(C)(C)COC(=O)CCCCC(=O)O*,egc,6.692,6.724244117736816,6.70220085532834,6.714296530015644
*CC(C)(C)COC(=O)CCCCCCC(=O)O*,egc,6.7281,6.5179314613342285,6.73833660169009,6.617394935808143
*CC(C)(C)COC(=O)CCCCCCCCC(=O)O*,egc,6.6996,6.704639911651611,6.645022936768962,6.677736222155629
*CC(C)(C)COC(=O)NC(=O)c1ccc(C(=O)NC(=O)O*)cc1,tg,102.0,101.71954345703124,89.60532321440226,96.09608612492562
*CC(C)(C)COC(=O)NC(=O)c1cccc(C(=O)NC(=O)O*)c1,egc,4.9585,5.017139434814453,4.641649925282527,4.847690159782797
*CC(C)(C)COC(=O)NC(=O)c1cccc(C(=O)NC(=O)O*)c1,tg,66.0,118.27337646484376,96.46206951148592,108.14850242812672
*CC(C)(C)COC(=O)NC1CCC(CC2CCC(NC(=O)O*)CC2)CC1,egc,5.9159,5.908438682556152,5.912252146512608,5.9101596060077455
*CC(C)(C)COC(=O)NCCCC(CCNC(=O)O*)OC,egc,6.1723,5.9104719161987305,5.735598426836902,5.831555767431867
*CC(C)(C)COC(=O)Nc1ccc(C)c(NC(=O)O*)c1,tg,-32.0,84.61569213867188,68.67303733609074,77.2150640134441
*CC(C)(C)COC(=O)Nc1ccc(Cc2ccc(NC(=O)O*)c(C)c2)cc1C,egc,4.5157,4.888528823852539,4.3778792075410635,4.658085082862178
*CC(C)(C)COC(=O)Nc1ccc(Cc2ccc(NC(=O)O*)cc2)cc1,tg,94.0,81.36602783203125,87.43145302479151,84.18161637916202
*CC(C)(C)COC(=O)Nc1ccc(NC(=O)O*)cc1,egc,4.8883,4.93341064453125,4.902590040756168,4.919502056319995
*CC(C)(C)COC(=O)O*,egc,7.3547,6.893268585205078,6.931364424577407,6.910460310138781
*CC(C)(C)COC(=O)c1ccc(-c2ccc(-c3ccc(C(=O)O*)cc3)cc2)cc1,tg,100.0,103.54840087890624,70.43691121430957,88.17794817109689
*CC(C)(C)COC(=O)c1ccc(C=Cc2ccc(C(=O)O*)cc2)cc1,tg,80.0,93.20614624023438,69.57396977661692,82.23601912133836
*CC(C)(C)CS(=O)(=O)CC(C)(C)COC(=O)Nc1ccc(Cc2ccc(NC(=O)O*)cc2)cc1,tg,90.0,92.99761962890624,81.90165650011282,87.84684029984844
*CC(C)(C)CS(=O)(=O)CC(C)(C)COC(=O)O*,egc,6.8436,6.167407035827637,5.737017749612633,5.973182828015718
*CC(C)(C)CS(=O)(=O)CC(C)(C)COC(=O)O*,tg,50.0,72.2379379272461,76.36495578541194,74.15371198198599
*CC(C)(C)CS(=O)(=O)CC(C)(C)COC(=O)c1ccc(C(=O)O*)cc1,tg,105.0,66.31494903564453,47.770697136940385,57.70665174373809
*CC(C)(C)CS*,tg,-51.03,-54.16529846191406,5.638546459583612,-26.404174470749147
*CC(C)(C)O*,egc,5.2445,6.187947750091553,5.807430766634754,6.016229698462457
*CC(C)(C)O*,tg,92.0,-98.82615661621094,52.857597357325,-28.41410356122434
*CC(C)(C)S*,tg,-14.0,-85.29481506347656,4.067492648375421,-43.8125640847676
*CC(C)(CC)C(=O)O*,tg,-7.4,19.522964477539062,53.35808693077348,35.22932969391395
*CC(C)(CC)CO*,egc,5.6322,5.723803520202637,5.641789632704835,5.686792649256191
*CC(C)(CC)CO*,tg,-47.0,-36.95611572265625,11.210189604349264,-14.597172478546504
*CC(C)(CC)COC(=O)CCCCCCCCC(=O)O*,egc,6.7916,6.610299110412598,6.577912222123631,6.595683696128621
*CC(C)(CCC)COC(=O)c1ccc(-c2ccc(C(=O)O*)cc2)cc1,tg,95.0,39.28900909423828,58.29653185326227,48.11235810751339
*CC(C)(CCl)O*,egc,5.7953,5.9395833015441895,6.180842672434828,6.048457782599528
*CC(C)(CO)CO*,tg,62.0,-1.6226654052734375,20.174702418712943,8.495738045826283
*CC(C)(CO*)COCC(F)(F)C(F)(F)C(F)(F)F,tg,-45.0,-27.609771728515625,-20.61384767621872,-24.36224282291556
*CC(C)(CO*)COCC(F)(F)F,egc,5.3043,6.418160438537598,6.621918095668004,6.510111309085049
*CC(C)(CO*)COCC(F)(F)F,tg,-41.0,-27.879730224609375,-34.30376840459569,-30.861787994852673
*CC(C)(CO*)COCCC#N,egc,5.387,5.479785442352295,5.9686081633074615,5.700379236805057
*CC(C)(CO*)COCCC#N,tg,-52.0,-15.030517578125,-9.36143160397616,-12.398910883747622
*CC(C)(CO*)COCCCCCCCCCCOc1ccc(-c2ccc(C#N)cc2)cc1,tg,7.0,15.3492431640625,11.108661890379118,13.380752631591427
*CC(C)(CO*)COCCOCCOCCOC,tg,-18.0,-61.72108459472656,-72.25836828796174,-66.61252325593591
*CC(C)(COC(=O)NCCCCCCNC(=O)O*)C(=O)O,egc,6.2179,6.130792140960693,6.077721316603314,6.106842569842447
*CC(C)(COC(=O)NCCCCCCNC(=O)O*)C(=O)O,tg,-26.0,32.852806091308594,44.45865847157768,38.240277538583186
*CC(C)(N=C=O)C1C(=O)OC(=O)C1*,egc,6.0105,6.121242523193359,5.575200337748228,5.874826977321733
*CC(C)(N=C=O)C1C(=O)OC(=O)C1*,tg,100.0,145.2225341796875,130.54895278581472,138.41101373305946
*CC(C)=CC(C)S(*)(=O)=O,tg,83.0,68.13350677490234,70.71253536134446,69.33069957176951
*CC(C)C(*)(C)C,tg,37.0,49.52375030517578,103.77633392511116,74.7079621679931
*CC(C)C(=O)O*,tg,-26.33,-33.791961669921875,41.85866260115908,1.325284773936275
*CC(C)C(C)COC(=O)c1ccc(C(=O)O*)cc1,egc,4.7326,5.17437744140625,4.658141412212911,4.941412688273528
*CC(C)C(C)COC(=O)c1ccc(C(=O)O*)cc1,tg,37.5,29.05194091796875,38.66368337067192,33.51374056230429
*CC(C)C1C(=O)N(CCC)C(=O)C1*,egc,5.8295,5.871166229248047,5.563399504439047,5.732278598371856
*CC(C)C1COC2C(C(=O)OC(O)(C(F)(F)F)C(F)(F)C*)CC12,egc,6.2241,6.864982604980469,6.295731075962765,6.608093247344473
*CC(C)C=C(*)C,tg,2.08,-37.299102783203125,58.41407357279065,7.131240447986489
*CC(C)CCC(C)CNC(=O)c1cc(C(=O)N*)cc(C(C)(C)C)c1,tg,149.0,150.43759155273438,144.9733935716064,147.90109447858325
*CC(C)CNC(=O)O*,egc,6.3739,6.248678207397461,6.081397862160121,6.173188659732475
*CC(C)CNC(=O)O*,tg,40.0,23.510284423828125,62.97825756253529,41.83143580501221
*CC(C)CO*,egb,7.3501,7.119057655334473,7.178805306321596,7.132917396569314
*CC(C)CO*,egc,5.976,6.076202869415283,6.32825135799598,6.189946216642384
*CC(C)CO*,tg,-55.0,-64.21322631835938,-61.95291614672525,-63.16398356455995
*CC(C)COC(=O)c1ccc(C(=O)O*)cc1,tg,55.0,54.91035461425781,53.18653280790515,54.11015136699757
*CC(C)O*,egb,6.9903,7.2196807861328125,7.55148067813689,7.29664884377103
*CC(C)O*,egc,5.7517,5.97076940536499,6.125085128382848,6.040408334622849
*CC(C)O*,tg,-58.58,-54.9075927734375,-12.704602394526743,-35.316838194951764
*CC(C)S*,tg,-45.29,-63.37333679199219,-29.676277090695063,-47.73106071871712
*CC(CBr)(CBr)COC(=O)CCCCC(=O)O*,egc,6.0899,6.6986188888549805,6.304073526879136,6.520570171496008
*CC(CBr)O*,egc,6.2128,5.458941459655762,5.356014233800726,5.412492908206491
*CC(CBr)O*,tg,-14.0,-12.689559936523438,-17.927808809361213,-15.121170757638977
*CC(CC(*)(C#N)C#N)c1ccc(CCl)cc1,egc,5.4178,5.343588352203369,4.1907280172789765,4.82333054737359
*CC(CC(*)(C#N)C#N)c1ccc(CCl)cc1,tg,150.0,92.68986511230467,91.12193567283094,91.96202756881956
*CC(CC(C)(C)C)O*,egc,5.3855,5.351925849914551,5.804574451982427,5.556195145107663
*CC(CC(C)C)S(*)(=O)=O,tg,23.0,44.03084564208984,52.5507436579745,47.985807827573524
*CC(CC(CC(*)c1ccccn1)c1ccccn1)c1ccccn1,ei,6.2005,6.207024097442627,6.367029319213004,6.273747060663938
*CC(CC(CC(CC(*)c1ccccc1)c1ccccc1)c1ccccc1)c1ccccc1,egb,4.8255,4.586399078369141,4.160955685303471,4.487708414543141
*CC(CC(CC(CC(*)c1ccccc1)c1ccccc1)c1ccccc1)c1ccccc1,egc,5.2025,4.658200740814209,4.133111013648551,4.421240529314011
*CC(CC(CC(CC(*)c1ccccc1)c1ccccc1)c1ccccc1)c1ccccc1,nc,1.6244,1.7969087362289429,1.8359113992761693,1.8106288786846
*CC(CC(Cl)(Cl)Cl)O*,tg,-36.0,30.88462829589844,5.840782821794388,19.2592001928258
*CC(CC)(CC)C(=O)O*,tg,60.0,-3.744918823242187,29.15513048765994,11.527382638884621
*CC(CC)(CC)COC(=O)c1ccc(-c2ccc(-c3ccc(C(=O)O*)cc3)cc2)cc1,tg,-20.0,133.02305603027344,95.77413274405106,115.7319942391194
*CC(CC)(CCl)CO*,tg,20.0,2.136810302734375,-14.308459124904877,-5.497133037331624
*CC(CC)(CO*)COC(=O)C(=C)C,tg,72.5,37.23793029785156,24.882315615426272,31.502416943549388
*CC(CC)N(*)C(=O)CCCC,tg,50.67,19.80189514160156,20.9718638431197,20.34499811819549
*CC(CC)O*,egc,5.7746,6.085910797119141,5.847674387351444,5.978400504830008
*CC(CC)O*,tg,-72.01,-65.61878967285156,-37.194867728672406,-52.424319945305655
*CC(CC)S(*)(=O)=O,tg,32.73,38.006858825683594,43.019214079023556,40.33360915182722
*CC(CC)S*,tg,-50.0,-37.919525146484375,-5.208023169330003,-22.734747921590905
*CC(CCC)C(CCC)COC(=O)c1ccc(C(=O)O*)cc1,egb,4.4708,4.033789157867432,4.522191259589489,4.147084436201965
*CC(CCC)C(CCC)COC(=O)c1ccc(C(=O)O*)cc1,tg,19.67,6.6397705078125,28.08197519897338,16.593306168548544
*CC(CCCC)C(CCCC)COC(=O)c1ccc(C(=O)O*)cc1,tg,16.0,-1.612030029296875,10.3877860262728,3.958320536408837
*CC(CCCC)O*,egc,5.4348,5.717298984527588,5.920101883100762,5.808818995780049
*CC(CCCCCC)C(CCCCCC)COC(=O)c1ccc(C(=O)O*)cc1,tg,-15.5,-6.4578857421875,-9.03962218807774,-7.656335535523521
*CC(CCCCCC)O*,tg,-71.67,-67.28070068359375,-58.36888114041379,-63.14380735090149
*CC(CCCCCCCC)COC(=O)NC(=O)c1cccc(C(=O)NC(=O)O*)c1,tg,65.0,98.41719818115234,98.00640789800148,98.22650810094285
*CC(CCCCCCCCCC)C(CCCCCCCCCC)COC(=O)c1ccc(C(=O)O*)cc1,tg,-38.0,-10.745010375976562,-6.61111304168763,-8.82604284780869
*CC(CCCCCCCCCC)O*,tg,-41.0,-44.7608642578125,-64.51215696029745,-53.92947350725511
*CC(CCCCCCCCCCCC)COC(=O)NC(=O)c1ccc(C(=O)NC(=O)O*)cc1,tg,75.0,93.87338256835938,100.73132894641502,97.05686182418103
*CC(CCCCCCCCCCCC)COC(=O)NC(=O)c1cccc(C(=O)NC(=O)O*)c1,tg,112.0,56.79695129394531,66.78917387735615,61.43537095491382
*CC(CCCCCCOc1ccc(N=Nc2ccc(C#N)cc2)cc1)COC(=O)CCCCCCCCCCCCC(=O)O*,tg,21.5,19.757591247558594,18.57416812341848,19.208242687672676
*CC(CCCCCCOc1ccc(N=Nc2ccc(C(F)(F)F)cc2)cc1)COC(=O)CCCCC(=O)O*,tg,44.0,43.86377716064453,26.288779688948505,35.70541067774341
*CC(CCCCCCOc1ccc(N=Nc2ccc(C)cc2)cc1)COC(=O)CCCCC(=O)O*,tg,29.0,19.97588348388672,16.1704675726551,18.20939801646692
*CC(CCCCCCOc1ccc(N=Nc2ccc(Cl)cc2)cc1)COC(=O)CCCCC(=O)O*,tg,9.0,43.16741180419922,25.425864438313425,34.93173236141421
*CC(CCCCCCOc1ccc(N=Nc2ccc(OC)cc2)cc1)COC(=O)CCCCC(=O)O*,tg,22.0,45.13628387451172,23.528908782027816,35.106075618613644
*CC(CCl)(CBr)COC(=O)CCCCC(=O)O*,egc,6.6998,6.686467170715332,6.300249068378747,6.512176342919324
*CC(CCl)(CCl)C(=O)O*,egc,6.551,6.576594352722168,6.543598306989956,6.561704040512902
*CC(CCl)(CCl)COC(=O)C(=O)O*,egc,5.906,5.501513481140137,5.522119237670299,5.510812357451934
*CC(CCl)(CCl)COC(=O)CCCCC(=O)O*,egc,6.8357,6.672640800476074,6.778551487104774,6.720435715145486
*CC(CCl)(CO*)COC(C)=O,egc,6.4853,5.774932861328125,6.4105596512315595,6.061775758414916
*CC(CCl)O*,egc,6.3441,6.3869547843933105,6.327209172818825,6.359993044289733
*CC(CCl)O*,tg,-21.5,-43.435150146484375,-17.83033521285187,-31.54931833957516
*CC(CN1C(=O)C2C3C=CC(C3)C2C1=O)O*,tg,87.5,81.64305114746094,88.37761543328996,84.76925606640528
*CC(CO)(CCl)COc1ccc(C(c2ccc(O*)cc2)(C(F)(F)F)C(F)(F)F)cc1,tg,107.0,124.7239990234375,94.93126107679512,110.89412080643154
*CC(CO*)(CS(=O)(=O)C(C)C)CS(=O)(=O)C(C)C,tg,91.0,102.50233459472656,86.8500236913035,95.23648497738881
*CC(CO*)(CS(=O)(=O)CC)CS(=O)(=O)CC,egc,5.0473,5.088878631591797,4.801444060182884,4.959166406595179
*CC(CO*)(CS(=O)(=O)CCC)CS(=O)(=O)CCC,egc,4.6292,5.45945930480957,5.3237890839167745,5.398234636769373
*CC(CO*)(CS(=O)(=O)CCC)CS(=O)(=O)CCC,tg,71.0,77.72698974609375,65.63173560048394,72.11233653304886
*CC(CO*)(CS(=O)(=O)CCCC)CS(=O)(=O)CCCC,egc,5.4465,5.072531700134277,4.863912191544675,4.978386794376364
*CC(CO*)(CS(=O)(=O)CCCCC)CS(=O)(=O)CCCCC,egc,5.21,5.00728178024292,5.256992535854411,5.119970165488944
*CC(CO*)(CS(=O)(=O)CCCCC)CS(=O)(=O)CCCCC,tg,56.0,77.83644104003906,48.38575955996213,64.16534645964992
*CC(CO*)(CS(C)(=O)=O)CS(C)(=O)=O,egc,5.8874,5.0768842697143555,5.160233040772955,5.114497541116437
*CC(CO*)(CS(C)(=O)=O)CS(C)(=O)=O,tg,102.0,121.69693756103516,77.33855446859941,101.105643227148
*CC(CO*)(CSC(C)C)CSC(C)C,egc,4.6686,4.5788068771362305,4.401085485493621,4.498605539397136
*CC(CO*)(CSC)CSC,egc,4.984,3.595151424407959,4.894942080889894,4.181715306600937
*CC(CO*)(CSC)CSC,tg,-6.0,-47.032989501953125,-24.41545680615451,-36.533863060057996
*CC(CO*)(CSCC)CSCC,egc,4.7171,4.039886474609375,4.865015616804759,4.412247170189905
*CC(CO*)(CSCC)CSCC,tg,-32.0,-51.59944152832031,-21.22175879143066,-37.49803018712549
*CC(CO*)(CSCCCCC)CSCCCCC,tg,-33.0,-29.365280151367188,-36.220974054299425,-32.54771380148791
*CC(CO*)C(C)(C)C,egc,5.7599,5.875871181488037,5.6890572951773475,5.791566622245748
*CC(CO*)C(C)(C)C,tg,-4.0,55.23534393310547,-26.45542055453471,17.314246303825527
*CC(COC(=O)CCCCCCCCCCN1C(=O)C2C3C=CC(C3)C2C1=O)O*,tg,-31.0,27.26018524169922,8.678235704875943,18.63438859323179
*CC(COC(=O)CCCCCN1C(=O)C2C3C=CC(C3)C2C1=O)O*,tg,1.0,41.048431396484375,-0.2536745553821547,21.875870068177008
*CC(COC(=O)O*)OCCCCCCOc1ccc(C=Cc2ccc([N+](=O)[O-])cc2)cc1,tg,32.0,33.336204528808594,32.42724795056671,32.91426416185926
*CC(COC(=O)O*)OCCCCOc1ccc(C=Cc2ccc([N+](=O)[O-])cc2)cc1,tg,42.0,38.840293884277344,39.339333798348946,39.07194970756542
*CC(COC(C)(C)C)O*,tg,-24.0,-18.8919677734375,-22.063872731181128,-20.36437555818276
*CC(COC(C)C)O*,tg,-67.0,-58.56367492675781,-56.019179563164705,-57.382512555402315
*CC(COC(C)OCC)O*,tg,-67.0,-52.26527404785156,-55.10084966488641,-53.58155674496175
*CC(COC(F)(C(F)(F)F)C(F)(F)F)O*,tg,-43.0,-59.586669921875,-18.55375502421578,-40.53906788745536
*CC(COCC)O*,egc,5.5518,5.437859535217285,6.022839799114818,5.701846888016647
*CC(COCC)O*,tg,-61.0,-53.004180908203125,-69.98821848666601,-60.88822203808747
*CC(COCC=C)O*,egc,5.2711,5.518293857574463,5.392222203701276,5.461400789170279
*CC(COCC=C)O*,tg,-74.0,-63.958892822265625,-56.44930002936261,-60.47291734827067
*CC(COCC=C)S*,tg,-59.0,-54.084564208984375,-76.38241719207254,-64.43529437044529
*CC(COCCCC)O*,tg,-79.0,-68.31840515136719,-78.5666567818808,-73.07567426309073
*CC(COCCCCCC)O*,egc,5.6762,5.5550217628479,5.729982060380352,5.633977086028976
*CC(COCCCCCC)O*,tg,-85.5,-53.49629211425781,-78.35372135143596,-65.0351852416268
*CC(COCOCC(C)([N+](=O)[O-])[N+](=O)[O-])O*,tg,-17.5,-57.84022521972656,22.716151466473853,-20.445713806620056
*CC(COc1c(Cl)cc(C(C)(C)c2cc(Cl)c(O*)c(Cl)c2)cc1Cl)OC(C)=O,tg,100.0,129.0128936767578,118.03442512261068,123.91665568127692
*CC(COc1c(Cl)cc(Cl)cc1Cl)O*,egc,4.5851,4.650850296020508,4.476591778949687,4.572211669278177
*CC(COc1ccc(-c2ccc(C#N)cc2)cc1)O*,egc,4.4378,3.9659245014190674,4.0975949681324435,4.02534417776495
*CC(COc1ccc(-c2ccc(C#N)cc2)cc1)O*,tg,94.15,67.24059295654297,93.75814840654029,79.55012164581525
*CC(COc1ccc(C(C)(C)c2ccc(O*)cc2)cc1)OC(=O)C=Cc1ccccc1,tg,100.6,94.52464294433594,98.62950134937046,96.43013051454022
*CC(COc1ccc(C(C)(C)c2ccc(O*)cc2)cc1)OC(=O)C=Cc1ccco1,tg,107.2,90.43515014648438,62.59485905689049,77.51160361025634
*CC(COc1ccc(C(C)(C)c2ccc(O*)cc2)cc1)OC(=O)CC,tg,60.0,56.43080139160156,60.003490455759426,58.08925435933563
*CC(COc1ccc(C(C)(C)c2ccc(O*)cc2)cc1)OC(=O)c1ccccc1Cl,tg,66.0,80.53954315185547,99.78675647226862,89.47415724186554
*CC(COc1ccc(C(C)(C)c2ccc(O*)cc2)cc1)OC(C)=O,tg,60.0,79.42707061767578,81.20973650374134,80.2545894630418
*CC(COc1ccc(C(C)(c2ccccc2)c2ccc(O*)cc2)cc1)OC(=O)c1ccccc1,tg,126.0,97.48796081542967,115.14830781346286,105.68594680417266
*CC(COc1ccc(C2CCCC(CC)(c3ccc(O*)cc3)C2)cc1)OC(C)=O,tg,107.0,111.5962905883789,95.0293177521332,103.90585216140158
*CC(COc1ccc(Cl)cc1)O*,egc,4.8901,4.086881160736084,4.59845802564864,4.317743346447904
*CC(COc1ccc(O*)cc1)OC(C)=O,tg,54.5,60.87592315673828,39.872752437077715,51.126188380964614
*CC(COc1ccc(S(=O)(=O)c2ccc(O*)cc2)cc1)OC(C)=O,tg,130.0,120.23089599609376,80.11091803704171,101.6070820238306
*CC(COc1cccc(C)c1)O*,egc,5.1113,5.050602912902832,5.037116690645478,5.044516909096033
*CC(CS(=O)(=O)CC)O*,tg,57.0,45.23833465576172,59.40496265498509,51.814525817707825
*CC(CS(=O)(=O)CCC)O*,egc,6.0251,5.786656379699707,5.1944409906723195,5.519403991055415
*CC(CS(=O)(=O)CCC)O*,tg,43.0,42.162994384765625,26.73844991160573,35.002874626768204
*CC(CS(=O)(=O)CCCCC)O*,tg,38.5,10.944183349609377,27.069163843626544,18.429447607068692
*CC(CS(C)(=O)=O)O*,egc,5.2613,6.1304779052734375,6.098501638522576,6.116047794493761
*CC(CS(C)(=O)=O)O*,tg,59.4,73.02310180664062,39.16267511768609,57.304990288230314
*CC(CSC(C)C)O*,egc,4.8245,5.3201375007629395,4.872540366028025,5.11814780980826
*CC(CSC(C)C)O*,tg,-44.0,-40.65043640136719,-58.589999548032154,-48.97803536286598
*CC(CSCC)O*,tg,-57.0,-71.24070739746094,-56.39369209258292,-64.34867840971805
*CC(CSCCCC)O*,tg,-65.0,-76.22526550292969,-64.5424565299273,-70.80207057473825
*CC(CSCCCCC)O*,tg,-68.0,-56.59352111816406,-64.3852273947398,-60.21045451652155
*CC(C[N-][N+]#N)O*,egc,5.5722,4.772488594055176,5.771923970182623,5.223509449835934
*CC(C[N-][N+]#N)O*,tg,-44.57,2.6992950439453125,-1.170563347121641,0.9028951843095109
*CC(C[Si](*)(C)C)c1ccccc1,tg,5.67,-16.0870361328125,76.27672665608667,26.788499285336673
*CC(Cc1ccc(-c2ccccc2)cc1)C[Si](*)(C)C,tg,28.0,39.80120086669922,67.88712117150347,52.838769220558845
*CC(Cl)(C#N)C1C=CC(*)CC1,egc,5.4881,5.857972621917725,5.598496117671812,5.740877192042659
*CC(F)(F)C(F)(F)C(F)(F)C(F)(F)COC(=O)C(F)(F)C(F)(F)C(F)(F)C(F)(F)C(=O)O*,egc,6.3052,6.568118095397949,6.912786403976755,6.7236585127264386
*CC(F)(F)C(F)(F)C(F)(F)C(F)(F)COC(=O)CCCC(=O)O*,egc,7.0209,6.8448591232299805,6.791937464648397,6.820976866995177
*CC(F)(F)C(F)(F)C(F)(F)C(F)(F)COC(=O)NCCCCCCNC(=O)O*,egc,6.4368,6.652376651763916,6.462248922662523,6.566576635939754
*CC(F)(F)C(F)(F)C(F)(F)C(F)(F)COC(=O)NCCCCCCNC(=O)O*,tg,-2.0,37.082969665527344,40.73008872138314,38.77597325840767
*CC(F)(F)C(F)(F)C(F)(F)C(F)(F)COC(=O)O*,egc,7.7624,7.453192710876465,6.971239441224271,7.235698932572236
*CC(F)(F)C(F)(F)C(F)(F)COC(=O)CC(CC(=O)O*)C(F)(F)C(F)(F)C(F)(F)F,egc,6.6602,7.006174564361572,7.096399438255827,7.0468908535869685
*CC(F)(F)C(F)(F)C(F)(F)COC(=O)CCCC(=O)O*,egc,6.894,6.878346920013428,6.561376357488835,6.735305821227147
*CC(F)(F)C(F)(F)C(F)(F)COC(=O)CCCCC(=O)O*,egc,6.6433,7.003203392028809,6.844015144344782,6.9313656110020005
*CC(F)(F)C(F)(F)C(F)(F)COC(=O)CCCCC(=O)O*,tg,-60.5,-28.243942260742188,-13.989395813358732,-21.626939091747257
*CC(F)(F)C(F)(F)C(F)(F)COC(=O)CSCSCC(=O)O*,egc,5.1865,5.1267313957214355,5.7896753350221575,5.425901857344108
*CC(F)(F)C(F)(F)C(F)(F)COC(=O)NCC(F)(F)C(F)(F)C(F)(F)C(F)(F)CNC(=O)O*,egc,6.897,6.92465353012085,6.733163542310091,6.838238760102901
*CC(F)(F)C(F)(F)C(F)(F)COC(=O)NCCCCCCNC(=O)O*,egc,6.3766,6.474769115447998,6.372074046094019,6.42842533057622
*CC(F)(F)C(F)(F)C(F)(F)COC(=O)c1ccc(OCCCCC)c(C(=O)O*)c1,tg,9.0,24.286178588867188,21.30287981381622,22.901322359211804
*CC(F)(F)C(F)(F)C(F)(F)COC(=O)c1cccc(-c2cccc(C(=O)O*)c2)c1,tg,45.0,26.517776489257812,60.41115947296035,42.25118641843067
*CC(F)(F)C(F)(F)C(F)(F)COC(=O)c1cccc(C(=O)O*)c1OCCCCC,tg,17.0,17.611572265625,18.198283055805796,17.883925172274125
*CC(F)(F)C(F)(F)COC(=O)NCC(F)(F)C(F)(F)C(F)(F)C(F)(F)CNC(=O)O*,egc,7.202,6.902194023132324,6.795096356467777,6.853863453267638
*CC(F)(F)C(F)(F)COC(=O)NCC(F)(F)C(F)(F)C(F)(F)C(F)(F)CNC(=O)O*,tg,38.0,28.504859924316406,20.115726293208116,24.61059895802975
*CC(F)(F)C(F)=C(*)Cl,egc,4.8591,5.529548645019531,4.924201628807475,5.25637027269276
*CC(F)(F)C(F)=C(*)Cl,tg,-17.0,12.45697021484375,43.59859021077848,26.913003520523628
*CC(F)(F)C1(F)C(*)CC(O)(C(F)(F)F)C1(F)F,tg,152.0,135.4029083251953,115.23672881613446,126.04170737709568
*CC(F)(F)C1(F)CC(C(O)(C(F)(F)F)C(F)(F)F)CC1*,tg,118.0,166.81439208984375,148.6018357503254,158.36006887030612
*CC(F)(F)C1(F)CC(CC(O)(C(F)(F)F)C(F)(F)F)CC1*,egc,7.7065,6.761783599853516,6.922443444732943,6.834285476871209
*CC(O)C(O)CN(*)c1ccc(N(C)C)cc1,egc,3.7705,3.672689914703369,3.752166557188201,3.70855578874015
*CC(O)C(O)COC(=O)O*,egc,6.9702,6.9387688636779785,6.853391167299225,6.900239987669466
*CC(O)C(O)COC(=O)O*,tg,51.38,78.49101257324219,34.68502826924969,58.15614341199521
*CC(O)CN(*)c1cc(C)c(N=Nc2ccc(C#N)cc2)c(C)c1,tg,150.0,137.75608825683594,149.18613710489907,143.06195117773467
*CC(O)CN(*)c1cc(C)c(N=Nc2ccc(Cl)cc2)c(C)c1,egc,2.6365,2.7192506790161133,3.0959954966332925,2.889266444028415
*CC(O)CN(*)c1cc(C)c(N=Nc2ccc(Cl)cc2)c(C)c1,tg,150.0,128.02783203125,146.98619010563854,136.82835865061477
*CC(O)CN(*)c1cc(C)c(N=Nc2ccc([N+](=O)[O-])cc2)c(C)c1,tg,152.0,133.42259216308594,142.67911871442476,137.71949952174396
*CC(O)CN(*)c1cc(C)c(N=Nc2ccc([N+](=O)[O-])cc2C)c(C)c1,tg,149.0,169.3929901123047,150.55811269313057,160.6497835830515
*CC(O)CN(*)c1cc(C)cc(C)c1,egc,4.5575,4.810576915740967,4.218321046496088,4.543306259359939
*CC(O)CN(*)c1cc(C)cc(C)c1,tg,80.0,86.92645263671875,104.4356401416255,95.05426993586272
*CC(O)CN(*)c1ccc(N=Nc2ccc(C#N)cc2)cc1,egc,2.0164,2.460599660873413,3.0231416369290995,2.714461160589709
*CC(O)CN(*)c1ccc(N=Nc2ccc(Cl)cc2)cc1,egc,2.6263,2.231226921081543,2.503302076496008,2.3540078155373605
*CC(O)CN(*)c1ccc(N=Nc2ccc(Cl)cc2)cc1,tg,160.0,137.70880126953125,109.98753465256256,124.84050625010565
*CC(O)CN(*)c1ccc(N=Nc2ccc([N+](=O)[O-])cc2C)cc1,tg,156.0,136.32566833496094,135.38769813392142,135.89025975738107
*CC(O)CN(C)S(=O)(=O)c1ccc(-c2ccc(S(=O)(=O)N(C)CC(O)COc3ccc(C(C)(C)c4ccc(O*)cc4)cc3)cc2)cc1,tg,101.0,77.0015640258789,102.10048808260096,88.65255977202405
*CC(O)CN(C)S(=O)(=O)c1ccc(-c2ccc(S(=O)(=O)N(C)CC(O)COc3ccc(O*)cc3)cc2)cc1,tg,84.0,71.69791412353516,84.90312798212209,77.8278139609
*CC(O)CN(C)S(=O)(=O)c1cccc(S(=O)(=O)N(C)CC(O)COc2ccc(-c3ccc(O*)cc3)cc2)c1,tg,58.0,89.0109634399414,90.80853697844763,89.84540246223527
*CC(O)CN(C)S(=O)(=O)c1cccc(S(=O)(=O)N(C)CC(O)COc2ccc(C(C)(C)c3ccc(O*)cc3)cc2)c1,tg,76.0,82.24364471435547,90.3893088471262,86.02488641005363
*CC(O)CN(C)S(=O)(=O)c1cccc(S(=O)(=O)N(C)CC(O)COc2ccc(Sc3ccc(O*)cc3)cc2)c1,tg,90.0,74.48995208740234,76.33492049636024,75.34639195055988
*CC(O)CN(CC(O)COc1ccc(C(C)(C)c2ccc(O*)cc2)cc1)c1ccc(C#N)cc1,tg,100.0,109.53871154785156,85.35574011117816,98.31290375222335
*CC(O)CN(CCO)S(=O)(=O)c1ccc(-c2ccc(S(=O)(=O)N(CCO)CC(O)COc3ccc(C(C)(C)c4ccc(O*)cc4)cc3)cc2)cc1,tg,76.0,85.2637939453125,94.65623881178064,89.62379499307912
*CC(O)CO*,egc,6.5192,5.940589904785156,6.283979152713114,6.09555311317836
*CC(O)CO*,tg,17.0,2.0377349853515625,7.881816044682894,4.750574922574324
*CC(O)COC(=O)C1CCC(C(=O)OCC(O)COc2ccc(C(C)(C)c3ccc(O*)cc3)cc2)CC1,tg,70.0,73.54701232910156,63.69947138789457,68.97575431992549
*CC(O)COC(=O)CCCCC(=O)O*,tg,-20.0,-25.932876586914062,-19.799163797262786,-23.085588732709674
*CC(O)COC(=O)CCCCC(=O)OCC(O)COc1ccc(C(=O)Oc2ccc(O*)cc2)cc1,tg,37.0,44.33820343017578,36.80346846013513,40.840556882224924
*CC(O)COC(=O)CCCCC(=O)OCC(O)COc1ccc(C(C)(C)c2ccc(O*)cc2)cc1,tg,37.33,35.61268615722656,38.06524684742608,36.75117217774681
*CC(O)COC(=O)CCCCC(=O)OCC(O)COc1ccc(O*)cc1,tg,19.0,17.235939025878906,20.011257326753576,18.524250096290288
*CC(O)COC(=O)CCCCCCCCC(=O)OCC(O)COc1ccc(C(C)(C)c2ccc(O*)cc2)cc1,tg,30.0,28.40736389160156,25.51750778348501,27.065884027901188
*CC(O)COC(=O)CCCCCCCCC(=O)OCC(O)COc1ccc(C=C(C)c2ccc(O*)cc2)cc1,tg,30.0,42.665496826171875,29.25586385555147,36.440705024539945
*CC(O)COC(=O)CCCCCCCCCCC(=O)OCC(O)COc1ccc(C(C)(C)c2ccc(O*)cc2)cc1,tg,25.0,26.642807006835938,22.09932901040007,24.53371090815274
*CC(O)COC(=O)CCCCCCCCCCC(=O)OCC(O)COc1ccc(O*)cc1,tg,10.0,15.919677734375,14.383508541641197,15.206583392583592
*CC(O)COC(=O)c1cccc(C(=O)OCC(O)COc2ccc(C(C)(C)c3ccc(O*)cc3)cc2)c1,tg,97.0,83.83582305908203,81.8434671495716,82.91096547657955
*CC(O)COc1c(C)cc(C(C)(C)c2cc(C)c(O*)c(C)c2)cc1C,tg,130.0,114.24091339111328,122.30609674491797,117.98479566808652
*CC(O)COc1c(C)cc(C(C)(C)c2cc(C)c(OCC(O)COc3c(C)cc(S(=O)(=O)c4cc(C)c(O*)c(C)c4)cc3C)c(C)c2)cc1C,tg,145.0,138.20208740234375,118.52772968602864,129.06919160398647
*CC(O)COc1c(C)cc(S(=O)(=O)c2cc(C)c(O*)c(C)c2)cc1C,tg,152.5,172.3421630859375,126.01700287706672,150.8378849219302
*CC(O)COc1c(Cl)cc(C(C)(C)c2cc(Cl)c(O*)c(Cl)c2)cc1Cl,tg,145.0,132.37136840820312,115.93074681903812,124.73958260868228
*CC(O)COc1c(Cl)cc(C(C)(C)c2cc(Cl)c(OCC(O)COc3ccc(C(C)(C)c4ccc(O*)cc4)cc3)c(Cl)c2)cc1Cl,tg,100.0,125.87689208984376,114.72020607670092,120.69792501593884
*CC(O)COc1ccc(C(=O)c2ccc(OCC(O)COc3ccc(C(C)(C)c4ccc(O*)cc4)cc3)cc2)cc1,tg,120.0,110.564697265625,103.52400482724757,107.29638674107557
*CC(O)COc1ccc(C(C)(C)C2CCC(C)(c3ccc(O*)cc3)CC2)cc1,tg,135.0,128.7407684326172,115.38942868029248,122.54303651757073
*CC(O)COc1ccc(C(C)(C)c2ccc(O*)cc2)cc1,tg,87.45,84.25175476074219,80.23339597265442,82.38642057188653
*CC(O)COc1ccc(C(C)(C)c2ccc(OCC(O)COc3c(C)cc(C(C)(C)c4cc(C)c(O*)c(C)c4)cc3C)cc2)cc1,tg,100.0,111.62158966064452,120.61231048082205,115.79510920251556
*CC(O)COc1ccc(C(C)(C)c2ccc(OCC(O)COc3ccc(C4(c5ccc(O*)cc5)c5ccccc5-c5ccccc54)cc3)cc2)cc1,tg,161.0,132.87680053710938,138.21099575391017,135.35294993855786
*CC(O)COc1ccc(C(C)(C)c2ccc(OCC(O)COc3ccc(NC(=O)CCCC(=O)Nc4ccc(O*)cc4)cc3)cc2)cc1,tg,105.0,123.2053680419922,113.86782916016564,118.8708545168003
*CC(O)COc1ccc(C(C)(C)c2ccc(OCC(O)COc3ccc(NC(=O)CCCCC(=O)Nc4ccc(O*)cc4)cc3)cc2)cc1,tg,112.0,106.30181121826172,119.43704873142978,112.39922782642665
*CC(O)COc1ccc(C(C)(C)c2ccc(OCC(O)COc3ccc(Oc4ccc(O*)cc4)cc3)cc2)cc1,tg,85.0,100.6576919555664,98.68352604376068,99.74127822449759
*CC(O)COc1ccc(C(C)(C)c2ccc(OCC(O)COc3ccc(S(=O)(=O)c4ccc(O*)c(C)c4)cc3C)cc2)cc1,tg,117.5,116.1716766357422,130.6782792073555,122.90568501279127
*CC(O)COc1ccc(C(C)(C)c2ccc(OCC(O)COc3ccc(S(=O)(=O)c4ccc(O*)cc4)cc3)cc2)cc1,tg,130.33,106.6903076171875,114.87065394311831,110.48764889086206
*CC(O)COc1ccc(C(C)(C)c2ccc(OCC(O)COc3cccc(NC(=O)C(=O)Nc4cccc(O*)c4)c3)cc2)cc1,tg,119.0,128.41104125976562,108.4533524936946,119.14662233922206
*CC(O)COc1ccc(C(C)(C)c2ccc(OCC(O)COc3cccc(NC(=O)Cc4cccc(CC(=O)Nc5cccc(O*)c5)c4)c3)cc2)cc1,tg,119.0,91.10179138183594,123.5888457092452,106.18237933524898
*CC(O)COc1ccc(C(C)(C)c2ccc(OCC(O)COc3ccccc3C(=O)Nc3ccc(O*)cc3)cc2)cc1,tg,121.0,128.2053680419922,126.10086774185328,127.2284526973636
*CC(O)COc1ccc(C(C)(c2ccccc2)c2ccc(O*)cc2)cc1,tg,115.0,128.25660705566406,123.7074972445192,126.14489665171945
*CC(O)COc1ccc(C(C)CC(C)(C)c2ccc(O*)cc2)cc1,tg,75.0,92.81248474121094,94.6197899797528,93.65144124781852
*CC(O)COc1ccc(C2CCCC(CC)(c3ccc(O*)cc3)C2)cc1,tg,140.0,130.47341918945312,101.72528644089968,117.12844983514702
*CC(O)COc1ccc(O*)cc1,egc,4.7923,4.938231945037842,4.597598033745955,4.784512152994758
*CC(O)COc1ccc(O*)cc1,tg,54.5,78.24529266357422,63.86026740946112,71.56772084156717
*CC(O)COc1ccc(S(=O)(=O)c2ccc(O*)c(C)c2)cc1C,tg,132.5,141.7836456298828,115.69848296525228,129.674834967072
*CC(O)COc1ccc(S(=O)(=O)c2ccc(OCC(O)COc3cccc(O*)c3)cc2)cc1,tg,105.0,98.22628784179688,99.13682256901792,98.64896079023063
*CC(O*)C(C)(C)C,egc,5.5394,5.625860214233398,5.677474360640654,5.649152422052972
*CC(O*)C(C)C,egc,5.7752,6.2998528480529785,5.742163287008721,6.048181125107981
*CC(O*)C(F)(F)F,eea,0.7546,1.4546549320220947,1.6008148152895842,1.4912773657647782
*CC(O*)C(F)(F)F,egb,7.4158,8.152791976928711,8.300585992628186,8.187075949265873
*CC(O*)C(F)(F)F,egc,6.7566,7.182486057281494,7.307602527001666,7.238948074329671
*CC(O*)C(F)(F)F,ei,7.9431,8.255949974060059,8.338013408193767,8.2901708290855
*CC(O*)C1CC(F)(F)C1(F)F,tg,-25.0,49.518463134765625,87.76472004712257,67.2724901832877
*CC(O*)c1ccccc1,egc,5.2866,4.894181728363037,4.662479942919422,4.789620352957627
*CC(O*)c1ccccc1,tg,32.38,27.786544799804688,42.63535033237279,34.679404816605015
*CC(O*)c1ccco1,egc,5.0251,5.336012840270996,4.621383616071886,5.01351806775944
*CC(O*)c1ccco1,tg,12.5,17.801727294921875,21.767119510949502,19.642474242333805
*CC(OC(=O)C(=O)OCC)C(COC(=O)O*)OC(=O)C(=O)OCC,tg,51.38,57.496612548828125,23.269722011047904,41.60838741382872
*CC(OC(=O)C(CC(C)C)NC(=O)OCc1ccccc1)C(COC(=O)O*)OC(=O)C(CC(C)C)NC(=O)OCc1ccccc1,tg,51.38,49.14708709716797,75.45127508455211,61.35756997102387
*CC(OC(=O)OCC)C(COC(=O)O*)OC(=O)OCC,egc,7.1757,6.868649482727051,6.695233266554692,6.790390965875888
*CC(OC(=O)OCC)C(COC(=O)O*)OC(=O)OCC,tg,49.8,-28.048507690429688,1.82531373187783,-14.180990281085354
*CC(OC(=O)Oc1ccc(C(=O)OC)cc1)C(COC(=O)O*)OC(=O)Oc1ccc(C(=O)OC)cc1,tg,51.38,46.021949768066406,62.68897908719768,53.758834714178946
*CC(OC(C)=O)C(CCC(C)(O)C=C)C(*)(C)C,tg,85.0,51.700836181640625,48.56922661732319,50.247133639253036
*CC(OC(C)=O)C1C(=O)N(c2ccc(C)cc2)C(=O)C1(*)Cl,egc,4.7107,4.743997097015381,4.004568359718935,4.410310907942762
*CC(OC(C)C)C1C(=O)OC(=O)C1*,tg,142.0,193.09451293945312,146.74070600648585,171.57693688029167
*CC(OC)C(C(=O)O)C(*)C(=O)O,egc,6.3287,6.054595470428467,6.304162874152209,6.167219164457194
*CC(OC)C1(C)C(=O)OC(=O)C1(*)C,tg,170.2,220.9141540527344,151.96578982869542,188.90811680338874
*CC(OC)C1C(=O)N(c2ccc(N(C)C)cc2)C(=O)C1*,tg,221.0,222.086181640625,207.54801396129935,215.3375206460035
*CC(OC)C1C(=O)OC(=O)C1*,egc,5.9975,6.22613525390625,6.0184130171904044,6.132395265102485
*CC(OC1CCCCC1)C1C(=O)OC(=O)C1*,egc,5.6267,6.166864395141602,6.180543835599128,6.173037593618587
*CC(OC1CCCCC1)C1C(=O)OC(=O)C1*,tg,201.0,169.37570190429688,143.6739357262321,157.44486503924608
*CC(OC=O)C(COC(=O)O*)OC=O,egc,7.0946,7.0401201248168945,6.3812897964712745,6.742806035679762
*CC(OCC(C)C)C(C)(C(=O)OC)C(*)(C)C(=O)OC,tg,125.5,95.05150604248048,78.69331063216546,87.45798272213929
*CC(OCC)C(C(=O)OC)C(*)C(=O)OC,tg,50.0,52.935943603515625,54.938365660419656,53.865473921797445
*CC(OCC)C1C(=O)OC(=O)C1*,tg,146.0,148.05606079101562,114.88016835418068,132.6557121233758
*CC(OCCCC)C(C(=O)OC)C(*)C(=O)OC,tg,32.5,35.45957946777344,29.969755559542136,32.91118676148297
*CC(OCCCC)C1C(=O)OC(=O)C1*,tg,118.0,148.2821044921875,98.60837307092746,125.22340953871776
*CC(OO*)c1ccc(Br)cc1,tg,9.6,28.208526611328125,72.92443005985778,48.96578296568266
*CC(S*)c1ccccc1,tg,-2.5,43.9366455078125,62.4187466865429,52.516092249297046
*CC(c1ccccc1)C1C(=O)N(C(C)(C)C)C(=O)C1*,tg,178.0,178.2883758544922,196.76051582695175,186.86319857418096
*CC(c1ccccc1)C1C(=O)N(C)C(=O)C1*,tg,205.0,172.5925750732422,186.0368745866535,178.8334591879023
*CC(c1ccccc1)C1C(=O)N(CCCCCCCCCCCC)C(=O)C1*,tg,70.0,69.74488067626953,67.07549503428315,68.50574386349948
*CC(c1ccccc1)C1C(=O)N(CCCCNC(=O)C(F)(F)C(F)(F)C(F)(F)C(F)(F)C(F)(F)C(F)(F)C(F)(F)F)C(=O)C1*,tg,113.0,133.8319549560547,103.1950153495684,119.61019579923226
*CC(c1ccccc1)C1C(=O)N(CCCN(CC)c2ccc(N=Nc3ccc([N+](=O)[O-])cc3Cl)c(C)c2)C(=O)C1*,tg,149.0,142.7890167236328,150.91803097992928,146.56252949678682
*CC(c1ccccc1)C1C(=O)N(CCN(CC)c2ccc(N=Nc3ccc([N+](=O)[O-])cc3)cc2)C(=O)C1*,tg,171.67,150.1406707763672,141.6582680157898,146.20311400073686
*CC(c1ccccc1)C1C(=O)N(c2ccc(NC(=O)OCC3CCCN3c3ccc([N+](=O)[O-])cc3)cc2)C(=O)C1*,tg,208.0,213.99588012695312,203.2667974428628,209.01540779953888
*CC(c1ccccc1)C1C(=O)OC(=O)C1*,egc,5.3123,5.279821872711182,5.182142269423212,5.235741445582447
*CC(c1ccccc1)C1C(=O)OC(=O)C1*,tg,177.0,188.32913208007812,170.100419220927,179.86730895572032
*CC(c1ccccn1)C(c1ccccc1)C(*)c1ccccn1,tg,150.0,126.02806091308594,135.86171014718064,130.5928703501995
*CC/C=C\C[Si](*)(C)c1ccccc1,tg,-12.65,-13.302597045898438,2.649155876868174,-5.8977455460216435
*CC1(*)CC(=O)N(c2ccccc2)C1=O,tg,236.0,209.74021911621097,210.6172629372539,210.14734548565457
*CC1(*)CCCCC1,egc,6.3291,5.87529182434082,6.4811018660697695,6.148679148811837
*CC1(*)CCCCC1,tg,100.0,104.56478881835938,126.12188360896997,114.57165680748278
*CC1(*)OCC(c2ccccc2)O1,tg,75.0,110.23263549804688,116.10705543650472,112.95955883385864
*CC1(C)CC(*)(C)C(=O)OC1=O,egc,6.0049,6.0787506103515625,5.949277706849483,6.020322640787194
*CC1(C)CC(*)(C)C(=O)OC1=O,tg,144.0,161.22860717773438,155.5693626171595,158.60156889702392
*CC1(C)CC(N2C(=O)c3ccc(-c4ccc5c(c4)C(=O)N(*)C5=O)cc3C2=O)CC(C)(C)C1,egc,3.6926,3.566283941268921,3.510307694571447,3.541023223775897
*CC1(C)CC(N2C(=O)c3ccc(-c4ccc5c(c4)C(=O)N(*)C5=O)cc3C2=O)CC(C)(C)C1,tg,311.0,293.6590576171875,282.9662481101987,288.69542340726207
*CC1(CO*)CC2C=CC1C2,egc,5.6096,4.874598503112793,5.147972677388508,4.997965613158404
*CC1(COC(=O)O*)CC=CCC1,tg,30.0,57.72962188720703,60.85015518126333,59.17818279175373
*CC1CC(*)C(=O)OC1=O,egc,6.1563,6.17606782913208,6.14186696401721,6.160633811264592
*CC1CC(*)C(=O)OC1=O,tg,140.0,134.4814910888672,108.9369828479234,122.62365382938927
*CC1CC(*)C(OC(=O)CCCCCCCCCCOc2ccc(-c3ccc(C#N)cc3)cc2)C1OC(=O)CCCCCCCCCCOc1ccc(-c2ccc(C#N)cc2)cc1,tg,14.5,52.510162353515625,45.68067083011312,49.33989192647769
*CC1CC(*)CN(c2nc(N)nc(N)n2)C1,egc,5.1254,4.981869220733643,4.939463728530104,4.962732654388001
*CC1CC(*)OC(C)O1,egc,6.0468,6.277077674865723,6.347890464713165,6.309033763113237
*CC1CC(*)OC(CCC)O1,tg,45.92,112.15145111083984,71.14337491738763,93.11537927733247
*CC1CC(*)OCO1,egc,6.5995,6.005909442901611,6.135113904276433,6.064216271068691
*CC1CC(*)OCO1,tg,68.0,99.9778289794922,65.2727986952374,83.86764994162235
*CC1CC(CNC(=O)c2cccc(C(=O)N*)c2)CC(C(C)(C)C)C1,egc,4.8842,4.729922771453857,4.910147672752201,4.811253882157123
*CC1CC(COC(=O)c2ccc(C(=O)O*)cc2)CC(C(C)(C)C)C1,tg,118.0,124.15338134765624,98.1735592927228,112.09347011147838
*CC1CC1CNC(=O)C1CC1C(=O)N*,egb,5.6374,6.246796607971191,5.893487152442921,6.164838948572998
*CC1CC1CO*,egc,5.9176,6.079136371612549,6.150194609205551,6.111203224452648
*CC1CC1COC(=O)NC1CC1NC(=O)O*,egc,6.5515,6.2201337814331055,6.142663701309875,6.185173420143945
*CC1CC1COC(=O)Nc1ccc(C)c(NC(=O)O*)c1,egb,4.7181,4.906157970428467,3.9891790683514015,4.693445167655072
*CC1CC1COC(=O)c1cccc(C(=O)O*)c1,egb,4.4908,4.120594501495361,4.582002613967104,4.2276279486160435
*CC1CC1COC(=O)c1cccc(C(=O)O*)c1,egc,5.0466,4.782286167144775,4.92470579580293,4.846556678607227
*CC1CC2CC1C1CCC(CN3C(=O)c4ccc(C(=O)c5ccc6c(c5)C(=O)N(*)C6=O)cc4C3=O)C21,tg,217.0,188.1770172119141,223.1877241590097,204.42909227251405
*CC1CC2CC1C1CCC(CN3C(=O)c4ccc(C(c5ccc6c(c5)C(=O)N(*)C6=O)(C(F)(F)F)C(F)(F)F)cc4C3=O)C21,tg,207.0,253.8563232421875,227.66980917010335,241.70046495237727
*CC1CC2CC1C1CCC(CN3C(=O)c4ccc(Oc5ccc6c(c5)C(=O)N(*)C6=O)cc4C3=O)C21,tg,201.0,194.00035095214844,222.73469780356493,207.33892085169958
*CC1CCC(*)C1,egc,6.9613,6.644997596740723,6.3952841454299625,6.532307994991241
*CC1CCC(CNC(=O)CCCCC(=O)N*)CC1,tg,113.0,117.421630859375,94.3509665489482,106.71215936433953
*CC1CCC(CNC(=O)CCCCCC(=O)N*)CC1,egb,5.2823,6.075994491577148,6.15358721747963,6.09399377832645
*CC1CCC(CNC(=O)CCCCCCC(=O)N*)CC1,egc,5.8707,5.774177074432373,5.888653772972071,5.82583762175299
*CC1CCC(CNC(=O)CCCCCCCC(=O)N*)CC1,egc,5.7062,5.800898551940918,5.843885684441125,5.820297598393454
*CC1CCC(CNC(=O)CCCCCCCCC(=O)N*)CC1,egc,5.7331,5.8002519607543945,5.838906598228526,5.8176958576685
*CC1CCC(CNC(=O)CCCCCCCCC(=O)N*)CC1,tg,89.0,94.76756286621094,97.50875485604834,96.0400324007928
*CC1CCC(CNC(=O)CCCCCCCCCCC(=O)N*)CC1,egc,5.9594,5.91107177734375,5.746318597726664,5.836722678003861
*CC1CCC(CNC(=O)CCCCCCCCCCC(=O)N*)CC1,tg,85.0,93.2799835205078,95.02562085130792,94.09031359957815
*CC1CCC(CNC(=O)c2cc(C(=O)N*)cc(C(C)(C)C)c2)CC1,egc,4.8744,4.872282981872559,4.4283551664605145,4.671949165405279
*CC1CCC(COC(=O)C(=O)O*)CC1,egc,5.4765,5.729179382324219,5.635138174668242,5.686740874573973
*CC1CCC(COC(=O)C2CCC(C(=O)O*)CC2)CC1,egc,6.6637,6.421144485473633,6.504038779377525,6.458552662399229
*CC1CCC(COC(=O)C2CCC(C(=O)O*)CC2)CC1,tg,67.68,78.82011413574219,31.905376262633222,57.04215225355887
*CC1CCC(COC(=O)CCC(=O)O*)CC1,egc,6.5939,6.588747501373291,6.69290879461075,6.635752957391087
*CC1CCC(COC(=O)CCC(=O)O*)CC1,tg,-1.0,6.318084716796875,41.40450382061208,22.605305587387654
*CC1CCC(COC(=O)CCCCC(=O)O*)CC1,egc,6.7775,6.661545753479004,6.639506282379594,6.651599876683321
*CC1CCC(COC(=O)CCCCCCCCCCC(=O)O*)CC1,egc,6.723,6.58615255355835,6.646534601844005,6.613401502056765
*CC1CCC(COC(=O)Cc2ccc(CC(=O)O*)cc2)CC1,egc,5.3094,5.657857418060303,5.23015274390013,5.464844710316654
*CC1CCC(COC(=O)NCCSCCCCCSCCNC(=O)O*)CC1,egb,5.4414,5.187212944030762,4.915777878601783,5.124247794660809
*CC1CCC(COC(=O)NCCSCCCSCCNC(=O)O*)CC1,egc,5.5784,5.2973809242248535,5.334947051213162,5.314333602854547
*CC1CCC(COC(=O)Nc2ccc(Cc3ccc(NC(=O)O*)cc3)cc2)CC1,tg,134.0,105.9002456665039,98.12615643338565,102.2914901525019
*CC1CCC(COC(=O)O*)CC1,tg,38.7,44.22186279296875,74.35863258679127,58.21144162419131
*CC1CCC(COC(=O)c2ccc(NC(=O)O*)cc2)CC1,egc,4.5441,5.045920372009277,4.793738897165487,4.9321170113189545
*CC1CCC(COC(C)OC(=O)c2ccc(C(=O)OC(C)O*)c3ccccc23)CC1,tg,60.0,72.97587585449219,77.29807040256956,74.9822515134589
*CC1CCC(COC(C)OC(=O)c2ccc(C(=O)OC(C)O*)cc2)CC1,tg,61.0,63.86388397216797,55.962571402153095,60.196071004004054
*CC1CCC(COC(C)OC(=O)c2cccc(C(=O)OC(C)O*)c2)CC1,egc,4.9396,5.389133453369141,4.768819256004127,5.109200756537279
*CC1CCC(COCO*)CC1,egc,6.4282,6.463514804840088,6.375632661663125,6.4238557329578185
*CC1CCC(COP(=O)(N=Nc2ccc(C(=O)c3ccc(N=NP(=O)(O*)OC)cc3)cc2)OC)CC1,tg,52.0,80.830322265625,66.29566498166503,74.08329080704974
*CC1CCCC(CC(=O)N*)C1,egc,6.0189,6.074686050415039,5.877043888435454,5.985494953958369
*CC1CCCC(CN2C(=O)c3ccc(-c4ccc5c(c4)C(=O)N(*)C5=O)cc3C2=O)C1,tg,234.0,223.57278442382812,233.3112898797551,228.09342783405543
*CC1CCCC(CN2C(=O)c3ccc(C(=O)c4ccc5c(c4)C(=O)N(*)C5=O)cc3C2=O)C1,tg,213.0,207.0124053955078,228.2345015920236,216.86376603356143
*CC1CCCC(CNC(=O)CCCCCCC(=O)N*)C1,egc,5.9323,5.729776859283447,5.786043567208927,5.755168654857911
*CC1CCCC(CNC(=O)c2cccc(C(=O)N*)c2)C1,egc,4.8123,5.121641159057617,4.969922663215463,5.053174295199306
*CC=C(C)C(C)S(*)(=O)=O,tg,73.0,80.05650329589844,79.59055562222207,79.84020898974967
*CC=C(C)CS(*)(=O)=O,tg,88.2,84.66345977783203,69.74568703938237,77.73858497742849
*CC=CCNC(=O)CCC=CCCC(=O)N*,egc,5.3865,5.359675884246826,5.358226397439786,5.359021766135971
*CC=CCOC(=O)C(Cc1ccccc1)NC(=O)C=CC(=O)NC(Cc1ccccc1)C(=O)O*,tg,109.0,92.42891693115234,107.31451983830108,99.33885839948181
*CC=CCOC(=O)C(Cc1ccccc1)NC(=O)CCCCC(=O)NC(Cc1ccccc1)C(=O)O*,tg,61.0,72.17996978759766,81.15177695474134,76.3447095550631
*CC=CCOC(=O)C(Cc1ccccc1)NC(=O)CCCCCCCCC(=O)NC(Cc1ccccc1)C(=O)O*,tg,46.0,49.49674987792969,64.28592035100277,56.36192712143952
*CC=CCOC(=O)CCCCCCCCC(=O)O*,egc,6.002,6.292408466339111,5.960042492133464,6.1424197930349145
*CC=CCOC(=O)NCCCCCCNC(=O)O*,egc,5.7218,5.823987007141113,5.9481554485279275,5.880021202080499
*CC=CCS(*)(=O)=O,tg,86.0,78.9131088256836,32.553292213463976,57.392743055407536
*CC=CC[Si](*)(C=C)C=C,tg,-65.0,-63.06498718261719,1.8724948147581613,-32.92081347991355
*CC=Cc1cc(C(C)(C)c2ccc(O)c(C=CCC3CC(=O)N(c4ccc(Cc5ccc(N6C(=O)CC(*)C6=O)cc5)cc4)C3=O)c2)ccc1O,tg,215.0,142.80258178710938,199.6631454553484,169.19742580213162
*CCC(*)(C)c1ccccc1,tg,93.0,72.20171356201172,97.61025311875264,83.99643375090619
*CCC(*)=O,egc,5.3275,5.967082977294922,5.665822327506964,5.831131379696974
*CCC(*)=O,tg,10.0,5.234649658203125,21.399147588326368,12.738258027901272
*CCC(=C(*)c1ccccc1)c1ccccc1,tg,120.5,98.14411926269533,166.80680434488912,130.0175433984717
*CCC(=O)C(*)=S,eea,3.1911,4.308473587036133,3.824724899053659,4.187263485620509
*CCC(=O)C(*)=S,egb,1.8131,1.8033311367034912,2.5602757231306548,1.978920568650464
*CCC(=O)C(*)=S,egc,3.2378,2.761246681213379,2.5218963979763376,2.6532337249427864
*CCC(=O)C(*)=S,nc,1.9627,1.9803990125656128,1.9552443704067013,1.9715502507920015
*CCC(=O)N(CCN(C(=O)CCN1CCN(*)CC1)C(C)C)C(C)C,egc,4.3463,5.200937271118164,5.1627387396751905,5.183699203752835
*CCC(=O)N*,eea,1.1904,0.6145550012588501,1.0211617858167903,0.7164361036099419
*CCC(=O)N*,egc,5.6558,6.158938407897949,5.860349382077829,6.024192449160783
*CCC(=O)N*,eps,3.61,3.9288113117218018,3.730884379776481,3.820334693243606
*CCC(=O)N*,nc,1.7036,1.740383267402649,1.7034173830503618,1.7273796117625555
*CCC(=O)N*,tg,127.0,99.119873046875,62.72704569127502,82.22621355166928
*CCC(=O)NCC(=O)N*,egc,6.1234,6.021556854248047,5.957245554245228,5.992534730100276
*CCC(=O)NCCCCCCNC(=O)CCS*,tg,20.5,29.564849853515625,22.83918820335127,26.442777564720057
*CCC(=O)NCc1c(C)c(C)c(CNC(=O)CCO*)c(C)c1C,egc,5.3036,5.303836345672607,4.984618524038206,5.159781113555571
*CCC(=O)NCc1cc(C)c(CNC(=O)CCO*)cc1C,tg,80.0,74.1734619140625,102.55166977521787,87.34671102730456
*CCC(=O)Nc1ccc(NC(=O)CCN2C(=O)c3ccc(C(=O)c4ccc5c(c4)C(=O)N(*)C5=O)cc3C2=O)cc1,tg,237.0,206.8717041015625,219.64723751297228,212.80214498797994
*CCC(=O)Nc1ccc(Oc2ccc(NC(=O)CCN3C(=O)c4ccc(C(=O)c5ccc6c(c5)C(=O)N(*)C6=O)cc4C3=O)cc2)cc1,tg,232.0,216.1659698486328,212.2525895537317,214.349366990841
*CCC(=O)O*,ei,7.7853,7.753118515014648,7.529410442936307,7.659831150387171
*CCC(=O)O*,eps,3.39,3.6008286476135254,3.3968711172728545,3.4890468754864656
*CCC(=O)O*,nc,1.6631,1.6861780881881714,1.664240024733023,1.678460836793275
*CCC(=O)O*,tg,-24.18,1.225250244140625,15.63970342903617,7.916482599786061
*CCC(=O)OC(=O)Cc1ccc(-c2ccc(*)cc2)cc1,eea,1.5387,1.8898231983184817,1.9047981397260905,1.8935753824831136
*CCC(=O)OC(=O)Cc1ccc(-c2ccc(*)cc2)cc1,ei,6.1951,6.543015956878662,6.768167098344648,6.636905088527317
*CCC(=O)OC(=O)Cc1ccc(-c2ccc(*)cc2)cc1,eps,3.47,3.6904492378234863,3.739933068439705,3.7175695420783823
*CCC(=O)Oc1ccc(OC(=O)CCN2CCN(*)C(C)C2)cc1,egc,4.6472,4.468991756439209,4.831554256785282,4.632607386910193
*CCC(=O)c1ccc(*)cc1,egb,3.6964,3.8963820934295654,3.6037306941989673,3.8284953631843095
*CCC(=O)c1ccc(*)cc1,ei,6.8635,6.589688777923584,6.295000879081162,6.466802476972445
*CCC(=O)c1ccc(*)cc1,nc,1.8245,1.830993175506592,1.819832395270777,1.8270670975727277
*CCC(=O)c1ccc(*)s1,eea,2.6933,2.3784916400909424,2.518785372582838,2.413644226476738
*CCC(=O)c1ccc(*)s1,egb,3.1093,3.5315732955932617,3.2863866300750626,3.4746970220967794
*CCC(=O)c1ccc(*)s1,egc,3.959,4.097195148468018,3.2139216973258065,3.698595341678926
*CCC(=O)c1ccc(*)s1,nc,1.8757,1.8789725303649905,1.8832680367099337,1.8804835799797421
*CCC(=S)O*,ei,6.2041,6.639123916625977,6.282769529557648,6.490522387256922
*CCC(=S)O*,eps,3.71,4.200028896331787,3.9783462307898088,4.078532616382023
*CCC(C(=O)OC)C(*)C(=O)OC,egc,6.6384,6.401004314422607,6.185331297524961,6.303676332070309
*CCC(C)(C)C(*)(C)C,tg,87.0,68.9853515625,24.89209597042872,48.51713020863187
*CCC(C)(C)CC(C)CNC(=O)CCCCC(=O)N*,egc,5.8095,5.869405746459961,5.674479145153232,5.781440116429486
*CCC(C)(C)CC(C)CNC(=O)CCCCC(=O)N*,tg,65.0,71.65330505371094,59.21794216752473,65.88077234428894
*CCC(C)(C)CC(C)CNC(=O)c1ccc(C(=O)N*)cc1,tg,148.0,152.95458984375,140.5966225902658,147.21798441891372
*CCC(C)(C)CC(C)COC(=O)CCCCC(=O)O*,egc,6.7293,6.696316719055176,6.494149620401709,6.6050836288290675
*CCC(C)(C)CC(C)COC(=O)CCCCC(=O)O*,tg,-70.0,-65.08769226074219,-43.66645926650239,-55.143891724550315
*CCC(C)(C)CC(C)COC(=O)c1ccc(C(=O)O*)cc1,tg,-12.0,31.67346954345703,44.93520290940992,37.82960590547954
*CCC(C)=C(*)C,egc,4.9429,5.216400146484375,5.091199287341903,5.159900046544223
*CCC(C)C(*)(C)C(=O)OC,egc,6.5856,6.601314067840576,6.399401512241169,6.5101958466983705
*CCC(C)C(*)(C)C(=O)OC,tg,41.29,95.68522644042967,66.2645387260106,82.02805505592337
*CCC(C)C(*)C,tg,-32.0,-52.278350830078125,8.880369486769373,-23.888289621042716
*CCC(C)C(C)CCNC(=O)c1cc(C(=O)N*)cc(C(C)(C)C)c1,tg,173.0,147.45765686035156,138.61054714154366,143.35080202201024
*CCC(C)C(C)CCNC(=O)c1cccc(C(=O)N*)c1,egb,4.7199,4.617420196533203,4.278704076678774,4.538847772417921
*CCC(C)C(C)CCNC(=O)c1cccc(C(=O)N*)c1,tg,125.0,149.72146606445312,141.5216463266785,145.91508517465627
*CCC(C)CC(=O)O*,egb,6.7489,6.654285430908203,6.34764257095802,6.583153083105318
*CCC(C)CC(=O)O*,egc,6.826,6.823619842529297,6.72465206184417,6.7789580922995984
*CCC(C)CC(=O)O*,tg,-71.5,-39.15620422363281,-33.542509287732614,-36.550310215167826
*CCC(C)CC(C)(C)CNC(=O)c1ccc(C(=O)N*)cc1,tg,143.84,148.36968994140625,142.0265906676861,145.42520425395318
*CCC(C)CCC(=O)O*,tg,-53.0,-64.49325561523438,-32.845840223008466,-49.80243057117996
*CCC(C)CCC(=O)S*,tg,-50.0,5.3229827880859375,-6.280904090380168,-0.06357626736286504
*CCC(C)CCOC(=O)CCCCC(=O)O*,tg,-78.6,-52.49774169921875,-66.25118607140574,-58.88213178355299
*CCC(C)CO*,egc,6.1714,6.508658409118652,6.05129478480023,6.302261339162646
*CCC(C)O[Si](C)(C)O*,tg,-88.0,-92.06990051269533,-62.6220501469262,-78.40012014405018
*CCC(C)S*,tg,-59.0,-73.38478088378906,-43.36233585194683,-59.44827194960676
*CCC(CC)CC(C)CNC(=O)c1ccc(C(=O)N*)cc1,tg,139.0,129.50282287597656,141.81110854498843,135.21636596044954
*CCC(Cl)C(*)Cl,egc,6.5471,6.962882995605469,6.8820818266692765,6.926419395024414
*CCC(F)(F)C(*)(F)Cl,egb,7.4828,7.692905902862549,6.031234445091308,7.307445787836512
*CCC(F)(F)C(*)(F)Cl,egc,7.738,7.444807052612305,6.829595337899348,7.167176981990508
*CCC(F)(F)C(*)(F)F,egb,9.1316,7.847801685333252,8.55151683179013,8.011043414033738
*CCC(F)(F)C(*)(F)F,egc,8.6882,8.131927490234375,8.05720405719454,8.098206623911743
*CCC(F)(F)C(*)(F)F,ei,9.0178,8.862030982971191,8.4525858132101,8.691290336504549
*CCC(F)(F)C(*)(F)F,eps,3.08,2.979698181152344,3.420357409729087,3.2212076237906047
*CCC(F)(F)C(*)(F)F,tg,-108.0,-35.186187744140625,-4.60339876854322,-20.989565472417812
*CCC(O*)(C(F)(F)F)C(F)(F)F,eea,0.4911,1.7512261867523191,1.860300475953116,1.778556298408032
*CCC(O*)(C(F)(F)F)C(F)(F)F,egb,8.3878,7.452049732208252,7.738632146018216,7.518528631917942
*CCC(O*)(C(F)(F)F)C(F)(F)F,ei,8.3643,8.32677173614502,7.587696167016136,8.018573594414839
*CCC(O*)(C(F)(F)F)C(F)(F)F,eps,3.05,3.668400764465332,3.1800884306460846,3.4007743721735473
*CCC(O*)(C(F)(F)F)C(F)(F)F,nc,1.5724,1.6653764247894287,1.6078933887468865,1.6451553582860368
*CCC([2H])C(*)([2H])C,egc,6.8414,6.8653645515441895,6.967321606642532,6.911375288548036
*CCC([2H])C(*)([2H])C,tg,-47.5,-32.92649841308594,-27.22142814980276,-30.278187703879688
*CCC(c1ccccc1)C(*)c1ccccc1,tg,101.65,91.45195770263672,90.10107012165784,90.82487164014512
*CCC1C(=O)N(C)C(=O)C1*,tg,141.2,145.40957641601562,129.2440633150671,137.90549680097882
*CCC1C(=O)N(CC)C(=O)C1*,tg,109.2,128.8604736328125,121.09629338061042,125.25631789744013
*CCC1C(=O)N(CCCCCCCCCCCC)C(=O)C1*,tg,55.4,39.374229431152344,51.381317664142394,44.9479557634048
*CCC1C(=O)N(CCCCCCCCCCCCCCCC)C(=O)C1*,tg,65.6,24.88832092285156,48.103441575814486,35.664849484898696
*CCC1C(=O)N(CCCCNC(=O)C(F)(F)C(F)(F)C(F)(F)C(F)(F)C(F)(F)C(F)(F)C(F)(F)F)C(=O)C1*,tg,100.0,107.72494506835938,102.58301476711188,105.3380456167566
*CCC1C(=O)N(c2ccc(N(C)C)cc2)C(=O)C1*,tg,195.0,182.82598876953125,198.54897191023392,190.12464465115565
*CCC1CC(*)C2C3CC(C12)C(C)(C(=O)OC)C3,egc,6.4636,5.94301700592041,5.970840709188348,5.955573165886969
*CCC1CC(*)C2C3CC(c4ccc(COC(C)CC)cc4)C(C3)C12,tg,139.0,180.20233154296875,166.07889500244457,173.64618998555696
*CCC1CC(*)C2CCCC12,egb,7.4997,7.537840843200684,7.261251218750323,7.473679983990499
*CCC1CC(=O)N(*)C1=O,tg,121.0,151.19912719726562,105.6946532104573,130.0758140364019
*CCC1CC(OC(=O)CCCCCCCCCCOc2ccc(-c3ccc(C#N)cc3)cc2)CC1*,tg,24.0,29.02300262451172,35.82013514362074,32.178251904805634
*CCC1CCC(*)C1,egb,7.9915,7.083884239196777,7.50340372984867,7.181200727583259
*CCC1CCC(*)C1,egc,7.1099,6.3246893882751465,7.349790573475575,6.7872925989023525
*CCC1C[N+](C)(C)CC1*,tg,8.0,-20.939697265625,76.8642577911548,24.461191702662244
*CCC=C(*)C,tg,-60.98,10.315399169921877,-14.152433137027748,-1.0426418951616787
*CCC=C(*)C(C)(C)C,tg,20.0,55.987586975097656,95.12348508125793,74.15458813124177
*CCC=C(*)C(C)C,tg,-47.0,-22.1500244140625,23.234113203786418,-1.082571756210152
*CCC=C(*)CCCCCCC,tg,-83.0,-56.19114685058594,-37.649078583344064,-47.583863206946674
*CCC=C(*)Cl,egc,5.461,5.280857563018799,4.637578294559241,4.990561288645525
*CCCC(*)(C)C,tg,45.5,-48.47517395019531,-8.350487240394488,-29.84917416172666
*CCCC(*)(C)C(=O)O,tg,132.0,102.6658706665039,109.1639987619061,105.68232119746443
*CCCC(*)=O,eea,1.2346,0.9788154363632202,1.5028416213072686,1.110117636450659
*CCCC(*)=O,egb,5.13,5.792496204376221,5.6846196441141865,5.767471936713232
*CCCC(*)=O,eps,3.27,2.9115242958068848,3.37164271160552,3.1636986176883
*CCCC(*)=O,nc,1.6556,1.6444672346115112,1.6543806618528956,1.6479545255642056
*CCCC(*)=S,eea,2.3997,2.7843472957611084,2.4040737339467593,2.6890643562136467
*CCCC(*)=S,egb,2.9464,2.9110593795776367,3.7796278451295513,3.112542349676122
*CCCC(*)=S,egc,3.3942,3.6514596939086914,4.052824200675246,3.8325857253118354
*CCCC(*)=S,nc,1.7702,1.7875659465789795,1.8464977839601369,1.8082966644549374
*CCCC(*)C,egc,7.1052,7.046074390411377,6.788743882023218,6.929947396226488
*CCCC(*)C,tg,-56.55,-76.30322265625,-55.63145000476886,-66.70732385662866
*CCCC(*)C#N,egb,7.4859,7.550898551940918,7.467154950538281,7.531472438506526
*CCCC(*)C#N,egc,7.8211,7.383736610412598,7.324841344005788,7.3571586103830615
*CCCC(*)Cl,egc,6.9806,7.1213459968566895,6.5363054582583775,6.857331443552146
*CCCC(=O)N*,tg,62.18,72.61611938476562,46.60270402403295,60.54061403538668
*CCCC(=O)NCCCCCCNC(=O)CCCO*,egc,5.652,5.757535457611084,5.975068272660759,5.855702721595934
*CCCC(=O)NCCCCCOCCCCCNC(=O)CCCO*,egc,5.8594,5.509298801422119,5.843234451780456,5.659995831363068
*CCCC(=O)NNC(=O)c1ccc(C(=O)NNC(=O)CCCOc2ccc(O*)c(C)c2)cc1,tg,125.5,131.07565307617188,142.6120830869283,136.43089845152195
*CCCC(=O)Nc1ccc(Cc2ccc(NC(=O)CCCN3C(=O)c4ccc(C(=O)c5ccc6c(c5)C(=O)N(*)C6=O)cc4C3=O)cc2)cc1,tg,195.0,195.4291534423828,199.03160678182132,197.10142307587904
*CCCC(=O)Nc1ccc(NC(=O)CCCN2C(=O)c3ccc(C(=O)c4ccc5c(c4)C(=O)N(*)C5=O)cc3C2=O)cc1,tg,209.0,204.9293212890625,207.55581103648177,206.1485456990539
*CCCC(=O)Nc1ccc(Oc2ccc(NC(=O)CCCN3C(=O)c4ccc(C(=O)c5ccc6c(c5)C(=O)N(*)C6=O)cc4C3=O)cc2)cc1,tg,198.0,210.14471435546875,193.3070449519503,202.32861777092808
*CCCC(=O)Nc1ccc(Oc2ccc(Oc3ccc(NC(=O)CCCN4C(=O)c5ccc(C(=O)c6ccc7c(c6)C(=O)N(*)C7=O)cc5C4=O)cc3)cc2)cc1,tg,178.0,209.9554443359375,191.35409169778617,201.32064070969986
*CCCC(=O)Nc1ccc(Oc2cccc(NC(=O)CCCN3C(=O)c4ccc(C(=O)c5ccc6c(c5)C(=O)N(*)C6=O)cc4C3=O)c2)cc1,tg,188.0,199.64926147460935,187.7939993976507,194.14601329887378
*CCCC(=O)O*,egc,6.7691,6.806796073913574,6.591349018835717,6.709570062629911
*CCCC(=O)O*,tg,-28.78,-20.819366455078125,-38.25640829496412,-28.91369352036346
*CCCC(=O)Oc1ccc(-c2ccc(OC(=O)c3ccc4c(c3)C(=O)N(*)C4=O)cc2)cc1,tg,132.0,127.15518951416016,156.62489249354493,140.83511393151844
*CCCC(C)(C)CCCNC(=O)c1ccc(C(=O)N*)cc1,tg,152.0,137.75245666503906,142.831255977639,140.11005052256456
*CCCC(C)(C)CNC(=O)C(=O)N*,tg,109.0,141.59951782226562,154.84965920939177,147.75027315298598
*CCCC(C)(C)CNC(=O)CCCCC(=O)N*,tg,77.0,66.8052749633789,71.33742057370627,68.90911053447752
*CCCC(C)(C)CNC(=O)CCCCCC(=O)N*,tg,70.5,61.49261474609375,62.21051300184928,61.82586526731411
*CCCC(C)(C)CNC(=O)c1ccc(C(=O)N*)cc1,tg,157.0,145.49969482421875,147.1667600738031,146.2735515077785
*CCCC(C)(C)CNC(=O)c1cccc(C(=O)N*)c1,egc,5.0204,5.1903510093688965,4.872712060275951,5.047008283994993
*CCCC(C)(C)CNC(=O)c1cccc(C(=O)N*)c1,tg,153.0,133.7289581298828,130.2578489909021,132.11765886776013
*CCCC(C)CC(=O)N*,egc,6.0894,6.03346061706543,5.948110854667313,5.9949443469823755
*CCCC(C)CCC(=O)O*,egc,6.54,6.7819504737854,6.64757811309433,6.721311498460157
*CCCC(C)CN1C(=O)c2ccc(C(=O)Oc3ccc4cc(OC(=O)c5ccc6c(c5)C(=O)N(*)C6=O)ccc4c3)cc2C1=O,tg,130.0,137.58705139160156,150.85299970596031,143.7451443453025
*CCCC(C)O[Si](C)(C)O*,tg,-81.0,-85.17727661132812,-67.79354250706358,-77.10769515663384
*CCCC(CCNC(=O)c1ccc(C(=O)N*)cc1)C(C)C,egc,4.6978,5.08530330657959,4.588330258587344,4.861031467940117
*CCCC(CCNC(=O)c1ccc(C(=O)N*)cc1)C(C)C,tg,146.5,144.52310180664062,144.16386183262347,144.35634153438116
*CCCC(Cl)C(*)Cl,egc,6.8622,6.410650730133057,6.7884428441932805,6.581139114535547
*CCCC1(C)CCN(C(=O)CC(C)C(=O)N2CCC(*)(C)CC2)CC1,tg,72.0,92.54100036621094,102.10800210205434,96.98203123573228
*CCCC1(C)CCN(C(=O)CCC(=O)N2CCC(*)(C)CC2)CC1,tg,99.0,89.55923461914062,77.70766230162101,84.05769924079158
*CCCC1(CCCNC(=O)CCC2(CCC(=O)N*)c3ccccc3-c3ccccc32)c2ccccc2-c2ccccc21,tg,165.0,154.08837890625,134.59862348098795,145.04117604448743
*CCCC1(CCCNC(=O)CCCCCCCCC(=O)N*)c2ccccc2-c2ccccc21,tg,85.0,111.83849334716795,103.17016245568902,107.8146281761129
*CCCC1(CCCNC(=O)c2cccc(C(=O)N*)c2)c2ccccc2-c2ccccc21,tg,175.0,163.1759033203125,165.09687698948807,164.06762505298283
*CCCC1(CCCNC(=O)c2ccccc2-c2ccccc2C(=O)N*)c2ccccc2-c2ccccc21,tg,165.0,162.91671752929688,180.36836689655544,171.01782545255423
*CCCC1CC(=O)N(*)C(=O)C1,egc,5.8014,5.83595609664917,5.45585499550241,5.664425722582684
*CCCC1CC(=O)N(*)C(=O)C1,tg,90.23,129.6707305908203,110.23640707588144,120.64925938790958
*CCCC1CCN(C(=O)Nc2ccc(Cc3ccc(NC(=O)N4CCC(*)CC4)cc3)cc2)CC1,egc,4.6275,4.798443794250488,4.328199518520572,4.586233999868882
*CCCC1CCN(C(=O)SSCCCCSSC(=O)N2CCC(*)CC2)CC1,egc,5.001,4.602971076965332,4.343255967117888,4.4857679701907225
*CCCC=C(*)c1ccc(OC)cc1,tg,11.0,63.82073211669922,75.22988188786398,69.1168936234859
*CCCCC(=O)N*,egc,5.9658,5.941798686981201,5.834125511323889,5.893208403917816
*CCCCC(=O)NCCCCCCC(=O)NCCC(=O)N*,egc,5.7097,5.991602897644043,5.7526472849412675,5.883768046578016
*CCCCC(=O)NCc1ccc(CNC(=O)CCCCO*)cc1,tg,70.0,60.82945251464844,65.70329847114822,63.091906410210434
*CCCCC(=O)NCc1ccc(CNC(=O)CCCCS*)cc1,tg,70.0,50.84059143066406,78.2627400468262,63.57003497792627
*CCCCC(=O)NNC(=O)c1ccc(C(=O)NNC(=O)CCCCOc2ccc(O*)c(C)c2)cc1,tg,139.5,121.0873031616211,121.3664651771573,121.21689100563174
*CCCCC(=O)O*,egc,6.623,6.599086284637451,6.71960035111709,6.653471349140446
*CCCCC(=O)Oc1ccc(OC(=O)c2ccc3c(c2)C(=O)N(*)C3=O)c(C)c1,tg,75.76,101.26387786865234,105.33019511997324,103.15147451982942
*CCCCC(=O)Oc1ccc(OC(=O)c2ccc3c(c2)C(=O)N(*)C3=O)cc1,tg,89.32,97.6044921875,111.05806666571308,103.84968176860983
*CCCCC(C)CCn1c(=O)c2cc3c(=O)n(*)c(=O)c3cc2c1=O,egc,3.7606,3.708833932876587,3.6117185595551935,3.6650081289965994
*CCCCC(N)C(=O)N*,egc,5.746,5.917285919189453,5.980719308917737,5.945911863801481
*CCCCC(c1ccc(O)cc1)C(*)c1ccc(O)cc1C,tg,25.0,71.8660888671875,63.211010304867166,67.84837546703324
*CCCCC=CCCCCC1CC(CCC2CC(*)OC2=O)C(=O)O1,tg,24.7,11.749313354492188,17.881364046716257,14.595829658091048
*CCCCCC(*)C,egc,7.1803,7.074047565460205,6.751852037831905,6.9286485671150455
*CCCCCC(*)C,tg,-66.0,-55.75721740722656,-54.8302725984836,-55.326926849784
*CCCCCC(*)CC,egc,6.7743,7.104849815368652,6.846558062492729,6.988289034946211
*CCCCCC(*)CCC,tg,-68.0,-66.39967346191406,-58.60465718677462,-62.781203552306195
*CCCCCC(*)CCCCCCCC,tg,-72.0,-63.83001708984375,-41.07712253561323,-53.268055267706174
*CCCCCC(*)CCCCCCCCCC,tg,-65.0,-47.7586669921875,-66.37777040935032,-56.40171058322547
*CCCCCC(=O)N*,tg,48.52,61.92987060546875,42.38122518822562,52.85533083298796
*CCCCCC(=O)NCCCCCCNC(=O)CCCCCO*,egc,5.7609,5.84950590133667,5.94945074492974,5.8946085762718745
*CCCCCC(=O)NCCCCCCNC(=O)CCCCCOC(=O)CCCCC(=O)O*,egc,5.9182,6.0941948890686035,5.877161460463296,5.996252986029427
*CCCCCC(=O)NCCCCCOCCCCCNC(=O)CCCCO*,egc,5.905,5.887008190155029,5.819049377458146,5.856340032320597
*CCCCCC(=O)NCCCCCOCCCCCNC(=O)CCCO*,egc,5.841,5.775814056396484,5.894162579606214,5.829221863938044
*CCCCCC(=O)NCCNC(=O)CCCCCOC(=O)CCCCC(=O)O*,egc,5.9333,6.182742118835449,5.890202396626675,6.0507260635586135
*CCCCCC(=O)NCCOC(=O)CCCCC(=O)O*,egc,6.3289,6.131999969482422,6.12505730165795,6.128866912500061
*CCCCCC(=O)NCc1ccc(CNC(=O)CCCCCO*)cc1,egc,5.243,5.530301094055176,5.257324477665414,5.407113392205661
*CCCCCC(=O)NCc1ccc(CNC(=O)CCCCO*)cc1,egc,5.142,5.519176959991455,5.30751594777492,5.423659497686669
*CCCCCC(=O)NNC(=O)c1ccc(C(=O)NNC(=O)CCCCCOc2ccc(O*)c(C)c2)cc1,tg,110.5,123.36839294433594,112.91030231736325,118.5137159417564
*CCCCCC(=O)Nc1ccc(Cc2ccc(NC(=O)CCCCCN3C(=O)c4ccc(C(=O)c5ccc6c(c5)C(=O)N(*)C6=O)cc4C3=O)cc2)cc1,tg,187.0,162.4104461669922,163.72978327224388,163.0228864041227
*CCCCCC(=O)Nc1ccc(Oc2cccc(NC(=O)CCCCCN3C(=O)c4ccc(C(=O)c5ccc6c(c5)C(=O)N(*)C6=O)cc4C3=O)c2)cc1,tg,170.0,167.083984375,177.49730760981143,171.9178802200105
*CCCCCC(=O)O*,tg,-57.39,-41.915496826171875,-41.7285714578078,-41.82872551012922
*CCCCCC(=O)Oc1ccc(C(C)(C)c2ccc(OC(=O)c3ccc4c(c3)C(=O)N(*)C4=O)cc2)cc1,tg,110.0,91.91184997558594,95.90089982992956,93.76357886958492
*CCCCCC(=O)Oc1ccc(C2(c3ccc(OC(=O)c4ccc5c(c4)C(=O)N(*)C5=O)cc3)CCCCC2)cc1,tg,122.0,137.0590362548828,152.03499295348178,144.01092022391293
*CCCCCC(=O)Oc1ccc(OC(=O)c2ccc3c(c2)C(=O)N(*)C3=O)cc1,tg,89.0,88.04794311523438,88.4273790027207,88.22407839103533
*CCCCCC(=O)S*,egb,5.0001,5.313751697540283,4.850307236877065,5.206245876049537
*CCCCCC(=O)S*,egc,5.3869,5.639560699462891,4.993555915014378,5.34803446607161
*CCCCCC(=O)S*,tg,19.0,-21.423309326171875,-12.54103108487937,-17.300129154324615
*CCCCCCC(=O)N*,eea,0.6934,1.1666114330291748,1.0589571185485287,1.13963711619857
*CCCCCCC(=O)N*,egb,5.9361,5.611536502838135,6.094668044599102,5.72360916244178
*CCCCCCC(=O)N*,egc,6.0436,5.925845146179199,5.9622301910329165,5.942264831192883
*CCCCCCC(=O)N*,eps,3.34,3.610440731048584,3.5403888530449414,3.5720478212550772
*CCCCCCC(=O)N*,tg,51.14,62.99766540527344,55.829848901502174,59.670343508691126
*CCCCCCC(=O)NCCCCCCNC(=O)CCCCCCO*,egc,5.7692,5.88521671295166,5.915989398843392,5.899103676988634
*CCCCCCC(=O)NCCCCCCNC(=O)CCCO*,egc,5.9827,5.61530876159668,5.773342053997213,5.686625339419367
*CCCCCCC(=O)NCCCCCOCCCCCNC(=O)CCCO*,egc,5.944,5.880130767822266,5.847591646081469,5.865446654287328
*CCCCCCC(=O)O*,egc,6.5222,6.739483833312988,6.711156932415681,6.72670059250574
*CCCCCCC(=O)O*,tg,-14.0,-42.94720458984375,-38.46263031728741,-40.86545177626718
*CCCCCCC(=O)Oc1ccc(-c2ccc(OC(=O)c3ccc4c(c3)C(=O)N(*)C4=O)cc2)cc1,tg,107.0,84.44500732421875,101.01357716218372,92.13618708417894
*CCCCCCC(=O)Oc1ccc(OC(=O)c2ccc3c(c2)C(=O)N(*)C3=O)cc1,tg,74.32,90.03414916992188,86.10524835786366,88.21034164156463
*CCCCCCC(Cl)C(*)Cl,egb,6.7965,7.09634256362915,5.269817401094386,6.672641117741087
*CCCCCCC(Cl)C(*)Cl,tg,-18.0,-20.859954833984375,-35.39268342753221,-27.60609098869176
*CCCCCCCC(*)C,tg,-58.0,-51.25701904296875,-53.867584054282865,-52.46885114274795
*CCCCCCCC(=O)N(*)C,egc,5.5443,5.731086254119873,5.664301877811573,5.700948090838056
*CCCCCCCC(=O)N*,tg,38.45,63.123748779296875,54.220878019878235,58.991009498838125
*CCCCCCCC(=O)O*,egc,6.6609,6.7783026695251465,6.528930815255858,6.665767222204912
*CCCCCCCC(=O)OC1COC(*)OC1,egc,6.6422,6.681442737579346,6.476691588585213,6.589043528338577
*CCCCCCCC(=O)OC1COC(*)OC1,tg,6.5,2.095611572265625,9.310462068434845,5.444766789037856
*CCCCCCCC(=O)OCC1(C)COC(*)OC1,tg,-26.0,30.62298583984375,11.831262006398248,21.89981133437844
*CCCCCCCC(=O)OCC1COC(*)O1,egc,6.6417,6.471743583679199,6.635291880574549,6.545548948777482
*CCCCCCCC(=O)OCC1COC(*)O1,tg,-23.0,0.60333251953125,-8.125015491204325,-3.4483927781003283
*CCCCCCCC(=O)OCCOC(=O)CCCCCCCC1OCC2(COC(*)OC2)CO1,tg,0.0,28.75132751464844,2.633521343782671,16.627363638439878
*CCCCCCCC(c1ccc(O)cc1)C(*)c1ccc(O)cc1C,tg,4.0,63.25634765625,-0.9007969971228782,33.47440888660502
*CCCCCCCCC(*)Cl,egc,6.9974,6.860322952270508,6.909101050183228,6.882335320443022
*CCCCCCCCC(*)Cl,tg,-33.0,-37.305572509765625,-35.71123099932298,-36.56547440380339
*CCCCCCCCC(=O)N*,egc,6.101,5.845890998840332,5.946323357271071,5.8912136773541
*CCCCCCCCC(=O)N*,tg,44.29,60.68647003173828,44.88947192625075,53.35345618170413
*CCCCCCCCC(=O)NCCCCCCNC(=O)CCCO*,egc,5.9837,5.868727207183838,5.829541523714596,5.851043662139503
*CCCCCCCCC(=O)NCCCCCOCCCCCNC(=O)CCCCO*,egc,5.8271,5.628045082092285,5.769337557113662,5.691806936556997
*CCCCCCCCC(=O)NCCCCCOCCCCCNC(=O)CCCO*,egc,5.9383,5.820682525634766,5.79395015449355,5.808618857290468
*CCCCCCCCC(=O)O*,egc,6.4657,6.777615547180176,6.699666717917617,6.742439138058727
*CCCCCCCCC(Cl)C(*)Cl,egc,6.9929,6.550484657287598,6.999781959985993,6.753241592656649
*CCCCCCCCCC#CC#CCCCCCCCCCOC(=O)CCCCCCCCC(=O)O*,egc,5.4028,6.032779693603516,5.971074455130087,6.004933621584055
*CCCCCCCCCC(=O)N*,egc,6.1321,5.992207050323486,6.09490268669347,6.038551091075785
*CCCCCCCCCC(=O)N*,tg,43.0,45.23173522949219,47.34762811279559,46.21393904535911
*CCCCCCCCCC(c1ccc(O)cc1)C(*)c1ccc(O)cc1C,tg,-1.0,56.10594177246094,-2.9211900895704535,28.705370310614242
*CCCCCCCCCCC(=O)N(*)C,egc,5.7405,5.906586647033691,5.671180179827406,5.800353438932635
*CCCCCCCCCCC(=O)NCC(=O)N*,egc,6.0226,5.910577774047852,6.140555948083391,6.014361325583032
*CCCCCCCCCCC(=O)NCCCCCOCCCCCNC(=O)CCCCO*,egc,5.6858,5.911731719970703,5.6777340226871775,5.8061342554418065
*CCCCCCCCCCC(=O)NCCCCCOCCCCCNC(=O)CCCO*,egc,5.4741,5.8498125076293945,5.829829925038788,5.8407948545464645
*CCCCCCCCCCC(=O)NCCc1ccc(CCNC(=O)CCCCCCCCCCS*)cc1,tg,58.0,27.97088623046875,47.260225848343545,36.925055473975334
*CCCCCCCCCCC(=O)NCc1ccc(CNC(=O)CCCCO*)cc1,egc,5.2644,5.323534965515137,5.242056211544206,5.2867655873025
*CCCCCCCCCCC(=O)Nc1ccc(Oc2cccc(NC(=O)CCCCCCCCCCN3C(=O)c4ccc(C(=O)c5ccc6c(c5)C(=O)N(*)C6=O)cc4C3=O)c2)cc1,tg,126.0,137.67991638183594,160.14913725266956,148.1101960302245
*CCCCCCCCCCC(=O)O*,egc,6.8465,6.581027030944824,6.644392797953422,6.609622459069611
*CCCCCCCCCCC(=O)Oc1ccc(-c2ccc(OC(=O)c3ccc4c(c3)C(=O)N(*)C4=O)cc2)cc1,tg,61.0,68.43753051757812,71.9906724690707,70.08690965704776
*CCCCCCCCCCC(Cl)C(*)Cl,egc,7.2165,6.870234966278076,6.910924731884333,6.888597266976658
*CCCCCCCCCCC(Cl)C(*)Cl,tg,-32.0,-15.770645141601562,-12.171869276530275,-14.100082602724692
*CCCCCCCCCCC(c1ccc(O)cc1)C(*)c1ccc(O)cc1C,tg,-4.0,53.14022064208984,0.0208708125089129,28.482059300042614
*CCCCCCCCCCCC(=O)N(*)C,egc,5.8019,5.797079086303711,5.690832977963605,5.7491328039811815
*CCCCCCCCCCCC(=O)N*,egc,6.0986,6.141287803649902,6.11811176227367,6.1308290203560585
*CCCCCCCCCCCC(=O)N*,tg,42.59,49.4981689453125,44.76653241407014,47.30172909102938
*CCCCCCCCCCCC(=O)NCC(=O)N*,egc,6.1662,5.983834266662598,5.977717487606828,5.981073913176768
*CCCCCCCCCCCC(=O)O*,egc,6.7916,6.591000080108643,6.753234554697016,6.66421254918244
*CCCCCCCCCCCC(=O)Oc1ccc(C(C)(C)c2ccc(C(C)(C)c3ccc(OC(=O)c4ccc5c(c4)C(=O)N(*)C5=O)cc3)cc2)cc1,tg,97.0,81.2437744140625,96.02442505735344,88.10499672706115
*CCCCCCCCCCCC(=O)Oc1ccc(C2(c3ccc(OC(=O)c4ccc5c(c4)C(=O)N(*)C5=O)cc3)OC(=O)c3ccccc32)cc1,tg,114.0,129.9515380859375,92.37509506903004,112.50844065451591
*CCCCCCCCCCCC(=O)Oc1ccc2ccc(OC(=O)c3ccc4c(c3)C(=O)N(*)C4=O)cc2c1,tg,98.0,80.1194076538086,75.70283995711361,78.06922369650172
*CCCCCCCCCCCCC(=O)N*,egc,6.0892,6.045769214630127,6.0434395525368405,6.044717894838881
*CCCCCCCCCCCCC(=O)N*,tg,41.0,39.11981201171875,26.406486750471547,33.21824833498895
*CCCCCCCCCCCCC(=O)O*,egc,6.7386,6.604979515075684,6.761984251205585,6.675831930491796
*CCCCCCCCCCCCCC(=O)O*,egc,6.7839,6.772205352783203,6.7497855588266695,6.762087845540379
*CCCCCCCCCCCCCCC(*)Cl,egc,7.2258,6.785358428955078,6.890479315907814,6.832796926256988
*CCCCCCCCCCCCCCC(=O)N*,tg,-7.0,42.51141357421875,39.198822410430566,40.97369883111695
*CCCCCCCCCCCCCCCC(=O)O*,egc,6.7798,6.723326683044434,6.716224014733404,6.720121421737415
*CCCCCCCCCCCCCCCCC(=O)N*,egc,6.0239,5.984920024871826,6.106933526696419,6.039981748044928
*CCCCCCCCCCCCCCCCCCCCC(*)COCCOCCOCCOCCOCc1ccc2ccc3cccc4ccc1c2c34,tg,-21.0,-9.62139892578125,-13.549848627484174,-11.444997047359994
*CCCCCCCCCCCCCCCCCCCCCC(=O)N*,egc,5.9891,6.09004545211792,6.057251725145452,6.0752464414398375
*CCCCCCCCCCCCCCCCCCCCCCOC(=O)CCC(=O)O*,egc,6.6006,6.5101704597473145,6.704080421043652,6.59767730488938
*CCCCCCCCCCCCCCCCCCCCOC(=O)C(=O)O*,egc,5.2426,5.882127285003662,5.612094272657676,5.760267960002331
*CCCCCCCCCCCCCCCCCCCCOC(=O)CC(=O)O*,egc,6.2688,6.429842948913574,6.807800895821317,6.600406169643247
*CCCCCCCCCCCCCCCCCCCCOC(=O)CCC(=O)O*,egc,6.7992,6.550747394561768,6.56091027755117,6.555333656257687
*CCCCCCCCCCCCCCCCCCCCOC(=O)CCC(C)CC(=O)O*,egc,6.748,6.4303879737854,6.724617414839841,6.563166558044104
*CCCCCCCCCCCCCCCCCCCCOC(=O)CCCCC(=O)O*,egc,6.8416,6.593144416809082,6.724752628487089,6.65253599897299
*CCCCCCCCCCCCCCCCCCCCOC(=O)CCCCCC(=O)O*,egc,6.7391,6.436519145965576,6.712860254085074,6.561225161030191
*CCCCCCCCCCCCCCCCCCCCOC(=O)CCCCCCC(=O)O*,egc,6.7452,6.502574920654297,6.6250079397743,6.55782596177042
*CCCCCCCCCCCCCCCCCCCCOC(=O)CCCCCCCC(=O)O*,egc,6.5108,6.7237091064453125,6.7674874364911215,6.74346520108989
*CCCCCCCCCCCCCCCCCCCCOC(=O)CCCCCCCCC(=O)O*,egc,6.784,6.395033836364746,6.442223486179055,6.416329376578373
*CCCCCCCCCCCCCCCCCCCCOC(=O)CCCCSCCCCC(=O)O*,egc,5.0235,5.736520767211914,5.288990910205026,5.534561437058137
*CCCCCCCCCCCCCCCCCCCCOC(=O)COCC(=O)O*,egc,6.3895,6.191502571105957,6.115109573534114,6.1570282709525905
*CCCCCCCCCCCCCCCCCCCCOC(=O)c1ccccc1C(=O)O*,egc,5.216,4.964901924133301,4.959984629066507,4.962682868572404
*CCCCCCCCCCCCCCCCCCNC(=O)CCCCCCCCCCC(=O)N*,egc,5.6172,5.837972640991211,5.965986509900892,5.895742183761616
*CCCCCCCCCCCCCCCCCCNC(=O)CCCCCCCCCCCCCCCCC(=O)N*,tg,50.0,24.70245361328125,41.302083740678285,32.40805165265569
*CCCCCCCCCCCCCCCCCCNC(=O)CCc1ccc(CCC(=O)N*)cc1,tg,65.0,37.467811584472656,72.01897778142431,53.50656645202341
*CCCCCCCCCCCCCCCCCCNC(=O)Cc1ccc(CC(=O)N*)cc1,tg,78.0,69.85074615478516,74.39609493616567,71.96071067744472
*CCCCCCCCCCCCCCCCCCNC(=O)NCCCCCCCCCCNC(=O)N*,egc,5.6443,5.764309883117676,5.55376559437478,5.669296370931908
*CCCCCCCCCCCCCCCCCCOCO*,egc,6.7236,6.443936824798584,6.548731989509552,6.491228331581909
*CCCCCCCCCCCCCCCCOC(=O)C/C=C/CC(=O)O*,tg,-22.0,-22.737319946289062,-22.939487887704175,-22.83116691041036
*CCCCCCCCCCCCCCCCOC(=O)CC=CCC(=O)O*,egc,5.8517,6.198491096496582,6.071229472472387,6.141061023530942
*CCCCCCCCCCCCCCCCOC(=O)CCCCC(=O)O*,egc,6.7152,6.765842437744141,6.765248013542038,6.765574188571925
*CCCCCCCCCCCCCCCCOC(=O)CCCCCCC(=O)O*,egc,6.8244,6.625093460083008,6.687776756805683,6.653380905981276
*CCCCCCCCCCCCCCCCOC(=O)NCCCCCCCCCCNC(=O)O*,tg,34.0,24.181304931640625,27.266999478208497,25.61369358522265
*CCCCCCCCCCCCCCCCOC(=O)NCCCCCCNC(=O)O*,tg,39.0,41.629974365234375,31.357386227394656,36.861408173895306
*CCCCCCCCCCCCCCCCOC(=O)NCc1ccc(CNC(=O)O*)cc1,egc,5.353,5.618005752563477,5.405083370871556,5.521919064920231
*CCCCCCCCCCCCCCCCOC(=O)Nc1ccc(Cc2ccc(NC(=O)O*)cc2)cc1,tg,40.0,57.935302734375,63.534360941381784,60.534402329434485
*CCCCCCCCCCCCCCCc1nnc(*)o1,egc,6.3716,6.383732795715332,6.438978462075708,6.408663820086894
*CCCCCCCCCCCCCCNC(=O)CCCCCCCCCCC(=O)N*,egc,5.9384,5.957492828369141,5.887080060782746,5.925717260430211
*CCCCCCCCCCCCCCNC(=O)CCCCCCCCCCCCCCCCC(=O)N*,tg,47.0,39.162109375,44.830827247862835,41.79354519565754
*CCCCCCCCCCCCCCNC(=O)NCCCCCCCCCCNC(=O)N*,tg,40.0,57.872955322265625,69.88694790128216,63.44988667262972
*CCCCCCCCCCCCCCNC(=O)NCc1ccc(CNC(=O)N*)cc1,tg,54.0,81.51985931396484,77.8902171278842,79.83496853639669
*CCCCCCCCCCCCCCOC(=O)CC=CCC(=O)O*,egc,6.1489,5.899892807006836,6.088195750567708,5.984869341537699
*CCCCCCCCCCCCCCOC(=O)CCC=CCCC(=O)O*,egc,6.0458,6.105213642120361,5.957627202194642,6.038611474509631
*CCCCCCCCCCCCCCOC(=O)CCCCCCC(=O)O*,egc,6.7022,6.78272819519043,6.807238958835015,6.793789306152557
*CCCCCCCCCCCCCCOCO*,egc,6.6169,6.381115436553955,6.65264584311098,6.503650499111346
*CCCCCCCCCCCCCCc1ccc(-c2c(-c3ccccc3)cc(-c3ccc(-c4cc(-c5ccccc5)c(-c5ccc(*)cc5)c(-c5ccccc5)c4-c4ccccc4)cc3)c(-c3ccccc3)c2-c2ccccc2)cc1,tg,185.0,203.831787109375,204.27377182616183,204.03695773914012
*CCCCCCCCCCCCCNC(=O)CCCCCCCCCCCC(=O)N*,tg,56.5,49.90071868896485,47.425947174560086,48.75192233730257
*CCCCCCCCCCCCCOC(=O)c1ccc(C(=O)NCCCCCCNC(=O)c2ccc(C(=O)O*)cc2)cc1,egc,4.6196,4.618346691131592,4.3752789077889105,4.508656117559211
*CCCCCCCCCCCCN1C(=O)c2ccc(C(=O)c3ccc4c(c3)C(=O)N(*)C4=O)cc2C1=O,tg,87.5,115.5450210571289,95.33299501946938,106.16253801309274
*CCCCCCCCCCCCN1C(=O)c2ccc(C(c3ccc4c(c3)C(=O)N(*)C4=O)(C(F)(F)F)C(F)(F)F)cc2C1=O,tg,100.0,125.71578979492188,117.88589478930017,122.0811290741238
*CCCCCCCCCCCCN1C(=O)c2ccc(Oc3ccc4c(c3)C(=O)N(*)C4=O)cc2C1=O,tg,70.0,96.80213928222656,87.11456863129372,92.30513996108355
*CCCCCCCCCCCCNC(=O)C(=O)N*,egc,5.7269,5.046753883361816,5.446735557158763,5.22725587590837
*CCCCCCCCCCCCNC(=O)C(OC)C(OC)C(=O)N*,tg,84.0,99.0018539428711,86.81944977825067,93.34674542989086
*CCCCCCCCCCCCNC(=O)CCCCCCCCC(=O)N*,egc,5.9688,5.926311492919922,5.86786542373855,5.899936204663323
*CCCCCCCCCCCCNC(=O)CCCCCCCCCCCCC(=O)N*,egc,6.028,5.957492828369141,5.8899334145897075,5.927004909543501
*CCCCCCCCCCCCNC(=O)CCCCCCCCCCCCC(=O)N*,tg,49.0,42.50690460205078,52.59424895660423,47.18948007417852
*CCCCCCCCCCCCNC(=O)CCCCCCCCCCCCCCC(=O)N*,tg,46.0,39.2381591796875,46.32019876948224,42.52566317580526
*CCCCCCCCCCCCNC(=O)CCCCCCCCCCCCCCCCC(=O)N*,tg,47.0,35.46868133544922,44.793642410465765,39.79735620503548
*CCCCCCCCCCCCNC(=O)CCCCCCCCCCCCCCCCCCCCC(=O)N*,egc,5.927,6.072918891906738,5.660126079321849,5.886635544289431
*CCCCCCCCCCCCNC(=O)CCP(C)(=O)CCC(=O)N*,egc,5.7027,5.846284866333008,5.85374626182605,5.8496520124846985
*CCCCCCCCCCCCNC(=O)CCP(C)(=O)CCC(=O)N*,tg,44.0,47.896148681640625,45.913845644322414,46.97595767252924
*CCCCCCCCCCCCNC(=O)CCc1ccc(CCC(=O)N*)cc1,tg,85.0,45.92958068847656,75.3398650354541,59.581922798646914
*CCCCCCCCCCCCNC(=O)NCCCCCCCCCCNC(=O)N*,egc,5.6621,5.632627487182617,5.611048287406203,5.62288931963052
*CCCCCCCCCCCCNC(=O)c1ccc(C(=O)N*)c(Oc2ccccc2)c1,tg,75.0,93.85594177246094,93.8676576184132,93.8613803032539
*CCCCCCCCCCCCNC(=O)c1ccc(C(=O)N*)c(Sc2ccccc2)c1,tg,92.0,107.57965087890624,115.8458467115302,111.4168437508019
*CCCCCCCCCCCCNC(=O)c1ccc(C(=O)N*)cc1,tg,130.0,113.05091094970705,117.4995735166526,115.11599344194384
*CCCCCCCCCCCCNC(=O)c1cccc(C(=O)N*)c1,egc,4.8693,5.199324607849121,5.004507098808831,5.111408208502834
*CCCCCCCCCCCCO*,egc,6.2452,6.483456611633301,6.137702496134765,6.327426196073963
*CCCCCCCCCCCCOC(=O)CCCCC(=O)O*,egc,6.8209,6.550756454467773,6.802747327024436,6.664473800985787
*CCCCCCCCCCCCOC(=O)CCCCCCCCCCC(=O)O*,egc,6.669,6.617300510406494,6.723050542372174,6.665022925537336
*CCCCCCCCCCCCOC(=O)CCCCCCCCCCCCC(=O)O*,egc,6.4766,6.446662425994873,6.772976017167938,6.593919806170899
*CCCCCCCCCCCCOC(=O)NCCCCCCNC(=O)O*,tg,36.0,34.56835174560547,36.30755911753153,35.375697018501654
*CCCCCCCCCCCCOC(=O)Nc1ccc(Cc2ccc(NC(=O)O*)cc2)cc1,tg,43.0,77.14444732666016,66.88955396951816,72.3840951055364
*CCCCCCCCCCCCOC(=O)c1cccc(C(=O)O*)c1,egc,5.1678,4.820551872253418,4.882481430421047,4.848499174290209
*CCCCCCCCCCCCOc1ccc(C(C)Cc2ccc(-c3ccc(O*)cc3)cc2)cc1,tg,40.0,22.796051025390625,28.477036507832327,25.433181507169728
*CCCCCCCCCCCCOc1ccc(CCc2ccc(O*)cc2C)cc1,tg,-0.9,-1.717498779296875,4.9492014276269485,1.3772034308917576
*CCCCCCCCCCCCOc1ccc(N(c2ccccc2)c2ccc(-c3ccc(N(c4ccccc4)c4ccc(O*)cc4)cc3)cc2)cc1,tg,92.0,112.43323516845705,137.2221638086689,123.94033011347929
*CCCCCCCCCCCCOc1ccc(OCc2ccc(COc3ccc(O*)cc3)cc2)cc1,tg,24.0,28.35253143310547,28.04231162722932,28.20852646976661
*CCCCCCCCCCCCc1nc2cc3sc(*)nc3cc2s1,egc,4.2887,4.293663501739502,3.964522184088703,4.1451300374400155
*CCCCCCCCCCCCc1nc2ccc(-c3ccc4nc(*)oc4c3)cc2o1,egc,4.1955,4.443314552307129,4.260998441451317,4.361039729637332
*CCCCCCCCCCCCc1nc2ccc(-c3ccc4nc(*)oc4c3)cc2o1,tg,55.0,89.28831481933594,64.21651119787714,77.64990846049568
*CCCCCCCCCCCN1C(=O)c2ccc(-c3ccc(-c4ccc5c(c4)C(=O)N(*)C5=O)cc3)cc2C1=O,tg,89.0,98.78512573242188,109.2360239145722,103.63646398056557
*CCCCCCCCCCCN1C(=O)c2ccc(C(=O)Oc3ccc(-c4ccc(OC(=O)c5ccc6c(c5)C(=O)N(*)C6=O)cc4)cc3)cc2C1=O,tg,97.0,95.54551696777344,108.48507371201823,101.55209797672401
*CCCCCCCCCCCNC(=O)CCCCC(=O)N*,egc,6.1376,5.9006123542785645,5.8039879822269675,5.857008127319089
*CCCCCCCCCCCNC(=O)CCCCCCCCC(=O)N*,egc,5.9682,5.9179205894470215,5.893975032420936,5.90711454247288
*CCCCCCCCCCCNC(=O)CCCCCCCCC(=O)N*,tg,40.0,48.61872100830078,48.732442714169935,48.67151096488743
*CCCCCCCCCCCNC(=O)CCCCCCCCCCC(=O)N*,egc,6.009,6.059195518493652,5.890996277683256,5.983291295625415
*CCCCCCCCCCCNC(=O)CCCCCCCCCCC(=O)N*,tg,39.0,55.220603942871094,50.07542534492182,52.83219662220712
*CCCCCCCCCCCNC(=O)c1ccc(C(=O)N*)cc1,egb,4.214,4.831168174743652,4.377870832092771,4.7260161935731
*CCCCCCCCCCCOC(=O)Nc1ccc(NC(=O)OCCCCCCCCCCCOc2ccc(-c3ccc(O*)cc3)cc2)c(C)c1,tg,77.0,57.635459899902344,66.89168333129912,61.9322265493751
*CCCCCCCCCCCOC(=O)c1cc(OCCCCCCCCCCOc2ccc(N=Nc3ccc(OC)cc3)cc2)cc(C(=O)OCCCCCCCCCCCOc2ccc(-c3ccc(O*)cc3)cc2)c1,tg,53.0,48.87434387207031,59.0335147491331,53.590261431146686
*CCCCCCCCCCCOC(=O)c1ccc2cc(C(=O)O*)ccc2c1,egc,3.7387,4.475965976715088,3.88491667155451,4.209239813333662
*CCCCCCCCCCCOC(=O)c1ccc2cc(C(=O)O*)ccc2c1,tg,39.0,24.79936981201172,36.384157433279874,30.17706293504585
*CCCCCCCCCCCOc1ccc(CCc2ccc(O*)cc2C)cc1,tg,3.9,-9.190826416015623,1.1698558704125106,-4.381366656962485
*CCCCCCCCCCCc1nc2ccc(-c3ccc4nc(*)oc4c3)cc2o1,tg,62.0,82.81411743164062,64.06987873497482,74.11298566893892
*CCCCCCCCCCN1C(=O)C2C3C=CC(C4C(=O)N(*)C(=O)C34)C2C1=O,tg,219.0,112.32452392578124,129.71133939776786,120.3955357606042
*CCCCCCCCCCN1C(=O)c2ccc(Oc3ccc4c(c3)C(=O)N(*)C4=O)cc2C1=O,tg,91.5,98.27120971679688,101.91445564865091,99.9624153939113
*CCCCCCCCCCNC(=O)C(C)=C(C)C(=O)N*,egc,4.9889,4.71533203125,5.204920791643587,4.936271520653463
*CCCCCCCCCCNC(=O)C=C(C)C(=O)N*,tg,74.0,96.79265594482422,91.7064200854918,94.43161002002483
*CCCCCCCCCCNC(=O)CCC(=O)N*,egc,5.9532,5.920811653137207,5.892935360082944,5.908231760680283
*CCCCCCCCCCNC(=O)CCCCC(=O)N*,tg,45.0,57.960227966308594,52.02630201851474,55.205681762676804
*CCCCCCCCCCNC(=O)CCCCCCCC(=O)N*,egc,5.9559,5.9206085205078125,5.890741223441999,5.907130136407905
*CCCCCCCCCCNC(=O)CCCCCCCCC(=O)N*,egc,5.9125,5.924488544464111,5.921895439281574,5.923318339219737
*CCCCCCCCCCNC(=O)CCCCCCCCCCCCCCC(=O)N*,egc,5.8964,5.9326324462890625,5.9931059977831005,5.959922687957939
*CCCCCCCCCCNC(=O)CCCCCCCCCCCCCCC(=O)N*,tg,45.0,49.90071868896485,44.87046785432555,47.565661180365026
*CCCCCCCCCCNC(=O)CCP(C)(=O)CCC(=O)N*,egc,5.8056,5.898005962371826,5.857441436436542,5.879700179288019
*CCCCCCCCCCNC(=O)CCP(C)(=O)CCC(=O)N*,tg,45.5,51.485496520996094,45.60979220499831,48.75797697328216
*CCCCCCCCCCNC(=O)N*,egc,5.6429,5.764140605926514,5.875983061171903,5.814612383374348
*CCCCCCCCCCNC(=O)NCCCCCCNC(=O)N*,egc,5.6863,5.563969135284424,5.742050131242065,5.644332753696969
*CCCCCCCCCCNC(=O)c1ccc(C(=O)N*)c(Oc2ccccc2)c1,tg,94.0,93.31221771240234,84.53187617581739,89.23635686429341
*CCCCCCCCCCNC(=O)c1ccc(C(=O)N*)c(Sc2ccccc2)c1,tg,100.0,107.1138916015625,115.07341732647944,110.80872729064468
*CCCCCCCCCCNCCCCCCN*,egc,5.4327,5.723708152770996,5.04737294836689,5.418494539193549
*CCCCCCCCCCOC(=O)C(=O)O*,egc,5.4658,5.726042747497559,5.56889121623467,5.655124087011394
*CCCCCCCCCCOC(=O)C(O)C(O)C(=O)O*,egc,6.2882,6.164710521697998,6.347851243132793,6.247357471048422
*CCCCCCCCCCOC(=O)C1CCC(C(=O)O*)CC1,egc,6.5731,6.675202369689941,6.713022395136268,6.692269626513035
*CCCCCCCCCCOC(=O)CC(=O)O*,egc,6.9598,6.623923301696777,6.743758106929269,6.678001832134333
*CCCCCCCCCCOC(=O)CC(C)(C)CC(=O)O*,egc,6.7584,6.396105766296387,6.526853633703364,6.45510909603432
*CCCCCCCCCCOC(=O)CC(C)C(=O)O*,egc,6.5777,6.77406120300293,6.5860044419671615,6.689195764652773
*CCCCCCCCCCOC(=O)CC=CCC(=O)O*,egc,6.0213,5.861825942993164,6.063585725224138,5.952875221233191
*CCCCCCCCCCOC(=O)CCC(=O)O*,egb,6.6201,6.2274909019470215,6.243022775316187,6.231093851054349
*CCCCCCCCCCOC(=O)CCC(=O)O*,egc,6.7167,6.644418716430664,6.777053545185093,6.7042735858900055
*CCCCCCCCCCOC(=O)CCC=CCCC(=O)O*,egc,6.0842,6.1824212074279785,6.031100946799116,6.114134057427103
*CCCCCCCCCCOC(=O)CCCCC(=O)O*,tg,-68.0,-44.433380126953125,-53.30638604449947,-48.55225605833655
*CCCCCCCCCCOC(=O)CCCCCC(=O)O*,egc,6.771,6.557355880737305,6.826804498523222,6.678951482699716
*CCCCCCCCCCOC(=O)CCCCCCC(=O)O*,tg,-22.0,-49.810638427734375,-52.78595772438458,-51.19179055960876
*CCCCCCCCCCOC(=O)CCCCCCCC(=O)O*,egc,6.6816,6.533297538757324,6.8007581037692555,6.653995980898424
*CCCCCCCCCCOC(=O)CCCCCCCCC(=O)O*,egc,6.7107,6.690091609954834,6.822127416338379,6.749676155200324
*CCCCCCCCCCOC(=O)CCCCCCCCC(=O)O*,tg,-53.0,-45.18780517578125,-52.84703446965016,-48.743242361851266
*CCCCCCCCCCOC(=O)CCCCCCCCCCC(=O)O*,egc,6.8187,6.657846450805664,6.604940272673976,6.633971180521055
*CCCCCCCCCCOC(=O)CCCCCCCCCCCCCCCCC(=O)O*,egb,6.0542,6.392915725708008,6.5314864550742024,6.425060160175443
*CCCCCCCCCCOC(=O)NCCCCCCCCCCNC(=O)O*,egc,6.2681,6.227722644805908,6.176139717430349,6.204444525375369
*CCCCCCCCCCOC(=O)NCc1ccc(CNC(=O)O*)cc1,tg,49.0,25.894058227539062,55.389451299952235,39.58590806305132
*CCCCCCCCCCOC(=O)NNC(=O)CCCCCCCCC(=O)NNC(=O)O*,egc,5.6458,5.908624172210693,5.851943388720058,5.883045514413603
*CCCCCCCCCCOC(=O)O*,egc,7.22,6.760739803314209,7.222773687561881,6.969244447887165
*CCCCCCCCCCOC(=O)O*,tg,-39.67,-21.465850830078125,-33.110740898768476,-26.87144368927889
*CCCCCCCCCCOC(=O)c1ccc(-c2ccc(C(=O)O*)cc2)cc1,tg,46.0,27.404251098632812,37.49979512120434,32.09063288122161
*CCCCCCCCCCOC(=O)c1ccc(C(=O)O*)cc1,tg,5.33,11.211410522460938,19.520118352010975,15.068337590700096
*CCCCCCCCCCOC(=O)c1ccc2cc(C(=O)O*)ccc2c1,tg,43.75,31.00421142578125,38.70749619774361,34.58009929677709
*CCCCCCCCCCOC(=O)c1cccc(C(=O)O*)c1,egc,5.173,5.020289421081543,5.078561340606913,5.04658611983775
*CCCCCCCCCCOCCCCCCCCCCOCCCCCCO*,egc,6.1357,5.94870662689209,5.9148238021104635,5.933416132884872
*CCCCCCCCCCOCCCCCCCCCCOCCCCCO*,egc,5.9245,5.8605570793151855,6.136532493582812,5.985098065646613
*CCCCCCCCCCOCO*,egc,6.4569,6.611733436584473,6.607514116070616,6.609829359948376
*CCCCCCCCCCOc1c(OC)cc(/C=C/c2ccc(/C=C/c3cc(OC)c(O*)c(OC)c3)cc2)cc1OC,tg,68.5,68.97867584228516,74.68153914899293,71.62596207563683
*CCCCCCCCCCOc1ccc(-c2cc(-c3ccccc3)c(-c3ccc(NC(=O)c4ccc(C(=O)Nc5ccc(-c6c(-c7ccccc7)cc(-c7ccc(O*)cc7)cc6-c6ccccc6)cc5)cc4)cc3)c(-c3ccccc3)c2)cc1,tg,116.0,189.93463134765625,127.67725252771318,161.03456956978752
*CCCCCCCCCCOc1ccc(C=C2CCC(=Cc3ccc(OCCCCCCCCCCOP(=O)(O*)OCC)c(OC)c3)C2=O)cc1OC,tg,47.0,69.74163055419922,55.28396276681528,63.030337850603175
*CCCCCCCCCCOc1ccc(C=C2CCCC(=Cc3ccc(O*)c(OC)c3)C2=O)cc1OC,tg,60.0,78.8172836303711,61.7084958103799,70.87533306460448
*CCCCCCCCCCOc1ccc(C=Cc2ccc(OCCCCCCCCCCOP(=O)(O*)OCCCCCCCCCCOc3ccc(N=Nc4ccc(-c5ccccc5)cc4)cc3)cc2)cc1,tg,50.0,49.38169860839844,56.25877114499959,52.5740562843209
*CCCCCCCCCCOc1ccc(C=Cc2ccc(OCCCCCCCCCCOP(=O)(O*)OCCCCCCCCCCOc3ccc(N=Nc4ccc(C#N)cc4)cc3)cc2)cc1,tg,60.0,42.57408142089844,55.48574253165406,48.5677131932051
*CCCCCCCCCCOc1ccc(C=Cc2ccc(OCCCCCCCCCCOP(=O)(O*)OCCCCCCCCCCOc3ccc(N=Nc4ccc(Cl)cc4)cc3)cc2)cc1,tg,60.0,47.725738525390625,55.582015228326206,51.37264570912414
*CCCCCCCCCCOc1ccc(C=Cc2ccc(OCCCCCCCCCCOP(=O)(O*)OCCCCCCCCCCOc3ccc(N=Nc4ccc([N+](=O)[O-])cc4)cc3)cc2)cc1,tg,50.0,44.90132141113281,53.420455355505766,48.85592891233153
*CCCCCCCCCCOc1ccc(C=Cc2ccc(OCCCCCCCCCCOP(=O)(O*)OCCCCCCCCCCOc3ccc(N=Nc4ccccc4)cc3)cc2)cc1,tg,55.0,58.437461853027344,49.619725135940705,54.34424205008964
*CCCCCCCCCCOc1ccc(CCc2ccc(O*)cc2C)cc1,tg,-3.8,0.8520050048828125,0.728651888411989,0.794744118638153
*CCCCCCCCCCOc1ccc(N=Cc2ccc(C=Nc3ccc(O*)cc3C)cc2)c(C)c1,tg,77.6,61.751983642578125,73.22351619696903,67.07710342424375
*CCCCCCCCCCOc1ccc(OC(=O)c2ccc(OCCOCCOCCOc3ccc(C(=O)Oc4ccc(O*)cc4)cc3)cc2)cc1,tg,64.0,25.52979278564453,26.78040955691648,26.110332837848276
*CCCCCCCCCCOc1cccc(OC(=O)c2ccc(C(=O)Oc3cccc(O*)c3)cc2)c1,egc,3.4495,4.221529960632324,4.1000211750046605,4.166696003592484
*CCCCCCCCCCSCCCCCCS*,egb,5.52,4.631695747375488,5.221792579661403,4.768581286201866
*CCCCCCCCCCSS*,tg,-65.0,-39.223846435546875,-57.8217558727612,-47.857051717593365
*CCCCCCCCCCSSS*,tg,-70.0,-38.321380615234375,-54.053645460656334,-45.62434509199843
*CCCCCCCCCC[n+]1ccc(-c2cc[n+](*)cc2)cc1,egc,2.5264,0.1846365928649902,2.439019683895966,1.2019848029255498
*CCCCCCCCCCc1ccc(-c2c(-c3ccccc3)cc(-c3ccc(-c4cc(-c5ccccc5)c(-c5ccc(*)cc5)c(-c5ccccc5)c4-c4ccccc4)cc3)c(-c3ccccc3)c2-c2ccccc2)cc1,tg,235.0,183.7100830078125,214.56919848287876,198.03497686849198
*CCCCCCCCCCc1ccc(-c2c(-c3ccccc3)cc(-c3cccc(-c4cc(-c5ccccc5)c(-c5ccc(*)cc5)c(-c5ccccc5)c4-c4ccccc4)c3)c(-c3ccccc3)c2-c2ccccc2)cc1,tg,180.0,179.44473266601562,186.31138524452672,182.63225336617342
*CCCCCCCCCCc1nnc(*)n1N,egc,5.6319,5.646683692932129,5.6617059851019835,5.653462887697566
*CCCCCCCCCCc1nnc(*)o1,egc,6.3926,6.263408660888672,6.354305903872853,6.304428373916729
*CCCCCCCCCCn1c(=O)c2cc3c(=O)n(*)c(=O)c3cc2c1=O,egc,3.7892,3.721802711486816,3.778200493283905,3.7472536575087787
*CCCCCCCCCN1C(=O)c2ccc(-c3ccc(-c4ccc5c(c4)C(=O)N(*)C5=O)cc3)cc2C1=O,tg,104.0,104.7899398803711,102.77756194160622,103.85578801190061
*CCCCCCCCCN1C(=O)c2ccc(C(c3ccc4c(c3)C(=O)N(*)C4=O)(C(F)(F)F)C(F)(F)F)cc2C1=O,tg,122.5,135.57899475097656,126.66708133881976,131.44205784402402
*CCCCCCCCCN1C(=O)c2ccc(Oc3ccc4c(c3)C(=O)N(*)C4=O)cc2C1=O,tg,89.0,106.48834228515624,106.93615423091536,106.69621793206929
*CCCCCCCCCNC(=O)C(OC)C(OC)C(=O)N*,tg,84.0,104.91452026367188,86.68023706717331,96.45011137202808
*CCCCCCCCCNC(=O)CCC=CCCC(=O)N*,egc,5.6551,5.543169021606445,5.502235048089949,5.524696515822777
*CCCCCCCCCNC(=O)CCCCC(=O)N*,egc,5.6864,5.896409034729004,5.853416807212153,5.877007689019486
*CCCCCCCCCNC(=O)CCCCC(=O)N*,tg,60.33,57.70613098144531,52.82100997127025,55.438443172186
*CCCCCCCCCNC(=O)CCCCCCCC(=O)N*,egc,5.928,5.913960933685303,5.818825939023806,5.8710288264857535
*CCCCCCCCCNC(=O)CCCCCCCCCCCC(=O)N*,egc,5.7342,5.920872211456299,6.000918237349949,5.956995034364859
*CCCCCCCCCNC(=O)CCCCCCCCCCCCCCCCCCC(=O)N*,tg,42.0,46.839454650878906,48.581754384357644,47.64823540727288
*CCCCCCCCCNC(=O)N*,tg,125.0,64.57442474365234,50.988899586072826,58.26798326184252
*CCCCCCCCCNC(=O)NCCCCCCCNC(=O)N*,egc,5.422,5.734973907470703,5.735034677755303,5.7350013316208
*CCCCCCCCCNC(=O)NCCCCCCNC(=O)N*,egc,5.7131,5.668213844299316,5.672399049087255,5.670102525338793
*CCCCCCCCCNC(=S)N*,tg,48.0,58.545433044433594,58.98876546744011,58.75122928346376
*CCCCCCCCCO*,egc,6.1351,6.5062994956970215,6.141655756531775,6.341744652810979
*CCCCCCCCCOC(=O)CCC(=O)O*,tg,31.0,-33.42631530761719,-47.8986865880266,-40.14443341672886
*CCCCCCCCCOC(=O)Nc1ccc(Cc2ccc(NC(=O)O*)cc2)cc1,tg,72.0,78.90995025634766,68.46986896512074,74.06363324137916
*CCCCCCCCCOC(=O)c1ccc(-c2ccc(C(=O)O*)cc2)cc1,tg,43.75,29.47766876220703,41.929104285543715,35.257662437949584
*CCCCCCCCCOC(=O)c1ccc(NC(=O)CCCCCCCCC(=O)Nc2ccc(C(=O)O*)cc2)cc1,egc,4.1632,4.2078728675842285,4.6016061893422915,4.385555130960582
*CCCCCCCCCOC(=O)c1ccc2cc(C(=O)O*)ccc2c1,egc,3.7681,4.231654167175293,3.8869016005063366,4.076075726221831
*CCCCCCCCCOCO*,egc,6.4692,6.614121437072754,6.5301020043610185,6.576205512392669
*CCCCCCCCCOc1ccc(C=CC=Cc2ccc(O*)cc2)cc1,egc,3.5795,4.07718563079834,4.088484904576156,4.08228471799367
*CCCCCCCCCOc1ccc(CCc2ccc(O*)cc2C)cc1,tg,-1.1,-4.587677001953125,-2.304041160678066,-3.5276064024202167
*CCCCCCCCCc1nc2ccc(-c3ccc4nc(*)oc4c3)cc2o1,egc,4.1522,4.643547058105469,4.252764148607301,4.467196243959499
*CCCCCCCCCn1c(=O)c2cc3c(=O)n(*)c(=O)c3c(Br)c2c1=O,egc,3.5814,3.740241765975952,3.521725023616083,3.64163047954796
*CCCCCCCCCn1c(=O)c2cc3c(=O)n(*)c(=O)c3cc2c1=O,egc,3.7854,3.809824943542481,3.78807030503147,3.8000076047602027
*CCCCCCCCN(C)c1ccc(C(=O)c2ccc(N(*)C)cc2)cc1,tg,50.0,55.70722198486328,61.95334237713456,58.60668978498887
*CCCCCCCCN1C(=O)CC(C2C=C(C)C3C(=O)N(*)C(=O)C3C2)C1=O,egc,5.4303,5.536383628845215,5.013500265990133,5.300419095848389
*CCCCCCCCN1C(=O)c2ccc(C(c3ccc4c(c3)C(=O)N(*)C4=O)(C(F)(F)F)C(F)(F)F)cc2C1=O,tg,138.5,143.341064453125,124.99715726349736,134.82576777542567
*CCCCCCCCN1C(=O)c2ccc3c4ccc5c6c(ccc(c7ccc(c2c37)C1=O)c64)C(=O)N(*)C5=O,egc,2.0224,2.9232916831970215,2.316035732343351,2.6492518551360877
*CCCCCCCCNC(=O)C(CCCCCCCCCCCC)C(=O)N*,egc,5.9457,5.804120063781738,5.872910401583913,5.835163468654199
*CCCCCCCCNC(=O)CC(=O)N*,egc,6.004,5.850732326507568,5.893767250704405,5.87015294018939
*CCCCCCCCNC(=O)CC(=O)N*,tg,55.0,58.79801177978515,59.58085090593508,59.161408047612255
*CCCCCCCCNC(=O)CCC=CCCC(=O)N*,egc,5.2366,5.715449810028076,5.668319203714988,5.694180914709241
*CCCCCCCCNC(=O)CCCCCCCCC(=O)N*,tg,54.0,54.80577087402344,54.81235193153362,54.8088258206372
*CCCCCCCCNC(=O)CCCCCCCCCCC(=O)N*,egc,5.8323,5.932894706726074,5.936582200650765,5.934558782968847
*CCCCCCCCNC(=O)CCCCCCCCCCCCC(=O)N*,egc,5.9612,5.920872211456299,5.88155656882861,5.90313001900738
*CCCCCCCCNC(=O)CCCCCCCCCCCCCCC(=O)N*,tg,52.0,45.11304473876953,43.40719032778967,44.32118201027355
*CCCCCCCCNC(=O)CCCCCCCCCCCCCCCCC(=O)N*,tg,36.0,43.993865966796875,46.560979409626825,45.18552771830026
*CCCCCCCCNC(=O)CCP(C)(=O)CCC(=O)N*,tg,52.0,46.82360076904297,47.9593990443709,47.35084173142121
*CCCCCCCCNC(=O)Cc1ccc(CC(=O)N*)cc1,tg,110.0,74.17984008789062,86.49281827952255,79.89556145542312
*CCCCCCCCNC(=O)NCCCCCCNC(=O)N*,egc,5.7995,5.628655433654785,5.5921761369719665,5.6121932150850204
*CCCCCCCCNC(=O)NCc1ccc(CNC(=O)N*)cc1,tg,68.0,73.72615814208984,91.15012221136745,81.81441446707639
*CCCCCCCCNC(=O)c1ccc(C(=O)N*)c(Oc2ccccc2)c1,tg,96.0,103.22901153564452,100.21090839705562,101.82799901615729
*CCCCCCCCO*,egc,6.1709,6.481634140014648,6.153518590066577,6.333563579708924
*CCCCCCCCO*,tg,-19.0,-44.67189025878906,-62.41304853196019,-52.90738908357016
*CCCCCCCCOC(=O)CCCCCCC(=O)O*,egc,6.7527,6.765397071838379,6.797196117809429,6.77974720719425
*CCCCCCCCOC(=O)Nc1ccc(C)c(NC(=O)O*)c1,tg,64.0,70.29606628417969,48.27465399592458,60.07366072150566
*CCCCCCCCOC(=O)Nc1ccc(Cc2ccc(NC(=O)O*)cc2)cc1,tg,79.0,67.82127380371094,79.20674817125969,73.10644511720506
*CCCCCCCCOC(=O)O*,egc,7.3252,7.03238582611084,7.194350573431789,7.105476573834876
*CCCCCCCCOC(=O)c1ccc2cc(C(=O)O*)ccc2c1,tg,53.0,27.231491088867188,44.29406479578575,35.15198892488315
*CCCCCCCCOc1c(OC)cc(/C=C/c2ccc(/C=C/c3cc(OC)c(O*)c(OC)c3)cc2)cc1OC,tg,80.9,83.9417495727539,78.53607477756243,81.43241913685611
*CCCCCCCCOc1c(OC)cc(C=Cc2cc(C(C)C)c(C=Cc3cc(OC)c(O*)c(OC)c3)cc2C(C)C)cc1OC,tg,85.0,87.74866485595703,68.60324609346915,78.86130410472308
*CCCCCCCCOc1c(OC)cc(C=Cc2cc(CCCCCC)c(C=Cc3cc(OC)c(O*)c(OC)c3)cc2CCCCCC)cc1OC,tg,21.0,61.83808135986328,64.84054576490809,63.23183433238405
*CCCCCCCCOc1c(OC)cc(C=Cc2ccc(C=Cc3cc(OC)c(O*)c(OC)c3)cc2)cc1OC,tg,80.45,73.01022338867188,82.2508447593498,77.29974751481353
*CCCCCCCCOc1ccc(C(C)(C)c2ccc(O*)cc2)cc1,tg,13.37,32.326332092285156,39.25902083408585,35.54450697729324
*CCCCCCCCOc1ccc(C=C2CCC(=Cc3ccc(OCCCCCCCCOP(=O)(O*)OCC)c(OC)c3)C2=O)cc1OC,tg,62.0,58.81373596191406,62.511501284127355,60.53024970337907
*CCCCCCCCOc1ccc(C=C2CCCC(=Cc3ccc(O*)c(OC)c3)C2=O)cc1OC,tg,72.0,82.26544189453125,68.03735720177411,75.66072235131605
*CCCCCCCCOc1ccc(C=Cc2cc(OCCCCCCCC)c(C=Cc3ccc(O*)cc3)cc2OCCCCCCCC)cc1,tg,130.0,41.10863494873047,43.84508892380411,42.37890508266341
*CCCCCCCCOc1ccc(CCc2ccc(O*)cc2C)cc1,tg,-12.1,16.238067626953125,3.609978633772995,10.376070881236876
*CCCCCCCCOc1cccc(NC(=O)c2ccc(C(=O)Nc3cccc(O*)c3)cc2)c1,tg,122.0,112.79000854492188,122.06013146151145,117.09322737706545
*CCCCCCCCc1nc(-c2ccc(-c3csc(*)n3)cc2)cs1,egc,3.6182,3.909637928009033,3.808518945722392,3.8640053928637244
*CCCCCCCCc1nc2cc(-c3ccc4oc(*)nc4c3)ccc2o1,egc,4.6999,4.138500213623047,4.192790077552673,4.162999907624911
*CCCCCCCCc1nc2cc(NC(=O)CCCCC(=O)Nc3ccc4oc(*)nc4c3)ccc2o1,tg,87.2,107.49827575683594,100.74475364345176,104.36327055754084
*CCCCCCCCc1nc2cc(NC(=O)CCCCCCCCC(=O)Nc3ccc4oc(*)nc4c3)ccc2o1,tg,88.12,73.631103515625,83.7545139379338,78.33042096446249
*CCCCCCCCc1nnc(*)o1,egc,6.3765,6.121498107910156,6.345774331603058,6.222708508059481
*CCCCCCCN1C(=O)c2ccc(-c3ccc(-c4ccc5c(c4)C(=O)N(*)C5=O)cc3)cc2C1=O,tg,135.0,132.4964599609375,131.79722101684587,132.17187114809678
*CCCCCCCN1C(=O)c2ccc(C(=O)Oc3ccc(-c4ccc(OC(=O)c5ccc6c(c5)C(=O)N(*)C6=O)cc4)cc3)cc2C1=O,tg,117.0,101.74490356445312,125.72175865131486,112.87503153295252
*CCCCCCCN1C(=O)c2ccc(C(c3ccc4c(c3)C(=O)N(*)C4=O)(C(F)(F)F)C(F)(F)F)cc2C1=O,tg,150.0,152.0623779296875,141.34998508922436,147.08965307768952
*CCCCCCCNC(=O)C(OC)C(OC)C(=O)N*,egc,5.7148,5.542986869812012,5.77907850018734,5.649529275372185
*CCCCCCCNC(=O)C(OC)C(OC)C(=O)N*,tg,87.0,108.00177001953124,99.17743415642424,103.90548687323914
*CCCCCCCNC(=O)C=CCCC=CC(=O)N*,egc,5.3907,4.816188812255859,4.629128957030334,4.731773253229977
*CCCCCCCNC(=O)CCCCCCCC(=O)N*,egc,5.8296,5.994203090667725,5.923365092782259,5.962235626646295
*CCCCCCCNC(=O)CCCCCCCCCC(=O)N*,egc,5.7365,6.012672424316406,5.935370620623139,5.977788002083701
*CCCCCCCNC(=O)CCCCCCCCCCCCCCCCCCC(=O)N*,egc,5.9137,5.954896926879883,5.891372351136242,5.926229832238885
*CCCCCCCNC(=O)CCCCCCCCCCCCCCCCCCC(=O)N*,tg,46.0,41.04119873046875,43.199074936655705,42.042891330604675
*CCCCCCCNC(=O)N*,tg,62.0,100.22964477539062,103.97930895242276,101.97025012075696
*CCCCCCCNC(=O)c1ccc(C(=O)N*)cc1,tg,138.25,136.09515380859375,144.88661506722065,140.17617646499042
*CCCCCCCNC(=O)c1cccc(C(=O)N*)c1,egc,4.8667,5.023264408111572,5.028581043343454,5.025663676167751
*CCCCCCCNC(=S)N*,tg,52.0,67.75444793701172,56.18783879853893,62.385193320155835
*CCCCCCCNC(=S)Nc1ccc(NC(=S)N*)cc1,egb,3.5538,3.408830165863037,3.370551287878334,3.399950564157149
*CCCCCCCOC(=O)C(=O)O*,egc,5.2465,5.7358574867248535,5.654067518783374,5.698947665223255
*CCCCCCCOC(=O)NCCCCCCNC(=O)O*,egc,6.2664,6.091679096221924,6.3144921133220535,6.1922291868550765
*CCCCCCCOC(=O)NCCCCCCNC(=O)O*,tg,55.0,14.916488647460938,35.29273089698589,24.37520134905406
*CCCCCCCOC(=O)Nc1ccc(C)c(NC(=O)O*)c1,tg,61.0,63.33110046386719,46.28958549616412,55.42037815768926
*CCCCCCCOC(=O)Nc1ccc(Cc2ccc(NC(=O)O*)cc2)cc1,tg,84.0,69.48273468017578,77.55061137432263,73.22786721380538
*CCCCCCCOC(=O)c1ccc(-c2ccc(C(=O)O*)cc2)cc1,tg,41.71,32.73091125488281,48.65998891239083,40.12523682868909
*CCCCCCCOC(=O)c1ccc(C(=O)O*)cc1,tg,-1.0,14.947738647460938,22.515883005713516,18.46089393351781
*CCCCCCCOc1ccc(-c2ccc(O*)c3ccccc23)c2ccccc12,tg,129.5,98.8910140991211,103.35331599596228,100.9624280091603
*CCCCCCCOc1ccc(C=CC=Cc2ccc(O*)c(C)c2)cc1C,egc,3.4306,3.2794132232666016,3.3599769851838315,3.3157696878392473
*CCCCCCCc1nc2ccc(-c3ccc4nc(*)[nH]c4c3)cc2[nH]1,egc,4.2077,4.043894290924072,3.872037680536815,3.966339586197914
*CCCCCCCc1nc2ccc(-c3ccc4nc(*)oc4c3)cc2o1,egc,4.0726,4.43548583984375,4.181265586802181,4.320762428183176
*CCCCCCCc1nnc(*)n1N,egc,5.5167,5.669583797454834,5.624210117894865,5.649107760410445
*CCCCCCCc1nnc(*)o1,egc,6.3125,6.400933265686035,6.299124127406784,6.354989279941874
*CCCCCCCc1nnc(-c2ccc(-c3nnc(*)o3)cc2)o1,egc,3.843,4.382313251495361,4.1634418712323455,4.2835419256147045
*CCCCCCCc1nnc(CCCCc2nnc(*)o2)o1,egc,6.3226,5.771727561950684,5.381406474227982,5.595585156729758
*CCCCCCN(C(=O)C(F)(F)C(F)(F)C(F)(F)C(=O)N(*)C(C)C)C(C)C,tg,142.5,102.688720703125,40.25353506772558,73.70612046879353
*CCCCCCN(C)C(=O)CCC(=O)N(*)C,egc,5.3815,5.528573513031006,5.642795324633305,5.580119036081541
*CCCCCCN(C)C(=O)CCC(=O)N(*)C,tg,7.5,29.095436096191406,23.835374928839993,26.653699942610707
*CCCCCCN(C)C(=O)CCCC(=O)N(*)C,tg,3.0,18.3697509765625,13.648202735148791,16.177994136643417
*CCCCCCN(C)C(=O)CCCCCCCCCCC(=O)N(*)C,egc,5.5795,5.500326156616211,5.365280598280839,5.4393833835818866
*CCCCCCN(C)c1ccc(C(=O)c2ccc(N(*)C)cc2)cc1,tg,75.5,63.33567810058594,73.32600879223926,67.9732195397323
*CCCCCCN(CC(F)(F)C(F)(F)F)C(=O)C(F)(F)C(F)(F)C(F)(F)C(F)(F)C(=O)N(*)CC(F)(F)C(F)(F)F,tg,174.0,59.95940399169922,34.91166023518042,48.33216629424999
*CCCCCCN(CC)C(=O)CCCCCCCCCCCCCCCCC(=O)N(*)CC,egc,5.5078,5.9069037437438965,5.415257039372011,5.68503555431999
*CCCCCCN1C(=O)C(=O)N(c2ccc(C)c(N3C(=O)C(=O)N(*)C3=O)c2)C1=O,tg,181.5,148.99583435058594,143.62748426248393,146.50383015554783
*CCCCCCN1C(=O)C(=O)N(c2ccc(CCc3ccccc3N3C(=O)C(=O)N(*)C3=O)cc2)C1=O,tg,137.0,159.25099182128906,135.553287419509,148.25044643716936
*CCCCCCN1C(=O)C(=O)N(c2ccc(Cc3ccc(N4C(=O)C(=O)N(*)C4=O)cc3)cc2)C1=O,tg,158.0,147.02517700195312,163.13861592837796,154.50508362915633
*CCCCCCN1C(=O)C(=O)N(c2ccc(Oc3ccc(N4C(=O)C(=O)N(*)C4=O)cc3)cc2)C1=O,tg,172.0,177.75682067871094,144.73139456354875,162.4263189284045
*CCCCCCN1C(=O)C(C)C(SCCOCCSC2C(=O)N(CCCCCCN3C(=O)CC(C)(SCCOCCSC4(C)CC(=O)N(*)C4=O)C3=O)C(=O)C2C)C1=O,tg,78.0,25.14215850830078,48.63552987390765,36.04785188482562
*CCCCCCN1C(=O)c2ccc(-c3ccc(-c4ccc5c(c4)C(=O)N(*)C5=O)cc3)cc2C1=O,tg,141.0,130.68475341796875,144.639282124437,137.16248745274612
*CCCCCCN1C(=O)c2ccc(C(=O)Nc3ccc(S(=O)(=O)c4ccc(NC(=O)c5ccc6c(c5)C(=O)N(*)C6=O)cc4)cc3)cc2C1=O,tg,198.0,196.97117614746097,208.08093738759183,202.12836060114222
*CCCCCCN1C(=O)c2ccc(C(=O)Nc3ccc(S(=O)(=O)c4cccc(NC(=O)c5ccc6c(c5)C(=O)N(*)C6=O)c4)cc3)cc2C1=O,tg,190.0,194.28433227539065,185.7657960159971,190.3300022213501
*CCCCCCN1C(=O)c2ccc(C(=O)c3ccc4c(c3)C(=O)N(*)C4=O)cc2C1=O,eps,3.79,4.774720191955566,4.444477630456482,4.593726145329841
*CCCCCCN1C(=O)c2ccc(C(=O)c3ccc4c(c3)C(=O)N(*)C4=O)cc2C1=O,tg,127.0,143.18356323242188,120.41067775388812,132.61232156332784
*CCCCCCN1C(=O)c2ccc(C(c3ccc4c(c3)C(=O)N(*)C4=O)(C(F)(F)F)C(F)(F)F)cc2C1=O,tg,143.67,160.9214630126953,166.13191353453587,163.34016975599116
*CCCCCCN1C(=O)c2ccc(Oc3ccc4c(c3)C(=O)N(*)C4=O)cc2C1=O,tg,164.0,115.32593536376952,107.81185992346796,111.83787903142166
*CCCCCCNC(=O)C(=O)N*,tg,250.0,109.97979736328124,103.78418337990176,107.10377478948574
*CCCCCCNC(=O)C(CC)CC(CC)C(=O)N*,egc,5.6687,5.912014961242676,5.722218809559071,5.826364578235503
*CCCCCCNC(=O)C(CC)CC(CC)C(=O)N*,tg,94.0,61.996337890625,76.32485447614458,68.64767821936502
*CCCCCCNC(=O)C(CCCCCCCCCCCCCCC)C(=O)N*,egc,5.9375,5.939393043518066,5.803875701924081,5.878237366183849
*CCCCCCNC(=O)C(O)C(O)C(O)C(O)C(=O)N*,egc,5.9698,5.823023319244385,5.794219003502541,5.810024632739607
*CCCCCCNC(=O)C(OC)C(OC)C(=O)N*,tg,106.0,106.40248107910156,103.3847441630248,105.00163856120172
*CCCCCCNC(=O)C1CC1(C)C(=O)N*,egc,6.1739,5.745993614196777,5.740146170413226,5.743354805162815
*CCCCCCNC(=O)CC(=O)N*,egc,5.7541,5.87981653213501,5.920966020382445,5.898386294470431
*CCCCCCNC(=O)CC(C)(C)c1ccc(C(C)(C)CC(=O)N*)cc1,tg,91.0,107.90388488769533,104.11761500476064,106.14628706397448
*CCCCCCNC(=O)CC(C)c1ccc(C(C)CC(=O)N*)cc1,tg,88.0,76.45539855957031,85.56931729355777,80.68610694214584
*CCCCCCNC(=O)CCC(C)(C)c1ccc(C(C)(C)CCC(=O)N*)cc1,tg,92.0,102.6675033569336,95.5661125445535,99.37101646531342
*CCCCCCNC(=O)CCC1(CCC(=O)N*)c2ccccc2-c2ccccc21,tg,122.0,129.67137145996094,92.60570108026346,112.46537621706074
*CCCCCCNC(=O)CCCC(=O)O*,egc,5.9363,5.851246356964111,6.224099316719293,6.019505821263609
*CCCCCCNC(=O)CCCC(=O)O*,tg,-18.0,14.979331970214844,25.600916560992175,19.909903360637607
*CCCCCCNC(=O)CCCCC(=O)N*,tg,55.55,56.35515594482422,53.465969256370904,55.01398682773717
*CCCCCCNC(=O)CCCCC(=O)NCC(=O)N*,tg,53.4,57.79582977294922,66.16326811508739,61.68001972109458
*CCCCCCNC(=O)CCCCCC(=O)N*,egc,5.936,5.719902515411377,5.93684174813136,5.8178019101405365
*CCCCCCNC(=O)CCCCCC(=O)N*,tg,54.0,51.768455505371094,49.05414613002776,50.50846496098052
*CCCCCCNC(=O)CCCCCCC(=O)N*,egc,5.7328,5.905966758728027,5.835981637382413,5.874384177127279
*CCCCCCNC(=O)CCCCCCC(=O)N*,tg,52.67,47.752288818359375,53.06791213325862,50.21981708730181
*CCCCCCNC(=O)CCCCCCCC(=O)N*,egc,5.6457,5.849181175231934,5.88941042915189,5.86733565821682
*CCCCCCNC(=O)CCCCCCCC1C(CCCCCCCC(=O)N*)C=CC(CCCCCC)C1CCCCCCCC,tg,-10.0,28.293785095214844,78.64527492753527,51.66709753373425
*CCCCCCNC(=O)CCCCCCCCC(=O)N*,egc,6.0268,5.89333963394165,5.827302383797679,5.863538630510345
*CCCCCCNC(=O)CCCCCCCCCCC(=O)N*,egb,6.3994,5.70675802230835,5.563598096135555,5.673549025817732
*CCCCCCNC(=O)CCCCCCCCCCC(=O)N*,tg,50.61,51.62386322021485,49.24290935528664,50.51861730252712
*CCCCCCNC(=O)CCCCCCCCCCCCCCC(=O)N*,egc,5.9557,5.917713165283203,5.96002519523228,5.936807554388578
*CCCCCCNC(=O)CCCCCCCCCCCCCCC(=O)N*,tg,40.0,47.824440002441406,46.39825074837767,47.162398677692096
*CCCCCCNC(=O)CCCCCCCCCCCCCCCCC(=O)N*,egc,5.8888,5.957890510559082,5.94144207420176,5.950467731638769
*CCCCCCNC(=O)CCP(=O)(CCC(=O)N*)c1ccccc1,egc,4.8862,5.380510330200195,4.997237839245446,5.207548785115172
*CCCCCCNC(=O)CCP(=O)(CCC(=O)N*)c1ccccc1,tg,29.0,59.818214416503906,61.966352328880625,60.815386471476174
*CCCCCCNC(=O)CCP(C)(=O)CCC(=O)N*,egc,5.99,5.885177135467529,5.799533740056887,5.846528355953893
*CCCCCCNC(=O)CCP(C)(=O)CCC(=O)N*,tg,57.5,41.10484313964844,34.932964479926625,38.23983857420835
*CCCCCCNC(=O)CCc1ccc(C(C)CC(=O)N*)cc1,tg,77.0,73.33334350585938,77.42985609129576,75.23495692160125
*CCCCCCNC(=O)Cc1ccc(C(=O)N*)cc1,tg,104.0,107.05412292480467,101.98784697016023,104.70234244756341
*CCCCCCNC(=O)Cc1ccc(CC(=O)N*)cc1,tg,95.0,76.5858154296875,99.520828672504,87.23231729271342
*CCCCCCNC(=O)N*,egc,5.7413,5.560126781463623,5.804094240604885,5.670223356822906
*CCCCCCNC(=O)NCCCCCNC(=O)N*,egc,5.9068,5.520418643951416,5.487909941713174,5.505748257997473
*CCCCCCNC(=O)NCCCCNC(=O)N*,egc,5.3951,5.821096420288086,5.866930704911798,5.841780317185137
*CCCCCCNC(=O)NCCCNC(=O)N*,egc,5.6415,5.67533540725708,5.644886239288643,5.661594438983425
*CCCCCCNC(=O)c1c(Cl)c(Cl)c(C(=O)N*)c(Cl)c1Cl,tg,268.83,181.11578369140625,137.18422093314717,160.72262063544247
*CCCCCCNC(=O)c1c(F)c(F)c(C(=O)N*)c(F)c1F,egc,4.7431,4.668232440948486,4.630296863878838,4.651113038490685
*CCCCCCNC(=O)c1cc(C(=O)N*)cc(C(C)(C)C)c1,tg,163.0,144.00054931640625,148.143109943955,145.9235383712615
*CCCCCCNC(=O)c1cc(NC(=O)C(C(C)CC)N2C(=O)c3ccccc3C2=O)cc(C(=O)N*)c1,tg,135.0,155.26353454589844,147.0647586496142,151.4576382104489
*CCCCCCNC(=O)c1cc(NC(=O)c2ccc(NC(=O)C(CC(C)C)N3C(=O)c4ccccc4C3=O)cc2)cc(C(=O)N*)c1,tg,200.0,196.25360107421875,180.4408774614792,188.91328739660295
*CCCCCCNC(=O)c1ccc(C(=O)N*)c(Oc2ccc(-c3ccccc3)cc2)c1,tg,112.0,131.13047790527344,138.57170527441457,134.58471794472814
*CCCCCCNC(=O)c1ccc(C(=O)N*)c(Oc2ccc(Cl)cc2)c1,tg,112.5,118.50563049316406,109.96802500127042,114.54244844426354
*CCCCCCNC(=O)c1ccc(C(C)(CC)c2ccc(C(=O)N*)cc2)cc1,tg,159.0,139.7490234375,164.82430048274108,151.38904217006674
*CCCCCCNC(=O)c1cccc(C(=O)N*)c1,egc,5.0813,4.9367547035217285,4.9655939346545415,4.949769146492498
*CCCCCCNC(=O)c1cccc(C(=O)N*)c1,tg,121.6,143.175537109375,129.62793774154744,136.88670089279768
*CCCCCCNC(=O)c1ccccc1-c1ccccc1C(=O)N*,tg,122.5,142.4632110595703,158.50555147165434,149.9101135433979
*CCCCCCNC(=S)Nc1ccc(NC(=S)N*)cc1,eps,4.17,4.87382173538208,4.533107147056839,4.6870883482454415
*CCCCCCNC(=S)Nc1ccc(NC(=S)N*)cc1,nc,1.8822,1.947803974151611,1.9363206420294223,1.943764430687841
*CCCCCCO*,egc,6.1189,6.066189765930176,6.164481684648095,6.110546516106723
*CCCCCCOC(=O)C(=O)O*,tg,66.5,18.34522247314453,0.0591001146311698,9.856749687177887
*CCCCCCOC(=O)C(C(=O)OCCCCCCOc1ccc(-n2on2-c2ccc(O*)cc2)cc1)c1ccccc1,tg,23.0,34.801300048828125,31.011159724803736,33.04190555475719
*CCCCCCOC(=O)C(CCCCCBr)C(=O)OCCCCCCOc1ccc(-n2on2-c2ccc(O*)cc2)cc1,tg,7.0,16.808311462402344,20.31699947844739,18.437054951848566
*CCCCCCOC(=O)C(CCCCCCCCCCBr)C(=O)OCCCCCCOc1ccc(-n2on2-c2ccc(O*)cc2)cc1,tg,16.0,11.673324584960938,9.260098867284947,10.553097976537826
*CCCCCCOC(=O)C(CCCCCCCCCCP(=O)(O)O)C(=O)OCCCCCCOc1ccc(-n2on2-c2ccc(O*)cc2)cc1,tg,12.5,13.937957763671877,8.910414203685614,11.604156980077274
*CCCCCCOC(=O)C(CCCCCCP(=O)(OCC)OCC)C(=O)OCCCCCCOc1ccc(-n2on2-c2ccc(O*)cc2)cc1,tg,15.0,-3.4869232177734375,7.711602659355893,1.7114660463506641
*CCCCCCOC(=O)C(CCCCCP(=O)(O)O)C(=O)OCCCCCCOc1ccc(-n2on2-c2ccc(O*)cc2)cc1,tg,12.0,22.39368438720703,10.218918057403512,16.742121380032557
*CCCCCCOC(=O)C(CCCCCP(=O)(OCC)OCC)C(=O)OCCCCCCOc1ccc(-n2on2-c2ccc(O*)cc2)cc1,tg,12.0,3.687652587890625,13.754212030197715,8.360579641479816
*CCCCCCOC(=O)C(CCCCP(=O)(OCC)OCC)C(=O)OCCCCCCOc1ccc(-n2on2-c2ccc(O*)cc2)cc1,tg,11.5,5.9297027587890625,3.600562591700338,4.848508914877708
*CCCCCCOC(=O)C(Cc1ccccc1)NC(=O)C=CC(=O)NC(Cc1ccccc1)C(=O)O*,tg,92.0,77.25804138183594,79.28604973110798,78.19944893369421
*CCCCCCOC(=O)C1CCC(C(=O)O*)CC1,egc,6.5806,6.684700012207031,6.689659638516943,6.686938170827468
*CCCCCCOC(=O)CC(=O)O*,egc,7.0433,6.7837910652160645,6.698391592136657,6.745252361912662
*CCCCCCOC(=O)CC(=O)OCCCCCCOc1ccc(-n2on2-c2ccc(O*)cc2)cc1,tg,16.0,24.29692840576172,17.300463064112737,21.04914823202266
*CCCCCCOC(=O)CCC(=O)O*,egc,6.7086,6.688632965087891,6.679551393007302,6.68453467268254
*CCCCCCOC(=O)CCCC(=O)O*,egc,6.6665,6.82637882232666,6.729880517644971,6.7828314865023405
*CCCCCCOC(=O)CCCCCCC(=O)OCCCCCCN1C(=O)c2ccc(S(=O)(=O)c3ccc4c(c3)C(=O)N(*)C4=O)cc2C1=O,tg,46.0,89.19438934326172,70.91234255776386,80.70780845049973
*CCCCCCOC(=O)CCCCCCCC(=O)O*,egc,6.8043,6.57529354095459,6.684179696648474,6.624431212380651
*CCCCCCOC(=O)CCCCCCCCC(=O)OCCCCCCN1C(=O)c2ccc(S(=O)(=O)c3ccc4c(c3)C(=O)N(*)C4=O)cc2C1=O,tg,72.0,59.37821960449219,51.08010297747859,55.5262090042028
*CCCCCCOC(=O)CCCCCCCCCCN1C(=O)c2ccc(-c3ccc(-c4ccc5c(c4)C(=O)N(CCCCCCCCCCC(=O)OCCCCCCN4C(=O)c6ccc(-c7ccc8c(c7)C(=O)N(*)C8=O)cc6C4=O)C5=O)cc3)cc2C1=O,tg,45.0,49.224754333496094,51.98739777836643,50.50718169777506
*CCCCCCOC(=O)CCCCCNC(=O)CCCCC(=O)NCCCCCC(=O)O*,egc,5.8108,6.118536949157715,5.931794994907924,6.034264851103451
*CCCCCCOC(=O)CCCCCNC(=O)O*,egc,6.4222,6.448367118835449,6.433526100989583,6.441669728759629
*CCCCCCOC(=O)CCCCS(=O)(=O)CCCCC(=O)O*,egc,6.5053,6.51948881149292,6.6860065672015505,6.594634221067476
*CCCCCCOC(=O)CCCCSCCCCC(=O)O*,egc,5.2687,5.421538352966309,5.312969701539411,5.372543963486866
*CCCCCCOC(=O)NC1CCC(CC2CCC(NC(=O)OCCCCCCOc3ccc(CCc4ccc(O*)cc4)cc3)CC2)CC1,tg,40.3,65.63697052001953,64.19070587945265,64.9656101407075
*CCCCCCOC(=O)NCC(F)(F)C(F)(F)C(F)(F)C(F)(F)CNC(=O)O*,egc,6.7703,6.487175941467285,6.542585252444518,6.512180814670799
*CCCCCCOC(=O)NCCCCCCCCCCNC(=O)O*,egc,6.321,6.22243595123291,6.2877599455529545,6.251915079673814
*CCCCCCOC(=O)NCCCCCCNC(=O)O*,egc,6.343,6.2798752784729,6.344362065605525,6.308976595690432
*CCCCCCOC(=O)NCCCCNC(=O)O*,egc,6.3921,6.277432441711426,6.271490251108459,6.274750875744303
*CCCCCCOC(=O)NCCCCNC(=O)O*,tg,16.0,39.00567626953125,38.915253309378905,38.96370166051184
*CCCCCCOC(=O)NCCCNC(=O)O*,egb,6.5954,6.084853172302246,6.3121041085403355,6.137568871071965
*CCCCCCOC(=O)NCCCNC(=O)O*,egc,6.0865,6.130805015563965,6.369649869795132,6.238589884027971
*CCCCCCOC(=O)NCCSCCCCCSCCNC(=O)O*,egc,5.2279,5.196111679077148,5.301962607879162,5.243879626494075
*CCCCCCOC(=O)NCCSCCCCSCCNC(=O)O*,egc,5.4298,5.325472354888916,5.382202771028912,5.351073410692445
*CCCCCCOC(=O)NCCSCCSCCNC(=O)O*,egb,4.7777,5.528891563415527,5.37230130805312,5.492567115786807
*CCCCCCOC(=O)NCCSCCSCCNC(=O)O*,egc,5.3918,5.453560829162598,5.260700764010443,5.366527776592558
*CCCCCCOC(=O)Nc1ccc(C)c(NC(=O)O*)c1,egc,5.2905,4.981381893157959,4.86697085120979,4.929750975058807
*CCCCCCOC(=O)Nc1ccc(C)c(NC(=O)OCCCCCCOc2ccc(-c3ccc(O*)cc3)cc2)c1,tg,85.68,81.14637756347656,73.8308610817121,77.75049289458514
*CCCCCCOC(=O)Nc1ccc(Cc2ccc(NC(=O)O*)cc2)cc1,tg,71.0,74.20934295654297,86.4335317106297,79.88384800114449
*CCCCCCOC(=O)Nc1ccc(NC(=O)OCCCCCCOc2ccc(-c3ccc(O*)cc3)cc2)c(C)c1,tg,85.4,79.80559539794922,92.61706549885872,85.75271820330252
*CCCCCCOC(=O)Nc1cccc(P(=O)(c2ccccc2)c2cccc(NC(=O)O*)c2)c1,tg,30.0,61.635765075683594,97.78377441557596,78.41577931449734
*CCCCCCOC(=O)O*,egc,7.3901,7.226922035217285,7.24651039152552,7.235761783575715
*CCCCCCOC(=O)O*,tg,-54.25,-33.64607238769531,-16.346199175227547,-25.615419410229144
*CCCCCCOC(=O)OCCCCCCCCCCCCOC(=O)OCCCCCCOc1ccc(C(=O)c2ccc(O*)cc2)cc1,tg,-8.0,-2.261993408203125,-9.869308950185694,-5.793332075108444
*CCCCCCOC(=O)OCCCCCCCCCCOC(=O)OCCCCCCOc1ccc(C(=O)c2ccc(O*)cc2)cc1,tg,-13.0,-0.451385498046875,-4.17976901764341,-2.182112298472522
*CCCCCCOC(=O)OCCCCCCCCCOC(=O)OCCCCCCOc1ccc(Oc2ccc(O*)cc2)cc1,tg,-20.0,-9.731353759765623,-2.422813761633225,-6.338707595478489
*CCCCCCOC(=O)OCCCCCCCCOC(=O)OCCCCCCOc1ccc(Oc2ccc(O*)cc2)cc1,egc,4.4708,4.486478328704834,4.4437220287331956,4.467183451353236
*CCCCCCOC(=O)OCCCCCCCCOC(=O)OCCCCCCn1c(=O)c2cc3c(=O)n(*)c(=O)c3cc2c1=O,egc,3.7768,4.20965051651001,3.4401204749918,3.8623803416044877
*CCCCCCOC(=O)OCCCCCCN1C(=O)c2ccc(-c3ccc(-c4ccc5c(c4)C(=O)N(*)C5=O)cc3)cc2C1=O,tg,74.0,72.8517837524414,74.46956108882533,73.60276083902178
*CCCCCCOC(=O)OCCCCCCN1C(=O)c2ccc(-c3ccc4c(c3)C(=O)N(*)C4=O)cc2C1=O,tg,71.0,67.69413757324219,67.04281102798707,67.39178983949196
*CCCCCCOC(=O)OCCCCCCOC(=O)OCCCCCCN1C(=O)c2ccc(C(=O)c3ccc4c(c3)C(=O)N(*)C4=O)cc2C1=O,tg,55.0,47.217567443847656,56.98491025408688,51.751597240346456
*CCCCCCOC(=O)OCCCCCCOC(=O)OCCCCCCOc1ccc(-c2ccc(O*)cc2)cc1,tg,14.95,-13.080963134765623,11.972074127596557,-1.4512681760439987
*CCCCCCOC(=O)OCCCCCCOC(=O)OCCCCCCOc1ccc(C(=O)c2ccc(O*)cc2)cc1,egc,4.1722,4.838418006896973,4.2463011619390345,4.571210088792344
*CCCCCCOC(=O)OCCCCCCOC(=O)OCCCCCCOc1ccc(C(=O)c2ccc(O*)cc2)cc1,tg,-0.3,-0.269927978515625,0.3118481725030704,0.00013425384975554455
*CCCCCCOC(=O)OCCCCCCOC(=O)OCCCCCCOc1ccc(Oc2ccc(O*)cc2)cc1,egc,4.3261,4.83677339553833,4.5632893210170264,4.71335669018721
*CCCCCCOC(=O)OCCCCCOC(=O)OCCCCCCOc1ccc(C(=O)c2ccc(O*)cc2)cc1,tg,-0.2,1.5249786376953125,-0.1663419715845085,0.7398625434932902
*CCCCCCOC(=O)OCCCCCOC(=O)OCCCCCCOc1ccc(Oc2ccc(O*)cc2)cc1,tg,-11.0,2.585968017578125,-7.03622934939917,-1.8806848292874887
*CCCCCCOC(=O)OCCCCOC(=O)OCCCCCCOc1ccc(C(=O)c2ccc(O*)cc2)cc1,tg,2.1,11.13275146484375,3.378972881862335,7.5334242154881
*CCCCCCOC(=O)OCCCCOC(=O)OCCCCCCOc1ccc(Oc2ccc(O*)cc2)cc1,tg,-8.0,4.209991455078125,-6.162106710637764,-0.6047675893435636
*CCCCCCOC(=O)OCCCOC(=O)OCCCCCCN1C(=O)c2ccc(C(=O)c3ccc4c(c3)C(=O)N(*)C4=O)cc2C1=O,tg,61.0,45.488494873046875,59.72211437333917,52.095783690502756
*CCCCCCOC(=O)OCCCOC(=O)OCCCCCCOc1ccc(C(=O)c2ccc(O*)cc2)cc1,tg,16.0,10.397506713867188,0.9194651938651396,5.997771443073553
*CCCCCCOC(=O)OCCCOC(=O)OCCCCCCOc1ccc(Oc2ccc(O*)cc2)cc1,tg,-6.0,8.90838623046875,0.2496904627102547,4.8889937127125735
*CCCCCCOC(=O)OCCOC(=O)OCCCCCCOc1ccc(Oc2ccc(O*)cc2)cc1,tg,-4.0,13.087066650390623,-0.9101280790023804,6.58952691993966
*CCCCCCOC(=O)SC(=O)O*,egc,5.9655,5.938963413238525,4.892915319768408,5.466907372824203
*CCCCCCOC(=O)SNc1ccc(Cc2ccc(NSC(=O)O*)cc2)cc1,egc,4.1148,4.641293525695801,4.215028931735106,4.44893069109
*CCCCCCOC(=O)c1cc(N=Nc2ccc(OCC)cc2)ccc1-c1ccc(N=Nc2ccc(OCC)cc2)cc1C(=O)O*,tg,83.0,92.15858459472656,74.58733528868841,84.00195802155372
*CCCCCCOC(=O)c1cc(OCCCCCCOc2ccc(N=Nc3ccc(C#N)cc3)cc2)cc(C(=O)OCCCCCCN2C(=O)c3ccc(-c4ccc(-c5ccc6c(c5)C(=O)N(*)C6=O)cc4)cc3C2=O)c1,tg,67.0,65.48898315429688,88.1081155144086,75.9888521651589
*CCCCCCOC(=O)c1cc(OCCCCCCOc2ccc(N=Nc3ccc(C#N)cc3)cc2)cc(C(=O)OCCCCCCN2C(=O)c3ccc(-c4ccc5c(c4)C(=O)N(*)C5=O)cc3C2=O)c1,tg,93.0,67.8490219116211,74.82067494515984,71.0852841375951
*CCCCCCOC(=O)c1cc(OCCCCCCOc2ccc(N=Nc3ccc(C#N)cc3)cc2)cc(C(=O)OCCCCCCN2C(=O)c3ccc(S(=O)(=O)c4ccc5c(c4)C(=O)N(*)C5=O)cc3C2=O)c1,tg,83.0,111.62069702148438,100.65519566196431,106.53047843660045
*CCCCCCOC(=O)c1ccc(-c2ccc(C(=O)O*)cc2)cc1,tg,52.0,37.973968505859375,50.853521082835634,43.952695400585114
*CCCCCCOC(=O)c1cccc(C(=O)O*)c1,tg,5.5,19.684837341308594,5.273180614895086,12.994903110069004
*CCCCCCOCO*,egc,6.7419,6.341427803039551,6.526795056637404,6.425079532154221
*CCCCCCOc1c(OC)cc(/C=C/c2ccc(/C=C/c3cc(OC)c(O*)c(OC)c3)cc2)cc1OC,tg,90.0,93.71273803710938,92.28717499815728,93.0509874032911
*CCCCCCOc1c(OC)cc(C=C2CCCC(=Cc3cc(OC)c(O*)c(OC)c3)C2=O)cc1OC,tg,71.0,100.4735870361328,79.18961273212354,90.59350239518741
*CCCCCCOc1ccc(-c2cc(-c3ccccc3)c(-c3ccc(NC(=O)c4ccc(C(=O)Nc5ccc(-c6c(-c7ccccc7)cc(-c7ccc(O*)cc7)cc6-c6ccccc6)cc5)cc4)cc3)c(-c3ccccc3)c2)cc1,tg,127.0,185.2486572265625,144.0611358945085,166.12928642207967
*CCCCCCOc1ccc(C(=O)N(C(=O)c2ccc(O*)cc2)c2cc(C)cc(C)c2)cc1,tg,75.0,87.69278717041016,113.50490137368594,99.67484791937818
*CCCCCCOc1ccc(C(=O)N(C(=O)c2ccc(O*)cc2)c2ccc(Oc3ccccc3)cc2)cc1,tg,78.0,79.67063903808594,96.31109194221996,87.39518713273102
*CCCCCCOc1ccc(C(=O)N(C(=O)c2ccc(O*)cc2)c2ccccc2)cc1,egc,3.9898,4.171088695526123,3.8898250390477727,4.044161254217788
*CCCCCCOc1ccc(C=C2CCC(=Cc3ccc(OCCCCCCOP(=O)(O*)OCC)c(OC)c3)C2=O)cc1OC,tg,75.0,53.49449920654297,65.02879876405781,58.848755619115266
*CCCCCCOc1ccc(C=C2CCCC(=Cc3ccc(O*)cc3)C2=O)cc1,tg,116.0,83.77487182617188,76.09097985489815,80.20798615135857
*CCCCCCOc1ccc(C=Cc2ccc(O*)cc2)cc1,tg,76.0,56.56621551513672,55.28971098766888,55.97365828894441
*CCCCCCOc1ccc(OC(=O)c2ccc(C(=O)Oc3ccc(O*)cc3)cc2)cc1,tg,53.0,60.06689453125,66.76202080845665,63.17479220843141
*CCCCCCS(=O)(=O)c1ccc(N=Nc2ccc(N(C)CCCCCC(=O)O*)cc2)cc1,tg,60.5,77.10027313232422,65.69100454179187,71.80405646923111
*CCCCCCSCCS*,egb,5.0604,4.974931240081787,4.99866683941746,4.980437218298691
*CCCCCCSS*,tg,-74.0,-70.50094604492188,-51.78694180806661,-61.813849209049835
*CCCCCCSSCCCCSS*,egb,4.2836,4.144360542297363,5.086441042044402,4.362896195719095
*CCCCCC[N+](*)(C)C,egc,0.0205,-1.8073792457580569,3.04490840792123,0.3823400520885335
*CCCCCC[N+](C)(C)CCC[N+](*)(C)C,egc,0.2161,-8.780258178710938,1.580998693082078,-4.104475178725927
*CCCCCCc1ccc(-c2c(-c3ccccc3)cc(-c3ccc(-c4cc(-c5ccccc5)c(-c5ccc(*)cc5)c(-c5ccccc5)c4-c4ccccc4)cc3)c(-c3ccccc3)c2-c2ccccc2)cc1,tg,250.0,210.34710693359375,210.76332859886753,210.54031827765772
*CCCCCCc1ccc(-c2c(-c3ccccc3)cc(-c3cccc(-c4cc(-c5ccccc5)c(-c5ccc(*)cc5)c(-c5ccccc5)c4-c4ccccc4)c3)c(-c3ccccc3)c2-c2ccccc2)cc1,tg,215.0,203.17518615722656,190.75478706899716,197.40959968764923
*CCCCCCc1nc2cc(NC(=O)CCCCCCC(=O)Nc3ccc4oc(*)nc4c3)ccc2o1,tg,77.0,105.09429931640624,106.27087802198496,105.64047067668935
*CCCCCCn1c(=O)c2cc3c(=O)n(*)c(=O)c3cc2c1=O,egc,3.8389,3.4035186767578125,3.737317791613595,3.5541540915501706
*CCCCCCn1ccc(-c2ccc(-c3ccn(*)n3)cc2)n1,egc,4.0274,3.632104396820069,3.7224466006610433,3.6728736341942323
*CCCCCN1C(=O)c2ccc(C(=O)Oc3ccc(-c4ccc(OC(=O)c5ccc6c(c5)C(=O)N(*)C6=O)cc4)cc3)cc2C1=O,tg,147.0,114.9880599975586,137.04724373853875,125.22799918175483
*CCCCCN1C(=O)c2ccc(C(c3ccc4c(c3)C(=O)N(*)C4=O)(C(F)(F)F)C(F)(F)F)cc2C1=O,tg,170.0,149.78851318359375,165.4267609380746,157.04783464505786
*CCCCCN1C(=O)c2ccc3c4ccc5c6c(ccc(c7ccc(c2c37)C1=O)c64)C(=O)N(*)C5=O,egc,1.9902,2.822361946105957,2.229689886270898,2.5549034730429963
*CCCCCNC(=O)C(CCCCCCCCCCCC)C(=O)N*,egb,6.2733,5.882338523864746,5.508779065972938,5.795683444766755
*CCCCCNC(=O)C(CCCCCCCCCCCC)C(=O)N*,egc,5.7457,5.772156715393066,5.854475612902556,5.809305229932864
*CCCCCNC(=O)C(OC)C(OC)C(=O)N*,tg,113.0,98.17346954345705,111.71668071197692,104.46026874476823
*CCCCCNC(=O)CC(=O)N*,egc,5.7523,5.980248928070068,5.75178621696978,5.877149268066335
*CCCCCNC(=O)CC(=O)N*,tg,65.0,49.14109802246094,94.24354828460083,70.07779056582822
*CCCCCNC(=O)CCCCCC(=O)N*,egc,5.9272,5.8956427574157715,5.917359357617836,5.905442930435197
*CCCCCNC(=O)CCCCCCC(=O)N*,egc,5.9286,5.817364692687988,5.9238759497286715,5.865430630164518
*CCCCCNC(=O)CCCCCCCCC(=O)N*,egc,5.6828,5.848873615264893,5.917235957177001,5.87972387601096
*CCCCCNC(=O)CCCCCCCCCCCCCCCCC(=O)N*,egc,5.855,5.909935474395752,5.936231505547198,5.921802233124582
*CCCCCNC(=O)CCCCCCCCCCCCCCCCCCC(=O)N*,egc,5.895,5.918578624725342,5.959541936486082,5.9370643701444505
*CCCCCNC(=O)CCCCCCCCCCCCCCCCCCC(=O)N*,tg,52.0,44.43891906738281,47.047827967868194,45.64998239555343
*CCCCCNC(=O)CCCCCCCCOCCCCCCCCC(=O)NCCCCCO*,egc,5.9278,5.817802429199219,5.661344289837511,5.747196679598672
*CCCCCNC(=O)Cc1ccc(C(=O)N*)cc1,tg,103.0,113.0120849609375,112.14410658947097,112.6091668003483
*CCCCCNC(=O)N*,egc,5.6754,5.801774024963379,5.7599889567620135,5.782917440866806
*CCCCCNC(=O)O*,egc,6.3761,6.108351230621338,6.0255960473139325,6.071005830921538
*CCCCCNC(=O)c1ccc(C(=O)N*)cc1,tg,177.0,141.42361450195312,132.15508753272354,137.12113651335568
*CCCCCNC(=S)N*,egc,4.4944,4.92584753036499,4.097392744064273,4.551986052556577
*CCCCCOC(=O)C(=O)O*,egc,5.5658,5.500392913818359,5.687353566380327,5.584763705097089
*CCCCCOC(=O)CCCCC(=O)O*,tg,-70.33,-43.684173583984375,-61.64231880627514,-52.020398400662515
*CCCCCOC(=O)CCCCCCCCCCN1C(=O)c2ccc(-c3ccc(-c4ccc5c(c4)C(=O)N(CCCCCCCCCCC(=O)OCCCCCN4C(=O)c6ccc(-c7ccc8c(c7)C(=O)N(*)C8=O)cc6C4=O)C5=O)cc3)cc2C1=O,tg,41.0,57.54776763916016,48.47379049559847,53.33560026252948
*CCCCCOC(=O)CCCCCNC(=O)O*,egc,6.3976,6.460175037384033,6.389257210639637,6.428171548541859
*CCCCCOC(=O)CCCCS(=O)(=O)CCCCC(=O)O*,egc,6.9262,6.525758743286133,6.40537866664651,6.471434145136195
*CCCCCOC(=O)CCCCSCCCCC(=O)O*,egc,5.2896,5.485238552093506,5.408091595560681,5.450424008614831
*CCCCCOC(=O)NC(=O)C1CC1C(=O)NC(=O)O*,egc,6.0047,5.730980396270752,5.832585315819428,5.776832223073144
*CCCCCOC(=O)NC1CC1NC(=O)O*,egc,6.2104,6.279648303985596,6.380387055558275,6.325109250265729
*CCCCCOC(=O)NCC(F)(F)C(F)(F)C(F)(F)C(F)(F)CNC(=O)O*,egc,6.5795,6.736886024475098,6.800707543017418,6.765687122172598
*CCCCCOC(=O)NCC(F)(F)C(F)(F)C(F)(F)C(F)(F)CNC(=O)O*,tg,33.0,31.10443115234375,43.645905521564295,36.92622113011144
*CCCCCOC(=O)NCCCCCCNC(=O)O*,egc,6.4123,6.178565979003906,6.32563400695189,6.244934199908895
*CCCCCOC(=O)NCCSCCCCCCSCCNC(=O)O*,egc,5.1243,5.206056594848633,5.3587143005402895,5.274947301248641
*CCCCCOC(=O)NCCSCCCCCSCCNC(=O)O*,egc,5.3077,5.19337797164917,5.277453717447078,5.231319309054204
*CCCCCOC(=O)NCCSCCCCSCCNC(=O)O*,egc,5.2673,5.341341495513916,5.379554041788055,5.358585887431385
*CCCCCOC(=O)NCCSCCSCCNC(=O)O*,egc,5.3739,5.347939491271973,5.676341850144641,5.496139481463517
*CCCCCOC(=O)NNC(=O)CCCCCCCCC(=O)NNC(=O)O*,egc,5.6607,5.935062408447266,5.696706454360172,5.827498168716881
*CCCCCOC(=O)NNC(=O)CCCCCCCCC(=O)NNC(=O)O*,tg,20.0,35.719512939453125,40.1468580872441,37.77469982184914
*CCCCCOC(=O)Nc1ccc(C)c(NC(=O)O*)c1,eea,0.9199,0.9451324939727784,0.8611129837725504,0.9240802128911816
*CCCCCOC(=O)Nc1ccc(C)c(NC(=O)O*)c1,ei,5.1674,6.377661228179932,6.248209206182873,6.323679099302728
*CCCCCOC(=O)Nc1ccc(C)c(NC(=O)O*)c1,nc,1.7297,1.7488460540771484,1.8029470540156256,1.767877406506869
*CCCCCOC(=O)Nc1ccc(Cc2ccc(NC(=O)O*)cc2)cc1,tg,95.0,71.9803466796875,84.00345298446103,77.56150864885367
*CCCCCOC(=O)O*,egb,7.123,7.006614685058594,6.55644642762428,6.902188561903995
*CCCCCOC(=O)O*,egc,7.3186,7.239736557006836,7.212283192537615,7.2273475219249015
*CCCCCOC(=O)O*,eps,3.09,3.140022039413452,3.325915533326031,3.2419035641687817
*CCCCCOC(=O)O*,nc,1.6374,1.6214197874069214,1.6371738363863206,1.6269616601756867
*CCCCCOC(=O)O*,tg,-40.0,-38.7783203125,-43.41145702747826,-40.92903625695752
*CCCCCOC(=O)OCCCCCN1C(=O)c2ccc(C(=O)c3ccc4c(c3)C(=O)N(*)C4=O)cc2C1=O,tg,77.0,84.36003112792969,78.47173647977579,81.62666711030693
*CCCCCOC(=O)c1ccc(-c2ccc(-c3ccc(C(=O)O*)cc3)cc2)cc1,tg,40.0,64.96283721923828,65.00380379618649,64.98185402699781
*CCCCCOC(=O)c1ccc(C=Cc2ccc(C(=O)O*)cc2)cc1,tg,60.0,56.498626708984375,50.713018588881326,53.81293008534246
*CCCCCOC(=O)c1ccc2cc(C(=O)O*)ccc2c1,tg,50.83,51.73876190185547,56.25490088154136,53.83516714705276
*CCCCCOC(=O)c1cccc(C(=O)O*)c1,tg,7.0,24.71197509765625,11.556146893066986,18.60500022884173
*CCCCCOC(=O)c1ccccc1C(=O)[O][Cd][O]C(=O)c1ccccc1C(=O)OCCCCCOC(=O)NCCCCCCNC(=O)O*,tg,-6.8,3.4021759033203125,-16.192407992248203,-5.6936886484356375
*CCCCCOC(=O)c1ccccc1C(=O)[O][Pb][O]C(=O)c1ccccc1C(=O)OCCCCCOC(=O)NCCCCCCNC(=O)O*,tg,-19.2,14.639190673828123,-0.9015009210988464,7.425155073917438
*CCCCCOCO*,eea,0.5413,0.6348522901535034,0.6584101753119147,0.6407550527244938
*CCCCCOCO*,egb,6.8354,7.463209629058838,6.927713836999677,7.338989965395637
*CCCCCOCO*,egc,6.5668,6.648040771484375,6.4447296453306615,6.556291409496708
*CCCCCOCO*,nc,1.6043,1.6335309743881226,1.6454328744155704,1.6377177593692365
*CCCCCOc1ccc(-c2ccc(O*)c3ccccc23)c2ccccc12,tg,151.0,137.8064727783203,141.78956150321002,139.6554344981666
*CCCCCOc1ccc(C=CC(=O)OCCN(CCOC(=O)C=Cc2ccc(O*)cc2)c2ccc(N=Nc3ccc([N+](=O)[O-])cc3)cc2)cc1,tg,92.0,90.47340393066406,95.91301886172288,92.99848947931969
*CCCCCOc1ccc(CCc2ccc(O*)cc2C)cc1,tg,15.4,31.666976928710938,22.282663046859373,27.310750308364614
*CCCCCOc1cccc(C(=O)OC(=O)c2cccc(O*)c2)c1,tg,61.0,48.682830810546875,26.616120946514688,38.43939797748082
*CCCCCOc1cccc(NC(=O)c2ccc(C(=O)Nc3cccc(O*)c3)cc2)c1,tg,135.0,128.7831573486328,147.54738281302025,137.49356702879334
*CCCCCOc1cccc(NC(=O)c2cccc(C(=O)Nc3cccc(O*)c3)c2)c1,tg,131.5,134.10801696777344,126.94306601404026,130.7820252681043
*CCCCCS*,egb,4.989,5.588761329650879,5.135727408672171,5.483670454752316
*CCCCCS*,ei,5.7733,5.885670185089111,5.7761823451814,5.8400132181819515
*CCCCCc1nc2cc3sc(*)nc3cc2s1,egc,4.2723,4.2061052322387695,4.255713490259091,4.228492231459082
*CCCCCc1nnc(*)o1,egc,6.1707,6.3185577392578125,6.291401698966953,6.306302879339748
*CCCCN1C(=O)c2ccc(C(c3ccc4c(c3)C(=O)N(*)C4=O)(C(F)(F)F)C(F)(F)F)cc2C1=O,tg,185.0,190.1955413818359,171.324669616874,181.43562616942515
*CCCCNC(=O)C(=O)N*,egc,5.1306,5.392557621002197,5.588459001071835,5.480963144959128
*CCCCNC(=O)C(=O)N*,tg,120.0,164.5263214111328,197.5177666717965,179.84104914697082
*CCCCNC(=O)CC(=O)N*,egc,5.9986,5.9275689125061035,5.733872329976206,5.840158360007007
*CCCCNC(=O)CCC=CCCC(=O)N*,egc,5.5356,5.59099817276001,5.656673280543011,5.620635750159517
*CCCCNC(=O)CCCCCCC(=O)N*,egc,6.0697,5.7796630859375,5.97787116227235,5.869109565766529
*CCCCNC(=O)CCCCCCC(=O)NCCCCNC(=O)C(=O)N*,egc,4.7855,5.6464524269104,5.337074024836407,5.5068374853179165
*CCCCNC(=O)CCCCCCCCCC(=O)N*,egc,5.9628,5.89378547668457,5.813270014126209,5.857450808436821
*CCCCNC(=O)CCCCCCCCCCCCCCC(=O)N*,egc,6.0415,5.88942813873291,5.963743717057904,5.922964950151227
*CCCCNC(=O)CCCCCCCCCCCCCCCCC(=O)N*,egc,6.0758,5.885814189910889,5.9241537241842455,5.903115888421109
*CCCCNC(=O)Cc1ccc(C(=O)N*)cc1,tg,84.0,119.61451721191406,129.8032009019833,124.34413470721152
*CCCCNC(=O)NCCCCCCNC(=O)O*,egc,5.9887,5.82125186920166,5.665776158489841,5.751089465735341
*CCCCNC(=O)c1ccc(C(=O)N*)c(Sc2ccccc2)c1,tg,136.0,136.84323120117188,145.37753919047532,140.80488253949034
*CCCCNC(=O)c1cccc(C(=O)N*)c1,egc,5.1173,4.894461154937744,4.995781903412305,4.940184742252024
*CCCCNC(=O)c1cccc(C(=O)N*)c1,tg,141.0,148.8839569091797,146.2956966494007,147.68247874189046
*CCCCOC(=O)C(Cc1ccccc1)NC(=O)C=CC(=O)NC(Cc1ccccc1)C(=O)O*,tg,103.0,83.05562591552734,93.74541639844676,88.01785868543449
*CCCCOC(=O)C1C(=O)C2CCC1C(=O)C2C(=O)O*,egc,5.3882,5.797327995300293,6.271754791229952,6.011425259232075
*CCCCOC(=O)C1CCC(C(=O)O*)CC1,egb,6.5835,6.391317367553711,6.428243371695589,6.399883141333729
*CCCCOC(=O)C1CCC(C(=O)O*)CC1,tg,-10.5,0.8370208740234375,21.278570569282135,10.326049487594135
*CCCCOC(=O)CC(=O)O*,egc,6.6946,6.715273380279541,6.7624595017622875,6.736567328243025
*CCCCOC(=O)CCCCC(=O)O*,egc,6.8238,6.857248306274414,6.757775129049412,6.812358482889245
*CCCCOC(=O)CCCCC(=O)OCCCCOC(=O)c1ccc(C(=O)O*)cc1,tg,-20.0,-7.0427703857421875,9.877326316398204,0.8115891977796661
*CCCCOC(=O)CCCCCCCCC(=O)O*,egc,6.818,6.791567802429199,6.784536002139009,6.78839452213483
*CCCCOC(=O)CCCCCCCCC(=O)O*,tg,-64.4,-50.85279846191406,-43.18857732700221,-47.29504404827583
*CCCCOC(=O)CCCCS(=O)(=O)CCCCC(=O)O*,egc,6.544,6.557462692260742,6.4290421116673375,6.499509610408142
*CCCCOC(=O)CCCCSCCCCC(=O)O*,egc,5.4021,5.480281352996826,5.3222448240235085,5.408963314587631
*CCCCOC(=O)COCC(=O)O*,tg,-27.0,-7.4051513671875,-35.005849429096095,-20.217478102118125
*CCCCOC(=O)Cc1ccc(CC(=O)O*)cc1,egc,5.4635,5.321024417877197,5.295174962200844,5.309359187789195
*CCCCOC(=O)NC1CCC(CC2CCC(NC(=O)O*)CC2)CC1,egc,6.1232,6.011294364929199,6.285959662911019,6.135244127673278
*CCCCOC(=O)NCC(F)(F)C(F)(F)C(F)(F)C(F)(F)CNC(=O)O*,tg,33.0,31.276588439941406,39.58755805015543,35.13456543354132
*CCCCOC(=O)NCCCCCCNC(=O)O*,tg,38.12,28.50669860839844,37.88551558160275,32.8603735472814
*CCCCOC(=O)NCCCCNC(=O)O*,egc,6.3043,6.346610069274902,6.217515342143859,6.2883527615007555
*CCCCOC(=O)NCCNC(=O)O*,egc,6.2788,6.276155948638916,6.276427695793175,6.276278581514435
*CCCCOC(=O)NCCSCCSCCNC(=O)O*,egc,5.7445,5.43312406539917,5.409486060177995,5.4224568090677865
*CCCCOC(=O)NCc1ccc(CNC(=O)O*)cc1,egc,5.6759,5.382713794708252,5.305340590388082,5.347797151110745
*CCCCOC(=O)NNC(=O)CCCCCCCCC(=O)NNC(=O)O*,egc,6.1019,5.739614009857178,5.722866982386435,5.732056484036043
*CCCCOC(=O)NNC(=O)CCCCCCCCC(=O)NNC(=O)O*,tg,56.0,46.79585266113281,19.59958904500416,34.17126560766135
*CCCCOC(=O)Nc1ccc(C)c(NC(=O)O*)c1,egc,4.832,5.270423889160156,5.187413403089859,5.232963277538352
*CCCCOC(=O)Nc1ccc(C)c(NC(=O)O*)c1,tg,42.0,65.88323974609375,71.54388691420108,68.51092912142312
*CCCCOC(=O)O*,tg,-28.75,-28.779693603515625,-32.28178379752293,-30.40537436420416
*CCCCOC(=O)OCC1CCC(COC(=O)O*)CC1,egc,7.0222,7.135332107543945,7.004888099858673,7.076465902301495
*CCCCOC(=O)SC(=O)O*,egc,5.9582,5.695199966430664,4.771279020763937,5.278256934853166
*CCCCOC(=O)SNCCCCCCNSC(=O)O*,egc,5.4377,5.006886005401611,5.041763468547013,5.02262535548971
*CCCCOC(=O)SSC(=O)O*,egc,4.2442,4.770610809326172,4.961929503439021,4.856948278668092
*CCCCOC(=O)SSSC(=O)O*,egc,3.9747,4.653586387634277,4.512096047868682,4.589735241627163
*CCCCOC(=O)SSSSC(=O)O*,egc,4.6274,3.977838039398194,4.1093656640945255,4.037193254619018
*CCCCOC(=O)c1ccc(-c2ccc(C(=O)O*)cc2)cc1,tg,70.0,45.45469665527344,60.63020362189497,52.499212456593206
*CCCCOC(=O)c1ccc(C(=O)O*)cc1,eea,2.4936,2.1849358081817627,2.0868377544100385,2.1603559481392756
*CCCCOC(=O)c1ccc(C(=O)O*)cc1,egb,4.0149,4.24885368347168,4.200807757776874,4.237708406853827
*CCCCOC(=O)c1ccc(C(=O)O*)cc1,eps,3.59,3.8146724700927734,3.5179154913848727,3.652030664636343
*CCCCOC(=O)c1ccc(NC=Nc2ccc(C(=O)O*)cc2)cc1,tg,91.0,80.72527313232422,84.66382642505025,82.5535613711273
*CCCCOC(=O)c1ccc2cc(C(=O)O*)ccc2c1,tg,65.5,48.323020935058594,60.02171980103982,53.753591999178596
*CCCCOC(=O)c1cccc(C(=O)O*)c1,egc,5.1711,4.651455402374268,4.999665437334828,4.808594114601853
*CCCCOC(=O)c1cccc(C(=O)O*)c1,tg,19.1,28.15222930908203,20.284458242746396,24.49998640741989
*CCCCOCCCCOCCCCOC(=O)c1ccc(N=Cc2cc(OCCCCCC)c(C=Cc3cc(OCCCCCC)c(C=Cc4cc(OCCCCCC)c(C=Nc5ccc(C(=O)O*)cc5)cc4OCCCCCC)cc3OCCCCCC)cc2OCCCCCC)cc1,tg,14.3,90.42356872558594,65.34598193344196,78.78247780158662
*CCCCOCO*,tg,-83.2,-51.69496154785156,-80.66147750520142,-65.14130504198
*CCCCOc1ccc(-c2ccc(O*)c3ccccc23)c2ccccc12,tg,130.0,133.69432067871094,149.13827373990253,140.86344996142284
*CCCCOc1ccc(C(=O)OC(=O)c2ccc(O*)cc2)cc1,egc,4.2843,4.117275238037109,4.328620661144622,4.212650282659445
*CCCCOc1ccc(C(=O)OC(=O)c2ccc(O*)cc2)cc1,tg,45.0,59.631256103515625,64.68203382788283,61.97584225582786
*CCCCOc1ccc(C(=O)OCCOC(=O)c2ccc(O*)cc2)cc1,tg,53.0,47.61907958984375,43.86128445712784,45.8746998304878
*CCCCOc1ccc(C=C2CCC(=Cc3ccc(O*)cc3)C2=O)cc1,egc,2.9446,3.675326824188232,3.5275778375616156,3.608651303208296
*CCCCOc1ccc(C=C2CCC(=Cc3ccc(OCCCCOP(=O)(O*)OC)c(OC)c3)C2=O)cc1OC,tg,75.0,71.61227416992188,78.67721025685961,74.89183866876952
*CCCCOc1ccc(C=C2CCC(=Cc3ccc(OCCCCOP(=O)(O*)OCC)c(OC)c3)C2=O)cc1OC,tg,79.0,60.490516662597656,73.08383291970354,66.33637180004547
*CCCCOc1ccc(OC(=O)c2ccc(C(=O)Oc3ccc(O*)cc3)c(C(=O)OCC=C)c2)cc1,egc,3.1899,3.622349739074707,3.722116149038461,3.667371891256649
*CCCCOc1ccc(OC(=O)c2ccc(C(=O)Oc3ccc(O*)cc3)c(C(=O)OCC=C)c2)cc1,tg,56.0,31.5445556640625,91.15339283364044,59.21515647252255
*CCCCOc1ccc(OCCCCc2nnc(-c3ccc(-c4nnc(*)o4)cc3)o2)c(C)c1,tg,139.5,98.97628021240234,99.46900171016549,99.2050030079094
*CCCCOc1cccc(C(=O)OC(=O)c2cccc(O*)c2)c1,tg,20.0,50.89715576171875,56.13579237910192,53.32894657501399
*CCCCSCCS*,egb,4.9438,4.645878791809082,5.001009962067619,4.728259036770858
*CCCCSS*,tg,-55.0,-58.38029479980469,-48.772434773047685,-53.92029738922551
*CCCCSSCCCCO*,tg,-76.0,-53.365447998046875,-63.50562777936154,-58.07254983357765
*CCCCSSCCCCOCO*,tg,-76.0,-79.14190673828125,-81.55384569216659,-80.26153602709746
*CCCCc1ccc(-c2c(-c3ccccc3)cc(-c3ccc(-c4cc(-c5ccccc5)c(-c5ccc(*)cc5)c(-c5ccccc5)c4-c4ccccc4)cc3)c(-c3ccccc3)c2-c2ccccc2)cc1,tg,205.0,293.486572265625,240.338488879562,268.81507272057
*CCCCc1ccc(-c2c(-c3ccccc3)cc(-c3cccc(-c4cc(-c5ccccc5)c(-c5ccc(*)cc5)c(-c5ccccc5)c4-c4ccccc4)c3)c(-c3ccccc3)c2-c2ccccc2)cc1,tg,180.0,293.6962585449219,211.757733462016,255.66014970500282
*CCCCc1nc(-c2ccc(-c3csc(*)n3)cc2)cs1,egc,3.7312,3.9003419876098633,3.7494453598970607,3.83224601283142
*CCCCc1nnc(*)n1N,egc,5.3914,5.732767105102539,5.674782509591724,5.7066000686797125
*CCCCc1nnc(*)o1,egc,6.3699,6.054547309875488,6.21136139973051,6.12531369126869
*CCCN(*)C,egc,4.8968,5.035592555999756,4.6693471712098376,4.870314929432496
*CCCN(*)C(=O)C(F)(F)C(F)(F)C(F)(F)C(F)(F)C(F)(F)C(F)(F)C(F)(F)F,tg,25.0,105.19076538085938,85.63232298754359,96.11167782273287
*CCCN(*)C(=O)CC,tg,8.0,12.085311889648438,24.560622064917215,17.87638825034884
*CCCN(*)C(=O)CCCCC,tg,-16.0,1.0171051025390625,5.074748808356386,2.900675467906528
*CCCN(*)C(=O)c1ccccc1,tg,72.0,81.40632629394531,98.986186268436,89.56694996521229
*CCCN(*)C(C)=O,egc,5.7364,5.317584037780762,5.4673486726511245,5.385169171745751
*CCCN(C)c1ccc(C(=O)c2ccc(N(*)C)cc2)cc1,tg,101.0,103.44658660888672,110.20703875127258,106.58480874840748
*CCCN*,egb,6.381,6.525178909301758,6.4767522932521215,6.513945323441258
*CCCN*,egc,5.2088,5.59514045715332,5.123543997568498,5.38232045511449
*CCCN*,ei,5.8246,6.166690349578857,5.981485201990331,6.089458893541249
*CCCN*,eps,3.03,3.585329532623291,3.4914202223335313,3.533861223971556
*CCCN*,nc,1.6776,1.6664859056472778,1.6745670931700003,1.669328661381377
*CCCN1C(=O)c2ccc(C(c3ccc4c(c3)C(=O)N(*)C4=O)(C(F)(F)F)C(F)(F)F)cc2C1=O,tg,190.0,192.4034881591797,182.51224365724647,187.81194282617406
*CCCNC(=O)C(Cc1ccccc1)NC(=O)CCCCCCCCC(=O)NC(Cc1ccccc1)C(=O)NCCCOCCOCCO*,tg,44.0,42.05000305175781,34.4013524051935,38.49947650546133
*CCCNC(=O)C(NC(=O)C(Cc1ccccc1)NC(=O)CCCCCCCCC(=O)NC(Cc1ccccc1)C(=O)NC(C(=O)NCCCOCCOCCO*)C(C)C)C(C)C,tg,66.0,79.92991638183594,63.23652428677929,72.1807937561532
*CCCNC(=O)C(OC)C(OC)C(=O)N*,tg,123.0,120.90573120117188,97.55323364337266,110.0654318683041
*CCCNC(=O)CCC=CCCC(=O)N*,egc,5.7523,5.593131065368652,5.440645571212557,5.524318073842461
*CCCNC(=O)CCCCC(=O)NCCCN(*)C,tg,5.0,26.632545471191406,36.79213590985229,31.34865779201867
*CCCNC(=O)CCCCC(=O)NCCCO*,egc,5.8321,5.803123474121094,5.833081858149202,5.816642963549736
*CCCNC(=O)CCCCC(=O)NCCCO*,tg,34.0,18.234039306640625,30.485826603756724,23.921355677604513
*CCCNC(=O)CCCCCCCC(=O)NCCCNC(=O)C(=O)N*,egb,4.6809,5.191967964172363,4.408411167536956,5.010205262798397
*CCCNC(=O)CCCCCCCCC(=O)NCCCOCCO*,egc,5.9244,5.719820976257324,5.849550290711832,5.7783646578426575
*CCCNC(=O)CCCCCCCCC(=O)NCCCOCCOCCO*,tg,40.0,18.325157165527344,17.713462237949322,18.041206547443323
*CCCNC(=O)CCCCCCCCCCCCCCCCCCC(=O)N*,egc,5.894,5.82470703125,5.911492420134297,5.863871164618509
*CCCNC(=O)CNC(=O)C(Cc1ccccc1)NC(=O)CCCCCCCCC(=O)NC(Cc1ccccc1)C(=O)NCC(=O)NCCCOCCOCCO*,tg,36.0,56.75074005126953,58.66200616239291,57.63795550640718
*CCCNC(=O)NCCCCCCNC(=O)O*,egc,5.4226,5.803925037384033,5.827165360107463,5.814412829285053
*CCCNC(=O)c1ccc(C(=O)NCCCO*)cc1,tg,72.0,128.8824005126953,122.50067735381766,125.9199855020309
*CCCNC(=O)c1cccc(C(=O)N*)c1,egc,4.8185,5.01511287689209,4.978234712419702,4.998470658998615
*CCCO*,egc,6.2459,6.145227432250977,6.103849288003557,6.126554483028984
*CCCO*,ei,6.904,6.913664817810059,6.64289304088863,6.800751657145684
*CCCO*,eps,3.03,3.2007243633270264,3.3494376584474637,3.2822287610300718
*CCCO*,nc,1.6476,1.601702094078064,1.6377475711630978,1.6143819739080634
*CCCO*,tg,-72.46,-59.38017272949219,-59.00600684826125,-59.20648380638447
*CCCOC(=O)C(=O)O*,egc,5.7163,5.8905181884765625,5.798512238583201,5.848998143009877
*CCCOC(=O)C(C)O*,tg,-33.0,-16.11602783203125,-31.569867560765015,-23.28974653543773
*CCCOC(=O)C1CCC(C(=O)O*)CC1,egc,6.703,6.657447814941406,6.565934884765425,6.616150257271492
*CCCOC(=O)CC(=O)O*,egc,6.6256,6.692742347717285,6.607036225296805,6.654065261031086
*CCCOC(=O)CCC(=O)O*,egc,6.805,6.686620712280273,6.676173275376018,6.681906038329537
*CCCOC(=O)CCC(=O)O*,tg,-34.42,-32.944091796875,-25.580341834665713,-29.525817001848516
*CCCOC(=O)CCC(C)CC(=O)O*,egc,6.7963,6.810067653656006,6.7413785036900515,6.779069912390795
*CCCOC(=O)CCCC(=O)O*,egc,6.7627,6.819519519805908,6.69324997685865,6.762537148879851
*CCCOC(=O)CCCC(=O)O*,tg,-33.67,-58.21183776855469,-47.1287813184401,-53.06704975840937
*CCCOC(=O)CCCCC(=O)O*,tg,-52.17,-46.52378845214844,-50.0517307767445,-48.16146984931198
*CCCOC(=O)CCCCCCC(=O)O*,egc,6.9244,6.658719062805176,6.783431133624231,6.714998584473646
*CCCOC(=O)CCCCCCC(=O)O*,tg,-58.75,-42.597442626953125,-47.792462207825224,-45.0089862812187
*CCCOC(=O)CCCCCCCCC(=O)O*,egc,6.8385,6.868643760681152,6.781691721279229,6.829404421990847
*CCCOC(=O)CCCCCCCCCC(=O)O*,egc,6.7744,6.788286209106445,6.815218238131243,6.80043997819329
*CCCOC(=O)CCCCCCCCCCC(=O)O*,egb,6.3683,6.480993270874023,6.43759624468504,6.470926405593067
*CCCOC(=O)CCCCCCCCCCCCCCCCC(=O)O*,egc,6.9154,6.530704498291016,6.68081587720209,6.598446109400715
*CCCOC(=O)CCCCCCCCOC(=O)CCCOC(=O)CCCCCCCCOC(*)=O,egb,6.5329,6.386462211608887,6.0665211478037415,6.312245061955672
*CCCOC(=O)CCCCCCCCOC(=O)CCCOC(=O)CCCCCCCCOC(*)=O,ei,7.4162,7.3655219078063965,6.907417235361821,7.174490009766873
*CCCOC(=O)CCCCCCCCOC(=O)CCCOC(=O)CCCCCCCCOC(*)=O,nc,1.6306,1.6323994398117063,1.61653276902354,1.6268179495620005
*CCCOC(=O)CCCCSCCCCC(=O)O*,egc,5.3966,5.553291320800781,5.372753338429405,5.471818924230654
*CCCOC(=O)COCC(=O)O*,egc,6.0368,6.278425216674805,6.221451010694236,6.252714144450852
*CCCOC(=O)Cc1ccc(CC(=O)O*)cc1,egc,5.2766,5.383793830871582,5.416481992561397,5.3985452025074006
*CCCOC(=O)N1CCC(*)CC1,egc,5.7499,6.4351019859313965,5.705951827161263,6.106054269134103
*CCCOC(=O)NCCCCCCNC(=O)O*,egc,6.2372,6.198527812957764,6.299671122651282,6.244171326469589
*CCCOC(=O)NCCCCCCNC(=O)O*,tg,55.0,29.578834533691406,35.433504010750305,32.29658964614732
*CCCOC(=O)NNC(=O)CCCCCCCCC(=O)NNC(=O)O*,tg,22.0,49.28950500488281,53.540718436365665,51.26293101685946
*CCCOC(=O)Nc1ccc(Cc2ccc(NC(=O)O*)cc2)cc1,tg,119.0,75.2275161743164,88.03305476258781,81.17188555373167
*CCCOC(=O)O*,tg,-22.38,6.7320404052734375,-26.684988746001903,-8.780244647680561
*CCCOC(=O)c1cc(N=Nc2ccc(OCC)cc2)ccc1-c1ccc(N=Nc2ccc(OCC)cc2)cc1C(=O)O*,tg,101.0,107.63150787353516,107.33298955181408,107.49293477419997
*CCCOC(=O)c1ccc2cc(C(=O)O*)ccc2c1,tg,84.0,60.07505798339844,78.22323625398181,68.499496710453
*CCCOC(=O)c1cccc(C(=O)O*)c1,tg,36.0,33.914573669433594,44.348999164164525,38.7582652467233
*CCCOCCCCOCCCN1C(=O)c2ccc(C(=O)Oc3ccc(-c4ccc(OC(=O)c5ccc6c(c5)C(=O)N(*)C6=O)cc4)cc3)cc2C1=O,tg,70.0,73.08246612548828,91.22030982726336,81.50210751473858
*CCCOCCCCOCCCN1C(=O)c2ccc(C(=O)Oc3ccc(OC(=O)c4ccc5c(c4)C(=O)N(*)C5=O)cc3)cc2C1=O,tg,56.0,76.02952575683594,66.01006445057591,71.37846179911075
*CCCOCCCCOCCCN1C(=O)c2ccc(C(=O)Oc3ccc4cc(OC(=O)c5ccc6c(c5)C(=O)N(*)C6=O)ccc4c3)cc2C1=O,tg,68.0,87.3094482421875,75.89118856064613,82.00905788770976
*CCCOCCCOC(=O)c1ccc(-c2ccc(C(=O)O*)cc2)cc1,tg,16.25,27.290809631347656,34.305519650249146,30.5470590389303
*CCCOCCOCCOC(=O)Nc1ccc(C)c(NC(=O)O*)c1,egc,5.0994,4.884444713592529,4.808406946282829,4.850130720209023
*CCCOc1ccc(-c2ccc(O*)c3ccccc23)c2ccccc12,tg,173.5,135.71827697753906,163.58809118965306,148.6555282356953
*CCCOc1ccc(C(=O)OC(=O)c2ccc(O*)cc2)cc1,egc,4.317,4.103084087371826,4.329857983456236,4.205421626270073
*CCCOc1ccc(C(=O)OC(=O)c2ccc(O*)cc2)cc1,tg,95.0,59.57875061035156,62.15166201962406,60.77310379524889
*CCCOc1ccc(OCCCc2nnc(-c3ccc(-c4nnc(*)o4)cc3)o2)c(C)c1,tg,125.5,145.76690673828125,130.33659451288443,138.60410957241464
*CCCOc1cccc(C(=O)OC(=O)c2cccc(O*)c2)c1,tg,53.0,60.80326843261719,61.49878584537834,61.12612969946419
*CCCP(=O)(CCCNC(=O)CCCCC(=O)N*)c1ccccc1,tg,55.0,47.64591979980469,41.28003991524717,44.6908592845478
*CCCP(C)(=O)CCCNC(=O)CCCCC(=O)N*,tg,33.0,54.23348236083984,50.88717413971358,52.68011605870185
*CCCP(C)(=O)CCCNC(=O)CCCCCCCCC(=O)N*,egc,5.7831,5.881508827209473,5.381325847855047,5.655788424686284
*CCCP(CCCCCCCC)CCCNC(=O)CCCCC(=O)N*,egc,4.7376,5.47989559173584,5.852531273789177,5.648057003897732
*CCCP(CCCNC(=O)C(=O)N*)c1ccccc1,egc,4.5841,4.4679365158081055,4.702500789187977,4.573789662337001
*CCCP(CCCNC(=O)CCCCC(=O)N*)CC(C)C,egc,5.1348,4.9777679443359375,5.558279328776455,5.23973860062322
*CCCP(CCCNC(=O)CCCCC(=O)N*)CC(C)C,tg,71.0,49.98348236083984,48.134266784971715,49.12507095007761
*CCCP(CCCNC(=O)CCCCC(=O)N*)c1ccccc1,tg,49.0,64.8702392578125,68.18698116388158,66.40988078791716
*CCCP(CCCNC(=O)CCCCCCCCC(=O)N*)c1ccccc1,egc,4.6632,5.155379772186279,4.706302236115835,4.952722012146597
*CCCS(=O)(=O)CCCCS(=O)(=O)CCCOC(=O)O*,egc,6.4999,6.471888542175293,6.111732945992337,6.309359088961349
*CCCS(=O)(=O)CCCCS(=O)(=O)CCCOC(=O)c1cccc(C(=O)O*)c1,tg,65.0,61.577674865722656,48.5877544053202,55.54771486883669
*CCCS(=O)(=O)CCCCS(=O)(=O)CCCOC(=O)c1ccccc1C(=O)O*,tg,49.0,63.60469055175781,49.557136643083965,57.08377393940329
*CCCS(=O)(=O)c1ccc(N=Nc2ccc(N(CCCC)CC(=O)O*)cc2)cc1,tg,92.4,132.00692749023438,91.3699970714182,113.1431426373048
*CCC[Si](*)(C)CCC[Si](C)(C)C,tg,-46.0,-18.64268493652344,-51.060971907534345,-33.691350877062135
*CCC[Si](*)(C)C[Si](C)(C)C,tg,-51.0,-26.681900024414062,-20.35661077006735,-23.745681801314824
*CCC[Si](*)(C)O[Si](C)(C)CCCOc1ccc(-c2ccc(C#N)cc2)cc1,tg,-4.6,0.698211669921875,-6.507221523462831,-2.6465720066825558
*CCC[Si](*)(C)O[Si](C)(C)CCCOc1ccc(C#N)cc1,tg,-45.5,-22.713134765625,-11.153236359074294,-17.346995290633412
*CCC[Si](*)(C)O[Si](C)(C)CCCOc1ccc(C(=O)Oc2ccc(-c3ccc(C#N)cc3)cc2)cc1,tg,10.1,25.83973693847656,27.455610445726812,26.589830261869007
*CCC[Si](*)(C)c1ccc(N(C)C)cc1,tg,6.5,1.7468414306640625,41.389488764381234,20.14907709651404
*CCC[Si](*)(C)c1ccccc1,tg,-1.5,-8.603103637695312,4.321944647591577,-2.603257498861853
*CCC[Si](*)(C[Si](C)(C)c1ccccc1)C[Si](C)(C)c1ccccc1,tg,-36.0,-5.3832550048828125,38.288070486276695,14.889105131995137
*CCC[Si](*)(c1ccc(C)cc1)c1ccc(C)cc1,tg,38.0,43.38249969482422,59.57363969081866,50.89847539132221
*CCC[Si](C)(C)O[Si](C)(C)CCCN1C(=O)c2ccc(-c3ccc4c(c3)C(=O)N(*)C4=O)cc2C1=O,tg,75.0,105.46050262451172,76.57201082022694,92.05037817600464
*CCC[Si](C)(C)O[Si](C)(C)CCCn1c(=O)c2cc3c(=O)n(*)c(=O)c3cc2c1=O,egc,3.5354,4.007986068725586,3.235445483243102,3.6593573086152915
*CCCc1ccc(*)cc1,eea,0.9937,1.0766596794128418,1.0194960611490782,1.0623365233213344
*CCCc1ccc(*)cc1,egb,4.7657,4.797701835632324,4.229820966295231,4.665969762970162
*CCCc1ccc(*)cc1,egc,4.9932,5.331803321838379,4.855256191375625,5.116749202547561
*CCCc1ccc(*)cc1,eps,3.14,3.1901469230651855,3.608101864689909,3.4192129642456086
*CCCc1ccc(*)cc1,nc,1.7489,1.737329125404358,1.6963122767533798,1.7229004438065876
*CCCc1ccc(*)s1,egc,4.7481,4.478269100189209,4.365407222622673,4.427337282263854
*CCCc1ccc(*)s1,ei,5.6976,5.790168762207031,5.742076699137472,5.770114135739702
*CCCc1ccc(*)s1,eps,3.2,3.0889670848846436,3.726378875920119,3.4383095164076076
*CCCc1ccc(*)s1,nc,1.7538,1.7856411933898926,1.7604615468807283,1.7767836357233682
*CCCc1ccc(-c2c(-c3ccccc3)cc(-c3ccc(-c4cc(-c5ccccc5)c(-c5ccc(*)cc5)c(-c5ccccc5)c4-c4ccccc4)cc3)c(-c3ccccc3)c2-c2ccccc2)cc1,tg,290.0,221.4165802001953,250.32013344706024,234.83369621547376
*CCCc1ccc(-c2c(-c3ccccc3)cc(-c3cccc(-c4cc(-c5ccccc5)c(-c5ccc(*)cc5)c(-c5ccccc5)c4-c4ccccc4)c3)c(-c3ccccc3)c2-c2ccccc2)cc1,tg,240.0,228.03421020507812,249.06391024876777,237.79625997255073
*CCCc1nc2cc(-c3ccc4[nH]c(*)nc4c3)ccc2[nH]1,tg,275.0,245.01141357421875,216.9499782453683,231.98521121955645
*CCCc1nc2cc3sc(*)nc3cc2s1,egc,4.1967,4.029961109161377,3.9604087232589498,3.99857381053197
*CCN(*)C(=O)C(C)C,tg,30.0,55.00071716308594,60.77762358446245,57.68237443210779
*CCN(*)C(=O)C(CC)CCCC,tg,33.0,7.9645538330078125,26.5286864622565,16.582079819597787
*CCN(*)C(=O)C(OC)(c1ccccc1)C(F)(F)F,tg,89.0,126.17694854736328,121.00987098289548,123.77837566082981
*CCN(*)C(=O)C1(c2ccc(Cl)cc2)CCC1,tg,112.0,138.66107177734375,113.73485816001836,127.09024873462516
*CCN(*)C(=O)C12CC3CC(CC(C3)C1)C2,tg,123.0,214.56863403320312,163.51499019880873,190.8693796031938
*CCN(*)C(=O)C1CC1,tg,77.0,80.63887023925781,72.68053838076212,76.94458874654532
*CCN(*)C(=O)CC(C)C,tg,30.0,67.33348846435547,26.195207479159453,48.236975176413374
*CCN(*)C(=O)CC12CC3CC(CC(C3)C1)C2,tg,139.0,182.39654541015625,122.50154207821662,154.593105411744
*CCN(*)C(=O)CCCCC,tg,7.0,18.967086791992188,-1.5905379787478795,9.424175780609911
*CCN(*)C(=O)CCCCCCCCCCC,tg,10.0,-7.413909912109375,-1.4593967128214471,-4.649807044652462
*CCN(*)C(=O)CO,egc,5.9405,5.334898471832275,5.758137075436487,5.525895750652515
*CCN(*)C(=O)c1c(F)c(F)c(F)c(F)c1F,tg,136.0,128.6342010498047,130.40471677948972,129.4560797561757
*CCN(*)C(=O)c1c(F)cc(F)c(F)c1F,egc,4.9884,4.861351490020752,4.676047635153636,4.777728371209934
*CCN(*)C(=O)c1c(F)cc(F)c(F)c1F,tg,122.0,116.62311553955078,114.44149161664534,115.61039917816348
*CCN(*)C(=O)c1c(F)cc(F)cc1F,tg,135.0,111.54095458984376,113.78105399445396,112.5808154450371
*CCN(*)C(=O)c1c(F)ccc(F)c1F,tg,124.0,114.76075744628906,114.90489417023744,114.82766614539469
*CCN(*)C(=O)c1c(F)cccc1F,egc,4.4989,4.738001346588135,4.737852343298396,4.7379341050306945
*CCN(*)C(=O)c1cc(F)c(F)c(F)c1F,tg,97.0,115.56290435791016,125.99608360564706,120.40601742361133
*CCN(*)C(=O)c1cc(F)cc(F)c1F,tg,110.0,115.49845886230467,114.4418543871314,115.00797989923117
*CCN(*)C(=O)c1cc(F)ccc1F,egc,4.4693,4.7139153480529785,4.850006823283219,4.775330117920982
*CCN(*)C(=O)c1cc(F)ccc1F,tg,112.0,116.68153381347656,106.70625239874592,112.05097829376692
*CCN(*)C(=O)c1ccc(F)c(F)c1,egc,5.106,4.914913654327393,4.628956400349934,4.785868106724941
*CCN(*)C(=O)c1ccc(F)c(F)c1,tg,101.0,105.1356964111328,105.01952727161832,105.08177034851522
*CCN(*)C(=O)c1ccc(F)c(F)c1F,tg,102.0,102.51588439941406,116.75491928421631,109.12568705458452
*CCN(*)C(=O)c1ccc(F)cc1,egc,5.1588,4.9472575187683105,4.708422842506606,4.839477243374159
*CCN(*)C(=O)c1ccc(F)cc1,tg,104.0,103.0833511352539,101.10300479014298,102.1640684285276
*CCN(*)C(=O)c1ccc(OC)cc1,egc,5.0115,4.841840744018555,4.79582408211745,4.821074544695865
*CCN(*)C(=O)c1ccc(SC(F)(F)F)cc1,tg,100.0,142.23861694335938,102.25093305795242,123.67621427644922
*CCN(*)C(=O)c1cccc(F)c1,tg,97.0,98.29176330566406,91.4529339449983,95.11715822659139
*CCN(*)C(=O)c1cccc(F)c1F,tg,110.0,104.7909698486328,106.32435376541969,105.50277125698466
*CCN(*)C(=O)c1ccccc1,tg,108.5,108.16021728515624,90.88019666347658,100.13877993981436
*CCN(*)C(=O)c1ccccc1F,tg,109.0,103.9154052734375,105.95645254716588,104.86286553309439
*CCN(*)CCOCCOC,tg,-76.0,-54.37451171875,-55.85420524020535,-55.06138988472691
*CCN(*)Cc1ccccc1,egc,3.8139,5.0650153160095215,5.044146108180435,5.055597550539771
*CCN(CCCC(=O)Nc1ccc(N=Nc2ccccc2)cc1)CCOC(=O)NCC1CCCC(CNC(=O)O*)C1,egc,3.1195,4.723014831542969,4.27369915320397,4.520249603694635
*CCN(CCCCCCOc1ccc(C=Cc2ccc([N+](=O)[O-])cc2)cc1)CCOC(=O)NCCCCCCNC(=O)O*,tg,29.05,53.54730224609375,41.3808634146565,47.899604888610966
*CCN(CCCCCCOc1ccc(C=Cc2ccc([N+](=O)[O-])cc2)cc1)CCOC(=O)Nc1ccc(C)c(NC(=O)O*)c1,tg,58.5,85.12135314941406,79.9824806394915,82.7358731337058
*CCN(CCCCCOc1ccc(N=Nc2ccccc2)cc1)CCOC(=O)Nc1ccc(Cc2ccc(NC(=O)O*)cc2)cc1,tg,59.6,61.11433410644531,79.96307540969133,69.86397629222236
*CCN(CCN1C(=O)c2ccc(C(c3ccc4c(c3)C(=O)N(*)C4=O)(C(F)(F)F)C(F)(F)F)cc2C1=O)c1ccc(N=Nc2ccc(C=O)cc2)cc1,tg,170.0,182.0707092285156,204.1224164171336,192.30717777470477
*CCN(CCN1C(=O)c2ccc(C(c3ccc4c(c3)C(=O)N(*)C4=O)(C(F)(F)F)C(F)(F)F)cc2C1=O)c1ccc(N=Nc2ccc([N+](=O)[O-])cc2)cc1,tg,210.0,180.87794494628903,184.19664413527696,182.41849505298885
*CCN(CCN1C(=O)c2ccc(C(c3ccc4c(c3)C(=O)N(*)C4=O)(C(F)(F)F)C(F)(F)F)cc2C1=O)c1ccc(N=Nc2ccc([N+](=O)[O-])cc2C)cc1,tg,205.0,182.48785400390625,205.84637356668503,193.3309487695281
*CCN(CCNC(=O)c1ccc2c(c1)C(=O)N(*)C2=O)c1ccc(C=Cc2ccc([N+](=O)[O-])cc2)cc1,tg,142.0,180.50799560546875,163.38170138448132,172.55791851590865
*CCN(CCOC(=O)C=Cc1ccc(C=CC(=O)O*)cc1)c1ccc(N=Nc2ccc([N+](=O)[O-])cc2)cc1,egc,2.3089,1.997110605239868,2.996741459064401,2.4482196753467655
*CCN(CCOC(=O)CCC#CC#CCCC(=O)O*)c1ccc(N=Nc2c(C)cc(N=Nc3ccc(C#N)cc3)cc2C)cc1,tg,63.0,105.506591796875,82.99811416393756,95.05808904190046
*CCN(CCOC(=O)CCC#CC#CCCC(=O)O*)c1ccc([N+](=O)[O-])cc1,tg,30.0,66.86235809326172,50.123585370951915,59.092169644442926
*CCN(CCOC(=O)NCC1(C)CC(NC(=O)O*)CC(C)(C)C1)c1ccc(C=C(C#N)C#N)cc1,tg,141.0,117.13638305664062,109.93597463969871,113.7939318963157
*CCN(CCOC(=O)NCC1(C)CC(NC(=O)O*)CC(C)(C)C1)c1ccc(N=Nc2ccc(C#N)cc2)cc1,tg,136.0,140.39268493652344,121.43259800236842,131.59135577527522
*CCN(CCOC(=O)NCC1(C)CC(NC(=O)O*)CC(C)(C)C1)c1ccc(N=Nc2ccc(P(=O)(c3ccccc3)c3ccccc3)cc2)cc1,tg,163.0,144.9352569580078,169.39359341435116,156.28889002078938
*CCN(CCOC(=O)NCCCCCCNC(=O)O*)c1ccc(N=Nc2ccc(P(=O)(c3ccccc3)c3ccccc3)cc2)cc1,tg,120.0,109.32952880859376,83.25679957307158,97.22648978082692
*CCN(CCOC(=O)NCCCCCCNC(=O)O*)c1ccccc1,tg,31.9,50.056739807128906,49.12752967810162,49.62539768122322
*CCN(CCOC(=O)Nc1ccc(-c2ccc(NC(=O)O*)c(C)c2)cc1C)c1ccc(N=Nc2ccc([N+](=O)[O-])cc2)cc1,tg,119.5,156.78244018554688,138.084615316361,148.10285386062205
*CCN(CCOC(=O)Nc1ccc(C)c(NC(=O)O*)c1)c1ccc(-c2c(NCCCO)c(=O)c2=O)cc1,egc,3.2653,3.4348626136779785,3.021832367542588,3.248472118079226
*CCN(CCOC(=O)Nc1ccc(C)c(NC(=O)O*)c1)c1ccc(-c2nc3ccc([N+](=O)[O-])cc3o2)cc1,tg,156.0,158.3611297607422,146.0383796908747,152.6408722580552
*CCN(CCOC(=O)Nc1ccc(C)c(NC(=O)O*)c1)c1ccc(C(C#N)=C(C#N)C#N)cc1,tg,125.0,175.93234252929688,112.3547891407699,146.41945176130972
*CCN(CCOC(=O)Nc1ccc(C)c(NC(=O)O*)c1)c1ccc(C=Cc2cc[n+](CCCC)cc2)cc1,tg,121.0,121.6879425048828,94.367422974033,109.00567548351401
*CCN(CCOC(=O)Nc1ccc(C)c(NC(=O)O*)c1)c1ccc(C=Cc2ccc([N+](=O)[O-])cc2)cc1,tg,121.0,108.26960754394533,123.21376262780517,115.20672910813255
*CCN(CCOC(=O)Nc1ccc(C)c(NC(=O)O*)c1)c1ccc(N=Nc2cc(OC)c(N=Nc3ccc([N+](=O)[O-])cc3)cc2OC)cc1,tg,150.0,163.13693237304688,127.93883735267902,146.79787120739957
*CCN(CCOC(=O)Nc1ccc(C)c(NC(=O)O*)c1)c1ccc(N=Nc2ccc(-c3nc4ccc([N+](=O)[O-])cc4n3CC)cc2)cc1,tg,158.0,156.4448699951172,171.15495827310244,163.27333704672867
*CCN(CCOC(=O)Nc1ccc(C)c(NC(=O)O*)c1)c1ccc(N=Nc2ccc(B(c3c(C)cc(C)cc3C)c3c(C)cc(C)cc3C)cc2)cc1,tg,159.0,187.3499755859375,182.2854947447456,184.99902840573927
*CCN(CCOC(=O)Nc1ccc(C)c(NC(=O)O*)c1)c1ccc(N=Nc2ccc(C=Cc3nc4ccc([N+](=O)[O-])cc4n3CC)cc2)cc1,tg,171.0,162.45977783203125,178.29202931310644,169.809156404636
*CCN(CCOC(=O)Nc1ccc(C)c(NC(=O)O*)c1)c1ccc(N=Nc2ccc([N+](=O)[O-])cc2C)c(C)c1,tg,135.0,137.27423095703125,124.271026063804,131.23810428662645
*CCN(CCOC(=O)Nc1ccc(C)c(NC(=O)O*)c1)c1ccc(N=Nc2ccc([N+](=O)[O-])cc2C)cc1,tg,137.0,138.8545379638672,130.83520290693878,135.13193860367022
*CCN(CCOC(=O)Nc1ccc(C)c(NC(=O)O*)c1)c1ccc([N+](=O)[O-])cc1C,tg,98.0,96.11011505126952,118.11733630054326,106.32593309113055
*CCN(CCOC(=O)Nc1ccc(Cc2ccc(NC(=O)O*)cc2)cc1)c1ccc(N=Nc2ccc([N+](=O)[O-])cc2)c(C)c1,tg,115.0,128.4077606201172,129.78057076435772,129.04502320215715
*CCN(CCOC(=O)Nc1ccc(Cc2ccc(NC(=O)O*)cc2)cc1)c1ccc(N=Nc2ccc([N+](=O)[O-])cc2)cc1,tg,136.4,129.88510131835938,107.03331068111476,119.2772316381836
*CCN(CCOC(=O)Nc1ccc(Cc2ccc(NC(=O)O*)cc2)cc1)c1ccc(N=Nc2ccc([N+](=O)[O-])cc2C)c(C)c1,tg,130.0,128.68959045410156,128.0493404223015,128.39238447108357
*CCN(CCOC(=O)Nc1ccc(Cc2ccc(NC(=O)O*)cc2)cc1)c1ccccc1,egc,4.1239,4.142299652099609,4.06665161913153,4.108161536337092
*CCN(CCOC(=O)Nc1ccc(Cc2ccc(NC(=O)O*)cc2)cc1)c1ccccc1,tg,31.9,85.33381652832031,106.49147180928642,95.155263500304
*CCN(CCOC(=O)Nc1cccc(NC(=O)O*)c1C)c1ccc(C=Cc2ccc([N+](=O)[O-])cc2)cc1,tg,123.0,150.05999755859375,134.42720776289505,142.80320969794894
*CCN(CCOC(=O)Nc1cccc(NC(=O)O*)c1C)c1ccc(N=Nc2ccc([N+](=O)[O-])cc2)cc1,tg,147.0,143.4704132080078,127.45954529094304,136.03812035066306
*CCN(CCOC(=O)c1cc(OCCC2CCN(c3ccc(S(=O)(=O)C(F)(F)C(F)(F)C(F)(F)C(F)(F)C(F)(F)C(F)(F)C(F)(F)C(F)(F)F)cc3)CC2)cc(C(=O)O*)c1)c1ccc(S(=O)(=O)C(F)(F)C(F)(F)C(F)(F)C(F)(F)C(F)(F)C(F)(F)C(F)(F)C(F)(F)F)cc1,tg,86.0,86.99479675292969,85.9369595706099,86.50374556350545
*CCN(CCOC(=O)c1cc(OCCN(C)c2ccc(S(=O)(=O)C(F)(F)C(F)(F)C(F)(F)C(F)(F)C(F)(F)C(F)(F)C(F)(F)C(F)(F)F)cc2)cc(C(=O)O*)c1)c1ccc(S(=O)(=O)C(F)(F)C(F)(F)C(F)(F)C(F)(F)C(F)(F)C(F)(F)C(F)(F)C(F)(F)F)cc1,tg,83.0,82.76617431640625,83.88043999111551,83.28341978106337
*CCN(CCOC(=O)c1cc(OCc2c(F)c(F)c(OC)c(F)c2F)cc(C(=O)O*)c1)c1ccc(C=Cc2ccc(C=CC3=C(C#N)C(=C(C#N)C#N)OC3(c3ccccc3)C(F)(F)F)s2)cc1,tg,140.0,143.21238708496094,146.0203172634267,144.5158366866587
*CCN(CCOC(=O)c1cc(OCc2cc(OCc3ccccc3)cc(OCc3ccccc3)c2)cc(C(=O)O*)c1)c1ccc(C=Cc2ccc(C=CC3=C(C#N)C(=C(C#N)C#N)OC3(c3ccccc3)C(F)(F)F)s2)cc1,tg,130.0,111.97559356689452,149.15333533540266,129.23361268425828
*CCN(CCOC(=O)c1ccc(C(=O)O*)c(OC)c1)c1ccc(N=Nc2ccc(-c3nc4ccc([N+](=O)[O-])cc4n3CC)cc2)cc1,tg,146.0,149.17767333984375,149.30954550237595,149.23888879279406
*CCN(CCOC(=O)c1ccc(C(=O)O*)c(OC)c1)c1ccc(N=Nc2ccc(C=Cc3nc4ccc([N+](=O)[O-])cc4n3CC)cc2)cc1,tg,173.0,144.25221252441406,153.20840989325004,148.40970617673648
*CCN(CCOC(=O)c1ccc(C(=O)O*)c(OCCC)c1)c1ccc(C=C(C#N)C#N)cc1,tg,94.0,106.60846710205078,91.45461191521674,99.57400212177937
*CCN(CCOC(=O)c1ccc(C(=O)O*)c(OCCC)c1)c1ccc(N=Nc2ccc(-c3nc4cc([N+](=O)[O-])ccc4[nH]3)cc2)cc1,tg,152.0,142.3674774169922,147.64353742048587,144.81664027824434
*CCN(CCOC(=O)c1ccc(C(=O)O*)c(OCCC)c1)c1ccc(N=Nc2nc(C#N)c(C#N)[nH]2)cc1,tg,152.0,145.44850158691406,115.85219211323692,131.70980605557892
*CCN(CCOC(=O)c1ccc(C(=O)O*)cc1)c1ccc(C=C(C#N)C#N)cc1,tg,127.0,99.80532836914062,97.454018536901,98.71384330024358
*CCN(CCOC(=O)c1ccc(C(=O)O*)cc1)c1ccc(N=Nc2ccc(-c3nc4ccc([N+](=O)[O-])cc4n3CC)cc2)cc1,tg,149.0,145.3579559326172,159.65100779882096,151.99283343239478
*CCN(CCOC(=O)c1ccc([Si](C)(C)c2ccc(C(=O)O*)cc2)cc1)c1ccc(C=Cc2ccc([N+](=O)[O-])cc2)cc1,tg,127.0,91.92769622802734,106.76960531613231,98.8173548946454
*CCN(CCOC(=O)c1cccc(C(=O)O*)c1)c1ccccc1,egc,3.0504,4.5559773445129395,4.333030008726973,4.455366639126618
*CCN(Cc1ccccc1)C(=O)S*,tg,32.0,43.899871826171875,60.13597539560731,51.43671974817677
*CCN1C(=O)C(=CC=C2SC(=S)N(*)C2=O)SC1=S,egc,2.2801,2.9847888946533203,3.409227941387201,3.1763279042353396
*CCN1C(=O)C(=CCCCC=C2SC(=S)N(*)C2=O)SC1=S,egc,3.4576,2.919596910476685,3.014253559339859,2.962313151861924
*CCN1C(=O)c2ccc(C(c3ccc4c(c3)C(=O)N(*)C4=O)(C(F)(F)F)C(F)(F)F)cc2C1=O,tg,180.0,196.7925567626953,205.89009922342728,201.0156632301606
*CCNC(*)=S,eea,1.6837,2.021095037460327,2.286724228552715,2.087652202350095
*CCNC(*)=S,egb,3.6727,3.9504642486572266,3.511626355680933,3.848666445058127
*CCNC(*)=S,ei,5.3628,5.586203098297119,5.914304145444318,5.7230228461744295
*CCNC(*)=S,eps,4.24,4.338993072509766,3.7912083578047335,4.038772011529238
*CCNC(=O)C(OC)C(OC)C(=O)N*,egc,5.4257,5.935431480407715,5.875921376057388,5.908576018981399
*CCNC(=O)CCCCC(=O)N*,egc,5.8254,5.746880054473877,5.808619380436851,5.774741509347571
*CCNC(=O)CCCCC(=O)N*,tg,71.0,74.10507202148438,89.85822340654887,81.41773209252877
*CCNC(=O)CCCCCCCCC(=O)N*,egc,5.9828,5.857527732849121,5.910689479733852,5.881518335090615
*CCNC(=O)CCCCCCCCCCC(=O)N*,egc,5.5657,5.859908103942871,5.98745376942614,5.917466357904511
*CCNC(=O)CCCCCCCCCCCCCCC(=O)N*,egc,5.9522,5.864968299865723,5.866499852540248,5.865659452304827
*CCNC(=O)CCP(C)(=O)CCC(=O)N*,egc,6.0568,5.954071044921875,5.732392442242905,5.854032887901704
*CCNC(=O)NCCCCCCNC(=O)O*,egc,5.6117,5.937028408050537,5.8204988279245935,5.884441445243776
*CCNC(=O)c1ccc(-c2ccc(O*)cc2)cc1,tg,169.0,173.64862060546875,151.04719096697798,163.15696925102236
*CCNC(=O)c1ccc(C(=O)N*)c(Sc2ccccc2)c1,tg,172.0,166.98138427734375,151.85129589441263,159.95795191865193
*CCNC(=O)c1ccc(C(=O)NCCOc2ccc3ccc(O*)cc3c2)cc1,tg,159.0,161.39312744140625,143.03161945198133,152.8696604197072
*CCNC(=O)c1ccc(O*)cc1,egc,5.0314,4.485116481781006,4.7458416946248585,4.602775423448746
*CCNC(=O)c1ccc([Si](C)(C)c2ccc(C(=O)NCCN(*)c3ccc(/C=C/c4ccc([N+](=O)[O-])cc4)cc3)cc2)cc1,tg,157.5,193.3356475830078,151.5513894119614,173.9392697499784
*CCNC(=O)c1ccc([Si](CCCC)(CCCC)c2ccc(C(=O)NCCN(*)c3ccc(/C=C/c4ccc([N+](=O)[O-])cc4)cc3)cc2)cc1,tg,115.0,114.94447326660156,128.14530329565065,121.07233811716053
*CCNC(=O)c1ccc([Si](c2ccccc2)(c2ccccc2)c2ccc(C(=O)NCCN(*)c3ccc(/C=C/c4ccc([N+](=O)[O-])cc4)cc3)cc2)cc1,tg,157.5,177.21957397460938,158.8841305231173,168.70820618951083
*CCNC(=O)c1ccc2cc(O*)ccc2c1,tg,182.0,156.42938232421875,148.3190057607771,152.66452122392843
*CCNC(=O)c1cccc(C(=O)NCCOc2ccc3c(O*)cccc3c2)c1,tg,155.5,136.2899627685547,153.37669904173342,144.2216769402222
*CCNC(=O)c1cccc(C(=O)NCCOc2ccc3ccc(O*)cc3c2)c1,tg,143.0,160.91688537597656,155.5546203603179,158.42770588979818
*CCNC(=O)c1cccc(C(=O)NCCOc2cccc3c(O*)cccc23)c1,tg,171.0,154.7032470703125,151.04710543472115,153.00605516888635
*CCNC(=O)c1cccc(O*)c1,egc,4.5918,4.717792987823486,4.707403897575731,4.713104644298483
*CCN[Si](C)(C)N*,egc,4.8016,5.095154762268066,5.115489258531046,5.10433122542463
*CCNc1ccc(*)cc1,eea,0.6326,0.9180951118469238,0.8328969250759648,0.8967474966171965
*CCNc1ccc(*)cc1,egc,4.1674,4.246763229370117,4.1139080308550575,4.186808912402309
*CCNc1ccc(*)cc1,nc,1.7816,1.8446719646453855,1.8121540096620372,1.8332329771537377
*CCNc1ccc(*)s1,egb,3.793,3.9751908779144287,3.6463803501790952,3.8989162670400077
*CCNc1ccc(*)s1,egc,3.9675,4.455709934234619,4.3326635868628856,4.400182113008869
*CCNc1ccc(*)s1,nc,1.8184,1.787155032157898,1.8523776164174617,1.810098674398013
*CCO*,eea,0.3936,0.9465516805648804,0.9584446249420192,0.9495316266192986
*CCO*,egc,5.5372,6.280941486358643,6.045344261817929,6.174622194116206
*CCO*,nc,1.6377,1.6711570024490356,1.680239102980449,1.6743518538605076
*CCOC(=O)C(=O)O*,egc,6.5784,5.666364669799805,5.38510148860011,5.539437442973156
*CCOC(=O)C(C)O*,tg,-21.0,-19.108612060546875,-7.6413867634176444,-13.785491720607112
*CCOC(=O)C1C2C=CC(C2)C1C(=O)O*,egb,5.3661,5.5502848625183105,5.600020517967509,5.561822107971185
*CCOC(=O)C1C2C=CC(C2)C1C(=O)O*,egc,5.7779,5.788712978363037,5.060898516342318,5.460268028993608
*CCOC(=O)C1C2C=CC(C2)C1C(=O)O*,tg,0.0,89.59819793701172,101.64698104859792,95.19127915683075
*CCOC(=O)C1CCC(C(=O)O*)CC1,egb,6.4481,6.489213943481445,6.3797871341142836,6.463830062493218
*CCOC(=O)C1CCC(C(=O)O*)CC1,tg,25.0,35.42823791503906,50.86628740529261,42.59462674243381
*CCOC(=O)C1CCC(C(=O)OCCOc2ccc(C(C)(C)c3ccc(O*)cc3)cc2)CC1,tg,57.0,47.75946044921875,58.42199828202509,52.7090424572916
*CCOC(=O)C=CC(=O)O*,egc,4.8762,4.540036201477051,4.731390171826547,4.626389590125833
*CCOC(=O)CC(=O)O*,egc,6.8494,6.766651153564453,6.504851004224668,6.648507119223504
*CCOC(=O)CC(C)O*,tg,-37.1,-15.357269287109377,-30.181770593685435,-22.238847209386183
*CCOC(=O)CCC(=O)O*,egc,6.5377,6.833682060241699,6.67279983463285,6.76107982821428
*CCOC(=O)CCC(=O)OCCOC(=O)c1ccc(C(=O)O*)cc1,tg,23.0,7.823135375976563,25.893785472757052,16.211585292469262
*CCOC(=O)CCCCC(=O)O*,eea,1.0754,0.7933530807495117,1.1153714508065915,0.8740393549699119
*CCOC(=O)CCCCC(=O)O*,ei,7.8277,7.570011615753174,7.185171377674838,7.409531346626512
*CCOC(=O)CCCCC(=O)O*,eps,3.25,3.2252306938171387,3.402627672829611,3.322455584954423
*CCOC(=O)CCCCC(=O)O*,nc,1.6581,1.635075330734253,1.6538310227920554,1.641673105008689
*CCOC(=O)CCCCC(=O)OCCOC(=O)c1ccc(C(=O)O*)cc1,tg,6.0,6.09283447265625,11.375812836243789,8.545208857392085
*CCOC(=O)CCCCCC(=O)O*,egc,6.8822,6.767419815063477,6.668896439306006,6.7229586139593875
*CCOC(=O)CCCCCC(=O)O*,tg,-54.0,-46.51951599121094,-54.26904541141584,-50.11687076647479
*CCOC(=O)CCCCCCC(=O)O*,eea,0.8924,0.8217371702194214,1.1418271885912183,0.9019402685488171
*CCOC(=O)CCCCCCC(=O)O*,egc,6.9025,6.583108901977539,6.506588414187869,6.5485770685923885
*CCOC(=O)CCCCCCC(=O)O*,eps,3.16,3.176093578338623,3.392065312940506,3.294459902851523
*CCOC(=O)CCCCCCC(=O)O*,nc,1.6577,1.641298770904541,1.638498543654303,1.64031372235196
*CCOC(=O)CCCCCCC(=O)OCCOC(=O)c1ccc(C(=O)O*)cc1,tg,-1.33,-12.770782470703123,2.1692981718129944,-5.835552274395103
*CCOC(=O)CCCCCCCC(=O)O*,tg,-45.0,-41.29801940917969,-51.957652854770686,-46.24625319200533
*CCOC(=O)CCCCCCCCC(=O)O*,egc,6.8048,6.829192161560059,6.824893963275985,6.827252489306401
*CCOC(=O)CCCCCCCCC(=O)O*,tg,-37.16,-35.90574645996094,-49.6396074611555,-42.28104588480665
*CCOC(=O)CCSCCC(=O)O*,tg,-47.0,-36.434326171875,-40.888551556403435,-38.50199094070056
*CCOC(=O)COCC(=O)O*,egc,6.1826,6.1732401847839355,6.102517493222295,6.141324755699522
*CCOC(=O)CSC(=O)Nc1ccc(Cc2ccc(NC(=O)SCC(=O)O*)cc2)cc1,egc,4.3268,4.440248489379883,4.226203497105993,4.343655194908941
*CCOC(=O)Cc1ccc(CC(=O)O*)cc1,egc,5.1252,5.241316318511963,5.450019703378373,5.335499075591782
*CCOC(=O)N(C)c1ccc(C)c(N(C)C(=O)O*)c1,egc,5.1683,5.157712936401367,4.5788563094867225,4.8964890319034
*CCOC(=O)NC1CCC(CC2CCC(NC(=O)OCCOc3ccc(C4(c5ccc(O*)cc5)c5ccccc5-c5ccccc54)cc3)CC2)CC1,tg,140.0,172.07249450683594,144.20925549049463,159.13829547425735
*CCOC(=O)NC1CCC(NC(=O)O*)CC1,egc,6.3209,6.291349411010742,6.051440783778777,6.183084487687125
*CCOC(=O)NCC1(C)CC(NC(=O)O*)CC(C)(C)C1,tg,84.0,101.86427307128906,98.28084080041565,100.20083307480986
*CCOC(=O)NCCCCCCCCCCNC(=O)O*,tg,60.8,42.80623626708984,41.58605961812497,42.23982661086285
*CCOC(=O)NCCCCCCCCCNC(=O)O*,egc,6.3118,6.078912258148193,6.358235717669796,6.204964135800571
*CCOC(=O)NCCCCCCCCCNC(=O)O*,tg,44.0,34.075408935546875,41.9419609040877,37.727085928360125
*CCOC(=O)NCCCCCCNC(=O)OCCOc1ccc(C2(c3ccc(O*)cc3)c3ccccc3-c3ccccc32)cc1,tg,61.0,120.69813537597656,130.96678917073925,125.46487523347156
*CCOC(=O)NCCOCCOCCNC(=O)O*,eea,0.573,0.6473472118377686,0.8317428765646415,0.6935501634475422
*CCOC(=O)NCCOCCOCCNC(=O)O*,egb,6.4585,5.965385913848877,6.39624385544579,6.06533259762389
*CCOC(=O)NCCOCCOCCNC(=O)O*,egc,6.1403,6.107795715332031,6.114533725729242,6.110836415399488
*CCOC(=O)NCCOCCOCCNC(=O)O*,ei,7.1012,6.35384464263916,7.0415200969662495,6.640608684084708
*CCOC(=O)NCCOCCOCCNC(=O)O*,eps,3.53,3.679290533065796,3.624311874600501,3.6491587116902675
*CCOC(=O)NCCOCCOCCNC(=O)O*,nc,1.6526,1.6508100032806396,1.6702189825576066,1.6576375873426932
*CCOC(=O)NCCSCCCCSCCNC(=O)O*,egb,5.1094,5.3311872482299805,4.82332160705506,5.213376987032121
*CCOC(=O)NCCSCCCCSCCNC(=O)O*,egc,5.1396,5.293684959411621,5.232506330608334,5.266076533516926
*CCOC(=O)NNC(=O)CCCCCCCCC(=O)NNC(=O)O*,egc,5.8878,5.770200729370117,5.823998382338316,5.794478300547084
*CCOC(=O)Nc1cc(NC(=O)O*)ccc1C,egc,5.1142,5.251418113708496,4.908628574393651,5.096725539213557
*CCOC(=O)Nc1ccc(-c2ccc(NC(=O)O*)c(C)c2)cc1C,egc,4.3385,4.128075122833252,4.1349798309754515,4.131191049535064
*CCOC(=O)Nc1ccc(C(C)(C)c2ccc(NC(=O)O*)cc2)cc1,egb,4.3346,4.343386173248291,4.393161012654514,4.3549325082552475
*CCOC(=O)Nc1ccc(C)c(NC(=O)OCCOc2ccc(C3(c4ccc(O*)cc4)c4ccccc4-c4ccccc43)cc2)c1,tg,175.0,153.70480346679688,155.02462037579696,154.31746643026491
*CCOC(=O)Nc1ccc(CCCc2ccc(NC(=O)O*)cc2)cc1,tg,74.1,94.30704498291016,104.96679813326524,99.25533433304594
*CCOC(=O)Nc1ccc(CCc2ccc(NC(=O)O*)cc2)cc1,tg,116.9,99.4763412475586,84.71435165124895,92.62378144847911
*CCOC(=O)Nc1ccc(Cc2ccc(NC(=O)OCCOc3ccc(O*)cc3)cc2)cc1,tg,98.0,61.578514099121094,80.4606469298132,70.34365673198313
*CCOC(=O)Nc1ccc(NC(=O)O*)cc1,egc,4.8391,4.788326263427734,4.744820242611624,4.7686930553096385
*CCOC(=O)Nc1cccc(NC(=O)O*)c1,egc,5.098,5.013864517211914,4.980293950361426,4.998714937607658
*CCOC(=O)Nc1cccc2c(NC(=O)O*)cccc12,egc,3.9352,4.472458362579346,4.071399804285368,4.291470398274107
*CCOC(=O)O*,tg,15.33,22.60265350341797,8.253847167724732,15.941894611857105
*CCOC(=O)c1ccc(-c2ccc(C(=O)O*)cc2C)c(C)c1,tg,73.0,69.70269775390625,136.7276450693751,100.8158791115344
*CCOC(=O)c1ccc(C(=O)O*)c2c1CC2,egc,4.3335,4.851717948913574,4.596779769566191,4.736670554587818
*CCOC(=O)c1ccc(C(=O)O*)cc1,eea,2.2723,2.5352931022644043,2.1051030061191027,2.427502866389577
*CCOC(=O)c1ccc(C(=O)O*)cc1,egc,4.6867,4.763888359069824,4.81150680787628,4.785377405830264
*CCOC(=O)c1ccc(C(=O)O*)cc1,eps,3.82,3.796134233474731,3.8281991159941593,3.813707840024491
*CCOC(=O)c1ccc(C(=O)O*)cc1,tg,77.74,71.83792877197266,68.4744215153896,70.2765786260455
*CCOC(=O)c1ccc(C(C#N)=C(c2ccc(OC)cc2)N2CCC(*)CC2)cc1,tg,171.5,151.77198791503906,138.3393497824021,145.53651704827314
*CCOC(=O)c1ccc(C(C)(CC)c2ccc(C(=O)O*)cc2)cc1,tg,94.0,106.48927307128906,103.17717123173894,104.95178547396463
*CCOC(=O)c1ccc(C2(C)CC(C)(C)c3ccc(C(=O)O*)cc32)cc1,egc,4.3486,4.237361907958984,4.373381338393941,4.298744165764678
*CCOC(=O)c1ccc(C2(C)CC(C)(C)c3ccc(C(=O)O*)cc32)cc1,tg,154.0,181.7086639404297,145.79674699348985,165.03824449778216
*CCOC(=O)c1ccc(NC(=O)CCCCCCCC(=O)Nc2ccc(C(=O)O*)cc2)cc1,egc,4.188,3.9495716094970703,4.495492213673563,4.1959322887018375
*CCOC(=O)c1ccc(O*)c(C)c1,egc,4.4876,4.64939022064209,4.601898008367068,4.627958141355284
*CCOC(=O)c1ccc(O*)cc1,tg,77.67,95.6001205444336,65.48327672084032,81.61979140829175
*CCOC(=O)c1ccc(O*)cc1Cl,egc,4.6773,4.476936340332031,4.251675791394847,4.375281738161599
*CCOC(=O)c1ccc2ccc(C(=O)O*)cc2c1,egc,3.9507,4.20693302154541,3.9078430748489783,4.071961009410787
*CCOC(=O)c1cccc(C(=O)O*)c1,tg,56.5,67.34474182128906,56.18291698003089,62.163389287976514
*CCOC(=O)c1cccc2c(C(=O)O*)cccc12,tg,75.0,85.08595275878906,91.56925797690022,88.09552246570018
*CCOC(=O)c1ccccc1C(=O)O*,tg,70.88,45.756874084472656,43.6929590304545,44.79879853269098
*CCOC(=S)NC(=S)c1ccc(N*)cc1,eea,2.6209,2.4308342933654785,3.369044643530632,2.665916216103069
*CCOC(=S)NC(=S)c1ccc(N*)cc1,egc,2.7606,3.447892427444458,3.1591054830550256,3.317569909442831
*CCOC(=S)NC(=S)c1ccc(N*)cc1,ei,5.413,5.815214157104492,5.680307309276492,5.758957339068588
*CCOC(=S)NC(=S)c1ccc(N*)cc1,eps,5.17,4.865074157714844,5.284457396731909,5.09492299722281
*CCOCCC(=O)O*,tg,-35.55,-37.737823486328125,-41.35180747022447,-39.415445679528716
*CCOCCOC(=O)C(C)C(=O)O*,egc,6.4398,6.435168743133545,6.304163567848357,6.376049296613874
*CCOCCOC(=O)C(C)C(=O)O*,tg,-29.0,-46.37794494628906,-9.653887995757897,-29.330527680717605
*CCOCCOC(=O)C(CCCCC)C(=O)O*,tg,-47.0,-62.86680603027344,-47.80814924833191,-55.87653243477756
*CCOCCOC(=O)C(CCCCCCC)C(=O)O*,egc,6.4036,6.289278507232666,6.301791302455379,6.294925227115071
*CCOCCOC(=O)C(CCCCCCC)C(=O)O*,tg,-58.0,-51.781005859375,-45.5766126243757,-48.900907930674016
*CCOCCOC(=O)C1CCC(C(=O)O*)CC1,tg,-10.15,-1.2947540283203125,4.566849030069484,1.4262196733631392
*CCOCCOC(=O)C=CC(=O)NCCCCCCNC(=O)C=CC(=O)O*,egc,3.8434,4.222837448120117,4.543212788157387,4.367415040114654
*CCOCCOC(=O)C=CC(=O)NCCCCCCNC(=O)C=CC(=O)O*,tg,76.0,54.194725036621094,15.981284116154145,36.45593126985451
*CCOCCOC(=O)CC(=O)O*,tg,-41.5,-51.61097717285156,-13.63173523510754,-33.98089927554973
*CCOCCOC(=O)CCC(=O)O*,egc,6.5538,6.472984313964844,6.393142681914916,6.436953729022353
*CCOCCOC(=O)CCC(=O)O*,tg,-41.51,-39.2799072265625,-39.3193224421134,-39.298203887713356
*CCOCCOC(=O)CCC(C)CC(=O)O*,egc,6.43,6.530125617980957,6.418591927006772,6.479793178332404
*CCOCCOC(=O)CCCC(=O)O*,egc,6.4269,6.621640205383301,6.545077949242657,6.587089522958132
*CCOCCOC(=O)CCCC(=O)O*,tg,-55.0,-60.11775207519531,-53.651822220447805,-57.116248064016006
*CCOCCOC(=O)CCCCCC(=O)O*,tg,-59.67,-51.42633056640625,-59.499927271246726,-55.17411834613759
*CCOCCOC(=O)CCCCCCCC(=O)O*,egc,6.5091,6.370458602905273,6.606733480805176,6.477083703612454
*CCOCCOC(=O)CCCCCCCCC(=O)O*,tg,-74.5,-42.18638610839844,-55.6891905242908,-48.454428374077054
*CCOCCOC(=O)CCCCS(=O)(=O)CCCCC(=O)O*,egb,5.7504,6.08280086517334,5.154401482793566,5.867438838553349
*CCOCCOC(=O)CCSCCC(=O)O*,egc,5.4283,5.317660808563232,5.558105769693807,5.426167766319202
*CCOCCOC(=O)COCC(=O)O*,egc,5.9381,5.9842634201049805,6.140019933970401,6.05455254319887
*CCOCCOC(=O)NCCNC(=O)O*,egc,6.3071,6.42318058013916,6.081882269555119,6.269160960869137
*CCOCCOC(=O)Nc1ccc(C)c(NC(=O)O*)c1,eea,0.755,0.8919764757156372,1.1426598568169348,0.9547887557307526
*CCOCCOC(=O)Nc1ccc(C)c(NC(=O)O*)c1,egb,4.5558,4.868402481079102,4.239209051636415,4.722447653154271
*CCOCCOC(=O)Nc1ccc(C)c(NC(=O)O*)c1,nc,1.7289,1.7251869440078735,1.722676412489745,1.724303803027822
*CCOCCOC(=O)O*,eea,0.4954,1.144639253616333,0.6317713314128888,1.016132914669214
*CCOCCOC(=O)O*,egb,6.6617,6.437311172485352,6.343845259096461,6.415629761543734
*CCOCCOC(=O)O*,ei,7.5966,7.746450424194336,7.463051770857988,7.62827179405771
*CCOCCOC(=O)O*,eps,3.32,3.4401299953460693,3.4433506786888155,3.4418951358187497
*CCOCCOC(=O)O*,tg,-40.0,-13.496658325195312,-30.632199226823204,-21.45102775161273
*CCOCCOC(=O)c1ccc(-c2ccc(C(=O)O*)cc2)cc1,tg,53.5,39.58143615722656,41.69124050559204,40.56081365693342
*CCOCCOC(=O)c1ccc(NC=Nc2ccc(C(=O)O*)cc2)cc1,egc,4.1569,3.57065486907959,3.861477877149279,3.70189621305579
*CCOCCOC(=O)c1ccc(NC=Nc2ccc(C(=O)O*)cc2)cc1,tg,77.0,67.95447540283203,67.16087223369229,67.58608243399885
*CCOCCOC(=O)c1cccc(C(=O)O*)c1,egc,4.8122,4.978244781494141,4.888190838494194,4.937605629220339
*CCOCCOC(=O)c1ccccc1C(=O)O*,tg,-50.0,22.49980926513672,43.350022737985896,32.17854082866455
*CCOCCOCC#CC#CCOCCOCCOC(=O)NCCCCCCNC(=O)O*,egc,4.9082,4.813726902008057,5.462111794503695,5.106327220221534
*CCOCCOCCN1C(=O)c2ccc(C(=O)Oc3ccc(-c4ccc(OC(=O)c5ccc6c(c5)C(=O)N(*)C6=O)cc4)cc3)cc2C1=O,tg,109.0,102.6078643798828,110.00437631650648,106.04134738159075
*CCOCCOCCN1C(=O)c2ccc(C(=O)Oc3ccc(OC(=O)c4ccc5c(c4)C(=O)N(*)C5=O)c(-c4ccccc4)c3)cc2C1=O,tg,105.0,87.86894226074219,107.21013508430131,96.84718191768509
*CCOCCOCCN1C(=O)c2ccc(C(=O)Oc3ccc(OC(=O)c4ccc5c(c4)C(=O)N(*)C5=O)cc3)cc2C1=O,tg,105.0,105.22679901123048,98.53070710731528,102.11845308723784
*CCOCCOCCN1C(=O)c2ccc(C(=O)Oc3ccc4cc(OC(=O)c5ccc6c(c5)C(=O)N(*)C6=O)ccc4c3)cc2C1=O,tg,105.0,102.23641967773438,108.61622560641844,105.1979447043987
*CCOCCOCCOC(=O)C=CC(=O)NCCCCCCNC(=O)C=CC(=O)O*,egc,4.4951,4.363893032073975,3.926953275185028,4.16671275630639
*CCOCCOCCOC(=O)CC(=O)O*,egc,5.6203,6.188220024108887,6.398188240251574,6.282973568753636
*CCOCCOCCOC(=O)CCC(=O)O*,egc,6.2323,6.103975296020508,6.11154454712093,6.107391114782256
*CCOCCOCCOC(=O)CCCCC(=O)O*,egc,6.384,6.359635829925537,6.398849208461737,6.377331873079403
*CCOCCOCCOC(=O)CCCCC(=O)O*,tg,-49.0,-55.434814453125,-60.495826661033,-57.78415148336046
*CCOCCOCCOC(=O)CCCCCC(=O)O*,egb,5.5157,6.352169990539551,6.333580369436234,6.347857731665955
*CCOCCOCCOC(=O)CCCCCC(=O)O*,tg,-54.0,-56.9769287109375,-58.47940830678748,-57.67438424091786
*CCOCCOCCOC(=O)CCCCCCC(=O)O*,egb,6.184,5.998307704925537,6.322357759780222,6.073478022640458
*CCOCCOCCOC(=O)CCCCCCCCC(=O)O*,egc,6.1436,6.4210405349731445,6.573608385960052,6.489890692132251
*CCOCCOCCOC(=O)COCC(=O)O*,egc,6.0666,5.793018341064453,5.875509285694245,5.830244496281464
*CCOCCOCCOC(=O)CSC(=O)Nc1ccc(C)c(NC(=O)SCC(=O)O*)c1,egc,4.461,4.874109745025635,4.484735396497182,4.698394580156402
*CCOCCOCCOC(=O)NCCCCCCNC(=O)O*,egc,6.2098,6.206413745880127,6.027136807166888,6.125510427615065
*CCOCCOCCOC(=O)c1cc(N=Nc2ccc(OCC)cc2)ccc1-c1ccc(N=Nc2ccc(OCC)cc2)cc1C(=O)O*,tg,65.0,96.66763305664062,75.51950065977873,86.85060663598968
*CCOCCOCCOC(=O)c1ccc(-c2ccc(C(=O)O*)cc2)cc1,tg,20.0,25.401870727539062,15.514100954640767,20.811938374162075
*CCOCCOCCOC(=O)c1cccc(C(=O)O*)c1,egc,4.9478,4.545410633087158,4.884819615171702,4.6985776443976786
*CCOCCOCCOC(=O)c1ccccc1C(=O)O*,egc,4.8493,4.891930103302002,4.746405452564522,4.826258370961357
*CCOCCOCCOCCOC(=O)CCSCCC(=O)O*,egc,5.3735,5.329277038574219,5.354593305277884,5.340701653458378
*CCOCCOCCOCCOC(=O)NCCCCCCNC(=O)O*,egc,6.0228,5.788567543029785,5.958933032280758,5.865449341085814
*CCOCCOCCOCCOC(=O)c1ccc(-c2ccc(-c3ccc(C(=O)O*)cc3)cc2)cc1,tg,20.0,32.073944091796875,17.048314124406573,25.099001642567487
*CCOCCOCCOCCOC(=O)c1ccc(-c2ccc(C(=O)O*)cc2)cc1,tg,4.0,2.584930419921875,18.43998300263474,9.944893332221337
*CCOCCOCCOCCOCCOCCOCCOCCOCCOCCOC(=O)c1ccc(-c2ccc(-c3ccc(C(=O)O*)cc3)cc2)cc1,tg,13.33,-28.791183471679688,-1.8082168432626269,-16.26560951896414
*CCOCCOCCOCCOCCOCCOc1ccc(C(=O)Nc2cc(NC(=O)c3ccc(O*)cc3)cc(-c3nc4ccccc4[nH]3)c2)cc1,tg,125.0,119.0352783203125,131.27173692231986,124.71547906508053
*CCOCCOCCOCCOCCOc1ccc(C(=O)Nc2cc(NC(=O)c3ccc(O*)cc3)cc(-c3nc4ccccc4[nH]3)c2)cc1,egc,3.9357,4.066481113433838,3.6011687144100333,3.8564969549519876
*CCOCCOCCOCCOCCOc1ccc(C(=O)Nc2cc(NC(=O)c3ccc(O*)cc3)cc(-c3nc4ccccc4[nH]3)c2)cc1,tg,145.0,124.1642608642578,146.21796886688267,134.40165819430365
*CCOCCOCCOCCOCCOc1ccc(C=C(C)c2ccc(O*)cc2)cc1,egc,3.9391,4.3939032554626465,3.8523615858548577,4.14951868283141
*CCOCCOCCOCCOc1ccc(/C=C(\C)c2ccc(O*)cc2)cc1,tg,7.5,30.95714569091797,10.933055165902603,21.66190287492578
*CCOCCOCCOc1ccc(/C=C(\C)c2ccc(O*)cc2)cc1,tg,15.33,40.05821990966797,30.607566453103097,35.67119825997939
*CCOCCOCCOc1ccc(C(=O)Nc2cc(NC(=O)c3ccc(O*)cc3)cc(-c3nc4ccccc4[nH]3)c2)cc1,tg,165.0,170.87901306152344,150.83214059803768,161.57319480143622
*CCOCCOCCOc1ccc(C=C(C)c2ccc(O*)cc2)cc1,egc,3.8885,4.318830490112305,3.901467986563767,4.130484952204052
*CCOCCOCCOc1ccc(C=Cc2cc(OC)c(C=Cc3ccc(O*)c4ccccc34)cc2OC)c2ccccc12,tg,79.5,85.21145629882812,90.99282923486312,87.8951869373366
*CCOCCOCCOc1ccc(C=Cc2ccc(C=Cc3ccc(O*)c4ccccc34)cc2)c2ccccc12,tg,83.5,103.78655242919922,86.71061808953318,95.85985254743201
*CCOCCOCCOc1cccc(NC(=O)c2ccc(C(=O)Nc3cccc(O*)c3)cc2)c1,tg,116.0,103.34878540039062,122.9986974543404,112.47033344903613
*CCOCCOCCOc1cccc(NC(=O)c2cccc(C(=O)Nc3cccc(O*)c3)c2)c1,tg,111.0,97.25154876708984,108.98803824851264,102.69966234812247
*CCOCCOP(=O)(N=Nc1ccc(C(=O)c2ccc(N=NP(=O)(O*)OC)cc2)cc1)OC,tg,33.0,53.27869415283203,40.63755907212777,47.410641374199635
*CCOCCOP(=O)(N=Nc1ccc(Oc2ccc(N=NP(=O)(O*)OC)cc2)cc1)OC,tg,32.0,23.450523376464844,35.6507436226537,29.113902167888
*CCOCCOc1ccc(C(=O)OC(=O)c2ccc(O*)cc2)cc1,tg,41.0,39.306060791015625,46.80741875556115,42.788213633014635
*CCOCCOc1ccc(C=C(C)c2ccc(O*)cc2)cc1,tg,39.0,60.31990051269531,36.05269363404644,49.05499037252383
*CCOCCOc1ccc(NC=Nc2ccc(O*)cc2)cc1,egc,3.9725,3.890772819519043,3.8660958471447753,3.8796367026032645
*CCOCCOc1ccc(NC=Nc2ccc(O*)cc2)cc1,tg,62.0,60.66294860839844,74.2741330575554,66.98130121023645
*CCOCCOc1cccc(NC(=O)c2ccc(C(=O)Nc3cccc(O*)c3)cc2)c1,tg,140.0,123.16808319091795,141.60925888948242,131.72853220189245
*CCOCCOc1cccc(NC(=O)c2cccc(C(=O)Nc3cccc(O*)c3)c2)c1,tg,128.5,138.03854370117188,130.01513571755876,134.31405367620496
*CCOCO*,egc,6.6358,6.465062141418457,6.404123401955143,6.437561971743214
*CCON*,egc,5.6784,5.702300071716309,5.690195540024149,5.696837591226798
*CCON*,ei,4.8207,6.66532039642334,6.637604258963973,6.653762630996209
*CCON*,nc,1.7034,1.7073643207550049,1.7049469538862847,1.7065139527233075
*CCOP(=O)(N=Nc1ccc(CCOC(=O)c2cc(C(=O)OCCc3ccc(N=NP(=O)(O*)OC)cc3)cc(C(C)(C)C)c2)cc1)OC,tg,84.0,57.497413635253906,82.48927570203571,69.0987108848998
*CCOP(=O)(N=Nc1ccc(COC(=O)c2cc(C(=O)OCc3ccc(N=NP(=O)(O*)OC)cc3)cc(C(C)(C)C)c2)cc1)OC,tg,105.0,64.89745330810547,78.86664183589953,71.38199247586468
*CCOP(=O)(N=Nc1ccc(Oc2ccc(N=NP(=O)(O*)OCC)cc2)cc1)OCC,tg,22.0,32.099517822265625,49.71002324952133,40.27436720452312
*CCOc1ccc(C(=O)OC(=O)c2ccc(C(=O)OC(=O)c3ccc(O*)c(OC)c3)cc2)cc1OC,egc,3.2659,4.119996547698975,3.9275409635499914,4.0331460275593
*CCOc1ccc(C(=O)OC(=O)c2ccc(O*)cc2)cc1,egc,4.4185,4.197587013244629,4.380525320314494,4.280142617919575
*CCOc1ccc(C(=O)OCCCCCCOC(=O)c2ccc(O*)cc2)cc1,egc,4.6906,4.364884376525879,4.4959666208016635,4.4240386024049
*CCOc1ccc(C2(c3ccc(OCCO[Si](O*)(c4ccccc4)c4ccccc4)cc3)c3ccccc3-c3ccccc32)cc1,tg,97.0,91.386474609375,124.2484704386506,106.64111153131854
*CCOc1ccc(C=C2CCC(=Cc3ccc(OCCOP(=O)(O*)OC)c(OC)c3)C2=O)cc1OC,tg,99.0,89.1194839477539,80.47202382536003,85.10530705023916
*CCOc1ccc(C=C2CCC(=Cc3ccc(OCCOP(=O)(O*)OCC)c(OC)c3)C2=O)cc1OC,tg,80.0,88.05903625488281,92.62455681700531,90.17836457859958
*CCOc1ccc(S(=O)(=O)c2ccc(OCCOP(=O)(O*)Oc3ccc(Br)cc3)cc2)cc1,tg,59.0,64.58686828613281,48.013287447579685,56.893362404686115
*CCOc1ccc(S(=O)(=O)c2ccc(OCCOP(=O)(O*)Oc3ccc(C)cc3)cc2)cc1,tg,46.0,45.69811248779297,65.01893300245617,54.666895257908806
*CCOc1ccc(S(=O)(=O)c2ccc(OCCOP(=O)(O*)Oc3ccc([N+](=O)[O-])cc3)cc2)cc1,tg,56.0,74.88513946533203,60.47272305666506,68.1948525873143
*CCOc1ccc(S(=O)(=O)c2ccc(OCCOP(=O)(O*)Oc3ccccc3)cc2)cc1,tg,49.0,55.903526306152344,46.936606382815334,51.74105521190465
*CCS*,tg,-5.5,-90.83193969726562,-40.184253375630135,-67.32113196097035
*CCSCCO*,egc,5.5968,5.134882926940918,5.458484007537431,5.28091621712496
*CCSCCOC(=O)CCC(=O)O*,tg,-34.0,-14.780364990234377,-47.85020138330344,-30.131482124603025
*CCSCc1ccc(Cc2ccc(CSCCOC(=O)CCSCc3ccc(Cc4ccc(CSCCC(=O)O*)cc4)cc3)cc2)cc1,tg,-4.6,-3.633010864257813,31.346149617847285,12.604420232777029
*CCSCc1ccc(Cc2ccc(CSCCOC(=O)CSCc3ccc(Cc4ccc(CSCC(=O)O*)cc4)cc3)cc2)cc1,tg,-1.25,27.498374938964844,31.844628454835263,29.515918842864284
*CCSS*,tg,-27.0,-75.72921752929688,-54.685661657294624,-65.96073584480803
*CCSSCCO*,egc,5.6114,4.965429306030273,4.925012244269809,4.947190069938811
*CCSSSSCCO*,egc,4.5753,4.70573616027832,5.188071431957736,4.9234023267982785
*CCSSSSCCO*,tg,-40.0,-77.02703857421875,-57.38352467346063,-67.90846056745434
*CC[CH2][Sn]([CH3])([CH3])[CH2]CCOC(=O)C(CCCCCCOc1ccc(-c2ccc(OCc3ccc([N+](=O)[O-])cc3)cc2)cc1)C(=O)O*,tg,40.5,11.946975708007812,25.48500737114976,18.231370567404223
*CCc1c(C)c(C)c(*)c(C)c1C,egc,4.9544,4.748206615447998,4.986322084803588,4.855662330273225
*CCc1cc(C)c(*)cc1C,tg,95.0,98.42257690429688,90.5094278374188,94.74926939882567
*CCc1cc(Cl)c(*)c(Cl)c1,egc,5.1758,4.732184886932373,4.846342446774449,4.783701414727614
*CCc1cc(Cl)c(*)c(Cl)c1,tg,110.0,88.77519226074219,116.97048139497514,101.86352995290312
*CCc1ccc(*)c(C#N)c1,egc,4.7476,4.690854549407959,4.238267521609557,4.486613041183745
*CCc1ccc(*)c(C#N)c1,tg,90.0,101.2201690673828,123.0199429403857,111.33968941364476
*CCc1ccc(*)c(C)c1,tg,54.38,60.16643524169922,75.98679119976286,67.51029187688178
*CCc1ccc(*)c(CCCC)c1,tg,20.0,-7.938323974609375,20.487407446517196,5.256985717556902
*CCc1ccc(*)c(Cl)c1,tg,63.69,67.5739517211914,79.36975463522754,73.04959877535244
*CCc1ccc(*)c(Cl)c1Cl,egc,5.1237,4.87761926651001,4.678516623642709,4.787769090581508
*CCc1ccc(*)c2ccccc12,tg,160.0,134.04689025878906,140.3782254515676,136.9859150246226
*CCc1ccc(*)o1,egc,4.9056,5.1607818603515625,4.438822158828429,4.8349790218710265
*CCc1ccc(-c2ccc(*)cc2)cc1,egb,3.7492,3.6070070266723633,3.468781292383715,3.5749426211671227
*CCc1ccc(-c2ccc(*)cc2)cc1,ei,5.6867,5.900979042053223,5.810676484242245,5.863322431994215
*CCc1ccc(-c2ccc(*)cc2)cc1,eps,3.58,3.477715492248535,3.5635304469595814,3.5247475763132012
*CCc1ccc(-c2ccc(*)s2)cc1,eea,1.6982,1.718606948852539,1.727503969494534,1.7208362236828454
*CCc1ccc(-c2ccc(*)s2)cc1,egb,2.9495,3.1670656204223633,3.330556878865327,3.20499090281826
*CCc1ccc(-c2ccc(*)s2)cc1,nc,1.9106,1.9247556924819944,1.9157562366807124,1.9215899133794887
*CCc1ccc(-c2ccc(*)s2)s1,eea,1.9411,1.7832584381103516,1.7910965474649343,1.7852223876845366
*CCc1ccc(-c2ccc(*)s2)s1,egb,2.7315,2.8500289916992188,2.8066854478425034,2.839974532785268
*CCc1ccc(-c2ccc(*)s2)s1,ei,5.1709,5.249486446380615,5.34583557055028,5.289664504304273
*CCc1ccc(C(*)=S)cc1,egb,2.7697,2.689920425415039,2.4754566877112536,2.6401709899188703
*CCc1ccc(C(*)=S)cc1,egc,2.742,2.986145496368408,3.120787530576977,3.046906168787379
*CCc1ccc(C(*)=S)cc1,ei,5.8549,5.882978439331055,5.945387740275749,5.909003424300461
*CCc1ccc(C(*)=S)cc1,nc,1.9173,1.9453240633010864,1.9174873821600376,1.9355318285943064
*CCc1ccc(C(*)=S)s1,eea,3.3272,2.9538111686706543,2.95774884892865,2.954797810361414
*CCc1ccc(C(*)=S)s1,egb,2.295,2.429115295410156,2.2254087044780286,2.3818612094083553
*CCc1ccc(C(*)=S)s1,eps,4.38,4.793297290802002,4.624859400304749,4.700982553210908
*CCc1ccc(C(*)=S)s1,nc,2.0043,2.0465755462646484,2.001990860304468,2.030891790466391
*CCc1ccc(CCNC(=O)CCCCCCCCCC(=O)N*)cc1,tg,96.0,69.59994506835938,84.60143216071931,76.56368032266508
*CCc1ccc(CCNC(=O)CCCCCCCCCCCCC(=O)N*)cc1,tg,93.0,75.26809692382812,82.54306568463456,78.64515921916559
*CCc1ccc(CCNC(=O)CCCCCCCCCCCCCCCCC(=O)N*)cc1,tg,75.0,68.46771240234375,76.26156464677317,72.08564196540846
*CCc1ccc(Cc2ccc(CCS*)cc2)cc1,egb,4.3552,4.446455955505371,3.868545446849823,4.312397294210251
*CCc1ccc(Cc2ccc(CCS*)cc2)cc1,egc,4.9003,4.46652889251709,4.311440830343095,4.396541425399281
*CCc1ccc(O*)cc1,eea,0.7536,0.9251277446746826,0.9035900116782896,0.9197311599074077
*CCc1ccc(O*)cc1,egb,4.052,4.599609375,4.595404595336095,4.59863398672735
*CCc1ccc(O*)cc1,egc,4.9179,4.9257330894470215,4.719646666114883,4.832731303402374
*CCc1ccc(O*)cc1,eps,3.46,3.593010425567627,3.754786954579003,3.6816743109914754
*CCc1ccc(O*)cc1,nc,1.7865,1.7989721298217771,1.749082125239162,1.7814220981955253
*CCc1ccc(O*)s1,eea,0.6627,1.1738146543502808,1.0555326151739728,1.1441774102184135
*CCc1ccc(O*)s1,egb,4.1608,4.1079421043396,3.9831119078053088,4.078985079357436
*CCc1ccc(O*)s1,egc,4.8828,4.714773178100586,4.428573196173373,4.585618093283188
*CCc1cnc(*)cn1,egc,4.5671,5.112886905670166,4.581693306810701,4.873172165462385
*CCc1nc(-c2ccc(-c3csc(*)n3)cc2)cs1,egc,3.7563,3.757379531860352,3.724087098540987,3.742355467148029
*CCc1nnc(*)n1N,egc,5.722,4.863448619842529,4.917347750604074,4.887771985477338
*CN1C(=O)c2ccc(C(c3ccc4c(c3)C(=O)N(Cc3nc5cc(-c6ccc7oc(*)nc7c6)ccc5o3)C4=O)(C(F)(F)F)C(F)(F)F)cc2C1=O,tg,231.0,222.9332733154297,259.5758517381177,239.94286800425812
*CN1C(=O)c2ccc(C(c3ccc4c(c3)C(=O)N(Cc3nc5cc(C(c6ccc7oc(*)nc7c6)(C(F)(F)F)C(F)(F)F)ccc5o3)C4=O)(C(F)(F)F)C(F)(F)F)cc2C1=O,tg,225.0,179.05116271972656,221.03666055284577,198.54095660682532
*CN1C(=O)c2ccc(C(c3ccc4c(c3)C(=O)N(Cc3nc5ccc(Cc6ccc7nc(*)oc(=O)c7c6)cc5c(=O)o3)C4=O)(C(F)(F)F)C(F)(F)F)cc2C1=O,tg,218.0,218.33843994140625,230.4549679532819,223.96296854691047
*CN1C(=O)c2ccc(C(c3ccc4c(c3)C(=O)N(Cc3nnc(-c5ccc(-c6nnc(*)o6)c(Oc6ccccc6)c5)o3)C4=O)(C(F)(F)F)C(F)(F)F)cc2C1=O,tg,208.0,178.4794921875,216.34255838190532,196.05564095666927
*CN1C(=O)c2ccc(C(c3ccc4c(c3)C(=O)N(Cc3nnc(-c5ccc(Oc6ccc(-c7nnc(*)o7)cc6)cc5)o3)C4=O)(C(F)(F)F)C(F)(F)F)cc2C1=O,tg,210.0,196.02740478515625,225.7156972147755,209.8087990802303
*CNC(=O)C(*)=S,eea,4.0732,3.3867297172546387,3.512664714257409,3.4182845186167774
*CNC(=O)C(*)=S,ei,7.0203,6.345789909362793,6.464269276781079,6.395196387396862
*CNC(=O)C(*)=S,eps,5.23,5.38240385055542,5.02111054035747,5.184392007579475
*CNC(=O)C(*)=S,nc,1.9972,2.0004732608795166,2.0024421107027908,2.00116585204993
*CNC(=O)CCCC(=O)N*,egc,6.1798,5.819123268127441,5.867205382536637,5.840821555887288
*CNC(=O)CCCCC(=O)NCC1COC(*)CO1,tg,93.0,67.37432861328125,70.9641649202644,69.04074138250975
*CNC(=O)CCCCCC(=O)N*,egc,5.7012,5.743960380554199,5.8661684020627165,5.799109885725423
*CNC(=O)CCCCCCCCC(=O)N*,egc,6.1742,5.858395576477051,5.889505695702049,5.872434815963118
*CNC(=O)CCCCCCCCC(=O)NCC1COC(*)CO1,tg,73.0,58.61656188964844,76.58415093732754,66.95717055836653
*CNC(=O)NCOCO*,eea,0.7808,0.7430307865142822,0.7746782775818163,0.7509605146916223
*CNC(=O)NCOCO*,egc,6.2147,5.840122222900391,6.068192324778925,5.943044707919716
*CNC(=O)NCOCO*,eps,4.22,3.614423274993897,3.822276411721185,3.7283400885910036
*CNC(=O)NCOCO*,nc,1.6883,1.6666374206542969,1.7725797717088103,1.7039052386695728
*CNC(=O)OCC(OC(=O)NCc1ccc(*)o1)c1ccco1,tg,30.0,55.51629638671875,48.499840910727755,52.25923673272558
*CNC(=O)OCC(OC(=O)NCc1ccc(C(CCC)c2ccc(*)o2)o1)c1ccco1,tg,43.0,42.37226104736328,64.55622339246288,52.67012283344158
*CNC(=O)OCCOC(=O)NCc1ccc(C(C)(C)c2ccc(*)o2)o1,tg,50.0,49.791046142578125,58.31073050880099,53.74590915124869
*CNC(=O)OCc1ccc(COCc2ccc(COC(=O)NCc3ccc(C(C)(C)c4ccc(*)o4)o3)o2)o1,egc,4.4843,5.007506847381592,4.05347669960941,4.576976265848542
*CNC(=O)ONC(=O)NO*,egb,5.9707,5.221736907958984,5.434599835450312,5.271115001403303
*CNC(=O)ONC(=O)NO*,egc,6.8117,5.638031959533691,5.473768233025821,5.563903738467131
*CNC(=O)ONC(=O)NO*,ei,7.4526,7.016293525695801,7.713502325166885,7.307033018882116
*CNC(=O)ONC(=O)NO*,eps,4.65,4.436247825622559,4.088955929963333,4.2459096533701715
*CNC(=O)ONC(=O)NO*,nc,1.7609,1.778127670288086,1.8570823492674715,1.805901913339802
*CNC(=O)c1ccc(*)s1,eea,1.968,2.4326577186584473,2.408963338198518,2.4267207552518766
*CNC(=O)c1ccc(*)s1,ei,6.3237,6.270203113555908,6.503202080029442,6.36736482677129
*CNC(=O)c1ccc(*)s1,eps,4.11,4.68865966796875,4.856744044686865,4.780780657397482
*CNC(=S)C(*)=O,egb,2.1003,2.5579171180725098,2.334007056402906,2.50597640637345
*CNC(=S)C(*)=O,ei,6.3386,6.968414783477783,6.393516615301552,6.728679424176383
*CNC(=S)C(*)=O,eps,5.35,5.507267475128174,5.139878258729039,5.305914685648559
*CNC(=S)N*,egc,4.2179,3.90717887878418,4.312232656998327,4.089969788582912
*CNC(=S)N*,ei,5.6855,5.514915466308594,6.103141763143019,5.760208720711354
*CNC(=S)O*,egb,4.2201,4.339748859405518,3.5808660628334867,4.163709818300314
*CNC(=S)O*,egc,4.6235,4.654681205749512,4.291164406121203,4.490634923243163
*CNC(=S)O*,ei,6.2178,6.286147594451904,6.521852672861501,6.38443776963362
*CNC(=S)c1ccc(*)cc1,egb,3.1832,3.37821364402771,2.7438171941256178,3.231051864599087
*CNC(=S)c1ccc(*)cc1,egc,3.4579,3.710758686065674,3.286542319847116,3.519320166779462
*CNC(=S)c1ccc(*)cc1,ei,5.75,5.978646278381348,5.908139467615297,5.94924459205172
*CNC(=S)c1ccc(*)s1,eea,2.3974,2.783869981765747,2.8717956611639512,2.8059010089946623
*CNC(=S)c1ccc(*)s1,egb,2.7289,2.591482639312744,2.213205799236544,2.503733262860777
*CNC(=S)c1ccc(*)s1,ei,5.8964,5.757760524749756,5.847512461204657,5.795187522999324
*CNC(=S)c1ccc(*)s1,eps,4.55,4.907357215881348,5.674007245858825,5.32753046866101
*CNCC(*)=O,eea,1.6269,1.4889044761657717,1.8672578919053,1.5837062958544228
*CNCC(*)=O,ei,6.367,6.278940677642822,6.606149486504443,6.415388357773502
*CNCC(*)=S,eea,2.6857,2.604642868041992,2.8075700213545094,2.655489147203136
*CNCC(*)=S,ei,6.0922,5.595150947570801,5.566797715933942,5.5833275107430556
*CNCCCOCO*,eea,0.6155,0.7198567390441895,0.6478181321216295,0.7018064433682658
*CNCCCOCO*,egb,6.3311,6.11663293838501,6.599241462822887,6.228584272971862
*CNCCCOCO*,ei,6.3776,6.422542095184326,6.375593240233348,6.4029641921164355
*CNCCCOCO*,eps,3.54,3.2430615425109863,3.435294114275579,3.3484172873883478
*CNCCNC(=O)OC*,eea,0.5903,0.8912431001663208,0.653175094964648,0.8315917816797359
*CNCCNC(=O)OC*,egb,6.3647,6.136783599853516,6.262361943073846,6.165914173407094
*CNCCNC(=O)OC*,egc,5.81,5.654160022735596,6.233359455241044,5.915538627051704
*CNCCNC(=O)OC*,ei,6.3844,6.409886837005615,6.900478208075831,6.614465847905562
*CNCCNC(=O)OC*,eps,3.67,3.725238800048828,4.0088627821845755,3.8806828833729994
*CNCN*,eea,0.8689,0.3874021768569946,0.7019824370651679,0.46622472705803536
*CNCN*,egb,6.2293,6.147416591644287,6.355535859478982,6.195694292114809
*CNCN*,egc,5.1634,5.31988000869751,5.543339935459266,5.420722033913096
*CNCN*,ei,6.0806,5.478245735168457,5.500688353803017,5.487604417348797
*CNCNC(=O)NC(=O)N*,egb,5.4,5.577550888061523,5.755673518849264,5.618870229156949
*CNCNC(=O)NC(=O)N*,egc,6.2347,5.844666481018066,5.103891458495388,5.510372746195753
*CNCNC(=O)NC(=O)N*,eps,3.92,4.718517780303955,4.459426949234282,4.57651943294965
*CNCO*,eea,0.7624,0.8676393032073975,0.8514450190902572,0.8635815954162331
*CNCO*,egb,6.9282,6.89377498626709,6.582705572312919,6.821615804906003
*CNCO*,ei,6.4057,6.225191593170166,6.467291911001107,6.326148614595901
*CNCO*,eps,3.53,3.5761587619781494,3.5494257345421154,3.5615073530493895
*CNCO*,nc,1.6697,1.706658959388733,1.7058041765137268,1.7063582685666847
*CNCc1ccc(*)cc1,egb,4.4323,4.434613227844238,4.150759059099504,4.368767202733041
*CNCc1ccc(*)cc1,ei,6.259,6.033292770385742,6.063549489034847,6.045909970645113
*CNCc1ccc(*)s1,eea,1.1612,1.338606357574463,1.0817351822427226,1.274243637868567
*CNCc1ccc(*)s1,egb,4.1265,3.929525852203369,4.045851352291945,3.9565100315577793
*CNCc1ccc(*)s1,eps,3.53,3.618426322937012,3.748409852281908,3.6896656110046457
*CNOC(*)=S,eea,2.5,2.717226982116699,2.2201101499720712,2.5926673023975324
*CNOC(*)=S,egb,3.5947,3.5837512016296387,3.5782400898783244,3.582472781783376
*CNOC(*)=S,eps,3.89,4.426289081573486,4.416372780095437,4.4208543140985554
*CNON*,eea,0.9652,0.6105400323867798,0.8043466952064028,0.6591010431739373
*CNON*,egb,4.8889,5.841800689697266,6.343951022204472,5.958285163221416
*CNON*,egc,5.3302,5.465115070343018,5.818088636034364,5.624403448029776
*CNON*,eps,3.62,3.4517054557800293,3.813845513688873,3.650181370661092
*CNON*,nc,1.7453,1.6740680932998655,1.7062633643610732,1.6853935688147914
*CNOc1ccc(*)cc1,egb,4.1647,4.423863887786865,4.294007204524857,4.393740862062989
*CNOc1ccc(*)cc1,egc,4.831,4.719345569610596,4.439813861591382,4.593199714480683
*CNOc1ccc(*)cc1,eps,3.65,3.813082218170166,3.9124608268167025,3.86754805214784
*CNOc1ccc(*)cc1,nc,1.8294,1.8201340436935425,1.7793617001955295,1.8057913727747295
*CNOc1ccc(*)s1,egc,4.5017,4.2197184562683105,3.96852080803607,4.106359072578282
*CNOc1ccc(*)s1,ei,5.578,5.455267429351807,5.647186012385405,5.535298420937905
*CNOc1ccc(*)s1,nc,1.8539,1.8315975666046145,1.870081587057317,1.8451352638187295
*CNc1ccc(-c2ccc(*)cc2)s1,egb,3.3441,3.286893844604492,3.0159457078102085,3.224041648710788
*CNc1ccc(-c2ccc(*)cc2)s1,eps,4.18,4.309992790222168,4.552048153037388,4.442654611353017
*CNc1ccc(-c2ccc(*)cc2)s1,nc,1.9424,1.9601871967315672,1.9473486728448497,1.955670931356743
*CNc1ccc(-c2ccc(*)s2)cc1,ei,5.0179,4.916319847106934,5.3498311825297105,5.097096202837033
*CNc1ccc(-c2ccc(*)s2)cc1,eps,4.42,4.3594279289245605,4.471811708812134,4.421021428577098
*CNc1ccc(C(*)=O)cc1,egc,3.6383,4.2305731773376465,4.073365896853994,4.159629358585266
*CNc1ccc(C(*)=O)cc1,eps,4.8,4.379246711730957,4.485719253722515,4.437600474922783
*CNc1ccc(C(*)=O)cc1,nc,1.9491,1.883259415626526,1.917457829639003,1.895289545759963
*CNc1ccc(C(*)=O)s1,egb,2.5818,3.152891159057617,2.807596152939433,3.0727926220370967
*CNc1ccc(C(*)=O)s1,egc,3.1504,3.881053924560547,3.874957906810795,3.8783029401467264
*CNc1ccc(C(*)=O)s1,ei,5.431,6.043563365936279,5.630360884763883,5.871255902159966
*CNc1ccc(C(*)=O)s1,eps,5.29,5.060770034790039,4.815192735904321,4.926177967423021
*CNc1ccc(C(*)=O)s1,nc,2.0195,1.98919939994812,2.045389667006844,2.008965703283193
*CNc1ccc(C(*)=S)s1,egb,1.6806,2.1766018867492676,2.0938053787431756,2.1573954718165655
*CNc1ccc(C(*)=S)s1,ei,5.3497,5.349647045135498,5.366124186189627,5.356518093869925
*CNc1ccc(C(*)=S)s1,eps,6.19,5.044198513031006,6.027825951576549,5.583289263981801
*CNc1ccc(C(*)=S)s1,nc,2.251,2.065886974334717,2.297017771228433,2.1471928958158104
*CNc1ccc(N*)cc1,eea,0.54,0.4508547782897949,0.734142810002952,0.5218366163946011
*CNc1ccc(N*)cc1,eps,4.2,4.153595924377441,4.18636175641808,4.171553696098851
*CNc1ccc(N*)cc1,nc,1.8632,1.865828275680542,1.862058297348388,1.864502093421929
*CNc1ccc(N*)s1,eea,0.5629,0.5519000291824341,1.0937827884249187,0.6876764474650187
*CNc1ccc(N*)s1,egc,4.2825,3.324800491333008,3.811970728892716,3.5446485602561513
*CNc1ccc(N*)s1,ei,4.8739,4.0977983474731445,4.811299039908915,4.395331640030884
*CNc1ccc(N*)s1,eps,4.18,4.435042381286621,4.303370351026693,4.362877686717912
*CNc1ccc(N*)s1,nc,1.8551,1.9004876613616943,1.9181821910621404,1.9067121457740026
*CNc1ccc(O*)cc1,eea,0.7695,0.8027360439300537,0.7812656333735137,0.7973563277558413
*CNc1ccc(O*)cc1,egb,3.7495,4.173702239990234,4.153048953318348,4.168911269898657
*CNc1ccc(O*)cc1,egc,4.3424,4.502297878265381,4.056857387876906,4.301281428404604
*CNc1ccc(O*)cc1,ei,5.1109,5.471615791320801,5.455848326399941,5.465040681018978
*CNc1ccc(O*)cc1,nc,1.8414,1.849301815032959,1.854911534571373,1.8512751713422482
*CNc1ccc(O*)s1,eea,0.8203,0.906032919883728,1.1263637735377272,0.9612399432407812
*CNc1ccc(O*)s1,eps,4.2,4.078678131103516,4.016643668682149,4.044679277857806
*CO*,eea,0.9897,0.7500373125076294,0.7863676962445251,0.7591404059249643
*CO*,egb,8.7732,7.233278274536133,7.031678043995024,7.18651280372647
*CO*,egc,6.6048,6.253666400909424,6.232064682160126,6.243918071093049
*CO*,eps,3.72,3.830865859985352,3.61068597725952,3.7101932011396004
*CO*,tg,-53.97,-8.990676879882812,-14.921970117134167,-11.744000971392902
*COC(=O)NCCCCCCNC(=O)OCc1ccc(*)o1,tg,33.0,32.86024475097656,29.30766512001642,31.211126642382858
*COC(=O)NCCCCCCNC(=O)OCc1cccc(*)n1,egc,5.1146,5.585103511810303,4.964687211156396,5.305124738249686
*COC(=O)Nc1ccc(Cc2ccc(NC(=O)OCc3cocc3*)cc2)cc1,tg,45.0,77.51602935791016,110.2701470298009,92.72058891598135
*COC(=O)O*,eea,0.7529,1.2788349390029907,1.0483082530581422,1.2210732051181534
*COC(=O)O*,eps,3.73,3.746376037597656,4.076480418870078,3.9272943526209083
*COC(=O)OC1C(*)OC2OC(C)(C)OC21,tg,128.0,173.0833740234375,134.88654451281187,155.3522913228888
*COC(=O)OCC1OC(C)(C)OC1*,tg,51.38,76.94638061523438,83.6489168017396,80.05771799451306
*COC(=O)OCC1OC(OCC)OC1*,tg,51.38,23.298324584960938,50.56789440142782,35.95694059626249
*COC(=O)c1ccc(C(C#N)=C(c2ccc(OC)cc2)N2CCCC(*)C2)cc1,tg,171.5,137.33740234375,187.05189863474536,160.4150204718867
*COC(=S)O*,eea,2.0771,2.0395469665527344,2.3677329323755227,2.121778619451824
*COC(=S)O*,egc,4.8041,5.02292013168335,3.916582352275691,4.523656823649919
*COC(=S)O*,ei,6.8707,6.704531192779541,6.711578300105718,6.707469871141026
*COC(=S)O*,eps,4.34,4.139605522155762,4.101603931092956,4.118778219601387
*COC(=S)O*,nc,1.8467,1.838950276374817,1.8437722269634176,1.8406465156523666
*COC1CC2CC(O*)C1C2,egc,5.9517,5.96752405166626,5.9897564224542945,5.977556979395622
*COC1CCC(*)OC1,egc,5.6324,6.322573661804199,6.020344956055355,6.186185204116693
*COC1CCC(O*)CC1,egc,6.3134,5.925785541534424,5.931485797311199,5.9283579282039565
*COCOCCCO*,eea,0.6927,0.7154724597930908,0.6186479123645859,0.6912116948445021
*COCOCCCO*,egb,7.1737,6.5387420654296875,6.818406348660816,6.6036161572838825
*COCOCCCO*,ei,7.1508,6.7982892990112305,6.645542930849812,6.734593313391153
*COCOCCCO*,eps,3.51,3.223829746246338,3.5054058854337327,3.3781514806509945
*COCOc1ccc(C(=O)OC(=O)c2ccc(O*)cc2)cc1,egc,4.4493,4.526971817016602,4.4186253964163695,4.47807771489942
*COCOc1ccc(C(=O)OC(=O)c2ccc(O*)cc2)cc1,tg,57.0,79.19144439697266,82.01594651114254,80.50258674087556
*CONC(*)=O,eea,1.2523,1.3101937770843506,1.2349313446317074,1.2913357061541366
*CONC(*)=O,egc,6.1048,5.5676984786987305,5.820973631097744,5.681995389446103
*CONC(*)=O,eps,4.13,3.93033766746521,3.900972531083295,3.9142436944795573
*CONC(*)=O,nc,1.7438,1.7322958707809448,1.7796700539714545,1.7489609005843496
*COc1ccc(-c2ccc(*)cc2)s1,eea,1.6377,1.5438238382339478,1.4990815658330705,1.5326130266906774
*COc1ccc(-c2ccc(*)cc2)s1,egb,3.0939,3.286958932876587,3.141740204550173,3.253272353340754
*COc1ccc(C(=C(Cl)Cl)c2ccc(O*)cc2)cc1,egc,4.1966,3.9669671058654785,3.650079688795511,3.823963528598843
*COc1ccc(C(=O)OC(=O)c2ccc(O*)cc2)cc1,egc,4.3746,4.1057820320129395,4.407668571949657,4.242016078598846
*COc1ccc(C(C)(C)c2ccc(Oc3ccc(*)n3-c3ccc(C#N)cc3)cc2)cc1,tg,73.13,90.01719665527344,107.11698652063798,97.95497034354355
*COc1ccc(C(C)(C)c2ccc(Oc3ccc(*)n3-c3ccc([N+](=O)[O-])cc3)cc2)cc1,tg,76.75,89.78797912597656,101.15426438926742,95.0642427997816
*COc1ccc(C(c2ccc(O*)cc2)(C(F)(F)F)C(F)(F)F)cc1,tg,123.0,103.89183044433594,106.3282895219547,105.02284204805407
*COc1ccc(O*)cc1,eea,0.9466,0.7279448509216309,0.764064836270699,0.73699522603593
*COc1ccc(O*)cc1,egb,4.685,4.181159019470215,4.639531134444231,4.287488202255598
*COc1ccc(O*)cc1,ei,5.8209,5.6873908042907715,6.015679243289487,5.824288695490395
*COc1ccc(O*)cc1,eps,3.8,3.755263090133667,3.889859814965401,3.829030704396592
*COc1ccc(O*)cc1,nc,1.7891,1.8545241355895996,1.8097448711923072,1.8387719320581004
*COc1ccc(O*)s1,eea,0.8857,0.8340890407562256,1.1344085506251234,0.9093383575039715
*COc1ccc(O*)s1,egc,4.8466,4.600715637207031,4.075343097776563,4.3636277994162835
*COc1ccc(O*)s1,ei,5.7358,5.492893695831299,5.7411660736946635,5.5964244965999
*COc1ccc(O*)s1,eps,3.85,3.830224514007568,4.0735658112867394,3.9635911094754057
*CS(=O)(=O)C1CC(*)C[N+](C)(C)C1,egc,0.1093,2.8859596252441406,3.77782016555542,3.288434576337915
*CS*,egc,5.3464,4.523314952850342,4.472595265576096,4.500426392663489
*C[Si](*)(C)C,tg,-91.17,-60.84394836425781,-0.3898819573766861,-32.780989611445975
*C[Si](*)(C)CCCCCC,tg,-77.6,-54.55650329589844,-64.48525593527148,-59.16546001868198
*C[Si](*)(C)CCCOCCOCCOC,tg,-73.3,-75.89894104003906,-69.39752555958398,-72.88096449508764
*C[Si](*)(C)CCCn1c2ccccc2c2ccccc21,tg,71.2,83.90936279296875,59.17468505815454,72.42745128077351
*C[Si](*)(C)c1ccccc1,tg,28.0,23.454818725585938,26.92540914279686,25.06587719550895
*C[Si](*)(CCC)CCC,tg,-41.0,-40.93489074707031,-38.43338719964012,-39.773685305585644
*C[Si](*)(CCCC)CCCC,tg,-30.0,-46.958221435546875,-53.15517601363306,-49.83486631742179
*C[Si](*)(CCCCC)CCCCC,tg,-55.0,-48.507476806640625,-47.82002819282675,-48.18836110043991
*C[Si](C)(C)[Si](C)(C)[Si](C)(C)[Si](*)(C)C,tg,-68.0,-70.79969787597656,6.712039131193497,-34.81851732393646
*Cc1c(C)c(C)c(CNC(=O)CCCC(=O)N*)c(C)c1C,egc,5.2131,5.043661594390869,5.125426159526676,5.080559952224654
*Cc1c(C)c(C)c(CNC(=O)CCCC(=O)N*)c(C)c1C,tg,192.0,189.99673461914065,159.56331045256798,175.86944793927978
*Cc1c(O)c(C(C)=O)cc(CNC(=S)N*)c1OC,egc,3.7679,3.570319652557373,3.630856521572618,3.597638467882219
*Cc1cc(C)c(CNC(=O)c2ccc(C(=O)N*)cc2)cc1C,tg,225.0,221.88714599609375,203.13102764848455,213.18049966383143
*Cc1cc(C23CC4CC(CC(C4)C2)C3)cc(CN(*)C)c1O,egc,4.5466,4.574713230133057,3.9753436777261473,4.30423234171089
*Cc1cc(C23CC4CC(CC(C4)C2)C3)cc(CN(*)C)c1O,tg,188.8,65.529541015625,155.37151794602326,107.23445588272254
*Cc1cc(C23CC4CC(CC(C4)C2)C3)cc(CN(*)c2ccccc2)c1O,tg,109.4,201.14495849609375,212.18097972603897,206.26791261611396
*Cc1cc(CNC(=O)CCCCC(=O)N*)cc(C(C)(C)C)c1,tg,109.0,95.11256408691406,111.18899248009984,102.57529031370025
*Cc1cc(CNC(=O)c2cccc(C(=O)N*)c2)cc(C(C)(C)C)c1,tg,188.0,152.65293884277344,182.73051340690023,166.6150390710161
*Cc1cc(COC(=O)Nc2ccc(Cc3ccc(NC(=O)O*)cc3)cc2)cc(C(C)(C)C)c1,egc,4.7039,4.430251598358154,4.492878176779019,4.458513448667521
*Cc1cc(COC(=O)Nc2ccc(Cc3ccc(NC(=O)O*)cc3)cc2)cc(C(C)(C)C)c1,tg,114.0,88.48458862304688,112.3290465556094,99.55325743584478
*Cc1cc2cc(C(=O)Nc3ccc(C(c4ccc(NC(=O)c5cc6cc(*)c(OC(=O)COc7ccc8ccc(=O)oc8c7)cc6oc5=O)cc4)(C(F)(F)F)C(F)(F)F)cc3)c(=O)oc2cc1OC(=O)COc1ccc2ccc(=O)oc2c1,tg,257.0,232.10641479492188,241.81982589975135,236.6154093321844
*Cc1cc2cc(C(=O)Nc3ccc(Cc4ccc(NC(=O)c5cc6cc(*)c(OC(=O)COc7ccc8ccc(=O)oc8c7)cc6oc5=O)cc4)cc3)c(=O)oc2cc1OC(=O)COc1ccc2ccc(=O)oc2c1,tg,221.0,227.40426635742188,208.06504437112216,218.42694156903963
*Cc1cc2cc(C(=O)Nc3ccc(NC(=O)c4cc5cc(*)c(OC(=O)COc6ccc7ccc(=O)oc7c6)cc5oc4=O)cc3)c(=O)oc2cc1OC(=O)COc1ccc2ccc(=O)oc2c1,tg,252.0,246.51803588867188,242.4290231259672,244.6199039131123
*Cc1cc2cc(C(=O)Nc3ccc(Oc4ccc(NC(=O)c5cc6cc(*)c(OC(=O)COc7ccc8ccc(=O)oc8c7)cc6oc5=O)cc4)cc3)c(=O)oc2cc1OC(=O)COc1ccc2ccc(=O)oc2c1,tg,226.0,242.12503051757812,250.0129828785968,245.78664163669742
*Cc1cc2cc(C(=O)Nc3cccc(NC(=O)c4cc5cc(*)c(OC(=O)COc6ccc7ccc(=O)oc7c6)cc5oc4=O)c3)c(=O)oc2cc1OC(=O)COc1ccc2ccc(=O)oc2c1,tg,240.0,244.3858184814453,250.66519460407167,247.3007236912394
*Cc1ccc(-c2ccc(-c3ccc(*)cc3)cc2)cc1,eps,3.67,3.582329750061035,3.744155217991492,3.6710204571427636
*Cc1ccc(-c2ccc(-c3ccc(*)cc3)s2)cc1,eea,1.8331,2.0858681201934814,2.056295796480833,2.0784583546574646
*Cc1ccc(-c2ccc(-c3ccc(*)cc3)s2)cc1,egb,2.7314,2.689222812652588,2.570840304355922,2.6617614663968676
*Cc1ccc(-c2ccc(-c3ccc(*)cc3)s2)cc1,egc,3.4745,3.3809726238250732,3.5416467318322304,3.453480937445099
*Cc1ccc(-c2ccc(-c3ccc(*)cc3)s2)cc1,ei,5.3092,5.371708869934082,5.184473399996768,5.293630759506657
*Cc1ccc(-c2ccc(-c3ccc(*)cc3)s2)cc1,nc,1.9726,2.05740737915039,2.0402189624759197,2.05136093239686
*Cc1ccc(-c2ccc(-c3ccc(*)s3)cc2)cc1,ei,5.3793,5.509526252746582,5.289096511413614,5.417605968138936
*Cc1ccc(-c2ccc(-c3ccc(*)s3)cc2)cc1,nc,2.0164,1.9504984617233276,1.993774432054658,1.9657218447301164
*Cc1ccc(-c2ccc(-c3ccc(*)s3)cc2)s1,eea,1.9244,1.8539432287216189,1.9443914311339512,1.876606309903261
*Cc1ccc(-c2ccc(-c3ccc(*)s3)cc2)s1,egb,2.512,2.6772055625915527,2.8284697508986985,2.712294515435695
*Cc1ccc(-c2ccc(-c3ccc(*)s3)cc2)s1,egc,3.3769,3.50890588760376,3.1731616722443543,3.3573926963041076
*Cc1ccc(-c2ccc(-c3ccc(*)s3)cc2)s1,eps,3.91,4.22796630859375,4.550476578026963,4.404722564595695
*Cc1ccc(-c2ccc(-c3ccc(*)s3)cc2)s1,nc,1.9468,2.032142162322998,2.0112596260107294,2.024796218465451
*Cc1ccc(-c2ccc(-c3ccc(*)s3)s2)cc1,eea,1.9547,2.091578483581543,2.097374756748312,2.0930308221115075
*Cc1ccc(-c2ccc(-c3ccc(*)s3)s2)cc1,ei,5.1679,5.199892997741699,5.178153320743556,5.190827445675705
*Cc1ccc(-c2ccc(-c3ccc(*)s3)s2)cc1,nc,1.9768,2.039604425430298,2.0153814017764935,2.0310833832944177
*Cc1ccc(-c2ccc(-c3ccc(*)s3)s2)s1,eea,2.0787,2.0103023052215576,2.1232391365084835,2.0386002316323544
*Cc1ccc(-c2ccc(-c3ccc(*)s3)s2)s1,egc,3.0602,2.866161346435547,2.171565450436564,2.5527071272651876
*Cc1ccc(-c2ccc(-c3ccc(*)s3)s2)s1,eps,4.39,4.408465385437012,5.26941723086043,4.88032206479935
*Cc1ccc(-c2ccc(-c3ccc(*)s3)s2)s1,nc,2.0574,2.010443210601806,2.025191270068309,2.015631201908449
*Cc1ccc(-c2ccc(C(*)=S)cc2)cc1,eea,2.7075,2.8874104022979736,2.815568862390486,2.8694094845603804
*Cc1ccc(-c2ccc(C(*)=S)cc2)cc1,egb,2.5561,2.628574848175049,2.175702242203475,2.523521393731002
*Cc1ccc(-c2ccc(C(*)=S)cc2)cc1,egc,2.9595,2.888807535171509,2.938909580202554,2.9114173684494
*Cc1ccc(-c2ccc(C(*)=S)cc2)cc1,eps,4.45,4.3637375831604,4.659371554535926,4.525763908769066
*Cc1ccc(-c2ccc(C(*)=S)cc2)cc1,nc,2.0502,1.977267146110535,1.954774153559181,1.9693546848079584
*Cc1ccc(-c2ccc(C(*)=S)cc2)s1,eea,2.9754,2.84366774559021,2.9296633442603635,2.865215163691909
*Cc1ccc(-c2ccc(C(*)=S)cc2)s1,egc,2.7134,3.0337491035461426,2.9658044646998474,3.003087342025443
*Cc1ccc(-c2ccc(C(*)=S)cc2)s1,eps,4.8,4.568191051483154,4.870245532433486,4.733736227006466
*Cc1ccc(-c2ccc(C(*)=S)cc2)s1,nc,2.0986,2.011962652206421,1.9722545243887448,1.997994345230913
*Cc1ccc(-c2ccc(C(*)=S)s2)cc1,egb,1.9323,2.010338544845581,2.2338754682592095,2.062192699172306
*Cc1ccc(-c2ccc(C(*)=S)s2)cc1,egc,2.7839,2.479222059249878,2.808626725475561,2.627874366350459
*Cc1ccc(-c2ccc(C(*)=S)s2)cc1,ei,5.8475,5.645385265350342,5.749981837373731,5.689002549530025
*Cc1ccc(-c2ccc(C(*)=S)s2)cc1,eps,4.61,4.859073638916016,5.244701669183415,5.070422464983664
*Cc1ccc(-c2ccc(C(*)=S)s2)s1,eea,3.2587,2.942343235015869,3.2209413587945326,3.0121499501064077
*Cc1ccc(-c2ccc(C(*)=S)s2)s1,ei,5.7652,5.495120048522949,5.56195329124322,5.522989838937571
*Cc1ccc(-c2ccc(C(*)=S)s2)s1,eps,5.34,4.898534297943115,4.975793510607152,4.940877288124955
*Cc1ccc(-c2ccc(CSC(=O)CCC(=O)S*)cc2)cc1,egc,4.7843,4.459039688110352,3.738360725178816,4.133814815778915
*Cc1ccc(-c2ccc(N*)cc2)cc1,eea,1.1363,1.1828858852386477,1.112943709621027,1.1653608801886115
*Cc1ccc(-c2ccc(N*)cc2)cc1,ei,5.1363,5.419422149658203,5.217759787645912,5.335327954388884
*Cc1ccc(-c2ccc(N*)cc2)cc1,nc,1.9585,1.9333231449127195,1.9428727620760973,1.936682456755603
*Cc1ccc(-c2ccc(N*)s2)s1,eea,1.6017,1.4894511699676514,1.769864945563661,1.559712822397315
*Cc1ccc(-c2ccc(N*)s2)s1,egb,2.8559,2.5565717220306396,2.810974465380413,2.61558586123122
*Cc1ccc(-c2ccc(N*)s2)s1,ei,4.9311,4.769744873046875,4.780761515457135,4.774338867031752
*Cc1ccc(-c2ccc(N*)s2)s1,eps,4.54,4.390002250671387,4.803915935176028,4.616853424463735
*Cc1ccc(-c2ccc(N*)s2)s1,nc,1.9938,2.0012335777282715,2.0394612326301704,2.0146810920778604
*Cc1ccc(-c2ccc(O*)cc2)cc1,egb,3.7323,3.5510950088500977,3.764963152123892,3.600706283522465
*Cc1ccc(-c2ccc(O*)cc2)s1,eea,1.4385,1.4345743656158447,1.6280271217080768,1.483046700048142
*Cc1ccc(-c2ccc(O*)cc2)s1,nc,1.9368,1.9173868894577024,1.9812799293662189,1.939862831892925
*Cc1ccc(-c2ccc(O*)s2)s1,egb,2.9968,3.3059535026550293,3.1310836837434657,3.265388720611627
*Cc1ccc(-c2ccc(O*)s2)s1,egc,3.4793,4.213027477264404,3.119966573719658,3.7197557001061243
*Cc1ccc(-c2ccc(O*)s2)s1,ei,5.2494,5.986334323883057,5.682685189678798,5.859711143779791
*Cc1ccc(-c2ccc(O*)s2)s1,eps,4.19,4.217435836791992,4.575912163386493,4.413903792573773
*Cc1ccc(-c2ccc(O*)s2)s1,nc,1.9533,1.9530541896820068,1.9156308552321035,1.9398896147606313
*Cc1ccc(C(=O)C(*)=S)cc1,eea,3.3639,3.760930061340332,3.6443995217306138,3.7317316802904115
*Cc1ccc(C(=O)C(*)=S)cc1,egb,2.5816,2.1153764724731445,2.413611452166287,2.184558433226985
*Cc1ccc(C(=O)C(*)=S)cc1,egc,2.9385,2.7772274017333984,2.6000760212446927,2.697283296152159
*Cc1ccc(C(=O)C(*)=S)cc1,eps,4.22,4.3542022705078125,4.5221633604177445,4.446255690880008
*Cc1ccc(C(=O)C(*)=S)cc1,nc,1.9454,1.9694167375564575,1.943914539549608,1.9604457144967582
*Cc1ccc(C(=O)C(*)=S)s1,ei,6.4325,6.7153191566467285,6.408802910780883,6.587500376900958
*Cc1ccc(C(=O)C(*)=S)s1,nc,1.9676,2.0327036380767822,2.0933513232557392,2.054037947461082
*Cc1ccc(C(=O)N*)cc1,egb,4.2448,4.20994758605957,4.008175123235228,4.1631421623004865
*Cc1ccc(C(=O)N*)cc1,egc,5.0419,4.633890151977539,4.513057564598045,4.579361346746261
*Cc1ccc(C(=O)N*)cc1,nc,1.8171,1.8734022378921509,1.882946823615136,1.8767597798025846
*Cc1ccc(C(=O)O*)cc1,eea,2.2574,2.382636308670044,2.12004096404768,2.31683931708399
*Cc1ccc(C(=O)O*)cc1,egb,3.7934,4.304053783416748,4.4234516902635255,4.331750673010529
*Cc1ccc(C(=O)O*)cc1,egc,4.9209,4.800806999206543,4.646166021088404,4.731021290239681
*Cc1ccc(C(=O)O*)cc1,ei,7.179,7.104767799377441,6.780584613317105,6.969581818812927
*Cc1ccc(C(=O)O*)cc1,eps,4.03,3.926668882369995,4.095245067882372,4.019059414474982
*Cc1ccc(C(=O)O*)cc1,nc,1.8426,1.808449864387512,1.821750958789137,1.8131288502758722
*Cc1ccc(C(=O)O*)s1,egb,3.78,3.590996742248535,3.105601275163227,3.478398916907795
*Cc1ccc(C(=O)O*)s1,ei,6.8862,6.981687545776367,6.712384610880061,6.8693868994495615
*Cc1ccc(C(=O)O*)s1,eps,4.17,4.280799388885498,4.086494575527252,4.1743079230704145
*Cc1ccc(C(=O)c2ccc(*)cc2)cc1,egb,3.8451,3.270439863204956,3.488094139095052,3.3209294120433492
*Cc1ccc(C(=O)c2ccc(*)cc2)cc1,eps,3.96,4.002405643463135,4.249331643062783,4.137736885086776
*Cc1ccc(C(=O)c2ccc(*)cc2)cc1,nc,1.9018,1.912534236907959,1.8691363366084983,1.897267962047085
*Cc1ccc(C(=O)c2ccc(*)s2)cc1,egb,3.4106,3.230600595474243,3.2227829076310752,3.2287871161362114
*Cc1ccc(C(=O)c2ccc(*)s2)cc1,ei,6.578,6.535184860229492,6.388493301097374,6.474013759708189
*Cc1ccc(C(=O)c2ccc(*)s2)cc1,eps,4.07,4.2842912673950195,4.311028215962999,4.298944825354889
*Cc1ccc(C(=O)c2ccc(*)s2)s1,eea,2.8498,3.0013601779937744,2.7280750145274593,2.932884700536071
*Cc1ccc(C(=O)c2ccc(*)s2)s1,egb,2.7131,2.72452712059021,2.707437898687774,2.720562911293955
*Cc1ccc(C(=O)c2ccc(*)s2)s1,egc,3.4685,3.0989952087402344,3.0290898300899207,3.0674486130766825
*Cc1ccc(C(=O)c2ccc(*)s2)s1,ei,6.3555,6.4487104415893555,6.046861291952096,6.281137372816385
*Cc1ccc(C(=O)c2ccc(*)s2)s1,eps,4.69,4.374608516693115,4.915133376330272,4.670850712742708
*Cc1ccc(C(=O)c2ccc(*)s2)s1,nc,2.0215,1.966768264770508,2.0133209851673746,1.983144324906966
*Cc1ccc(C(=S)O*)cc1,eea,2.8319,2.7496163845062256,2.7372788130954833,2.746525030836295
*Cc1ccc(C(=S)O*)cc1,egb,3.1473,3.0780210494995117,2.9965675187003193,3.0591261667570193
*Cc1ccc(C(=S)O*)cc1,egc,3.4449,3.6468276977539062,3.287580722087433,3.4847082828603115
*Cc1ccc(C(=S)O*)cc1,nc,1.8934,1.8964977264404297,1.929683549485007,1.908171652888183
*Cc1ccc(C(=S)O*)s1,eea,2.9654,3.0411927700042725,3.199839539662161,3.0809439704048214
*Cc1ccc(C(=S)O*)s1,ei,6.4155,6.023788928985596,6.15149102165044,6.077041328737828
*Cc1ccc(C(=S)O*)s1,eps,4.71,4.766299724578857,4.792257134709793,4.780526045614508
*Cc1ccc(C(=S)c2ccc(*)cc2)cc1,eea,2.874,2.83866548538208,2.9010065573874497,2.854285926011375
*Cc1ccc(C(=S)c2ccc(*)cc2)cc1,egb,2.3058,2.7988572120666504,2.6703923373672276,2.769057046006831
*Cc1ccc(C(=S)c2ccc(*)cc2)cc1,ei,5.6687,5.991713523864746,5.856811693082554,5.935458797961582
*Cc1ccc(C(=S)c2ccc(*)cc2)cc1,eps,4.09,4.348595142364502,4.547268523177846,4.457480862566623
*Cc1ccc(C(=S)c2ccc(*)cc2)cc1,nc,1.9675,1.9499995708465576,1.930675015086554,1.9432016848253262
*Cc1ccc(C(=S)c2ccc(*)s2)cc1,eea,3.0211,3.11309814453125,3.1176022624304944,3.1142267152145777
*Cc1ccc(C(=S)c2ccc(*)s2)cc1,egb,2.5143,2.5081546306610107,2.332083638459326,2.467311210868605
*Cc1ccc(C(=S)c2ccc(*)s2)cc1,eps,4.17,4.299275875091553,4.7194641861905104,4.529565945594293
*Cc1ccc(C(=S)c2ccc(*)s2)s1,egc,2.5715,2.9380979537963867,2.7355640203131673,2.846699319941549
*Cc1ccc(C(=S)c2ccc(*)s2)s1,ei,5.9541,5.965926170349121,5.520596468843253,5.780221497925521
*Cc1ccc(C(=S)c2ccc(*)s2)s1,nc,2.0063,1.9939802885055544,2.2347441811405666,2.0786748874648895
*Cc1ccc(C(C)(C)c2ccc(CN3C(=O)c4ccc(-c5ccc6c(c5)C(=O)N(*)C6=O)cc4C3=O)o2)o1,tg,129.0,139.9967041015625,234.7695110219145,183.99052502328152
*Cc1ccc(C(C)(C)c2ccc(CN3C(=O)c4ccc(Oc5ccc6c(c5)C(=O)N(*)C6=O)cc4C3=O)o2)o1,tg,116.0,145.89971923828125,172.89288248058696,158.43002648971404
*Cc1ccc(C(C)c2ccc(CN3C(=O)c4ccc(Oc5ccc6c(c5)C(=O)N(*)C6=O)cc4C3=O)o2)o1,tg,129.0,143.5438232421875,142.2596779129826,142.9477191329362
*Cc1ccc(C*)cc1,ei,6.2134,6.284169673919678,5.934945350775111,6.138541416220678
*Cc1ccc(C*)cc1,eps,3.97,3.4008262157440186,3.4288681341578267,3.416194980647684
*Cc1ccc(CC(*)=S)cc1,eea,2.6743,2.4812567234039307,2.4284616668596506,2.4680281724704596
*Cc1ccc(CC(*)=S)cc1,egb,2.9253,3.034705638885498,3.488391268269021,3.139947691440455
*Cc1ccc(CC(*)=S)cc1,ei,5.9697,5.986933708190918,5.9517768484387155,5.972273125028267
*Cc1ccc(CC(*)=S)cc1,nc,1.8601,1.8213051557540896,1.8372934032273665,1.8269294135819218
*Cc1ccc(CC(*)=S)s1,egb,2.5553,2.7718920707702637,2.880109467840956,2.796995402796341
*Cc1ccc(CC(*)=S)s1,egc,3.2956,3.105600595474243,3.927782563136944,3.476631302931862
*Cc1ccc(CC(*)=S)s1,nc,1.8463,1.85710346698761,1.9414368704130105,1.8867698081645154
*Cc1ccc(CN2CCN(*)C(C)C2)cc1,egc,4.6219,4.5086669921875,4.452288654529622,4.4832248208322305
*Cc1ccc(CNC(=O)CC(C)(C)CC(C)C(=O)N*)cc1,tg,125.0,125.38323974609376,105.09955690085135,115.9674933972863
*Cc1ccc(CNC(=O)CCCCCCCCCC(=O)N*)cc1,tg,108.8,80.42220306396484,89.1660780705567,84.48113603959342
*Cc1ccc(CNC(=O)CCCCCCCCCCC(=O)N*)cc1,egc,5.2323,5.272566318511963,5.252259282300774,5.263402247408306
*Cc1ccc(CNC(=O)CCCCCCCCCCCC(=O)N*)cc1,tg,100.0,74.19911193847656,90.2190733425722,81.63562601974607
*Cc1ccc(CNC(=O)CCCCCCCCCCCCCC(=O)N*)cc1,egc,5.2897,5.32883358001709,5.177345403730447,5.260470653767464
*Cc1ccc(CNC(=O)CCCCCCCCCCCCCCCC(=O)N*)cc1,egc,5.288,5.483582019805908,5.281223041997329,5.392262339188052
*Cc1ccc(CNC(=O)CCCCCCCCCCCCCCCCC(=O)N*)cc1,tg,75.0,68.86048889160156,87.65554242137057,77.58520905207637
*Cc1ccc(CNC(=O)CCCCCCCCCCCCCCCCCCCCC(=O)N*)cc1,egc,5.5873,5.471380710601807,5.363840378193176,5.422850376462721
*Cc1ccc(CNC(=O)c2cccc(C(=O)N*)c2)cc1,egc,4.6753,4.710239410400391,4.266117766160554,4.509818123701544
*Cc1ccc(CNC(C)=N*)cc1,egc,4.9237,4.646058559417725,4.773369724334598,4.703510988982247
*Cc1ccc(CO*)cc1,eea,1.6106,1.0799026489257812,0.8345035647993165,1.0184144245373612
*Cc1ccc(CO*)cc1,egb,4.8019,4.982239246368408,4.242858322477455,4.81072408033593
*Cc1ccc(CO*)cc1,egc,4.9575,5.131657600402832,5.019678756038903,5.08112427386595
*Cc1ccc(CO*)cc1,nc,1.7774,1.7821193933486938,1.7664920193198197,1.7766220815978429
*Cc1ccc(CO*)s1,eea,1.4146,1.5037779808044434,1.2294183149133824,1.4350332715098166
*Cc1ccc(CO*)s1,egc,4.6049,4.742112159729004,4.640662392792295,4.69633034952348
*Cc1ccc(CO*)s1,ei,6.0202,5.987843990325928,5.590979237531177,5.82234943951333
*Cc1ccc(CO*)s1,eps,4.0,3.9639272689819336,3.983125506345334,3.9744491310118
*Cc1ccc(CO*)s1,nc,1.8606,1.834449887275696,1.808246362454466,1.8252321553235906
*Cc1ccc(COC(=O)CC(=O)O*)cc1,egc,5.5783,5.356137275695801,5.301721576612537,5.331580795352331
*Cc1ccc(COC(=O)CCC(=O)O*)cc1,egc,5.464,5.326693534851074,5.488566289692571,5.399742768608526
*Cc1ccc(COC(=O)CCCC(=O)O*)cc1,egc,5.4521,5.478298187255859,5.416876407472335,5.450580033242858
*Cc1ccc(COC(=O)CCCCCCCCCCCCCCCCCCC(=O)O*)cc1,egc,5.5452,5.945156574249268,5.5479270680810275,5.765896567956954
*Cc1ccc(COC(=O)CCCCSCCCCC(=O)O*)cc1,egc,4.7687,4.975656509399414,4.710708887332097,4.856092097236122
*Cc1ccc(COC(=O)Cc2ccc(C(=O)O*)cc2)cc1,tg,47.0,91.7064208984375,82.92680473745408,87.6308967718561
*Cc1ccc(COC(=O)O*)cc1,egc,5.5423,5.276551723480225,5.253009617249392,5.2659277440286925
*Cc1ccc(COC(=O)c2cccc(C(=O)O*)c2)cc1,tg,143.0,54.84076690673828,82.90166658608376,67.86672061129553
*Cc1ccc(COP(=O)(N=Nc2ccc(-c3ccc(N=NP(=O)(O*)OC)cc3)cc2)OC)cc1,tg,48.0,40.905174255371094,74.08690563468866,56.30823337760543
*Cc1ccc(COP(=O)(N=Nc2ccc(Oc3ccc(N=NP(=O)(O*)OC)cc3)cc2)OC)cc1,tg,50.0,30.19056701660156,58.59886382387213,43.37778350877994
*Cc1ccc(CSS*)cc1,tg,23.0,-5.3928375244140625,43.73554923475985,17.412706803005353
*Cc1ccc(CSSSS*)cc1,egc,4.3206,4.20613956451416,4.096196528164708,4.156524948576109
*Cc1ccc(C[n+]2ccc(-c3cc[n+](*)cc3)cc2)cc1,egc,2.0993,3.367702007293701,2.3598635955682634,2.912889066104433
*Cc1ccc(C[n+]2ccc(-c3cc[n+](*)cc3)cc2)cc1,tg,95.0,55.30859375,151.8107767178184,100.10519621434536
*Cc1ccc(Cc2ccc(*)cc2)cc1,eea,1.0649,1.1760402917861938,1.199724522213499,1.181974711957993
*Cc1ccc(Cc2ccc(*)cc2)cc1,egb,4.2049,4.333188056945801,4.142252432025008,4.288896468737833
*Cc1ccc(Cc2ccc(*)cc2)cc1,egc,5.1689,4.841652870178223,4.350527900592525,4.620020126962624
*Cc1ccc(Cc2ccc(*)cc2)cc1,ei,6.2368,6.385098934173584,6.031643837849255,6.237706423282423
*Cc1ccc(Cc2ccc(*)cc2)cc1,eps,3.41,3.3503167629241943,3.685476439207317,3.534005702959317
*Cc1ccc(Cc2ccc(*)s2)cc1,egb,4.0831,4.21517276763916,3.7491902993272586,4.107078201173814
*Cc1ccc(Cc2ccc(*)s2)cc1,eps,3.4,3.3757691383361816,3.834439578227528,3.627149876805189
*Cc1ccc(Cc2ccc(*)s2)cc1,nc,1.8173,1.7915890216827393,1.7781354998330063,1.7868564157043956
*Cc1ccc(Cc2ccc(*)s2)s1,eea,1.174,1.4100197553634644,1.4631236984516724,1.42332570220569
*Cc1ccc(Cc2ccc(*)s2)s1,egb,4.1954,3.8138198852539062,3.704447151833752,3.788448548334278
*Cc1ccc(Cc2ccc(*)s2)s1,eps,3.65,3.3876802921295166,4.008041022416504,3.727677651744969
*Cc1ccc(Cc2ccc(*)s2)s1,nc,1.8382,1.7835372686386108,1.8087451816539413,1.792404769741327
*Cc1ccc(NC(*)=S)cc1,eea,2.0656,2.2388956546783447,2.2274794003167755,2.236035150074759
*Cc1ccc(NC(*)=S)cc1,egb,3.5265,3.0047521591186523,3.3159484021424177,3.076940761185936
*Cc1ccc(NC(*)=S)s1,eea,2.0497,2.080665826797486,2.1313970991844196,2.0933772673113804
*Cc1ccc(NC(*)=S)s1,egb,2.8469,3.3296163082122803,2.893882119485734,3.2285384749728565
*Cc1ccc(NC(*)=S)s1,eps,4.42,4.464085102081299,4.8575868821969275,4.67974924668536
*Cc1ccc(NO*)cc1,eea,0.7333,1.130172610282898,1.2821167146601846,1.168244362741572
*Cc1ccc(NO*)cc1,ei,5.6115,5.759314060211182,5.450959789550574,5.630728815099944
*Cc1ccc(NO*)s1,eea,1.3873,1.1164448261260986,1.069459585394241,1.104672007024722
*Cc1ccc(NO*)s1,ei,5.1816,5.526512622833252,5.244019423050596,5.408711571274957
*Cc1ccc(NO*)s1,eps,4.04,4.220048427581787,4.303316516848112,4.265684666480528
*Cc1ccc(NO*)s1,nc,1.8806,1.87918221950531,1.8677508667679543,1.8751609610638678
*Cc1ccc(Nc2ccc(*)cc2)cc1,eea,0.9546,0.8051543235778809,1.086400643411453,0.875624581785658
*Cc1ccc(Nc2ccc(*)cc2)cc1,egb,3.7655,3.869452476501465,3.911415496250593,3.8791866934212367
*Cc1ccc(Nc2ccc(*)cc2)cc1,egc,4.3854,4.257769584655762,3.93979379912955,4.1142748531992055
*Cc1ccc(Nc2ccc(*)cc2)cc1,ei,5.3392,5.086796760559082,5.384117708745448,5.21078105601685
*Cc1ccc(Nc2ccc(*)s2)cc1,eea,0.9705,0.7639405727386475,1.1012012608452166,0.8484460261371722
*Cc1ccc(Nc2ccc(*)s2)cc1,egc,4.4366,4.322378158569336,3.9441146082395906,4.151677026454683
*Cc1ccc(Nc2ccc(*)s2)cc1,ei,5.4067,5.098273277282715,5.201078018384809,5.141143359169013
*Cc1ccc(Nc2ccc(*)s2)cc1,eps,4.02,3.852718591690063,3.927747822326192,3.8938394090868407
*Cc1ccc(Nc2ccc(*)s2)s1,egb,3.6624,3.7374634742736816,3.0522829537705447,3.5785212471495647
*Cc1ccc(Nc2ccc(*)s2)s1,egc,4.1254,4.4285712242126465,3.532935510587084,4.024392629301975
*Cc1ccc(OC(*)=S)cc1,eea,2.2773,2.3215479850769043,2.268649027006736,2.308293400141062
*Cc1ccc(OC(*)=S)cc1,egb,3.7121,3.5624966621398926,3.7623899305468704,3.608866166696726
*Cc1ccc(OC(*)=S)cc1,eps,3.66,4.055517196655273,4.001153859779063,4.025722610867668
*Cc1ccc(OC(*)=S)cc1,nc,1.8273,1.871226906776428,1.8183566320313216,1.8526284920914038
*Cc1ccc(OCOc2ccc(*)c3cccnc23)c2ncccc12,egc,3.5315,3.7606489658355713,3.533634190960555,3.6582027242028863
*Cc1ccc(Oc2ccc(*)s2)cc1,eea,1.0627,1.2054495811462402,1.210822093893133,1.2067957404869993
*Cc1ccc(Oc2ccc(*)s2)cc1,egb,4.0475,3.847881555557251,4.011559417080101,3.8858501245151826
*Cc1ccc(Oc2ccc(*)s2)cc1,egc,4.5691,4.254036903381348,4.469169121035467,4.351120836199831
*Cc1ccc(Oc2ccc(*)s2)cc1,eps,3.59,3.705495595932007,3.918260693454549,3.822104478222998
*Cc1ccc(Oc2ccc(*)s2)cc1,nc,1.8289,1.815489411354065,1.8062909715374356,1.812253634748218
*Cc1ccc(Oc2ccc(*)s2)s1,eea,1.2199,0.9164881706237792,1.275507104066539,1.0064454612868659
*Cc1ccc(Oc2ccc(*)s2)s1,ei,5.8606,5.242898941040039,5.393110488846371,5.305537894124216
*Cc1ccc(Oc2ccc(*)s2)s1,nc,1.8388,1.833922266960144,1.9082648592135176,1.8600740954905206
*Cc1ccc2nc(-c3cc(-c4nc5ccc(*)cc5c(=O)o4)cc(N4C(=O)c5ccccc5C4=O)c3)oc(=O)c2c1,tg,322.0,332.3011169433594,316.3006654290865,324.8736594113993
*Cc1ccc2oc(=O)c(C(=O)Nc3ccc(C(c4ccc(NC(=O)c5cc6cc(*)ccc6oc5=O)cc4)(C(F)(F)F)C(F)(F)F)cc3)cc2c1,tg,329.0,285.3027648925781,283.07105088489834,284.2667965637634
*Cc1ccc2oc(=O)c(C(=O)Nc3ccc(Oc4ccc(C(c5ccc(Oc6ccc(NC(=O)c7cc8cc(*)ccc8oc7=O)cc6)cc5)(C(F)(F)F)C(F)(F)F)cc4)cc3)cc2c1,tg,283.0,247.5985107421875,280.02873977578804,262.65272022395993
*Cc1ccc2oc(=O)c(C(=O)Nc3ccc(Oc4ccc(NC(=O)c5cc6cc(*)ccc6oc5=O)cc4)cc3)cc2c1,tg,312.0,249.4391326904297,297.14509833480025,271.5843848746342
*Cc1ccc2oc(=O)c(C(=O)Nc3ccc(Oc4ccc(Oc5ccc(NC(=O)c6cc7cc(*)ccc7oc6=O)cc5)cc4)cc3)cc2c1,tg,290.0,242.37380981445312,271.8742383893926,256.06799714532497
*Cc1cccc(CN(C)C(=O)CCCCC(=O)N(*)C)c1,egc,5.4868,5.136085510253906,5.001890443955911,5.075526543572343
*Cc1cccc(CNC(=O)C2=C(C(=O)N*)C3C=CC2C3)c1,egc,3.5629,4.689334869384766,3.906697496990079,4.336149675129201
*Cc1cccc(CNC(=O)C=C(C)C(=O)N*)c1,tg,135.0,160.99107360839844,132.8172188274385,147.9126858072464
*Cc1cccc(CNC(=O)CCCCC(=O)N*)c1,tg,81.05,98.7952117919922,96.37292295377442,97.67077805585953
*Cc1cccc(CNC(=O)c2cccc(C(=O)N*)c2)c1,tg,167.33,149.15077209472656,172.5532613187809,160.01427770885027
*Cc1cccc(CNC(=O)c2ccccc2-c2ccccc2C(=O)N*)c1,tg,159.0,174.94850158691406,183.02537412236092,178.69781001702762
*Cc1cccc(C[n+]2ccc(-c3cc[n+](*)cc3)cc2)c1,tg,128.0,53.921356201171875,135.05233168402427,91.58259809724262
*Cc1ccccc1CN(CC)c1ccc(/C=C(\C#N)C(=O)Nc2cccc(NC(=O)/C(C#N)=C/c3ccc(N(*)CC)cc3)c2)cc1,tg,188.0,181.7162628173828,176.83891681661046,179.452184190783
*Cc1ccccc1CSS*,tg,39.0,4.5869293212890625,37.68390305196056,19.950643689079076
*Cc1ccccc1C[n+]1ccc(-c2cc[n+](*)cc2)cc1,tg,70.5,117.7782745361328,161.60846873371906,138.1243820025214
*Cc1ccccc1[Si](*)(C)C,tg,48.0,50.82792663574219,103.55174950613308,75.30248317829304
*Cc1ccccc1[Si](*)(C)c1ccccc1,tg,93.8,76.57266998291016,83.23889645725143,79.66715228501462
*Cc1ccccc1[Si](*)(c1ccccc1)c1ccccc1,tg,122.0,150.16607666015625,95.89462155343467,124.97310459663183
*Cc1nc(-c2ccc(-c3csc(*)n3)cc2)cs1,egc,3.8894,3.92681884765625,3.6382035867027542,3.7965738062099357
*Cc1nc2cc3sc(*)nc3cc2s1,egc,3.8345,3.1045472621917725,3.827346660231716,3.4307290352694357
*N1C(=O)c2ccc(N3C(=O)C4CCC(C5CCC6C(=O)N(*)C(=O)C6C5)CC4C3=O)cc2C1=O,egc,4.0715,4.1269989013671875,3.828280421489483,3.992194523165161
*N1CC(O)=C(C2C(=O)C3=C(C2=O)C(C)(F)N3*)C1=O,egc,3.4532,3.560098171234131,2.7624356554741696,3.2001324955380435
*N1CCOC1(*)CC,tg,55.0,127.81920623779295,96.51009489528538,113.28542294721228
*N=C(N=C(NC(C)=O)NC(C)=O)N=C(*)OC(C)=O,egc,3.7327,3.5220580101013184,4.6093331549740535,4.01271881521486
*N=C1C(=Nc2ccc(*)cc2)c2cccc3cccc1c23,egc,2.1929,2.329843759536743,2.7581512076611556,2.5231284844970006
*N=C1C=CC(*)C=C1C,egc,3.8461,3.2904062271118164,3.1678016524202617,3.2350777671424655
*N=C1C=CC(*)C=C1Cl,egc,4.0784,3.2291526794433594,2.958617290108256,3.107066643936308
*N=C1c2ccccc2C(=Nc2ccc(*)cc2)c2ccccc21,egc,1.6985,2.3667657375335693,2.850937118149399,2.5852604953197456
*N=Cc1ccc(-c2ccc(C=Nc3ccc4c(c3)c3cc(*)ccc3n4CCCC)s2)s1,egc,2.8673,2.4369661808013916,2.452911319535799,2.4441618337563638
*N=Cc1ccc(C=Nc2sc(*)c(C#N)c2C#N)cc1,egc,1.5066,1.9216949939727783,2.305537501948214,2.094913773863192
*N=NNc1ccc(NN=Nc2ccc(*)cc2)cc1,egc,1.9731,2.514509916305542,3.0656094511296574,2.7632077208397834
*N=Nc1ccc(*)cc1,egc,1.7643,2.662694215774536,3.2678386033777764,2.9357811467427792
*N=Nc1ccc(-c2ccc(*)c(C)c2)cc1C,egc,2.1369,2.5553078651428223,3.0676641340798616,2.786521776917696
*N=Nc1ccc(C(=O)NCCCCNC(=O)c2ccc(*)cc2)cc1,tg,215.0,183.73822021484375,177.75751298108233,180.96195799810414
*N=Nc1ccc(NC(=O)CCC(=O)Nc2ccc(*)cc2)cc1,tg,220.0,248.74395751953125,178.3812408338278,216.08137361993232
*N=Nc1ccc(Nc2ccc(C(=O)c3ccc(C(=O)c4ccc(Nc5ccc(*)cc5)cc4)cc3)cc2)cc1,tg,203.0,232.20225524902344,203.45366664661336,218.8570742859913
*N=Nc1ccc(Nc2ccc(C(=O)c3ccc(Nc4ccc(*)cc4)cc3)cc2)cc1,tg,216.42,223.59811401367188,213.200213014506,218.77137721665468
*N=P(*)(Cl)Cl,egc,3.9556,5.1243205070495605,4.860975821715074,5.0054794612131674
*N=P(*)(NCC)NCC,tg,30.0,18.86590576171875,-27.760495629520253,-2.7782094616941215
*N=P(*)(OCC(F)(F)C(F)(F)F)OCC(F)(F)C(F)(F)F,tg,-65.0,-63.70918273925781,-65.96010882762559,-64.7540693734893
*N=P(*)(OCC(F)(F)F)OCC(F)(F)F,tg,-66.57,-64.86622619628906,-63.17687201967059,-64.08202292602007
*N=P(*)(OCC=Cc1ccccc1)OCC=Cc1ccccc1,tg,1.0,26.787986755371097,33.89479114942813,30.08698664782537
*N=P(*)(OCCC(=O)C=C)OCCC(=O)C=C,egc,3.9384,4.285186767578125,5.019972262308335,4.616777574312033
*N=P(*)(OCCC)OCCC,tg,-100.0,-123.40763854980467,-78.8227520091207,-102.71120063661255
*N=P(*)(OCCC)OCCCCC,tg,-100.0,-81.00361633300781,-93.34202575628066,-86.73114295446265
*N=P(*)(OCCCCC)OCCCCC,tg,-104.0,-99.17752075195312,-94.07088040633366,-96.8070030034853
*N=P(*)(OCCCCCCC)OCCCCCCC,tg,-94.0,-81.81056213378906,-93.58397453306748,-87.27581544391522
*N=P(*)(OCCCCCCCCC)OCCCCCCCCC,tg,-56.0,-68.36070251464844,-88.17655334044298,-77.55927983835429
*N=P(*)(OCCOC)OCCOC,tg,-75.0,-112.8928680419922,-81.06117626058237,-98.11650134596718
*N=P(*)(OCCOCCOCC)OCCOCCOCC,tg,-78.0,-75.47360229492188,-84.54159584262635,-79.68299206842815
*N=P(*)(OCCOCCOCCCC)OCCOCCOCCCC,tg,-84.0,-69.52658081054688,-81.91900574056514,-75.27918159206908
*N=P(*)(OCCc1ccccc1)OCCc1ccccc1,tg,-32.7,-28.18003845214844,6.360048871864142,-12.146426430609479
*N=P(*)(OCc1ccc(-c2ccccc2)cc1)OCc1ccc(-c2ccccc2)cc1,tg,52.0,65.24185180664062,42.22779536438204,54.55865785361196
*N=P(*)(OCc1ccc(Br)cc1)OCc1ccc(Br)cc1,tg,-0.8,-32.32609558105469,6.522203888351539,-14.292598573767547
*N=P(*)(Oc1ccc(C(C)C)cc1)Oc1ccc(C(C)C)cc1,tg,0.0,-10.485809326171877,42.42236650084369,14.074324411184996
*N=P(*)(Oc1ccc(C)cc1)Oc1ccc(C)cc1,tg,0.3,-7.854034423828125,49.003477328599665,18.53939288273067
*N=P(*)(Oc1ccc(Cl)cc1Cl)Oc1ccc(Cl)cc1Cl,tg,2.0,15.346298217773438,39.9682141051516,26.775865342542524
*N=P(*)(Oc1ccc(F)cc1)Oc1ccc(F)cc1,tg,-10.0,-10.625747680664062,2.0981506137134547,-4.71927597027725
*N=P(*)(Oc1ccc2ccccc2c1)Oc1ccc2ccccc2c1,tg,47.0,40.022178649902344,52.80104046049396,45.95416458919221
*N=P(*)(Oc1cccc(C(F)(F)F)c1)Oc1cccc(C(F)(F)F)c1,tg,-35.0,18.09607696533203,23.96700300925069,20.821378424830627
*N=P(*)(Oc1cccc(C)c1)Oc1cccc(C)c1,tg,-25.0,-0.6704864501953125,24.79554688760705,11.1509225241253
*N=P(N=P(N=S(*)(=O)NC)(NC)NC)(NC)NC,tg,22.0,17.506637573242188,9.824233165561312,13.94044242990558
*N=P(N=P(N=S(*)(=O)NCC)(NCC)NCC)(NCC)NCC,tg,4.0,5.932281494140625,16.39767545256675,10.790348725062408
*N=P(N=P(N=S(*)(=O)NCCCC)(NCCCC)NCCCC)(NCCCC)NCCCC,tg,-17.0,-19.15907287597656,12.833231535809292,-4.308149315718661
*N=P1(*)Oc2ccccc2-c2ccccc2O1,tg,160.0,84.64530944824219,109.06720222188471,95.98202524432492
*NC(=O)C(=S)C(*)=O,egb,1.4363,-0.0798959732055664,1.393334174358812,0.26185116307952255
*NC(=O)C(=S)C(*)=O,ei,6.114,7.1917009353637695,6.849190671713985,7.048872473445054
*NC(=O)C(=S)C(*)=O,nc,2.263,2.499464988708496,2.1009919163521555,2.3592923212459556
*NC(=O)C(=S)O*,eea,4.3681,4.244379997253418,3.793959948877177,4.1315208596482895
*NC(=O)C(=S)O*,egb,2.095,1.7871193885803225,1.9946552945149856,1.8352617658231174
*NC(=O)C(=S)O*,eps,6.14,7.348435878753662,5.525856756453584,6.349545944206055
*NC(=O)C(=S)O*,nc,2.1173,2.177168846130371,2.1689319299219045,2.174271309015056
*NC(=O)C(=S)c1ccc(*)cc1,eea,3.6154,3.854197025299072,4.00478583407971,3.891929189205262
*NC(=O)C(=S)c1ccc(*)cc1,egb,1.5619,2.1326918601989746,1.813401286979149,2.058625605702963
*NC(=O)C(=S)c1ccc(*)cc1,egc,2.9128,2.8621110916137695,3.199490603344956,3.0143622523576434
*NC(=O)C(=S)c1ccc(*)cc1,ei,6.5245,6.580734729766846,6.248067478869636,6.44201085250237
*NC(=O)C(=S)c1ccc(*)cc1,eps,5.85,6.870665550231934,5.819471912137535,6.294544200269441
*NC(=O)C(=S)c1ccc(*)cc1,nc,2.1735,2.2025814056396484,2.171432778730973,2.1916241128525464
*NC(=O)C(=S)c1ccc(*)s1,eea,3.9034,4.059849739074707,3.7280949888747847,3.9767238765849164
*NC(=O)C(=S)c1ccc(*)s1,egb,0.9512,2.1132330894470215,1.8208990477127989,2.045419977037882
*NC(=O)C(=S)c1ccc(*)s1,ei,6.6147,6.180710792541504,6.2861846228622165,6.224693897739153
*NC(=O)C(=S)c1ccc(*)s1,eps,8.51,6.105225563049316,6.590379334579471,6.3711208611792
*NC(=O)C=CC(=O)Nc1nc(*)nc(N)n1,egc,3.896,3.805986642837525,3.890458691026516,3.844106821864382
*NC(=O)NC(*)=O,egb,3.9867,5.2914018630981445,5.161998979268302,5.261384105825805
*NC(=O)NC(*)=O,egc,3.9005,5.385589122772217,5.012778295883668,5.217348672009782
*NC(=O)NC(*)=O,ei,5.9087,8.005900382995605,7.787743174853695,7.914927755888435
*NC(=O)NC(*)=S,eea,3.7029,3.5804738998413086,3.8594237996553415,3.650368757411573
*NC(=O)NC(*)=S,egc,3.4559,2.9074738025665283,3.5292496220330447,3.188066093872224
*NC(=O)NC(*)=S,ei,7.159,6.449456214904785,6.754773704047003,6.576775107210028
*NC(=O)NC(*)=S,eps,7.36,5.6064453125,5.662006031153007,5.63689614008804
*NC(=O)NC(=O)c1ccc(C(=S)c2ccc(-c3ccc(*)s3)s2)s1,eea,2.9241,3.8305609226226807,3.953360698053427,3.861330149710106
*NC(=O)NC(=O)c1ccc(C(=S)c2ccc(-c3ccc(*)s3)s2)s1,ei,5.1795,6.206118106842041,6.036782697481578,6.135504409577596
*NC(=O)NC(=O)c1ccc(C(=S)c2ccc(-c3ccc(*)s3)s2)s1,eps,6.31,7.044649124145508,6.988028792457756,7.013617560839622
*NC(=O)NCCCCCCNC(=O)Nc1cccc(*)n1,egc,4.99,5.080819129943848,4.529075240518166,4.831830543863578
*NC(=O)NCCCCCCNC(=O)Nc1cccc(*)n1,tg,169.67,77.50103759765625,109.17234762557348,92.20295460318943
*NC(=O)NO*,eea,1.9635,1.048421025276184,1.353127843952161,1.1247696445309106
*NC(=O)NO*,egb,5.0658,5.222050666809082,5.039728188154268,5.179757081476408
*NC(=O)NO*,egc,5.5354,5.847596645355225,5.130757820223798,5.524104733731695
*NC(=O)NO*,ei,7.4857,6.675398349761963,6.999475277078424,6.810540019908474
*NC(=O)NO*,eps,5.14,4.812020778656006,4.454124288475739,4.615870610316634
*NC(=O)NO*,nc,1.8753,1.830700159072876,1.919198171853708,1.8618315036409472
*NC(=O)Nc1ccc(*)cc1,egb,3.4515,3.320104598999023,3.83731576153442,3.440082753086743
*NC(=O)Nc1ccc(*)cc1,nc,1.9598,1.973328113555908,1.9196961459902837,1.9544617547565983
*NC(=O)Nc1ccc(*)s1,egb,3.137,3.0343899726867676,2.8939610374202234,3.001814487750998
*NC(=O)Nc1ccc(*)s1,egc,3.228,3.788543701171875,4.070397562419616,3.915737487525157
*NC(=O)Nc1ccc(*)s1,ei,4.8361,5.5789103507995605,5.230360299529838,5.433563267783541
*NC(=O)Nc1ccc(*)s1,eps,4.94,5.73612642288208,4.964601342141603,5.313281330467044
*NC(=O)Nc1ccc(*)s1,nc,2.0074,2.0521066188812256,1.9964890340314692,2.0325417705462727
*NC(=O)Nc1ccc(Cc2ccc(NC(=O)Nc3cccc(*)n3)cc2)cc1,tg,216.67,168.00277709960938,183.2997639346461,175.10368421981394
*NC(=O)OC(*)=O,egc,5.6538,5.227105617523193,5.309300946233674,5.2641983684720595
*NC(=O)OC(*)=O,ei,8.2121,7.25675106048584,6.877519301665497,7.09860955475151
*NC(=O)OC(*)=O,nc,1.7525,1.7182027101516724,1.8071185236038172,1.7494810263437461
*NC(=O)OC(*)=S,eea,3.7701,3.310962200164795,3.321634597734702,3.3136363208889077
*NC(=O)OC(*)=S,eps,5.76,5.629921913146973,5.9189220814249826,5.7883124903479
*NC(=O)Oc1ccc(*)cc1,egc,4.5955,4.606771469116211,4.879465882036528,4.7298318194097035
*NC(=O)Oc1ccc(*)cc1,nc,1.8802,1.8711758852005005,1.907551677023303,1.8839719613336063
*NC(=O)Oc1ccc(*)s1,egb,3.4227,4.030982494354248,3.3719303409048513,3.8781012989237764
*NC(=O)Oc1ccc(*)s1,ei,5.369,5.566971302032471,5.815392256002508,5.670564059767171
*NC(=O)Oc1ccc(*)s1,eps,4.64,4.193700313568115,4.566300405520286,4.397908996148019
*NC(=O)Oc1ccc(*)s1,nc,1.9321,1.8894847631454468,1.9367768929142173,1.906120928647102
*NC(=O)c1ccc(-c2ccc(*)cc2)cc1,eea,2.3815,2.0792109966278076,1.9175190526579824,2.0386967845719353
*NC(=O)c1ccc(-c2ccc(*)cc2)cc1,egb,2.6675,2.946864604949951,3.176585253023155,3.0001532060245104
*NC(=O)c1ccc(-c2ccc(*)cc2)cc1,egc,3.3965,3.880159378051758,3.726744572274299,3.8109270108132733
*NC(=O)c1ccc(-c2ccc(*)cc2)cc1,nc,2.0808,2.0618221759796143,1.9844853680025225,2.034617058697579
*NC(=O)c1ccc(-c2ccc(*)cc2)s1,egb,1.9448,2.2649524211883545,2.0818954225231767,2.2224884482821565
*NC(=O)c1ccc(-c2ccc(*)cc2)s1,egc,2.9223,3.4389052391052246,2.9476029886808446,3.217192493362713
*NC(=O)c1ccc(-c2ccc(*)cc2)s1,ei,5.5458,5.966409206390381,6.072711688531584,6.010737863466463
*NC(=O)c1ccc(-c2ccc(*)cc2)s1,nc,2.2535,2.2331974506378174,2.1297422818966085,2.1968045599476422
*NC(=O)c1ccc(-c2ccc(*)s2)cc1,eea,2.1302,2.7049660682678223,2.0506100446877644,2.5410078768547284
*NC(=O)c1ccc(-c2ccc(*)s2)cc1,egc,4.012,3.2903003692626953,3.242848413721177,3.2688864568597413
*NC(=O)c1ccc(-c2ccc(*)s2)cc1,ei,6.1434,5.789154529571533,5.880918169675786,5.8274204181218225
*NC(=O)c1ccc(-c2ccc(*)s2)cc1,eps,5.23,6.277007102966309,5.067930079321271,5.614355559209098
*NC(=O)c1ccc(C(*)=O)s1,eea,3.408,3.4572272300720215,3.225425257938566,3.399145955127756
*NC(=O)c1ccc(C(*)=O)s1,ei,7.093,6.695019245147705,6.719616386002477,6.705276373674158
*NC(=O)c1ccc(C(*)=O)s1,nc,2.034,2.0746049880981445,1.997221996435056,2.047383624572866
*NC(=O)c1ccc(C(*)=S)cc1,ei,6.3279,6.574289321899414,6.470533738979097,6.531022734305585
*NC(=O)c1ccc(C(*)=S)cc1,eps,5.0,5.190818786621094,4.86628060273547,5.012951103790073
*NC(=O)c1ccc(C(*)=S)cc1,nc,1.971,2.010207176208496,2.058275320768011,2.0271163239284125
*NC(=O)c1ccc(C(*)=S)s1,egb,1.932,2.2574572563171387,1.8861682293831097,2.171328852076594
*NC(=O)c1ccc(C(*)=S)s1,nc,2.2308,2.207780122756958,2.2513519820860832,2.2231075919692422
*NC(=O)c1ccc(NC(=S)c2ccc(Nc3ccc(*)cc3)cc2)s1,eea,2.5831,2.217226505279541,2.972977554535928,2.406590659851987
*NC(=O)c1ccc(NC(=S)c2ccc(Nc3ccc(*)cc3)cc2)s1,ei,5.2813,5.361823081970215,5.43672630373218,5.3930580932747425
*NC(=O)c1ccc(NC(=S)c2ccc(Nc3ccc(*)cc3)cc2)s1,nc,2.2302,2.1930508613586426,2.2929163889695254,2.2281810078199653
*NC(=O)c1ccc(O*)cc1,egc,4.6617,4.524270057678223,4.5500732200630365,4.53591439673068
*NC(=O)c1ccc(O*)cc1,ei,6.7472,6.343016624450684,6.562415302722139,6.4345069506984025
*NC(=O)c1ccc(O*)cc1,eps,4.32,4.100402355194092,4.583306450672759,4.365064686954325
*NC(=O)c1ccc(O*)s1,egb,3.0418,3.287692070007324,3.2171879598004254,3.271337138770429
*NC(=O)c1ccc(O*)s1,ei,6.5697,6.315620422363281,6.286245153101846,6.303370790827133
*NC(=O)c1ccc(O*)s1,eps,4.85,4.616105556488037,4.72096066263518,4.67357286138294
*NC(=O)c1ccc(O*)s1,nc,1.969,1.9511350393295288,1.9658368273237057,1.9563067535119356
*NC(=S)C(=O)O*,eea,4.0646,4.198186874389648,4.454969880049999,4.2625275019326585
*NC(=S)C(=O)O*,egc,2.4947,3.5232925415039062,3.935932926956988,3.7095071024671933
*NC(=S)C(=O)O*,eps,6.34,6.178796768188477,5.735946493038334,5.936086491884607
*NC(=S)C(=O)O*,nc,2.1342,2.078687906265259,2.183147409429681,2.1154340961992038
*NC(=S)NC(*)=S,eea,4.2115,4.0019965171813965,3.399288458817327,3.850979456684543
*NC(=S)NC(*)=S,egb,2.0315,1.771705150604248,2.620784829809147,1.968667281284143
*NC(=S)NC(*)=S,egc,2.8537,2.6130080223083496,3.004491407986897,2.7896749443026847
*NC(=S)NC(*)=S,ei,7.0636,6.454618453979492,6.159566484410171,6.331580333747382
*NC(=S)NC(*)=S,nc,2.2528,2.173182725906372,2.0883802282179182,2.1433513693276613
*NC(=S)NO*,egc,3.4611,3.5695090293884277,3.9536043177688542,3.7428418829221273
*NC(=S)NO*,nc,2.0671,2.030869483947754,2.013996848997772,2.0249341211537892
*NC(=S)Nc1ccc(*)cc1,egb,2.6405,2.938425064086914,3.4168586262294367,3.0494079271753414
*NC(=S)Nc1ccc(*)cc1,egc,3.4701,3.307891607284546,3.2399597619249407,3.277235619152955
*NC(=S)Nc1ccc(*)cc1,eps,5.66,4.920549392700195,5.33196094224893,5.146029236495533
*NC(=S)Nc1ccc(Cc2ccc(*)cc2)cc1,egb,3.7898,3.60687804222107,3.2551468031904114,3.525286483780958
*NC(=S)Nc1ccc(Cc2ccc(*)cc2)cc1,ei,5.378,5.787391185760498,5.362800173394918,5.610334648550582
*NC(=S)Nc1ccc(NC(=S)Nc2ccc(Cc3ccc(*)cc3)cc2)cc1,eps,4.55,5.04287576675415,4.828240700834433,4.925242022174875
*NC(=S)Nc1ccc(NC(=S)Nc2ccc(Cc3ccc(*)cc3)cc2)cc1,nc,1.9843,2.014291286468506,1.985058085135929,2.004007791563755
*NC(=S)Nc1ccc(NC(=S)Nc2ccc(Oc3ccc(*)cc3)cc2)cc1,eea,2.2298,2.0839943885803223,2.9296627004984117,2.2958885898422903
*NC(=S)Nc1ccc(NC(=S)Nc2ccc(Oc3ccc(*)cc3)cc2)cc1,eps,5.43,5.118599891662598,5.299063969510718,5.217505749139123
*NC(=S)OC(*)=S,eea,4.0637,4.360065460205078,3.481282562433798,4.139873929339299
*NC(=S)OC(*)=S,ei,6.6502,7.0223846435546875,7.1207579646961605,7.063406801555882
*NC(=S)OC(*)=S,eps,6.0,6.1383256912231445,5.962547394342258,6.041987941427868
*NC(=S)c1ccc(C(*)=S)s1,egb,1.6122,1.0483245849609375,1.710060610437789,1.2018283617179282
*NC(=S)c1ccc(C(*)=S)s1,eps,6.57,7.268970012664795,6.257344811807222,6.714534697178417
*NC(=S)c1ccc(O*)cc1,eea,2.5935,2.843649387359619,2.8297719445724843,2.840172197055221
*NC(=S)c1ccc(O*)cc1,egb,2.6021,2.677852153778076,2.8442472421134504,2.716451041415918
*NC(=S)c1ccc(O*)cc1,ei,5.884,5.900417327880859,6.0520791374202085,5.963661047229554
*NC(=S)c1ccc(O*)cc1,eps,4.57,4.800814628601074,4.73466463125511,4.764560198979469
*NC(=S)c1ccc(O*)cc1,nc,1.9858,2.0185976028442383,1.9783032613165383,2.0044230808315353
*NC(=S)c1ccc(O*)s1,egb,2.3899,2.2321715354919434,2.1627237159177306,2.2160616333833225
*NC(=S)c1ccc(O*)s1,egc,3.2187,3.0982980728149414,3.006184766448894,3.056729579985534
*NC(=S)c1ccc(O*)s1,ei,6.1012,5.938272953033447,5.910297078039819,5.926606875779028
*NC(=S)c1ccc(O*)s1,eps,5.61,5.228359699249268,5.064561607365239,5.13858786806831
*NC(C#N)=C(C#N)NC(=O)c1ccc(C(*)=O)cc1,egc,3.4817,3.4713635444641113,3.764039917466657,3.6034412669176574
*NC(C#N)=C(C#N)NC(=O)c1ccc(C(*)=O)cc1,tg,232.0,206.37548828125,211.15768902499457,208.59540019447235
*NC(C(*)=O)C(C)CC,egc,5.462,6.040838718414307,5.899613433341291,5.977107185137671
*NC(C(*)=O)C(Cc1ccccc1)c1c[nH]cn1,egc,4.764,5.168409824371338,4.293272363023745,4.773481591720447
*NC(C)(C)C(*)=O,egc,6.1893,5.395541191101074,5.595443661776103,5.485752309848828
*NC(C)(C)C(C)(C)C(*)=O,egc,5.4856,5.71406364440918,5.698543806938541,5.707059919561348
*NC(C)(CC)C(*)=O,egc,5.7479,5.6022233963012695,5.732456640386487,5.660994489061677
*NC(C)=CC(*)=O,egc,3.6072,3.9732840061187744,4.472943517556169,4.1987681803138965
*NC(C)C(*)=O,egc,6.0729,5.8610429763793945,5.676743996845302,5.777873333344479
*NC(C)C(=O)NC(C)C(=O)NC(C(=O)NC(C(*)=O)C(C)C)C(C)C,egb,5.8867,5.2866997718811035,4.387724813958123,5.078163367728567
*NC(C)C(=O)NC(C)C(=O)NCC(*)=O,egc,5.7884,5.774360179901123,5.274991392844086,5.549007202541691
*NC(C)C(=O)NC(CCC(=O)OCC)C(=O)NCC(*)=O,egc,5.3361,5.892300605773926,5.855018803644358,5.875476236031602
*NC(C)C(=O)NCC(=O)NCC(=O)NCC(*)=O,egc,5.9084,5.636493682861328,5.195905996033061,5.437667185114455
*NC(C)C(=O)NCCCC(*)=O,egc,5.7766,5.835858345031738,5.848537842624948,5.841580293635877
*NC(C)CC(*)=O,egc,5.711,5.768734455108643,5.7512007664388465,5.760821928238235
*NC(C)CC(*)=O,tg,115.0,50.27025604248047,104.1992706048668,75.30426617933661
*NC(C)CCCCC(*)=O,egc,5.5854,5.757528305053711,5.945872059852719,5.842523256702869
*NC(C)CNC(=O)C1CC1C(*)=O,egc,5.5051,5.803183078765869,5.7484970872120655,5.778504622010232
*NC(C)CNC(=O)NC(CCCCNC(*)=O)C(=O)OC,egc,5.7921,5.813198089599609,5.602019817390266,5.717898476108628
*NC(C=C)CC(*)=O,egc,5.5439,5.397922515869141,5.68111059123905,5.525718400576703
*NC(CC(*)=O)C(=O)OC,egc,5.61,5.867761611938477,5.748431713288043,5.813910933550355
*NC(CC(*)=O)C(=O)OCC,egc,5.9557,5.810595512390137,5.6388433350562215,5.733087935758716
*NC(CC(*)=O)C(=O)OCCCC,egc,6.151,5.974374294281006,5.752144886508388,5.874087572330435
*NC(CC(*)=O)C(=O)OCCCCCCCCCCCC,egc,5.8778,5.816827297210693,6.025867472383833,5.911162039557382
*NC(CC(*)=O)C(=O)OCCOC,egc,5.9247,5.672558784484863,5.9020277064744056,5.776112522968514
*NC(CC(*)=O)c1ccccc1,egc,5.6573,4.979396343231201,4.553373160023445,4.78714245142149
*NC(CC(=O)OCCC)C(*)=O,egc,5.0074,5.903573989868164,5.987509700781587,5.941452132938728
*NC(CC(=O)OCc1ccccc1)C(*)=O,egc,5.316,5.178399562835693,5.507152988442532,5.326757980898278
*NC(CC(C)C)C(*)=O,egc,6.106,5.949726581573486,5.8413781955985415,5.900831592530541
*NC(CCC(*)=O)C(=O)O,egc,5.9301,5.967807292938232,5.670054172371528,5.833438557893315
*NC(CCC(*)=O)C(=O)OC,egc,5.6456,5.928534984588623,5.691964198147988,5.821776347560374
*NC(CCC(=O)Nc1ccc(N(c2ccccc2)c2ccccc2)cc1)C(*)=O,tg,132.0,181.2430419921875,150.9194128838033,167.16672250729525
*NC(CCC(=O)OC)C(*)=O,egc,5.9283,5.8489789962768555,5.904390150379314,5.873984701237917
*NC(CCC(=O)OCC)C(*)=O,tg,-27.33,18.538986206054688,4.212814897125517,11.888734561734623
*NC(CCC(=O)OCCC)C(*)=O,egc,5.8843,5.920144557952881,5.719544811045764,5.829618775415527
*NC(CCC(=O)OCCCC)C(*)=O,egc,5.5734,5.9507341384887695,5.997770590870588,5.971960544430432
*NC(CCC(=O)OCCCC)C(*)=O,tg,-39.33,-18.706146240234375,-21.245960956067087,-19.885135840875783
*NC(CCC(=O)OCCCCC)C(*)=O,tg,-20.0,-25.200225830078125,-44.52945101752128,-34.1729100744797
*NC(CCC(=O)OCCCCCC)C(*)=O,tg,-48.33,-39.788543701171875,-36.920477633390874,-38.45717883948052
*NC(CCC(=O)OCCCCCCCC)C(*)=O,egc,5.9976,5.870909690856934,5.785479790874342,5.832357256632813
*NC(CCC(=O)OCCCCCCCC)C(*)=O,tg,-59.5,-34.22715759277344,-34.77083330104418,-34.479533485462284
*NC(CCC(=O)OCCCl)C(*)=O,egc,5.9169,5.902947902679443,5.872229827482855,5.889085583119788
*NC(CCC(=O)OCc1ccc(C(F)(F)F)cc1)C(*)=O,tg,26.57,43.22173309326172,44.75110765653242,43.93167334769893
*NC(CCC(=O)OCc1ccc(Cl)cc1)C(*)=O,egc,5.2897,5.156691074371338,4.757457404947547,4.976526637989561
*NC(CCC(=O)OCc1ccc(F)cc1)C(*)=O,tg,46.9,12.401947021484377,37.92912205711705,24.251738155124773
*NC(CCC(=O)OCc1ccc([N+](=O)[O-])cc1)C(*)=O,tg,53.15,12.720016479492188,62.22308278916616,35.69948817683305
*NC(CCCCNC(*)=O)C(=O)OC,egc,6.2157,5.666562557220459,5.798220405002167,5.725976538949665
*NC(CCCCNC(=O)CCCCC(*)=O)C(=O)O,egc,5.7987,5.741695404052734,5.969842275769313,5.8446525334311445
*NC(CCCCNC(=O)NCCCCCNC(*)=O)C(=O)OC,egc,5.5834,5.790027141571045,5.539171304534744,5.676822008952962
*NC(CCCCNC(=O)NCCNC(*)=O)C(=O)OC,egc,5.4494,5.870331287384033,5.757765067178141,5.819532892428287
*NC(CCCNC(=O)c1ccc(Br)cc1)C(*)=O,egc,4.6803,4.779143810272217,4.489839310645323,4.6485877321908795
*NC(CCCNC(=O)c1ccc(F)cc1)C(*)=O,egc,4.7549,5.010702610015869,4.7613206177154055,4.898162587648958
*NC(CSC(=O)OCc1ccccc1)C(*)=O,egc,5.0387,5.031741142272949,4.868400716435305,4.958029584322761
*NC(CSSCc1ccccc1)C(*)=O,egc,4.9511,4.968567848205566,4.73146877144755,4.861570806617365
*NC(Cc1c[nH]c2ccccc12)C(*)=O,egc,4.3631,4.362155437469482,3.133232514539996,3.8075724382805816
*NC(Cc1ccc(O)cc1)C(*)=O,egc,4.9252,5.001242637634277,5.128224931951584,5.058546655902981
*NC(Cc1ccccc1)C(*)=O,egc,5.5152,4.997358322143555,5.044508844245342,5.018636204973015
*NC(F)(F)CC(*)(F)F,egc,7.1667,7.344647407531738,6.518496185115242,6.971825472028135
*NC(F)(F)CC(*)(F)F,ei,8.5515,8.51346206665039,8.618088167828907,8.557091664632772
*NC(F)(F)CC(*)(F)F,eps,3.9,3.869518280029297,3.4784482286577116,3.6551868783148334
*NC(F)(F)CC(*)(F)F,nc,1.6205,1.5976760387420654,1.679209480803679,1.6263574248984642
*NC(F)(F)NC(*)(F)F,eea,1.6576,1.1264806985855105,1.311539787137857,1.1728498804531946
*NC(F)(F)NC(*)(F)F,egb,8.2637,6.646702766418457,8.136304130156635,6.992247555265944
*NC(F)(F)NC(*)(F)F,egc,8.2137,6.571343421936035,7.622969573611628,7.045916704230645
*NC1(F)CC(C(F)F)C(*)C(F)(F)C1F,egc,6.3292,6.26884126663208,6.342899859298582,6.302262106678575
*NC1CC(C)(C)CC(C)(CNC(=O)CCCCC(*)=O)C1,egc,5.6216,5.376983642578125,5.43541351893193,5.403351623405828
*NC1CC(C)(C)CC(C)(CNC(=O)c2cc(NC(=O)C(C(C)CC)N3C(=O)c4ccccc4C3=O)cc(C(*)=O)c2)C1,tg,128.0,170.24371337890625,174.67425835330852,172.30038563040225
*NC1CC(C2(C)OC(O)OC(C)NC2=O)C(F)(N(C(*)O)C(F)F)O1,egc,5.6343,5.8266754150390625,5.289725250400387,5.584362876828417
*NC1CCC(CC(C)(C)NC(=O)CCCCC(*)=O)CC1,tg,80.0,131.394775390625,131.09767016143442,131.25685825307625
*NC1CCC(CC2CCC(NC(=O)CCCCC(*)=O)CC2)CC1,tg,173.33,148.6249237060547,124.07777030833674,137.23006155298214
*NC1CCC(CC2CCC(NC(=O)CCCCCCCCC(*)=O)CC2)CC1,tg,139.33,133.1525421142578,121.34778128993176,127.67273677130136
*NC1CCC(CC2CCC(NC(=O)CCCCCCCCCCC(*)=O)CC2)CC1,egc,5.7012,5.647294998168945,5.702735964265332,5.672314156557146
*NC1CCC(CC2CCC(NC(=O)CCCCCCCCCCC(*)=O)CC2)CC1,tg,139.67,124.9190673828125,129.73966890651064,127.15680505314205
*NC1CCC(CC2CCC(NC(=O)CCCCCCCCCCCCC(*)=O)CC2)CC1,tg,131.0,109.49808502197266,125.6418270995884,116.99205846275011
*NC1CCC(CCC2CCC(NC(=O)CCCCCCCCCCC(*)=O)CC2)CC1,egc,5.7235,5.693387985229492,5.756379769064449,5.721814643851967
*NC1CCC(CCC2CCC(NC(=O)CCCCCCCCCCC(*)=O)CC2)CC1,tg,105.0,122.47249603271484,118.8473572714906,120.78969575845775
*NC1CCCC1C(*)=O,egb,6.4002,5.934072017669678,5.755520811900873,5.892653259471837
*NC1CCCC1C(*)=O,egc,5.8804,5.8298187255859375,5.685800054308244,5.764826605115118
*NC1NN(C(C(*)O)(C(F)(F)F)C(O)(Cl)C2(F)OC(O)C(O)C2O)O1,egc,5.0077,5.756101131439209,5.04103697975488,5.433410086741105
*NCC(F)(F)C(*)(F)F,eea,0.6587,1.4387894868850708,1.3950520891640814,1.4278304609587646
*NCC(F)(F)C(*)(F)F,egb,7.8675,7.474648952484131,8.031115894715057,7.6037333214533245
*NCC(F)(F)C(*)(F)F,egc,6.8454,7.217905044555664,7.715628517935112,7.442515531904617
*NCC(F)(F)C(*)(F)F,eps,4.32,3.838564395904541,3.3691228185918596,3.5812803851867967
*NCC(F)(F)C(*)(F)F,nc,1.5942,1.6480025053024292,1.7337261372192845,1.6781578934176316
*NCCCCCCNc1nc(*)nc(-c2ccccc2)n1,tg,95.0,107.64021301269533,79.99502804717773,94.80723532382197
*NCCCNC(=O)NC(*)=O,eea,0.6578,1.5152299404144287,1.248904547508691,1.448498332276548
*NCCCNC(=O)NC(*)=O,egb,6.0227,4.960406303405762,5.041571780249409,4.979234365893071
*NCCCNC(=O)NC(*)=O,eps,4.19,4.53857421875,3.968529376103641,4.226153183858724
*NCCCNC(=O)NC(*)=O,nc,1.7499,1.8004835844039917,1.8027536895671503,1.8012821495222284
*NCNC(=O)OC(=O)NC(*)=O,eea,1.6859,1.229023814201355,1.222058821086475,1.2272786362964088
*NCNC(=O)OC(=O)NC(*)=O,eps,4.67,4.359588623046875,4.017993741511548,4.172372778925929
*NCNC(=O)OC(=O)NC(*)=O,nc,1.7355,1.6733860969543457,1.8613489046682627,1.7395066204446932
*NNC(=O)C(*)=O,egc,5.5325,4.787369251251221,4.608000942135984,4.706424699747988
*NNC(=O)C(=O)NNC(=O)CCCCC(*)=O,egc,4.5812,5.068687915802002,5.079096244606797,5.0733849412194685
*NNC(=O)C(=O)NNC(=O)CCCCCCCC(*)=O,egb,3.7266,4.564245700836182,4.485744802052535,4.546035744028368
*NNC(=O)C(=O)NNC(=O)CCCCCCCC(*)=O,egc,4.4307,5.102970600128174,4.936829158118035,5.027995011765063
*NNC(=O)C1CCC(C(=O)NNC(=O)CCCCC(*)=O)CC1,egc,4.9352,5.307882785797119,5.690366199428175,5.480488239494633
*NNC(=O)C=CC(=O)NCCCCCCNC(=O)C=CC(*)=O,tg,102.4,228.3202209472656,122.51608787504723,179.2056253748375
*NNC(=O)CCC(=O)NNC(=O)CCCCC(*)=O,egc,5.7153,5.417570114135742,5.438731148279413,5.427119573717276
*NNC(=O)CCC(=O)NNC(=O)CCCCCCCCC(*)=O,egc,5.7186,5.4342851638793945,5.537072922315634,5.480670777077648
*NNC(=O)CCCCC(*)=O,egc,5.6711,5.5868611335754395,5.7884219714935465,5.677820633090012
*NNC(=O)CCCCCCCCC(*)=O,egc,6.0464,5.462645053863525,5.826433930135576,5.626814117935976
*NNC(=O)c1cc(NC(=O)c2ccc3c(c2)C(=O)N(c2ccc(C)cn2)C3=O)cc(C(=O)NNC(=O)C(*)=O)c1,tg,146.4,116.16691589355467,194.35732912877407,152.4631399840406
*NNC(=O)c1cc(NC(=O)c2ccc3c(c2)C(=O)N(c2ccc(C)cn2)C3=O)cc(C(=O)NNC(=O)c2ccc(C(*)=O)cc2)c1,tg,145.6,166.99058532714844,166.9834689858752,166.98728190020807
*NNC(=O)c1cc(NC(=O)c2ccc3c(c2)C(=O)N(c2ncccc2C)C3=O)cc(C(=O)NNC(=O)C(*)=O)c1,tg,134.1,159.20187377929688,177.59341325248502,167.7392815057363
*NNC(=O)c1cc(NC(=O)c2ccc3c(c2)C(=O)N(c2ncccc2C)C3=O)cc(C(=O)NNC(=O)CC(*)=O)c1,tg,156.3,141.14193725585938,157.5592716109376,148.76291305154612
*NNC(=O)c1cc(NC(=O)c2ccc3c(c2)C(=O)N(c2ncccc2C)C3=O)cc(C(=O)NNC(=O)CCCC(*)=O)c1,tg,131.7,131.57859802246094,151.71167192931034,140.92443125082616
*NNC(=O)c1cc(NC(=O)c2ccc3c(c2)C(=O)N(c2ncccc2C)C3=O)cc(C(=O)NNC(=O)c2ccc(C(*)=O)cc2)c1,tg,130.3,199.26014709472656,171.0695603244527,186.1739922540042
*NNC(=O)c1ccc(C(*)=O)cc1,egc,4.8451,4.6250319480896,4.669525774981391,4.6451109290432795
*NNC(=O)c1ccc(C(*)=O)cc1OCC,tg,240.0,183.7467041015625,181.12252239501785,182.52855109106025
*NNC(=O)c1ccc(C(*)=O)cc1OCCCCC,tg,234.0,186.7653045654297,135.31941636363953,162.88396912486988
*NNC(=O)c1ccc(C(*)=O)cc1OCCCCCCCC,egc,4.1277,4.416077613830566,4.23372132630245,4.333784660406588
*NNC(=O)c1ccc(C(*)=O)cc1OCCCCCCCCCC,egc,4.1107,4.373814582824707,4.103848153784571,4.251985305248454
*NNC(=O)c1ccc(C(=O)NNC(=O)c2ccc([Si](c3ccccc3)(c3ccccc3)c3ccc(C(*)=O)cc3)cc2)c2ccccc12,tg,271.5,216.37399291992188,245.98693251909225,230.1204082053366
*NNC(=O)c1ccc([Si](c2ccccc2)(c2ccccc2)c2ccc(C(*)=O)cc2)cc1,egc,4.754,4.263736248016357,3.6652075588970985,3.9936348207265957
*NNC(=O)c1cccc(C(*)=O)c1,egc,5.0927,5.03240442276001,4.688891008282542,4.877385181025623
*NNC(=O)c1cccc(C(=O)NNC(=O)C(*)=O)c1,egc,4.3275,4.714100360870361,4.215081342139981,4.488905225442266
*NNC(=O)c1cccc(C(=O)NNC(=O)CCCCCCCCC(*)=O)c1,egc,4.5398,4.74395227432251,4.729711198853898,4.737525623637021
*NNC(=O)c1ccccc1C(=O)NCCCCCCNC(=O)c1ccccc1C(*)=O,tg,224.5,151.80357360839844,153.2923443135957,152.49466543026455
*NNC(=O)c1ccccc1C(=O)Nc1cccc(C=C2CCCC(=Cc3cccc(NC(=O)c4ccccc4C(*)=O)c3)C2=O)c1,tg,195.0,215.0946807861328,223.2873424614098,218.89773888187193
*NNC(=S)c1ccc(C(*)=S)cc1,egc,3.4154,3.482503890991211,2.970629211469463,3.2515073087960253
*NOC(=O)NCC(=O)NC(*)=O,egb,4.9352,5.448564529418945,4.939719399406393,5.330527054906292
*NOC(=O)NCC(=O)NC(*)=O,ei,8.0693,6.493510723114014,7.048313427927477,6.724866175509667
*NOC(=O)NCC(=O)NC(*)=O,eps,5.02,4.677720546722412,4.170198463323658,4.399565982969992
*NOC(=O)NCC(=O)NC(*)=O,nc,1.7831,1.7816693782806396,1.8875037677088728,1.818899218148359
*NOC(=O)O*,eea,1.6985,1.6613538265228271,1.4016538840941113,1.5962823190615874
*NOC(=O)O*,egb,5.0089,6.94239616394043,5.59741320936229,6.630398697801657
*NOC(=S)O*,eea,2.7178,2.5797228813171387,2.722162894191865,2.61541324872298
*NOC(=S)O*,egc,4.8496,4.1702680587768555,3.7171699298105576,3.965795903037413
*NOC(=S)O*,ei,7.5682,6.503936767578125,6.928652433740328,6.681045286033374
*NOC(=S)O*,nc,1.942,1.8924049139022827,1.9552875656845856,1.9145254275553634
*NOC(F)(F)C(*)(F)F,egb,6.3342,7.348142623901367,7.770774816487165,7.446181169852161
*NOC(F)(F)C(*)(F)F,egc,6.8893,7.26514720916748,8.111178471534162,7.6469405227566085
*NOC(F)(F)C(*)(F)F,ei,9.0368,8.61720085144043,8.795644577857363,8.691612761645944
*NOC(F)(F)C(*)(F)F,eps,3.73,3.919334888458252,3.440873311202112,3.657107340835635
*NOC(F)(F)C(*)(F)F,nc,1.6008,1.6303613185882568,1.6655009936864515,1.6427225603734386
*NOc1ccc(O*)cc1,egb,4.5587,3.9606754779815674,4.155542198590618,4.005878967630153
*NOc1ccc(O*)cc1,eps,4.11,3.97175931930542,4.161312094132496,4.075646364056261
*NOc1ccc(O*)cc1,nc,1.8691,1.8284316062927248,1.8667283045671368,1.8419034083404473
*NS(=O)Nc1cccc(*)n1,egc,4.5634,3.999870538711548,4.017260510960034,4.007718209859537
*Nc1c(Br)cc(*)cc1Br,egc,4.3604,3.4677035808563232,3.6626146536669126,3.5556622032545038
*Nc1c(Br)cc(C(*)=O)cc1Br,egc,3.8726,4.146404266357422,3.932080964899883,4.049685377726838
*Nc1c(C)c(C)c(C(=O)c2ccc(NC(=O)c3ccc(C(*)=O)cc3)cc2)c(C)c1C,egc,3.4801,3.704535007476806,3.5027976465147885,3.613495847409654
*Nc1c(C)c(C)c(C(=O)c2ccc(NC(=O)c3ccc(C(*)=O)cc3)cc2)c(C)c1C,tg,366.0,222.32745361328125,295.4124998737384,256.2537510578664
*Nc1c(Cl)cc(*)cc1Cl,egc,4.3983,3.804128646850586,3.99753192448594,3.8914068379907576
*Nc1c(Cl)cc(C(*)=O)cc1Cl,egc,3.9189,4.3694987297058105,3.8774957095215106,4.147469743629633
*Nc1c(F)c(F)c(-c2ccc3cc(-c4ccc5c(c4)C(=O)N(c4cccc(*)c4)C5=O)ccc3c2)c(F)c1F,egc,2.918,2.754115343093872,2.819535012703783,2.7836376474640487
*Nc1c(I)cc(C(*)=O)cc1I,egc,3.842,4.01130485534668,3.611587662374194,3.8309222165578927
*Nc1c(OC)cc(*)cc1OC,egc,3.4275,3.56433629989624,3.562698933916096,3.5635973964881456
*Nc1cc(*)ccc1CCCCCC,egc,4.1073,3.8178353309631343,4.217459560127366,3.998176017448294
*Nc1cc(*)ccc1CCCCCCCCCCCC,egc,4.025,3.829730987548828,3.7965453534732303,3.8147551187353805
*Nc1cc(*)ccc1N,egc,3.7339,3.4492831230163574,3.4672394150373123,3.457386360491621
*Nc1cc(Br)c(*)cc1Br,egc,3.1464,4.178266525268555,4.163975050589671,4.171817130646349
*Nc1cc(C(c2ccc(O)c(NC(=O)c3ccc(C(*)=O)cc3)c2)(C(F)(F)F)C(F)(F)F)ccc1O,egc,3.6515,3.73537015914917,3.760990693917426,3.746932082804017
*Nc1cc(C(c2ccc(O)c(NC(=O)c3ccc4cc(C(*)=O)ccc4c3)c2)(C(F)(F)F)C(F)(F)F)ccc1O,egc,3.7695,3.049889087677002,3.421738407442632,3.217695633681034
*Nc1cc(C)c(*)cc1C,egc,3.9275,3.722512245178222,3.78463411156499,3.750546331232912
*Nc1cc(F)c(*)cc1F,egc,3.4723,3.819672107696533,3.673885584643595,3.7538821987547344
*Nc1cc(NC(=O)C(*)=O)ccc1C,tg,-54.65,300.56781005859375,196.55559766938669,252.28502943600222
*Nc1cc(NC(=O)CCCCC(*)=O)cc(-c2nnc(-c3ccccn3)o2)c1,tg,159.0,113.83019256591795,159.85431240515976,135.19472688839488
*Nc1cc(NC(=O)NC2CCC(CC3CCC(NC(*)=O)CC3)CC2)cc(C(=O)Nc2ccc3c(c2)C(=O)c2ccccc2C3=O)c1,tg,148.0,169.51902770996094,237.0095050713486,200.84830950968157
*Nc1cc(NC(=O)NC2CCC(CC3CCC(NC(*)=O)CC3)CC2)cc(C(=O)Nc2cccc3c2C(=O)c2ccccc2C3=O)c1,tg,156.0,221.67739868164065,236.871980446736,228.73076906156206
*Nc1cc(NC(=O)Nc2ccc(CCc3ccccc3NC(*)=O)cc2)ccc1C,tg,227.0,199.5648193359375,169.3419715892044,185.53528286107525
*Nc1cc(NC(=O)Nc2ccc(Cc3ccc(NC(*)=O)cc3)cc2)cc(C(=O)Nc2ccc3c(c2)C(=O)c2ccccc2C3=O)c1,tg,168.0,232.434814453125,191.52665415229015,213.44512387632912
*Nc1cc(NC(=O)Nc2ccc(Cc3ccc(NC(*)=O)cc3)cc2)cc(C(=O)Nc2cccc3c2C(=O)c2ccccc2C3=O)c1,tg,178.0,168.3690948486328,196.9002816598669,181.61335724884242
*Nc1cc(NC(=O)Nc2ccc(NC(*)=O)cc2)cc(C(=O)Nc2ccc3c(c2)C(=O)c2ccccc2C3=O)c1,tg,184.0,174.25411987304688,176.62337816269533,175.35393666964856
*Nc1cc(NC(=O)Nc2ccc(NC(*)=O)cc2)cc(C(=O)Nc2cccc3c2C(=O)c2ccccc2C3=O)c1,tg,190.0,166.01025390625,182.04636539774995,173.45426490647995
*Nc1cc(NC(=O)c2cc(NC(=O)C(C(C)CC)N3C(=O)c4ccccc4C3=O)cc(C(*)=O)c2)ccc1C,tg,166.0,159.44163513183594,212.8409908318253,184.22977603785375
*Nc1cc(NC(=O)c2cc(OCCCN(C)c3ccc(N=Nc4ccc(S(C)(=O)=O)cc4)cc3)cc(C(*)=O)c2)cc(C(=O)OCCCN(C)c2ccc(N=Nc3ccc(S(C)(=O)=O)cc3)cc2)c1,tg,168.0,183.07810974121097,172.57221178028905,178.20124043097638
*Nc1cc(NC(=O)c2cc(OCCCS(=O)(=O)c3ccc(N=Nc4ccc(N(C)C)cc4)cc3)cc(C(*)=O)c2)cc(C(=O)OCCCN(C)c2ccc(N=Nc3ccc(S(C)(=O)=O)cc3)cc2)c1,tg,166.0,165.21707153320312,178.58695624507203,171.42341207403263
*Nc1cc(NC(=O)c2cc(OCCN(C)c3ccc(C#N)cc3)cc(C(*)=O)c2)cc(C(=O)OCCN(C)c2ccc(C#N)cc2)c1,tg,167.0,229.9173583984375,183.76154728619875,208.49169259247446
*Nc1cc(NC(=O)c2cc(OCCN(C)c3ccc(S(=O)(=O)C(F)(F)C(F)(F)C(F)(F)C(F)(F)C(F)(F)C(F)(F)C(F)(F)C(F)(F)F)cc3)cc(C(*)=O)c2)cc(C(=O)OCCN(C)c2ccc(C#N)cc2)c1,tg,157.0,169.8033447265625,171.85434578478942,170.7554255628062
*Nc1cc(NC(=O)c2cc(OCCN(C)c3ccc([N+](=O)[O-])cc3)cc(C(*)=O)c2)cc(C(=O)OC)c1,tg,177.0,195.3239898681641,201.0858827635538,197.9986778134408
*Nc1cc(NC(=O)c2cc(OCCN(C)c3ccc([N+](=O)[O-])cc3)cc(C(*)=O)c2)cc(C(=O)OC2CC(C)CCC2C(C)C)c1,tg,193.0,234.11697387695312,171.38706262941415,204.99756113043753
*Nc1cc(NC(=O)c2ccc(-c3ccc(C(*)=O)cc3)cc2)cc(C(=O)OCCOc2ccc(C=CC(=O)c3ccccc3)cc2)c1,egc,3.5149,3.1222915649414062,3.1317762789551886,3.126571785487438
*Nc1cc(NC(=O)c2ccc(-c3ccc(C(*)=O)cc3)cc2)cc(C(=O)OCCOc2ccc(C=CC(=O)c3ccccc3)cc2)c1,tg,254.0,182.22210693359375,208.4580368942595,194.40090422693874
*Nc1cc(NC(=O)c2ccc(C(*)=O)cc2)cc(-c2nc3ccccc3[nH]2)c1,tg,267.5,255.61866760253903,283.96884738114704,268.7789059958875
*Nc1cc(NC(=O)c2ccc(C(*)=O)cc2)cc(-c2nc3ccccc3oc2=O)c1,tg,103.0,248.6352081298828,264.1807569744925,255.85149847964905
*Nc1cc(NC(=O)c2ccc(C(*)=O)cc2)cc(-c2nnc(-c3ccccn3)o2)c1,tg,230.0,166.2463836669922,240.27022310058777,200.60847171527126
*Nc1cc(NC(=O)c2ccc(C(*)=O)cc2)cc(C(=O)OC(c2ccccc2)c2ccccc2)c1,tg,217.0,191.77040100097656,222.6511227325551,206.10532455066368
*Nc1cc(NC(=O)c2ccc(C(*)=O)cc2)cc(C(=O)OCCOC(=O)C=Cc2ccc(N(C)C)cc2)c1,tg,198.0,188.43299865722656,194.9028869177491,191.43634017222644
*Nc1cc(NC(=O)c2ccc(C(*)=O)cc2)cc(C(=O)OCCOc2ccc(C=CC(=O)c3ccccc3)cc2)c1,egc,3.1709,3.230841636657715,3.110389366073071,3.176484459137821
*Nc1cc(NC(=O)c2ccc(C(*)=O)cc2)cc(C(=O)Oc2ccc(-c3ccccc3)cc2)c1,tg,178.0,223.5684814453125,227.624341781918,225.45122396534867
*Nc1cc(NC(=O)c2ccc(C(*)=O)cc2)cc(C(=O)Oc2ccccc2)c1,tg,200.0,229.2566375732422,214.91824005360877,222.6007104852822
*Nc1cc(NC(=O)c2ccc3cc(C(*)=O)ccc3c2)cc(C(=O)OCCOc2ccc(C=CC(=O)c3ccccc3)cc2)c1,egc,2.7406,3.0675716400146484,3.2355533382839656,3.143377691229781
*Nc1cc(NC(=O)c2cccc(C(*)=O)c2)c(N)cc1N,egc,3.509,3.449557065963745,3.486012625582272,3.466008572574231
*Nc1cc(NC(=O)c2cccc(C(*)=O)c2)cc(C(=O)OCCOc2ccc(C=CC(=O)c3ccccc3)cc2)c1,tg,216.0,201.73480224609375,208.26526685416215,204.7662634831175
*Nc1cc(NC(=O)c2cccc(C(*)=O)c2)cc(C(=O)Oc2ccc(Oc3ccc(C#N)c(C#N)c3)cc2)c1,tg,305.0,222.9776611328125,194.2012936550123,209.61958513259583
*Nc1cc(NC(=O)c2ccccc2C(*)=O)cc(-c2nnc(-c3ccccn3)o2)c1,tg,90.0,196.84197998046875,231.31200864470867,212.84307056223813
*Nc1cc(OC)c(*)cc1OC,egc,3.2172,3.3416690826416016,3.5832303972301784,3.450679823537541
*Nc1cc(OCC)c(*)cc1OCC,egc,3.3635,3.969172477722168,3.9590006048672906,3.9645821591188017
*Nc1cc([N+](=O)[O-])c(NC(=O)CCCCCCC(*)=O)cc1C=Cc1ccc(N(C)C)cc1,tg,177.6,145.63829040527344,163.1302354626196,153.7581037085996
*Nc1cc([N+](=O)[O-])c(NC(=O)CCCCCCCCC(*)=O)cc1C=Cc1ccc(N(C)C)cc1,tg,159.0,152.34353637695312,144.86710946564844,148.8729566045646
*Nc1cc([N+](=O)[O-])c(NC(=O)CCCCCCCCCCCCC(*)=O)cc1C=Cc1ccc(N(C)C)cc1,tg,125.0,160.9564971923828,125.36130619228496,144.43310288320356
*Nc1ccc(*)cc1,eea,0.9827,1.0339173078536987,1.433204668140928,1.1339644245419933
*Nc1ccc(*)cc1,egc,4.0074,3.200200080871582,3.3621968117916072,3.273305262015298
*Nc1ccc(*)cc1,ei,4.9916,4.295680522918701,5.513508414959504,4.803520734328405
*Nc1ccc(*)cc1,nc,2.124,2.0009896755218506,1.981860953639563,1.994260678865857
*Nc1ccc(*)cc1C,egc,3.5769,3.5912423133850098,3.8428163390199432,3.704771547034639
*Nc1ccc(*)cc1C(C)CC,egc,3.553,3.728129386901855,3.9384686292306954,3.823050366632447
*Nc1ccc(*)cc1CCCCCCCCCCCCCCC,egc,3.3286,4.021161079406738,3.9556791315971647,3.9916106704011054
*Nc1ccc(*)cc1CO,egc,3.7131,3.880007028579712,4.089083445088982,3.9743581257591662
*Nc1ccc(*)cc1F,egc,3.5047,3.5339109897613525,3.6436641802418985,3.583439932880224
*Nc1ccc(*)cc1O,egc,3.4121,3.5256216526031494,3.1268789419063814,3.3456787739433667
*Nc1ccc(*)cc1OC,tg,90.0,197.2322998046875,142.61736929372302,171.8798854294251
*Nc1ccc(*)cc1OCCCCCCCCCCCC,egc,3.5203,3.690701961517334,3.5048668193226717,3.6068390856688337
*Nc1ccc(*)cc1OCCCCCCCCCCOc1ccc(C2CCC(CCCCC)CC2)cc1,tg,54.0,72.06864929199219,83.36312189172494,77.31157731221526
*Nc1ccc(*)nc1,egc,3.2295,4.01739501953125,4.109037039855178,4.058750832442463
*Nc1ccc(-c2c(-c3ccc(-c4ccccc4)cc3)cc(-c3ccc(-c4cc(-c5ccc(-c6ccccc6)cc5)c(-c5ccc(NC(=O)c6ccc(C(*)=O)cc6)cc5)c(-c5ccc(-c6ccccc6)cc5)c4)cc3)cc2-c2ccc(-c3ccccc3)cc2)cc1,tg,305.0,271.16021728515625,289.0498384757629,279.46463304102144
*Nc1ccc(-c2ccc(*)cc2)c(C)c1,egc,3.3791,3.825613498687744,3.523620275814387,3.6893313086895367
*Nc1ccc(-c2ccc(-c3ccc(*)cc3)cc2)cc1,eea,1.5312,1.89656925201416,1.510206584507062,1.79976060059009
*Nc1ccc(-c2ccc(-c3ccc(*)cc3)cc2)cc1,egb,2.9094,2.044268846511841,2.6051185787939395,2.1743698970575025
*Nc1ccc(-c2ccc(-c3ccc(*)cc3)cc2)cc1,egc,3.4269,3.0030250549316406,3.1224050827834615,3.056898355408042
*Nc1ccc(-c2ccc(-c3ccc(*)cc3)cc2)cc1,ei,4.7817,4.9959635734558105,4.948566783157796,4.976198879148514
*Nc1ccc(-c2ccc(-c3ccc(*)cc3)cc2)cc1,eps,4.29,5.020805358886719,4.432047658162315,4.698128480859707
*Nc1ccc(-c2ccc(-c3ccc(*)cc3)s2)cc1,egb,1.8163,2.172121286392212,2.3595839292962517,2.2156072423908757
*Nc1ccc(-c2ccc(-c3ccc(*)cc3)s2)cc1,eps,5.91,5.845491409301758,5.673816209199166,5.751402418982636
*Nc1ccc(-c2ccc(-c3ccc(*)s3)cc2)cc1,eea,1.8885,1.7856043577194214,1.9680305835645513,1.8313138384578145
*Nc1ccc(-c2ccc(-c3ccc(*)s3)cc2)cc1,egc,2.8401,3.3927481174468994,3.24525034009072,3.3261859610954714
*Nc1ccc(-c2ccc(-c3ccc(*)s3)cc2)cc1,eps,5.94,5.139846324920654,4.922462646528899,5.020706164900371
*Nc1ccc(-c2ccc(-c3ccc(*)s3)cc2)s1,eea,2.0751,2.2363851070404053,1.9810630007913892,2.172410528584876
*Nc1ccc(-c2ccc(-c3ccc(*)s3)cc2)s1,egb,1.6397,2.198035955429077,1.9782535244196104,2.1470527356467257
*Nc1ccc(-c2ccc(-c3ccc(*)s3)cc2)s1,egc,2.5627,2.8545961380004883,3.032476724939296,2.934869316701433
*Nc1ccc(-c2ccc(-c3ccc(*)s3)cc2)s1,nc,2.4847,2.376835346221924,2.421826483655381,2.3926620812856716
*Nc1ccc(-c2ccc(-c3ccc(*)s3)s2)cc1,egb,2.587,1.832491159439087,1.7949327361211749,1.8237786825504623
*Nc1ccc(-c2ccc(-c3ccc(*)s3)s2)cc1,egc,3.3427,2.5391907691955566,2.42867850852972,2.4893192761802685
*Nc1ccc(-c2ccc(-c3ccc(*)s3)s2)cc1,ei,4.896,4.477560997009277,4.694607661049423,4.568070521772425
*Nc1ccc(-c2ccc(-c3ccc(*)s3)s2)s1,egb,1.5003,1.6334435939788818,1.6547964476414108,1.6383968435459968
*Nc1ccc(-c2ccc(-c3ccc(*)s3)s2)s1,ei,4.3058,4.448821067810059,4.690894003020989,4.549766670548781
*Nc1ccc(-c2ccc(-c3ccc(*)s3)s2)s1,eps,7.17,7.202803611755371,7.241649335095125,7.224093552789773
*Nc1ccc(-c2ccc(-c3ccc(*)s3)s2)s1,nc,2.5509,2.6127054691314697,2.513282428938378,2.5777309784621525
*Nc1ccc(-c2ccc(C(*)=O)s2)s1,egc,2.263,2.4812204837799072,2.5349645142728994,2.505473856439157
*Nc1ccc(-c2ccc(C(*)=O)s2)s1,ei,5.182,5.309574127197266,5.402622452619033,5.348375735833707
*Nc1ccc(-c2ccc(C(*)=O)s2)s1,nc,2.393,2.4436206817626953,2.1787063605751325,2.3504305777732304
*Nc1ccc(-c2ccc(C(*)=S)cc2)cc1,eea,2.5787,2.6717026233673096,2.774011794585696,2.6973376386700867
*Nc1ccc(-c2ccc(C(*)=S)cc2)cc1,egc,2.813,2.8511433601379395,2.7051322040711905,2.7852520797852964
*Nc1ccc(-c2ccc(C(*)=S)cc2)cc1,ei,5.3872,5.571221828460693,5.302763782879189,5.459273505127186
*Nc1ccc(-c2ccc(C(*)=S)cc2)cc1,eps,4.84,5.367772579193115,5.384284237929547,5.376822024296872
*Nc1ccc(-c2ccc(C(*)=S)cc2)cc1,nc,2.1003,2.20257568359375,2.1326788477909537,2.1779877588345395
*Nc1ccc(-c2ccc(C(*)=S)cc2)s1,eea,2.3374,3.0110936164855957,2.8908326935109803,2.980960534924416
*Nc1ccc(-c2ccc(C(*)=S)cc2)s1,egb,2.3796,1.808281421661377,1.8686447974075129,1.8222839933789379
*Nc1ccc(-c2ccc(C(*)=S)cc2)s1,eps,5.47,6.168723106384277,5.565433131153431,5.838081612416616
*Nc1ccc(-c2ccc(C(*)=S)s2)cc1,eea,3.1722,2.738502740859986,2.814018720806591,2.757424341714353
*Nc1ccc(-c2ccc(C(*)=S)s2)cc1,egb,1.4764,2.023944139480591,1.74917540225363,1.960205673876132
*Nc1ccc(-c2ccc(C(*)=S)s2)cc1,egc,2.4476,2.7802329063415527,2.3410341189695676,2.5820331851090277
*Nc1ccc(-c2ccc(C(*)=S)s2)cc1,eps,6.84,6.131966590881348,6.823523342824229,6.510983924193281
*Nc1ccc(-c2ccc(C(*)=S)s2)cc1,nc,2.4805,2.2954413890838623,2.355767092019832,2.3166624333242765
*Nc1ccc(-c2ccc(C(*)=S)s2)s1,eea,3.3026,2.9221930503845215,3.0672274268367814,2.958533472416151
*Nc1ccc(-c2ccc(C(*)=S)s2)s1,egc,2.0192,2.4884958267211914,1.9650521415801432,2.2522784339167528
*Nc1ccc(-c2ccc(C(*)=S)s2)s1,nc,2.7581,2.3806374073028564,2.305069935553234,2.3540546973949903
*Nc1ccc(-c2ccc(C(=S)c3ccc(-c4ccc(Nc5ccc(*)cc5)s4)s3)s2)s1,eps,6.88,7.387890815734863,6.748265738456,7.037335361784646
*Nc1ccc(-c2ccc(C(=S)c3ccc(-c4ccc(Nc5ccc(*)cc5)s4)s3)s2)s1,nc,2.4299,2.581190347671509,2.4236845668237916,2.5257838297062216
*Nc1ccc(-c2ccc(NC(=C(C#N)C#N)c3ccc(-c4ccc(C(*)=C(C#N)C#N)cc4)cc3)cc2)cc1,egc,2.7741,2.5507514476776123,2.462369478713083,2.510866816584779
*Nc1ccc(-c2ccc(NC(=O)CCCCCCCCC(*)=O)c(O)c2)cc1O,egc,3.9935,3.829546213150024,3.771751193666058,3.8034647277732248
*Nc1ccc(-c2ccc(NC(=O)Cc3cc(C)c(CC(*)=O)cc3C)cc2)cc1,tg,171.0,253.97601318359375,207.2077355082157,232.26603856400726
*Nc1ccc(-c2ccc(NC(=O)c3cc(C(*)=O)cc(S(=O)(=O)c4ccccc4)c3)cc2)cc1,egb,2.4795,2.7363123893737793,2.6057756701832933,2.7060316148205623
*Nc1ccc(-c2ccc(NC(=O)c3cc(C(*)=O)cc(S(=O)(=O)c4ccccc4)c3)cc2)cc1,tg,319.0,285.3819274902344,289.0813436463025,287.0992075537209
*Nc1ccc(-c2ccc(NC(=O)c3cc(C(=O)O)c(C(*)=O)cc3C(=O)O)cc2)cc1,egc,3.2555,2.882129192352295,3.269452480370099,3.056918763542469
*Nc1ccc(-c2ccc(NC(=O)c3cc(NC(=O)c4ccc(NC(=O)C(C)N5C(=O)c6ccccc6C5=O)cc4)cc(C(*)=O)c3)cc2)cc1,tg,202.0,234.0410919189453,244.3387662409786,238.82130319214787
*Nc1ccc(-c2ccc(NC(=O)c3cc(NC(=O)c4ccncc4)cc(C(*)=O)c3)cc2)cc1,egc,3.2688,3.1776771545410156,3.127401461438155,3.1549889581154655
*Nc1ccc(-c2ccc(NC(=O)c3cc(NC(=O)c4ccncc4)cc(C(*)=O)c3)cc2)cc1,tg,339.0,310.63311767578125,312.4184667997236,311.46188208820894
*Nc1ccc(-c2ccc(NC(=O)c3ccc(C(*)=O)cc3)cc2)cc1,egc,3.3951,3.263678550720215,3.364325252708668,3.309097957263769
*Nc1ccc(-c2ccc(NC(=O)c3ccc(C4(c5ccc(C(*)=O)cc5)OC(=O)c5ccccc54)cc3)cc2)cc1,egc,3.2864,3.1911191940307617,3.2479162876085605,3.216750339738828
*Nc1ccc(-c2ccc(NC(=O)c3ccc(NC(=O)c4ccc([Si](C)(C)c5ccc(C(=O)Nc6ccc(C(*)=O)cc6)cc5)cc4)cc3)cc2)cc1,tg,320.0,295.5713806152344,267.0788406862507,282.3450582135555
*Nc1ccc(-c2ccc(NC(=O)c3cccc(C(*)=O)c3)c(O)c2)cc1O,tg,386.0,234.95944213867188,253.1566131645976,243.4066234495438
*Nc1ccc(-c2ccc(NC(=O)c3cccc(C(*)=O)c3)c(OC)c2)cc1OC,tg,218.2,250.9102325439453,273.3602989624822,261.331620638189
*Nc1ccc(-c2ccc(NC(=O)c3cccc(C(*)=O)c3)cc2)cc1,egc,3.4939,3.552910327911377,3.4128339663623253,3.4896972758526195
*Nc1ccc(-c2ccc(NC3=CC(=O)C(*)=CC3=O)cc2)cc1,egc,2.1114,2.289313554763794,2.8348103333037566,2.535482971776072
*Nc1ccc(-c2ccc(Nc3ccc4c(c3)c3cc(*)ccc3n4CC(CC)CCCC)cc2)cc1,egc,3.3558,3.0846638679504395,3.212791217652575,3.142484621839992
*Nc1ccc(-c2ccc(Nc3ccc4c(c3)c3cc(*)ccc3n4CC(CC)CCCC)cc2)cc1,tg,231.0,202.2562255859375,211.7621116736127,206.66888638847027
*Nc1ccc(-c2ccc(O*)cc2)cc1,egc,4.0962,4.016149997711182,3.6917028604835975,3.869734902765271
*Nc1ccc(-c2ccc(O*)cc2)cc1,eps,4.41,3.8046646118164062,4.040413363629064,3.9338700067353622
*Nc1ccc(Br)cc1-c1ccc(NC(=O)c2ccc(C(*)=O)cc2)cc1,egb,2.9894,2.6440820693969727,2.4519059633201135,2.5995027251426044
*Nc1ccc(Br)cc1-c1ccc(NC(=O)c2ccc(C(*)=O)cc2)cc1,egc,3.4431,3.1857099533081055,3.2215051696167247,3.2018634630577063
*Nc1ccc(Br)cc1-c1ccc(NC(=O)c2ccc(C(*)=O)cc2)cc1,tg,267.0,275.5389709472656,262.8916473384468,269.66804543534096
*Nc1ccc(Br)cc1-c1ccc(NC(=O)c2cccc(C(*)=O)c2)cc1,tg,253.0,273.8287048339844,271.41313237748534,272.70738886236853
*Nc1ccc(C#Cc2ccc(C(*)=O)cc2)cc1,egc,2.946,3.530881881713867,3.509335372595213,3.5211584666598217
*Nc1ccc(C(*)=O)cc1,egc,3.7503,3.693616151809693,3.898078794020995,3.7858851649625525
*Nc1ccc(C(=O)C(*)=S)cc1,eea,4.0513,3.628635883331299,3.4119343678805345,3.5743382421857417
*Nc1ccc(C(=O)C(*)=S)cc1,egc,2.378,2.590085744857788,2.9046340399778043,2.7320337333301485
*Nc1ccc(C(=O)C(*)=S)cc1,ei,6.3689,6.159071445465088,6.401799130996906,6.260290082302925
*Nc1ccc(C(=O)C(*)=S)cc1,eps,5.95,6.688128471374512,5.691636687685092,6.141987236457595
*Nc1ccc(C(=O)C(*)=S)cc1,nc,2.2161,2.252310276031494,2.176116136157832,2.225507120255
*Nc1ccc(C(=O)C(*)=S)s1,egc,2.1167,2.216510534286499,2.5629834706870445,2.3728653362205057
*Nc1ccc(C(=O)O*)cc1,egb,3.977,3.448084831237793,3.605373405044962,3.484571268715218
*Nc1ccc(C(=O)O*)cc1,nc,1.8988,1.937754511833191,1.875814605339699,1.915965631936662
*Nc1ccc(C(=O)O*)s1,eea,2.6486,2.2332451343536377,2.1557353441638,2.213823956037275
*Nc1ccc(C(=O)O*)s1,ei,6.0364,5.8589863777160645,6.099130613046012,5.959127703133085
*Nc1ccc(C(=O)c2ccc(*)s2)cc1,eea,2.4618,2.4973909854888916,2.9647232379859463,2.6144877159342097
*Nc1ccc(C(=O)c2ccc(*)s2)cc1,egc,2.9895,3.2120988368988037,3.142505289256488,3.1806929629781937
*Nc1ccc(C(=O)c2ccc(*)s2)cc1,eps,6.11,6.347215175628662,5.500675876305558,5.8832574933823665
*Nc1ccc(C(=O)c2ccc(*)s2)cc1,nc,2.186,2.2830891609191895,2.1702606559917985,2.243398969539483
*Nc1ccc(C(=O)c2ccc(*)s2)s1,eea,3.0129,2.822300434112549,2.85405718144921,2.8302575379991985
*Nc1ccc(C(=O)c2ccc(*)s2)s1,egb,1.7108,2.2550792694091797,2.2047392584104872,2.243401830804081
*Nc1ccc(C(=O)c2ccc(*)s2)s1,ei,5.2456,5.360851287841797,5.6002754059372295,5.4606923208357205
*Nc1ccc(C(=O)c2ccc(*)s2)s1,eps,8.01,6.270390033721924,6.8561684600828094,6.591434078837835
*Nc1ccc(C(=O)c2ccc(*)s2)s1,nc,2.5062,2.321643352508545,2.3943621867882534,2.3472239843828056
*Nc1ccc(C(=O)c2ccc(NC(=O)c3ccc(C(*)=O)cc3)cc2)cc1,egc,3.6944,3.2583179473876953,3.420281470182203,3.3314081425127577
*Nc1ccc(C(=O)c2ccc(NC(=O)c3ccc(C(*)=O)cc3)cc2)cc1,tg,300.0,226.04864501953125,267.6730409497077,245.37081432138473
*Nc1ccc(C(=O)c2ccc(NC(=O)c3cccc(C(*)=O)c3)cc2)cc1,tg,253.2,271.2330627441406,250.72055693630472,261.7110960905196
*Nc1ccc(C(=O)c2ccc(Nc3ccc4c(c3)c3cc(*)ccc3n4CC(CC)CCCC)cc2)cc1,tg,236.06,221.06707763671875,223.00730743313304,221.96773812134668
*Nc1ccc(C(=S)c2ccc(*)cc2)cc1,egb,1.8785,2.486706256866455,1.8111438646424165,2.329995159617897
*Nc1ccc(C(=S)c2ccc(*)cc2)cc1,egc,2.322,3.112544059753418,2.8291005181790685,2.98463288936666
*Nc1ccc(C(=S)c2ccc(*)cc2)cc1,ei,5.3904,5.571162223815918,5.283805240741946,5.451332950740399
*Nc1ccc(C(=S)c2ccc(*)cc2)cc1,eps,6.72,5.01619291305542,5.973250571312544,5.540721724955936
*Nc1ccc(C(=S)c2ccc(*)cc2)cc1,nc,2.3239,2.094968795776367,2.263608796505003,2.154292048419844
*Nc1ccc(C(=S)c2ccc(*)cc2)s1,eea,2.9139,3.092845678329468,3.0109310977549684,3.0723208172486807
*Nc1ccc(C(=S)c2ccc(*)cc2)s1,egb,1.7781,1.4279663562774658,1.8064106420921375,1.515754575337766
*Nc1ccc(C(=S)c2ccc(*)cc2)s1,eps,6.46,7.031504154205322,6.057466980921549,6.497669482029059
*Nc1ccc(C(=S)c2ccc(*)s2)s1,ei,5.2424,5.044637680053711,5.071865746576474,5.055991917503492
*Nc1ccc(C(=S)c2ccc(*)s2)s1,eps,6.36,7.1891937255859375,5.988134269066026,6.5309363214316996
*Nc1ccc(C(C)(C)c2ccc(NC(=O)c3cc(C(*)=O)cc(N4C(=O)C5C6CCC(C6)C5C4=O)c3)cc2)cc1,egc,4.0843,3.3476860523223877,3.649843886625961,3.484042527451881
*Nc1ccc(C(C)(C)c2ccc(NC(=O)c3cc(C(*)=O)cc(N4C(=O)C5C6CCC(C6)C5C4=O)c3)cc2)cc1,tg,311.0,297.2065734863281,267.3790260995621,283.36053662292403
*Nc1ccc(C(C)(C)c2ccc(NC(=O)c3cc(C(*)=O)cc(S(=O)(=O)c4ccccc4)c3)cc2)cc1,tg,287.0,273.7802734375,260.21827931699477,267.48475513360154
*Nc1ccc(C(C)(C)c2ccc(NC(=O)c3cccc(C(*)=O)c3)cc2)cc1,tg,278.33,246.6930694580078,260.7099328388728,253.19973943540143
*Nc1ccc(C(c2ccc(NC(=O)c3cc(C(*)=O)cc(C(C)(C)C)c3)cc2)(C(F)(F)F)C(F)(F)F)cc1,tg,284.1,270.83111572265625,233.7742844132679,253.62922360267635
*Nc1ccc(C(c2ccc(NC(=O)c3cc(C(*)=O)cc(C(C)(C)C)c3)cc2)(P2(=O)Oc3ccccc3-c3ccccc32)P2(=O)Oc3ccccc3-c3ccccc32)cc1,tg,235.0,222.64065551757812,244.4771401610957,232.77721711350233
*Nc1ccc(C(c2ccc(NC(=O)c3cc(NC(=O)C45CC6CC(CC(C6)C4)C5)cc(C(*)=O)c3)cc2)(C(F)(F)F)C(F)(F)F)cc1,tg,365.0,310.33062744140625,302.97516737789914,306.9162008421947
*Nc1ccc(C(c2ccc(NC(=O)c3cc(NC(=O)CCCCCN4C(=O)c5ccccc5C4=O)cc(C(*)=O)c3)cc2)(C(F)(F)F)C(F)(F)F)cc1,tg,225.0,237.6011962890625,214.01817579772825,226.6538875197768
*Nc1ccc(C(c2ccc(NC(=O)c3cc(NC(=O)CCCN4C(=O)c5ccccc5C4=O)cc(C(*)=O)c3)cc2)(C(F)(F)F)C(F)(F)F)cc1,tg,240.0,239.48973083496097,250.00313984406577,244.37008679626592
*Nc1ccc(C(c2ccc(NC(=O)c3ccc(-c4ccc(C(*)=O)cc4)cc3)cc2)(P2(=O)Oc3ccccc3-c3ccccc32)P2(=O)Oc3ccccc3-c3ccccc32)cc1,tg,251.0,222.26280212402344,240.87643031206576,230.90330409729933
*Nc1ccc(C(c2ccc(NC(=O)c3ccc(C(*)=O)cc3)cc2)(P2(=O)Oc3ccccc3-c3ccccc32)P2(=O)Oc3ccccc3-c3ccccc32)cc1,tg,245.0,269.7960205078125,234.00748001915736,253.18287278674956
*Nc1ccc(C(c2ccc(NC(=O)c3ccc(C(c4ccc(C(*)=O)cc4)(C(F)(F)F)C(F)(F)F)cc3)cc2)(P2(=O)Oc3ccccc3-c3ccccc32)P2(=O)Oc3ccccc3-c3ccccc32)cc1,tg,235.0,268.74981689453125,238.8124244570887,254.85278962949582
*Nc1ccc(C(c2ccc(NC(=O)c3ccc4cc(C(*)=O)ccc4c3)cc2)(P2(=O)Oc3ccccc3-c3ccccc32)P2(=O)Oc3ccccc3-c3ccccc32)cc1,tg,241.0,285.35101318359375,238.76837808066523,263.727214402343
*Nc1ccc(C(c2ccc(NC(=O)c3cccc(C(*)=O)c3)cc2)(P2(=O)Oc3ccccc3-c3ccccc32)P2(=O)Oc3ccccc3-c3ccccc32)cc1,tg,230.0,226.217529296875,225.58173447376709,225.9223914350802
*Nc1ccc(C2(c3ccc(NC(=O)Cc4ccc(Oc5ccc(C(*)=O)cc5)cc4)cc3)OC(=O)c3ccccc32)cc1,egc,4.1183,3.6444289684295654,3.622940436375881,3.634731717013593
*Nc1ccc(C2(c3ccc(NC(=O)c4ccc(C(*)=O)cc4)cc3)c3ccccc3-c3ccccc32)cc1,tg,319.0,269.003662109375,278.2406609464074,273.2915046445449
*Nc1ccc(C2(c3ccc(NC(=O)c4ccc(C(*)=O)cc4)cc3)c3ccccc3C(=O)c3ccccc32)cc1,egc,3.2678,3.2046539783477783,3.1087046236360294,3.1613543702816873
*Nc1ccc(C2(c3ccc(NC(=O)c4ccc(C5(c6ccc(C(*)=O)cc6)OC(=O)c6ccccc65)cc4)cc3)OC(=O)c3ccccc32)cc1,egc,3.8809,3.1282529830932617,3.5652668451424456,3.325466700715703
*Nc1ccc(C=Cc2ccc(NC(=C(C#N)C#N)c3ccc(C(*)=C(C#N)C#N)cc3)cc2)cc1,egc,2.0414,2.518003225326538,2.718327460514094,2.608404676131693
*Nc1ccc(CC(C)(C)NC(=O)CCC(*)=O)cc1,tg,158.0,143.141845703125,127.76393741691224,136.00337460283535
*Nc1ccc(CC(C)(C)NC(=O)CCCCC(*)=O)cc1,tg,130.0,112.74249267578124,124.1383397428666,118.03247902747796
*Nc1ccc(CC(C)(C)NC(=O)CCCCCCCCC(*)=O)cc1,egc,4.455,4.972240447998047,4.645092787673427,4.824606672717846
*Nc1ccc(CC(C)(C)NC(=O)CCCCCCCCC(*)=O)cc1,tg,92.0,91.1701202392578,101.20648951383772,95.82903292653512
*Nc1ccc(CCNC(=O)CCCCC(*)=O)cc1,tg,115.0,96.24435424804688,106.55850397648624,101.03221345426519
*Nc1ccc(Cc2ccc(NC(=O)NCCCCCCCCCCCCCCCCCCNC(*)=O)cc2)cc1,tg,48.0,90.04570007324219,48.42203645984067,70.72387071502973
*Nc1ccc(Cc2ccc(NC(=O)NCCCCCCCCCCCCNC(*)=O)cc2)cc1,tg,51.0,77.08616638183594,48.537976809249194,63.83401124886436
*Nc1ccc(Cc2ccc(NC(=O)NCCCCCCCCCCNC(*)=O)cc2)cc1,tg,46.0,71.7567367553711,63.81681471432632,68.07100115507706
*Nc1ccc(Cc2ccc(NC(=O)NCCCCCCCCNC(*)=O)cc2)cc1,tg,50.0,67.69943237304688,71.0262224217686,69.24373828107618
*Nc1ccc(Cc2ccc(NC(=O)NCCCCCCNC(*)=O)cc2)cc1,tg,78.0,85.4185791015625,90.57342867647368,87.81147571870744
*Nc1ccc(Cc2ccc(NC(=O)c3cc(C(*)=O)cc(N4C(=O)C5C6CCC(C6)C5C4=O)c3)cc2)cc1,egc,3.4808,3.91685938835144,3.760271767422717,3.8461952068716965
*Nc1ccc(Cc2ccc(NC(=O)c3cc(C(*)=O)cc(N4C(=O)C5CC=CCC5C4=O)c3)cc2)cc1,tg,286.0,262.8504638671875,272.53466142074825,267.3458973864242
*Nc1ccc(Cc2ccc(NC(=O)c3cc(C(*)=O)cc(N4C(=O)C=CC4=O)c3)cc2)cc1,egc,2.1937,3.3927743434906006,3.155699511578389,3.2857882430111136
*Nc1ccc(Cc2ccc(NC(=O)c3cc(C(*)=O)cc(N4C(=O)C=CC4=O)c3)cc2)cc1,tg,287.0,246.5394287109375,269.59446769077346,257.24164688069754
*Nc1ccc(Cc2ccc(NC(=O)c3cc(C(*)=O)cc(S(=O)(=O)c4ccccc4)c3)cc2)cc1,tg,270.0,275.89630126953125,270.2342083210809,273.26794075863495
*Nc1ccc(Cc2ccc(NC(=O)c3cc(NC(=O)CCCCCN4C(=O)c5ccccc5C4=O)cc(C(*)=O)c3)cc2)cc1,tg,195.0,183.21495056152344,201.7064855895015,191.79877652409357
*Nc1ccc(Cc2ccc(NC(=O)c3cc(NC(=O)CCN4C(=O)c5ccccc5C4=O)cc(C(*)=O)c3)cc2)cc1,tg,235.0,218.1361083984375,224.50810224466647,221.09400703302035
*Nc1ccc(Cc2ccc(NC(=O)c3cc(NC(=O)c4ccc(NC(=O)C(CC(C)C)N5C(=O)c6ccccc6C5=O)cc4)cc(C(*)=O)c3)cc2)cc1,tg,238.0,262.1718444824219,228.6668186061802,246.61871108609105
*Nc1ccc(Cc2ccc(NC(=O)c3cc(NC(=O)c4ccccc4)cc(C(*)=O)c3)cc2)cc1,tg,285.0,270.6085205078125,271.40580471113174,270.97862222374056
*Nc1ccc(Cc2ccc(NC(=O)c3cc(NC(=O)c4ccncc4)cc(C(*)=O)c3)cc2)cc1,egc,3.497,3.3256328105926514,3.3619677715509844,3.3420298939635504
*Nc1ccc(Cc2ccc(NC(=O)c3cc(NC(=O)c4ccncc4)cc(C(*)=O)c3)cc2)cc1,tg,302.0,280.7507629394531,293.9823465207262,286.89290368109533
*Nc1ccc(Cc2ccc(NC(=O)c3ccc(P(=O)(c4ccccc4)c4ccc(C(*)=O)cc4)cc3)cc2)cc1,egc,3.0916,3.803003072738647,3.651091676235669,3.7344491575079277
*Nc1ccc(NC(*)=S)s1,eea,2.2133,2.3136308193206787,2.7646932744070503,2.426650921047095
*Nc1ccc(NC(*)=S)s1,egb,2.1538,2.3136186599731445,2.3672896222874265,2.3260687837388674
*Nc1ccc(NC(*)=S)s1,egc,2.9073,2.7316060066223145,3.1256895166259664,2.9094463014291962
*Nc1ccc(NC(*)=S)s1,eps,5.78,5.727626800537109,5.6384121426102105,5.678731461658859
*Nc1ccc(NC(*)=S)s1,nc,2.19,2.1671946048736572,2.141225303695445,2.1580592668274448
*Nc1ccc(NC(=O)C=CC(*)=O)cc1,egc,2.7273,2.975827217102051,3.4187476490198234,3.1757064259213137
*Nc1ccc(NC(=O)C=Cc2ccc(C=CC(*)=O)cc2)cc1,egc,3.0305,2.846737861633301,3.0141620874070165,2.9222923390818387
*Nc1ccc(NC(=O)CCC(*)=O)cc1,egc,4.4554,3.903916358947754,4.082376455883654,3.9844510564032527
*Nc1ccc(NC(=O)CCCC(*)=O)cc1,egc,3.9291,4.475922107696533,4.524902364528559,4.498025705268133
*Nc1ccc(NC(=O)CCCC(*)=O)cc1,tg,135.0,142.2570037841797,143.81361531757494,142.97958752175353
*Nc1ccc(NC(=O)CCCCC(*)=O)cc1,egc,4.5219,4.203916549682617,4.392600968905758,4.2890652348935205
*Nc1ccc(NC(=O)CCCCC(*)=O)cc1,tg,133.0,165.3537139892578,139.79103626155387,153.48744239958813
*Nc1ccc(NC(=O)CCCCCCC(*)=O)cc1,tg,138.0,125.22483825683594,133.1151710839897,128.88755439546728
*Nc1ccc(NC(=O)CCCCCCCC(*)=O)cc1,egc,4.5152,4.594069004058838,4.482977509390175,4.5439361168384895
*Nc1ccc(NC(=O)CCCCCCCC(*)=O)cc1,tg,130.0,117.29566955566406,131.04355846161042,123.67748077592464
*Nc1ccc(NC(=O)CCCCCCCCC(*)=O)cc1,egc,4.5375,4.6341633796691895,4.4248064692103615,4.5396857023984225
*Nc1ccc(NC(=O)CCCCCCCCC(*)=O)cc1,tg,125.0,119.78669738769533,122.7357760092266,121.1556685195597
*Nc1ccc(NC(=O)Cc2cc(CC(*)=O)c(C)cc2C)cc1,tg,208.0,199.3269805908203,223.6098005414312,210.59913836577496
*Nc1ccc(NC(=O)NC(=O)NC(*)=O)s1,eea,1.5146,1.929795265197754,1.6182770724889315,1.851739959479971
*Nc1ccc(NC(=O)NC(=O)NC(*)=O)s1,egb,3.2632,3.1803689002990723,2.897386434136986,3.114725085183241
*Nc1ccc(NC(=O)NC(=O)NC(*)=O)s1,egc,3.5876,3.6557083129882817,3.609066377179459,3.6346599427722133
*Nc1ccc(NC(=O)NC(=O)NC(*)=O)s1,eps,5.34,5.500488758087158,4.928864470906143,5.1872020865667015
*Nc1ccc(NC(=O)NC(=O)NC(*)=O)s1,nc,1.9797,1.9837297201156616,2.052076152552895,2.0077722524996515
*Nc1ccc(NC(=O)NONC(*)=O)s1,eea,1.3385,1.74776291847229,1.422797962596546,1.6663383353431884
*Nc1ccc(NC(=O)NONC(*)=O)s1,ei,5.6948,5.468669891357422,5.676614242794116,5.555383707065895
*Nc1ccc(NC(=O)c2cc(-c3ccc(C(=O)OC)c(C(*)=O)c3)ccc2C(=O)OC)cc1,tg,234.2,211.8509063720703,214.65194556051577,213.15115715555453
*Nc1ccc(NC(=O)c2cc(-c3ccc(C(=O)OCC)c(C(*)=O)c3)ccc2C(=O)OCC)cc1,tg,231.7,180.71778869628903,207.68671948115664,193.23684716837607
*Nc1ccc(NC(=O)c2cc(C(*)=O)c(C(=O)O)cc2C(=O)O)cc1,tg,283.4,194.13137817382812,227.27134164027092,209.51504850576492
*Nc1ccc(NC(=O)c2cc(C(=O)c3ccc(C(=O)O)c(C(*)=O)c3)ccc2C(=O)O)cc1,tg,213.2,232.23263549804688,246.05326516791465,238.64821319885874
*Nc1ccc(NC(=O)c2cc(NC(=O)c3ccc(NC(=O)C(C)N4C(=O)c5ccccc5C4=O)cc3)cc(C(*)=O)c2)cc1C,egc,2.319,3.0381908416748047,2.898957842988623,2.9753583787459013
*Nc1ccc(NC(=O)c2cc(NC(=O)c3ccccc3)cc(C(*)=O)c2)cc1,egc,3.3958,3.4658336639404297,3.4769461481136825,3.470848457534279
*Nc1ccc(NC(=O)c2cc(NC(=O)c3ccccc3)cc(C(*)=O)c2)cc1,tg,321.0,311.17767333984375,316.04454420586933,313.43688937750954
*Nc1ccc(NC(=O)c2cc(NC(=O)c3ccncc3)cc(C(*)=O)c2)cc1,tg,327.0,326.81268310546875,320.8228412956106,324.0321805911369
*Nc1ccc(NC(=O)c2ccc(C(=O)c3ccc(C(*)=O)c(C(=O)O)c3)cc2C(=O)O)cc1,egc,3.0554,3.0926809310913086,3.306191918930374,3.189033242360197
*Nc1ccc(NC(=O)c2ccc(C(=O)c3ccc(C(*)=O)c(C(=O)OCC)c3)cc2C(=O)OCC)cc1,tg,275.0,177.6554412841797,214.2553678166499,194.64523683777946
*Nc1ccc(NC(=O)c2ccc(C3(c4ccc(C(*)=O)cc4)OC(=O)c4ccccc43)cc2)cc1,egc,3.4199,3.558225631713867,3.646627048486238,3.5981190391289575
*Nc1ccc(NC(=O)c2ccc(NC(=O)CCCCCCCCC(=O)Nc3ccc(C(*)=O)cc3)cc2)cc1C(=O)OCCCCCCCCCCCC,tg,228.5,219.3914794921875,224.59755376693664,221.8081547684718
*Nc1ccc(NC(=O)c2ccc(NC(=O)CCCCCCCCC(=O)Nc3ccc(C(*)=O)cc3)cc2)cc1C(=O)OCCCCCCCCCCCCCC,tg,225.0,231.81201171875,226.20346657582476,229.20850825961332
*Nc1ccc(NC(=O)c2ccc(NC(=O)CCCCCCCCC(=O)Nc3ccc(C(*)=O)cc3)cc2)cc1C(=O)OCCCCCCCCCCCCCCCC,tg,220.0,227.3150634765625,223.1902649421112,225.40031963854022
*Nc1ccc(NC(=O)c2ccc(NC(=O)CCCCCCCCC(=O)Nc3ccc(C(*)=O)cc3)cc2)cc1C(=O)OCCCCCCCCCCCCCCCCCC,tg,280.0,215.9851531982422,224.3268335071559,219.85738619019097
*Nc1ccc(NC(=O)c2ccc(NC(=O)CCCCCCCCCCC(=O)Nc3ccc(C(*)=O)cc3)cc2)cc1C(=O)OCCCCCCCCCCCC,tg,205.5,231.81201171875,203.5836160988381,218.70830589674637
*Nc1ccc(NC(=O)c2ccc(NC(=O)CCCCCCCCCCC(=O)Nc3ccc(C(*)=O)cc3)cc2)cc1C(=O)OCCCCCCCCCCCCCC,tg,199.5,228.60482788085935,199.99912744872685,215.32597603457805
*Nc1ccc(NC(=O)c2ccc(NC(=O)CCCCCCCCCCC(=O)Nc3ccc(C(*)=O)cc3)cc2)cc1C(=O)OCCCCCCCCCCCCCCCC,tg,199.5,227.18667602539065,208.99317204975924,218.74119697025222
*Nc1ccc(NC(=O)c2ccc(NC(=O)CCCCCCCCCCCCC(=O)Nc3ccc(C(*)=O)cc3)cc2)cc1C(=O)OCCCCCCCCCCCCCC,tg,204.5,215.9851531982422,236.1542054429425,225.34768767883267
*Nc1ccc(NC(=O)c2ccc(NC(=O)CCCCCCCCCCCCC(=O)Nc3ccc(C(*)=O)cc3)cc2)cc1C(=O)OCCCCCCCCCCCCCCCC,tg,250.0,218.34988403320312,213.21520734305483,215.96635172960518
*Nc1ccc(NC(=O)c2ccc(NC(=O)c3cc(NC(=O)C45CC6CC(CC(C6)C4)C5)cc(C(*)=O)c3)cc2)cc1,egc,3.1839,3.032142162322998,3.3445892528917427,3.173141928331434
*Nc1ccc(NC(=O)c2ccc(NC(=O)c3cc(NC(=O)C45CC6CC(CC(C6)C4)C5)cc(C(*)=O)c3)cc2)cc1,tg,365.0,360.6046142578125,324.94894231010943,344.05314451154766
*Nc1ccc(NC(=O)c2ccc(NC(=O)c3ccc(P(=O)(c4ccccc4)c4ccc(C(*)=O)cc4)cc3)cc2)cc1,tg,243.0,306.0270080566406,254.7892815895173,282.2423019169876
*Nc1ccc(NC(=O)c2cccc(C(*)=O)c2)cc1,egc,3.551,3.650463342666626,3.810552482226407,3.7227076742663616
*Nc1ccc(NC(=O)c2cccc(C(*)=O)c2)cc1,tg,285.75,304.241455078125,266.40189986697845,286.6762201778258
*Nc1ccc(NC(=O)c2cccc(C(=O)c3ccc(C(*)=O)cc3)c2)cc1,tg,257.5,261.72442626953125,252.93828534968108,257.64587333033506
*Nc1ccc(NC(=S)NC(=O)c2ccc(C(=O)NC(*)=S)cc2)cc1,egc,2.6945,3.3752198219299316,3.342268844924594,3.360349848139986
*Nc1ccc(NC(=S)NC(=O)c2cccc(C(=O)NC(*)=S)c2)cc1,egc,3.3129,2.831334114074707,2.8276240208386314,2.8296598393128463
*Nc1ccc(NO*)cc1,eps,4.2,4.359931945800781,4.329019858046291,4.342990144517089
*Nc1ccc(NO*)cc1,nc,1.8848,1.8922667503356936,1.8863542459971592,1.8901868820534649
*Nc1ccc(N[Se]*)cc1,tg,55.0,-10.749908447265623,70.96248241593634,27.18122821034499
*Nc1ccc(Nc2ccc(*)cc2)cc1C(=O)O,egc,2.6737,3.4877138137817383,3.5441278210946567,3.5131720819840133
*Nc1ccc(Nc2ccc(*)s2)cc1,eea,1.0698,0.9465770721435548,1.3173223023221192,1.0394725529286744
*Nc1ccc(Nc2ccc(*)s2)cc1,egb,2.8374,3.3950259685516357,3.3668629519936077,3.3884929565346282
*Nc1ccc(Nc2ccc(*)s2)cc1,egc,3.8931,3.705011367797851,3.5599412608260725,3.639544759993612
*Nc1ccc(Nc2ccc(*)s2)cc1,eps,5.07,4.5240888595581055,5.013212851095361,4.792160092194486
*Nc1ccc(Nc2ccc(*)s2)s1,eea,1.4393,1.2979345321655271,1.3295392489583806,1.3058535426410918
*Nc1ccc(Nc2ccc(*)s2)s1,egc,2.5847,3.120333671569824,3.2667948239381457,3.186428024299012
*Nc1ccc(Nc2ccc(*)s2)s1,ei,4.0261,4.355298042297363,4.884756648099956,4.5760848809473575
*Nc1ccc(OC(*)=S)cc1,egb,3.2479,2.5040783882141113,3.142265629853356,2.652119522591156
*Nc1ccc(OC(*)=S)cc1,egc,3.7435,3.468104362487793,3.350049859237579,3.414829238996573
*Nc1ccc(OC(*)=S)cc1,ei,5.9088,5.511463165283203,5.636605130350538,5.563647979255169
*Nc1ccc(OC(*)=S)cc1,eps,4.5,5.181648254394531,4.696505223293501,4.9157588427067855
*Nc1ccc(OC(*)=S)cc1,nc,1.9514,2.026389837265014,1.9482761632464651,1.9989114383164206
*Nc1ccc(OC(*)=S)s1,ei,5.6596,5.453362941741943,5.565155384148502,5.499980939208413
*Nc1ccc(OC(*)=S)s1,eps,5.02,5.463751316070557,5.108859928358205,5.269248136095507
*Nc1ccc(Oc2ccc(*)cc2)cc1,eea,1.1501,1.1516567468643188,1.207387292055718,1.165620826152617
*Nc1ccc(Oc2ccc(*)cc2)cc1,egb,3.2074,3.723118543624878,3.4578483174413885,3.661583460128398
*Nc1ccc(Oc2ccc(*)cc2)cc1,egc,3.6519,4.065399646759033,3.9486326062820942,4.012705523876415
*Nc1ccc(Oc2ccc(*)cc2)cc1,ei,4.8032,5.552693843841553,5.328463768544598,5.459188801308495
*Nc1ccc(Oc2ccc(*)cc2)cc1,eps,4.38,4.187035083770752,4.399192887190074,4.303311130049526
*Nc1ccc(Oc2ccc(*)cc2)cc1,nc,1.9297,1.9684982299804688,1.9233973940139957,1.9526329057696585
*Nc1ccc(Oc2ccc(*)s2)cc1,egc,4.2211,3.9199671745300297,3.9581636167424783,3.9372042990764813
*Nc1ccc(Oc2ccc(*)s2)cc1,ei,5.3817,4.747992515563965,5.076805042190265,4.885108953877946
*Nc1ccc(Oc2ccc(*)s2)cc1,nc,1.9073,1.9144058227539065,1.9118663888704768,1.9135125146586314
*Nc1ccc(Oc2ccc(*)s2)s1,egb,3.9124,2.770693302154541,3.21161390042201,2.872974233641134
*Nc1ccc(Oc2ccc(*)s2)s1,eps,4.14,4.687753200531006,4.5709845301355605,4.6237565004144585
*Nc1ccc(Oc2ccc(*)s2)s1,nc,1.9001,1.9973361492156985,1.9740418799273836,1.9891418191862558
*Nc1ccc(Oc2ccc(Nc3ccc4c(c3)c3cc(*)ccc3n4CC(CC)CCCC)cc2)cc1,tg,220.0,176.22291564941406,212.42851713308676,193.02966433392274
*Nc1ccc([Si](c2ccccc2)(c2ccccc2)c2ccc(NC(=O)c3ccc4c(c3)Cc3cc(C(*)=O)ccc3-4)cc2)cc1,tg,54.45,269.2156066894531,245.7892816062055,258.34103639807716
*Nc1cccc(C#Cc2cccc(C(*)=O)c2)c1,egc,3.7438,3.616494655609131,3.4351921618945545,3.534677253680478
*Nc1cccc(C(*)=O)c1,egb,3.2399,3.492004632949829,3.2325347800135664,3.431815069669523
*Nc1cccc(C(*)=O)c1,egc,4.1556,4.310081481933594,3.869367875766155,4.111198159854233
*Nc1cccc(C(*)=O)c1,eps,4.43,4.867304801940918,4.508539812381357,4.670678640390868
*Nc1cccc(C(=O)c2ccc(NC(=O)c3cccc(C(=O)c4ccc(C(*)=O)cc4)c3)cc2)c1,tg,215.0,207.58718872070312,253.35462023477004,228.83256755356865
*Nc1cccc(C=Cc2ccc(NC(=O)c3cccc(C(*)=O)c3)cc2)c1,tg,272.0,265.30670166015625,262.880893127889,264.18063407150044
*Nc1cccc(CCc2ccc(NC(=O)c3ccc(C(*)=O)cc3)cc2)c1,tg,203.0,243.3702087402344,224.83100204314636,234.7642534460341
*Nc1cccc(NC(=O)C=CC(*)=O)c1,egc,3.628,3.301819324493408,3.3351480146654455,3.3168597510407345
*Nc1cccc(NC(=O)CCCCC(*)=O)c1,tg,113.35,135.82504272460938,127.38192951052316,131.90572427417587
*Nc1cccc(NC(=O)CCCCC(=O)Nc2ccc(C(=O)NC(*)=S)cc2)c1,tg,267.0,253.49923706054688,225.34987427754064,240.43221851822554
*Nc1cccc(NC(=O)CCCCC(=O)Nc2cccc(NC(=S)NC(=O)c3ccc(C(=O)NC(*)=S)cc3)c2)c1,tg,241.0,250.3370056152344,233.01438729875275,242.29579429233826
*Nc1cccc(NC(=O)CCCCCCC(*)=O)c1,egc,4.8656,4.652797222137451,4.761172799668303,4.7017044820676475
*Nc1cccc(NC(=O)CCCCCCCCC(=O)Nc2ccc(C(=O)NC(*)=S)cc2)c1,tg,265.0,232.71142578125,174.9225067281567,205.8856364151281
*Nc1cccc(NC(=O)Cc2cc(C)c(CC(*)=O)cc2C)c1,tg,249.0,164.16561889648438,194.940467899874,178.45139600854037
*Nc1cccc(NC(=O)Nc2ccc(Cc3ccc(NC(*)=O)cc3)cc2)c1,tg,132.0,182.1920623779297,181.8282404544241,182.02317515098966
*Nc1cccc(NC(=O)c2cc(C(*)=O)cc(S(=O)(=O)c3ccccc3)c2)c1,tg,277.0,229.9839782714844,257.6256908254211,242.8153440564982
*Nc1cccc(NC(=O)c2cc(NC(=O)c3ccccc3)cc(C(*)=O)c2)c1,tg,300.0,296.7412109375,291.98039483203496,294.53122583743766
*Nc1cccc(NC(=O)c2cc(NC(=O)c3ccncc3)cc(C(*)=O)c2)c1,egc,3.2998,3.481173038482666,3.517667402201125,3.497642056438835
*Nc1cccc(NC(=O)c2cc(NC(=O)c3ccncc3)cc(C(*)=O)c2)c1,tg,321.0,291.836181640625,315.33758858483276,302.7456051568118
*Nc1cccc(NC(=O)c2ccc(C(=O)Nc3cccc(NC(=S)NC(=O)c4ccc(C(=O)NC(*)=S)cc4)c3)cc2)c1,tg,258.0,247.45997619628903,264.21504411144815,255.2377289224506
*Nc1cccc(NC(=O)c2ccc(NC(=O)c3ccc([Si](C)(C)c4ccc(C(=O)Nc5ccc(C(*)=O)cc5)cc4)cc3)cc2)c1,egc,3.5185,3.2215237617492676,3.1845429298895045,3.204835212563124
*Nc1cccc(NC(=O)c2cccc(C(*)=O)c2)c1,egc,4.1202,3.891136884689331,3.84029179739556,3.8681917345263055
*Nc1cccc(NC(=O)c2cccc(C(=O)Nc3ccc(C(=O)NC(*)=S)cc3)c2)c1,tg,270.0,249.89425659179688,265.3616869501798,257.0742841062055
*Nc1cccc(NC(=O)c2cccc(C(=O)Nc3cccc(NC(=S)NC(=O)CCCCC(=O)NC(*)=S)c3)c2)c1,tg,242.0,230.27911376953125,210.62592748799912,221.15604581463208
*Nc1cccc(NC(=O)c2cccc(C(=O)Nc3cccc(NC(=S)NC(=O)c4cccc(C(=O)NC(*)=S)c4)c3)c2)c1,tg,244.0,260.6289367675781,245.93554434736544,253.8082199831672
*Nc1cccc2c(NC(=O)Nc3cc(NC(*)=O)cc(C(=O)Nc4ccc5c(c4)C(=O)c4ccccc4C5=O)c3)cccc12,tg,178.0,233.41256713867188,189.54067556236788,213.04710362415278
*Nc1cccc2c(NC(=O)Nc3cc(NC(*)=O)cc(C(=O)Nc4cccc5c4C(=O)c4ccccc4C5=O)c3)cccc12,tg,185.0,183.17864990234375,192.5807457371128,187.54313095851097
*Nc1cccc2c(NC(=O)c3cc(NC(=O)C(CCSC)N4C(=O)c5ccccc5C4=O)cc(C(*)=O)c3)cccc12,tg,198.0,205.95751953125,206.03888348493925,205.99528892232752
*Nc1cccc2c(NC(=O)c3ccc(C(*)=O)cc3)cccc12,tg,305.0,245.81121826171875,269.1353981049261,256.63837242663016
*Nc1cccc2c(N[Se]*)cccc12,tg,53.0,117.9572296142578,178.3415680280497,145.9878204237652
*Nc1ccccc1-c1ccc(NC(=O)c2ccc(C(*)=O)cc2)cc1,tg,263.0,272.39422607421875,261.3895020133547,267.2858001938556
*Nc1ccccc1CCc1ccc(NC(*)=O)cc1,tg,197.0,163.23171997070312,154.5964825806102,159.22321690214306
*Nc1ccccc1CCc1ccc(NC(=O)NCCCCCCNC(*)=O)cc1,tg,150.0,100.20516204833984,106.88737382098437,103.30706477381031
*Nc1ccccc1NC(=O)c1cccc(C(*)=O)c1,egc,3.6159,3.680375099182129,3.8415598511440305,3.753113853988218
*Nc1cnc(*)s1,tg,62.0,234.3231201171875,107.50263138739209,175.45266928130144
*Nc1nc(*)nc(-c2ccccc2)n1,egc,4.2193,4.0574951171875,4.036292473765095,4.047926880351377
*Nc1nc(Nn2c(=O)c3cc4c(=O)n(*)c(=O)c4cc3c2=O)nc(N(CC)CC)n1,egc,2.6124,2.8269171714782715,2.6215345905454397,2.7342330123746477
*Nc1nc(Nn2c(=O)c3cc4c(=O)n(*)c(=O)c4cc3c2=O)nc(N(CCC)CCC)n1,egc,2.5752,3.081780195236206,2.790790283244355,2.950463531582911
*OC(*)(C)C,egc,6.2991,5.618374824523926,5.623112242555334,5.6205127059575375
*OC(*)C,tg,-21.07,-37.33819580078125,-5.725089219481835,-22.663297009551716
*OC(*)C(Cl)Cl,egc,6.5565,5.872847557067871,5.782958722424039,5.8322829141759165
*OC(*)CC,egc,6.1349,6.367761135101318,6.1008794936793045,6.2473239470834905
*OC(*)CCC,egc,6.6355,6.26747465133667,6.180009677750262,6.228003837935372
*OC(*)CCC#N,egc,6.5576,7.000995635986328,6.694254405260629,6.8625707856261124
*OC(*)CCCC,egc,6.6222,6.411574363708496,6.278896227257233,6.351699950539821
*OC(=C(C)C)C(C)(C)C(*)=O,egc,4.7881,5.174592018127441,4.830769681054744,5.0194333671459965
*OC(=C)CC(*)=O,egc,5.0472,5.353271007537842,5.215205061428886,5.290965207027234
*OC(=O)C(=S)C(*)=O,eea,5.1004,5.5715861320495605,4.0687652686315605,5.195033029602673
*OC(=O)C(=S)C(*)=O,egb,1.4341,0.4667823314666748,1.633136853620343,0.7373431250386522
*OC(=O)C(C)NC(=O)CCCCC(=O)NC(C)C(=O)OC1COC2C(*)COC12,tg,56.0,71.10365295410156,91.02469298894572,80.35105942380616
*OC(=O)C(C)NC(=O)CCCCCC(=O)NC(C)C(=O)OC1COC2C(*)COC12,tg,45.0,67.8313217163086,80.82716555046744,73.86403136103932
*OC(=O)C(C)NC(=O)CCCCCCC(=O)NC(C)C(=O)OC1COC2C(*)COC12,tg,57.0,48.837890625,79.33408120142481,62.99431366036899
*OC(=O)C(C)NC(=O)CCCCCCCCC(=O)NC(C)C(=O)OC1COC2C(*)COC12,tg,57.0,54.178993225097656,54.21613487829856,54.19623449179382
*OC(=O)C(CC(C)C)NC(=O)CCCCC(=O)NC(CC(C)C)C(=O)OC1COC2C(*)COC12,tg,91.0,121.62208557128906,94.86921127008996,109.20332116624888
*OC(=O)C(CC(C)C)NC(=O)CCCCCCCCC(=O)NC(CC(C)C)C(=O)OC1COC2C(*)COC12,tg,89.0,81.20899963378906,70.31343325468757,76.15124507634798
*OC(=O)C(CCSC)NC(=O)CCCCC(=O)NC(CCSC)C(=O)OC1COC2C(*)COC12,tg,71.0,55.62247467041016,66.77316637986749,60.79865917058473
*OC(=O)C(CCSC)NC(=O)CCCCCCCCC(=O)NC(CCSC)C(=O)OC1COC2C(*)COC12,tg,61.0,51.656272888183594,58.2338227885698,54.709591258973774
*OC(=O)C(Cc1ccccc1)NC(=O)CCCCC(=O)NC(Cc1ccccc1)C(=O)OC1COC2C(*)COC12,egc,5.287,5.564600944519043,4.986426761704999,5.303685010430797
*OC(=O)C(Cc1ccccc1)NC(=O)CCCCC(=O)NC(Cc1ccccc1)C(=O)OC1COC2C(*)COC12,tg,97.5,93.8041763305664,86.93772533169543,90.61674920428155
*OC(=O)C(Cc1ccccc1)NC(=O)CCCCCCC(=O)NC(Cc1ccccc1)C(=O)OC1COC2C(*)COC12,tg,91.0,93.1309814453125,75.4792469463619,84.9369934044476
*OC(=O)C(Cc1ccccc1)NC(=O)CCCCCCCCC(=O)NC(Cc1ccccc1)C(=O)OC1COC2C(*)COC12,tg,74.0,85.53936767578125,78.5781293363414,82.30793998201148
*OC(=O)C(Cc1ccccc1)NC(=O)CCCCCCCCCCC(=O)NC(Cc1ccccc1)C(=O)OC1COC2C(*)COC12,tg,76.0,88.7852783203125,69.53901377545357,79.85110465475732
*OC(=O)C(F)(F)C(*)(F)F,ei,9.0985,8.723374366760254,8.578068763768185,8.662781216755413
*OC(=O)C(F)(F)C(*)(F)F,eps,3.31,3.6420183181762695,3.45364503841377,3.5387777121635002
*OC(=O)C(F)(F)C(*)(F)F,nc,1.5879,1.5777696371078491,1.6262203052446305,1.5948133468695005
*OC(=O)C(NC(=O)CCCCC(=O)NC(C(=O)OC1COC2C(*)COC12)C(C)CC)C(C)CC,tg,102.0,99.9829330444336,88.40072810223627,94.6064388087621
*OC(=O)C1CCC(C(=O)OC2COC3C(*)COC23)CC1,egc,6.4746,6.087862968444824,6.255538203770764,6.1635307203939025
*OC(=O)C=CC(=O)OC1COC2C(*)COC12,egc,4.1943,5.022952079772949,5.192316686763717,5.099382204029634
*OC(=O)C=CC(=O)OC1COC2C(*)COC12,tg,52.0,190.87985229492188,168.61089370869206,180.54253499905326
*OC(=O)CCCCC(*)=O,egc,6.1659,6.057604789733887,6.221006806198046,6.131344142034509
*OC(=O)CCCCCC(*)=O,egc,5.9809,6.198445796966553,6.16085121540508,6.181480277480666
*OC(=O)CCCCCCC(*)=O,egc,6.0659,6.214742660522461,6.2136612746112485,6.214254657385135
*OC(=O)CCCCCCCC(*)=O,egc,6.2617,6.292144775390625,6.157814539979899,6.231524810178937
*OC(=O)CCCCCCCCC(=O)OC1COC2C(*)COC12,egc,6.5166,6.3686065673828125,6.519635714429659,6.436762344910763
*OC(=O)CCCCCCCCCC(*)=O,egc,6.2966,6.361069202423096,6.403949275558186,6.380419935590323
*OC(=O)CCCCCCCCCCC(*)=O,egc,6.499,6.34512996673584,6.312990909576818,6.330626392607801
*OC(=O)CCCCCCCCCCCC(*)=O,egc,6.2745,6.366147041320801,6.422958569065307,6.3917847008169275
*OC(=O)CCCCCCCCCCCCCCCCC(*)=O,egc,6.1592,6.435926914215088,6.4709082365610024,6.451713133432111
*OC(=O)CCS(=O)(=O)CCC(*)=O,egc,6.2922,5.902966499328613,5.174701563202931,5.574318261961599
*OC(=O)CCSCCSCCC(*)=O,egc,4.6742,4.98190450668335,5.009288142260395,4.99426207481367
*OC(=O)CCc1ccc(CCC(*)=O)cc1,egc,5.0434,5.665809631347656,5.279976119289823,5.491692359782287
*OC(=O)CNC(=O)CCCCCCCCC(=O)NCC(=O)OC1COC2C(*)COC12,tg,66.0,50.86322021484375,59.28550532141636,54.77287019536625
*OC(=O)CS(=O)(=O)CCS(=O)(=O)CC(*)=O,egc,5.7619,5.901886940002441,5.719838377206182,5.819732855258941
*OC(=O)NC1CCC(CC2CCC(NC(=O)OC3CC4CC(*)CC(C3)O4)CC2)CC1,egc,5.8672,6.173727512359619,5.861365193203038,6.032766001625884
*OC(=O)NC1CCC(CC2CCC(NC(=O)OC3CC4CC(*)CC(C3)O4)CC2)CC1,tg,225.0,203.9400329589844,168.37923085618607,187.43260207896432
*OC(=O)Nc1ccc(C)c(NC(=O)OC2CCN(c3ccc(C=CC4=CC(=C(C#N)C#N)C=C(C=Cc5ccc(N6CCC(*)CC6)s5)O4)s3)CC2)c1,tg,212.0,183.62811279296875,195.98525495440103,189.36433520760244
*OC(=O)OC(*)=O,egb,5.926,5.731856822967529,4.977602604018869,5.556891479105404
*OC(=O)OC(*)=O,egc,5.0987,7.258579254150391,5.991353163417899,6.686710967754063
*OC(=O)OC(*)=O,ei,7.4502,9.641408920288086,8.417177252934676,9.13089830312579
*OC(=O)OC(*)=O,nc,1.5714,1.622616171836853,1.7090237826549717,1.6530121662909258
*OC(=O)OC1CC2CC(*)CC(C1)O2,egc,6.2425,6.713037014007568,6.916347662655417,6.804786160508463
*OC(=O)OC1CC2CC(*)CC(C1)O2,tg,207.0,120.5836181640625,166.86443298110953,142.06731106432176
*OC(=O)OC1COC2C(*)COC12,egc,6.8979,6.333782196044922,6.690009780728332,6.494539033289531
*OC(=O)OC1COC2C(*)COC12,tg,139.7,191.33575439453125,159.79260772842662,176.6933312055424
*OC(=O)OCC(O)C(O)COC(=O)OC1COC2C(*)COC12,egc,6.3954,6.821142196655273,6.603659354235683,6.722997484101885
*OC(=O)OCC(O)C(O)COC(=O)OC1COC2C(*)COC12,tg,78.5,103.22039031982422,85.12724491859899,94.82149801560998
*OC(=O)OCC(OC)C(COC(=O)OC1COC2C(*)COC12)OC,egc,6.3606,6.467460632324219,6.578154540521751,6.517414098448677
*OC(=O)OCC1OC(C)(C)OC1COC(=O)OC1COC2C(*)COC12,egc,6.6226,6.290770530700684,6.347804203562873,6.316508438880696
*OC(=O)OCC1OC(C)(C)OC1COC(=O)OC1COC2C(*)COC12,tg,95.5,123.38291931152344,97.49151430490684,111.36405153408103
*OC(=O)OCCCCCCCCCCOC(=O)OC1COC2C(*)COC12,egb,6.1689,6.563030242919922,6.364307291823143,6.516932218409819
*OC(=O)OCCCCCCCCCCOC(=O)OC1COC2C(*)COC12,egc,6.8143,6.715302467346191,6.654308522578205,6.687777384860825
*OC(=O)OCCCCCCCCCCOC(=O)OC1COC2C(*)COC12,tg,6.5,27.806381225585938,18.171643709645423,23.333907203999992
*OC(=O)OCCCCCCCCOC(=O)OC1COC2C(*)COC12,egc,6.6539,6.81496524810791,6.7954155395121365,6.806142940521305
*OC(=O)OCCCCCCCCOC(=O)OC1COC2C(*)COC12,tg,19.5,30.681312561035156,11.47871819411774,21.76741072292088
*OC(=O)OCCCCCCOC(=O)OC1COC2C(*)COC12,tg,25.67,46.333839416503906,39.86079449123672,43.32903256827186
*OC(=O)OCCCCOC(=O)OC1COC2C(*)COC12,tg,49.0,65.2677993774414,50.33436989187944,58.33565666811907
*OC(=O)OCCOCCOC(=O)OC1COC2C(*)COC12,egb,6.5378,6.310894012451172,6.536071777138867,6.3631287948877935
*OC(=O)OCCOCCOC(=O)OC1COC2C(*)COC12,egc,6.7329,6.607001781463623,6.544503035348963,6.578797618762199
*OC(=O)OCCOCCOC(=O)OC1COC2C(*)COC12,tg,46.5,26.42829132080078,32.44301816150693,29.22034554101043
*OC(=O)OCCOCCOCCOC(=O)OC1COC2C(*)COC12,egc,6.4799,6.330094337463379,6.442322483939352,6.380740167974612
*OC(=O)OCCOCCOCCOC(=O)OC1COC2C(*)COC12,tg,17.0,33.94049072265625,18.881697398088367,26.950153743664124
*OC(=O)OCCOCCOCCOCCOC(=O)OC1COC2C(*)COC12,tg,9.5,8.842269897460938,9.401951327612586,9.10207569420173
*OC(=O)Oc1ccc(C(=O)Oc2ccc(OC(=O)OC3COC4C(*)COC34)cc2)cc1,egc,4.4189,4.64999532699585,4.229459865431031,4.460217910374833
*OC(=O)Oc1ccc(S(=O)(=O)c2ccc(OC(=O)OC3CC4CC(*)CC(C3)O4)cc2)cc1,tg,184.0,162.19500732421875,153.35032565351372,158.08927959308147
*OC(=O)Oc1ccc2c(c1)Oc1cc(*)ccc1C21c2ccccc2-c2ccccc21,tg,295.0,281.00494384765625,281.1054962253651,281.0516205626542
*OC(=O)Oc1cccc(OC(=O)OC2CC3CC(*)CC(C2)O3)c1,egc,5.8268,5.859053611755371,4.919450526645466,5.435033612400787
*OC(=O)c1ccc(C(*)=O)cc1,eea,3.2451,3.081496477127075,2.9448461283547287,3.047256792256288
*OC(=O)c1ccc(C(*)=O)cc1,egb,3.1295,3.3855226039886475,3.3440436740967447,3.3759006820301787
*OC(=O)c1ccc(C(*)=O)cc1,egc,4.5736,4.394441604614258,4.483421759179361,4.434596182306873
*OC(=O)c1ccc(C(*)=O)cc1,ei,7.8184,7.315747261047363,7.129169907759268,7.237943588494497
*OC(=O)c1ccc(C(*)=O)s1,eea,3.3779,4.002187252044678,3.557492623754259,3.8907626997242013
*OC(=O)c1ccc(C(*)=O)s1,egb,3.202,2.651496410369873,2.947107216860511,2.7200696382121894
*OC(=O)c1ccc(C(*)=O)s1,ei,7.3658,7.901911735534668,7.34305795359215,7.668866964082438
*OC(=O)c1ccc(C(*)=O)s1,nc,1.8811,1.9942519664764404,1.9125866792200603,1.9655242005420224
*OC(=O)c1ccc(C(=O)OC2COC3C(*)COC23)cc1,tg,255.5,99.9090347290039,122.07992107947676,110.20082659919942
*OC(=O)c1ccc(C(=O)OC2COC3C(*)COC23)o1,egc,4.3511,4.610860824584961,4.341545983858036,4.489325592952709
*OC(=O)c1ccc(C(C)(C)c2ccc(C(*)=O)cc2)cc1,egc,4.3936,4.260409832000732,4.562884450853419,4.3969092642856875
*OC(=O)c1ccc(C(C)(C)c2ccc(C(*)=O)cc2)cc1,tg,100.0,151.6237335205078,153.46473182137382,152.47833044759426
*OC(=O)c1ccc(C(F)(F)C(F)(F)C(F)(F)c2ccc(C(*)=O)cc2)cc1,tg,98.0,86.68450927734375,102.14321725513406,93.86048783654806
*OC(=O)c1ccc(C2(C)CC(C)(C)c3ccc(C(=O)Oc4ccc5c(c4)Oc4cc(*)ccc4C5(C)C)cc32)cc1,tg,297.0,266.4765930175781,273.61892537007645,269.79208509478633
*OC(=O)c1ccc(CCCCCCc2ccc(C(*)=O)cc2)cc1,egc,4.5994,4.656112194061279,4.6170036980288085,4.638463481828169
*OC(=O)c1ccc(CCCCCc2ccc(C(*)=O)cc2)cc1,egc,4.7446,4.611015796661377,4.658861087779623,4.632607211835057
*OC(=O)c1ccc(CCCCCc2ccc(C(*)=O)cc2)cc1,tg,42.5,57.95687103271485,55.52855625667233,56.82964003818959
*OC(=O)c1ccc(CCCCc2ccc(C(*)=O)cc2)cc1,egc,4.8401,4.468245029449463,4.698865516409509,4.5723184411715145
*OC(=O)c1ccc(CCCCc2ccc(C(*)=O)cc2)cc1,tg,46.0,92.7534408569336,64.1249713707785,79.46401954755652
*OC(=O)c1ccc(CCCc2ccc(C(*)=O)cc2)cc1,egc,4.5456,4.577617168426514,4.5675469104272715,4.573072706133864
*OC(=O)c1ccc(CCc2ccc(C(*)=O)cc2)cc1,egc,4.4852,4.3525471687316895,4.361149894098308,4.356429369271692
*OC(=O)c1ccc(Cc2ccc(C(*)=O)cc2)cc1,egc,4.3273,4.393509864807129,4.4286313406145545,4.409359331869547
*OC(=O)c1ccc(Cc2ccc(C(*)=O)cc2)cc1,tg,122.0,123.66486358642578,115.48009329775952,119.86546869599476
*OC(=O)c1ccc(SCCCCSc2ccc(C(*)=O)cc2)cc1,tg,62.0,60.730377197265625,86.42004040879793,72.65559582899029
*OC(=O)c1cccc(C(*)=O)c1,egc,4.6197,4.4478759765625,4.558624139214903,4.497853926401714
*OC(=O)c1cccc(C(*)=O)c1,tg,130.0,131.2231903076172,131.39736845981767,131.3040443277247
*OC(=O)c1cccc(OCCCCCCCCOc2cccc(C(=O)OC3COC4C(*)COC34)c2)c1,tg,31.75,73.58934020996094,36.41281882858313,56.33188759995947
*OC(=S)C(F)(F)C(*)(F)F,eea,3.6605,3.588873863220215,3.5966543360001637,3.5908233711323754
*OC(=S)C(F)(F)C(*)(F)F,egb,3.1746,4.064767837524414,3.6009409850267837,3.9571733120965638
*OC(=S)C(F)(F)C(*)(F)F,nc,1.7142,1.7057265043258667,1.71198500268742,1.7079280844839966
*OC(=S)OC(*)=O,eea,3.1486,2.987307071685791,3.0451506578437137,3.0018006033864895
*OC(=S)OC(*)=O,egb,3.9378,3.4907045364379883,3.103234220900216,3.4008225373834398
*OC(=S)OC(*)=O,ei,7.3548,8.006797790527344,7.360730451341889,7.737384537422239
*OC(=S)OC(*)=O,nc,1.7396,1.861532926559448,1.8622698447598207,1.8617921555940153
*OC(=S)Oc1ccc(*)cc1,eea,1.8722,2.587071180343628,2.282763136994918,2.5108224799084473
*OC(=S)Oc1ccc(*)cc1,egb,3.9415,3.1274428367614746,3.39696628155488,3.1899645449766627
*OC(=S)Oc1ccc(*)cc1,ei,6.6287,6.39937162399292,6.385638568774396,6.393644872527416
*OC(=S)Oc1ccc(*)cc1,eps,4.1,4.255763530731201,4.100686752580637,4.170771537307518
*OC(=S)Oc1ccc(*)s1,eea,2.5249,2.43464994430542,2.6753577357242215,2.4949626987049953
*OC(=S)Oc1ccc(*)s1,egb,3.0437,3.1912052631378174,3.3229784002772305,3.221772851189927
*OC(=S)Oc1ccc(*)s1,ei,6.1007,5.957550525665283,5.959278928564124,5.958271278161826
*OC(=S)Oc1ccc(*)s1,nc,1.9459,1.9446101188659668,2.0317590562618126,1.975266893109365
*OC(=S)c1ccc(-c2ccc(*)cc2)cc1,eea,2.7321,2.766861915588379,2.937242244338266,2.809553125797407
*OC(=S)c1ccc(-c2ccc(*)cc2)cc1,egc,3.2538,3.137119770050049,3.247135539546528,3.1867672086867946
*OC(=S)c1ccc(-c2ccc(*)cc2)cc1,eps,4.56,4.4865007400512695,4.852453545496522,4.6870662844526585
*OC(=S)c1ccc(-c2ccc(*)cc2)cc1,nc,2.0445,2.0442328453063965,2.0240578346955234,2.0371357909516616
*OC(=S)c1ccc(C(*)=O)cc1,eea,3.4955,3.4733943939208984,3.690002334497887,3.527668588553375
*OC(=S)c1ccc(C(*)=O)cc1,egb,2.5144,2.5673627853393555,2.3513208835851724,2.5172472610513554
*OC(=S)c1ccc(C(*)=O)cc1,egc,3.2688,3.584652900695801,3.2515573663906143,3.434334994678517
*OC(=S)c1ccc(C(*)=O)cc1,ei,6.7625,6.947257995605469,6.785364064257756,6.879747431215458
*OC(=S)c1ccc(C(*)=O)s1,eea,4.037,4.195810794830322,3.7458397351022574,4.083064157705157
*OC(=S)c1ccc(C(*)=O)s1,egb,2.3663,2.268733501434326,2.093359862629929,2.228051847627293
*OC(=S)c1ccc(C(*)=O)s1,ei,6.7886,7.10146951675415,6.835596711420349,6.990599251299362
*OC(=S)c1ccc(C(*)=O)s1,eps,5.45,5.734273910522461,5.206214604843818,5.44486363536199
*OC(=S)c1ccc(C(*)=O)s1,nc,2.068,2.1819093227386475,2.1863868446762904,2.1834844007982763
*OC(C)(C)C(*)=O,egc,5.8214,6.3234028816223145,5.984266966432066,6.170359098753865
*OC(C)(CC(*)=O)C(F)(F)F,egc,6.2535,6.968270301818848,6.775024083783532,6.881062987852838
*OC(C)(CC(*)=O)C(F)(F)F,tg,26.2,11.859130859375,75.99147038826985,41.62955501591852
*OC(C)C#CC#CC(C)OC(=O)c1ccc(C(*)=O)cc1,tg,133.0,112.9290542602539,110.01346558486986,111.57562926173048
*OC(C)C(*)=O,egc,5.9945,6.056783199310303,6.061303037788559,6.058822892388161
*OC(C)C(*)=O,tg,53.36,24.941749572753903,50.982200412112576,37.02980487231217
*OC(C)C(*)C,egc,5.7581,6.427984714508057,5.347044843853194,5.940182864428128
*OC(C)C(=O)NC(C)C(*)=O,egc,5.6199,5.708026885986328,5.706803893272902,5.707474979146328
*OC(C)C(=O)NC(C)C(*)=O,tg,57.65,73.8886947631836,104.58708216581022,88.1389781710784
*OC(C)C(=O)OCC(*)=O,egc,5.9109,6.196561813354492,5.9278247866325895,6.075287335116859
*OC(C)C(=O)OCC(*)=O,tg,43.0,42.577049255371094,21.507751887659595,32.79661829144979
*OC(C)CC(*)=O,egc,6.4371,6.530921936035156,6.571179305637158,6.549089106942924
*OC(C)CCC(C)OC(=O)CCCCC(*)=O,egc,6.4506,6.520890235900879,6.705529845259057,6.6042135968833815
*OC(C)CCCC(C)C(*)=O,egc,6.6886,6.59166145324707,6.097923420154928,6.368849498081367
*OC(C)CCOC(=O)C(*)=O,egc,5.5088,6.0648064613342285,5.656707707837213,5.880641428314812
*OC(C)CCOC(=O)C(CCCCCCOc1ccc(N=Cc2ccc([N+](=O)[O-])cc2)cc1)C(*)=O,tg,3.0,31.22844696044922,38.99588222778189,34.834113683597586
*OC(C)CCOC(=O)CC(*)=O,egc,6.8752,6.333551406860352,6.570806377641562,6.440618799626259
*OC(C)CCOC(=O)CCCCC(*)=O,egc,6.6227,6.66013765335083,6.6529967643123245,6.656915143959916
*OC(C)CCOC(=O)CCCCCC(*)=O,egc,6.5798,6.588248252868652,6.675021814932711,6.627407049081091
*OC(C)CCOC(=O)CCCCCCCC(*)=O,egc,6.6793,6.583250999450684,6.738993168666472,6.653533649153388
*OC(C)CCOC(=O)CCCCCCCCCCC(*)=O,egc,6.742,6.670042037963867,6.7130304418842295,6.689441658177369
*OC(C)CCOC(=O)COCC(*)=O,egc,6.1998,5.8997602462768555,6.201542346035258,6.0359471615526985
*OC(C)CCOC(=O)c1ccc(-c2ccc(C(*)=O)cc2)cc1,tg,86.83,120.5266571044922,81.61893288441406,102.46557494990037
*OC(C)CCOC(=O)c1cccc(C(*)=O)c1,egc,5.0532,4.97949743270874,4.903642210410034,4.945265817444964
*OC(C)COC(*)=O,egc,7.1412,6.916047096252441,6.542667181914115,6.747549830177338
*OC(C)COC(*)=O,tg,31.72,7.6704559326171875,14.138354462179992,10.672873808544113
*OC(C)COC(=O)C(*)=O,egc,5.4575,5.505535125732422,5.489582212787525,5.498335964465505
*OC(C)COC(=O)CCCCC(*)=O,egb,6.5974,6.069912433624268,6.189932386901374,6.0977536201471825
*OC(C)COC(=O)CCCCC(*)=O,egc,6.7094,6.5996623039245605,6.683405584814136,6.637453608009727
*OC(C)COC(=O)CCCCCCCCC(*)=O,egc,6.952,6.623513221740723,6.618234265934716,6.621130957492204
*OC(C)COC(=O)CCCCS(=O)(=O)CCCCC(*)=O,egc,6.649,6.218491077423096,6.236995452126382,6.226841651270803
*OC(C)COC(=O)c1cccc(C(*)=O)c1,egc,5.0391,4.884169101715088,4.896523650722831,4.889744408932898
*OC(C)COC(=O)c1ccccc1C(*)=O,tg,95.0,55.56192779541016,82.61810617600827,68.12148686283825
*OC(C)COC(C)COC(=O)c1ccc(C(*)=O)cc1,tg,37.0,58.60382080078125,42.77020051169865,51.253806823398364
*OC(C)COCC(C)OC(=O)c1ccccc1C(*)=O,tg,25.0,57.328155517578125,44.76352916543907,51.495618319973886
*OC(C=C)CC(*)=O,egc,6.1885,5.815607070922852,5.570040264664174,5.704788749142722
*OC(CC(*)=O)C(C)(Cl)Cl,egc,6.4677,6.105757713317871,5.513565870919583,5.838515950694092
*OC(CC(*)=O)C(C)(Cl)Cl,tg,109.0,119.6189193725586,118.97118269702884,119.3182380670905
*OC(CC(*)=O)C(C)C,egc,6.7353,6.229267597198486,6.227548062509087,6.228491613052155
*OC(CC(*)=O)C(Cl)(Cl)Cl,tg,156.0,136.85765075683594,75.09692738107982,108.1881379241907
*OC(CC(*)=O)C1CCC=CO1,egc,4.8999,5.696010589599609,5.722458878612908,5.707946058595049
*OC(CC(*)=O)C1CO1,egb,6.1493,6.057742118835449,6.334801321617756,6.122011906749321
*OC(CC(*)=O)C1CO1,egc,6.757,5.990241527557373,6.399293242417696,6.174836608841911
*OC(CC(C)C)C(*)=O,egb,5.8529,6.171233654022217,5.943774788384336,6.118469721595967
*OC(CC)(CC)C(*)=O,egc,6.0873,6.068948745727539,5.953225669195975,6.0167257383600345
*OC(CC)C(*)=O,egc,6.3762,5.973715782165527,6.080130494670401,6.02173815144325
*OC(CCC)CCC(C(*)=O)C1OCCCO1,tg,17.4,11.4576416015625,28.091176270674907,19.17897823078279
*OC(CCCCC)CC(*)=O,egc,6.5462,6.385099411010742,6.64377750534736,6.501834537929604
*OC(CCCCC)CC(*)=O,tg,-34.5,-26.658416748046875,-32.295318369978,-29.275083369697086
*OC(CCCCCC)CC(*)=O,egc,6.7534,6.386435508728027,6.52999098529844,6.451218600703096
*OC(CCCCCC)CC(*)=O,tg,-47.0,-23.476409912109375,-40.16441458579983,-31.223031680652657
*OC(CCCCCCC=C)CC(*)=O,egb,5.5852,5.725244522094727,5.506509104338838,5.674504179354808
*OC(CCc1ccccc1)CC(*)=O,egc,5.4818,5.453937530517578,5.521678349435882,5.484507313066406
*OC(CCl)CC(*)=O,egc,6.865,6.811513900756836,6.6181126308268015,6.724236615645201
*OC(COC(*)=O)COC(C)(C)C,egc,6.0333,6.494239807128906,6.435407378842466,6.467690164413411
*OC(COC(*)=O)COC(C)(C)C,tg,11.0,3.5401763916015625,-15.049667110676236,-5.089284659281005
*OC(COC(*)=O)COc1ccccc1,egc,5.4034,5.31754732131958,5.269776956490175,5.295989718556108
*OC(COC(=O)C1=C(C(=O)OCC(COC(=O)C2=C(c3ccccc3)C3C=CC2C3)OC(=O)c2ccc(C(*)=O)cc2)C2C=CC1C2)COC(=O)C1=C(c2ccccc2)C2C=CC1C2,tg,74.0,88.23556518554688,125.0265724115828,105.3140609695977
*OC(COC(=O)NCCCCCCNC(*)=O)c1ccco1,tg,17.0,25.433349609375,51.68449398951587,37.619209481824356
*OC(COC(=O)Nc1ccc(Cc2ccc(NC(*)=O)cc2)cc1)c1ccco1,tg,40.0,61.71155548095703,81.02402809537658,70.67646313076858
*OC(COC(=O)c1cc(C(*)=O)cc(C(C)(C)C)c1)COc1ccc(N=Nc2ccc(C#N)cc2)cc1,tg,137.0,134.69590759277344,115.05764662364726,125.57976801261091
*OC(COC(=O)c1ccc(-c2cc(CCCCCCCC)c(-c3ccc(C(*)=O)c(F)c3F)cc2CCCCCCCC)c(F)c1F)COc1ccc(N=Nc2ccc(C#N)cc2)cc1,tg,61.0,82.10481262207031,94.64582352450056,87.92638745716535
*OC(COC(=O)c1ccc(-c2ccc(C(*)=O)cc2)cc1)COc1ccc(N=Nc2ccc(C#N)cc2)cc1,tg,141.0,127.46832275390624,119.4712164251813,123.75604203594094
*OC(COC(=O)c1ccc(C(*)=O)c(OC)c1)COc1ccc(N=Nc2ccc(C#N)cc2)cc1,tg,120.0,107.26039123535156,120.0819357417091,113.21219060989782
*OC(COC(=O)c1ccc(C(*)=O)cc1)COc1ccc(N=Nc2ccc(C#N)cc2)cc1,tg,122.0,125.06124114990234,123.89800781413498,124.5212647502698
*OC(COC(=O)c1ccc2cc(C(*)=O)ccc2c1)COc1ccc(N=Nc2ccc(C#N)cc2)cc1,tg,138.0,121.15054321289062,139.11843650257006,129.49129311165683
*OC(COC(=O)c1cccc(C(*)=O)c1)COc1ccc(N=Nc2ccc(C#N)cc2)cc1,tg,119.0,131.2617645263672,111.31013619843678,122.00015887936621
*OC(COC(=O)c1ccccc1-c1ccccc1C(*)=O)COc1ccc(N=Nc2ccc(C#N)cc2)cc1,tg,120.0,112.94329071044922,125.34918175991491,118.70214250496483
*OC(COC(F)(C(F)(F)F)C(F)(F)F)C(*)COC(F)(C(F)(F)F)C(F)(F)F,egc,6.5255,6.24356746673584,6.901681941371466,6.54055850851983
*OC(COCC)COC(*)=O,tg,-5.0,-0.9625701904296876,-23.673142255937037,-11.50488578649934
*OC(COCCCC)COC(*)=O,egc,6.2375,6.364716053009033,6.420657138862051,6.389960903268882
*OC(COCCCC)COC(*)=O,tg,-24.0,-16.651275634765625,-25.20778892463172,-20.623234740134706
*OC(COCCOC)COC(*)=O,egc,6.2142,6.190847396850586,6.136245606172096,6.166206937900258
*OC(COc1ccccc1)CC(*)=O,tg,20.0,35.211631774902344,56.45345309561536,45.07214887470684
*OC(Cc1ccccc1)C(*)=O,tg,35.05,59.38422393798828,62.57233760788621,60.86415585547857
*OC(F)(C(*)(F)F)C(F)(F)F,egc,8.6002,8.193702697753906,8.584155213937468,8.369904413439826
*OC(F)(C(*)(F)F)C(F)(F)F,tg,-76.93,-17.001174926757812,-56.92925910233304,-35.53591122979709
*OC(F)(C(=O)[N]([Li])S(=O)(=O)C(F)(F)C(*)(F)F)C(F)(F)F,tg,67.0,91.13225555419922,92.68233295218094,91.85180612653716
*OC(F)(F)C(*)(F)F,egb,10.1137,8.698807716369629,8.41172234874351,8.632212145801256
*OC(F)(F)C(*)(F)F,egc,9.8627,8.253952980041504,8.441202834864107,8.338454281260347
*OC(F)(F)C(=O)C(*)(F)F,eea,3.6501,2.7234554290771484,2.0369794134048034,2.551449117647001
*OC(F)(F)C(=O)C(*)(F)F,egb,5.2263,6.29735803604126,5.444764135471677,6.099580706806245
*OC(F)(F)C(=O)C(*)(F)F,egc,5.2431,6.547451972961426,7.340545385859855,6.905355723762735
*OC(F)(F)C(=O)C(*)(F)F,ei,8.7917,8.736896514892578,8.477210478565532,8.628606162495183
*OC(F)(F)C(=O)C(*)(F)F,nc,1.5807,1.6041203737258911,1.617357323716563,1.6087767952458916
*OC(F)(F)C(=S)C(*)(F)F,eea,4.3264,4.61766242980957,3.7264475898201086,4.394355899328302
*OC(F)(F)C(=S)C(*)(F)F,ei,7.385,7.860842227935791,7.720519272441541,7.802326866405997
*OC(F)(F)C(=S)C(*)(F)F,eps,3.6,4.195568561553955,3.7777590073925023,3.966582202002655
*OC(F)(F)C(=S)C(*)(F)F,nc,1.6753,1.7665197849273682,1.7421541805714176,1.757948586535683
*OC(F)(F)C(F)(F)C(*)(F)F,egb,9.1214,8.98248291015625,9.08693482680247,9.006712758732421
*OC(F)(F)C(F)(F)C(*)(F)F,egc,9.4523,8.778294563293457,8.639331881459126,8.715584087779414
*OC(F)(F)C(F)(F)C(*)(F)F,tg,-109.82,-79.19288635253906,-65.85973924776252,-73.00359951899155
*OC(F)(F)C(F)(F)C(F)(F)C(*)(F)F,egb,8.7307,8.807337760925293,8.295858530945443,8.68868925077642
*OC(F)(F)C(F)(F)C(F)(F)C(*)(F)F,egc,9.0549,8.880133628845215,8.374391888556941,8.651904692830666
*OC(F)(F)CC(*)(F)F,egb,10.0451,8.414700508117676,8.618548881119528,8.461987483492793
*OC(F)(F)CC(*)(F)F,egc,9.1417,7.977520942687988,7.603466218063271,7.8087191511576854
*OC(F)(F)CC(*)(F)F,ei,9.6085,8.799174308776855,8.814893357985023,8.80572922948873
*OC(F)(F)CC(*)(F)F,eps,3.47,3.636940956115722,3.5267412102697575,3.5765444468128385
*OC(F)(F)COC(=O)c1cccc(C(=O)OCC(*)(F)F)c1,egc,4.7299,5.777654647827148,4.824044867227719,5.347313767766075
*OC(F)(F)COC(=O)c1cccc(C(=O)OCC(*)(F)F)c1,tg,28.0,42.623199462890625,40.78031937357658,41.76772900396858
*OC(F)(F)COC(=O)c1cccc(C(F)(F)C(F)(F)C(F)(F)c2cccc(C(=O)OCC(*)(F)F)c2)c1,tg,30.0,10.202651977539062,83.70143588395358,44.32100767697913
*OC(F)(F)NC(*)(F)F,egb,8.991,9.387236595153809,8.684185153479591,9.224148826925274
*OC(F)(F)NC(*)(F)F,egc,8.2061,8.701469421386719,7.478164769152833,8.149421810995998
*OC(F)(F)NC(*)(F)F,ei,9.067,9.775187492370604,9.080431791164097,9.48547095320713
*OC(F)(F)NC(*)(F)F,eps,4.04,4.0389251708984375,3.5289100707646934,3.7594042745172875
*OC(F)(F)NC(*)(F)F,nc,1.5936,1.5526646375656128,1.6931583800426206,1.602086754167726
*OC(F)(F)OC(*)(F)F,eps,3.8,3.6214816570281982,3.359263408777373,3.4777692850232422
*OC(F)(F)OC(*)(F)F,nc,1.5596,1.4715867042541504,1.654542056140356,1.5359457324534347
*OC(F)(F)c1ccc(C(*)(F)F)cc1,eea,2.1427,1.6900887489318848,2.339483391748165,1.8528037959593118
*OC(F)(F)c1ccc(C(*)(F)F)cc1,egc,4.9933,6.011663913726807,4.844391804129848,5.48490242581616
*OC(F)(F)c1ccc(C(*)(F)F)cc1,nc,1.7269,1.7163258790969849,1.7348166051598166,1.7228304450899121
*OC(F)(F)c1ccc(C(*)(F)F)s1,egc,4.9584,4.924681663513184,4.2670274466007525,4.627898324835522
*OC(F)(F)c1ccc(C(*)(F)F)s1,ei,7.2935,7.415197372436523,7.411400460399417,7.413614041471426
*OC(F)(F)c1ccc(C(*)(F)F)s1,eps,3.93,4.126762866973877,3.808282610767814,3.9522153159875
*OC([2H])([2H])C(*)([2H])C([2H])=C([2H])[2H],egc,5.4798,4.591397762298584,5.227991516322003,4.878677026753712
*OC([2H])([2H])C(*)([2H])[2H],egc,5.8501,6.149868965148926,5.954386910461367,6.061652672529201
*OC(c1ccc(Cl)cc1)C(C)(C)C(*)=O,egc,4.9195,4.975777626037598,4.591923668064208,4.802553679041837
*OC(c1ccc(OC)cc1)C(C)(C)C(*)=O,egb,4.5832,4.838018417358398,4.713907558905372,4.809228258177684
*OC(c1ccc(OC)cc1)C(C)(C)C(*)=O,egc,5.0038,5.089489936828613,4.957381652996122,5.029872684274748
*OC(c1ccccc1)C(C)(C)C(*)=O,egc,5.5004,5.531461715698242,5.166615966608874,5.366815710651014
*OC(c1ccco1)C(C)(C)C(*)=O,egc,5.4574,5.510130405426025,4.4164594687805865,5.0165833351795674
*OC(c1ccco1)C(OC(=O)Nc1ccc(Cc2ccc(NC(*)=O)cc2)cc1)c1ccco1,tg,74.0,88.431640625,89.67774305302397,89.01008510554259
*OC1(C)CC(C)(C)C(C)(N2CCCC(*)C2)C1C,egc,4.6138,5.489253044128418,4.87825661473776,5.213525229158997
*OC1(C)CCC(*)CC1CCCCCCCC,egc,5.4763,6.091832160949707,5.71599393524175,5.9222255187966795
*OC1(F)C(C)C(C)(C2(Cl)CNCNC2*)CC1(C)C,egc,5.4515,5.791414260864258,6.057422578919192,5.911457339306017
*OC1(O)CCCC(*)C1,egc,6.0531,5.882080554962158,6.345480672883066,6.091201747533333
*OC1=CC(=O)C(*)=CC1=O,egc,3.1359,2.304995059967041,3.485036556714577,2.837519061450866
*OC1C(C)(C)C(OC(*)=O)C1(C)C,egb,6.9495,6.373479843139648,6.319896412307429,6.361050024167022
*OC1C(C)(C)C(OC(*)=O)C1(C)C,egc,6.5093,6.255939483642578,6.306358079175439,6.278692168456083
*OC1C(C)(C)C(OC(=O)C2CCC(C(*)=O)CC2)C1(C)C,tg,169.0,132.91188049316406,160.11103579726952,145.53780987685815
*OC1C(C)(C)C(OC(=O)c2ccc(C(*)=O)cc2)C1(C)C,egc,4.7185,4.855946063995361,4.632050334805474,4.75490737175279
*OC1C(CO)OC(*)C(NC(C)=O)C1O,egc,5.9496,5.599806785583496,5.8357090528732645,5.706263736192861
*OC1C(CO)OC(*)C(NC(C)=O)C1O,tg,236.5,149.6780548095703,176.2292530854818,162.00320059942942
*OC1C(CO)OC(*)C(O)C1O,eea,0.8344,1.5256469249725342,1.289915051611024,1.466580957483897
*OC1C(CO)OC(*)C(O)C1O,egb,7.4757,7.294137001037598,7.259601017064256,7.28612564338164
*OC1C(CO)OC(*)C(O)C1O,egc,5.8509,5.9614996910095215,6.5093895519234835,6.208749047841877
*OC1C(CO)OC(*)C(O)C1O,eps,3.78,4.827490329742432,3.655023966958622,4.184903769822666
*OC1C(CO)OC(*)C(O)C1O,nc,1.6879,1.9135581254959104,1.69633877183823,1.8371458950617865
*OC1C(CO)OC(*)C(O)C1O,tg,144.0,275.17633056640625,205.37498288715776,242.77433584152425
*OC1C(COC(=O)Nc2ccccc2)OC(*)C(OC(=O)Nc2ccccc2)C1OC(=O)Nc1ccccc1,tg,217.0,120.70791625976562,146.42180381020592,132.64437990219005
*OC1C(COC(C)=O)OC(*)C(OC(C)=O)C1O,egc,5.6034,6.103476524353027,6.13282203089774,6.116719437092819
*OC1C(COC(C)=O)OC(*)C(OC(C)=O)C1O,tg,202.0,168.6918182373047,164.97690581834675,166.9673447621563
*OC1C(COC(C)=O)OC(*)C(OC(C)=O)C1OC(C)=O,egc,5.9636,5.693155765533447,6.063541294490854,5.860301738379095
*OC1C(COC)OC(*)C(OC)C1OC,egc,5.6468,5.273690700531006,5.845374900282945,5.531677863250346
*OC1C(COCC)OC(*)C(OCC)C1OCC,tg,119.5,85.01238250732422,98.86255158301267,91.44167248882121
*OC1C(COCO)OC(*)C(O)C1O,tg,208.0,178.98460388183594,123.44408041623836,153.20252648385906
*OC1CC(C)CC(*)O1,egc,6.2631,5.9786553382873535,6.039219345949749,6.005986400623016
*OC1CCC(C2CCC(OC(=O)CCCCCCCCC(*)=O)CC2)CC1,egc,6.3469,6.426426887512207,6.48792521451051,6.454179585419833
*OC1CCC(C2CCC(OC(=O)CCCCCCCCCC(*)=O)CC2)CC1,egc,6.4908,6.405673027038574,6.429999028176639,6.4166507591792215
*OC1CCC(C2CCC(OC(=O)CCCCCCCCCCC(*)=O)CC2)CC1,egc,6.4832,6.309154510498047,6.380101211080175,6.341171029400308
*OC1CCC(NC(*)=O)CC1,egc,6.28,6.22542142868042,6.140352877212617,6.18703206224464
*OC1CCC(OC(*)=O)CC1,egc,7.1786,7.071961879730225,6.692755740379006,6.900835380135823
*OC1CCC(OC(=O)C(*)=O)CC1,tg,139.6,131.2002716064453,107.0372715253989,119.98373457393544
*OC1CCC(OC(=O)CCC(*)=O)CC1,egc,6.4253,6.374790191650391,6.598608625221146,6.475794002261672
*OC1CCC(OC(=O)CCCCC(*)=O)CC1,egc,6.706,6.565852165222168,6.516076466679203,6.543389604170026
*OC1CCC(OC(=O)CCCCC(*)=O)CC1,tg,77.8,30.981460571289062,40.448481192224776,35.37607990771633
*OC1CCC(OC(=O)CCCCCCCCC(*)=O)CC1,tg,66.0,15.358688354492188,38.8986467424069,26.286007566351945
*OC1CCC(OC(=O)NCCNC(*)=O)CC1,egc,6.0582,6.19154691696167,6.327460111419211,6.252881233056881
*OC1CCC(OC(=O)OCCCCCCCOC(*)=O)CC1,egc,7.2009,6.998819351196289,7.00427656326331,7.001282058156074
*OC1CCC(OC(=O)OCCCCCCCOC(*)=O)CC1,tg,-5.0,8.557632446289062,22.298625250480935,14.936242475453762
*OC1CCC(OC(=O)OCCCCCCOC(*)=O)CC1,tg,10.0,25.930755615234375,29.640669995547615,27.65290898586923
*OC1CCC(OC(=O)OCCCCCOC(*)=O)CC1,egc,7.0367,7.056056499481201,7.043324568829855,7.050310889114314
*OC1CCC(OC(=O)OCCCCOC(*)=O)CC1,egc,7.0064,7.1010541915893555,7.052720704045308,7.07924246525298
*OC1CCC(OC(=O)c2ccc(C(*)=O)cc2)CC1,tg,94.3,220.54620361328125,149.38115347497498,187.51117412110872
*OC1CCCC(*)O1,egc,6.1442,5.936863422393799,6.382825024670675,6.138115037364276
*OC1CCCC1*,egc,5.3919,5.89438009262085,5.655427327494905,5.786546526596928
*OC1CCCCC1*,egc,5.1513,5.857419967651367,5.587026842570258,5.7353981325389745
*OC1CCCCC1*,tg,68.0,80.68799591064453,66.06299283465611,73.89902566472418
*OC1CCCCC1OC(*)=O,egc,6.7044,6.995663166046143,6.439412225870459,6.744640657678483
*OC1CCCCC1OC(*)=O,tg,117.3,111.11919403076172,104.12295835410822,107.87152046820167
*OC1CCCCCC1*,egc,5.6512,5.644357204437256,5.4757318761315865,5.568260698654739
*OC1OC(*)C2CCCCC12,egc,6.0383,6.025321006774902,6.317738730191276,6.15728200696657
*OCC(=S)c1ccc(C(=S)Cc2ccc(-c3ccc(*)cc3)cc2)s1,eps,4.62,6.171087265014648,5.434244174495813,5.767250121565228
*OCC(F)(F)C(*)(F)F,egb,8.8494,8.315678596496582,8.783583064261773,8.4242190117047
*OCC(F)(F)C(*)(F)F,egc,8.1009,7.882890701293945,7.427524407955859,7.677394978187917
*OCC(F)(F)C(*)(F)F,ei,9.8385,8.77108097076416,9.13465700525399,8.92269396257157
*OCC(F)(F)C(*)(F)F,eps,3.5,3.542996883392334,3.2855003975278354,3.4018723391877286
*OCC(F)(F)C(*)(F)F,nc,1.5633,1.5823297500610352,1.6289512201748733,1.5987299945950941
*OCCC(=O)CC(=O)Oc1ccc(*)cc1,eea,2.0323,1.559180736541748,2.145690052672985,1.7061389722032603
*OCCC(=O)CC(=O)Oc1ccc(*)cc1,egb,3.7901,4.79570198059082,4.335138637484614,4.688864495731684
*OCCC(=O)CC(=O)Oc1ccc(*)cc1,ei,6.7464,6.591089725494385,6.523373805377373,6.562851854270727
*OCCC(=O)CC(=O)Oc1ccc(*)cc1,nc,1.7251,1.7937287092208862,1.7389076064284297,1.7744440429667387
*OCCCCONC(*)=O,egb,5.6793,6.2280731201171875,5.753862005099184,6.118069743645502
*OCCCCONC(*)=O,ei,6.4266,7.191934585571289,6.857453708105894,7.052454417121643
*OCCCCONC(*)=O,eps,3.69,3.952880382537842,3.6158184806730977,3.7681489012141287
*OCCCCONC(*)=O,nc,1.6747,1.7108206748962402,1.7383460847255063,1.7205034122916483
*OCCCCOc1ncnc(*)n1,tg,-11.0,83.6290283203125,23.98582097378679,55.94247277273663
*OCCOC(=O)CCCC(=O)OCCOc1nc(-c2ccc(OCCCC)cc2)nc(*)c1-c1ccc(OCCCC)cc1,tg,37.0,42.50286102294922,36.65212491866381,39.786931793919564
*OCCOC(=O)CCCCC(=O)OCCOc1nc(-c2ccc(OCCCC)cc2)nc(*)c1-c1ccc(OC)cc1,tg,34.0,47.483253479003906,59.5913666447404,53.10387588771858
*OCCOC(=O)c1cc(N=Nc2ccc(OCC)cc2)ccc1-c1ccc(N=Nc2ccc(OCC)cc2)cc1C(=O)OCCOc1nc(-c2ccc(OCCCC)cc2)nc(*)c1-c1ccc(OC)cc1,tg,126.0,117.2315902709961,102.51049922952345,110.39801570360831
*OCCOC(=O)c1ccc(C(=O)OCCOc2nc(-c3ccc(OCCCC)cc3)nc(*)c2-c2ccc(OC)cc2)cc1,tg,94.0,83.79019927978516,83.67301495673411,83.73580196592832
*OCCOC(=O)c1cccc(C(=O)OCCOc2nc(-c3ccc(OCCCC)cc3)nc(*)c2-c2ccc(OC)cc2)c1,tg,92.0,89.57099914550781,75.79705232314956,83.17709176237658
*ON(C(F)(F)F)C(F)(Br)C(*)(F)F,tg,3.0,-36.89381408691406,-31.556415417996835,-34.41617763339523
*ON(C(F)(F)F)C(F)(C(*)(F)F)C(F)(F)F,egb,7.0955,6.690232753753662,6.953244870701916,6.751244020678891
*ON(C(F)(F)F)C(F)(Cl)C(*)(F)F,egc,6.7405,6.935956001281738,7.638582481431542,7.253034227589165
*ON(C(F)(F)F)C(F)(Cl)C(*)(F)F,tg,-50.0,-34.91108703613281,21.410554209870476,-8.766412424180636
*ON(C(F)(F)F)C(F)(F)C(*)(F)F,egc,7.1742,6.7612504959106445,6.693138996202231,6.7305134341448
*ON(C(F)(F)F)C(F)(F)C(*)(F)F,tg,-40.62,-64.11964416503906,-56.59247740023082,-60.62551080063223
*ON(C(F)(F)F)C(F)(F)C(F)=C(F)C(*)(F)F,egc,4.6645,6.190287113189697,6.120855704707013,6.158954408724841
*OP(=O)(Oc1c(Cl)cc(Cl)cc1Cl)Oc1c(Cl)c(Cl)c(*)c(Cl)c1Cl,tg,127.0,171.724365234375,156.27811823525147,164.55417109880221
*OP(=O)(Oc1c(Cl)cccc1Cl)Oc1c(Cl)c(Cl)c(*)c(Cl)c1Cl,tg,144.0,149.36459350585938,116.35689594651164,134.04232140427865
*OP(=O)(Oc1ccc(*)cc1)OC1CCCCC1,egc,5.2577,5.145913600921631,5.019628538922005,5.088924226625024
*OP(=O)(Oc1ccc(-c2ccc(*)cc2)cc1)OC1CCCCC1,egc,4.479,4.6464385986328125,4.232349264815958,4.459570162545009
*OP(=O)(Oc1ccc(Br)cc1)Oc1c(Br)cc(C(c2cc(Br)c(*)c(Br)c2)(C(F)(F)F)C(F)(F)F)cc1Br,tg,152.0,138.4088134765625,148.03748012871753,142.8784693849903
*OP(=O)(Oc1ccc(Br)cc1)Oc1ccc(S(=O)(=O)c2ccc(*)cc2)cc1,tg,89.0,89.91421508789062,79.93379511135346,85.28127423239474
*OP(=O)(Oc1ccc(C(C)(C)c2ccc(*)cc2)cc1)Oc1c(Cl)c(Cl)c(Cl)c(Cl)c1Cl,tg,130.0,131.8986358642578,122.80403272803008,127.67689384003391
*OP(=O)(Oc1ccc(C(C)(C)c2ccc(*)cc2)cc1)Oc1c(Cl)cc(Cl)cc1Cl,tg,94.0,106.11842346191406,112.26503296251268,108.97169800798011
*OP(=O)(Oc1ccc(C(C)(C)c2ccc(*)cc2)cc1)Oc1c(Cl)cccc1Cl,tg,96.0,110.45643615722656,99.70220458901996,105.46428964245683
*OP(=O)(Oc1ccc(C)cc1)Oc1c(Br)cc(C(c2cc(Br)c(*)c(Br)c2)(C(F)(F)F)C(F)(F)F)cc1Br,tg,146.0,144.01295471191406,146.2855221543176,145.06788732752872
*OP(=O)(Oc1ccc(C)cc1)Oc1c(C)cc(S(=O)(=O)c2cc(C)c(*)c(C)c2)cc1C,tg,128.0,126.14681243896484,156.4614604485038,140.2189628708648
*OP(=O)(Oc1ccc(C)cc1)Oc1ccc(S(=O)(=O)c2ccc(*)cc2)cc1,tg,66.0,99.73736572265624,92.8701543967602,96.54958565028832
*OP(=O)(Oc1ccc(Cl)cc1)Oc1c(Cl)c(Cl)c(*)c(Cl)c1Cl,tg,119.0,103.22900390625,124.88432447745232,113.28146859701886
*OP(=O)(Oc1ccc(NC(=O)Oc2ccc(-c3ccc(OC(=O)Nc4ccc(*)cc4)cc3)cc2)cc1)c1ccccc1,tg,34.0,65.29179382324219,102.29534594069708,82.46895358269654
*OP(=O)(Oc1ccc(NC(=O)Oc2ccc(C(C)(C)c3ccc(OC(=O)Nc4ccc(*)cc4)cc3)cc2)cc1)c1ccccc1,tg,34.0,66.59713745117188,99.26235198893372,81.7604279080173
*OP(=O)(Oc1ccc(OC)cc1)Oc1c(Br)cc(C(c2cc(Br)c(*)c(Br)c2)(C(F)(F)F)C(F)(F)F)cc1Br,tg,151.0,130.4649200439453,142.15651205589256,135.89219208512986
*OP(=O)(Oc1ccc(OC)cc1)Oc1c(C)cc(S(=O)(=O)c2cc(C)c(*)c(C)c2)cc1C,tg,147.0,128.99679565429688,140.75089163311736,134.45308222417242
*OP(=O)(Oc1ccc(OC)cc1)Oc1ccc(S(=O)(=O)c2ccc(*)cc2)cc1,tg,81.0,100.54348754882812,85.17452113055863,93.40916729042851
*OP(=O)(Oc1ccc([N+](=O)[O-])cc1)Oc1c(Br)cc(C(c2cc(Br)c(*)c(Br)c2)(C(F)(F)F)C(F)(F)F)cc1Br,tg,154.0,140.3634033203125,159.51753233884017,149.25480739849698
*OP(=O)(Oc1ccc([N+](=O)[O-])cc1)Oc1c(C)cc(S(=O)(=O)c2cc(C)c(*)c(C)c2)cc1C,tg,173.0,140.0392303466797,140.42504169640972,140.21832513115572
*OP(=O)(Oc1cccc2c(*)cccc12)OC1CCCCC1,egc,4.0777,4.725155353546143,4.140882054573537,4.461487036807605
*OP(=O)(Oc1cccc2c(*)cccc12)OC1CCCCC1,tg,134.0,110.7335205078125,105.1073533135858,108.12183683966416
*OP(=O)(Oc1ccccc1)Oc1c(C)cc(S(=O)(=O)c2cc(C)c(*)c(C)c2)cc1C,tg,142.0,134.40695190429688,146.94404700111846,140.2267090106962
*OP(=O)(Oc1ccccc1)Oc1c(Cl)c(Cl)c(*)c(Cl)c1Cl,egc,4.5449,4.925658702850342,4.32785110989957,4.655882688707623
*OP(=O)(Oc1ccccc1)Oc1c(Cl)c(Cl)c(*)c(Cl)c1Cl,tg,79.0,123.31895446777344,102.76390349808275,113.77723822254967
*OP(=O)(Oc1ccccc1)Oc1ccc(*)cc1,egc,5.1351,4.987021446228027,4.9005853471871665,4.948014938863025
*OP(=O)(Oc1ccccc1)Oc1ccc(*)cc1,tg,97.0,84.14492797851562,72.21948603933788,78.60910210047172
*OP(=O)(Oc1ccccc1)Oc1ccc(-c2ccc(*)cc2)cc1,egc,4.631,4.857975482940674,4.336557744448987,4.6226723505410465
*OP(=O)(Oc1ccccc1)Oc1ccc(S(=O)(=O)c2ccc(*)cc2)cc1,tg,100.5,84.59500122070312,87.27056094392991,85.83700406048317
*OP(=O)(Oc1ccccc1)Oc1cccc2c(*)cccc12,tg,138.0,104.6523208618164,155.39180050095987,128.20573933112132
*OS(=O)(=O)c1cc(C)c(*)c(C)c1,tg,153.0,173.4386749267578,170.78736818557527,172.2079303939072
*OS(=O)(=O)c1cc(S(=O)(=O)Oc2ccc(C3(c4ccc(*)cc4)CCCC3)cc2)ccc1C,egc,3.9679,4.025611400604248,3.710959436816269,3.8836166289856644
*OS(=O)(=O)c1cc(S(=O)(=O)Oc2ccc(C3(c4ccc(*)cc4)CCCC3)cc2)ccc1C,tg,134.0,162.92120361328125,140.80517437646407,152.6548765796024
*OS(=O)(=O)c1cc(S(=O)(=O)Oc2ccc(C3(c4ccc(*)cc4)CCCCC3)cc2)ccc1C,tg,140.0,155.1234588623047,143.85228879691542,149.8913479483407
*OS(=O)(=O)c1ccc(Oc2ccc(S(=O)(=O)Oc3ccc(C(C)(C)c4ccc(*)cc4)cc3)cc2)cc1,tg,110.0,114.62570190429688,125.54792628145668,119.6958311843068
*OS(=O)(=O)c1cccc(C(=O)c2cccc(S(=O)(=O)Oc3ccc(C(C)(C)c4ccc(*)cc4)cc3)c2)c1,tg,122.0,110.88086700439452,158.17803061622166,132.83635206027853
*OS(=O)(=O)c1cccc(S(=O)(=O)Oc2ccc(C(C)(C)c3ccc(*)cc3)cc2)c1,tg,117.5,111.47364807128906,125.29151951632142,117.8879453958684
*OS(=O)(=O)c1cccc(S(=O)(=O)Oc2ccc(C(C)(CC)c3ccc(*)cc3)cc2)c1,tg,136.5,105.37237548828124,129.8640900467459,116.74150276607182
*OS(=O)(=O)c1cccc(S(=O)(=O)Oc2ccc(C3(c4ccc(*)cc4)CCCCC3)cc2)c1,tg,126.0,136.07687377929688,137.39495419159317,136.68873065579228
*O[Si](*)(C)CCCCCCCCCCCOc1ccc(/C=C/c2ccc(C#N)cc2)cc1,tg,-55.0,29.20591735839844,28.911180174820412,29.069099474717937
*O[Si](*)(C)CCCCCCCCCCCOc1ccc(/C=C/c2ccc(OC)cc2)cc1,tg,55.0,40.03514862060547,-3.6873238452961816,19.739045904810503
*O[Si](*)(C)CCCCCCOc1ccc(C(=O)Oc2ccc(C(=O)OCC(C)CC)cc2)cc1,tg,-10.9,4.64923095703125,17.855888267984092,10.779800849309087
*O[Si](*)(C)CCCCCOc1ccc(/C=C/c2ccc(OC)cc2)cc1,tg,52.0,29.913299560546875,39.1756472384899,34.21290910361529
*O[Si](*)(C)CCCCCn1c2ccccc2c2ccccc21,tg,7.0,27.764846801757812,40.410296227708415,33.63490231237979
*O[Si](*)(C)CCCOCC1COC(=O)O1,tg,-32.2,-34.663482666015625,3.811060328681775,-16.803484534102008
*O[Si](*)(C)CCCOc1ccc(C(=O)OC2CCC3(C)C(=CCC4C3CCC3(C)C(C(C)CCCC(C)C)CCC43)C2)cc1,tg,66.59,83.15857696533203,123.50930721794884,101.88950684362608
*O[Si](*)(C)CCCOc1ccc(C(=O)OC2CCC3(C)C(=CCC4C3CCC3(C)C(C(C)CCCC(C)C)CCC43)C2)cc1S(=O)(=O)[O][K],tg,112.6,103.549072265625,62.29992294518102,84.4010935642876
*O[Si](*)(C)CCCOc1ccc(C(=O)Oc2ccc(-c3ccc(OC(=O)c4cc(OCC(C)CC)c(OCC(C)CC)c(OCC(C)CC)c4)cc3)cc2)cc1,tg,57.67,63.36206817626953,69.0374165325161,65.99658188717943
*O[Si](*)(C)CCCOc1ccc(C(=O)Oc2ccc(-c3ccc(OC(=O)c4cc(OCCCCC)c(OCCCCC)c(OCCCCC)c4)cc3)cc2)cc1,tg,48.67,51.37431335449219,42.84081182273776,47.413036376184195
*O[Si](*)(C)CCCOc1ccc(N=Nc2ccc(S(=O)(=O)O)cc2)cc1,tg,9.2,81.86746978759766,70.25947031813631,76.4790016550871
*O[Si](*)(C)CCCn1c2ccccc2c2ccccc21,tg,51.0,55.400360107421875,25.23185760737352,41.39605085889476
*O[Si](*)(C)OCCOCCOCCOCCOCCOCCOCCOCCOC,tg,-78.0,-88.81040954589844,-71.93176917467696,-80.97529411539666
*O[Si](*)(C)c1ccccc1,tg,-24.27,25.34502410888672,22.692357339806783,24.113648247011334
*O[Si](*)(CC)CC,tg,-105.5,-51.94673156738281,7.584537158421618,-24.312138262925632
*O[Si](*)(CCC)c1ccccc1,tg,40.6,-34.873016357421875,1.3424768822382185,-18.061675890147104
*O[Si](*)(CCCOCCOCCOC)CCCOCCOCCOC,tg,-63.4,-79.65388488769531,-66.89746263345016,-73.73231545769275
*O[Si](*)(CCCOCCOCCOCCOCCOC)CCCOCCOCCOCCOCCOC,tg,-69.8,-82.273193359375,-65.84956122345814,-74.64929411495413
*O[Si](*)(CCCOCCOCCOCCOCCOCCOCCOC)CCCOCCOCCOCCOCCOCCOCCOC,tg,-68.9,-88.31594848632812,-66.27553703248812,-78.0847234540661
*O[Si](*)(CCCOCCOCCOCCOCCOCCOCCOCCOC)CCCOCCOCCOCCOCCOCCOCCOCCOC,tg,-66.4,-89.74559020996094,-74.7655568023067,-82.79181382037312
*O[Si](*)(c1ccccc1)c1ccccc1,tg,45.8,82.48609161376953,8.181768812842588,47.993802346017596
*O[Si](C)(C)C#C[Si](C)(C)C#C[Si](C)(C)C#C[Si](C)(C)C#C[Si](*)(C)C,tg,-23.0,-5.5297698974609375,-16.828561800449677,-10.77470295119653
*O[Si](C)(C)C#C[Si](C)(C)C#C[Si](C)(C)C#C[Si](C)(C)C#C[Si](C)(C)C#C[Si](*)(C)C,tg,-16.1,6.7796783447265625,-22.087869846669708,-6.6207240159283955
*O[Si](C)(C)CC(C)(C)COC(=O)c1cccc(C(=O)OCC(C)(C)C[Si](*)(C)C)c1,tg,-52.0,9.751144409179688,13.850839456034915,11.654235133047186
*O[Si](C)(C)CCCC(=O)Oc1ccc(C=Nc2ccc(Oc3ccc(N=Cc4ccc(OC(=O)CCC[Si](*)(C)C)cc4)cc3)cc2)cc1,tg,52.0,72.12041473388672,54.074553176688354,63.74347173173711
*O[Si](C)(C)CCCCCCOC(=O)C(C)Oc1ccc(OC(=O)c2ccc(-c3ccc(OCCCCCCCCCC[Si](*)(C)C)cc3)cc2)cc1,tg,35.0,19.467605590820312,18.84667229716092,19.179366495522206
*O[Si](C)(C)CCCCCCOC(=O)C(C)Oc1ccc(OC(=O)c2ccc(-c3ccc(OCCCCCCCCCC[Si](*)(C)C)cc3)cc2)cc1[N+](=O)[O-],tg,20.0,3.803955078125,49.56865634050955,25.048066519979468
*O[Si](C)(C)CCCN=C1C=CC(=NCCC[Si](*)(C)C)c2c(O)ccc(O)c21,tg,32.9,38.620391845703125,-2.18455090571472,19.678615164597247
*O[Si](C)(C)CCCN=C1c2ccccc2C(=NCCC[Si](*)(C)C)c2c(O)ccc(O)c21,tg,7.5,61.30086517333984,45.697587632401586,54.05777698977664
*O[Si](C)(C)CC[Si](*)(C)O[Si](C)(C)C,tg,-89.0,-87.96163940429688,-79.30526085938462,-83.94332254832857
*O[Si](C)(C)COC(=O)CCCCCCCCC(=O)Oc1ccc(S(=O)(=O)c2ccc(Oc3ccc(C=C4CCCC(=Cc5ccc(Oc6ccc(S(=O)(=O)c7ccc(OC(=O)CCCCCCCCC(=O)OC[Si](*)(C)C)cc7)cc6)cc5)C4=O)cc3)cc2)cc1,tg,80.0,47.733253479003906,67.60582599352118,56.95816118055899
*O[Si](C)(C)COC(=O)CCCCCCCCC(=O)Oc1ccc(S(=O)(=O)c2ccc(Oc3ccc(C=C4CCCCC(=Cc5ccc(Oc6ccc(S(=O)(=O)c7ccc(OC(=O)CCCCCCCCC(=O)OC[Si](*)(C)C)cc7)cc6)cc5)C4=O)cc3)cc2)cc1,tg,81.0,52.07460021972656,69.81216668635781,60.30843171715041
*O[Si](C)(C)OC(CCl)COc1ccc(C(C)(C)c2ccc(OCC(*)CCl)cc2)cc1,tg,24.0,32.29564666748047,38.14647753843714,35.01161988748286
*O[Si](C)(C)O[Si](*)(C)c1c(F)c(F)c(F)c(F)c1F,tg,-65.0,-73.16700744628906,7.856360240456985,-35.55571741157515
*O[Si](C)(C)O[Si](C)(C)OC(C)CCC(*)C,tg,-83.0,-97.95832824707033,-66.10433688891221,-83.17161002070688
*O[Si](C)(C)O[Si](C)(C)OC(C)CCCCC(*)C,tg,-87.0,-81.79470825195312,-86.16811892674536,-83.82485859038978
*O[Si](C)(C)O[Si](C)(C)O[Si](*)(C)c1c(F)c(F)c(Cl)c(F)c1F,tg,-75.0,-70.85995483398438,-62.8746070932361,-67.15313248778781
*O[Si](C)(C)O[Si](C)(C)O[Si](*)(C)c1c(F)c(F)c(F)c(F)c1F,tg,-83.0,-74.0361328125,-52.63519619716291,-64.10175391620486
*O[Si](C)(C)O[Si](C)(C)O[Si](C)(C)OC(C)CCC(*)C,egc,6.3039,5.719908237457275,5.650406085833431,5.688543608334929
*O[Si](C)(C)O[Si](C)(C)O[Si](C)(C)OC(C)CCCCC(*)C,tg,-94.0,-93.00851440429688,-93.6137243610725,-93.28945467950477
*O[Si](C)(C)O[Si](C)(C)O[Si](C)(C)O[Si](C)(C)OC(C)CCC(*)C,tg,-96.0,-97.59942626953124,-78.8151829921224,-88.87972426059068
*O[Si](C)(C)O[Si](C)(C)O[Si](C)(C)O[Si](C)(C)OC(C)CCCCC(*)C,tg,-98.0,-97.17971801757812,-97.165512424175,-97.17312373855894
*O[Si](C)(C)O[Si](C)(C)O[Si](C)(C)O[Si](C)(C)O[Si](C)(C)C#Cc1ccc(C#C[Si](*)(C)C)cc1,tg,78.0,-90.3099365234375,-52.45485543484581,-72.73749446431114
*O[Si](C)(C)O[Si](C)(C)O[Si](C)(C)O[Si](C)(C)O[Si](C)(C)OC(C)CCCCC(*)C,tg,-104.0,-101.46452331542967,-95.45096026682504,-98.67300933100039
*O[Si](C)(C)O[Si](C)(C)O[Si](C)(C)O[Si](C)(C)O[Si](C)(C)O[Si](C)(C)OC1=C(*)c2cccc3cccc1c23,tg,-93.0,-23.048873901367188,28.480979307708555,0.871438347142572
*O[Si](C)(C)O[Si](C)(C)O[Si](C)(C)O[Si](C)(C)O[Si](C)(C)Oc1c(*)c2ccccc2c2ccccc12,tg,-38.0,-33.736846923828125,-15.17149773346589,-25.118756205924296
*O[Si](C)(C)O[Si](C)(C)O[Si](C)(C)O[Si](C)(C)O[Si](C)(C)c1ccc([Si](*)(C)C)cc1,tg,-80.0,-92.71409606933594,-65.69214865690824,-80.17042711989212
*O[Si](C)(C)O[Si](C)(C)O[Si](C)(C)O[Si](C)(C)c1ccc(Oc2ccc([Si](*)(C)C)cc2)cc1,tg,-52.0,-54.43806457519531,-42.82222797664897,-49.04595842388265
*O[Si](C)(C)O[Si](C)(C)O[Si](C)(C)O[Si](C)(C)c1ccc([Si](*)(C)C)cc1,tg,-72.0,-88.48480224609375,-72.70256688653134,-81.1586413069488
*O[Si](C)(C)O[Si](C)(C)O[Si](C)(C)O[Si](C)(C)c1cccc([Si](*)(C)C)c1,tg,-75.0,-84.15663146972656,-70.65514498685792,-77.88920099250622
*O[Si](C)(C)O[Si](C)(C)O[Si](C)(C)O[Si](C)(c1ccccc1)c1cccc([Si](*)(C)c2ccccc2)c1,tg,-42.0,-35.6142578125,-35.529192355451286,-35.57477017247294
*O[Si](C)(C)O[Si](C)(C)O[Si](C)(C)Oc1c(C)cc(-c2cc(C)c(*)c(C)c2)cc1C,tg,14.0,16.560264587402344,39.86474002989163,27.37827191046396
*O[Si](C)(C)O[Si](C)(C)O[Si](C)(C)c1ccc(Oc2ccc([Si](*)(C)C)cc2)cc1,tg,-37.0,-26.40771484375,-50.752492287915565,-37.70863347284389
*O[Si](C)(C)O[Si](C)(C)O[Si](C)(C)c1ccc([Si](*)(C)C)cc1,tg,-62.0,-47.51246643066406,-64.90734792821245,-55.58722253871946
*O[Si](C)(C)O[Si](C)(C)Oc1ccc(-c2ccc(*)cc2)cc1,tg,-4.0,83.64533233642578,33.737941469110304,60.47817196802886
*O[Si](C)(C)O[Si](C)(C)c1c(F)c(F)c(F)c([Si](*)(C)C)c1F,tg,-61.0,-35.842987060546875,-18.40179749864972,-27.746734610276953
*O[Si](C)(C)Oc1ccc(*)cc1,egc,4.9485,4.8975677490234375,4.550721661322765,4.741044552991385
*O[Si](C)(C)Oc1ccc(*)cc1,tg,90.0,1.2486114501953125,21.52496954190313,10.660957626466283
*O[Si](C)(C)Oc1ccc(C(C)(C)c2ccc(*)cc2)cc1,tg,45.0,81.29386901855469,75.91498277574519,78.79697390893392
*O[Si](C)(C)c1cc(OCCO)c([Si](*)(C)C)cc1OCCO,tg,73.0,28.66309356689453,39.63555949393824,33.75654512488951
*O[Si](C)(C)c1cc(OCCOCc2ccccc2)c([Si](*)(C)C)cc1OCCOCc1ccccc1,tg,76.0,8.754745483398438,48.040191769036625,26.991167352518264
*O[Si](C)(C)c1ccc(-c2ccc([Si](*)(C)C)cc2)cc1,tg,67.0,17.379302978515625,32.68541689869818,24.48444691899058
*O[Si](C)(C)c1ccc([Si](*)(C)C)c2ccccc12,tg,60.0,52.89349365234375,59.804130968387625,56.10143219944713
*O[Si](C)(C)c1ccc([Si](C)(C)O[SiH](*)C)cc1,tg,-70.33,-50.382293701171875,-33.87549694557919,-42.719789191127546
*O[Si](C)(C)c1ccc([Si](C)(C)O[SiH](*)CCC(F)(F)F)cc1,tg,-37.0,-29.934661865234375,-37.90671353787723,-33.63531213677999
*O[Si](C)(C)c1ccc([Si](C)(C)Oc2c(C)cc(-c3cc(C)c(*)c(C)c3)cc2C)cc1,tg,67.0,110.6737060546875,111.2622540839472,110.94691181322162
*O[Si](C)(C)c1ccc2cc([Si](*)(C)C)ccc2c1,tg,29.0,44.487037658691406,31.8466400230262,38.6193272042556
*O[Si](C)(C)c1ccc2ccc([Si](*)(C)C)cc2c1,tg,26.0,45.92559051513672,39.524992193172125,42.95441359721538
*O[Si](C)(C)c1ccc2ccc3c([Si](*)(C)C)ccc4ccc1c2c43,tg,65.0,227.18246459960935,167.05717597901517,199.2721254802447
*O[Si](C)(C)c1cccc(C(F)(F)C(F)(F)c2cccc([Si](*)(C)C)c2)c1,tg,-2.0,24.417274475097656,18.250227335014937,21.554512715549777
*O[Si](C)(C)c1cccc([Si](*)(C)C)c1,tg,-52.0,-33.902557373046875,2.892301813477075,-16.822273497396626
*O[Si](C)(C)c1cccc2c([Si](*)(C)C)cccc12,tg,62.0,43.237945556640625,50.68845225051086,46.696493086436405
*O[Si](C)(C=C)O[Si](C)(C)c1ccc([Si](*)(C)C)cc1,tg,-63.0,-41.79130554199219,-60.15634520717239,-50.31641197815813
*O[Si](C)(CCC(F)(F)F)CCC(F)(F)C(F)(F)C(F)(F)C(F)(F)C(F)(F)C(F)(F)C(F)(F)C(F)(F)C(F)(F)C(F)(F)CC[Si](*)(C)CCC(F)(F)F,tg,-11.0,-3.807449340820313,3.752540144836213,-0.2980795710553825
*O[Si](C)(CCC(F)(F)F)CCC(F)(F)CC[Si](*)(C)CCC(F)(F)F,tg,-38.0,-61.21546936035156,-24.894904504707476,-44.35535433413141
*O[Si](C)(Oc1ccc(C(C)(C)c2ccc(*)cc2)cc1)c1ccccc1,tg,58.0,55.89147186279297,45.64150542541107,51.13340673258341
*O[Si](C=C)(C=C)O[Si](C)(C)c1ccc([Si](*)(C)C)cc1,tg,-71.0,-25.484893798828125,-49.25304482395831,-36.51814071657243
*O[Si](O[Si](O[Si](O[Si](CC[Si](C)(C)O[Si](C)(C)CC[Si](*)(c1ccccc1)c1ccccc1)(c1ccccc1)c1ccccc1)(c1ccccc1)c1ccccc1)(c1ccccc1)c1ccccc1)(c1ccccc1)c1ccccc1,tg,11.0,-9.635528564453123,87.30328206339783,35.3637577678617
*O[Si](Oc1ccc(C2(c3ccc(*)c(C)c3)c3ccccc3-c3ccccc32)cc1C)(c1ccccc1)c1ccccc1,tg,171.0,156.15322875976562,179.11357768256835,166.81149152134952
*O[Si](Oc1ccc(C2(c3ccc(*)cc3)c3ccccc3-c3ccccc32)cc1)(c1ccccc1)c1ccccc1,tg,166.0,207.05555725097656,185.88801481913256,197.2295206339324
*O[Si](c1ccccc1)(c1ccccc1)c1ccc([Si](*)(c2ccccc2)c2ccccc2)cc1,tg,114.13,36.85968780517578,133.2479091987842,81.603388965332
*Oc1c(-c2ccccc2)cc(*)cc1-c1ccc(C(C)(C)C)cc1,tg,240.0,231.5459899902344,217.43826329659325,224.99714099081405
*Oc1c(-c2ccccc2)cc(*)cc1-c1ccc(C)cc1,tg,218.0,219.92576599121097,227.58300074322364,223.48027730497546
*Oc1c(-c2ccccc2)cc(*)cc1-c1cccc2ccccc12,tg,234.0,238.01316833496097,244.3633309404067,240.96093284216354
*Oc1c(-c2ccccc2)cc(*)cc1-c1ccccc1,egc,3.9085,3.848848581314087,3.932522309643933,3.88660849802218
*Oc1c(-c2ccccc2)cc(*)cc1-c1ccccc1-c1ccccc1,tg,211.0,246.65505981445312,211.40117891458345,230.29010267640075
*Oc1c(-c2ccccc2)cc(-c2cc(-c3ccccc3)c(OC(=O)CCCCCCCCC(*)=O)c(-c3ccccc3)c2)cc1-c1ccccc1,tg,98.0,101.60503387451172,110.8161892840579,105.8808798132129
*Oc1c(-c2ccccc2)cc(Cc2cc(-c3ccccc3)c(OC(=O)CCCCC(*)=O)c(-c3ccccc3)c2)cc1-c1ccccc1,tg,115.0,118.2884521484375,118.8955481916356,118.57026795061361
*Oc1c(-c2ccccc2)cc(Cc2cc(-c3ccccc3)c(OC(=O)CCCCCC(*)=O)c(-c3ccccc3)c2)cc1-c1ccccc1,tg,111.0,99.18244934082033,108.57976968718988,103.54471360096463
*Oc1c(Br)cc(*)cc1Br,tg,196.0,188.0568695068359,193.8594428312866,190.75044142916556
*Oc1c(Br)cc(C(C)(C)c2cc(Br)c(OC(*)=O)c(Br)c2)cc1Br,tg,206.75,165.43788146972656,215.04889698875468,188.4674635134768
*Oc1c(Br)cc(C(C)(C)c2cc(Br)c(OC(=O)c3ccc(OCCCCCCCCCCOc4ccc(C(*)=O)cc4)cc3)c(Br)c2)cc1Br,tg,128.0,88.88269805908203,95.96997791477963,92.1726346023323
*Oc1c(Br)cc(C(C)(C)c2cc(Br)c(OC(=O)c3cccc(C(*)=O)c3)c(Br)c2)cc1Br,tg,115.0,225.7839508056641,180.01642055272262,204.53852613791713
*Oc1c(Br)cc(C2(c3cc(Br)c(OC(*)=O)c(Br)c3)CC3CCC2C3)cc1Br,egc,4.8531,3.720738410949707,4.2134293601781,3.9430778426570825
*Oc1c(Br)cc(C2(c3cc(Br)c(OC(*)=O)c(Br)c3)CC3CCC2C3)cc1Br,tg,283.0,253.55099487304688,228.90714663789817,242.11124668673108
*Oc1c(Br)cc(S(=O)(=O)c2cc(Br)c(OC(*)=O)c(Br)c2)cc1Br,tg,196.0,278.99066162109375,199.38555437392375,242.0377323316884
*Oc1c(C(C)C)cc(C(=O)c2cccc(C(=O)c3ccc(*)cc3)c2)cc1C(C)C,tg,132.0,162.32644653320312,162.73105728775218,162.51426805772115
*Oc1c(C)c(C)c(NC(=O)c2ccc(C(=O)Nc3ccc(*)cc3)cc2)c(C)c1C,tg,333.0,337.90362548828125,289.8280702954014,315.5868087283296
*Oc1c(C)c(C)c(Oc2ccc(NC(=O)c3ccc(C(=O)Nc4ccc(*)cc4)cc3)cc2)c(C)c1C,tg,310.0,256.63677978515625,265.2047570482883,260.61406050126266
*Oc1c(C)cc(*)cc1-c1ccccc1,tg,171.67,161.62928771972656,171.56365494396692,166.24085074962738
*Oc1c(C)cc(*)cc1C,egc,4.5265,5.1402668952941895,4.556981373394869,4.87704433830316
*Oc1c(C)cc(*)cc1C,tg,204.61,149.3150634765625,179.703523268626,163.4214775590582
*Oc1c(C)cc(*)cc1C(C)CCC,tg,100.0,102.79142761230467,98.9056890916494,100.98765614893544
*Oc1c(C)cc(*)cc1C(C)CCCC,tg,85.0,77.39202117919922,83.2721724540907,80.12160501855516
*Oc1c(C)cc(*)cc1C(C)CCCCC,tg,60.0,62.942115783691406,73.08513196459016,67.65053428440727
*Oc1c(C)cc(*)cc1C(C)CCCCCCCC,tg,20.0,44.21260070800781,27.124178803036333,36.28010406101177
*Oc1c(C)cc(*)cc1C(C)CCCCCCCCCCCC,tg,-10.0,32.08324432373047,12.293984196288124,22.897010481868232
*Oc1c(C)cc(-c2cc(C)c(OC(=O)CCCCC(*)=O)c(C)c2)cc1C,tg,108.0,116.64616394042967,110.84598226141256,113.95370222707592
*Oc1c(C)cc(-c2cc(C)c(OC(=O)CCCCCCCCC(*)=O)c(C)c2)cc1C,tg,57.0,61.92548370361328,67.99015669762775,64.74072307783257
*Oc1c(C)cc(-c2cc(C)c(Oc3ccc(C(=O)c4ccc(*)cc4)cc3)c(C)c2)cc1C,tg,246.64,233.0371856689453,202.53221477476916,218.8766867837694
*Oc1c(C)cc(C(=O)c2ccc(*)cc2)cc1C,tg,200.0,177.3607177734375,175.12190861378306,176.32145585381835
*Oc1c(C)cc(C(C)(C)c2cc(C)c(OC(*)=O)c(C)c2)cc1C,tg,193.62,177.9278564453125,200.6703525558218,188.48499127871986
*Oc1c(C)cc(C(C)(C)c2cc(C)c(OC(=O)CCCCC(*)=O)c(C)c2)cc1C,tg,93.0,96.63829040527344,89.41957429917525,93.28734076079041
*Oc1c(C)cc(C(C)(C)c2cc(C)c(OC(=O)CCCCCC(*)=O)c(C)c2)cc1C,tg,84.0,79.72183227539062,79.86371793588964,79.78769602409861
*Oc1c(C)cc(C(C)(C)c2cc(C)c(OC(=O)CCCCCCCCC(*)=O)c(C)c2)cc1C,tg,45.0,72.24884796142578,64.20423237400152,68.51451330322953
*Oc1c(C)cc(C(C)(C)c2cc(C)c(OC(=O)c3ccc(C(*)=O)cc3)c(C)c2)cc1C,tg,239.0,197.1888732910156,187.93193988417391,192.89177706881415
*Oc1c(C)cc(C(C)(C)c2cc(C)c(OC(=O)c3cccc(C(*)=O)c3)c(C)c2)cc1C,tg,187.0,184.2811279296875,174.79918083860832,179.87957968109836
*Oc1c(C)cc(C(C)(C)c2cc(C)c(ON3C(=O)c4ccc(Oc5ccc(C6(c7ccc(Oc8ccc9c(c8)C(=O)N(*)C9=O)cc7)CCC(C(C)(C)C)CC6)cc5)cc4C3=O)c(C)c2)cc1C,tg,248.0,207.79495239257812,236.52093303133816,221.1296386711481
*Oc1c(C)cc(C2(c3cc(C)c(OC(=O)c4ccc(C(*)=O)cc4)c(C)c3)CCC3CCCCC3C2)cc1C,tg,287.0,234.5749053955078,248.01188433769383,240.8123912790719
*Oc1c(C)cc(C2(c3cc(C)c(Oc4ccc(C(=O)c5ccc(*)cc5)cc4)c(C)c3)CCC3CCCCC3C2)cc1C,tg,251.0,252.30194091796875,228.58873120819817,241.29419792342432
*Oc1c(C)cc(C2(c3cc(C)c(Oc4ccc(C(=O)c5cccc(C(=O)c6ccc(*)cc6)c5)cc4)c(C)c3)CCC3CCCCC3C2)cc1C,tg,224.0,232.8619384765625,217.2275587552627,225.60441256769008
*Oc1c(C)cc(C2(c3cc(C)c(Oc4ccc(C(=O)c5cccc(C(=O)c6ccc(*)cc6)c5)cc4)c(C)c3)c3ccccc3-c3ccccc32)cc1C,tg,229.0,280.06591796875,240.31917846118455,261.61536240392854
*Oc1c(C)cc(N=Nc2ccc(C(*)=O)cc2)cc1C,egc,3.7116,3.3511083126068115,3.350741407227509,3.3509427371407874
*Oc1c(Cl)cc(*)cc1Br,tg,188.5,195.86114501953125,182.96391038418577,189.8742100603332
*Oc1c(Cl)cc(C(=C(Cl)Cl)c2cc(Cl)c(OC(*)=O)c(Cl)c2)cc1Cl,tg,250.0,214.05374145507812,217.5523113356111,215.67778807570465
*Oc1c(Cl)cc(C(C)(C)c2cc(Cl)c(OC(=O)c3ccc(OCCCCCCCCCCOc4ccc(C(*)=O)cc4)cc3)c(Cl)c2)cc1Cl,tg,140.0,77.76598358154297,104.44771146038472,90.1517216041627
*Oc1c(Cl)cc(C(c2cc(Cl)c(OC(*)=O)c(Cl)c2)C(Cl)(Cl)Cl)cc1Cl,tg,273.0,250.33029174804688,239.2563947068022,245.1897555629415
*Oc1c(Cl)cc(C2(c3cc(Cl)c(OC(*)=O)c(Cl)c3)CC3CC2C2CCCC32)cc1Cl,tg,281.0,262.0204162597656,271.0471785854755,266.2106663764889
*Oc1c(F)c(C#N)c(Oc2ccc(C(C)(C)c3cccc(C(C)(C)c4ccc(*)cc4)c3)cc2)c(F)c1C#N,tg,131.5,165.86622619628906,190.5636396917541,177.33083953693085
*Oc1c(F)c(F)c(-c2c(F)c(F)c(Oc3ccc(Cc4ccc(*)c(C=O)c4)cc3C=O)c(F)c2F)c(F)c1F,tg,198.0,178.9036102294922,160.18884549685723,170.21616036920068
*Oc1c(F)c(F)c(COC(c2cccc(C(OCc3c(F)c(F)c(Oc4ccc(Cc5ccc(*)cc5)cc4)c(F)c3F)(C(F)(F)F)C(F)(F)F)c2)(C(F)(F)F)C(F)(F)F)c(F)c1F,tg,94.0,110.63985443115234,134.23388916579782,121.59227604518294
*Oc1c(F)c(F)c(S(=O)(=O)c2c(F)c(F)c(Oc3ccc(C(c4ccc(*)cc4)(C(F)(F)F)C(F)(F)F)cc3)c(F)c2F)c(F)c1F,egc,3.7366,4.146894931793213,3.725637545176518,3.9567917279702582
*Oc1c(F)c(F)c(S(=O)(=O)c2c(F)c(F)c(Oc3ccc(C(c4ccc(*)cc4)(C(F)(F)F)C(F)(F)F)cc3)c(F)c2F)c(F)c1F,tg,182.0,213.124755859375,159.9522295044353,188.44190981493378
*Oc1c(F)c(F)c(Sc2c(F)c(F)c(Oc3ccc(C(c4ccc(*)cc4)(C(F)(F)F)C(F)(F)F)cc3)c(F)c2F)c(F)c1F,tg,130.33,170.69810485839844,157.49128848159967,164.56746112727834
*Oc1c(OC)cc(*)cc1OC,egc,4.2534,4.74000883102417,4.336148525709331,4.557756506491934
*Oc1c(OC)cc(*)cc1OC,tg,171.45,95.50662994384766,122.4514767695608,108.0145085699371
*Oc1c(OC)cc(-c2cc(OC)c(OC(=O)CCCCCCCCC(*)=O)c(OC)c2)cc1OC,tg,94.0,81.73387145996094,56.803789113650936,70.16125254165658
*Oc1c([2H])c([2H])c(S(=O)(=O)c2c([2H])c([2H])c(Oc3c([2H])c([2H])c(C(c4c([2H])c([2H])c(*)c([2H])c4[2H])(C([2H])([2H])[2H])C([2H])([2H])[2H])c([2H])c3[2H])c([2H])c2[2H])c([2H])c1[2H],tg,175.0,171.44296264648438,232.59934365080724,199.83193793963702
*Oc1cc(Br)c(C(C)(C)c2c(Br)cc(OC(*)=O)cc2Br)c(Br)c1,tg,267.0,211.19677734375,212.28858644152615,211.70359839811252
*Oc1cc(C(=O)c2ccccc2)c(Oc2ccc(*)cc2)cc1C(=O)c1ccccc1,tg,137.0,140.32431030273438,170.8574114719038,154.49786734584342
*Oc1cc(C(C)(C)C)c(Oc2ccc(C(=O)Nc3c(C)cc(C(C)(C)c4cc(C)c(NC(=O)c5ccc(*)cc5)c(C)c4)cc3C)cc2)cc1C(C)(C)C,tg,295.0,312.7005615234375,268.84780287067076,292.3439795693487
*Oc1cc(C(C)(C)C)c(Oc2ccc(C(=O)Nc3c(C)cc(Cc4cc(C)c(NC(=O)c5ccc(*)cc5)c(C(C)C)c4)cc3C(C)C)cc2)cc1C(C)(C)C,tg,260.0,285.8223876953125,262.9086128957305,275.1857447812687
*Oc1cc(C(C)(C)C)c(Oc2ccc(C(=O)Nc3ccc(C(C)(C)c4ccc(NC(=O)c5ccc(*)cc5)c(C)c4)cc3C)cc2)cc1C(C)(C)C,tg,275.0,269.65142822265625,271.39920202269593,270.4627500571487
*Oc1cc(C(C)(C)C)c(Oc2ccc(C(=O)Nc3ccc(C(C)(C)c4ccc(NC(=O)c5ccc(*)cc5)cc4)cc3)cc2)cc1C(C)(C)C,tg,254.0,244.09274291992188,244.93260940447428,244.48261145837938
*Oc1cc(C(C)(C)C)c(Oc2ccc(C(=O)c3ccc(*)cc3)cc2)cc1C(C)(C)C,tg,206.0,211.55130004882812,177.6367379513878,195.80805871160334
*Oc1cc(C(C)(C)c2ccccc2)c(OC(=O)c2ccc(C(*)=O)cc2)cc1C(C)(C)c1ccccc1,tg,170.0,170.74884033203125,188.62952357536727,179.04910706599435
*Oc1cc(C(C)(C)c2ccccc2)c(OC(=O)c2cccc(C(*)=O)c2)cc1C(C)(C)c1ccccc1,tg,180.0,138.18531799316406,154.22869855826522,145.6327033191386
*Oc1cc(C)c(*)c(C)c1Br,tg,280.15,267.7572021484375,166.83610356589733,220.90932581620262
*Oc1cc(C)cc(OC(=O)c2cccc(C(*)=O)c2)c1,egc,4.2911,4.131734371185303,4.087490767342568,4.1117683098024305
*Oc1cc(CC)cc(OC(=O)c2cccc(C(*)=O)c2)c1,tg,138.0,124.19979095458984,136.70276383214588,130.00370842457235
*Oc1cc(CCC)cc(OC(=O)c2cccc(C(*)=O)c2)c1,tg,129.0,120.53272247314452,124.04800737869638,122.16452825846477
*Oc1cc(CCCC)cc(OC(=O)c2cccc(C(*)=O)c2)c1,tg,97.5,99.4659423828125,112.3580082811486,105.4504779988047
*Oc1cc(CCCCCC)cc(OC(=O)c2cccc(C(*)=O)c2)c1,tg,67.5,94.1216278076172,78.45528314383365,86.8492636766735
*Oc1cc(CCCCCCCCCCC)cc(OC(=O)c2cccc(C(*)=O)c2)c1,tg,34.5,50.281219482421875,34.46075220498625,42.93731117245332
*Oc1cc(CCCCCCCCCCCCC)cc(OC(=O)c2cccc(C(*)=O)c2)c1,tg,25.5,71.47834777832031,35.235851567287014,54.654472450830355
*Oc1cc(Cl)c(C(C)(C)c2c(Cl)cc(OC(*)=O)cc2Cl)c(Cl)c1,tg,240.0,208.36166381835935,226.44651737219883,216.75670702217388
*Oc1cc(Cl)cc(Cl)c1*,egc,4.3654,4.498396396636963,4.34786683531917,4.430466069987013
*Oc1cc(Cl)cc(Cl)c1*,tg,165.0,194.55503845214844,145.8521857645474,171.94702831569796
*Oc1cc(OC(=O)c2ccc(C(*)=O)cc2)cc(C(=O)OCCN(CC)c2ccc(N=Nc3ccc([N+](=O)[O-])cc3)cc2)c1,tg,130.0,163.65640258789062,148.26257268352856,156.51054062475322
*Oc1cc(OC(=O)c2ccc(C=Nc3ccc(OCCCCCCOc4ccc(N=Cc5ccc(C(*)=O)cc5)cc4F)c(F)c3)cc2)c(Cl)cc1Cl,egc,2.9795,3.0901741981506348,3.623914888708688,3.331038378837599
*Oc1cc(OC(=O)c2ccc(OCCCC)cc2)c(OC(=O)C(C)(C)CCC(*)=O)cc1OC(=O)c1ccc(OCCCC)cc1,tg,61.0,54.44825744628906,73.38008103500891,63.23646667790632
*Oc1cc(OC(=O)c2ccc(OCCCC)cc2)c(OC(=O)CCCC(*)=O)cc1OC(=O)c1ccc(OCCCC)cc1,egc,4.3317,3.788527250289917,3.782421483110551,3.7857718661958435
*Oc1cc(OC(=O)c2ccc(OCCCC)cc2)c(OC(=O)CCCCCC(*)=O)cc1OC(=O)c1ccc(OCCCC)cc1,tg,45.0,42.63792419433594,49.29100649175796,45.726304930133146
*Oc1cc(OC(=O)c2ccc(OCCCC)cc2)c(OC(=O)CCCCCCCC(*)=O)cc1OC(=O)c1ccc(OCCCC)cc1,tg,38.0,48.119285583496094,39.3351615214815,44.041668875749885
*Oc1cc(OC(=O)c2ccc(OCCCCCCCCCCCC)cc2)c(OC(=O)CCCC(*)=O)cc1OC(=O)c1ccc(OCCCCCCCCCCCC)cc1,tg,23.0,34.893280029296875,46.61226215263411,40.33326664225231
*Oc1cc(OC(=O)c2ccc(Oc3ccc(C4(c5ccc(Oc6ccc(C(*)=O)cc6)cc5)CCC(C(C)(C)C)CC4)cc3)cc2)ccc1C12CC3CC(CC(C3)C1)C2,tg,180.0,244.459716796875,201.26446811513492,224.4083529413057
*Oc1cc(Oc2ccc(C(C)(C)c3ccc(*)cc3)cc2)cc(C(=O)Oc2ccc(N=Nc3ccc(C#N)cc3)cc2)c1,egc,3.1481,3.349770784378052,3.055578875049779,3.217009137273725
*Oc1cc(Oc2ccc(C(C)(C)c3ccc(*)cc3)cc2)cc([N+](=O)[O-])c1,tg,150.0,133.0177001953125,131.81278177306578,132.45837345364333
*Oc1cc(Oc2ccc(NC(=O)c3cc(NC(=O)C45CC6CC(CC(C6)C4)C5)cc(C(=O)Nc4ccc(*)cc4)c3)cc2)ccc1C12CC3CC(CC(C3)C1)C2,tg,345.0,319.1807861328125,278.4476498533535,300.27234223112964
*Oc1cc2ccccc2cc1OC(=O)c1ccc(Oc2ccc(C(*)=O)cc2)cc1,tg,148.0,140.73797607421875,139.2253439247503,140.03580769843057
*Oc1ccc(*)cc1,tg,119.75,208.5352783203125,136.91601837475335,175.28940327475286
*Oc1ccc(-c2cc(-c3ccccc3)c(-c3ccc(OC(=O)c4ccc(C(*)=O)cc4-c4ccccc4)cc3)c(-c3ccccc3)c2-c2ccccc2)cc1,tg,225.0,273.51202392578125,209.8806526822085,243.9741507482379
*Oc1ccc(-c2ccc(-c3ccc(*)cc3)cc2)cc1,eea,1.6576,1.6963908672332764,1.817111404698803,1.7266391117301694
*Oc1ccc(-c2ccc(-c3ccc(*)cc3)cc2)cc1,egc,3.9661,3.571624994277954,3.680568051682376,3.620788344060811
*Oc1ccc(-c2ccc(-c3ccc(*)cc3)cc2)cc1,ei,5.5837,5.383620262145996,5.560614115043296,5.45742756797388
*Oc1ccc(-c2ccc(-c3ccc(*)cc3)cc2)cc1,eps,3.87,4.098730087280273,3.9856972493145606,4.036780862285962
*Oc1ccc(-c2ccc(-c3ccc(*)cc3)cc2)s1,egc,3.3694,3.862197160720825,3.4920623476698727,3.69516432986053
*Oc1ccc(-c2ccc(-c3ccc(*)cc3)cc2)s1,ei,5.1012,5.4454545974731445,5.441245724353945,5.443699476713783
*Oc1ccc(-c2ccc(-c3ccc(*)cc3)cc2)s1,nc,2.1534,2.035494089126587,2.1279946377230554,2.0680334237467197
*Oc1ccc(-c2ccc(-c3ccc(*)cc3)s2)cc1,egc,3.449,3.45566987991333,3.3571255463741148,3.4111992210725193
*Oc1ccc(-c2ccc(-c3ccc(*)cc3)s2)cc1,ei,5.1678,5.2081193923950195,5.2712405051574835,5.234441206387954
*Oc1ccc(-c2ccc(-c3ccc(*)cc3)s2)s1,egc,3.9319,3.072422504425049,2.9846806466300406,3.0328267399206594
*Oc1ccc(-c2ccc(-c3ccc(*)cc3)s2)s1,ei,5.6406,4.903046607971191,5.017256209188691,4.950672572531847
*Oc1ccc(-c2ccc(-c3ccc(*)cc3)s2)s1,eps,5.17,5.322751522064209,5.571680597875975,5.459180577572544
*Oc1ccc(-c2ccc(-c3ccc(*)cc3)s2)s1,nc,2.1712,2.1611976623535156,2.1608579616288486,2.161078164299522
*Oc1ccc(-c2ccc(-c3ccc(*)s3)s2)s1,egc,2.5408,2.679427146911621,2.24733317975918,2.4844336580900435
*Oc1ccc(-c2ccc(-c3ccc(*)s3)s2)s1,ei,4.7769,4.852999210357666,5.153282041208029,4.978218625431339
*Oc1ccc(-c2ccc(-c3ccc(*)s3)s2)s1,nc,2.2729,2.1840713024139404,2.3041700411998036,2.2263189767045803
*Oc1ccc(-c2ccc(-c3ccc(Oc4ccc(C(=O)c5cccc(C(=O)c6ccc(*)cc6)c5)cc4)cc3)cc2)cc1,tg,174.0,163.83358764648438,179.57618685726223,171.1413493666095
*Oc1ccc(-c2ccc(-c3ccc(Oc4ccc(C(C)(C)c5ccc(*)cc5)cc4)c(C(F)(F)F)c3)cc2)cc1C(F)(F)F,tg,192.0,175.13616943359375,178.96898521338073,176.91537400208983
*Oc1ccc(-c2ccc(-c3ccc(Oc4ccc(C(C)(C)c5ccc(*)cc5)cc4)cc3)cc2)cc1,tg,182.0,175.1395721435547,175.6376448507333,175.37077898650517
*Oc1ccc(-c2ccc(C(*)=O)cc2)cc1,egb,3.0847,3.095926284790039,3.3780497685594058,3.1613708406297034
*Oc1ccc(-c2ccc(C(*)=O)cc2)cc1,egc,3.8635,3.7724623680114746,4.049067532438876,3.8972875452598683
*Oc1ccc(-c2ccc(C(*)=O)cc2)cc1,ei,6.2671,6.100128650665283,6.142348237425788,6.117734425673568
*Oc1ccc(-c2ccc(C(*)=O)cc2)cc1,eps,4.1,4.302097320556641,4.384111685653434,4.347046438419965
*Oc1ccc(-c2ccc(C(*)=O)cc2)cc1,nc,1.9035,1.9951022863388064,1.907826084745354,1.9644007437953936
*Oc1ccc(-c2ccc(C(*)=O)cc2)cc1Br,egc,3.8867,3.828032970428467,3.667677550773457,3.7556684731038668
*Oc1ccc(-c2ccc(C(*)=O)cc2)s1,ei,6.028,6.0294694900512695,6.123833719953207,6.068819837317998
*Oc1ccc(-c2ccc(C(*)=O)cc2)s1,eps,4.73,4.4892377853393555,4.722209627143089,4.616921255957127
*Oc1ccc(-c2ccc(C(*)=O)s2)cc1,egb,2.0204,2.741174697875977,2.625401583546284,2.714318656173063
*Oc1ccc(-c2ccc(C(*)=O)s2)cc1,egc,2.8763,3.347649574279785,3.260154664345477,3.308165251333426
*Oc1ccc(-c2ccc(C(*)=O)s2)cc1,ei,5.7839,6.233368396759033,6.1820518723233695,6.211969154067566
*Oc1ccc(-c2ccc(C(*)=O)s2)s1,eea,2.952,3.050060510635376,2.9417253778897936,3.0229156051231096
*Oc1ccc(-c2ccc(C(*)=O)s2)s1,egc,2.6473,3.0108587741851807,2.839472643437394,2.9335163854673305
*Oc1ccc(-c2ccc(C(*)=O)s2)s1,eps,5.23,5.634882926940918,5.083355459457101,5.332610598044234
*Oc1ccc(-c2ccc(C(*)=O)s2)s1,nc,2.0521,2.190260887145996,2.2224317181866775,2.201577765284819
*Oc1ccc(-c2ccc(N=Nc3ccc(C(*)=O)cc3)cc2)cc1,egc,3.5627,3.0622644424438477,3.399295384269437,3.214358302074636
*Oc1ccc(-c2ccc(NC(=O)c3cc(C(=O)Nc4ccc(-c5ccc(Oc6ccc(C(C)(C)c7ccc(*)cc7)cc6)c(C(F)(F)F)c5)cc4)cc(C(C)(C)C)c3)cc2)cc1C(F)(F)F,tg,248.5,241.4397125244141,231.1059451781498,236.642746761225
*Oc1ccc(-c2ccc(OC(*)(Oc3ccccc3)Oc3ccccc3)cc2)cc1,tg,112.0,75.8459701538086,109.16687287369383,91.3136330293064
*Oc1ccc(-c2ccc(OC(=O)/C=C/c3ccc(/C=C/C(*)=O)cc3)cc2)cc1,tg,243.0,141.2581787109375,195.54342497265563,166.4575526699311
*Oc1ccc(-c2ccc(OC(=O)CCCCCCCCC(*)=O)cc2)cc1,egc,4.5699,4.441304683685303,4.240479334912132,4.350677092517673
*Oc1ccc(-c2ccc(OC(=O)CCCCCCCCCCCCC(*)=O)cc2)cc1,tg,95.0,27.552452087402344,42.08675653281099,34.29931975726494
*Oc1ccc(-c2ccc(OC(=O)Nc3cccc(P(=O)(c4ccccc4)c4cccc(NC(*)=O)c4)c3)cc2)cc1,tg,72.0,176.56295776367188,150.6934520987559,164.5542557262596
*Oc1ccc(-c2ccc(OC(=O)c3cc(CCCCC)cc(C(*)=O)c3)cc2)cc1,tg,138.0,150.63311767578125,125.2955115912018,138.87132501718827
*Oc1ccc(-c2ccc(OC(=O)c3cc(N=Nc4ccc(OCC)cc4)ccc3-c3ccc(N=Nc4ccc(OCC)cc4)cc3C(*)=O)cc2)cc1,tg,165.0,165.41400146484375,176.76933917256085,170.6851832505514
*Oc1ccc(-c2ccc(OC(=O)c3cc(OCCCCCC)c(C(*)=O)cc3OCCCCCC)cc2)cc1,tg,113.0,70.93798828125,81.71414365324078,75.94031189142235
*Oc1ccc(-c2ccc(OC(=O)c3ccc(C(*)=O)cc3)cc2)cc1-c1ccccc1,tg,132.0,184.2390899658203,182.77453536670788,183.5592393329528
*Oc1ccc(-c2ccc(OC(=O)c3ccc(C(*)=O)cc3Sc3ccc4ccccc4c3)cc2)cc1,tg,141.0,141.60633850097656,171.88128443729266,155.66005911153488
*Oc1ccc(-c2ccc(OC(=O)c3cccc(C(*)=O)c3)cc2)cc1,tg,185.5,150.11793518066406,191.5056752121928,169.33024810531936
*Oc1ccc(-c2ccc(Oc3ccc(*)cc3)c3ccccc23)c2ccccc12,tg,226.0,258.3480224609375,245.38545933039455,252.33076181853775
*Oc1ccc(-c2ccc(Oc3ccc(-c4ccc(-c5ccc(*)c(C(F)(F)F)c5)cc4)cc3C(F)(F)F)cc2)cc1,tg,203.5,175.49819946289062,196.7932640714112,185.38343225641788
*Oc1ccc(-c2ccc(Oc3ccc(C(=O)c4ccc(*)c(S(=O)(=O)O)c4)cc3S(=O)(=O)O)cc2)cc1,tg,225.0,195.64956665039065,211.27103866921288,202.90110076510018
*Oc1ccc(-c2ccc(Oc3ccc(C(=O)c4ccc(C(=O)c5ccc(*)c(C(F)(F)F)c5)cc4)cc3C(F)(F)F)cc2)cc1,tg,187.0,168.66348266601562,181.5744512054824,174.656792944655
*Oc1ccc(-c2ccc(Oc3ccc(C(=O)c4ccc5cc(C(=O)c6ccc(*)cc6)ccc5c4)cc3)cc2)cc1,tg,195.0,174.0170135498047,185.9416414912066,179.55246156764224
*Oc1ccc(-c2ccc(Oc3ccc(C(=O)c4cccc(C(=O)c5ccc(*)cc5)c4)cc3)cc2)cc1,tg,159.0,156.46812438964844,165.11246334520052,160.48085243216389
*Oc1ccc(-c2ccc(Oc3ccc(C(=O)c4ccccc4-c4ccccc4C(=O)c4ccc(*)cc4)cc3)cc2)cc1,tg,193.0,165.37281799316406,189.21397971794764,176.4399566964352
*Oc1ccc(-c2ccc(Oc3ccc(C(C)(C)c4ccc(*)cc4)cc3)cc2)cc1,egc,4.2484,3.9086620807647705,3.9710304574469935,3.936807410914947
*Oc1ccc(-c2ccc(Oc3ccc(C(C)(C)c4ccc(*)cc4)cc3)cc2)cc1,tg,154.0,164.10789489746094,195.5614454335309,178.7087272944483
*Oc1ccc(-c2ccc(Oc3ccc(Oc4ccc(Oc5ccc(*)cc5)cc4)cc3)c3ccccc23)c2ccccc12,tg,147.0,166.57464599609375,185.28141758517089,175.2583854151974
*Oc1ccc(-c2ccc(Oc3ccc(Oc4ccc(S(=O)(=O)c5ccc(Oc6ccc(*)cc6)cc5)cc4)cc3)c3ccccc23)c2ccccc12,tg,214.0,232.96450805664065,197.67110340914104,216.58120387652113
*Oc1ccc(-c2ccc(Oc3ccc(Oc4cccc(Oc5ccc(*)cc5)c4C)cc3)c3ccccc23)c2ccccc12,tg,156.0,157.24488830566406,176.54845821354533,166.20566329242712
*Oc1ccc(-c2ccc(Oc3ccc4ccccc4c3-c3c(*)ccc4ccccc34)c3ccccc23)c2ccccc12,tg,301.0,265.56475830078125,259.5341550243313,262.76533419153185
*Oc1ccc(-c2ccc(Oc3cccc(*)n3)cc2)cc1,egc,4.055,4.154411792755127,4.125957304309717,4.14157097479331
*Oc1ccc(-c2ccc(Oc3cccc(*)n3)cc2)cc1,tg,119.0,160.04165649414062,166.53232002507278,163.05464195190953
*Oc1ccc(C(=Cc2cc(OC)c(C=C(c3ccc(*)cc3)c3ccc(C(F)(F)F)cc3)cc2OC)c2ccc(C(F)(F)F)cc2)cc1,tg,194.0,183.72703552246097,158.2297535773385,171.89112085099825
*Oc1ccc(C(=Cc2ccc(-c3ccc(C=C(c4ccccc4)c4ccc(OC(=O)CCCCC(*)=O)cc4)cc3)cc2)c2ccccc2)cc1,tg,128.0,142.50442504882812,150.685625384762,146.3021627565048
*Oc1ccc(C(=Cc2ccc(-c3ccc(C=C(c4ccccc4)c4ccc(OC(=O)CCCCCCCCC(*)=O)cc4)cc3)cc2)c2ccccc2)cc1,tg,111.0,112.41929626464844,119.47274430571308,115.6935279781824
*Oc1ccc(C(=Cc2ccc(-c3ccc(C=C(c4ccccc4)c4ccc(OC(=O)c5ccc(C(*)=O)cc5)cc4)cc3)cc2)c2ccccc2)cc1,tg,236.0,201.1978302001953,174.74860853764042,188.920022259789
*Oc1ccc(C(=Cc2ccc(-c3ccc(C=C(c4ccccc4)c4ccc(OC(=O)c5cccc(C(*)=O)c5)cc4)cc3)cc2)c2ccccc2)cc1,tg,224.0,192.69134521484375,169.86232971779594,182.09404782298404
*Oc1ccc(C(=Nc2ccc(N=C(c3ccccc3)c3ccc(Oc4ccc(C(C)(C)c5ccc(*)cc5)cc4)cc3)cc2)c2ccccc2)cc1,tg,161.0,174.11386108398438,173.4271838435802,173.79510345163158
*Oc1ccc(C(=Nc2ccc(N=C(c3ccccc3)c3ccc(Oc4ccc(C(c5ccccc5)(c5ccccc5)c5ccc(*)cc5)cc4)cc3)cc2)c2ccccc2)cc1,tg,198.0,184.7147979736328,180.2552136947272,182.64464558998156
*Oc1ccc(C(=Nc2ccc(N=C(c3ccccc3)c3ccc(On4c(=O)c5c(F)c6c(=O)n(*)c(=O)c6c(F)c5c4=O)cc3)cc2)c2ccccc2)cc1,egc,0.9593,1.9771852493286133,2.6594131635384892,2.2850580993939307
*Oc1ccc(C(=O)CCCCC(=O)c2ccc(OC(*)=O)cc2)cc1,egc,4.6051,4.609434127807617,4.277439332615659,4.45961295855661
*Oc1ccc(C(=O)CNCCCCCCCCNCC(=O)c2ccc(*)cc2)cc1,egc,3.8153,4.3276495933532715,4.215088644656371,4.276853577301208
*Oc1ccc(C(=O)CNNCC(=O)c2ccc(*)cc2)cc1,egc,4.1658,4.623829364776611,4.317835487553714,4.485741776859227
*Oc1ccc(C(=O)NCC(C)(C)CCCNC(=O)c2ccc(*)cc2)cc1,egc,4.7683,4.193790912628174,4.43736363634691,4.303709353500398
*Oc1ccc(C(=O)NCCCCCCCCCCCCNC(=O)c2ccc(*)cc2)cc1,egc,4.4794,4.387641429901123,4.3926937598403795,4.38992142341278
*Oc1ccc(C(=O)NNC(=O)c2ccc(*)cc2)cc1,tg,256.2,194.66622924804688,205.7205972579798,199.79769999830629
*Oc1ccc(C(=O)NNC(=O)c2ccc(C(=O)NNC(=O)c3ccc(OC(=O)c4cccc(C(*)=O)c4)cc3)cc2)cc1,tg,175.0,213.82666015625,184.9363258455349,200.41568041073765
*Oc1ccc(C(=O)NNC(=O)c2cccc(C(=O)NNC(=O)c3ccc(OC(=O)c4cccc(C(*)=O)c4)cc3)c2)cc1,egc,3.7359,4.199768543243408,3.5481557753445516,3.9057115634373085
*Oc1ccc(C(=O)NNC(=O)c2cccc(C(=O)NNC(=O)c3ccc(OC(=O)c4cccc(C(*)=O)c4)cc3)c2)cc1,tg,180.0,171.64950561523438,190.26871351894704,180.29259770924182
*Oc1ccc(C(=O)Nc2cc(C(c3ccc(C)c(NC(=O)c4ccc(OC(=O)c5cccc(C(*)=O)c5)cc4)c3)(C(F)(F)F)C(F)(F)F)ccc2C)cc1,tg,214.0,213.51776123046875,223.47319960364317,218.13910555083615
*Oc1ccc(C(=O)Nc2cc(NC(=O)c3ccc(*)cc3)cc(-c3nc4ccccc4[nH]3)c2)cc1,egc,3.5407,3.4668936729431152,3.4964142614442264,3.4802155959077723
*Oc1ccc(C(=O)Nc2cc(NC(=O)c3ccc(*)cc3)cc(-c3nc4ccccc4[nH]3)c2)cc1,tg,335.0,284.15045166015625,284.1324591248973,284.1420994713815
*Oc1ccc(C(=O)Nc2cc(NC(=O)c3ccc(*)cc3)cc(C(=O)OCCOC(=O)C=Cc3ccc(N(C)C)cc3)c2)cc1,tg,182.0,218.27294921875,207.58441028216117,213.31129742039928
*Oc1ccc(C(=O)Nc2cc(SCCC#N)c(NC(=O)c3ccc(*)cc3)cc2SCCC#N)cc1,tg,158.0,234.22943115234375,189.76269949054196,213.58784108793316
*Oc1ccc(C(=O)Nc2ccc(Br)cc2-c2ccc(NC(=O)c3ccc(*)cc3)cc2)cc1,tg,267.0,252.05160522460935,260.83781237925353,256.1301889101954
*Oc1ccc(C(=O)Nc2ccc(C(c3ccc(NC(=O)c4ccc(*)cc4)cc3)(P3(=O)Oc4ccccc4-c4ccccc43)P3(=O)Oc4ccccc4-c4ccccc43)cc2)cc1,tg,243.0,239.24728393554688,254.8321235354113,246.48181317162158
*Oc1ccc(C(=O)Nc2ccc(C(c3ccc(NC(=O)c4ccc(OC(=O)c5ccc(C(*)=O)cc5)cc4)cc3)(C(F)(F)F)C(F)(F)F)cc2)cc1,tg,266.0,230.9465789794922,233.67370210112227,232.21251770330042
*Oc1ccc(C(=O)Nc2ccc(C(c3ccc(NC(=O)c4ccc(OC(=O)c5cccc(C(*)=O)c5)cc4)cc3)(C(F)(F)F)C(F)(F)F)cc2)cc1,tg,227.0,230.11724853515625,228.16946398247188,229.21308111003293
*Oc1ccc(C(=O)Nc2ccc(Cc3ccc(NC(=O)c4ccc(Oc5nc(*)nc(Sc6ccccc6)n5)cc4)cc3)cc2)cc1,egc,3.3904,3.944910287857056,3.7593590461226167,3.8611755293752057
*Oc1ccc(C(=O)Nc2ccc(S(=O)(=O)c3ccc(NC(=O)c4ccc(*)cc4)cc3)cc2)cc1,egc,3.8301,3.544517993927002,3.4137425670884656,3.4855022272884906
*Oc1ccc(C(=O)Nc2ccc(S(=O)(=O)c3ccc(NC(=O)c4ccc(Oc5ccc(C(=O)c6ccc(S(=O)(=O)c7ccc(C(=O)c8ccc(*)cc8)cc7)cc6)cc5)cc4)cc3)cc2)cc1,tg,260.0,240.29005432128903,227.57746536847537,234.38883244114015
*Oc1ccc(C(=O)Nc2ccc(S(=O)(=O)c3ccc(NC(=O)c4ccc(Oc5nc(*)nc(Sc6ccccc6)n5)cc4)cc3)cc2)cc1,egc,3.8673,3.8287038803100586,3.700945936799192,3.771049830442093
*Oc1ccc(C(=O)Nc2ccc(SCCC(*)=O)cc2)cc1,egc,3.9873,4.0558366775512695,3.962464099740373,4.013699906173511
*Oc1ccc(C(=O)O)c(C(=O)Nc2ccc(NC(=O)c3cc(*)ccc3C(=O)O)cc2)c1,tg,166.3,195.4951171875,231.93411854062185,212.41021079069753
*Oc1ccc(C(=O)OC(C)COC(=O)c2ccc(OC(=O)c3ccc(C(*)=O)cc3)cc2)cc1,tg,87.0,122.09624481201172,113.16053361503896,117.94826090204694
*Oc1ccc(C(=O)OC(C)COC(C)COC(C)COC(=O)c2ccc(OC(=O)c3ccc(C(*)=O)cc3)cc2)cc1,tg,36.0,66.66543579101562,57.10488985485832,62.22740172305082
*Oc1ccc(C(=O)OCCCCCCCOC(=O)c2ccc(OC(=O)c3ccc(C(*)=O)cc3)cc2)cc1,tg,65.0,62.31013488769531,45.26124195744657,54.39598770919853
*Oc1ccc(C(=O)OCCCCCCOC(=O)c2ccc(*)cc2)cc1,tg,15.0,48.866546630859375,42.43792334138139,45.882360439052576
*Oc1ccc(C(=O)OCCCCOC(=O)c2ccc(*)cc2)cc1,tg,38.0,57.45013427734375,46.05788580111513,52.16181840230449
*Oc1ccc(C(=O)OCCCOC(=O)c2ccc(*)cc2)cc1,egc,4.6133,4.348269462585449,4.488117257276815,4.4113793679853845
*Oc1ccc(C(=O)OCCCOC(=O)c2ccc(*)cc2)cc1,tg,57.0,81.07640075683594,72.96417398161056,77.31068078269217
*Oc1ccc(C(=O)OCCCOC(=O)c2ccc(OC(=O)c3ccc(C(*)=O)cc3)cc2)cc1,egc,4.0079,4.236256122589111,3.800221283562909,4.039484214224378
*Oc1ccc(C(=O)OCCN(CCOC(=O)c2ccc(OC3(F)C(*)(F)C(F)(F)C3(F)F)cc2)c2ccc(C=CC3=CC(=C(C#N)C#N)CC(C)(C)C3)cc2)cc1,tg,143.0,153.715576171875,145.79492061513193,150.03878413131824
*Oc1ccc(C(=O)OCCOC(=O)c2ccc(*)cc2)cc1,tg,74.0,101.0105438232422,107.00476168367916,103.79307771336383
*Oc1ccc(C(=O)OCCOCCOC(=O)c2ccc(OC(*)=O)cc2)cc1,egc,4.6582,4.400067329406738,4.547715417066034,4.466697317138928
*Oc1ccc(C(=O)OCCOCCOC(=O)c2ccc(OC(*)=O)cc2)cc1,tg,51.0,43.95854949951172,45.03977550096014,44.46045784885083
*Oc1ccc(C(=O)OCCOCCOCCOC(=O)c2ccc(OC(=O)c3ccc(C(*)=O)cc3)cc2)cc1,tg,25.0,53.45954895019531,41.01798949101339,47.68413977302312
*Oc1ccc(C(=O)OCCOCCOCCOCCOC(=O)c2ccc(OC(=O)c3ccc(C(*)=O)cc3)cc2)cc1,tg,25.0,39.181922912597656,19.775315436714862,30.17331757805693
*Oc1ccc(C(=O)c2ccc(*)cc2)cc1,eea,2.4594,2.3541195392608643,2.6838862349573893,2.436747266470988
*Oc1ccc(C(=O)c2ccc(*)cc2)cc1,egc,3.9194,3.8576242923736577,4.149896138794044,3.989519461828151
*Oc1ccc(C(=O)c2ccc(*)cc2)cc1,eps,4.32,4.257157325744629,4.36735844002545,4.3175545850373425
*Oc1ccc(C(=O)c2ccc(*)cc2)cc1,nc,1.9173,1.9451539516448977,1.9355438002302192,1.9417733453957764
*Oc1ccc(C(=O)c2ccc(C(=O)NOC(*)=O)s2)cc1,eea,3.5136,3.0749752521514893,2.885853181021934,3.0275880323180853
*Oc1ccc(C(=O)c2ccc(C(=O)NOC(*)=O)s2)cc1,egb,2.9014,3.281907320022583,2.7822092536968435,3.165991701912035
*Oc1ccc(C(=O)c2ccc(C(=O)NOC(*)=O)s2)cc1,ei,7.1656,7.256580352783203,6.627981743029924,6.994451645635596
*Oc1ccc(C(=O)c2ccc(C(=O)NOC(*)=O)s2)cc1,eps,4.55,4.733522891998291,4.555581798451672,4.635999791293724
*Oc1ccc(C(=O)c2ccc(C(=O)NOC(*)=O)s2)cc1,nc,1.8941,1.9240562915802,2.0199231306131495,1.9577798013495964
*Oc1ccc(C(=O)c2ccc(C(=O)c3ccc(*)c(C(C)C)c3)cc2)cc1C,tg,149.0,181.1860809326172,162.58489007977724,172.5513524076058
*Oc1ccc(C(=O)c2ccc(C(=O)c3ccc(Oc4ccc(Cc5ccc(*)cc5)cc4)cc3)cc2)cc1,tg,120.0,148.98696899414062,143.66160858502425,146.51492073688922
*Oc1ccc(C(=O)c2ccc(C(=O)c3ccc(Oc4cccc(Cc5cccc(*)c5)c4)cc3)cc2)cc1,tg,122.0,124.84371185302734,123.14915014677426,124.05709123189968
*Oc1ccc(C(=O)c2ccc(NC(=O)c3ccc(C(=O)Nc4ccc(C(=O)c5ccc(*)cc5)cc4)cc3)cc2)cc1,tg,187.0,223.99139404296875,218.28353755598548,221.3417899603731
*Oc1ccc(C(=O)c2ccc(NC(=O)c3cccc(C(=O)Nc4ccc(C(=O)c5ccc(*)cc5)cc4)c3)cc2)cc1,tg,204.2,214.99331665039065,174.70571418883557,196.29169088184494
*Oc1ccc(C(=O)c2ccc(OC(=O)OC3C(C)(C)C(OC(*)=O)C3(C)C)cc2)cc1,egc,4.4802,4.617931365966797,4.383590480278588,4.512179028865175
*Oc1ccc(C(=O)c2ccc(Oc3ccc(C(=O)c4c(C(=O)c5ccc(*)cc5)c(-c5ccc(F)cc5)c(-c5ccc(F)cc5)c(-c5ccc(F)cc5)c4-c4ccc(F)cc4)cc3)cc2)cc1,tg,260.0,245.1784515380859,257.8326573634555,251.0525717955533
*Oc1ccc(C(=O)c2ccc(Oc3ccc(C(=O)c4c(C(=O)c5ccc(*)cc5)c(-c5ccccc5)c(-c5ccc6ccccc6c5)c(-c5ccc6ccccc6c5)c4-c4ccccc4)cc3)cc2)cc1,tg,290.0,242.2007751464844,273.80435589883376,256.87125201937494
*Oc1ccc(C(=O)c2ccc(Oc3ccc(C(=O)c4ccc(Oc5ccc(Cc6ccc(*)cc6)cc5)cc4)cc3)cc2)cc1,tg,128.0,152.9207305908203,142.52004262677966,148.09270007635823
*Oc1ccc(C(=O)c2ccc(Oc3ccc(C(=O)c4cccc(C(=O)c5ccc(*)cc5)c4)cc3)cc2)cc1,tg,152.0,154.94786071777344,152.20388177190426,153.67409746985163
*Oc1ccc(C(=O)c2ccc(Oc3ccc(C(c4ccc(*)cc4)(C(F)(F)F)C(F)(F)F)cc3)cc2)c2ccccc12,tg,190.0,184.17742919921875,220.3537529491969,200.97058707202723
*Oc1ccc(C(=O)c2ccc(Oc3ccc(C4(c5ccc(*)cc5)c5ccccc5-c5ccccc54)cc3)cc2)c2ccccc12,tg,260.0,288.47821044921875,236.27004930192385,264.2430256235058
*Oc1ccc(C(=O)c2cccc(-c3cccc(C(=O)c4ccc(*)cc4)c3)c2)cc1,tg,123.0,167.35670471191406,171.46481551637658,169.26370205567736
*Oc1ccc(C(=O)c2cccc(C(=O)c3ccc(*)c(C(C)C)c3)c2)cc1CC,tg,136.0,162.8074951171875,137.75239595474682,151.17684301827177
*Oc1ccc(C(=O)c2cccc(C(=O)c3ccc(*)cc3)c2)cc1,egc,3.9576,3.8517465591430664,3.8829365041896904,3.8658218220792158
*Oc1ccc(C(=O)c2cccc(C(=O)c3ccc(*)cc3)c2)cc1,tg,139.0,148.1693572998047,157.72723595846423,152.60615320956362
*Oc1ccc(C(=O)c2cccc(C(=O)c3ccc(Oc4cccc(Cc5cccc(*)c5)c4)cc3)c2)cc1,tg,114.0,118.14492797851562,131.99998558426944,124.57648723031551
*Oc1ccc(C(=O)c2ccccc2)c(-c2cc(Oc3ccc(-c4ccc(*)cc4)cc3)ccc2C(=O)c2ccccc2)c1,tg,174.0,157.89761352539062,200.41116606129376,177.63253198762908
*Oc1ccc(C(=O)c2ccccc2)c(-c2cc(Oc3ccc(C(C)(C)c4ccc(*)cc4)cc3)ccc2C(=O)c2ccccc2)c1,tg,156.0,153.39141845703125,189.34202531195945,170.079797870886
*Oc1ccc(C(=S)c2ccc(*)cc2)cc1,eea,3.1315,2.6936514377593994,2.948446384830001,2.7574939289988487
*Oc1ccc(C(=S)c2ccc(*)cc2)cc1,egb,1.7412,2.4126248359680176,2.2328250904358247,2.3709164523580295
*Oc1ccc(C(=S)c2ccc(*)cc2)cc1,egc,2.6372,3.1137070655822754,3.4359651709727643,3.2591343037481675
*Oc1ccc(C(=S)c2ccc(*)cc2)cc1,ei,5.7685,6.01096773147583,5.885061639163765,5.958464272690385
*Oc1ccc(C(=S)c2ccc(*)cc2)s1,egb,2.4038,2.505481719970703,2.2640832913322284,2.4494842087690025
*Oc1ccc(C(=S)c2ccc(*)cc2)s1,egc,2.6462,3.081582546234131,3.12781467232555,3.1024459793008194
*Oc1ccc(C(=S)c2ccc(*)cc2)s1,eps,4.54,5.126351833343506,5.063631223849708,5.091976927614869
*Oc1ccc(C(=S)c2ccc(*)s2)s1,egb,2.3041,1.937944412231445,1.8485493983951733,1.9172073332168598
*Oc1ccc(C(=S)c2ccc(*)s2)s1,egc,2.6229,2.387340545654297,2.3475860219369675,2.369400296853398
*Oc1ccc(C(C#N)(c2ccccc2)c2ccc(OC(*)=O)cc2)cc1,egc,5.0272,4.524829387664795,4.879983606362562,4.685101840969256
*Oc1ccc(C(C#N)(c2ccccc2)c2ccc(OC(*)=O)cc2)cc1,tg,138.0,185.63909912109375,195.8365064961002,190.37276617707613
*Oc1ccc(C(C)(C)c2ccc(C(C)(C)c3ccc(Oc4ccc(C(=O)Nc5ccc(Cc6ccc(NC(=O)c7ccc(*)cc7)cc6)cc5)cc4)cc3)cc2)cc1,tg,162.0,172.12777709960938,179.14541573696332,175.38538598065207
*Oc1ccc(C(C)(C)c2ccc(C(C)(C)c3ccc(Oc4ccc(C(=O)Nc5ccc(NC(=O)c6ccc(*)cc6)cc5)cc4)cc3)cc2)cc1,tg,163.0,194.1055603027344,188.5117557339648,191.50889946228506
*Oc1ccc(C(C)(C)c2ccc(OC(*)(Oc3ccccc3)Oc3ccccc3)cc2)cc1,tg,92.0,66.57764434814453,107.62922680397158,85.63391191899564
*Oc1ccc(C(C)(C)c2ccc(OC(*)=O)c(C(C)C)c2)cc1C(C)C,tg,80.0,123.60519409179688,147.39738609456708,134.649600903391
*Oc1ccc(C(C)(C)c2ccc(OC(*)=O)c(Cl)c2)cc1,egc,5.0408,4.973854064941406,4.831816370754783,4.909755911208446
*Oc1ccc(C(C)(C)c2ccc(OC(*)=O)c(Cl)c2)cc1Cl,egc,4.9898,4.686653137207031,4.791223061302987,4.7338429983838815
*Oc1ccc(C(C)(C)c2ccc(OC(*)=O)cc2)cc1,egc,5.2059,4.633283615112305,5.0379562744153725,4.815902535224124
*Oc1ccc(C(C)(C)c2ccc(OC(*)=S)cc2)cc1,tg,140.5,107.57421875,101.78112540090714,104.88504746063447
*Oc1ccc(C(C)(C)c2ccc(OC(=O)C3CCC(C(*)=O)CC3)cc2)cc1,tg,150.0,108.33592987060548,158.1798669409838,131.47363479634993
*Oc1ccc(C(C)(C)c2ccc(OC(=O)CC(C)CCC(*)=O)cc2)cc1,tg,56.0,71.36359405517578,79.90338437746175,75.3277903088904
*Oc1ccc(C(C)(C)c2ccc(OC(=O)CCCCC(*)=O)c(C)c2)cc1C,tg,33.5,63.579193115234375,79.39791908454805,70.92229310475558
*Oc1ccc(C(C)(C)c2ccc(OC(=O)CCCCC(*)=O)cc2)cc1,tg,54.0,70.67916870117188,66.53801017981152,68.75683050821016
*Oc1ccc(C(C)(C)c2ccc(OC(=O)CCCCCCCCC(*)=O)cc2)cc1,tg,14.25,45.08918762207031,47.829217045641634,46.361117489908295
*Oc1ccc(C(C)(C)c2ccc(OC(=O)CN(CC(*)=O)c3ccc(N=Nc4ccc([N+](=O)[O-])cc4)cc3)cc2)cc1,tg,152.0,138.33474731445312,141.43358717326868,139.77323806136525
*Oc1ccc(C(C)(C)c2ccc(OC(=O)OCC3CCC(COC(*)=O)CC3)cc2)cc1,tg,90.4,78.68508911132812,73.8541394121628,76.44254778694247
*Oc1ccc(C(C)(C)c2ccc(OC(=O)OCCN(CCOC(*)=O)c3ccc(OC)cc3)cc2)cc1,egc,4.212,4.297539234161377,4.198910350909003,4.2530304200932285
*Oc1ccc(C(C)(C)c2ccc(OC(=O)OCCN(CCOC(*)=O)c3ccc(OC)cc3)cc2)cc1,tg,60.0,67.59786987304688,71.69491934324142,69.49973251230206
*Oc1ccc(C(C)(C)c2ccc(OC(=O)OCCN(CCOC(*)=O)c3ccc4[nH]c5ccccc5c4c3)cc2)cc1,tg,90.0,116.33831787109376,139.07668216009162,126.89353470057613
*Oc1ccc(C(C)(C)c2ccc(OC(=O)OCCN(CCOC(*)=O)c3ccccc3)cc2)cc1,tg,70.0,72.63236236572266,67.79300245548971,70.38591699616154
*Oc1ccc(C(C)(C)c2ccc(OC(=O)Oc3ccc(Cc4ccc(OC(*)=O)cc4)cc3)cc2)cc1,tg,107.8,86.03553009033203,94.58760119311924,90.00542711914983
*Oc1ccc(C(C)(C)c2ccc(OC(=O)SCCCSC(*)=O)cc2)cc1,tg,90.0,71.20486450195312,76.21168307483954,73.52904468444174
*Oc1ccc(C(C)(C)c2ccc(OC(=O)c3cc(NC(=O)c4ccc(NC(=O)C(C)N5C(=O)c6ccccc6C5=O)cc4)cc(C(*)=O)c3)cc2)cc1,tg,238.0,189.92788696289065,197.4227608822208,193.4070298916738
*Oc1ccc(C(C)(C)c2ccc(OC(=O)c3ccc(C(*)=O)cc3)c(C(C)C)c2)cc1C(C)C,egc,3.2409,4.608611583709717,3.6368642509975606,4.170085667906416
*Oc1ccc(C(C)(C)c2ccc(OC(=O)c3ccc(C(*)=O)cc3)c(C(C)C)c2)cc1C(C)C,tg,130.0,140.71385192871094,169.9115648340443,154.26751773878368
*Oc1ccc(C(C)(C)c2ccc(OC(=O)c3ccc(C(*)=O)cc3)c(C(C)CC)c2)cc1C(C)CC,tg,90.0,136.96511840820312,158.5320609281465,146.97655774278763
*Oc1ccc(C(C)(C)c2ccc(OC(=O)c3ccc(C(*)=O)cc3)c(C)c2)cc1C,tg,167.0,167.72569274902344,187.20213311885203,176.7667147221605
*Oc1ccc(C(C)(C)c2ccc(OC(=O)c3ccc(C(*)=O)cc3)c(Cl)c2)cc1Cl,tg,190.0,155.857177734375,172.36450970827363,163.51993069436054
*Oc1ccc(C(C)(C)c2ccc(OC(=O)c3ccc(C(C)(CC)c4ccc(C(*)=O)cc4)cc3)cc2)cc1,tg,207.5,171.60281372070312,164.75370545454993,168.4234371429065
*Oc1ccc(C(C)(C)c2ccc(OC(=O)c3ccc(C(c4ccc(C(*)=O)cc4)(C(F)(F)F)C(F)(F)F)cc3)cc2)cc1,tg,124.0,171.66224670410156,169.16548698905902,170.50324336382425
*Oc1ccc(C(C)(C)c2ccc(OC(=O)c3ccc(Cc4ccc(C(*)=O)cc4)cc3)cc2)cc1,tg,187.5,146.20242309570312,178.3790011972254,161.13888705484
*Oc1ccc(C(C)(C)c2ccc(OC(=O)c3ccc(OCCCCCCCCCCOc4ccc(C(*)=O)cc4)cc3)cc2)cc1,tg,77.0,72.00912475585938,90.81162221693164,80.73730041154795
*Oc1ccc(C(C)(C)c2ccc(OC(=O)c3ccc([Si](C)(C)c4ccc(C(*)=O)cc4)cc3)cc2)cc1,tg,180.0,172.24807739257812,160.62348491119508,166.8519067342191
*Oc1ccc(C(C)(C)c2ccc(OC(=O)c3ccc4c(c3)C(C)(c3ccc(C(*)=O)cc3)CC4(C)C)cc2)cc1,tg,265.0,220.8927764892578,231.95148828275592,226.0262636368626
*Oc1ccc(C(C)(C)c2ccc(OC(=O)c3cccc(C(*)=O)c3)cc2)cc1,tg,166.08,133.9935302734375,166.59994880278674,149.12952744701877
*Oc1ccc(C(C)(C)c2ccc(OC(=O)c3cccc(C(F)(F)C(F)(F)C(F)(F)c4cccc(C(*)=O)c4)c3)cc2)cc1,tg,122.0,97.97720336914062,115.89380049307532,106.29414143407939
*Oc1ccc(C(C)(C)c2ccc(OC(=O)c3cccc(Oc4cccc(C(*)=O)c4)c3)cc2)cc1,tg,85.0,130.59432983398438,134.55672039686368,132.43368340501158
*Oc1ccc(C(C)(C)c2ccc(OC(=O)c3ccccc3-c3ccccc3C(*)=O)cc2)cc1,tg,154.5,144.96109008789062,159.94530008356938,151.91680526215293
*Oc1ccc(C(C)(C)c2ccc(OP3(Oc4ccc(C(=O)OCCC)cc4)=NP(Oc4ccc(C(=O)OCCC)cc4)(Oc4ccc(C(=O)OCCC)cc4)=NP(*)(Oc4ccc(C(=O)OCCC)cc4)=N3)cc2)cc1,tg,26.0,58.15827178955078,90.90362150980351,73.35876123820191
*Oc1ccc(C(C)(C)c2ccc(Oc3ccc(*)nn3)cc2)cc1,tg,180.0,163.0252227783203,114.39041732122698,140.44880037014818
*Oc1ccc(C(C)(C)c2ccc(Oc3ccc(C(=O)Nc4ccc(NC(=O)c5ccc(*)cc5)cc4)cc3)cc2)cc1,tg,230.0,192.76885986328125,206.78077351634604,199.2732321622001
*Oc1ccc(C(C)(C)c2ccc(Oc3ccc(C(=O)Nc4cccc(NC(=O)c5ccc(*)cc5)c4)cc3)cc2)cc1,tg,214.0,208.2383728027344,196.42601065325792,202.75503890186877
*Oc1ccc(C(C)(C)c2ccc(Oc3ccc(C(=O)c4c(C(=O)c5ccc(*)cc5)c(-c5ccccc5)c(-c5ccc6ccccc6c5)c(-c5ccc6ccccc6c5)c4-c4ccccc4)cc3)cc2)cc1,tg,264.0,292.8498229980469,285.41290100492705,289.39758152704064
*Oc1ccc(C(C)(C)c2ccc(Oc3ccc(C(=O)c4c(C)ccc5c(C(=O)c6ccc(*)cc6)c(C)ccc45)cc3)cc2)cc1,tg,222.0,196.67901611328125,214.8311066455688,205.10527092394045
*Oc1ccc(C(C)(C)c2ccc(Oc3ccc(C(=O)c4ccc(*)cc4)cc3)cc2)cc1,tg,155.23,154.7273406982422,161.1029667595473,157.68692541794587
*Oc1ccc(C(C)(C)c2ccc(Oc3ccc(C(=O)c4ccc(C(=O)c5ccc(*)c(C(F)(F)F)c5)cc4)cc3C(F)(F)F)cc2)cc1,tg,171.0,156.5546875,170.30507465592183,162.9376584153842
*Oc1ccc(C(C)(C)c2ccc(Oc3ccc(C(=O)c4ccc(C(=O)c5ccc(*)cc5)cc4)cc3)cc2)cc1,tg,156.4,161.03074645996094,162.87353315168497,161.88617356344184
*Oc1ccc(C(C)(C)c2ccc(Oc3ccc(C(=O)c4ccc(C(C)(C)c5ccc(C(=O)c6ccc(*)cc6)cc5)cc4)cc3)cc2)cc1,tg,171.0,157.10621643066406,164.9464823751171,160.74569137234008
*Oc1ccc(C(C)(C)c2ccc(Oc3ccc(C(=O)c4ccc(Oc5ccc(C(=O)c6ccc(*)cc6)cc5)cc4)cc3)cc2)cc1,tg,162.0,162.62437438964844,155.0208021782608,159.0947733880207
*Oc1ccc(C(C)(C)c2ccc(Oc3ccc(C(=O)c4ccc5cc(C(=O)c6ccc(*)cc6)ccc5c4)cc3)cc2)cc1,tg,185.0,162.3572235107422,189.50168675545112,174.95776467660124
*Oc1ccc(C(C)(C)c2ccc(Oc3ccc(C(=O)c4cccc5cccc(C(=O)c6ccc(*)cc6)c45)cc3)cc2)cc1,tg,210.5,171.3728485107422,201.38686413940033,185.30544449071107
*Oc1ccc(C(C)(C)c2ccc(Oc3ccc(C(=O)c4ccccc4-c4ccccc4C(=O)c4ccc(*)cc4)cc3)cc2)cc1,tg,172.0,156.60414123535156,179.12820244193577,167.05987793190295
*Oc1ccc(C(C)(C)c2ccc(Oc3ccc(C(O)C(O)c4ccc(*)cc4)cc3)cc2)cc1,tg,149.4,141.05267333984375,163.6600255993763,151.54707399272252
*Oc1ccc(C(C)(C)c2ccc(Oc3ccc4c(=O)n5c6cc(-c7ccc8c(c7)nc7c9ccc(*)c%10cccc(c(=O)n87)c%109)ccc6nc5c5cccc3c45)cc2)cc1,tg,380.0,378.1475830078125,349.3858080287174,364.7962808892154
*Oc1ccc(C(C)(C)c2ccc(Oc3ccc4c(=O)n5c6cc(Oc7ccc8c(c7)nc7c9ccc(*)c%10cccc(c(=O)n87)c%109)ccc6nc5c5cccc3c45)cc2)cc1,tg,334.0,345.0031433105469,342.3490554076591,343.77110775410006
*Oc1ccc(C(C)(C)c2ccc(Oc3cncc(*)n3)cc2)cc1,egc,4.2862,4.407059192657471,4.572885022216058,4.481892352804216
*Oc1ccc(C(C)(C)c2ccc(Oc3cncc(*)n3)cc2)cc1,tg,94.0,128.8547821044922,148.37531701815007,137.9162728969867
*Oc1ccc(C(C)(C)c2ccc(Oc3nc(*)nc(OC)n3)cc2)cc1,egc,5.075,4.463628768920898,4.514737064954372,4.486692698780805
*Oc1ccc(C(C)(C)c2cccc(C(C)(C)c3ccc(Oc4ccc(C(=O)Nc5cccc(NC(=O)c6ccc(*)cc6)c5)cc4)cc3)c2)cc1,tg,155.0,170.3341827392578,171.52216226827932,170.88564639594114
*Oc1ccc(C(C)(CC(C)C)c2ccc(OC(*)=S)cc2)cc1,tg,128.0,138.5625,133.5305379315295,136.2266481315287
*Oc1ccc(C(C)(CC)c2ccc(OC(*)=O)c(C)c2)cc1C,tg,119.0,147.18185424804688,117.04824173161956,133.19374103445068
*Oc1ccc(C(C)(CC)c2ccc(OC(*)=O)cc2)cc1,egc,5.0105,5.0044331550598145,5.044192884829702,5.0223757532255
*Oc1ccc(C(C)(CC)c2ccc(OC(*)=O)cc2)cc1,tg,131.5,132.38516235351562,126.16816476691058,129.4992134470353
*Oc1ccc(C(C)(CC)c2ccc(OC(*)=S)cc2)cc1,tg,102.0,120.08545684814452,124.93226807657564,122.33536114193815
*Oc1ccc(C(C)(CCC#N)c2ccc(OC(*)=O)c(C)c2)cc1C,egc,4.6661,5.099279403686523,4.621946678128225,4.883870764452993
*Oc1ccc(C(C)(CCC#N)c2ccc(OC(*)=O)c(C)c2)cc1C,tg,117.0,128.78370666503906,127.79646492118977,128.32542608966418
*Oc1ccc(C(C)(CCC#N)c2ccc(OC(*)=O)cc2)cc1,tg,150.0,120.35321807861328,142.21031169744785,130.49934642262627
*Oc1ccc(C(C)(c2ccccc2)c2ccc(OC(*)=O)cc2)cc1,tg,180.0,159.054931640625,143.32595262106426,151.7534924540704
*Oc1ccc(C(C)(c2ccccc2)c2ccc(OC(=O)OC3C(C)(C)C(OC(*)=O)C3(C)C)cc2)cc1,egc,5.136,4.94472599029541,4.993746523533074,4.966847763628417
*Oc1ccc(C(C)(c2ccccc2)c2ccc(OC(=O)c3cccc(C(*)=O)c3)cc2)cc1,tg,202.0,189.13377380371097,178.39965967551174,184.15096586486663
*Oc1ccc(C(C)(c2ccccc2)c2ccc(Oc3c(F)c(F)c(C(=O)c4c(F)c(F)c(*)c(F)c4F)c(F)c3F)cc2)cc1,tg,175.0,180.6861572265625,195.910975654059,187.75356355576275
*Oc1ccc(C(C)(c2ccccc2)c2ccc(Oc3ccc(C(=O)C(=O)c4ccc(*)cc4)cc3)cc2)cc1,tg,177.0,172.02662658691406,185.1616525904987,178.12394501169666
*Oc1ccc(C(C)=Cc2ccc(OC(=O)OCCCCCCOC(*)=O)cc2)cc1,egc,4.2293,4.01455020904541,4.075923377385482,4.04224642589734
*Oc1ccc(C(C)=Cc2ccc(OC(=O)OCCCCOC(*)=O)cc2)cc1,egc,4.0366,4.221573829650879,4.122338494761599,4.176791338721975
*Oc1ccc(C(C)=Nc2ccc(N=C(C)c3ccc(*)cc3)cc2)cc1,egc,2.9143,3.1058359146118164,3.1833427238316694,3.140812850848178
*Oc1ccc(C(C)=Nc2ccc(N=C(C)c3ccc(Oc4ccc(C(C)(C)c5ccc(*)cc5)cc4)cc3)cc2)cc1,tg,161.0,138.34169006347656,166.33287621067018,151.33528253753985
*Oc1ccc(C(C)c2ccc(OC(*)=O)cc2)cc1,tg,122.2,98.78680419921876,138.69509935021793,117.31235437775983
*Oc1ccc(C(C)c2ccc(OC(*)=S)cc2)cc1,tg,101.67,116.1697998046875,121.40714058075218,118.60098908456021
*Oc1ccc(C(CC)(CC)c2ccc(OC(*)=S)cc2)cc1,tg,121.0,112.07247161865234,114.2050547610114,113.06242310277868
*Oc1ccc(C(CC)(CC)c2ccc(OC(=O)c3ccc(C(*)=O)cc3)cc2)cc1,tg,165.0,198.24603271484375,206.0529540149564,201.87002897271287
*Oc1ccc(C(CC)(c2ccccc2)c2ccc(OC(*)=S)cc2)cc1,egc,4.1012,4.467365741729736,3.856671965152173,4.191774506607325
*Oc1ccc(C(CC)(c2ccccc2)c2ccc(OC(=O)CCCCCCCCC(*)=O)cc2)cc1,tg,88.0,68.4133529663086,83.51959679952284,75.42571661358107
*Oc1ccc(C(CC)(c2ccccc2)c2ccc(OC(=O)c3ccc(C(*)=O)cc3)cc2)cc1,tg,243.0,192.44964599609375,202.75459968529012,197.23323637334317
*Oc1ccc(C(CC)c2ccc(OC(*)=O)cc2)cc1,egc,5.1581,4.7092719078063965,4.963225496258049,4.823874980229013
*Oc1ccc(C(CC)c2ccc(OC(*)=O)cc2)cc1,tg,128.0,128.5360107421875,117.9114818648624,123.60407260512787
*Oc1ccc(C(CC)c2ccc(OC(*)=S)cc2)cc1,tg,97.33,120.33694458007812,107.07680779044308,114.18154935356586
*Oc1ccc(C(CCC)(CCC)c2ccc(OC(*)=O)cc2)cc1,tg,140.8,107.03724670410156,114.93911941603903,110.70531969182419
*Oc1ccc(C(CCC)c2ccc(OC(*)=O)cc2)cc1,tg,110.33,123.78658294677734,116.28243680302576,120.3031358236372
*Oc1ccc(C(CCCC)(CCCC)c2ccc(OC(*)=O)cc2)cc1,egc,4.9969,4.746530055999756,4.910696415289237,4.820614337610888
*Oc1ccc(C(F)(F)C(*)(F)F)cc1,eea,1.7411,1.9724037647247312,2.224694592860931,2.0356188134149065
*Oc1ccc(C(F)(F)C(*)(F)F)cc1,egb,4.7894,5.016534328460693,4.548749367117074,4.908021635314474
*Oc1ccc(C(F)(F)C(*)(F)F)cc1,nc,1.7437,1.7529469728469849,1.7727341978012603,1.7599076140946368
*Oc1ccc(C(F)(F)C(*)(F)F)s1,eea,1.9642,1.9045100212097168,2.182976193936641,1.9742836740909708
*Oc1ccc(C(F)(F)C(*)(F)F)s1,egb,4.0762,5.03232479095459,4.098712775421139,4.815753582961465
*Oc1ccc(C(F)(F)C(*)(F)F)s1,egc,4.1725,5.182140350341797,4.771891378920784,4.997004976316488
*Oc1ccc(C(F)(F)C(*)(F)F)s1,ei,6.8728,7.214237213134766,6.991731048207261,7.121451049691434
*Oc1ccc(C(F)(F)C(*)(F)F)s1,eps,3.9,3.959186553955078,3.756617680088248,3.848165854396716
*Oc1ccc(C(c2ccc(OC(*)=O)cc2)C(C)C)cc1,tg,149.0,129.80130004882812,137.36770832809478,133.31364944181826
*Oc1ccc(C(c2ccc(OC(*)=O)cc2)C(Cl)(Cl)Cl)cc1,tg,230.0,176.580322265625,154.14510848149683,166.16582880877394
*Oc1ccc(C(c2ccc(OC(*)=O)cc2)C2C3CCC(C3)C2c2ccccc2)cc1,tg,196.0,182.26220703125,236.14083011023624,207.27282529053363
*Oc1ccc(C(c2ccc(OC(*)=O)cc2)C2CC3CC2C2C4CCC(C4)C32)cc1,tg,253.0,155.440673828125,230.53394221191544,190.29919399920607
*Oc1ccc(C(c2ccc(OC(*)=O)cc2)C2CCCCC2)cc1,egc,4.5492,4.657439708709717,4.88514341675378,4.760196849110748
*Oc1ccc(C(c2ccc(OC(*)=S)cc2)C(CC)CC)cc1,tg,148.0,110.9066925048828,100.41231726679396,106.03517207711062
*Oc1ccc(C(c2ccc(OC(*)=S)cc2)c2cccc3ccccc23)cc1,tg,191.0,148.7009735107422,182.53537030809156,164.4070018754811
*Oc1ccc(C(c2ccc(OC(=O)Nc3ccc(Cc4ccc(NC(*)=O)cc4)cc3)cc2)(C(F)(F)F)C(F)(F)F)cc1,tg,81.0,118.77056121826172,148.80765997082452,132.7138724535066
*Oc1ccc(C(c2ccc(OC(=O)c3ccc(C(c4ccc(C(*)=O)cc4)(C(F)(F)F)C(F)(F)F)cc3)cc2)(C(F)(F)F)C(F)(F)F)cc1,tg,135.0,173.62161254882812,169.79561393371802,171.8455725286
*Oc1ccc(C(c2ccc(OC(=O)c3ccc(OCCCCCCCCCCOc4ccc(C(*)=O)cc4)cc3)cc2)(C(F)(F)F)C(F)(F)F)cc1,egc,4.4545,4.2815141677856445,3.8420590929160814,4.083198790244323
*Oc1ccc(C(c2ccc(OC(=O)c3ccc(OCCCCCCCCCCOc4ccc(C(*)=O)cc4)cc3)cc2)(C(F)(F)F)C(F)(F)F)cc1,tg,89.0,108.9713134765625,78.35759998862493,94.7603359535583
*Oc1ccc(C(c2ccc(OC(=O)c3cccc(C(*)=O)c3)cc2)C(Cl)(Cl)Cl)cc1,egc,3.8681,3.7776284217834473,3.932167215643719,3.8473680174822267
*Oc1ccc(C(c2ccc(OC(=O)c3ccccc3-c3ccccc3C(*)=O)cc2)(C(F)(F)F)C(F)(F)F)cc1,tg,162.0,160.70599365234375,157.62387603818627,159.2752654215035
*Oc1ccc(C(c2ccc(OC3(F)C(*)(F)C(F)(F)C3(F)F)cc2)(C(F)(F)F)C(F)(F)F)cc1,tg,122.5,138.8202362060547,132.5704042278213,135.9190454766052
*Oc1ccc(C(c2ccc(Oc3c(F)c(F)c(C(=O)c4c(F)c(F)c(*)c(F)c4F)c(F)c3F)cc2)(C(F)(F)F)C(F)(F)F)cc1,tg,148.69,159.98133850097656,148.99602089181937,154.8819211536395
*Oc1ccc(C(c2ccc(Oc3c(F)c(F)c(COC(c4cccc(C(OCc5c(F)c(F)c(*)c(F)c5F)(C(F)(F)F)C(F)(F)F)c4)(C(F)(F)F)C(F)(F)F)c(F)c3F)cc2)(C(F)(F)F)C(F)(F)F)cc1,tg,113.0,114.36320495605467,116.86136232436353,115.52285709116572
*Oc1ccc(C(c2ccc(Oc3ccc(C(=O)Nc4ccc(-c5ccc(NC(=O)c6ccc(*)cc6)cc5C(F)(F)F)c(C(F)(F)F)c4)cc3)cc2)(C(F)(F)F)C(F)(F)F)cc1,tg,240.0,197.56857299804688,238.96819339403177,216.78640082347752
*Oc1ccc(C(c2ccc(Oc3ccc(C(=O)c4c(C(=O)c5ccc(*)cc5)c(-c5ccc(F)cc5)c(-c5ccc(F)cc5)c(-c5ccc(F)cc5)c4-c4ccc(F)cc4)cc3)cc2)(C(F)(F)F)C(F)(F)F)cc1,tg,253.0,287.176025390625,247.54201238835668,268.77779780730293
*Oc1ccc(C(c2ccc(Oc3ccc(C(=O)c4cc(C(=O)c5ccc(*)cc5)cc(C(C)(C)C)c4)cc3)cc2)(C(F)(F)F)C(F)(F)F)cc1,tg,181.0,174.89804077148438,184.99067139977717,179.58307014772015
*Oc1ccc(C(c2ccc(Oc3ccc(C(=O)c4ccc(*)cc4)cc3)cc2)(C(F)(F)F)C(F)(F)F)cc1,tg,170.5,159.98565673828125,159.5027002914629,159.7614669086799
*Oc1ccc(C(c2ccc(Oc3ccc(C(=O)c4ccc(*)cc4)cc3)cc2)c2ccccc2C(=O)O)cc1,tg,220.5,182.28773498535156,194.9933739592436,188.18573066446217
*Oc1ccc(C(c2ccc(Oc3ccc(C(=O)c4ccc(C(c5ccc(C(=O)c6ccc(*)cc6)cc5)(C(F)(F)F)C(F)(F)F)cc4)cc3)cc2)(C(F)(F)F)C(F)(F)F)cc1,tg,185.0,174.7650604248047,183.2673177132429,178.71183373175427
*Oc1ccc(C(c2ccc(Oc3ccc(C(=O)c4ccc(P(=O)(c5ccccc5)c5ccc(C(=O)c6ccc(*)cc6)cc5)cc4)cc3)cc2)(C(F)(F)F)C(F)(F)F)cc1,tg,207.0,205.7935791015625,196.11617809464232,201.30130055963951
*Oc1ccc(C(c2ccc(Oc3ccc(C(=O)c4cccc(C(=O)c5ccc(*)cc5)c4)cc3)cc2)(C(F)(F)F)C(F)(F)F)cc1,tg,175.0,161.79122924804688,178.62196317530257,169.604106363727
*Oc1ccc(C(c2ccc(Oc3ccc(C(=O)c4cccc5cccc(C(=O)c6ccc(*)cc6)c45)cc3)cc2)(C(F)(F)F)C(F)(F)F)cc1,tg,213.0,181.7216796875,211.56490664515312,195.57499505468752
*Oc1ccc(C(c2ccccc2)(c2ccccc2)c2ccc(OC(=O)CCCCCCCCC(*)=O)cc2)cc1,egc,4.7541,4.76385498046875,4.776222091781428,4.7694359567489695
*Oc1ccc(C(c2ccccc2)(c2ccccc2)c2ccc(OC(=O)OC3C(C)(C)C(OC(*)=O)C3(C)C)cc2)cc1,tg,161.0,174.85401916503906,149.4761061365791,163.0735159023329
*Oc1ccc(C(c2ccccc2)(c2ccccc2)c2ccc(OC(=O)c3ccc(S(=O)(=O)c4ccc(C(*)=O)cc4)cc3)cc2)cc1,egc,3.2146,3.8891491889953618,3.68535532821659,3.797181980622716
*Oc1ccc(C(c2ccccc2)(c2ccccc2)c2ccc(OC(=O)c3cccc(C(*)=O)c3)cc2)cc1,tg,229.0,229.7796630859375,191.31568797073692,211.92457059534877
*Oc1ccc(C(c2ccccc2)(c2ccccc2)c2ccc(Oc3ccc(C(=O)Nc4ccc(NC(=O)c5ccc(*)cc5)cc4)cc3)cc2)cc1,tg,254.0,205.9505615234375,229.11100622057265,216.70170934297448
*Oc1ccc(C(c2ccccc2)(c2ccccc2)c2ccc(Oc3ccc4c(=O)n5c6cc(-c7ccc8c(c7)nc7c9ccc(*)c%10cccc(c(=O)n87)c%109)ccc6nc5c5cccc3c45)cc2)cc1,tg,357.0,339.17919921875,356.5759946898787,347.25484379907584
*Oc1ccc(C(c2ccccc2)c2ccc(OC(*)=O)cc2)cc1,egc,5.1003,4.648993492126465,4.81727538126148,4.724935012171677
*Oc1ccc(C(c2ccccc2)c2ccc(OC(*)=O)cc2C)c(C)c1,egc,4.7259,4.557680606842041,4.358954980843766,4.468000569448728
*Oc1ccc(C(c2ccccc2)c2ccc(OC(*)=O)cc2C)c(C)c1,tg,182.0,170.99948120117188,177.00437156384822,173.78696929880897
*Oc1ccc(C2(C)CCC(C(C)(C)c3ccc(Oc4ccc(C(=O)c5ccc(*)cc5)cc4)cc3)CC2)cc1,tg,200.0,167.5444793701172,178.39960407714992,172.58346078221643
*Oc1ccc(C2(c3ccc(OC(*)=O)c(C)c3)CC3CC2C2CCCC32)cc1C,tg,217.0,192.55799865722656,223.6989037241994,207.01370009074031
*Oc1ccc(C2(c3ccc(OC(*)=O)c(C)c3)CC3CCC2C3)cc1C,tg,161.0,205.49794006347656,183.5315097676175,195.30105730640463
*Oc1ccc(C2(c3ccc(OC(*)=O)c(Cl)c3)CC3CCC2C3)cc1Cl,tg,200.0,238.3296813964844,204.76417492604017,222.74847272711855
*Oc1ccc(C2(c3ccc(OC(*)=O)cc3)CC(C)CC(C)(C)C2)cc1,egc,4.7559,4.36564302444458,4.955268338117446,4.6317265751321255
*Oc1ccc(C2(c3ccc(OC(*)=O)cc3)CC3CC2C2CCCC32)cc1,tg,251.5,228.8580017089844,227.20866890403795,228.0923764793538
*Oc1ccc(C2(c3ccc(OC(*)=O)cc3)CCCCC2)cc1,tg,175.19,179.51577758789062,146.3767683972668,164.1325502336481
*Oc1ccc(C2(c3ccc(OC(*)=O)cc3)CCCCCC2)cc1,egc,4.9619,4.374473571777344,4.662409891349871,4.50441222350604
*Oc1ccc(C2(c3ccc(OC(*)=O)cc3)CCCCCC2)cc1,tg,155.0,180.03433227539062,177.24515856644314,178.7395894830396
*Oc1ccc(C2(c3ccc(OC(*)=O)cc3)CCc3ccccc32)cc1,tg,219.0,255.87631225585935,251.468039473465,253.82997882262327
*Oc1ccc(C2(c3ccc(OC(*)=O)cc3)c3cc(N(C)C)ccc3-c3ccc([N+](=O)[O-])cc32)cc1,tg,278.0,238.34454345703125,267.98267749413935,252.10265407602185
*Oc1ccc(C2(c3ccc(OC(*)=O)cc3)c3cc(OC)ccc3-c3ccc([N+](=O)[O-])cc32)cc1,tg,294.0,232.94210815429688,255.81361419121257,243.55912978206936
*Oc1ccc(C2(c3ccc(OC(*)=O)cc3)c3ccccc3-c3ccccc32)cc1,egc,4.4035,3.954718589782715,3.9537768486831015,3.954293604949461
*Oc1ccc(C2(c3ccc(OC(*)=O)cc3)c3ccccc3-c3ccccc32)cc1,tg,303.33,282.35662841796875,279.45532192267063,281.00983325023213
*Oc1ccc(C2(c3ccc(OC(*)=O)cc3C)CC3CC2C2C4CCC(C4)C32)cc1C,tg,232.0,190.5477294921875,236.12819262153803,211.70631704069075
*Oc1ccc(C2(c3ccc(OC(*)=S)cc3)CCC(C)CC2)cc1,tg,168.0,173.80258178710938,147.46979686203673,161.57882412909902
*Oc1ccc(C2(c3ccc(OC(*)=S)cc3)CCCC2)cc1,tg,79.0,175.06240844726562,158.69211880822385,167.4632709497139
*Oc1ccc(C2(c3ccc(OC(*)=S)cc3)CCCCC2)cc1,tg,155.0,166.5012664794922,126.37992401621206,147.87681910027817
*Oc1ccc(C2(c3ccc(OC(=O)C45CC6CC(CC(C(*)=O)(C6)C4)C5)cc3)c3ccccc3-c3ccccc32)cc1,tg,335.0,273.2873229980469,266.6162269060816,270.19058020485147
*Oc1ccc(C2(c3ccc(OC(=O)CCC(*)=O)cc3)c3cc(N(C)C)ccc3-c3ccc([N+](=O)[O-])cc32)cc1,tg,215.0,222.1613311767578,227.7015452652812,224.73311515571413
*Oc1ccc(C2(c3ccc(OC(=O)CCC(*)=O)cc3)c3cc(OC)ccc3-c3ccc([N+](=O)[O-])cc32)cc1,tg,230.0,193.67481994628903,225.80583011654952,208.59013113520788
*Oc1ccc(C2(c3ccc(OC(=O)CCC(*)=O)cc3)c3ccccc3-c3ccccc32)cc1,tg,234.0,228.91815185546875,221.62319627418913,225.53181161818503
*Oc1ccc(C2(c3ccc(OC(=O)CCCC(*)=O)cc3)c3cc(N(C)C)ccc3-c3ccc([N+](=O)[O-])cc32)cc1,tg,181.0,180.36602783203125,205.47144057201817,192.0200356443887
*Oc1ccc(C2(c3ccc(OC(=O)CCCCC(*)=O)cc3)c3cc(N(C)C)ccc3-c3ccc([N+](=O)[O-])cc32)cc1,tg,150.0,213.25250244140625,144.8236075751964,181.48760442434968
*Oc1ccc(C2(c3ccc(OC(=O)CCCCC(*)=O)cc3)c3ccccc3-c3ccccc32)cc1,tg,166.0,185.6859436035156,168.0741199992224,177.5104823195279
*Oc1ccc(C2(c3ccc(OC(=O)CCCCCCCC(*)=O)cc3)c3ccccc3-c3ccccc32)cc1,tg,150.0,148.17835998535156,145.31914367495472,146.85110320755274
*Oc1ccc(C2(c3ccc(OC(=O)CCCCCCCCCC(*)=O)cc3)c3ccccc3-c3ccccc32)cc1,tg,136.0,134.57289123535156,120.91504699636562,128.2328790192773
*Oc1ccc(C2(c3ccc(OC(=O)CCCCCCCCCCC(*)=O)cc3)c3ccccc3-c3ccccc32)cc1,tg,117.0,116.43544006347656,121.6931983294532,118.87610720333936
*Oc1ccc(C2(c3ccc(OC(=O)OC4C(C)(C)C(OC(*)=O)C4(C)C)cc3)CC3CCC2C3)cc1,egc,4.7221,5.0260114669799805,4.969318727206453,5.000427413603475
*Oc1ccc(C2(c3ccc(OC(=O)OC4C(C)(C)C(OC(*)=O)C4(C)C)cc3)CCC(C(C)(C)C)CC2)cc1,egc,5.0195,4.83132791519165,4.739493096030643,4.7898850968586055
*Oc1ccc(C2(c3ccc(OC(=O)OC4C(C)(C)C(OC(*)=O)C4(C)C)cc3)CCC(C(C)(C)C)CC2)cc1,tg,172.0,128.5408477783203,129.9219731563269,129.18197031678778
*Oc1ccc(C2(c3ccc(OC(=O)OC4C(C)(C)C(OC(*)=O)C4(C)C)cc3)CCCCC2)cc1,tg,136.0,156.88003540039062,168.36980030143985,162.2136186920011
*Oc1ccc(C2(c3ccc(OC(=O)OC4C(C)(C)C(OC(*)=O)C4(C)C)cc3)c3ccccc3-c3ccccc32)cc1,tg,214.0,243.37469482421875,254.210478385009,248.40469801828414
*Oc1ccc(C2(c3ccc(OC(=O)c4ccc(C(*)=O)cc4)cc3)CC3CC2C2CCCC32)cc1,egc,3.4323,3.997824192047119,3.633178643207867,3.8332685324992513
*Oc1ccc(C2(c3ccc(OC(=O)c4ccc(C(*)=O)cc4)cc3)CCC(C(C)(C)C)CC2)cc1,egc,3.1462,3.6611616611480713,3.4090936894664936,3.547409521671824
*Oc1ccc(C2(c3ccc(OC(=O)c4ccc(C(*)=O)cc4)cc3)CCC3CCCCC3C2)cc1,tg,275.0,235.4825134277344,276.2619937760048,254.4124703850112
*Oc1ccc(C2(c3ccc(OC(=O)c4ccc(C(*)=O)cc4)cc3)CCCCC2)cc1,tg,275.0,221.2105712890625,191.97349338035147,207.63863212648016
*Oc1ccc(C2(c3ccc(OC(=O)c4ccc(C(*)=O)cc4)cc3)CCc3ccccc32)cc1,egc,3.2587,3.5813775062561035,3.727787383203108,3.6474487196358596
*Oc1ccc(C2(c3ccc(OC(=O)c4ccc(C(*)=O)cc4)cc3)CCc3ccccc32)cc1,tg,312.0,263.1955871582031,294.89241684475473,277.90935046573395
*Oc1ccc(C2(c3ccc(OC(=O)c4ccc(C(*)=O)cc4)cc3)OC(=O)c3ccccc32)cc1,egc,3.8358,3.4783411026000977,3.616403626038543,3.540645358542823
*Oc1ccc(C2(c3ccc(OC(=O)c4ccc(C(*)=O)cc4)cc3)c3ccccc3-c3ccccc32)cc1,tg,285.0,303.01593017578125,339.2487580981656,319.83531745471316
*Oc1ccc(C2(c3ccc(OC(=O)c4ccc(C(*)=O)cc4)cc3)c3ccccc3C(=O)c3ccccc32)cc1,tg,400.0,286.4710693359375,288.50695515605327,287.41613363336313
*Oc1ccc(C2(c3ccc(OC(=O)c4ccc(C(*)=O)cc4)cc3)c3ccccc3Cc3ccccc32)cc1,tg,342.0,285.0562744140625,319.7086933568338,301.1420311095866
*Oc1ccc(C2(c3ccc(OC(=O)c4ccc(Oc5ccc(C6(c7ccc(Oc8ccc(C(*)=O)cc8)cc7)CCC(C(C)(C)C)CC6)cc5)cc4)cc3)CC3CC2C2CCCC32)cc1,tg,181.0,240.14358520507812,210.1482335213962,226.21965308428636
*Oc1ccc(C2(c3ccc(OC(=O)c4ccc(Oc5ccc(C6(c7ccc(Oc8ccc(C(*)=O)cc8)cc7)CCC(C(C)(C)C)CC6)cc5)cc4)cc3)CCCCCCCCCCC2)cc1,tg,181.0,182.9612579345703,183.3295357524069,183.1322136010091
*Oc1ccc(C2(c3ccc(OC(=O)c4cccc(C(*)=O)c4)c(C)c3)c3ccccc3-c3ccccc32)cc1C,egb,3.0176,2.9831080436706543,3.058943740790662,3.0006997501408166
*Oc1ccc(C2(c3ccc(OC(=O)c4cccc(C(*)=O)c4)cc3)CCC3CCCCC3C2)cc1,egc,3.6386,3.4959611892700195,3.5694273823864315,3.529114693820466
*Oc1ccc(C2(c3ccc(OC(=O)c4cccc(C(*)=O)c4)cc3)CCC3CCCCC3C2)cc1,tg,248.0,235.4794006347656,258.0096596417099,245.9380143688134
*Oc1ccc(C2(c3ccc(OC4(F)C(*)(F)C(F)(F)C4(F)F)cc3)c3ccccc3-c3ccccc32)cc1,tg,228.0,254.36846923828125,253.66963436947265,254.04406799839757
*Oc1ccc(C2(c3ccc(Oc4ccc(C(=O)Oc5c(C)cc(C(C)(C)c6cc(C)c(OC(=O)c7ccc(*)cc7)c(C)c6)cc5C)cc4)cc3)CCC(C(C)(C)C)CC2)cc1,tg,176.0,222.0494384765625,171.66701149210206,198.66176491932873
*Oc1ccc(C2(c3ccc(Oc4ccc(C(=O)Oc5ccc(C(C)(C)c6ccc(OC(=O)c7ccc(*)cc7)cc6)cc5)cc4)cc3)CCC(C(C)(C)C)CC2)cc1,tg,144.0,173.22406005859375,163.3752094949665,168.65219411876643
*Oc1ccc(C2(c3ccc(Oc4ccc(C(=O)Oc5ccc(C6(c7ccc(OC(=O)c8ccc(*)cc8)cc7)CCC(c7ccccc7)CC6)cc5)cc4)cc3)CCC(C(C)(C)C)CC2)cc1,tg,172.0,208.35086059570312,160.6259598914336,186.19681869996208
*Oc1ccc(C2(c3ccc(Oc4ccc(C(=O)c5ccc(*)cc5)cc4)c(C)c3)CCC3CCCCC3C2)cc1C,tg,201.0,198.4604949951172,233.22920504292696,214.60023437002053
*Oc1ccc(C2(c3ccc(Oc4ccc(C(=O)c5ccc(*)cc5)cc4)cc3)CCC3CCCCC3C2)cc1,tg,214.0,209.5856781005859,234.25648474234245,221.03794046001929
*Oc1ccc(C2(c3ccc(Oc4ccc(C(=O)c5ccc(*)cc5)cc4)cc3)c3ccccc3-c3ccccc32)cc1,tg,252.0,263.35150146484375,244.11368694034428,254.4212503240566
*Oc1ccc(C2(c3ccc(Oc4ccc(C(=O)c5ccc(C(=O)c6ccc(*)c(C(F)(F)F)c6)cc5)cc4C(F)(F)F)cc3)c3ccccc3-c3ccccc32)cc1,tg,229.0,207.6672210693359,221.27773872634617,213.98526414426163
*Oc1ccc(C2(c3ccc(Oc4ccc(C(=O)c5ccc(C(=O)c6ccc(*)cc6)cc5)cc4)cc3)c3ccccc3-c3ccccc32)cc1,tg,243.0,242.18679809570312,233.98753700914912,238.38067653347667
*Oc1ccc(C2(c3ccc(Oc4ccc(C(=O)c5ccc(Oc6ccc(C(=O)c7ccc(*)cc7)cc6)cc5)cc4)cc3)c3ccccc3-c3ccccc32)cc1,tg,231.0,220.40118408203125,228.2679476038236,224.05295927849767
*Oc1ccc(C2(c3ccc(Oc4ccc(C(=O)c5cccc(-c6cccc(C(=O)c7ccc(*)cc7)c6)c5)cc4)cc3)c3ccccc3-c3ccccc32)cc1,tg,212.0,230.98028564453125,229.46458364722127,230.27669223617744
*Oc1ccc(C2(c3ccc(Oc4ccc(C(=O)c5cccc(C(=O)c6ccc(*)cc6)c5)cc4)c(C)c3)c3ccccc3-c3ccccc32)cc1C,tg,217.0,231.41786193847656,222.08169621412011,227.0839858370964
*Oc1ccc(C2(c3ccc(Oc4ccc(C(=O)c5cccc(C(=O)c6ccc(*)cc6)c5)cc4)cc3)CCC3CCCCC3C2)cc1,tg,194.0,184.87603759765625,210.73798004297336,196.8812287658705
*Oc1ccc(C2(c3ccc(Oc4ccc(C(=O)c5cccc6cccc(C(=O)c7ccc(*)cc7)c56)cc4)cc3)c3ccccc3-c3ccccc32)cc1,tg,269.0,248.20013427734375,245.07338786142265,246.74868922301226
*Oc1ccc(C2(c3ccc(Oc4ccc(C(=O)c5ccccc5-c5ccccc5C(=O)c5ccc(*)cc5)cc4)cc3)c3ccccc3-c3ccccc32)cc1,tg,229.0,238.7078857421875,253.5000981362055,245.57447505451387
*Oc1ccc(C2(c3ccc(Oc4ccc(C=NN=Cc5ccc(*)cc5)cc4)cc3)c3ccccc3-c3ccccc32)cc1,tg,227.0,199.025390625,234.31419408133527,215.40655891839538
*Oc1ccc(C2(c3ccc(Oc4ccc5c(=O)n6c7cc(-c8ccc9c(c8)nc8c%10ccc(*)c%11cccc(c(=O)n98)c%11%10)ccc7nc6c6cccc4c56)cc3)c3ccccc3-c3ccccc32)cc1,tg,421.0,372.48968505859375,365.02939694749705,369.0265969656153
*Oc1ccc(C=C2CCC(=Cc3ccc(OC(=O)c4ccc(N=Cc5ccc(C=Nc6ccc(C(*)=O)cc6)cc5)cc4)c(OC)c3)C2=O)cc1OC,tg,140.0,156.56324768066406,155.24170440571325,155.94978333294932
*Oc1ccc(C=C2CCC(=Cc3ccc(OC(=O)c4ccc(N=Cc5ccc(C=Nc6ccc(C(*)=O)cc6)cc5)cc4)cc3)C2=O)cc1,tg,205.0,184.5880126953125,163.095406540113,174.61108052396165
*Oc1ccc(C=C2CCCC(=Cc3ccc(OC(=O)c4cccc(C(*)=O)c4)c(OC)c3)C2=O)cc1OC,tg,57.86,149.9005889892578,140.57573352797527,145.57196314588333
*Oc1ccc(C=CC(*)=O)cc1,egc,3.6422,3.093421697616577,3.834912809361545,3.428038586073
*Oc1ccc(C=CC(=O)c2ccc(Oc3ccc(C(C)(c4ccccc4)c4ccc(*)cc4)cc3)cc2)cc1,tg,167.0,174.46273803710938,178.43010750634514,176.30440283138458
*Oc1ccc(C=NN=Cc2ccc(Oc3ccc(C(=O)c4ccc(*)cc4)cc3)cc2)cc1,tg,179.0,152.35421752929688,162.09593015434515,156.87634971703932
*Oc1ccc(C=NN=Cc2ccc(Oc3ccc(C(c4ccc(*)cc4)(C(F)(F)F)C(F)(F)F)cc3)cc2)cc1,tg,162.0,170.95919799804688,138.71797073629267,155.99272370503465
*Oc1ccc(C=Nc2ccc(N=Cc3ccc(*)cc3)cc2)cc1,egc,2.8416,2.7732961177825928,3.2623306715361804,2.9939855072205925
*Oc1ccc(CC(*)=O)cc1,eea,1.5033,1.7982131242752075,1.8500956865066516,1.8112130368041768
*Oc1ccc(CC(*)=O)cc1,egb,4.6878,4.073099136352539,4.0031288166722,4.056868029206625
*Oc1ccc(CC(*)=O)cc1,egc,4.8618,4.605846405029297,4.669289208052891,4.634476597632348
*Oc1ccc(CC(C#N)(C#N)Cc2ccc(*)cc2)cc1,egc,4.9531,4.867439270019531,4.743890457395939,4.811684698457235
*Oc1ccc(CC(C#N)(C#N)Cc2ccc(*)cc2)cc1,tg,147.0,137.62139892578125,125.83510515022792,132.15016604219431
*Oc1ccc(CC(NC(=O)CCc2ccc(OC(*)=O)cc2)C(=O)OCCCC)cc1,tg,67.0,79.28251647949219,68.51785263059384,74.28552726876914
*Oc1ccc(CC(NC(=O)CCc2ccc(OC(*)=O)cc2)C(=O)OCCCCCC)cc1,tg,51.5,60.99205780029297,51.5890238507667,56.62714126844476
*Oc1ccc(CC(NC(=O)CCc2ccc(OC(=O)CC(C)CCC(*)=O)cc2)C(=O)OC(C)CC)cc1,tg,45.0,56.29356384277344,59.5747581407049,57.816704066676245
*Oc1ccc(CC(NC(=O)CCc2ccc(OC(=O)CCC(*)=O)cc2)C(=O)OC(C)C)cc1,tg,82.0,74.46885681152344,84.51665329644496,79.13307404407846
*Oc1ccc(CC(NC(=O)CCc2ccc(OC(=O)CCC(*)=O)cc2)C(=O)OC(C)CC)cc1,tg,75.0,71.45342254638672,74.37192808015516,72.80820155931139
*Oc1ccc(CC(NC(=O)CCc2ccc(OC(=O)CCC(*)=O)cc2)C(=O)OC)cc1,tg,91.5,75.99373626708984,85.86232742000125,80.57476584760775
*Oc1ccc(CC(NC(=O)CCc2ccc(OC(=O)CCC(*)=O)cc2)C(=O)OCC(C)C)cc1,tg,75.0,60.63838195800781,73.89716136440956,66.7931470831563
*Oc1ccc(CC(NC(=O)CCc2ccc(OC(=O)CCC(*)=O)cc2)C(=O)OCC)cc1,tg,78.0,69.97327423095703,77.54505854237215,73.48811919417764
*Oc1ccc(CC(NC(=O)CCc2ccc(OC(=O)CCC(*)=O)cc2)C(=O)OCCCC)cc1,tg,67.0,56.59618377685547,62.85524584130804,59.50165913998222
*Oc1ccc(CC(NC(=O)CCc2ccc(OC(=O)CCC(*)=O)cc2)C(=O)OCCCCCCCC)cc1,tg,46.75,41.896263122558594,40.85251857180624,41.411753774930965
*Oc1ccc(CC(NC(=O)CCc2ccc(OC(=O)CCC(*)=O)cc2)C(=O)OCCCCCCCCCCCC)cc1,tg,40.0,33.268104553222656,39.55693393693862,36.187397995137495
*Oc1ccc(CC(NC(=O)CCc2ccc(OC(=O)CCC(*)=O)cc2)C(=O)OCCOCCOCC)cc1,tg,34.0,35.445587158203125,32.59585479364989,34.1227328564798
*Oc1ccc(CC(NC(=O)CCc2ccc(OC(=O)CCC(*)=O)cc2)C(=O)OCc2ccccc2)cc1,tg,78.0,74.74398040771484,85.42908947367758,79.70404004984468
*Oc1ccc(CC(NC(=O)CCc2ccc(OC(=O)CCC(C)CC(*)=O)cc2)C(=O)OC)cc1,tg,53.0,58.82276153564453,73.35677476645962,65.5694940228203
*Oc1ccc(CC(NC(=O)CCc2ccc(OC(=O)CCC(C)CC(*)=O)cc2)C(=O)OCc2ccccc2)cc1,tg,55.0,63.69562530517578,47.495308737037234,56.17538981639453
*Oc1ccc(CC(NC(=O)CCc2ccc(OC(=O)CCCC(*)=O)cc2)C(=O)OC(C)C)cc1,tg,68.0,63.292625427246094,67.36989457564293,65.18530598185886
*Oc1ccc(CC(NC(=O)CCc2ccc(OC(=O)CCCC(*)=O)cc2)C(=O)OC)cc1,tg,76.0,63.8101806640625,77.25140787851619,70.04963860834152
*Oc1ccc(CC(NC(=O)CCc2ccc(OC(=O)CCCC(*)=O)cc2)C(=O)OCC(C)C)cc1,tg,62.0,57.614837646484375,59.7424424554881,58.60247817335156
*Oc1ccc(CC(NC(=O)CCc2ccc(OC(=O)CCCC(*)=O)cc2)C(=O)OCC)cc1,tg,67.67,56.44463348388672,64.01547149171216,59.95903917014577
*Oc1ccc(CC(NC(=O)CCc2ccc(OC(=O)CCCC(*)=O)cc2)C(=O)OCCCC)cc1,tg,53.67,47.04326629638672,53.00999470984885,49.81303950286136
*Oc1ccc(CC(NC(=O)CCc2ccc(OC(=O)CCCC(*)=O)cc2)C(=O)OCCCCCCCC)cc1,tg,32.5,30.87944793701172,32.14092238250981,31.465028154121967
*Oc1ccc(CC(NC(=O)CCc2ccc(OC(=O)CCCC(*)=O)cc2)C(=O)OCCCCCCCCCCCC)cc1,tg,27.5,23.6898193359375,28.311692239781635,25.835306585519
*Oc1ccc(CC(NC(=O)CCc2ccc(OC(=O)CCCC(*)=O)cc2)C(=O)OCCOCCOCC)cc1,egc,5.2606,5.1425461769104,5.076813767417712,5.112882740644219
*Oc1ccc(CC(NC(=O)CCc2ccc(OC(=O)CCCC(*)=O)cc2)C(=O)OCc2ccccc2)cc1,tg,66.0,61.69098663330078,62.01113762745858,61.83960168399486
*Oc1ccc(CC(NC(=O)CCc2ccc(OC(=O)CCCCC(*)=O)cc2)C(=O)OC)cc1,tg,68.67,60.81907653808594,70.05214540407718,65.10509476892393
*Oc1ccc(CC(NC(=O)CCc2ccc(OC(=O)CCCCC(*)=O)cc2)C(=O)OCC(C)C)cc1,tg,56.0,53.274993896484375,49.89525009958054,51.70610669989394
*Oc1ccc(CC(NC(=O)CCc2ccc(OC(=O)CCCCC(*)=O)cc2)C(=O)OCC)cc1,tg,58.8,51.65504455566406,59.63868974692308,55.361076573286695
*Oc1ccc(CC(NC(=O)CCc2ccc(OC(=O)CCCCC(*)=O)cc2)C(=O)OCCCCCC)cc1,tg,35.57,33.19835662841797,33.398370805549014,33.291203808705696
*Oc1ccc(CC(NC(=O)CCc2ccc(OC(=O)CCCCC(*)=O)cc2)C(=O)OCCCCCCCCCCCC)cc1,tg,22.0,21.35967254638672,23.017812304224684,22.12938598993611
*Oc1ccc(CC(NC(=O)CCc2ccc(OC(=O)CCCCC(*)=O)cc2)C(=O)OCCOCCOCC)cc1,tg,15.0,25.766815185546875,22.761282367871377,24.37163784668966
*Oc1ccc(CC(NC(=O)CCc2ccc(OC(=O)CCCCC(*)=O)cc2)C(=O)OCc2ccccc2)cc1,tg,54.5,57.965187072753906,57.35358870443075,57.681281277765294
*Oc1ccc(CC(NC(=O)CCc2ccc(OC(=O)CCCCCCC(*)=O)cc2)C(=O)OC(C)C)cc1,tg,46.0,46.7669677734375,55.28796164911726,50.72243866032139
*Oc1ccc(CC(NC(=O)CCc2ccc(OC(=O)CCCCCCC(*)=O)cc2)C(=O)OCC(C)C)cc1,egc,5.1444,5.131296634674072,5.011889742034358,5.077411210772871
*Oc1ccc(CC(NC(=O)CCc2ccc(OC(=O)CCCCCCC(*)=O)cc2)C(=O)OCC)cc1,egc,5.0929,5.133443355560303,5.165539376019387,5.147927508273311
*Oc1ccc(CC(NC(=O)CCc2ccc(OC(=O)CCCCCCC(*)=O)cc2)C(=O)OCC)cc1,tg,50.0,42.56315612792969,48.05575527210079,45.112837107058304
*Oc1ccc(CC(NC(=O)CCc2ccc(OC(=O)CCCCCCC(*)=O)cc2)C(=O)OCCCC)cc1,tg,37.0,33.479896545410156,33.35142736341741,33.42026076622195
*Oc1ccc(CC(NC(=O)CCc2ccc(OC(=O)CCCCCCC(*)=O)cc2)C(=O)OCCCCCCCC)cc1,tg,21.33,28.64862060546875,20.937050285845334,25.068886558424275
*Oc1ccc(CC(NC(=O)CCc2ccc(OC(=O)CCCCCCC(*)=O)cc2)C(=O)OCCCCCCCCCCCC)cc1,tg,15.0,24.34571075439453,17.079633196273107,20.972775781982424
*Oc1ccc(CC(NC(=O)CCc2ccc(OC(=O)CCCCCCC(*)=O)cc2)C(=O)OCc2ccccc2)cc1,tg,47.0,47.42960357666016,56.09983098770783,51.45434911778119
*Oc1ccc(CC(NC(=O)CCc2ccc(OC(=O)CCCCCCCCC(*)=O)cc2)C(=O)OC(C)C)cc1,tg,44.0,47.775634765625,39.24158612114364,43.81410381594995
*Oc1ccc(CC(NC(=O)CCc2ccc(OC(=O)CCCCCCCCC(*)=O)cc2)C(=O)OC(C)CC)cc1,tg,36.0,35.07007598876953,43.25014986636837,38.8672907911121
*Oc1ccc(CC(NC(=O)CCc2ccc(OC(=O)CCCCCCCCC(*)=O)cc2)C(=O)OCC(C)C)cc1,tg,33.0,35.094512939453125,36.583045986551376,35.78549443971761
*Oc1ccc(CC(NC(=O)CCc2ccc(OC(=O)CCCCCCCCC(*)=O)cc2)C(=O)OCC)cc1,tg,44.0,39.7906494140625,35.88544535136898,37.977841987758296
*Oc1ccc(CC(NC(=O)CCc2ccc(OC(=O)CCCCCCCCC(*)=O)cc2)C(=O)OCCCC)cc1,tg,30.0,29.4833984375,29.352222994467425,29.422506403828862
*Oc1ccc(CC(NC(=O)CCc2ccc(OC(=O)CCCCCCCCC(*)=O)cc2)C(=O)OCCCCCCCC)cc1,tg,14.25,18.652000427246097,20.37812851480928,19.45327425715412
*Oc1ccc(CC(NC(=O)CCc2ccc(OC(=O)CCCCCCCCC(*)=O)cc2)C(=O)OCCCCCCCCCCCC)cc1,tg,12.5,14.357940673828123,20.71296224417481,17.30796072709569
*Oc1ccc(CC(NC(=O)CCc2ccc(OC(=O)COCC(*)=O)cc2)C(=O)OC(C)CC)cc1,tg,68.0,67.1187744140625,63.25193440735917,65.3237756974917
*Oc1ccc(CC(NC(=O)CCc2ccc(OC(=O)COCC(*)=O)cc2)C(=O)OCCCC)cc1,tg,64.0,50.233856201171875,56.795273742893016,53.27968588273549
*Oc1ccc(CC(NC(=O)CCc2ccc(OC(=O)COCC(*)=O)cc2)C(=O)OCCCCCC)cc1,tg,45.0,42.13335418701172,44.18520268010806,43.08582840506081
*Oc1ccc(CC(NC(=O)CCc2ccc(OC(=O)COCC(*)=O)cc2)C(=O)OCCCCCCCC)cc1,tg,40.0,39.03572082519531,35.56387689960689,37.42408047292783
*Oc1ccc(CC(NC(=O)CCc2ccc(OC(=O)COCC(*)=O)cc2)C(=O)OCCCCCCCCCCCC)cc1,tg,36.0,27.5428466796875,31.2508935750974,29.264133158235047
*Oc1ccc(CC(NC(=O)CCc2ccc(OC(=O)COCC(*)=O)cc2)C(=O)OCCOCCOCC)cc1,tg,27.0,32.75678253173828,35.69103153334275,34.118869709601526
*Oc1ccc(CC(NC(=O)CCc2ccc(OC(=O)COCC(*)=O)cc2)C(=O)OCc2ccccc2)cc1,tg,76.0,65.83047485351562,70.00880647210849,67.77006890958717
*Oc1ccc(CC(NC(=O)CCc2ccc(OC(=O)COCCOCC(*)=O)cc2)C(=O)OC(C)C)cc1,tg,58.0,50.4630126953125,47.7723390345046,49.21399392042435
*Oc1ccc(CC(NC(=O)CCc2ccc(OC(=O)COCCOCC(*)=O)cc2)C(=O)OC(C)CC)cc1,tg,44.0,50.273338317871094,48.52094208621011,49.45987073677075
*Oc1ccc(CC(NC(=O)CCc2ccc(OC(=O)COCCOCC(*)=O)cc2)C(=O)OC)cc1,egc,5.2022,4.965510368347168,4.924784297021432,4.947131683761183
*Oc1ccc(CC(NC(=O)CCc2ccc(OC(=O)COCCOCC(*)=O)cc2)C(=O)OC)cc1,tg,63.0,54.183815002441406,62.283453721006566,57.943691562968354
*Oc1ccc(CC(NC(=O)CCc2ccc(OC(=O)COCCOCC(*)=O)cc2)C(=O)OCC(C)C)cc1,tg,50.0,41.97398376464844,47.99458032852939,44.76876272794214
*Oc1ccc(CC(NC(=O)CCc2ccc(OC(=O)COCCOCC(*)=O)cc2)C(=O)OCCCC)cc1,tg,45.0,35.694435119628906,40.65905864119482,37.99902823287373
*Oc1ccc(CC(NC(=O)CCc2ccc(OC(=O)COCCOCC(*)=O)cc2)C(=O)OCCCCCCCC)cc1,tg,16.0,29.44731903076172,25.20656121350057,27.478746546232905
*Oc1ccc(CC(NC(=O)CCc2ccc(OC(=O)COCCOCC(*)=O)cc2)C(=O)OCCCCCCCCCCCC)cc1,tg,17.0,27.666664123535156,19.179693777985086,23.726987061275544
*Oc1ccc(CC(NC(=O)Cc2ccc(OC(=O)CC(C)CCC(*)=O)cc2)C(=O)OCCCCCC)cc1,egc,4.8662,5.116470813751221,5.047515493420123,5.085352956279662
*Oc1ccc(CC(NC(=O)Cc2ccc(OC(=O)CC(C)CCC(*)=O)cc2)C(=O)OCCCCCCCC)cc1,tg,30.0,37.27339172363281,40.957386708785194,38.98351323337677
*Oc1ccc(CC(NC(=O)Cc2ccc(OC(=O)CCC(*)=O)cc2)C(=O)OCCCCCCCC)cc1,tg,51.0,45.33332824707031,43.41622497738971,44.443403165441666
*Oc1ccc(CC(NC(=O)Cc2ccc(OC(=O)CCCC(*)=O)cc2)C(=O)OCCCCCC)cc1,tg,42.0,39.65013885498047,47.181637184164934,43.146282944548574
*Oc1ccc(CC(NC(=O)Cc2ccc(OC(=O)CCCCC(*)=O)cc2)C(=O)OCC)cc1,tg,63.0,55.470420837402344,71.3459236905959,62.8398768265301
*Oc1ccc(CC(NC(=O)Cc2ccc(OC(=O)CCCCC(*)=O)cc2)C(=O)OCCCCCCCC)cc1,tg,28.0,46.466552734375,34.11044124131207,40.73080875908634
*Oc1ccc(CC(NC(=O)Cc2ccc(OC(=O)CCCCCCC(*)=O)cc2)C(=O)OCC)cc1,tg,54.0,48.28412628173828,51.84092149056412,49.93520127420756
*Oc1ccc(CC(NC(=O)Cc2ccc(OC(=O)CCCCCCCCC(*)=O)cc2)C(=O)OCC)cc1,tg,43.0,46.88170623779297,42.360393865087055,44.782899488055754
*Oc1ccc(CC(NC(=O)Cc2ccc(OC(=O)CCCCCCCCC(*)=O)cc2)C(=O)OCCCCCC)cc1,tg,23.0,43.761322021484375,26.055270914857942,35.54212004859809
*Oc1ccc(CC(NC(=O)Cc2ccc(OC(=O)COCCOCC(*)=O)cc2)C(=O)OCC)cc1,tg,50.0,47.67572021484375,53.744629588104026,50.49292612900159
*Oc1ccc(CCNC(=O)c2cccc(C(*)=O)c2)cc1,egc,4.1401,4.540858268737793,4.399410469411883,4.477026320195538
*Oc1ccc(CCNC(=O)c2cccc(C(*)=O)c2)cc1,tg,152.0,170.7850799560547,145.85078534139356,159.21050569016134
*Oc1ccc(CCNC(=O)c2cccc(C(=O)NCCc3ccc(OC(=O)c4cccc(C(*)=O)c4)cc3)c2)cc1,tg,147.0,173.4586639404297,160.51769118078047,167.45142561288583
*Oc1ccc(CNC(=O)CCCCC(=O)NCc2ccc(OC3COC4C(*)COC34)cc2)cc1,tg,116.0,120.1732940673828,86.85014623665029,104.70458900470308
*Oc1ccc(Cc2ccc(*)cc2)cc1,eea,1.1795,1.135472536087036,1.0507204795886669,1.1142367051306898
*Oc1ccc(Cc2ccc(*)cc2)cc1,egb,4.3787,4.028565406799316,4.058510151752314,4.035511728697082
*Oc1ccc(Cc2ccc(*)cc2)cc1,ei,6.1428,5.96185302734375,6.104860416096012,6.021487810724672
*Oc1ccc(Cc2ccc(*)cc2)cc1,eps,3.5,3.586453914642334,3.760731848099946,3.68196936931564
*Oc1ccc(Cc2ccc(OC(*)=O)cc2)cc1,egc,4.8502,5.057977676391602,4.9745614762582395,5.020333975889519
*Oc1ccc(Cc2ccc(OC(=O)OCC3CCC(COC(*)=O)CC3)cc2)cc1,egc,5.1271,5.21869421005249,5.076294795200332,5.154432820588616
*Oc1ccc(Cc2ccc(OC(=O)c3cc(OCCCCC)cc(C(*)=O)c3)cc2)cc1,tg,110.0,88.42826080322266,104.3054646182195,95.79850638391576
*Oc1ccc(Cc2ccc(OC(=O)c3ccc(C(C)(C)c4ccc(C(*)=O)cc4)cc3)cc2)cc1,tg,135.0,155.55117797851562,180.82906266289908,167.28524778420604
*Oc1ccc(N(CC)c2ccc(/C=C(\C#N)C(=O)NC3CCCCC3NC(=O)/C(C#N)=C/c3ccc(N(CC)c4ccc(*)cc4)cc3)cc2)cc1,tg,235.0,210.4359436035156,216.1944480411104,213.10905861653168
*Oc1ccc(N(c2ccccc2)c2ccc(-c3ccc(N(c4ccccc4)c4ccc(*)cc4)cc3)cc2)cc1,tg,218.0,200.14398193359375,188.9403860851388,194.94323917359014
*Oc1ccc(N=C(C)c2ccc(Oc3ccc(C(C)(C)c4ccc(Oc5ccc(C(C)=Nc6ccc(*)cc6)cc5)cc4)cc3)cc2)cc1,tg,141.0,145.05679321289062,138.46278123645808,141.99583309707765
*Oc1ccc(N=C(C)c2ccc(Oc3ccc(C(c4ccccc4)(c4ccccc4)c4ccc(Oc5ccc(C(C)=Nc6ccc(*)cc6)cc5)cc4)cc3)cc2)cc1,tg,150.0,162.86830139160156,175.2427275264156,168.61254707846368
*Oc1ccc(N=C(c2ccccc2)c2ccc(Oc3ccc(-c4ccc(Oc5ccc(C(=Nc6ccc(*)cc6)c6ccccc6)cc5)cc4)cc3)cc2)cc1,tg,174.0,178.81793212890625,197.6204552655819,187.54611970328685
*Oc1ccc(N=C(c2ccccc2)c2ccc(Oc3ccc(C(C)(C)c4ccc(Oc5ccc(C(=Nc6ccc(*)cc6)c6ccccc6)cc5)cc4)cc3)cc2)cc1,tg,155.0,156.6706085205078,141.00988018494152,149.40085150594967
*Oc1ccc(N=C(c2ccccc2)c2ccc(Oc3ccc(C(c4ccccc4)(c4ccccc4)c4ccc(Oc5ccc(C(=Nc6ccc(*)cc6)c6ccccc6)cc5)cc4)cc3)cc2)cc1,tg,177.0,181.0717010498047,170.68893828070236,176.25199146453872
*Oc1ccc(N=CC=Nc2ccc(OC(=O)NC3CC(C)(C)CC(C)(CNC(*)=O)C3)cc2)cc1,tg,62.0,172.77098083496094,190.25150072393137,180.88549054089606
*Oc1ccc(N=CC=Nc2ccc(OC(=O)NCCCCCCNC(*)=O)cc2)cc1,tg,80.0,75.43257141113281,72.45780198165832,74.05167452924886
*Oc1ccc(N=CC=Nc2ccc(OC(=O)Nc3cc(NC(*)=O)ccc3C)cc2)cc1,tg,76.0,165.29171752929688,161.58319838498616,163.57021183139466
*Oc1ccc(N=CC=Nc2ccc(OC(=O)Nc3ccc(Cc4ccc(NC(*)=O)cc4)cc3)cc2)cc1,tg,133.0,122.2160186767578,113.3040655143516,118.07906331762038
*Oc1ccc(N=CCCCC=Nc2ccc(OC(=O)NCCCCCCNC(*)=O)cc2)cc1,tg,72.0,57.621368408203125,82.36506262056628,69.1074653962909
*Oc1ccc(N=CCCCC=Nc2ccc(OC(=O)Nc3cc(NC(*)=O)ccc3C)cc2)cc1,egc,4.0981,3.9755430221557617,3.618177708285007,3.8142727554248856
*Oc1ccc(N=CCCCC=Nc2ccc(OC(=O)Nc3cc(NC(*)=O)ccc3C)cc2)cc1,tg,69.0,106.93161010742188,141.32569568199492,122.8974476794344
*Oc1ccc(N=CNc2ccc(*)cc2)cc1,egc,3.7365,3.824074268341065,3.3622486291025377,3.6156635996713833
*Oc1ccc(N=Nc2c(C)cc(Cc3cc(C)c(N=Nc4ccc(OC(=O)c5ccc(C(*)=O)cc5)cc4)c(C)c3[N+](=O)[O-])c([N+](=O)[O-])c2C)cc1,tg,203.0,165.62069702148438,199.0355725155448,181.13198234030662
*Oc1ccc(N=Nc2ccc(*)cc2)cc1,egc,3.1576,2.7976059913635254,3.0315936417082296,2.9031989219535066
*Oc1ccc(N=Nc2ccc(Cc3ccc(N=Nc4ccc(OC(=O)c5ccc(C(*)=O)cc5)cc4)cc3[N+](=O)[O-])c([N+](=O)[O-])c2)cc1,tg,198.0,171.53541564941406,164.76838172005338,168.39413822465986
*Oc1ccc(N=Nc2ccc(Cc3ccc(N=Nc4ccc(OC(=O)c5ccc(N=Nc6ccc(C(*)=O)cc6)cc5)cc4)cc3[N+](=O)[O-])c([N+](=O)[O-])c2)cc1,tg,160.0,168.54454040527344,190.6989470437335,178.82868234377764
*Oc1ccc(N=Nc2ccc(Oc3ccc(C(C)(C)c4ccc(*)cc4)cc3)cc2)cc1,tg,175.0,147.7736358642578,163.09661342367343,154.88660795659
*Oc1ccc(N=Nc2ccc(S(=O)(=O)c3ccc(N=Nc4ccc(OC(=O)c5ccc(N=Nc6ccc(C(*)=O)cc6)cc5)cc4)cc3[N+](=O)[O-])c([N+](=O)[O-])c2)cc1,tg,150.0,200.6031036376953,213.76875666648343,206.71463921933912
*Oc1ccc(NC(=C(C#N)C#N)c2ccc(-c3ccc(-c4ccc(C(Nc5ccc(*)cc5)=C(C#N)C#N)cc4)cc3)cc2)cc1,egc,3.7835,3.0118775367736816,3.0088928323065645,3.01053061230496
*Oc1ccc(NC(=C(C#N)C#N)c2ccc(-c3ccc(-c4ccc(C(Nc5ccc(*)cc5)=C(C#N)C#N)cc4)cc3)cc2)cc1,tg,240.0,237.74078369140625,237.5409569380209,237.64802351378282
*Oc1ccc(NC(=C(C#N)C#N)c2ccc(-c3ccc(C(Nc4ccc(*)cc4)=C(C#N)C#N)cc3)cc2)cc1,tg,220.0,247.87451171875,235.22827378406663,242.00409018001181
*Oc1ccc(NC(=C(C#N)C#N)c2ccc(C(Nc3ccc(*)cc3)=C(C#N)C#N)cc2)cc1,tg,274.0,231.7977600097656,233.93709654140395,232.79084643742925
*Oc1ccc(NC(=C(C#N)C#N)c2cccc(C(Nc3ccc(Oc4ccc(NC(=O)c5ccc(C(=O)Nc6ccc(*)cc6)cc5)cc4)cc3)=C(C#N)C#N)c2)cc1,tg,274.0,252.28143310546875,235.41611844516152,244.45250350989858
*Oc1ccc(NC(=O)/C=C/c2ccc(/C=C/C(=O)Nc3ccc(*)cc3)cc2)cc1,tg,205.0,254.32498168945312,208.4301665636712,233.0204710023748
*Oc1ccc(NC(=O)C=CC(=O)NNC(=O)C=CC(=O)Nc2ccc(OC(=O)C=CC(=O)NNC(=O)C=CC(*)=O)cc2)cc1,tg,265.0,228.206298828125,202.7590022866877,216.39358753081444
*Oc1ccc(NC(=O)C=CC(=O)NNC(=O)C=CC(=O)Nc2ccc(OC(=O)c3ccccc3C(=O)NNC(=O)c3ccccc3C(*)=O)cc2)cc1,tg,240.0,206.96990966796875,223.12357982992216,214.46849175524133
*Oc1ccc(NC(=O)CCCCCC(=O)Nc2ccc(*)cc2)cc1,tg,180.0,154.13644409179688,151.6945577598882,153.00291314037673
*Oc1ccc(NC(=O)CCCCCCC(=O)Nc2ccc(OC3COC4C(*)COC34)cc2)cc1,tg,72.5,175.97532653808594,120.07085314132064,150.02430249162876
*Oc1ccc(NC(=O)CCCCCCCC(=O)Nc2ccc(*)cc2)cc1,tg,160.0,145.98089599609375,144.7158079370342,145.3936383287415
*Oc1ccc(NC(=O)CCCCCCCCCCC(=O)Nc2ccc(*)cc2)cc1,egc,4.4722,4.197108268737793,4.4885412229972,4.3286248665813645
*Oc1ccc(NC(=O)CCCCCCCCCCC(=O)Nc2ccc(*)cc2)cc1,tg,150.0,137.82534790039062,146.0641292121413,141.64981486956012
*Oc1ccc(NC(=O)NC2CC(C)(C)CC(C)(CNC(=O)Nc3ccc(*)c(-c4ccc(Oc5ccccc5)cc4)c3)C2)cc1-c1ccc(Oc2ccccc2)cc1,tg,281.0,205.61569213867188,219.5807989050346,212.0983365405453
*Oc1ccc(NC(=O)NC2CC(C)(C)CC(C)(CNC(=O)Nc3ccc(*)cc3)C2)cc1,tg,274.0,231.73435974121097,166.50728761849243,201.45575743468055
*Oc1ccc(NC(=O)NCCCCCCNC(*)=O)cc1C,egc,4.8377,4.8942766189575195,4.57000090094297,4.747938881329558
*Oc1ccc(NC(=O)Nc2cc(NC(=O)Nc3ccc(*)cc3)ccc2C)cc1,tg,269.0,204.9348602294922,175.49312092788193,191.267916635139
*Oc1ccc(NC(=O)Nc2ccccc2CCc2ccc(NC(=O)Nc3ccc(*)cc3)cc2)cc1,tg,200.0,231.21652221679688,213.7170443437311,223.09321215784456
*Oc1ccc(NC(=O)Nc2ccccc2CCc2ccccc2NC(=O)Nc2ccc(*)cc2)cc1,tg,232.0,216.11013793945312,205.52673193227116,211.19728916192238
*Oc1ccc(NC(=O)OCCOC(=O)Nc2ccc(*)cc2)cc1,egc,4.8662,4.36304235458374,4.632139488759837,4.48447934054928
*Oc1ccc(NC(=O)c2cc(-c3ccc(C(=O)O)c(C(=O)Nc4ccc(*)cc4)c3)ccc2C(=O)O)cc1,tg,184.4,233.36373901367188,229.07559006819417,231.37316742543612
*Oc1ccc(NC(=O)c2cc(-c3ccc(C(=O)OCC)c(C(=O)Nc4ccc(*)cc4)c3)ccc2C(=O)OCC)cc1,tg,190.15,213.09915161132812,198.5601294649119,206.3500939705231
*Oc1ccc(NC(=O)c2cc(C(=O)Nc3ccc(*)cc3)c(C(=O)OCC)cc2C(=O)OCC)cc1,tg,208.05,212.62646484375,219.29295672035585,215.72107034638086
*Oc1ccc(NC(=O)c2cc(C(=O)Nc3ccc(*)cc3)cc(C(C)(C)C)c2)cc1,tg,268.0,293.64239501953125,269.5980008524812,282.4809152076543
*Oc1ccc(NC(=O)c2cc(C(=O)Nc3ccc(*)cc3)cc(C(F)(F)C(F)(F)C(F)(F)C(F)(F)F)c2)cc1,tg,257.0,222.2586669921875,223.1081129000646,222.6529823276533
*Oc1ccc(NC(=O)c2cc(C(=O)Nc3ccc(*)cc3)cc(S(=O)(=O)c3ccccc3)c2)cc1,egc,3.3682,3.880293130874634,3.816850838660987,3.8516631687876774
*Oc1ccc(NC(=O)c2cc(C(=O)Nc3ccc(Oc4ccc(C(C)(C)c5ccc(*)cc5)cc4)cc3)cc(C(C)(C)C)c2)cc1,tg,215.33,211.26028442382812,221.0366141817503,215.7984859883672
*Oc1ccc(NC(=O)c2cc(C(=O)Nc3ccc(Oc4ccc(C(c5ccc(*)cc5)(C(F)(F)F)C(F)(F)F)cc4)cc3)cc(C(C)(C)C)c2)cc1,tg,254.25,246.15554809570312,238.15287387756368,242.44068274678963
*Oc1ccc(NC(=O)c2cc(C(=O)Nc3ccc(Oc4ccc(C(c5ccc(*)cc5)(C(F)(F)F)C(F)(F)F)cc4)cc3)cc([N+](=O)[O-])c2)cc1,tg,232.0,248.80776977539065,238.9467869049029,244.230271982369
*Oc1ccc(NC(=O)c2cc(C(=O)Nc3ccc(Oc4ccc(C5(c6ccc(*)cc6)CC6CCC5C6)cc4)cc3)cc(C(C)(C)C)c2)cc1,tg,272.0,267.5586853027344,278.93387308768024,272.8390815537646
*Oc1ccc(NC(=O)c2cc(C(c3ccc(C(=O)O)c(C(=O)Nc4ccc(Oc5ccc(C(c6ccc(*)cc6)(C(F)(F)F)C(F)(F)F)cc5)cc4)c3)(C(F)(F)F)C(F)(F)F)ccc2C(=O)O)cc1,tg,260.0,212.97299194335935,218.19055316429757,215.39499949448071
*Oc1ccc(NC(=O)c2cc(NC(=O)C34CC5CC(CC(C5)C3)C4)cc(C(=O)Nc3ccc(*)cc3)c2)cc1,tg,335.0,318.72393798828125,339.3045668974913,328.27752758966415
*Oc1ccc(NC(=O)c2cc(NC(=O)CCN3C(=O)c4ccccc4C3=O)cc(C(=O)Nc3ccc(*)cc3)c2)cc1,tg,240.0,245.27346801757812,240.41499742703772,243.0181514129607
*Oc1ccc(NC(=O)c2cc(NC(=O)c3ccc(OC(C)=O)cc3)cc(C(=O)Nc3ccc(Oc4ccc(-c5ccc(*)cc5)cc4)cc3)c2)cc1,tg,252.0,265.56646728515625,255.10519167281387,260.7103118028256
*Oc1ccc(NC(=O)c2cc(NC(=O)c3ccc(OC(C)=O)cc3)cc(C(=O)Nc3ccc(Oc4ccc(C(C)(C)c5ccc(*)cc5)cc4)cc3)c2)cc1,tg,243.0,221.1432952880859,228.16958832236332,224.40492156610998
*Oc1ccc(NC(=O)c2cc(NC(=O)c3ccccc3)cc(C(=O)Nc3ccc(*)cc3)c2)cc1,egc,3.6254,3.4251952171325684,3.4980022663355084,3.4580512660805436
*Oc1ccc(NC(=O)c2cc(NC(=O)c3ccccc3)cc(C(=O)Nc3ccc(*)cc3)c2)cc1,tg,294.5,283.838623046875,271.8009343557269,278.2506918902634
*Oc1ccc(NC(=O)c2cc(NC(=O)c3ccncc3)cc(C(=O)Nc3ccc(*)cc3)c2)cc1,egc,3.2858,3.3228368759155273,3.424703449518397,3.3688067808230766
*Oc1ccc(NC(=O)c2ccc(*)cc2)cc1,tg,225.0,222.60159301757812,212.0440959857696,217.70077126404175
*Oc1ccc(NC(=O)c2ccc(-c3ccc(C(=O)Nc4ccc(Oc5ccc(C6(c7ccc(*)cc7)CC7CCC6C7)cc5)cc4)cc3)cc2)cc1,tg,296.0,260.975830078125,257.96731220028386,259.57926706539536
*Oc1ccc(NC(=O)c2ccc(C(=O)Nc3ccc(*)cc3)cc2)cc1,tg,184.75,260.5208740234375,257.9882790897275,259.3452358672887
*Oc1ccc(NC(=O)c2ccc(C(=O)Nc3ccc(OC4COC5C(*)COC45)cc3)cc2)cc1,tg,132.67,204.573486328125,198.7131205203258,201.85308696187263
*Oc1ccc(NC(=O)c2ccc(C(=O)Nc3ccc(Oc4ccc(C(=O)c5ccc(*)cc5)cc4)cc3)cc2)cc1,tg,160.0,224.24525451660156,181.3356355217468,204.326480817461
*Oc1ccc(NC(=O)c2ccc(C(=O)Nc3ccc(Oc4ccc(C5(c6ccc(*)cc6)C6CC7CC(C6)CC5C7)cc4)cc3)c3ccccc23)cc1,tg,269.0,251.58734130859375,254.41451188996095,252.89972236296467
*Oc1ccc(NC(=O)c2ccc(C(=O)Nc3ccc(Oc4ccc(C5(c6ccc(*)cc6)C6CC7CC(C6)CC5C7)cc4)cc3)cc2)cc1,tg,264.0,253.77500915527344,268.9263644675173,260.8083136862702
*Oc1ccc(NC(=O)c2ccc(OC3COC4C(Oc5ccc(C(=O)Nc6ccc(OC7COC8C(*)COC78)cc6)cc5)COC34)cc2)cc1,tg,165.0,232.13165283203125,177.23479456528844,206.64836674785136
*Oc1ccc(NC(=O)c2ccc(Oc3ccc(C(=O)Nc4ccc(*)cc4)c(C(=O)O)c3)cc2C(=O)O)cc1,egc,3.3446,3.1324522495269775,3.2063993718349995,3.165822785714237
*Oc1ccc(NC(=O)c2ccc(Oc3ccc(C(=O)Nc4ccc(*)cc4)cc3)cc2)cc1,tg,274.0,207.6460418701172,202.20700169981976,205.12122312712904
*Oc1ccc(NC(=O)c2ccc(Oc3ccc(C(=O)Nc4ccc(Oc5ccc(C6(c7ccc(*)cc7)C7CC8CC(C7)CC6C8)cc5)cc4)cc3)cc2)cc1,tg,230.0,225.2208251953125,252.33072676120915,237.8053227263165
*Oc1ccc(NC(=O)c2ccc(Oc3ccc(C(C)(C)c4ccc(C(C)(C)c5ccc(Oc6ccc(C(=O)Nc7ccc(*)cc7)cc6)cc5)cc4)cc3)cc2)cc1,tg,174.0,183.73826599121097,164.61092113694568,174.85929520232526
*Oc1ccc(NC(=O)c2ccc(Oc3ccc(C(C)(C)c4ccc(C(C)(C)c5ccc(Oc6ccc(C(=O)Nc7ccc(Oc8ccc(C(c9ccc(*)cc9)(C(F)(F)F)C(F)(F)F)cc8)cc7)cc6)cc5)cc4)cc3)cc2)cc1,tg,169.0,179.4313507080078,159.2919936408658,170.08260081780975
*Oc1ccc(NC(=O)c2ccc(Oc3ccc(C(C)(C)c4cccc(C(C)(C)c5ccc(Oc6ccc(C(=O)Nc7ccc(*)cc7)cc6)cc5)c4)cc3)cc2)cc1,tg,155.0,166.6751251220703,158.7486083458547,162.99561228587356
*Oc1ccc(NC(=O)c2ccc(Oc3ccc(C(C)(C)c4cccc(C(C)(C)c5ccc(Oc6ccc(C(=O)Nc7ccc(Oc8ccc(C(c9ccc(*)cc9)(C(F)(F)F)C(F)(F)F)cc8)cc7)cc6)cc5)c4)cc3)cc2)cc1,tg,154.0,173.1287384033203,160.85396803285235,167.43075322084678
*Oc1ccc(NC(=O)c2ccc(P(=O)(c3ccccc3)c3ccc(C(=O)Nc4ccc(Oc5ccc(P(=O)(c6ccccc6)c6ccc(*)cc6)cc5)cc4)cc3)cc2)cc1,tg,225.0,262.61676025390625,230.16378008462135,247.5519896267843
*Oc1ccc(NC(=O)c2ccc([Si](C)(C)c3ccc(C(*)=O)cc3)cc2)cc1,tg,220.0,219.0144195556641,239.37242480124812,228.46466658538787
*Oc1ccc(NC(=O)c2ccc3cc(C(=O)Nc4ccc(Oc5ccc(C6(c7ccc(*)cc7)C7CC8CC(C7)CC6C8)cc5)cc4)ccc3c2)cc1,tg,266.0,247.4341735839844,256.2226115950168,251.51379283978972
*Oc1ccc(NC(=O)c2cccc(C(=O)Nc3ccc(*)cc3)c2)cc1,tg,205.39,233.7760009765625,262.67407181262445,247.19057204032032
*Oc1ccc(NC(=O)c2cccc(C(=O)Nc3ccc(Oc4ccc(C(c5ccc(*)cc5)(C(F)(F)F)C(F)(F)F)cc4)cc3)c2)cc1,tg,226.25,224.83804321289065,228.45294379180297,226.51609089224388
*Oc1ccc(NC(=O)c2cccc(C(=O)Nc3ccc(Oc4ccc(C5(c6ccc(*)cc6)C6CC7CC(C6)CC5C7)cc4)cc3)c2)cc1,egc,3.8847,3.4775595664978027,3.385684283454449,3.4360984877996756
*Oc1ccc(NC(=O)c2cccc(C(=O)Nc3ccc(Oc4ccc(C5(c6ccc(*)cc6)C6CC7CC(C6)CC5C7)cc4)cc3)c2)cc1,tg,257.33,264.09442138671875,272.250558554766,267.8805246967705
*Oc1ccc(NC(=O)c2cccc(C(=O)Nc3ccc(Oc4ccc(C5(c6ccc(*)cc6)CC6CCC5C6)cc4)cc3)c2)cc1,tg,256.0,259.2781066894531,258.8364425741159,259.0730848838415
*Oc1ccc(N[Se]Nc2ccc(*)cc2)cc1,tg,55.0,120.78390502929688,143.09755203077722,131.14196682141596
*Oc1ccc(Nc2ccc(N=Nc3ccc(Nc4ccc(*)cc4)cc3)cc2)cc1,egc,2.8393,2.6783645153045654,3.2064576817327257,2.9166801058305767
*Oc1ccc(Nc2ccc(N=Nc3ccc(Nc4ccc(*)cc4)cc3)cc2)cc1,tg,169.0,201.86476135253903,180.76482334225165,192.07010691053142
*Oc1ccc(OC(*)=O)cc1,eea,1.4499,1.7204585075378418,1.650579707440821,1.702949382124216
*Oc1ccc(OC(*)=O)cc1,egb,4.3251,3.9638938903808594,4.321910689519138,4.046943518471717
*Oc1ccc(OC(*)=O)cc1,ei,6.5915,6.6151604652404785,6.727499985277575,6.662006596765435
*Oc1ccc(OC(*)=O)cc1,eps,3.95,3.991471767425537,3.9587287168099863,3.973526481382218
*Oc1ccc(OC(*)=O)cc1,nc,1.7876,1.8163022994995115,1.8316570388124669,1.821703705308344
*Oc1ccc(OC(*)=O)s1,eea,1.7594,1.4884881973266602,1.690790877447847,1.5391780058642495
*Oc1ccc(OC(*)=O)s1,egb,3.6706,4.241101264953613,3.6813201714519592,4.1112481079523135
*Oc1ccc(OC(*)=O)s1,ei,5.9838,6.192732810974121,6.474726605187636,6.310325607957636
*Oc1ccc(OC(*)=O)s1,eps,4.26,4.115489482879639,4.223952797156668,4.174934316617375
*Oc1ccc(OC(*)=O)s1,nc,1.8728,1.810071587562561,1.8754245310355433,1.8330610868503434
*Oc1ccc(OC(=O)/C=C/c2ccc(/C=C/C(*)=O)cc2)cc1,tg,210.0,130.36026000976562,203.3103283980602,164.22390032168505
*Oc1ccc(OC(=O)CCC(*)=O)cc1,egc,5.0485,4.844052314758301,4.832491540157675,4.8388352186074055
*Oc1ccc(OC(=O)CCCCC(*)=O)cc1,tg,90.0,44.18046569824219,37.467486039620475,41.064280427917296
*Oc1ccc(OC(=O)CCCCCCCCC(*)=O)cc1,tg,52.8,25.50511932373047,29.961198777396163,27.57364475700453
*Oc1ccc(OC(=O)Oc2ccc(C(*)=O)cc2)cc1,egc,4.5384,4.362151145935059,4.246813233102484,4.310101953568788
*Oc1ccc(OC(=O)Oc2ccc(C(*)=O)cc2)cc1,tg,74.0,139.51953125,150.07886053397075,144.42120354047972
*Oc1ccc(OC(=O)Oc2ccc(C(C)(C)c3ccc(OC(*)=O)cc3)cc2)cc1,tg,97.0,77.31314849853516,87.45443407047783,82.02076364538853
*Oc1ccc(OC(=O)Oc2ccc(OC(*)=O)cc2)cc1Cl,egc,5.1691,4.66032600402832,4.425343211445307,4.554283989971147
*Oc1ccc(OC(=O)c2cc(OCCCCCCCCCCC(F)(F)C(F)(F)C(F)(F)C(F)(F)C(F)(F)C(F)(F)C(F)(F)C(F)(F)C(F)(F)C(F)(F)F)cc(C(*)=O)c2)cc1,tg,137.0,49.86182403564453,85.7510839830225,66.52172603121271
*Oc1ccc(OC(=O)c2cc(OCCCCCCCCCOCC3CCCN3c3ccc([N+](=O)[O-])cc3)c(C(*)=O)cc2OCCCCCCCCCOCC2CCCN2c2ccc([N+](=O)[O-])cc2)cc1,tg,34.0,50.93132019042969,52.19762489911115,51.51914263018163
*Oc1ccc(OC(=O)c2cc(OCCCCCCCCOCC3CCCN3c3ccc([N+](=O)[O-])cc3)c(C(*)=O)cc2OCCCCCCCCOCC2CCCN2c2ccc([N+](=O)[O-])cc2)cc1,tg,41.0,39.22296905517578,56.44418337260927,47.21710833789672
*Oc1ccc(OC(=O)c2cc(OCCCCCCOCC3CCCN3c3ccc([N+](=O)[O-])cc3)c(C(*)=O)cc2OCCCCCCOCC2CCCN2c2ccc([N+](=O)[O-])cc2)cc1,tg,56.0,50.78118896484375,58.53621727045994,54.38109633919076
*Oc1ccc(OC(=O)c2cc(OCCCCCOCC3CCCN3c3ccc([N+](=O)[O-])cc3)c(C(*)=O)cc2OCCCCCOCC2CCCN2c2ccc([N+](=O)[O-])cc2)cc1,tg,63.0,57.334930419921875,62.04740742630306,59.52247636536049
*Oc1ccc(OC(=O)c2cc(OCCCc3ccccc3)c(C(*)=O)cc2OCCCc2ccccc2)cc1C,tg,91.0,59.47637176513672,97.00901688576604,76.8991380818829
*Oc1ccc(OC(=O)c2ccc(-c3ccc(C(*)=O)cc3)cc2-c2ccccc2)cc1,tg,140.0,181.7941741943359,134.50418414168135,159.84201912611255
*Oc1ccc(OC(=O)c2ccc(-c3ccc(C(*)=O)cc3)cc2-c2ccccc2)cc1-c1ccccc1,tg,148.0,147.81613159179688,126.6194461966129,137.97656672385494
*Oc1ccc(OC(=O)c2ccc(-c3ccc(C(*)=O)cc3)cc2-c2ccccc2)cc1C,tg,133.0,148.37814331054688,138.44768652299695,143.76839551707383
*Oc1ccc(OC(=O)c2ccc(-c3ccc(C(*)=O)cc3)cc2-c2ccccc2)cc1C(C)(C)c1ccccc1,tg,146.0,146.81695556640625,150.9198106422317,148.7215131851895
*Oc1ccc(OC(=O)c2ccc(C(*)=O)cc2)cc1,egc,3.7683,4.035243511199951,4.0985086263321895,4.063793517583127
*Oc1ccc(OC(=O)c2ccc(C(*)=O)cc2)cc1,tg,267.0,149.0198516845703,162.69518150850777,155.3679807615677
*Oc1ccc(OC(=O)c2ccc(C(*)=O)cc2)cc1-c1cccc(C(F)(F)F)c1,tg,158.13,148.94454956054688,142.00503056062553,145.723204049255
*Oc1ccc(OC(=O)c2ccc(C(*)=O)cc2)cc1C(F)(F)F,tg,158.13,169.1161651611328,171.59039699552537,170.26471099171647
*Oc1ccc(OC(=O)c2ccc(C(*)=O)cc2)cc1C1CCCCCC1,egc,3.5076,3.49672269821167,3.8268233744277858,3.645689097677816
*Oc1ccc(OC(=O)c2ccc(C(*)=O)cc2)cc1C1CCCCCCC1,egb,3.1917,3.434389591217041,4.038566683023834,3.574541346375854
*Oc1ccc(OC(=O)c2ccc(C(*)=O)cc2)cc1C1CCCCCCC1,tg,213.0,171.57754516601562,200.77167432802716,185.12954739170112
*Oc1ccc(OC(=O)c2ccc(C(*)=O)cc2)cc1CCC(C)CC,egc,3.5259,3.945011615753174,3.692080619453287,3.8308700142754732
*Oc1ccc(OC(=O)c2ccc(C(*)=O)cc2)cc1CCC(C)CC,tg,237.0,108.01467895507812,102.756355941421,105.57374965765001
*Oc1ccc(OC(=O)c2ccc(C(*)=O)cc2)cc1Cl,egc,3.9402,3.8304052352905273,4.216247165070217,4.004526305568856
*Oc1ccc(OC(=O)c2ccc(C(*)=O)cc2Oc2ccc(-c3ccccc3)cc2)cc1,tg,112.5,120.85888671875,109.29767181148976,115.49213612018467
*Oc1ccc(OC(=O)c2ccc(C(*)=O)cc2Oc2ccc(Br)cc2)cc1,tg,112.5,112.0976104736328,115.93247132495569,113.8777643704631
*Oc1ccc(OC(=O)c2ccc(C(*)=O)cc2Oc2ccc(C3CCCCC3)cc2)cc1,tg,113.0,163.99351501464844,149.14603450452182,157.10127007723537
*Oc1ccc(OC(=O)c2ccc(C(*)=O)cc2Oc2ccc(Cl)cc2)cc1,tg,107.0,142.32211303710938,123.55221851507514,133.60907176340407
*Oc1ccc(OC(=O)c2ccc(C(*)=O)cc2Oc2ccc(F)cc2)cc1,egc,3.4967,3.5921473503112793,3.647662708097796,3.6172000798583035
*Oc1ccc(OC(=O)c2ccc(C(*)=O)cc2Oc2ccc(F)cc2)cc1,tg,106.0,129.05352783203125,118.99117814240957,124.38255495825149
*Oc1ccc(OC(=O)c2ccc(C(*)=O)cc2Oc2ccc(Oc3ccccc3)cc2)cc1,tg,83.0,121.09931182861328,107.31248834420222,114.6994270603773
*Oc1ccc(OC(=O)c2ccc(C(*)=O)cc2Oc2ccc3ccccc3c2)cc1,tg,102.0,136.63661193847656,129.11806991756194,133.14648220602578
*Oc1ccc(OC(=O)c2ccc(C(*)=O)cc2Sc2ccc(Cl)cc2)cc1,tg,140.0,129.79071044921875,149.8863204088557,139.11915280104202
*Oc1ccc(OC(=O)c2ccc(C(*)=O)cc2Sc2ccccc2)cc1-c1ccccc1,tg,130.0,114.2772216796875,127.53841989237256,120.43310962195972
*Oc1ccc(OC(=O)c2ccc(C(*)=O)cc2Sc2ccccc2)cc1C,tg,130.0,112.62767028808594,143.6501450542964,127.02839602115617
*Oc1ccc(OC(=O)c2ccc(C(C)(C)c3ccc(C(*)=O)cc3)cc2)cc1,tg,195.0,150.71759033203125,171.37698279969902,160.30774221323406
*Oc1ccc(OC(=O)c2ccc(OC(=O)CCCCCCC(*)=O)cc2)cc1,egc,4.1613,4.534987926483154,4.3538869672931595,4.453261472179448
*Oc1ccc(OC(=O)c2ccc(OC(=O)CCCCCCCCC(*)=O)cc2)cc1,egc,4.2519,4.517425537109375,4.387212193598013,4.458663424993505
*Oc1ccc(OC(=O)c2ccc(OCCCCCCCCCCCCOc3ccc(C(*)=O)cc3)cc2)cc1C=Cc1ccncc1,tg,91.35,82.56214904785156,86.8579187893323,84.55625823242463
*Oc1ccc(OC(=O)c2ccc(OCCCCCCCCCCOc3ccc(C(*)=O)cc3)cc2)cc1S(=O)(=O)c1ccccc1,egc,4.4922,4.191290378570557,3.737005381686407,3.9862826182319626
*Oc1ccc(OC(=O)c2ccc(OCCCCCCCCCCOc3ccc(C(*)=O)cc3)cc2)cc1S(=O)(=O)c1ccccc1,tg,88.0,85.5303955078125,90.9327408558496,88.03818040436585
*Oc1ccc(OC(=O)c2ccc(OCCCCCCCCOc3ccc(C(*)=O)cc3)cc2)cc1C(=O)CC,tg,70.0,63.22930908203125,83.6470449754567,72.7072832574423
*Oc1ccc(OC(=O)c2ccc(OCCCCCCOc3ccc(C(*)=O)cc3)cc2)cc1S(=O)(=O)c1ccccc1,tg,112.6,108.3037567138672,104.6200014571694,106.59374648679011
*Oc1ccc(OC(=O)c2ccc(Oc3ccc(C(*)=O)cc3)cc2)c2ccccc12,tg,166.0,165.40919494628906,184.732126577704,174.37895770312616
*Oc1ccc(OC(=O)c2ccc(Sc3cccc(OC(=O)c4ccc(C(=O)Oc5cccc(Sc6ccc(C(*)=O)cc6)c5)cc4)c3)cc2)cc1C,tg,135.0,117.8839111328125,129.28337826949897,123.17557793166415
*Oc1ccc(OC(=O)c2cccc(Sc3ccc(OC(=O)c4ccc(C(=O)Oc5ccc(Sc6cccc(C(*)=O)c6)cc5)cc4)cc3)c2)cc1C,tg,106.5,123.47151184082033,132.71762858686745,127.76358693667308
*Oc1ccc(Oc2ccc(*)cc2)s1,eea,1.2264,1.1816246509552002,1.430046832731585,1.2438703553778594
*Oc1ccc(Oc2ccc(*)cc2)s1,egc,4.6798,4.476485729217529,4.249473136663489,4.374040472413176
*Oc1ccc(Oc2ccc(*)cc2)s1,ei,5.9034,5.725857257843018,5.422761471579795,5.599464826548507
*Oc1ccc(Oc2ccc(*)cc2)s1,eps,3.82,3.7866833209991455,4.050959149439041,3.931523378554342
*Oc1ccc(Oc2ccc(*)cc2)s1,nc,1.8525,1.843388080596924,1.8477076258060232,1.8449075864711955
*Oc1ccc(Oc2ccc(*)s2)s1,eea,1.3443,1.3246150016784668,1.503446619725055,1.3694238024013174
*Oc1ccc(Oc2ccc(*)s2)s1,egb,4.047,3.605560302734375,3.840533380182466,3.660067316763879
*Oc1ccc(Oc2ccc(*)s2)s1,ei,5.0541,5.659552097320557,5.630032335332652,5.647242211607905
*Oc1ccc(Oc2ccc(*)s2)s1,eps,3.9,3.968836784362793,3.905948441216857,3.9343699498642306
*Oc1ccc(Oc2ccc(C(=Nc3ccccc3)c3ccc(Oc4ccc(Oc5cccc(*)n5)cc4)cc3)cc2)cc1,tg,135.0,124.29267120361328,135.08510718233154,129.30255232020693
*Oc1ccc(Oc2ccc(C(=O)Nc3ccc(Cc4ccc(NC(=O)c5ccc(*)cc5)cc4)cc3)cc2)cc1,tg,216.0,216.9953155517578,222.21331114601685,219.41752474027615
*Oc1ccc(Oc2ccc(C(=O)Nc3ccc(Oc4ccc(-c5ccc(Oc6ccc(NC(=O)c7ccc(*)cc7)cc6)cc5)cc4)cc3)cc2)cc1-c1ccccc1,tg,232.0,209.07814025878903,220.66938012510465,214.4588285333058
*Oc1ccc(Oc2ccc(C(=O)Nc3ccc(Oc4ccc(-c5ccc(Oc6ccc(NC(=O)c7ccc(*)cc7)cc6)cc5)cc4)cc3)cc2)cc1C,tg,220.0,202.15805053710935,203.21557323260296,202.64895574080663
*Oc1ccc(Oc2ccc(C(=O)Nc3ccc(Oc4ccc(S(=O)(=O)c5ccc(Oc6ccc(NC(=O)c7ccc(*)cc7)cc6)cc5)cc4)cc3)cc2)cc1,tg,220.0,224.43362426757812,223.45350472117113,223.97864983759482
*Oc1ccc(Oc2ccc(C(=O)Nc3ccc(Oc4ccc(S(=O)(=O)c5ccc(Oc6ccc(NC(=O)c7ccc(*)cc7)cc6)cc5)cc4)cc3)cc2)cc1-c1ccccc1,tg,231.0,200.6636657714844,219.22449166341897,209.27965676070585
*Oc1ccc(Oc2ccc(C(=O)Nc3ccc(Oc4ccc(S(=O)(=O)c5ccc(Oc6ccc(NC(=O)c7ccc(*)cc7)cc6)cc5)cc4)cc3)cc2)cc1C,tg,217.0,216.78793334960935,218.7836515917013,217.71435173697006
*Oc1ccc(Oc2ccc(C(=O)c3c(C(=O)c4ccc(*)cc4)c(-c4ccc(F)cc4)c(-c4ccc(F)cc4)c(-c4ccc(F)cc4)c3-c3ccc(F)cc3)cc2)cc1,tg,266.0,283.287109375,252.33508808954593,268.9190883587829
*Oc1ccc(Oc2ccc(C(=O)c3ccc(*)c(S(=O)(=O)O)c3)cc2S(=O)(=O)O)cc1,tg,220.0,193.512451171875,204.3396702699099,198.53847871666932
*Oc1ccc(Oc2ccc(C(=O)c3ccc(*)cc3)cc2)cc1,egc,3.9034,3.9532470703125,3.882243004351369,3.921204663811153
*Oc1ccc(Oc2ccc(C(=O)c3ccc(*)cc3)cc2)cc1,tg,150.4,157.693603515625,174.04082195866144,165.2820312948673
*Oc1ccc(Oc2ccc(C(=O)c3ccc(*)cc3)cc2)cc1-c1cc(C)cc(C)c1,tg,162.0,166.53431701660156,177.86467029059958,171.79390095332084
*Oc1ccc(Oc2ccc(C(=O)c3ccc(*)cc3)cc2)cc1-c1cccc(C(F)(F)F)c1,tg,134.0,167.77932739257812,157.69104824542518,163.096317986925
*Oc1ccc(Oc2ccc(C(=O)c3ccc(*)cc3)cc2)cc1C,egc,3.5517,3.8600220680236816,3.761954854958514,3.8157667220381644
*Oc1ccc(Oc2ccc(C(=O)c3ccc(*)cc3)cc2)cc1C(=O)O,egc,3.6534,3.816272020339966,3.641740136190738,3.7375100296897825
*Oc1ccc(Oc2ccc(C(=O)c3ccc(*)cc3)cc2)cc1C(=O)OC,egc,3.7296,3.829991579055786,3.759086968040296,3.7979940541503536
*Oc1ccc(Oc2ccc(C(=O)c3ccc(*)cc3)cc2)cc1C(Br)Br,egc,3.947,3.95093297958374,3.7158167851413095,3.844830764514841
*Oc1ccc(Oc2ccc(C(=O)c3ccc(*)cc3)cc2)cc1C(C)(C)C,tg,176.25,164.23289489746094,159.73073947902836,162.14298086329364
*Oc1ccc(Oc2ccc(C(=O)c3ccc(*)cc3)cc2)cc1C=O,egc,3.6677,3.749657392501831,3.708922610218613,3.7312747768727865
*Oc1ccc(Oc2ccc(C(=O)c3ccc(*)cc3)cc2)cc1CBr,egc,3.6235,3.988774538040161,3.7597182929964914,3.8854070306163004
*Oc1ccc(Oc2ccc(C(=O)c3ccc(*)cc3)cc2)cc1CC#N,egc,4.0183,3.977156162261963,3.801632850807662,3.897946764603523
*Oc1ccc(Oc2ccc(C(=O)c3ccc(-c4ccc(C(=O)c5ccc(*)cc5)cc4)cc3)cc2)cc1-c1ccc(S(=O)(=O)O)c(C)c1,tg,182.0,194.3026428222656,200.0559282925481,196.97333517501875
*Oc1ccc(Oc2ccc(C(=O)c3ccc(-c4ccc(C(=O)c5ccc(*)cc5)cc4)cc3)cc2)cc1-c1cccc(C)c1,tg,170.0,160.8284149169922,178.75652717223966,169.1506983403869
*Oc1ccc(Oc2ccc(C(=O)c3ccc(C(=O)c4ccc(*)cc4)cc3)cc2)cc1-c1ccc(S(=O)(=O)O)c(C)c1,tg,167.0,176.5279083251953,190.6401571766705,183.07885652383106
*Oc1ccc(Oc2ccc(C(=O)c3ccc(C(=O)c4ccc(*)cc4)cc3)cc2)cc1-c1cccc(C)c1,tg,159.0,158.86732482910156,163.12497854944544,160.8437404424633
*Oc1ccc(Oc2ccc(C(=O)c3ccc(C(=O)c4ccc(*)cc4)cc3)cc2)cc1-c1ccccc1,tg,166.0,168.70474243164062,162.00183954658496,165.59323482979616
*Oc1ccc(Oc2ccc(C(=O)c3ccc(NC(=O)c4ccc(C(=O)Nc5ccc(C(=O)c6ccc(*)cc6)cc5)cc4)cc3)cc2)cc1,tg,224.0,208.40399169921875,199.9967172740755,204.50130972198934
*Oc1ccc(Oc2ccc(C(=O)c3ccc(NC(=O)c4cccc(C(=O)Nc5ccc(C(=O)c6ccc(*)cc6)cc5)c4)cc3)cc2)cc1,tg,198.0,193.20738220214844,222.03875573429488,206.59099217759655
*Oc1ccc(Oc2ccc(C(=O)c3ccc(Oc4ccc(Oc5cccc(*)n5)cc4)cc3)cc2)cc1,tg,124.0,139.16029357910156,135.8355123296589,137.61692016171617
*Oc1ccc(Oc2ccc(C(=O)c3cccc(-c4cccc(C(=O)c5ccc(*)cc5)c4)c3)cc2)cc1,egc,3.724,3.6423518657684326,3.426634352447366,3.5450038032634312
*Oc1ccc(Oc2ccc(C(=O)c3cccc(C(=O)c4ccc(*)cc4)c3)cc2)cc1S(=O)(=O)O,tg,195.0,175.9811248779297,165.82441676055794,171.26635053928058
*Oc1ccc(Oc2ccc(C(=O)c3cccc(NC(=O)c4ccc(C(=O)Nc5cccc(C(=O)c6ccc(*)cc6)c5)cc4)c3)cc2)cc1,tg,210.0,193.31068420410156,211.918581793348,201.94852601624692
*Oc1ccc(Oc2ccc(C(=O)c3cccc(NC(=O)c4cccc(C(=O)Nc5cccc(C(=O)c6ccc(*)cc6)c5)c4)c3)cc2)cc1,tg,202.0,184.61099243164065,191.71927499468177,187.91067849456607
*Oc1ccc(Oc2ccc(C(=O)c3cccc4cccc(C(=O)c5ccc(*)cc5)c34)cc2)cc1,tg,202.0,164.71298217773438,198.51789521983713,180.40532409495137
*Oc1ccc(Oc2ccc(C(=O)c3ccccc3)c(-c3cc(*)ccc3C(=O)c3ccccc3)c2)cc1,tg,156.0,150.71726989746094,175.75680729219542,162.34069817718276
*Oc1ccc(Oc2ccc(C(=O)c3ccccc3-c3ccccc3C(=O)c3ccc(*)cc3)cc2)cc1,egc,3.3644,3.25669527053833,3.6839936106414233,3.449524609613495
*Oc1ccc(Oc2ccc(C(=O)c3ccccc3-c3ccccc3C(=O)c3ccc(*)cc3)cc2)cc1,tg,175.0,156.782470703125,194.00787047410088,174.0626128080227
*Oc1ccc(Oc2ccc(C=NCCCCCCN=Cc3ccc(*)cc3)cc2)cc1,egc,4.2565,4.036829948425293,4.00825071042361,4.023932834025535
*Oc1ccc(Oc2ccc(C=NCCCCN=Cc3ccc(*)cc3)cc2)cc1,egc,4.1246,3.752554893493652,3.851368748879544,3.797147180982841
*Oc1ccc(Oc2ccc(C=NCCCCN=Cc3ccc(*)cc3)cc2)cc1,tg,105.0,79.37432861328125,84.73702765720584,81.86370957668109
*Oc1ccc(Oc2ccc(C=NCCN=Cc3ccc(*)cc3)cc2)cc1,tg,101.0,98.6600341796875,114.41287690442684,105.97255096968416
*Oc1ccc(Oc2ccc(C=Nc3ccc(Oc4ccc(N=Cc5ccc(*)cc5)cc4)cc3)cc2)cc1,tg,120.0,144.91465759277344,151.86059773102423,148.13898381571624
*Oc1ccc(Oc2ccc(NC(=C(C#N)C#N)c3ccc(-c4ccc(-c5ccc(C(Nc6ccc(*)cc6)=C(C#N)C#N)cc5)cc4)cc3)cc2)cc1,egc,3.2228,3.28418493270874,3.4073538916091377,3.3397680855326186
*Oc1ccc(Oc2ccc(NC(=C(C#N)C#N)c3cccc(C(Nc4ccc(*)cc4)=C(C#N)C#N)c3)cc2)cc1,egc,2.6924,3.1465158462524414,3.3434012178925694,3.235365421651621
*Oc1ccc(Oc2ccc(NC(=O)c3cc(C(=O)Nc4ccc(*)cc4)cc(C(C)(C)C)c3)cc2)cc1,tg,195.5,268.945556640625,266.95214410133576,268.0202085674134
*Oc1ccc(Oc2ccc(NC(=O)c3cc(NC(=O)c4ccc(OC(C)=O)cc4)cc(C(=O)Nc4ccc(*)cc4)c3)cc2)cc1,tg,251.0,244.38685607910156,243.6414861821022,244.0408531397079
*Oc1ccc(Oc2ccc(NC(=O)c3ccc(-c4ccc(C(=O)Nc5ccc(*)cc5)c(C)c4)cc3C)cc2)cc1,tg,219.0,222.297119140625,220.2653441479328,221.35396310160584
*Oc1ccc(Oc2ccc(NC(=O)c3ccc(Oc4ccc(C(=O)Nc5ccc(*)cc5)c(C(=O)O)c4)cc3C(=O)O)cc2)cc1,egc,3.1241,3.4476118087768555,3.2420533330527803,3.3548482726357873
*Oc1ccc(Oc2ccc(NC(=O)c3ccc(Oc4ccc(C(C)(C)c5cccc(C(C)(C)c6ccc(Oc7ccc(C(=O)Nc8ccc(*)cc8)cc7)cc6)c5)cc4)cc3)cc2)cc1,tg,147.0,160.143798828125,157.90982403683165,159.10678103678333
*Oc1ccc(Oc2ccc(NC(=O)c3ccc(Oc4ccc(Oc5ccc(C(=O)Nc6ccc(*)cc6)cc5)cc4)cc3)cc2)cc1,tg,236.0,193.5077209472656,196.01136119081343,194.66991824948985
*Oc1ccc(Oc2ccc(NC(=O)c3ccc(Oc4ccc(Oc5ccc(C(=O)Nc6ccc(*)cc6)cc5)cc4-c4ccccc4)cc3)cc2)cc1,tg,209.0,200.29393005371097,204.50326227944564,202.24791468449882
*Oc1ccc(Oc2ccc(NC(=O)c3ccc(Oc4ccc(Oc5ccc(C(=O)Nc6ccc(*)cc6)cc5)cc4-c4ccccc4)cc3)cc2)cc1-c1ccccc1,tg,200.5,196.2004241943359,208.42865736893376,201.87680667105622
*Oc1ccc(Oc2ccc(NC(=O)c3ccc(Oc4ccc(Oc5ccc(C(=O)Nc6ccc(*)cc6)cc5)cc4C)cc3)cc2)cc1,tg,200.0,194.62242126464844,217.79355505511217,205.37853099333418
*Oc1ccc(Oc2ccc(NC(=O)c3cccc(C(=O)Nc4ccc(*)cc4)c3)cc2)cc1C(C)(C)C,tg,208.0,232.9498748779297,259.4350825337752,245.24438762423932
*Oc1ccc(Oc2ccc(Nc3ccc(S(=O)(=O)c4ccc(Nc5ccc(*)cc5)cc4)cc3)cc2)cc1,tg,144.6,206.68179321289065,218.61193865528844,212.2198024712215
*Oc1ccc(Oc2ccc(OC(*)=O)cc2)cc1,tg,118.0,76.61213684082031,129.82271172262006,101.31264512542735
*Oc1ccc(Oc2ccc(OC(=O)c3ccc(C4(c5ccc(C(*)=O)cc5)OC(=O)c5ccccc54)cc3)cc2)cc1,egc,3.6172,3.704065561294556,3.632816271818371,3.671912491390392
*Oc1ccc(Oc2ccc(OC(=O)c3ccc(OC(=O)c4ccc(C(=O)Oc5ccc(C(*)=O)cc5)cc4)cc3)cc2)cc1,egc,2.7268,3.386472225189209,3.5434863651081594,3.4573288843064005
*Oc1ccc(Oc2ccc(OC(=O)c3cccc(C(*)=O)c3)cc2)cc1,egc,3.4373,3.8490195274353023,3.7230160400391457,3.792157220902811
*Oc1ccc(Oc2ccc(OC(=O)c3cccc(C(*)=O)c3)cc2)cc1,tg,164.5,141.82164001464844,152.47857002337062,146.76861885397977
*Oc1ccc(Oc2ccc(OC(=O)c3ccccc3-c3ccccc3C(*)=O)cc2)cc1,tg,147.0,137.07302856445312,132.7136053308316,135.04937123811575
*Oc1ccc(Oc2ccc(Oc3ccc(-c4ccc(Oc5ccc(Oc6ccc(Oc7ccc(C(=O)c8ccc(*)c(S(=O)(=O)[O][Na])c8)cc7S(=O)(=O)[O][Na])cc6)cc5)cc4)cc3)cc2)cc1,tg,348.0,301.3807373046875,289.0060870575352,295.6363875842065
*Oc1ccc(Oc2ccc(Oc3ccc(C(C)(C)c4ccc(*)cc4)cc3)cc2)cc1,tg,122.0,122.78943634033205,149.16904168956162,135.03492817951494
*Oc1ccc(Oc2ccc(Oc3ccc(NC(=O)c4cc(C(=O)Nc5ccc(*)cc5)cc(C(C)(C)C)c4)cc3)cc2)cc1,tg,230.0,216.13970947265625,210.14663226461977,213.35770507679644
*Oc1ccc(Oc2ccc(Oc3ccc(NC(=O)c4ccc(-c5ccc(C(=O)Nc6ccc(*)cc6)c(C)c5)cc4C)cc3)cc2)cc1,tg,200.0,214.03421020507812,210.9611496000153,212.60768626499538
*Oc1ccc(Oc2ccc(Oc3ccc(S(=O)(=O)c4ccc(*)cc4)cc3)cc2)cc1,tg,184.33,194.98976135253903,170.69768418239073,183.7133063485395
*Oc1ccc(Oc2ccc(Oc3ccc(S(=O)(=O)c4ccc(Oc5ccc(Oc6ccc(Oc7ccc(-c8ccc(*)cc8)cc7)cc6)cc5)c(S(=O)(=O)[O][Na])c4)cc3S(=O)(=O)[O][Na])cc2)cc1,tg,302.0,307.4134521484375,274.2257908662526,292.0076403475255
*Oc1ccc(Oc2ccc(Oc3cccc(*)n3)cc2)cc1,egc,4.1433,4.36659574508667,4.253153939402219,4.315402219719012
*Oc1ccc(Oc2ccc(Oc3cccc(C(=O)Oc4ccc(-c5ccc(OC(=O)c6cccc(*)c6)cc5)cc4)c3)cc2)cc1,tg,119.0,124.10916900634766,131.5738927978415,127.57431615545623
*Oc1ccc(Oc2ccc(Oc3cccc(C(=O)Oc4ccc(OC(=O)c5cccc(*)c5)cc4)c3)cc2)cc1,tg,101.0,123.71729278564452,120.00183508772412,121.99256619036805
*Oc1ccc(Oc2ccc(P(=O)(c3ccccc3)c3ccc(Oc4ccc(Oc5cccc(*)n5)cc4)cc3)cc2)cc1,tg,164.0,178.0533905029297,176.81966020983245,177.48068920448833
*Oc1ccc(Oc2ccc(P(C)(=O)c3ccc(*)cc3)cc2)cc1,tg,213.0,168.1105499267578,151.47354627073483,160.38760298342018
*Oc1ccc(Oc2ccc(S(=O)(=O)c3ccc(*)cc3)cc2)cc1,tg,206.67,195.0865020751953,190.31891163046777,192.87337230655066
*Oc1ccc(Oc2ccc(S(=O)(=O)c3ccc(-c4ccc(-c5ccc(S(=O)(=O)c6ccc(*)cc6)cc5)cc4)cc3)cc2)cc1,tg,259.0,266.282958984375,250.2162589015965,258.8247486684269
*Oc1ccc(Oc2ccc(S(=O)(=O)c3ccc(-c4ccc(S(=O)(=O)c5ccc(*)cc5)cc4)cc3)cc2)cc1,tg,251.0,242.3677978515625,229.13500983254983,236.22509800631292
*Oc1ccc(Oc2cccc(*)n2)c(-c2ccccc2)c1,egc,4.2637,4.2471089363098145,3.9059555585208807,4.093154721682095
*Oc1ccc(Oc2cccc(*)n2)c(C)c1,egc,4.4881,4.4875407218933105,4.2340509029131965,4.373146937343561
*Oc1ccc(Oc2cccc(*)n2)c(C)c1,tg,89.0,112.23199462890624,107.3298975554468,109.95642648020825
*Oc1ccc(Oc2cccc(*)n2)cc1,egc,4.3182,4.6010966300964355,4.494346019513804,4.552922678193059
*Oc1ccc(Oc2cccc(*)n2)cc1,tg,100.0,84.48921966552734,96.30476396709426,89.97403073092744
*Oc1ccc(Oc2cccc(C(=O)Oc3ccc(OC(=O)c4cccc(*)c4)cc3)c2)cc1,tg,119.0,94.059814453125,98.15200991481564,95.95942384708955
*Oc1ccc(Oc2cccc(Oc3ccc(-c4ccc(Oc5cccc(Oc6ccc(Oc7ccc(C(=O)c8ccc(*)c(S(=O)(=O)[O][Na])c8)cc7S(=O)(=O)[O][Na])cc6)c5)cc4)cc3)c2)cc1,tg,304.0,278.3677673339844,303.50100458605203,290.0346913682149
*Oc1ccc(P(=O)(c2ccccc2)c2ccc(*)cc2)cc1,egc,4.8858,4.3410258293151855,4.4489634596238306,4.3897354543250415
*Oc1ccc(P(=O)(c2ccccc2)c2ccc(Oc3ccc(-c4ccc(*)cc4)cc3)cc2)cc1,tg,229.17,236.7991943359375,233.02717537809613,235.04821183434223
*Oc1ccc(P(=O)(c2ccccc2)c2ccc(Oc3ccc(C(c4ccc(*)cc4)(C(F)(F)F)C(F)(F)F)cc3)cc2)cc1,tg,210.5,174.63050842285156,181.1197543372611,177.64283581878334
*Oc1ccc(P(C)(=O)c2ccc(*)cc2)cc1,egc,4.6884,4.416576385498047,4.3839428259410544,4.40184965447558
*Oc1ccc(S(=O)(=O)c2ccc(*)cc2)cc1,egc,4.3172,4.144265651702881,4.23189246982155,4.183809501601774
*Oc1ccc(S(=O)(=O)c2ccc(-c3ccc(*)cc3)cc2)cc1,tg,265.5,256.6455383300781,201.02673244524755,230.82712199855095
*Oc1ccc(S(=O)(=O)c2ccc(-c3ccc(-c4ccc(S(=O)(=O)c5ccc(*)cc5)cc4)cc3)cc2)cc1,egc,3.6921,3.6424059867858887,3.7562127535309062,3.693764210195857
*Oc1ccc(S(=O)(=O)c2ccc(-c3ccc(-c4ccc(S(=O)(=O)c5ccc(Oc6ccc(-c7ccc(*)cc7)cc6)cc5)cc4)cc3)cc2)cc1,tg,264.0,264.2006530761719,249.41132315099904,257.3354018145196
*Oc1ccc(S(=O)(=O)c2ccc(OC(=O)OC3C(C)(C)C(OC(*)=O)C3(C)C)cc2)cc1,tg,162.0,154.9468994140625,148.90630512909266,152.14283744872407
*Oc1ccc(S(=O)(=O)c2ccc(OC(=O)c3cc(CCCCC)cc(C(*)=O)c3)cc2)cc1,tg,170.0,159.9075469970703,141.06635788536454,151.16141056123342
*Oc1ccc(S(=O)(=O)c2ccc(OC(=O)c3cc(NC(=O)c4ccc(NC(=O)C(C)N5C(=O)c6ccccc6C5=O)cc4)cc(C(*)=O)c3)cc2)cc1,tg,200.0,201.22364807128903,235.05882986702852,216.93004083463256
*Oc1ccc(S(=O)(=O)c2ccc(OC3(F)C(*)(F)C(F)(F)C3(F)F)cc2)cc1,tg,159.47,156.77194213867188,147.19240285556288,152.325091302146
*Oc1ccc(S(=O)(=O)c2ccc(Oc3c(C)cc(-c4cc(C)c(*)c(C)c4)cc3C)cc2)cc1,tg,268.07,283.72479248046875,243.94400728619104,265.25843280587105
*Oc1ccc(S(=O)(=O)c2ccc(Oc3c(C)cc(C(C)(C)c4cc(C)c(*)c(C)c4)cc3C)cc2)cc1,tg,233.29,200.37936401367188,214.663874934472,207.01027678100354
*Oc1ccc(S(=O)(=O)c2ccc(Oc3c(C)cc(C(C)(C)c4cc(C)c(*)c(C)c4)cc3C)cc2C(O)(C(F)(F)F)C(F)(F)F)c(C(O)(C(F)(F)F)C(F)(F)F)c1,tg,187.0,184.9539031982422,190.36994460565873,187.4680458465943
*Oc1ccc(S(=O)(=O)c2ccc(Oc3c(C)cc(C(c4cc(C)c(*)c(C)c4)(C(F)(F)F)C(F)(F)F)cc3C)cc2C(O)(C(F)(F)F)C(F)(F)F)c(C(O)(C(F)(F)F)C(F)(F)F)c1,tg,196.0,186.85400390625,181.21097690128465,184.234493863443
*Oc1ccc(S(=O)(=O)c2ccc(Oc3c(C)cc(C(c4cc(C)c(*)c(C)c4)(C(F)(F)F)C(F)(F)F)cc3C)cc2C(OC)(C(F)(F)F)C(F)(F)F)c(C(OC)(C(F)(F)F)C(F)(F)F)c1,tg,163.0,201.93426513671875,180.23302611039756,191.8604849615072
*Oc1ccc(S(=O)(=O)c2ccc(Oc3c(C)cc(Cc4cc(C)c(*)c(C)c4)cc3C)cc2)cc1,tg,232.0,205.58477783203125,212.60503445648015,208.84360199052722
*Oc1ccc(S(=O)(=O)c2ccc(Oc3cc(C)c(C(c4cc(C(C)C)c(*)cc4C)c4ccccc4C(=O)O)cc3C(C)C)cc2)cc1,tg,240.0,225.70248413085935,234.01742905454736,229.56230647688434
*Oc1ccc(S(=O)(=O)c2ccc(Oc3ccc(-c4ccc(*)cc4)cc3)cc2)cc1,tg,217.39,218.4432373046875,216.6373883636167,217.60495681572917
*Oc1ccc(S(=O)(=O)c2ccc(Oc3ccc(-c4ccc(-c5ccc(*)c(C(F)(F)F)c5)cc4)cc3C(F)(F)F)cc2)cc1,tg,214.0,202.16371154785156,214.59956153315815,207.93647037014463
*Oc1ccc(S(=O)(=O)c2ccc(Oc3ccc(-c4ccc(-c5ccc(*)cc5)cc4)cc3)cc2)cc1,tg,251.0,222.28602600097656,214.69298926286825,218.76131559761046
*Oc1ccc(S(=O)(=O)c2ccc(Oc3ccc(C(=C)c4ccc(*)cc4)cc3)cc2)cc1,tg,167.0,198.68673706054688,201.7871427314856,200.12595466213793
*Oc1ccc(S(=O)(=O)c2ccc(Oc3ccc(C(=O)c4cc(Br)cc(C(=O)c5ccc(*)cc5)c4)cc3)cc2)cc1,tg,192.0,179.92788696289062,204.33056184420377,191.25568175577524
*Oc1ccc(S(=O)(=O)c2ccc(Oc3ccc(C(=O)c4cc(I)cc(C(=O)c5ccc(*)cc5)c4)cc3)cc2)cc1,tg,203.0,200.27964782714844,203.92670256734408,201.9726215645066
*Oc1ccc(S(=O)(=O)c2ccc(Oc3ccc(C(=O)c4ccc(*)cc4)cc3)cc2)cc1,tg,201.67,205.0382080078125,186.886225354009,196.61200327466884
*Oc1ccc(S(=O)(=O)c2ccc(Oc3ccc(C(C)(C)c4ccc(*)c(C(OC)(C(F)(F)F)C(F)(F)F)c4)cc3C(OC)(C(F)(F)F)C(F)(F)F)cc2)cc1,tg,163.0,167.444580078125,147.06938478927327,157.9863533788132
*Oc1ccc(S(=O)(=O)c2ccc(Oc3ccc(C(C)(C)c4ccc(*)c(C)c4)cc3C)cc2)cc1,tg,178.67,183.2412109375,201.2786246103271,191.61423240641372
*Oc1ccc(S(=O)(=O)c2ccc(Oc3ccc(C(C)(C)c4ccc(*)c(N)c4)cc3N)cc2)c(N)c1,tg,237.1,206.3369140625,230.40384056065145,217.5088534499835
*Oc1ccc(S(=O)(=O)c2ccc(Oc3ccc(C(C)(C)c4ccc(*)c(N)c4)cc3N)cc2)cc1,tg,230.4,212.60519409179688,218.65675057820124,215.41434474388512
*Oc1ccc(S(=O)(=O)c2ccc(Oc3ccc(C(C)(C)c4ccc(*)cc4)cc3)c([N+](=O)[O-])c2)cc1[N+](=O)[O-],tg,206.0,185.0259704589844,181.50079708962824,183.3895744191393
*Oc1ccc(S(=O)(=O)c2ccc(Oc3ccc(C(C)(C)c4ccc(*)cc4)cc3)cc2)c(N)c1,tg,202.0,207.9718017578125,198.79774776703033,203.71317840886132
*Oc1ccc(S(=O)(=O)c2ccc(Oc3ccc(C(C)(C)c4ccc(*)cc4)cc3)cc2)cc1,tg,183.86,188.87060546875,188.06643951839317,188.49730922522866
*Oc1ccc(S(=O)(=O)c2ccc(Oc3ccc(C(C)(C)c4ccc(*)cc4)cc3)cc2N)c(N)c1,tg,210.5,210.200439453125,208.97350302468175,209.63089188701113
*Oc1ccc(S(=O)(=O)c2ccc(Oc3ccc(C(C)(C)c4ccc(OCCCCOc5ccc(C(C)(C)c6ccc(*)cc6)cc5)cc4)cc3)cc2)cc1,tg,140.0,107.47310638427734,149.20741744179873,126.84629861756162
*Oc1ccc(S(=O)(=O)c2ccc(Oc3ccc(C(C)(C)c4ccc(Oc5ccc(C(=O)c6ccc(*)cc6)cc5)cc4)cc3)cc2)cc1,tg,175.0,188.12408447265625,184.15484659460716,186.28155235741195
*Oc1ccc(S(=O)(=O)c2ccc(Oc3ccc(C(C)(c4ccc(*)cc4)c4ccc(O)cc4)cc3)cc2)cc1,tg,219.29,226.89236450195312,210.70996960959332,219.38044830876356
*Oc1ccc(S(=O)(=O)c2ccc(Oc3ccc(C(C)(c4ccccc4)c4ccc(*)cc4)cc3)cc2)cc1,tg,207.0,204.69773864746097,208.12625431424607,206.28926589217593
*Oc1ccc(S(=O)(=O)c2ccc(Oc3ccc(C(c4ccc(*)c([Si](C)(C)C)c4)(C(F)(F)F)C(F)(F)F)cc3[Si](C)(C)C)cc2[Si](C)(C)C)c([Si](C)(C)C)c1,tg,148.9,203.17572021484375,166.19676665920892,186.00997918148613
*Oc1ccc(S(=O)(=O)c2ccc(Oc3ccc(C(c4ccc(*)cc4)(C(F)(F)F)C(F)(F)F)cc3)cc2C(O)(C(F)(F)F)C(F)(F)F)c(C(O)(C(F)(F)F)C(F)(F)F)c1,tg,148.0,171.25157165527344,181.37973809615187,175.95309686218047
*Oc1ccc(S(=O)(=O)c2ccc(Oc3ccc(C(c4ccc(*)cc4)(C(F)(F)F)C(F)(F)F)cc3)cc2[Si](C)(C)C)c([Si](C)(C)C)c1,tg,172.0,171.4759063720703,160.53411440252415,166.3966937570481
*Oc1ccc(S(=O)(=O)c2ccc(Oc3ccc(C(c4ccc(*)cc4)c4ccccc4C(=O)O)cc3)cc2)cc1,tg,223.0,229.0972442626953,230.04305484507097,229.53629236878203
*Oc1ccc(S(=O)(=O)c2ccc(Oc3ccc(C(c4ccccc4)(c4ccccc4)c4ccc(*)cc4)cc3)cc2)cc1,tg,230.0,223.22418212890625,220.86496613078145,222.12902699411762
*Oc1ccc(S(=O)(=O)c2ccc(Oc3ccc(C4(c5ccc(*)cc5)CC5CCC4C5)cc3)cc2)cc1,tg,250.0,237.18450927734375,253.00540624892145,244.52861705262046
*Oc1ccc(S(=O)(=O)c2ccc(Oc3ccc(C4(c5ccc(*)cc5)CCCCC4)cc3)cc2)cc1,tg,226.0,219.24630737304688,232.4288596748372,225.36568764785034
*Oc1ccc(S(=O)(=O)c2ccc(Oc3ccc(C4(c5ccc(*)cc5)CCCCCC4)cc3)cc2)cc1,tg,247.0,219.2392578125,224.82751662106443,221.83334429444642
*Oc1ccc(S(=O)(=O)c2ccc(Oc3ccc(C4(c5ccc(*)cc5)c5ccccc5-c5ccccc54)cc3)cc2)cc1,egc,4.0393,3.93785548210144,3.488392681456008,3.735023861537642
*Oc1ccc(S(=O)(=O)c2ccc(Oc3ccc(C4(c5ccc(Oc6ccc(S(=O)(=O)c7ccc(Oc8ccc(C=C9CCC(=Cc%10ccc(*)cc%10)C9=O)cc8)cc7)cc6)cc5)CCCC4)cc3)cc2)cc1,tg,240.0,201.72906494140625,202.00449629513625,201.856921001029
*Oc1ccc(S(=O)(=O)c2ccc(Oc3ccc(C4(c5ccc(Oc6ccc(S(=O)(=O)c7ccc(Oc8ccc(C=C9CCCC(=Cc%10ccc(*)cc%10)C9=O)cc8)cc7)cc6)cc5)CCCCC4)cc3)cc2)cc1,tg,190.0,202.19866943359375,200.72304919634615,201.51368209835007
*Oc1ccc(S(=O)(=O)c2ccc(Oc3ccc(C4(c5ccc(Oc6ccc(S(=O)(=O)c7ccc(Oc8ccc(C=C9CCCCC(=Cc%10ccc(*)cc%10)C9=O)cc8)cc7)cc6)cc5)CCCCCC4)cc3)cc2)cc1,tg,196.0,206.0178985595703,209.34670856493813,207.56314213752674
*Oc1ccc(S(=O)(=O)c2ccc(Oc3ccc(C45CC6CC(CC(c7ccc(*)cc7)(C6)C4)C5)cc3)cc2)cc1,tg,242.0,237.87451171875,241.04790342488496,239.34760965655298
*Oc1ccc(S(=O)(=O)c2ccc(Oc3ccc(C4CCCC(C(C)c5ccc(*)cc5)C4)cc3)cc2)cc1,tg,230.0,186.4651336669922,220.45904406286783,202.2452087220865
*Oc1ccc(S(=O)(=O)c2ccc(Oc3ccc(C=C4CCCC(=Cc5ccc(Oc6ccc(S(=O)(=O)c7ccc(Oc8ccc(C(C)(C)c9ccc(*)cc9)cc8)cc7)cc6)cc5)C4=O)cc3)cc2)cc1,tg,194.0,185.26968383789065,196.72656463499027,190.58800222992346
*Oc1ccc(S(=O)(=O)c2ccc(Oc3ccc(C=C4CCCCC(=Cc5ccc(*)cc5)C4=O)cc3)cc2)cc1,tg,186.0,199.490478515625,199.2700537562012,199.3881566818847
*Oc1ccc(S(=O)(=O)c2ccc(Oc3ccc(C=NN=Cc4ccc(*)cc4)cc3)cc2)cc1,tg,151.0,180.65774536132812,192.6630826307193,186.2306588910319
*Oc1ccc(S(=O)(=O)c2ccc(Oc3ccc(C=Nc4ccc(Oc5ccc(N=Cc6ccc(*)cc6)cc5)cc4)cc3)cc2)cc1,tg,162.0,165.35098266601562,184.04755995921727,174.02998986243068
*Oc1ccc(S(=O)(=O)c2ccc(Oc3ccc(NC(=O)c4cc(NC(=O)c5ccc(OC(C)=O)cc5)cc(C(=O)Nc5ccc(*)cc5)c4)cc3)cc2)cc1,tg,263.0,238.62130737304688,248.68262749682685,243.29180231927825
*Oc1ccc(S(=O)(=O)c2ccc(Oc3ccc(NC(=O)c4ccc(Oc5ccc(C(C)(C)c6ccc(C(C)(C)c7ccc(Oc8ccc(C(=O)Nc9ccc(*)cc9)cc8)cc7)cc6)cc5)cc4)cc3)cc2)cc1,tg,177.0,183.50408935546875,187.16899515233368,185.20534960681647
*Oc1ccc(S(=O)(=O)c2ccc(Oc3ccc(NC(=O)c4cccc(C(=O)Nc5ccc(*)cc5)c4)cc3)cc2)cc1,tg,260.0,230.4161071777344,220.95980640706523,226.02646402791865
*Oc1ccc(S(=O)(=O)c2ccc(Oc3ccc(P(C)(=O)c4ccc(*)cc4)cc3)cc2)cc1,tg,233.0,214.66180419921875,191.83376682801295,204.06496085630548
*Oc1ccc(S(=O)(=O)c2ccc(Oc3ccc(S(=O)(=O)c4ccc(-c5ccc(S(=O)(=O)c6ccc(*)cc6)cc5)cc4)cc3)cc2)cc1,tg,234.0,254.14810180664065,247.2715263704012,250.95597488619546
*Oc1ccc(S(=O)(=O)c2ccc(Oc3ccc(Sc4ccc(*)cc4)cc3)cc2)cc1,tg,175.0,180.2576141357422,181.27863780159123,180.73157638052356
*Oc1ccc(S(=O)(=O)c2ccc(Oc3ccc4c(=O)n5c6cc(Oc7ccc8c(c7)nc7c9ccc(*)c%10cccc(c(=O)n87)c%109)ccc6nc5c5cccc3c45)cc2)cc1,tg,374.0,349.4954833984375,343.57935303481577,346.74919795829584
*Oc1ccc(S(=O)(=O)c2ccc3cc(S(=O)(=O)c4ccc(Oc5c(C)cc(-c6cc(C)c(*)c(C)c6)cc5C)cc4)ccc3c2)cc1,tg,280.0,308.40277099609375,270.3400735572584,290.7339528051439
*Oc1ccc(S(=O)(=O)c2ccc3cc(S(=O)(=O)c4ccc(Oc5c(C)cc(-c6cc(C)c(*)c(C)c6C)c(C)c5C)cc4)ccc3c2)cc1,egc,3.4715,3.5750222206115723,3.4667268302721883,3.526151147208872
*Oc1ccc(S(=O)(=O)c2ccc3cc(S(=O)(=O)c4ccc(Oc5c(C)cc(-c6cc(C)c(*)c(C)c6C)c(C)c5C)cc4)ccc3c2)cc1,tg,300.0,256.08526611328125,280.4764017783611,267.40770436741764
*Oc1ccc(S(=O)(=O)c2ccc3ccc(S(=O)(=O)c4ccc(*)cc4)cc3c2)cc1,tg,250.0,279.1309509277344,215.63584478278045,249.6563324172344
*Oc1ccc(S(=O)(=O)c2cccc3c(S(=O)(=O)c4ccc(Oc5c(C)cc(-c6cc(C)c(*)c(C)c6)cc5C)cc4)cccc23)cc1,tg,262.0,273.9056091308594,280.6916725929929,277.0557201217412
*Oc1ccc(S(=O)(=O)c2cccc3c(S(=O)(=O)c4ccc(Oc5ccc(-c6ccc(*)cc6)cc5)cc4)cccc23)cc1,egc,3.4062,3.6798095703125,3.7196302371013408,3.697779667871437
*Oc1ccc(S(=O)(=O)c2cccc3c(S(=O)(=O)c4ccc(Oc5ccc(-c6ccc(*)cc6)cc5)cc4)cccc23)cc1,tg,248.0,248.1842803955078,249.41748327341008,248.75673686623549
*Oc1ccc(S(=O)c2ccc(OC(*)=O)cc2)cc1,egc,4.6592,4.352170944213867,4.414568097777617,4.380329260670155
*Oc1ccc(S(=O)c2ccc(Oc3ccc(C(C)(C)c4ccc(*)cc4)cc3)cc2)cc1,tg,165.0,158.8786163330078,163.41795735487108,160.9857920356996
*Oc1ccc(S(=O)c2ccc(Oc3ccc(C=NN=Cc4ccc(*)cc4)cc3)cc2)cc1,tg,151.0,167.46533203125,159.71938975487433,163.86964241889916
*Oc1ccc(SC(=O)Oc2ccc(C(C)(C)c3ccc(OC(=O)Sc4ccc(*)cc4)cc3)cc2)cc1,tg,145.0,78.93356323242188,115.72402824959052,96.011807321492
*Oc1ccc(SSCCSSc2ccc(*)cc2)cc1,egc,4.0205,3.891887903213501,3.9145897772209706,3.9021327063165785
*Oc1ccc(Sc2ccc(*)cc2)cc1,egc,4.5667,4.189760684967041,4.2923144145341725,4.23604068663368
*Oc1ccc(Sc2ccc(OC(*)=O)cc2)cc1,egc,4.473,4.715071201324463,4.436883502250205,4.5895318647139165
*Oc1ccc(Sc2ccc(OC(*)=O)cc2)cc1,tg,110.0,104.86868286132812,123.1725342408225,113.36538551195216
*Oc1ccc(Sc2ccc(Oc3ccc4c(=O)n5c6cc(-c7ccc8c(c7)nc7c9ccc(*)c%10cccc(c(=O)n87)c%109)ccc6nc5c5cccc3c45)cc2)cc1,tg,386.0,357.60772705078125,364.1489075329594,360.6441626286727
*Oc1ccc(Sc2ccc(Oc3ccc4c(=O)n5c6cc(Oc7ccc8c(c7)nc7c9ccc(*)c%10cccc(c(=O)n87)c%109)ccc6nc5c5cccc3c45)cc2)cc1,tg,346.0,318.55560302734375,360.5713686666727,338.05944732077063
*Oc1ccc(Sc2ccc(Sc3ccc(Sc4ccc(*)cc4)cc3)cc2)cc1,tg,84.0,113.77639770507812,145.32321315833823,128.42052395605663
*Oc1ccc([Si](c2ccccc2)(c2ccccc2)c2ccc(OC(=O)c3ccc4c(c3)Cc3cc(C(*)=O)ccc3-4)cc2)cc1,tg,72.1,129.10227966308594,217.02627341988637,169.91686099452016
*Oc1ccc2c(c1)C(=O)N(Oc1ccc(C(N3C(=O)CC(*)C3=O)(C(F)(F)F)C(F)(F)F)cc1)C2=O,egc,3.5205,4.059621810913086,3.453972456179401,3.7863070005713944
*Oc1ccc2c(c1)C(C)(c1ccc(OC(*)=O)cc1)CC2(C)C,tg,201.7,200.7984619140625,184.884079369873,193.4109578558868
*Oc1ccc2c(c1)C(C)(c1ccc(OC(=O)c3ccc(C(*)=O)cc3)cc1)CC2(C)C,tg,252.5,254.3670654296875,228.26024959456967,242.2482033002613
*Oc1ccc2c(c1)C1(CC2(C)C)CC(C)(C)c2ccc(OC(=O)c3ccc(C(*)=O)cc3)cc21,tg,290.0,263.26361083984375,263.5136116330031,263.379661957057
*Oc1ccc2cc(OC(=O)c3ccc(-c4ccc(C(*)=O)cc4)cc3-c3ccccc3)ccc2c1,tg,125.0,200.25314331054688,192.55809126421445,196.68107709545455
*Oc1ccc2cc(Oc3ccc(C(=O)c4ccc(*)cc4)cc3)ccc2c1,tg,247.0,151.30538940429688,181.57926014455552,165.35861090562392
*Oc1ccc2cc(Oc3ccc(S(=O)(=O)c4ccc(*)cc4)cc3)ccc2c1,tg,231.0,201.90858459472656,242.6555406650256,220.82344368472292
*Oc1ccc2cc(Oc3ccc(S(=O)(=O)c4ccc(Oc5ccc(C(=O)c6ccc(*)cc6)cc5)cc4)cc3)ccc2c1,tg,199.0,189.5626220703125,193.6010019959048,191.4372501311832
*Oc1ccc2cc(Oc3ccc4c(=O)n5c6cc(-c7ccc8c(c7)nc7c9ccc(*)c%10cccc(c(=O)n87)c%109)ccc6nc5c5cccc3c45)ccc2c1,tg,413.0,390.3463745117187,372.78841868868534,382.19591881318536
*Oc1ccc2ccc(OC(=O)c3ccc(Oc4ccc(C(*)=O)cc4)cc3)cc2c1,tg,142.0,141.338623046875,147.70784645943746,144.29523563784934
*Oc1ccc2ccc(Oc3ccc(C(=O)Nc4ccc(C(C)(C)c5ccc(C(C)(C)c6ccc(NC(=O)c7ccc(*)cc7)cc6)cc5)cc4)cc3)cc2c1,tg,155.0,214.49224853515625,210.0241117004461,212.41812602947618
*Oc1ccc2ccc(Oc3ccc(C(=O)Nc4ccc(Oc5ccc(C(C)(C)c6ccc(C(C)(C)c7ccc(Oc8ccc(NC(=O)c9ccc(*)cc9)cc8)cc7)cc6)cc5)cc4)cc3)cc2c1,tg,166.0,178.72354125976562,161.72280662997872,170.83174930863055
*Oc1ccc2ccc(Oc3ccc(C(=O)Nc4ccc(Oc5ccc(C(C)(C)c6ccc(Oc7ccc(NC(=O)c8ccc(*)cc8)cc7)cc6)cc5)cc4)cc3)cc2c1,tg,143.0,171.45233154296875,175.38803540535943,173.27929706767299
*Oc1ccc2ccc(Oc3ccc(C(=O)Nc4ccc(Oc5ccc(C(C)(c6ccccc6)c6ccc(Oc7ccc(NC(=O)c8ccc(*)cc8)cc7)cc6)cc5)cc4)cc3)cc2c1,tg,177.0,204.80320739746097,171.166220550305,189.1888173230628
*Oc1ccc2ccc(Oc3ccc(C(=O)Nc4ccc(Oc5ccc(C(c6ccc(Oc7ccc(NC(=O)c8ccc(*)cc8)cc7)cc6)(C(F)(F)F)C(F)(F)F)cc5)cc4)cc3)cc2c1,tg,163.0,209.052001953125,195.88881722214688,202.94161216271985
*Oc1ccc2ccc(Oc3ccc(C(=O)Nc4ccc(Oc5ccc(S(=O)(=O)c6ccc(Oc7ccc(NC(=O)c8ccc(*)cc8)cc7)cc6)cc5)cc4)cc3)cc2c1,tg,227.0,198.8000030517578,206.980048655899,202.59720472947663
*Oc1ccc2ccc(Oc3ccc(C(=O)Nc4cccc(Oc5ccc(NC(=O)c6ccc(*)cc6)cc5)c4)cc3)cc2c1,tg,164.0,218.0303955078125,189.51903725417125,204.79533758344593
*Oc1ccc2ccccc2c1N=Nc1ccc(C(*)=O)cc1,egc,2.8394,3.185723304748535,3.283807740634418,3.2299864229737825
*Oc1ccc2nc3oc4cc5oc6c7c(cn6ccc5on4cnc3c12)nc1c(*)ccccc17,egc,1.4158,2.6628494262695312,2.508436191095209,2.5931664921492192
*Oc1cccc(*)c1,egc,4.9932,5.035555839538574,4.439279190828849,4.7664707032637414
*Oc1cccc(C(=O)Nc2ccc(-c3ccc(NC(=O)c4cccc(Oc5nc(*)nc(Sc6ccccc6)n5)c4)cc3)cc2)c1,tg,279.0,165.3337860107422,185.5535174545006,174.71984592737564
*Oc1cccc(C(=O)Nc2ccc(S(=O)(=O)c3ccc(NC(=O)c4cccc(Oc5nc(*)nc(Sc6ccccc6)n5)c4)cc3)cc2)c1,egc,3.9202,3.722221136093139,3.6429947960263647,3.686468217444463
*Oc1cccc(C(=O)OCC(F)(F)C(F)(F)C(F)(F)COC(=O)c2cccc(*)c2)c1,egc,4.5011,4.674031734466553,4.6701730647789725,4.672290410768955
*Oc1cccc(C(=O)OCC(F)(F)C(F)(F)C(F)(F)COC(=O)c2cccc(*)c2)c1,tg,20.0,29.395828247070312,44.90050050047239,36.59314356072741
*Oc1cccc(C(=O)c2ccc(*)cc2)c1,tg,132.67,141.3647918701172,131.28585389205983,136.68611866314535
*Oc1cccc(C(=O)c2ccc(Oc3ccc(C(=O)c4ccc(*)cc4)cc3)cc2)c1,tg,146.0,149.29385375976562,132.39254982864566,141.44821783685657
*Oc1cccc(C(=O)c2cccc(Oc3cccc(*)c3)c2)c1,egc,3.6547,4.36848783493042,4.089237816949345,4.242469099657479
*Oc1cccc(C(F)(F)C(F)(F)C(F)(F)c2cccc(OC(=O)c3cccc(C(F)(F)C(F)(F)C(F)(F)c4cccc(C(*)=O)c4)c3)c2)c1,tg,74.0,62.30896759033203,111.79597449616458,85.28098446429404
*Oc1cccc(N(c2ccccc2)c2ccc(-c3ccc(N(c4ccccc4)c4cccc(OC(=O)OCCOCCOC(*)=O)c4)cc3)cc2)c1,tg,113.0,76.83358001708984,128.3927206817933,100.76748759025028
*Oc1cccc(NC(=O)CCCCCCC(=O)Nc2ccc(*)cc2)c1,tg,140.0,128.68264770507812,135.23690722674957,131.7251546122885
*Oc1cccc(NC(=O)CCCCCCCC(=O)Nc2ccc(*)cc2)c1,tg,120.0,133.26165771484375,135.948188771122,134.50875348029757
*Oc1cccc(NC(=O)CCCCCCCCC(=O)Nc2ccc(*)cc2)c1,tg,125.0,117.93788146972656,122.77305723846224,120.18238454826852
*Oc1cccc(NC(=O)CCCCCCCCCC(=O)Nc2ccc(*)cc2)c1,tg,110.0,125.72528839111328,116.86001570048984,121.61000224683701
*Oc1cccc(NC(=O)c2cc(NC(=O)c3ccc(OC(C)=O)cc3)cc(C(=O)Nc3ccc(*)cc3)c2)c1,tg,251.0,257.4460754394531,235.5590715581189,247.28606266197346
*Oc1cccc(NC(=O)c2ccc(*)cc2)c1,egc,4.3679,4.335209846496582,4.008490476151938,4.187769348058391
*Oc1cccc(NC(=O)c2ccc(C(=O)Nc3ccc(*)cc3)cc2)c1,tg,280.0,211.07366943359375,242.8984620863025,225.84683353340523
*Oc1cccc(NC(=O)c2ccc(C(=O)Nc3ccc(Oc4ccc(C(=O)c5ccc(*)cc5)cc4)cc3)cc2)c1,tg,126.0,209.66036987304688,184.2107986861577,197.8466026785025
*Oc1cccc(NC(=O)c2ccc([Si](C)(C)c3ccc(C(*)=O)cc3)cc2)c1,tg,220.0,183.6954345703125,204.05992582545676,193.1486924251069
*Oc1cccc(NC(=O)c2cccc(C(=O)Nc3ccc(*)cc3)c2)c1,tg,236.75,240.5445251464844,216.3657550673758,229.32066763362548
*Oc1cccc(NC(=O)c2cccc(C(=O)Nc3ccc(Oc4ccc(C(=O)c5ccc(*)cc5)cc4)cc3)c2)c1,tg,114.0,191.09848022460935,191.40911411793184,191.24267740858144
*Oc1cccc(OC(=O)CCC(*)=O)c1,tg,38.2,67.3331298828125,86.26572047669077,76.12169516052232
*Oc1cccc(OC(=O)Oc2ccc(C(C)(C)c3ccc(OC(*)=O)cc3)cc2)c1,tg,83.1,81.38459777832031,100.20059681981836,90.11904090809469
*Oc1cccc(OC(=O)c2cc(OCCCCC)cc(C(*)=O)c2)c1,tg,96.0,95.41793060302734,73.54726916280121,85.26550403567376
*Oc1cccc(OC(=O)c2ccc(OC(=O)c3cccc(C(=O)Oc4ccc(C(*)=O)cc4)c3)cc2)c1,tg,156.75,129.55738830566406,107.23933368313064,119.19728048264642
*Oc1cccc(OC(=O)c2ccc(Oc3ccc(C(*)=O)cc3)cc2)c1,egc,4.2359,3.811214447021485,3.893174987090501,3.8482012435719675
*Oc1cccc(OC(=O)c2ccc(Oc3ccc(C(*)=O)cc3)cc2)c1,tg,159.0,125.81292724609376,139.11847328217723,131.98940158085827
*Oc1cccc(OC(=O)c2ccc([Si](C)(C)c3ccc(C(*)=O)cc3)cc2)c1,tg,134.0,156.25982666015625,143.72759248302452,150.44232600724075
*Oc1cccc(OC(=O)c2cccc(C(*)=O)c2)c1,egc,4.1279,4.110238075256348,4.235233704770884,4.16664556006136
*Oc1cccc(OC(=O)c2cccc(C(*)=O)c2)c1,tg,141.6,137.22962951660156,137.9535701761928,137.56568493978614
*Oc1cccc(Oc2ccc(C(=O)O)c(C(=O)Nc3ccc(Oc4ccc(-c5ccc(Oc6ccc(NC(=O)c7cc(*)ccc7C(=O)O)cc6)cc5)cc4)cc3)c2)c1,tg,100.0,206.42990112304688,216.4156565902584,211.06531872929952
*Oc1cccc(Oc2ccc(C(=O)Oc3cccc(OC(=O)c4ccc(*)cc4)c3)cc2)c1,tg,131.0,104.08401489257812,117.99581198613438,110.54191278461337
*Oc1cccc(Oc2ccc(C(=O)c3ccc(*)cc3)cc2)c1,tg,123.0,131.7238311767578,148.0112481093348,139.28449891567323
*Oc1cccc(Oc2ccc(C(=O)c3ccc(NC(=O)c4ccc(C(=O)Nc5ccc(C(=O)c6ccc(*)cc6)cc5)cc4)cc3)cc2)c1,tg,190.0,194.44302368164065,199.21171940127417,196.65666652220818
*Oc1cccc(Oc2ccc(C(=O)c3ccc(NC(=O)c4cccc(C(=O)Nc5ccc(C(=O)c6ccc(*)cc6)cc5)c4)cc3)cc2)c1,tg,214.0,195.5301513671875,170.48214250139725,183.90279060522016
*Oc1cccc(Oc2ccc(C(=O)c3ccc(P(=O)(c4ccccc4)c4ccc(C(=O)c5ccc(*)cc5)cc4)cc3)cc2)c1,tg,201.0,191.13705444335935,174.65817224405913,183.48750795398092
*Oc1cccc(Oc2ccc(NC(=O)c3cc(NC(=O)c4ccc(OC(C)=O)cc4)cc(C(=O)Nc4ccc(*)cc4)c3)cc2)c1,tg,230.0,238.9551696777344,232.10929644731385,235.7772948132174
*Oc1cccc(Oc2ccc(NC(=O)c3ccc(-c4ccc(C(=O)Nc5ccc(*)cc5)c(C)c4)cc3C)cc2)c1,tg,213.0,197.31781005859375,195.3699017008743,196.41358516280218
*Oc1cccc(Oc2ccc(Oc3ccc(S(=O)(=O)c4ccc(Oc5ccc(Oc6cccc(Oc7ccc(-c8ccc(*)cc8)cc7)c6)cc5)c(S(=O)(=O)[O][Na])c4)cc3S(=O)(=O)[O][Na])cc2)c1,tg,283.0,304.54559326171875,254.37778900273497,281.2575482166835
*Oc1cccc(Oc2ccc(Oc3cccc(OC(=O)c4ccc(C(*)=O)cc4)c3)cc2)c1,tg,103.0,115.57232666015624,124.94326559419854,119.92234458965675
*Oc1cccc(Oc2ccc(S(=O)(=O)c3ccc(*)cc3)cc2)c1,egc,4.2737,4.580888271331787,4.195788549381355,4.407102141379082
*Oc1cccc(Oc2ccc3c(=O)n4c5cc(-c6ccc7c(c6)nc6c8ccc(*)c9cccc(c(=O)n76)c98)ccc5nc4c4cccc2c34)c1,tg,396.5,401.8117980957031,387.38751220817306,395.11600137003495
*Oc1cccc(Oc2ccc3c(=O)n4c5cc(Oc6ccc7c(c6)nc6c8ccc(*)c9cccc(c(=O)n76)c98)ccc5nc4c4cccc2c34)c1,tg,369.5,363.3887023925781,369.9986538218174,366.4570616501403
*Oc1cccc(Oc2cccc(*)c2)c1C#N,tg,144.25,112.49864196777344,143.76429363010004,127.01225114460433
*Oc1cccc(Oc2cccc(*)n2)c1,egc,4.536,4.733842849731445,4.504540822554994,4.630364426814187
*Oc1cccc(Oc2cccc(*)n2)c1,tg,82.0,80.32759857177734,82.48896921160308,81.33091329847808
*Oc1cccc(Oc2cccc(NC(=O)c3cc(Oc4ccc(C(=O)O)c(C(=O)Nc5cccc(*)c5)c4)ccc3C(=O)O)c2)c1,tg,176.4,174.0740966796875,178.26361899421687,176.0188854903413
*Oc1cccc(Oc2cccc(NC(=O)c3cc(Oc4ccc(C(=O)O)c(C(=O)Nc5cccc(*)c5)c4)ccc3C(=O)O)c2)c1C#N,tg,200.1,175.8981475830078,181.5013298856155,178.49916159560146
*Oc1cccc(Oc2cccc(NC(=O)c3cccc(Oc4cccc(Oc5cccc(C(=O)Nc6cccc(*)c6)c5)c4)c3)c2)c1,tg,137.5,128.32432556152344,159.47450436244154,142.7843318901197
*Oc1cccc2c(OC(=O)Oc3ccc(OC(*)=O)cc3C)cccc12,egc,4.1043,4.188861846923828,3.9510794069947135,4.081556420171764
*Oc1cccc2c(OC(=O)Oc3cccc(OC(*)=O)c3)cccc12,egc,4.104,4.661784648895264,4.171297166355639,4.440439588065076
*Oc1cccc2c(OC3(F)C(*)(F)C(F)(F)C3(F)F)cccc12,tg,124.8,141.93179321289062,129.54633517933473,136.1824264855798
*Oc1cccc2cc(OC(=O)c3ccc(Oc4ccc(C(*)=O)cc4)cc3)ccc12,tg,179.0,140.45179748535156,173.27752359544095,155.68959789498098
*Oc1cccc2ccc(Oc3ccc(NC(=O)c4cc(C(=O)Nc5ccc(*)cc5)cc(C(C)(C)C)c4)cc3)cc12,tg,263.0,272.7279968261719,230.2906275391115,253.02844285629925
*Oc1cccc2ccc(Oc3ccc(NC(=O)c4ccc(C(c5ccc(C(=O)Nc6ccc(*)cc6)cc5)(C(F)(F)F)C(F)(F)F)cc4)cc3)cc12,tg,252.0,208.24029541015625,226.22136019304136,216.58715955553168
*Oc1cccc2ccc(Oc3ccc(NC(=O)c4ccc(Oc5ccc(C(=O)Nc6ccc(*)cc6)cc5)cc4)cc3)cc12,tg,236.0,221.89947509765625,228.23788357302337,224.84178330245973
*Oc1cccc2ccc(Oc3ccc(NC(=O)c4ccc(Oc5ccc(C(C)(C)c6cccc(C(C)(C)c7ccc(Oc8ccc(C(=O)Nc9ccc(*)cc9)cc8)cc7)c6)cc5)cc4)cc3)cc12,tg,175.5,179.11880493164062,172.0237243467776,175.82524726653998
*Oc1cccc2ccc(Oc3ccc(NC(=O)c4ccc(Oc5ccc(Oc6ccc(C(=O)Nc7ccc(*)cc7)cc6)cc5)cc4)cc3)cc12,tg,224.0,205.7045135498047,200.94229294708273,203.49387647790763
*Oc1cccc2ccc(Oc3ccc(NC(=O)c4ccc(Oc5ccc(S(=O)(=O)c6ccc(Oc7ccc(C(=O)Nc8ccc(*)cc8)cc7)cc6)cc5)cc4)cc3)cc12,tg,218.0,205.55072021484375,230.24206968408905,217.01251861634586
*Oc1cccc2ccc(Oc3ccc(NC(=O)c4ccc(Oc5cccc(Oc6ccc(C(=O)Nc7ccc(*)cc7)cc6)c5)cc4)cc3)cc12,tg,196.0,189.32101440429688,186.9190036881941,188.20599383320535
*Oc1cccc2ccc(Oc3ccc(NC(=O)c4ccc(Oc5ccccc5Oc5ccc(C(=O)Nc6ccc(*)cc6)cc5)cc4)cc3)cc12,tg,180.0,196.4817657470703,202.71778430045504,199.3765442433186
*Oc1cccc2ccc(Oc3ccc(NC(=O)c4ccc(S(=O)(=O)c5ccc(C(=O)Nc6ccc(*)cc6)cc5)cc4)cc3)cc12,tg,259.0,250.94384765625,255.7131343845232,253.15776484479875
*Oc1cccc2ccc(Oc3ccc(NC(=O)c4cccc(C(=O)Nc5ccc(*)cc5)c4)cc3)cc12,tg,256.0,213.4623565673828,215.17664838218332,214.25813596401167
*Oc1ccccc1C(=O)OC(=O)c1ccccc1OC(=O)CCCCC(*)=O,tg,60.0,39.273590087890625,54.32439420845056,46.26021845444576
*Oc1ccccc1C(=O)OC(=O)c1ccccc1OC(=O)CCCCCC(*)=O,tg,40.0,31.12195587158203,36.39707792018114,33.57068333136189
*Oc1ccccc1C(=O)OC(=O)c1ccccc1OC(=O)CCCCCCC(*)=O,tg,28.0,31.01612091064453,35.50757978255543,33.10106957586847
*Oc1ccccc1C(=O)OC(=O)c1ccccc1OC(=O)CCCCCCCCC(*)=O,tg,28.0,24.014892578125,40.125489324331625,31.493479856755442
*Oc1ccccc1C(=O)OC(=O)c1ccccc1OC(=O)c1ccc(C(*)=O)cc1,tg,120.0,115.21185302734376,116.26751887208268,115.7018962753574
*Oc1ccccc1CNC(=O)Nc1ccc(Cc2ccc(NC(*)=O)cc2)cc1,egc,4.6144,4.531091690063477,4.047526484880963,4.3128704844941
*Oc1ccccc1Oc1ccc(S(=O)(=O)c2ccc(*)cc2)cc1,tg,171.0,221.72674560546875,201.33027023823595,212.25864063001512
*SC(C)C(*)=O,tg,12.0,59.34049224853515,79.2128385935237,68.56529496151737
*SC1CCCC(*)C1,egb,5.2199,6.158085823059082,5.184031848015841,5.932133240491809
*SC1CCCC(*)C1,egc,4.9242,5.386425971984863,4.921202205515021,5.176481811217014
*SC1CCCCC1*,tg,-45.0,95.34909057617188,109.0369756876894,101.70304785528091
*SCC(=O)NN=Cc1ccc(OCCCCCCCCCCOc2ccc(C=NNC(=O)CSc3nnc(*)s3)cc2OC)c(OC)c1,tg,156.0,116.5166244506836,79.76473918915453,99.45628919977037
*Sc1c(C)cc(*)cc1C,tg,198.0,153.4691162109375,173.15273322105915,162.60631020122156
*Sc1ccc(*)cc1,egb,3.1848,3.0286874771118164,3.059031394279241,3.0357263955135227
*Sc1ccc(*)cc1,ei,6.1739,5.244576454162598,5.340405172981721,5.284537500499509
*Sc1ccc(*)cc1,tg,93.49,211.05386352539065,167.1799873966098,190.68747877566588
*Sc1ccc(C(=O)CNCCCCCCCCNCC(=O)c2ccc(*)cc2)cc1,tg,231.0,80.76780700683594,93.69781282389609,86.76995444677183
*Sc1ccc(C(=O)c2ccc(C(C)(C)c3ccc(C(=O)c4ccc(*)cc4)cc3)cc2)cc1,tg,175.0,159.09664916992188,171.91012955645547,165.0447051558849
*Sc1ccc(C(=O)c2ccc(C(c3ccc(C(=O)c4ccc(*)cc4)cc3)(C(F)(F)F)C(F)(F)F)cc2)cc1,tg,175.0,181.83984375,163.43323711476936,173.29544180179764
*Sc1ccc(Cc2ccc(SC(*)=O)cc2)cc1,tg,117.0,107.5512466430664,119.48614159721366,113.09146063898139
*Sc1ccc(Nc2ccc(*)cc2)cc1,tg,145.0,163.4483184814453,130.47415784012907,148.14161431769492
*Sc1ccc(Nc2ccc(Nc3ccc(*)cc3)cc2)cc1,tg,114.0,186.2076416015625,162.57097645002423,175.23543082028507
*Sc1ccc(P(=O)(c2ccccc2)c2ccc(Sc3ccc(-c4ccc(*)cc4)cc3)cc2)cc1,tg,232.0,204.37628173828125,208.9320604972565,206.4910878877896
*Sc1ccc(Sc2ccc(Sc3ccc4c(c3)C(=O)N(N3C(=O)c5cccc(*)c5C3=O)C4=O)cc2)cc1,tg,242.0,205.24652099609375,246.97008817302225,224.61472588781703
*Sc1ccc(Sc2ccc(Sc3ccc4c(c3)Sc3ccc(*)cc3S4)cc2)cc1,tg,151.2,148.04664611816406,212.15896884646835,177.807778415901
*Sc1ccc2c(c1)Sc1ccc(*)cc1S2,tg,209.9,172.54928588867188,202.82867349071128,186.60506833376667
*[O][Ca][O]C(=O)c1ccccc1C(=O)OCCCCCOC(=O)NCCCCCCNC(=O)OCCCCCOC(=O)c1ccccc1C(*)=O,tg,-2.4,19.28721618652344,16.599350028033207,18.03950066262273
*c1[nH]c(*)c(C(=O)O)c1C,egc,3.2017,4.029313564300537,3.0872394903203166,3.6041784678205806
*c1[nH]c(*)c(CC(=O)OC)c1CC(=O)OC,egc,3.2776,3.1529183387756348,3.338254511097164,3.236556041666919
*c1[nH]c(*)c(OC)c1OC,egc,2.5591,3.960742473602295,4.151618303683214,4.046880089187338
*c1[nH]c(*)c2c1CCCC2,egc,2.7316,2.7643625736236572,3.074801869418153,2.9044562707266453
*c1[nH]c(*)c2c1CCCCC2,egc,3.1158,2.9008681774139404,2.978773246772171,2.936024838755822
*c1c(C)cc(-c2cc(C)c(N3C(=O)c4ccc(-c5ccc6c(c5)C(=O)N(*)C6=O)cc4C3=O)c(C)c2)cc1C,egc,2.8885,3.3369507789611816,3.0375683682248784,3.2018467849248777
*c1c(C)cc(-c2cc(C)c(N3C(=O)c4ccc(-c5ccc6c(c5)C(=O)N(*)C6=O)cc4C3=O)c(C)c2)cc1C,tg,285.0,361.9199523925781,368.2382043465814,364.8529038797734
*c1c(C)cc(-c2cc(C)c(N3C(=O)c4ccc(S(=O)(=O)c5ccc6c(c5)C(=O)N(*)C6=O)cc4C3=O)c(C)c2)cc1C,egc,2.7305,3.4430923461914062,2.937094976991829,3.2147480510720152
*c1c(C)cc(-c2cc(C)c(N3C(=O)c4cccc(Oc5c(C)cc(Cc6cc(C)c(Oc7cccc8c7C(=O)N(*)C8=O)c(C)c6)cc5C)c4C3=O)c(C)c2)cc1C,tg,276.0,308.4235534667969,289.9471514403152,299.84675228886147
*c1c(C)cc(-c2cc(C)c(N3C(=O)c4cccc(Oc5ccc(C(C)(C)c6ccc(Oc7cccc8c7C(=O)N(*)C8=O)cc6)cc5)c4C3=O)c(C)c2)cc1C,tg,265.0,305.880859375,255.77776776858065,282.6228541371711
*c1c(C)cc(C(C)(C)c2cc(C)c(S(*)(=O)=O)c(C)c2)cc1C,tg,229.0,204.36691284179688,198.9296293630679,201.84290956029804
*c1c(C)cc(C(c2cc(C)c(N3C(=O)c4ccc(-c5ccc6c(c5)C(=O)N(*)C6=O)cc4C3=O)c(C)c2)c2cccc3ccccc23)cc1C,tg,311.67,292.91070556640625,320.8861005943944,305.89696775562254
*c1c(C)cc(C(c2cccc(C(F)(F)F)c2)c2cc(C)c(N3C(=O)c4ccc(-c5ccc6c(c5)C(=O)N(*)C6=O)cc4C3=O)c(C)c2)cc1C,tg,312.9,292.7266845703125,281.8180411553281,287.6628596136344
*c1c(C)cc(C(c2cccc(C(F)(F)F)c2)c2cc(C)c(N3C(=O)c4ccc(Oc5ccc6c(c5)C(=O)N(*)C6=O)cc4C3=O)c(C)c2)cc1C,tg,264.1,248.44285583496097,288.4861533966114,267.0310745370078
*c1c(C)cc(C)c(N2C(=O)c3ccc(-c4ccc5c(c4)C(=O)N(*)C5=O)cc3C2=O)c1C,tg,385.0,368.4865112304687,379.2711080754731,373.49275339770554
*c1c(C)cc(C)c(N2C(=O)c3ccc(Oc4ccc(Oc5ccc6c(c5)C(=O)N(*)C6=O)cc4)cc3C2=O)c1C,tg,345.0,309.0978088378906,290.13749257866755,300.29637322325874
*c1c(C)cc(C)c(N2C(=O)c3ccc(S(=O)(=O)c4ccc5c(c4)C(=O)N(*)C5=O)cc3C2=O)c1C,tg,418.0,357.318115234375,346.99469349615396,352.5259519334361
*c1c(C)cc(C)c(N2C(=O)c3ccc(Sc4ccc5c(c4)C(=O)N(*)C5=O)cc3C2=O)c1C,tg,378.0,341.48931884765625,331.74399264153203,336.9655092247517
*c1c(C)cc(C)c(N2C(=O)c3cccc(Oc4c(C)cc(Cc5cc(C)c(Oc6cccc7c6C(=O)N(*)C7=O)c(C)c5)cc4C)c3C2=O)c1C,tg,287.0,300.3197021484375,291.1665278745174,296.0707712266115
*c1c(C)cc(Cc2cc(C)c(N3C(=O)c4ccc(Oc5c(C)cc(-c6cc(C)c(Oc7ccc8c(c7)C(=O)N(*)C8=O)c(C)c6)cc5C)cc4C3=O)c(C)c2)cc1C,tg,420.0,290.4583740234375,302.875588034222,296.2224819705221
*c1c(C)cc(Cc2cc(C)c(N3C(=O)c4ccc(Oc5c(C)cc(Cc6cc(C)c(Oc7ccc8c(c7)C(=O)N(*)C8=O)c(C)c6)cc5C)cc4C3=O)c(C)c2)cc1C,tg,264.0,318.1849365234375,293.65702496045884,306.7990064877015
*c1c(C)cc(Cc2cc(C)c(N3C(=O)c4ccc(Oc5ccc(C(C)(C)c6ccc(Oc7ccc8c(c7)C(=O)N(*)C8=O)cc6)cc5)cc4C3=O)c(C)c2)cc1C,tg,249.0,248.7606201171875,259.71286659587014,253.8446857466737
*c1c(C)cc(Cc2cc(C)c(N3C(=O)c4ccc(Oc5cccc6c(Oc7ccc8c(c7)C(=O)N(*)C8=O)cccc56)cc4C3=O)c(C)c2)cc1C,egc,3.4317,3.0283310413360596,2.7393146547991636,2.897904981678641
*c1c(C)cc(Cc2cc(C)c(N3C(=O)c4ccc(Oc5cccc6c(Oc7ccc8c(c7)C(=O)N(*)C8=O)cccc56)cc4C3=O)c(C)c2)cc1C,tg,281.0,258.771240234375,269.23078140535915,263.62659058383065
*c1c(C)cc(Cc2cc(C)c(N3C(=O)c4cccc(Oc5c(C)cc(Cc6cc(C)c(Oc7cccc8c7C(=O)N(*)C8=O)c(C)c6)cc5C)c4C3=O)c(C)c2)cc1C,tg,243.0,275.2423400878906,254.34274787448737,265.5406867650537
*c1c(F)c(F)c(*)c(F)c1F,egc,5.4728,3.626288414001465,4.214185478015558,3.8915920476891515
*c1cc(*)c(O)c(C=Nc2ccc(C(=O)O)cc2)c1,egc,2.8212,3.21858549118042,3.111565566134058,3.1702900042155404
*c1cc(*)c(O)c(C=Nc2ccc(Cl)cc2)c1,egc,2.9264,2.632230281829834,2.881827515009792,2.7448674371660076
*c1cc(*)c(O)c(C=O)c1,egc,3.2778,3.7353105545043945,4.339782877413838,4.008094199036539
*c1cc(*)c(O)c(N=Cc2ccc(F)cc2)c1,tg,154.0,125.27729034423828,160.5734510338283,141.66187388735358
*c1cc(*)cc(-c2nc3ccccc3o2)c1,tg,250.0,321.3145751953125,250.96235170950357,288.65686227054334
*c1cc(*)cc(C23CC4CC(CC(C4)C2)C3)c1,egc,4.4178,4.339818000793457,4.7810204659088305,4.538921933015624
*c1cc(-c2cc(CCCCCCCC)ccc2CCCCCCCC)c(*)s1,egc,1.6967,2.970884323120117,2.563892060877796,2.787218622668395
*c1cc(-c2ccc(Br)cc2)c(*)s1,egc,2.7394,2.5855650901794434,2.831220594079949,2.6964234390461446
*c1cc(-c2ccc(C(=C3C=C(C(C)(C)C)C(=O)C(C(C)(C)C)=C3)c3cc(C(C)(C)C)c(OC(C)=O)c(C(C)(C)C)c3)cc2)c(*)s1,tg,-4.3,275.0270690917969,185.1961804658985,233.32730144886992
*c1cc(-c2ccc(F)cc2)c(*)s1,egc,2.6765,2.492875576019287,2.844816442794361,2.651697921824339
*c1cc(-c2ccc(OCCCCCC)cc2)c(*)s1,egc,2.6448,2.566256523132324,2.9834957182956057,2.7545464149680328
*c1cc(-c2ccc(OCCCCCCCC)cc2)c(*)s1,egc,2.6404,2.6213650703430176,2.923617345972676,2.757764164543968
*c1cc(-c2ccccc2)c(*)s1,egc,2.7439,2.7417659759521484,2.6389606652658335,2.695372441850714
*c1cc(-c2nc3ccccc3o2)cc(-n2c(=O)c3cc4c(=O)n(*)c(=O)c4cc3c2=O)c1,egc,2.4745,2.5152487754821777,2.5620857946390583,2.53638518206427
*c1cc(-c2nc3ccccc3s2)cc(-n2c(=O)c3cc4c(=O)n(*)c(=O)c4cc3c2=O)c1,egc,2.4436,2.5612616539001465,2.600073006806442,2.5787762726738315
*c1cc(-c2sc(-c3cc(C)c(*)s3)cc2C)c2cccccc1-2,egb,1.3327,1.5859057903289795,1.3464254814149257,1.5303532278842376
*c1cc(-c2sc(-c3cc(C)c(*)s3)cc2C)c2cccccc1-2,egc,1.8668,2.325291872024536,2.070774299455657,2.210434287298999
*c1cc(-c2sc(-c3cc(CCCCCCCCCC)c(*)s3)cc2CCCCCCCCCC)c2cccccc1-2,tg,22.5,50.60430908203125,23.156038554208703,37.86273966511229
*c1cc(-c2sc(-c3cc(CCCCCCCCCCCCCC)c(*)s3)cc2CCCCCCCCCCCCCC)c2cccccc1-2,tg,-10.0,66.3012924194336,32.17052983059425,50.45769016634198
*c1cc(-n2c(=O)c3cc4c(=O)n(*)c(=O)c4cc3c2=O)c(O)cc1O,egc,2.8367,2.2945029735565186,2.857967365570027,2.548780737140014
*c1cc(-n2c(=O)c3cc4c(=O)n(-c5ccc(-c6nnc(*)n6N)cc5)c(=O)c4cc3c2=O)c(-c2c(Cl)cccc2Cl)s1,egc,2.1911,2.5986485481262207,1.9966187964072668,2.32696717651232
*c1cc(Br)c(-c2c(Br)cc(N3C(=O)c4ccc(-c5ccc6c(c5)C(=O)N(*)C6=O)cc4C3=O)cc2C(=O)OCCCC)c(C(=O)OCCCC)c1,tg,196.0,270.8277893066406,164.20150772176493,221.33154993139362
*c1cc(Br)c(-c2c(Br)cc(N3C(=O)c4ccc(-c5ccc6c(c5)C(=O)N(*)C6=O)cc4C3=O)cc2C(=O)OCCCCCCCC)c(C(=O)OCCCCCCCC)c1,tg,135.5,126.46930694580078,125.1206897273676,125.84327479240514
*c1cc(Br)c(-c2c(Br)cc(N3C(=O)c4ccc(-c5ccc6c(c5)C(=O)N(*)C6=O)cc4C3=O)cc2C(=O)OCCCCCCCCCC)c(C(=O)OCCCCCCCCCC)c1,tg,116.0,118.20873260498048,121.4659503797842,119.72074285501121
*c1cc(Br)c(-c2c(Br)cc(N3C(=O)c4ccc(-c5ccc6c(c5)C(=O)N(*)C6=O)cc4C3=O)cc2C(=O)OCCCCCCCCCCCCCCCC)c(C(=O)OCCCCCCCCCCCCCCCC)c1,tg,92.0,112.02680206298828,90.97405520455165,102.25405389505944
*c1cc(Br)c(-c2c(Br)cc(N3C(=O)c4ccc(-c5ccc6c(c5)C(=O)N(*)C6=O)cc4C3=O)cc2C(=O)OCCCCCCCCCCCCCCCCCC)c(C(=O)OCCCCCCCCCCCCCCCCCC)c1,tg,83.5,93.4012451171875,96.79654841942668,94.97735508277253
*c1cc(Br)c(OC(=O)c2ccc(C(=O)Oc3c(Br)cc(C4(*)OC(=O)c5ccccc54)cc3Br)cc2)c(Br)c1,tg,319.0,258.8662414550781,279.3998364328036,268.39799776454726
*c1cc(Br)c(Oc2c(Br)cc(N3C(=O)c4ccc(-c5ccc6c(c5)C(=O)N(*)C6=O)cc4C3=O)cc2Br)c(Br)c1,egc,2.9494,2.624070167541504,2.875105220830889,2.7373561760919043
*c1cc(Br)c(Oc2c(Br)cc(N3C(=O)c4ccc(-c5ccc6c(c5)C(=O)N(*)C6=O)cc4C3=O)cc2Br)c(Br)c1,tg,287.0,326.24395751953125,326.6822302635914,326.44740504043517
*c1cc(Br)c(Oc2c(Br)cc(N3C(=O)c4ccc(Oc5ccc6c(c5)C(=O)N(*)C6=O)cc4C3=O)cc2Br)c(Br)c1,tg,283.0,284.2525939941406,283.4349154541852,283.87302516604245
*c1cc(C#N)c(*)s1,egb,1.0894,2.4069294929504395,2.2279874521409644,2.3654200722338263
*c1cc(C#N)c(*)s1,egc,1.691,2.166412591934204,2.214785657857038,2.1882421790294617
*c1cc(C(=O)NCCCCCC)cc(N2C(=O)c3ccc(-c4ccc5c(c4)C(=O)N(*)C5=O)cc3C2=O)c1,tg,256.9,262.57623291015625,242.0851845450896,253.06422686575746
*c1cc(C(=O)NCCCCCCCC)cc(N2C(=O)c3ccc(-c4ccc5c(c4)C(=O)N(*)C5=O)cc3C2=O)c1,tg,245.5,253.4784393310547,245.84750388981783,249.93613623614783
*c1cc(C(=O)NCCCCCCCCCC)cc(N2C(=O)c3ccc(-c4ccc5c(c4)C(=O)N(*)C5=O)cc3C2=O)c1,tg,245.1,230.42909240722656,243.59395462571152,236.54026089235833
*c1cc(C(=O)NCCCCCCCCCCCC)cc(N2C(=O)c3ccc(-c4ccc5c(c4)C(=O)N(*)C5=O)cc3C2=O)c1,tg,243.1,220.68316650390625,241.94566283416927,230.55328100508837
*c1cc(C(=O)NCCCCCCCCCCCCCC)cc(N2C(=O)c3ccc(-c4ccc5c(c4)C(=O)N(*)C5=O)cc3C2=O)c1,tg,247.6,209.64886474609375,234.00719384606208,220.95607409441345
*c1cc(C(=O)Nc2ccc(-c3nnc(*)o3)cc2)cc(N2C(=O)c3ccccc3C2=O)c1,tg,324.0,264.5078430175781,299.61104851926854,280.8028561843564
*c1cc(C(=O)OC)cc(N2C(=O)CC(C3Cc4ccccc4C4C(=O)N(*)C(=O)C43)C2=O)c1,tg,249.43,243.7780303955078,293.61752403983905,266.9136726695682
*c1cc(C(=O)OCC(F)(F)C(F)(F)C(F)(F)F)c(*)s1,egc,2.8607,2.745392084121704,2.731552468297366,2.739146602400859
*c1cc(C(=O)OCCC)cc(N2C(=O)CC(C3Cc4ccccc4C4C(=O)N(*)C(=O)C43)C2=O)c1,tg,249.43,256.197509765625,235.52607053171783,246.60176573944045
*c1cc(C(=O)OCCCCCC)c(*)s1,egc,2.8903,2.2534337043762207,2.672584033032645,2.44258604423426
*c1cc(C(=O)OCCCCCC)cc(N2C(=O)CC(C3Cc4ccccc4C4C(=O)N(*)C(=O)C43)C2=O)c1,tg,249.43,222.3093109130859,181.99776877012627,203.59657227270642
*c1cc(C(=O)Oc2cccc3cccnc23)c(*)s1,egc,2.8057,2.572320461273194,2.465828296149377,2.5242631395139883
*c1cc(C(C(=O)OC)C(=O)OC)c(*)s1,egc,2.7717,3.0694713592529297,2.967950386883123,3.0236574157688176
*c1cc(C(C(=O)OC)C(=O)OC)c(*)s1,tg,-20.1,70.38165283203125,92.60653691882224,80.69851061320853
*c1cc(C(C)C)c(Oc2ccc(S(=O)(=O)c3ccc(Oc4cc(C)c(C5(*)OC(=O)c6ccccc65)cc4C(C)C)cc3)cc2)cc1C,tg,230.0,255.82028198242188,252.63660701208815,254.3424105225681
*c1cc(C(F)(F)C(F)(F)C(F)(F)F)c(*)s1,egc,2.8054,2.7570862770080566,2.909847192866147,2.82602355964371
*c1cc(C(c2ccc(OCCN(C)c3ccc(C=CC4=CC(=C(C#N)C#N)CC(C)(C)C4)cc3)c(N3C(=O)c4ccc(Oc5ccc6c(c5)C(=O)N(*)C6=O)cc4C3=O)c2)(C(F)(F)F)C(F)(F)F)ccc1OCCN(C)c1ccc(C=CC2=CC(=C(C#N)C#N)CC(C)(C)C2)cc1,tg,215.0,218.36241149902344,209.63483838345377,214.31104591004953
*c1cc(C(c2ccc(OCCN(C)c3ccc(C=CC4=CC(=C(C#N)C(=O)OCCc5ccccc5)CC(C)(C)C4)cc3)c(N3C(=O)c4ccc(Oc5ccc6c(c5)C(=O)N(*)C6=O)cc4C3=O)c2)(C(F)(F)F)C(F)(F)F)ccc1OCCN(c1ccccc1)c1ccc(C=CC2=CC(=C(C#N)C(=O)OCCc3ccccc3)CC(C)(C)C2)cc1,tg,177.0,194.06072998046875,161.75409522716123,179.06389333390973
*c1cc(C(c2ccc(OCCN(C)c3ccc(C=CC4=CC(=C(C#N)C(=O)OCc5ccc(Oc6c(F)c(F)c(F)c(F)c6F)cc5)CC(C)(C)C4)cc3)c(N3C(=O)c4ccc(Oc5ccc6c(c5)C(=O)N(*)C6=O)cc4C3=O)c2)(C(F)(F)F)C(F)(F)F)ccc1OCCN(c1ccccc1)c1ccc(C=CC2=CC(=C(C#N)C(=O)OCc3ccc(Oc4c(F)c(F)c(F)c(F)c4F)cc3)CC(C)(C)C2)cc1,tg,162.0,183.78399658203125,182.25423432445777,183.07387635873712
*c1cc(C(c2ccc(OCCN(C)c3ccc(C=CC4=CC(=C(C#N)S(C)(=O)=O)CC(C)(C)C4)cc3)c(N3C(=O)c4ccc(Oc5ccc6c(c5)C(=O)N(*)C6=O)cc4C3=O)c2)(C(F)(F)F)C(F)(F)F)ccc1OCCN(C)c1ccc(C=CC2=CC(=C(C#N)S(C)(=O)=O)CC(C)(C)C2)cc1,tg,225.0,184.7042694091797,194.04888204959937,189.04206659430423
*c1cc(C(c2ccc(OCCN(CC)c3ccc(C=CC4=CC(=C(C#N)C#N)CC(C)(C)C4)cc3)c(N3C(=O)c4ccc(Oc5ccc6c(c5)C(=O)N(*)C6=O)cc4C3=O)c2)(C(F)(F)F)C(F)(F)F)ccc1OCCN(CC)c1ccc(C=CC2=CC(=C(C#N)C#N)CC(C)(C)C2)cc1,tg,202.0,226.7523498535156,202.5101720218743,215.4990582719547
*c1cc(C(c2ccc(OCCN(c3ccccc3)c3ccc(C=CC4=CC(=C(C#N)C#N)CC(C)(C)C4)cc3)c(N3C(=O)c4ccc(Oc5ccc6c(c5)C(=O)N(*)C6=O)cc4C3=O)c2)(C(F)(F)F)C(F)(F)F)ccc1OCCN(c1ccccc1)c1ccc(C=CC2=CC(=C(C#N)C#N)CC(C)(C)C2)cc1,tg,220.0,206.39007568359375,202.855695978176,204.74940603496572
*c1cc(C)c(*)cn1,egc,5.1074,4.270881652832031,4.776683208570976,4.4991375821033674
*c1cc(C)c(*)s1,egc,1.9299,2.7974350452423096,2.2596541186447325,2.5547476043830235
*c1cc(C)c(-c2c(C)cc(N3C(=O)c4ccc(-c5ccc6c(c5)C(=O)N(*)C6=O)cc4C3=O)cc2C)c(C)c1,egc,3.1002,3.172412872314453,2.9202967080390843,3.0586389846937903
*c1cc(C)c(-c2c(C)cc(N3C(=O)c4ccc(-c5ccc6c(c5)C(=O)N(*)C6=O)cc4C3=O)cc2C)c(C)c1,tg,280.0,318.455078125,332.1534023206664,324.81388125824753
*c1cc(C)c(Cc2cc(C)c(N3C(=O)c4ccc(Oc5ccc(Oc6ccc7c(c6)C(=O)N(*)C7=O)cc5)cc4C3=O)cc2C)cc1C,tg,278.0,282.84918212890625,284.08456268022815,283.42264948215984
*c1cc(C)c(Oc2ccc(S(=O)(=O)c3ccc(Oc4cc(C)c(C5(*)OC(=O)c6ccccc65)cc4C)cc3)cc2)cc1C,tg,269.0,270.58966064453125,263.52169159497083,267.30868823534706
*c1cc(C=NC(=S)Nc2ccc(-n3c(=O)c4cc5c(=O)n(*)c(=O)c5cc4c3=O)cc2)ccc1Cl,egc,2.0293,2.059143304824829,2.197752029852473,2.1216940482484596
*c1cc(C=Nc2ccc(C)cc2)c(*)c(OC)c1,egc,3.3765,3.297273635864258,3.3623759855624944,3.3266527414828815
*c1cc(C=O)cc(*)c1O,egc,4.1592,3.4116199016571045,4.431117346099107,3.8716942804930725
*c1cc(CC(=O)Cl)c(*)s1,egc,2.8053,3.0180869102478027,2.4031041139614713,2.740560144939333
*c1cc(CC(=O)OCC)c(*)s1,tg,56.7,26.434814453125,52.56138333936585,38.562846008064696
*c1cc(CC(=O)OCCCCCCCC)c(*)[nH]1,egc,3.192,2.9493536949157715,3.25107969845281,3.085515295332475
*c1cc(CC(=O)OCCCCCCOc2ccc(N=Nc3ccc(C#N)cc3)cc2)c(*)s1,egc,2.6018,2.195181131362915,2.3599353828650074,2.2695307144184147
*c1cc(CC(=O)OCCCCCCOc2ccc(N=Nc3ccc(C#N)cc3)cc2)c(*)s1,tg,64.0,32.66966247558594,45.099897366716526,38.439814754339096
*c1cc(CC(=O)OCCN(CC)c2ccc(N=Nc3ccc([N+](=O)[O-])cc3)cc2)c(*)s1,egc,2.2179,1.5541725158691406,1.8259526900306864,1.6768202924663065
*c1cc(CC)c(*)s1,egc,2.3523,2.467695474624634,2.4855526300755018,2.4757539741791197
*c1cc(CCCC(F)(F)C(F)(F)C(F)(F)C(F)(F)F)c(*)s1,egc,2.4769,2.880584239959717,2.870318050285543,2.8759513584717764
*c1cc(CCCC)c(*)s1,egc,2.5394,2.259504795074463,2.437364961599956,2.339768758539977
*c1cc(CCCC)c(*)s1,tg,53.58,17.41881561279297,40.42582222661598,28.098737014339818
*c1cc(CCCCC)c(*)s1,egc,2.495,2.570225238800049,2.3807777460810877,2.484732197096141
*c1cc(CCCCCC)c(*)[nH]1,egc,2.8742,2.939824104309082,2.833658114213563,2.8919139774
*c1cc(CCCCCC)c(*)s1,egc,2.5608,2.0650722980499268,2.481377180658255,2.252940557373752
*c1cc(CCCCCC)c(*)s1,tg,23.47,10.989089965820312,27.987405319804676,18.87975888187944
*c1cc(CCCCCC)c(-c2ccc3c4ccc(-c5sc(-c6sc(*)c7nc(CC)c(CC)nc67)cc5CCCCCC)cc4n(CCCCCCCCCCCC)c3c2)s1,tg,89.0,75.0143051147461,78.94979224116128,76.84117002996113
*c1cc(CCCCCCBr)c(*)s1,egc,2.553,2.72947359085083,2.4912659444866367,2.621976278785504
*c1cc(CCCCCCCC)c(*)s1,egc,2.5682,2.478454351425171,2.784377703544775,2.6165101130802464
*c1cc(CCCCCCCCCC(O)CO)c(*)s1,egc,2.497,2.4450364112854004,3.062862844715606,2.723846440813644
*c1cc(CCCCCCCCCC)c(*)[nH]1,egc,2.8756,3.021764755249023,3.2975903135104097,3.146238115212811
*c1cc(CCCCCCCCCC)c(*)s1,tg,-33.0,17.604034423828125,-4.11691480139036,7.5211047152346175
*c1cc(CCCCCCCCCC2COC(=O)O2)c(*)s1,egc,2.5293,2.9768261909484863,3.270356985902179,3.1092894932292117
*c1cc(CCCCCCCCCC2COC(C)(C)O2)c(*)s1,egc,2.9938,2.417757034301758,2.377499508344358,2.399589792834605
*c1cc(CCCCCCCCCC2COC(c3ccccc3)O2)c(*)s1,egc,3.048,3.23822021484375,2.665341121061145,2.9796938255359264
*c1cc(CCCCCCCCCCCC)c(*)s1,egc,2.7478,2.032285213470459,2.777565170272826,2.368611915468634
*c1cc(CCCCCCCCCCCC)c(*)s1,tg,-13.51,10.734359741210938,-11.933656636809756,0.2117986227739026
*c1cc(CCCCCCCCCCCC)c(-c2sc(*)c3c2OCCO3)s1,egc,2.3785,2.1032121181488037,1.4702269246385529,1.8175613092093206
*c1cc(CCCCCCCCCCCCCCCC)c(*)[nH]1,egc,3.0442,3.2234950065612793,3.249427071906932,3.235197516382051
*c1cc(CCCCCCCCCCCCCCCCCCCCCC)c(*)s1,egc,2.9666,2.8272347450256348,2.775645492052344,2.8039537710068236
*c1cc(CCCCCCOC(=O)COC)c(*)s1,tg,37.0,28.92359161376953,10.49717739873306,20.369994927675712
*c1cc(CCCCCCOC(=O)COc2ccccc2)c(*)s1,egc,2.6531,2.5237581729888916,2.6579938012330677,2.5843354442893576
*c1cc(CCCCCCOC(=O)Cc2ccccc2)c(*)s1,tg,45.0,40.901092529296875,20.23301104483763,31.306907180466233
*c1cc(CCCCCCO[Si](C)(C)C)c(*)s1,tg,10.0,-2.3753814697265625,9.445609576941434,3.1119579910684667
*c1cc(CCN(CC)c2ccc(N=Nc3ccc(C=C(C#N)C#N)cc3)cc2)c(*)s1,egc,1.3795,1.870889902114868,1.9098113932164824,1.8884542235749828
*c1cc(CCOC(=O)C(C)Br)c(*)s1,egc,2.3659,3.4167556762695312,2.749158649077253,3.1154853893524956
*c1cc(CCOC(=O)C(C)Br)c(*)s1,tg,49.0,95.64602661132812,42.085154555694736,70.78290932910035
*c1cc(CCOC(=O)NCCCC)c(*)s1,tg,67.5,62.218536376953125,42.11860573805158,52.888088352870014
*c1cc(CCOCCOC)c(*)[nH]1,egc,2.8631,2.5499587059020996,3.0083400916909837,2.756815066834143
*c1cc(CCOc2ccc(N=Nc3ccc(C#N)cc3)cc2)c(*)s1,egc,2.0292,2.183097124099731,2.5513441970111064,2.3492780637886903
*c1cc(CCOc2ccc(N=Nc3ccc(C#N)cc3)cc2)c(*)s1,tg,73.0,123.15496063232422,120.47944526063776,121.91297838066207
*c1cc(CCS(=O)(=O)O)c(*)s1,egc,2.5623,2.625574111938477,2.3090371740286315,2.4827286973850162
*c1cc(COCCCCCCCCCCCCOc2ccc(-c3ccc(OC)cc3)cc2)c(*)s1,egc,2.5163,2.8476226329803467,2.550347467384995,2.7134695873790426
*c1cc(COCCCCCCCCOc2ccc(-c3ccc(C#N)cc3)cc2)c(*)s1,egc,2.9654,2.455242872238159,2.604124267123727,2.5224294214989076
*c1cc(COCCOCCOC)c(-c2cc(CCCCCCCCCCCC)c(*)s2)s1,egc,1.7176,2.0964667797088623,2.409261052532299,2.23762322061731
*c1cc(N2C(=O)c3ccc(Oc4cc5ccccc5cc4Oc4ccc5c(c4)C(=O)N(*)C5=O)cc3C2=O)cc(C(F)(F)F)c1,tg,250.0,237.52479553222656,243.17871670150873,240.14936267874947
*c1cc(N2C(=O)c3ccc(Oc4ccc5c(c4)C(=O)N(*)C5=O)cc3C2=O)c(O)cc1O,tg,263.0,302.7825927734375,304.61826241043144,303.63471611878924
*c1cc(N2C(=O)c3ccc(P(=O)(c4ccccc4)c4ccc5c(c4)C(=O)N(*)C5=O)cc3C2=O)cc(C(F)(F)F)c1,tg,317.0,286.0014343261719,292.76787756055256,289.1424375485466
*c1cc(N=Cc2ccc(F)cc2)c(O)c(*)c1C,tg,156.0,172.96047973632812,222.1043108675179,195.77319338751028
*c1cc(N=Nc2ccc(C#N)cc2)cc(*)c1O,egc,2.4223,2.367639541625977,2.9296091819022743,2.621242760137525
*c1cc(N=Nc2ccc(C#N)cc2)cc(*)c1O,tg,176.0,212.7601318359375,216.13516960853343,214.32683448194447
*c1cc(N=Nc2ccc(C(=O)O)cc2)cc(*)c1O,egc,2.9911,3.0443241596221924,2.887674290927332,2.9736318872409013
*c1cc(N=Nc2ccc(S(=O)(=O)O)cc2)cc(*)c1O,egc,3.0327,3.022110939025879,3.2570483297088764,3.128132464310803
*c1cc(OCC(=O)C23CC4CC(CC(C4)C2)C3)c(*)cc1OC,egc,4.0135,3.8545002937316895,4.426651110231487,4.112698029230389
*c1cc(OCCCC)c(*)cc1OCCCC,tg,37.0,61.803688049316406,50.70507012995371,56.651676358522316
*c1cc(OCCCC)cc(N2C(=O)c3ccc(Oc4ccc5c(c4)C(=O)N(*)C5=O)cc3C2=O)c1,tg,237.0,221.59976196289065,220.8878852994707,221.2693066828738
*c1cc(OCCCCCCCC)cc(N2C(=O)c3ccc(Oc4ccc5c(c4)C(=O)N(*)C5=O)cc3C2=O)c1,tg,185.0,196.75286865234375,177.63230863712397,187.87704740607103
*c1cc(OCCCCCCCCCCCC)cc(N2C(=O)c3ccc(Oc4ccc5c(c4)C(=O)N(*)C5=O)cc3C2=O)c1,tg,162.0,178.0010986328125,167.98400309969713,173.35113287406918
*c1cc(OCCCCCCCCCCCCCCCC)cc(N2C(=O)c3ccc(Oc4ccc5c(c4)C(=O)N(*)C5=O)cc3C2=O)c1,tg,159.0,166.89779663085938,158.13957353314626,162.83220322834393
*c1cc(OCCOC)c(*)s1,egc,1.6015,2.7063417434692383,2.8918174596289767,2.790042419097761
*c1cc(OCCOCCCC)c(*)s1,egc,2.819,1.860501289367676,1.7457020931787373,1.8086952067085849
*c1cc(OCCOCCOC)c(-c2sc(*)c3c2OCCO3)s1,egc,2.2046,1.5643832683563232,1.6926063715995985,1.6222472334880436
*c1cc(Oc2c(C)cc(-c3cc(C)c(Oc4cc(N5C(=O)c6ccc(-c7ccc8c(c7)C(=O)N(*)C8=O)cc6C5=O)cc(C(F)(F)F)c4)c(C)c3)cc2C)cc(C(F)(F)F)c1,tg,281.1,283.50140380859375,280.10267996482867,281.9237060173841
*c1cc(Oc2c(C)cc(-c3cc(C)c(Oc4cc(N5C(=O)c6ccc(Oc7ccc8c(c7)C(=O)N(*)C8=O)cc6C5=O)cc(C(F)(F)F)c4)c(C)c3)cc2C)cc(C(F)(F)F)c1,tg,252.2,231.95486450195312,276.8301385151292,252.7861011499075
*c1cc(SC)c(*)s1,egc,1.5945,2.26904559135437,2.375258083602296,2.3169767035528217
*c1cc(SCCCCCC)c(*)s1,egc,1.6201,1.7308194637298584,2.062919050514915,1.880687922875867
*c1cc(SCCCCCCCCCCCC)c(*)s1,egc,1.5021,2.225407838821411,2.6173843884211343,2.4022973136881802
*c1cc(SCCCCCCCCCCCC)c(*)s1,tg,33.0,5.5062408447265625,-5.76263074012435,0.27519689231496747
*c1cc2c(s1)-c1sc(*)cc1C2(CCCCCC)CCCCCC[N+](C)(C)C,egc,0.0751,-0.1519637107849121,0.1517524200478679,-0.014904014365727997
*c1cc2c(s1)-c1sc(*)cc1C2=C(C#N)C#N,egc,0.6839,2.2082278728485107,1.8628241861463783,2.052355597274428
*c1cc2c(s1)-c1sc(*)cc1C2=C1c2ccsc2-c2sccc21,egc,1.3371,0.2659759521484375,1.3698451242153575,0.7641252377828205
*c1cc2c(s1)-c1sc(*)cc1C2CCCCCCN,egc,2.6725,2.327780246734619,1.8604979809109936,2.1169071353188915
*c1cc2c(s1)-c1sc(-c3sc(-c4sc(*)c5c4OCCO5)c4c3OCCO4)cc1C2=C(C#N)C#N,egc,0.9952,0.9599509239196776,1.3045570018155068,1.1154632580558346
*c1cc2cc(*)sc2s1,egc,3.3358,2.239307641983032,1.9185576028335511,2.0945609574005335
*c1cc2sc(*)cc2s1,egc,1.8963,2.4903180599212646,2.7026817071854015,2.5861526043186407
*c1cc2sc3cc(*)sc3c2s1,egc,1.8464,1.054746150970459,1.6137946983972935,1.307031151387822
*c1ccc(*)[nH]1,egc,2.4594,3.158857583999634,2.9155428235827463,3.0490555556858787
*c1ccc(*)c(C(=O)c2c(F)c(F)c(F)c(F)c2F)c1,egc,4.0903,2.827598571777344,3.784834266338158,3.2595757385428037
*c1ccc(*)c(C(=O)c2ccc(C)cc2)c1,tg,202.0,261.8034973144531,213.07631838003556,239.18419486134644
*c1ccc(*)c(OC)c1N,egc,4.71,3.8377604484558105,3.6519047270322873,3.7538882857022897
*c1ccc(*)c2nc(-c3ccccc3)c(-c3ccccc3)nc12,egc,3.1914,2.8553662300109863,3.2020115786007857,3.0117988373689366
*c1ccc(*)c2nc(CCCCCCC)c(CCCCCCC)nc12,egc,3.0414,3.4901623725891113,4.023731539007155,3.730949148607138
*c1ccc(*)c2nccnc12,egc,3.0389,3.6521944999694824,3.768554930508684,3.704705129685391
*c1ccc(*)cc1,nc,2.0982,2.0760610103607178,1.996756504915382,2.0481637072773884
*c1ccc(*)cc1,tg,291.5,327.706298828125,106.87735755544516,225.1968426626264
*c1ccc(*)n1C,egc,2.6193,2.2610511779785156,2.4318954924743776,2.338149058211419
*c1ccc(*)n1C(=O)OCC,egc,2.3493,3.218548059463501,3.2993941526777073,3.255031933277622
*c1ccc(*)n1C(C(=O)NO)n1ccc2ccccc21,egc,2.4131,3.051112651824951,3.4647684115206325,3.237785426466455
*c1ccc(*)n1C(C)C(=O)OC,egc,2.9894,2.5849945545196533,2.70745418848043,2.6402576062655267
*c1ccc(*)n1CC(=O)NO,egc,2.9276,2.605266809463501,2.5924620716348894,2.5994883429898747
*c1ccc(*)n1CC(=O)OC,egc,2.6899,2.68613338470459,2.9596632183255003,2.809570740023439
*c1ccc(*)n1CCC(=O)NO,egc,2.8742,2.834505558013916,2.90438234983099,2.866039253135522
*c1ccc(*)n1CCC(=O)OC,egc,2.7978,2.7651290893554688,2.88393211312272,2.818742001934635
*c1ccc(*)n1CCC(=O)OCC,egc,2.8986,2.5944137573242188,2.9572997172564803,2.7581753572324046
*c1ccc(*)n1CCCCCC,egc,2.8542,1.884289026260376,2.575096899621736,2.196033803027008
*c1ccc(*)n1Cc1ccc[n+](C)c1,egc,0.2844,2.0708320140838623,2.181866919728499,2.1209393640552263
*c1ccc(*)s1,ei,4.5257,5.067434310913086,5.980048709119084,5.447998996571432
*c1ccc(-c2cc(-c3ccc(-c4ccccc4)cc3)cc(-c3ccc(N4C(=O)c5ccc(NC(=O)Nc6ccc(-c7cc(-c8ccc(-c9ccccc9)cc8)cc(-c8ccc(NC(=O)Nc9ccc%10c(c9)C(=O)N(*)C%10=O)cc8)n7)cc6)cc5C4=O)cc3)n2)cc1,tg,272.0,278.8966979980469,291.84368818021755,284.906729631154
*c1ccc(-c2cc(-c3ccc(-c4ccccc4)cc3)cc(-c3ccc(N4C(=O)c5ccc(NC(=O)Nc6ccc(Oc7ccc(NC(=O)Nc8ccc9c(c8)C(=O)N(*)C9=O)cc7)cc6)cc5C4=O)cc3)n2)cc1,tg,241.0,264.1235046386719,285.34807906411896,273.9760156780204
*c1ccc(-c2cc(-c3ccc(OCCCC#N)cc3)cc(-c3ccc(N4C(=O)c5ccc(Oc6ccc7c(c6)C(=O)N(*)C7=O)cc5C4=O)cc3)n2)cc1,tg,315.0,286.64739990234375,248.8542127476532,269.10368919277505
*c1ccc(-c2cc(C(C)(C)C)c(Oc3ccc(N4C(=O)c5ccc(-c6ccc7c(c6)C(=O)N(*)C7=O)cc5C4=O)cc3)c(C(C)(C)C)c2)cc1,tg,381.5,351.1164855957031,358.49387952973876,354.5410939633302
*c1ccc(-c2cc(C(C)(C)C)c(Oc3ccc(N4C(=O)c5ccc(-c6ccc7c(c6)C(=O)N(*)C7=O)cc5C4=O)cc3C(F)(F)F)c(C(C)(C)C)c2)cc1,tg,389.0,370.7545471191406,338.19461958132456,355.640131203121
*c1ccc(-c2cc(C(C)(C)C)c(Oc3ccc(N4C(=O)c5ccc(Oc6ccc7c(c6)C(=O)N(*)C7=O)cc5C4=O)cc3)c(C(C)(C)C)c2)cc1,tg,342.0,309.0399475097656,305.46956812314494,307.38256670126435
*c1ccc(-c2cc(C(C)(C)C)c(Oc3ccc(N4C(=O)c5ccc(S(=O)(=O)c6ccc7c(c6)C(=O)N(*)C7=O)cc5C4=O)cc3)c(C(C)(C)C)c2)cc1,tg,354.5,343.0345764160156,344.8333617107908,343.8695779392001
*c1ccc(-c2cc(CCCCCC)c(-c3ccc(-c4ccc5ccc6ccc(*)nc6c5n4)cc3)cc2CCCCCC)cc1,tg,190.0,197.76840209960935,148.7179965960315,174.99905690467767
*c1ccc(-c2cc(CCCCCCBr)c(*)s2)s1,tg,51.0,53.45410919189453,53.943944590837624,53.68149225168226
*c1ccc(-c2cc(CCCCCCCC)c(-c3ccc(-c4ccc(-c5sc(-c6ccc([Si](*)(CCCC)CCCC)s6)cc5CCCCCCCC)s4)s3)s2)s1,tg,-1.0,41.134185791015625,10.098501829646136,26.72732830997643
*c1ccc(-c2cc(CCCCCCCC)c(-c3ccc(-c4ccc(-c5sc(-c6ccc([Si](C)(C)[Si](C)(C)[Si](C)(C)[Si](*)(C)C)s6)cc5CCCCCCCC)s4)s3)s2)s1,tg,6.0,30.9549560546875,25.48455392790065,28.415578997533245
*c1ccc(-c2cc(CCCCCCCC)c(-c3ccc(-c4ccc(-c5sc(-c6ccc([Si](C)(C)[Si](C)(C)[Si](C)(C)[Si](C)(C)[Si](C)(C)[Si](C)(C)[Si](C)(C)[Si](*)(C)C)s6)cc5CCCCCCCC)s4)s3)s2)s1,tg,13.0,10.48089599609375,7.250880931309035,8.981513325556026
*c1ccc(-c2cc(CCCCCCCC)c(-c3ccc(-c4ccc(-c5sc(-c6ccc([Si](CCCC)(CCCC)[Si](*)(CCCC)CCCC)s6)cc5CCCCCCCC)s4)s3)s2)s1,tg,-10.0,26.51471710205078,6.153602639971628,17.06302676471444
*c1ccc(-c2cc(CCCCCCCC)c(-c3ccc(-c4sc(*)cc4CCCCCCCC)cc3)s2)cn1,tg,16.2,72.8237075805664,25.447537447063727,50.831547460608775
*c1ccc(-c2cc(CCCCCCCCCCCC)c(*)s2)s1,egc,1.5458,2.3941800594329834,2.0510983970471153,2.2393556569073043
*c1ccc(-c2cc(CCCCCCOC(=O)COc3ccccc3)c(*)s2)s1,egc,1.9751,2.414430618286133,2.489517754034379,2.448315614787379
*c1ccc(-c2ccc(*)c(C)c2)cc1C,egc,3.8863,3.692114114761353,3.342458722830836,3.5343231481178545
*c1ccc(-c2ccc(*)c(CCCCCC)n2)nc1CCCCCC,egc,3.9211,3.5161075592041016,3.3078516628521104,3.4221267427975324
*c1ccc(-c2ccc(*)n2C#Cc2ccc(CCCCCC)cc2)s1,egc,2.5339,2.44173812866211,2.395030320262652,2.4206600317494376
*c1ccc(-c2ccc(*)nc2)cn1,egc,3.5855,3.3634331226348877,3.114809153475034,3.251235177658617
*c1ccc(-c2ccc(*)s2)s1,eea,2.9681,2.3334298133850098,2.0030402373395613,2.2506460146606093
*c1ccc(-c2ccc(-c3c(-c4ccccc4)nc4ccc(-c5ccc6nc(-c7ccccc7)c(*)c(-c7ccccc7)c6c5)cc4c3-c3ccccc3)cc2)cc1,tg,372.0,307.64898681640625,342.4864029800602,323.82061977613523
*c1ccc(-c2ccc(-c3cc(*)c4cccccc3-4)s2)s1,egc,2.0762,2.3698277473449707,2.2388901683875506,2.3107388054025098
*c1ccc(-c2ccc(-c3cc(-c4ccc(-c5ccc(Oc6ccccc6)cc5)cc4)c4cc(-c5ccc6nc(*)cc(-c7ccc(-c8ccc(Oc9ccccc9)cc8)cc7)c6c5)ccc4n3)cc2)cc1,tg,352.0,297.46612548828125,312.784927297917,304.57715918505465
*c1ccc(-c2ccc(-c3cc(-c4ccc(Oc5ccc(-c6cc(*)nc7ccccc67)cc5)cc4)c4ccccc4n3)cc2)cc1,egc,3.4086,3.087019920349121,3.09170407383221,3.0891337647887056
*c1ccc(-c2ccc(-c3cc(-c4ccc(Oc5ccc(-c6cc(*)nc7ccccc67)cc5)cc4)c4ccccc4n3)cc2)cc1,tg,326.0,302.429443359375,317.3930628620389,309.37560036508853
*c1ccc(-c2ccc(-c3cc(-c4ccc(Oc5ccc(-c6ccccc6)cc5)cc4)c4cc(-c5ccc6nc(*)cc(-c7ccc(Oc8ccc(-c9ccccc9)cc8)cc7)c6c5)ccc4n3)cc2)cc1,tg,318.0,277.5554504394531,345.33613184912457,309.01944582786894
*c1ccc(-c2ccc(-c3cc(-c4ccc(Oc5ccc(Oc6ccccc6)cc5)cc4)c4cc(-c5ccc6nc(*)cc(-c7ccc(Oc8ccc(Oc9ccccc9)cc8)cc7)c6c5)ccc4n3)cc2)cc1,tg,348.33,230.91226196289065,287.9550419244441,257.3916913272086
*c1ccc(-c2ccc(-c3cc(-c4ccccc4)c4cc(-c5ccc6nc(*)cc(-c7ccccc7)c6c5)ccc4n3)cc2)cc1,egc,3.1298,3.193847894668579,3.1314261099943925,3.1656784627917514
*c1ccc(-c2ccc(-c3cc(-c4ccccc4)c4cc(-c5ccc6nc(*)cc(-c7ccccc7)c6c5)ccc4n3)cc2)cc1,tg,372.0,342.1618957519531,342.18399022566916,342.1721520728495
*c1ccc(-c2ccc(-c3cc(-c4ccccc4)c4cc(C5(c6ccc7nc(*)cc(-c8ccccc8)c7c6)c6ccccc6C(=O)c6ccccc65)ccc4n3)cc2)cc1,tg,350.0,356.18988037109375,383.010595916408,368.64013688491167
*c1ccc(-c2ccc(-c3cc(-c4ccccc4)c4cc5c(-c6ccccc6)cc(*)nc5cc4n3)cc2)cc1,tg,392.0,423.170654296875,365.7034449428875,396.49420353695405
*c1ccc(-c2ccc(-c3cc(CCCCCCCC)c(*)s3)s2)s1,egc,2.4777,1.96773099899292,1.8261551360453303,1.9038412584556803
*c1ccc(-c2ccc(-c3cc(OCCCCCCCCCCCC)c(*)s3)s2)s1,egc,1.9946,1.882516622543335,1.7489092763222545,1.8222228796254902
*c1ccc(-c2ccc(-c3cc(SCCCC)c(*)s3)cc2)cc1,egc,2.8499,3.0775046348571777,2.9046345875403943,2.9994925907150325
*c1ccc(-c2ccc(-c3cc(SCCCCCCCCCC)c(*)s3)cc2)cc1,egc,3.0684,2.65549898147583,2.67520198865417,2.664390468980967
*c1ccc(-c2ccc(-c3ccc(*)n3C)n2C)cn1,egc,2.931,2.8978569507598877,2.662978190753533,2.7918618840720733
*c1ccc(-c2ccc(-c3ccc(*)n3C)o2)o1,egc,2.825,2.627194404602051,2.426340445733598,2.536553902394882
*c1ccc(-c2ccc(-c3ccc(*)n3C)s2)s1,egc,2.5449,2.205944538116455,2.311670516207388,2.2536560983191727
*c1ccc(-c2ccc(-c3ccc(*)s3)o2)o1,egc,1.6749,2.272205352783203,2.317977430713977,2.2928611773140415
*c1ccc(-c2ccc(-c3ccc(*)s3)s2)cn1,egc,2.3342,2.589625358581543,3.066080290854411,2.8046378710736652
*c1ccc(-c2ccc(-c3ccc(*)s3)s2)o1,egc,1.6557,1.791285753250122,2.3435564395490007,2.0405120699353376
*c1ccc(-c2ccc(-c3ccc(-c4cc(-c5ccccc5)c5cc(Oc6ccc7nc(*)cc(-c8ccccc8)c7c6)ccc5n4)cc3)cc2)cc1,egc,3.1875,3.144742965698242,3.4407619667859835,3.278329134836339
*c1ccc(-c2ccc(-c3ccc(-c4cc(-c5ccccc5)c5cc(Oc6ccc7nc(*)cc(-c8ccccc8)c7c6)ccc5n4)cc3)cc2)cc1,tg,282.5,307.9365234375,314.82445046307924,311.13391979972727
*c1ccc(-c2ccc(-c3ccc(-c4ccc(*)cc4)cc3)cc2)cc1,egb,2.5835,2.0358870029449463,2.7287198394926273,2.1966043478933184
*c1ccc(-c2ccc(-c3ccc(-c4ccc(*)cc4)cc3)cc2)cc1,egc,2.5009,3.3064117431640625,3.4103650565649195,3.353323342944498
*c1ccc(-c2ccc(-c3ccc(-c4ccc(*)n4CCCCCCCCCCCC)s3)s2)s1,egb,2.1442,1.7347276210784912,2.3078147319280244,1.8676673924363572
*c1ccc(-c2ccc(-c3ccc(-c4ccc(*)n4CCCCCCCCCCCC)s3)s2)s1,tg,53.0,43.86479949951172,19.626265631431497,32.61319945675356
*c1ccc(-c2ccc(-c3ccc(-c4ccc(*)s4)cc3)cc2)cc1,eea,2.2963,2.350611448287964,2.204745746796309,2.3140627259656306
*c1ccc(-c2ccc(-c3ccc(-c4ccc(*)s4)cc3)cc2)cc1,egc,2.8936,2.801039218902588,2.7012478738136636,2.7560058141056576
*c1ccc(-c2ccc(-c3ccc(-c4ccc(*)s4)cc3)cc2)cc1,ei,5.1853,5.2872209548950195,5.00471991758104,5.169416635047675
*c1ccc(-c2ccc(-c3ccc(-c4ccc(*)s4)cc3)cc2)cc1,eps,5.39,5.81271505355835,5.6615979481942595,5.729893214089639
*c1ccc(-c2ccc(-c3ccc(-c4ccc(*)s4)cc3)cc2)cc1,nc,2.2986,2.3833799362182617,2.206630422563682,2.3212039636860116
*c1ccc(-c2ccc(-c3ccc(-c4ccc(*)s4)cc3)s2)cc1,eea,2.3385,2.6948888301849365,2.450191157015238,2.633576354269465
*c1ccc(-c2ccc(-c3ccc(-c4ccc(*)s4)cc3)s2)cc1,egc,2.8274,2.416909694671631,2.443186656510994,2.428767847884127
*c1ccc(-c2ccc(-c3ccc(-c4ccc(*)s4)s3)cc2)cc1,eea,2.6224,2.3532707691192627,2.5742671681193148,2.4086445543113264
*c1ccc(-c2ccc(-c3ccc(-c4ccc(*)s4)s3)cc2)cc1,egc,2.2403,2.6660232543945312,2.766021757428303,2.711150144529082
*c1ccc(-c2ccc(-c3ccc(-c4ccc(*)s4)s3)cc2)cc1,nc,2.646,2.3860230445861816,2.2914159586919305,2.352742683852557
*c1ccc(-c2ccc(-c3ccc(-c4ccc(*)s4)s3)s2)cc1,eea,2.752,2.4800987243652344,2.5027928469822753,2.485785058968895
*c1ccc(-c2ccc(-c3ccc(-c4ccc(*)s4)s3)s2)cc1,egb,1.1128,1.6909101009368896,1.6089229395978366,1.6718914312157418
*c1ccc(-c2ccc(-c3ccc(-c4ccc(*)s4)s3)s2)cc1,egc,2.0066,2.5605735778808594,2.5478976282738817,2.554853230396538
*c1ccc(-c2ccc(-c3ccc(-c4ccc(*)s4)s3)s2)cc1,ei,4.7302,4.998184680938721,5.106616095593952,5.043401113327774
*c1ccc(-c2ccc(-c3ccc(-c4ccc(-c5cc(-c6ccccc6)c6cc(Oc7ccc8nc(*)cc(-c9ccccc9)c8c7)ccc6n5)cc4)cc3)cc2)cc1,tg,298.33,324.8959655761719,286.8385890297379,307.2296173594167
*c1ccc(-c2ccc(-c3ccc(-c4ccc(-c5ccc(*)n5CCCCCCCCCCCC)s4)s3)s2)s1,egc,2.1419,2.0423591136932373,2.06710610873448,2.053526830134045
*c1ccc(-c2ccc(-c3ccc(-c4ccc(-c5ccc(*)n5CCCCCCCCCCCC)s4)s3)s2)s1,tg,53.0,43.02137756347656,85.33980928421957,62.66572035871523
*c1ccc(-c2ccc(-c3ccc(-c4ccc(-c5ccc6c(c5)C(=O)N(c5ccc(Oc7ccc(-c8ccc(Oc9ccc(N%10C(=O)c%11ccc(*)cc%11C%10=O)cc9)cc8)cc7)cc5)C6=O)cc4)cc3)cc2)cc1,tg,232.0,254.3536071777344,275.1974569392457,264.02938468739285
*c1ccc(-c2ccc(-c3ccc(-c4ccc([Si](*)(CCCC)CCCC)s4)s3)s2)s1,tg,1.0,31.22900390625,44.0917297757995,37.19991979297366
*c1ccc(-c2ccc(-c3ccc(-c4nc5cc6sc(*)nc6cc5s4)cc3)c(-c3ccccc3)c2-c2ccccc2)cc1,egc,3.1992,2.699519634246826,2.8205705551697178,2.7541469680913
*c1ccc(-c2ccc(-c3ccc(-n4c(=O)c5cc6c(=O)n(*)c(=O)c6cc5c4=O)cc3)cc2)cc1,egc,2.1515,2.342050552368164,2.2740183102843265,2.3113492576389056
*c1ccc(-c2ccc(-c3ccc([Si](*)(CCCC)CCCC)s3)s2)s1,tg,30.0,4.3733367919921875,-1.7667954973294029,1.5230689868073433
*c1ccc(-c2ccc(-c3ccc([Si](C)(C)[Si](*)(C)C)s3)s2)s1,tg,45.0,62.67816925048828,65.06378823321451,63.78558072983503
*c1ccc(-c2ccc(-c3ccc([Si](CCCC)(CCCC)[Si](*)(CCCC)CCCC)s3)s2)s1,tg,-5.0,-22.90223693847656,-15.02077499736392,-19.243638691723632
*c1ccc(-c2ccc(-c3ccc4nc(Oc5cc(-c6ccccc6)c6cc(*)ccc6n5)cc(-c5ccccc5)c4c3)cc2)cc1,egc,3.3775,3.236140489578247,3.1848356692067017,3.2129878730686015
*c1ccc(-c2ccc(-c3ccc4nc(Oc5cc(-c6ccccc6)c6cc(*)ccc6n5)cc(-c5ccccc5)c4c3)cc2)cc1,tg,308.0,306.16192626953125,313.43694318574836,309.5390109187547
*c1ccc(-c2ccc(-c3cnc4cc(-c5ccc6nc(*)cnc6c5)ccc4n3)cc2)cc1,egc,2.7698,3.132981300354004,3.096080758575856,3.116328984127175
*c1ccc(-c2ccc(-c3cnc4cc(-c5ccc6nc(*)cnc6c5)ccc4n3)cc2)cc1,tg,345.5,334.2395935058594,342.57295448128303,338.1079646382765
*c1ccc(-c2ccc(-c3cnc4cc(Oc5ccc6nc(*)cnc6c5)ccc4n3)cc2)cc1,egc,3.0165,3.170300006866455,3.155990359064732,3.1638424111563035
*c1ccc(-c2ccc(-c3nc(CCCCCCCCCCCC)c(-c4sc(*)nc4CCCCCCCCCCCC)s3)s2)s1,egc,2.2184,2.1577649116516113,2.121847673193644,2.1415563362764205
*c1ccc(-c2ccc(-c3nc4cc(Oc5ccc6nc(-c7ccccc7)c(*)nc6c5)ccc4nc3-c3ccccc3)cc2)cc1,egc,3.1965,3.1325597763061523,3.1861291478053557,3.1567343296132657
*c1ccc(-c2ccc(-c3nc4ccc(Oc5ccc6nc(*)c(-c7ccccc7)c(-c7ccccc7)c6c5)cc4c(-c4ccccc4)c3-c3ccccc3)cc2)cc1,egc,3.3136,3.135061740875244,3.187430601183561,3.158694532706207
*c1ccc(-c2ccc(-c3nc4ccc(Oc5ccc6nc(*)c(-c7ccccc7)c(-c7ccccc7)c6c5)cc4c(-c4ccccc4)c3-c3ccccc3)cc2)cc1,tg,351.0,301.11724853515625,347.68520433098087,322.7342331380686
*c1ccc(-c2ccc(-c3nc4ccccc4c(-c4ccc(Oc5ccc(-c6c(-c7ccccc7)c(*)nc7ccccc67)cc5)cc4)c3-c3ccccc3)cc2)cc1,tg,345.0,315.87994384765625,324.07923308055246,319.68607847549913
*c1ccc(-c2ccc(-c3nnc(*)n3-c3ccc(OC)cc3)cc2)cc1,egc,3.8442,3.4803037643432617,3.437297049647936,3.460895880922762
*c1ccc(-c2ccc(-c3nnc(-c4ccc([Si](c5ccccc5)(c5ccccc5)c5ccc(-c6nnc(*)o6)cc5)cc4)o3)cc2)cc1,tg,278.0,284.26983642578125,243.80101912016465,265.4840901836835
*c1ccc(-c2ccc(-c3sc(*)c4c3OCCO4)s2)s1,egc,1.3916,1.320218801498413,1.628676221700568,1.4594181263917918
*c1ccc(-c2ccc(-n3c(=O)c4cc5c(=O)n(*)c(=O)c5cc4c3=O)cc2)cc1,egc,2.1894,2.407348155975342,2.710862471839136,2.5443167782118468
*c1ccc(-c2ccc(-n3c(=O)c4cc5c(=O)n(*)c(=O)c5cc4c3=O)cc2F)c(F)c1,egc,2.7749,2.7459235191345215,2.604019804627353,2.6818858271694035
*c1ccc(-c2ccc(-n3c(=O)c4cc5c(=O)n(*)c(=O)c5cc4c3=O)cc2OC(F)(F)F)c(OC(F)(F)F)c1,egc,2.7837,2.6155505180358887,2.491877762773544,2.5597400141778843
*c1ccc(-c2ccc(C(=S)c3ccc(*)s3)s2)cc1,egc,2.0866,2.256761312484741,2.354929713346543,2.301062322059644
*c1ccc(-c2ccc(C(=S)c3ccc(*)s3)s2)cc1,ei,5.7103,5.695319175720215,5.450612802966175,5.5932754165939045
*c1ccc(-c2ccc(C(=S)c3ccc(*)s3)s2)cc1,eps,9.09,6.370239734649658,6.739445755623096,6.572588249242168
*c1ccc(-c2ccc(C(F)(F)C(*)(F)F)cc2)cc1,eea,2.3351,2.051558017730713,2.233360245025667,2.0971111467736305
*c1ccc(-c2ccc(C(F)(F)C(*)(F)F)cc2)cc1,egb,3.2719,4.001942157745361,3.5484238670026915,3.8967389229551617
*c1ccc(-c2ccc(C(F)(F)C(*)(F)F)cc2)cc1,nc,1.9016,1.7999674081802368,1.8656077155085915,1.823057994745766
*c1ccc(-c2ccc(C(F)(F)C(*)(F)F)cc2)s1,egb,4.0895,2.4299421310424805,2.828742785055688,2.5224524436253137
*c1ccc(-c2ccc(C(F)(F)C(*)(F)F)cc2)s1,egc,3.7339,2.823180913925171,3.472683393294335,3.116285571889018
*c1ccc(-c2ccc(C(F)(F)C(*)(F)F)cc2)s1,eps,3.57,4.311583518981934,4.1446596399126765,4.220098556492348
*c1ccc(-c2ccc(C(F)(F)C(*)(F)F)cc2)s1,nc,1.7814,1.954362630844116,1.850438655749132,1.9178048260312792
*c1ccc(-c2ccc(C(F)(F)C(*)(F)F)s2)s1,eea,2.7568,2.426389217376709,2.5943086123396553,2.4684638056882466
*c1ccc(-c2ccc(C(F)(F)C(*)(F)F)s2)s1,ei,5.8176,6.022660732269287,6.629769462587192,6.2758280541612645
*c1ccc(-c2ccc(C(F)(F)C(*)(F)F)s2)s1,nc,1.9785,1.9516836404800415,1.9897589542369711,1.9650775650988905
*c1ccc(-c2ccc(C3(*)CCCCC3)cc2)cc1,tg,287.0,270.03350830078125,177.0224718795148,226.85750652318734
*c1ccc(-c2ccc(N(*)c3cc(C(F)(F)F)cc(C(F)(F)F)c3)cc2)cc1,tg,209.0,188.9950408935547,205.0750225765049,196.45941656809555
*c1ccc(-c2ccc(N(*)c3ccc(C(F)(F)F)cc3)cc2)cc1,tg,225.0,221.51202392578125,179.12680533652883,201.83667846608006
*c1ccc(-c2ccc(N(c3ccccc3)c3ccc4ccc(N(*)c5ccccc5)cc4c3)cc2)cc1,egc,3.0933,3.168330430984497,2.9527199214876387,3.071030656700544
*c1ccc(-c2ccc(N3C(=O)c4c(c(-c5ccccc5)c(-c5ccc(Oc6ccc(-c7c(-c8ccccc8)c8c(c(-c9ccccc9)c7-c7ccccc7)C(=O)N(*)C8=O)cc6)cc5)c(-c5ccccc5)c4-c4ccccc4)C3=O)cc2)cc1,tg,399.0,360.03558349609375,355.0785014196548,357.73449114427183
*c1ccc(-c2ccc(N3C(=O)c4ccc(-c5ccc6c(c5)C(=O)N(*)C6=O)cc4C3=O)c(C)c2)cc1C,tg,300.67,342.3064880371094,347.7193122572618,344.81913725749445
*c1ccc(-c2ccc(N3C(=O)c4ccc(-c5cccc6c5C(=O)N(*)C6=O)cc4C3=O)c(C)c2)cc1C,egc,2.9133,2.917588710784912,3.041491616300381,2.973503075849555
*c1ccc(-c2ccc(N3C(=O)c4ccc(-c5cccc6c5C(=O)N(*)C6=O)cc4C3=O)c(C)c2)cc1C,tg,384.0,349.9890441894531,357.5845384832238,353.51489539752083
*c1ccc(-c2ccc(N3C(=O)c4ccc(-c5cccc6c5C(=O)N(*)C6=O)cc4C3=O)cc2C(F)(F)F)c(C(F)(F)F)c1,tg,346.0,342.6524658203125,351.12822491432354,346.5869385860176
*c1ccc(-c2ccc(N3C(=O)c4ccc(-c5cccc6c5C(=O)N(*)C6=O)cc4C3=O)cc2C)c(C)c1,tg,372.0,349.4097595214844,356.87950798474697,352.87723913828245
*c1ccc(-c2ccc(N3C(=O)c4ccc(Oc5ccc(Oc6ccc7c(c6)C(=O)N(*)C7=O)cc5)cc4C3=O)cc2)cc1,tg,266.0,265.89105224609375,259.68054759915475,263.00811738165993
*c1ccc(-c2ccc(N3C(=O)c4ccc(Oc5ccc6c(c5)C(=O)N(*)C6=O)cc4C3=O)c(OCCCCCCOc3ccc(/C=C/c4ccc(F)cc4)cc3)c2)cc1OCCCCCCOc1ccc(/C=C/c2ccc(F)cc2)cc1,tg,124.0,120.97737121582033,135.26198148180578,127.60833009948466
*c1ccc(-c2ccc(N3C(=O)c4ccc(Oc5ccc6c(c5)C(=O)N(*)C6=O)cc4C3=O)cc2)cc1,egc,3.0187,2.940002918243408,3.0592513812399043,2.993816846703312
*c1ccc(-c2ccc(N3C(=O)c4ccc(Oc5ccc6c(c5)C(=O)N(*)C6=O)cc4C3=O)cc2)cc1,tg,286.0,295.89227294921875,306.6318277469487,300.8776064631601
*c1ccc(-c2ccc(N3C(=O)c4ccc(Oc5ccc6c(c5)C(=O)N(*)C6=O)cc4C3=O)cc2C(F)(F)F)c(C(F)(F)F)c1,tg,275.0,275.755615234375,304.47944647632426,289.08930375650556
*c1ccc(-c2ccc(N3C(=O)c4ccc(Oc5ccc6c(c5)C(=O)N(*)C6=O)cc4C3=O)cc2C)c(C)c1,egc,3.2926,3.053123235702514,3.02386029344026,3.039917582213517
*c1ccc(-c2ccc(NC(=O)c3cccc(C(=O)Nc4ccc(-c5ccc(N6C(=O)c7ccc(-c8ccc9c(c8)C(=O)N(*)C9=O)cc7C6=O)cc5)cc4)c3)cc2)cc1,tg,230.0,294.1213073730469,266.3011799480783,281.20712087035037
*c1ccc(-c2ccc(NC(=O)c3cccc(C(=O)Nc4ccc(-c5ccc(N6C(=O)c7ccc(Oc8ccc9c(c8)C(=O)N(*)C9=O)cc7C6=O)cc5)cc4)c3)cc2)cc1,tg,233.0,288.8836669921875,251.14385735770492,271.36473428742397
*c1ccc(-c2ccc(Oc3ccc(*)s3)s2)cc1,eea,2.1082,1.856764554977417,2.248563529728506,1.9549353503591662
*c1ccc(-c2ccc(Oc3ccc(*)s3)s2)cc1,egb,2.1882,3.052035093307495,2.387936621214084,2.8979832966995867
*c1ccc(-c2ccc(Oc3ccc(*)s3)s2)cc1,egc,3.0679,3.64265775680542,3.128497471259853,3.410629736250673
*c1ccc(-c2ccc(Oc3ccc(*)s3)s2)cc1,eps,5.22,4.388696670532227,5.604640058273722,5.055111420999626
*c1ccc(-c2ccc(Oc3ccc(*)s3)s2)cc1,nc,2.1868,2.027228355407715,2.0735113814403485,2.043509543942911
*c1ccc(-c2ccc(Oc3ccc(C4(C)CC(C)(C)c5ccc(Oc6ccc(-c7ccc(N8C(=O)c9ccc(Oc%10ccc%11c(c%10)C(=O)N(*)C%11=O)cc9C8=O)cc7)cc6C(F)(F)F)cc54)cc3)c(C(F)(F)F)c2)cc1,tg,249.0,262.3247985839844,254.44945818389377,258.66904197491465
*c1ccc(-c2ccc([Si](*)(C)C)s2)s1,tg,45.0,53.580047607421875,77.81201487407287,64.82859941412235
*c1ccc(-c2ccc([Si](*)(CCCC)CCCC)s2)s1,tg,-10.0,5.0870361328125,7.274930169894478,6.102663099986471
*c1ccc(-c2ccc([Si](C)(C)[Si](*)(C)C)s2)s1,tg,45.0,15.88134765625,39.84996402743151,27.007651188246577
*c1ccc(-c2ccc([Si](CCCC)(CCCC)[Si](*)(CCCC)CCCC)s2)s1,tg,-20.0,-35.80738830566406,-23.711126289659383,-30.192267236162184
*c1ccc(-c2ccc3c(c2)C(CCCCCC)(CCCCCC)c2cc(*)ccc2-3)cc1,tg,105.87,111.88972473144533,95.10411663297086,104.09779516068718
*c1ccc(-c2ccc3c(c2)C(CCCCCCBr)(CCCCCCBr)c2cc(*)ccc2-3)cc1,tg,117.2,94.9783172607422,99.4017555720035,97.03169057791584
*c1ccc(-c2ccc3c(c2)C(CCCCCCC#N)(CCCCCCC#N)c2cc(*)ccc2-3)cc1,tg,90.0,95.70182800292967,119.25089561164572,106.63337574237758
*c1ccc(-c2ccc3c(c2)C(CCCCCCCC)(CCCCCCCC)c2cc(*)ccc2-3)c(F)c1,tg,34.0,73.91168212890625,49.45240921400228,62.557614359255126
*c1ccc(-c2ccc3c(c2)C(CCCCCCCC)(CCCCCCCC)c2cc(*)ccc2-3)cc1,tg,81.0,70.04171752929688,74.48682584332859,72.10515012668216
*c1ccc(-c2ccc3nc(*)cc(-c4ccccc4)c3c2)cc1,egc,2.9209,3.503732442855835,3.0938525266195835,3.31876361445142
*c1ccc(-c2ccc3nc(*)cc(-c4ccccc4)c3c2)cc1,tg,383.0,346.88323974609375,384.3008078134744,364.252586949939
*c1ccc(-c2ccc3nc(Oc4cc(-c5ccccc5)c5cc(*)ccc5n4)cc(-c4ccccc4)c3c2)cc1,egc,3.4645,3.4953980445861816,3.115506406357137,3.3239621960354606
*c1ccc(-c2ccc3nc4oc5cc6[nH]c7nc8cc(*)ccc8nc7nc-6[nH]c=5n-4ccc3c2)cc1,egc,1.9579,2.895298957824707,2.3766582608540774,2.6612490366614274
*c1ccc(-c2ccn3sc4nc5nc6c(cc5oc-4cc-3nc2)Nc2nc3ccc(*)cc3nc2O6)cc1,egc,1.535,2.1721725463867188,2.450584161187382,2.2978129307137642
*c1ccc(-c2cnc3cc(-c4ccc5nc(*)cnc5c4)ccc3n2)cc1,egc,3.2178,3.090345859527588,3.175783218809986,3.1289016599521284
*c1ccc(-c2cnc3cc(-c4ccc5nc(*)cnc5c4)ccc3n2)cc1,tg,350.0,358.72821044921875,359.6559671086496,359.158877870183
*c1ccc(-c2cnc3cc(Oc4ccc5nc(*)cnc5c4)ccc3n2)cc1,tg,306.0,279.2904052734375,313.78813010374785,295.3043524984774
*c1ccc(-c2cnc3cc(S(=O)(=O)c4ccc5nc(*)cnc5c4)ccc3n2)cc1,egc,3.1704,3.412534713745117,3.3079649058130904,3.365344904990221
*c1ccc(-c2cnc3cc(S(=O)(=O)c4ccc5nc(*)cnc5c4)ccc3n2)cc1,tg,342.0,317.3940734863281,325.2574902311538,321.04429509889934
*c1ccc(-c2cnc3cc4nc(*)cnc4cc3n2)cc1,tg,392.0,385.6293640136719,388.0553594191721,386.75551834944235
*c1ccc(-c2cnc3cc4ncc(*)nc4cc3n2)cc1,egc,2.7084,2.7076125144958496,3.0304917378156877,2.853320048063252
*c1ccc(-c2cnc3cc4ncc(*)nc4cc3n2)cc1,tg,392.0,439.6411437988281,384.054458559309,413.8376379670914
*c1ccc(-c2cnc3ccc(-c4ccc5nc(*)cnc5c4)cc3n2)cc1,egc,3.3633,3.148397445678711,3.0350784584376114,3.097259345284742
*c1ccc(-c2cnc3ccc(-c4ccc5ncc(*)nc5c4)cc3n2)cc1,egc,3.3577,3.0795955657958984,3.049859917825997,3.0661765917282144
*c1ccc(-c2cnc3ccc(Oc4ccc5ncc(*)nc5c4)cc3n2)cc1,tg,306.0,339.942626953125,318.9529169039095,330.19914066090155
*c1ccc(-c2cnc3ccc(S(=O)(=O)c4ccc5ncc(*)nc5c4)cc3n2)cc1,egc,3.2952,3.0758538246154785,3.2345205653136215,3.1474562622347113
*c1ccc(-c2csc(-c3cc(*)cs3)c2)cc1,egc,3.4782,3.3226914405822754,2.7799412934191667,3.0777615114485464
*c1ccc(-c2csc(-c3nc(*)cs3)n2)cc1,egc,3.3372,3.2650041580200195,3.5480177335095693,3.3927212951794625
*c1ccc(-c2nc(-c3ccc(-c4nc(*)sc4C(=O)O)cc3)c(C(=O)O)s2)cc1,egc,3.4119,3.0146007537841797,2.6890514471824347,2.8676882766300515
*c1ccc(-c2nc3cc(-c4ccc5nc(*)c(-c6ccc7ccccc7c6)nc5c4)ccc3nc2-c2ccc3ccccc3c2)cc1,egc,2.9636,2.9950757026672363,3.072864830323567,3.0301800423414433
*c1ccc(-c2nc3cc(-c4ccc5nc(*)c(-c6ccc7ccccc7c6)nc5c4)ccc3nc2-c2ccc3ccccc3c2)cc1,tg,333.0,332.1944885253906,349.81490199315783,340.3739372497391
*c1ccc(-c2nc3cc(-c4ccc5nc(*)c(-c6ccccc6)nc5c4)ccc3nc2-c2ccccc2)cc1,egc,2.983,3.2581095695495605,3.1446453511508183,3.2069059298695404
*c1ccc(-c2nc3cc(-c4ccc5nc(*)c(-c6ccccc6)nc5c4)ccc3nc2-c2ccccc2)cc1,tg,367.45,321.05023193359375,331.8399695810802,326.0588604767451
*c1ccc(-c2nc3cc(-c4ccc5nc(-c6ccccc6)c(*)nc5c4)ccc3nc2-c2ccccc2)cc1,egc,3.3015,3.157026767730713,3.0846987852946053,3.1243869099525856
*c1ccc(-c2nc3cc(-c4ccc5nc(-c6ccccc6)c(-c6ccc(N7C(=O)C8OC9C(=O)N(*)C(=O)C9C8C7=O)cc6)nc5c4)ccc3nc2-c2ccccc2)cc1,tg,230.0,298.41229248046875,307.03369921704103,302.41437531822646
*c1ccc(-c2nc3cc(-c4ccc5oc(*)nc5c4)ccc3o2)cc1,egc,3.1145,2.907153606414795,3.389492335315572,3.124821333094594
*c1ccc(-c2nc3cc(-c4ccc5oc(*)nc5c4)ccc3o2)cc1,tg,430.0,442.6711120605469,384.0305832732404,415.45000290429095
*c1ccc(-c2nc3cc(C(=O)c4ccc5nc(-c6ccccc6)c(-c6ccc(N7C(=O)C8OC9C(=O)N(*)C(=O)C9C8C7=O)cc6)nc5c4)ccc3nc2-c2ccccc2)cc1,tg,255.0,304.6150207519531,288.1973833375698,296.99390427522894
*c1ccc(-c2nc3cc(C)ccc3o2)c(*)c1,tg,221.0,333.529296875,290.5096206784577,313.55943429309315
*c1ccc(-c2nc3cc(Oc4ccc(NC(=O)CN5C(=O)c6ccc(C(c7ccc8c(c7)C(=O)N(CC(=O)Nc7ccc(Oc9ccc%10nc(-c%11ccccc%11)c(*)nc%10c9)cc7)C8=O)(C(F)(F)F)C(F)(F)F)cc6C5=O)cc4)ccc3nc2-c2ccccc2)cc1,tg,280.0,249.12332153320312,259.00951038562573,253.71252001855868
*c1ccc(-c2nc3cc(Oc4ccc(NC(=O)c5cc(C(=O)Nc6ccc(Oc7ccc8nc(-c9ccccc9)c(*)nc8c7)cc6)cc(N6C(=O)c7ccccc7C6=O)c5)cc4)ccc3nc2-c2ccccc2)cc1,tg,302.0,285.60882568359375,298.6536882369405,291.66428996463674
*c1ccc(-c2nc3cc(Oc4ccc5nc(*)c(-c6ccccc6)nc5c4)ccc3nc2-c2ccccc2)cc1,egc,3.1353,3.100961685180664,3.167057524691151,3.130789128566825
*c1ccc(-c2nc3cc(Oc4ccc5nc(*)c(-c6ccccc6)nc5c4)ccc3nc2-c2ccccc2)cc1,tg,326.0,337.03570556640625,310.31278000643306,324.6308434567727
*c1ccc(-c2nc3cc(Oc4ccc5nc(-c6ccccc6)c(*)nc5c4)ccc3nc2-c2ccccc2)cc1,tg,296.43,299.84625244140625,310.07281469862534,304.5934532810628
*c1ccc(-c2nc3cc(S(=O)(=O)c4ccc5nc(*)c(-c6ccccc6)nc5c4)ccc3nc2-c2ccccc2)cc1,tg,277.5,361.9916076660156,331.7843354184611,347.9693013845379
*c1ccc(-c2nc3cc(S(=O)(=O)c4ccc5nc(-c6ccccc6)c(*)nc5c4)ccc3nc2-c2ccccc2)cc1,tg,291.8,295.47015380859375,297.82313116305215,296.5624129463008
*c1ccc(-c2nc3cc4nc(*)[nH]c4cc3[nH]2)cc1,egc,3.6007,3.1587328910827637,3.224082825028896,3.188223725445467
*c1ccc(-c2nc3cc4nc(*)c(-c5ccccc5)nc4cc3nc2-c2ccccc2)cc1,egc,2.6364,3.048739433288574,2.82374252632487,2.9472038063228814
*c1ccc(-c2nc3cc4nc(*)c(-c5ccccc5)nc4cc3nc2-c2ccccc2)cc1,tg,395.0,365.1278076171875,374.89414079315793,369.6613687384338
*c1ccc(-c2nc3cc4nc(*)oc4cc3o2)cc1,ei,5.6689,5.5575761795043945,5.721267205396819,5.625836141144601
*c1ccc(-c2nc3cc4nc(-c5ccccc5)c(*)nc4cc3nc2-c2ccccc2)cc1,egc,2.8531,3.089801549911499,2.7378702135247432,2.9309835049386948
*c1ccc(-c2nc3ccc(-c4ccc5nc(*)c(-c6ccccc6)c(-c6ccccc6)c5c4)cc3c(-c3ccccc3)c2-c2ccccc2)cc1,tg,376.25,357.16693115234375,370.23472490899667,363.2330401666658
*c1ccc(-c2nc3ccc(-c4ccc5nc(*)c(-c6ccccc6)nc5c4)cc3nc2-c2ccccc2)cc1,egc,3.1693,3.1574110984802246,3.078140914359288,3.12163839407721
*c1ccc(-c2nc3ccc(-c4ccc5nc(*)sc5c4)cc3s2)cc1,egc,3.0122,3.294393539428711,3.3242603545225395,3.3078717060263942
*c1ccc(-c2nc3ccc(Oc4ccc5nc(*)c(-c6ccccc6)c(-c6ccccc6)c5c4)cc3c(-c3ccccc3)c2-c2ccccc2)cc1,tg,345.0,333.00628662109375,310.43569780925355,322.5289516707809
*c1ccc(-c2nc3ccc(Oc4ccc5nc(*)c(-c6ccccc6)nc5c4)cc3nc2-c2ccccc2)cc1,egc,3.199,3.2715649604797363,3.152551698312998,3.217857172428759
*c1ccc(-c2nc3ccc(Oc4ccc5nc(*)c(-c6ccccc6)nc5c4)cc3nc2-c2ccccc2)cc1,tg,304.0,304.01171875,328.86292182449023,315.547721673995
*c1ccc(-c2nc3ccc(S(=O)(=O)c4ccc5nc(*)c(-c6ccccc6)nc5c4)cc3nc2-c2ccccc2)cc1,tg,345.0,294.8808288574219,287.20939722266223,291.31972730815085
*c1ccc(-c2nnc(*)o2)c(OCC)c1,tg,231.0,268.19732666015625,184.6369819435039,229.40836428710998
*c1ccc(-c2nnc(*)o2)c(OCCCCC)c1,egc,3.0444,4.312739849090576,3.8922546724687046,4.1229851248402145
*c1ccc(-c2nnc(*)o2)c(OCCCCC)c1,tg,205.0,190.506591796875,165.79755860256955,179.03658455721768
*c1ccc(-c2nnc(*)o2)c(OCCCCCCCC)c1,tg,173.0,121.76519775390624,142.84219614575332,131.54920355630435
*c1ccc(-c2nnc(*)o2)cc1,egc,3.0775,3.695858955383301,3.694700537332867,3.6953361895167545
*c1ccc(-c2nnc(-c3cccc(-c4nnc(*)n4-c4ccccc4)c3)n2-c2ccccc2)cc1,tg,265.0,275.80224609375,275.06488858468794,275.45996252884277
*c1ccc(-c2nnc(-c3cccc(-c4nnc(*)o4)c3)o2)cc1,egc,3.4013,3.3471312522888184,3.7292773648649047,3.5195844902312157
*c1ccc(-c2nnc(-c3cccc(-c4nnc(*)o4)c3)o2)cc1,tg,277.0,311.232177734375,250.31504423443928,282.95426184956955
*c1ccc(-c2nnc(-c3cccc(-c4nnc(*)o4)n3)o2)cc1,egc,3.8824,3.5816166400909424,3.3492514172608803,3.476755871543225
*c1ccc(-c2nnc(-c3nnc(*)o3)o2)cc1,egc,2.9171,3.5778818130493164,3.888579970232553,3.718092327995526
*c1ccc(-c2sc(-c3cc(CCCC)c(*)s3)cc2CCCC)cc1,tg,122.3,141.96803283691406,80.36466247045506,113.37156374263071
*c1ccc(-c2sc(-c3cc(SCCCC)c(*)s3)cc2SCCCC)cc1,egc,2.4731,2.6135153770446777,2.5315108353423996,2.576508723628245
*c1ccc(-c2sc(-c3cc(SCCCCCCCC)c(*)s3)cc2SCCCCCCCC)cc1,egc,2.4336,2.1097476482391357,2.3090766661392887,2.1996999817092697
*c1ccc(-c2sc(-c3cc(SCCCCCCCCCCCC)c(*)s3)cc2SCCCCCCCCCCCC)cc1,tg,60.35,32.38615417480469,55.128081733893815,42.94302508493936
*c1ccc(-c2sc(-c3ccc(-c4cc(CCCCCCCCCCCC)c(*)s4)cc3)cc2CCCCCCCCCCCC)cc1,tg,-19.2,60.51080322265625,40.95488450099678,51.4328871604738
*c1ccc(-c2sc(-c3ccc(-c4cc(SCCCC)c(*)s4)cc3)cc2SCCCC)cc1,tg,26.4,110.5753173828125,74.70002831000681,93.92190070907898
*c1ccc(-n2c(=O)c3cc4c(=O)n(*)c(=O)c4cc3c2=O)c(C)c1,egc,2.9393,2.6653480529785156,2.70295589327223,2.682319555807503
*c1ccc(-n2c(=O)c3cc4c(=O)n(*)c(=O)c4cc3c2=O)cc1,egc,2.8625,2.5165607929229736,3.0262613038531,2.7465762257590036
*c1ccc(-n2ccc(-c3ccc(-c4ccn(*)n4)cc3)n2)cc1,egc,3.3335,3.409839630126953,3.693839057746438,3.5380016583538305
*c1ccc(-n2ccc(-c3cccc(-c4ccn(*)n4)c3)n2)cc1,egc,3.7316,3.2890024185180664,3.2937948111904545,3.2911651086688924
*c1ccc(/C=C(\C#N)C(=O)NC2CCCCC2NC(=O)/C(C#N)=C/c2ccc(N(c3ccccc3)c3ccc(N(*)c4ccccc4)cc3)cc2)cc1,tg,239.0,276.7947998046875,231.9073458832416,255.95790920682197
*c1ccc(C#Cc2cc(OCCCCCCCC)c(C#Cc3ccc(-c4nnc(*)o4)cc3)cc2OCCCCCCCC)cc1,tg,130.0,89.66073608398438,85.64631322618074,87.79722896575907
*c1ccc(C(*)C)cc1,tg,79.43,219.93988037109375,114.48296130163712,170.9864625790373
*c1ccc(C(=O)C(F)(F)C(*)(F)F)cc1,eea,3.4595,3.291668176651001,3.4037624367944,3.319754984900046
*c1ccc(C(=O)C(F)(F)C(*)(F)F)cc1,egb,3.5762,3.2970786094665527,3.907837832809533,3.438757230340721
*c1ccc(C(=O)C(F)(F)C(*)(F)F)cc1,egc,4.443,3.836904525756836,4.271258585350931,4.032917939279426
*c1ccc(C(=O)C(F)(F)C(*)(F)F)cc1,ei,7.7091,7.291686058044434,7.263120262975069,7.279773981221491
*c1ccc(C(=O)C(F)(F)C(*)(F)F)cc1,eps,3.85,3.779660224914551,3.977899280361692,3.88830790703574
*c1ccc(C(=O)C(F)(F)C(*)(F)F)cc1,nc,1.8174,1.7963770627975464,1.8066199451945215,1.7999802476742528
*c1ccc(C(=O)C(F)(F)C(*)(F)F)s1,eea,3.7613,3.8180646896362305,3.421497386512641,3.718699121886159
*c1ccc(C(=O)C(F)(F)C(*)(F)F)s1,ei,7.5565,7.287158489227295,7.041732708194905,7.184814733316091
*c1ccc(C(=O)C(F)(F)C(*)(F)F)s1,eps,3.93,4.05643367767334,4.452655004620769,4.273588307888467
*c1ccc(C(=O)NCCCCCCCCCCNC(=O)c2ccc(-c3nc4ccccc4nc3*)cc2)cc1,tg,166.0,188.91018676757812,171.36342639288475,180.76492802970694
*c1ccc(C(=O)NCCCCCCCCNC(=O)c2ccc(-c3nc4ccccc4nc3*)cc2)cc1,tg,185.0,194.77145385742188,159.47666289049755,178.38750614367183
*c1ccc(C(=O)NNC(=O)c2ccc(C(=O)NNC(=O)c3ccc(C4(*)OC(=O)c5ccccc54)cc3)cc2)cc1,tg,237.0,284.0755615234375,253.28315477146532,269.7816340518846
*c1ccc(C(=O)Nc2ccc(-c3cc(Br)ccc3NC(=O)c3ccc(S(*)(=O)=O)cc3)cc2)cc1,tg,288.0,215.61260986328125,278.7462865442764,244.91945173373085
*c1ccc(C(=O)Nc2ccc(-c3ccc(NC(=O)c4ccc(-n5c(=O)c6sc7c(=O)n(*)c(=O)c7sc6c5=O)cc4)cc3)cc2)cc1,egc,1.2847,2.2693769931793213,1.714284189320704,2.018877123538797
*c1ccc(C(=O)Nc2ccc(-c3nnc(*)o3)cc2)c(Oc2ccccc2)c1,tg,235.0,235.19955444335935,236.40334736950217,235.75835872636497
*c1ccc(C(=O)Nc2ccc(-n3c(=O)c4cc5c(=O)n(*)c(=O)c5cc4c3=O)cc2C(=O)OCC)cc1,egc,2.463,2.7248716354370117,2.6205099953194995,2.677775767749333
*c1ccc(C(=O)Nc2ccc(NC(=O)c3ccc(-n4c(=O)c5sc6c(=O)n(*)c(=O)c6sc5c4=O)cc3)cc2)cc1,egc,1.4889,2.2238619327545166,1.5792031545707237,1.9329431192243909
*c1ccc(C(=O)Nc2ccc(Oc3ccc(NC(=O)c4ccc(-n5c(=O)c6cc7c(=O)n(*)c(=O)c7cc6c5=O)cc4)cc3)cc2)cc1,egc,1.639,2.1616387367248535,2.1602258895388484,2.1610011531830455
*c1ccc(C(=O)Nc2ccc(Oc3ccc(NC(=O)c4ccc(Oc5ccc(-c6nn(*)c(=O)c7ccccc67)c6ccccc56)cc4)cc3)cc2)cc1,egc,3.2201,2.9443602561950684,2.8116465671920716,2.8844697990252595
*c1ccc(C(=O)Nc2cccc(-n3c(=O)c4cc5c(=O)n(*)c(=O)c5cc4c3=O)c2)cc1,egc,2.445,2.5873732566833496,2.6904699929093754,2.633898304036622
*c1ccc(C(=O)Nc2cccc(Oc3ccc(S(=O)(=O)c4ccc(Oc5cccc(NC(=O)c6ccc(N7C(=O)c8ccc(-c9ccc%10c(c9)C(=O)N(*)C%10=O)cc8C7=O)cc6)c5)cc4)cc3)c2)cc1,tg,262.0,228.6962890625,236.599609491454,232.36503408479922
*c1ccc(C(=O)Nc2cccc(Oc3ccc(S(=O)(=O)c4ccc(Oc5cccc(NC(=O)c6ccc(N7C(=O)c8ccc(-c9cccc%10c9C(=O)N(*)C%10=O)cc8C7=O)cc6)c5)cc4)cc3)c2)cc1,tg,241.0,263.2228698730469,271.50626346264517,267.0680459952563
*c1ccc(C(=O)Nc2cccc(S(=O)(=O)c3cccc(NC(=O)c4ccc(N5C(=O)c6ccc(-c7ccc8c(c7)C(=O)N(*)C8=O)cc6C5=O)cc4)c3)c2)cc1,tg,256.0,283.5706481933594,264.517952316842,274.7263296836004
*c1ccc(C(=O)OCCCCCCCCCCOc2ccc(C=CC(=O)C=Cc3ccc(OCCCCCCCCCCOC(=O)c4ccc(-c5nnc(*)o5)cc4)cc3)cc2)cc1,tg,58.0,73.70355224609375,70.58957066641015,72.25803266698848
*c1ccc(C(=O)OCCCCCCCCCOC(=O)c2ccc(-c3nnc(*)s3)cc2)cc1,tg,72.0,67.6194076538086,55.81495311553846,62.13974448975697
*c1ccc(C(=O)OCCCCCCCCOc2ccc(C=C3CCC(=Cc4ccc(OCCCCCCCCOC(=O)c5ccc(-c6nnc(*)o6)cc5)cc4)C3=O)cc2)cc1,tg,99.0,69.70719909667969,84.04560143637147,76.36312842212521
*c1ccc(C(=O)OCCCCCCCCOc2ccc(C=C3CCCCC(=Cc4ccc(OCCCCCCCCOC(=O)c5ccc(-c6nnc(*)o6)cc5)cc4)C3=O)cc2)cc1,tg,98.0,69.6541519165039,87.99680716031968,78.16886743720639
*c1ccc(C(=O)OCCCCCCCCOc2ccc(C=CC(=O)C=Cc3ccc(OCCCCCCCCOC(=O)c4ccc(-c5nnc(*)o5)cc4)cc3)cc2)cc1,tg,59.0,70.82992553710938,79.27856068616144,74.75180728629834
*c1ccc(C(=O)OCCCCCCOc2ccc(C=C3CCCC(=Cc4ccc(OCCCCCCOC(=O)c5ccc(-c6nnc(*)o6)cc5)cc4)C3=O)cc2)cc1,tg,71.0,78.54479217529297,100.99844478625452,88.96784499080476
*c1ccc(C(=O)OCCCCCCOc2ccc(C=C3CCCCC(=Cc4ccc(OCCCCCCOC(=O)c5ccc(-c6nnc(*)o6)cc5)cc4)C3=O)cc2)cc1,tg,104.0,81.65281677246094,71.45201648712741,76.91757471733919
*c1ccc(C(=O)Oc2c(C)cc(C(c3cccnc3)c3cc(C)c(OC(=O)c4ccc(N5C(=O)CC(Nc6ccc(Cc7ccc(NC8CC(=O)N(*)C8=O)cc7)cc6)C5=O)cc4)c(C)c3)cc2C)cc1,tg,186.0,225.25067138671875,222.3975357220073,223.92623726286533
*c1ccc(C(=O)Oc2c(C)cc(C(c3cccnc3)c3cc(C)c(OC(=O)c4ccc(N5C(=O)CC(Nc6ccc(NC7CC(=O)N(*)C7=O)cc6)C5=O)cc4)c(C)c3)cc2C)cc1,tg,212.0,208.2153778076172,203.96723005196844,206.24337489154783
*c1ccc(C(=O)Oc2ccc(C(C)(C)c3ccc(OC(=O)c4ccc(N5C(=O)CC(SCCOCCSC6CC(=O)N(*)C6=O)C5=O)cc4)cc3)cc2)cc1,tg,143.0,151.56895446777344,147.88404627868834,149.85840904602787
*c1ccc(C(=O)Oc2ccc(OC(=O)c3ccc(N4C(=O)CC(SCCOCCSC5CC(=O)N(*)C5=O)C4=O)cc3)cc2)cc1,tg,166.0,142.90200805664062,135.55111784065798,139.48970279434172
*c1ccc(C(=O)Oc2ccc3ccc(OC(=O)c4ccc(N5C(=O)CC(SCCOCCSC6CC(=O)N(*)C6=O)C5=O)cc4)cc3c2)cc1,tg,160.0,156.22509765625,159.71133633874277,157.84342009780067
*c1ccc(C(=O)c2ccc(C(=O)c3ccc(S(*)(=O)=O)cc3)cc2)cc1,tg,213.5,178.4279327392578,192.7949155281876,185.09712919486964
*c1ccc(C(=O)c2cccc(-n3c(=O)c4cc5c(=O)n(*)c(=O)c5cc4c3=O)c2)cc1,egc,3.1782,2.373530626296997,2.408799401949875,2.3894465661939175
*c1ccc(C(=S)c2ccc(-c3ccc(*)s3)s2)cc1,eea,3.54,3.0550360679626465,3.285715768681771,3.112836141871486
*c1ccc(C(=S)c2ccc(C(=S)C(=O)Nc3ccc(-c4ccc(*)s4)cc3)s2)s1,ei,5.6233,5.7009453773498535,5.4216522823753905,5.584478785211439
*c1ccc(C(C#N)(C(=O)O)C(*)(C#N)C(=O)O)cc1,egc,5.2415,4.949062824249268,4.428362544091782,4.714083463330626
*c1ccc(C(C#N)(C(=O)OCC(C)C)C(*)(C#N)C(=O)OCC(C)C)cc1,tg,108.0,93.81871032714844,105.29449586164776,99.14580435492277
*c1ccc(C(C#N)(C(=O)OCC)C(*)(C#N)C(=O)OCC)cc1,tg,108.0,145.5502166748047,120.18701749344062,133.77654362400466
*c1ccc(C(C)(C)c2ccc(-n3c(=O)c4cc5c(=O)n(*)c(=O)c5cc4c3=O)cc2)cc1,egc,2.5724,3.008479356765747,2.5803729888061517,2.8152853743889352
*c1ccc(C(C)(C)c2ccc(C(C)(C)c3ccc(N4C(=O)c5ccc(Oc6ccc7ccc(Oc8ccc9c(c8)C(=O)N(*)C9=O)cc7c6)cc5C4=O)cc3)cc2)cc1,tg,246.0,242.52420043945312,235.33362065191628,239.18631175834565
*c1ccc(C(C)(C)c2ccc(C(C)(C)c3ccc(N4C(=O)c5ccc(Oc6cccc7c(Oc8ccc9c(c8)C(=O)N(*)C9=O)cccc67)cc5C4=O)cc3)cc2)cc1,tg,253.0,243.97024536132812,245.1933623056795,244.538019911483
*c1ccc(C(C)(C)c2ccc(N3C(=O)c4ccc(Oc5ccc(Oc6ccc7c(c6)C(=O)N(*)C7=O)cc5)cc4C3=O)cc2)cc1,tg,264.0,231.0584716796875,254.7342402645458,242.0488343918701
*c1ccc(C(C)(C)c2ccc(N3C(=O)c4ccc(Oc5ccc6c(c5)C(=O)N(*)C6=O)cc4C3=O)cc2)cc1,tg,265.0,258.3045349121094,272.99452625561105,265.12367290652105
*c1ccc(C(C)(C)c2ccc(N3C(=O)c4ccc(Oc5cccc6c(Oc7ccc8c(c7)C(=O)N(*)C8=O)cccc56)cc4C3=O)cc2)cc1,tg,265.0,246.54562377929688,265.879755023405,255.52058542990136
*c1ccc(C(C=CC)c2ccc(-n3c(=O)c4cc5c(=O)n(*)c(=O)c5cc4c3=O)cc2)cc1,egc,2.5577,2.423414945602417,2.3165121418602195,2.3751723126309985
*c1ccc(C(F)(F)C(*)(F)F)cc1,tg,76.95,109.17829895019533,82.30217410194004,96.70232127194008
*c1ccc(C(F)(F)C(=O)C(*)(F)F)cc1,nc,1.7375,1.7946009635925293,1.7853965903966549,1.7913630997751404
*c1ccc(C(F)(F)C(=O)C(*)(F)F)s1,eps,4.05,4.140264987945557,3.8938358355207887,4.005206050353014
*c1ccc(C(F)(F)CC(*)(F)F)cc1,eea,1.9565,2.1746606826782227,1.9888840085954549,2.128111699568535
*c1ccc(C(F)(F)CC(*)(F)F)cc1,egb,4.3368,4.623317718505859,4.787058326700196,4.661300842891758
*c1ccc(C(F)(F)CC(*)(F)F)cc1,egc,4.7291,5.040614128112793,5.021907923569253,5.032172473371364
*c1ccc(C(F)(F)CC(*)(F)F)cc1,ei,7.0413,7.091794013977051,7.353277228668986,7.200833798578069
*c1ccc(C(F)(F)CC(*)(F)F)cc1,eps,3.47,3.694509267807007,3.5817162574570154,3.6326914836859285
*c1ccc(C(F)(F)CC(*)(F)F)cc1,nc,1.7249,1.756869912147522,1.7139297449342363,1.7417646561160902
*c1ccc(C(F)(F)CC(*)(F)F)s1,eea,2.025,2.585177183151245,2.1044044570088563,2.4647127512235323
*c1ccc(C(F)(F)CC(*)(F)F)s1,egc,5.0751,3.555556297302246,4.408746483647927,3.940580259011905
*c1ccc(C(F)(F)CC(*)(F)F)s1,ei,7.1393,6.651635646820068,7.153646036553812,6.860976444578467
*c1ccc(C(F)(F)CC(*)(F)F)s1,nc,1.7568,1.7885209321975708,1.7680711956401909,1.7813272362592145
*c1ccc(C(F)(F)NC(*)(F)F)cc1,eea,2.1641,2.435356855392456,2.1331731081976075,2.35964042751665
*c1ccc(C(F)(F)NC(*)(F)F)cc1,egb,4.2709,4.655723571777344,4.236763594895674,4.5585368745365304
*c1ccc(C(F)(F)NC(*)(F)F)cc1,nc,1.7422,1.7714427709579468,1.752570140983154,1.7648038609057402
*c1ccc(C(F)(F)NC(*)(F)F)s1,eea,2.4083,2.5878865718841553,2.279129716847374,2.5105231585220227
*c1ccc(C(F)(F)NC(*)(F)F)s1,egc,4.586,3.799992084503174,4.195153044827061,3.9783186064109777
*c1ccc(C(F)(F)NC(*)(F)F)s1,ei,7.3853,6.712525367736816,6.756318130571315,6.730787164893407
*c1ccc(C(F)(F)NC(*)(F)F)s1,eps,4.48,3.979925394058227,4.036642981262095,4.011010259607588
*c1ccc(C(F)(F)c2ccc(C(*)(F)F)cc2)cc1,egb,4.1742,3.847315549850464,4.061993305379313,3.897114631343187
*c1ccc(C(F)(F)c2ccc(C(*)(F)F)cc2)cc1,nc,1.8364,1.8552294969558716,1.7688124901193798,1.824830197222094
*c1ccc(C(F)(F)c2ccc(C(*)(F)F)cc2)s1,eea,2.9023,2.3513126373291016,2.389053658435301,2.3607691859657303
*c1ccc(C(F)(F)c2ccc(C(*)(F)F)cc2)s1,ei,6.4074,6.731450080871582,6.5682847042108925,6.663409317542332
*c1ccc(C(F)(F)c2ccc(C(*)(F)F)cc2)s1,eps,4.0,3.7626829147338863,3.652456217461608,3.7022716343255198
*c1ccc(C(F)(F)c2ccc(C(*)(F)F)s2)s1,eea,2.5399,2.8079118728637695,2.503646030173787,2.731673746402744
*c1ccc(C(F)(F)c2ccc(C(*)(F)F)s2)s1,egc,3.3802,3.8135831356048584,3.595817952812032,3.7153110097141004
*c1ccc(C(F)(F)c2ccc(C(*)(F)F)s2)s1,ei,6.7826,6.604663848876953,6.417030472668227,6.526419809580337
*c1ccc(C(c2ccc(-c3cc(-c4ccccc4)c4cc(Oc5ccc6nc(*)cc(-c7ccccc7)c6c5)ccc4n3)cc2)(C(F)(F)F)C(F)(F)F)cc1,tg,260.0,258.6455993652344,290.86748329736383,273.6030944266802
*c1ccc(C(c2ccc(-c3nc4ccc(-c5ccc6nc(*)[nH]c6c5)cc4[nH]3)cc2)(C(F)(F)F)C(F)(F)F)cc1,tg,269.0,368.58441162109375,324.1373447040718,347.95194999012756
*c1ccc(C(c2ccc(-c3nc4ccc(-c5ccc6nc(*)oc6c5)cc4o3)cc2)(C(F)(F)F)C(F)(F)F)cc1,tg,345.0,341.1593017578125,299.88713953678297,322.0006403990742
*c1ccc(C(c2ccc(-n3c(=O)c4cc5c(=O)n(*)c(=O)c5cc4c3=O)cc2)(C(F)(F)F)C(F)(F)F)cc1,egc,2.7195,2.821870803833008,2.696598511101092,2.765338467652863
*c1ccc(C(c2ccc(C#N)cc2)c2ccc(N(*)c3ccc(C)cc3)cc2)cc1,tg,230.0,221.12127685546875,236.42096404158735,228.22343748673603
*c1ccc(C(c2ccc(C(=O)OC)cc2)c2ccc(N(*)c3ccc(C)cc3)cc2)cc1,tg,222.0,232.4185791015625,187.39421602576732,211.51813486405385
*c1ccc(C(c2ccc(N(*)c3ccc(C)cc3)cc2)c2ccc([N+](=O)[O-])cc2)cc1,tg,215.0,217.30958557128903,213.77346858962648,215.6681094738231
*c1ccc(C(c2ccc(N3C(=O)c4cc(-c5ccc(C(C)(C)C)cc5)c(-c5cc6c(cc5-c5ccc(C(C)(C)C)cc5)C(=O)N(*)C6=O)cc4C3=O)cc2)(C(F)(F)F)C(F)(F)F)cc1,tg,381.0,327.22125244140625,364.9092454697742,344.71613172236334
*c1ccc(C(c2ccc(N3C(=O)c4cc5c(cc4C3=O)C(C(F)(F)F)(C(F)(F)F)c3cc4c(cc3O5)C(=O)N(*)C4=O)cc2)(C(F)(F)F)C(F)(F)F)cc1,tg,430.0,317.9393005371094,310.6785885700243,314.5688562881322
*c1ccc(C(c2ccc(N3C(=O)c4ccc(-c5ccc6c(c5)C(=O)N(*)C6=O)cc4C3=O)cc2)(C(F)(F)F)C(F)(F)F)cc1,tg,333.67,319.5386962890625,324.11524978390764,321.6631461332049
*c1ccc(C(c2ccc(N3C(=O)c4ccc(Oc5ccc6c(c5)C(=O)N(*)C6=O)cc4C3=O)cc2)(C(F)(F)F)C(F)(F)F)cc1,tg,305.0,276.12451171875,287.7838017026883,281.53678906175253
*c1ccc(C(c2ccc(N3C(=O)c4ccc(Oc5ccc6cc(Oc7ccc8c(c7)C(=O)N(*)C8=O)ccc6c5)cc4C3=O)cc2)(C(F)(F)F)C(F)(F)F)cc1,tg,218.0,249.79539489746097,256.55473994077573,252.93310311827594
*c1ccc(C(c2ccc(N3C(=O)c4ccc(Oc5ccc6ccc(Oc7ccc8c(c7)C(=O)N(*)C8=O)cc6c5)cc4C3=O)cc2)(C(F)(F)F)C(F)(F)F)cc1,tg,256.0,232.5941619873047,239.56761729117423,235.83126083256604
*c1ccc(C(c2ccc(OCCCC)cc2)c2ccc(N(*)c3ccc(C)cc3)cc2)cc1,tg,170.0,130.2941131591797,159.84614245690634,144.01225370017056
*c1ccc(C(c2ccccc2)(c2ccc(-c3nc4ccc(-c5ccc6nc(*)oc6c5)cc4o3)cc2)C(F)(F)F)cc1,egc,3.4178,3.515075922012329,3.329519993526574,3.4313390485137
*c1ccc(C(c2ccccc2)(c2ccc(-c3nc4ccc(-c5ccc6nc(*)oc6c5)cc4o3)cc2)C(F)(F)F)cc1,tg,350.0,354.66302490234375,310.3794198512243,334.1064427592785
*c1ccc(C(c2ccccc2)(c2ccc(-n3c(=O)c4cc5c(=O)n(*)c(=O)c5cc4c3=O)cc2)C(F)(F)F)cc1,egc,2.7963,2.593118190765381,2.716327697360303,2.6487196417767374
*c1ccc(C(c2ccccc2)c2ccc(N(*)c3ccc(C)cc3)cc2)cc1,tg,199.0,199.9845733642578,184.0349226117062,192.58069769809316
*c1ccc(C(c2ccccc2)c2ccc(N(c3ccc(C)cc3)c3ccc(-c4ccc(N(*)c5ccc(C)cc5)cc4)cc3)cc2)cc1,tg,239.0,210.52944946289065,216.31983212991943,213.21736244552054
*c1ccc(C(c2ccccc2)c2ccc(N3C(=O)c4ccc(-c5ccc6c(c5)C(=O)N(*)C6=O)cc4C3=O)cc2)cc1,egc,2.907,3.0014052391052246,2.8641255630982374,2.9394542631512968
*c1ccc(C(c2ccccc2)c2ccc(N3C(=O)c4ccc(Oc5ccc6c(c5)C(=O)N(*)C6=O)cc4C3=O)cc2)cc1,tg,269.0,253.9205322265625,275.9102400086552,264.1282204624859
*c1ccc(C(c2ccccc2)c2ccc(N3C(=O)c4ccc(S(=O)(=O)c5ccc6c(c5)C(=O)N(*)C6=O)cc4C3=O)cc2)cc1,tg,305.0,295.09881591796875,306.16451718036944,300.23554759797935
*c1ccc(C)c(N2C(=O)c3ccc(-c4ccc5c(c4)C(=O)N(*)C5=O)cc3C2=O)c1,egc,3.4309,3.055537462234497,3.1303442601638896,3.089295949102417
*c1ccc(C)c(N2C(=O)c3ccc(-c4ccc5c(c4)C(=O)N(*)C5=O)cc3C2=O)c1,tg,341.33,345.55584716796875,350.55678562728065,347.87729778411864
*c1ccc(C)c(N2C(=O)c3ccc(S(=O)(=O)c4ccc5c(c4)C(=O)N(*)C5=O)cc3C2=O)c1,egc,3.2404,3.1808459758758545,3.1494122879150583,3.166660717696024
*c1ccc(C)c(N2CC(=O)N(*)CC2=O)c1,egc,5.1153,4.798018932342529,4.467337875183715,4.648790621085279
*c1ccc(C2(c3ccc(-c4cc(-c5ccccc5)c5cc(-c6ccc7nc(*)cc(-c8ccccc8)c7c6)ccc5n4)cc3)c3ccccc3C(=O)c3ccccc32)cc1,tg,417.0,365.7432861328125,365.802272986002,365.77066800679387
*c1ccc(C2(c3ccc(-c4cc(-c5ccccc5)c5cc(C6(c7ccc8nc(*)cc(-c9ccccc9)c8c7)c7ccccc7-c7ccccc76)ccc5n4)cc3)c3ccccc3C(=O)c3ccccc32)cc1,tg,385.0,357.68048095703125,404.6965786859203,379.50549438795247
*c1ccc(C2(c3ccc(-c4cc(-c5ccccc5)c5cc(C6(c7ccc8nc(*)cc(-c9ccccc9)c8c7)c7ccccc7C(=O)c7ccccc76)ccc5n4)cc3)c3ccccc3-c3ccccc32)cc1,tg,405.0,329.5101623535156,369.556349859975,348.0997225766013
*c1ccc(C2(c3ccc(N4C(=O)C(c5ccccc5)=C(c5ccc(C6=C(c7ccccc7)C(=O)N(*)C6=O)cc5)C4=O)cc3)c3ccccc3-c3ccccc32)cc1,tg,325.67,345.79559326171875,327.99414814473687,337.532109103415
*c1ccc(C2(c3ccc(N4C(=O)c5ccc(-c6ccc7c(c6)C(=O)N(*)C7=O)cc5C4=O)cc3)c3ccccc3-c3ccccc32)cc1,egc,2.7114,2.547077178955078,2.8587545096353337,2.6877295710642657
*c1ccc(C2(c3ccc(N4C(=O)c5ccc(C(=O)c6ccc7c(c6)C(=O)N(*)C7=O)cc5C4=O)cc3)c3ccccc3-c3ccccc32)cc1,egc,2.4589,2.903228282928467,2.621594930959773,2.7761340070449148
*c1ccc(C2(c3ccc(N4C(=O)c5ccc(Oc6ccc7c(c6)C(=O)N(*)C7=O)cc5C4=O)cc3)OC(=O)c3ccccc32)cc1,egc,3.3847,2.8028721809387207,2.9098752924061424,2.8511600803447212
*c1ccc(C=C(C#N)c2cc(OCCCCCCCC)c(C(C#N)=Cc3ccc(N(*)c4ccccc4)cc3)cc2OCCCCCCCC)cc1,tg,78.0,168.2672119140625,124.39833487862649,147.9031477584462
*c1ccc(C=C(c2ccc(OC)cc2)c2ccc(C(=Cc3ccc(N(*)c4ccccc4)cc3)c3ccc(OC)cc3)cc2)cc1,tg,197.0,221.6177978515625,180.49330312689096,202.52768418706097
*c1ccc(C=Cc2cc(OCC(CC)CCCC)c(C=Cc3ccc(N(*)c4ccccc4)cc3)cc2OC)cc1,tg,147.0,178.77767944335938,148.1678725389406,164.5685153681291
*c1ccc(C=Nc2ccc(C(c3ccccc3)c3ccc(N=Cc4ccc(-c5ccc(*)s5)cc4)cc3)cc2)cc1,tg,129.0,177.5076904296875,181.90986528217633,179.5511931855914
*c1ccc(C=Nc2cccc(N=Cc3ccc(-c4ccc(*)s4)cc3)c2)cc1,tg,150.0,166.74366760253906,165.85118217410314,166.32937319267893
*c1ccc(CC(=O)Nc2ccc(-c3ccc(NC(=O)Cc4ccc(-c5sc(*)c(-c6ccccc6)c5-c5ccccc5)cc4)cc3)cc2)cc1,tg,272.0,265.0380554199219,245.79270457054668,256.1043058945478
*c1ccc(CC(=O)Nc2ccc(Cc3ccc(NC(=O)Cc4ccc(-c5sc(*)c(-c6ccccc6)c5-c5ccccc5)cc4)cc3)cc2)cc1,tg,227.0,213.95974731445312,245.1966861994744,228.46002793403238
*c1ccc(CC(=O)Nc2ccc(NC(=O)Cc3ccc(-c4sc(*)c(-c5ccccc5)c4-c4ccccc4)cc3)cc2)cc1,tg,251.0,236.0837554931641,253.0279634176935,243.94930757835868
*c1ccc(CC(=O)Nc2ccc(S(=O)(=O)c3ccc(NC(=O)Cc4ccc(-c5sc(*)c(-c6ccccc6)c5-c5ccccc5)cc4)cc3)cc2)cc1,tg,252.0,253.09164428710935,247.49461225388336,250.49348524798955
*c1ccc(CC(=O)Nc2cccc(NC(=O)Cc3ccc(-c4sc(*)c(-c5ccccc5)c4-c4ccccc4)cc3)c2)cc1,tg,228.0,262.4436950683594,230.29985181541625,247.52242672400996
*c1ccc(CC(F)(F)C(*)(F)F)cc1,egb,5.11,4.46016263961792,4.393637389273668,4.444730689740039
*c1ccc(CC(F)(F)C(*)(F)F)cc1,egc,5.1278,4.885535717010498,4.923924413718651,4.9028596013307695
*c1ccc(CC(F)(F)C(*)(F)F)cc1,nc,1.7264,1.7505632638931274,1.7357311057150135,1.7453456888039045
*c1ccc(CC(F)(F)C(*)(F)F)s1,eea,1.8781,2.115571975708008,1.9362286071940136,2.070634948640374
*c1ccc(CC(F)(F)C(*)(F)F)s1,ei,6.8904,6.776731014251709,6.922411387849749,6.837480445439638
*c1ccc(CC(F)(F)C(*)(F)F)s1,eps,3.59,3.5365707874298096,3.7931662940309345,3.677201537369788
*c1ccc(CC(F)(F)C(*)(F)F)s1,nc,1.7679,1.725304126739502,1.7588727865544485,1.7371127254023389
*c1ccc(CCc2ccc(N3C(=O)C(=O)N(*)C3=O)cc2)cc1,tg,197.0,226.19894409179688,202.58776632075015,215.2385646289065
*c1ccc(CCc2ccc(N3C(=O)C(=O)N(c4ccc(CCc5ccccc5N5C(=O)C(=O)N(*)C5=O)cc4)C3=O)cc2)cc1,tg,220.0,223.79360961914065,191.4459718439505,208.77773924697436
*c1ccc(Cc2ccc(N3C(=O)C(=O)N(*)C3=O)cc2)cc1,egc,3.5238,3.867860794067383,3.77196208768463,3.8245840423592252
*c1ccc(Cc2ccc(N3C(=O)C(C)C(SCCOCCSC4C(=O)N(c5ccc(Cc6ccc(N7C(=O)CC(C)(SCCOCCSC8(C)CC(=O)N(*)C8=O)C7=O)cc6)cc5)C(=O)C4C)C3=O)cc2)cc1,tg,105.0,162.5449676513672,151.68986468780247,157.5059963326509
*c1ccc(Cc2ccc(N3C(=O)C(Cl)=C(Oc4ccc(C(C)(C)c5ccc(OC6=C(Cl)C(=O)N(*)C6=O)cc5)cc4)C3=O)cc2)cc1,tg,172.0,209.93624877929688,192.6043284014238,201.8907194116329
*c1ccc(Cc2ccc(N3C(=O)C4CCC(C5CCC6C(=O)N(*)C(=O)C6C5)CC4C3=O)cc2)cc1,tg,260.0,296.0235900878906,274.09173720760526,285.84275827072554
*c1ccc(Cc2ccc(N3C(=O)C4CCC5C(=O)N(*)C(=O)C5C4C3=O)c(C)c2)cc1C,egc,4.8465,4.6350483894348145,3.8704698971957927,4.2900127281823845
*c1ccc(Cc2ccc(N3C(=O)C4CCC5C(=O)N(*)C(=O)C5C4C3=O)c(C)c2)cc1C,tg,340.0,326.384765625,295.4401615922481,312.0201877197101
*c1ccc(Cc2ccc(N3C(=O)CC(Nc4ccc(Cc5ccc(NC6CC(=O)N(*)C6=O)cc5)cc4)C3=O)cc2)cc1,tg,239.0,214.85531616210935,232.8156144211939,223.19254042491787
*c1ccc(Cc2ccc(N3C(=O)CC(Nc4ccc(N(c5ccc(NC6CC(=O)N(*)C6=O)cc5)c5ccc([N+](=O)[O-])cc5)cc4)C3=O)cc2)cc1,tg,276.0,258.52606201171875,278.4899910132625,267.7933776682652
*c1ccc(Cc2ccc(N3C(=O)CC(Nc4ccc(N(c5ccc(Nc6ccc([N+](=O)[O-])cc6)cc5)c5ccc(NC6CC(=O)N(*)C6=O)cc5)cc4)C3=O)cc2)cc1,tg,324.0,253.97608947753903,253.56967073175016,253.78742867807057
*c1ccc(Cc2ccc(N3C(=O)N(*)C3=O)cc2)cc1,egc,4.1662,4.297606945037842,4.135772790955397,4.2245751308632835
*c1ccc(Cc2ccc(N3C(=O)c4c(c(-c5ccccc5)c(-c5ccc(Oc6ccc(-c7c(-c8ccccc8)c8c(c(-c9ccccc9)c7-c7ccccc7)C(=O)N(*)C8=O)cc6)cc5)c(-c5ccccc5)c4-c4ccccc4)C3=O)cc2)cc1,tg,356.0,348.2657165527344,366.3759563268888,356.6725441160789
*c1ccc(Cc2ccc(N3C(=O)c4cc(-c5ccc(C(C)(C)C)cc5)c(-c5cc6c(cc5-c5ccc(C(C)(C)C)cc5)C(=O)N(*)C6=O)cc4C3=O)cc2)cc1,tg,360.0,333.814697265625,351.122064077693,341.8488287944772
*c1ccc(Cc2ccc(N3C(=O)c4cc(-c5ccc([Si](C)(C)C)cc5)c(-c5cc6c(cc5-c5ccc([Si](C)(C)C)cc5)C(=O)N(*)C6=O)cc4C3=O)cc2)cc1,tg,348.0,353.8091125488281,322.4127508601915,339.23482738616315
*c1ccc(Cc2ccc(N3C(=O)c4ccc(-c5ccc(-c6ccc(-c7ccc(-c8ccc(-c9ccc%10c(c9)C(=O)N(*)C%10=O)cc8)cc7)cc6)cc5)cc4C3=O)cc2)cc1,tg,244.0,275.82403564453125,249.86566215731415,263.7740808977495
*c1ccc(Cc2ccc(N3C(=O)c4ccc(-c5ccc6c(c5)C(=O)N(*)C6=O)cc4C3=O)c(C(C)(C)C)c2)cc1C(C)(C)C,tg,324.0,330.85528564453125,305.66554577483487,319.1621329259097
*c1ccc(Cc2ccc(N3C(=O)c4ccc(-c5ccc6c(c5)C(=O)N(*)C6=O)cc4C3=O)cc2)cc1,egc,2.9129,3.1440277099609375,2.9336470101934222,3.0490880214974787
*c1ccc(Cc2ccc(N3C(=O)c4ccc(-c5ccc6c(c5)C(=O)N(*)C6=O)cc4C3=O)cc2)cc1,tg,298.0,307.66265869140625,293.93614745185954,301.2907710479381
*c1ccc(Cc2ccc(N3C(=O)c4ccc(Oc5ccc(C6(c7ccc(Oc8ccc9c(c8)C(=O)N(*)C9=O)cc7)CCC(c7ccccc7)CC6)cc5)cc4C3=O)cc2)cc1,tg,232.0,244.18069458007812,238.0943092662663,241.3553762819565
*c1ccc(Cc2ccc(N3C(=O)c4ccc(Oc5ccc(C6(c7ccc(Oc8ccc9c(c8)C(=O)N(*)C9=O)cc7)CCCCCCCCCCC6)cc5)cc4C3=O)cc2)cc1,tg,240.0,251.3398895263672,248.65229932027785,250.09230210039775
*c1ccc(Cc2ccc(N3C(=O)c4ccc(Oc5ccc(Oc6ccc7c(c6)C(=O)N(*)C7=O)cc5)cc4C3=O)c(C)c2)cc1C,tg,268.0,239.36734008789065,267.31674227196754,252.34153632108598
*c1ccc(Cc2ccc(N3C(=O)c4ccc(Oc5ccc(Oc6ccc7c(c6)C(=O)N(*)C7=O)cc5)cc4C3=O)c(C)c2C)c(C)c1C,tg,277.0,246.0281524658203,287.548168992487,265.3018685358329
*c1ccc(Cc2ccc(N3C(=O)c4ccc(Oc5ccc(Oc6ccc7c(c6)C(=O)N(*)C7=O)cc5)cc4C3=O)c(OC)c2)cc1OC,tg,269.0,210.40191650390625,242.0221583055508,225.08012748579785
*c1ccc(Cc2ccc(N3C(=O)c4ccc(Oc5ccc(Oc6ccc7c(c6)C(=O)N(*)C7=O)cc5)cc4C3=O)cc2)cc1,tg,257.33,233.2683258056641,242.1910814959135,237.41029573059183
*c1ccc(Cc2ccc(N3C(=O)c4ccc(Oc5ccc6c(c5)C(=O)N(*)C6=O)cc4C3=O)cc2)cc1,tg,265.33,257.6564025878906,271.5704171855461,264.1153298519726
*c1ccc(Cc2ccc(N3C(=O)c4ccc(Sc5ccc6c(c5)C(=O)N(*)C6=O)cc4C3=O)c(C(C)(C)C)c2)cc1C(C)(C)C,tg,300.5,305.703125,280.26730174522066,293.89573963673126
*c1ccc(Cc2ccc(N3C(=O)c4ccc([Si](C)(C)c5ccc6c(c5)C(=O)N(*)C6=O)cc4C3=O)cc2)cc1,egc,2.9801,3.483734607696533,2.9146110604757793,3.2269030051300134
*c1ccc(Cc2ccc(N3C(=O)c4ccc([Si](C)(C)c5ccc6c(c5)C(=O)N(*)C6=O)cc4C3=O)cc2)cc1,tg,280.0,280.6407470703125,286.1656463858596,283.2054218857686
*c1ccc(Cc2ccc(NC(=O)c3ccc(Oc4ccc5c(c4)C(=O)N(*)C5=O)cc3)cc2)cc1,tg,250.0,233.10430908203125,242.28300980288464,237.3650894570036
*c1ccc(Cc2cccc(-n3c(=O)c4cc5c(=O)n(*)c(=O)c5cc4c3=O)c2)cc1,egc,2.6251,2.984816074371338,3.0509166294416574,3.014645645774859
*c1ccc(Cc2ccccc2-n2c(=O)c3cc4c(=O)n(*)c(=O)c4cc3c2=O)cc1,egc,2.9239,2.8631815910339355,2.669452238331726,2.7757562501538056
*c1ccc(N(*)c2ccc(S(=O)(=O)O)cc2)cc1,egc,3.3685,3.3323726654052734,3.459367832506046,3.38968249284779
*c1ccc(N(c2ccc(C#N)cc2)c2ccc(-n3c(=O)c4cc5c(=O)n(*)c(=O)c5cc4c3=O)cc2)cc1,egc,1.6108,1.9730801582336424,2.054852342687517,2.0099819544801916
*c1ccc(N(c2ccc(C#N)cc2)c2ccc(N3C(=O)c4ccc(-c5ccc6c(c5)C(=O)N(*)C6=O)cc4C3=O)cc2)cc1,egc,2.0474,2.500093936920166,2.4523832985156626,2.4785632872383188
*c1ccc(N(c2ccc(C#N)cc2)c2ccc(N3C(=O)c4ccc(Oc5ccc(C(C)(C)c6ccc(C(C)(C)c7ccc(Oc8ccc9c(c8)C(=O)N(*)C9=O)cc7)cc6)cc5)cc4C3=O)cc2)cc1,tg,224.0,233.51101684570312,222.6641687470716,228.4758774600213
*c1ccc(N(c2ccc(C#N)cc2)c2ccc(N3C(=O)c4ccc(Oc5ccc(C(C)(C)c6ccc(Oc7ccc8c(c7)C(=O)N(*)C8=O)cc6)cc5)cc4C3=O)cc2)cc1,tg,230.0,253.5779266357422,233.60940373596677,244.30847847787282
*c1ccc(N(c2ccc(C#N)cc2)c2ccc(N3C(=O)c4ccc(Oc5ccc(C6(c7ccc(Oc8ccc9c(c8)C(=O)N(*)C9=O)cc7)CCCCC6)cc5)cc4C3=O)cc2)cc1,tg,243.0,271.77239990234375,252.481562053302,262.81753517544064
*c1ccc(N(c2ccc(C#N)cc2)c2ccc(N3C(=O)c4ccc(Oc5ccc(C6(c7ccc(Oc8ccc9c(c8)C(=O)N(*)C9=O)cc7)c7ccccc7-c7ccccc76)cc5)cc4C3=O)cc2)cc1,tg,279.0,299.4693908691406,268.3891898618553,285.04186844200956
*c1ccc(N(c2ccc(C#N)cc2)c2ccc(N3C(=O)c4ccc(Oc5ccc6c(c5)C(=O)N(*)C6=O)cc4C3=O)cc2)cc1,egc,2.2981,2.579658031463623,2.386872881458928,2.492658786275957
*c1ccc(N(c2ccc(C#N)cc2)c2ccc(N3C(=O)c4ccc(Oc5ccc6c(c5)C(=O)N(*)C6=O)cc4C3=O)cc2)cc1,tg,304.0,288.2948913574219,290.13451409953035,289.14884974601176
*c1ccc(N(c2ccc(C#N)cc2)c2ccc(N3C(=O)c4ccc(S(=O)(=O)c5ccc6c(c5)C(=O)N(*)C6=O)cc4C3=O)cc2)cc1,tg,325.0,293.5338134765625,318.78739801452673,305.2566030814793
*c1ccc(N(c2ccc(CCCC)cc2)c2ccc(-c3ccc(*)s3)cc2)cc1,egc,2.8955,3.352890968322754,3.00729829119381,3.196933405969685
*c1ccc(N(c2ccc(OC)cc2)c2ccc(N3C(=O)c4ccc(S(=O)(=O)c5ccc6c(c5)C(=O)N(*)C6=O)cc4C3=O)cc2)cc1,tg,304.0,270.5393371582031,295.91045901254495,282.3166879375366
*c1ccc(N(c2ccccc2)c2ccc(N3C(=O)c4ccc(S(=O)(=O)c5ccc6c(c5)C(=O)N(*)C6=O)cc4C3=O)cc2)cc1,tg,306.0,299.99261474609375,308.72282901423137,304.04520636600284
*c1ccc(N2C(=O)CC(C3C=C(C)C4C(=O)N(*)C(=O)C4C3)C2=O)cc1,tg,327.0,239.64230346679688,249.68245346694272,244.30297117820936
*c1ccc(N2C(=O)c3ccc(-c4ccc5c(c4)C(=O)N(*)C5=O)cc3C2=O)cc1,tg,372.08,331.8328552246094,359.4992595117027,344.67568298613355
*c1ccc(N2C(=O)c3ccc(-c4ccc5c(c4)C(=O)N(*)C5=O)cc3C2=O)nc1,egc,3.2895,3.0966506004333496,3.0609973650149467,3.0805611632032326
*c1ccc(N2C(=O)c3ccc(-c4ccc5c(c4)C(=O)N(c4ccc6[nH]c(*)nc6c4)C5=O)cc3C2=O)cc1,tg,425.0,395.4669799804687,332.3943792782584,366.18848976236103
*c1ccc(N2C(=O)c3ccc(-c4cccc5c4C(=O)N(*)C5=O)cc3C2=O)cc1,egc,3.1892,2.937062978744507,3.1213895476126408,3.0202450721742626
*c1ccc(N2C(=O)c3ccc(-c4cccc5c4C(=O)N(*)C5=O)cc3C2=O)cc1,tg,407.6,354.57470703125,374.81461740340785,363.9701340669047
*c1ccc(N2C(=O)c3ccc(-c4cccc5c4C(=O)N(c4ccc6[nH]c(*)nc6c4)C5=O)cc3C2=O)cc1,egc,2.9114,2.705425262451172,2.6841967224704715,2.695845339128695
*c1ccc(N2C(=O)c3ccc(C(=O)c4ccc5c(c4)C(=O)N(c4ccc(-c6nc7cc(S(=O)(=O)c8ccc9nc(-c%10ccccc%10)c(*)nc9c8)ccc7nc6-c6ccccc6)cc4)C5=O)cc3C2=O)cc1,tg,240.0,296.6748046875,281.5526384650093,289.65504981942024
*c1ccc(N2C(=O)c3ccc(C(=O)c4ccc5c(c4)C(=O)N(c4ccc6[nH]c(*)nc6c4)C5=O)cc3C2=O)cc1,egc,2.4444,2.6912808418273926,2.691052326196908,2.691177718286159
*c1ccc(N2C(=O)c3ccc(C(c4ccc5c(c4)C(=O)N(c4ccc(N6C(=O)c7ccc(-c8ccc9c(c8)C(=O)N(*)C9=O)cc7C6=O)cc4)C5=O)(C(F)(F)F)C(F)(F)F)cc3C2=O)cc1,tg,342.0,332.89093017578125,317.1803126795122,325.59801446335166
*c1ccc(N2C(=O)c3ccc(Oc4ccc5c(c4)C(=O)N(*)C5=O)cc3C2=O)cc1,egc,3.4906,3.0760979652404785,3.141405874868847,3.1055698350515817
*c1ccc(N2C(=O)c3ccc(Oc4ccc5c(c4)C(=O)N(*)C5=O)cc3C2=O)cc1,tg,363.0,274.6519775390625,324.617986368322,297.84634854101944
*c1ccc(N2C(=O)c3ccc(P(=O)(c4ccccc4)c4ccc5c(c4)C(=O)N(*)C5=O)cc3C2=O)cc1,tg,366.0,324.6827392578125,324.0336076433757,324.3814104175244
*c1ccc(N2CCC(c3cccc(C4=NN(*)CC4)c3)=N2)cc1,egc,2.8203,3.43546724319458,3.17823857943063,3.3193862090093713
*c1ccc(NC(=O)CCCCC(=O)Nc2ccc(S(*)(=O)=O)cc2)cc1,tg,194.0,155.69082641601562,141.55342955710103,149.1282044369804
*c1ccc(NC(=O)CCCCCC(=O)Nc2ccc(S(*)(=O)=O)cc2)cc1,tg,163.0,143.55831909179688,167.51990585856046,154.68135946036122
*c1ccc(NC(=O)CCCCCCCCC(=O)Nc2ccc(S(*)(=O)=O)cc2)cc1,tg,97.0,137.6714630126953,156.81952200262455,146.56004936541797
*c1ccc(NC(=O)CCCCCCCCCCC(=O)Nc2ccc(S(*)(=O)=O)cc2)cc1,tg,160.0,123.99748992919922,117.813170294095,121.12671022571215
*c1ccc(NC(=O)Nc2ccc(NC(=O)Nc3ccc(-c4nc(-c5ccc(-c6nc(-c7ccc([N+](=O)[O-])cc7)c(-c7ccc([N+](=O)[O-])cc7)[nH]6)cc5)[nH]c4*)cc3)cc2)cc1,tg,272.0,286.60797119140625,260.5998435322519,274.53492040894247
*c1ccc(NC(=O)Nc2ccc(NC(=O)Nc3ccc(-c4nc(-c5ccc([N+](=O)[O-])cc5)[nH]c4*)cc3)cc2)cc1,tg,292.0,219.21771240234375,256.6954968758475,236.61501224232597
*c1ccc(NC(=O)c2cc(C(=O)Nc3ccc(-c4nnc(*)o4)cc3)cc(N3C(=O)c4ccccc4C3=O)c2)cc1,tg,327.0,290.67108154296875,308.63839331725785,299.01156150054845
*c1ccc(NC(=O)c2cc(NC(=O)c3ccc(NC(=O)C(C)N4C(=O)c5ccccc5C4=O)cc3)cc(C(=O)Nc3ccc(S(*)(=O)=O)cc3)c2)cc1,tg,208.0,223.75540161132812,245.18084800313247,233.70115801929325
*c1ccc(NC(=O)c2cc(NC(=O)c3ccc(OC(C)=O)cc3)cc(C(=O)Nc3ccc(-c4nnc(*)o4)cc3)c2)cc1,egc,3.4669,2.9815406799316406,3.31221136953361,3.130764312562867
*c1ccc(NC(=O)c2cc(NC(=O)c3ccc(OC(C)=O)cc3)cc(C(=O)Nc3ccc(-c4nnc(*)o4)cc3)c2)cc1,tg,280.0,290.26470947265625,287.73845560049983,289.0920148562791
*c1ccc(NC(=O)c2ccc(C(=O)Nc3ccc(-c4nc5ccc(-c6ccc7nc(*)[nH]c7c6)cc5[nH]4)cc3)cc2)cc1,egc,2.5692,3.2108023166656494,3.139846824750727,3.1787818304489077
*c1ccc(NC(=O)c2ccc(C(=O)Nc3ccc(-c4nnc(*)o4)cc3)c(Oc3ccccc3)c2)cc1,tg,272.0,256.123779296875,246.3016790473077,251.56433093298108
*c1ccc(NC(=O)c2ccc(NC(=O)c3ccc([Si](C)(C)c4ccc(C(=O)Nc5ccc(C(=O)Nc6ccc(-c7sc(*)c(-c8ccccc8)c7-c7ccccc7)cc6)cc5)cc4)cc3)cc2)cc1,tg,337.0,297.7156677246094,260.9917784379541,280.66832828911146
*c1ccc(NC(=O)c2ccc(NC(=O)c3ccc([Si](C)(C)c4ccc(C(=O)Nc5ccc(C(=O)Nc6ccc(S(*)(=O)=O)cc6)cc5)cc4)cc3)cc2)cc1,tg,315.0,298.62945556640625,269.0589901025749,284.90275690187286
*c1ccc(NC(=O)c2ccc(OCCOCCOCCOCCOCCOc3ccc(C(=O)Nc4ccc5[nH]c(*)nc5c4)cc3)cc2)cc1,tg,125.0,124.4285659790039,126.19414448752964,125.24815281252035
*c1ccc(NC(=O)c2ccc(OCCOCCOCCOCCOc3ccc(C(=O)Nc4ccc5[nH]c(*)nc5c4)cc3)cc2)cc1,tg,140.0,139.21337890625,147.42167058770582,143.02369249768648
*c1ccc(NC(=O)c2ccc(OCCOCCOCCOc3ccc(C(=O)Nc4ccc5[nH]c(*)nc5c4)cc3)cc2)cc1,tg,155.0,164.576416015625,171.9203475908616,167.98549105604081
*c1ccc(NC(=O)c2ccc(OCCOCCOc3ccc(C(=O)Nc4ccc5[nH]c(*)nc5c4)cc3)cc2)cc1,tg,175.0,238.2982177734375,182.52563698262517,212.4084186698278
*c1ccc(NC(=O)c2ccc(OCCOc3ccc(C(=O)Nc4ccc5[nH]c(*)nc5c4)cc3)cc2)cc1,tg,225.0,240.39846801757812,211.19881595598795,226.84390204536106
*c1ccc(NC(=O)c2cccc(C(=O)Nc3ccc(-n4c(=O)c5cc6c(=O)n(*)c(=O)c6cc5c4=O)cc3)c2)cc1,egc,2.46,2.339904546737671,2.0364628741805086,2.2029687066570776
*c1ccc(NC(=O)c2cccc(C(=O)Nc3ccc(S(*)(=O)=O)cc3)c2)cc1,tg,78.0,267.4951171875,284.0706028257034,275.18950728265133
*c1ccc(NC(F)(F)C(*)(F)F)cc1,egb,4.1626,3.960613489151001,4.093978604310428,3.991550370439655
*c1ccc(NC(F)(F)C(*)(F)F)cc1,ei,6.1304,6.029119968414307,6.611393234919493,6.271930779936026
*c1ccc(NC(F)(F)C(*)(F)F)cc1,nc,1.7935,1.846864104270935,1.7853356751252714,1.8252199716144255
*c1ccc(NC(F)(F)C(*)(F)F)s1,egb,3.3898,3.7371249198913574,3.6190406093654017,3.709732746964974
*c1ccc(NC(F)(F)C(*)(F)F)s1,ei,5.871,5.9618072509765625,6.3111626165666985,6.10749015401888
*c1ccc(NC(F)(F)C(*)(F)F)s1,nc,1.862,1.7702373266220093,1.8094436247115064,1.7840291026936979
*c1ccc(NC2CC(=O)N(c3ccc(-c4sc(-c5ccc(N6C(=O)CC(Nc7ccc(-c8nc(-c9ccc(-c%10nc(-c%11ccc([N+](=O)[O-])cc%11)c(-c%11ccc([N+](=O)[O-])cc%11)[nH]%10)cc9)[nH]c8*)cc7)C6=O)cc5)c(-c5ccccc5)c4-c4ccccc4)cc3)C2=O)cc1,tg,152.0,302.8689880371094,287.57793304421057,295.77083449579766
*c1ccc(NC2CC(=O)N(c3ccc(-c4sc(-c5ccc(N6C(=O)CC(Nc7ccc(-c8nc(C#N)c(C#N)nc8*)cc7)C6=O)cc5)c(-c5ccccc5)c4-c4ccccc4)cc3)C2=O)cc1,tg,231.0,233.43853759765625,245.68944229116877,239.125444261383
*c1ccc(NC2CC(=O)N(c3ccc(Cc4ccc(N5C(=O)CC(Nc6ccc(-c7nc(-c8ccc(C=Cc9ccc([N+](=O)[O-])cc9)cc8)[nH]c7*)cc6)C5=O)cc4)cc3)C2=O)cc1,tg,250.0,281.417236328125,253.00015893704096,268.22594386263285
*c1ccc(NC2CC(=O)N(c3ccc(Cc4ccc(N5C(=O)CC(Nc6ccc(-c7nc(-c8ccc(N=Nc9ccc([N+](=O)[O-])cc9)cc8)[nH]c7*)cc6)C5=O)cc4)cc3)C2=O)cc1,tg,258.0,212.74581909179688,238.3684857593123,224.63993772706021
*c1ccc(NC=Nc2ccc(S(*)(=O)=O)cc2)cc1,tg,163.0,159.6305389404297,148.66796262891694,154.54167817159453
*c1ccc(Nc2c(F)c(F)c(-c3c(F)c(F)c(Nc4ccc(S(*)(=O)=O)cc4)c(F)c3F)c(F)c2F)cc1,tg,332.0,187.5573883056641,217.35216959751705,201.38821504963886
*c1ccc(Nc2ccc(C(c3ccc(Nc4ccc(S(*)(=O)=O)cc4)cc3)(C(F)(F)F)C(F)(F)F)cc2)cc1,tg,145.0,174.21185302734375,208.1903744378683,189.98478446933103
*c1ccc(Nc2ccc(C3(c4ccc(Nc5ccc(S(*)(=O)=O)cc5)c(C)c4)c4ccccc4-c4ccccc43)cc2C)cc1,tg,269.0,192.1832275390625,204.3259190157697,197.81990130333003
*c1ccc(Nc2ccc(C3(c4ccc(Nc5ccc(S(*)(=O)=O)cc5)c(F)c4)c4ccccc4-c4ccccc43)cc2F)cc1,tg,145.0,202.18101501464844,251.57840439065353,225.111431162761
*c1ccc(Nc2ccc(C3(c4ccc(Nc5ccc(S(*)(=O)=O)cc5)cc4)c4ccccc4-c4ccccc43)cc2)cc1,tg,221.0,202.27784729003903,242.53386202003392,220.96480993895432
*c1ccc(Nc2cccc(Nc3ccc(S(*)(=O)=O)cc3)c2)cc1,tg,145.0,149.66737365722656,185.44509956640573,166.27550121809514
*c1ccc(O)c(N2C(=O)c3ccc(Oc4ccc(C(C)(C)c5ccc(Oc6ccc7c(c6)C(=O)N(*)C7=O)cc5)cc4)cc3C2=O)c1,tg,246.0,241.8410186767578,248.6296781095331,244.99233472498935
*c1ccc(OC(=O)Nc2ccc(-c3ccc(NC(=O)Oc4ccc(-c5nc(-c6ccc(-c7nc(-c8ccc([N+](=O)[O-])cc8)c(-c8ccc([N+](=O)[O-])cc8)[nH]7)cc6)[nH]c5*)cc4)cc3OC)c(OC)c2)cc1,tg,223.0,223.6219940185547,244.35551869282287,233.2465582921693
*c1ccc(OC(=O)Oc2ccc(C3(*)OC(=O)c4ccccc43)cc2)cc1,tg,252.5,236.90069580078125,235.70275824281237,236.34460959722526
*c1ccc(OC(=O)c2cc(Cl)cc(C(=O)Oc3ccc(C4(*)OC(=O)c5ccccc54)cc3)c2)cc1,tg,313.0,286.58172607421875,268.6472703596518,278.25649799800226
*c1ccc(OC(=O)c2ccc(C(=O)Oc3ccc(C4(*)NC(=O)c5ccccc54)cc3)cc2)cc1,tg,327.0,333.1656188964844,298.93298398245696,317.27472720482024
*c1ccc(OC(=O)c2ccc(C(=O)Oc3ccc(C4(*)OC(=O)c5ccccc54)cc3)cc2)cc1,tg,279.0,294.60540771484375,322.34653446029097,307.4829218654121
*c1ccc(OC(=O)c2ccc(C(=O)Oc3ccc(C4(*)OCc5ccccc54)cc3)cc2)cc1,tg,312.0,260.8319091796875,255.72796062568463,258.462640968953
*c1ccc(OC(=O)c2ccc(C(=O)Oc3ccc(C4(*)c5ccccc5Oc5ccccc54)cc3)cc2)cc1,tg,252.0,317.8662109375,263.617954188624,292.6840076211922
*c1ccc(OC(=O)c2ccc([Si](C)(C)c3ccc(C(=O)Oc4ccc(C5(*)c6ccccc6C(=O)N5c5ccccc5)cc4)cc3)cc2)cc1,tg,255.0,243.50619506835935,259.9646363129635,251.1462528053246
*c1ccc(OC(=O)c2ccc([Si](c3ccccc3)(c3ccccc3)c3ccc(C(=O)Oc4ccc(C5(*)OC(=O)c6ccccc65)cc4)cc3)cc2)cc1,tg,250.0,256.31719970703125,226.51607559779788,242.48342860822473
*c1ccc(OC(=O)c2cccc(C(=O)Oc3ccc(-c4nc5ccccc5nc4*)cc3)c2)cc1,tg,245.0,258.0778503417969,271.70325381789934,264.4028034585447
*c1ccc(OC(=O)c2cccc(C(=O)Oc3ccc(C4(*)NC(=O)c5ccccc54)cc3)c2)cc1,tg,325.0,296.5191650390625,300.93783290387125,298.57032390070015
*c1ccc(OC(=O)c2cccc(C(=O)Oc3ccc(C4(*)OC(=O)c5ccccc54)cc3)c2)cc1,egc,3.9147,3.629941701889038,3.7116604948881498,3.6668194038717727
*c1ccc(OC(=O)c2cccc(C(=O)Oc3ccc(C4(*)OC(=O)c5ccccc54)cc3C)c2)c(C)c1,tg,273.0,286.26470947265625,272.5813968646288,279.91287476336703
*c1ccc(OC(=S)c2ccc(*)s2)cc1,eea,3.1094,3.078409194946289,2.9663098577359106,3.050321114566035
*c1ccc(OC(=S)c2ccc(*)s2)cc1,egb,2.0472,2.2060210704803467,2.215913003198717,2.208315715132044
*c1ccc(OC(=S)c2ccc(*)s2)cc1,egc,2.8495,2.5873866081237793,2.7102207356161596,2.642818659684091
*c1ccc(OC(=S)c2ccc(*)s2)cc1,ei,5.9615,5.731800079345703,6.0647326080626165,5.870634578763704
*c1ccc(OC(=S)c2ccc(*)s2)cc1,nc,2.2131,2.2732510566711426,2.147954277364894,2.2291748442536674
*c1ccc(OCC2CCC(COc3ccc(-n4c(=O)c5cc6c(=O)n(*)c(=O)c6cc5c4=O)cc3)CC2)cc1,egc,2.2219,2.558166027069092,2.928232694610001,2.725168105519585
*c1ccc(OCCCCCCCCCCCCCCCC)c(N2C(=O)CC(C3C=C(C)C4C(=O)N(*)C(=O)C4C3)C2=O)c1,tg,186.0,164.67652893066406,118.57086407533582,143.27414116740238
*c1ccc(OCCCCCCCCCCCOC(=O)CCCCCCCCC(=O)OCCCCCCCCCCCOc2ccc(-c3nnc(*)s3)cc2)cc1,tg,52.0,18.278968811035156,41.189311206592,28.914018392846693
*c1ccc(OCCCCCCCCCCCOC(=O)c2ccc(C(=O)OCCCCCCCCCCCOc3ccc(-c4nnc(*)s4)cc3)cc2)cc1,tg,49.5,42.94921875,59.01620828833982,50.40756343208689
*c1ccc(OCCCCCCCCCCCOC(=O)c2ccc(C(=O)OCCCCCCCCCCCOc3cccc(-c4nnc(*)s4)c3)cc2)cc1,tg,49.5,43.28668975830078,43.42156790507172,43.34930059814096
*c1ccc(OCCCCCCCCCCCOC(=O)c2cccc(C(=O)OCCCCCCCCCCCOc3ccc(-c4nnc(*)s4)cc3)c2)cc1,tg,53.5,43.57111358642578,56.488114578345936,49.56722414756787
*c1ccc(OCCCCCCCCCCCOc2ccc(-c3ccc4nc(-c5cccc(-c6cc(-c7ccccc7)c7cc(*)ccc7n6)c5)cc(-c5ccccc5)c4c3)cc2)cc1,tg,133.5,174.6776580810547,135.49743854379366,156.49008278380194
*c1ccc(OCCCCCCCCCCOc2ccc(N3C(=O)c4ccc(-c5ccc6c(c5)C(=O)N(*)C6=O)cc4C3=O)cc2)cc1,tg,153.0,152.97381591796875,139.4668139378973,146.70382513042188
*c1ccc(OCCCCCCN(CC)c2ccc(C(C#N)=C(C#N)C#N)cc2)c(-c2cc(-c3ccccc3)c3cc(Oc4ccc5nc(*)cc(-c6ccccc6)c5c4)ccc3n2)c1,tg,175.0,214.92303466796875,153.0985059356272,186.223903197629
*c1ccc(OCCCCCOc2ccc(N3C(=O)c4ccc(-c5cccc6c5C(=O)N(*)C6=O)cc4C3=O)cc2)cc1,tg,208.0,182.42556762695312,187.05178887465945,184.57307339078355
*c1ccc(OCCCCOc2ccc(-c3nc4ccc(-c5ccc6nc(*)c(-c7ccccc7)nc6c5)cc4nc3-c3ccccc3)cc2)cc1,tg,219.0,205.5831756591797,172.0430949906891,190.0137697232591
*c1ccc(OCCCOc2ccc(N3C(=O)c4ccc(-c5cccc6c5C(=O)N(*)C6=O)cc4C3=O)cc2)cc1,tg,237.5,232.84890747070312,239.30506009820505,235.84587286370146
*c1ccc(OCCN(C)c2ccc(C=CC3=CC(=C4C(=O)c5ccccc5C4=C(C#N)C#N)C=C(C=Cc4ccc(N(C)CCOc5ccc(-c6nc7ccc(Oc8ccc9nc(*)c(-c%10ccccc%10)nc9c8)cc7nc6-c6ccccc6)cc5)cc4)O3)cc2)cc1,tg,260.0,166.88072204589844,203.9077796415293,184.06879311874695
*c1ccc(OCCN(CC)c2ccc(-c3ccc(C(=C(C#N)C#N)c4ccc(-c5ccc(N(CC)CC)cc5)s4)s3)cc2)c(-c2cc(-c3ccccc3)c3cc(Oc4ccc5nc(*)cc(-c6ccccc6)c5c4)ccc3n2)c1,tg,205.0,188.437744140625,187.65378540233837,188.07382814548956
*c1ccc(OCCN(CC)c2ccc(C(C#N)=C(C#N)C#N)cc2)c(-c2cc(-c3ccccc3)c3cc(Oc4ccc5nc(*)cc(-c6ccccc6)c5c4)ccc3n2)c1,tg,200.0,216.94891357421875,239.7594705855224,227.53764248169244
*c1ccc(OCCN(CCOc2ccc(-c3nc4ccc(Oc5ccc6nc(*)c(-c7ccccc7)nc6c5)cc4nc3-c3ccccc3)cc2)c2ccc(N=Nc3ccc([N+](=O)[O-])cc3)cc2)cc1,tg,199.0,201.9210968017578,190.3898647436862,196.56826433161763
*c1ccc(OCCN(CCOc2ccc(-c3nc4ccc(Oc5ccc6nc(*)c(-c7ccccc7)nc6c5)cc4nc3-c3ccccc3)cc2)c2ccc(N=Nc3ccc([N+](=O)[O-])cc3C)cc2)cc1,tg,188.0,190.9180603027344,198.77409534436737,194.5648553065672
*c1ccc(OCCOCCOc2cccc(N3C(=O)c4ccc(Oc5ccc6c(c5)C(=O)N(*)C6=O)cc4C3=O)c2)cc1,tg,146.5,162.91259765625,162.1975231361525,162.58065792158231
*c1ccc(OCCOc2ccc(C=Cc3ccc([N+](=O)[O-])cc3)c(OCCOc3ccc(-c4nc5ccc(Oc6ccc7nc(*)c(-c8ccccc8)nc7c6)cc5nc4-c4ccccc4)cc3)c2)cc1,tg,187.0,190.5080108642578,184.3370688495899,187.64344109225803
*c1ccc(Oc2c(C)cc(-c3cc(C)c(Oc4ccc(N5C(=O)c6ccc(Oc7ccccc7Oc7ccc8c(c7)C(=O)N(*)C8=O)cc6C5=O)cc4C(F)(F)F)c(C)c3)cc2C)c(C(F)(F)F)c1,tg,270.0,276.39111328125,254.67919789336028,266.31237710701083
*c1ccc(Oc2c(C)cc(C(c3cc(C)c(Oc4ccc(N5C(=O)c6ccc(-c7ccc8c(c7)C(=O)N(*)C8=O)cc6C5=O)cc4)c(C)c3)c3cccc4ccccc34)cc2C)cc1,tg,289.5,268.4206848144531,277.66858401489174,272.71358733097486
*c1ccc(Oc2c(C)cc(C(c3cccnc3)c3cc(C)c(Oc4ccc(N5C(=O)CC(Nc6ccc(NC7CC(=O)N(*)C7=O)cc6)C5=O)cc4)c(C)c3)cc2C)cc1,tg,229.0,233.32925415039065,228.29581318011176,230.99271577126893
*c1ccc(Oc2c(C)cc(C(c3cccnc3)c3cc(C)c(Oc4ccc(N5C(=O)CC(Nc6cccc(NC7CC(=O)N(*)C7=O)c6)C5=O)cc4)c(C)c3)cc2C)cc1,tg,217.0,226.126708984375,232.66706273219128,229.16276078969864
*c1ccc(Oc2c(F)c(F)c(C(=O)c3c(F)c(F)c(Oc4ccc(C5(*)OC(=O)c6ccccc65)cc4)c(F)c3F)c(F)c2F)cc1,tg,215.0,277.81622314453125,260.2425460491468,269.65846958426994
*c1ccc(Oc2cc(C(C)(C)C)ccc2Oc2ccc(N3C(=O)c4ccc(-c5ccc6c(c5)C(=O)N(*)C6=O)cc4C3=O)cc2)cc1,tg,257.0,299.827880859375,277.4828430415423,289.455247356255
*c1ccc(Oc2cc3ccccc3cc2Oc2ccc(N3C(=O)c4ccc(Oc5cc6ccccc6cc5Oc5ccc6c(c5)C(=O)N(*)C6=O)cc4C3=O)cc2)cc1,tg,222.0,214.69580078125,233.90607546179504,223.61326784396124
*c1ccc(Oc2cc3ccccc3cc2Oc2ccc(N3C(=O)c4ccc(Oc5ccc6c(c5)C(=O)N(*)C6=O)cc4C3=O)cc2)cc1,tg,254.17,235.67300415039065,234.16618679510827,234.97353501948538
*c1ccc(Oc2cc3ccccc3cc2Oc2ccc(N3C(=O)c4ccc(Oc5ccccc5Oc5ccc6c(c5)C(=O)N(*)C6=O)cc4C3=O)cc2)cc1,tg,216.0,195.33285522460935,204.5311319027234,199.6027228175937
*c1ccc(Oc2cc3ccccc3cc2Oc2ccc(N3C(=O)c4ccc(S(=O)(=O)c5ccc6c(c5)C(=O)N(*)C6=O)cc4C3=O)cc2)cc1,tg,275.0,265.3943176269531,280.61307967933766,272.45891256868083
*c1ccc(Oc2ccc(-c3c(-c4ccccc4)c(-c4ccc(-c5nc6ccccc6c(*)c5-c5ccccc5)cc4)nc4ccccc34)cc2)cc1,tg,273.0,300.273193359375,313.7333292062891,306.5214287474944
*c1ccc(Oc2ccc(-c3c(-c4ccccc4)c4c(c(-c5ccccc5)c3-c3ccccc3)C(=O)N(c3cccc(N5C(=O)c6c(c(-c7ccccc7)c(-c7ccccc7)c(*)c6-c6ccccc6)C5=O)c3)C4=O)cc2)cc1,tg,357.0,321.9184265136719,356.7659254329448,338.09473991876814
*c1ccc(Oc2ccc(-c3c(-c4ccccc4)nc4ccc(Oc5ccc6nc(-c7ccccc7)c(*)c(-c7ccccc7)c6c5)cc4c3-c3ccccc3)cc2)cc1,tg,252.5,291.6188659667969,299.5425232034698,295.29705139617045
*c1ccc(Oc2ccc(-c3cc(-c4ccc(Oc5ccc(-c6cc(*)nc7ccccc67)cc5)cc4)c4ccccc4n3)cc2)cc1,tg,275.67,285.29669189453125,272.25059270079794,279.24065356131575
*c1ccc(Oc2ccc(-c3cc(-c4cccc(-c5cc(*)c6ccccc6n5)c4)nc4ccccc34)cc2)cc1,tg,268.0,332.1057434082031,272.51533631250226,304.44369789525524
*c1ccc(Oc2ccc(-c3cc(-c4ccccc4)c4cc(-c5ccc6nc(*)cc(-c7ccccc7)c6c5)ccc4n3)cc2)cc1,tg,286.67,308.1964111328125,336.7297638154376,321.44167893701103
*c1ccc(Oc2ccc(-c3cc(-c4ccccc4)c4cc(C5(c6ccc7nc(*)cc(-c8ccccc8)c7c6)c6ccccc6-c6ccccc65)ccc4n3)cc2)cc1,tg,315.0,312.5369567871094,314.0548685076447,313.24157595560496
*c1ccc(Oc2ccc(-c3cc(-c4ccccc4)c4cc5nc(*)cc(-c6ccccc6)c5cc4n3)cc2)cc1,egc,2.7429,3.239614248275757,3.1560062908147084,3.2018840123596783
*c1ccc(Oc2ccc(-c3cc(-c4ccccc4)c4cc5nc(*)cc(-c6ccccc6)c5cc4n3)cc2)cc1,tg,365.0,316.03717041015625,317.4874389066562,316.7103893913884
*c1ccc(Oc2ccc(-c3cc(OCCCCCC)c(-c4ccc(Oc5ccc(-c6nnc(*)o6)cc5)cc4)cc3OCCCCCC)cc2)cc1,tg,103.0,149.75140380859375,137.52450662767367,144.07564150414146
*c1ccc(Oc2ccc(-c3ccc(-c4ccc(-c5ccc(Oc6ccc(-c7c8c(c(*)c9ccccc79)C(=O)N(c7ccccc7)C8=O)cc6)c(C(F)(F)F)c5)cc4)cc3)cc2C(F)(F)F)cc1,tg,334.0,269.0270690917969,271.98318928409753,270.3993089419097
*c1ccc(Oc2ccc(-c3ccc(Oc4ccc(-c5nc(*)nc(-c6ccccc6)n5)cc4)cc3)cc2)cc1,tg,241.0,275.82427978515625,234.08877069003552,256.4505314192289
*c1ccc(Oc2ccc(-c3ccc(Oc4ccc(-c5ncc(*)o5)cc4C(F)(F)F)cc3)cc2)c(C(F)(F)F)c1,tg,200.0,189.5018615722656,222.6979243006165,204.91157334965942
*c1ccc(Oc2ccc(-c3ccc(Oc4ccc(-c5nnc(*)c6c(-c7ccccc7)c(-c7ccc8ccccc8c7)c(-c7ccc8ccccc8c7)c(-c7ccccc7)c56)cc4)cc3)cc2)cc1,tg,326.33,363.5453186035156,304.9629038156653,336.3511861399229
*c1ccc(Oc2ccc(-c3ccc(Oc4ccc(N5C(=O)C(c6ccccc6)=C(c6ccc(C7=C(c8ccccc8)C(=O)N(*)C7=O)cc6)C5=O)cc4)cc3)cc2)cc1,tg,257.67,235.78549194335935,263.63548844060415,248.71354375889734
*c1ccc(Oc2ccc(-c3ccc(Oc4ccc(N5C(=O)CC(=O)N(*)C5=S)cc4)cc3)cc2)cc1,tg,158.5,188.17298889160156,156.27757088568444,173.36704029122978
*c1ccc(Oc2ccc(-c3ccc(Oc4ccc(N5C(=O)c6ccc(Oc7c(C)cc(C(C)(C)c8cc(C)c(Oc9ccc%10c(c9)C(=O)N(*)C%10=O)c(C)c8)cc7C)cc6C5=O)cc4)cc3C)c(C)c2)cc1,tg,257.0,223.24874877929688,246.89702226042547,234.22634818194993
*c1ccc(Oc2ccc(-c3ccc(Oc4ccc(N5C(=O)c6ccc(Oc7cc8ccccc8cc7Oc7ccc8c(c7)C(=O)N(*)C8=O)cc6C5=O)cc4)cc3)cc2)cc1,tg,222.5,250.86122131347656,230.0691035513736,241.20945795293798
*c1ccc(Oc2ccc(-c3ccc(Oc4ccc(N5C(=O)c6ccc(Oc7ccc(-c8ccc(Oc9ccc%10c(c9)C(=O)N(*)C%10=O)cc8)cc7)cc6C5=O)cc4)cc3)cc2)cc1,tg,220.0,236.86373901367188,223.7991343058093,230.79911036535307
*c1ccc(Oc2ccc(-c3ccc(Oc4ccc(N5C(=O)c6ccc(Oc7ccc(C(C)(C)c8ccc(Oc9ccc%10c(c9)C(=O)N(*)C%10=O)cc8)cc7)cc6C5=O)cc4)cc3)cc2)cc1,tg,220.0,199.3214111328125,210.9093039134338,204.70054568012176
*c1ccc(Oc2ccc(-c3ccc(Oc4ccc(N5C(=O)c6ccc(Oc7ccc(C(c8ccc(Oc9ccc%10c(c9)C(=O)N(*)C%10=O)cc8)(C(F)(F)F)C(F)(F)F)cc7)cc6C5=O)cc4)cc3)cc2)cc1,tg,217.0,224.1284942626953,229.638722038696,226.68635850553645
*c1ccc(Oc2ccc(-c3ccc(Oc4ccc(N5C(=O)c6ccc(Oc7ccc(C8(c9ccc(Oc%10ccc%11c(c%10)C(=O)N(*)C%11=O)cc9)CCCCCCCCCCC8)cc7)cc6C5=O)cc4)cc3C)c(C)c2)cc1,tg,257.0,233.06394958496097,235.42832582373185,234.16150011891816
*c1ccc(Oc2ccc(-c3ccc(Oc4ccc(N5C(=O)c6ccc(Oc7ccc(Oc8ccc(Oc9ccc%10c(c9)C(=O)N(*)C%10=O)cc8)cc7)cc6C5=O)cc4)cc3)cc2)cc1,tg,211.0,215.73214721679688,212.3769758422599,214.17466661229068
*c1ccc(Oc2ccc(-c3ccc(Oc4ccc(N5C(=O)c6ccc(Oc7ccc8c(c7)C(=O)N(*)C8=O)cc6C5=O)cc4)cc3)cc2)cc1,tg,245.0,250.3090057373047,231.02043284333257,241.3551924093309
*c1ccc(Oc2ccc(-c3ccc(Oc4ccc(N5C(=O)c6ccc(Oc7ccc8cc(Oc9ccc%10c(c9)C(=O)N(*)C%10=O)ccc8c7)cc6C5=O)cc4)cc3)cc2)cc1,tg,230.0,224.07728576660156,221.2792281364156,222.77841903139446
*c1ccc(Oc2ccc(-c3ccc(Oc4ccc(N5C(=O)c6cccc(Oc7c(C)cc(-c8cc(C)c(Oc9cccc%10c9C(=O)N(*)C%10=O)c(C)c8)cc7C)c6C5=O)cc4)cc3)cc2)cc1,tg,290.0,268.71441650390625,268.14722213379684,268.4511231779275
*c1ccc(Oc2ccc(-c3ccc(Oc4ccc(N5C(=O)c6cccc(Oc7c(C)cc(Cc8cc(C)c(Oc9cccc%10c9C(=O)N(*)C%10=O)c(C)c8)cc7C)c6C5=O)cc4)cc3)cc2)cc1,tg,259.0,237.57037353515625,261.6673345776825,248.75625504812518
*c1ccc(Oc2ccc(-c3ccc(Oc4ccc(N5C(=O)c6cccc(Oc7c(Oc8cccc9c8C(=O)N(*)C9=O)cc(C(C)(C)C)cc7C(C)(C)C)c6C5=O)cc4)cc3)cc2)cc1,tg,237.0,239.2626495361328,247.1000578836972,242.90079797277144
*c1ccc(Oc2ccc(-c3ccc(Oc4ccc(N5C(=O)c6cccc(Oc7ccc(C(C)(C)c8ccc(Oc9cccc%10c9C(=O)N(*)C%10=O)cc8)cc7)c6C5=O)cc4)cc3)cc2)cc1,tg,236.0,216.70486450195312,225.1967751974255,220.64683488944848
*c1ccc(Oc2ccc(-c3ccc4nc(Oc5cc(-c6ccccc6)c6cc(*)ccc6n5)cc(-c5ccccc5)c4c3)cc2)cc1,tg,268.5,267.8619384765625,252.98359037650005,260.9553647114186
*c1ccc(Oc2ccc(-c3cccc(-c4ccc(Oc5ccc(-c6c7c(c(*)c8ccccc68)C(=O)N(c6ccccc6)C7=O)cc5)c(C(F)(F)F)c4)c3)cc2C(F)(F)F)cc1,tg,271.0,295.7317810058594,314.4045595604479,304.39974075650673
*c1ccc(Oc2ccc(-c3cccc(-c4ccc(Oc5ccc(-c6c7c(c(*)c8ccccc68)C(=O)N(c6ccccc6)C7=O)cc5)c(C(F)(F)F)c4)n3)cc2C(F)(F)F)cc1,tg,298.0,259.6934814453125,267.59803676797816,263.36279970897255
*c1ccc(Oc2ccc(-c3cccc4c3C(=O)N(Oc3ccc(C(=O)c5ccc(Oc6cccc7c6C(=O)N(*)C7=O)cc5)cc3)C4=O)cc2)cc1,tg,252.0,215.87017822265625,240.51082219839768,227.30843898215488
*c1ccc(Oc2ccc(-c3cnc4cc(-c5ccc6nc(*)cnc6c5)ccc4n3)cc2)cc1,egc,3.1085,3.127805233001709,2.963323228513038,3.0535785083960008
*c1ccc(Oc2ccc(-c3cnc4cc5nc(*)cnc5cc4n3)cc2)cc1,tg,353.0,332.331787109375,330.0287518782901,331.26271125496976
*c1ccc(Oc2ccc(-c3cnc4cc5ncc(*)nc5cc4n3)cc2)cc1,egc,2.782,2.87911605834961,3.1948897851336966,3.0216170543010246
*c1ccc(Oc2ccc(-c3cnc4ccc(-c5ccc6nc(*)cnc6c5)cc4n3)cc2)cc1,egc,3.1515,3.140129566192627,2.9482410097127305,3.0535349318367375
*c1ccc(Oc2ccc(-c3cnnc(-c4cccc(-c5ncc(*)nn5)n4)n3)cc2)cc1,tg,223.0,263.01971435546875,253.0849597792032,258.4079715155973
*c1ccc(Oc2ccc(-c3csc(-c4nc(*)cs4)n3)cc2)cc1,egc,3.5312,3.20356822013855,3.163112476406086,3.185311527814767
*c1ccc(Oc2ccc(-c3csc(N=Cc4ccc(OCCCCCCCCOc5ccc(C=Nc6nc(*)cs6)cc5)cc4)n3)cc2)cc1,tg,150.0,104.85372924804688,119.52884625658612,111.66596253160394
*c1ccc(Oc2ccc(-c3csc(N=Cc4ccc(OCCCCCCOc5ccc(C=Nc6nc(*)cs6)cc5)cc4)n3)cc2)cc1,tg,117.0,136.9071807861328,150.2836921462996,143.11659743695634
*c1ccc(Oc2ccc(-c3nc4cc(-c5ccc6nc(*)c(-c7ccccc7)nc6c5)ccc4nc3-c3ccccc3)cc2)cc1,egc,2.9993,2.9919705390930176,3.247575467719091,3.107318821137429
*c1ccc(Oc2ccc(-c3nc4cc(-c5ccc6nc(*)c(-c7ccccc7)nc6c5)ccc4nc3-c3ccccc3)cc2)cc1,tg,292.5,346.6187744140625,323.1072860440402,335.70467106980755
*c1ccc(Oc2ccc(-c3nc4cc(-c5ccc6nc(-c7ccccc7)c(*)nc6c5)ccc4nc3-c3ccccc3)cc2)cc1,tg,297.36,294.796875,304.6219817752094,299.3577190021049
*c1ccc(Oc2ccc(-c3nc4cc(Oc5ccc(NC(=O)CN6C(=O)c7ccc(C(c8ccc9c(c8)C(=O)N(CC(=O)Nc8ccc(Oc%10ccc%11nc(-c%12ccccc%12)c(*)nc%11c%10)cc8)C9=O)(C(F)(F)F)C(F)(F)F)cc7C6=O)cc5)ccc4nc3-c3ccccc3)cc2)cc1,tg,260.0,232.37615966796875,275.3835979837551,252.3403413889627
*c1ccc(Oc2ccc(-c3nc4cc(Oc5ccc(NC(=O)c6cc(C(=O)Nc7ccc(Oc8ccc9nc(-c%10ccc([N+](=O)[O-])cc%10)c(*)nc9c8)cc7)cc(N7C(=O)c8ccccc8C7=O)c6)cc5)ccc4nc3-c3ccc([N+](=O)[O-])cc3)cc2)cc1,tg,305.0,254.7001953125,276.39431617908843,264.77067121663686
*c1ccc(Oc2ccc(-c3nc4cc(Oc5ccc(NC(=O)c6cc(C(=O)Nc7ccc(Oc8ccc9nc(-c%10ccccc%10)c(*)nc9c8)cc7)cc(N7C(=O)c8c(Cl)c(Cl)c(Cl)c(Cl)c8C7=O)c6)cc5)ccc4nc3-c3ccccc3)cc2)cc1,tg,295.0,296.8494873046875,299.78431981538205,298.2118453492186
*c1ccc(Oc2ccc(-c3nc4cc(Oc5ccc(NC(=O)c6ccc7c(c6)C(=O)N(c6ccc(C(c8ccc(N9C(=O)c%10ccc(C(=O)Nc%11ccc(Oc%12ccc%13nc(-c%14ccc([N+](=O)[O-])cc%14)c(*)nc%13c%12)cc%11)cc%10C9=O)cc8)(C(F)(F)F)C(F)(F)F)cc6)C7=O)cc5)ccc4nc3-c3ccc([N+](=O)[O-])cc3)cc2)cc1,tg,303.0,298.18609619140625,294.9552860293682,296.6863444343413
*c1ccc(Oc2ccc(-c3nc4cc(Oc5ccc6nc(*)c(-c7ccccc7)nc6c5)ccc4nc3-c3ccccc3)cc2)cc1,tg,340.0,250.75746154785156,274.162067924271,261.6219499504464
*c1ccc(Oc2ccc(-c3nc4cc(Oc5ccc6nc(-c7ccccc7)c(*)nc6c5)ccc4nc3-c3ccccc3)cc2)cc1,tg,261.33,273.86712646484375,298.88179445245146,285.479010291266
*c1ccc(Oc2ccc(-c3nc4cc(S(=O)(=O)c5ccc6nc(-c7ccccc7)c(*)nc6c5)ccc4nc3-c3ccccc3)cc2)cc1,tg,271.0,293.9727478027344,281.2324211183645,288.0586499844919
*c1ccc(Oc2ccc(-c3nc4cc5sc(*)nc5cc4s3)cc2)cc1,egc,3.2878,3.02632474899292,3.0121573979639256,3.0199313683523403
*c1ccc(Oc2ccc(-c3nc4cc5sc(*)nc5cc4s3)cc2)cc1,tg,350.0,401.7721862792969,378.0686623869513,390.76893947022086
*c1ccc(Oc2ccc(-c3nc4ccc(-c5ccc6nc(*)c(-c7ccccc7)nc6c5)cc4nc3-c3ccccc3)cc2)cc1,tg,335.33,346.60308837890625,303.8894193483362,326.77527524027334
*c1ccc(Oc2ccc(-c3nc4ccc(Oc5ccc(N6C(=O)c7ccc(C(c8ccc9c(c8)C(=O)N(c8ccc(Oc%10ccc%11nc(*)c(-c%12ccccc%12)nc%11c%10)cc8)C9=O)(C(F)(F)F)C(F)(F)F)cc7C6=O)cc5)cc4nc3-c3ccccc3)cc2)cc1,tg,267.0,276.0038146972656,275.3029636859752,275.6784775580013
*c1ccc(Oc2ccc(-c3nnc(*)o3)cc2)cc1,egc,3.7488,3.587006092071533,3.5158067079227986,3.554875543226792
*c1ccc(Oc2ccc(-n3c(=O)c4c(F)c5c(=O)n(*)c(=O)c5c(F)c4c3=O)cc2)cc1,egc,2.0451,1.9253079891204832,2.6144579899599054,2.236304608375904
*c1ccc(Oc2ccc(-n3c(=O)c4c(Oc5ccc(OCCCC)cc5)c5c(=O)n(*)c(=O)c5c(Oc5ccc(OCCCC)cc5)c4c3=O)cc2)cc1,egc,1.9028,1.9949932098388672,2.7574991782672393,2.3390935915474342
*c1ccc(Oc2ccc(-n3c(=O)c4cc5c(=O)n(*)c(=O)c5cc4c3=O)cc2)cc1,egc,2.3733,2.4123446941375732,2.396434206395656,2.405164678331995
*c1ccc(Oc2ccc(-n3c(=O)c4cc5c(=O)n(*)c(=O)c5cc4c3=O)cc2-c2ccccc2)cc1,egc,2.1739,2.397235870361328,2.3832345649556492,2.3909174220684672
*c1ccc(Oc2ccc(-n3c(=O)c4cc5c(=O)n(*)c(=O)c5cc4c3=O)cc2Br)c(Br)c1,egc,2.4917,2.539785861968994,2.3087009930746727,2.435502885984551
*c1ccc(Oc2ccc(-n3c(=O)c4cc5c(=O)n(-c6ccc(Oc7ccc(-c8nc9cc%10sc(*)nc%10cc9s8)cc7)cc6)c(=O)c5cc4c3=O)cc2)cc1,tg,400.0,370.51763916015625,363.58403582544395,367.29903971837837
*c1ccc(Oc2ccc(-n3c(=O)c4cc5c(=O)n(-c6ncc(*)s6)c(=O)c5cc4c3=O)cc2)cc1,egc,1.9001,2.3362646102905273,2.3716691389629356,2.3522418122204973
*c1ccc(Oc2ccc(C(=O)c3ccc(-c4ccc(C(=O)c5ccc(Oc6ccc(-c7nc(-c8cccc(-c9nc(*)c(-c%10ccccc%10)[nH]9)c8)[nH]c7-c7ccccc7)cc6)cc5)cc4)cc3)cc2)cc1,tg,276.0,256.52276611328125,270.79344983915047,263.14726025529825
*c1ccc(Oc2ccc(C(=O)c3ccc(-c4ccc(C(=O)c5ccc(Oc6ccc(-c7nc(-c8ccccc8)[nH]c7*)cc6)cc5)cc4)cc3)cc2)cc1,tg,258.0,236.50975036621097,246.8997554034402,241.33282183404003
*c1ccc(Oc2ccc(C(=O)c3ccc(C(=O)c4ccc(C(=O)c5ccc(Oc6ccc(-c7nc(-c8ccccc8)[nH]c7*)cc6)cc5)cc4)cc3)cc2)cc1,tg,239.0,197.2315673828125,245.0067221366031,219.40893735890762
*c1ccc(Oc2ccc(C(=O)c3ccc(C(=O)c4ccc(Oc5ccc(-c6cc(*)n(-c7ccccc7)n6)cc5)cc4)cc3)cc2)cc1,tg,205.0,204.46023559570312,210.4805214381909,207.25487032119514
*c1ccc(Oc2ccc(C(=O)c3ccc(C(=O)c4ccc(Oc5ccc(-c6nc(-c7ccc(-c8nc(*)c(-c9ccccc9)[nH]8)cc7)[nH]c6-c6ccccc6)cc5)cc4)cc3)cc2)cc1,tg,270.0,239.5438537597656,262.03282293531277,249.9833006303702
*c1ccc(Oc2ccc(C(=O)c3ccc(C(=O)c4ccc(Oc5ccc(-c6nc(-c7cccc(-c8nc(*)c(-c9ccccc9)[nH]8)c7)[nH]c6-c6ccccc6)cc5)cc4)cc3)cc2)cc1,tg,270.0,256.1563720703125,262.29899526877887,259.0077961629854
*c1ccc(Oc2ccc(C(=O)c3ccc(C(=O)c4ccc(Oc5ccc(-c6nc(-c7ccccc7)[nH]c6*)cc5)cc4)cc3)cc2)cc1,tg,248.0,215.2264709472656,250.26206050885204,231.49009659206314
*c1ccc(Oc2ccc(C(=O)c3ccc(C(=O)c4ccc(Oc5ccc(-c6nc7ccccc7n6-c6ccc(-n7c(*)nc8ccccc87)cc6)cc5)cc4)cc3)cc2)cc1,tg,238.0,273.13275146484375,233.5922048584953,254.77791126254286
*c1ccc(Oc2ccc(C(=O)c3ccc(C(=O)c4ccc(Oc5ccc(N6C(=O)c7ccc(-c8ccc9c(c8)C(=O)N(*)C9=O)cc7C6=O)cc5)cc4)cc3)cc2)cc1,tg,245.0,235.05734252929688,239.1670143004156,236.9650644784588
*c1ccc(Oc2ccc(C(=O)c3ccc(Oc4ccc(-c5c6c(c(*)c7ccccc57)C(=O)N(C)C6=O)cc4)cc3)cc2)cc1,tg,283.0,257.52239990234375,261.8646507464123,259.53808575400035
*c1ccc(Oc2ccc(C(=O)c3ccc(Oc4ccc(-c5c6c(c(*)c7ccccc57)C(=O)N(c5ccc(C(F)(F)F)cc5)C6=O)cc4)cc3)cc2)cc1,tg,260.0,271.06561279296875,270.71552223999225,270.903099709369
*c1ccc(Oc2ccc(C(=O)c3ccc(Oc4ccc(-c5c6c(c(*)c7ccccc57)C(=O)N(c5ccc(Cl)cc5)C6=O)cc4)cc3)cc2)cc1,tg,272.0,257.1181335449219,260.03760602782614,258.4733614185325
*c1ccc(Oc2ccc(C(=O)c3ccc(Oc4ccc(-c5c6c(c(*)c7ccccc57)C(=O)N(c5cccc(C(F)(F)F)c5)C6=O)cc4)cc3)cc2)cc1,tg,252.0,255.47552490234375,258.19787619532195,256.73924852899484
*c1ccc(Oc2ccc(C(=O)c3ccc(Oc4ccc(-c5c6c(c(*)c7ccccc57)C(=O)N(c5ccccc5)C6=O)cc4)cc3)cc2)cc1,tg,273.5,264.1618957519531,273.6622101197131,268.5719701454078
*c1ccc(Oc2ccc(C(=O)c3ccc(Oc4ccc(-c5c6c(c(*)c7ccccc57)C(=O)N(c5ccccc5-c5ccccc5)C6=O)cc4)cc3)cc2)cc1,tg,245.0,264.125732421875,275.56638109696456,269.4365158142376
*c1ccc(Oc2ccc(C(=O)c3ccc(Oc4ccc(-c5c6c(c(*)c7ccccc57)C(=O)N(c5ccccc5C(F)(F)F)C6=O)cc4)cc3)cc2)cc1,tg,260.0,247.331298828125,261.26975279846033,253.80157092222788
*c1ccc(Oc2ccc(C(=O)c3ccc(Oc4ccc(-c5cc(*)n(-c6ccccc6)n5)cc4)cc3)cc2)cc1,tg,205.0,200.80471801757812,199.9022535658816,200.38579131522226
*c1ccc(Oc2ccc(C(=O)c3ccc(Oc4ccc(-c5nc(-c6cccc(-c7nc(*)c(-c8ccccc8)[nH]7)c6)[nH]c5-c5ccccc5)cc4)cc3)cc2)cc1,tg,279.0,257.04583740234375,264.7020002171898,260.59985111966387
*c1ccc(Oc2ccc(C(=O)c3ccc(Oc4ccc(-c5nnc(*)c6c(-c7ccccc7)c(-c7ccc8ccccc8c7)c(-c7ccc8ccccc8c7)c(-c7ccccc7)c56)cc4)cc3)cc2)cc1,tg,305.67,290.2207336425781,310.4664720438096,299.61886606679013
*c1ccc(Oc2ccc(C(=O)c3ccc(Oc4ccc(-n5c(=O)c6cc7c(=O)n(*)c(=O)c7cc6c5=O)cc4)cc3)cc2)cc1,egc,2.395,2.3874263763427734,2.1010137124160897,2.2581753133163764
*c1ccc(Oc2ccc(C(=O)c3ccc(Oc4ccc(C(=O)c5ccc(Oc6ccc(-c7cc(*)n(-c8ccccc8)n7)cc6)cc5)cc4)cc3)cc2)cc1,tg,190.0,192.8121032714844,207.9769849151141,199.85168676603678
*c1ccc(Oc2ccc(C(=O)c3ccc(Oc4ccc(C(=O)c5ccc(Oc6ccc(-c7nc(-c8ccc(-c9nc(*)c(-c%10ccccc%10)[nH]9)cc8)[nH]c7-c7ccccc7)cc6)cc5)cc4)cc3)cc2)cc1,tg,245.0,232.5911102294922,262.56129298894285,246.50335886024706
*c1ccc(Oc2ccc(C(=O)c3ccc(Oc4ccc(C(=O)c5ccc(Oc6ccc(-c7nc(-c8ccccc8)[nH]c7*)cc6)cc5)cc4)cc3)cc2)cc1,tg,239.0,215.5743103027344,227.11127358276548,220.92980322327952
*c1ccc(Oc2ccc(C(=O)c3ccc(Oc4ccc(C(=O)c5ccc(Oc6ccc(-c7nc8ccccc8n7-c7ccc(-n8c(*)nc9ccccc98)cc7)cc6)cc5)cc4)cc3)cc2)cc1,egc,3.2485,3.1743907928466797,3.123786695799319,3.151554395715383
*c1ccc(Oc2ccc(C(=O)c3ccc(Oc4ccc(C5(*)NC(=O)c6ccccc65)cc4)cc3)cc2)cc1,tg,270.6,250.14642333984375,237.46844240310705,244.26126660444703
*c1ccc(Oc2ccc(C(=O)c3ccc(Oc4ccc(C5(*)c6ccccc6C(=O)N5C)cc4)cc3)cc2)cc1,tg,245.0,261.6862487792969,236.0266950838622,249.775007075156
*c1ccc(Oc2ccc(C(=O)c3ccc(Oc4ccc(N5C(=O)c6ccc(-c7ccc8c(c7)C(=O)N(*)C8=O)cc6C5=O)cc4)cc3)cc2)cc1,tg,253.0,244.06918334960935,244.50092018744627,244.2695968832622
*c1ccc(Oc2ccc(C(=O)c3ccc(Oc4ccc(N5C(=O)c6ccc(Oc7cccc(Oc8ccc9c(c8)C(=O)N(*)C9=O)c7)cc6C5=O)cc4)cc3)cc2)cc1,tg,201.0,199.46804809570312,199.9922446075513,199.7113816870509
*c1ccc(Oc2ccc(C(=O)c3ccc4cc(C(=O)c5ccc(Oc6ccc(-c7nc(-c8ccc(-c9nc(*)c(-c%10ccccc%10)[nH]9)cc8)[nH]c7-c7ccccc7)cc6)cc5)ccc4c3)cc2)cc1,tg,281.0,285.8975830078125,265.190245144712,276.28517473040034
*c1ccc(Oc2ccc(C(=O)c3ccc4cc(C(=O)c5ccc(Oc6ccc(-c7nc(-c8ccccc8)[nH]c7*)cc6)cc5)ccc4c3)cc2)cc1,tg,239.0,226.04946899414065,256.8280803783054,240.33699261462493
*c1ccc(Oc2ccc(C(=O)c3cccc(-c4cccc(C(=O)c5ccc(Oc6ccc(-c7nc(-c8cccc(-c9nc(*)c(-c%10ccccc%10)[nH]9)c8)[nH]c7-c7ccccc7)cc6)cc5)c4)c3)cc2)cc1,tg,250.0,244.10211181640625,268.43209595297344,255.39616334779066
*c1ccc(Oc2ccc(C(=O)c3cccc(C(=O)c4ccc(Oc5ccc(-c6c7c(c(*)c8ccccc68)C(=O)N(C)C7=O)cc5)cc4)c3)cc2)cc1,tg,251.0,236.181884765625,252.09088252322437,243.5668891897322
*c1ccc(Oc2ccc(C(=O)c3cccc(C(=O)c4ccc(Oc5ccc(-c6c7c(c(*)c8ccccc68)C(=O)N(CCCCCCCCCCCC)C7=O)cc5)cc4)c3)cc2)cc1,tg,140.0,157.69236755371094,159.96569227380118,158.74765169989666
*c1ccc(Oc2ccc(C(=O)c3cccc(C(=O)c4ccc(Oc5ccc(-c6c7c(c(*)c8ccccc68)C(=O)N(c6ccc(F)cc6)C7=O)cc5)cc4)c3)cc2)cc1,tg,243.0,248.293212890625,259.304967100265,253.404902187113
*c1ccc(Oc2ccc(C(=O)c3cccc(C(=O)c4ccc(Oc5ccc(-c6cc(*)[nH]n6)cc5)cc4)c3)cc2)cc1,tg,205.0,191.6529541015625,205.98539192696535,198.30611468160478
*c1ccc(Oc2ccc(C(=O)c3cccc(C(=O)c4ccc(Oc5ccc(-c6cc(*)n(-c7ccccc7)n6)cc5)cc4)c3)cc2)cc1,tg,190.0,199.08480834960935,197.5661130522913,198.37982544242357
*c1ccc(Oc2ccc(C(=O)c3cccc(C(=O)c4ccc(Oc5ccc(-c6nc(-c7ccc(-c8nc(*)c(-c9ccccc9)[nH]8)cc7)[nH]c6-c6ccccc6)cc5)cc4)c3)cc2)cc1,tg,264.5,275.3951416015625,262.00435661114597,269.1790990888117
*c1ccc(Oc2ccc(C(=O)c3cccc(C(=O)c4ccc(Oc5ccc(-c6nc(-c7cccc(-c8nc(*)c(-c9ccccc9)[nH]8)c7)[nH]c6-c6ccccc6)cc5)cc4)c3)cc2)cc1,tg,264.5,249.61209106445312,265.831275297053,257.14108497960683
*c1ccc(Oc2ccc(C(=O)c3cccc(C(=O)c4ccc(Oc5ccc(-c6nc7ccccc7n6-c6ccc(-n7c(*)nc8ccccc87)cc6)cc5)cc4)c3)cc2)cc1,tg,219.0,238.82562255859375,244.71070199796367,241.55749406666587
*c1ccc(Oc2ccc(C(=O)c3cccc(C(=O)c4ccc(Oc5ccc(N6C(=O)c7ccc(Oc8ccc9c(c8)C(=O)N(*)C9=O)cc7C6=O)cc5)cc4)c3)cc2)cc1,tg,208.0,205.7786865234375,223.9233807765652,214.20150795915066
*c1ccc(Oc2ccc(C(C)(C)c3ccc(Oc4ccc(-c5ccc(*)s5)cc4C(F)(F)F)cc3)cc2)c(C(F)(F)F)c1,tg,123.33,147.87759399414062,136.37996019652928,142.54035793717
*c1ccc(Oc2ccc(C(C)(C)c3ccc(Oc4ccc(-c5cccc(*)n5)cc4C(F)(F)F)cc3)cc2)c(C(F)(F)F)c1,tg,121.0,142.81732177734375,149.44629610153584,145.8945115197376
*c1ccc(Oc2ccc(C(C)(C)c3ccc(Oc4ccc(-c5nc(*)nc(-c6ccccc6)n5)cc4)cc3)cc2)cc1,tg,228.0,221.9554901123047,189.08119516794784,206.695143904291
*c1ccc(Oc2ccc(C(C)(C)c3ccc(Oc4ccc(-c5ncc(*)o5)cc4C(F)(F)F)cc3)cc2)c(C(F)(F)F)c1,tg,185.0,156.631591796875,169.5119954922961,162.61071378333287
*c1ccc(Oc2ccc(C(C)(C)c3ccc(Oc4ccc(-c5nnc(*)c6c(-c7ccc(F)cc7)c(-c7ccc(F)cc7)c(-c7ccc(F)cc7)c(-c7ccc(F)cc7)c56)cc4)cc3)cc2)cc1,tg,276.67,277.95062255859375,278.4307281580833,278.17348901632363
*c1ccc(Oc2ccc(C(C)(C)c3ccc(Oc4ccc(-c5nnc(*)c6c(-c7ccccc7)c(-c7ccc8ccccc8c7)c(-c7ccc8ccccc8c7)c(-c7ccccc7)c56)cc4)cc3)cc2)cc1,tg,286.0,343.23822021484375,297.38234823208387,321.951787051434
*c1ccc(Oc2ccc(C(C)(C)c3ccc(Oc4ccc(-c5nnc(*)n5-c5ccc(C)cc5)cc4)cc3)cc2)cc1,tg,205.0,221.0116271972656,213.27642676462105,217.4209239809584
*c1ccc(Oc2ccc(C(C)(C)c3ccc(Oc4ccc(-c5nnc(*)n5-c5ccc(S(=O)(=O)c6ccccc6)cc5)cc4)cc3)cc2)cc1,tg,198.0,248.0002593994141,221.60499284511073,235.7474975819133
*c1ccc(Oc2ccc(C(C)(C)c3ccc(Oc4ccc(-c5nnc(*)n5-c5cccc(C(F)(F)F)c5)cc4)cc3)cc2)cc1,tg,190.0,177.33963012695312,210.29804212393847,192.63902372282053
*c1ccc(Oc2ccc(C(C)(C)c3ccc(Oc4ccc(-c5nnc(*)n5-c5ccccc5)cc4)cc3)cc2)cc1,tg,207.0,195.34353637695312,190.71560300379983,193.19523583936052
*c1ccc(Oc2ccc(C(C)(C)c3ccc(Oc4ccc(-c5nnc(*)o5)cc4)cc3)cc2)cc1,tg,180.0,208.9202117919922,203.8914174196537,206.58583037755614
*c1ccc(Oc2ccc(C(C)(C)c3ccc(Oc4ccc(-n5c(=O)c6cc7c(=O)n(*)c(=O)c7cc6c5=O)cc4)cc3)cc2)cc1,egc,2.1293,2.6377038955688477,2.1708395978993744,2.427019403006402
*c1ccc(Oc2ccc(C(C)(C)c3ccc(Oc4ccc(N5C(=O)C6CCC7C(=O)N(*)C(=O)C7C6C5=O)cc4)cc3)cc2)cc1,tg,263.5,230.0926818847656,239.1171457864078,234.28186506615037
*c1ccc(Oc2ccc(C(C)(C)c3ccc(Oc4ccc(N5C(=O)CC(=O)N(*)C5=S)cc4)cc3)cc2)cc1,tg,132.0,149.75250244140625,145.3405133486928,147.70444388578557
*c1ccc(Oc2ccc(C(C)(C)c3ccc(Oc4ccc(N5C(=O)c6ccc(-c7ccc8c(c7)C(=O)N(*)C8=O)cc6C5=O)cc4)cc3)cc2)cc1,tg,230.0,238.21170043945312,237.03868081108232,237.66718121347327
*c1ccc(Oc2ccc(C(C)(C)c3ccc(Oc4ccc(N5C(=O)c6ccc(Oc7ccc(C(C)(C)c8ccc(Oc9ccc%10c(c9)C(=O)N(*)C%10=O)cc8)cc7)cc6C5=O)cc4)cc3)cc2)cc1,tg,205.0,193.908203125,214.65001352935707,203.5366136593468
*c1ccc(Oc2ccc(C(C)(C)c3ccc(Oc4ccc(N5C(=O)c6ccc(Oc7ccc8c(c7)C(=O)N(*)C8=O)cc6C5=O)cc4)cc3)cc2)cc1,tg,227.5,204.6299743652344,227.89296805479952,215.42872573430492
*c1ccc(Oc2ccc(C(c3ccc(Oc4ccc(-c5ccc(*)s5)cc4C(F)(F)F)cc3)(C(F)(F)F)C(F)(F)F)cc2)c(C(F)(F)F)c1,tg,153.33,152.7364044189453,141.23000298377607,147.39509839835154
*c1ccc(Oc2ccc(C(c3ccc(Oc4ccc(-c5cccc(*)n5)cc4C(F)(F)F)cc3)(C(F)(F)F)C(F)(F)F)cc2)c(C(F)(F)F)c1,tg,148.67,171.64523315429688,148.83433842904014,161.05634747899433
*c1ccc(Oc2ccc(C(c3ccc(Oc4ccc(-c5ncc(*)o5)cc4C(F)(F)F)cc3)(C(F)(F)F)C(F)(F)F)cc2)c(C(F)(F)F)c1,tg,205.0,173.6311798095703,190.93048278340328,181.6615680805537
*c1ccc(Oc2ccc(C(c3ccc(Oc4ccc(-c5nnc(*)c6c(-c7ccc(F)cc7)c(-c7ccc(F)cc7)c(-c7ccc(F)cc7)c(-c7ccc(F)cc7)c56)cc4)cc3)(C(F)(F)F)C(F)(F)F)cc2)cc1,tg,285.33,254.05252075195312,282.0529510950933,267.0504044094714
*c1ccc(Oc2ccc(C(c3ccc(Oc4ccc(-c5nnc(*)c6c(-c7ccccc7)c(-c7ccc8ccccc8c7)c(-c7ccc8ccccc8c7)c(-c7ccccc7)c56)cc4)cc3)(C(F)(F)F)C(F)(F)F)cc2)cc1,tg,286.0,283.54754638671875,298.1559970226822,290.32883294038663
*c1ccc(Oc2ccc(C(c3ccc(Oc4ccc(-c5nnc(*)n5-c5ccc(C)cc5)cc4)cc3)(C(F)(F)F)C(F)(F)F)cc2)cc1,tg,213.0,230.92478942871097,216.64362494829777,224.2954300890332
*c1ccc(Oc2ccc(C(c3ccc(Oc4ccc(-c5nnc(*)n5-c5ccc(S(=O)(=O)c6ccccc6)cc5)cc4)cc3)(C(F)(F)F)C(F)(F)F)cc2)cc1,tg,211.0,207.12863159179688,217.10728125388752,211.76075066202264
*c1ccc(Oc2ccc(C(c3ccc(Oc4ccc(-c5nnc(*)n5-c5ccc(S(C)(=O)=O)cc5)cc4)cc3)(C(F)(F)F)C(F)(F)F)cc2)cc1,tg,226.0,199.89308166503903,212.6640895074065,205.82142176874794
*c1ccc(Oc2ccc(C(c3ccc(Oc4ccc(N5C(=O)c6ccc(Oc7ccc(C8(c9ccc(Oc%10ccc%11c(c%10)C(=O)N(*)C%11=O)cc9)CCC(C(C)(C)C)CC8)cc7)cc6C5=O)cc4)cc3)(C(F)(F)F)C(F)(F)F)cc2)cc1,tg,227.0,233.26670837402344,242.21500517979953,237.42053456130253
*c1ccc(Oc2ccc(C(c3ccc(Oc4ccc(N5C(=O)c6ccc(Oc7ccc8c(c7)C(=O)N(*)C8=O)cc6C5=O)cc4)cc3)(C(F)(F)F)C(F)(F)F)cc2)cc1,tg,246.0,245.8663330078125,242.1163005884498,244.12555672325303
*c1ccc(Oc2ccc(C3(c4ccc(Oc5ccc(-c6ccc(*)s6)cc5C(F)(F)F)cc4)c4ccccc4-c4ccccc43)cc2)c(C(F)(F)F)c1,tg,169.0,196.81057739257812,191.55412050851447,194.37051435809843
*c1ccc(Oc2ccc(C3(c4ccc(Oc5ccc(-c6cccc(*)n6)cc5C(F)(F)F)cc4)c4ccccc4-c4ccccc43)cc2)c(C(F)(F)F)c1,tg,182.5,214.22171020507812,199.74659643762823,207.50231902526548
*c1ccc(Oc2ccc(C3(c4ccc(Oc5ccc(-c6nc(-c7ccccn7)nnc6*)cc5)cc4)c4ccccc4-c4ccccc43)cc2)cc1,tg,277.0,285.4674987792969,260.6308458161054,273.93825006056045
*c1ccc(Oc2ccc(C3(c4ccc(Oc5ccc(-c6nnc(*)c7c(-c8ccc(F)cc8)c(-c8ccc(F)cc8)c(-c8ccc(F)cc8)c(-c8ccc(F)cc8)c67)cc5)cc4)c4ccccc4-c4ccccc43)cc2)cc1,tg,311.33,371.5086669921875,313.71413108864874,344.68027026726014
*c1ccc(Oc2ccc(C3(c4ccc(Oc5ccc(-c6nnc(*)c7c(-c8ccccc8)c(-c8ccc9ccccc9c8)c(-c8ccc9ccccc9c8)c(-c8ccccc8)c67)cc5)cc4)c4ccccc4-c4ccccc43)cc2)cc1,tg,327.33,288.90673828125,312.08124893766063,299.6644155612257
*c1ccc(Oc2ccc(C3(c4ccc(Oc5ccc(N6C(=O)CC(=O)N(*)C6=S)cc5)cc4)c4ccccc4-c4ccccc43)cc2)cc1,tg,175.0,210.95623779296875,211.01802523421367,210.9849197083163
*c1ccc(Oc2ccc(C3(c4ccc(Oc5ccc(N6C(=O)c7ccc(Oc8c(C)cc(C(C)(C)c9cc(C)c(Oc%10ccc%11c(c%10)C(=O)N(*)C%11=O)c(C)c9)cc8C)cc7C6=O)cc5)cc4)C4CC5CC(C4)CC3C5)cc2)cc1,tg,282.0,249.48733520507812,268.54179901742583,258.3324743959464
*c1ccc(Oc2ccc(C3(c4ccc(Oc5ccc(N6C(=O)c7ccc(Oc8ccc(C9(c%10ccc(Oc%11ccc%12c(c%11)C(=O)N(*)C%12=O)cc%10)CCC(C(C)(C)C)CC9)cc8)cc7C6=O)cc5)cc4)C4CC5CC(C4)CC3C5)cc2)cc1,tg,266.0,246.38040161132812,254.25722084842124,250.03684470096516
*c1ccc(Oc2ccc(C3(c4ccc(Oc5ccc(N6C(=O)c7ccc(Oc8ccc(C9(c%10ccc(Oc%11ccc%12c(c%11)C(=O)N(*)C%12=O)cc%10)CCC(C(C)(C)C)CC9)cc8)cc7C6=O)cc5)cc4)CC4CC3C3CCCC43)cc2)cc1,tg,257.0,251.31594848632812,248.53549990506477,250.02525592438946
*c1ccc(Oc2ccc(C3(c4ccc(Oc5ccc(N6C(=O)c7ccc(Oc8ccc(C9(c%10ccc(Oc%11ccc%12c(c%11)C(=O)N(*)C%12=O)cc%10)CCC(c%10ccccc%10)CC9)cc8)cc7C6=O)cc5)cc4)CC4CC3C3CCCC43)cc2)cc1,tg,255.0,259.03204345703125,241.03754375189268,250.67894278049332
*c1ccc(Oc2ccc(C3(c4ccc(Oc5ccc(N6C(=O)c7ccc(Oc8ccc(C9(c%10ccc(Oc%11ccc%12c(c%11)C(=O)N(*)C%12=O)cc%10)CCC(c%10ccccc%10)CC9)cc8)cc7C6=O)cc5)cc4)CC4CCC3C4)cc2)cc1,tg,245.0,252.36669921875,254.62391820296037,253.4145070340858
*c1ccc(Oc2ccc(C3(c4ccc(Oc5ccc(N6C(=O)c7ccc(Oc8ccc(C9(c%10ccc(Oc%11ccc%12c(c%11)C(=O)N(*)C%12=O)cc%10)CCC(c%10ccccc%10)CC9)cc8)cc7C6=O)cc5)cc4)CCC(C(C)(C)C)CC3)cc2)cc1,tg,243.0,222.24610900878903,234.56044397117415,227.9624601933702
*c1ccc(Oc2ccc(C3(c4ccc(Oc5ccc(N6C(=O)c7ccc(Oc8ccc(C9(c%10ccc(Oc%11ccc%12c(c%11)C(=O)N(*)C%12=O)cc%10)CCCCCCCCCCC9)cc8)cc7C6=O)cc5)cc4)C4CC5CC(C4)CC3C5)cc2)cc1,tg,262.0,242.74575805664065,250.2299380684156,246.21993684149658
*c1ccc(Oc2ccc(C3(c4ccc(Oc5ccc(N6C(=O)c7ccc(Oc8ccc(C9(c%10ccc(Oc%11ccc%12c(c%11)C(=O)N(*)C%12=O)cc%10)CCCCCCCCCCC9)cc8)cc7C6=O)cc5)cc4)CC4CCC3C4)cc2)cc1,tg,259.0,249.16555786132812,249.25536474786935,249.20724648713144
*c1ccc(Oc2ccc(C3(c4ccc(Oc5ccc(N6C(=O)c7ccc(Oc8ccc(C9(c%10ccc(Oc%11ccc%12c(c%11)C(=O)N(*)C%12=O)cc%10)CCCCCCCCCCC9)cc8)cc7C6=O)cc5)cc4)CCC(C(C)(C)C)CC3)cc2)cc1,tg,254.0,250.03009033203125,246.5959039361095,248.4359307178609
*c1ccc(Oc2ccc(C3(c4ccc(Oc5ccc(N6C(=O)c7ccc(Oc8ccccc8Oc8ccc9c(c8)C(=O)N(*)C9=O)cc7C6=O)cc5C(F)(F)F)cc4)c4ccccc4-c4ccccc43)cc2)c(C(F)(F)F)c1,tg,241.0,239.9212951660156,252.05679733029737,245.55463162991532
*c1ccc(Oc2ccc(C=Cc3ccc(Oc4ccc(-c5nnc(*)o5)cc4)c4ccccc34)cc2)cc1,tg,213.0,216.73092651367188,225.8873270028338,220.9813550542792
*c1ccc(Oc2ccc(N3C(=O)C(C)C(SCCOCCSC4C(=O)N(c5ccc(Oc6ccc(N7C(=O)CC(C)(SCCOCCSC8(C)CC(=O)N(*)C8=O)C7=O)cc6)cc5)C(=O)C4C)C3=O)cc2)cc1,tg,145.0,177.80880737304688,118.64886392233385,150.34658437381668
*c1ccc(Oc2ccc(N3C(=O)C(Cl)=C(Oc4ccc(C(C)(C)c5ccc(OC6=C(Cl)C(=O)N(*)C6=O)cc5)cc4)C3=O)cc2)cc1,tg,175.0,205.569091796875,181.1285868681935,194.2237361826592
*c1ccc(Oc2ccc(N3C(=O)C(c4ccccc4)=C(c4ccc(C5=C(c6ccccc6)C(=O)N(*)C5=O)cc4)C3=O)cc2)cc1,tg,275.0,250.22689819335935,262.68614113345353,256.0105160953526
*c1ccc(Oc2ccc(N3C(=O)C4CCC(C5CCC6C(=O)N(*)C(=O)C6C5)CC4C3=O)cc2)cc1,tg,257.0,301.16693115234375,265.60072269713544,284.656990627337
*c1ccc(Oc2ccc(N3C(=O)C4CCC5C(=O)N(*)C(=O)C5C4C3=O)cc2)cc1,tg,342.0,277.6286315917969,303.79330718793375,289.774352395642
*c1ccc(Oc2ccc(N3C(=O)N(*)C3=O)cc2)cc1,egc,4.3691,3.3018381595611572,4.049234017020739,3.6391197160181186
*c1ccc(Oc2ccc(N3C(=O)c4c(c(-c5ccccc5)c(-c5ccc(-c6c(-c7ccccc7)c7c(c(-c8ccccc8)c6-c6ccccc6)C(=O)N(*)C7=O)cc5)c(-c5ccccc5)c4-c4ccccc4)C3=O)cc2)cc1,tg,413.0,369.34906005859375,381.53771041353616,375.00706807183565
*c1ccc(Oc2ccc(N3C(=O)c4c(c(-c5ccccc5)c(-c5ccc(Oc6ccc(-c7c(-c8ccccc8)c8c(c(-c9ccccc9)c7-c7ccccc7)C(=O)N(*)C8=O)cc6)cc5)c(-c5ccccc5)c4-c4ccccc4)C3=O)cc2)cc1,tg,360.0,370.0271606445313,331.46614742048155,352.12702277307847
*c1ccc(Oc2ccc(N3C(=O)c4cc(-c5ccc(C(C)(C)C)cc5)c(-c5cc6c(cc5-c5ccc(C(C)(C)C)cc5)C(=O)N(*)C6=O)cc4C3=O)cc2)cc1,tg,370.0,318.4162902832031,346.27068330307185,331.3463829777156
*c1ccc(Oc2ccc(N3C(=O)c4ccc(-c5ccc6c(c5)C(=O)N(*)C6=O)cc4C3=O)cc2Br)c(Br)c1,tg,275.0,283.88104248046875,285.2042563729429,284.49528233384314
*c1ccc(Oc2ccc(N3C(=O)c4ccc(Oc5c(C)cc(-c6cc(C)c(Oc7ccc8c(c7)C(=O)N(*)C8=O)c(C)c6)cc5C)cc4C3=O)cc2)cc1,tg,299.0,279.587890625,296.4159878642688,287.3995437822168
*c1ccc(Oc2ccc(N3C(=O)c4ccc(Oc5c(C)cc(Cc6cc(C)c(Oc7ccc8c(c7)C(=O)N(*)C8=O)c(C)c6)cc5C)cc4C3=O)cc2)cc1,tg,266.0,259.9135437011719,255.9329117749846,258.06572243464404
*c1ccc(Oc2ccc(N3C(=O)c4ccc(Oc5cc6ccccc6cc5Oc5ccc6c(c5)C(=O)N(*)C6=O)cc4C3=O)cc2)cc1,tg,228.75,226.8753662109375,245.71412985792816,235.6203767387867
*c1ccc(Oc2ccc(N3C(=O)c4ccc(Oc5ccc(-c6ccc(Oc7ccc8c(c7)C(=O)N(*)C8=O)cc6)cc5)cc4C3=O)cc2)cc1,tg,229.0,222.41061401367188,238.7767416028958,230.00781947522822
*c1ccc(Oc2ccc(N3C(=O)c4ccc(Oc5ccc(C(=O)c6ccc(Oc7ccc8c(c7)C(=O)N(*)C8=O)cc6)cc5)cc4C3=O)cc2)cc1,tg,210.0,212.14474487304688,233.00964006098835,221.83029173270853
*c1ccc(Oc2ccc(N3C(=O)c4ccc(Oc5ccc(C(C)(C)c6ccc(Oc7ccc8c(c7)C(=O)N(*)C8=O)cc6)cc5)cc4C3=O)cc2)cc1,tg,217.25,220.4384307861328,228.17971663441523,224.03195887061165
*c1ccc(Oc2ccc(N3C(=O)c4ccc(Oc5ccc(C(c6ccc(Oc7ccc8c(c7)C(=O)N(*)C8=O)cc6)(C(F)(F)F)C(F)(F)F)cc5)cc4C3=O)cc2)cc1,tg,257.0,231.4794464111328,234.5488058022802,232.9042522366268
*c1ccc(Oc2ccc(N3C(=O)c4ccc(Oc5ccc(Oc6ccc(Oc7ccc8c(c7)C(=O)N(*)C8=O)cc6)cc5)cc4C3=O)cc2)cc1,tg,215.0,208.86978149414065,219.5625274638356,213.83338620986393
*c1ccc(Oc2ccc(N3C(=O)c4ccc(Oc5ccc(Oc6ccc7c(c6)C(=O)N(*)C7=O)cc5)cc4C3=O)cc2)cc1,tg,248.75,221.49484252929688,237.9024250155705,229.1112914782669
*c1ccc(Oc2ccc(N3C(=O)c4ccc(Oc5ccc(S(=O)(=O)c6ccc(Oc7ccc8c(c7)C(=O)N(*)C8=O)cc6)cc5)cc4C3=O)cc2)cc1,tg,260.0,229.61209106445312,241.4359455486915,235.1007597415475
*c1ccc(Oc2ccc(N3C(=O)c4ccc(Oc5ccc6c(c5)C(=O)N(*)C6=O)cc4C3=O)cc2)cc1,tg,266.3,271.8824768066406,259.8513526163113,266.2975929109771
*c1ccc(Oc2ccc(N3C(=O)c4ccc(Oc5ccc6c(c5)C(=O)N(*)C6=O)cc4C3=O)cc2Br)c(Br)c1,tg,251.0,261.84417724609375,259.6275883218093,260.8152300263075
*c1ccc(Oc2ccc(N3C(=O)c4ccc(Oc5ccc6c(c5)C(=O)N(c5ncc(*)s5)C6=O)cc4C3=O)cc2)cc1,tg,300.0,259.49578857421875,229.8866652375206,245.75114480927755
*c1ccc(Oc2ccc(N3C(=O)c4ccc(Oc5cccc(Oc6ccc7c(c6)C(=O)N(*)C7=O)c5)cc4C3=O)cc2)cc1,tg,209.0,230.57345581054688,214.8267605317991,223.26379268339787
*c1ccc(Oc2ccc(N3C(=O)c4ccc(Oc5cccc6c5C(=O)N(*)C6=O)cc4C3=O)cc2)cc1,tg,277.0,258.5579833984375,269.02905383703677,263.418685668463
*c1ccc(Oc2ccc(N3C(=O)c4ccc(P(=O)(c5ccccc5)c5ccc6c(c5)C(=O)N(*)C6=O)cc4C3=O)cc2)cc1,tg,318.0,290.702880859375,275.3395273185136,283.571166115485
*c1ccc(Oc2ccc(N3C(=O)c4ccc(S(=O)(=O)c5ccc6c(c5)C(=O)N(*)C6=O)cc4C3=O)cc2)cc1,tg,283.5,276.7784423828125,286.08185266403467,281.09711330935096
*c1ccc(Oc2ccc(N3C(=O)c4ccc(S(=O)(=O)c5ccc6c(c5)C(=O)N(*)C6=O)cc4C3=O)cc2Br)c(Br)c1,egc,2.7192,3.3080921173095703,2.9823708922895933,3.16110205755834
*c1ccc(Oc2ccc(N3C(=O)c4ccc(S(=O)(=O)c5ccc6c(c5)C(=O)N(*)C6=O)cc4C3=O)cc2Br)c(Br)c1,tg,281.0,280.4046630859375,299.36730470129453,289.2071781378538
*c1ccc(Oc2ccc(N3C(=O)c4ccc(Sc5ccc6c(c5)C(=O)N(*)C6=O)cc4C3=O)cc2)cc1,tg,258.0,251.90737915039065,256.37135220418645,253.97956881649515
*c1ccc(Oc2ccc(N3C(=O)c4ccc([Si](C)(C)O[Si](C)(C)c5ccc6c(c5)C(=O)N(c5ccc(Oc7ccc(-c8nnc(*)o8)cc7)cc5)C6=O)cc4C3=O)cc2)cc1,tg,190.5,232.1090545654297,220.1285986137476,226.5476910179535
*c1ccc(Oc2ccc(N3C(=O)c4cccc(Oc5c(C)cc(Cc6cc(C)c(Oc7cccc8c7C(=O)N(*)C8=O)c(C)c6)cc5C)c4C3=O)cc2)cc1,tg,270.0,289.6610107421875,254.21689018129268,273.2077437835092
*c1ccc(Oc2ccc(N3C(=O)c4cccc(Oc5ccc(-c6ccc(Oc7cccc8c7C(=O)N(*)C8=O)cc6)cc5)c4C3=O)cc2)cc1,tg,277.0,258.183837890625,251.03623255507884,254.86589807888754
*c1ccc(Oc2ccc(N3C(=O)c4cccc(Oc5ccc(C(C)(C)c6ccc(Oc7cccc8c7C(=O)N(*)C8=O)cc6)cc5)c4C3=O)cc2)cc1,tg,233.67,230.25680541992188,237.41185238115384,233.57819965659854
*c1ccc(Oc2ccc(N3C(=O)c4cccc(Oc5ccc(S(=O)(=O)c6ccc(Oc7cccc8c7C(=O)N(*)C8=O)cc6)cc5)c4C3=O)cc2)cc1,tg,267.0,255.2215576171875,257.0614943287723,256.07566175134895
*c1ccc(Oc2ccc(N3C(=O)c4cccc(Oc5ccc(Sc6ccc(Oc7cccc8c7C(=O)N(*)C8=O)cc6)cc5)c4C3=O)cc2)cc1,tg,234.0,220.0805206298828,233.03949166068136,226.0961138088189
*c1ccc(Oc2ccc(N3C(=O)c4cccc(Oc5cccc(Oc6cccc7c6C(=O)N(*)C7=O)c5)c4C3=O)cc2)cc1,tg,226.0,227.41883850097656,230.40983757128276,228.8072692307603
*c1ccc(Oc2ccc(N3C(=O)c4cccc(Oc5cccc6c5C(=O)N(*)C6=O)c4C3=O)cc2)cc1,tg,292.5,283.54632568359375,273.2272753182044,278.75619158702045
*c1ccc(Oc2ccc(NC(=O)CN3C(=O)c4ccc(C(c5ccc6c(c5)C(=O)N(CC(=O)Nc5ccc(Oc7ccc(-c8nnc(*)o8)cc7)cc5)C6=O)(C(F)(F)F)C(F)(F)F)cc4C3=O)cc2)cc1,tg,263.0,232.31243896484375,250.0054222303286,240.52557480671948
*c1ccc(Oc2ccc(NC(=O)c3cc(C(=O)Nc4ccc(Oc5ccc(-c6nnc(*)o6)cc5)cc4)cc(N4C(=O)c5ccccc5C4=O)c3)cc2)cc1,tg,285.0,275.01031494140625,281.3692263393704,277.9621406643082
*c1ccc(Oc2ccc(NC(=O)c3cc(NC(=O)c4ccc(OC(C)=O)cc4)cc(C(=O)Nc4ccc(Oc5ccc(-c6nnc(*)o6)cc5)cc4)c3)cc2)cc1,tg,270.0,253.74917602539065,253.13979540612107,253.46629971615732
*c1ccc(Oc2ccc(NC(=O)c3ccc(C(=O)Nc4ccc(Oc5ccc(-c6nnc(*)o6)cc5)cc4)c(Oc4ccccc4)c3)cc2)cc1,tg,245.0,234.25372314453125,228.0712540707895,231.3838024771731
*c1ccc(Oc2ccc(NC(=O)c3ccc(Oc4cccc5c4C(=O)N(*)C5=O)cc3)cc2)cc1,tg,253.0,240.47134399414065,256.75126633573876,248.0285327214691
*c1ccc(Oc2ccc(NC(=O)c3ccc4c(c3)C(=O)N(c3ccc(Cc5ccc(N6C(=O)c7ccc(C(=O)Nc8ccc(Oc9ccc(C%10(*)NC(=O)c%11ccccc%11%10)cc9)cc8)cc7C6=O)cc5)cc3)C4=O)cc2)cc1,tg,302.0,312.6329345703125,300.6838598915838,307.0861383037628
*c1ccc(Oc2ccc(NC(=O)c3cccc(Oc4ccc5c(c4)C(=O)N(*)C5=O)c3)cc2)cc1,tg,231.0,243.02490234375,232.00672916895832,237.9102333444067
*c1ccc(Oc2ccc(Oc3ccc(-c4cnc5cc(-c6ccc7nc(*)cnc7c6)ccc5n4)cc3)cc2)cc1,tg,195.0,273.7857971191406,268.25944974697023,271.2204501114615
*c1ccc(Oc2ccc(Oc3ccc(-c4nc(*)nc(-c5ccccc5)n4)cc3)cc2)cc1,tg,244.0,281.8490905761719,225.525754257466,255.70362910639255
*c1ccc(Oc2ccc(Oc3ccc(-n4c(=O)c5cc6c(=O)n(*)c(=O)c6cc5c4=O)cc3)cc2)cc1,egc,2.0871,2.2658159732818604,2.1458463037811835,2.2116765818831015
*c1ccc(Oc2ccc(Oc3ccc(-n4c(=O)c5cc6c(=O)n(*)c(=O)c6cc5c4=O)cc3)cc2C(C)(C)C)cc1,egc,1.9644,2.4380338191986084,2.193010995395743,2.3274609834585074
*c1ccc(Oc2ccc(Oc3ccc(-n4c(=O)c5cc6c(=O)n(*)c(=O)c6cc5c4=O)cc3)cc2C)cc1,egc,2.3895,2.156651496887207,2.1870370987678194,2.1703637793328303
*c1ccc(Oc2ccc(Oc3ccc(N4C(=O)C(c5ccccc5)=C(c5ccc(C6=C(c7ccccc7)C(=O)N(*)C6=O)cc5)C4=O)cc3)cc2)cc1,tg,249.0,259.760009765625,246.32445757158283,253.52318618282396
*c1ccc(Oc2ccc(Oc3ccc(N4C(=O)C5CCC(C6CCC7C(=O)N(*)C(=O)C7C6)CC5C4=O)cc3)cc2)cc1,tg,238.0,236.96514892578125,260.5431714788642,247.91013763715637
*c1ccc(Oc2ccc(Oc3ccc(N4C(=O)C5CCC6C(=O)N(*)C(=O)C6C5C4=O)cc3)cc2)cc1,egc,4.5419,3.9344401359558105,4.292762285124252,4.09614219916409
*c1ccc(Oc2ccc(Oc3ccc(N4C(=O)C5CCC6C(=O)N(*)C(=O)C6C5C4=O)cc3)cc2)cc1,tg,274.0,235.9501495361328,273.07115092491756,253.18182959922885
*c1ccc(Oc2ccc(Oc3ccc(N4C(=O)CC(=O)N(*)C4=S)cc3)cc2)cc1,egc,3.1515,3.258150100708008,3.831736180170783,3.516995535442991
*c1ccc(Oc2ccc(Oc3ccc(N4C(=O)c5ccc(-c6ccc7c(c6)C(=O)N(*)C7=O)cc5C4=O)cc3)c(-c3ccccc3)c2)cc1,tg,247.0,251.32302856445312,270.8042046061327,260.36624885065197
*c1ccc(Oc2ccc(Oc3ccc(N4C(=O)c5ccc(-c6ccc7c(c6)C(=O)N(*)C7=O)cc5C4=O)cc3)c(C(C)(C)C)c2)cc1,tg,274.0,299.63177490234375,277.84534699971107,289.51844979551356
*c1ccc(Oc2ccc(Oc3ccc(N4C(=O)c5ccc(-c6ccc7c(c6)C(=O)N(*)C7=O)cc5C4=O)cc3)c(C)c2)cc1,tg,265.0,259.68505859375,261.96240572148855,260.7422099536176
*c1ccc(Oc2ccc(Oc3ccc(N4C(=O)c5ccc(-c6ccc7c(c6)C(=O)N(*)C7=O)cc5C4=O)cc3)cc2)cc1,tg,264.88,249.2547912597656,265.7415852441957,256.9080104235058
*c1ccc(Oc2ccc(Oc3ccc(N4C(=O)c5ccc(-c6cccc7c6C(=O)N(*)C7=O)cc5C4=O)cc3)cc2)cc1,tg,285.0,262.74273681640625,276.8818864622063,269.3061724443652
*c1ccc(Oc2ccc(Oc3ccc(N4C(=O)c5ccc(Oc6c(C)cc(C(C)(C)c7cc(C)c(Oc8ccc9c(c8)C(=O)N(*)C9=O)c(C)c7)cc6C)cc5C4=O)cc3)c(C(C)(C)C)c2)cc1,tg,244.0,247.63914489746097,265.54184668814196,255.94963270707152
*c1ccc(Oc2ccc(Oc3ccc(N4C(=O)c5ccc(Oc6cc7ccccc7cc6Oc6ccc7c(c6)C(=O)N(*)C7=O)cc5C4=O)cc3)cc2)cc1,tg,224.5,250.675537109375,213.2108138581249,233.28430032789572
*c1ccc(Oc2ccc(Oc3ccc(N4C(=O)c5ccc(Oc6ccc(-c7ccc(Oc8ccc9c(c8)C(=O)N(*)C9=O)cc7)cc6)cc5C4=O)cc3)cc2)cc1,tg,212.0,235.9394989013672,219.1958697511449,228.16705608416106
*c1ccc(Oc2ccc(Oc3ccc(N4C(=O)c5ccc(Oc6ccc(C7(c8ccc(Oc9ccc%10c(c9)C(=O)N(*)C%10=O)cc8)CCC(C(C)(C)C)CC7)cc6)cc5C4=O)cc3)c(C(C)(C)C)c2)cc1,tg,233.0,230.75271606445312,240.1307550186671,235.10602984458973
*c1ccc(Oc2ccc(Oc3ccc(N4C(=O)c5ccc(Oc6ccc(C7(c8ccc(Oc9ccc%10c(c9)C(=O)N(*)C%10=O)cc8)CCC(c8ccccc8)CC7)cc6)cc5C4=O)cc3)c(C(C)(C)C)c2)cc1,tg,236.0,244.58236694335935,229.77627614794835,237.7093352355252
*c1ccc(Oc2ccc(Oc3ccc(N4C(=O)c5ccc(Oc6ccc(Sc7ccc(Oc8ccc9c(c8)C(=O)N(*)C9=O)cc7)cc6)cc5C4=O)cc3)cc2)cc1,tg,201.0,218.0335693359375,196.27119118955608,207.93140819801476
*c1ccc(Oc2ccc(Oc3ccc(N4C(=O)c5ccc(Oc6ccc7c(c6)C(=O)N(*)C7=O)cc5C4=O)cc3)cc2)cc1,tg,235.78,229.0205993652344,240.83100013388943,234.5030227872462
*c1ccc(Oc2ccc(Oc3ccc(N4C(=O)c5ccc(Oc6ccc7ccc(Oc8ccc9c(c8)C(=O)N(*)C9=O)cc7c6)cc5C4=O)cc3)cc2)cc1,tg,228.0,216.76889038085935,220.31307075144775,218.41410952762342
*c1ccc(Oc2ccc(Oc3ccc(N4C(=O)c5ccc(Oc6cccc7c6C(=O)N(*)C7=O)cc5C4=O)cc3)cc2)cc1,tg,249.0,253.99981689453125,239.3537020165276,247.20104648686223
*c1ccc(Oc2ccc(Oc3ccc(N4C(=O)c5ccc(Oc6ccccc6Oc6ccc7c(c6)C(=O)N(*)C7=O)cc5C4=O)cc3)cc2)cc1,tg,202.0,212.68609619140625,215.50783680223975,213.99595663718662
*c1ccc(Oc2ccc(Oc3ccc(N4C(=O)c5ccc(Oc6ccccc6Oc6ccc7c(c6)C(=O)N(*)C7=O)cc5C4=O)cc3C(F)(F)F)cc2)c(C(F)(F)F)c1,tg,197.0,206.4334259033203,202.7510568029516,204.72405913416424
*c1ccc(Oc2ccc(Oc3ccc(N4C(=O)c5cccc(Oc6c(C)cc(Cc7cc(C)c(Oc8cccc9c8C(=O)N(*)C9=O)c(C)c7)cc6C)c5C4=O)c(C)c3)cc2)cc1C,tg,238.0,275.0784912109375,261.0162439031198,268.5507538786774
*c1ccc(Oc2ccc(Oc3ccc(N4C(=O)c5cccc(Oc6ccc(C(C)(C)c7ccc(Oc8cccc9c8C(=O)N(*)C9=O)cc7)cc6)c5C4=O)c(C)c3)cc2)cc1C,tg,222.0,220.3880615234375,223.0326671173742,221.61569536365926
*c1ccc(Oc2ccc(Oc3ccc(NC(=O)c4ccc(Oc5ccc6c(c5)C(=O)N(*)C6=O)cc4)cc3)cc2)cc1,tg,242.0,213.03562927246097,225.4504460251806,218.7986244051694
*c1ccc(Oc2ccc(Oc3ccc(NC(=O)c4ccc(Oc5cccc6c5C(=O)N(*)C6=O)cc4)cc3)cc2)cc1,tg,244.0,219.712158203125,233.73699052401568,226.22252738635433
*c1ccc(Oc2ccc(Oc3ccc(NC(=O)c4cccc(Oc5ccc6c(c5)C(=O)N(*)C6=O)c4)cc3)cc2)cc1,tg,213.0,210.66305541992188,217.35671782785855,213.77027356460226
*c1ccc(Oc2ccc(Oc3ccc(Oc4ccc(-c5nc6ccc(-c7ccc8nc(*)c(-c9ccccc9)nc8c7)cc6nc5-c5ccccc5)cc4)cc3)cc2)cc1,tg,263.0,280.207275390625,274.1816904417385,277.410180804066
*c1ccc(Oc2ccc(Oc3ccc(Oc4ccc(N5C(=O)c6ccc(-c7ccc8c(c7)C(=O)N(*)C8=O)cc6C5=O)cc4)cc3)cc2)cc1,tg,228.51,239.0435791015625,241.4462112157275,240.15888812749625
*c1ccc(Oc2ccc(Oc3ccc(Oc4ccc(N5C(=O)c6ccc(Oc7ccc(-c8ccc(Oc9ccc%10c(c9)C(=O)N(*)C%10=O)cc8)cc7)cc6C5=O)cc4)cc3)cc2)cc1,tg,212.0,208.26687622070312,213.31632441652263,210.61084520188012
*c1ccc(Oc2ccc(Oc3ccc(Oc4ccc(N5C(=O)c6ccc(Oc7ccc(Oc8ccc9c(c8)C(=O)N(*)C9=O)cc7)cc6C5=O)cc4)cc3)cc2)cc1,tg,210.0,198.85504150390625,203.56263154212544,201.0403189040822
*c1ccc(Oc2ccc(Oc3ccc(P(=O)(c4ccccc4)c4ccc(Oc5ccc(Oc6ccc(-c7nc8ccccc8nc7*)cc6)cc5)cc4)cc3)cc2)cc1,tg,209.0,244.71334838867188,247.66926154700897,246.08549213299847
*c1ccc(Oc2ccc(P(=O)(c3ccccc3)c3ccc(Oc4ccc(-c5cc(*)[nH]n5)cc4)cc3)cc2)cc1,egc,4.1018,3.9795777797698975,2.8805558506837983,3.4836159368953035
*c1ccc(Oc2ccc(P(=O)(c3ccccc3)c3ccc(Oc4ccc(-c5cc(*)[nH]n5)cc4)cc3)cc2)cc1,tg,296.0,239.73953247070312,256.7685505257434,247.64445367258094
*c1ccc(Oc2ccc(P(=O)(c3ccccc3)c3ccc(Oc4ccc(-c5ccc(*)nc5)cc4)cc3)cc2)cc1,tg,257.0,224.3582763671875,244.34290215677436,233.63519953475327
*c1ccc(Oc2ccc(P(=O)(c3ccccc3)c3ccc(Oc4ccc(-c5nc(-c6ccccc6)[nH]c5*)cc4)cc3)cc2)cc1,tg,318.0,257.894775390625,275.57812395413276,266.1034387749764
*c1ccc(Oc2ccc(S(=O)(=O)c3ccc(Oc4ccc(-c5c6c(c(*)c7ccccc57)C(=O)N(CCCCCCCCCCCC)C6=O)cc4)cc3)cc2)cc1,tg,167.0,176.81858825683594,151.21959016918427,164.93545664725892
*c1ccc(Oc2ccc(S(=O)(=O)c3ccc(Oc4ccc(-c5c6c(c(*)c7ccccc57)C(=O)N(c5ccc(C(F)(F)F)cc5)C6=O)cc4)cc3)cc2)cc1,tg,290.0,295.21563720703125,287.62735932337387,291.6931358781593
*c1ccc(Oc2ccc(S(=O)(=O)c3ccc(Oc4ccc(-c5c6c(c(*)c7ccccc57)C(=O)N(c5ccc(F)cc5)C6=O)cc4)cc3)cc2)cc1,tg,300.0,300.92083740234375,294.0053878054218,297.7106649800387
*c1ccc(Oc2ccc(S(=O)(=O)c3ccc(Oc4ccc(-c5c6c(c(*)c7ccccc57)C(=O)N(c5cccc(C(F)(F)F)c5)C6=O)cc4)cc3)cc2)cc1,tg,280.5,269.3811340332031,283.0423399063416,275.72270672992283
*c1ccc(Oc2ccc(S(=O)(=O)c3ccc(Oc4ccc(-c5c6c(c(*)c7ccccc57)C(=O)N(c5ccccc5)C6=O)cc4)cc3)cc2)cc1,tg,305.0,296.53582763671875,291.3751780842109,294.14023865259605
*c1ccc(Oc2ccc(S(=O)(=O)c3ccc(Oc4ccc(-c5c6c(c(*)c7ccccc57)C(=O)N(c5ccccc5-c5ccccc5)C6=O)cc4)cc3)cc2)cc1,tg,278.0,269.07904052734375,269.2528283633643,269.1597133615111
*c1ccc(Oc2ccc(S(=O)(=O)c3ccc(Oc4ccc(-c5c6c(c(*)c7ccccc57)C(=O)N(c5ccccc5C(F)(F)F)C6=O)cc4)cc3)cc2)cc1,tg,290.0,278.7249450683594,281.20184881250964,279.8747312074579
*c1ccc(Oc2ccc(S(=O)(=O)c3ccc(Oc4ccc(-c5cc(*)[nH]n5)cc4)cc3)cc2)cc1,tg,260.0,234.7611083984375,249.0818499550312,241.40883953545534
*c1ccc(Oc2ccc(S(=O)(=O)c3ccc(Oc4ccc(-c5nc(-c6ccccc6)[nH]c5*)cc4)cc3)cc2)cc1,tg,277.0,245.7717742919922,270.46168417988423,257.23290443551696
*c1ccc(Oc2ccc(S(=O)(=O)c3ccc(Oc4ccc(-c5nc(-c6ccccn6)nnc5*)cc4)cc3)cc2)cc1,tg,265.0,233.505126953125,241.2391199658604,237.09526968149282
*c1ccc(Oc2ccc(S(=O)(=O)c3ccc(Oc4ccc(-c5ncc(*)o5)cc4C(F)(F)F)cc3)cc2)c(C(F)(F)F)c1,tg,210.0,202.5069580078125,217.8469304218757,209.62781916259047
*c1ccc(Oc2ccc(S(=O)(=O)c3ccc(Oc4ccc(C5(*)OC(=O)c6ccccc65)cc4)cc3)cc2)cc1,tg,247.14,256.9317932128906,243.5747095515,250.7313949580464
*c1ccc(Oc2ccc(S(=O)(=O)c3ccc(Oc4ccc(C5(*)OC(=O)c6ccccc65)cc4C)cc3)cc2)c(C)c1,tg,245.0,258.17041015625,254.1695533114929,256.3132004219261
*c1ccc(Oc2ccc(S(=O)(=O)c3ccc(Oc4ccc(N5C(=O)C6CCC(C7CCC8C(=O)N(*)C(=O)C8C7)CC6C5=O)cc4)cc3)cc2)cc1,tg,256.5,243.43988037109375,258.4917318007824,250.4269949016843
*c1ccc(Oc2ccc(S(=O)(=O)c3ccc(Oc4ccc(N5C(=O)c6ccc(Oc7ccc(C(C)(C)c8ccc(Oc9ccc%10c(c9)C(=O)N(*)C%10=O)cc8)cc7)cc6C5=O)cc4)cc3)cc2)cc1,tg,200.0,218.91973876953125,206.3713505498937,213.09473936168536
*c1ccc(Oc2ccc(S(=O)(=O)c3ccc(Oc4ccc(N5C(=O)c6ccc(Oc7ccc(Oc8ccc9c(c8)C(=O)N(*)C9=O)cc7)cc6C5=O)cc4)cc3)cc2)cc1,tg,201.0,229.71144104003903,208.89238871843435,220.04717457628098
*c1ccc(Oc2ccc(S(=O)(=O)c3ccc(Oc4ccc(N5C(=O)c6ccc(Oc7cccc(Oc8ccc9c(c8)C(=O)N(*)C9=O)c7)cc6C5=O)cc4)cc3)cc2)cc1,tg,201.0,202.02149963378903,206.47495406407853,204.08880652334702
*c1ccc(Oc2ccc(S(=O)(=O)c3ccc(Oc4ccc(N5C(=O)c6ccc(Oc7cccc8c(Oc9ccc%10c(c9)C(=O)N(*)C%10=O)cccc78)cc6C5=O)cc4)cc3)cc2)cc1,tg,201.0,223.17486572265625,221.92267826136373,222.59359655143902
*c1ccc(Oc2ccc(S(=O)(=O)c3ccc(Oc4ccc(N5C(=O)c6ccc([Si](C)(C)c7ccc8c(c7)C(=O)N(*)C8=O)cc6C5=O)cc4)cc3)cc2)cc1,tg,238.0,255.81869506835935,249.11240784075315,252.70561644456308
*c1ccc(Oc2ccc(Sc3ccc(Oc4ccc(-c5ccc(*)s5)cc4C(F)(F)F)cc3)cc2)c(C(F)(F)F)c1,tg,142.0,143.86761474609375,145.96558261672882,144.8414977173748
*c1ccc(Oc2ccc(Sc3ccc(Oc4ccc(-c5nc(*)nc(-c6ccccc6)n5)cc4)cc3)cc2)cc1,tg,211.0,225.87887573242188,219.86636203702977,223.08784886089782
*c1ccc(Oc2ccc(Sc3ccc(Oc4ccc(N5C(=O)c6ccc(Oc7ccc(-c8ccc(Oc9ccc%10c(c9)C(=O)N(*)C%10=O)cc8)cc7)cc6C5=O)cc4)cc3)cc2)cc1,tg,212.0,204.6165771484375,206.79435306741263,205.62750725487132
*c1ccc(Oc2ccc(Sc3ccc(Oc4ccc(N5C(=O)c6ccc(Oc7ccc(Oc8ccc(Oc9ccc%10c(c9)C(=O)N(*)C%10=O)cc8)cc7)cc6C5=O)cc4)cc3)cc2)cc1,tg,198.5,192.67491149902344,201.88211943772495,196.9489250099315
*c1ccc(Oc2ccc(Sc3ccc(Oc4ccc(N5C(=O)c6ccc(Oc7ccc(Sc8ccc(Oc9ccc%10c(c9)C(=O)N(*)C%10=O)cc8)cc7)cc6C5=O)cc4)cc3)cc2)cc1,tg,195.5,187.81724548339844,189.676337433352,188.68024153660178
*c1ccc(Oc2ccc3ccc(Oc4ccc(-n5c(=O)c6cc7c(=O)n(*)c(=O)c7cc6c5=O)cc4)cc3c2)cc1,egc,2.1074,2.1051957607269287,2.157146969509269,2.1286400765911972
*c1ccc(Oc2ccc3ccc(Oc4ccc(N5C(=O)CC(=O)N(*)C5=S)cc4)cc3c2)cc1,tg,151.5,189.97183227539065,197.7697375853054,193.59164328359708
*c1ccc(Oc2ccc3ccccc3c2-c2c(Oc3ccc(N4C(=O)c5ccc(NC(=O)Nc6ccc(-c7cc(-c8ccc(-c9ccccc9)cc8)cc(-c8ccc(NC(=O)Nc9ccc%10c(c9)C(=O)N(*)C%10=O)cc8)n7)cc6)cc5C4=O)cc3)ccc3ccccc23)cc1,tg,302.0,270.1759033203125,293.732106168107,281.1107632591186
*c1ccc(Oc2ccc3ccccc3c2-c2c(Oc3ccc(N4C(=O)c5ccc(NC(=O)Nc6ccc(Oc7ccc(NC(=O)Nc8ccc9c(c8)C(=O)N(*)C9=O)cc7)cc6)cc5C4=O)cc3)ccc3ccccc23)cc1,tg,274.0,252.27096557617188,265.1859807461092,258.2661543127998
*c1ccc(Oc2ccc3ccccc3c2-c2c(Oc3ccc(N4C(=O)c5ccc(NC(=O)Nc6ccc(Oc7ccccc7-c7ccccc7Oc7ccc(NC(=O)Nc8ccc9c(c8)C(=O)N(*)C9=O)cc7)cc6)cc5C4=O)cc3)ccc3ccccc23)cc1,tg,285.0,230.679443359375,271.05130205571226,249.42018112454713
*c1ccc(Oc2ccc3ccccc3c2-c2c(Oc3ccc(N4C(=O)c5ccc(NC(=O)Nc6cccc(NC(=O)Nc7ccc8c(c7)C(=O)N(*)C8=O)n6)cc5C4=O)cc3)ccc3ccccc23)cc1,tg,283.0,269.3877258300781,268.32818555070526,268.8958840578992
*c1ccc(Oc2ccc3ccccc3c2-c2c(Oc3ccc(N4C(=O)c5ccc(NC(=O)Nc6cccc7c(NC(=O)Nc8ccc9c(c8)C(=O)N(*)C9=O)cccc67)cc5C4=O)cc3)ccc3ccccc23)cc1,tg,297.0,265.1189880371094,302.6075242163874,282.5212788511252
*c1ccc(Oc2cccc(-n3c(=O)c4cc5c(=O)n(*)c(=O)c5cc4c3=O)c2)cc1,egc,2.5637,2.128540277481079,2.5065556386968177,2.299129407890301
*c1ccc(Oc2cccc(-n3c(=O)c4cc5c(=O)n(-c6cccc(Oc7ccc(-c8nc9cc%10sc(*)nc%10cc9s8)cc7)c6)c(=O)c5cc4c3=O)c2)cc1,tg,400.0,343.4791259765625,339.0533336567493,341.4246599215662
*c1ccc(Oc2cccc(N3C(=O)c4ccc(-c5ccc6c(c5)C(=O)N(*)C6=O)cc4C3=O)c2)cc1,tg,255.5,263.6686706542969,262.0373585580688,262.91141069164524
*c1ccc(Oc2cccc(N3C(=O)c4ccc(-c5cccc6c5C(=O)N(*)C6=O)cc4C3=O)c2)cc1,tg,286.0,263.937744140625,296.6647277754813,279.1297079974084
*c1ccc(Oc2cccc(N3C(=O)c4ccc(Oc5ccc6c(c5)C(=O)N(*)C6=O)cc4C3=O)c2)cc1,tg,233.75,219.10806274414065,239.4137610153012,228.53402871961984
*c1ccc(Oc2cccc(N3C(=O)c4ccc(Oc5ccc6cc(Oc7ccc8c(c7)C(=O)N(*)C8=O)ccc6c5)cc4C3=O)c2)cc1,tg,225.0,213.48892211914065,222.4068302377688,217.62864178679797
*c1ccc(Oc2cccc(N3C(=O)c4ccc([Si](C)(C)O[Si](C)(C)c5ccc6c(c5)C(=O)N(c5cccc(Oc7ccc(-c8nnc(*)o8)cc7)c5)C6=O)cc4C3=O)c2)cc1,tg,165.0,202.3527984619141,204.36494986117475,203.28684517006798
*c1ccc(Oc2cccc(N3C(=O)c4ccc5c6c(ccc(c46)C3=O)C(=O)N(c3cccc(Oc4ccc(-c6nnc(*)o6)cc4)c3)C5=O)c2)cc1,tg,318.0,266.93609619140625,258.84344593131414,263.17946369424067
*c1ccc(Oc2cccc(Oc3ccc(-n4c(=O)c5cc6c(=O)n(*)c(=O)c6cc5c4=O)cc3)c2C#N)cc1,egc,2.6202,2.4259727001190186,2.2231599260539796,2.3344482322974804
*c1ccc(Oc2cccc(Oc3ccc(N4C(=O)C5CCC(C6CCC7C(=O)N(*)C(=O)C7C6)CC5C4=O)cc3)c2)cc1,tg,215.0,228.30743408203125,244.7141628611777,235.92348673759506
*c1ccc(Oc2cccc(Oc3ccc(N4C(=O)CC(=O)N(*)C4=S)cc3)c2)cc1,tg,128.0,156.4758758544922,134.95202177723695,146.484438304101
*c1ccc(Oc2cccc(Oc3ccc(N4C(=O)c5ccc(-c6ccc7c(c6)C(=O)N(*)C7=O)cc5C4=O)cc3)c2)cc1,tg,220.0,235.32470703125,249.3149737698193,241.8190307676036
*c1ccc(Oc2cccc(Oc3ccc(N4C(=O)c5ccc(-c6ccc7c(c6)C(=O)N(*)C7=O)cc5C4=O)cc3)c2C#N)cc1,tg,271.0,249.96107482910156,272.4837932672059,260.4161882085015
*c1ccc(Oc2cccc(Oc3ccc(N4C(=O)c5ccc(-c6cccc7c6C(=O)N(*)C7=O)cc5C4=O)cc3)c2)cc1,tg,259.0,237.94549560546875,258.2773521048414,247.38360430885677
*c1ccc(Oc2cccc(Oc3ccc(N4C(=O)c5ccc(Oc6ccc(-c7ccc(Oc8ccc9c(c8)C(=O)N(*)C9=O)cc7)cc6)cc5C4=O)cc3)c2)cc1,tg,205.0,204.41439819335935,205.7465278711212,205.03277678097692
*c1ccc(Oc2cccc(Oc3ccc(N4C(=O)c5ccc(Oc6ccc(C(=O)c7ccc(Oc8ccc9c(c8)C(=O)N(*)C9=O)cc7)cc6)cc5C4=O)cc3)c2)cc1,tg,194.0,207.3769073486328,191.45656946716343,199.98663880504898
*c1ccc(Oc2cccc(Oc3ccc(N4C(=O)c5ccc(Oc6ccc(C(C)(C)c7ccc(Oc8ccc9c(c8)C(=O)N(*)C9=O)cc7)cc6)cc5C4=O)cc3)c2C#N)cc1,tg,213.0,195.8863983154297,204.1676138003945,199.73056335494243
*c1ccc(Oc2cccc(Oc3ccc(N4C(=O)c5ccc(Oc6ccc(S(=O)(=O)c7ccc(Oc8ccc9c(c8)C(=O)N(*)C9=O)cc7)cc6)cc5C4=O)cc3)c2)cc1,tg,219.0,216.0460205078125,206.70992210014205,211.7121756550397
*c1ccc(Oc2cccc(Oc3ccc(N4C(=O)c5ccc(Oc6ccc(Sc7ccc(Oc8ccc9c(c8)C(=O)N(*)C9=O)cc7)cc6)cc5C4=O)cc3)c2)cc1,tg,178.0,185.9923095703125,196.64338090013743,190.9365687933465
*c1ccc(Oc2cccc(Oc3ccc(N4C(=O)c5cccc(Oc6ccc(-c7ccc(Oc8cccc9c8C(=O)N(*)C9=O)cc7)cc6)c5C4=O)cc3)c2)cc1,tg,224.0,227.10012817382812,225.48730783268255,226.35145213928908
*c1ccc(Oc2cccc(Oc3ccc(N4C(=O)c5cccc(Oc6ccc(C(=O)c7ccc(Oc8cccc9c8C(=O)N(*)C9=O)cc7)cc6)c5C4=O)cc3)c2)cc1,tg,216.0,206.6424560546875,208.91654104293625,207.69809311963024
*c1ccc(Oc2cccc(Oc3ccc(N4C(=O)c5cccc(Oc6ccc(Oc7ccc(Oc8cccc9c8C(=O)N(*)C9=O)cc7)cc6)c5C4=O)cc3)c2)cc1,tg,198.0,207.95248413085935,207.64274883803233,207.80870407992956
*c1ccc(Oc2cccc(Oc3ccc(N4C(=O)c5cccc(Oc6ccc(S(=O)(=O)c7ccc(Oc8cccc9c8C(=O)N(*)C9=O)cc7)cc6)c5C4=O)cc3)c2)cc1,tg,230.0,225.170654296875,221.12238872686112,223.29143729024537
*c1ccc(Oc2cccc(Oc3ccc(N4C(=O)c5cccc(Oc6ccc(Sc7ccc(Oc8cccc9c8C(=O)N(*)C9=O)cc7)cc6)c5C4=O)cc3)c2)cc1,tg,202.0,199.1645965576172,202.07057871685825,200.5135621825649
*c1ccc(Oc2cccc3c(NC(=O)c4ccc(C(c5ccc(C(=O)Nc6cccc7c(Oc8ccc(-c9nnc(*)o9)cc8)cccc67)cc5)(C(F)(F)F)C(F)(F)F)cc4)cccc23)cc1,tg,279.0,272.06146240234375,260.2274446506783,266.56807590605956
*c1ccc(Oc2cccc3c(NC(=O)c4ccc([Si](c5ccccc5)(c5ccccc5)c5ccc(C(=O)Nc6cccc7c(Oc8ccc(-c9nnc(*)o9)cc8)cccc67)cc5)cc4)cccc23)cc1,tg,275.0,225.2803649902344,260.21164378721005,241.49556926557358
*c1ccc(Oc2cccc3c(Oc4ccc(-n5c(=O)c6cc7c(=O)n(*)c(=O)c7cc6c5=O)cc4)cccc23)cc1,egc,1.8659,2.366342782974243,2.28677153589917,2.3304342161888654
*c1ccc(Oc2cccc3c(Oc4ccc(N5C(=O)c6ccc(-c7ccc8c(c7)C(=O)N(*)C8=O)cc6C5=O)cc4)cccc23)cc1,tg,305.0,259.5640869140625,256.830472298545,258.29513481934254
*c1ccc(Oc2cccc3c(Oc4ccc(N5C(=O)c6ccc(S(=O)(=O)c7ccc8c(c7)C(=O)N(*)C8=O)cc6C5=O)cc4)cccc23)cc1,tg,306.0,270.9586181640625,264.7763045633203,268.0887696677366
*c1ccc(Oc2ccccc2-n2c(=O)c3cc4c(=O)n(*)c(=O)c4cc3c2=O)cc1,egc,2.5326,2.4836347103118896,2.6459384608458616,2.556878441933537
*c1ccc(Oc2ccccc2N2C(=O)c3ccc(Oc4ccc5c(c4)C(=O)N(*)C5=O)cc3C2=O)cc1,tg,264.0,249.34857177734375,265.6021145427162,256.89351502635225
*c1ccc(Oc2ccccc2Oc2ccc(-n3c(=O)c4cc5c(=O)n(*)c(=O)c5cc4c3=O)cc2)cc1,egc,2.1614,2.2069430351257324,2.2156076765072545,2.210853176856026
*c1ccc(Oc2ccccc2Oc2ccc(N3C(=O)c4ccc(Oc5cc6ccccc6cc5Oc5ccc6c(c5)C(=O)N(*)C6=O)cc4C3=O)cc2)cc1,tg,204.0,251.66876220703125,227.606040668938,240.49877477460524
*c1ccc(Oc2ccccc2Oc2ccc(N3C(=O)c4ccc(Oc5ccc6c(c5)C(=O)N(*)C6=O)cc4C3=O)cc2C(F)(F)F)c(C(F)(F)F)c1,tg,223.0,223.43357849121097,218.17867128485344,220.99423482176542
*c1ccc(Oc2ccccc2Oc2ccc(N3C(=O)c4ccc(Oc5ccccc5Oc5ccc6c(c5)C(=O)N(*)C6=O)cc4C3=O)cc2C(F)(F)F)c(C(F)(F)F)c1,tg,185.0,228.27098083496097,204.80190238743967,217.3765643037956
*c1ccc(Oc2ccccc2Oc2ccc(N3C(=O)c4ccc(S(=O)(=O)c5ccc6c(c5)C(=O)N(*)C6=O)cc4C3=O)cc2C(F)(F)F)c(C(F)(F)F)c1,tg,255.0,249.19662475585935,242.85444048804183,246.25256381688774
*c1ccc(S(*)(=O)=O)cc1,egc,4.2821,4.443598747253418,3.8368113553832424,4.169770368455506
*c1ccc(S(=O)(=O)c2ccc(-n3c(=O)c4cc5c(=O)n(*)c(=O)c5cc4c3=O)cc2)cc1,egc,2.8028,2.5732622146606445,2.75011658568768,2.6530722871019963
*c1ccc(S(=O)(=O)c2ccc(-n3nc(*)c4ccccc4c3=O)cc2)cc1,tg,422.0,316.5417785644531,276.13670198632764,297.78562095903067
*c1ccc(S(=O)(=O)c2ccc(-n3nc(-c4ccc(Oc5ccc(-c6nn(*)c(=O)c7ccccc67)cc5)cc4)c4ccccc4c3=O)cc2)cc1,egc,3.5201,3.3224925994873047,3.3015367187197864,3.313035720630337
*c1ccc(S(=O)(=O)c2ccc(N3C(=O)C(C)C(SCCOCCSC4C(=O)N(c5ccc(S(=O)(=O)c6ccc(N7C(=O)CC(C)(SCCOCCSC8(C)CC(=O)N(*)C8=O)C7=O)cc6)cc5)C(=O)C4C)C3=O)cc2)cc1,tg,157.0,192.17068481445312,140.57103398147612,168.2179722998074
*c1ccc(S(=O)(=O)c2ccc(N3C(=O)c4ccc(-c5ccc6c(c5)C(=O)N(*)C6=O)cc4C3=O)cc2)cc1,egc,3.396,3.0400524139404297,2.836370797038843,2.9481358584971815
*c1ccc(S(=O)(=O)c2ccc(N3C(=O)c4ccc(-c5ccc6c(c5)C(=O)N(*)C6=O)cc4C3=O)cc2)cc1,tg,350.0,326.3500061035156,305.7765808956921,316.79976048189945
*c1ccc(S(=O)(=O)c2ccc(N3C(=O)c4ccc(Oc5ccc(C(C)(C)c6ccc(Oc7ccc8c(c7)C(=O)N(*)C8=O)cc6)cc5)cc4C3=O)cc2)cc1,tg,240.0,257.840087890625,238.87306980056243,249.03554126603802
*c1ccc(S(=O)(=O)c2ccc(N3C(=O)c4ccc(Oc5ccc(Oc6ccc7c(c6)C(=O)N(*)C7=O)cc5)cc4C3=O)cc2)cc1,tg,283.0,249.4208068847656,264.8170553638934,256.56779155755555
*c1ccc(S(=O)(=O)c2ccc(N3C(=O)c4ccc(Oc5ccc6c(c5)C(=O)N(*)C6=O)cc4C3=O)cc2)cc1,tg,262.0,312.9087829589844,288.83362628066715,301.7330230972094
*c1ccc(SSc2ccc(-n3c(=O)c4cc5c(=O)n(*)c(=O)c5cc4c3=O)cc2)cc1,egc,2.3111,2.5904054641723633,2.5494349231046,2.57191645634298
*c1ccc(Sc2cc3c(cc2Sc2ccc(N4C(=O)C5C6C=CC(C7C(=O)N(*)C(=O)C67)C5C4=O)cc2)C(=O)N(CCN(C)C)C3=O)cc1,tg,310.0,258.5555419921875,257.00226648983073,257.8345068502168
*c1ccc(Sc2cc3c(cc2Sc2ccc(N4C(=O)C5C6C=CC(C7C(=O)N(*)C(=O)C67)C5C4=O)cc2)C(=O)N(CCc2ccccc2)C3=O)cc1,tg,258.0,258.02728271484375,261.48830402956753,259.63389917872223
*c1ccc(Sc2cc3c(cc2Sc2ccc(N4C(=O)C5C6C=CC(C7C(=O)N(*)C(=O)C67)C5C4=O)cc2)C(=O)N(c2ccc(CC)cc2)C3=O)cc1,tg,320.0,286.8459167480469,279.37118356861885,283.3761232110701
*c1ccc(Sc2cc3c(cc2Sc2ccc(N4C(=O)c5ccc(Oc6ccc7c(c6)C(=O)N(*)C7=O)cc5C4=O)cc2)C(=O)N(c2ccc(CC)cc2)C3=O)cc1,tg,271.0,281.1689453125,248.62442644376637,266.0616821468344
*c1ccc(Sc2ccc(-c3nc4cc(-c5ccc6nc(-c7ccccc7)c(*)nc6c5)ccc4nc3-c3ccccc3)cc2)cc1,tg,281.0,349.221923828125,289.8713482904558,321.67120884297594
*c1ccc(Sc2ccc(-c3nc4ccc(-c5ccc6nc(*)c(-c7ccccc7)nc6c5)cc4nc3-c3ccccc3)cc2)cc1,egc,3.3214,3.2789125442504883,3.097146952332201,3.196886157375798
*c1ccc(Sc2ccc(-c3nc4ccc(-c5ccc6nc(*)c(-c7ccccc7)nc6c5)cc4nc3-c3ccccc3)cc2)cc1,tg,288.0,284.1449890136719,305.0256821805096,293.83786934246956
*c1ccc(Sc2ccc(-c3nn(-c4ccc(S(=O)(=O)c5ccc(-n6nc(*)c7ccccc7c6=O)cc5)cc4)c(=O)c4ccccc34)cc2)cc1,egc,3.5491,3.2515974044799805,3.387418747582516,3.312890270294634
*c1ccc(Sc2ccc(-n3c(=O)c4cc5c(=O)n(*)c(=O)c5cc4c3=O)cc2)cc1,egc,2.5188,2.333008289337158,2.4259237016291637,2.374938753045117
*c1ccc(Sc2ccc(Sc3ccc(N4C(=O)c5ccc(Sc6ccc(Sc7ccc(Sc8ccc9c(c8)C(=O)N(*)C9=O)cc7)cc6)cc5C4=O)cc3)s2)cc1,tg,185.5,180.5086975097656,198.46302488254813,188.84315006926334
*c1ccc(Sc2ccc(Sc3ccc(Sc4ccc(N5C(=O)c6ccc(-c7ccc8c(c7)C(=O)N(*)C8=O)cc6C5=O)cc4)cc3)cc2)cc1,tg,227.1,219.79965209960935,234.957028587728,226.83575167848727
*c1ccc(Sc2ccc(Sc3ccc(Sc4ccc(N5C(=O)c6ccc(Oc7ccc8c(c7)C(=O)N(*)C8=O)cc6C5=O)cc4)cc3)cc2)cc1,tg,202.65,191.712646484375,227.90895720015507,208.5150823665918
*c1ccc(Sc2ccc(Sc3ccc(Sc4ccc(N5C(=O)c6ccc(Sc7ccc(Sc8ccc(Sc9ccc%10c(c9)C(=O)N(*)C%10=O)cc8)cc7)cc6C5=O)cc4)cc3)cc2)cc1,tg,176.45,170.42849731445312,194.3333337430358,181.52519400600391
*c1ccc(Sc2ccc(Sc3ccc(Sc4ccc(S(*)(=O)=O)cc4S(=O)(=O)O)cc3)cc2)c(S(=O)(=O)O)c1,tg,202.0,192.35711669921875,176.57089301824072,185.02910436932322
*c1ccc(Sc2ccc(Sc3ccc(Sc4ccc(S(*)=O)cc4)cc3)cc2)cc1,tg,133.0,119.44335174560548,156.61407503168547,136.698112862398
*c1ccc(Sc2ccc(Sc3ccc(Sc4ccc(Sc5ccc(N6C(=O)c7ccc(Sc8ccc(Sc9ccc(Sc%10ccc%11c(c%10)C(=O)N(*)C%11=O)cc9)cc8)cc7C6=O)cc5)s4)s3)s2)cc1,tg,177.0,176.37738037109375,198.09419593567924,186.45839122203654
*c1ccc(Sc2cccc(Sc3ccc(S(*)=O)cc3)c2)cc1,tg,121.0,110.14776611328124,129.43000187206,119.09863772411153
*c1ccc([Si](*)(C)C)s1,tg,21.0,22.39537048339844,16.395630861554444,19.610273375087885
*c1ccc([Si](CCCC)(CCCC)[Si](*)(CCCC)CCCC)s1,tg,-53.0,-63.94508361816406,-14.254933566897106,-40.878767087453184
*c1ccc([Si](c2ccccc2)(c2ccccc2)c2ccc(-c3nnc(*)o3)cc2)cc1,egc,4.0946,4.5600128173828125,3.4908502933293217,4.077525797125658
*c1ccc([Si](c2ccccc2)(c2ccccc2)c2ccc(-c3nnc(-c4ccc(-c5nnc(*)o5)c5ccccc45)o3)cc2)cc1,tg,271.5,275.75531005859375,269.9995263890632,273.08345803426477
*c1ccc([Si](c2ccccc2)(c2ccccc2)c2ccc(-c3nnc(-c4ccc(-c5nnc(*)o5)cc4)o3)cc2)cc1,tg,274.0,308.247314453125,256.66618769925475,284.3032008715007
*c1ccc([Si](c2ccccc2)(c2ccccc2)c2ccc(-c3nnc(-c4ccc(-c5nnc(*)o5)o4)o3)cc2)cc1,tg,264.0,259.9447937011719,263.5858639521968,261.63498942072687
*c1ccc([Si](c2ccccc2)(c2ccccc2)c2ccc(-c3nnc(-c4cccc(-c5nnc(*)o5)n4)o3)cc2)cc1,tg,265.0,254.31463623046875,252.4939631415044,253.46947432764355
*c1ccc([Si](c2ccccc2)(c2ccccc2)c2ccc(-c3nnc(-c4cncc(-c5nnc(*)o5)c4)o3)cc2)cc1,tg,272.0,294.60028076171875,262.03901240713725,279.4852424345394
*c1ccc2[nH]c(*)nc2c1,egc,3.9385,3.93002986907959,3.4448332720630863,3.711072456088848
*c1ccc2c(*)c(-c3ccccc3)[nH]c2c1,egc,3.6113,3.541994571685791,3.046668864512788,3.31846613785648
*c1ccc2c(c1)C(*)(C)CC2(C)C,tg,212.75,285.633056640625,224.25962900086753,257.14332764900905
*c1ccc2c(c1)C(=O)N(C1CC(C)(C)CC(C)(CN3C(=O)c4ccc(C(*)(C(F)(F)F)C(F)(F)F)cc4C3=O)C1)C2=O,tg,278.0,270.1942138671875,257.90031322990313,264.4873483575415
*c1ccc2c(c1)C(=O)N(c1c(C(C)C)cc(C(c3ccccc3)(c3cc(C(C)C)c(N4C(=O)c5ccc(C(*)(C(F)(F)F)C(F)(F)F)cc5C4=O)c(C(C)C)c3)C(F)(F)F)cc1C(C)C)C2=O,tg,274.0,244.0963134765625,284.4642918425755,262.83524998077223
*c1ccc2c(c1)C(=O)N(c1c(C(C)C)cc(Cc3cc(C(C)C)c(N4C(=O)c5ccc(C(*)(C(F)(F)F)C(F)(F)F)cc5C4=O)c(C(C)C)c3)cc1C(C)C)C2=O,tg,278.5,243.98394775390625,272.3906311566699,257.1704152988786
*c1ccc2c(c1)C(=O)N(c1c(C)cc(-c3cc(C)c(-c4cc(C)c(N5C(=O)c6ccc(C(*)(C(F)(F)F)C(F)(F)F)cc6C5=O)c(C)c4)cc3C)cc1C)C2=O,tg,361.0,389.74365234375,341.52684901031813,367.3612677737598
*c1ccc2c(c1)C(=O)N(c1c(C)cc(-c3cc(C)c(N4C(=O)c5ccc(C(*)(C(F)(F)F)C(F)(F)F)cc5C4=O)c4ccccc34)c3ccccc13)C2=O,tg,403.0,334.1109924316406,346.59515053959086,339.9061760292011
*c1ccc2c(c1)C(=O)N(c1c(C)cc(C(c3cccc(C(F)(F)F)c3)c3cc(C)c(N4C(=O)c5ccc(C(*)(C(F)(F)F)C(F)(F)F)cc5C4=O)c(C)c3)cc1C)C2=O,tg,286.1,266.36529541015625,296.3605293447503,280.2891728714686
*c1ccc2c(c1)C(=O)N(c1c(C)cc(C(c3ccccc3)(c3cc(C)c(N4C(=O)c5ccc(C(*)(C(F)(F)F)C(F)(F)F)cc5C4=O)c(C(C)C)c3)C(F)(F)F)cc1C(C)C)C2=O,tg,289.0,330.39422607421875,282.87523776197855,308.3357693277929
*c1ccc2c(c1)C(=O)N(c1c(C)cc(C)c(C(=O)c3cccc(N4C(=O)c5ccc(C(*)(C(F)(F)F)C(F)(F)F)cc5C4=O)c3)c1C)C2=O,tg,280.0,312.41314697265625,310.7490647755129,311.64067503097715
*c1ccc2c(c1)C(=O)N(c1c(C)cc(C)c(N3C(=O)c4ccc(C(*)(C(F)(F)F)C(F)(F)F)cc4C3=O)c1C)C2=O,tg,366.25,355.12469482421875,358.22669720041955,356.5646536211764
*c1ccc2c(c1)C(=O)N(c1c(C)cc(C3(c4cc(C)c(N5C(=O)c6ccc(C(*)(C(F)(F)F)C(F)(F)F)cc6C5=O)c(C(C)C)c4)c4ccccc4-c4ccccc43)cc1C(C)C)C2=O,tg,335.0,326.2831115722656,323.08879546901767,324.8003004666311
*c1ccc2c(c1)C(=O)N(c1c(C)cc(C3(c4cc(C)c(N5C(=O)c6ccc(C(*)(C(F)(F)F)C(F)(F)F)cc6C5=O)c(C)c4)c4ccccc4-c4ccccc43)cc1C)C2=O,tg,361.0,353.4032897949219,365.5032582976521,359.0201314266668
*c1ccc2c(c1)C(=O)N(c1c(C)cc(Cc3cc(C)c(N4C(=O)c5ccc(C(*)(C(F)(F)F)C(F)(F)F)cc5C4=O)c(C(C)C)c3)cc1C(C)C)C2=O,tg,276.0,302.19573974609375,284.61467637879144,294.0345574562781
*c1ccc2c(c1)C(=O)N(c1c(C)cc(Cc3cc(C)c(N4C(=O)c5ccc(C(*)(C(F)(F)F)C(F)(F)F)cc5C4=O)c(C)c3)cc1C)C2=O,tg,307.5,321.46435546875,322.9338832349873,322.146514660697
*c1ccc2c(c1)C(=O)N(c1c(CC)cc(Cc3cc(CC)c(N4C(=O)c5ccc(C(*)(C(F)(F)F)C(F)(F)F)cc5C4=O)c(CC)c3)cc1CC)C2=O,tg,266.0,265.7660827636719,193.2850385995881,232.120164901877
*c1ccc2c(c1)C(=O)N(c1cc(-c3ccc(O)c(N4C(=O)c5ccc(C(*)(C(F)(F)F)C(F)(F)F)cc5C4=O)c3)ccc1O)C2=O,tg,350.0,327.4560546875,341.4699214449916,333.96133362334547
*c1ccc2c(c1)C(=O)N(c1cc(C(=O)Nc3cccc4c(NC(=O)c5ccc(C)c(N6C(=O)c7ccc(C(*)(C(F)(F)F)C(F)(F)F)cc7C6=O)c5)cccc34)ccc1C)C2=O,tg,250.0,315.24993896484375,289.49818519016435,303.2958977076763
*c1ccc2c(c1)C(=O)N(c1cc(C(=O)Oc3ccc(C(c4ccc(OC(=O)c5ccc(C)c(N6C(=O)c7ccc(C(*)(C(F)(F)F)C(F)(F)F)cc7C6=O)c5)cc4)(C(F)(F)F)C(F)(F)F)cc3)ccc1C)C2=O,tg,289.0,249.8032684326172,248.33614554118063,249.12222559075792
*c1ccc2c(c1)C(=O)N(c1cc(C(c3ccc(O)c(N4C(=O)c5ccc(C(*)(C(F)(F)F)C(F)(F)F)cc5C4=O)c3)(C(F)(F)F)C(F)(F)F)ccc1O)C2=O,tg,310.33,300.2706298828125,298.99727087871577,299.6795328179934
*c1ccc2c(c1)C(=O)N(c1cc(C(c3ccc(OC(=O)C45CC6CC(CC(C6)C4)C5)c(N4C(=O)c5ccc(C(*)(C(F)(F)F)C(F)(F)F)cc5C4=O)c3)(C(F)(F)F)C(F)(F)F)ccc1OC(=O)C13CC4CC(CC(C4)C1)C3)C2=O,tg,305.0,344.9449462890625,283.1401610370258,316.2549798014338
*c1ccc2c(c1)C(=O)N(c1cc(C(c3ccc(OC(C)=O)c(N4C(=O)c5ccc(C(*)(C(F)(F)F)C(F)(F)F)cc5C4=O)c3)(C(F)(F)F)C(F)(F)F)ccc1OC(C)=O)C2=O,tg,266.5,227.0055389404297,273.3730916295264,248.5294958207702
*c1ccc2c(c1)C(=O)N(c1cc(C(c3ccc(OCCN(CC)c4ccc(N=Nc5ccc([N+](=O)[O-])cc5)cc4)c(N4C(=O)c5ccc(C(*)(C(F)(F)F)C(F)(F)F)cc5C4=O)c3)(C(F)(F)F)C(F)(F)F)ccc1OCCN(CC)c1ccc(N=Nc3ccc([N+](=O)[O-])cc3)cc1)C2=O,tg,199.0,203.23773193359375,181.5783505974364,193.1833822235663
*c1ccc2c(c1)C(=O)N(c1cc(N3C(=O)c4ccc(C(*)(C(F)(F)F)C(F)(F)F)cc4C3=O)c(O)cc1O)C2=O,egc,2.7003,3.0520544052124023,3.1584187241090196,3.1000540330814603
*c1ccc2c(c1)C(=O)N(c1cc(N3C(=O)c4ccc(C(*)(C(F)(F)F)C(F)(F)F)cc4C3=O)c(O)cc1O)C2=O,tg,324.0,325.43572998046875,334.14677875610437,329.4794249213366
*c1ccc2c(c1)C(=O)N(c1cc(N3C(=O)c4ccc(C(*)(C(F)(F)F)C(F)(F)F)cc4C3=O)cc(C(F)(F)F)c1)C2=O,tg,284.0,304.4136962890625,320.8112385273629,312.0254845248417
*c1ccc2c(c1)C(=O)N(c1cc(N3C(=O)c4ccc(C(*)(C(F)(F)F)C(F)(F)F)cc4C3=O)ccc1C)C2=O,tg,307.0,365.2980346679687,342.0198331849926,354.49222379563264
*c1ccc2c(c1)C(=O)N(c1cc(N3C(=O)c4ccc(C(*)(C(F)(F)F)C(F)(F)F)cc4C3=O)ccc1OCCCCCCOc1ccc(-c3ccc(OCC)cc3)cc1)C2=O,tg,150.3,207.70069885253903,168.27181796619416,189.397694212026
*c1ccc2c(c1)C(=O)N(c1cc(N3C(=O)c4ccc(C(*)(C(F)(F)F)C(F)(F)F)cc4C3=O)ccc1OCCCCCCOc1ccc(N=Nc3ccc(OCC)cc3)cc1)C2=O,tg,198.0,176.19189453125,161.27456756518063,169.26722665972096
*c1ccc2c(c1)C(=O)N(c1cc(NC(=O)OCCN(CCOC(=O)Nc3cc(N4C(=O)c5ccc(C(*)(C(F)(F)F)C(F)(F)F)cc5C4=O)ccc3C)c3ccc(N=Nc4ccc([N+](=O)[O-])cc4)cc3)ccc1C)C2=O,tg,196.0,206.36488342285156,197.93095147747033,202.44982694485896
*c1ccc2c(c1)C(=O)N(c1cc(OCCCCCCCC)cc(N3C(=O)c4ccc(C(*)(C(F)(F)F)C(F)(F)F)cc4C3=O)c1)C2=O,tg,195.0,207.67092895507812,176.96627561066927,193.41773687823456
*c1ccc2c(c1)C(=O)N(c1cc(OCCCCCCCCCCCC)cc(N3C(=O)c4ccc(C(*)(C(F)(F)F)C(F)(F)F)cc4C3=O)c1)C2=O,tg,165.0,186.2732391357422,174.9550689620182,181.01931063067195
*c1ccc2c(c1)C(=O)N(c1cc(OCCN(CC)c3ccc(N=Nc4ccc([N+](=O)[O-])cc4)cc3)cc(N3C(=O)c4ccc(C(*)(C(F)(F)F)C(F)(F)F)cc4C3=O)c1)C2=O,tg,210.0,216.61334228515625,225.41750148407095,220.7002593634789
*c1ccc2c(c1)C(=O)N(c1ccc(-c3cc(-c4ccc(OCCCC#N)cc4)cc(-c4ccc(N5C(=O)c6ccc(C(*)(C(F)(F)F)C(F)(F)F)cc6C5=O)cc4)n3)cc1)C2=O,tg,339.0,267.23614501953125,258.3124049632848,263.0937181489584
*c1ccc2c(c1)C(=O)N(c1ccc(-c3ccc(N4C(=O)c5ccc(C(*)(C(F)(F)F)C(F)(F)F)cc5C4=O)c(C)c3)cc1C)C2=O,tg,352.0,329.22320556640625,357.86910732195724,342.5207189874658
*c1ccc2c(c1)C(=O)N(c1ccc(-c3ccc(N4C(=O)c5ccc(C(*)(C(F)(F)F)C(F)(F)F)cc5C4=O)c(O)c3)cc1O)C2=O,tg,360.0,358.9321594238281,333.7091276172339,347.2235524883524
*c1ccc2c(c1)C(=O)N(c1ccc(-c3ccc(N4C(=O)c5ccc(C(*)(C(F)(F)F)C(F)(F)F)cc5C4=O)c(OC(=O)C=Cc4ccccc4)c3)cc1OC(=O)C=Cc1ccccc1)C2=O,tg,181.0,231.87559509277344,282.10695071615146,255.19314087156704
*c1ccc2c(c1)C(=O)N(c1ccc(-c3ccc(N4C(=O)c5ccc(C(*)(C(F)(F)F)C(F)(F)F)cc5C4=O)c(OCCCCCCOc4ccc(/C=C/c5ccc(F)cc5)cc4)c3)cc1OCCCCCCOc1ccc(/C=C/c3ccc(F)cc3)cc1)C2=O,tg,140.0,141.03158569335938,136.0335625283819,138.71148836557407
*c1ccc2c(c1)C(=O)N(c1ccc(-c3ccc(N4C(=O)c5ccc(C(*)(C(F)(F)F)C(F)(F)F)cc5C4=O)c(OCCN(CC)c4ccc(C(C#N)=C(C#N)C#N)cc4)c3)cc1OCCN(CC)c1ccc(C(C#N)=C(C#N)C#N)cc1)C2=O,tg,222.0,192.4903564453125,165.4646861275452,179.94495931205583
*c1ccc2c(c1)C(=O)N(c1ccc(-c3ccc(N4C(=O)c5ccc(C(*)(C(F)(F)F)C(F)(F)F)cc5C4=O)cc3C(F)(F)F)c(C(F)(F)F)c1)C2=O,tg,321.5,274.9530029296875,344.62128781521614,307.29322950705466
*c1ccc2c(c1)C(=O)N(c1ccc(-c3ccc(Oc4ccc5c(c4)C(C)(c4ccc(Oc6ccc(-c7ccc(N8C(=O)c9ccc(C(*)(C(F)(F)F)C(F)(F)F)cc9C8=O)cc7)cc6C(F)(F)F)cc4)CC5(C)C)c(C(F)(F)F)c3)cc1)C2=O,tg,262.0,270.97357177734375,262.19423727093925,266.8981783956617
*c1ccc2c(c1)C(=O)N(c1ccc(C(=O)Nc3ccc(Oc4ccc(-c5ccc(Oc6ccc(NC(=O)c7ccc(N8C(=O)c9ccc(C(*)(C(F)(F)F)C(F)(F)F)cc9C8=O)cc7)cc6)cc5)cc4)cc3)cc1)C2=O,tg,296.0,288.63092041015625,276.44380425983235,282.97362457929484
*c1ccc2c(c1)C(=O)N(c1ccc(C(=O)Nc3ccc(Oc4ccc(C(C)(C)c5ccc(Oc6ccc(NC(=O)c7ccc(N8C(=O)c9ccc(C(*)(C(F)(F)F)C(F)(F)F)cc9C8=O)cc7)cc6)cc5)cc4)cc3)cc1)C2=O,tg,266.0,265.8892517089844,269.54564239378067,267.58655921979766
*c1ccc2c(c1)C(=O)N(c1ccc(C(=O)Nc3ccc(Oc4ccc(C(c5ccc(Oc6ccc(NC(=O)c7ccc(N8C(=O)c9ccc(C(*)(C(F)(F)F)C(F)(F)F)cc9C8=O)cc7)cc6)cc5)(C(F)(F)F)C(F)(F)F)cc4)cc3)cc1)C2=O,tg,293.0,251.08612060546875,270.4987730079491,260.0975320130473
*c1ccc2c(c1)C(=O)N(c1ccc(C(=O)Nc3ccc(Oc4cccc(Oc5ccc(NC(=O)c6ccc(N7C(=O)c8ccc(C(*)(C(F)(F)F)C(F)(F)F)cc8C7=O)cc6)cc5)c4)cc3)cc1)C2=O,tg,286.0,260.53240966796875,249.66058796331444,255.4856774595476
*c1ccc2c(c1)C(=O)N(c1ccc(C(C)(C)C(*)(C(F)(F)F)C(F)(F)F)cc1)C2=O,egc,3.3094,4.26548957824707,3.3675716911192723,3.860281093990269
*c1ccc2c(c1)C(=O)N(c1ccc(C(C)(C)c3ccc(C(C)(C)c4ccc(N5C(=O)c6ccc(C(*)(C(F)(F)F)C(F)(F)F)cc6C5=O)cc4)cc3)cc1)C2=O,tg,235.4,267.30889892578125,289.35486314446064,277.5427015681184
*c1ccc2c(c1)C(=O)N(c1ccc(C(C)(C)c3ccc(N4C(=O)c5ccc(C(*)(C(F)(F)F)C(F)(F)F)cc5C4=O)cc3)cc1)C2=O,tg,297.0,299.3465270996094,289.13978440629575,294.6085265608992
*c1ccc2c(c1)C(=O)N(c1ccc(C(c3ccc(C)c(N4C(=O)c5ccc(C(*)(C(F)(F)F)C(F)(F)F)cc5C4=O)c3)(C(F)(F)F)C(F)(F)F)cc1C)C2=O,tg,266.0,342.89703369140625,305.3968671331503,325.489344020623
*c1ccc2c(c1)C(=O)N(c1ccc(C(c3ccc(N4C(=O)c5ccc(C(*)(C(F)(F)F)C(F)(F)F)cc5C4=O)c(O)c3)(C(F)(F)F)C(F)(F)F)cc1O)C2=O,tg,303.0,301.989990234375,300.6209204039701,301.35446391722394
*c1ccc2c(c1)C(=O)N(c1ccc(C(c3ccc(N4C(=O)c5ccc(C(*)(C(F)(F)F)C(F)(F)F)cc5C4=O)cc3)(C(F)(F)F)C(F)(F)F)cc1)C2=O,tg,312.22,330.7100830078125,299.94204674138507,316.42746838866606
*c1ccc2c(c1)C(=O)N(c1ccc(C(c3ccccc3)(c3ccc(N4C(=O)c5ccc(C(*)(C(F)(F)F)C(F)(F)F)cc5C4=O)cc3)C(F)(F)F)cc1)C2=O,tg,305.0,317.0317077636719,309.49725554820594,313.5341924712418
*c1ccc2c(c1)C(=O)N(c1ccc(C3(c4ccc(N5C(=O)c6ccc(C(*)(C(F)(F)F)C(F)(F)F)cc6C5=O)c(F)c4)c4ccccc4-c4ccccc43)cc1F)C2=O,tg,352.0,355.67108154296875,312.9406680409279,335.83549557051094
*c1ccc2c(c1)C(=O)N(c1ccc(Cc3ccc(N4C(=O)c5ccc(C(*)(C(F)(F)F)C(F)(F)F)cc5C4=O)c(C(C)(C)C)c3)cc1C(C)(C)C)C2=O,tg,274.0,322.5285339355469,284.51292895900826,304.88157620668915
*c1ccc2c(c1)C(=O)N(c1ccc(Cc3ccc(N4C(=O)c5ccc(C(*)(C(F)(F)F)C(F)(F)F)cc5C4=O)cc3)cc1)C2=O,tg,296.35,299.883056640625,311.9549275091059,305.4868552663679
*c1ccc2c(c1)C(=O)N(c1ccc(Cc3ccc(N4C(=O)c5ccc(C(F)(F)C(F)(F)C(*)(F)F)cc5C4=O)cc3)cc1)C2=O,tg,272.4,234.56118774414065,225.6787809701791,230.43794790704334
*c1ccc2c(c1)C(=O)N(c1ccc(N(c3ccc(C#N)cc3)c3ccc(N4C(=O)c5ccc(C(*)(C(F)(F)F)C(F)(F)F)cc5C4=O)cc3)cc1)C2=O,tg,321.0,308.04498291015625,316.41126152985055,311.9286345116685
*c1ccc2c(c1)C(=O)N(c1ccc(N(c3ccc(C=Cc4ccc([N+](=O)[O-])cc4)cc3)c3ccc(N4C(=O)c5ccc(C(*)(C(F)(F)F)C(F)(F)F)cc5C4=O)cc3)cc1)C2=O,tg,290.0,290.2153625488281,277.87796747990967,284.4883067937037
*c1ccc2c(c1)C(=O)N(c1ccc(N3C(=O)c4ccc(C(*)(C(F)(F)F)C(F)(F)F)cc4C3=O)cc1)C2=O,tg,348.86,340.4652099609375,353.34009100857025,346.44176831774564
*c1ccc2c(c1)C(=O)N(c1ccc(NC(=O)C(F)(F)C(F)(F)C(F)(F)C(F)(F)C(=O)Nc3ccc(N4C(=O)c5ccc(C(*)(C(F)(F)F)C(F)(F)F)cc5C4=O)cc3)cc1)C2=O,tg,285.0,275.7931823730469,239.7972986391399,259.08378529631585
*c1ccc2c(c1)C(=O)N(c1ccc(NC(=O)C(F)(F)C(F)(F)C(F)(F)C(F)(F)C(F)(F)C(F)(F)C(=O)Nc3ccc(N4C(=O)c5ccc(C(*)(C(F)(F)F)C(F)(F)F)cc5C4=O)cc3)cc1)C2=O,tg,265.0,242.72848510742188,269.55248025936345,255.18026402446225
*c1ccc2c(c1)C(=O)N(c1ccc(NC(=S)N=Cc3ccc(Cl)c(N4C(=O)c5ccc(C(*)(C(F)(F)F)C(F)(F)F)cc5C4=O)c3)cc1)C2=O,tg,272.0,283.5411071777344,268.4825823103727,276.55089481738173
*c1ccc2c(c1)C(=O)N(c1ccc(OC(C)COc3ccc(N4C(=O)c5ccc(C(*)(C(F)(F)F)C(F)(F)F)cc5C4=O)cc3)cc1)C2=O,tg,234.0,258.3470153808594,245.5864548456911,252.42352494845358
*c1ccc2c(c1)C(=O)N(c1ccc(OCCCCCCCCCCOc3ccc(N4C(=O)c5ccc(C(*)(C(F)(F)F)C(F)(F)F)cc5C4=O)cc3)cc1)C2=O,tg,143.0,161.4218292236328,163.37621926285905,162.32906293539963
*c1ccc2c(c1)C(=O)N(c1ccc(OCCCCOc3ccc(N4C(=O)c5ccc(C(*)(C(F)(F)F)C(F)(F)F)cc5C4=O)cc3)cc1)C2=O,tg,169.0,215.83529663085935,205.43957856273332,211.00957315697116
*c1ccc2c(c1)C(=O)N(c1ccc(OCCOCCOCCOCCOc3ccc(N4C(=O)c5ccc(C(*)(C(F)(F)F)C(F)(F)F)cc5C4=O)cc3)cc1)C2=O,tg,140.0,153.5924530029297,156.16418391793505,154.78625819885133
*c1ccc2c(c1)C(=O)N(c1ccc(OCCOCCOCCOc3ccc(N4C(=O)c5ccc(C(*)(C(F)(F)F)C(F)(F)F)cc5C4=O)cc3)cc1)C2=O,tg,166.0,143.2066650390625,170.7095464470627,155.97358499017986
*c1ccc2c(c1)C(=O)N(c1ccc(Oc3c(C(C)(C)C)cc(-c4ccc(N5C(=O)c6ccc(C(*)(C(F)(F)F)C(F)(F)F)cc6C5=O)cc4)cc3C(C)(C)C)c(C(F)(F)F)c1)C2=O,tg,362.5,326.64959716796875,323.96387114013515,325.4028750991309
*c1ccc2c(c1)C(=O)N(c1ccc(Oc3cc(C(C)(C)C)c(Oc4ccc(N5C(=O)c6ccc(C(*)(C(F)(F)F)C(F)(F)F)cc6C5=O)cc4)cc3C(C)(C)C)cc1)C2=O,tg,277.0,285.54608154296875,268.8443896753255,277.7931061379843
*c1ccc2c(c1)C(=O)N(c1ccc(Oc3ccc(-c4ccc(Oc5ccc(N6C(=O)c7ccc(C(*)(C(F)(F)F)C(F)(F)F)cc7C6=O)cc5)cc4)cc3)cc1)C2=O,tg,288.0,265.2555236816406,272.44759290162597,268.5941037617532
*c1ccc2c(c1)C(=O)N(c1ccc(Oc3ccc(C(=O)c4cccc(C(=O)c5ccc(Oc6ccc(N7C(=O)c8ccc(C(*)(C(F)(F)F)C(F)(F)F)cc8C7=O)cc6)cc5)c4)cc3)cc1)C2=O,tg,236.0,227.5477294921875,234.5472748396984,230.7969394138757
*c1ccc2c(c1)C(=O)N(c1ccc(Oc3ccc(C(=O)c4cccc(C(=O)c5ccc(Oc6ccc(N7C(=O)c8ccc(C(*)(C(F)(F)F)C(F)(F)F)cc8C7=O)cc6C(F)(F)F)cc5)n4)cc3)c(C(F)(F)F)c1)C2=O,tg,206.4,242.5359649658203,250.4931464891316,246.22971246949368
*c1ccc2c(c1)C(=O)N(c1ccc(Oc3ccc(C(C)(C)c4ccc(Oc5ccc(N6C(=O)c7ccc(C(*)(C(F)(F)F)C(F)(F)F)cc7C6=O)cc5)cc4)cc3)cc1)C2=O,tg,244.4,231.68658447265625,256.0007241512251,242.97328095916617
*c1ccc2c(c1)C(=O)N(c1ccc(Oc3ccc(C(c4ccc(Oc5ccc(N6C(=O)c7ccc(C(*)(C(F)(F)F)C(F)(F)F)cc7C6=O)cc5)cc4)(C(F)(F)F)C(F)(F)F)cc3)cc1)C2=O,tg,259.43,274.17596435546875,253.0111811462213,264.35120857782084
*c1ccc2c(c1)C(=O)N(c1ccc(Oc3ccc(N4C(=O)c5ccc(-c6c(-c7ccccc7)c(-c7ccccc7)c(-c7ccc(Oc8ccc(-c9c(-c%10ccccc%10)c(-c%10ccccc%10)c(*)c(-c%10ccccc%10)c9-c9ccccc9)cc8)cc7)c(-c7ccccc7)c6-c6ccccc6)cc5C4=O)cc3)cc1)C2=O,tg,329.0,287.3923645019531,315.63446502572043,300.5024321813878
*c1ccc2c(c1)C(=O)N(c1ccc(Oc3ccc(N4C(=O)c5ccc(-c6c(-c7ccccc7)c(-c7ccccc7)c(-c7ccc(Sc8ccc(-c9c(-c%10ccccc%10)c(-c%10ccccc%10)c(*)c(-c%10ccccc%10)c9-c9ccccc9)cc8)cc7)c(-c7ccccc7)c6-c6ccccc6)cc5C4=O)cc3)cc1)C2=O,tg,322.0,309.03851318359375,310.0130226641721,309.4908834042111
*c1ccc2c(c1)C(=O)N(c1ccc(Oc3ccc(N4C(=O)c5ccc(C(*)(C(F)(F)F)C(F)(F)F)cc5C4=O)cc3)c(O)c1)C2=O,tg,277.33,320.6204833984375,291.94006005293784,307.30694495189346
*c1ccc2c(c1)C(=O)N(c1ccc(Oc3ccc(N4C(=O)c5ccc(C(*)(C(F)(F)F)C(F)(F)F)cc5C4=O)cc3)c(OCCN(CC)c3ccc(N=Nc4ccc([N+](=O)[O-])cc4)cc3)c1)C2=O,tg,202.0,202.34344482421875,215.305966056234,208.36068601719643
*c1ccc2c(c1)C(=O)N(c1ccc(Oc3ccc(N4C(=O)c5ccc(C(*)(C(F)(F)F)C(F)(F)F)cc5C4=O)cc3)cc1)C2=O,tg,304.1,314.41259765625,283.597407856413,300.10809422561783
*c1ccc2c(c1)C(=O)N(c1ccc(Oc3ccc(N4C(=O)c5ccc(C(*)(C(F)(F)F)C(F)(F)F)cc5C4=O)cc3Br)c(Br)c1)C2=O,tg,299.0,294.10015869140625,296.9825192896906,295.43815911698516
*c1ccc2c(c1)C(=O)N(c1ccc(Oc3ccc(N4C(=O)c5ccc(C(F)(F)C(F)(F)C(*)(F)F)cc5C4=O)cc3)cc1)C2=O,tg,216.5,258.1591796875,255.77222709355607,257.05114914183036
*c1ccc2c(c1)C(=O)N(c1ccc(Oc3ccc(N4C(=O)c5ccc(C(F)(F)C(F)(F)C(F)(F)C(F)(F)C(F)(F)C(*)(F)F)cc5C4=O)cc3)cc1)C2=O,tg,185.0,194.46971130371097,183.54533835295888,189.39858464940215
*c1ccc2c(c1)C(=O)N(c1ccc(Oc3ccc(N4C(=O)c5ccc(C(F)(F)C(F)(F)C(F)(F)C(F)(F)C(F)(F)C(F)(F)C(*)(F)F)cc5C4=O)cc3)cc1)C2=O,tg,178.0,172.5869140625,195.68002017317193,183.30680310844724
*c1ccc2c(c1)C(=O)N(c1ccc(Oc3ccc(N4C(=O)c5ccc(C(F)(F)C(F)(F)C(F)(F)C(F)(F)C(F)(F)C(F)(F)C(F)(F)C(*)(F)F)cc5C4=O)cc3)cc1)C2=O,egc,2.6011,3.3991193771362305,2.235274376410476,2.8739044600323265
*c1ccc2c(c1)C(=O)N(c1ccc(Oc3ccc(Oc4ccc(N5C(=O)c6ccc(C(*)(C(F)(F)F)C(F)(F)F)cc6C5=O)cc4)cc3)c(C(F)(F)F)c1)C2=O,tg,260.8,264.22393798828125,250.71170358118272,257.9515182924315
*c1ccc2c(c1)C(=O)N(c1ccc(Oc3ccc(Oc4ccc(N5C(=O)c6ccc(C(*)(C(F)(F)F)C(F)(F)F)cc6C5=O)cc4)cc3)cc1)C2=O,tg,272.0,271.0609130859375,269.04332456686325,270.1243424504759
*c1ccc2c(c1)C(=O)N(c1ccc(Oc3ccc(S(=O)(=O)c4ccc(Oc5ccc(N6C(=O)c7ccc(C(*)(C(F)(F)F)C(F)(F)F)cc7C6=O)cc5)cc4)cc3)cc1)C2=O,tg,276.04,264.8970031738281,267.05421843423665,265.8983889609534
*c1ccc2c(c1)C(=O)N(c1ccc(Oc3ccc4ccc(Oc5ccc(N6C(=O)c7ccc(C(*)(C(F)(F)F)C(F)(F)F)cc7C6=O)cc5)cc4c3)cc1)C2=O,tg,302.3,262.51318359375,270.9158751640943,266.41373819605104
*c1ccc2c(c1)C(=O)N(c1ccc(Oc3cccc(-c4cc(-c5ccccc5)cc(-c5cccc(Oc6ccc(N7C(=O)c8ccc(C(*)(C(F)(F)F)C(F)(F)F)cc8C7=O)cc6)c5)n4)c3)cc1)C2=O,tg,180.0,266.779296875,279.49846445102304,272.68357257175296
*c1ccc2c(c1)C(=O)N(c1ccc(Oc3ccccc3Oc3ccc(N4C(=O)c5ccc(C(*)(C(F)(F)F)C(F)(F)F)cc5C4=O)cc3C(F)(F)F)c(C(F)(F)F)c1)C2=O,tg,247.0,279.58099365234375,241.8911584940388,262.0852592491507
*c1ccc2c(c1)C(=O)N(c1ccc(S(=O)(=O)c3ccc(N4C(=O)c5ccc(C(F)(F)C(F)(F)C(*)(F)F)cc5C4=O)cc3)cc1)C2=O,tg,259.0,276.28302001953125,267.8729301561707,272.379031107446
*c1ccc2c(c1)C(=O)N(c1ccc(S(=O)(=O)c3ccc(S(=O)(=O)c4ccc(N5C(=O)c6ccc(C(*)(C(F)(F)F)C(F)(F)F)cc6C5=O)cc4)cc3)cc1)C2=O,tg,331.0,324.8728332519531,284.21854084645844,306.000988912789
*c1ccc2c(c1)C(=O)N(c1ccc(S(=O)(=O)c3ccc(S(=O)(=O)c4ccc(S(=O)(=O)c5ccc(N6C(=O)c7ccc(C(*)(C(F)(F)F)C(F)(F)F)cc7C6=O)cc5)cc4)cc3)cc1)C2=O,tg,327.0,317.59014892578125,277.62164109150183,299.03664783925797
*c1ccc2c(c1)C(=O)N(c1ccc(Sc3ccc(Oc4ccc(Sc5ccc(N6C(=O)c7ccc(C(*)(C(F)(F)F)C(F)(F)F)cc7C6=O)cc5)cc4)cc3)cc1)C2=O,tg,232.67,232.82167053222656,250.16384929339884,240.87196187215324
*c1ccc2c(c1)C(=O)N(c1ccc(Sc3ccc(Sc4ccc(N5C(=O)c6ccc(C(*)(C(F)(F)F)C(F)(F)F)cc6C5=O)cc4)cc3)cc1)C2=O,tg,257.0,258.6475524902344,261.8621195980624,260.1397641728691
*c1ccc2c(c1)C(=O)N(c1ccc(Sc3ccc(Sc4ccc(Sc5ccc(Sc6ccc(N7C(=O)c8ccc(C(*)(C(F)(F)F)C(F)(F)F)cc8C7=O)cc6)cc5)cc4)cc3)cc1)C2=O,tg,216.0,203.52517700195312,238.0800683520782,219.56566109676794
*c1ccc2c(c1)C(=O)N(c1ccc3c(c1)-c1cc(N4C(=O)c5ccc(C(*)(C(F)(F)F)C(F)(F)F)cc5C4=O)ccc1C3)C2=O,tg,394.0,343.8544616699219,338.6763957551129,341.4507879582378
*c1ccc2c(c1)C(=O)N(c1ccc3c(c1)Cc1cc(N4C(=O)c5ccc(C(*)(C(F)(F)F)C(F)(F)F)cc5C4=O)ccc1-3)C2=O,tg,394.0,360.3971252441406,330.83178411010636,346.67280530885205
*c1ccc2c(c1)C(=O)N(c1cccc(C(=O)Nc3ccc(-c4ccc(NC(=O)c5cccc(N6C(=O)c7ccc(C(*)(C(F)(F)F)C(F)(F)F)cc7C6=O)c5)cc4)cc3)c1)C2=O,tg,324.0,289.58221435546875,308.1290124725513,298.19169360957517
*c1ccc2c(c1)C(=O)N(c1cccc(C(=O)Nc3ccc(C(c4ccc(NC(=O)c5cccc(N6C(=O)c7ccc(C(*)(C(F)(F)F)C(F)(F)F)cc7C6=O)c5)cc4)(C(F)(F)F)C(F)(F)F)cc3)c1)C2=O,tg,273.5,293.52813720703125,282.97791647928,288.6306931356388
*c1ccc2c(c1)C(=O)N(c1cccc(C(=O)Nc3ccc(C(c4ccc(NC(=O)c5cccc(N6C(=O)c7ccc(C(*)(C(F)(F)F)C(F)(F)F)cc7C6=O)c5C)cc4)(C(F)(F)F)C(F)(F)F)cc3)c1C)C2=O,tg,250.0,308.74090576171875,273.85960669475685,292.5489022267965
*c1ccc2c(c1)C(=O)N(c1cccc(C(=O)Nc3ccc(NC(=O)c4ccc(NC(=O)c5cccc(N6C(=O)c7ccc(C(*)(C(F)(F)F)C(F)(F)F)cc7C6=O)c5)cc4)cc3)c1)C2=O,tg,328.0,279.3369140625,273.93577597407017,276.82968957947344
*c1ccc2c(c1)C(=O)N(c1cccc(C(=O)Nc3ccc(Oc4ccc(C(C)(C)c5ccc(Oc6ccc(NC(=O)c7cccc(N8C(=O)c9ccc(C(*)(C(F)(F)F)C(F)(F)F)cc9C8=O)c7)cc6)cc5)cc4)cc3)c1)C2=O,tg,259.0,242.7359619140625,251.44523505437883,246.77883259969514
*c1ccc2c(c1)C(=O)N(c1cccc(C(=O)Nc3ccc(Oc4ccc(C(c5ccc(Oc6ccc(NC(=O)c7cccc(N8C(=O)c9ccc(C(*)(C(F)(F)F)C(F)(F)F)cc9C8=O)c7)cc6)cc5)(C(F)(F)F)C(F)(F)F)cc4)cc3)c1)C2=O,tg,266.0,275.580322265625,265.2658587648443,270.7923174053458
*c1ccc2c(c1)C(=O)N(c1cccc(C(=O)Nc3ccc(Oc4ccc(NC(=O)c5cccc(N6C(=O)c7ccc(C(*)(C(F)(F)F)C(F)(F)F)cc7C6=O)c5)cc4)cc3)c1)C2=O,tg,298.0,280.84991455078125,281.3480551975098,281.0811529314743
*c1ccc2c(c1)C(=O)N(c1cccc(C(=O)Nc3ccc(Oc4ccc(Oc5ccc(NC(=O)c6cccc(N7C(=O)c8ccc(C(*)(C(F)(F)F)C(F)(F)F)cc8C7=O)c6)cc5)cc4)cc3)c1)C2=O,tg,283.0,261.9575500488281,280.84286206792933,270.72416847047486
*c1ccc2c(c1)C(=O)N(c1cccc(C(=O)Nc3ccc(Oc4ccccc4Oc4ccc(NC(=O)c5cccc(N6C(=O)c7ccc(C(*)(C(F)(F)F)C(F)(F)F)cc7C6=O)c5)cc4)cc3)c1)C2=O,tg,265.0,252.06979370117188,254.39042672636808,253.1470385043284
*c1ccc2c(c1)C(=O)N(c1cccc(C(C)(C)c3ccc(N4C(=O)c5ccc(C(*)(C(F)(F)F)C(F)(F)F)cc5C4=O)cc3)c1)C2=O,tg,260.0,290.0775146484375,281.85945633633946,286.26266735779507
*c1ccc2c(c1)C(=O)N(c1cccc(C(F)(F)C(F)(F)C(F)(F)C(F)(F)C(F)(F)c3cccc(N4C(=O)c5ccc(C(F)(F)C(F)(F)C(*)(F)F)cc5C4=O)c3)c1)C2=O,tg,104.5,138.73175048828125,147.92988422097253,143.00155172557209
*c1ccc2c(c1)C(=O)N(c1cccc(C(F)(F)C(F)(F)C(F)(F)C(F)(F)C(F)(F)c3cccc(N4C(=O)c5ccc(C(F)(F)C(F)(F)C(F)(F)C(*)(F)F)cc5C4=O)c3)c1)C2=O,tg,144.0,132.93211364746094,137.01758605823218,134.82860218104574
*c1ccc2c(c1)C(=O)N(c1cccc(C(F)(F)C(F)(F)C(F)(F)C(F)(F)C(F)(F)c3cccc(N4C(=O)c5ccc(C(F)(F)C(F)(F)C(F)(F)C(F)(F)C(F)(F)C(F)(F)C(*)(F)F)cc5C4=O)c3)c1)C2=O,tg,108.5,117.365234375,158.5303194195755,136.47419018761383
*c1ccc2c(c1)C(=O)N(c1cccc(C(F)(F)C(F)(F)C(F)(F)c3cccc(N4C(=O)c5ccc(C(F)(F)C(F)(F)C(*)(F)F)cc5C4=O)c3)c1)C2=O,tg,151.0,157.05125427246094,181.37737087888107,168.34351048476356
*c1ccc2c(c1)C(=O)N(c1cccc(C(F)(F)C(F)(F)C(F)(F)c3cccc(N4C(=O)c5ccc(C(F)(F)C(F)(F)C(F)(F)C(*)(F)F)cc5C4=O)c3)c1)C2=O,tg,159.0,125.39836883544922,151.15221672271457,137.3533821859532
*c1ccc2c(c1)C(=O)N(c1cccc(C(O)c3cccc(N4C(=O)c5ccc(C(*)(C(F)(F)F)C(F)(F)F)cc5C4=O)c3)c1)C2=O,tg,236.5,303.75408935546875,274.019816456047,289.95135078855003
*c1ccc2c(c1)C(=O)N(c1cccc(C(c3cccc(N4C(=O)c5ccc(C(*)(C(F)(F)F)C(F)(F)F)cc5C4=O)c3)(C(F)(F)F)C(F)(F)F)c1)C2=O,tg,266.5,268.5591125488281,265.3245198722429,267.0576049371776
*c1ccc2c(c1)C(=O)N(c1cccc(C(c3ccccc3)(c3cccc(N4C(=O)c5ccc(C(*)(C(F)(F)F)C(F)(F)F)cc5C4=O)c3)C(F)(F)F)c1)C2=O,tg,305.0,280.04248046875,272.99823188034065,276.77251916870114
*c1ccc2c(c1)C(=O)N(c1cccc(N3C(=O)c4ccc(C(*)(C(F)(F)F)C(F)(F)F)cc4C3=O)c1)C2=O,tg,298.6,300.78448486328125,299.6327598547101,300.24985066361336
*c1ccc2c(c1)C(=O)N(c1cccc(N3C(=O)c4ccc(C(*)(C(F)(F)F)C(F)(F)F)cc4C3=O)c1C)C2=O,tg,353.5,300.4659423828125,308.6832565448156,304.28044423675135
*c1ccc2c(c1)C(=O)N(c1cccc(NC(=O)C(F)(F)C(F)(F)C(F)(F)C(F)(F)C(=O)Nc3cccc(N4C(=O)c5ccc(C(*)(C(F)(F)F)C(F)(F)F)cc5C4=O)c3)c1)C2=O,tg,232.0,276.6221923828125,214.082179245189,247.5909309078744
*c1ccc2c(c1)C(=O)N(c1cccc(Oc3ccc(N4C(=O)c5ccc(-c6c(-c7ccccc7)c(-c7ccccc7)c(-c7ccc(Oc8ccc(-c9c(-c%10ccccc%10)c(-c%10ccccc%10)c(*)c(-c%10ccccc%10)c9-c9ccccc9)cc8)cc7)c(-c7ccccc7)c6-c6ccccc6)cc5C4=O)cc3)c1)C2=O,tg,309.0,308.8231201171875,315.89298825887175,312.10497409062543
*c1ccc2c(c1)C(=O)N(c1cccc(Oc3ccc(N4C(=O)c5ccc(C(*)(C(F)(F)F)C(F)(F)F)cc5C4=O)cc3)c1)C2=O,tg,261.3,296.00006103515625,266.18919981184183,282.1617699388199
*c1ccc2c(c1)C(=O)N(c1cccc(Oc3ccc(Oc4cccc(N5C(=O)c6ccc(C(*)(C(F)(F)F)C(F)(F)F)cc6C5=O)c4)cc3)c1)C2=O,tg,230.0,235.98309326171875,221.8324462691203,229.4143205309287
*c1ccc2c(c1)C(=O)N(c1cccc(Oc3ccc(P(=O)(c4ccccc4)c4ccc(Oc5cccc(N6C(=O)c7ccc(C(*)(C(F)(F)F)C(F)(F)F)cc7C6=O)c5)cc4)cc3)c1)C2=O,tg,243.0,226.3744659423828,238.3158372863688,231.91768629786486
*c1ccc2c(c1)C(=O)N(c1cccc(Oc3cccc(N4C(=O)c5ccc(C(*)(C(F)(F)F)C(F)(F)F)cc5C4=O)c3)c1)C2=O,tg,244.0,277.80352783203125,249.9828512467178,264.8890864074573
*c1ccc2c(c1)C(=O)N(c1cccc(P(=O)(c3ccc(C(F)(F)F)cc3)c3cccc(N4C(=O)c5ccc(C(*)(C(F)(F)F)C(F)(F)F)cc5C4=O)c3)c1)C2=O,tg,260.0,271.8050842285156,292.5428224478825,281.4316044423893
*c1ccc2c(c1)C(=O)N(c1cccc(P(=O)(c3ccc(Oc4ccc(C56CC7CC(CC(C7)C5)C6)cc4)cc3)c3cccc(N4C(=O)c5ccc(C(*)(C(F)(F)F)C(F)(F)F)cc5C4=O)c3)c1)C2=O,tg,298.0,279.2064208984375,288.2161613784651,283.38876942339584
*c1ccc2c(c1)C(=O)N(c1cccc(S(=O)(=O)c3cccc(N4C(=O)c5ccc(C(*)(C(F)(F)F)C(F)(F)F)cc5C4=O)c3)c1)C2=O,tg,262.38,321.2681884765625,285.2357164662437,304.5418070122988
*c1ccc2c(c1)C(=O)N(c1cccc3c(N4C(=O)c5ccc(C(*)(C(F)(F)F)C(F)(F)F)cc5C4=O)cccc13)C2=O,tg,390.0,325.72833251953125,333.5466467985914,329.3576174323624
*c1ccc2c(c1)C(CC(CC)CCCC)(CC(CC)CCCC)c1cc(*)ccc1-2,tg,27.64,137.11373901367188,85.44244684337467,113.12777037559712
*c1ccc2c(c1)C(CCCCCC)(CCCCCC)c1cc(-c3cc(CCCCCCCC)c(*)cc3CCCCCCCC)ccc1-2,tg,74.5,42.78741455078125,50.54238481028579,46.387294979949324
*c1ccc2c(c1)C(CCCCCC)(CCCCCC)c1cc(-c3cc(OCCCCCCCC)c(*)cc3OCCCCCCCC)ccc1-2,tg,58.0,45.66486358642578,84.6391196583739,63.75683002599209
*c1ccc2c(c1)C(CCCCCC)(CCCCCC)c1cc(-c3cc(OCc4ccccc4)c(*)cc3OCc3ccccc3)ccc1-2,tg,73.0,90.88224029541016,138.3829863938165,112.93222895151877
*c1ccc2c(c1)C(CCCCCC)(CCCCCC)c1cc(-c3ccc4c(c3)C3(CCC(C5=NC(Cc6ccccc6)CO5)(C5=NC(Cc6ccccc6)CO5)CC3)c3cc(*)ccc3-4)ccc1-2,tg,142.0,133.69041442871094,151.85207025743026,142.12110947863238
*c1ccc2c(c1)C(CCCCCC)(CCCCCC)c1cc(-c3ccc4c(c3)c3cc(*)ccc3n4-c3ccc(C)cc3)ccc1-2,tg,155.0,187.19342041015625,167.05582136579315,177.8454865993994
*c1ccc2c(c1)C(CCCCCC)(CCCCCC)c1cc(-c3ccc4c(c3)c3cc(*)ccc3n4-c3ccc(OC)cc3)ccc1-2,tg,174.0,157.22003173828125,151.64356444894028,154.63141891488698
*c1ccc2c(c1)C(CCCCCCCC)(CCCCCCCC)c1cc(*)ccc1-2,tg,57.66,48.186248779296875,45.38037784887837,46.883755086712355
*c1ccc2c(c1)C(CCCCCCCC)(CCCCCCCC)c1cc(-c3cc(F)c(*)cc3F)ccc1-2,tg,34.0,71.08708953857422,62.258348763624255,66.98876161900705
*c1ccc2c(c1)C(CCCCCCCC)(CCCCCCCC)c1cc(-c3ccc4c(c3)C(c3ccc(-c5nnc(-c6ccc(C(C)(C)C)cc6)o5)cc3)(c3ccc(-c5nnc(-c6ccc(C(C)(C)C)cc6)o5)cc3)c3cc(*)ccc3-4)ccc1-2,tg,213.0,202.9373016357422,149.68893444161904,178.21925004652488
*c1ccc2c(c1)C(CCCCCCCC)(CCCCCCCC)c1cc(-c3ccc4c(c3)C3(CC(C)(C)CC(C)(C)C3)c3cc(*)ccc3-4)ccc1-2,tg,132.0,147.46249389648438,141.0810978181245,144.5002307175763
*c1ccc2c(c1)C(CCCCCCCC)(CCCCCCCC)c1cc(-c3ccc4c(c3)C3(CCC(C(C)(C)C)CC3)c3cc(*)ccc3-4)ccc1-2,tg,166.0,104.80638122558594,132.01363003496994,117.43606763867933
*c1ccc2c(c1)Cc1cc(*)ccc1-2,egc,3.7772,3.815362691879273,3.481045917333251,3.6644936698702084
*c1ccc2c(c1)Cc1cc(N3C(=O)c4ccc(-c5ccc6c(c5)C(=O)N(*)C6=O)cc4C3=O)ccc1-2,egc,2.6588,3.020432472229004,3.0026830444277133,3.0124225875403354
*c1ccc2c(c1)Sc1cc(-c3ccc(-c4ccc(*)s4)s3)ccc1N2CCCCCC,tg,140.0,151.53941345214844,179.8485922282653,164.68061905729724
*c1ccc2c(c1)Sc1cc(-c3ccc(-c4ccc(*)s4)s3)ccc1N2CCCCCCCCCC,tg,142.0,107.5836944580078,138.03301132636645,121.71835857765393
*c1ccc2c(c1)Sc1cc(-c3sc4cc(*)sc4c3CCCCC)ccc1N2CCCCCCCCCC,tg,131.0,104.01583099365234,135.06157951566172,118.42736047389505
*c1ccc2c(c1)Sc1cc(-c3sc4cc(*)sc4c3CCCCC)ccc1N2CCCCCCCCCCCC,tg,136.0,106.53275299072266,129.5120483223316,117.19981073203982
*c1ccc2c(c1)[Si](C)(C)c1cc(*)ccc1N2C,egc,3.6899,3.237223863601685,3.1537104365454036,3.1995362869561044
*c1ccc2c(c1)c1cc(*)ccc1n2-c1ccccc1,egc,3.553,3.290104389190674,3.122068296389766,3.214273791047572
*c1ccc2c(c1)c1cc(*)ccc1n2C,egc,3.4554,3.3138465881347656,3.3662942063945005,3.337514921511982
*c1ccc2c(c1)c1cc(*)ccc1n2C(=O)NO,egc,3.8619,3.4627647399902344,3.47931593405608,3.4702338909629526
*c1ccc2c(c1)c1cc(*)ccc1n2C(=O)OCC,egc,3.932,3.417152404785156,3.5371779752707413,3.471317022937595
*c1ccc2c(c1)c1cc(*)ccc1n2CC(=O)OCC,egc,3.5868,3.5833725929260254,3.649177691055589,3.613068831804554
*c1ccc2c(c1)c1cc(*)ccc1n2CC1CO1,egc,3.2508,3.743795156478882,3.699356213866442,3.7237409434644144
*c1ccc2c(c1)c1cc(*)ccc1n2CCC(=O)OCC,egc,3.5811,3.3482370376586914,3.6209269037275793,3.4712953360688195
*c1ccc2c(c1)c1cc(-c3c4ccc(C=Cc5ccc(N(CCCCCC)CCCCCC)cc5)cc4c(*)c4ccc(C=Cc5ccc(N(CCCCCC)CCCCCC)cc5)cc34)ccc1n2CCCCCCCC,tg,131.0,78.11434936523438,152.08250010135038,112.45058655329422
*c1ccc2c(c1)c1cc(-c3ccc(-c4ccc(-c5ccc(*)s5)c5nsnc45)s3)ccc1n2C(CCCCCCCC)CCCCCCCC,tg,133.57,111.19810485839844,122.25854262375358,116.33239320731047
*c1ccc2c3ccc(-c4ccc(-c5ccc(-c6ccc(*)s6)c6nsnc56)s4)cc3n(C(CCCCCCCC)CCCCCCCC)c2c1,tg,128.0,96.67373657226562,119.74060760744868,107.38144721756791
*c1ccc2c3ccc(-c4sc(-c5ccc(-c6cc(CCCCCC)c(*)s6)c6nsnc56)cc4CCCCCC)cc3n(C(CCCCCCCC)CCCCCCCC)c2c1,tg,77.0,67.37248992919922,101.51012377413127,83.21928183995607
*c1ccc2cc(*)n(C(C(=O)NO)n3ccc4ccccc43)c2c1,egc,3.8694,2.7661099433898926,2.659718312469565,2.7180979902693965
*c1ccc2cc(-c3nc4cc5nc(*)[nH]c5cc4[nH]3)ccc2c1,egc,3.1978,3.232611179351806,3.340382791138473,3.281245884244117
*c1ccc2cc(-c3nc4cc5sc(*)nc5cc4s3)ccc2c1,egc,3.27,2.4081757068634033,3.0848893274919043,2.7135600904710544
*c1ccc2cc(N(*)c3ccccc3)ccc2c1,egc,2.8541,3.625419139862061,3.304695827597902,3.48068451647229
*c1ccc2cc3cc(-c4sc(-c5cc(CCCCCCCCCCCC)c(*)s5)cc4CCCCCCCCCCCC)ccc3cc2c1,tg,158.0,40.83696746826172,53.963744059255326,46.93045649100344
*c1ccc2ccc3c(*)cc(C#CC#C[Si](C)(C)C)c4ccc1c2c34,egc,2.225,2.208827495574951,2.9044089690454116,2.5227264818660684
*c1ccc2ccc3c(*)cc(C#CC=C)c4ccc1c2c34,egc,2.2865,1.6833248138427734,2.539014680677476,2.06947682050688
*c1ccc2nc(*)cc(-c3ccccc3)c2c1,tg,415.0,336.32012939453125,294.9452183648938,317.11377173099095
*c1ccc2nc(*)oc2c1,egc,3.8571,4.016560077667236,3.867120603126679,3.9491216806436418
*c1ccc2nc(*)sc2c1,egc,2.966,3.7843925952911377,3.5387585100496697,3.6735439121438613
*c1ccc2oc(*)nc2c1,egc,3.9774,3.9549293518066406,3.725529228391708,3.8514066604449324
*c1ccc2oc(-c3ccc(-c4nc5cc(C(*)(C(F)(F)F)C(F)(F)F)ccc5o4)cc3)nc2c1,tg,353.5,362.7822265625,340.248466108584,352.32198744627726
*c1ccc2oc(-c3ccc(-c4nc5cc(C(*)(C(F)(F)F)C(F)(F)F)ccc5o4)cn3)nc2c1,tg,352.0,341.5042724609375,349.81804271580677,345.36354952217744
*c1ccc2oc(-c3ccc(-c4nc5cc(C(*)(c6ccccc6)C(F)(F)F)ccc5o4)cc3)nc2c1,tg,369.0,309.7252502441406,321.68693583665794,315.2779005346546
*c1ccc2oc(-c3ccc(C(c4ccc(-c5nc6cc(C(*)(c7ccccc7)C(F)(F)F)ccc6o5)cc4)(C(F)(F)F)C(F)(F)F)cc3)nc2c1,tg,334.0,269.29205322265625,315.4053947087524,290.69800450092043
*c1ccc2oc(-c3ccc(C(c4ccccc4)(c4ccc(-c5nc6cc(C(*)(c7ccccc7)C(F)(F)F)ccc6o5)cc4)C(F)(F)F)cc3)nc2c1,tg,330.0,337.6342468261719,310.6230973551286,325.0955903134705
*c1ccc2oc(-c3ccc(Oc4ccc(-c5nc6cc(C(*)(C(F)(F)F)C(F)(F)F)ccc6o5)cc4)cc3)nc2c1,tg,294.92,346.722412109375,320.90800954278427,334.7392890953
*c1ccc2oc(-c3ccc(Oc4ccc(C(c5ccc(Oc6ccc(-c7nc8cc(C(*)(C(F)(F)F)C(F)(F)F)ccc8o7)cc6)cc5)(C(F)(F)F)C(F)(F)F)cc4)cc3)nc2c1,tg,230.67,283.7666015625,278.97268321207827,281.54125030115097
*c1ccc2oc(-c3ccc4nc(*)oc4c3)nc2c1,eea,3.155,2.321906089782715,2.263250053373004,2.307208987137307
*c1ccc2oc(-c3ccc4nc(*)oc4c3)nc2c1,egb,2.5367,1.0589377880096436,2.7692918409845095,1.4556908687174315
*c1ccc2oc(-c3ccc4nc(*)oc4c3)nc2c1,nc,2.116,2.3544952869415283,2.031193516106221,2.2407659668011157
*c1ccc2oc(-c3cccc(-c4nc5cc(C(*)(c6ccccc6)C(F)(F)F)ccc5o4)c3)nc2c1,tg,301.0,354.4776611328125,351.6896111864715,353.1834399944303
*c1ccc2oc(C3CCC(c4nc5cc(C(*)(C(F)(F)F)C(F)(F)F)ccc5o4)CC3)nc2c1,tg,271.0,281.4016418457031,277.11298684672596,279.4108353459168
*c1ccc2oc3ccc(S(*)(=O)=O)cc3c2c1,tg,360.0,323.12109375,216.90968568537664,273.8174399058588
*c1cccc(*)c1,tg,104.93,133.49818420410156,219.8602067120977,173.5876938020108
*c1cccc(*)c1N,egc,3.8845,3.899308204650879,4.134945733165426,4.005645685095579
*c1cccc(*)n1,egb,2.9424,3.3372585773468018,3.187381358191839,3.3024913615623155
*c1cccc(*)n1,egc,3.8339,3.734945058822632,3.769687649741469,3.7506235443581053
*c1cccc(*)n1,eps,4.35,4.209530830383301,4.214475555465948,4.212240856002341
*c1cccc(-c2cc(*)cc3c2NC(C)(C)OC3(C)C)c1,egc,3.618,4.027289390563965,3.819110830857657,3.9333434743029705
*c1cccc(-c2cc(C(=O)Nc3ccc(OC(=O)c4cc(OCCCCCCCCCCCC)c(OCCCCCCCCCCCC)c(OCCCCCCCCCCCC)c4)cc3)cc(-c3cccc(N4C(=O)c5ccc(S(=O)(=O)c6ccc7c(c6)C(=O)N(*)C7=O)cc5C4=O)c3)c2)c1,tg,268.0,130.9761505126953,131.79421155582594,131.35589689991343
*c1cccc(-c2ccc(-c3ccc(*)s3)s2)n1,egb,2.0464,1.6789960861206057,2.014460754121702,1.756814266670154
*c1cccc(-c2ccc3[nH]c(S(=O)(=O)c4nc5ccc(*)cc5[nH]4)nc3c2)c1,tg,286.5,305.6098937988281,353.09049063528363,327.65052910716986
*c1cccc(-c2nc3cc(-c4ccc5[nH]c(*)nc5c4)ccc3[nH]2)c1,egc,3.5069,2.835192918777466,3.3671550269884776,3.0752544685476146
*c1cccc(-c2nc3cc(-c4ccc5[nH]c(*)nc5c4)ccc3[nH]2)c1,tg,415.89,419.5921325683594,406.3805575585449,413.459279865536
*c1cccc(-c2nc3cc(-c4ccc5nc(*)c(-c6ccc7ccccc7c6)nc5c4)ccc3nc2-c2ccc3ccccc3c2)c1,egc,3.0367,3.0327587127685547,3.041239800429108,3.0365860211728615
*c1cccc(-c2nc3cc(-c4ccc5nc(*)c(-c6ccccc6)nc5c4)ccc3nc2-c2ccccc2)c1,tg,319.0,362.42913818359375,322.4386035961967,343.8654122122788
*c1cccc(-c2nc3cc(-c4ccc5nc(-c6ccccc6)c(*)nc5c4)ccc3nc2-c2ccccc2)c1,tg,320.0,312.0682373046875,321.08662545482724,316.2546001040212
*c1cccc(-c2nc3cc(-c4ccc5oc(*)nc5c4)ccc3o2)c1,egc,3.5152,3.379690408706665,3.404723877817805,3.390987403921519
*c1cccc(-c2nc3cc(Oc4ccc5nc(-c6ccccc6)c(*)nc5c4)ccc3nc2-c2ccccc2)c1,tg,263.2,261.3895568847656,291.1244787187504,275.19259668905283
*c1cccc(-c2nc3cc4nc(*)[nH]c4cc3[nH]2)c1,egc,3.5319,3.379723072052002,3.5363790610114383,3.4504181063597086
*c1cccc(-c2nc3cc4nc(*)c(-c5ccccc5)nc4cc3nc2-c2ccccc2)c1,egb,1.9959,1.3334245681762695,2.2812386807584484,1.5532902553135184
*c1cccc(-c2nc3cc4nc(*)c(-c5ccccc5)nc4cc3nc2-c2ccccc2)c1,egc,2.9837,2.752360582351685,2.9321630746708407,2.833501070165434
*c1cccc(-c2nc3cc4nc(-c5ccccc5)c(*)nc4cc3nc2-c2ccccc2)c1,tg,365.0,393.09088134765625,357.38094577798455,376.514222265494
*c1cccc(-c2nc3ccc(-c4ccc5nc(*)[nH]c5c4)cc3[nH]2)c1,tg,395.88,414.2280578613281,405.5745406018378,410.2110692226254
*c1cccc(-c2nc3ccc(-c4ccc5nc(*)oc5c4)cc3o2)c1,egc,3.2965,3.32603120803833,3.407853418092589,3.3629555796205493
*c1cccc(-c2nc3ccc(-c4ccc5nc(*)sc5c4)cc3s2)c1,tg,495.0,364.55621337890625,360.2980062255932,362.57954086030213
*c1cccc(-c2nc3ccc(-c4ccc5oc(*)nc5c4)cc3o2)c1,egc,3.5292,3.389265537261963,3.394998585872451,3.391852722539068
*c1cccc(-c2nnc(*)o2)c1,egc,4.1016,3.823627233505249,3.614945968545274,3.7294544586007343
*c1cccc(-c2nnc(-c3cccc(-c4nnc(*)o4)n3)o2)c1,egc,3.6938,3.4528346061706543,3.9399556809371914,3.67266048912202
*c1cccc(-c2nnc(-c3nnc(*)o3)o2)c1,egc,4.3431,3.7233638763427734,3.495893799424656,3.6207121679815506
*c1cccc(C(=O)Nc2ccc(Cc3ccc(N4C(=O)c5ccc(S(=O)(=O)c6ccc7c(c6)C(=O)N(c6ccc(Cc8ccc(NC(=O)c9cccc(-c%10nc%11cc(-c%12ccc%13[nH]c(*)nc%13c%12)ccc%11[nH]%10)c9)cc8)cc6)C7=O)cc5C4=O)cc3)cc2)c1,tg,270.0,291.91510009765625,294.731767061824,293.22260534145323
*c1cccc(C(=O)Nc2ccc(NC(=O)c3cccc(N4C(=O)c5ccc(-c6cccc7c6C(=O)N(*)C7=O)cc5C4=O)c3)cc2)c1,egc,2.3122,2.7374141216278076,2.682545841624817,2.712653402532538
*c1cccc(C(=O)Nc2ccc(NC(=O)c3cccc(N4C(=O)c5ccc(-c6cccc7c6C(=O)N(*)C7=O)cc5C4=O)c3)cc2)c1,tg,328.0,292.0777587890625,294.9105283322089,293.3927388982664
*c1cccc(C(=O)Nc2ccc(Oc3ccc(-c4ccc(Oc5ccc(NC(=O)c6cccc(N7C(=O)c8ccc(-c9cccc%10c9C(=O)N(*)C%10=O)cc8C7=O)c6)cc5)cc4)cc3)cc2)c1,tg,275.0,256.1512145996094,268.3718649219557,261.8240770935955
*c1cccc(C(=O)Nc2ccc(Oc3ccc(C(C)(C)c4ccc(Oc5ccc(NC(=O)c6cccc(N7C(=O)c8ccc(-c9ccc%10c(c9)C(=O)N(*)C%10=O)cc8C7=O)c6)cc5)cc4)cc3)cc2)c1,tg,257.0,239.9117431640625,249.4977059419108,244.36157580609176
*c1cccc(C(=O)Nc2ccc(Oc3ccc(C(C)(C)c4ccc(Oc5ccc(NC(=O)c6cccc(N7C(=O)c8ccc(-c9cccc%10c9C(=O)N(*)C%10=O)cc8C7=O)c6)cc5)cc4)cc3)cc2)c1,tg,261.0,253.46609497070312,258.60466999515177,255.8514368927631
*c1cccc(C(=O)Nc2ccc(Oc3ccc(NC(=O)c4cccc(N5C(=O)c6ccc(-c7ccc8c(c7)C(=O)N(*)C8=O)cc6C5=O)c4)cc3)cc2)c1,tg,253.0,255.35302734375,271.2502461814653,262.73256395795613
*c1cccc(C(=O)Nc2ccc(Oc3ccc(NC(=O)c4cccc(N5C(=O)c6ccc(-c7cccc8c7C(=O)N(*)C8=O)cc6C5=O)c4)cc3)cc2)c1,tg,291.0,270.2601623535156,280.82432928684653,275.16408029532244
*c1cccc(C(=O)Nc2ccc(Oc3ccc(Oc4ccc(NC(=O)c5cccc(N6C(=O)c7ccc(-c8ccc9c(c8)C(=O)N(*)C9=O)cc7C6=O)c5)cc4)cc3)cc2)c1,tg,244.0,254.605224609375,265.44574704082066,259.6374276013968
*c1cccc(C(=O)Nc2ccc(Oc3ccc(Oc4ccc(NC(=O)c5cccc(N6C(=O)c7ccc(-c8cccc9c8C(=O)N(*)C9=O)cc7C6=O)c5)cc4)cc3)cc2)c1,tg,268.0,262.69921875,271.4392983402419,266.75638988198745
*c1cccc(C(=O)Nc2ccc(Oc3ccc(Oc4ccc(Oc5ccc(NC(=O)c6cccc(N7C(=O)c8ccc(-c9ccc%10c(c9)C(=O)N(*)C%10=O)cc8C7=O)c6)cc5)cc4)cc3)cc2)c1,tg,244.0,268.5818786621094,250.1909774649897,260.04476722533326
*c1cccc(C(=O)Nc2ccc(Oc3ccc(Oc4ccc(Oc5ccc(NC(=O)c6cccc(N7C(=O)c8ccc(-c9cccc%10c9C(=O)N(*)C%10=O)cc8C7=O)c6)cc5)cc4)cc3)cc2)c1,tg,260.0,255.4237365722656,263.23067624803855,259.0477413601713
*c1cccc(C(=O)Nc2ccc(Oc3cccc(Oc4ccc(NC(=O)c5cccc(N6C(=O)c7ccc(-c8cccc9c8C(=O)N(*)C9=O)cc7C6=O)c5)cc4)c3)cc2)c1,tg,253.0,247.7477264404297,257.2798221848733,252.17255384416123
*c1cccc(C(=O)Nc2cccc(S(=O)(=O)c3cccc(NC(=O)c4cccc(N5C(=O)c6ccc(-c7cccc8c7C(=O)N(*)C8=O)cc6C5=O)c4)c3)c2)c1,tg,261.0,248.04367065429688,270.8373153562885,258.6245488171169
*c1cccc(C(=O)c2ccc(Oc3ccc(N4C(=O)c5ccc(Oc6ccc7c(c6)C(=O)N(*)C7=O)cc5C4=O)cc3C(F)(F)F)cc2)c1,tg,224.0,233.37026977539065,231.60526132063455,232.55094756254204
*c1cccc(C(F)(F)C(F)(F)C(*)(F)F)c1,egc,5.5439,5.55585241317749,4.9948505658255655,5.302685936053525
*c1cccc(C(F)(F)C(F)(F)C(F)(F)C(F)(F)C(F)(F)c2cccc(N3C(=O)c4ccc(Oc5ccc6c(c5)C(=O)N(*)C6=O)cc4C3=O)c2)c1,tg,138.5,174.05746459960938,192.17529593612252,182.46781618894593
*c1cccc(C(c2cccc(N3C(=O)c4ccc(-c5ccc6c(c5)C(=O)N(*)C6=O)cc4C3=O)c2)(C(F)(F)F)C(F)(F)F)c1,tg,267.0,260.62176513671875,284.5445813310818,271.726808089414
*c1cccc(C(c2cccc(N3C(=O)c4ccc(Oc5ccc6c(c5)C(=O)N(*)C6=O)cc4C3=O)c2)(C(F)(F)F)C(F)(F)F)c1,tg,224.5,266.4704895019531,254.17238153063784,260.76167093524435
*c1cccc(C(c2ccccc2)(c2cccc(N3C(=O)c4ccc(Oc5ccc6c(c5)C(=O)N(*)C6=O)cc4C3=O)c2)C(F)(F)F)c1,egc,3.4747,3.1179237365722656,3.240467347921661,3.1732246852693438
*c1cccc(C(c2ccccc2)(c2cccc(N3C(=O)c4ccc(Oc5ccc6c(c5)C(=O)N(*)C6=O)cc4C3=O)c2)C(F)(F)F)c1,tg,293.0,266.1966247558594,259.17523324984506,262.9372737819405
*c1cccc(Cc2cccc(N3C(=O)c4ccc([Si](C)(C)O[Si](C)(C)c5ccc6c(c5)C(=O)N(*)C6=O)cc4C3=O)c2)c1,tg,217.0,165.34414672851562,210.13803912744564,186.1376057873091
*c1cccc(Cc2cccc(N3C(=O)c4ccc([Si](C)(C)c5ccc(-c6ccc([Si](C)(C)c7ccc8c(c7)C(=O)N(*)C8=O)cc6)cc5)cc4C3=O)c2)c1,tg,285.0,217.39077758789065,249.21725845716404,232.1647253628895
*c1cccc(Cc2cccc(N3C(=O)c4ccc([Si](C)(C)c5ccc([Si](C)(C)c6ccc7c(c6)C(=O)N(*)C7=O)cc5)cc4C3=O)c2)c1,tg,246.0,212.43714904785156,257.35867834206465,233.289857535849
*c1cccc(N/C=C\C(=O)c2cccc(C(=O)/C=C\Nc3cccc(S(*)(=O)=O)c3)c2)c1,tg,215.0,167.58517456054688,138.30736662683358,153.99432839832704
*c1cccc(N2C(=O)C3CCC(C4CCC5C(=O)N(*)C(=O)C5C4)CC3C2=O)c1,tg,263.0,245.595458984375,269.75325946384464,256.8095823462544
*c1cccc(N2C(=O)c3c(c(-c4ccccc4)c(-c4ccc(-c5c(-c6ccccc6)c6c(c(-c7ccccc7)c5-c5ccccc5)C(=O)N(*)C6=O)cc4)c(-c4ccccc4)c3-c3ccccc3)C2=O)c1,tg,416.0,406.2899475097656,354.8005271605587,382.38840431594804
*c1cccc(N2C(=O)c3ccc(-c4ccc5c(c4)C(=O)N(*)C5=O)cc3C2=O)c1,tg,327.88,322.08624267578125,345.2660940860715,332.8463991497094
*c1cccc(N2C(=O)c3ccc(-c4cccc5c4C(=O)N(*)C5=O)cc3C2=O)c1,tg,341.0,326.34674072265625,379.1758617549212,350.8701769874334
*c1cccc(N2C(=O)c3ccc(Oc4cc5ccccc5cc4Oc4ccc5c(c4)C(=O)N(*)C5=O)cc3C2=O)c1,tg,228.75,241.2314453125,243.1181349154557,242.1072522789124
*c1cccc(N2C(=O)c3ccc(Oc4ccc(C(=O)c5ccc(Oc6ccc7c(c6)C(=O)N(*)C7=O)cc5)cc4)cc3C2=O)c1,tg,239.0,219.4825439453125,221.86852610304248,220.5901240115841
*c1cccc(N2C(=O)c3ccc(Oc4ccc(C(C)(C)c5ccc(Oc6ccc7c(c6)C(=O)N(*)C7=O)cc5)cc4)cc3C2=O)c1,tg,221.3,229.12289428710935,229.13505964741697,229.12854148381285
*c1cccc(N2C(=O)c3ccc(Oc4ccc(Oc5ccc(Oc6ccc7c(c6)C(=O)N(*)C7=O)cc5)cc4)cc3C2=O)c1,egc,3.2083,2.652390956878662,2.8953947928387245,2.762052672553952
*c1cccc(N2C(=O)c3ccc(Oc4ccc(Oc5ccc(Oc6ccc7c(c6)C(=O)N(*)C7=O)cc5)cc4)cc3C2=O)c1,tg,227.0,211.71658325195312,234.38247535072807,222.2381582735997
*c1cccc(N2C(=O)c3ccc(Oc4ccc(S(=O)(=O)c5ccc(Oc6ccc7c(c6)C(=O)N(*)C7=O)cc5)cc4)cc3C2=O)c1,tg,265.0,233.19058227539065,238.02955279360907,235.43684688801198
*c1cccc(N2C(=O)c3ccc(Oc4ccc5c(c4)C4(CC(C)(C)c6ccc(Oc7ccc8c(c7)C(=O)N(*)C8=O)cc64)CC5(C)C)cc3C2=O)c1,tg,253.0,295.4387512207031,264.8909159200774,281.25835454962703
*c1cccc(N2C(=O)c3ccc(Oc4cccc(Oc5ccc6c(c5)C(=O)N(*)C6=O)c4)cc3C2=O)c1,tg,224.0,214.82498168945312,225.80678773823436,219.92276895994266
*c1cccc(N2C(=O)c3ccc(Oc4ccccc4Oc4ccc5c(c4)C(=O)N(*)C5=O)cc3C2=O)c1,tg,224.0,209.6864318847656,244.18554889073016,225.7010253619153
*c1cccc(N2C(=O)c3ccc(P(=O)(c4ccccc4)c4ccc5c(c4)C(=O)N(*)C5=O)cc3C2=O)c1,egc,3.2222,3.138524055480957,2.8481461541044744,3.007483577320075
*c1cccc(N2C(=O)c3ccc(P(=O)(c4ccccc4)c4ccc5c(c4)C(=O)N(*)C5=O)cc3C2=O)c1,tg,323.0,328.39141845703125,314.3816046170962,321.88802089765846
*c1cccc(N2C(=O)c3cccc(Oc4c(C)cc(-c5cc(C)c(Oc6cccc7c6C(=O)N(*)C7=O)c(C)c5)cc4C)c3C2=O)c1,tg,311.0,294.4749755859375,310.04363256799337,301.70199280234067
*c1cccc(N2C(=O)c3cccc(Oc4c(C)cc(Cc5cc(C)c(Oc6cccc7c6C(=O)N(*)C7=O)c(C)c5)cc4C)c3C2=O)c1,tg,269.0,298.7942199707031,265.3847234907185,283.2854316063309
*c1cccc(N2C(=O)c3cccc(Oc4ccc(C(C)(C)c5ccc(Oc6cccc7c6C(=O)N(*)C7=O)cc5)cc4)c3C2=O)c1,tg,222.5,239.0856781005859,235.7735499200913,237.54817827571614
*c1cccc(N2C(=O)c3cccc(Oc4ccc(Oc5ccc(Oc6cccc7c6C(=O)N(*)C7=O)cc5)cc4)c3C2=O)c1,tg,238.0,241.4952392578125,230.46248157378704,236.37380008558614
*c1cccc(N2C(=O)c3cccc(Oc4ccc(Oc5cccc6c5C(=O)N(*)C6=O)cc4)c3C2=O)c1,tg,259.0,258.9089050292969,256.5907873283486,257.8328278471924
*c1cccc(N2C(=O)c3cccc(Oc4ccc(S(=O)(=O)c5ccc(Oc6cccc7c6C(=O)N(*)C7=O)cc5)cc4)c3C2=O)c1,tg,266.0,258.3222351074219,253.21352742648185,255.95075769570428
*c1cccc(N2CC(=O)N(*)CC2=O)c1,egc,5.0572,4.895073413848877,4.63012640542439,4.775509278607655
*c1cccc(NC(=O)CCCCC(=O)Nc2cccc(S(*)(=O)=O)c2)c1,tg,140.0,130.47946166992188,151.06649192154438,140.0360227936317
*c1cccc(NC(=O)CCCCCCCCC(=O)Nc2cccc(S(*)(=O)=O)c2)c1,tg,112.0,129.83084106445312,145.21554550483302,136.97246695986917
*c1cccc(NC(=O)CCCCCCCCCCC(=O)Nc2cccc(S(*)(=O)=O)c2)c1,tg,107.0,118.1480941772461,135.4508811164181,126.18009971537819
*c1cccc(NC(=O)c2ccc(OCCOCCOCCOCCOc3ccc(C(=O)Nc4ccc5[nH]c(*)nc5c4)cc3)cc2)c1,tg,155.0,125.93348693847656,146.5822798450917,135.51871847168138
*c1cccc(NC(=O)c2ccc(OCCOCCOCCOc3ccc(C(=O)Nc4ccc5[nH]c(*)nc5c4)cc3)cc2)c1,tg,180.0,175.84214782714844,160.13881384246835,168.55261314262066
*c1cccc(OCCCCCCCCCCCCOc2cccc(N3C(=O)c4ccc(-c5cccc6c5C(=O)N(*)C6=O)cc4C3=O)c2)c1,tg,116.0,137.8457794189453,130.32927643621693,134.35659621412975
*c1cccc(OCCCCCCCCCCOc2cccc(N3C(=O)c4ccc(-c5ccc6c(c5)C(=O)N(*)C6=O)cc4C3=O)c2)c1,tg,125.0,134.9319305419922,129.74638857503717,132.52478642450285
*c1cccc(OCCCCCCCCCCOc2cccc(N3C(=O)c4ccc(-c5cccc6c5C(=O)N(*)C6=O)cc4C3=O)c2)c1,tg,127.0,135.2456817626953,131.24246023620793,133.3873743360274
*c1cccc(OCCCCCCCCCOc2cccc(N3C(=O)c4ccc(-c5ccc6c(c5)C(=O)N(*)C6=O)cc4C3=O)c2)c1,tg,132.0,129.607666015625,130.84770106103326,130.18329399897885
*c1cccc(OCCCCCCCCCOc2cccc(N3C(=O)c4ccc(-c5cccc6c5C(=O)N(*)C6=O)cc4C3=O)c2)c1,tg,134.0,143.91905212402344,133.05673705323207,138.87673292352434
*c1cccc(OCCCCCCCCOc2cccc(N3C(=O)c4ccc(-c5ccc6c(c5)C(=O)N(*)C6=O)cc4C3=O)c2)c1,tg,138.0,144.51974487304688,134.69894092810213,139.9608982576426
*c1cccc(OCCCCCCOc2cccc(N3C(=O)c4ccc(-c5ccc6c(c5)C(=O)N(*)C6=O)cc4C3=O)c2)c1,tg,153.0,162.45510864257812,151.3250324739532,157.2884939382243
*c1cccc(OCCCCCCOc2cccc(N3C(=O)c4ccc(-c5cccc6c5C(=O)N(*)C6=O)cc4C3=O)c2)c1,tg,157.0,154.1584930419922,158.8141846822706,156.31967905035094
*c1cccc(OCCCCCOc2cccc(N3C(=O)c4ccc(-c5cccc6c5C(=O)N(*)C6=O)cc4C3=O)c2)c1,tg,168.0,166.48516845703125,162.26427813597465,164.52581852376568
*c1cccc(OCCCOc2cccc(N3C(=O)c4ccc(-c5ccc6c(c5)C(=O)N(*)C6=O)cc4C3=O)c2)c1,tg,184.0,180.06826782226562,195.16375067330168,187.07563618936996
*c1cccc(Oc2ccc(Oc3cccc(N4C(=O)c5ccc(Oc6ccc7c(c6)C(=O)N(*)C7=O)cc5C4=O)c3)cc2)c1,tg,204.0,216.9910888671875,208.45311405001743,213.0277353763871
*c1cccc(Oc2ccc(P(=O)(c3ccccc3)c3ccccc3)c(Oc3cccc(N4C(=O)c5ccc(-c6ccc7c(c6)C(=O)N(*)C7=O)cc5C4=O)c3)c2)c1,tg,234.0,242.27691650390625,222.05115551169897,232.88805765281768
*c1cccc(Oc2ccc(P(=O)(c3ccccc3)c3ccccc3)c(Oc3cccc(N4C(=O)c5ccc(Oc6ccc(-c7ccc(Oc8ccc9c(c8)C(=O)N(*)C9=O)cc7)cc6)cc5C4=O)c3)c2)c1,tg,227.0,227.5982666015625,219.29522144842343,223.7439681646793
*c1cccc(Oc2ccc(P(=O)(c3ccccc3)c3ccccc3)c(Oc3cccc(N4C(=O)c5ccc(Oc6ccc7c(c6)C(=O)N(*)C7=O)cc5C4=O)c3)c2)c1,tg,212.0,217.46246337890625,214.6657288977726,216.16421085345354
*c1cccc(Oc2cccc(Oc3cccc(N4C(=O)c5c(c(-c6ccccc6)c(-c6ccc(-c7c(-c8ccccc8)c8c(c(-c9ccccc9)c7-c7ccccc7)C(=O)N(*)C8=O)cc6)c(-c6ccccc6)c5-c5ccccc5)C4=O)c3)c2)c1,tg,280.0,312.91595458984375,338.20467007752467,324.6550520868751
*c1cccc(Oc2cccc(Oc3cccc(N4C(=O)c5c(c(-c6ccccc6)c(-c6ccc(Oc7ccc(-c8c(-c9ccccc9)c9c(c(-c%10ccccc%10)c8-c8ccccc8)C(=O)N(*)C9=O)cc7)cc6)c(-c6ccccc6)c5-c5ccccc5)C4=O)c3)c2)c1,tg,261.0,297.10870361328125,303.3331485765077,299.9981096143024
*c1cccc(Oc2cccc(Oc3cccc(N4C(=O)c5ccc(-c6ccc7c(c6)C(=O)N(*)C7=O)cc5C4=O)c3)c2)c1,tg,208.0,208.71728515625,228.54125397513195,217.91963087666937
*c1cccc(Oc2cccc(Oc3cccc(N4C(=O)c5ccc(Oc6ccc(Sc7ccc(Oc8ccc9c(c8)C(=O)N(*)C9=O)cc7)cc6)cc5C4=O)c3)c2)c1,tg,190.5,162.65147399902344,184.86028412723573,172.96087020046923
*c1cccc(Oc2cccc(Oc3cccc(N4C(=O)c5ccc(Oc6ccc7c(c6)C(=O)N(*)C7=O)cc5C4=O)c3)c2)c1,tg,189.33,178.16055297851562,192.8177049768585,184.96444685051446
*c1cccc(P(=O)(c2cccc(N3C(=O)c4ccc(Oc5ccc6c(c5)C(=O)N(*)C6=O)cc4C3=O)c2)c2cc(C(F)(F)F)cc(C(F)(F)F)c2)c1,tg,228.0,250.53204345703125,248.81111552453305,249.73318355468462
*c1cccc(P(=O)(c2ccccc2)c2cccc(N3C(=O)c4ccc(NC(=O)OCCOc5c(Br)cc(C(C)(C)c6cc(Br)c(OCCOC(=O)Nc7ccc8c(c7)C(=O)N(*)C8=O)c(Br)c6)cc5Br)cc4C3=O)c2)c1,tg,201.0,191.60658264160156,198.7628258081561,194.92853216037292
*c1cccc(P(=O)(c2ccccc2)c2cccc(N3C(=O)c4ccc(NC(=O)OCCOc5ccc(C(C)(C)c6ccc(OCCOC(=O)Nc7ccc8c(c7)C(=O)N(*)C8=O)cc6)cc5)cc4C3=O)c2)c1,tg,220.0,198.32435607910156,199.21921841331655,198.7397538557458
*c1cccc(P(C)(=O)c2cccc(N3C(=O)c4ccc(NC(=O)OCCOc5c(Br)cc(C(C)(C)c6cc(Br)c(OCCOC(=O)Nc7ccc8c(c7)C(=O)N(*)C8=O)c(Br)c6)cc5Br)cc4C3=O)c2)c1,tg,191.0,191.4491271972656,199.9164040316271,195.37966247262764
*c1cccc(P(C)(=O)c2cccc(N3C(=O)c4ccc(NC(=O)OCCOc5ccc(C(C)(C)c6ccc(OCCOC(=O)Nc7ccc8c(c7)C(=O)N(*)C8=O)cc6)cc5)cc4C3=O)c2)c1,tg,211.0,191.13754272460935,198.67594539112773,194.63689182825397
*c1cccc(S(=O)(=O)NCCCCCNS(*)(=O)=O)c1,tg,74.0,79.00459289550781,71.10397541956289,75.33710259209374
*c1cccc(S(=O)(=O)NCCCCNS(*)(=O)=O)c1,tg,82.0,65.94380950927734,81.9083582851296,73.35460088249422
*c1cccc(S(=O)(=O)NCCNS(*)(=O)=O)c1,tg,107.0,78.69799041748047,105.17218650239936,90.98739155957414
*c1cccc(S(=O)(=O)c2cccc(N3C(=O)c4ccc(Oc5ccc(S(=O)(=O)c6ccc(Oc7ccc8c(c7)C(=O)N(*)C8=O)cc6)cc5)cc4C3=O)c2)c1,tg,205.0,238.42156982421875,256.7369690480349,246.92363301877552
*c1cccc2c(-n3c(=O)c4cc5c(=O)n(*)c(=O)c5cc4c3=O)cccc12,egc,2.5506,2.447570562362671,2.8774124176805245,2.6415477279369313
*c1ccccc1C(=O)Oc1ccc2c(*)c3ccc(=O)cc-3oc2c1,tg,250.0,306.5447998046875,238.8805855201988,275.1348688047293
*c1ccccc1CCc1ccc(N2C(=O)C(=O)N(c3ccc(C)c(N4C(=O)C(=O)N(*)C4=O)c3)C2=O)cc1,tg,255.0,239.8131103515625,242.2549848785258,240.94663582309164
*c1cnc(*)c(C)c1,egc,5.1042,4.576801776885986,4.80254660013338,4.678674920263825
*c1cncc(-c2nc3ccc(-c4ccc5nc(*)sc5c4)cc3s2)c1,egc,3.1882,3.2769699096679688,3.0557942105366607,3.1771587007765705
*c1cncc(-c2nnc(-c3nnc(*)o3)o2)n1,egc,3.6277,3.679099559783935,3.5009536108750896,3.5987066296856742
*c1csc(*)c1,egc,3.5591,2.511108636856079,3.0271477169684293,2.743984511662924
*c1nc(-c2ccccc2)nc(N(*)C)n1,egc,4.2966,4.347895622253418,4.239192852099186,4.2988407082572095
*c1nc(-c2ccccc2)nc(N(*)CC)n1,egc,4.1252,4.348336219787598,4.361858088990621,4.354438310193216
*c1nc(-c2ccccc2)nc(N(*)c2ccccc2)n1,egc,3.8771,4.0465545654296875,3.9752164663530594,4.014361417914754
*c1nc(-c2ccccc2)nc(N(CCCCCCCCCCN(*)c2ccccc2)c2ccccc2)n1,tg,62.0,55.35845947265625,86.70605698178387,69.91010815709055
*c1nc(-c2ccccc2)nc(N(CCCCCCN(*)c2ccccc2)c2ccccc2)n1,tg,74.0,94.28286743164062,112.96589687078038,102.95558567360938
*c1nc(C(F)(F)C(F)(F)C(F)(F)F)nc(C(F)(F)C(F)(F)C(F)(F)C(F)(F)C(F)(F)C(*)(F)F)n1,tg,-11.0,62.576148986816406,92.37759480845963,76.41006942548748
*c1nc(C)nc(N(*)c2ccccc2)n1,egc,4.4826,4.3116607666015625,3.96048658815524,4.153184408575621
*c1nc(C)nc(N(CCCCCCN(*)c2ccccc2)c2ccccc2)n1,egc,3.751,3.941048383712769,3.8313028871141386,3.891522912655512
*c1nc(C)nc(N(CCCCCCN(*)c2ccccc2)c2ccccc2)n1,tg,67.0,66.88029479980469,69.38476194323329,68.04287595143106
*c1nc(C)nc(N(CCCCN(*)c2ccccc2)c2ccccc2)n1,egc,3.7879,4.035244464874268,3.967897564944762,4.004852448375831
*c1nc(C)nc(N(CCCCN(*)c2ccccc2)c2ccccc2)n1,tg,89.5,69.05709075927734,81.17687206394737,74.68312955304393
*c1nc(Cl)nc(N(c2ccccc2)c2nc(Nc3ccccc3)nc(N(*)c3ccccc3)n2)n1,egc,3.6448,3.863520622253418,3.5991870002183313,3.7442332933579383
*c1nc(Oc2ccccc2)nc(N(*)c2ccccc2)n1,egc,4.4124,4.022210121154785,4.122090638847086,4.067283767376872
*c1nc2c(n1C)C(=O)N(*)C2=O,egc,4.0674,3.2476441860198975,2.6015091478152494,2.956059172279268
*c1nc2cc(S(=O)(=O)c3ccc4oc(C5CCC(*)CC5)nc4c3)ccc2o1,egc,4.8558,4.30353307723999,3.5828943213208384,3.9783263493544747
*c1nc2cc3nc(-c4ccc(*)o4)[nH]c3cc2[nH]1,egc,2.2261,3.1064352989196777,3.1201827855933333,3.112639204997539
*c1nc2cc3sc(-c4cc(OCCCC)c(*)cc4OCCCC)nc3cc2s1,egc,3.1607,3.159057378768921,3.0523215890536783,3.110890115162209
*c1ncnc(N(CCCCCCN(*)c2ccccc2)c2ccccc2)n1,tg,72.0,56.762245178222656,67.89322170045418,61.929277829418226
*c1ncnc(N(CCCCN(*)c2ccccc2)c2ccccc2)n1,tg,91.0,68.20684814453125,88.14258441823614,77.46107665234649
*c1nnc(-c2cc(CCCCCCCC)c(-c3ccc(-c4sc(-c5nnc(-c6cc(OCCCCCCCC)c(*)cc6OCCCCCCCC)o5)cc4CCCCCCCC)s3)s2)o1,tg,34.1,80.05917358398438,62.36298788372699,71.84455116229239
*c1nnc(-c2cc(CCCCCCCCCC)c(-c3sc(-c4nnc(-c5cc(OCCCCCCCC)c(*)cc5OCCCCCCCC)o4)cc3CCCCCCCCCC)s2)o1,tg,53.8,69.9793701171875,50.49923303057987,60.93663211704586
*c1nnc(-c2ccc(Oc3ccc(C=Cc4ccc(Oc5ccc(*)c6ccccc56)cc4)c4ccccc34)c3ccccc23)o1,tg,241.0,263.56793212890625,253.83643325768696,259.0505411962927
*c1nnc(C2CC3(CC(*)C3)C2)o1,egc,6.0399,5.437749862670898,5.562960579314652,5.494254411061415
*c1sc(*)c(C)c1C,egc,3.3355,2.5136470794677734,2.505979182189037,2.510186744087116
*c1sc(*)c(CCCCCCN(CC)c2ccc(N=Nc3ccc([N+](=O)[O-])cc3)cc2)c1CCCCCC,tg,17.0,73.15509033203125,68.32659669610018,70.91368911955757
*c1sc(*)c(CCCCCCN(CC)c2ccccc2)c1CCCCCC,egc,1.59,1.9937169551849363,2.3216592883101463,2.1417093469551567
*c1sc(*)c(OC)c1OC,egc,4.1637,2.126969337463379,2.283117310987658,2.197435116771926
*c1sc(*)c(OCCCC)c1C,egc,2.2732,3.1864473819732666,2.9244355502049735,3.0682078205053624
*c1sc(*)c(OCCCC)c1OC,egc,3.2859,3.5460469722747803,3.18272002463119,3.3820863653475284
*c1sc(*)c(OCCCCCC)c1C,egc,3.4475,2.390242576599121,2.6658915676108252,2.5146362560613413
*c1sc(*)c(OCCCCCCC)c1C,egc,2.9827,3.106171131134033,3.384020064067937,3.231557590832093
*c1sc(*)c(OCCCCCCCCCCCCCCCC)c1C,egc,3.676,2.50023889541626,2.5559010276828147,2.5253578607131635
*c1sc(*)c(OCCOCCCC)c1C,egc,1.6261,2.3074498176574707,2.679553741980571,2.4753712605003964
*c1sc(*)c([2H])c1[2H],egc,1.6361,1.9402379989624023,3.0026177170532016,2.419664104003866
*c1sc(*)c2c1OCC(CCCCCC)O2,egc,3.3322,1.875943660736084,2.18173596009407,2.013940281470086
*c1sc(*)c2c1OCC(CCCCCCCCCCCC)O2,egc,1.9291,1.9787285327911377,3.186693675796032,2.523853796079715
*c1sc(*)c2c1OCC(CCCCS(=O)(=O)O)O2,egc,2.1668,2.742079734802246,2.620406565143422,2.6871715952507778
*c1sc(*)c2c1OCCO2,egc,1.7526,2.796246290206909,3.279179153441321,3.0141821352483404
*c1sc(*)c2nc(-c3ccccc3)c(C)nc12,egc,2.498,2.6634411811828613,2.9151232867335226,2.7770191886674462
*c1sc(*)c2nc(C)c(C)nc12,egc,2.7771,2.4501004219055176,2.5434246598470693,2.4922153786769883
*c1sc(*)c2nc(CC)c(CC)nc12,egc,2.6114,2.9459073543548584,2.9422631262470476,2.9442628029220144
*c1sc(-c2cc(OCCCCC)c(*)s2)cc1OCCCCC,egc,1.2005,2.616907119750977,2.120874915770662,2.393059861110926
*c1sc(-c2sc(-c3sc(*)c4nccnc34)c3c2OC(CCCCCC)CO3)c2c1OCC(CCCCCC)O2,egc,1.6167,1.9973397254943848,1.600558625213656,1.818282073863466
*n1nc(-n2c(=O)c3cc4c(=O)n(*)c(=O)c4cc3c2=O)c2ccccc2c1=O,egc,2.9967,1.894148349761963,2.6404869861447815,2.230952808083136
