15:28:43  INFO   logging to /Users/dhruval/Documents/polymer-property-prediction-2/results/exp_chemprop_multitask_cpu_3seed/run.log
15:28:43  INFO   ============================================================
15:28:43  INFO   === exp_chemprop_multitask_cpu_3seed ===
15:28:43  INFO   CONFIG: device=cpu  n_splits=5  split_seed=42  model_seeds=(42, 43, 44)  max_epochs=60  patience=10  batch_size=64
15:28:43  INFO   MODEL: d_h=300 depth=4 mp_dropout=0.05  ffn_hidden=300 ffn_layers=2 ffn_dropout=0.05  batch_norm=True
15:28:43  INFO   BAG: 3-seed × 5-fold = 15 CV models + 3 refit models = 18 total
15:28:43  INFO   torch threads: 8
15:28:43  INFO   loading train.csv / test.csv
15:28:43  INFO   train raw: (7409, 3)   test raw: (4940, 3)
15:28:43  INFO   canonicalizing 10605 unique raw SMILES
15:28:46  INFO   collapsing 4 duplicate (canon, target_type) rows in train by mean
15:28:46  INFO   train after dedup: (7405, 4)
15:28:46  INFO   per-target train counts: {'tg': 4139, 'egc': 2028, 'egb': 337, 'eps': 229, 'nc': 229, 'ei': 222, 'eea': 221}
15:28:46  INFO   per-target test  counts: {'tg': 2763, 'egc': 1352, 'egb': 224, 'eps': 153, 'nc': 153, 'ei': 148, 'eea': 147}
15:28:47  INFO   wide train: n_canon=5920  y shape=(5920, 7)  NaN fraction=82.1%
15:28:47  INFO   unique test SMILES: 4133
15:28:47  INFO   ============================================================
15:28:47  INFO   FOLD 0  (3-seed bag)
15:28:47  INFO   n_train_canon=4736   n_val_canon=1184
15:28:47  INFO   [fold 0 seed 42 (1/3)] starting...
15:29:00  INFO   [fold 0 seed 42 (1/3)] epoch   0  train_loss=0.3521  val_loss=0.3935  epoch_time=11.7s  elapsed=0.2min
15:29:13  INFO   [fold 0 seed 42 (1/3)] epoch   1  train_loss=0.2552  val_loss=0.2663  epoch_time=13.1s  elapsed=0.4min
15:29:31  INFO   [fold 0 seed 42 (1/3)] epoch   2  train_loss=0.2342  val_loss=0.2155  epoch_time=18.3s  elapsed=0.7min
15:29:51  INFO   [fold 0 seed 42 (1/3)] epoch   3  train_loss=0.2126  val_loss=0.1948  epoch_time=19.1s  elapsed=1.0min
15:30:06  INFO   [fold 0 seed 42 (1/3)] epoch   4  train_loss=0.1867  val_loss=0.1743  epoch_time=15.0s  elapsed=1.3min
15:30:20  INFO   [fold 0 seed 42 (1/3)] epoch   5  train_loss=0.1817  val_loss=0.1651  epoch_time=14.4s  elapsed=1.5min
15:30:36  INFO   [fold 0 seed 42 (1/3)] epoch   6  train_loss=0.1727  val_loss=0.3057  epoch_time=16.0s  elapsed=1.8min
15:30:50  INFO   [fold 0 seed 42 (1/3)] epoch   7  train_loss=0.1557  val_loss=0.1958  epoch_time=14.5s  elapsed=2.0min
15:31:03  INFO   [fold 0 seed 42 (1/3)] epoch   8  train_loss=0.1437  val_loss=0.1493  epoch_time=12.9s  elapsed=2.3min
15:31:17  INFO   [fold 0 seed 42 (1/3)] epoch   9  train_loss=0.1339  val_loss=0.1393  epoch_time=13.3s  elapsed=2.5min
15:31:30  INFO   [fold 0 seed 42 (1/3)] epoch  10  train_loss=0.1298  val_loss=0.1420  epoch_time=13.0s  elapsed=2.7min
15:31:43  INFO   [fold 0 seed 42 (1/3)] epoch  11  train_loss=0.1237  val_loss=0.1410  epoch_time=13.4s  elapsed=2.9min
15:31:57  INFO   [fold 0 seed 42 (1/3)] epoch  12  train_loss=0.1133  val_loss=0.1187  epoch_time=13.5s  elapsed=3.1min
15:32:09  INFO   [fold 0 seed 42 (1/3)] epoch  13  train_loss=0.1098  val_loss=0.1502  epoch_time=12.9s  elapsed=3.4min
15:32:23  INFO   [fold 0 seed 42 (1/3)] epoch  14  train_loss=0.1062  val_loss=0.1251  epoch_time=13.0s  elapsed=3.6min
15:32:36  INFO   [fold 0 seed 42 (1/3)] epoch  15  train_loss=0.1036  val_loss=0.1186  epoch_time=13.1s  elapsed=3.8min
15:32:49  INFO   [fold 0 seed 42 (1/3)] epoch  16  train_loss=0.0901  val_loss=0.1197  epoch_time=13.1s  elapsed=4.0min
15:33:02  INFO   [fold 0 seed 42 (1/3)] epoch  17  train_loss=0.0918  val_loss=0.1281  epoch_time=13.2s  elapsed=4.2min
15:33:15  INFO   [fold 0 seed 42 (1/3)] epoch  18  train_loss=0.0928  val_loss=0.1287  epoch_time=13.3s  elapsed=4.4min
15:33:28  INFO   [fold 0 seed 42 (1/3)] epoch  19  train_loss=0.0850  val_loss=0.1281  epoch_time=12.9s  elapsed=4.7min
15:33:41  INFO   [fold 0 seed 42 (1/3)] epoch  20  train_loss=0.0864  val_loss=0.1155  epoch_time=13.3s  elapsed=4.9min
15:33:55  INFO   [fold 0 seed 42 (1/3)] epoch  21  train_loss=0.0779  val_loss=0.1075  epoch_time=13.2s  elapsed=5.1min
15:34:08  INFO   [fold 0 seed 42 (1/3)] epoch  22  train_loss=0.0733  val_loss=0.1163  epoch_time=13.1s  elapsed=5.3min
15:34:21  INFO   [fold 0 seed 42 (1/3)] epoch  23  train_loss=0.0741  val_loss=0.1097  epoch_time=13.2s  elapsed=5.5min
15:34:34  INFO   [fold 0 seed 42 (1/3)] epoch  24  train_loss=0.0694  val_loss=0.1208  epoch_time=13.1s  elapsed=5.8min
15:34:47  INFO   [fold 0 seed 42 (1/3)] epoch  25  train_loss=0.0649  val_loss=0.1129  epoch_time=13.3s  elapsed=6.0min
15:35:01  INFO   [fold 0 seed 42 (1/3)] epoch  26  train_loss=0.0633  val_loss=0.1132  epoch_time=13.4s  elapsed=6.2min
15:35:14  INFO   [fold 0 seed 42 (1/3)] epoch  27  train_loss=0.0656  val_loss=0.1109  epoch_time=13.2s  elapsed=6.4min
15:35:29  INFO   [fold 0 seed 42 (1/3)] epoch  28  train_loss=0.0604  val_loss=0.1190  epoch_time=14.7s  elapsed=6.7min
15:35:42  INFO   [fold 0 seed 42 (1/3)] epoch  29  train_loss=0.0567  val_loss=0.1086  epoch_time=13.6s  elapsed=6.9min
15:35:55  INFO   [fold 0 seed 42 (1/3)] epoch  30  train_loss=0.0547  val_loss=0.1072  epoch_time=13.1s  elapsed=7.1min
15:36:12  INFO   [fold 0 seed 42 (1/3)] epoch  31  train_loss=0.0574  val_loss=0.1131  epoch_time=16.8s  elapsed=7.4min
15:36:29  INFO   [fold 0 seed 42 (1/3)] epoch  32  train_loss=0.0517  val_loss=0.1132  epoch_time=16.5s  elapsed=7.7min
15:36:42  INFO   [fold 0 seed 42 (1/3)] epoch  33  train_loss=0.0544  val_loss=0.1110  epoch_time=13.6s  elapsed=7.9min
15:36:55  INFO   [fold 0 seed 42 (1/3)] epoch  34  train_loss=0.0500  val_loss=0.1080  epoch_time=13.1s  elapsed=8.1min
15:37:08  INFO   [fold 0 seed 42 (1/3)] epoch  35  train_loss=0.0471  val_loss=0.1086  epoch_time=13.0s  elapsed=8.3min
15:37:21  INFO   [fold 0 seed 42 (1/3)] epoch  36  train_loss=0.0470  val_loss=0.1133  epoch_time=13.1s  elapsed=8.6min
15:37:34  INFO   [fold 0 seed 42 (1/3)] epoch  37  train_loss=0.0479  val_loss=0.1088  epoch_time=12.9s  elapsed=8.8min
15:37:48  INFO   [fold 0 seed 42 (1/3)] epoch  38  train_loss=0.0440  val_loss=0.1088  epoch_time=13.4s  elapsed=9.0min
15:38:01  INFO   [fold 0 seed 42 (1/3)] epoch  39  train_loss=0.0444  val_loss=0.1080  epoch_time=13.1s  elapsed=9.2min
15:38:14  INFO   [fold 0 seed 42 (1/3)] epoch  40  train_loss=0.0477  val_loss=0.1112  epoch_time=13.1s  elapsed=9.4min
15:38:15  INFO   [fold 0 seed 42 (1/3)] done. time=9.4min  final_epoch=41  approx_best_epoch=31
15:38:15  INFO   [fold 0 seed 42 (1/3)] per-target R²: eea=0.858  egb=0.922  egc=0.886  ei=0.768  eps=0.798  nc=0.809  tg=0.907
15:38:15  INFO   [fold 0 seed 43 (2/3)] starting...
15:38:31  INFO   [fold 0 seed 43 (2/3)] epoch   0  train_loss=0.3671  val_loss=0.3775  epoch_time=14.6s  elapsed=0.2min
15:38:47  INFO   [fold 0 seed 43 (2/3)] epoch   1  train_loss=0.2535  val_loss=0.5861  epoch_time=15.4s  elapsed=0.5min
15:39:00  INFO   [fold 0 seed 43 (2/3)] epoch   2  train_loss=0.2289  val_loss=0.6498  epoch_time=12.8s  elapsed=0.7min
15:39:13  INFO   [fold 0 seed 43 (2/3)] epoch   3  train_loss=0.1954  val_loss=0.1912  epoch_time=13.2s  elapsed=0.9min
15:39:26  INFO   [fold 0 seed 43 (2/3)] epoch   4  train_loss=0.1856  val_loss=0.1665  epoch_time=13.4s  elapsed=1.2min
15:39:40  INFO   [fold 0 seed 43 (2/3)] epoch   5  train_loss=0.1627  val_loss=0.1636  epoch_time=14.2s  elapsed=1.4min
15:39:54  INFO   [fold 0 seed 43 (2/3)] epoch   6  train_loss=0.1584  val_loss=0.1535  epoch_time=13.4s  elapsed=1.6min
15:40:07  INFO   [fold 0 seed 43 (2/3)] epoch   7  train_loss=0.1467  val_loss=0.1286  epoch_time=12.8s  elapsed=1.8min
15:40:20  INFO   [fold 0 seed 43 (2/3)] epoch   8  train_loss=0.1375  val_loss=0.1397  epoch_time=12.9s  elapsed=2.0min
15:40:35  INFO   [fold 0 seed 43 (2/3)] epoch   9  train_loss=0.1247  val_loss=0.1340  epoch_time=15.6s  elapsed=2.3min
15:40:50  INFO   [fold 0 seed 43 (2/3)] epoch  10  train_loss=0.1162  val_loss=0.1470  epoch_time=14.4s  elapsed=2.5min
15:41:03  INFO   [fold 0 seed 43 (2/3)] epoch  11  train_loss=0.1188  val_loss=0.1725  epoch_time=13.3s  elapsed=2.8min
15:41:16  INFO   [fold 0 seed 43 (2/3)] epoch  12  train_loss=0.1125  val_loss=0.1406  epoch_time=13.6s  elapsed=3.0min
15:41:30  INFO   [fold 0 seed 43 (2/3)] epoch  13  train_loss=0.1137  val_loss=0.1235  epoch_time=13.3s  elapsed=3.2min
15:41:44  INFO   [fold 0 seed 43 (2/3)] epoch  14  train_loss=0.1017  val_loss=0.1445  epoch_time=14.4s  elapsed=3.5min
15:41:57  INFO   [fold 0 seed 43 (2/3)] epoch  15  train_loss=0.0934  val_loss=0.1452  epoch_time=13.3s  elapsed=3.7min
15:42:10  INFO   [fold 0 seed 43 (2/3)] epoch  16  train_loss=0.0933  val_loss=0.1299  epoch_time=13.0s  elapsed=3.9min
15:42:24  INFO   [fold 0 seed 43 (2/3)] epoch  17  train_loss=0.0849  val_loss=0.1335  epoch_time=13.1s  elapsed=4.1min
15:42:37  INFO   [fold 0 seed 43 (2/3)] epoch  18  train_loss=0.0866  val_loss=0.1185  epoch_time=13.1s  elapsed=4.3min
15:42:50  INFO   [fold 0 seed 43 (2/3)] epoch  19  train_loss=0.0827  val_loss=0.1532  epoch_time=13.2s  elapsed=4.6min
15:43:03  INFO   [fold 0 seed 43 (2/3)] epoch  20  train_loss=0.0797  val_loss=0.1130  epoch_time=13.4s  elapsed=4.8min
15:43:17  INFO   [fold 0 seed 43 (2/3)] epoch  21  train_loss=0.0723  val_loss=0.1146  epoch_time=13.5s  elapsed=5.0min
15:43:31  INFO   [fold 0 seed 43 (2/3)] epoch  22  train_loss=0.0732  val_loss=0.1164  epoch_time=14.4s  elapsed=5.2min
15:43:45  INFO   [fold 0 seed 43 (2/3)] epoch  23  train_loss=0.0702  val_loss=0.1138  epoch_time=13.5s  elapsed=5.5min
15:44:02  INFO   [fold 0 seed 43 (2/3)] epoch  24  train_loss=0.0686  val_loss=0.1173  epoch_time=17.3s  elapsed=5.8min
15:44:21  INFO   [fold 0 seed 43 (2/3)] epoch  25  train_loss=0.0637  val_loss=0.1175  epoch_time=19.4s  elapsed=6.1min
15:44:37  INFO   [fold 0 seed 43 (2/3)] epoch  26  train_loss=0.0664  val_loss=0.1206  epoch_time=15.1s  elapsed=6.3min
15:44:52  INFO   [fold 0 seed 43 (2/3)] epoch  27  train_loss=0.0557  val_loss=0.1128  epoch_time=15.1s  elapsed=6.6min
15:45:06  INFO   [fold 0 seed 43 (2/3)] epoch  28  train_loss=0.0603  val_loss=0.1088  epoch_time=14.7s  elapsed=6.8min
15:45:19  INFO   [fold 0 seed 43 (2/3)] epoch  29  train_loss=0.0548  val_loss=0.1067  epoch_time=13.1s  elapsed=7.0min
15:45:33  INFO   [fold 0 seed 43 (2/3)] epoch  30  train_loss=0.0518  val_loss=0.1151  epoch_time=13.1s  elapsed=7.3min
15:45:46  INFO   [fold 0 seed 43 (2/3)] epoch  31  train_loss=0.0546  val_loss=0.1096  epoch_time=13.4s  elapsed=7.5min
15:45:59  INFO   [fold 0 seed 43 (2/3)] epoch  32  train_loss=0.0501  val_loss=0.1147  epoch_time=13.1s  elapsed=7.7min
15:46:12  INFO   [fold 0 seed 43 (2/3)] epoch  33  train_loss=0.0488  val_loss=0.1115  epoch_time=13.2s  elapsed=7.9min
15:46:25  INFO   [fold 0 seed 43 (2/3)] epoch  34  train_loss=0.0487  val_loss=0.1188  epoch_time=13.1s  elapsed=8.1min
15:46:38  INFO   [fold 0 seed 43 (2/3)] epoch  35  train_loss=0.0474  val_loss=0.1105  epoch_time=13.0s  elapsed=8.4min
15:46:52  INFO   [fold 0 seed 43 (2/3)] epoch  36  train_loss=0.0453  val_loss=0.1101  epoch_time=13.4s  elapsed=8.6min
15:47:05  INFO   [fold 0 seed 43 (2/3)] epoch  37  train_loss=0.0441  val_loss=0.1072  epoch_time=13.4s  elapsed=8.8min
15:47:18  INFO   [fold 0 seed 43 (2/3)] epoch  38  train_loss=0.0431  val_loss=0.1111  epoch_time=13.2s  elapsed=9.0min
15:47:31  INFO   [fold 0 seed 43 (2/3)] epoch  39  train_loss=0.0431  val_loss=0.1064  epoch_time=13.0s  elapsed=9.2min
15:47:44  INFO   [fold 0 seed 43 (2/3)] epoch  40  train_loss=0.0412  val_loss=0.1093  epoch_time=13.1s  elapsed=9.5min
15:47:58  INFO   [fold 0 seed 43 (2/3)] epoch  41  train_loss=0.0400  val_loss=0.1063  epoch_time=13.1s  elapsed=9.7min
15:48:11  INFO   [fold 0 seed 43 (2/3)] epoch  42  train_loss=0.0428  val_loss=0.1066  epoch_time=13.0s  elapsed=9.9min
15:48:24  INFO   [fold 0 seed 43 (2/3)] epoch  43  train_loss=0.0394  val_loss=0.1065  epoch_time=13.7s  elapsed=10.1min
15:48:39  INFO   [fold 0 seed 43 (2/3)] epoch  44  train_loss=0.0417  val_loss=0.1050  epoch_time=14.3s  elapsed=10.4min
15:48:52  INFO   [fold 0 seed 43 (2/3)] epoch  45  train_loss=0.0383  val_loss=0.1061  epoch_time=13.2s  elapsed=10.6min
15:49:05  INFO   [fold 0 seed 43 (2/3)] epoch  46  train_loss=0.0356  val_loss=0.1073  epoch_time=13.4s  elapsed=10.8min
15:49:18  INFO   [fold 0 seed 43 (2/3)] epoch  47  train_loss=0.0368  val_loss=0.1090  epoch_time=13.4s  elapsed=11.0min
15:49:31  INFO   [fold 0 seed 43 (2/3)] epoch  48  train_loss=0.0351  val_loss=0.1043  epoch_time=12.9s  elapsed=11.2min
15:49:45  INFO   [fold 0 seed 43 (2/3)] epoch  49  train_loss=0.0344  val_loss=0.1056  epoch_time=13.2s  elapsed=11.5min
15:49:58  INFO   [fold 0 seed 43 (2/3)] epoch  50  train_loss=0.0363  val_loss=0.1066  epoch_time=13.4s  elapsed=11.7min
15:50:11  INFO   [fold 0 seed 43 (2/3)] epoch  51  train_loss=0.0333  val_loss=0.1039  epoch_time=13.0s  elapsed=11.9min
15:50:24  INFO   [fold 0 seed 43 (2/3)] epoch  52  train_loss=0.0328  val_loss=0.1060  epoch_time=13.0s  elapsed=12.1min
15:50:37  INFO   [fold 0 seed 43 (2/3)] epoch  53  train_loss=0.0333  val_loss=0.1051  epoch_time=13.2s  elapsed=12.3min
15:50:50  INFO   [fold 0 seed 43 (2/3)] epoch  54  train_loss=0.0335  val_loss=0.1067  epoch_time=13.0s  elapsed=12.6min
15:51:04  INFO   [fold 0 seed 43 (2/3)] epoch  55  train_loss=0.0318  val_loss=0.1067  epoch_time=13.3s  elapsed=12.8min
15:51:17  INFO   [fold 0 seed 43 (2/3)] epoch  56  train_loss=0.0309  val_loss=0.1044  epoch_time=13.2s  elapsed=13.0min
15:51:30  INFO   [fold 0 seed 43 (2/3)] epoch  57  train_loss=0.0300  val_loss=0.1050  epoch_time=13.1s  elapsed=13.2min
15:51:43  INFO   [fold 0 seed 43 (2/3)] epoch  58  train_loss=0.0321  val_loss=0.1098  epoch_time=13.4s  elapsed=13.4min
15:51:57  INFO   [fold 0 seed 43 (2/3)] epoch  59  train_loss=0.0300  val_loss=0.1024  epoch_time=13.6s  elapsed=13.7min
15:51:58  INFO   [fold 0 seed 43 (2/3)] done. time=13.7min  final_epoch=60  approx_best_epoch=60
15:51:58  INFO   [fold 0 seed 43 (2/3)] per-target R²: eea=0.885  egb=0.926  egc=0.896  ei=0.786  eps=0.800  nc=0.836  tg=0.913
15:51:58  INFO   [fold 0 seed 44 (3/3)] starting...
15:52:12  INFO   [fold 0 seed 44 (3/3)] epoch   0  train_loss=0.3545  val_loss=0.6060  epoch_time=12.5s  elapsed=0.2min
15:52:25  INFO   [fold 0 seed 44 (3/3)] epoch   1  train_loss=0.2587  val_loss=0.1997  epoch_time=13.1s  elapsed=0.4min
15:52:38  INFO   [fold 0 seed 44 (3/3)] epoch   2  train_loss=0.2162  val_loss=0.2273  epoch_time=13.0s  elapsed=0.6min
15:52:52  INFO   [fold 0 seed 44 (3/3)] epoch   3  train_loss=0.2133  val_loss=0.2981  epoch_time=13.3s  elapsed=0.9min
15:53:05  INFO   [fold 0 seed 44 (3/3)] epoch   4  train_loss=0.1851  val_loss=0.2272  epoch_time=13.3s  elapsed=1.1min
15:53:18  INFO   [fold 0 seed 44 (3/3)] epoch   5  train_loss=0.1699  val_loss=0.1671  epoch_time=13.0s  elapsed=1.3min
15:53:31  INFO   [fold 0 seed 44 (3/3)] epoch   6  train_loss=0.1526  val_loss=0.1728  epoch_time=13.1s  elapsed=1.5min
15:53:44  INFO   [fold 0 seed 44 (3/3)] epoch   7  train_loss=0.1495  val_loss=0.1597  epoch_time=13.1s  elapsed=1.7min
15:53:57  INFO   [fold 0 seed 44 (3/3)] epoch   8  train_loss=0.1361  val_loss=0.1472  epoch_time=13.2s  elapsed=2.0min
15:54:11  INFO   [fold 0 seed 44 (3/3)] epoch   9  train_loss=0.1286  val_loss=0.1372  epoch_time=13.4s  elapsed=2.2min
15:54:24  INFO   [fold 0 seed 44 (3/3)] epoch  10  train_loss=0.1232  val_loss=0.1347  epoch_time=12.9s  elapsed=2.4min
15:54:38  INFO   [fold 0 seed 44 (3/3)] epoch  11  train_loss=0.1196  val_loss=0.1449  epoch_time=14.4s  elapsed=2.6min
15:54:54  INFO   [fold 0 seed 44 (3/3)] epoch  12  train_loss=0.1119  val_loss=0.1278  epoch_time=16.0s  elapsed=2.9min
15:55:11  INFO   [fold 0 seed 44 (3/3)] epoch  13  train_loss=0.1040  val_loss=0.1290  epoch_time=17.3s  elapsed=3.2min
15:55:31  INFO   [fold 0 seed 44 (3/3)] epoch  14  train_loss=0.1039  val_loss=0.1299  epoch_time=19.2s  elapsed=3.5min
15:55:46  INFO   [fold 0 seed 44 (3/3)] epoch  15  train_loss=0.0974  val_loss=0.1230  epoch_time=15.5s  elapsed=3.8min
15:56:00  INFO   [fold 0 seed 44 (3/3)] epoch  16  train_loss=0.0882  val_loss=0.1213  epoch_time=14.2s  elapsed=4.0min
15:56:14  INFO   [fold 0 seed 44 (3/3)] epoch  17  train_loss=0.0857  val_loss=0.1349  epoch_time=13.6s  elapsed=4.2min
15:56:28  INFO   [fold 0 seed 44 (3/3)] epoch  18  train_loss=0.0831  val_loss=0.1232  epoch_time=13.9s  elapsed=4.5min
15:56:41  INFO   [fold 0 seed 44 (3/3)] epoch  19  train_loss=0.0803  val_loss=0.1321  epoch_time=13.3s  elapsed=4.7min
15:56:54  INFO   [fold 0 seed 44 (3/3)] epoch  20  train_loss=0.0806  val_loss=0.1149  epoch_time=13.5s  elapsed=4.9min
15:57:08  INFO   [fold 0 seed 44 (3/3)] epoch  21  train_loss=0.0747  val_loss=0.1194  epoch_time=13.1s  elapsed=5.1min
15:57:21  INFO   [fold 0 seed 44 (3/3)] epoch  22  train_loss=0.0687  val_loss=0.1202  epoch_time=13.2s  elapsed=5.3min
15:57:35  INFO   [fold 0 seed 44 (3/3)] epoch  23  train_loss=0.0661  val_loss=0.1217  epoch_time=14.4s  elapsed=5.6min
15:57:50  INFO   [fold 0 seed 44 (3/3)] epoch  24  train_loss=0.0628  val_loss=0.1142  epoch_time=14.5s  elapsed=5.8min
15:58:04  INFO   [fold 0 seed 44 (3/3)] epoch  25  train_loss=0.0643  val_loss=0.1150  epoch_time=14.4s  elapsed=6.1min
15:58:18  INFO   [fold 0 seed 44 (3/3)] epoch  26  train_loss=0.0599  val_loss=0.1144  epoch_time=13.9s  elapsed=6.3min
15:58:31  INFO   [fold 0 seed 44 (3/3)] epoch  27  train_loss=0.0580  val_loss=0.1141  epoch_time=13.2s  elapsed=6.5min
15:58:44  INFO   [fold 0 seed 44 (3/3)] epoch  28  train_loss=0.0615  val_loss=0.1205  epoch_time=13.1s  elapsed=6.7min
15:58:57  INFO   [fold 0 seed 44 (3/3)] epoch  29  train_loss=0.0619  val_loss=0.1079  epoch_time=13.1s  elapsed=7.0min
15:59:11  INFO   [fold 0 seed 44 (3/3)] epoch  30  train_loss=0.0540  val_loss=0.1130  epoch_time=13.6s  elapsed=7.2min
15:59:25  INFO   [fold 0 seed 44 (3/3)] epoch  31  train_loss=0.0535  val_loss=0.1136  epoch_time=13.7s  elapsed=7.4min
15:59:38  INFO   [fold 0 seed 44 (3/3)] epoch  32  train_loss=0.0512  val_loss=0.1101  epoch_time=13.0s  elapsed=7.6min
15:59:54  INFO   [fold 0 seed 44 (3/3)] epoch  33  train_loss=0.0512  val_loss=0.1077  epoch_time=16.6s  elapsed=7.9min
16:00:08  INFO   [fold 0 seed 44 (3/3)] epoch  34  train_loss=0.0481  val_loss=0.1107  epoch_time=13.7s  elapsed=8.1min
16:00:21  INFO   [fold 0 seed 44 (3/3)] epoch  35  train_loss=0.0450  val_loss=0.1219  epoch_time=13.3s  elapsed=8.4min
16:00:35  INFO   [fold 0 seed 44 (3/3)] epoch  36  train_loss=0.0467  val_loss=0.1089  epoch_time=14.2s  elapsed=8.6min
16:00:49  INFO   [fold 0 seed 44 (3/3)] epoch  37  train_loss=0.0475  val_loss=0.1111  epoch_time=13.3s  elapsed=8.8min
16:01:04  INFO   [fold 0 seed 44 (3/3)] epoch  38  train_loss=0.0453  val_loss=0.1091  epoch_time=15.2s  elapsed=9.1min
16:01:17  INFO   [fold 0 seed 44 (3/3)] epoch  39  train_loss=0.0432  val_loss=0.1054  epoch_time=13.1s  elapsed=9.3min
16:01:30  INFO   [fold 0 seed 44 (3/3)] epoch  40  train_loss=0.0438  val_loss=0.1054  epoch_time=13.1s  elapsed=9.5min
16:01:44  INFO   [fold 0 seed 44 (3/3)] epoch  41  train_loss=0.0406  val_loss=0.1091  epoch_time=13.5s  elapsed=9.7min
16:01:57  INFO   [fold 0 seed 44 (3/3)] epoch  42  train_loss=0.0416  val_loss=0.1145  epoch_time=13.5s  elapsed=10.0min
16:02:10  INFO   [fold 0 seed 44 (3/3)] epoch  43  train_loss=0.0396  val_loss=0.1067  epoch_time=13.1s  elapsed=10.2min
16:02:23  INFO   [fold 0 seed 44 (3/3)] epoch  44  train_loss=0.0380  val_loss=0.1081  epoch_time=13.0s  elapsed=10.4min
16:02:36  INFO   [fold 0 seed 44 (3/3)] epoch  45  train_loss=0.0384  val_loss=0.1072  epoch_time=13.1s  elapsed=10.6min
16:02:49  INFO   [fold 0 seed 44 (3/3)] epoch  46  train_loss=0.0368  val_loss=0.1064  epoch_time=13.1s  elapsed=10.8min
16:03:02  INFO   [fold 0 seed 44 (3/3)] epoch  47  train_loss=0.0379  val_loss=0.1057  epoch_time=12.9s  elapsed=11.0min
16:03:15  INFO   [fold 0 seed 44 (3/3)] epoch  48  train_loss=0.0354  val_loss=0.1097  epoch_time=13.2s  elapsed=11.3min
16:03:29  INFO   [fold 0 seed 44 (3/3)] epoch  49  train_loss=0.0375  val_loss=0.1064  epoch_time=13.5s  elapsed=11.5min
16:03:42  INFO   [fold 0 seed 44 (3/3)] epoch  50  train_loss=0.0369  val_loss=0.1093  epoch_time=12.9s  elapsed=11.7min
16:03:43  INFO   [fold 0 seed 44 (3/3)] done. time=11.7min  final_epoch=51  approx_best_epoch=41
16:03:43  INFO   [fold 0 seed 44 (3/3)] per-target R²: eea=0.883  egb=0.925  egc=0.878  ei=0.866  eps=0.784  nc=0.854  tg=0.908
16:03:43  INFO   [fold 0] BAG per-target R² (avg of 3 seeds): eea=0.8884  egb=0.9306  egc=0.8952  ei=0.8216  eps=0.8086  nc=0.8443  tg=0.9173
16:03:43  INFO   [fold 0] total time: 34.8min (per-seed: ['9.4', '13.7', '11.7'])
16:03:43  INFO   [fold 0] wrote checkpoint checkpoint_fold_0.pkl.gz
16:03:43  INFO   ============================================================
16:03:43  INFO   FOLD 1  (3-seed bag)
16:03:43  INFO   n_train_canon=4736   n_val_canon=1184
16:03:43  INFO   [fold 1 seed 42 (1/3)] starting...
16:03:58  INFO   [fold 1 seed 42 (1/3)] epoch   0  train_loss=0.3654  val_loss=0.5063  epoch_time=13.0s  elapsed=0.2min
16:04:11  INFO   [fold 1 seed 42 (1/3)] epoch   1  train_loss=0.2685  val_loss=0.8217  epoch_time=13.3s  elapsed=0.4min
16:04:24  INFO   [fold 1 seed 42 (1/3)] epoch   2  train_loss=0.2285  val_loss=0.2591  epoch_time=13.0s  elapsed=0.7min
16:04:37  INFO   [fold 1 seed 42 (1/3)] epoch   3  train_loss=0.2061  val_loss=0.2111  epoch_time=13.2s  elapsed=0.9min
16:04:50  INFO   [fold 1 seed 42 (1/3)] epoch   4  train_loss=0.1761  val_loss=0.2497  epoch_time=13.1s  elapsed=1.1min
16:05:03  INFO   [fold 1 seed 42 (1/3)] epoch   5  train_loss=0.1710  val_loss=0.2438  epoch_time=13.1s  elapsed=1.3min
16:05:21  INFO   [fold 1 seed 42 (1/3)] epoch   6  train_loss=0.1562  val_loss=0.1792  epoch_time=17.9s  elapsed=1.6min
16:05:36  INFO   [fold 1 seed 42 (1/3)] epoch   7  train_loss=0.1487  val_loss=0.1942  epoch_time=14.6s  elapsed=1.9min
16:05:51  INFO   [fold 1 seed 42 (1/3)] epoch   8  train_loss=0.1430  val_loss=0.2318  epoch_time=14.7s  elapsed=2.1min
16:06:06  INFO   [fold 1 seed 42 (1/3)] epoch   9  train_loss=0.1371  val_loss=0.2210  epoch_time=14.9s  elapsed=2.3min
16:06:21  INFO   [fold 1 seed 42 (1/3)] epoch  10  train_loss=0.1201  val_loss=0.1780  epoch_time=15.2s  elapsed=2.6min
16:06:40  INFO   [fold 1 seed 42 (1/3)] epoch  11  train_loss=0.1168  val_loss=0.1680  epoch_time=19.3s  elapsed=2.9min
16:06:57  INFO   [fold 1 seed 42 (1/3)] epoch  12  train_loss=0.1201  val_loss=0.2241  epoch_time=17.0s  elapsed=3.2min
16:07:13  INFO   [fold 1 seed 42 (1/3)] epoch  13  train_loss=0.1124  val_loss=0.1577  epoch_time=15.4s  elapsed=3.5min
16:07:27  INFO   [fold 1 seed 42 (1/3)] epoch  14  train_loss=0.1050  val_loss=0.1580  epoch_time=14.2s  elapsed=3.7min
16:07:42  INFO   [fold 1 seed 42 (1/3)] epoch  15  train_loss=0.1051  val_loss=0.1534  epoch_time=14.9s  elapsed=3.9min
16:07:56  INFO   [fold 1 seed 42 (1/3)] epoch  16  train_loss=0.0960  val_loss=0.1730  epoch_time=14.6s  elapsed=4.2min
16:08:10  INFO   [fold 1 seed 42 (1/3)] epoch  17  train_loss=0.0935  val_loss=0.1424  epoch_time=14.3s  elapsed=4.4min
16:08:24  INFO   [fold 1 seed 42 (1/3)] epoch  18  train_loss=0.0890  val_loss=0.1535  epoch_time=13.5s  elapsed=4.7min
16:08:37  INFO   [fold 1 seed 42 (1/3)] epoch  19  train_loss=0.0841  val_loss=0.1426  epoch_time=13.2s  elapsed=4.9min
16:08:50  INFO   [fold 1 seed 42 (1/3)] epoch  20  train_loss=0.0860  val_loss=0.1350  epoch_time=13.1s  elapsed=5.1min
16:09:03  INFO   [fold 1 seed 42 (1/3)] epoch  21  train_loss=0.0803  val_loss=0.1379  epoch_time=12.9s  elapsed=5.3min
16:09:17  INFO   [fold 1 seed 42 (1/3)] epoch  22  train_loss=0.0762  val_loss=0.1465  epoch_time=14.0s  elapsed=5.5min
16:09:30  INFO   [fold 1 seed 42 (1/3)] epoch  23  train_loss=0.0752  val_loss=0.1345  epoch_time=13.2s  elapsed=5.8min
16:09:44  INFO   [fold 1 seed 42 (1/3)] epoch  24  train_loss=0.0727  val_loss=0.1616  epoch_time=13.2s  elapsed=6.0min
16:09:57  INFO   [fold 1 seed 42 (1/3)] epoch  25  train_loss=0.0673  val_loss=0.1269  epoch_time=13.3s  elapsed=6.2min
16:10:10  INFO   [fold 1 seed 42 (1/3)] epoch  26  train_loss=0.0655  val_loss=0.1288  epoch_time=13.0s  elapsed=6.4min
16:10:23  INFO   [fold 1 seed 42 (1/3)] epoch  27  train_loss=0.0638  val_loss=0.1347  epoch_time=13.4s  elapsed=6.6min
16:10:37  INFO   [fold 1 seed 42 (1/3)] epoch  28  train_loss=0.0615  val_loss=0.1267  epoch_time=13.2s  elapsed=6.9min
16:10:50  INFO   [fold 1 seed 42 (1/3)] epoch  29  train_loss=0.0644  val_loss=0.1315  epoch_time=13.0s  elapsed=7.1min
16:11:03  INFO   [fold 1 seed 42 (1/3)] epoch  30  train_loss=0.0611  val_loss=0.1244  epoch_time=13.1s  elapsed=7.3min
16:11:16  INFO   [fold 1 seed 42 (1/3)] epoch  31  train_loss=0.0577  val_loss=0.1262  epoch_time=13.7s  elapsed=7.5min
16:11:30  INFO   [fold 1 seed 42 (1/3)] epoch  32  train_loss=0.0538  val_loss=0.1255  epoch_time=13.2s  elapsed=7.7min
16:11:43  INFO   [fold 1 seed 42 (1/3)] epoch  33  train_loss=0.0555  val_loss=0.1214  epoch_time=13.1s  elapsed=8.0min
16:11:56  INFO   [fold 1 seed 42 (1/3)] epoch  34  train_loss=0.0525  val_loss=0.1177  epoch_time=13.6s  elapsed=8.2min
16:12:09  INFO   [fold 1 seed 42 (1/3)] epoch  35  train_loss=0.0518  val_loss=0.1223  epoch_time=13.1s  elapsed=8.4min
16:12:23  INFO   [fold 1 seed 42 (1/3)] epoch  36  train_loss=0.0493  val_loss=0.1261  epoch_time=13.1s  elapsed=8.6min
16:12:36  INFO   [fold 1 seed 42 (1/3)] epoch  37  train_loss=0.0481  val_loss=0.1201  epoch_time=13.1s  elapsed=8.8min
16:12:49  INFO   [fold 1 seed 42 (1/3)] epoch  38  train_loss=0.0472  val_loss=0.1199  epoch_time=13.2s  elapsed=9.1min
16:13:02  INFO   [fold 1 seed 42 (1/3)] epoch  39  train_loss=0.0451  val_loss=0.1163  epoch_time=13.2s  elapsed=9.3min
16:13:15  INFO   [fold 1 seed 42 (1/3)] epoch  40  train_loss=0.0469  val_loss=0.1281  epoch_time=13.1s  elapsed=9.5min
16:13:28  INFO   [fold 1 seed 42 (1/3)] epoch  41  train_loss=0.0450  val_loss=0.1207  epoch_time=13.1s  elapsed=9.7min
16:13:41  INFO   [fold 1 seed 42 (1/3)] epoch  42  train_loss=0.0414  val_loss=0.1226  epoch_time=13.0s  elapsed=9.9min
16:13:55  INFO   [fold 1 seed 42 (1/3)] epoch  43  train_loss=0.0402  val_loss=0.1158  epoch_time=13.2s  elapsed=10.2min
16:14:08  INFO   [fold 1 seed 42 (1/3)] epoch  44  train_loss=0.0386  val_loss=0.1177  epoch_time=13.1s  elapsed=10.4min
16:14:21  INFO   [fold 1 seed 42 (1/3)] epoch  45  train_loss=0.0397  val_loss=0.1154  epoch_time=13.1s  elapsed=10.6min
16:14:34  INFO   [fold 1 seed 42 (1/3)] epoch  46  train_loss=0.0373  val_loss=0.1177  epoch_time=13.0s  elapsed=10.8min
16:14:47  INFO   [fold 1 seed 42 (1/3)] epoch  47  train_loss=0.0391  val_loss=0.1178  epoch_time=13.0s  elapsed=11.0min
16:15:00  INFO   [fold 1 seed 42 (1/3)] epoch  48  train_loss=0.0380  val_loss=0.1183  epoch_time=13.1s  elapsed=11.3min
16:15:13  INFO   [fold 1 seed 42 (1/3)] epoch  49  train_loss=0.0385  val_loss=0.1174  epoch_time=12.9s  elapsed=11.5min
16:15:26  INFO   [fold 1 seed 42 (1/3)] epoch  50  train_loss=0.0369  val_loss=0.1176  epoch_time=13.0s  elapsed=11.7min
16:15:39  INFO   [fold 1 seed 42 (1/3)] epoch  51  train_loss=0.0358  val_loss=0.1162  epoch_time=13.0s  elapsed=11.9min
16:15:52  INFO   [fold 1 seed 42 (1/3)] epoch  52  train_loss=0.0331  val_loss=0.1173  epoch_time=13.1s  elapsed=12.1min
16:16:05  INFO   [fold 1 seed 42 (1/3)] epoch  53  train_loss=0.0375  val_loss=0.1173  epoch_time=12.9s  elapsed=12.3min
16:16:18  INFO   [fold 1 seed 42 (1/3)] epoch  54  train_loss=0.0359  val_loss=0.1199  epoch_time=12.7s  elapsed=12.5min
16:16:31  INFO   [fold 1 seed 42 (1/3)] epoch  55  train_loss=0.0341  val_loss=0.1180  epoch_time=13.0s  elapsed=12.8min
16:16:32  INFO   [fold 1 seed 42 (1/3)] done. time=12.8min  final_epoch=56  approx_best_epoch=46
16:16:32  INFO   [fold 1 seed 42 (1/3)] per-target R²: eea=0.894  egb=0.931  egc=0.929  ei=0.742  eps=0.814  nc=0.882  tg=0.886
16:16:32  INFO   [fold 1 seed 43 (2/3)] starting...
16:16:46  INFO   [fold 1 seed 43 (2/3)] epoch   0  train_loss=0.3404  val_loss=0.4656  epoch_time=12.6s  elapsed=0.2min
16:17:00  INFO   [fold 1 seed 43 (2/3)] epoch   1  train_loss=0.2490  val_loss=0.2895  epoch_time=13.4s  elapsed=0.4min
16:17:13  INFO   [fold 1 seed 43 (2/3)] epoch   2  train_loss=0.2126  val_loss=0.3191  epoch_time=13.1s  elapsed=0.7min
16:17:26  INFO   [fold 1 seed 43 (2/3)] epoch   3  train_loss=0.1997  val_loss=0.2204  epoch_time=13.1s  elapsed=0.9min
16:17:39  INFO   [fold 1 seed 43 (2/3)] epoch   4  train_loss=0.1760  val_loss=0.1994  epoch_time=13.0s  elapsed=1.1min
16:17:52  INFO   [fold 1 seed 43 (2/3)] epoch   5  train_loss=0.1580  val_loss=0.2068  epoch_time=13.1s  elapsed=1.3min
16:18:05  INFO   [fold 1 seed 43 (2/3)] epoch   6  train_loss=0.1483  val_loss=0.2239  epoch_time=13.0s  elapsed=1.5min
16:18:18  INFO   [fold 1 seed 43 (2/3)] epoch   7  train_loss=0.1428  val_loss=0.1831  epoch_time=13.0s  elapsed=1.7min
16:18:31  INFO   [fold 1 seed 43 (2/3)] epoch   8  train_loss=0.1342  val_loss=0.1805  epoch_time=13.3s  elapsed=2.0min
16:18:44  INFO   [fold 1 seed 43 (2/3)] epoch   9  train_loss=0.1245  val_loss=0.1608  epoch_time=12.8s  elapsed=2.2min
16:18:57  INFO   [fold 1 seed 43 (2/3)] epoch  10  train_loss=0.1255  val_loss=0.1900  epoch_time=13.1s  elapsed=2.4min
16:19:10  INFO   [fold 1 seed 43 (2/3)] epoch  11  train_loss=0.1167  val_loss=0.1685  epoch_time=13.2s  elapsed=2.6min
16:19:23  INFO   [fold 1 seed 43 (2/3)] epoch  12  train_loss=0.1056  val_loss=0.2833  epoch_time=13.1s  elapsed=2.8min
16:19:37  INFO   [fold 1 seed 43 (2/3)] epoch  13  train_loss=0.1099  val_loss=0.1641  epoch_time=13.2s  elapsed=3.0min
16:19:50  INFO   [fold 1 seed 43 (2/3)] epoch  14  train_loss=0.1049  val_loss=0.1530  epoch_time=13.3s  elapsed=3.3min
16:20:03  INFO   [fold 1 seed 43 (2/3)] epoch  15  train_loss=0.0945  val_loss=0.1522  epoch_time=13.1s  elapsed=3.5min
16:20:16  INFO   [fold 1 seed 43 (2/3)] epoch  16  train_loss=0.0920  val_loss=0.1493  epoch_time=12.9s  elapsed=3.7min
16:20:29  INFO   [fold 1 seed 43 (2/3)] epoch  17  train_loss=0.0892  val_loss=0.1332  epoch_time=13.1s  elapsed=3.9min
16:20:42  INFO   [fold 1 seed 43 (2/3)] epoch  18  train_loss=0.0873  val_loss=0.1424  epoch_time=13.0s  elapsed=4.1min
16:20:55  INFO   [fold 1 seed 43 (2/3)] epoch  19  train_loss=0.0860  val_loss=0.1434  epoch_time=12.8s  elapsed=4.4min
16:21:08  INFO   [fold 1 seed 43 (2/3)] epoch  20  train_loss=0.0727  val_loss=0.1301  epoch_time=13.0s  elapsed=4.6min
16:21:21  INFO   [fold 1 seed 43 (2/3)] epoch  21  train_loss=0.0720  val_loss=0.1389  epoch_time=13.1s  elapsed=4.8min
16:21:34  INFO   [fold 1 seed 43 (2/3)] epoch  22  train_loss=0.0696  val_loss=0.1507  epoch_time=13.1s  elapsed=5.0min
16:21:47  INFO   [fold 1 seed 43 (2/3)] epoch  23  train_loss=0.0724  val_loss=0.1315  epoch_time=13.0s  elapsed=5.2min
16:22:01  INFO   [fold 1 seed 43 (2/3)] epoch  24  train_loss=0.0652  val_loss=0.1267  epoch_time=13.7s  elapsed=5.5min
16:22:14  INFO   [fold 1 seed 43 (2/3)] epoch  25  train_loss=0.0604  val_loss=0.1264  epoch_time=13.1s  elapsed=5.7min
16:22:27  INFO   [fold 1 seed 43 (2/3)] epoch  26  train_loss=0.0626  val_loss=0.1359  epoch_time=13.0s  elapsed=5.9min
16:22:40  INFO   [fold 1 seed 43 (2/3)] epoch  27  train_loss=0.0614  val_loss=0.1319  epoch_time=13.2s  elapsed=6.1min
16:22:53  INFO   [fold 1 seed 43 (2/3)] epoch  28  train_loss=0.0548  val_loss=0.1305  epoch_time=12.9s  elapsed=6.3min
16:23:06  INFO   [fold 1 seed 43 (2/3)] epoch  29  train_loss=0.0577  val_loss=0.1302  epoch_time=13.0s  elapsed=6.5min
16:23:19  INFO   [fold 1 seed 43 (2/3)] epoch  30  train_loss=0.0565  val_loss=0.1266  epoch_time=13.6s  elapsed=6.8min
16:23:33  INFO   [fold 1 seed 43 (2/3)] epoch  31  train_loss=0.0556  val_loss=0.1217  epoch_time=13.9s  elapsed=7.0min
16:23:47  INFO   [fold 1 seed 43 (2/3)] epoch  32  train_loss=0.0524  val_loss=0.1224  epoch_time=13.6s  elapsed=7.2min
16:24:03  INFO   [fold 1 seed 43 (2/3)] epoch  33  train_loss=0.0506  val_loss=0.1256  epoch_time=15.5s  elapsed=7.5min
16:24:16  INFO   [fold 1 seed 43 (2/3)] epoch  34  train_loss=0.0452  val_loss=0.1195  epoch_time=13.7s  elapsed=7.7min
16:24:30  INFO   [fold 1 seed 43 (2/3)] epoch  35  train_loss=0.0471  val_loss=0.1264  epoch_time=13.6s  elapsed=7.9min
16:24:43  INFO   [fold 1 seed 43 (2/3)] epoch  36  train_loss=0.0455  val_loss=0.1271  epoch_time=13.2s  elapsed=8.2min
16:24:56  INFO   [fold 1 seed 43 (2/3)] epoch  37  train_loss=0.0448  val_loss=0.1198  epoch_time=13.2s  elapsed=8.4min
16:25:10  INFO   [fold 1 seed 43 (2/3)] epoch  38  train_loss=0.0463  val_loss=0.1230  epoch_time=13.2s  elapsed=8.6min
16:25:23  INFO   [fold 1 seed 43 (2/3)] epoch  39  train_loss=0.0450  val_loss=0.1208  epoch_time=13.5s  elapsed=8.8min
16:25:37  INFO   [fold 1 seed 43 (2/3)] epoch  40  train_loss=0.0436  val_loss=0.1221  epoch_time=14.0s  elapsed=9.1min
16:25:50  INFO   [fold 1 seed 43 (2/3)] epoch  41  train_loss=0.0438  val_loss=0.1200  epoch_time=13.4s  elapsed=9.3min
16:26:04  INFO   [fold 1 seed 43 (2/3)] epoch  42  train_loss=0.0402  val_loss=0.1207  epoch_time=13.2s  elapsed=9.5min
16:26:17  INFO   [fold 1 seed 43 (2/3)] epoch  43  train_loss=0.0394  val_loss=0.1188  epoch_time=13.0s  elapsed=9.7min
16:26:30  INFO   [fold 1 seed 43 (2/3)] epoch  44  train_loss=0.0389  val_loss=0.1184  epoch_time=12.9s  elapsed=9.9min
16:26:43  INFO   [fold 1 seed 43 (2/3)] epoch  45  train_loss=0.0377  val_loss=0.1207  epoch_time=13.5s  elapsed=10.2min
16:26:56  INFO   [fold 1 seed 43 (2/3)] epoch  46  train_loss=0.0390  val_loss=0.1219  epoch_time=13.2s  elapsed=10.4min
16:27:09  INFO   [fold 1 seed 43 (2/3)] epoch  47  train_loss=0.0367  val_loss=0.1181  epoch_time=13.0s  elapsed=10.6min
16:27:22  INFO   [fold 1 seed 43 (2/3)] epoch  48  train_loss=0.0340  val_loss=0.1213  epoch_time=13.1s  elapsed=10.8min
16:27:36  INFO   [fold 1 seed 43 (2/3)] epoch  49  train_loss=0.0361  val_loss=0.1184  epoch_time=13.3s  elapsed=11.0min
16:27:49  INFO   [fold 1 seed 43 (2/3)] epoch  50  train_loss=0.0355  val_loss=0.1176  epoch_time=12.9s  elapsed=11.2min
16:28:02  INFO   [fold 1 seed 43 (2/3)] epoch  51  train_loss=0.0351  val_loss=0.1172  epoch_time=13.1s  elapsed=11.5min
16:28:15  INFO   [fold 1 seed 43 (2/3)] epoch  52  train_loss=0.0353  val_loss=0.1164  epoch_time=13.0s  elapsed=11.7min
16:28:28  INFO   [fold 1 seed 43 (2/3)] epoch  53  train_loss=0.0345  val_loss=0.1164  epoch_time=13.2s  elapsed=11.9min
16:28:41  INFO   [fold 1 seed 43 (2/3)] epoch  54  train_loss=0.0343  val_loss=0.1174  epoch_time=13.2s  elapsed=12.1min
16:28:54  INFO   [fold 1 seed 43 (2/3)] epoch  55  train_loss=0.0330  val_loss=0.1210  epoch_time=13.0s  elapsed=12.3min
16:29:07  INFO   [fold 1 seed 43 (2/3)] epoch  56  train_loss=0.0335  val_loss=0.1181  epoch_time=13.0s  elapsed=12.6min
16:29:21  INFO   [fold 1 seed 43 (2/3)] epoch  57  train_loss=0.0335  val_loss=0.1186  epoch_time=13.7s  elapsed=12.8min
16:29:34  INFO   [fold 1 seed 43 (2/3)] epoch  58  train_loss=0.0320  val_loss=0.1250  epoch_time=13.4s  elapsed=13.0min
16:29:50  INFO   [fold 1 seed 43 (2/3)] epoch  59  train_loss=0.0323  val_loss=0.1151  epoch_time=15.8s  elapsed=13.3min
16:29:51  INFO   [fold 1 seed 43 (2/3)] done. time=13.3min  final_epoch=60  approx_best_epoch=60
16:29:51  INFO   [fold 1 seed 43 (2/3)] per-target R²: eea=0.879  egb=0.922  egc=0.925  ei=0.767  eps=0.814  nc=0.899  tg=0.892
16:29:51  INFO   [fold 1 seed 44 (3/3)] starting...
16:30:07  INFO   [fold 1 seed 44 (3/3)] epoch   0  train_loss=0.3493  val_loss=0.3020  epoch_time=13.5s  elapsed=0.2min
16:30:20  INFO   [fold 1 seed 44 (3/3)] epoch   1  train_loss=0.2351  val_loss=0.2647  epoch_time=13.3s  elapsed=0.4min
16:30:34  INFO   [fold 1 seed 44 (3/3)] epoch   2  train_loss=0.2082  val_loss=0.2140  epoch_time=13.7s  elapsed=0.7min
16:30:47  INFO   [fold 1 seed 44 (3/3)] epoch   3  train_loss=0.1906  val_loss=0.2552  epoch_time=13.4s  elapsed=0.9min
16:31:00  INFO   [fold 1 seed 44 (3/3)] epoch   4  train_loss=0.1773  val_loss=0.2479  epoch_time=13.5s  elapsed=1.1min
16:31:13  INFO   [fold 1 seed 44 (3/3)] epoch   5  train_loss=0.1697  val_loss=0.2129  epoch_time=13.0s  elapsed=1.3min
16:31:28  INFO   [fold 1 seed 44 (3/3)] epoch   6  train_loss=0.1487  val_loss=0.1751  epoch_time=14.8s  elapsed=1.6min
16:31:42  INFO   [fold 1 seed 44 (3/3)] epoch   7  train_loss=0.1424  val_loss=0.1752  epoch_time=14.1s  elapsed=1.8min
16:31:58  INFO   [fold 1 seed 44 (3/3)] epoch   8  train_loss=0.1298  val_loss=0.1938  epoch_time=15.9s  elapsed=2.1min
16:32:14  INFO   [fold 1 seed 44 (3/3)] epoch   9  train_loss=0.1353  val_loss=0.1831  epoch_time=15.8s  elapsed=2.3min
16:32:33  INFO   [fold 1 seed 44 (3/3)] epoch  10  train_loss=0.1259  val_loss=0.1748  epoch_time=18.9s  elapsed=2.7min
16:32:47  INFO   [fold 1 seed 44 (3/3)] epoch  11  train_loss=0.1141  val_loss=0.1506  epoch_time=14.5s  elapsed=2.9min
16:33:01  INFO   [fold 1 seed 44 (3/3)] epoch  12  train_loss=0.1074  val_loss=0.1605  epoch_time=13.9s  elapsed=3.1min
16:33:15  INFO   [fold 1 seed 44 (3/3)] epoch  13  train_loss=0.1031  val_loss=0.2017  epoch_time=13.6s  elapsed=3.4min
16:33:28  INFO   [fold 1 seed 44 (3/3)] epoch  14  train_loss=0.1049  val_loss=0.1491  epoch_time=13.4s  elapsed=3.6min
16:33:42  INFO   [fold 1 seed 44 (3/3)] epoch  15  train_loss=0.1007  val_loss=0.1855  epoch_time=13.5s  elapsed=3.8min
16:33:56  INFO   [fold 1 seed 44 (3/3)] epoch  16  train_loss=0.0924  val_loss=0.1904  epoch_time=14.3s  elapsed=4.1min
16:34:10  INFO   [fold 1 seed 44 (3/3)] epoch  17  train_loss=0.0918  val_loss=0.1557  epoch_time=13.7s  elapsed=4.3min
16:34:23  INFO   [fold 1 seed 44 (3/3)] epoch  18  train_loss=0.0899  val_loss=0.1525  epoch_time=13.1s  elapsed=4.5min
16:34:36  INFO   [fold 1 seed 44 (3/3)] epoch  19  train_loss=0.0772  val_loss=0.1368  epoch_time=12.7s  elapsed=4.7min
16:34:49  INFO   [fold 1 seed 44 (3/3)] epoch  20  train_loss=0.0785  val_loss=0.1519  epoch_time=13.2s  elapsed=4.9min
16:35:02  INFO   [fold 1 seed 44 (3/3)] epoch  21  train_loss=0.0781  val_loss=0.1434  epoch_time=13.0s  elapsed=5.1min
16:35:15  INFO   [fold 1 seed 44 (3/3)] epoch  22  train_loss=0.0683  val_loss=0.1340  epoch_time=12.7s  elapsed=5.4min
16:35:28  INFO   [fold 1 seed 44 (3/3)] epoch  23  train_loss=0.0715  val_loss=0.1342  epoch_time=12.9s  elapsed=5.6min
16:35:41  INFO   [fold 1 seed 44 (3/3)] epoch  24  train_loss=0.0661  val_loss=0.1274  epoch_time=13.0s  elapsed=5.8min
16:35:54  INFO   [fold 1 seed 44 (3/3)] epoch  25  train_loss=0.0641  val_loss=0.1339  epoch_time=13.5s  elapsed=6.0min
16:36:08  INFO   [fold 1 seed 44 (3/3)] epoch  26  train_loss=0.0606  val_loss=0.1382  epoch_time=13.6s  elapsed=6.2min
16:36:21  INFO   [fold 1 seed 44 (3/3)] epoch  27  train_loss=0.0595  val_loss=0.1334  epoch_time=13.7s  elapsed=6.5min
16:36:34  INFO   [fold 1 seed 44 (3/3)] epoch  28  train_loss=0.0585  val_loss=0.1255  epoch_time=12.8s  elapsed=6.7min
16:36:47  INFO   [fold 1 seed 44 (3/3)] epoch  29  train_loss=0.0548  val_loss=0.1320  epoch_time=13.1s  elapsed=6.9min
16:37:01  INFO   [fold 1 seed 44 (3/3)] epoch  30  train_loss=0.0537  val_loss=0.1279  epoch_time=13.3s  elapsed=7.1min
16:37:14  INFO   [fold 1 seed 44 (3/3)] epoch  31  train_loss=0.0552  val_loss=0.1281  epoch_time=13.3s  elapsed=7.3min
16:37:27  INFO   [fold 1 seed 44 (3/3)] epoch  32  train_loss=0.0552  val_loss=0.1272  epoch_time=13.0s  elapsed=7.6min
16:37:40  INFO   [fold 1 seed 44 (3/3)] epoch  33  train_loss=0.0514  val_loss=0.1280  epoch_time=12.8s  elapsed=7.8min
16:37:53  INFO   [fold 1 seed 44 (3/3)] epoch  34  train_loss=0.0501  val_loss=0.1250  epoch_time=13.3s  elapsed=8.0min
16:38:06  INFO   [fold 1 seed 44 (3/3)] epoch  35  train_loss=0.0467  val_loss=0.1299  epoch_time=13.0s  elapsed=8.2min
16:38:20  INFO   [fold 1 seed 44 (3/3)] epoch  36  train_loss=0.0474  val_loss=0.1321  epoch_time=13.9s  elapsed=8.4min
16:38:34  INFO   [fold 1 seed 44 (3/3)] epoch  37  train_loss=0.0466  val_loss=0.1286  epoch_time=13.7s  elapsed=8.7min
16:38:47  INFO   [fold 1 seed 44 (3/3)] epoch  38  train_loss=0.0445  val_loss=0.1272  epoch_time=13.2s  elapsed=8.9min
16:39:00  INFO   [fold 1 seed 44 (3/3)] epoch  39  train_loss=0.0454  val_loss=0.1264  epoch_time=12.9s  elapsed=9.1min
16:39:13  INFO   [fold 1 seed 44 (3/3)] epoch  40  train_loss=0.0421  val_loss=0.1254  epoch_time=13.0s  elapsed=9.3min
16:39:26  INFO   [fold 1 seed 44 (3/3)] epoch  41  train_loss=0.0423  val_loss=0.1256  epoch_time=13.2s  elapsed=9.5min
16:39:39  INFO   [fold 1 seed 44 (3/3)] epoch  42  train_loss=0.0413  val_loss=0.1259  epoch_time=12.9s  elapsed=9.8min
16:39:52  INFO   [fold 1 seed 44 (3/3)] epoch  43  train_loss=0.0429  val_loss=0.1237  epoch_time=13.6s  elapsed=10.0min
16:40:05  INFO   [fold 1 seed 44 (3/3)] epoch  44  train_loss=0.0385  val_loss=0.1226  epoch_time=13.0s  elapsed=10.2min
16:40:18  INFO   [fold 1 seed 44 (3/3)] epoch  45  train_loss=0.0397  val_loss=0.1259  epoch_time=13.0s  elapsed=10.4min
16:40:31  INFO   [fold 1 seed 44 (3/3)] epoch  46  train_loss=0.0376  val_loss=0.1222  epoch_time=12.7s  elapsed=10.6min
16:40:45  INFO   [fold 1 seed 44 (3/3)] epoch  47  train_loss=0.0370  val_loss=0.1237  epoch_time=13.8s  elapsed=10.9min
16:40:58  INFO   [fold 1 seed 44 (3/3)] epoch  48  train_loss=0.0390  val_loss=0.1250  epoch_time=13.3s  elapsed=11.1min
16:41:11  INFO   [fold 1 seed 44 (3/3)] epoch  49  train_loss=0.0362  val_loss=0.1224  epoch_time=12.9s  elapsed=11.3min
16:41:24  INFO   [fold 1 seed 44 (3/3)] epoch  50  train_loss=0.0372  val_loss=0.1211  epoch_time=13.1s  elapsed=11.5min
16:41:37  INFO   [fold 1 seed 44 (3/3)] epoch  51  train_loss=0.0339  val_loss=0.1240  epoch_time=12.9s  elapsed=11.7min
16:41:50  INFO   [fold 1 seed 44 (3/3)] epoch  52  train_loss=0.0331  val_loss=0.1223  epoch_time=13.3s  elapsed=12.0min
16:42:04  INFO   [fold 1 seed 44 (3/3)] epoch  53  train_loss=0.0342  val_loss=0.1207  epoch_time=13.3s  elapsed=12.2min
16:42:17  INFO   [fold 1 seed 44 (3/3)] epoch  54  train_loss=0.0329  val_loss=0.1220  epoch_time=12.9s  elapsed=12.4min
16:42:30  INFO   [fold 1 seed 44 (3/3)] epoch  55  train_loss=0.0322  val_loss=0.1224  epoch_time=13.0s  elapsed=12.6min
16:42:43  INFO   [fold 1 seed 44 (3/3)] epoch  56  train_loss=0.0351  val_loss=0.1240  epoch_time=13.0s  elapsed=12.8min
16:42:58  INFO   [fold 1 seed 44 (3/3)] epoch  57  train_loss=0.0331  val_loss=0.1262  epoch_time=15.5s  elapsed=13.1min
16:43:14  INFO   [fold 1 seed 44 (3/3)] epoch  58  train_loss=0.0325  val_loss=0.1219  epoch_time=16.2s  elapsed=13.4min
16:43:30  INFO   [fold 1 seed 44 (3/3)] epoch  59  train_loss=0.0328  val_loss=0.1232  epoch_time=16.2s  elapsed=13.6min
16:43:32  INFO   [fold 1 seed 44 (3/3)] done. time=13.6min  final_epoch=60  approx_best_epoch=60
16:43:32  INFO   [fold 1 seed 44 (3/3)] per-target R²: eea=0.892  egb=0.940  egc=0.912  ei=0.730  eps=0.799  nc=0.878  tg=0.887
16:43:32  INFO   [fold 1] BAG per-target R² (avg of 3 seeds): eea=0.8962  egb=0.9362  egc=0.9297  ei=0.7537  eps=0.8234  nc=0.8948  tg=0.8958
16:43:32  INFO   [fold 1] total time: 39.7min (per-seed: ['12.8', '13.3', '13.6'])
16:43:32  INFO   [fold 1] wrote checkpoint checkpoint_fold_1.pkl.gz
16:43:32  INFO   ============================================================
16:43:32  INFO   FOLD 2  (3-seed bag)
16:43:32  INFO   n_train_canon=4736   n_val_canon=1184
16:43:32  INFO   [fold 2 seed 42 (1/3)] starting...
16:43:50  INFO   [fold 2 seed 42 (1/3)] epoch   0  train_loss=0.3523  val_loss=0.2783  epoch_time=16.2s  elapsed=0.3min
16:44:06  INFO   [fold 2 seed 42 (1/3)] epoch   1  train_loss=0.2550  val_loss=0.4372  epoch_time=16.0s  elapsed=0.5min
16:44:23  INFO   [fold 2 seed 42 (1/3)] epoch   2  train_loss=0.2163  val_loss=0.6252  epoch_time=16.5s  elapsed=0.8min
16:44:38  INFO   [fold 2 seed 42 (1/3)] epoch   3  train_loss=0.2146  val_loss=0.3352  epoch_time=15.5s  elapsed=1.1min
16:44:55  INFO   [fold 2 seed 42 (1/3)] epoch   4  train_loss=0.1847  val_loss=0.2340  epoch_time=16.5s  elapsed=1.3min
16:45:11  INFO   [fold 2 seed 42 (1/3)] epoch   5  train_loss=0.1760  val_loss=0.2235  epoch_time=16.7s  elapsed=1.6min
16:45:27  INFO   [fold 2 seed 42 (1/3)] epoch   6  train_loss=0.1670  val_loss=0.1878  epoch_time=15.9s  elapsed=1.9min
16:45:43  INFO   [fold 2 seed 42 (1/3)] epoch   7  train_loss=0.1513  val_loss=0.1550  epoch_time=15.7s  elapsed=2.1min
16:45:59  INFO   [fold 2 seed 42 (1/3)] epoch   8  train_loss=0.1475  val_loss=0.1785  epoch_time=16.0s  elapsed=2.4min
16:46:15  INFO   [fold 2 seed 42 (1/3)] epoch   9  train_loss=0.1313  val_loss=0.1433  epoch_time=16.2s  elapsed=2.7min
16:46:31  INFO   [fold 2 seed 42 (1/3)] epoch  10  train_loss=0.1277  val_loss=0.1764  epoch_time=15.9s  elapsed=2.9min
16:46:47  INFO   [fold 2 seed 42 (1/3)] epoch  11  train_loss=0.1232  val_loss=0.1469  epoch_time=15.7s  elapsed=3.2min
16:47:03  INFO   [fold 2 seed 42 (1/3)] epoch  12  train_loss=0.1197  val_loss=0.1461  epoch_time=16.2s  elapsed=3.5min
16:47:18  INFO   [fold 2 seed 42 (1/3)] epoch  13  train_loss=0.1108  val_loss=0.1474  epoch_time=15.7s  elapsed=3.7min
16:47:35  INFO   [fold 2 seed 42 (1/3)] epoch  14  train_loss=0.1028  val_loss=0.1388  epoch_time=16.8s  elapsed=4.0min
16:47:51  INFO   [fold 2 seed 42 (1/3)] epoch  15  train_loss=0.1023  val_loss=0.1441  epoch_time=15.6s  elapsed=4.3min
16:48:07  INFO   [fold 2 seed 42 (1/3)] epoch  16  train_loss=0.0942  val_loss=0.1394  epoch_time=16.2s  elapsed=4.6min
16:48:23  INFO   [fold 2 seed 42 (1/3)] epoch  17  train_loss=0.0930  val_loss=0.1240  epoch_time=16.2s  elapsed=4.8min
16:48:39  INFO   [fold 2 seed 42 (1/3)] epoch  18  train_loss=0.0884  val_loss=0.1720  epoch_time=15.6s  elapsed=5.1min
16:48:55  INFO   [fold 2 seed 42 (1/3)] epoch  19  train_loss=0.0878  val_loss=0.1266  epoch_time=15.7s  elapsed=5.3min
16:49:11  INFO   [fold 2 seed 42 (1/3)] epoch  20  train_loss=0.0823  val_loss=0.1348  epoch_time=16.0s  elapsed=5.6min
16:49:26  INFO   [fold 2 seed 42 (1/3)] epoch  21  train_loss=0.0786  val_loss=0.1246  epoch_time=15.7s  elapsed=5.9min
16:49:42  INFO   [fold 2 seed 42 (1/3)] epoch  22  train_loss=0.0811  val_loss=0.1473  epoch_time=16.0s  elapsed=6.1min
16:49:59  INFO   [fold 2 seed 42 (1/3)] epoch  23  train_loss=0.0724  val_loss=0.1352  epoch_time=16.2s  elapsed=6.4min
16:50:14  INFO   [fold 2 seed 42 (1/3)] epoch  24  train_loss=0.0699  val_loss=0.1210  epoch_time=15.8s  elapsed=6.7min
16:50:30  INFO   [fold 2 seed 42 (1/3)] epoch  25  train_loss=0.0698  val_loss=0.1542  epoch_time=15.9s  elapsed=6.9min
16:50:46  INFO   [fold 2 seed 42 (1/3)] epoch  26  train_loss=0.0691  val_loss=0.1324  epoch_time=15.4s  elapsed=7.2min
16:51:01  INFO   [fold 2 seed 42 (1/3)] epoch  27  train_loss=0.0677  val_loss=0.1299  epoch_time=15.9s  elapsed=7.5min
16:51:17  INFO   [fold 2 seed 42 (1/3)] epoch  28  train_loss=0.0595  val_loss=0.1222  epoch_time=15.8s  elapsed=7.7min
16:51:33  INFO   [fold 2 seed 42 (1/3)] epoch  29  train_loss=0.0627  val_loss=0.1289  epoch_time=15.7s  elapsed=8.0min
16:51:49  INFO   [fold 2 seed 42 (1/3)] epoch  30  train_loss=0.0594  val_loss=0.1364  epoch_time=16.2s  elapsed=8.3min
16:52:06  INFO   [fold 2 seed 42 (1/3)] epoch  31  train_loss=0.0587  val_loss=0.1294  epoch_time=16.4s  elapsed=8.5min
16:52:21  INFO   [fold 2 seed 42 (1/3)] epoch  32  train_loss=0.0555  val_loss=0.1387  epoch_time=15.6s  elapsed=8.8min
16:52:37  INFO   [fold 2 seed 42 (1/3)] epoch  33  train_loss=0.0520  val_loss=0.1177  epoch_time=15.9s  elapsed=9.1min
16:52:53  INFO   [fold 2 seed 42 (1/3)] epoch  34  train_loss=0.0534  val_loss=0.1258  epoch_time=15.7s  elapsed=9.3min
16:53:09  INFO   [fold 2 seed 42 (1/3)] epoch  35  train_loss=0.0502  val_loss=0.1235  epoch_time=16.1s  elapsed=9.6min
16:53:25  INFO   [fold 2 seed 42 (1/3)] epoch  36  train_loss=0.0492  val_loss=0.1354  epoch_time=16.0s  elapsed=9.9min
16:53:41  INFO   [fold 2 seed 42 (1/3)] epoch  37  train_loss=0.0490  val_loss=0.1217  epoch_time=15.9s  elapsed=10.1min
16:53:57  INFO   [fold 2 seed 42 (1/3)] epoch  38  train_loss=0.0503  val_loss=0.1325  epoch_time=16.2s  elapsed=10.4min
16:54:13  INFO   [fold 2 seed 42 (1/3)] epoch  39  train_loss=0.0474  val_loss=0.1309  epoch_time=16.0s  elapsed=10.7min
16:54:29  INFO   [fold 2 seed 42 (1/3)] epoch  40  train_loss=0.0449  val_loss=0.1154  epoch_time=15.7s  elapsed=10.9min
16:54:45  INFO   [fold 2 seed 42 (1/3)] epoch  41  train_loss=0.0423  val_loss=0.1125  epoch_time=16.3s  elapsed=11.2min
16:55:01  INFO   [fold 2 seed 42 (1/3)] epoch  42  train_loss=0.0419  val_loss=0.1217  epoch_time=15.8s  elapsed=11.5min
16:55:16  INFO   [fold 2 seed 42 (1/3)] epoch  43  train_loss=0.0439  val_loss=0.1193  epoch_time=15.6s  elapsed=11.7min
16:55:33  INFO   [fold 2 seed 42 (1/3)] epoch  44  train_loss=0.0376  val_loss=0.1142  epoch_time=16.3s  elapsed=12.0min
16:55:49  INFO   [fold 2 seed 42 (1/3)] epoch  45  train_loss=0.0403  val_loss=0.1159  epoch_time=15.7s  elapsed=12.2min
16:56:05  INFO   [fold 2 seed 42 (1/3)] epoch  46  train_loss=0.0393  val_loss=0.1188  epoch_time=16.2s  elapsed=12.5min
16:56:21  INFO   [fold 2 seed 42 (1/3)] epoch  47  train_loss=0.0384  val_loss=0.1177  epoch_time=15.9s  elapsed=12.8min
16:56:37  INFO   [fold 2 seed 42 (1/3)] epoch  48  train_loss=0.0398  val_loss=0.1222  epoch_time=16.3s  elapsed=13.1min
16:56:53  INFO   [fold 2 seed 42 (1/3)] epoch  49  train_loss=0.0364  val_loss=0.1116  epoch_time=16.4s  elapsed=13.3min
16:57:09  INFO   [fold 2 seed 42 (1/3)] epoch  50  train_loss=0.0368  val_loss=0.1130  epoch_time=15.9s  elapsed=13.6min
16:57:25  INFO   [fold 2 seed 42 (1/3)] epoch  51  train_loss=0.0377  val_loss=0.1125  epoch_time=15.9s  elapsed=13.9min
16:57:41  INFO   [fold 2 seed 42 (1/3)] epoch  52  train_loss=0.0351  val_loss=0.1143  epoch_time=15.9s  elapsed=14.1min
16:57:57  INFO   [fold 2 seed 42 (1/3)] epoch  53  train_loss=0.0336  val_loss=0.1156  epoch_time=15.9s  elapsed=14.4min
16:58:13  INFO   [fold 2 seed 42 (1/3)] epoch  54  train_loss=0.0345  val_loss=0.1151  epoch_time=16.4s  elapsed=14.7min
16:58:29  INFO   [fold 2 seed 42 (1/3)] epoch  55  train_loss=0.0349  val_loss=0.1185  epoch_time=16.1s  elapsed=14.9min
16:58:45  INFO   [fold 2 seed 42 (1/3)] epoch  56  train_loss=0.0330  val_loss=0.1138  epoch_time=16.1s  elapsed=15.2min
16:59:02  INFO   [fold 2 seed 42 (1/3)] epoch  57  train_loss=0.0326  val_loss=0.1168  epoch_time=16.0s  elapsed=15.5min
16:59:18  INFO   [fold 2 seed 42 (1/3)] epoch  58  train_loss=0.0326  val_loss=0.1161  epoch_time=16.0s  elapsed=15.7min
16:59:43  INFO   [fold 2 seed 42 (1/3)] epoch  59  train_loss=0.0313  val_loss=0.1122  epoch_time=25.5s  elapsed=16.2min
16:59:44  INFO   [fold 2 seed 42 (1/3)] done. time=16.2min  final_epoch=60  approx_best_epoch=50
16:59:44  INFO   [fold 2 seed 42 (1/3)] per-target R²: eea=0.900  egb=0.919  egc=0.873  ei=0.773  eps=0.780  nc=0.855  tg=0.904
16:59:44  INFO   [fold 2 seed 43 (2/3)] starting...
17:00:00  INFO   [fold 2 seed 43 (2/3)] epoch   0  train_loss=0.3581  val_loss=0.2660  epoch_time=13.9s  elapsed=0.2min
17:00:13  INFO   [fold 2 seed 43 (2/3)] epoch   1  train_loss=0.2499  val_loss=0.2427  epoch_time=13.5s  elapsed=0.5min
17:00:26  INFO   [fold 2 seed 43 (2/3)] epoch   2  train_loss=0.2149  val_loss=0.1964  epoch_time=13.1s  elapsed=0.7min
17:00:39  INFO   [fold 2 seed 43 (2/3)] epoch   3  train_loss=0.2074  val_loss=0.2917  epoch_time=13.0s  elapsed=0.9min
17:00:53  INFO   [fold 2 seed 43 (2/3)] epoch   4  train_loss=0.1782  val_loss=0.1742  epoch_time=13.5s  elapsed=1.1min
17:01:06  INFO   [fold 2 seed 43 (2/3)] epoch   5  train_loss=0.1631  val_loss=0.1878  epoch_time=13.1s  elapsed=1.3min
17:01:19  INFO   [fold 2 seed 43 (2/3)] epoch   6  train_loss=0.1511  val_loss=0.1793  epoch_time=13.2s  elapsed=1.6min
17:01:32  INFO   [fold 2 seed 43 (2/3)] epoch   7  train_loss=0.1450  val_loss=0.1719  epoch_time=13.3s  elapsed=1.8min
17:01:46  INFO   [fold 2 seed 43 (2/3)] epoch   8  train_loss=0.1336  val_loss=0.1586  epoch_time=13.1s  elapsed=2.0min
17:01:59  INFO   [fold 2 seed 43 (2/3)] epoch   9  train_loss=0.1233  val_loss=0.1463  epoch_time=13.7s  elapsed=2.2min
17:02:13  INFO   [fold 2 seed 43 (2/3)] epoch  10  train_loss=0.1218  val_loss=0.1520  epoch_time=13.2s  elapsed=2.4min
17:02:26  INFO   [fold 2 seed 43 (2/3)] epoch  11  train_loss=0.1180  val_loss=0.1358  epoch_time=13.0s  elapsed=2.7min
17:02:39  INFO   [fold 2 seed 43 (2/3)] epoch  12  train_loss=0.1124  val_loss=0.1272  epoch_time=13.1s  elapsed=2.9min
17:02:54  INFO   [fold 2 seed 43 (2/3)] epoch  13  train_loss=0.1064  val_loss=0.1297  epoch_time=14.9s  elapsed=3.1min
17:03:07  INFO   [fold 2 seed 43 (2/3)] epoch  14  train_loss=0.0965  val_loss=0.1516  epoch_time=13.9s  elapsed=3.4min
17:03:21  INFO   [fold 2 seed 43 (2/3)] epoch  15  train_loss=0.0956  val_loss=0.1297  epoch_time=13.2s  elapsed=3.6min
17:03:34  INFO   [fold 2 seed 43 (2/3)] epoch  16  train_loss=0.0972  val_loss=0.1276  epoch_time=13.2s  elapsed=3.8min
17:03:47  INFO   [fold 2 seed 43 (2/3)] epoch  17  train_loss=0.0956  val_loss=0.1394  epoch_time=13.6s  elapsed=4.0min
17:04:01  INFO   [fold 2 seed 43 (2/3)] epoch  18  train_loss=0.0822  val_loss=0.1281  epoch_time=13.9s  elapsed=4.3min
17:04:15  INFO   [fold 2 seed 43 (2/3)] epoch  19  train_loss=0.0774  val_loss=0.1284  epoch_time=13.8s  elapsed=4.5min
17:04:28  INFO   [fold 2 seed 43 (2/3)] epoch  20  train_loss=0.0811  val_loss=0.1328  epoch_time=13.2s  elapsed=4.7min
17:04:41  INFO   [fold 2 seed 43 (2/3)] epoch  21  train_loss=0.0734  val_loss=0.1257  epoch_time=13.0s  elapsed=4.9min
17:04:55  INFO   [fold 2 seed 43 (2/3)] epoch  22  train_loss=0.0712  val_loss=0.1281  epoch_time=13.4s  elapsed=5.1min
17:05:08  INFO   [fold 2 seed 43 (2/3)] epoch  23  train_loss=0.0688  val_loss=0.1196  epoch_time=13.0s  elapsed=5.4min
17:05:21  INFO   [fold 2 seed 43 (2/3)] epoch  24  train_loss=0.0661  val_loss=0.1420  epoch_time=13.7s  elapsed=5.6min
17:05:35  INFO   [fold 2 seed 43 (2/3)] epoch  25  train_loss=0.0631  val_loss=0.1343  epoch_time=13.5s  elapsed=5.8min
17:05:48  INFO   [fold 2 seed 43 (2/3)] epoch  26  train_loss=0.0603  val_loss=0.1187  epoch_time=13.3s  elapsed=6.0min
17:06:01  INFO   [fold 2 seed 43 (2/3)] epoch  27  train_loss=0.0565  val_loss=0.1154  epoch_time=13.2s  elapsed=6.3min
17:06:15  INFO   [fold 2 seed 43 (2/3)] epoch  28  train_loss=0.0624  val_loss=0.1222  epoch_time=13.4s  elapsed=6.5min
17:06:28  INFO   [fold 2 seed 43 (2/3)] epoch  29  train_loss=0.0561  val_loss=0.1193  epoch_time=13.1s  elapsed=6.7min
17:06:41  INFO   [fold 2 seed 43 (2/3)] epoch  30  train_loss=0.0499  val_loss=0.1243  epoch_time=13.2s  elapsed=6.9min
17:06:55  INFO   [fold 2 seed 43 (2/3)] epoch  31  train_loss=0.0556  val_loss=0.1235  epoch_time=13.5s  elapsed=7.1min
17:07:09  INFO   [fold 2 seed 43 (2/3)] epoch  32  train_loss=0.0504  val_loss=0.1209  epoch_time=14.1s  elapsed=7.4min
17:07:22  INFO   [fold 2 seed 43 (2/3)] epoch  33  train_loss=0.0472  val_loss=0.1193  epoch_time=13.6s  elapsed=7.6min
17:07:35  INFO   [fold 2 seed 43 (2/3)] epoch  34  train_loss=0.0471  val_loss=0.1169  epoch_time=13.0s  elapsed=7.8min
17:07:48  INFO   [fold 2 seed 43 (2/3)] epoch  35  train_loss=0.0470  val_loss=0.1169  epoch_time=13.1s  elapsed=8.0min
17:08:02  INFO   [fold 2 seed 43 (2/3)] epoch  36  train_loss=0.0458  val_loss=0.1148  epoch_time=13.5s  elapsed=8.3min
17:08:16  INFO   [fold 2 seed 43 (2/3)] epoch  37  train_loss=0.0436  val_loss=0.1143  epoch_time=13.7s  elapsed=8.5min
17:08:29  INFO   [fold 2 seed 43 (2/3)] epoch  38  train_loss=0.0429  val_loss=0.1091  epoch_time=13.0s  elapsed=8.7min
17:08:42  INFO   [fold 2 seed 43 (2/3)] epoch  39  train_loss=0.0405  val_loss=0.1157  epoch_time=13.1s  elapsed=8.9min
17:08:55  INFO   [fold 2 seed 43 (2/3)] epoch  40  train_loss=0.0421  val_loss=0.1123  epoch_time=13.3s  elapsed=9.2min
17:09:08  INFO   [fold 2 seed 43 (2/3)] epoch  41  train_loss=0.0395  val_loss=0.1134  epoch_time=13.0s  elapsed=9.4min
17:09:21  INFO   [fold 2 seed 43 (2/3)] epoch  42  train_loss=0.0386  val_loss=0.1126  epoch_time=13.2s  elapsed=9.6min
17:09:34  INFO   [fold 2 seed 43 (2/3)] epoch  43  train_loss=0.0388  val_loss=0.1190  epoch_time=13.2s  elapsed=9.8min
17:09:47  INFO   [fold 2 seed 43 (2/3)] epoch  44  train_loss=0.0375  val_loss=0.1125  epoch_time=13.2s  elapsed=10.0min
17:10:01  INFO   [fold 2 seed 43 (2/3)] epoch  45  train_loss=0.0387  val_loss=0.1122  epoch_time=13.6s  elapsed=10.3min
17:10:14  INFO   [fold 2 seed 43 (2/3)] epoch  46  train_loss=0.0384  val_loss=0.1175  epoch_time=13.1s  elapsed=10.5min
17:10:28  INFO   [fold 2 seed 43 (2/3)] epoch  47  train_loss=0.0362  val_loss=0.1106  epoch_time=14.0s  elapsed=10.7min
17:10:42  INFO   [fold 2 seed 43 (2/3)] epoch  48  train_loss=0.0359  val_loss=0.1095  epoch_time=14.0s  elapsed=10.9min
17:10:44  INFO   [fold 2 seed 43 (2/3)] done. time=10.9min  final_epoch=49  approx_best_epoch=39
17:10:44  INFO   [fold 2 seed 43 (2/3)] per-target R²: eea=0.905  egb=0.922  egc=0.882  ei=0.752  eps=0.818  nc=0.869  tg=0.902
17:10:44  INFO   [fold 2 seed 44 (3/3)] starting...
17:10:59  INFO   [fold 2 seed 44 (3/3)] epoch   0  train_loss=0.3480  val_loss=0.3096  epoch_time=13.8s  elapsed=0.2min
17:11:13  INFO   [fold 2 seed 44 (3/3)] epoch   1  train_loss=0.2589  val_loss=0.2264  epoch_time=13.9s  elapsed=0.5min
17:11:27  INFO   [fold 2 seed 44 (3/3)] epoch   2  train_loss=0.2224  val_loss=0.2534  epoch_time=14.0s  elapsed=0.7min
17:11:41  INFO   [fold 2 seed 44 (3/3)] epoch   3  train_loss=0.1966  val_loss=0.1939  epoch_time=13.9s  elapsed=0.9min
17:11:55  INFO   [fold 2 seed 44 (3/3)] epoch   4  train_loss=0.1784  val_loss=0.5354  epoch_time=14.3s  elapsed=1.2min
17:12:09  INFO   [fold 2 seed 44 (3/3)] epoch   5  train_loss=0.1697  val_loss=0.2065  epoch_time=14.2s  elapsed=1.4min
17:12:23  INFO   [fold 2 seed 44 (3/3)] epoch   6  train_loss=0.1627  val_loss=0.2031  epoch_time=14.0s  elapsed=1.6min
17:12:38  INFO   [fold 2 seed 44 (3/3)] epoch   7  train_loss=0.1506  val_loss=0.1922  epoch_time=14.3s  elapsed=1.9min
17:12:51  INFO   [fold 2 seed 44 (3/3)] epoch   8  train_loss=0.1443  val_loss=0.1506  epoch_time=13.4s  elapsed=2.1min
17:13:05  INFO   [fold 2 seed 44 (3/3)] epoch   9  train_loss=0.1284  val_loss=0.1559  epoch_time=13.7s  elapsed=2.3min
17:13:19  INFO   [fold 2 seed 44 (3/3)] epoch  10  train_loss=0.1208  val_loss=0.1359  epoch_time=14.2s  elapsed=2.6min
17:13:33  INFO   [fold 2 seed 44 (3/3)] epoch  11  train_loss=0.1229  val_loss=0.1483  epoch_time=14.1s  elapsed=2.8min
17:13:47  INFO   [fold 2 seed 44 (3/3)] epoch  12  train_loss=0.1212  val_loss=0.1452  epoch_time=14.3s  elapsed=3.0min
17:14:01  INFO   [fold 2 seed 44 (3/3)] epoch  13  train_loss=0.1129  val_loss=0.1643  epoch_time=14.2s  elapsed=3.3min
17:14:15  INFO   [fold 2 seed 44 (3/3)] epoch  14  train_loss=0.1092  val_loss=0.1354  epoch_time=14.0s  elapsed=3.5min
17:14:29  INFO   [fold 2 seed 44 (3/3)] epoch  15  train_loss=0.1046  val_loss=0.1431  epoch_time=13.3s  elapsed=3.7min
17:14:42  INFO   [fold 2 seed 44 (3/3)] epoch  16  train_loss=0.0950  val_loss=0.1679  epoch_time=13.2s  elapsed=3.9min
17:14:55  INFO   [fold 2 seed 44 (3/3)] epoch  17  train_loss=0.0977  val_loss=0.1419  epoch_time=13.3s  elapsed=4.2min
17:15:08  INFO   [fold 2 seed 44 (3/3)] epoch  18  train_loss=0.0933  val_loss=0.1312  epoch_time=13.1s  elapsed=4.4min
17:15:22  INFO   [fold 2 seed 44 (3/3)] epoch  19  train_loss=0.0858  val_loss=0.1756  epoch_time=13.4s  elapsed=4.6min
17:15:35  INFO   [fold 2 seed 44 (3/3)] epoch  20  train_loss=0.0824  val_loss=0.1409  epoch_time=13.3s  elapsed=4.8min
17:15:48  INFO   [fold 2 seed 44 (3/3)] epoch  21  train_loss=0.0780  val_loss=0.1378  epoch_time=13.0s  elapsed=5.0min
17:16:01  INFO   [fold 2 seed 44 (3/3)] epoch  22  train_loss=0.0787  val_loss=0.1420  epoch_time=13.3s  elapsed=5.3min
17:16:14  INFO   [fold 2 seed 44 (3/3)] epoch  23  train_loss=0.0705  val_loss=0.1488  epoch_time=13.0s  elapsed=5.5min
17:16:28  INFO   [fold 2 seed 44 (3/3)] epoch  24  train_loss=0.0742  val_loss=0.1403  epoch_time=14.1s  elapsed=5.7min
17:16:42  INFO   [fold 2 seed 44 (3/3)] epoch  25  train_loss=0.0678  val_loss=0.1130  epoch_time=13.1s  elapsed=5.9min
17:16:55  INFO   [fold 2 seed 44 (3/3)] epoch  26  train_loss=0.0646  val_loss=0.1196  epoch_time=13.6s  elapsed=6.2min
17:17:08  INFO   [fold 2 seed 44 (3/3)] epoch  27  train_loss=0.0643  val_loss=0.1190  epoch_time=13.2s  elapsed=6.4min
17:17:21  INFO   [fold 2 seed 44 (3/3)] epoch  28  train_loss=0.0617  val_loss=0.1152  epoch_time=13.0s  elapsed=6.6min
17:17:35  INFO   [fold 2 seed 44 (3/3)] epoch  29  train_loss=0.0575  val_loss=0.1187  epoch_time=13.2s  elapsed=6.8min
17:17:48  INFO   [fold 2 seed 44 (3/3)] epoch  30  train_loss=0.0570  val_loss=0.1492  epoch_time=13.0s  elapsed=7.0min
17:18:01  INFO   [fold 2 seed 44 (3/3)] epoch  31  train_loss=0.0536  val_loss=0.1201  epoch_time=13.5s  elapsed=7.3min
17:18:14  INFO   [fold 2 seed 44 (3/3)] epoch  32  train_loss=0.0504  val_loss=0.1225  epoch_time=13.1s  elapsed=7.5min
17:18:27  INFO   [fold 2 seed 44 (3/3)] epoch  33  train_loss=0.0522  val_loss=0.1203  epoch_time=13.3s  elapsed=7.7min
17:18:41  INFO   [fold 2 seed 44 (3/3)] epoch  34  train_loss=0.0501  val_loss=0.1231  epoch_time=13.7s  elapsed=7.9min
17:18:55  INFO   [fold 2 seed 44 (3/3)] epoch  35  train_loss=0.0480  val_loss=0.1239  epoch_time=14.2s  elapsed=8.2min
17:18:57  INFO   [fold 2 seed 44 (3/3)] done. time=8.2min  final_epoch=36  approx_best_epoch=26
17:18:57  INFO   [fold 2 seed 44 (3/3)] per-target R²: eea=0.901  egb=0.915  egc=0.874  ei=0.803  eps=0.788  nc=0.854  tg=0.882
17:18:57  INFO   [fold 2] BAG per-target R² (avg of 3 seeds): eea=0.9125  egb=0.9281  egc=0.8851  ei=0.7926  eps=0.8113  nc=0.8682  tg=0.9060
17:18:57  INFO   [fold 2] total time: 35.3min (per-seed: ['16.2', '10.9', '8.2'])
17:18:57  INFO   [fold 2] wrote checkpoint checkpoint_fold_2.pkl.gz
17:18:57  INFO   ============================================================
17:18:57  INFO   FOLD 3  (3-seed bag)
17:18:57  INFO   n_train_canon=4736   n_val_canon=1184
17:18:57  INFO   [fold 3 seed 42 (1/3)] starting...
17:19:12  INFO   [fold 3 seed 42 (1/3)] epoch   0  train_loss=0.3530  val_loss=0.2505  epoch_time=13.8s  elapsed=0.2min
17:19:26  INFO   [fold 3 seed 42 (1/3)] epoch   1  train_loss=0.2612  val_loss=0.2273  epoch_time=13.9s  elapsed=0.5min
17:19:40  INFO   [fold 3 seed 42 (1/3)] epoch   2  train_loss=0.2214  val_loss=0.2638  epoch_time=13.8s  elapsed=0.7min
17:19:53  INFO   [fold 3 seed 42 (1/3)] epoch   3  train_loss=0.2047  val_loss=0.2600  epoch_time=13.5s  elapsed=0.9min
17:20:07  INFO   [fold 3 seed 42 (1/3)] epoch   4  train_loss=0.1877  val_loss=0.1679  epoch_time=13.5s  elapsed=1.1min
17:20:20  INFO   [fold 3 seed 42 (1/3)] epoch   5  train_loss=0.1707  val_loss=0.2190  epoch_time=13.0s  elapsed=1.4min
17:20:33  INFO   [fold 3 seed 42 (1/3)] epoch   6  train_loss=0.1557  val_loss=0.1567  epoch_time=13.3s  elapsed=1.6min
17:20:46  INFO   [fold 3 seed 42 (1/3)] epoch   7  train_loss=0.1532  val_loss=0.1754  epoch_time=13.2s  elapsed=1.8min
17:21:00  INFO   [fold 3 seed 42 (1/3)] epoch   8  train_loss=0.1462  val_loss=0.1567  epoch_time=13.1s  elapsed=2.0min
17:21:13  INFO   [fold 3 seed 42 (1/3)] epoch   9  train_loss=0.1331  val_loss=0.1809  epoch_time=13.0s  elapsed=2.2min
17:21:26  INFO   [fold 3 seed 42 (1/3)] epoch  10  train_loss=0.1259  val_loss=0.1260  epoch_time=13.6s  elapsed=2.5min
17:21:40  INFO   [fold 3 seed 42 (1/3)] epoch  11  train_loss=0.1125  val_loss=0.1402  epoch_time=13.6s  elapsed=2.7min
17:21:54  INFO   [fold 3 seed 42 (1/3)] epoch  12  train_loss=0.1067  val_loss=0.1473  epoch_time=14.4s  elapsed=2.9min
17:22:09  INFO   [fold 3 seed 42 (1/3)] epoch  13  train_loss=0.1072  val_loss=0.1190  epoch_time=14.5s  elapsed=3.2min
17:22:22  INFO   [fold 3 seed 42 (1/3)] epoch  14  train_loss=0.1048  val_loss=0.1367  epoch_time=13.5s  elapsed=3.4min
17:22:35  INFO   [fold 3 seed 42 (1/3)] epoch  15  train_loss=0.0993  val_loss=0.1207  epoch_time=13.2s  elapsed=3.6min
17:22:49  INFO   [fold 3 seed 42 (1/3)] epoch  16  train_loss=0.0922  val_loss=0.1216  epoch_time=13.3s  elapsed=3.8min
17:23:02  INFO   [fold 3 seed 42 (1/3)] epoch  17  train_loss=0.0905  val_loss=0.1293  epoch_time=13.0s  elapsed=4.1min
17:23:15  INFO   [fold 3 seed 42 (1/3)] epoch  18  train_loss=0.0838  val_loss=0.1291  epoch_time=13.0s  elapsed=4.3min
17:23:28  INFO   [fold 3 seed 42 (1/3)] epoch  19  train_loss=0.0816  val_loss=0.1191  epoch_time=12.9s  elapsed=4.5min
17:23:41  INFO   [fold 3 seed 42 (1/3)] epoch  20  train_loss=0.0786  val_loss=0.1143  epoch_time=13.2s  elapsed=4.7min
17:23:54  INFO   [fold 3 seed 42 (1/3)] epoch  21  train_loss=0.0769  val_loss=0.1067  epoch_time=13.6s  elapsed=4.9min
17:24:08  INFO   [fold 3 seed 42 (1/3)] epoch  22  train_loss=0.0728  val_loss=0.1172  epoch_time=13.6s  elapsed=5.2min
17:24:22  INFO   [fold 3 seed 42 (1/3)] epoch  23  train_loss=0.0720  val_loss=0.1103  epoch_time=14.2s  elapsed=5.4min
17:24:36  INFO   [fold 3 seed 42 (1/3)] epoch  24  train_loss=0.0687  val_loss=0.1048  epoch_time=14.1s  elapsed=5.6min
17:24:50  INFO   [fold 3 seed 42 (1/3)] epoch  25  train_loss=0.0661  val_loss=0.1254  epoch_time=13.4s  elapsed=5.9min
17:25:03  INFO   [fold 3 seed 42 (1/3)] epoch  26  train_loss=0.0604  val_loss=0.1053  epoch_time=13.2s  elapsed=6.1min
17:25:16  INFO   [fold 3 seed 42 (1/3)] epoch  27  train_loss=0.0619  val_loss=0.1031  epoch_time=12.9s  elapsed=6.3min
17:25:29  INFO   [fold 3 seed 42 (1/3)] epoch  28  train_loss=0.0611  val_loss=0.1037  epoch_time=12.9s  elapsed=6.5min
17:25:42  INFO   [fold 3 seed 42 (1/3)] epoch  29  train_loss=0.0595  val_loss=0.1031  epoch_time=13.3s  elapsed=6.7min
17:25:55  INFO   [fold 3 seed 42 (1/3)] epoch  30  train_loss=0.0569  val_loss=0.1008  epoch_time=13.2s  elapsed=7.0min
17:26:09  INFO   [fold 3 seed 42 (1/3)] epoch  31  train_loss=0.0580  val_loss=0.0994  epoch_time=13.3s  elapsed=7.2min
17:26:22  INFO   [fold 3 seed 42 (1/3)] epoch  32  train_loss=0.0547  val_loss=0.1005  epoch_time=12.9s  elapsed=7.4min
17:26:35  INFO   [fold 3 seed 42 (1/3)] epoch  33  train_loss=0.0548  val_loss=0.0980  epoch_time=13.7s  elapsed=7.6min
17:26:50  INFO   [fold 3 seed 42 (1/3)] epoch  34  train_loss=0.0494  val_loss=0.1019  epoch_time=14.6s  elapsed=7.9min
17:27:04  INFO   [fold 3 seed 42 (1/3)] epoch  35  train_loss=0.0478  val_loss=0.0955  epoch_time=14.1s  elapsed=8.1min
17:27:17  INFO   [fold 3 seed 42 (1/3)] epoch  36  train_loss=0.0470  val_loss=0.0988  epoch_time=13.0s  elapsed=8.3min
17:27:30  INFO   [fold 3 seed 42 (1/3)] epoch  37  train_loss=0.0448  val_loss=0.1012  epoch_time=13.1s  elapsed=8.5min
17:27:43  INFO   [fold 3 seed 42 (1/3)] epoch  38  train_loss=0.0441  val_loss=0.0997  epoch_time=13.3s  elapsed=8.8min
17:27:57  INFO   [fold 3 seed 42 (1/3)] epoch  39  train_loss=0.0454  val_loss=0.1021  epoch_time=13.3s  elapsed=9.0min
17:28:10  INFO   [fold 3 seed 42 (1/3)] epoch  40  train_loss=0.0444  val_loss=0.1014  epoch_time=13.3s  elapsed=9.2min
17:28:23  INFO   [fold 3 seed 42 (1/3)] epoch  41  train_loss=0.0444  val_loss=0.0979  epoch_time=13.2s  elapsed=9.4min
17:28:36  INFO   [fold 3 seed 42 (1/3)] epoch  42  train_loss=0.0433  val_loss=0.0982  epoch_time=13.3s  elapsed=9.6min
17:28:50  INFO   [fold 3 seed 42 (1/3)] epoch  43  train_loss=0.0406  val_loss=0.0992  epoch_time=13.5s  elapsed=9.9min
17:29:04  INFO   [fold 3 seed 42 (1/3)] epoch  44  train_loss=0.0374  val_loss=0.0958  epoch_time=13.6s  elapsed=10.1min
17:29:18  INFO   [fold 3 seed 42 (1/3)] epoch  45  train_loss=0.0404  val_loss=0.1015  epoch_time=14.5s  elapsed=10.3min
17:29:20  INFO   [fold 3 seed 42 (1/3)] done. time=10.3min  final_epoch=46  approx_best_epoch=36
17:29:20  INFO   [fold 3 seed 42 (1/3)] per-target R²: eea=0.884  egb=0.924  egc=0.900  ei=0.811  eps=0.775  nc=0.842  tg=0.895
17:29:20  INFO   [fold 3 seed 43 (2/3)] starting...
17:29:35  INFO   [fold 3 seed 43 (2/3)] epoch   0  train_loss=0.3704  val_loss=0.2656  epoch_time=13.3s  elapsed=0.2min
17:29:51  INFO   [fold 3 seed 43 (2/3)] epoch   1  train_loss=0.2598  val_loss=0.2054  epoch_time=16.2s  elapsed=0.5min
17:30:06  INFO   [fold 3 seed 43 (2/3)] epoch   2  train_loss=0.2231  val_loss=0.2244  epoch_time=15.1s  elapsed=0.7min
17:30:20  INFO   [fold 3 seed 43 (2/3)] epoch   3  train_loss=0.2035  val_loss=0.1732  epoch_time=13.5s  elapsed=1.0min
17:30:33  INFO   [fold 3 seed 43 (2/3)] epoch   4  train_loss=0.1758  val_loss=0.2048  epoch_time=13.8s  elapsed=1.2min
17:30:47  INFO   [fold 3 seed 43 (2/3)] epoch   5  train_loss=0.1732  val_loss=0.2222  epoch_time=13.3s  elapsed=1.4min
17:31:00  INFO   [fold 3 seed 43 (2/3)] epoch   6  train_loss=0.1513  val_loss=0.1515  epoch_time=13.6s  elapsed=1.6min
17:31:13  INFO   [fold 3 seed 43 (2/3)] epoch   7  train_loss=0.1483  val_loss=0.2540  epoch_time=13.2s  elapsed=1.9min
17:31:27  INFO   [fold 3 seed 43 (2/3)] epoch   8  train_loss=0.1417  val_loss=0.1604  epoch_time=13.1s  elapsed=2.1min
17:31:41  INFO   [fold 3 seed 43 (2/3)] epoch   9  train_loss=0.1331  val_loss=0.1268  epoch_time=14.1s  elapsed=2.3min
17:31:56  INFO   [fold 3 seed 43 (2/3)] epoch  10  train_loss=0.1187  val_loss=0.1565  epoch_time=15.1s  elapsed=2.6min
17:32:09  INFO   [fold 3 seed 43 (2/3)] epoch  11  train_loss=0.1259  val_loss=0.1260  epoch_time=13.2s  elapsed=2.8min
17:32:22  INFO   [fold 3 seed 43 (2/3)] epoch  12  train_loss=0.1111  val_loss=0.1311  epoch_time=13.2s  elapsed=3.0min
17:32:35  INFO   [fold 3 seed 43 (2/3)] epoch  13  train_loss=0.1058  val_loss=0.1155  epoch_time=12.9s  elapsed=3.2min
17:32:48  INFO   [fold 3 seed 43 (2/3)] epoch  14  train_loss=0.0973  val_loss=0.1209  epoch_time=13.1s  elapsed=3.4min
17:33:01  INFO   [fold 3 seed 43 (2/3)] epoch  15  train_loss=0.0977  val_loss=0.1103  epoch_time=13.1s  elapsed=3.7min
17:33:14  INFO   [fold 3 seed 43 (2/3)] epoch  16  train_loss=0.0911  val_loss=0.1390  epoch_time=13.0s  elapsed=3.9min
17:33:28  INFO   [fold 3 seed 43 (2/3)] epoch  17  train_loss=0.0881  val_loss=0.1099  epoch_time=14.0s  elapsed=4.1min
17:33:42  INFO   [fold 3 seed 43 (2/3)] epoch  18  train_loss=0.0926  val_loss=0.1154  epoch_time=13.2s  elapsed=4.3min
17:33:55  INFO   [fold 3 seed 43 (2/3)] epoch  19  train_loss=0.0787  val_loss=0.1284  epoch_time=13.5s  elapsed=4.6min
17:34:10  INFO   [fold 3 seed 43 (2/3)] epoch  20  train_loss=0.0796  val_loss=0.1106  epoch_time=14.9s  elapsed=4.8min
17:34:24  INFO   [fold 3 seed 43 (2/3)] epoch  21  train_loss=0.0766  val_loss=0.1091  epoch_time=14.5s  elapsed=5.1min
17:34:38  INFO   [fold 3 seed 43 (2/3)] epoch  22  train_loss=0.0735  val_loss=0.1047  epoch_time=13.1s  elapsed=5.3min
17:34:51  INFO   [fold 3 seed 43 (2/3)] epoch  23  train_loss=0.0711  val_loss=0.1156  epoch_time=13.4s  elapsed=5.5min
17:35:04  INFO   [fold 3 seed 43 (2/3)] epoch  24  train_loss=0.0689  val_loss=0.1065  epoch_time=13.1s  elapsed=5.7min
17:35:17  INFO   [fold 3 seed 43 (2/3)] epoch  25  train_loss=0.0632  val_loss=0.1082  epoch_time=13.2s  elapsed=5.9min
17:35:31  INFO   [fold 3 seed 43 (2/3)] epoch  26  train_loss=0.0607  val_loss=0.1099  epoch_time=13.3s  elapsed=6.2min
17:35:44  INFO   [fold 3 seed 43 (2/3)] epoch  27  train_loss=0.0581  val_loss=0.0997  epoch_time=13.2s  elapsed=6.4min
17:35:57  INFO   [fold 3 seed 43 (2/3)] epoch  28  train_loss=0.0598  val_loss=0.1046  epoch_time=13.3s  elapsed=6.6min
17:36:11  INFO   [fold 3 seed 43 (2/3)] epoch  29  train_loss=0.0557  val_loss=0.1058  epoch_time=13.6s  elapsed=6.8min
17:36:24  INFO   [fold 3 seed 43 (2/3)] epoch  30  train_loss=0.0541  val_loss=0.1038  epoch_time=13.8s  elapsed=7.1min
17:36:39  INFO   [fold 3 seed 43 (2/3)] epoch  31  train_loss=0.0525  val_loss=0.1077  epoch_time=14.5s  elapsed=7.3min
17:36:53  INFO   [fold 3 seed 43 (2/3)] epoch  32  train_loss=0.0523  val_loss=0.1032  epoch_time=14.2s  elapsed=7.5min
17:37:06  INFO   [fold 3 seed 43 (2/3)] epoch  33  train_loss=0.0506  val_loss=0.1060  epoch_time=13.4s  elapsed=7.8min
17:37:19  INFO   [fold 3 seed 43 (2/3)] epoch  34  train_loss=0.0480  val_loss=0.1043  epoch_time=13.0s  elapsed=8.0min
17:37:32  INFO   [fold 3 seed 43 (2/3)] epoch  35  train_loss=0.0493  val_loss=0.1024  epoch_time=13.0s  elapsed=8.2min
17:37:46  INFO   [fold 3 seed 43 (2/3)] epoch  36  train_loss=0.0481  val_loss=0.0972  epoch_time=13.4s  elapsed=8.4min
17:37:59  INFO   [fold 3 seed 43 (2/3)] epoch  37  train_loss=0.0505  val_loss=0.1062  epoch_time=13.2s  elapsed=8.6min
17:38:12  INFO   [fold 3 seed 43 (2/3)] epoch  38  train_loss=0.0443  val_loss=0.1029  epoch_time=13.4s  elapsed=8.9min
17:38:26  INFO   [fold 3 seed 43 (2/3)] epoch  39  train_loss=0.0446  val_loss=0.1003  epoch_time=13.3s  elapsed=9.1min
17:38:39  INFO   [fold 3 seed 43 (2/3)] epoch  40  train_loss=0.0411  val_loss=0.1078  epoch_time=13.2s  elapsed=9.3min
17:38:53  INFO   [fold 3 seed 43 (2/3)] epoch  41  train_loss=0.0447  val_loss=0.1001  epoch_time=13.9s  elapsed=9.5min
17:39:07  INFO   [fold 3 seed 43 (2/3)] epoch  42  train_loss=0.0377  val_loss=0.0984  epoch_time=14.4s  elapsed=9.8min
17:39:21  INFO   [fold 3 seed 43 (2/3)] epoch  43  train_loss=0.0398  val_loss=0.0998  epoch_time=13.5s  elapsed=10.0min
17:39:34  INFO   [fold 3 seed 43 (2/3)] epoch  44  train_loss=0.0387  val_loss=0.0987  epoch_time=13.1s  elapsed=10.2min
17:39:47  INFO   [fold 3 seed 43 (2/3)] epoch  45  train_loss=0.0376  val_loss=0.1003  epoch_time=13.4s  elapsed=10.4min
17:40:01  INFO   [fold 3 seed 43 (2/3)] epoch  46  train_loss=0.0394  val_loss=0.0987  epoch_time=13.4s  elapsed=10.7min
17:40:02  INFO   [fold 3 seed 43 (2/3)] done. time=10.7min  final_epoch=47  approx_best_epoch=37
17:40:02  INFO   [fold 3 seed 43 (2/3)] per-target R²: eea=0.872  egb=0.925  egc=0.917  ei=0.768  eps=0.783  nc=0.860  tg=0.893
17:40:02  INFO   [fold 3 seed 44 (3/3)] starting...
17:40:16  INFO   [fold 3 seed 44 (3/3)] epoch   0  train_loss=0.3422  val_loss=0.2596  epoch_time=12.8s  elapsed=0.2min
17:40:29  INFO   [fold 3 seed 44 (3/3)] epoch   1  train_loss=0.2579  val_loss=0.2153  epoch_time=13.0s  elapsed=0.4min
17:40:42  INFO   [fold 3 seed 44 (3/3)] epoch   2  train_loss=0.2285  val_loss=0.2101  epoch_time=13.1s  elapsed=0.6min
17:40:56  INFO   [fold 3 seed 44 (3/3)] epoch   3  train_loss=0.2046  val_loss=0.5506  epoch_time=13.5s  elapsed=0.9min
17:41:09  INFO   [fold 3 seed 44 (3/3)] epoch   4  train_loss=0.1834  val_loss=0.1701  epoch_time=13.2s  elapsed=1.1min
17:41:23  INFO   [fold 3 seed 44 (3/3)] epoch   5  train_loss=0.1776  val_loss=0.1480  epoch_time=13.9s  elapsed=1.3min
17:41:38  INFO   [fold 3 seed 44 (3/3)] epoch   6  train_loss=0.1618  val_loss=0.2317  epoch_time=14.5s  elapsed=1.6min
17:41:51  INFO   [fold 3 seed 44 (3/3)] epoch   7  train_loss=0.1545  val_loss=0.1778  epoch_time=13.8s  elapsed=1.8min
17:42:05  INFO   [fold 3 seed 44 (3/3)] epoch   8  train_loss=0.1388  val_loss=0.1995  epoch_time=13.3s  elapsed=2.0min
17:42:18  INFO   [fold 3 seed 44 (3/3)] epoch   9  train_loss=0.1344  val_loss=0.1538  epoch_time=13.6s  elapsed=2.2min
17:42:31  INFO   [fold 3 seed 44 (3/3)] epoch  10  train_loss=0.1223  val_loss=0.1243  epoch_time=13.1s  elapsed=2.5min
17:42:44  INFO   [fold 3 seed 44 (3/3)] epoch  11  train_loss=0.1262  val_loss=0.1401  epoch_time=12.9s  elapsed=2.7min
17:42:58  INFO   [fold 3 seed 44 (3/3)] epoch  12  train_loss=0.1136  val_loss=0.2086  epoch_time=13.9s  elapsed=2.9min
17:43:14  INFO   [fold 3 seed 44 (3/3)] epoch  13  train_loss=0.1071  val_loss=0.1129  epoch_time=15.3s  elapsed=3.2min
17:43:28  INFO   [fold 3 seed 44 (3/3)] epoch  14  train_loss=0.1058  val_loss=0.1265  epoch_time=14.5s  elapsed=3.4min
17:43:42  INFO   [fold 3 seed 44 (3/3)] epoch  15  train_loss=0.1007  val_loss=0.1105  epoch_time=14.3s  elapsed=3.6min
17:43:58  INFO   [fold 3 seed 44 (3/3)] epoch  16  train_loss=0.0881  val_loss=0.1219  epoch_time=15.3s  elapsed=3.9min
17:44:13  INFO   [fold 3 seed 44 (3/3)] epoch  17  train_loss=0.0854  val_loss=0.1190  epoch_time=15.3s  elapsed=4.2min
17:44:26  INFO   [fold 3 seed 44 (3/3)] epoch  18  train_loss=0.0873  val_loss=0.1157  epoch_time=13.2s  elapsed=4.4min
17:44:39  INFO   [fold 3 seed 44 (3/3)] epoch  19  train_loss=0.0778  val_loss=0.1144  epoch_time=13.3s  elapsed=4.6min
17:44:53  INFO   [fold 3 seed 44 (3/3)] epoch  20  train_loss=0.0760  val_loss=0.1099  epoch_time=13.5s  elapsed=4.8min
17:45:06  INFO   [fold 3 seed 44 (3/3)] epoch  21  train_loss=0.0689  val_loss=0.1042  epoch_time=13.2s  elapsed=5.0min
17:45:19  INFO   [fold 3 seed 44 (3/3)] epoch  22  train_loss=0.0744  val_loss=0.1087  epoch_time=13.1s  elapsed=5.3min
17:45:32  INFO   [fold 3 seed 44 (3/3)] epoch  23  train_loss=0.0683  val_loss=0.1014  epoch_time=13.0s  elapsed=5.5min
17:45:45  INFO   [fold 3 seed 44 (3/3)] epoch  24  train_loss=0.0663  val_loss=0.1021  epoch_time=13.1s  elapsed=5.7min
17:45:59  INFO   [fold 3 seed 44 (3/3)] epoch  25  train_loss=0.0649  val_loss=0.1039  epoch_time=13.3s  elapsed=5.9min
17:46:12  INFO   [fold 3 seed 44 (3/3)] epoch  26  train_loss=0.0619  val_loss=0.1100  epoch_time=13.7s  elapsed=6.1min
17:46:26  INFO   [fold 3 seed 44 (3/3)] epoch  27  train_loss=0.0576  val_loss=0.1106  epoch_time=14.1s  elapsed=6.4min
17:46:41  INFO   [fold 3 seed 44 (3/3)] epoch  28  train_loss=0.0608  val_loss=0.1049  epoch_time=14.3s  elapsed=6.6min
17:46:54  INFO   [fold 3 seed 44 (3/3)] epoch  29  train_loss=0.0588  val_loss=0.0957  epoch_time=13.7s  elapsed=6.8min
17:47:08  INFO   [fold 3 seed 44 (3/3)] epoch  30  train_loss=0.0577  val_loss=0.1001  epoch_time=13.5s  elapsed=7.1min
17:47:21  INFO   [fold 3 seed 44 (3/3)] epoch  31  train_loss=0.0520  val_loss=0.0965  epoch_time=13.1s  elapsed=7.3min
17:47:34  INFO   [fold 3 seed 44 (3/3)] epoch  32  train_loss=0.0507  val_loss=0.1032  epoch_time=13.0s  elapsed=7.5min
17:47:47  INFO   [fold 3 seed 44 (3/3)] epoch  33  train_loss=0.0484  val_loss=0.0983  epoch_time=13.2s  elapsed=7.7min
17:48:01  INFO   [fold 3 seed 44 (3/3)] epoch  34  train_loss=0.0533  val_loss=0.1070  epoch_time=13.4s  elapsed=8.0min
17:48:14  INFO   [fold 3 seed 44 (3/3)] epoch  35  train_loss=0.0475  val_loss=0.0959  epoch_time=13.5s  elapsed=8.2min
17:48:27  INFO   [fold 3 seed 44 (3/3)] epoch  36  train_loss=0.0475  val_loss=0.0977  epoch_time=13.1s  elapsed=8.4min
17:48:40  INFO   [fold 3 seed 44 (3/3)] epoch  37  train_loss=0.0422  val_loss=0.0968  epoch_time=13.1s  elapsed=8.6min
17:48:55  INFO   [fold 3 seed 44 (3/3)] epoch  38  train_loss=0.0429  val_loss=0.1002  epoch_time=14.7s  elapsed=8.9min
17:49:10  INFO   [fold 3 seed 44 (3/3)] epoch  39  train_loss=0.0448  val_loss=0.0939  epoch_time=14.6s  elapsed=9.1min
17:49:23  INFO   [fold 3 seed 44 (3/3)] epoch  40  train_loss=0.0427  val_loss=0.1052  epoch_time=13.1s  elapsed=9.3min
17:49:36  INFO   [fold 3 seed 44 (3/3)] epoch  41  train_loss=0.0401  val_loss=0.0986  epoch_time=13.2s  elapsed=9.5min
17:49:49  INFO   [fold 3 seed 44 (3/3)] epoch  42  train_loss=0.0395  val_loss=0.0957  epoch_time=13.3s  elapsed=9.8min
17:50:03  INFO   [fold 3 seed 44 (3/3)] epoch  43  train_loss=0.0406  val_loss=0.0972  epoch_time=13.8s  elapsed=10.0min
17:50:16  INFO   [fold 3 seed 44 (3/3)] epoch  44  train_loss=0.0394  val_loss=0.0941  epoch_time=13.3s  elapsed=10.2min
17:50:30  INFO   [fold 3 seed 44 (3/3)] epoch  45  train_loss=0.0411  val_loss=0.0932  epoch_time=13.3s  elapsed=10.4min
17:50:43  INFO   [fold 3 seed 44 (3/3)] epoch  46  train_loss=0.0377  val_loss=0.0945  epoch_time=13.2s  elapsed=10.7min
17:50:56  INFO   [fold 3 seed 44 (3/3)] epoch  47  train_loss=0.0372  val_loss=0.0947  epoch_time=13.3s  elapsed=10.9min
17:51:10  INFO   [fold 3 seed 44 (3/3)] epoch  48  train_loss=0.0364  val_loss=0.0959  epoch_time=13.4s  elapsed=11.1min
17:51:24  INFO   [fold 3 seed 44 (3/3)] epoch  49  train_loss=0.0355  val_loss=0.0938  epoch_time=14.2s  elapsed=11.3min
17:51:38  INFO   [fold 3 seed 44 (3/3)] epoch  50  train_loss=0.0370  val_loss=0.0936  epoch_time=14.4s  elapsed=11.6min
17:51:52  INFO   [fold 3 seed 44 (3/3)] epoch  51  train_loss=0.0352  val_loss=0.0949  epoch_time=13.7s  elapsed=11.8min
17:52:05  INFO   [fold 3 seed 44 (3/3)] epoch  52  train_loss=0.0346  val_loss=0.0915  epoch_time=13.5s  elapsed=12.0min
17:52:18  INFO   [fold 3 seed 44 (3/3)] epoch  53  train_loss=0.0335  val_loss=0.0911  epoch_time=13.1s  elapsed=12.2min
17:52:32  INFO   [fold 3 seed 44 (3/3)] epoch  54  train_loss=0.0318  val_loss=0.0918  epoch_time=13.3s  elapsed=12.5min
17:52:45  INFO   [fold 3 seed 44 (3/3)] epoch  55  train_loss=0.0311  val_loss=0.0928  epoch_time=12.9s  elapsed=12.7min
17:52:58  INFO   [fold 3 seed 44 (3/3)] epoch  56  train_loss=0.0317  val_loss=0.0915  epoch_time=13.1s  elapsed=12.9min
17:53:11  INFO   [fold 3 seed 44 (3/3)] epoch  57  train_loss=0.0315  val_loss=0.0943  epoch_time=13.2s  elapsed=13.1min
17:53:24  INFO   [fold 3 seed 44 (3/3)] epoch  58  train_loss=0.0297  val_loss=0.0952  epoch_time=13.3s  elapsed=13.3min
17:53:38  INFO   [fold 3 seed 44 (3/3)] epoch  59  train_loss=0.0312  val_loss=0.0919  epoch_time=13.8s  elapsed=13.6min
17:53:39  INFO   [fold 3 seed 44 (3/3)] done. time=13.6min  final_epoch=60  approx_best_epoch=60
17:53:39  INFO   [fold 3 seed 44 (3/3)] per-target R²: eea=0.899  egb=0.938  egc=0.914  ei=0.817  eps=0.818  nc=0.853  tg=0.902
17:53:39  INFO   [fold 3] BAG per-target R² (avg of 3 seeds): eea=0.8972  egb=0.9369  egc=0.9198  ei=0.8152  eps=0.8140  nc=0.8633  tg=0.9043
17:53:39  INFO   [fold 3] total time: 34.6min (per-seed: ['10.3', '10.7', '13.6'])
17:53:40  INFO   [fold 3] wrote checkpoint checkpoint_fold_3.pkl.gz
17:53:40  INFO   ============================================================
17:53:40  INFO   FOLD 4  (3-seed bag)
17:53:40  INFO   n_train_canon=4736   n_val_canon=1184
17:53:40  INFO   [fold 4 seed 42 (1/3)] starting...
17:53:56  INFO   [fold 4 seed 42 (1/3)] epoch   0  train_loss=0.3589  val_loss=0.3269  epoch_time=14.9s  elapsed=0.2min
17:54:11  INFO   [fold 4 seed 42 (1/3)] epoch   1  train_loss=0.2647  val_loss=0.2586  epoch_time=14.3s  elapsed=0.5min
17:54:24  INFO   [fold 4 seed 42 (1/3)] epoch   2  train_loss=0.2247  val_loss=0.1970  epoch_time=13.1s  elapsed=0.7min
17:54:37  INFO   [fold 4 seed 42 (1/3)] epoch   3  train_loss=0.2053  val_loss=0.1932  epoch_time=13.2s  elapsed=0.9min
17:54:51  INFO   [fold 4 seed 42 (1/3)] epoch   4  train_loss=0.1760  val_loss=0.2557  epoch_time=13.5s  elapsed=1.2min
17:55:04  INFO   [fold 4 seed 42 (1/3)] epoch   5  train_loss=0.1744  val_loss=0.1676  epoch_time=13.5s  elapsed=1.4min
17:55:17  INFO   [fold 4 seed 42 (1/3)] epoch   6  train_loss=0.1542  val_loss=0.2468  epoch_time=13.1s  elapsed=1.6min
17:55:30  INFO   [fold 4 seed 42 (1/3)] epoch   7  train_loss=0.1485  val_loss=0.1483  epoch_time=13.0s  elapsed=1.8min
17:55:43  INFO   [fold 4 seed 42 (1/3)] epoch   8  train_loss=0.1430  val_loss=0.1789  epoch_time=13.3s  elapsed=2.0min
17:55:57  INFO   [fold 4 seed 42 (1/3)] epoch   9  train_loss=0.1376  val_loss=0.1485  epoch_time=13.3s  elapsed=2.3min
17:56:10  INFO   [fold 4 seed 42 (1/3)] epoch  10  train_loss=0.1324  val_loss=0.1362  epoch_time=13.4s  elapsed=2.5min
17:56:23  INFO   [fold 4 seed 42 (1/3)] epoch  11  train_loss=0.1257  val_loss=0.1428  epoch_time=13.3s  elapsed=2.7min
17:56:36  INFO   [fold 4 seed 42 (1/3)] epoch  12  train_loss=0.1138  val_loss=0.1285  epoch_time=12.9s  elapsed=2.9min
17:56:50  INFO   [fold 4 seed 42 (1/3)] epoch  13  train_loss=0.1014  val_loss=0.1950  epoch_time=13.6s  elapsed=3.1min
17:57:03  INFO   [fold 4 seed 42 (1/3)] epoch  14  train_loss=0.1065  val_loss=0.1362  epoch_time=13.3s  elapsed=3.4min
17:57:17  INFO   [fold 4 seed 42 (1/3)] epoch  15  train_loss=0.1005  val_loss=0.1184  epoch_time=13.6s  elapsed=3.6min
17:57:30  INFO   [fold 4 seed 42 (1/3)] epoch  16  train_loss=0.0915  val_loss=0.1464  epoch_time=13.1s  elapsed=3.8min
17:57:43  INFO   [fold 4 seed 42 (1/3)] epoch  17  train_loss=0.0906  val_loss=0.1256  epoch_time=13.1s  elapsed=4.0min
17:57:56  INFO   [fold 4 seed 42 (1/3)] epoch  18  train_loss=0.0897  val_loss=0.1223  epoch_time=13.4s  elapsed=4.3min
17:58:10  INFO   [fold 4 seed 42 (1/3)] epoch  19  train_loss=0.0907  val_loss=0.1272  epoch_time=13.5s  elapsed=4.5min
17:58:24  INFO   [fold 4 seed 42 (1/3)] epoch  20  train_loss=0.0809  val_loss=0.1129  epoch_time=13.7s  elapsed=4.7min
17:58:37  INFO   [fold 4 seed 42 (1/3)] epoch  21  train_loss=0.0783  val_loss=0.1132  epoch_time=13.1s  elapsed=4.9min
17:58:50  INFO   [fold 4 seed 42 (1/3)] epoch  22  train_loss=0.0758  val_loss=0.1183  epoch_time=13.4s  elapsed=5.1min
17:59:04  INFO   [fold 4 seed 42 (1/3)] epoch  23  train_loss=0.0727  val_loss=0.1123  epoch_time=13.4s  elapsed=5.4min
17:59:18  INFO   [fold 4 seed 42 (1/3)] epoch  24  train_loss=0.0680  val_loss=0.1101  epoch_time=14.0s  elapsed=5.6min
17:59:31  INFO   [fold 4 seed 42 (1/3)] epoch  25  train_loss=0.0679  val_loss=0.1108  epoch_time=13.7s  elapsed=5.8min
17:59:47  INFO   [fold 4 seed 42 (1/3)] epoch  26  train_loss=0.0641  val_loss=0.1072  epoch_time=15.4s  elapsed=6.1min
18:00:02  INFO   [fold 4 seed 42 (1/3)] epoch  27  train_loss=0.0625  val_loss=0.1082  epoch_time=15.4s  elapsed=6.3min
18:00:17  INFO   [fold 4 seed 42 (1/3)] epoch  28  train_loss=0.0644  val_loss=0.1255  epoch_time=14.5s  elapsed=6.6min
18:00:32  INFO   [fold 4 seed 42 (1/3)] epoch  29  train_loss=0.0594  val_loss=0.1109  epoch_time=15.0s  elapsed=6.8min
18:00:45  INFO   [fold 4 seed 42 (1/3)] epoch  30  train_loss=0.0573  val_loss=0.1078  epoch_time=13.5s  elapsed=7.1min
18:00:58  INFO   [fold 4 seed 42 (1/3)] epoch  31  train_loss=0.0564  val_loss=0.1093  epoch_time=13.3s  elapsed=7.3min
18:01:13  INFO   [fold 4 seed 42 (1/3)] epoch  32  train_loss=0.0550  val_loss=0.1122  epoch_time=14.1s  elapsed=7.5min
18:01:26  INFO   [fold 4 seed 42 (1/3)] epoch  33  train_loss=0.0507  val_loss=0.1072  epoch_time=13.7s  elapsed=7.7min
18:01:40  INFO   [fold 4 seed 42 (1/3)] epoch  34  train_loss=0.0504  val_loss=0.1088  epoch_time=13.2s  elapsed=8.0min
18:01:53  INFO   [fold 4 seed 42 (1/3)] epoch  35  train_loss=0.0499  val_loss=0.1092  epoch_time=13.9s  elapsed=8.2min
18:02:07  INFO   [fold 4 seed 42 (1/3)] epoch  36  train_loss=0.0482  val_loss=0.1089  epoch_time=13.5s  elapsed=8.4min
18:02:09  INFO   [fold 4 seed 42 (1/3)] done. time=8.4min  final_epoch=37  approx_best_epoch=27
18:02:09  INFO   [fold 4 seed 42 (1/3)] per-target R²: eea=0.928  egb=0.888  egc=0.891  ei=0.602  eps=0.706  nc=0.828  tg=0.908
18:02:09  INFO   [fold 4 seed 43 (2/3)] starting...
18:02:23  INFO   [fold 4 seed 43 (2/3)] epoch   0  train_loss=0.3632  val_loss=0.2809  epoch_time=13.1s  elapsed=0.2min
18:02:37  INFO   [fold 4 seed 43 (2/3)] epoch   1  train_loss=0.2591  val_loss=0.6770  epoch_time=14.0s  elapsed=0.5min
18:02:52  INFO   [fold 4 seed 43 (2/3)] epoch   2  train_loss=0.2297  val_loss=0.3653  epoch_time=14.6s  elapsed=0.7min
18:03:05  INFO   [fold 4 seed 43 (2/3)] epoch   3  train_loss=0.2067  val_loss=0.1876  epoch_time=13.3s  elapsed=0.9min
18:03:19  INFO   [fold 4 seed 43 (2/3)] epoch   4  train_loss=0.1897  val_loss=0.2005  epoch_time=13.4s  elapsed=1.1min
18:03:32  INFO   [fold 4 seed 43 (2/3)] epoch   5  train_loss=0.1721  val_loss=0.1829  epoch_time=13.1s  elapsed=1.4min
18:03:45  INFO   [fold 4 seed 43 (2/3)] epoch   6  train_loss=0.1704  val_loss=0.2381  epoch_time=13.1s  elapsed=1.6min
18:03:58  INFO   [fold 4 seed 43 (2/3)] epoch   7  train_loss=0.1493  val_loss=0.1676  epoch_time=13.3s  elapsed=1.8min
18:04:12  INFO   [fold 4 seed 43 (2/3)] epoch   8  train_loss=0.1381  val_loss=0.1452  epoch_time=13.9s  elapsed=2.0min
18:04:25  INFO   [fold 4 seed 43 (2/3)] epoch   9  train_loss=0.1346  val_loss=0.1407  epoch_time=13.3s  elapsed=2.3min
18:04:39  INFO   [fold 4 seed 43 (2/3)] epoch  10  train_loss=0.1226  val_loss=0.1457  epoch_time=13.3s  elapsed=2.5min
18:04:52  INFO   [fold 4 seed 43 (2/3)] epoch  11  train_loss=0.1199  val_loss=0.1332  epoch_time=13.8s  elapsed=2.7min
18:05:06  INFO   [fold 4 seed 43 (2/3)] epoch  12  train_loss=0.1083  val_loss=0.1326  epoch_time=14.1s  elapsed=2.9min
18:05:21  INFO   [fold 4 seed 43 (2/3)] epoch  13  train_loss=0.1107  val_loss=0.1448  epoch_time=14.6s  elapsed=3.2min
18:05:34  INFO   [fold 4 seed 43 (2/3)] epoch  14  train_loss=0.0985  val_loss=0.1525  epoch_time=13.2s  elapsed=3.4min
18:05:47  INFO   [fold 4 seed 43 (2/3)] epoch  15  train_loss=0.0947  val_loss=0.1301  epoch_time=13.1s  elapsed=3.6min
18:06:01  INFO   [fold 4 seed 43 (2/3)] epoch  16  train_loss=0.0911  val_loss=0.1223  epoch_time=13.2s  elapsed=3.8min
18:06:14  INFO   [fold 4 seed 43 (2/3)] epoch  17  train_loss=0.0871  val_loss=0.1216  epoch_time=13.4s  elapsed=4.1min
18:06:27  INFO   [fold 4 seed 43 (2/3)] epoch  18  train_loss=0.0837  val_loss=0.1318  epoch_time=13.3s  elapsed=4.3min
18:06:40  INFO   [fold 4 seed 43 (2/3)] epoch  19  train_loss=0.0797  val_loss=0.1219  epoch_time=13.2s  elapsed=4.5min
18:06:54  INFO   [fold 4 seed 43 (2/3)] epoch  20  train_loss=0.0754  val_loss=0.1242  epoch_time=13.7s  elapsed=4.7min
18:07:08  INFO   [fold 4 seed 43 (2/3)] epoch  21  train_loss=0.0713  val_loss=0.1216  epoch_time=14.0s  elapsed=5.0min
18:07:22  INFO   [fold 4 seed 43 (2/3)] epoch  22  train_loss=0.0731  val_loss=0.1212  epoch_time=14.2s  elapsed=5.2min
18:07:37  INFO   [fold 4 seed 43 (2/3)] epoch  23  train_loss=0.0671  val_loss=0.1415  epoch_time=14.4s  elapsed=5.4min
18:07:51  INFO   [fold 4 seed 43 (2/3)] epoch  24  train_loss=0.0728  val_loss=0.1171  epoch_time=14.3s  elapsed=5.7min
18:08:04  INFO   [fold 4 seed 43 (2/3)] epoch  25  train_loss=0.0610  val_loss=0.1201  epoch_time=13.3s  elapsed=5.9min
18:08:18  INFO   [fold 4 seed 43 (2/3)] epoch  26  train_loss=0.0636  val_loss=0.1149  epoch_time=13.6s  elapsed=6.1min
18:08:31  INFO   [fold 4 seed 43 (2/3)] epoch  27  train_loss=0.0620  val_loss=0.1211  epoch_time=13.5s  elapsed=6.4min
18:08:44  INFO   [fold 4 seed 43 (2/3)] epoch  28  train_loss=0.0608  val_loss=0.1179  epoch_time=13.0s  elapsed=6.6min
18:08:58  INFO   [fold 4 seed 43 (2/3)] epoch  29  train_loss=0.0564  val_loss=0.1165  epoch_time=13.4s  elapsed=6.8min
18:09:11  INFO   [fold 4 seed 43 (2/3)] epoch  30  train_loss=0.0517  val_loss=0.1145  epoch_time=13.1s  elapsed=7.0min
18:09:24  INFO   [fold 4 seed 43 (2/3)] epoch  31  train_loss=0.0518  val_loss=0.1148  epoch_time=13.2s  elapsed=7.2min
18:09:37  INFO   [fold 4 seed 43 (2/3)] epoch  32  train_loss=0.0515  val_loss=0.1114  epoch_time=13.1s  elapsed=7.5min
18:09:51  INFO   [fold 4 seed 43 (2/3)] epoch  33  train_loss=0.0481  val_loss=0.1130  epoch_time=13.7s  elapsed=7.7min
18:10:06  INFO   [fold 4 seed 43 (2/3)] epoch  34  train_loss=0.0511  val_loss=0.1130  epoch_time=14.6s  elapsed=7.9min
18:10:20  INFO   [fold 4 seed 43 (2/3)] epoch  35  train_loss=0.0472  val_loss=0.1168  epoch_time=14.0s  elapsed=8.2min
18:10:33  INFO   [fold 4 seed 43 (2/3)] epoch  36  train_loss=0.0442  val_loss=0.1095  epoch_time=13.2s  elapsed=8.4min
18:10:46  INFO   [fold 4 seed 43 (2/3)] epoch  37  train_loss=0.0441  val_loss=0.1127  epoch_time=13.3s  elapsed=8.6min
18:10:59  INFO   [fold 4 seed 43 (2/3)] epoch  38  train_loss=0.0477  val_loss=0.1149  epoch_time=13.2s  elapsed=8.8min
18:11:12  INFO   [fold 4 seed 43 (2/3)] epoch  39  train_loss=0.0430  val_loss=0.1091  epoch_time=13.1s  elapsed=9.0min
18:11:25  INFO   [fold 4 seed 43 (2/3)] epoch  40  train_loss=0.0410  val_loss=0.1108  epoch_time=13.1s  elapsed=9.3min
18:11:39  INFO   [fold 4 seed 43 (2/3)] epoch  41  train_loss=0.0414  val_loss=0.1131  epoch_time=13.1s  elapsed=9.5min
18:11:52  INFO   [fold 4 seed 43 (2/3)] epoch  42  train_loss=0.0385  val_loss=0.1084  epoch_time=13.8s  elapsed=9.7min
18:12:06  INFO   [fold 4 seed 43 (2/3)] epoch  43  train_loss=0.0388  val_loss=0.1091  epoch_time=13.4s  elapsed=9.9min
18:12:20  INFO   [fold 4 seed 43 (2/3)] epoch  44  train_loss=0.0380  val_loss=0.1099  epoch_time=14.0s  elapsed=10.2min
18:12:34  INFO   [fold 4 seed 43 (2/3)] epoch  45  train_loss=0.0398  val_loss=0.1090  epoch_time=14.3s  elapsed=10.4min
18:12:48  INFO   [fold 4 seed 43 (2/3)] epoch  46  train_loss=0.0358  val_loss=0.1092  epoch_time=14.0s  elapsed=10.6min
18:13:02  INFO   [fold 4 seed 43 (2/3)] epoch  47  train_loss=0.0359  val_loss=0.1120  epoch_time=14.0s  elapsed=10.9min
18:13:16  INFO   [fold 4 seed 43 (2/3)] epoch  48  train_loss=0.0349  val_loss=0.1074  epoch_time=13.9s  elapsed=11.1min
18:13:30  INFO   [fold 4 seed 43 (2/3)] epoch  49  train_loss=0.0330  val_loss=0.1059  epoch_time=13.8s  elapsed=11.3min
18:13:43  INFO   [fold 4 seed 43 (2/3)] epoch  50  train_loss=0.0366  val_loss=0.1075  epoch_time=13.4s  elapsed=11.6min
18:13:57  INFO   [fold 4 seed 43 (2/3)] epoch  51  train_loss=0.0331  val_loss=0.1066  epoch_time=13.5s  elapsed=11.8min
18:14:10  INFO   [fold 4 seed 43 (2/3)] epoch  52  train_loss=0.0336  val_loss=0.1053  epoch_time=13.3s  elapsed=12.0min
18:14:23  INFO   [fold 4 seed 43 (2/3)] epoch  53  train_loss=0.0331  val_loss=0.1072  epoch_time=13.4s  elapsed=12.2min
18:14:37  INFO   [fold 4 seed 43 (2/3)] epoch  54  train_loss=0.0316  val_loss=0.1074  epoch_time=13.2s  elapsed=12.4min
18:14:50  INFO   [fold 4 seed 43 (2/3)] epoch  55  train_loss=0.0323  val_loss=0.1098  epoch_time=13.3s  elapsed=12.7min
18:15:03  INFO   [fold 4 seed 43 (2/3)] epoch  56  train_loss=0.0316  val_loss=0.1070  epoch_time=13.2s  elapsed=12.9min
18:15:16  INFO   [fold 4 seed 43 (2/3)] epoch  57  train_loss=0.0331  val_loss=0.1082  epoch_time=13.1s  elapsed=13.1min
18:15:29  INFO   [fold 4 seed 43 (2/3)] epoch  58  train_loss=0.0323  val_loss=0.1051  epoch_time=13.3s  elapsed=13.3min
18:15:43  INFO   [fold 4 seed 43 (2/3)] epoch  59  train_loss=0.0307  val_loss=0.1068  epoch_time=13.5s  elapsed=13.5min
18:15:44  INFO   [fold 4 seed 43 (2/3)] done. time=13.5min  final_epoch=60  approx_best_epoch=60
18:15:44  INFO   [fold 4 seed 43 (2/3)] per-target R²: eea=0.917  egb=0.899  egc=0.898  ei=0.674  eps=0.641  nc=0.827  tg=0.910
18:15:44  INFO   [fold 4 seed 44 (3/3)] starting...
18:16:00  INFO   [fold 4 seed 44 (3/3)] epoch   0  train_loss=0.3697  val_loss=0.4952  epoch_time=13.6s  elapsed=0.2min
18:16:14  INFO   [fold 4 seed 44 (3/3)] epoch   1  train_loss=0.2642  val_loss=0.2342  epoch_time=14.2s  elapsed=0.5min
18:16:28  INFO   [fold 4 seed 44 (3/3)] epoch   2  train_loss=0.2359  val_loss=0.3360  epoch_time=14.3s  elapsed=0.7min
18:16:42  INFO   [fold 4 seed 44 (3/3)] epoch   3  train_loss=0.2074  val_loss=0.2230  epoch_time=14.2s  elapsed=0.9min
18:16:57  INFO   [fold 4 seed 44 (3/3)] epoch   4  train_loss=0.1797  val_loss=0.2378  epoch_time=15.1s  elapsed=1.2min
18:17:11  INFO   [fold 4 seed 44 (3/3)] epoch   5  train_loss=0.1670  val_loss=0.1960  epoch_time=13.4s  elapsed=1.4min
18:17:24  INFO   [fold 4 seed 44 (3/3)] epoch   6  train_loss=0.1608  val_loss=0.1931  epoch_time=13.4s  elapsed=1.6min
18:17:37  INFO   [fold 4 seed 44 (3/3)] epoch   7  train_loss=0.1491  val_loss=0.1749  epoch_time=13.2s  elapsed=1.9min
18:17:51  INFO   [fold 4 seed 44 (3/3)] epoch   8  train_loss=0.1444  val_loss=0.1413  epoch_time=13.4s  elapsed=2.1min
18:18:04  INFO   [fold 4 seed 44 (3/3)] epoch   9  train_loss=0.1344  val_loss=0.1490  epoch_time=13.3s  elapsed=2.3min
18:18:17  INFO   [fold 4 seed 44 (3/3)] epoch  10  train_loss=0.1316  val_loss=0.1390  epoch_time=13.2s  elapsed=2.5min
18:18:30  INFO   [fold 4 seed 44 (3/3)] epoch  11  train_loss=0.1272  val_loss=0.1283  epoch_time=13.2s  elapsed=2.7min
18:18:44  INFO   [fold 4 seed 44 (3/3)] epoch  12  train_loss=0.1258  val_loss=0.1298  epoch_time=13.2s  elapsed=3.0min
18:18:57  INFO   [fold 4 seed 44 (3/3)] epoch  13  train_loss=0.1119  val_loss=0.1362  epoch_time=13.5s  elapsed=3.2min
18:19:13  INFO   [fold 4 seed 44 (3/3)] epoch  14  train_loss=0.1061  val_loss=0.1354  epoch_time=16.0s  elapsed=3.5min
18:19:30  INFO   [fold 4 seed 44 (3/3)] epoch  15  train_loss=0.0953  val_loss=0.1221  epoch_time=16.4s  elapsed=3.7min
18:19:46  INFO   [fold 4 seed 44 (3/3)] epoch  16  train_loss=0.0924  val_loss=0.1265  epoch_time=16.4s  elapsed=4.0min
18:20:02  INFO   [fold 4 seed 44 (3/3)] epoch  17  train_loss=0.0934  val_loss=0.1306  epoch_time=16.0s  elapsed=4.3min
18:20:19  INFO   [fold 4 seed 44 (3/3)] epoch  18  train_loss=0.0876  val_loss=0.1200  epoch_time=16.6s  elapsed=4.5min
18:20:35  INFO   [fold 4 seed 44 (3/3)] epoch  19  train_loss=0.0873  val_loss=0.1275  epoch_time=16.0s  elapsed=4.8min
18:20:51  INFO   [fold 4 seed 44 (3/3)] epoch  20  train_loss=0.0854  val_loss=0.1288  epoch_time=16.1s  elapsed=5.1min
18:21:07  INFO   [fold 4 seed 44 (3/3)] epoch  21  train_loss=0.0819  val_loss=0.1242  epoch_time=16.1s  elapsed=5.3min
18:21:23  INFO   [fold 4 seed 44 (3/3)] epoch  22  train_loss=0.0717  val_loss=0.1192  epoch_time=15.9s  elapsed=5.6min
18:21:39  INFO   [fold 4 seed 44 (3/3)] epoch  23  train_loss=0.0749  val_loss=0.1122  epoch_time=16.1s  elapsed=5.9min
18:21:56  INFO   [fold 4 seed 44 (3/3)] epoch  24  train_loss=0.0683  val_loss=0.1215  epoch_time=16.9s  elapsed=6.2min
18:22:12  INFO   [fold 4 seed 44 (3/3)] epoch  25  train_loss=0.0700  val_loss=0.1197  epoch_time=16.4s  elapsed=6.4min
18:22:29  INFO   [fold 4 seed 44 (3/3)] epoch  26  train_loss=0.0637  val_loss=0.1121  epoch_time=16.4s  elapsed=6.7min
18:22:45  INFO   [fold 4 seed 44 (3/3)] epoch  27  train_loss=0.0605  val_loss=0.1114  epoch_time=16.0s  elapsed=7.0min
18:23:01  INFO   [fold 4 seed 44 (3/3)] epoch  28  train_loss=0.0624  val_loss=0.1313  epoch_time=16.0s  elapsed=7.2min
18:23:16  INFO   [fold 4 seed 44 (3/3)] epoch  29  train_loss=0.0603  val_loss=0.1184  epoch_time=15.8s  elapsed=7.5min
18:23:33  INFO   [fold 4 seed 44 (3/3)] epoch  30  train_loss=0.0571  val_loss=0.1130  epoch_time=16.5s  elapsed=7.8min
18:23:49  INFO   [fold 4 seed 44 (3/3)] epoch  31  train_loss=0.0504  val_loss=0.1142  epoch_time=16.4s  elapsed=8.1min
18:24:06  INFO   [fold 4 seed 44 (3/3)] epoch  32  train_loss=0.0542  val_loss=0.1120  epoch_time=16.5s  elapsed=8.3min
18:24:22  INFO   [fold 4 seed 44 (3/3)] epoch  33  train_loss=0.0504  val_loss=0.1085  epoch_time=16.3s  elapsed=8.6min
18:24:38  INFO   [fold 4 seed 44 (3/3)] epoch  34  train_loss=0.0508  val_loss=0.1100  epoch_time=16.2s  elapsed=8.9min
18:24:55  INFO   [fold 4 seed 44 (3/3)] epoch  35  train_loss=0.0491  val_loss=0.1080  epoch_time=16.3s  elapsed=9.1min
18:25:11  INFO   [fold 4 seed 44 (3/3)] epoch  36  train_loss=0.0481  val_loss=0.1091  epoch_time=16.1s  elapsed=9.4min
18:25:27  INFO   [fold 4 seed 44 (3/3)] epoch  37  train_loss=0.0439  val_loss=0.1091  epoch_time=16.0s  elapsed=9.7min
18:25:44  INFO   [fold 4 seed 44 (3/3)] epoch  38  train_loss=0.0448  val_loss=0.1086  epoch_time=16.9s  elapsed=10.0min
18:25:59  INFO   [fold 4 seed 44 (3/3)] epoch  39  train_loss=0.0437  val_loss=0.1094  epoch_time=15.8s  elapsed=10.2min
18:26:16  INFO   [fold 4 seed 44 (3/3)] epoch  40  train_loss=0.0450  val_loss=0.1063  epoch_time=16.1s  elapsed=10.5min
18:26:32  INFO   [fold 4 seed 44 (3/3)] epoch  41  train_loss=0.0415  val_loss=0.1079  epoch_time=16.1s  elapsed=10.8min
18:26:48  INFO   [fold 4 seed 44 (3/3)] epoch  42  train_loss=0.0433  val_loss=0.1063  epoch_time=15.9s  elapsed=11.0min
18:27:04  INFO   [fold 4 seed 44 (3/3)] epoch  43  train_loss=0.0401  val_loss=0.1086  epoch_time=16.6s  elapsed=11.3min
18:27:20  INFO   [fold 4 seed 44 (3/3)] epoch  44  train_loss=0.0393  val_loss=0.1053  epoch_time=16.1s  elapsed=11.6min
18:27:36  INFO   [fold 4 seed 44 (3/3)] epoch  45  train_loss=0.0400  val_loss=0.1080  epoch_time=16.2s  elapsed=11.8min
18:27:53  INFO   [fold 4 seed 44 (3/3)] epoch  46  train_loss=0.0389  val_loss=0.1022  epoch_time=16.3s  elapsed=12.1min
18:28:09  INFO   [fold 4 seed 44 (3/3)] epoch  47  train_loss=0.0379  val_loss=0.1090  epoch_time=16.0s  elapsed=12.4min
18:28:25  INFO   [fold 4 seed 44 (3/3)] epoch  48  train_loss=0.0383  val_loss=0.1033  epoch_time=16.1s  elapsed=12.6min
18:28:41  INFO   [fold 4 seed 44 (3/3)] epoch  49  train_loss=0.0350  val_loss=0.1064  epoch_time=16.1s  elapsed=12.9min
18:28:57  INFO   [fold 4 seed 44 (3/3)] epoch  50  train_loss=0.0390  val_loss=0.1084  epoch_time=16.3s  elapsed=13.2min
18:29:13  INFO   [fold 4 seed 44 (3/3)] epoch  51  train_loss=0.0331  val_loss=0.1032  epoch_time=15.9s  elapsed=13.5min
18:29:30  INFO   [fold 4 seed 44 (3/3)] epoch  52  train_loss=0.0352  val_loss=0.1057  epoch_time=17.3s  elapsed=13.7min
18:29:51  INFO   [fold 4 seed 44 (3/3)] epoch  53  train_loss=0.0345  val_loss=0.1039  epoch_time=20.4s  elapsed=14.1min
18:30:08  INFO   [fold 4 seed 44 (3/3)] epoch  54  train_loss=0.0359  val_loss=0.1045  epoch_time=17.3s  elapsed=14.4min
18:30:25  INFO   [fold 4 seed 44 (3/3)] epoch  55  train_loss=0.0344  val_loss=0.1047  epoch_time=17.0s  elapsed=14.7min
18:30:42  INFO   [fold 4 seed 44 (3/3)] epoch  56  train_loss=0.0336  val_loss=0.1054  epoch_time=16.9s  elapsed=14.9min
18:30:44  INFO   [fold 4 seed 44 (3/3)] done. time=14.9min  final_epoch=57  approx_best_epoch=47
18:30:44  INFO   [fold 4 seed 44 (3/3)] per-target R²: eea=0.918  egb=0.895  egc=0.890  ei=0.722  eps=0.685  nc=0.827  tg=0.912
18:30:44  INFO   [fold 4] BAG per-target R² (avg of 3 seeds): eea=0.9315  egb=0.9054  egc=0.9015  ei=0.6935  eps=0.6902  nc=0.8438  tg=0.9177
18:30:44  INFO   [fold 4] total time: 36.9min (per-seed: ['8.4', '13.5', '14.9'])
18:30:44  INFO   [fold 4] wrote checkpoint checkpoint_fold_4.pkl.gz
18:30:44  INFO   ============================================================
18:30:44  INFO   PER-TARGET OOF R²  (5-fold × 3-seed bagged, no blending)
18:30:44  INFO   ============================================================
18:30:44  INFO      eea  n=  221  OOF R²=0.9082   fold-bag=['0.888', '0.896', '0.913', '0.897', '0.932']
18:30:44  INFO      egb  n=  337  OOF R²=0.9305   fold-bag=['0.931', '0.936', '0.928', '0.937', '0.905']
18:30:44  INFO      egc  n= 2028  OOF R²=0.9070   fold-bag=['0.895', '0.930', '0.885', '0.920', '0.901']
18:30:44  INFO       ei  n=  222  OOF R²=0.7766   fold-bag=['0.822', '0.754', '0.793', '0.815', '0.694']
18:30:44  INFO      eps  n=  229  OOF R²=0.7916   fold-bag=['0.809', '0.823', '0.811', '0.814', '0.690']
18:30:44  INFO       nc  n=  229  OOF R²=0.8681   fold-bag=['0.844', '0.895', '0.868', '0.863', '0.844']
18:30:44  INFO       tg  n= 4139  OOF R²=0.9083   fold-bag=['0.917', '0.896', '0.906', '0.904', '0.918']
18:30:44  INFO     MEAN R² = 0.8701
18:30:44  INFO   all fold×seed best_epochs = [31, 60, 41, 46, 60, 60, 50, 39, 26, 36, 37, 60, 27, 60, 47]   →   refit for 50 epochs
18:30:44  INFO   [REFIT seed 42 (1/3)] starting refit for 50 epochs
18:31:06  INFO   [REFIT seed 42 (1/3)] epoch   0  train_loss=0.3344  val_loss=nan  epoch_time=20.1s  elapsed=0.3min
18:31:23  INFO   [REFIT seed 42 (1/3)] epoch   1  train_loss=0.2454  val_loss=nan  epoch_time=17.1s  elapsed=0.6min
18:31:40  INFO   [REFIT seed 42 (1/3)] epoch   2  train_loss=0.2067  val_loss=nan  epoch_time=17.0s  elapsed=0.9min
18:31:57  INFO   [REFIT seed 42 (1/3)] epoch   3  train_loss=0.2012  val_loss=nan  epoch_time=17.3s  elapsed=1.2min
18:32:14  INFO   [REFIT seed 42 (1/3)] epoch   4  train_loss=0.1755  val_loss=nan  epoch_time=17.4s  elapsed=1.5min
18:32:31  INFO   [REFIT seed 42 (1/3)] epoch   5  train_loss=0.1609  val_loss=nan  epoch_time=17.0s  elapsed=1.8min
18:32:48  INFO   [REFIT seed 42 (1/3)] epoch   6  train_loss=0.1510  val_loss=nan  epoch_time=16.9s  elapsed=2.0min
18:33:05  INFO   [REFIT seed 42 (1/3)] epoch   7  train_loss=0.1430  val_loss=nan  epoch_time=16.7s  elapsed=2.3min
18:33:21  INFO   [REFIT seed 42 (1/3)] epoch   8  train_loss=0.1311  val_loss=nan  epoch_time=16.6s  elapsed=2.6min
18:33:38  INFO   [REFIT seed 42 (1/3)] epoch   9  train_loss=0.1247  val_loss=nan  epoch_time=16.8s  elapsed=2.9min
18:33:55  INFO   [REFIT seed 42 (1/3)] epoch  10  train_loss=0.1184  val_loss=nan  epoch_time=16.9s  elapsed=3.2min
18:34:12  INFO   [REFIT seed 42 (1/3)] epoch  11  train_loss=0.1125  val_loss=nan  epoch_time=16.9s  elapsed=3.4min
18:34:29  INFO   [REFIT seed 42 (1/3)] epoch  12  train_loss=0.1061  val_loss=nan  epoch_time=17.0s  elapsed=3.7min
18:34:46  INFO   [REFIT seed 42 (1/3)] epoch  13  train_loss=0.1042  val_loss=nan  epoch_time=16.9s  elapsed=4.0min
18:35:03  INFO   [REFIT seed 42 (1/3)] epoch  14  train_loss=0.0932  val_loss=nan  epoch_time=16.8s  elapsed=4.3min
18:35:19  INFO   [REFIT seed 42 (1/3)] epoch  15  train_loss=0.0926  val_loss=nan  epoch_time=16.6s  elapsed=4.6min
18:35:36  INFO   [REFIT seed 42 (1/3)] epoch  16  train_loss=0.0868  val_loss=nan  epoch_time=16.7s  elapsed=4.8min
18:35:53  INFO   [REFIT seed 42 (1/3)] epoch  17  train_loss=0.0882  val_loss=nan  epoch_time=17.4s  elapsed=5.1min
18:36:10  INFO   [REFIT seed 42 (1/3)] epoch  18  train_loss=0.0819  val_loss=nan  epoch_time=16.8s  elapsed=5.4min
18:36:27  INFO   [REFIT seed 42 (1/3)] epoch  19  train_loss=0.0792  val_loss=nan  epoch_time=16.7s  elapsed=5.7min
18:36:44  INFO   [REFIT seed 42 (1/3)] epoch  20  train_loss=0.0749  val_loss=nan  epoch_time=16.6s  elapsed=6.0min
18:37:01  INFO   [REFIT seed 42 (1/3)] epoch  21  train_loss=0.0751  val_loss=nan  epoch_time=17.1s  elapsed=6.3min
18:37:17  INFO   [REFIT seed 42 (1/3)] epoch  22  train_loss=0.0685  val_loss=nan  epoch_time=16.8s  elapsed=6.5min
18:37:37  INFO   [REFIT seed 42 (1/3)] epoch  23  train_loss=0.0674  val_loss=nan  epoch_time=19.4s  elapsed=6.9min
18:37:54  INFO   [REFIT seed 42 (1/3)] epoch  24  train_loss=0.0638  val_loss=nan  epoch_time=16.8s  elapsed=7.1min
18:38:10  INFO   [REFIT seed 42 (1/3)] epoch  25  train_loss=0.0639  val_loss=nan  epoch_time=16.7s  elapsed=7.4min
18:38:27  INFO   [REFIT seed 42 (1/3)] epoch  26  train_loss=0.0609  val_loss=nan  epoch_time=16.9s  elapsed=7.7min
18:38:44  INFO   [REFIT seed 42 (1/3)] epoch  27  train_loss=0.0593  val_loss=nan  epoch_time=16.7s  elapsed=8.0min
18:39:01  INFO   [REFIT seed 42 (1/3)] epoch  28  train_loss=0.0558  val_loss=nan  epoch_time=16.6s  elapsed=8.3min
18:39:17  INFO   [REFIT seed 42 (1/3)] epoch  29  train_loss=0.0548  val_loss=nan  epoch_time=16.5s  elapsed=8.5min
18:39:34  INFO   [REFIT seed 42 (1/3)] epoch  30  train_loss=0.0549  val_loss=nan  epoch_time=17.4s  elapsed=8.8min
18:39:52  INFO   [REFIT seed 42 (1/3)] epoch  31  train_loss=0.0517  val_loss=nan  epoch_time=17.2s  elapsed=9.1min
18:40:09  INFO   [REFIT seed 42 (1/3)] epoch  32  train_loss=0.0497  val_loss=nan  epoch_time=17.0s  elapsed=9.4min
18:40:26  INFO   [REFIT seed 42 (1/3)] epoch  33  train_loss=0.0483  val_loss=nan  epoch_time=16.8s  elapsed=9.7min
18:40:42  INFO   [REFIT seed 42 (1/3)] epoch  34  train_loss=0.0470  val_loss=nan  epoch_time=16.5s  elapsed=9.9min
18:40:59  INFO   [REFIT seed 42 (1/3)] epoch  35  train_loss=0.0474  val_loss=nan  epoch_time=17.0s  elapsed=10.2min
18:41:16  INFO   [REFIT seed 42 (1/3)] epoch  36  train_loss=0.0453  val_loss=nan  epoch_time=16.5s  elapsed=10.5min
18:41:32  INFO   [REFIT seed 42 (1/3)] epoch  37  train_loss=0.0458  val_loss=nan  epoch_time=16.5s  elapsed=10.8min
18:41:49  INFO   [REFIT seed 42 (1/3)] epoch  38  train_loss=0.0439  val_loss=nan  epoch_time=16.7s  elapsed=11.1min
18:42:06  INFO   [REFIT seed 42 (1/3)] epoch  39  train_loss=0.0429  val_loss=nan  epoch_time=17.0s  elapsed=11.3min
18:42:23  INFO   [REFIT seed 42 (1/3)] epoch  40  train_loss=0.0432  val_loss=nan  epoch_time=17.2s  elapsed=11.6min
18:42:40  INFO   [REFIT seed 42 (1/3)] epoch  41  train_loss=0.0428  val_loss=nan  epoch_time=17.0s  elapsed=11.9min
18:42:58  INFO   [REFIT seed 42 (1/3)] epoch  42  train_loss=0.0412  val_loss=nan  epoch_time=17.8s  elapsed=12.2min
18:43:18  INFO   [REFIT seed 42 (1/3)] epoch  43  train_loss=0.0405  val_loss=nan  epoch_time=20.7s  elapsed=12.6min
18:43:36  INFO   [REFIT seed 42 (1/3)] epoch  44  train_loss=0.0390  val_loss=nan  epoch_time=17.5s  elapsed=12.8min
18:43:53  INFO   [REFIT seed 42 (1/3)] epoch  45  train_loss=0.0369  val_loss=nan  epoch_time=17.4s  elapsed=13.1min
18:44:11  INFO   [REFIT seed 42 (1/3)] epoch  46  train_loss=0.0365  val_loss=nan  epoch_time=17.4s  elapsed=13.4min
18:44:27  INFO   [REFIT seed 42 (1/3)] epoch  47  train_loss=0.0366  val_loss=nan  epoch_time=16.7s  elapsed=13.7min
18:44:44  INFO   [REFIT seed 42 (1/3)] epoch  48  train_loss=0.0367  val_loss=nan  epoch_time=16.7s  elapsed=14.0min
18:45:01  INFO   [REFIT seed 42 (1/3)] epoch  49  train_loss=0.0367  val_loss=nan  epoch_time=16.9s  elapsed=14.3min
18:45:01  INFO   [REFIT seed 42 (1/3)] refit done. time=14.3min
18:45:07  INFO   [REFIT seed 43 (2/3)] starting refit for 50 epochs
18:45:25  INFO   [REFIT seed 43 (2/3)] epoch   0  train_loss=0.3344  val_loss=nan  epoch_time=16.3s  elapsed=0.3min
18:45:41  INFO   [REFIT seed 43 (2/3)] epoch   1  train_loss=0.2402  val_loss=nan  epoch_time=16.4s  elapsed=0.5min
18:45:58  INFO   [REFIT seed 43 (2/3)] epoch   2  train_loss=0.2127  val_loss=nan  epoch_time=16.8s  elapsed=0.8min
18:46:14  INFO   [REFIT seed 43 (2/3)] epoch   3  train_loss=0.1861  val_loss=nan  epoch_time=16.6s  elapsed=1.1min
18:46:31  INFO   [REFIT seed 43 (2/3)] epoch   4  train_loss=0.1719  val_loss=nan  epoch_time=16.8s  elapsed=1.4min
18:46:48  INFO   [REFIT seed 43 (2/3)] epoch   5  train_loss=0.1629  val_loss=nan  epoch_time=16.3s  elapsed=1.7min
18:47:05  INFO   [REFIT seed 43 (2/3)] epoch   6  train_loss=0.1486  val_loss=nan  epoch_time=17.7s  elapsed=1.9min
18:47:22  INFO   [REFIT seed 43 (2/3)] epoch   7  train_loss=0.1332  val_loss=nan  epoch_time=16.8s  elapsed=2.2min
18:47:39  INFO   [REFIT seed 43 (2/3)] epoch   8  train_loss=0.1343  val_loss=nan  epoch_time=16.5s  elapsed=2.5min
18:47:55  INFO   [REFIT seed 43 (2/3)] epoch   9  train_loss=0.1181  val_loss=nan  epoch_time=16.9s  elapsed=2.8min
18:48:12  INFO   [REFIT seed 43 (2/3)] epoch  10  train_loss=0.1208  val_loss=nan  epoch_time=16.9s  elapsed=3.1min
18:48:29  INFO   [REFIT seed 43 (2/3)] epoch  11  train_loss=0.1122  val_loss=nan  epoch_time=16.8s  elapsed=3.3min
18:48:45  INFO   [REFIT seed 43 (2/3)] epoch  12  train_loss=0.1085  val_loss=nan  epoch_time=16.4s  elapsed=3.6min
18:49:02  INFO   [REFIT seed 43 (2/3)] epoch  13  train_loss=0.1018  val_loss=nan  epoch_time=16.8s  elapsed=3.9min
18:49:19  INFO   [REFIT seed 43 (2/3)] epoch  14  train_loss=0.0969  val_loss=nan  epoch_time=16.4s  elapsed=4.2min
18:49:35  INFO   [REFIT seed 43 (2/3)] epoch  15  train_loss=0.0931  val_loss=nan  epoch_time=16.7s  elapsed=4.5min
18:49:52  INFO   [REFIT seed 43 (2/3)] epoch  16  train_loss=0.0851  val_loss=nan  epoch_time=16.6s  elapsed=4.7min
18:50:09  INFO   [REFIT seed 43 (2/3)] epoch  17  train_loss=0.0824  val_loss=nan  epoch_time=17.1s  elapsed=5.0min
18:50:26  INFO   [REFIT seed 43 (2/3)] epoch  18  train_loss=0.0797  val_loss=nan  epoch_time=16.4s  elapsed=5.3min
18:50:43  INFO   [REFIT seed 43 (2/3)] epoch  19  train_loss=0.0775  val_loss=nan  epoch_time=17.1s  elapsed=5.6min
18:50:59  INFO   [REFIT seed 43 (2/3)] epoch  20  train_loss=0.0756  val_loss=nan  epoch_time=16.6s  elapsed=5.8min
18:51:16  INFO   [REFIT seed 43 (2/3)] epoch  21  train_loss=0.0711  val_loss=nan  epoch_time=16.4s  elapsed=6.1min
18:51:32  INFO   [REFIT seed 43 (2/3)] epoch  22  train_loss=0.0685  val_loss=nan  epoch_time=16.2s  elapsed=6.4min
18:51:49  INFO   [REFIT seed 43 (2/3)] epoch  23  train_loss=0.0674  val_loss=nan  epoch_time=16.7s  elapsed=6.7min
18:52:06  INFO   [REFIT seed 43 (2/3)] epoch  24  train_loss=0.0605  val_loss=nan  epoch_time=17.1s  elapsed=7.0min
18:52:23  INFO   [REFIT seed 43 (2/3)] epoch  25  train_loss=0.0629  val_loss=nan  epoch_time=16.8s  elapsed=7.2min
18:52:39  INFO   [REFIT seed 43 (2/3)] epoch  26  train_loss=0.0590  val_loss=nan  epoch_time=16.5s  elapsed=7.5min
18:52:56  INFO   [REFIT seed 43 (2/3)] epoch  27  train_loss=0.0551  val_loss=nan  epoch_time=16.5s  elapsed=7.8min
18:53:12  INFO   [REFIT seed 43 (2/3)] epoch  28  train_loss=0.0567  val_loss=nan  epoch_time=16.7s  elapsed=8.1min
18:53:29  INFO   [REFIT seed 43 (2/3)] epoch  29  train_loss=0.0529  val_loss=nan  epoch_time=16.4s  elapsed=8.3min
18:53:45  INFO   [REFIT seed 43 (2/3)] epoch  30  train_loss=0.0504  val_loss=nan  epoch_time=16.5s  elapsed=8.6min
18:54:02  INFO   [REFIT seed 43 (2/3)] epoch  31  train_loss=0.0512  val_loss=nan  epoch_time=16.8s  elapsed=8.9min
18:54:19  INFO   [REFIT seed 43 (2/3)] epoch  32  train_loss=0.0486  val_loss=nan  epoch_time=16.9s  elapsed=9.2min
18:54:35  INFO   [REFIT seed 43 (2/3)] epoch  33  train_loss=0.0488  val_loss=nan  epoch_time=16.5s  elapsed=9.5min
18:54:53  INFO   [REFIT seed 43 (2/3)] epoch  34  train_loss=0.0459  val_loss=nan  epoch_time=17.5s  elapsed=9.7min
18:55:10  INFO   [REFIT seed 43 (2/3)] epoch  35  train_loss=0.0451  val_loss=nan  epoch_time=16.7s  elapsed=10.0min
18:55:26  INFO   [REFIT seed 43 (2/3)] epoch  36  train_loss=0.0427  val_loss=nan  epoch_time=16.2s  elapsed=10.3min
18:55:42  INFO   [REFIT seed 43 (2/3)] epoch  37  train_loss=0.0444  val_loss=nan  epoch_time=16.5s  elapsed=10.6min
18:55:59  INFO   [REFIT seed 43 (2/3)] epoch  38  train_loss=0.0415  val_loss=nan  epoch_time=16.6s  elapsed=10.8min
18:56:16  INFO   [REFIT seed 43 (2/3)] epoch  39  train_loss=0.0405  val_loss=nan  epoch_time=16.7s  elapsed=11.1min
18:56:32  INFO   [REFIT seed 43 (2/3)] epoch  40  train_loss=0.0403  val_loss=nan  epoch_time=16.6s  elapsed=11.4min
18:56:49  INFO   [REFIT seed 43 (2/3)] epoch  41  train_loss=0.0399  val_loss=nan  epoch_time=16.3s  elapsed=11.7min
18:57:05  INFO   [REFIT seed 43 (2/3)] epoch  42  train_loss=0.0408  val_loss=nan  epoch_time=16.9s  elapsed=12.0min
18:57:22  INFO   [REFIT seed 43 (2/3)] epoch  43  train_loss=0.0378  val_loss=nan  epoch_time=16.7s  elapsed=12.2min
18:57:39  INFO   [REFIT seed 43 (2/3)] epoch  44  train_loss=0.0369  val_loss=nan  epoch_time=16.7s  elapsed=12.5min
18:57:56  INFO   [REFIT seed 43 (2/3)] epoch  45  train_loss=0.0368  val_loss=nan  epoch_time=17.0s  elapsed=12.8min
18:58:13  INFO   [REFIT seed 43 (2/3)] epoch  46  train_loss=0.0371  val_loss=nan  epoch_time=16.8s  elapsed=13.1min
18:58:32  INFO   [REFIT seed 43 (2/3)] epoch  47  train_loss=0.0357  val_loss=nan  epoch_time=19.0s  elapsed=13.4min
18:58:50  INFO   [REFIT seed 43 (2/3)] epoch  48  train_loss=0.0349  val_loss=nan  epoch_time=18.8s  elapsed=13.7min
18:59:09  INFO   [REFIT seed 43 (2/3)] epoch  49  train_loss=0.0353  val_loss=nan  epoch_time=18.7s  elapsed=14.0min
18:59:09  INFO   [REFIT seed 43 (2/3)] refit done. time=14.0min
18:59:15  INFO   [REFIT seed 44 (3/3)] starting refit for 50 epochs
18:59:34  INFO   [REFIT seed 44 (3/3)] epoch   0  train_loss=0.3450  val_loss=nan  epoch_time=17.7s  elapsed=0.3min
18:59:54  INFO   [REFIT seed 44 (3/3)] epoch   1  train_loss=0.2416  val_loss=nan  epoch_time=20.3s  elapsed=0.6min
19:00:12  INFO   [REFIT seed 44 (3/3)] epoch   2  train_loss=0.2171  val_loss=nan  epoch_time=18.1s  elapsed=0.9min
19:00:30  INFO   [REFIT seed 44 (3/3)] epoch   3  train_loss=0.1959  val_loss=nan  epoch_time=17.4s  elapsed=1.2min
19:00:47  INFO   [REFIT seed 44 (3/3)] epoch   4  train_loss=0.1795  val_loss=nan  epoch_time=17.0s  elapsed=1.5min
19:01:04  INFO   [REFIT seed 44 (3/3)] epoch   5  train_loss=0.1612  val_loss=nan  epoch_time=17.1s  elapsed=1.8min
19:01:20  INFO   [REFIT seed 44 (3/3)] epoch   6  train_loss=0.1521  val_loss=nan  epoch_time=16.7s  elapsed=2.1min
19:01:37  INFO   [REFIT seed 44 (3/3)] epoch   7  train_loss=0.1457  val_loss=nan  epoch_time=16.3s  elapsed=2.3min
19:01:54  INFO   [REFIT seed 44 (3/3)] epoch   8  train_loss=0.1377  val_loss=nan  epoch_time=17.0s  elapsed=2.6min
19:02:11  INFO   [REFIT seed 44 (3/3)] epoch   9  train_loss=0.1338  val_loss=nan  epoch_time=17.5s  elapsed=2.9min
19:02:29  INFO   [REFIT seed 44 (3/3)] epoch  10  train_loss=0.1261  val_loss=nan  epoch_time=17.4s  elapsed=3.2min
19:02:46  INFO   [REFIT seed 44 (3/3)] epoch  11  train_loss=0.1139  val_loss=nan  epoch_time=17.2s  elapsed=3.5min
19:03:03  INFO   [REFIT seed 44 (3/3)] epoch  12  train_loss=0.1045  val_loss=nan  epoch_time=17.0s  elapsed=3.8min
19:03:19  INFO   [REFIT seed 44 (3/3)] epoch  13  train_loss=0.0995  val_loss=nan  epoch_time=16.3s  elapsed=4.0min
19:03:36  INFO   [REFIT seed 44 (3/3)] epoch  14  train_loss=0.1016  val_loss=nan  epoch_time=16.5s  elapsed=4.3min
19:03:52  INFO   [REFIT seed 44 (3/3)] epoch  15  train_loss=0.0912  val_loss=nan  epoch_time=16.8s  elapsed=4.6min
19:04:09  INFO   [REFIT seed 44 (3/3)] epoch  16  train_loss=0.0887  val_loss=nan  epoch_time=16.8s  elapsed=4.9min
19:04:26  INFO   [REFIT seed 44 (3/3)] epoch  17  train_loss=0.0866  val_loss=nan  epoch_time=16.6s  elapsed=5.2min
19:04:42  INFO   [REFIT seed 44 (3/3)] epoch  18  train_loss=0.0807  val_loss=nan  epoch_time=16.2s  elapsed=5.4min
19:04:59  INFO   [REFIT seed 44 (3/3)] epoch  19  train_loss=0.0810  val_loss=nan  epoch_time=16.6s  elapsed=5.7min
19:05:15  INFO   [REFIT seed 44 (3/3)] epoch  20  train_loss=0.0762  val_loss=nan  epoch_time=16.5s  elapsed=6.0min
19:05:32  INFO   [REFIT seed 44 (3/3)] epoch  21  train_loss=0.0706  val_loss=nan  epoch_time=16.4s  elapsed=6.3min
19:05:48  INFO   [REFIT seed 44 (3/3)] epoch  22  train_loss=0.0675  val_loss=nan  epoch_time=16.5s  elapsed=6.5min
19:06:05  INFO   [REFIT seed 44 (3/3)] epoch  23  train_loss=0.0656  val_loss=nan  epoch_time=17.1s  elapsed=6.8min
19:06:22  INFO   [REFIT seed 44 (3/3)] epoch  24  train_loss=0.0626  val_loss=nan  epoch_time=16.7s  elapsed=7.1min
19:06:38  INFO   [REFIT seed 44 (3/3)] epoch  25  train_loss=0.0634  val_loss=nan  epoch_time=16.4s  elapsed=7.4min
19:06:56  INFO   [REFIT seed 44 (3/3)] epoch  26  train_loss=0.0596  val_loss=nan  epoch_time=17.4s  elapsed=7.7min
19:07:12  INFO   [REFIT seed 44 (3/3)] epoch  27  train_loss=0.0558  val_loss=nan  epoch_time=16.7s  elapsed=7.9min
19:07:29  INFO   [REFIT seed 44 (3/3)] epoch  28  train_loss=0.0556  val_loss=nan  epoch_time=16.5s  elapsed=8.2min
19:07:45  INFO   [REFIT seed 44 (3/3)] epoch  29  train_loss=0.0540  val_loss=nan  epoch_time=16.5s  elapsed=8.5min
19:08:02  INFO   [REFIT seed 44 (3/3)] epoch  30  train_loss=0.0539  val_loss=nan  epoch_time=16.8s  elapsed=8.8min
19:08:19  INFO   [REFIT seed 44 (3/3)] epoch  31  train_loss=0.0511  val_loss=nan  epoch_time=16.9s  elapsed=9.0min
19:08:36  INFO   [REFIT seed 44 (3/3)] epoch  32  train_loss=0.0507  val_loss=nan  epoch_time=16.6s  elapsed=9.3min
19:08:52  INFO   [REFIT seed 44 (3/3)] epoch  33  train_loss=0.0511  val_loss=nan  epoch_time=16.6s  elapsed=9.6min
19:09:09  INFO   [REFIT seed 44 (3/3)] epoch  34  train_loss=0.0476  val_loss=nan  epoch_time=16.7s  elapsed=9.9min
19:09:25  INFO   [REFIT seed 44 (3/3)] epoch  35  train_loss=0.0473  val_loss=nan  epoch_time=16.4s  elapsed=10.2min
19:09:42  INFO   [REFIT seed 44 (3/3)] epoch  36  train_loss=0.0456  val_loss=nan  epoch_time=17.0s  elapsed=10.4min
19:09:59  INFO   [REFIT seed 44 (3/3)] epoch  37  train_loss=0.0434  val_loss=nan  epoch_time=16.9s  elapsed=10.7min
19:10:16  INFO   [REFIT seed 44 (3/3)] epoch  38  train_loss=0.0433  val_loss=nan  epoch_time=17.0s  elapsed=11.0min
19:10:33  INFO   [REFIT seed 44 (3/3)] epoch  39  train_loss=0.0430  val_loss=nan  epoch_time=16.8s  elapsed=11.3min
19:10:50  INFO   [REFIT seed 44 (3/3)] epoch  40  train_loss=0.0434  val_loss=nan  epoch_time=16.5s  elapsed=11.6min
19:11:06  INFO   [REFIT seed 44 (3/3)] epoch  41  train_loss=0.0399  val_loss=nan  epoch_time=16.3s  elapsed=11.8min
19:11:23  INFO   [REFIT seed 44 (3/3)] epoch  42  train_loss=0.0391  val_loss=nan  epoch_time=16.7s  elapsed=12.1min
19:11:39  INFO   [REFIT seed 44 (3/3)] epoch  43  train_loss=0.0396  val_loss=nan  epoch_time=16.2s  elapsed=12.4min
19:11:55  INFO   [REFIT seed 44 (3/3)] epoch  44  train_loss=0.0379  val_loss=nan  epoch_time=16.6s  elapsed=12.7min
19:12:12  INFO   [REFIT seed 44 (3/3)] epoch  45  train_loss=0.0393  val_loss=nan  epoch_time=16.4s  elapsed=12.9min
19:12:29  INFO   [REFIT seed 44 (3/3)] epoch  46  train_loss=0.0382  val_loss=nan  epoch_time=17.4s  elapsed=13.2min
19:12:45  INFO   [REFIT seed 44 (3/3)] epoch  47  train_loss=0.0383  val_loss=nan  epoch_time=16.4s  elapsed=13.5min
19:13:02  INFO   [REFIT seed 44 (3/3)] epoch  48  train_loss=0.0378  val_loss=nan  epoch_time=16.7s  elapsed=13.8min
19:13:19  INFO   [REFIT seed 44 (3/3)] epoch  49  train_loss=0.0373  val_loss=nan  epoch_time=16.5s  elapsed=14.0min
19:13:19  INFO   [REFIT seed 44 (3/3)] refit done. time=14.0min
19:13:24  INFO   cached refit test predictions to refit_test_preds.pkl.gz
19:13:25  INFO   wrote /Users/dhruval/Documents/polymer-property-prediction-2/results/exp_chemprop_multitask_cpu_3seed/oof.csv  rows=7405
19:13:25  INFO   wrote /Users/dhruval/Documents/polymer-property-prediction-2/results/exp_chemprop_multitask_cpu_3seed/submission.csv  rows=4940
19:13:25  INFO   wrote /Users/dhruval/Documents/polymer-property-prediction-2/results/exp_chemprop_multitask_cpu_3seed/cv_summary.json
19:13:25  INFO   ============================================================
19:13:25  INFO   FINAL PER-TARGET OOF R²  (3-seed bag)  vs single-seed Chemprop reference
19:13:25  INFO   ============================================================
19:13:25  INFO     target      3-seed      single     delta
19:13:25  INFO        eea      0.9082      0.8883   +0.0199
19:13:25  INFO        egb      0.9305      0.9251   +0.0054
19:13:25  INFO        egc      0.9070      0.8830   +0.0240
19:13:25  INFO         ei      0.7766      0.7804   -0.0038
19:13:25  INFO        eps      0.7916      0.7584   +0.0332
19:13:25  INFO         nc      0.8681      0.8599   +0.0082
19:13:25  INFO         tg      0.9083      0.8934   +0.0149
19:13:25  INFO       MEAN      0.8701      0.8555   +0.0146
19:13:25  INFO     (single-seed Chemprop LB reference: 0.887)
19:13:25  INFO   total wall time: 224.7min
