id,target
1,4.253243923187256
2,2.481260061264038
3,309.1285400390625
4,-15.39306640625
5,4.699759483337402
6,6.762149810791016
7,5.391582012176514
8,59.06466293334961
9,79.91442108154297
10,53.272308349609375
11,38.614707946777344
12,-3.278264284133911
13,255.64414978027344
14,194.22618103027344
15,3.79079270362854
16,261.04595947265625
17,3.2677366733551025
18,84.6952896118164
19,2.9729788303375244
20,6.511046886444092
21,-68.42440032958984
22,59.287322998046875
23,3.1415770053863525
24,2.9095537662506104
25,17.060150146484375
26,78.1501235961914
27,1.197896122932434
28,170.8243865966797
29,44.94486618041992
30,3.8514392375946045
31,6.707315921783447
32,33.03150177001953
33,50.91298294067383
34,4.412480354309082
35,2.4206149578094482
36,5.596679210662842
37,267.4707946777344
38,223.37030029296875
39,64.79619598388672
40,118.29938507080078
41,-49.50918197631836
42,2.248880386352539
43,6.029229640960693
44,4.388889312744141
45,91.3028793334961
46,44.34247970581055
47,3.109492540359497
48,-81.3995590209961
49,4.265712738037109
50,1.8043144941329956
51,232.3108367919922
52,3.2545554637908936
53,1.7488919496536255
54,68.63980102539062
55,2.950361490249634
56,4.517134189605713
57,5.642648696899414
58,154.0361785888672
59,221.95603942871094
60,6.904352188110352
61,2.2304086685180664
62,210.2374267578125
63,6.694723129272461
64,2.9138896465301514
65,1.892600655555725
66,4.862819194793701
67,4.925519943237305
68,204.47105407714844
69,121.68282318115234
70,1.8385677337646484
71,2.52400803565979
72,2.4737353324890137
73,31.67014503479004
74,242.32867431640625
75,223.48236083984375
76,6.599608898162842
77,6.051153182983398
78,127.77731323242188
79,271.1223449707031
80,3.854651689529419
81,40.62562942504883
82,4.230017185211182
83,156.5900115966797
84,37.44879150390625
85,5.43622350692749
86,2.2902660369873047
87,53.26681137084961
88,221.12420654296875
89,6.014155864715576
90,5.34784460067749
91,52.876708984375
92,71.80691528320312
93,33.10091781616211
94,5.913143634796143
95,3.9923617839813232
96,3.085688352584839
97,6.846160888671875
98,221.010498046875
99,76.83292388916016
100,275.6324768066406
101,5.824179172515869
102,253.32398986816406
103,2.937487840652466
104,6.7139763832092285
105,110.8526611328125
106,-44.356231689453125
107,273.1701965332031
108,2.767115592956543
109,197.59095764160156
110,3.5036754608154297
111,57.7532844543457
112,2.161987781524658
113,147.88771057128906
114,6.681938171386719
115,5.6592535972595215
116,399.3209533691406
117,187.0668487548828
118,166.20864868164062
119,230.1298828125
120,335.344970703125
121,139.85450744628906
122,3.772700548171997
123,87.4931869506836
124,258.9886169433594
125,109.833984375
126,6.326283931732178
127,115.77764129638672
128,3.9135818481445312
129,229.5454559326172
130,82.73152923583984
131,63.79331588745117
132,-1.503308653831482
133,-113.3291244506836
134,335.5077819824219
135,5.791114807128906
136,1.6320667266845703
137,145.51768493652344
138,5.8180251121521
139,198.36566162109375
140,287.6349182128906
141,59.108489990234375
142,-27.708358764648438
143,60.218013763427734
144,11.850288391113281
145,6.904473781585693
146,170.21702575683594
147,209.1844482421875
148,1.781298041343689
149,325.2563781738281
150,52.049373626708984
151,282.2862854003906
152,231.4077606201172
153,176.0133056640625
154,45.23691940307617
155,4.1294331550598145
156,220.39044189453125
157,113.17208099365234
158,152.17901611328125
159,145.1551513671875
160,6.365319728851318
161,69.06199645996094
162,4.694425106048584
163,298.2641296386719
164,3.003716230392456
165,78.23661041259766
166,210.47157287597656
167,337.1321716308594
168,7.717765808105469
169,1.8326443433761597
170,211.28004455566406
171,3.1760895252227783
172,4.324057579040527
173,-49.9377326965332
174,4.414394855499268
175,5.6187520027160645
176,140.9552001953125
177,76.55590057373047
178,307.5369567871094
179,107.08528900146484
180,209.3744659423828
181,6.781282424926758
182,2.920194387435913
183,286.8642883300781
184,8.216641426086426
185,1.5839613676071167
186,3.406002998352051
187,2.938471794128418
188,3.904400587081909
189,65.4219741821289
190,4.533682346343994
191,2.272233247756958
192,33.15922927856445
193,3.1883628368377686
194,320.134765625
195,100.23236083984375
196,277.7568664550781
197,115.141845703125
198,222.67005920410156
199,46.27350997924805
200,2.4231488704681396
201,3.32279896736145
202,82.53988647460938
203,49.60811996459961
204,4.643592357635498
205,279.8811950683594
206,67.27291870117188
207,203.2752685546875
208,126.25772857666016
209,71.99897003173828
210,160.2691192626953
211,61.2996711730957
212,95.5181884765625
213,262.9539794921875
214,74.25798034667969
215,28.915987014770508
216,168.0570831298828
217,100.7051773071289
218,156.96575927734375
219,199.12353515625
220,5.8638691902160645
221,216.5470428466797
222,149.3086395263672
223,3.210540533065796
224,189.15313720703125
225,263.7008056640625
226,155.95420837402344
227,48.10676574707031
228,268.4583740234375
229,276.6325378417969
230,0.7461424469947815
231,216.0086212158203
232,47.0070686340332
233,56.43794631958008
234,259.6514587402344
235,106.6475830078125
236,2.2104504108428955
237,6.508458614349365
238,34.9011116027832
239,6.519779205322266
240,173.5421142578125
241,313.8548278808594
242,240.8807373046875
243,4.497982025146484
244,4.440103530883789
245,44.55900192260742
246,140.82176208496094
247,144.74888610839844
248,5.28720235824585
249,5.6839447021484375
250,62.5064582824707
251,56.37961959838867
252,197.1680145263672
253,8.088493347167969
254,196.9762420654297
255,-62.65568161010742
256,6.672918319702148
257,2.0434820652008057
258,79.0856704711914
259,286.2678527832031
260,2.1125481128692627
261,5.660348415374756
262,6.270758152008057
263,-30.494115829467773
264,3.649378538131714
265,3.448368787765503
266,2.01651930809021
267,3.573796510696411
268,1.8162903785705566
269,195.9625244140625
270,3.1626508235931396
271,160.9147491455078
272,137.50563049316406
273,4.6328911781311035
274,3.7581608295440674
275,320.3888244628906
276,166.81564331054688
277,180.31561279296875
278,-71.62057495117188
279,4.833042621612549
280,188.66131591796875
281,5.2575907707214355
282,216.11863708496094
283,188.01971435546875
284,144.68267822265625
285,247.0153045654297
286,143.6303253173828
287,228.46217346191406
288,6.445865154266357
289,153.9912567138672
290,4.892702102661133
291,50.19484329223633
292,4.530027389526367
293,97.83230590820312
294,122.45899200439453
295,6.436302661895752
296,116.81749725341797
297,49.29863357543945
298,-71.69786834716797
299,199.3019256591797
300,5.75812292098999
301,4.003809452056885
302,4.823017597198486
303,4.636804580688477
304,3.9660394191741943
305,4.789933681488037
306,238.0780029296875
307,3.1145222187042236
308,3.2010250091552734
309,135.09812927246094
310,2.1371400356292725
311,2.222801446914673
312,3.7715160846710205
313,149.2729949951172
314,4.023437976837158
315,-2.2576100826263428
316,1.6084293127059937
317,5.028747081756592
318,3.83976149559021
319,71.34394073486328
320,1.8410345315933228
321,6.23150110244751
322,2.8622024059295654
323,1.8261189460754395
324,2.382272958755493
325,3.43611741065979
326,4.958347320556641
327,47.2698860168457
328,5.01399564743042
329,101.60767364501953
330,54.615108489990234
331,66.64942932128906
332,5.735666751861572
333,3.398944139480591
334,6.841372013092041
335,137.6907501220703
336,3.8643829822540283
337,2.3341190814971924
338,128.8489227294922
339,42.69807052612305
340,285.7079772949219
341,138.09532165527344
342,86.66422271728516
343,3.5845234394073486
344,2.5994036197662354
345,113.3800277709961
346,3.1593761444091797
347,5.868200778961182
348,115.2131576538086
349,-72.81082916259766
350,104.5484848022461
351,237.3500213623047
352,21.218767166137695
353,1.1308513879776
354,5.878129482269287
355,393.6627197265625
356,210.88584899902344
357,3.3374176025390625
358,44.84979248046875
359,4.5038933753967285
360,143.25494384765625
361,4.587672233581543
362,5.111326694488525
363,38.73027420043945
364,4.361423015594482
365,5.547312259674072
366,70.9662094116211
367,4.610376358032227
368,238.1455078125
369,5.31959342956543
370,-17.30881690979004
371,242.62940979003906
372,66.51248931884766
373,158.93519592285156
374,4.578857421875
375,108.20714569091797
376,3.0549514293670654
377,2.7612946033477783
378,4.0884528160095215
379,3.109651565551758
380,0.7199797034263611
381,5.907482624053955
382,7.488617420196533
383,174.0619354248047
384,1.8002408742904663
385,3.6210901737213135
386,298.6120300292969
387,1.7740751504898071
388,3.947636842727661
389,88.4499740600586
390,5.612664699554443
391,167.2740936279297
392,6.609327793121338
393,3.8371334075927734
394,315.5233154296875
395,188.9346160888672
396,1.919268250465393
397,1.727059006690979
398,7.538960933685303
399,165.66212463378906
400,220.49937438964844
401,1.628835678100586
402,6.52266263961792
403,6.127162456512451
404,5.794588088989258
405,22.53766441345215
406,7.552497863769531
407,-56.68280029296875
408,4.314723968505859
409,2.93298077583313
410,3.698237180709839
411,2.5745303630828857
412,-17.88716697692871
413,316.6675109863281
414,5.841274261474609
415,53.58251953125
416,3.123522996902466
417,6.830513000488281
418,5.2441887855529785
419,5.704376220703125
420,4.8043437004089355
421,127.05120086669922
422,201.94744873046875
423,171.8435821533203
424,142.48460388183594
425,5.881749629974365
426,223.7627716064453
427,3.8808937072753906
428,251.5788116455078
429,2.0358431339263916
430,4.506980895996094
431,259.9056091308594
432,143.3284149169922
433,23.63060760498047
434,6.373584270477295
435,69.71155548095703
436,236.56805419921875
437,229.11322021484375
438,165.0540771484375
439,5.9468255043029785
440,256.9037780761719
441,219.4166259765625
442,127.14117431640625
443,329.726806640625
444,5.688713073730469
445,6.476063251495361
446,62.9193229675293
447,1.276084303855896
448,6.277778148651123
449,337.6901550292969
450,277.9078063964844
451,144.7578582763672
452,222.79473876953125
453,1.847712516784668
454,4.122272491455078
455,124.55172729492188
456,2.3129594326019287
457,4.910054683685303
458,268.0114440917969
459,66.81287384033203
460,2.604034423828125
461,144.43568420410156
462,6.585704326629639
463,200.0594024658203
464,5.344245910644531
465,154.7560272216797
466,70.9176025390625
467,2.3305208683013916
468,5.655799865722656
469,48.04594802856445
470,32.98796081542969
471,1.7817825078964233
472,1.843308925628662
473,43.89530944824219
474,5.914943695068359
475,119.74820709228516
476,6.9536519050598145
477,2.373096227645874
478,4.3772406578063965
479,213.20106506347656
480,4.942396640777588
481,6.369516849517822
482,224.051025390625
483,1.7227522134780884
484,204.55796813964844
485,106.50555419921875
486,4.294036388397217
487,2.5376675128936768
488,209.2221221923828
489,2.8193721771240234
490,4.752768516540527
491,6.5576324462890625
492,3.481144905090332
493,3.924665689468384
494,220.5364990234375
495,5.823726654052734
496,113.36991119384766
497,6.582346439361572
498,5.5159687995910645
499,5.9209136962890625
500,14.061408996582031
501,3.4708163738250732
502,313.2665100097656
503,86.95307159423828
504,0.048675537109375
505,1.7863998413085938
506,6.486232757568359
507,330.3020324707031
508,72.2428970336914
509,253.39076232910156
510,4.247532367706299
511,120.04865264892578
512,196.19544982910156
513,249.77113342285156
514,297.8430480957031
515,315.1855163574219
516,219.035400390625
517,331.77935791015625
518,7.480811595916748
519,44.78266525268555
520,287.3732604980469
521,1.5641193389892578
522,3.7565319538116455
523,221.67845153808594
524,4.356491565704346
525,174.44187927246094
526,5.962047576904297
527,4.641092777252197
528,4.597740650177002
529,6.469433307647705
530,254.74012756347656
531,116.24160766601562
532,3.6379191875457764
533,63.00358200073242
534,4.298145294189453
535,6.836643695831299
536,5.918973922729492
537,1.2255970239639282
538,5.171854019165039
539,263.4402770996094
540,261.6272277832031
541,230.16407775878906
542,95.10901641845703
543,110.8901596069336
544,5.078948497772217
545,4.041954040527344
546,2.8004655838012695
547,2.0038812160491943
548,310.3722229003906
549,5.851526737213135
550,244.3493194580078
551,5.824834823608398
552,115.32437896728516
553,3.741598129272461
554,73.09532928466797
555,124.2365493774414
556,235.87359619140625
557,187.2708740234375
558,5.443404674530029
559,6.088682651519775
560,174.7802734375
561,194.51869201660156
562,161.33045959472656
563,3.3604156970977783
564,14.862686157226562
565,168.66921997070312
566,2.6895179748535156
567,57.63101577758789
568,97.4063491821289
569,332.63836669921875
570,3.6608448028564453
571,202.37330627441406
572,3.3741273880004883
573,104.49964141845703
574,113.4576187133789
575,7.856675624847412
576,1.8327268362045288
577,2.975466728210449
578,173.07579040527344
579,-11.147196769714355
580,258.1045227050781
581,63.53298568725586
582,49.502593994140625
583,5.274511814117432
584,3.322011947631836
585,158.5756072998047
586,5.091517925262451
587,236.1504364013672
588,3.095043420791626
589,207.8192596435547
590,277.9911804199219
591,148.635986328125
592,6.828338623046875
593,233.7471923828125
594,250.9930877685547
595,38.45936584472656
596,5.314356803894043
597,93.55490112304688
598,2.556161880493164
599,57.326297760009766
600,184.2018585205078
601,172.719482421875
602,38.65473556518555
603,2.023561477661133
604,250.6555938720703
605,2.89030385017395
606,2.488910436630249
607,6.754977703094482
608,45.72816848754883
609,289.02105712890625
610,51.727264404296875
611,68.50949096679688
612,-8.611485481262207
613,33.69451904296875
614,49.68461990356445
615,1.9473689794540405
616,187.8151092529297
617,-66.78160858154297
618,235.28175354003906
619,4.821835041046143
620,5.542099475860596
621,185.2546844482422
622,85.47000885009766
623,164.41893005371094
624,188.17051696777344
625,2.460137367248535
626,2.1301326751708984
627,76.54052734375
628,4.817469120025635
629,203.7942657470703
630,4.410229682922363
631,2.177912473678589
632,189.1366729736328
633,140.80467224121094
634,221.72007751464844
635,2.764563798904419
636,95.7110366821289
637,110.97403717041016
638,6.610331058502197
639,36.06480026245117
640,108.83661651611328
641,6.939891815185547
642,3.3795249462127686
643,288.0341796875
644,3.3122177124023438
645,88.7677001953125
646,73.38990020751953
647,182.6234588623047
648,251.51075744628906
649,374.8165588378906
650,320.2066345214844
651,54.66653823852539
652,52.55331039428711
653,3.277416467666626
654,188.5142059326172
655,-24.1026611328125
656,149.66603088378906
657,166.10340881347656
658,290.4339294433594
659,1.8925021886825562
660,123.2708511352539
661,3.8495140075683594
662,142.24037170410156
663,3.644968032836914
664,-56.72787857055664
665,83.65472412109375
666,141.5939178466797
667,249.8564453125
668,317.4139099121094
669,150.31982421875
670,190.4657745361328
671,105.41583251953125
672,99.2072982788086
673,4.180184841156006
674,5.79053258895874
675,5.8481926918029785
676,5.405920505523682
677,29.73023796081543
678,186.00347900390625
679,4.859670639038086
680,3.2799508571624756
681,1.925795555114746
682,55.34375
683,5.965600490570068
684,172.1497802734375
685,227.48834228515625
686,5.5729217529296875
687,381.0260314941406
688,86.36055755615234
689,83.8010482788086
690,317.85595703125
691,3.84900164604187
692,55.95331954956055
693,5.21916389465332
694,7.698117733001709
695,54.87202072143555
696,290.4717712402344
697,0.6448692083358765
698,220.599853515625
699,1.2758547067642212
700,256.3102111816406
701,3.3860599994659424
702,3.2644834518432617
703,56.01723098754883
704,82.70181274414062
705,167.52674865722656
706,187.3831024169922
707,151.85409545898438
708,47.97163009643555
709,91.36663055419922
710,231.08384704589844
711,244.9334716796875
712,6.6301960945129395
713,9.033175468444824
714,6.718546390533447
715,238.3627471923828
716,3.7447445392608643
717,82.31671142578125
718,369.79833984375
719,200.7154998779297
720,4.864312648773193
721,149.99876403808594
722,2.2685725688934326
723,6.490151882171631
724,2.259540319442749
725,2.4995338916778564
726,106.36962890625
727,238.15618896484375
728,42.25221633911133
729,50.24412155151367
730,52.90461349487305
731,290.85211181640625
732,4.741757869720459
733,6.585371494293213
734,23.68311882019043
735,248.5598907470703
736,49.0159912109375
737,39.867740631103516
738,138.0409698486328
739,278.9948425292969
740,130.45281982421875
741,19.789121627807617
742,270.1949768066406
743,143.84161376953125
744,1.4405266046524048
745,278.2687683105469
746,180.3297119140625
747,4.117882251739502
748,60.92253494262695
749,94.254150390625
750,188.37103271484375
751,76.35501861572266
752,231.6901397705078
753,1.9347368478775024
754,242.0785675048828
755,6.466030597686768
756,5.9190754890441895
757,173.54270935058594
758,2.2501955032348633
759,55.1799201965332
760,-7.26953125
761,218.6911163330078
762,5.081467628479004
763,2.195143461227417
764,104.25199127197266
765,4.762354373931885
766,28.91341209411621
767,0.798537015914917
768,5.053325176239014
769,5.801303386688232
770,2.1697139739990234
771,271.9808044433594
772,73.5891342163086
773,115.6560287475586
774,-19.003564834594727
775,35.12186813354492
776,3.9263007640838623
777,192.9287567138672
778,-17.09734535217285
779,172.055419921875
780,53.49225997924805
781,331.4806213378906
782,3.9256832599639893
783,48.664093017578125
784,2.7597053050994873
785,19.98207664489746
786,138.9097137451172
787,5.54065465927124
788,1.8775091171264648
789,168.0446319580078
790,97.02062225341797
791,-29.25728416442871
792,111.63912200927734
793,-84.73741149902344
794,305.6629333496094
795,-58.18212890625
796,134.33126831054688
797,3.434893846511841
798,56.398773193359375
799,3.3194141387939453
800,5.969568729400635
801,235.2734375
802,98.38101959228516
803,174.2509765625
804,6.642215251922607
805,1.7751561403274536
806,175.9289093017578
807,2.261704683303833
808,78.34697723388672
809,1.6187161207199097
810,50.16035079956055
811,255.6511688232422
812,95.51097869873047
813,270.5037536621094
814,6.0264668464660645
815,4.681432723999023
816,6.794724941253662
817,2.0781409740448
818,4.463175296783447
819,5.094751834869385
820,84.5850601196289
821,5.835381984710693
822,2.0152177810668945
823,33.092105865478516
824,88.9991683959961
825,7.348637104034424
826,85.0074234008789
827,4.114741325378418
828,6.410839080810547
829,38.188453674316406
830,157.4330596923828
831,96.84359741210938
832,6.051642894744873
833,260.7994079589844
834,206.62477111816406
835,92.1736831665039
836,2.370323419570923
837,55.0964469909668
838,156.9244842529297
839,5.8032989501953125
840,222.63201904296875
841,146.2166748046875
842,58.17815017700195
843,2.8569061756134033
844,2.4815123081207275
845,5.304571628570557
846,6.422914505004883
847,5.6111931800842285
848,139.11326599121094
849,6.598299503326416
850,89.54521942138672
851,10.545516967773438
852,31.298006057739258
853,91.70938873291016
854,47.39249801635742
855,7.863454818725586
856,227.0269317626953
857,90.7669906616211
858,65.0335922241211
859,218.8938751220703
860,2.0730669498443604
861,3.3003456592559814
862,2.938866376876831
863,118.85626983642578
864,245.0451202392578
865,261.2077941894531
866,198.9706573486328
867,5.509779453277588
868,111.610107421875
869,165.37908935546875
870,107.9142837524414
871,143.0454559326172
872,121.84497833251953
873,2.9663169384002686
874,66.32823944091797
875,6.716184616088867
876,107.8624267578125
877,36.12137985229492
878,159.35169982910156
879,4.820263385772705
880,6.9446539878845215
881,165.85488891601562
882,5.829089641571045
883,229.6499786376953
884,5.940498352050781
885,171.6138916015625
886,72.3286361694336
887,2.405118703842163
888,2.1661999225616455
889,271.3727111816406
890,3.9295380115509033
891,3.2035133838653564
892,75.73645782470703
893,5.19054651260376
894,-5.00707483291626
895,3.5286223888397217
896,198.5579833984375
897,2.446148633956909
898,205.1529083251953
899,-55.7335090637207
900,249.5967254638672
901,3.8851072788238525
902,200.29888916015625
903,5.4831390380859375
904,131.713623046875
905,1.900167465209961
906,0.8734199404716492
907,207.57972717285156
908,42.7561149597168
909,88.54788970947266
910,2.47925066947937
911,6.752400875091553
912,290.8072814941406
913,178.09434509277344
914,289.0762634277344
915,124.165283203125
916,127.42794036865234
917,-5.23547887802124
918,2.2695577144622803
919,2.9153645038604736
920,380.7854919433594
921,132.82069396972656
922,178.4415283203125
923,2.762699842453003
924,88.83702850341797
925,181.34747314453125
926,54.5604248046875
927,68.85723876953125
928,5.489844799041748
929,26.448076248168945
930,-32.533451080322266
931,204.1636505126953
932,188.7877960205078
933,5.524566650390625
934,2.069524049758911
935,182.81884765625
936,20.955835342407227
937,3.5593059062957764
938,4.622048854827881
939,133.36134338378906
940,1.2069185972213745
941,5.965174198150635
942,4.993312835693359
943,126.32723999023438
944,5.0817790031433105
945,2.0059797763824463
946,87.70877838134766
947,52.093719482421875
948,36.42633056640625
949,232.6796875
950,380.4954833984375
951,42.25481414794922
952,-29.5248966217041
953,6.167655944824219
954,247.0929412841797
955,167.4908905029297
956,128.471923828125
957,2.3516669273376465
958,3.226437568664551
959,179.95079040527344
960,47.5253791809082
961,155.37574768066406
962,3.1892802715301514
963,6.4694342613220215
964,5.079349517822266
965,7.214661121368408
966,4.15341329574585
967,40.382389068603516
968,165.0904083251953
969,217.8843231201172
970,6.332998752593994
971,351.9462890625
972,5.639892578125
973,119.13086700439453
974,5.188212871551514
975,4.196199893951416
976,5.428544521331787
977,168.9661102294922
978,319.2203674316406
979,2.9562225341796875
980,1.829854130744934
981,3.2340900897979736
982,41.59902572631836
983,299.6485900878906
984,340.57647705078125
985,255.8651885986328
986,84.78705596923828
987,3.6500298976898193
988,237.8689727783203
989,332.3087463378906
990,148.99789428710938
991,4.021245002746582
992,313.4867858886719
993,182.516357421875
994,3.3268797397613525
995,-8.744099617004395
996,-7.565541744232178
997,2.0572290420532227
998,44.294551849365234
999,91.84222412109375
1000,-33.40529251098633
1001,282.2537841796875
1002,170.30807495117188
1003,5.737131595611572
1004,1.1426619291305542
1005,1.7844871282577515
1006,3.7419815063476562
1007,124.0307846069336
1008,1.9470802545547485
1009,7.13610315322876
1010,73.63521575927734
1011,256.7877197265625
1012,-16.56516456604004
1013,215.9664764404297
1014,70.11427307128906
1015,221.544921875
1016,6.644004821777344
1017,5.315207004547119
1018,3.0672051906585693
1019,6.419771194458008
1020,4.129463195800781
1021,142.2486572265625
1022,80.31845092773438
1023,173.1333465576172
1024,164.4542694091797
1025,5.343715667724609
1026,3.833620071411133
1027,4.902987003326416
1028,77.75888061523438
1029,3.617431640625
1030,29.887807846069336
1031,270.99468994140625
1032,3.152298927307129
1033,2.7813217639923096
1034,236.05458068847656
1035,1.261357307434082
1036,232.86082458496094
1037,6.890087604522705
1038,45.51430130004883
1039,3.8128836154937744
1040,13.108563423156738
1041,3.024484634399414
1042,4.008477687835693
1043,3.508005142211914
1044,328.8066101074219
1045,160.2313232421875
1046,43.12318801879883
1047,212.5966339111328
1048,1.7795977592468262
1049,3.550011396408081
1050,5.915407657623291
1051,84.09928131103516
1052,167.6591796875
1053,244.0143585205078
1054,6.217365264892578
1055,26.420602798461914
1056,21.222015380859375
1057,4.536421298980713
1058,3.024000406265259
1059,3.027135133743286
1060,115.5536880493164
1061,3.761063575744629
1062,5.880649566650391
1063,290.6293029785156
1064,261.7226257324219
1065,60.90707778930664
1066,242.16075134277344
1067,269.9229736328125
1068,5.690921783447266
1069,4.707108974456787
1070,310.9444580078125
1071,181.1053009033203
1072,5.15150785446167
1073,3.4988629817962646
1074,6.418235778808594
1075,4.715555191040039
1076,295.1873474121094
1077,6.350584030151367
1078,190.89756774902344
1079,3.0412204265594482
1080,2.639329433441162
1081,5.892636775970459
1082,4.064962863922119
1083,3.6784956455230713
1084,6.445676326751709
1085,162.2045440673828
1086,147.0738067626953
1087,52.63351821899414
1088,296.7161560058594
1089,8.60041618347168
1090,126.55614471435547
1091,263.184326171875
1092,5.536701202392578
1093,3.744072914123535
1094,6.840816974639893
1095,2.884148359298706
1096,2.177604913711548
1097,3.764327049255371
1098,76.96501922607422
1099,108.7952880859375
1100,5.335153102874756
1101,4.8031697273254395
1102,5.250946521759033
1103,251.2711639404297
1104,4.316030025482178
1105,108.09212493896484
1106,5.521656036376953
1107,6.585445880889893
1108,21.47686195373535
1109,120.37136840820312
1110,129.43019104003906
1111,3.4799718856811523
1112,205.1895751953125
1113,2.7201626300811768
1114,155.99085998535156
1115,-19.711435317993164
1116,5.609697341918945
1117,302.74713134765625
1118,267.0172119140625
1119,4.882747173309326
1120,47.8343391418457
1121,-44.06666946411133
1122,222.82542419433594
1123,3.50519061088562
1124,187.565673828125
1125,2.750427484512329
1126,72.4988021850586
1127,6.081695556640625
1128,-53.4231071472168
1129,121.5400619506836
1130,6.3695244789123535
1131,51.81428909301758
1132,2.9438159465789795
1133,-74.76789093017578
1134,196.5601043701172
1135,207.4771270751953
1136,-58.45988082885742
1137,4.103993892669678
1138,33.72207260131836
1139,95.78521728515625
1140,130.63539123535156
1141,201.7886962890625
1142,155.1721954345703
1143,41.54404067993164
1144,-47.30654525756836
1145,127.78389739990234
1146,38.92310333251953
1147,4.337283611297607
1148,124.37872314453125
1149,53.997589111328125
1150,4.1941752433776855
1151,1.4343986511230469
1152,4.386446475982666
1153,4.253025054931641
1154,37.52828598022461
1155,156.0237274169922
1156,6.69186544418335
1157,79.97647094726562
1158,192.55882263183594
1159,118.37533569335938
1160,126.4241714477539
1161,1.7123980522155762
1162,5.569293975830078
1163,5.272125720977783
1164,5.243960857391357
1165,187.7440948486328
1166,48.98320388793945
1167,-30.210556030273438
1168,4.900084018707275
1169,163.4000701904297
1170,5.011172771453857
1171,4.119344711303711
1172,-7.293904781341553
1173,3.547090530395508
1174,216.35107421875
1175,-53.52939987182617
1176,235.22291564941406
1177,1.85292387008667
1178,134.97117614746094
1179,2.4647436141967773
1180,2.6713340282440186
1181,1.6909914016723633
1182,142.7700653076172
1183,7.253395080566406
1184,3.879479169845581
1185,269.2347106933594
1186,140.4349822998047
1187,4.499170303344727
1188,3.11135196685791
1189,151.9701690673828
1190,3.7646732330322266
1191,3.8180758953094482
1192,5.006677627563477
1193,129.13677978515625
1194,5.61879301071167
1195,2.205167055130005
1196,266.140625
1197,101.22269439697266
1198,2.9388387203216553
1199,262.79754638671875
1200,82.94766235351562
1201,244.6609344482422
1202,82.05155944824219
1203,3.184532880783081
1204,159.3229217529297
1205,1.8247090578079224
1206,150.2697296142578
1207,158.3494873046875
1208,239.00250244140625
1209,252.0148468017578
1210,185.48297119140625
1211,217.3773651123047
1212,5.926884174346924
1213,3.803388833999634
1214,196.1283721923828
1215,130.02157592773438
1216,238.5475311279297
1217,170.37315368652344
1218,-41.33657455444336
1219,5.977620601654053
1220,5.85897970199585
1221,272.8251953125
1222,5.9334235191345215
1223,2.3361713886260986
1224,3.067371368408203
1225,120.61975860595703
1226,1.394388198852539
1227,4.735174655914307
1228,1.48090660572052
1229,44.08100891113281
1230,86.30736541748047
1231,229.908935546875
1232,1.807902216911316
1233,-27.192346572875977
1234,2.713352918624878
1235,19.646644592285156
1236,249.63360595703125
1237,3.771378517150879
1238,2.7635209560394287
1239,0.008649587631225586
1240,51.3448486328125
1241,2.102219820022583
1242,5.137693881988525
1243,4.706365585327148
1244,185.52587890625
1245,4.48190450668335
1246,270.44696044921875
1247,5.5644659996032715
1248,114.59241485595703
1249,147.69715881347656
1250,7.907304286956787
1251,51.560665130615234
1252,5.923811435699463
1253,4.093074321746826
1254,4.3047356605529785
1255,41.03893280029297
1256,70.54271697998047
1257,131.0834503173828
1258,257.1398010253906
1259,35.7524528503418
1260,259.3997497558594
1261,5.641478061676025
1262,5.401660919189453
1263,234.5513153076172
1264,2.3009517192840576
1265,17.3154354095459
1266,147.0386505126953
1267,2.4523603916168213
1268,6.417856216430664
1269,254.77899169921875
1270,-58.4958381652832
1271,268.3923645019531
1272,53.418487548828125
1273,15.143241882324219
1274,233.0427703857422
1275,197.4821014404297
1276,54.878814697265625
1277,4.496044158935547
1278,1.0896319150924683
1279,4.076827526092529
1280,-54.65647888183594
1281,3.740088701248169
1282,95.6744613647461
1283,169.1299591064453
1284,2.6991987228393555
1285,-57.26516342163086
1286,2.6285576820373535
1287,48.87070846557617
1288,136.9779815673828
1289,4.134822845458984
1290,199.20518493652344
1291,3.5593135356903076
1292,52.407379150390625
1293,125.53912353515625
1294,256.209228515625
1295,165.44874572753906
1296,6.434118270874023
1297,70.02725219726562
1298,7.23522424697876
1299,5.938619136810303
1300,151.49127197265625
1301,260.8608093261719
1302,190.39793395996094
1303,6.005407810211182
1304,3.3599207401275635
1305,5.069514751434326
1306,54.30842208862305
1307,157.1591033935547
1308,1.8663431406021118
1309,4.671738147735596
1310,335.61737060546875
1311,2.628545045852661
1312,7.845144271850586
1313,48.34244918823242
1314,147.1775665283203
1315,219.88348388671875
1316,252.8806610107422
1317,66.48902130126953
1318,2.174064874649048
1319,257.1258850097656
1320,274.6321716308594
1321,17.952049255371094
1322,53.174381256103516
1323,281.8574523925781
1324,239.779052734375
1325,49.68735885620117
1326,59.59063720703125
1327,241.6396942138672
1328,2.4994351863861084
1329,5.797398090362549
1330,136.08888244628906
1331,-13.152694702148438
1332,305.264892578125
1333,1.9682731628417969
1334,338.3763427734375
1335,1.8307232856750488
1336,103.12653350830078
1337,35.90916061401367
1338,238.6063995361328
1339,6.329267501831055
1340,170.35838317871094
1341,234.7911376953125
1342,188.6417999267578
1343,40.56502914428711
1344,123.29290008544922
1345,2.6862971782684326
1346,70.28673553466797
1347,89.08194732666016
1348,2.9801979064941406
1349,169.98223876953125
1350,27.066625595092773
1351,223.58836364746094
1352,2.6221437454223633
1353,15.388461112976074
1354,5.052380084991455
1355,6.319408893585205
1356,3.402822494506836
1357,7.726346969604492
1358,6.778731822967529
1359,1.6614395380020142
1360,282.3646240234375
1361,5.095297336578369
1362,6.277937412261963
1363,66.40737915039062
1364,3.8310282230377197
1365,5.925028324127197
1366,6.919633388519287
1367,6.0187602043151855
1368,5.74799108505249
1369,187.16773986816406
1370,301.6158752441406
1371,214.51927185058594
1372,9.203190803527832
1373,3.749667167663574
1374,171.85496520996094
1375,193.89892578125
1376,5.843302249908447
1377,5.067080974578857
1378,103.49081420898438
1379,67.0051498413086
1380,119.65127563476562
1381,264.5845642089844
1382,102.4033203125
1383,49.35755920410156
1384,-8.456634521484375
1385,162.5920867919922
1386,1.8847765922546387
1387,64.56946563720703
1388,1.638811707496643
1389,204.0352020263672
1390,182.3412628173828
1391,33.2656364440918
1392,56.8824577331543
1393,284.5117492675781
1394,-14.518330574035645
1395,50.1671028137207
1396,171.489990234375
1397,5.422825336456299
1398,198.6361083984375
1399,1.6969102621078491
1400,106.39240264892578
1401,366.23779296875
1402,53.34141159057617
1403,292.9388122558594
1404,90.73262786865234
1405,111.195556640625
1406,1.9597282409667969
1407,88.2641830444336
1408,7.51333475112915
1409,4.1048197746276855
1410,256.0549011230469
1411,269.5118103027344
1412,-42.12777328491211
1413,131.72779846191406
1414,249.90673828125
1415,2.470451593399048
1416,2.5281448364257812
1417,4.777571201324463
1418,332.4899597167969
1419,166.6720428466797
1420,4.742210865020752
1421,33.59244918823242
1422,6.6971116065979
1423,3.5924084186553955
1424,5.208515167236328
1425,2.27728271484375
1426,-21.979476928710938
1427,4.121942043304443
1428,5.077465534210205
1429,3.632887125015259
1430,4.304265022277832
1431,6.649472713470459
1432,152.38511657714844
1433,2.8424408435821533
1434,6.498678684234619
1435,4.875735759735107
1436,-58.48985290527344
1437,175.934814453125
1438,143.44607543945312
1439,6.429413318634033
1440,2.5883524417877197
1441,120.5045394897461
1442,205.31365966796875
1443,61.57320022583008
1444,5.9313645362854
1445,53.85841751098633
1446,288.54510498046875
1447,242.456787109375
1448,-12.078349113464355
1449,5.951038360595703
1450,278.0206604003906
1451,214.389404296875
1452,5.564539432525635
1453,5.463403224945068
1454,159.99363708496094
1455,61.34659957885742
1456,1.0407155752182007
1457,8.0735445022583
1458,5.0744242668151855
1459,286.4136657714844
1460,338.5318908691406
1461,131.55982971191406
1462,-5.268518924713135
1463,87.77457427978516
1464,6.030125141143799
1465,3.3590099811553955
1466,229.41943359375
1467,5.749021053314209
1468,5.617414951324463
1469,33.18796920776367
1470,3.694308280944824
1471,-4.3472442626953125
1472,6.763658046722412
1473,2.9689905643463135
1474,237.89019775390625
1475,113.46097564697266
1476,6.863067150115967
1477,2.6061394214630127
1478,106.22100830078125
1479,4.8411335945129395
1480,108.82064819335938
1481,5.914997577667236
1482,162.6499481201172
1483,6.526165008544922
1484,255.59246826171875
1485,185.5537872314453
1486,6.740739345550537
1487,3.435910940170288
1488,116.1483383178711
1489,-3.841527223587036
1490,98.07073974609375
1491,3.2244443893432617
1492,1.9162546396255493
1493,8.021228790283203
1494,5.47450065612793
1495,17.509809494018555
1496,7.776151180267334
1497,48.76699447631836
1498,5.2220282554626465
1499,81.02538299560547
1500,7.1004791259765625
1501,5.818227767944336
1502,46.9090576171875
1503,5.68197774887085
1504,2.096231460571289
1505,5.126749515533447
1506,196.88938903808594
1507,51.119876861572266
1508,119.5856704711914
1509,68.89188385009766
1510,2.7095143795013428
1511,28.096054077148438
1512,79.84310150146484
1513,5.221010684967041
1514,282.1977844238281
1515,57.97927474975586
1516,2.8338377475738525
1517,352.9734191894531
1518,4.470533847808838
1519,240.9540557861328
1520,4.704405307769775
1521,31.294904708862305
1522,4.970438480377197
1523,2.6926653385162354
1524,89.8316421508789
1525,-38.42727279663086
1526,2.055030584335327
1527,6.029196262359619
1528,4.525815963745117
1529,211.7221221923828
1530,259.8077697753906
1531,3.4586498737335205
1532,6.484399318695068
1533,3.5336239337921143
1534,21.28560447692871
1535,89.53763580322266
1536,5.575305461883545
1537,2.465508460998535
1538,276.8986511230469
1539,178.00791931152344
1540,2.1612017154693604
1541,121.26053619384766
1542,3.3300068378448486
1543,25.137102127075195
1544,8.569965362548828
1545,3.3685309886932373
1546,6.532192230224609
1547,-29.857086181640625
1548,201.7229461669922
1549,45.542022705078125
1550,1.8627557754516602
1551,2.2192771434783936
1552,231.9169158935547
1553,6.555760860443115
1554,274.0278625488281
1555,135.4883270263672
1556,4.577104568481445
1557,18.85259246826172
1558,3.9611780643463135
1559,250.7046661376953
1560,222.3858642578125
1561,188.2642822265625
1562,241.40260314941406
1563,91.5295181274414
1564,3.574895143508911
1565,123.57205963134766
1566,3.848428726196289
1567,3.0074336528778076
1568,99.9828109741211
1569,23.173730850219727
1570,279.2899169921875
1571,3.4991767406463623
1572,85.4109878540039
1573,2.638240098953247
1574,4.659822463989258
1575,6.316807270050049
1576,4.335883617401123
1577,5.545463562011719
1578,93.193359375
1579,5.2604146003723145
1580,157.97491455078125
1581,232.4281768798828
1582,6.8585591316223145
1583,291.55999755859375
1584,298.5156555175781
1585,6.081544399261475
1586,4.64934778213501
1587,52.279022216796875
1588,281.2408142089844
1589,7.320985317230225
1590,6.212460041046143
1591,127.42019653320312
1592,6.923710346221924
1593,121.96878814697266
1594,141.0404510498047
1595,120.6172103881836
1596,5.762122631072998
1597,57.1414680480957
1598,7.614513397216797
1599,4.448340892791748
1600,4.423996925354004
1601,2.875593900680542
1602,5.910423278808594
1603,318.4026184082031
1604,50.6092414855957
1605,89.1703872680664
1606,268.6678466796875
1607,7.173696041107178
1608,3.9562294483184814
1609,7.627071380615234
1610,3.3079071044921875
1611,192.238037109375
1612,96.351318359375
1613,2.6298437118530273
1614,253.4807586669922
1615,5.52578592300415
1616,4.083858013153076
1617,180.2737579345703
1618,201.04327392578125
1619,10.537686347961426
1620,21.64191436767578
1621,2.2413599491119385
1622,2.577648878097534
1623,2.5929746627807617
1624,277.4004821777344
1625,46.13541793823242
1626,1.6193647384643555
1627,49.3194465637207
1628,3.944154739379883
1629,214.50498962402344
1630,107.54833221435547
1631,3.115213394165039
1632,295.8799743652344
1633,5.189101696014404
1634,-17.59389305114746
1635,3.6067399978637695
1636,4.530578136444092
1637,7.917627811431885
1638,218.845947265625
1639,29.294404983520508
1640,4.973971366882324
1641,313.1952819824219
1642,149.8199005126953
1643,185.5912322998047
1644,132.7882843017578
1645,170.9458770751953
1646,5.929384708404541
1647,6.69595193862915
1648,12.713264465332031
1649,4.287341594696045
1650,94.78857421875
1651,6.703649997711182
1652,6.585906982421875
1653,213.4666290283203
1654,6.539985656738281
1655,299.9454345703125
1656,54.79522705078125
1657,1.3206809759140015
1658,278.608154296875
1659,2.1544811725616455
1660,-24.926733016967773
1661,6.809432506561279
1662,183.10577392578125
1663,6.005878448486328
1664,96.95599365234375
1665,1.0075874328613281
1666,115.58538055419922
1667,-71.2682113647461
1668,247.2428436279297
1669,59.19791793823242
1670,2.169259786605835
1671,2.440096616744995
1672,5.377223491668701
1673,5.097354888916016
1674,142.27346801757812
1675,2.10811448097229
1676,-59.56442642211914
1677,33.506587982177734
1678,-35.23048782348633
1679,266.25421142578125
1680,90.9900894165039
1681,1.359498381614685
1682,3.2350008487701416
1683,72.8833236694336
1684,32.85490798950195
1685,6.701928615570068
1686,137.3059844970703
1687,7.550856113433838
1688,188.8270721435547
1689,271.4256896972656
1690,3.0153980255126953
1691,3.7788913249969482
1692,4.178409576416016
1693,3.27506947517395
1694,60.296451568603516
1695,223.93992614746094
1696,117.6996078491211
1697,1.6546545028686523
1698,211.8429718017578
1699,174.3871307373047
1700,140.2658233642578
1701,283.2701110839844
1702,-88.82299041748047
1703,5.782289028167725
1704,5.573091506958008
1705,3.4555375576019287
1706,122.09148406982422
1707,4.890524387359619
1708,87.91424560546875
1709,126.7109375
1710,6.122769832611084
1711,78.48914337158203
1712,1.8367977142333984
1713,5.738175868988037
1714,-56.22980880737305
1715,5.120818614959717
1716,3.3087775707244873
1717,23.500076293945312
1718,128.5480194091797
1719,8.301872253417969
1720,6.153565883636475
1721,230.1279296875
1722,3.557271718978882
1723,142.4087677001953
1724,141.05892944335938
1725,2.457327127456665
1726,4.214138507843018
1727,250.9619598388672
1728,4.277698040008545
1729,3.342754602432251
1730,60.12089538574219
1731,192.91357421875
1732,4.614903926849365
1733,372.3686828613281
1734,262.7428894042969
1735,189.00193786621094
1736,3.27309513092041
1737,295.6796875
1738,287.87939453125
1739,225.32069396972656
1740,89.14087677001953
1741,111.56978607177734
1742,241.9600830078125
1743,5.0576395988464355
1744,120.9267807006836
1745,52.73435592651367
1746,3.6042823791503906
1747,7.013729095458984
1748,195.5653533935547
1749,3.583221435546875
1750,56.57081985473633
1751,25.6729736328125
1752,7.438770294189453
1753,6.006235122680664
1754,268.589599609375
1755,218.489990234375
1756,1.8553813695907593
1757,242.0575714111328
1758,349.4195251464844
1759,5.373006343841553
1760,248.15185546875
1761,255.3907012939453
1762,9.194600105285645
1763,50.5179328918457
1764,10.695918083190918
1765,5.47374153137207
1766,233.75184631347656
1767,187.8965606689453
1768,5.826394557952881
1769,112.82854461669922
1770,55.6845588684082
1771,3.154123306274414
1772,218.17352294921875
1773,259.0818786621094
1774,6.4619317054748535
1775,284.68994140625
1776,3.285494089126587
1777,0.5243352055549622
1778,42.83950424194336
1779,16.138158798217773
1780,120.96167755126953
1781,5.65624475479126
1782,195.20263671875
1783,235.6832275390625
1784,3.9430980682373047
1785,84.32587432861328
1786,2.634045362472534
1787,88.48441314697266
1788,5.118183612823486
1789,2.4185383319854736
1790,19.67091178894043
1791,4.46537971496582
1792,2.721663236618042
1793,2.0392043590545654
1794,158.25271606445312
1795,181.20484924316406
1796,252.152587890625
1797,118.81279754638672
1798,6.8939208984375
1799,232.6786346435547
1800,127.99869537353516
1801,5.47127103805542
1802,2.16542911529541
1803,148.13722229003906
1804,4.273855686187744
1805,218.2701873779297
1806,5.843502044677734
1807,283.3055725097656
1808,163.29576110839844
1809,76.09972381591797
1810,4.793172836303711
1811,2.7329914569854736
1812,23.376249313354492
1813,3.92182993888855
1814,171.9101104736328
1815,254.0683135986328
1816,5.638622283935547
1817,129.96136474609375
1818,30.342317581176758
1819,225.2704315185547
1820,7.99773645401001
1821,3.3860321044921875
1822,227.26695251464844
1823,-31.20001792907715
1824,33.124717712402344
1825,2.3136818408966064
1826,6.039691925048828
1827,3.106776475906372
1828,2.020260810852051
1829,202.7859344482422
1830,228.68287658691406
1831,6.835974216461182
1832,61.43476486206055
1833,4.038354873657227
1834,4.141031742095947
1835,103.2657470703125
1836,6.346649169921875
1837,6.084909439086914
1838,6.00587797164917
1839,136.40541076660156
1840,-47.07255935668945
1841,-83.69100952148438
1842,248.07948303222656
1843,155.1128387451172
1844,251.2143096923828
1845,145.2027587890625
1846,50.57960891723633
1847,263.3197937011719
1848,137.53028869628906
1849,4.078284740447998
1850,6.263071537017822
1851,-77.2845230102539
1852,5.346887588500977
1853,68.3685531616211
1854,67.5564193725586
1855,4.642025470733643
1856,201.5950164794922
1857,2.2405219078063965
1858,4.971405029296875
1859,5.833868026733398
1860,5.64547872543335
1861,150.72142028808594
1862,6.380080699920654
1863,45.82857131958008
1864,58.01057052612305
1865,202.6650390625
1866,117.7040023803711
1867,69.15740203857422
1868,267.7288513183594
1869,153.2413787841797
1870,3.3813841342926025
1871,251.33192443847656
1872,47.53520202636719
1873,2.632356882095337
1874,20.31865882873535
1875,69.3595199584961
1876,3.5058376789093018
1877,2.5336976051330566
1878,54.39752197265625
1879,38.00489044189453
1880,287.8482360839844
1881,5.950310230255127
1882,104.32904052734375
1883,6.923476696014404
1884,65.44196319580078
1885,313.1594543457031
1886,253.96665954589844
1887,2.956202268600464
1888,206.0909423828125
1889,225.8482666015625
1890,2.369413375854492
1891,245.58807373046875
1892,214.36651611328125
1893,4.275369644165039
1894,2.0976314544677734
1895,15.012382507324219
1896,5.870293140411377
1897,51.30521774291992
1898,-90.75923919677734
1899,2.9071147441864014
1900,5.894033432006836
1901,245.0802001953125
1902,217.0220184326172
1903,-55.16560745239258
1904,42.99748229980469
1905,60.95670700073242
1906,172.4635467529297
1907,6.85385274887085
1908,6.77991247177124
1909,119.57869720458984
1910,5.854142665863037
1911,5.17891788482666
1912,3.8541412353515625
1913,74.1794662475586
1914,-25.86026954650879
1915,7.787664413452148
1916,0.9223392605781555
1917,3.3362224102020264
1918,138.9010467529297
1919,5.087782382965088
1920,4.489389419555664
1921,81.1543960571289
1922,4.007293701171875
1923,6.347949981689453
1924,2.5494508743286133
1925,4.488535404205322
1926,89.31890869140625
1927,148.99244689941406
1928,3.7142794132232666
1929,48.664093017578125
1930,2.291335105895996
1931,6.176695346832275
1932,4.923913478851318
1933,2.8020102977752686
1934,248.1913299560547
1935,6.3802313804626465
1936,4.875969409942627
1937,4.647712707519531
1938,-20.104135513305664
1939,2.661641836166382
1940,283.8871154785156
1941,3.5298163890838623
1942,242.5987548828125
1943,3.806650161743164
1944,219.17919921875
1945,282.0474548339844
1946,6.003238677978516
1947,93.1867904663086
1948,5.808323383331299
1949,-2.83892822265625
1950,35.49837875366211
1951,2.9098081588745117
1952,38.10676956176758
1953,421.9147033691406
1954,2.7593986988067627
1955,112.92401885986328
1956,1.9639983177185059
1957,128.2453155517578
1958,4.4407196044921875
1959,169.68479919433594
1960,73.8771743774414
1961,1.1081256866455078
1962,4.0689215660095215
1963,3.471604347229004
1964,4.9472527503967285
1965,79.74510955810547
1966,3.4828121662139893
1967,4.958438396453857
1968,250.4233856201172
1969,10.382888793945312
1970,5.8050689697265625
1971,1.9113963842391968
1972,96.9995346069336
1973,-30.500253677368164
1974,2.72965931892395
1975,3.172600746154785
1976,357.5670166015625
1977,1.6191859245300293
1978,221.04937744140625
1979,61.5120735168457
1980,264.4280090332031
1981,180.62525939941406
1982,145.65814208984375
1983,74.9744873046875
1984,9.357182502746582
1985,5.0501790046691895
1986,3.834855079650879
1987,6.006275177001953
1988,1.1197596788406372
1989,5.8162841796875
1990,5.013463497161865
1991,41.921363830566406
1992,4.386887073516846
1993,40.05393600463867
1994,1.8488422632217407
1995,106.5773696899414
1996,4.156966686248779
1997,2.8528225421905518
1998,5.156737804412842
1999,295.7862854003906
2000,5.922879695892334
2001,297.4019470214844
2002,-57.776546478271484
2003,6.8214335441589355
2004,324.2342834472656
2005,46.85506057739258
2006,4.887350082397461
2007,47.5366096496582
2008,227.434814453125
2009,131.42247009277344
2010,237.08692932128906
2011,6.906293869018555
2012,182.12310791015625
2013,-32.07957458496094
2014,287.4491271972656
2015,189.87648010253906
2016,24.720502853393555
2017,3.4797046184539795
2018,69.6026382446289
2019,102.6939468383789
2020,6.8430914878845215
2021,4.71436882019043
2022,179.071533203125
2023,69.81413269042969
2024,2.8498504161834717
2025,4.021861553192139
2026,82.56060028076172
2027,5.9138407707214355
2028,6.273561477661133
2029,54.486083984375
2030,300.9751281738281
2031,86.90300750732422
2032,285.85186767578125
2033,264.3697509765625
2034,2.5298173427581787
2035,72.11103057861328
2036,206.84075927734375
2037,5.7181243896484375
2038,2.7150380611419678
2039,2.9623212814331055
2040,158.2198486328125
2041,285.1004638671875
2042,4.14840841293335
2043,197.6556854248047
2044,1.918902039527893
2045,96.91622161865234
2046,277.3262023925781
2047,5.5154852867126465
2048,-29.60677146911621
2049,1.8813718557357788
2050,358.3934020996094
2051,3.7193679809570312
2052,0.8279621601104736
2053,253.9891815185547
2054,4.9263596534729
2055,4.017772197723389
2056,-46.820926666259766
2057,197.42652893066406
2058,-31.280364990234375
2059,4.880949020385742
2060,29.03856086730957
2061,2.3725783824920654
2062,152.21820068359375
2063,3.7537758350372314
2064,4.171095371246338
2065,3.558565378189087
2066,2.0853941440582275
2067,6.150352954864502
2068,2.553118944168091
2069,1.5151296854019165
2070,272.1592712402344
2071,281.24078369140625
2072,4.368157386779785
2073,199.6713104248047
2074,391.2950134277344
2075,245.72325134277344
2076,3.6861979961395264
2077,2.847855806350708
2078,4.3493523597717285
2079,4.227149486541748
2080,2.8473212718963623
2081,3.0596017837524414
2082,4.8720855712890625
2083,37.72170639038086
2084,1.8369483947753906
2085,5.0902509689331055
2086,118.37066650390625
2087,102.57601165771484
2088,29.366500854492188
2089,25.152099609375
2090,228.8259735107422
2091,196.5028076171875
2092,-106.0810317993164
2093,5.505885601043701
2094,3.9203760623931885
2095,114.788330078125
2096,50.87822341918945
2097,113.31338500976562
2098,5.186722278594971
2099,-29.7160701751709
2100,29.76481819152832
2101,5.866046905517578
2102,6.566610336303711
2103,32.28468322753906
2104,56.68914794921875
2105,45.9267692565918
2106,320.2662353515625
2107,7.141359806060791
2108,7.098005771636963
2109,5.823427200317383
2110,237.3394317626953
2111,3.8979227542877197
2112,61.76498794555664
2113,103.2801513671875
2114,2.6871585845947266
2115,53.2800178527832
2116,3.534613847732544
2117,3.508941888809204
2118,3.7389376163482666
2119,111.26242065429688
2120,3.895991086959839
2121,189.5135040283203
2122,229.4969940185547
2123,3.0208661556243896
2124,1.6011985540390015
2125,4.718355655670166
2126,6.217960357666016
2127,88.1202163696289
2128,215.8173065185547
2129,1.7961912155151367
2130,2.3992996215820312
2131,5.805023193359375
2132,6.081203460693359
2133,237.01788330078125
2134,-9.666203498840332
2135,221.26390075683594
2136,38.663509368896484
2137,237.3668670654297
2138,3.2926108837127686
2139,75.81668853759766
2140,47.2080078125
2141,81.51229858398438
2142,5.6660919189453125
2143,-6.036712646484375
2144,170.9943389892578
2145,60.44254684448242
2146,4.148624897003174
2147,4.795705795288086
2148,39.942108154296875
2149,-58.06474685668945
2150,-12.295308113098145
2151,57.3604850769043
2152,4.978001594543457
2153,3.599024772644043
2154,1.7466787099838257
2155,2.4685020446777344
2156,6.00587797164917
2157,110.39553833007812
2158,3.7070682048797607
2159,330.9004211425781
2160,232.56141662597656
2161,261.8535461425781
2162,1.8386958837509155
2163,308.8143005371094
2164,6.344096660614014
2165,3.2208549976348877
2166,2.8424930572509766
2167,35.15769577026367
2168,312.1972351074219
2169,2.4659321308135986
2170,2.5261170864105225
2171,152.24147033691406
2172,5.272222995758057
2173,245.92967224121094
2174,270.54541015625
2175,1.06126070022583
2176,4.646982192993164
2177,-67.85208129882812
2178,3.560551881790161
2179,67.23543548583984
2180,277.3445739746094
2181,2.513596296310425
2182,162.4468231201172
2183,195.8046417236328
2184,5.939001560211182
2185,2.430577039718628
2186,3.042029619216919
2187,5.024989604949951
2188,244.72898864746094
2189,231.81358337402344
2190,63.150115966796875
2191,2.622929811477661
2192,3.1151812076568604
2193,107.55316925048828
2194,2.7255990505218506
2195,4.854706764221191
2196,6.555244445800781
2197,1.8997210264205933
2198,4.4364495277404785
2199,3.3587486743927
2200,1.7409056425094604
2201,4.248368740081787
2202,79.26152801513672
2203,2.184673309326172
2204,1.914772868156433
2205,96.51537322998047
2206,5.378190517425537
2207,169.15464782714844
2208,5.743470668792725
2209,-12.792424201965332
2210,244.61964416503906
2211,1.767365574836731
2212,4.957731246948242
2213,6.48467493057251
2214,123.76287841796875
2215,15.84943675994873
2216,96.53450775146484
2217,4.8310227394104
2218,19.79138946533203
2219,2.5594844818115234
2220,5.54742956161499
2221,2.956754684448242
2222,-84.28435516357422
2223,196.10765075683594
2224,-43.60702133178711
2225,177.24070739746094
2226,-17.133514404296875
2227,71.87933349609375
2228,151.79051208496094
2229,119.09921264648438
2230,3.3528623580932617
2231,5.4093918800354
2232,4.4590044021606445
2233,255.4647979736328
2234,232.09515380859375
2235,221.4687957763672
2236,3.1113784313201904
2237,3.6110999584198
2238,244.886962890625
2239,107.3764419555664
2240,231.07470703125
2241,2.3934640884399414
2242,232.76890563964844
2243,5.769313812255859
2244,97.9029769897461
2245,236.8064727783203
2246,123.01779174804688
2247,229.06153869628906
2248,6.125194072723389
2249,280.8830871582031
2250,140.8965606689453
2251,5.168594837188721
2252,265.5110778808594
2253,6.188562393188477
2254,190.22618103027344
2255,-98.69338989257812
2256,44.28421401977539
2257,1.9629278182983398
2258,3.0157697200775146
2259,60.44047927856445
2260,6.231285572052002
2261,99.78994750976562
2262,2.2604787349700928
2263,68.90765380859375
2264,-31.166168212890625
2265,49.69317626953125
2266,2.386333703994751
2267,2.4513492584228516
2268,5.794282913208008
2269,3.6555397510528564
2270,9.183731079101562
2271,137.69825744628906
2272,46.68173599243164
2273,3.820976972579956
2274,6.010640621185303
2275,7.067915439605713
2276,4.951052188873291
2277,2.0724430084228516
2278,0.8212544322013855
2279,5.92096471786499
2280,2.2164552211761475
2281,195.8542022705078
2282,2.953096628189087
2283,4.08927583694458
2284,233.7275848388672
2285,2.5685510635375977
2286,-23.230260848999023
2287,5.089916706085205
2288,2.029132604598999
2289,5.857227802276611
2290,-58.18063735961914
2291,38.67775344848633
2292,5.109757900238037
2293,1.950174331665039
2294,8.476155281066895
2295,2.7722740173339844
2296,4.835230350494385
2297,86.9354248046875
2298,-31.651580810546875
2299,-14.63471508026123
2300,4.18500280380249
2301,5.7231621742248535
2302,-101.8011703491211
2303,160.26087951660156
2304,5.8033318519592285
2305,20.5609188079834
2306,259.3912658691406
2307,22.240478515625
2308,44.099605560302734
2309,6.253246784210205
2310,177.75286865234375
2311,-61.27915954589844
2312,86.77909088134766
2313,4.045935153961182
2314,5.076224327087402
2315,205.77667236328125
2316,8.173521995544434
2317,3.78741717338562
2318,238.82244873046875
2319,6.644975185394287
2320,99.1289291381836
2321,3.463489532470703
2322,188.09031677246094
2323,163.1775665283203
2324,1.9679473638534546
2325,38.75149917602539
2326,3.0925071239471436
2327,112.95641326904297
2328,4.594111919403076
2329,321.1091003417969
2330,171.48829650878906
2331,-0.9200442433357239
2332,283.0394287109375
2333,26.1570987701416
2334,8.26038646697998
2335,5.292357921600342
2336,40.7996826171875
2337,131.19708251953125
2338,171.21766662597656
2339,24.95624542236328
2340,68.97791290283203
2341,103.12752532958984
2342,2.473872423171997
2343,6.58881139755249
2344,322.9431457519531
2345,6.02744722366333
2346,145.92701721191406
2347,159.74559020996094
2348,1.836478352546692
2349,263.20709228515625
2350,32.257450103759766
2351,5.30072546005249
2352,5.151283264160156
2353,1.6576547622680664
2354,-26.224252700805664
2355,130.98431396484375
2356,3.803433656692505
2357,133.3134307861328
2358,6.6182427406311035
2359,6.892001628875732
2360,4.3859429359436035
2361,6.00250768661499
2362,229.797607421875
2363,4.944262981414795
2364,255.19850158691406
2365,82.18795776367188
2366,73.42154693603516
2367,47.34035110473633
2368,-66.15843963623047
2369,4.768887519836426
2370,219.91065979003906
2371,33.62089920043945
2372,64.11245727539062
2373,2.003277540206909
2374,-66.18073272705078
2375,1.7649707794189453
2376,144.1308135986328
2377,104.47296142578125
2378,5.46470308303833
2379,6.691714763641357
2380,36.46349334716797
2381,165.35084533691406
2382,120.74864959716797
2383,56.48087692260742
2384,3.353242874145508
2385,242.74241638183594
2386,6.030124664306641
2387,21.943601608276367
2388,267.6209716796875
2389,79.31754302978516
2390,1.9481987953186035
2391,112.23211669921875
2392,26.5882511138916
2393,47.37594223022461
2394,132.4503173828125
2395,5.917086124420166
2396,2.523566484451294
2397,276.4967956542969
2398,298.1374816894531
2399,4.458240032196045
2400,208.4413299560547
2401,56.5495491027832
2402,240.451416015625
2403,6.529354095458984
2404,1.9178410768508911
2405,5.1138153076171875
2406,3.05987548828125
2407,78.37073516845703
2408,268.0088806152344
2409,161.2922821044922
2410,4.890309810638428
2411,6.715532302856445
2412,312.6275939941406
2413,-5.155080318450928
2414,4.102792263031006
2415,76.71941375732422
2416,256.3102111816406
2417,33.933197021484375
2418,3.4535787105560303
2419,3.9244754314422607
2420,1.8060966730117798
2421,8.518488883972168
2422,220.2791290283203
2423,2.6380083560943604
2424,184.76268005371094
2425,5.831297397613525
2426,-22.02596092224121
2427,148.08876037597656
2428,22.37823486328125
2429,3.4940311908721924
2430,6.226095676422119
2431,3.957228660583496
2432,340.1978454589844
2433,239.78370666503906
2434,4.625192642211914
2435,56.31064987182617
2436,228.3076934814453
2437,-72.77865600585938
2438,5.50944185256958
2439,7.437759876251221
2440,120.25830841064453
2441,6.521290302276611
2442,5.953754425048828
2443,4.97221040725708
2444,-89.34329223632812
2445,6.541114807128906
2446,5.628963947296143
2447,235.6365509033203
2448,6.409430980682373
2449,6.554229736328125
2450,38.92550277709961
2451,3.1175994873046875
2452,4.512942790985107
2453,50.72810745239258
2454,294.3649597167969
2455,117.51563262939453
2456,3.281942367553711
2457,270.0470275878906
2458,6.217571258544922
2459,1.8527053594589233
2460,5.7725510597229
2461,72.65108489990234
2462,53.13571548461914
2463,6.131575107574463
2464,-62.0581169128418
2465,36.55790328979492
2466,194.2137908935547
2467,156.83705139160156
2468,245.1131134033203
2469,255.5569305419922
2470,5.956959247589111
2471,125.7629623413086
2472,2.970252275466919
2473,16.99072265625
2474,155.9134979248047
2475,6.437636852264404
2476,96.98635864257812
2477,162.76898193359375
2478,126.62271881103516
2479,5.241964340209961
2480,29.79477882385254
2481,57.93278503417969
2482,2.4467170238494873
2483,4.98235559463501
2484,140.54754638671875
2485,136.65574645996094
2486,6.7752685546875
2487,5.778249263763428
2488,-39.275272369384766
2489,187.3821258544922
2490,5.5513458251953125
2491,151.41241455078125
2492,16.594253540039062
2493,65.98716735839844
2494,5.924072265625
2495,5.531388759613037
2496,10.881962776184082
2497,93.62505340576172
2498,1.741157054901123
2499,6.8240203857421875
2500,1.8479031324386597
2501,112.30553436279297
2502,312.2134094238281
2503,49.26808547973633
2504,357.2208557128906
2505,3.4849841594696045
2506,4.424264430999756
2507,277.47698974609375
2508,188.6396484375
2509,104.49897003173828
2510,6.746819972991943
2511,183.19309997558594
2512,86.73619842529297
2513,180.5157012939453
2514,219.05792236328125
2515,304.29705810546875
2516,1.775032877922058
2517,2.2563588619232178
2518,305.7603759765625
2519,4.187191486358643
2520,127.45076751708984
2521,147.74151611328125
2522,2.2063064575195312
2523,6.320065975189209
2524,4.8885931968688965
2525,308.5238342285156
2526,5.034994125366211
2527,4.355496883392334
2528,228.9158477783203
2529,87.98966217041016
2530,244.2916717529297
2531,324.2205505371094
2532,54.9533576965332
2533,2.312303304672241
2534,5.944912433624268
2535,5.920663356781006
2536,3.922063112258911
2537,6.834239482879639
2538,5.896888732910156
2539,138.0480194091797
2540,2.512880802154541
2541,-12.837162971496582
2542,-9.545018196105957
2543,5.868653774261475
2544,172.72593688964844
2545,2.4411942958831787
2546,287.4480285644531
2547,28.83075523376465
2548,24.07484245300293
2549,162.63612365722656
2550,119.90447235107422
2551,-70.46163177490234
2552,2.219559907913208
2553,303.3905944824219
2554,2.4984679222106934
2555,39.261531829833984
2556,104.79988861083984
2557,4.242013931274414
2558,27.624605178833008
2559,6.618936538696289
2560,236.8307342529297
2561,1.855631947517395
2562,216.0464324951172
2563,231.53233337402344
2564,265.2041931152344
2565,4.906162738800049
2566,4.892248153686523
2567,252.024658203125
2568,80.25735473632812
2569,65.79159545898438
2570,3.8294804096221924
2571,90.4324951171875
2572,-53.799076080322266
2573,179.5469970703125
2574,3.127531051635742
2575,4.693358898162842
2576,3.1537954807281494
2577,6.772249221801758
2578,44.057891845703125
2579,6.001731872558594
2580,4.63449239730835
2581,2.776460886001587
2582,-59.366458892822266
2583,1.8082447052001953
2584,6.862921237945557
2585,56.85169982910156
2586,4.853549957275391
2587,215.6582794189453
2588,191.9665069580078
2589,4.496389389038086
2590,42.8906135559082
2591,1.6459059715270996
2592,107.359375
2593,65.87450408935547
2594,54.856807708740234
2595,49.7532844543457
2596,52.75236129760742
2597,5.426601409912109
2598,6.400702953338623
2599,-36.39961242675781
2600,2.638169050216675
2601,215.39215087890625
2602,6.4692702293396
2603,356.5523986816406
2604,156.29049682617188
2605,28.55681800842285
2606,5.025364398956299
2607,39.30451583862305
2608,214.3727264404297
2609,21.91431999206543
2610,2.443524122238159
2611,5.53381872177124
2612,3.177149534225464
2613,4.6444091796875
2614,2.9152023792266846
2615,101.14883422851562
2616,165.28782653808594
2617,254.5615997314453
2618,185.06561279296875
2619,4.8620171546936035
2620,1.9974846839904785
2621,4.52306604385376
2622,3.036569595336914
2623,1.4142640829086304
2624,6.890791416168213
2625,116.06580352783203
2626,299.5050964355469
2627,45.88343811035156
2628,146.3824005126953
2629,23.744707107543945
2630,129.6517791748047
2631,22.06652069091797
2632,6.269795894622803
2633,278.0202331542969
2634,58.47382736206055
2635,163.14134216308594
2636,-41.20256042480469
2637,3.7991397380828857
2638,-50.9129524230957
2639,-73.45951843261719
2640,198.13804626464844
2641,2.339462995529175
2642,5.6573052406311035
2643,206.6136016845703
2644,161.54437255859375
2645,206.47462463378906
2646,2.378185749053955
2647,3.5624783039093018
2648,3.837472915649414
2649,6.778570652008057
2650,307.5826110839844
2651,202.323974609375
2652,59.5792121887207
2653,3.806480646133423
2654,19.873804092407227
2655,219.98536682128906
2656,245.1346893310547
2657,3.1680400371551514
2658,8.680621147155762
2659,272.0415344238281
2660,1.8569618463516235
2661,253.5158233642578
2662,90.40386962890625
2663,-2.619298219680786
2664,109.18087768554688
2665,285.008544921875
2666,206.8341064453125
2667,-70.0812759399414
2668,36.795650482177734
2669,6.799705505371094
2670,100.35467529296875
2671,182.1385955810547
2672,116.973388671875
2673,224.78880310058594
2674,231.9883270263672
2675,1.4254289865493774
2676,-47.61091995239258
2677,388.8298645019531
2678,16.5251522064209
2679,5.628713607788086
2680,67.11585235595703
2681,5.635410785675049
2682,2.6604044437408447
2683,2.5532572269439697
2684,3.190113067626953
2685,6.567210674285889
2686,30.659713745117188
2687,30.89964485168457
2688,60.84852981567383
2689,44.91978073120117
2690,147.68173217773438
2691,91.4482192993164
2692,54.66794967651367
2693,121.2283935546875
2694,127.0733871459961
2695,7.400430202484131
2696,156.1163787841797
2697,3.693995475769043
2698,2.3861520290374756
2699,4.527651309967041
2700,180.8105926513672
2701,68.71424102783203
2702,57.7059326171875
2703,4.421412944793701
2704,152.2310028076172
2705,3.241511583328247
2706,5.296219348907471
2707,180.91786193847656
2708,3.7064216136932373
2709,59.9476203918457
2710,5.513345241546631
2711,179.70654296875
2712,1.8864436149597168
2713,166.57923889160156
2714,-35.4263916015625
2715,4.923730850219727
2716,2.87519907951355
2717,274.6195068359375
2718,3.381540298461914
2719,2.9705450534820557
2720,6.818899631500244
2721,6.209444522857666
2722,4.509547710418701
2723,212.7642364501953
2724,7.07879114151001
2725,46.75032424926758
2726,0.4716695249080658
2727,291.8967590332031
2728,55.95969772338867
2729,188.301513671875
2730,180.5002899169922
2731,149.95899963378906
2732,6.740835666656494
2733,251.9144287109375
2734,117.18051147460938
2735,82.71894073486328
2736,95.11846923828125
2737,189.191162109375
2738,156.31272888183594
2739,94.38607025146484
2740,5.329065322875977
2741,55.70119094848633
2742,1.0366706848144531
2743,75.1330337524414
2744,-22.4901123046875
2745,5.414736270904541
2746,223.23887634277344
2747,168.1361846923828
2748,2.7840518951416016
2749,5.505616664886475
2750,205.7909393310547
2751,276.3123779296875
2752,2.1940677165985107
2753,131.0830841064453
2754,0.4665907621383667
2755,30.807533264160156
2756,300.1810607910156
2757,5.864799499511719
2758,274.9786071777344
2759,44.23318099975586
2760,183.68687438964844
2761,6.578487396240234
2762,4.669284343719482
2763,103.29965209960938
2764,4.934040546417236
2765,128.92633056640625
2766,2.008975028991699
2767,254.14524841308594
2768,4.273312091827393
2769,3.6501827239990234
2770,232.48870849609375
2771,142.93077087402344
2772,7.227464199066162
2773,3.339411973953247
2774,4.4676408767700195
2775,6.358948230743408
2776,4.171745777130127
2777,270.7869567871094
2778,28.401674270629883
2779,2.2971460819244385
2780,3.232922315597534
2781,244.826904296875
2782,211.9065399169922
2783,5.494596004486084
2784,4.00928258895874
2785,5.985713958740234
2786,3.7723395824432373
2787,66.74431610107422
2788,-2.528630495071411
2789,155.197265625
2790,216.9062957763672
2791,102.21504974365234
2792,186.99781799316406
2793,159.22357177734375
2794,157.7958984375
2795,52.57767868041992
2796,252.041015625
2797,122.8253173828125
2798,49.7698860168457
2799,33.73737335205078
2800,5.7157111167907715
2801,4.697896480560303
2802,3.131119728088379
2803,74.73228454589844
2804,3.7406094074249268
2805,61.52290725708008
2806,6.57666540145874
2807,37.56131362915039
2808,90.38227081298828
2809,6.123697280883789
2810,5.56117582321167
2811,182.395263671875
2812,6.093568325042725
2813,3.0834453105926514
2814,6.138055324554443
2815,269.0769348144531
2816,62.19072341918945
2817,259.475830078125
2818,98.00601959228516
2819,57.75358963012695
2820,177.3472137451172
2821,47.34812927246094
2822,6.348477840423584
2823,46.82929611206055
2824,233.2279815673828
2825,116.32159423828125
2826,-68.65138244628906
2827,6.594333648681641
2828,5.582568645477295
2829,4.625801086425781
2830,6.588616847991943
2831,5.8524169921875
2832,6.543840408325195
2833,152.40211486816406
2834,3.5663177967071533
2835,3.420109510421753
2836,3.213848829269409
2837,3.1487009525299072
2838,5.849691867828369
2839,1.995650291442871
2840,56.4168586730957
2841,60.04342269897461
2842,290.82354736328125
2843,6.155513763427734
2844,171.84442138671875
2845,285.1996154785156
2846,3.1786134243011475
2847,108.54833984375
2848,-5.449681758880615
2849,-53.554931640625
2850,6.724562168121338
2851,6.705570220947266
2852,-31.524658203125
2853,81.33363342285156
2854,2.484919786453247
2855,70.28506469726562
2856,5.883988857269287
2857,35.47425842285156
2858,261.1494445800781
2859,1.5583080053329468
2860,147.1254119873047
2861,301.3233642578125
2862,241.0784454345703
2863,2.8338708877563477
2864,261.0605773925781
2865,229.00660705566406
2866,1.3735758066177368
2867,2.4652788639068604
2868,89.658203125
2869,52.03452682495117
2870,200.84747314453125
2871,6.377956390380859
2872,268.5424499511719
2873,5.3119378089904785
2874,1.3154042959213257
2875,4.640050411224365
2876,-30.713586807250977
2877,274.3480224609375
2878,-71.5114974975586
2879,5.2174391746521
2880,190.52684020996094
2881,5.924863815307617
2882,5.950691223144531
2883,4.459627151489258
2884,6.707875728607178
2885,141.84996032714844
2886,254.2698516845703
2887,5.971773624420166
2888,2.414097547531128
2889,6.642784595489502
2890,2.5637099742889404
2891,-70.74825286865234
2892,143.85047912597656
2893,32.600250244140625
2894,82.0211410522461
2895,4.780814170837402
2896,3.249347448348999
2897,5.547732830047607
2898,89.37283325195312
2899,32.63810348510742
2900,3.2696268558502197
2901,16.80763816833496
2902,245.3376007080078
2903,266.5608825683594
2904,4.664387226104736
2905,3.579104423522949
2906,35.77705001831055
2907,4.324865341186523
2908,12.35667896270752
2909,2.016714334487915
2910,99.98345947265625
2911,4.027253150939941
2912,2.657597780227661
2913,6.862392425537109
2914,51.364288330078125
2915,8.216883659362793
2916,288.3515625
2917,157.21954345703125
2918,3.9248104095458984
2919,356.1841735839844
2920,189.3048095703125
2921,5.627449035644531
2922,3.313321352005005
2923,244.4318389892578
2924,5.442633152008057
2925,4.997007846832275
2926,6.024690628051758
2927,15.824589729309082
2928,6.395793914794922
2929,156.71240234375
2930,268.3901672363281
2931,2.029527425765991
2932,5.68211555480957
2933,-36.42422866821289
2934,112.70989990234375
2935,-1.0198415517807007
2936,-67.4692153930664
2937,6.57223653793335
2938,75.45221710205078
2939,3.2388665676116943
2940,177.86865234375
2941,83.20807647705078
2942,86.2801742553711
2943,6.200111389160156
2944,6.584779739379883
2945,5.936794281005859
2946,6.526399612426758
2947,-48.7714729309082
2948,2.323408365249634
2949,6.78418493270874
2950,3.2441444396972656
2951,130.3610076904297
2952,127.62662506103516
2953,7.663027286529541
2954,1.6036819219589233
2955,6.439977169036865
2956,6.538140773773193
2957,88.00091552734375
2958,5.7242608070373535
2959,179.11505126953125
2960,6.510620594024658
2961,196.0169677734375
2962,4.258578777313232
2963,3.960968017578125
2964,222.6728515625
2965,186.3188934326172
2966,4.387248516082764
2967,3.9158213138580322
2968,158.8166046142578
2969,-82.89383697509766
2970,1.9951080083847046
2971,216.5081329345703
2972,7.394480228424072
2973,206.17022705078125
2974,244.4918975830078
2975,5.196496963500977
2976,44.80342483520508
2977,43.80116271972656
2978,4.698738098144531
2979,4.723618984222412
2980,302.1175842285156
2981,335.0973205566406
2982,150.6546630859375
2983,147.76174926757812
2984,287.5942687988281
2985,126.4437484741211
2986,276.2801818847656
2987,223.8248291015625
2988,118.1264419555664
2989,86.12630462646484
2990,28.78672218322754
2991,7.00960111618042
2992,3.1724319458007812
2993,5.378591060638428
2994,39.19575119018555
2995,7.367533206939697
2996,4.085191249847412
2997,3.702760696411133
2998,91.6502685546875
2999,160.609130859375
3000,77.83031463623047
3001,3.1540584564208984
3002,320.9560852050781
3003,4.451181888580322
3004,295.47637939453125
3005,78.2569808959961
3006,94.43645477294922
3007,6.355783939361572
3008,3.063213586807251
3009,34.875675201416016
3010,4.4748382568359375
3011,94.8614501953125
3012,5.33015775680542
3013,186.2523956298828
3014,6.396891117095947
3015,3.8778235912323
3016,5.825977325439453
3017,6.518920421600342
3018,4.10759973526001
3019,234.4958953857422
3020,3.12679386138916
3021,228.7000732421875
3022,286.9119567871094
3023,3.467132568359375
3024,90.43077850341797
3025,241.3077392578125
3026,155.96255493164062
3027,6.357437610626221
3028,5.520935535430908
3029,-21.985198974609375
3030,-49.16291809082031
3031,6.211366653442383
3032,6.074783802032471
3033,5.085998058319092
3034,112.33426666259766
3035,163.30250549316406
3036,211.15167236328125
3037,5.51637077331543
3038,2.1625986099243164
3039,-26.7371768951416
3040,195.7538299560547
3041,4.8290486335754395
3042,21.438819885253906
3043,5.79738187789917
3044,211.4096221923828
3045,169.6727294921875
3046,4.806562423706055
3047,4.515457630157471
3048,50.02275466918945
3049,5.942464351654053
3050,239.4483642578125
3051,93.91571044921875
3052,6.4112629890441895
3053,3.9917232990264893
3054,110.7934341430664
3055,199.15631103515625
3056,68.2126235961914
3057,3.228912591934204
3058,110.33296966552734
3059,1.8047866821289062
3060,263.32012939453125
3061,5.027514934539795
3062,221.6741485595703
3063,162.6978302001953
3064,240.08221435546875
3065,255.7848358154297
3066,123.4407958984375
3067,16.4610538482666
3068,6.114784240722656
3069,5.7403178215026855
3070,3.752825975418091
3071,6.287876129150391
3072,205.4386749267578
3073,127.7674331665039
3074,6.275943279266357
3075,5.978330135345459
3076,128.84271240234375
3077,80.20341491699219
3078,74.46350860595703
3079,5.944158554077148
3080,3.191645860671997
3081,39.09523010253906
3082,114.10946655273438
3083,101.27120208740234
3084,1.1764460802078247
3085,5.860254764556885
3086,232.6197967529297
3087,3.049530267715454
3088,86.14191436767578
3089,3.5268356800079346
3090,288.1844482421875
3091,149.65350341796875
3092,104.56554412841797
3093,4.206509113311768
3094,196.3894805908203
3095,266.0939636230469
3096,139.33653259277344
3097,4.342119216918945
3098,6.465747833251953
3099,31.082862854003906
3100,95.52496337890625
3101,3.9812171459198
3102,2.4157893657684326
3103,3.279968023300171
3104,52.43659973144531
3105,14.679039001464844
3106,24.162607192993164
3107,1.5927101373672485
3108,2.626051187515259
3109,6.784714221954346
3110,241.7364501953125
3111,2.254256010055542
3112,199.8632354736328
3113,5.520384311676025
3114,70.91720581054688
3115,245.24070739746094
3116,109.14825439453125
3117,-39.86369705200195
3118,246.1664581298828
3119,5.18118143081665
3120,58.25742721557617
3121,101.49312591552734
3122,136.21624755859375
3123,3.99249267578125
3124,3.1096761226654053
3125,3.9674346446990967
3126,223.4214630126953
3127,249.1627197265625
3128,37.411495208740234
3129,366.85791015625
3130,2.1465320587158203
3131,104.25152587890625
3132,179.09765625
3133,128.1689910888672
3134,223.51002502441406
3135,1.672389030456543
3136,303.1833190917969
3137,3.1128721237182617
3138,146.5541229248047
3139,5.938472747802734
3140,1.6501630544662476
3141,32.743797302246094
3142,3.656332015991211
3143,104.64482879638672
3144,274.32470703125
3145,4.5833964347839355
3146,279.8425598144531
3147,129.7884521484375
3148,98.0614242553711
3149,-21.146759033203125
3150,1.662402629852295
3151,221.85157775878906
3152,7.107226848602295
3153,228.37098693847656
3154,171.7364501953125
3155,54.86368179321289
3156,51.70738220214844
3157,4.875457763671875
3158,272.6947937011719
3159,111.5245590209961
3160,246.75042724609375
3161,-39.56833267211914
3162,4.285977840423584
3163,167.3614501953125
3164,3.542512893676758
3165,0.5080108642578125
3166,71.66487884521484
3167,6.704935073852539
3168,5.509239196777344
3169,3.330630302429199
3170,204.4658660888672
3171,3.041370153427124
3172,219.6092529296875
3173,269.3728942871094
3174,57.3737678527832
3175,-53.865234375
3176,3.898754119873047
3177,3.241806983947754
3178,182.5022735595703
3179,6.180047512054443
3180,304.7043762207031
3181,242.9812774658203
3182,291.1585998535156
3183,6.0719733238220215
3184,152.81040954589844
3185,7.231582164764404
3186,220.6387176513672
3187,252.1131134033203
3188,-61.53814697265625
3189,224.7882080078125
3190,4.2505927085876465
3191,235.88392639160156
3192,57.48443603515625
3193,6.262943267822266
3194,4.797902584075928
3195,6.1232829093933105
3196,143.82188415527344
3197,5.529871463775635
3198,203.55137634277344
3199,175.3021240234375
3200,2.2518198490142822
3201,328.3947448730469
3202,4.679412364959717
3203,4.774277210235596
3204,-15.569483757019043
3205,6.708653926849365
3206,265.70703125
3207,5.945524215698242
3208,188.74285888671875
3209,-42.27922058105469
3210,7.362144947052002
3211,254.97373962402344
3212,233.1499786376953
3213,2.6141185760498047
3214,250.9804229736328
3215,3.445148468017578
3216,6.04403829574585
3217,118.76961517333984
3218,312.2189025878906
3219,79.54972076416016
3220,77.39608764648438
3221,99.37018585205078
3222,238.9525146484375
3223,364.2247009277344
3224,-57.82796859741211
3225,129.5146484375
3226,5.867201328277588
3227,5.944398403167725
3228,17.643882751464844
3229,308.0618591308594
3230,226.4576416015625
3231,7.106060028076172
3232,4.922619342803955
3233,5.824466705322266
3234,4.476757526397705
3235,150.8380126953125
3236,135.93055725097656
3237,28.05535316467285
3238,301.2359619140625
3239,6.638942241668701
3240,53.74302291870117
3241,-16.917760848999023
3242,2.547639846801758
3243,33.270599365234375
3244,213.77093505859375
3245,5.140486240386963
3246,231.4302520751953
3247,6.457535266876221
3248,80.34520721435547
3249,-14.01556396484375
3250,226.1119384765625
3251,249.5977783203125
3252,120.1772689819336
3253,55.485015869140625
3254,158.25779724121094
3255,6.849165439605713
3256,6.18039083480835
3257,15.695256233215332
3258,2.3270633220672607
3259,29.55165672302246
3260,5.762825012207031
3261,101.2047119140625
3262,302.14752197265625
3263,2.0491983890533447
3264,4.5591254234313965
3265,137.04685974121094
3266,3.8426787853240967
3267,6.908900737762451
3268,3.001052141189575
3269,5.57012939453125
3270,79.33191680908203
3271,226.9546661376953
3272,2.7074100971221924
3273,231.624267578125
3274,244.9156036376953
3275,130.38600158691406
3276,124.08977508544922
3277,6.593887805938721
3278,5.9737868309021
3279,3.461153745651245
3280,166.93040466308594
3281,280.6856994628906
3282,2.844252586364746
3283,365.5970764160156
3284,359.148193359375
3285,97.78012084960938
3286,3.0543015003204346
3287,0.8958536982536316
3288,72.78563690185547
3289,1.797132968902588
3290,46.50261306762695
3291,227.5166015625
3292,3.0763967037200928
3293,62.413970947265625
3294,202.9762420654297
3295,147.1916046142578
3296,10.251693725585938
3297,183.1482696533203
3298,2.365861177444458
3299,235.05775451660156
3300,2.809389114379883
3301,196.67340087890625
3302,199.3022918701172
3303,-12.713343620300293
3304,224.8716583251953
3305,5.249667644500732
3306,4.342990875244141
3307,149.52491760253906
3308,3.1870925426483154
3309,6.447877407073975
3310,-42.17335891723633
3311,2.0223324298858643
3312,3.623746156692505
3313,2.7149980068206787
3314,5.948223114013672
3315,3.985462188720703
3316,328.0015869140625
3317,292.3584289550781
3318,31.836015701293945
3319,1.880294680595398
3320,1.883905053138733
3321,5.3533148765563965
3322,146.8292999267578
3323,4.65075159072876
3324,3.954472303390503
3325,317.36566162109375
3326,92.10821533203125
3327,-67.18573760986328
3328,6.325329303741455
3329,1.8896714448928833
3330,173.83441162109375
3331,115.43767547607422
3332,3.7303669452667236
3333,234.81703186035156
3334,107.970703125
3335,3.7009122371673584
3336,4.372903347015381
3337,2.8282244205474854
3338,1.756356120109558
3339,16.133718490600586
3340,46.01942443847656
3341,64.46831512451172
3342,263.5673828125
3343,120.00775146484375
3344,3.5298614501953125
3345,256.30328369140625
3346,312.2066650390625
3347,204.8985137939453
3348,73.44966888427734
3349,5.726280212402344
3350,4.080134868621826
3351,3.1582441329956055
3352,1.8474408388137817
3353,148.06190490722656
3354,64.01520538330078
3355,3.1342437267303467
3356,304.5560607910156
3357,3.6434545516967773
3358,235.63890075683594
3359,79.36925506591797
3360,155.2397003173828
3361,3.4000051021575928
3362,3.0944976806640625
3363,3.659686326980591
3364,13.46167278289795
3365,68.934814453125
3366,63.33677291870117
3367,3.296823740005493
3368,102.02875518798828
3369,4.7952728271484375
3370,63.84224319458008
3371,-7.063812255859375
3372,202.6643829345703
3373,72.9909439086914
3374,293.5482482910156
3375,2.3783133029937744
3376,1.966627597808838
3377,110.42923736572266
3378,5.374887943267822
3379,63.108577728271484
3380,343.91259765625
3381,6.747417449951172
3382,103.9786605834961
3383,6.284524440765381
3384,58.54603958129883
3385,4.418887615203857
3386,57.43320083618164
3387,2.1652886867523193
3388,163.99815368652344
3389,203.8857879638672
3390,2.255399703979492
3391,5.8304443359375
3392,5.10150146484375
3393,177.675537109375
3394,125.09893035888672
3395,5.360858917236328
3396,5.780277252197266
3397,153.87660217285156
3398,1.9169893264770508
3399,188.37579345703125
3400,161.82374572753906
3401,4.983773231506348
3402,0.525187075138092
3403,64.682373046875
3404,110.31396484375
3405,166.3761444091797
3406,202.40367126464844
3407,3.995244264602661
3408,138.31378173828125
3409,133.3712158203125
3410,6.314300060272217
3411,5.580122470855713
3412,70.41307830810547
3413,2.149721145629883
3414,6.928419589996338
3415,126.20211029052734
3416,84.78874969482422
3417,183.85693359375
3418,164.94918823242188
3419,86.9793930053711
3420,9.358263969421387
3421,-72.72234344482422
3422,194.10125732421875
3423,1.9931212663650513
3424,3.596881866455078
3425,19.917098999023438
3426,3.23146915435791
3427,53.13222122192383
3428,2.5325124263763428
3429,330.9291687011719
3430,337.28033447265625
3431,144.9550323486328
3432,5.977357864379883
3433,86.16012573242188
3434,1.9018882513046265
3435,295.8070983886719
3436,216.0958709716797
3437,3.282245397567749
3438,18.290945053100586
3439,281.3901672363281
3440,6.633255481719971
3441,4.354624271392822
3442,234.7856903076172
3443,4.9546074867248535
3444,217.65638732910156
3445,3.6978769302368164
3446,5.658628940582275
3447,263.6931457519531
3448,5.363967418670654
3449,5.804006099700928
3450,120.83639526367188
3451,210.20001220703125
3452,2.001357078552246
3453,1.7139358520507812
3454,15.654528617858887
3455,4.008335590362549
3456,5.682610988616943
3457,3.938849687576294
3458,6.29522180557251
3459,169.29502868652344
3460,-44.55337142944336
3461,3.685530424118042
3462,43.7967529296875
3463,215.79588317871094
3464,4.280632495880127
3465,2.9009315967559814
3466,7.040120601654053
3467,103.8948974609375
3468,34.160484313964844
3469,328.4478759765625
3470,140.3673858642578
3471,14.143115043640137
3472,266.6578674316406
3473,6.636758327484131
3474,3.4035236835479736
3475,4.849603176116943
3476,44.666866302490234
3477,3.6623904705047607
3478,6.677481174468994
3479,2.884282112121582
3480,93.0401611328125
3481,137.167724609375
3482,73.62533569335938
3483,60.23097610473633
3484,189.1954803466797
3485,2.4856159687042236
3486,208.1703338623047
3487,5.859582424163818
3488,5.467676639556885
3489,3.4369373321533203
3490,6.5780348777771
3491,2.9115381240844727
3492,2.382352113723755
3493,310.24560546875
3494,123.6045150756836
3495,6.384210586547852
3496,20.962129592895508
3497,4.74067497253418
3498,6.773548126220703
3499,-14.288273811340332
3500,125.84186553955078
3501,286.8387451171875
3502,6.340590000152588
3503,3.59759521484375
3504,156.7406463623047
3505,150.9654083251953
3506,98.49274444580078
3507,6.276607990264893
3508,3.2521493434906006
3509,3.1535732746124268
3510,281.1890869140625
3511,1.9576764106750488
3512,62.67901611328125
3513,107.55780029296875
3514,3.2852442264556885
3515,105.61324310302734
3516,3.4017374515533447
3517,181.1276397705078
3518,4.3113274574279785
3519,238.9337158203125
3520,328.3082275390625
3521,1.8617197275161743
3522,173.6409912109375
3523,4.919340133666992
3524,6.658458709716797
3525,5.314077377319336
3526,20.217864990234375
3527,1.6285377740859985
3528,272.3549499511719
3529,163.47088623046875
3530,2.7685976028442383
3531,31.966917037963867
3532,261.28631591796875
3533,51.095123291015625
3534,8.225592613220215
3535,83.68961334228516
3536,3.4548165798187256
3537,48.86576461791992
3538,7.3155083656311035
3539,68.0408706665039
3540,150.51901245117188
3541,-90.90301513671875
3542,2.6815309524536133
3543,211.81495666503906
3544,24.337888717651367
3545,2.5096848011016846
3546,6.1891913414001465
3547,173.4600830078125
3548,5.51147985458374
3549,1.7151905298233032
3550,4.783294677734375
3551,4.972880840301514
3552,5.687336444854736
3553,6.932929515838623
3554,180.61767578125
3555,4.151853084564209
3556,2.2448253631591797
3557,102.8210220336914
3558,5.234439373016357
3559,78.69905853271484
3560,68.1718978881836
3561,5.720077991485596
3562,3.678067445755005
3563,-50.56843185424805
3564,5.882280349731445
3565,4.643394947052002
3566,168.6177215576172
3567,1.908587098121643
3568,250.409423828125
3569,165.20130920410156
3570,58.7333984375
3571,196.8289794921875
3572,1.897587776184082
3573,6.1984076499938965
3574,5.71112585067749
3575,1.7379528284072876
3576,5.137836456298828
3577,6.062107563018799
3578,62.033084869384766
3579,1.9521549940109253
3580,66.08655548095703
3581,247.672119140625
3582,77.1183090209961
3583,70.74066162109375
3584,6.742883205413818
3585,27.679983139038086
3586,5.930932998657227
3587,34.54758071899414
3588,3.2089269161224365
3589,201.77960205078125
3590,2.7191972732543945
3591,3.3864505290985107
3592,205.3499298095703
3593,5.324817657470703
3594,4.646814823150635
3595,6.757554531097412
3596,39.030426025390625
3597,311.81732177734375
3598,72.64615631103516
3599,83.38410186767578
3600,2.7418019771575928
3601,272.7843322753906
3602,13.281829833984375
3603,5.297521114349365
3604,3.2406673431396484
3605,155.537841796875
3606,2.126272439956665
3607,3.77313232421875
3608,285.0953063964844
3609,228.22462463378906
3610,64.70626831054688
3611,5.4327216148376465
3612,288.6098937988281
3613,6.461658000946045
3614,4.763514041900635
3615,6.443258762359619
3616,53.753173828125
3617,5.178925037384033
3618,3.071152448654175
3619,-65.28036499023438
3620,7.5770416259765625
3621,60.36054611206055
3622,5.557881832122803
3623,255.1137237548828
3624,-21.994476318359375
3625,95.3240737915039
3626,60.610626220703125
3627,31.78907585144043
3628,7.057873249053955
3629,38.14036178588867
3630,246.01263427734375
3631,310.1582336425781
3632,235.52101135253906
3633,229.59584045410156
3634,97.7129135131836
3635,133.39878845214844
3636,4.7867960929870605
3637,38.739810943603516
3638,69.46122741699219
3639,5.068884372711182
3640,348.112060546875
3641,204.8494110107422
3642,154.56805419921875
3643,200.85850524902344
3644,6.29478120803833
3645,104.14765167236328
3646,2.4465205669403076
3647,5.865529537200928
3648,222.06117248535156
3649,1.3474019765853882
3650,3.0804288387298584
3651,190.4816436767578
3652,49.09413528442383
3653,-1.2738291025161743
3654,65.68928527832031
3655,2.0570640563964844
3656,141.85704040527344
3657,5.647643566131592
3658,8.708271026611328
3659,4.339125156402588
3660,5.883970260620117
3661,45.9398193359375
3662,2.1227617263793945
3663,6.042637348175049
3664,116.10050201416016
3665,4.85938024520874
3666,269.110107421875
3667,234.8842010498047
3668,254.7060089111328
3669,236.1021270751953
3670,8.163795471191406
3671,6.677202224731445
3672,226.5469970703125
3673,5.093709945678711
3674,294.5011901855469
3675,145.84307861328125
3676,52.04289627075195
3677,40.03913497924805
3678,-7.576940059661865
3679,4.1183319091796875
3680,3.7492358684539795
3681,136.93844604492188
3682,86.51848602294922
3683,167.6042938232422
3684,33.55379867553711
3685,152.72671508789062
3686,262.2342224121094
3687,121.09466552734375
3688,282.93115234375
3689,2.3669650554656982
3690,198.98304748535156
3691,178.26092529296875
3692,295.6952209472656
3693,278.2024841308594
3694,1.3216806650161743
3695,256.3703308105469
3696,216.1954803466797
3697,0.8966763019561768
3698,-29.417526245117188
3699,4.0245747566223145
3700,5.505184650421143
3701,374.2276916503906
3702,3.470351457595825
3703,3.668337106704712
3704,6.819559574127197
3705,1.4189972877502441
3706,74.2603530883789
3707,57.19573974609375
3708,113.11721801757812
3709,3.2392146587371826
3710,6.567005634307861
3711,330.2774963378906
3712,39.94409942626953
3713,5.509405136108398
3714,273.3107604980469
3715,2.720994710922241
3716,1.9955796003341675
3717,147.93824768066406
3718,67.8885726928711
3719,158.49900817871094
3720,158.3010711669922
3721,2.71386981010437
3722,3.927859306335449
3723,3.29720401763916
3724,1.8748273849487305
3725,73.56099700927734
3726,1.6816940307617188
3727,240.6099395751953
3728,79.1501235961914
3729,-41.9792366027832
3730,129.06097412109375
3731,60.10649490356445
3732,3.4527699947357178
3733,-31.506332397460938
3734,3.650869607925415
3735,2.0916106700897217
3736,-40.45513916015625
3737,6.5414719581604
3738,197.5191192626953
3739,-42.99753189086914
3740,235.3970184326172
3741,23.714561462402344
3742,268.8330078125
3743,2.4858148097991943
3744,96.3814926147461
3745,37.50947570800781
3746,4.933835506439209
3747,5.083888530731201
3748,224.4886932373047
3749,87.50711059570312
3750,1.5488797426223755
3751,266.22430419921875
3752,83.87694549560547
3753,4.695074558258057
3754,3.7985360622406006
3755,46.25680160522461
3756,5.609320163726807
3757,23.793563842773438
3758,5.9968414306640625
3759,46.40851974487305
3760,1.861801266670227
3761,6.6209540367126465
3762,5.921300411224365
3763,126.34261322021484
3764,158.66864013671875
3765,356.1053161621094
3766,6.831323146820068
3767,284.5545959472656
3768,78.05419921875
3769,1.6178759336471558
3770,137.77804565429688
3771,3.3317744731903076
3772,205.9358673095703
3773,247.54820251464844
3774,2.4777231216430664
3775,3.4983463287353516
3776,220.8413848876953
3777,6.148575305938721
3778,211.7222900390625
3779,278.2585754394531
3780,5.892517566680908
3781,6.524628162384033
3782,2.035813093185425
3783,1.861526608467102
3784,5.447887420654297
3785,24.458633422851562
3786,81.2479019165039
3787,6.047069549560547
3788,6.710001468658447
3789,288.6554260253906
3790,7.254325866699219
3791,6.752559661865234
3792,3.5528879165649414
3793,41.604305267333984
3794,-13.601516723632812
3795,211.7698516845703
3796,250.4027557373047
3797,5.325621128082275
3798,215.4275360107422
3799,-64.78583526611328
3800,228.83740234375
3801,127.71334075927734
3802,149.2407684326172
3803,52.016937255859375
3804,51.42581558227539
3805,3.8243064880371094
3806,3.128833055496216
3807,95.61483001708984
3808,3.464599609375
3809,-28.5414981842041
3810,2.871586561203003
3811,4.55320930480957
3812,255.4174041748047
3813,3.2834784984588623
3814,294.0768737792969
3815,7.492343425750732
3816,3.812265634536743
3817,51.9592399597168
3818,6.324443817138672
3819,2.448892831802368
3820,117.67862701416016
3821,7.986240386962891
3822,5.583404064178467
3823,251.9693603515625
3824,5.2426581382751465
3825,195.0522918701172
3826,6.178264617919922
3827,296.5777282714844
3828,284.5384826660156
3829,6.686495304107666
3830,233.323486328125
3831,52.04707717895508
3832,1.7862342596054077
3833,59.2675895690918
3834,90.25330352783203
3835,2.6727402210235596
3836,5.180883884429932
3837,6.872534275054932
3838,5.949903964996338
3839,238.3618927001953
3840,5.763437271118164
3841,105.6938705444336
3842,3.814824342727661
3843,226.41241455078125
3844,5.901767730712891
3845,6.616522312164307
3846,6.284891605377197
3847,69.28682708740234
3848,135.55470275878906
3849,179.4385528564453
3850,8.271804809570312
3851,174.86936950683594
3852,222.1705780029297
3853,5.708095073699951
3854,233.02833557128906
3855,1.9888347387313843
3856,65.24954986572266
3857,3.7832021713256836
3858,2.91933274269104
3859,258.4753723144531
3860,6.2643280029296875
3861,-65.85733795166016
3862,-8.61711597442627
3863,3.592190742492676
3864,2.7777702808380127
3865,310.3897399902344
3866,4.549893856048584
3867,216.0068817138672
3868,4.712813854217529
3869,3.2353336811065674
3870,148.51051330566406
3871,45.77547073364258
3872,4.482559680938721
3873,11.546427726745605
3874,349.2543640136719
3875,267.85400390625
3876,82.57669067382812
3877,-63.35323715209961
3878,222.3163604736328
3879,267.520751953125
3880,6.776383876800537
3881,3.8801679611206055
3882,2.408583402633667
3883,227.80162048339844
3884,147.1824188232422
3885,6.472479343414307
3886,5.287132263183594
3887,6.105167865753174
3888,2.614264488220215
3889,179.9178924560547
3890,0.9863044619560242
3891,3.1160783767700195
3892,123.7781753540039
3893,2.3480987548828125
3894,300.8034973144531
3895,-28.726303100585938
3896,28.209108352661133
3897,240.13568115234375
3898,208.13995361328125
3899,1.7877917289733887
3900,61.481658935546875
3901,111.37000274658203
3902,3.2273495197296143
3903,47.072994232177734
3904,61.38340377807617
3905,3.442852735519409
3906,7.933739185333252
3907,202.3914337158203
3908,129.52439880371094
3909,3.3496901988983154
3910,4.004032611846924
3911,237.7200469970703
3912,4.600585460662842
3913,37.507957458496094
3914,300.3694763183594
3915,6.96711540222168
3916,5.838769435882568
3917,3.8259785175323486
3918,-47.82735061645508
3919,5.370927810668945
3920,39.99036407470703
3921,73.14480590820312
3922,8.009334564208984
3923,2.6202962398529053
3924,383.0715026855469
3925,88.07208251953125
3926,2.3285939693450928
3927,241.0901336669922
3928,3.707200050354004
3929,5.66308069229126
3930,6.241185665130615
3931,197.11891174316406
3932,4.766727924346924
3933,2.892521619796753
3934,6.532936096191406
3935,209.3977508544922
3936,1.8775149583816528
3937,3.5457847118377686
3938,3.5542984008789062
3939,303.33392333984375
3940,6.354989528656006
3941,6.542418956756592
3942,5.671154499053955
3943,3.1860198974609375
3944,7.375447750091553
3945,336.2734680175781
3946,167.6991729736328
3947,29.251296997070312
3948,141.01498413085938
3949,4.95956563949585
3950,235.4468536376953
3951,1.7307233810424805
3952,80.86699676513672
3953,138.6125946044922
3954,2.2743422985076904
3955,6.218125820159912
3956,148.35191345214844
3957,56.976043701171875
3958,70.11348724365234
3959,239.784423828125
3960,6.3167572021484375
3961,7.314521789550781
3962,101.21463012695312
3963,5.910359859466553
3964,155.09597778320312
3965,6.7497382164001465
3966,3.6188957691192627
3967,3.5340425968170166
3968,163.9656524658203
3969,66.20989227294922
3970,2.4337046146392822
3971,3.684420585632324
3972,3.2998154163360596
3973,3.6070213317871094
3974,34.04075622558594
3975,68.65530395507812
3976,3.580737352371216
3977,4.120092391967773
3978,3.426508903503418
3979,112.96322631835938
3980,237.20220947265625
3981,247.67027282714844
3982,5.542150020599365
3983,3.0220730304718018
3984,383.1297912597656
3985,246.5527801513672
3986,142.62510681152344
3987,102.16913604736328
3988,3.4221725463867188
3989,-6.719919681549072
3990,72.46025848388672
3991,302.72113037109375
3992,5.685963153839111
3993,5.856267929077148
3994,40.52971267700195
3995,129.68174743652344
3996,4.800089359283447
3997,100.35467529296875
3998,2.368581771850586
3999,274.3038635253906
4000,5.249408721923828
4001,4.280588150024414
4002,62.413570404052734
4003,163.6453857421875
4004,2.3860394954681396
4005,290.75860595703125
4006,91.12273406982422
4007,6.5472092628479
4008,3.422250986099243
4009,5.673547267913818
4010,191.0164337158203
4011,2.253079414367676
4012,6.376200199127197
4013,255.78533935546875
4014,5.941516399383545
4015,6.056055545806885
4016,65.8316421508789
4017,195.4806671142578
4018,111.22977447509766
4019,1.3905467987060547
4020,1.9416471719741821
4021,165.56626892089844
4022,27.417259216308594
4023,4.148482799530029
4024,121.73175048828125
4025,71.1651840209961
4026,114.0301742553711
4027,251.9315643310547
4028,98.02606201171875
4029,7.026403903961182
4030,2.3022193908691406
4031,117.499755859375
4032,81.15564727783203
4033,3.004011392593384
4034,262.6435546875
4035,61.84747314453125
4036,3.4030580520629883
4037,3.8776557445526123
4038,5.895656585693359
4039,6.030124664306641
4040,113.93829345703125
4041,329.8684997558594
4042,56.40983200073242
4043,247.6752166748047
4044,4.8617634773254395
4045,21.145606994628906
4046,5.831552028656006
4047,3.9973957538604736
4048,268.13043212890625
4049,111.3215560913086
4050,282.92352294921875
4051,69.1971435546875
4052,2.898362398147583
4053,4.338067531585693
4054,5.592986583709717
4055,4.059754848480225
4056,248.6168212890625
4057,7.037434101104736
4058,252.5276641845703
4059,31.28522300720215
4060,254.68487548828125
4061,110.2525405883789
4062,3.608647584915161
4063,2.212275505065918
4064,188.2555389404297
4065,1.9239767789840698
4066,95.66617584228516
4067,205.5257110595703
4068,171.36805725097656
4069,347.3167419433594
4070,2.8167269229888916
4071,2.6306114196777344
4072,1.7386207580566406
4073,2.9851512908935547
4074,4.029592037200928
4075,-48.289520263671875
4076,24.225860595703125
4077,4.8534626960754395
4078,6.286229610443115
4079,7.019083499908447
4080,266.5406799316406
4081,3.2712862491607666
4082,143.73985290527344
4083,4.337136745452881
4084,-15.18128490447998
4085,37.51099395751953
4086,5.415079593658447
4087,4.207962512969971
4088,5.134282112121582
4089,86.4977035522461
4090,147.6609649658203
4091,4.531040668487549
4092,92.77911376953125
4093,20.54875946044922
4094,4.969339847564697
4095,6.791046619415283
4096,2.5808634757995605
4097,2.5368492603302
4098,2.858609437942505
4099,-28.581384658813477
4100,10.10546875
4101,6.764637470245361
4102,4.710916519165039
4103,68.8744888305664
4104,213.680419921875
4105,5.8913960456848145
4106,110.36283111572266
4107,92.9040298461914
4108,86.54598236083984
4109,231.9119415283203
4110,6.334339141845703
4111,67.60009002685547
4112,102.54025268554688
4113,3.532278060913086
4114,5.187530517578125
4115,77.96817779541016
4116,143.25543212890625
4117,82.83094787597656
4118,279.20513916015625
4119,250.7932891845703
4120,226.7867889404297
4121,90.33098602294922
4122,-12.212040901184082
4123,2.0977861881256104
4124,103.89849090576172
4125,2.5571630001068115
4126,58.53815841674805
4127,6.02343225479126
4128,1.7357183694839478
4129,6.526721954345703
4130,1.9275811910629272
4131,61.2844123840332
4132,6.23588228225708
4133,5.140293598175049
4134,112.31050872802734
4135,-5.448827266693115
4136,158.5991973876953
4137,367.9562072753906
4138,-7.32794189453125
4139,124.17069244384766
4140,55.051513671875
4141,4.537445068359375
4142,117.284423828125
4143,293.9102478027344
4144,85.87177276611328
4145,246.7663116455078
4146,69.26176452636719
4147,67.45114135742188
4148,275.0640869140625
4149,60.031734466552734
4150,22.84513282775879
4151,81.25728607177734
4152,122.41619110107422
4153,3.9578826427459717
4154,349.6630859375
4155,158.2169647216797
4156,3.2717783451080322
4157,-15.766139030456543
4158,3.8885040283203125
4159,4.77811861038208
4160,153.3382110595703
4161,173.5244140625
4162,6.462215423583984
4163,98.51836395263672
4164,161.0314483642578
4165,-7.43897008895874
4166,49.1826057434082
4167,102.77483367919922
4168,-12.191192626953125
4169,2.9112002849578857
4170,4.654622554779053
4171,87.99078369140625
4172,4.610434532165527
4173,4.16694450378418
4174,87.7475814819336
4175,117.2214126586914
4176,1.9818058013916016
4177,3.369013547897339
4178,26.827011108398438
4179,112.57364654541016
4180,176.2815399169922
4181,39.12272262573242
4182,68.13821411132812
4183,5.554420471191406
4184,187.9322509765625
4185,289.3104248046875
4186,2.878509283065796
4187,74.71773529052734
4188,4.048130512237549
4189,4.403802394866943
4190,120.91827392578125
4191,2.05729603767395
4192,35.382503509521484
4193,48.46548080444336
4194,5.921703815460205
4195,4.316166400909424
4196,137.16787719726562
4197,6.33196496963501
4198,3.2076356410980225
4199,5.0310587882995605
4200,289.49456787109375
4201,241.48204040527344
4202,157.49130249023438
4203,5.421305179595947
4204,98.1552505493164
4205,5.097878932952881
4206,7.669197082519531
4207,146.3050994873047
4208,158.9415740966797
4209,217.537109375
4210,-52.32275390625
4211,1.9251956939697266
4212,5.646590709686279
4213,-34.89838790893555
4214,6.688661098480225
4215,3.1312897205352783
4216,1.453403115272522
4217,3.146181344985962
4218,5.855159282684326
4219,36.963157653808594
4220,64.9781723022461
4221,2.191523313522339
4222,124.04325103759766
4223,3.1314945220947266
4224,6.477009296417236
4225,4.984277725219727
4226,278.7118225097656
4227,2.6731669902801514
4228,203.39306640625
4229,104.641845703125
4230,3.2223262786865234
4231,2.2507050037384033
4232,44.867435455322266
4233,3.1726884841918945
4234,-2.8229217529296875
4235,73.49337768554688
4236,242.5212860107422
4237,170.86370849609375
4238,2.9370810985565186
4239,89.0721435546875
4240,15.537582397460938
4241,57.00481033325195
4242,240.5099334716797
4243,-116.8879165649414
4244,333.1900329589844
4245,4.557349681854248
4246,1.9781488180160522
4247,3.749650239944458
4248,4.18102502822876
4249,-55.871700286865234
4250,7.932627201080322
4251,307.9252014160156
4252,6.637371063232422
4253,6.332083225250244
4254,5.534729480743408
4255,-49.14059829711914
4256,9.612469673156738
4257,109.9928207397461
4258,2.693743944168091
4259,1.5480780601501465
4260,70.02791595458984
4261,2.7200019359588623
4262,302.2137451171875
4263,113.43136596679688
4264,2.470675468444824
4265,35.8613395690918
4266,4.314733982086182
4267,5.9134650230407715
4268,5.655978679656982
4269,163.76539611816406
4270,223.94691467285156
4271,195.2723846435547
4272,5.33172082901001
4273,8.140337944030762
4274,47.74755859375
4275,5.993148326873779
4276,303.4211730957031
4277,208.69627380371094
4278,364.871826171875
4279,348.9833068847656
4280,133.86508178710938
4281,61.66023254394531
4282,20.62372589111328
4283,6.507713794708252
4284,4.9869608879089355
4285,106.72936248779297
4286,306.0733947753906
4287,1.8034429550170898
4288,195.13124084472656
4289,203.56910705566406
4290,175.0170440673828
4291,3.2281997203826904
4292,4.942860126495361
4293,-5.53436279296875
4294,-31.749313354492188
4295,0.8003602027893066
4296,5.601675033569336
4297,7.0242743492126465
4298,5.830699920654297
4299,81.801513671875
4300,45.544097900390625
4301,-13.425114631652832
4302,144.5169219970703
4303,1.746435523033142
4304,-50.85360336303711
4305,3.828211784362793
4306,279.5342102050781
4307,2.691969871520996
4308,47.841461181640625
4309,5.1731719970703125
4310,2.8486273288726807
4311,-23.4968204498291
4312,407.3598937988281
4313,3.094378709793091
4314,1.7981867790222168
4315,226.73451232910156
4316,1.6595993041992188
4317,189.5135040283203
4318,6.283079147338867
4319,47.04667282104492
4320,102.21704864501953
4321,4.892909526824951
4322,295.4277648925781
4323,97.1292724609375
4324,3.3804433345794678
4325,6.409021377563477
4326,4.050402641296387
4327,93.12955474853516
4328,144.65338134765625
4329,194.43968200683594
4330,20.61382484436035
4331,2.846022367477417
4332,2.455040454864502
4333,232.0082244873047
4334,3.916887044906616
4335,2.6882712841033936
4336,2.098308801651001
4337,6.051206111907959
4338,5.781951904296875
4339,5.199976921081543
4340,-29.12261962890625
4341,48.265289306640625
4342,157.7477569580078
4343,164.37696838378906
4344,148.4652557373047
4345,5.96136474609375
4346,4.975017070770264
4347,166.61195373535156
4348,5.623616695404053
4349,170.4155731201172
4350,-39.40060043334961
4351,131.0703582763672
4352,147.78782653808594
4353,5.424164295196533
4354,97.92999267578125
4355,138.36805725097656
4356,1.8974887132644653
4357,5.044216632843018
4358,299.6029357910156
4359,216.97645568847656
4360,3.1608352661132812
4361,10.754521369934082
4362,0.05664348602294922
4363,3.5366973876953125
4364,4.312435626983643
4365,1.629807949066162
4366,3.614288330078125
4367,246.0816650390625
4368,-25.25079345703125
4369,65.7069320678711
4370,6.364537715911865
4371,189.5037384033203
4372,90.74651336669922
4373,319.1086730957031
4374,6.683713436126709
4375,217.24281311035156
4376,277.9102478027344
4377,5.351747035980225
4378,5.642179012298584
4379,206.6216583251953
4380,3.2046868801116943
4381,2.288726568222046
4382,6.758716106414795
4383,30.549734115600586
4384,4.858676433563232
4385,200.23435974121094
4386,8.120068550109863
4387,309.3385009765625
4388,101.0682373046875
4389,6.757198333740234
4390,4.07943868637085
4391,4.193715572357178
4392,2.4706649780273438
4393,79.69676971435547
4394,84.50717163085938
4395,3.264671564102173
4396,-12.28954029083252
4397,2.727612257003784
4398,6.402734756469727
4399,2.7308762073516846
4400,235.3986358642578
4401,7.0680623054504395
4402,225.63462829589844
4403,286.4174499511719
4404,230.8284912109375
4405,388.2344665527344
4406,51.31914138793945
4407,77.02318572998047
4408,6.537715911865234
4409,104.6263198852539
4410,-100.0066146850586
4411,2.840503454208374
4412,269.7750549316406
4413,217.97434997558594
4414,3.9624712467193604
4415,174.63067626953125
4416,40.18393325805664
4417,2.7958309650421143
4418,234.6761016845703
4419,289.1631774902344
4420,337.9233703613281
4421,331.4265441894531
4422,-1.9541116952896118
4423,1.7873376607894897
4424,46.86127853393555
4425,165.9628143310547
4426,5.293406963348389
4427,213.7312469482422
4428,6.300703525543213
4429,5.58732795715332
4430,5.102749824523926
4431,174.2882537841797
4432,3.8092501163482666
4433,3.918752431869507
4434,119.6240234375
4435,5.712968349456787
4436,6.177528381347656
4437,-6.0905022621154785
4438,82.26689910888672
4439,6.872335910797119
4440,260.2922668457031
4441,1.0737396478652954
4442,264.4807434082031
4443,6.62952995300293
4444,276.9493103027344
4445,3.652696371078491
4446,3.5913617610931396
4447,127.37359619140625
4448,5.013998985290527
4449,-13.32586669921875
4450,68.31671142578125
4451,95.53182220458984
4452,326.4281311035156
4453,240.39776611328125
4454,5.315658092498779
4455,5.226287364959717
4456,208.54931640625
4457,4.247421741485596
4458,6.6685872077941895
4459,48.20109176635742
4460,0.4633178412914276
4461,91.63890838623047
4462,151.67625427246094
4463,34.46723556518555
4464,3.9979116916656494
4465,116.62337493896484
4466,4.668488502502441
4467,13.46948528289795
4468,1.8021197319030762
4469,2.117973566055298
4470,4.969390869140625
4471,2.8240318298339844
4472,281.40625
4473,3.7566754817962646
4474,232.954345703125
4475,4.623633861541748
4476,79.1899185180664
4477,5.721548557281494
4478,3.8445940017700195
4479,126.17200469970703
4480,282.3288269042969
4481,3.626523971557617
4482,211.1072235107422
4483,77.79718780517578
4484,315.8105773925781
4485,237.5899200439453
4486,2.390634059906006
4487,92.51898956298828
4488,58.0199089050293
4489,-49.959651947021484
4490,102.01416015625
4491,5.697995662689209
4492,264.6862487792969
4493,319.3899230957031
4494,10.649879455566406
4495,2.9036388397216797
4496,131.83619689941406
4497,6.815174102783203
4498,200.9465789794922
4499,318.8736877441406
4500,154.4792022705078
4501,5.9127655029296875
4502,5.984128475189209
4503,184.570556640625
4504,21.340438842773438
4505,65.37398529052734
4506,2.233889579772949
4507,-42.62015914916992
4508,126.3508529663086
4509,41.62810134887695
4510,2.2459285259246826
4511,270.0091247558594
4512,58.11894607543945
4513,97.4477767944336
4514,2.309828519821167
4515,3.2254302501678467
4516,3.5124874114990234
4517,4.462462902069092
4518,14.013361930847168
4519,110.7231674194336
4520,53.74749755859375
4521,2.340369939804077
4522,95.8746337890625
4523,6.782100677490234
4524,236.2456512451172
4525,17.016983032226562
4526,2.2196617126464844
4527,100.02798461914062
4528,120.87340545654297
4529,128.51864624023438
4530,208.470947265625
4531,4.055003643035889
4532,4.122474670410156
4533,4.280819416046143
4534,67.92659759521484
4535,5.932015895843506
4536,1.9279314279556274
4537,1.9171103239059448
4538,6.450218677520752
4539,287.6410827636719
4540,158.31906127929688
4541,3.3376388549804688
4542,2.716710090637207
4543,213.70777893066406
4544,45.801177978515625
4545,5.4123101234436035
4546,19.541458129882812
4547,6.103967189788818
4548,173.6954345703125
4549,4.892141342163086
4550,253.64476013183594
4551,31.221099853515625
4552,101.69416046142578
4553,94.307861328125
4554,5.593240737915039
4555,194.9139862060547
4556,302.0425720214844
4557,5.0970988273620605
4558,4.636801242828369
4559,68.91324615478516
4560,6.7653937339782715
4561,5.471887111663818
4562,186.0023193359375
4563,45.305145263671875
4564,253.7783966064453
4565,56.78891372680664
4566,203.9161376953125
4567,272.37713623046875
4568,140.31292724609375
4569,5.347938537597656
4570,209.0586700439453
4571,245.50978088378906
4572,5.312375545501709
4573,2.9620094299316406
4574,1.5856233835220337
4575,5.296626091003418
4576,137.9901580810547
4577,246.63134765625
4578,75.83212280273438
4579,18.668123245239258
4580,0.5143586993217468
4581,362.263427734375
4582,-11.643834114074707
4583,0.7552548050880432
4584,289.74896240234375
4585,40.7751579284668
4586,6.183784484863281
4587,4.573633670806885
4588,1.530875563621521
4589,4.378519535064697
4590,3.4598522186279297
4591,62.86122512817383
4592,5.6315226554870605
4593,114.93810272216797
4594,-15.603022575378418
4595,2.63247013092041
4596,61.42605972290039
4597,123.804931640625
4598,4.234583854675293
4599,-46.22574996948242
4600,93.27566528320312
4601,6.899078369140625
4602,5.354039669036865
4603,5.114265441894531
4604,77.13483428955078
4605,1.6532727479934692
4606,144.2870635986328
4607,28.130006790161133
4608,4.6547112464904785
4609,203.80279541015625
4610,96.91732025146484
4611,122.84732818603516
4612,2.4202263355255127
4613,-79.01958465576172
4614,72.19500732421875
4615,-39.57754898071289
4616,4.788405895233154
4617,4.655873775482178
4618,4.0889105796813965
4619,6.238636016845703
4620,6.708000183105469
4621,112.13433837890625
4622,3.77893328666687
4623,6.1404266357421875
4624,0.15579962730407715
4625,104.4405288696289
4626,47.95966720581055
4627,5.5025787353515625
4628,6.105632781982422
4629,62.511444091796875
4630,5.430974960327148
4631,-0.7659454345703125
4632,6.716257572174072
4633,235.3539581298828
4634,5.731315612792969
4635,5.674366474151611
4636,22.94725799560547
4637,7.083901882171631
4638,392.986328125
4639,271.875244140625
4640,2.0299782752990723
4641,189.8498077392578
4642,145.4107666015625
4643,48.5885009765625
4644,38.40946578979492
4645,5.759191513061523
4646,39.3978385925293
4647,19.23835563659668
4648,178.29234313964844
4649,103.74942779541016
4650,121.3689193725586
4651,56.06719970703125
4652,4.964897155761719
4653,244.7709197998047
4654,7.845489501953125
4655,5.9680657386779785
4656,3.484572172164917
4657,3.27044415473938
4658,6.947489261627197
4659,47.442752838134766
4660,1.768131136894226
4661,2.6554946899414062
4662,3.8254172801971436
4663,123.37366485595703
4664,5.946417331695557
4665,169.9693603515625
4666,248.8572235107422
4667,1.8435516357421875
4668,123.37291717529297
4669,237.1582794189453
4670,31.065488815307617
4671,2.051933526992798
4672,0.7190266251564026
4673,65.42675018310547
4674,274.1548767089844
4675,1.7975879907608032
4676,124.88431549072266
4677,51.9688720703125
4678,5.461103916168213
4679,98.55525970458984
4680,3.9656307697296143
4681,1.5681962966918945
4682,219.9008331298828
4683,155.0959014892578
4684,86.08696746826172
4685,243.0830078125
4686,4.332688808441162
4687,211.2049560546875
4688,329.0038757324219
4689,111.62776947021484
4690,6.768760681152344
4691,6.890132427215576
4692,4.387596607208252
4693,77.2083511352539
4694,4.721427917480469
4695,369.1109924316406
4696,4.620133876800537
4697,2.536756753921509
4698,4.610781192779541
4699,3.8910725116729736
4700,92.8552017211914
4701,5.763490200042725
4702,1.9317389726638794
4703,3.1701040267944336
4704,5.4590020179748535
4705,277.6944274902344
4706,3.627018690109253
4707,5.066799640655518
4708,3.176913261413574
4709,72.42418670654297
4710,146.0571746826172
4711,6.280240535736084
4712,260.2989807128906
4713,3.749319076538086
4714,5.664329528808594
4715,60.355682373046875
4716,147.60206604003906
4717,7.43369722366333
4718,6.552072048187256
4719,202.3875274658203
4720,175.2244415283203
4721,6.261410236358643
4722,3.8882343769073486
4723,6.872758865356445
4724,43.24462890625
4725,229.50465393066406
4726,3.682281494140625
4727,297.8149719238281
4728,212.7857666015625
4729,3.974379301071167
4730,165.43421936035156
4731,139.97564697265625
4732,-33.20100021362305
4733,5.710742950439453
4734,6.449037075042725
4735,5.503718852996826
4736,3.429766893386841
4737,37.702186584472656
4738,-25.73573875427246
4739,166.8382568359375
4740,295.1253356933594
4741,4.886147975921631
4742,68.52642822265625
4743,5.863580703735352
4744,260.7966003417969
4745,40.91829299926758
4746,3.7766590118408203
4747,2.8970577716827393
4748,3.249425172805786
4749,5.432302951812744
4750,5.745512008666992
4751,4.017886161804199
4752,100.90953826904297
4753,142.1985626220703
4754,118.61746978759766
4755,4.2235212326049805
4756,2.0070736408233643
4757,3.4669463634490967
4758,72.34075164794922
4759,115.37622833251953
4760,5.253022193908691
4761,3.2122135162353516
4762,170.0437469482422
4763,227.42771911621094
4764,2.5363032817840576
4765,377.1239318847656
4766,19.256620407104492
4767,-9.08903980255127
4768,27.55086326599121
4769,-42.49673080444336
4770,37.273170471191406
4771,33.01484298706055
4772,4.468347072601318
4773,4.334321975708008
4774,151.7650604248047
4775,1.7397514581680298
4776,2.384204626083374
4777,215.1219940185547
4778,5.139283180236816
4779,29.61017417907715
4780,1.9395332336425781
4781,61.76692581176758
4782,5.262388706207275
4783,4.165916442871094
4784,2.8493125438690186
4785,41.77333068847656
4786,68.78662109375
4787,5.34891939163208
4788,3.7959539890289307
4789,3.359074354171753
4790,112.364990234375
4791,215.9816436767578
4792,4.440803527832031
4793,161.1483154296875
4794,66.65646362304688
4795,214.3623046875
4796,3.277848243713379
4797,125.36138153076172
4798,6.00587797164917
4799,3.8941433429718018
4800,334.9476318359375
4801,3.5215156078338623
4802,5.412778377532959
4803,253.96595764160156
4804,2.011786460876465
4805,244.1596221923828
4806,4.178940296173096
4807,3.232926607131958
4808,64.5159683227539
4809,84.74808502197266
4810,1.639277458190918
4811,2.130415678024292
4812,5.2425713539123535
4813,287.5550842285156
4814,234.6108856201172
4815,3.0637848377227783
4816,2.8778297901153564
4817,5.903886318206787
4818,1.676216959953308
4819,64.50330352783203
4820,2.5973477363586426
4821,185.5171356201172
4822,132.2769775390625
4823,4.940993309020996
4824,3.0030174255371094
4825,225.412353515625
4826,4.673183917999268
4827,6.233991622924805
4828,207.7271728515625
4829,118.89115142822266
4830,95.6554183959961
4831,175.8641357421875
4832,7.005641937255859
4833,3.673007011413574
4834,100.09969329833984
4835,3.730560541152954
4836,6.59066915512085
4837,191.79705810546875
4838,41.61782455444336
4839,312.2244567871094
4840,3.3034427165985107
4841,147.26617431640625
4842,27.238670349121094
4843,2.497727394104004
4844,4.390460014343262
4845,4.581116199493408
4846,7.019957065582275
4847,3.8738460540771484
4848,2.503972053527832
4849,5.453301906585693
4850,6.872798919677734
4851,6.105093479156494
4852,84.89287567138672
4853,276.3852233886719
4854,3.0248849391937256
4855,3.628767967224121
4856,176.8289031982422
4857,245.62318420410156
4858,276.3433532714844
4859,130.4291534423828
4860,241.83949279785156
4861,-35.62400436401367
4862,142.4077606201172
4863,6.630799770355225
4864,5.9731879234313965
4865,1.8464566469192505
4866,0.8850823044776917
4867,3.4769704341888428
4868,47.427734375
4869,1.2192434072494507
4870,133.06033325195312
4871,6.4971089363098145
4872,2.4471755027770996
4873,286.9751281738281
4874,7.75738525390625
4875,3.481825828552246
4876,238.9144287109375
4877,6.147470474243164
4878,57.641693115234375
4879,70.42306518554688
4880,5.552265644073486
4881,6.028662204742432
4882,53.96382522583008
4883,1.820254921913147
4884,162.4642333984375
4885,-62.85687255859375
4886,237.390625
4887,5.049806118011475
4888,296.2195129394531
4889,21.697843551635742
4890,215.6125030517578
4891,164.71270751953125
4892,1.973089575767517
4893,5.745035648345947
4894,87.03073120117188
4895,6.752988338470459
4896,6.04124116897583
4897,6.853734970092773
4898,53.07608413696289
4899,222.8387908935547
4900,1.741378903388977
4901,273.3558654785156
4902,4.527576923370361
4903,153.47784423828125
4904,396.3831481933594
4905,98.82415771484375
4906,154.6219940185547
4907,180.7685546875
4908,4.842118263244629
4909,170.190185546875
4910,138.3079376220703
4911,65.62999725341797
4912,5.811093807220459
4913,209.44044494628906
4914,166.1374969482422
4915,2.919877052307129
4916,4.85031270980835
4917,6.539308547973633
4918,2.572100877761841
4919,94.98470306396484
4920,2.0467207431793213
4921,-7.78046178817749
4922,183.2035675048828
4923,241.3191680908203
4924,6.591712951660156
4925,2.6132149696350098
4926,0.75018310546875
4927,5.779445171356201
4928,2.6065003871917725
4929,58.149471282958984
4930,112.92533111572266
4931,-28.710561752319336
4932,5.7623066902160645
4933,402.1439514160156
4934,-60.94831848144531
4935,60.14767074584961
4936,227.36053466796875
4937,51.1324348449707
4938,94.8720474243164
4939,54.6585807800293
4940,3.488163948059082
