id,target
1,3.6356513500213623
2,3.444066047668457
3,265.7427062988281
4,-93.76707458496094
5,4.061009883880615
6,6.41015625
7,3.7296738624572754
8,122.00129699707031
9,89.68670654296875
10,140.3290252685547
11,67.19827270507812
12,41.84504699707031
13,250.88833618164062
14,211.6588592529297
15,3.6298561096191406
16,269.11138916015625
17,2.805753707885742
18,118.34369659423828
19,2.523334788407167
20,6.345587730407715
21,-26.750442504882812
22,76.04375457763672
23,4.96055793762207
24,3.4268546104431152
25,61.704689025878906
26,63.87261199951172
27,0.9813921451568604
28,159.64175415039062
29,57.23841857910156
30,3.520102024078369
31,6.284481525421143
32,59.1539306640625
33,54.03704071044922
34,3.7492716312408447
35,2.247729539871216
36,6.479631423950195
37,215.4296875
38,283.06280517578125
39,62.77604675292969
40,132.25735473632812
41,-32.61126708984375
42,3.437221050262451
43,5.1678266525268555
44,5.325047016143799
45,118.87554168701172
46,84.06005859375
47,2.3533341884613037
48,-79.75962829589844
49,3.9206607341766357
50,1.8588549598192974
51,296.239013671875
52,4.609899997711182
53,1.9844629764556885
54,82.93870544433594
55,3.202996253967285
56,4.681392192840576
57,5.3119916915893555
58,190.9486541748047
59,284.4051513671875
60,6.123054504394531
61,2.161867227355603
62,217.7248077392578
63,6.077300548553467
64,2.9856173992156982
65,3.5481128692626953
66,3.918351650238037
67,5.322199821472168
68,254.80752563476562
69,173.17645263671875
70,2.806210994720459
71,3.317781925201416
72,2.3293259143829346
73,27.902992248535156
74,196.79196166992188
75,149.18115234375
76,6.218150615692139
77,6.01065731048584
78,148.5270233154297
79,254.2860870361328
80,3.003196954727173
81,64.77559661865234
82,4.062892436981201
83,178.8221435546875
84,84.63002014160156
85,-9.68280029296875
86,2.1607468021459173
87,113.87291717529297
88,154.77455139160156
89,5.917273998260498
90,5.878798484802246
91,14.1083984375
92,75.17216491699219
93,47.31268310546875
94,5.1204962730407715
95,3.797006607055664
96,3.151618480682373
97,8.059905052185059
98,272.6974792480469
99,98.74356079101562
100,217.4721221923828
101,4.371082782745361
102,251.0327911376953
103,5.598328113555908
104,6.217372894287109
105,135.45965576171875
106,61.307708740234375
107,247.45343017578125
108,2.3434956073760986
109,197.2071990966797
110,3.239037275314331
111,39.160797119140625
112,1.9510397030539601
113,91.23573303222656
114,6.318501949310303
115,4.915924549102783
116,313.8955078125
117,213.53794860839844
118,208.78903198242188
119,230.78152465820312
120,244.64227294921875
121,142.55355834960938
122,3.3321430683135986
123,120.56945037841797
124,246.35121154785156
125,100.33580017089844
126,6.0337982177734375
127,182.51260375976562
128,1.9737322330474854
129,210.41375732421875
130,120.28407287597656
131,72.6119155883789
132,-27.192535400390625
133,15.389328002929688
134,314.22906494140625
135,6.54679012298584
136,1.7768330574035645
137,129.68243408203125
138,6.031805515289307
139,206.099853515625
140,267.06243896484375
141,73.2258071899414
142,23.334007263183594
143,51.94097137451172
144,30.15802764892578
145,6.327693462371826
146,140.15989685058594
147,228.15049743652344
148,2.1562318801879883
149,45.21448516845703
150,85.29701232910156
151,275.41851806640625
152,224.93252563476562
153,162.0968780517578
154,16.87395477294922
155,4.327085422906364
156,190.41375732421875
157,146.15769958496094
158,65.51823425292969
159,129.619873046875
160,6.020815372467041
161,89.69303894042969
162,4.715341567993164
163,215.12709045410156
164,2.9609127044677734
165,-6.87811279296875
166,211.73309326171875
167,247.54660034179688
168,5.918557167053223
169,1.4006083011627197
170,244.68191528320312
171,2.9323105812072754
172,3.889029026031494
173,-55.78019714355469
174,3.7707138061523438
175,5.250518798828125
176,105.5455322265625
177,96.46136474609375
178,290.9443359375
179,161.1527099609375
180,230.24771118164062
181,6.420214012378636
182,2.6228158473968506
183,262.0570068359375
184,6.345851421356201
185,1.723263484571672
186,3.571094274520874
187,2.828730344772339
188,3.9137070178985596
189,106.76151275634766
190,4.080626964569092
191,2.1991729736328125
192,92.74267578125
193,3.228750228881836
194,274.6512451171875
195,105.37088012695312
196,216.66940307617188
197,146.16513061523438
198,231.16749572753906
199,69.43987274169922
200,2.5406277179718018
201,2.3182058334350586
202,126.78963470458984
203,62.11725616455078
204,4.178196430206299
205,237.26055908203125
206,23.012039184570312
207,227.17617797851562
208,151.62893676757812
209,86.205078125
210,203.21875
211,81.70455932617188
212,133.0626220703125
213,218.9528045654297
214,82.97059631347656
215,-5.9564056396484375
216,150.71315002441406
217,77.7011489868164
218,205.98300170898438
219,227.4234619140625
220,5.729906490996098
221,212.36651611328125
222,188.1575164794922
223,3.1236743927001953
224,208.81149291992188
225,259.0406188964844
226,220.66964721679688
227,-4.9417572021484375
228,245.38783264160156
229,203.45689392089844
230,3.1080355644226074
231,212.81629943847656
232,69.0643310546875
233,62.745933532714844
234,217.76699829101562
235,127.70051574707031
236,2.2830140590667725
237,6.502340793609619
238,49.238037109375
239,5.902906894683838
240,191.02203369140625
241,273.21978759765625
242,241.42039489746094
243,3.040271282196045
244,3.5106260776519775
245,33.8253173828125
246,147.82321166992188
247,154.92015075683594
248,7.2135419845581055
249,5.837175369262695
250,75.04874420166016
251,44.28562927246094
252,207.67648315429688
253,7.6391754150390625
254,117.41810607910156
255,-75.76870727539062
256,5.125978469848633
257,2.020227625839677
258,143.5906524658203
259,289.59930419921875
260,2.3902740478515625
261,5.941728591918945
262,6.451004981994629
263,-34.908782958984375
264,3.7661715259266755
265,3.5143651962280273
266,2.543886661529541
267,3.740854024887085
268,1.7718989849090576
269,191.9742431640625
270,3.0395565032958984
271,105.21194458007812
272,93.58319091796875
273,3.9650683403015137
274,4.105578422546387
275,276.53216552734375
276,202.94366455078125
277,184.60629272460938
278,-6.93328857421875
279,4.086278915405273
280,208.34542846679688
281,5.42779541015625
282,106.54127502441406
283,286.8517150878906
284,160.28810119628906
285,257.14630126953125
286,145.12225341796875
287,250.20863342285156
288,5.935956001281738
289,95.73182678222656
290,4.267284393310547
291,160.75189208984375
292,3.2136878967285156
293,67.64585876464844
294,127.6395263671875
295,5.7138590812683105
296,125.98291015625
297,92.01869201660156
298,-6.790740966796875
299,218.0264434814453
300,5.736598014831543
301,3.770888566970825
302,5.152082443237305
303,3.875570297241211
304,4.079331019935804
305,4.928769588470459
306,172.22601318359375
307,5.550827980041504
308,3.0284831523895264
309,175.5126953125
310,2.210676670074463
311,1.9416598081588745
312,3.792635679244995
313,153.92193603515625
314,4.412492942284807
315,6.02835750579834
316,4.8827900886535645
317,4.566519260406494
318,3.8159011176328295
319,132.5536346435547
320,1.8720908163163896
321,6.201553821563721
322,2.5942931175231934
323,1.7554772092213577
324,2.699624538421631
325,6.298445701599121
326,5.029690265655518
327,32.08213806152344
328,5.158150672912598
329,84.55021667480469
330,32.608177185058594
331,46.526832580566406
332,5.521674156188965
333,3.3051743507385254
334,6.324577808380127
335,136.99839782714844
336,4.225194931030273
337,2.3291517851687376
338,141.75856018066406
339,81.85493469238281
340,266.30316162109375
341,152.76498413085938
342,134.22012329101562
343,3.3860747526450488
344,2.3800134658813477
345,129.04757690429688
346,2.7276124954223633
347,4.721124385124103
348,4.8299102783203125
349,-13.690475463867188
350,107.65348052978516
351,238.86074829101562
352,2.687774658203125
353,1.6014719009399414
354,5.903866767883301
355,244.1225128173828
356,242.8022003173828
357,3.0853734016418457
358,-24.550994873046875
359,4.61386775970459
360,182.24392700195312
361,4.768502235412598
362,6.144192695617676
363,-10.6607666015625
364,3.6104776859283447
365,5.797103404998779
366,93.59190368652344
367,5.135804653167725
368,264.56634521484375
369,5.70477819442749
370,-36.345672607421875
371,253.2581329345703
372,127.96965789794922
373,152.2519073486328
374,-26.086334228515625
375,138.9733123779297
376,2.5994744300842285
377,3.302340507507324
378,4.225194931030273
379,3.992617607116699
380,1.0505062341690063
381,6.022225379943848
382,4.79819917678833
383,7.9863433837890625
384,1.762260249706908
385,3.750476598739624
386,196.97647094726562
387,3.585308313369751
388,4.6362690925598145
389,84.5609359741211
390,5.127623297274661
391,200.33709716796875
392,5.965298175811768
393,4.130095156117385
394,280.63006591796875
395,253.8756103515625
396,4.086589336395264
397,1.5560643298799883
398,6.174293518066406
399,214.28964233398438
400,244.94761657714844
401,1.7738258017428308
402,6.064343452453613
403,5.555382737555779
404,5.8567399978637695
405,24.766929626464844
406,6.892916679382324
407,-70.8277587890625
408,3.4197468757629395
409,2.9385132789611816
410,3.413844585418701
411,2.7958011627197266
412,-28.545181274414062
413,317.59210205078125
414,5.859808921813965
415,9.029190063476562
416,3.247442958627429
417,6.395830154418945
418,5.009131908416748
419,5.922579765319824
420,3.83735990524292
421,183.58151245117188
422,190.01223754882812
423,158.29261779785156
424,231.11328125
425,5.7254438400268555
426,277.0377197265625
427,3.338589668273926
428,201.40316772460938
429,3.251338481903076
430,4.7188239097595215
431,266.2748107910156
432,159.56350708007812
433,41.60136413574219
434,2.837225914001465
435,-18.423553466796875
436,302.0223693847656
437,224.93072509765625
438,172.24066162109375
439,5.702018737792969
440,274.41552734375
441,228.88723754882812
442,125.7013931274414
443,279.19537353515625
444,5.482725143432617
445,6.366356372833252
446,58.212303161621094
447,2.184549570083618
448,6.347190856933594
449,300.10540771484375
450,278.701904296875
451,169.85084533691406
452,242.74847412109375
453,1.8616921396989357
454,3.681746244430542
455,147.52822875976562
456,3.222097873687744
457,4.903244972229004
458,264.05731201171875
459,99.23128509521484
460,21.883834838867188
461,157.53680419921875
462,5.8919997215271
463,166.8411407470703
464,5.517197132110596
465,124.79367065429688
466,81.16936492919922
467,1.8090267181396484
468,5.28274393081665
469,18.3917236328125
470,20.934722900390625
471,1.777097734105405
472,1.8753104857844374
473,95.85087585449219
474,5.777923583984375
475,104.46244812011719
476,6.146459579467773
477,1.9449334144592285
478,5.362194538116455
479,185.58160400390625
480,3.4232892990112305
481,5.3589677810668945
482,55.92707824707031
483,1.7727371076641605
484,239.7024688720703
485,123.97333526611328
486,4.541193007088169
487,2.6228158473968506
488,220.46144104003906
489,2.6672046184539795
490,4.826534748077393
491,5.906404495239258
492,4.003269195556641
493,2.8633322715759277
494,235.03729248046875
495,5.804378509521484
496,200.93032836914062
497,5.255402565002441
498,5.953843116760254
499,5.060846777468639
500,-21.763214111328125
501,3.080836534500122
502,265.7427062988281
503,121.07316589355469
504,99.43161010742188
505,2.3995814323425293
506,6.353501319885254
507,293.280517578125
508,76.24374389648438
509,274.69970703125
510,3.646838903427124
511,147.5758819580078
512,233.39166259765625
513,168.0963897705078
514,287.6484680175781
515,292.751708984375
516,243.13502502441406
517,214.93109130859375
518,6.166147708892822
519,-8.057540893554688
520,240.87631225585938
521,2.213413715362549
522,4.169052010393016
523,46.12751770019531
524,4.127467155456543
525,166.40908813476562
526,5.720666408538818
527,4.86013650894165
528,4.334630489349365
529,6.220184803009033
530,333.8670654296875
531,90.69894409179688
532,3.7635903358459473
533,152.12281799316406
534,4.612876729910531
535,6.827388763427734
536,5.766751289367676
537,1.521346092224121
538,5.49278450012207
539,259.4024353027344
540,310.4749755859375
541,233.06256103515625
542,31.6461181640625
543,40.866485595703125
544,6.113325119018555
545,3.5388572216033936
546,4.856694221496582
547,2.117373145230431
548,230.07040405273438
549,5.2912373542785645
550,214.62034606933594
551,5.825046539306641
552,132.18612670898438
553,4.017736434936523
554,90.22059631347656
555,131.75482177734375
556,243.91424560546875
557,217.22161865234375
558,5.822847366333008
559,4.302945613861084
560,190.99533081054688
561,45.221092224121094
562,155.9269256591797
563,2.351013660430908
564,17.023757934570312
565,183.26454162597656
566,2.3747854232788086
567,55.836204528808594
568,140.37197875976562
569,239.68893432617188
570,4.096694469451904
571,225.43211364746094
572,3.2184393405914307
573,58.26841735839844
574,72.6199951171875
575,7.560704231262207
576,1.8199934651242895
577,3.238187313079834
578,201.53793334960938
579,66.4052963256836
580,277.7113037109375
581,29.04315185546875
582,87.93495178222656
583,5.534580230712891
584,2.480328321456909
585,147.04306030273438
586,5.311574935913086
587,213.9686279296875
588,3.303389549255371
589,170.70542907714844
590,265.01776123046875
591,311.28594970703125
592,7.015954971313477
593,217.10488891601562
594,265.94549560546875
595,-26.896942138671875
596,5.232755184173584
597,87.86935424804688
598,3.2546677589416504
599,124.16496276855469
600,109.92500305175781
601,156.88485717773438
602,-21.541183471679688
603,2.0704106573175305
604,199.43109130859375
605,2.934295415878296
606,3.2510294914245605
607,6.885402679443359
608,59.174591064453125
609,247.44784545898438
610,54.1651611328125
611,55.57795715332031
612,68.47762298583984
613,3.6358184814453125
614,35.970802307128906
615,1.930637544596247
616,169.87472534179688
617,-50.240264892578125
618,213.38076782226562
619,4.462667942047119
620,5.520658016204834
621,190.36376953125
622,110.87774658203125
623,171.63539123535156
624,136.45326232910156
625,2.3045210305756396
626,1.8576972484588623
627,73.23768615722656
628,3.5060806274414062
629,226.13685607910156
630,4.726093292236328
631,1.986324429512024
632,178.54013061523438
633,164.7156524658203
634,234.51068115234375
635,2.8168389797210693
636,179.24923706054688
637,127.43544006347656
638,6.811024188995361
639,64.31561279296875
640,114.90316009521484
641,6.311141014099121
642,2.9877853393554688
643,292.6964111328125
644,2.695056438446045
645,118.19818878173828
646,111.92996215820312
647,215.31300354003906
648,218.61703491210938
649,300.3638000488281
650,289.3258056640625
651,105.36886596679688
652,61.13245391845703
653,3.1636900901794434
654,189.93319702148438
655,-7.4155120849609375
656,177.06158447265625
657,113.10655975341797
658,255.56961059570312
659,1.8053738065130502
660,109.3012466430664
661,3.765425682067871
662,52.995887756347656
663,4.012598669947892
664,8.92181396484375
665,161.1815185546875
666,157.9925537109375
667,211.02560424804688
668,253.36627197265625
669,266.2131042480469
670,217.32400512695312
671,116.40457153320312
672,113.21065521240234
673,3.881248950958252
674,5.683911323547363
675,6.039062976837158
676,6.302603721618652
677,26.020347595214844
678,112.65457153320312
679,4.758575916290283
680,2.535088300704956
681,1.9120752068866724
682,132.60169982910156
683,5.879795074462891
684,63.571067810058594
685,76.71451568603516
686,5.480086803436279
687,266.3459167480469
688,130.95631408691406
689,117.70787048339844
690,308.8740539550781
691,4.448982238769531
692,92.18046569824219
693,5.070472717285156
694,7.140607430665493
695,9.407958984375
696,246.3136749267578
697,0.4575800895690918
698,318.49945068359375
699,1.360466480255127
700,229.0157470703125
701,3.8053462505340576
702,6.36023473739624
703,73.93177795410156
704,67.68461608886719
705,76.7291030883789
706,239.26904296875
707,245.34426879882812
708,84.2327880859375
709,62.39105224609375
710,196.44908142089844
711,228.58811950683594
712,6.4140095710754395
713,17.51128387451172
714,6.908571243286133
715,229.3323974609375
716,2.575911045074463
717,118.75007629394531
718,307.83404541015625
719,216.84072875976562
720,4.773265838623047
721,160.43203735351562
722,1.8276395797729492
723,6.449734210968018
724,2.280693531036377
725,2.5864882469177246
726,152.2659454345703
727,259.53460693359375
728,86.39533996582031
729,96.22181701660156
730,90.45933532714844
731,304.78546142578125
732,4.4703826904296875
733,6.1128411293029785
734,22.212425231933594
735,227.62924194335938
736,54.18763732910156
737,45.990013122558594
738,141.23989868164062
739,261.9632568359375
740,137.4830322265625
741,14.426849365234375
742,227.76315307617188
743,105.8741683959961
744,1.9540677070617676
745,279.98773193359375
746,176.70184326171875
747,3.2781639099121094
748,102.97908782958984
749,-66.92140197753906
750,234.19256591796875
751,45.790771484375
752,218.16970825195312
753,1.8179025650024414
754,232.15811157226562
755,5.502779006958008
756,5.838004112243652
757,165.47645568847656
758,1.9882396459579468
759,12.1572265625
760,9.145065307617188
761,175.75509643554688
762,5.511519432067871
763,2.1776542703162822
764,51.756324768066406
765,5.130037784576416
766,103.69331359863281
767,0.8721826076507568
768,4.961735725402832
769,5.869709491729736
770,2.3869452476501465
771,223.83364868164062
772,95.47618103027344
773,132.8256378173828
774,8.535003662109375
775,45.050743103027344
776,4.74890767367377
777,224.74664306640625
778,7.7102203369140625
779,155.7298583984375
780,86.36229705810547
781,252.44488525390625
782,3.157949209213257
783,-5.137786865234375
784,2.73970890045166
785,37.31299591064453
786,153.26336669921875
787,5.07316255569458
788,1.800564872374681
789,190.60670471191406
790,66.8289794921875
791,-6.852294921875
792,123.56009674072266
793,31.43378448486328
794,274.29437255859375
795,-38.945343017578125
796,155.18186950683594
797,3.593074083328247
798,83.12556457519531
799,3.326003074645996
800,4.553307056427002
801,185.85687255859375
802,119.4752426147461
803,146.66836547851562
804,6.2651591300964355
805,1.7546608448028564
806,187.08448791503906
807,2.5116255283355713
808,132.1350860595703
809,1.6101995348093383
810,49.54424285888672
811,178.71009826660156
812,102.15042877197266
813,274.41534423828125
814,5.984315872192383
815,4.918240547180176
816,6.762970924377441
817,3.914638042449951
818,10.720947265625
819,4.502706050872803
820,91.21250915527344
821,5.404428482055664
822,1.994262552984592
823,17.08087158203125
824,97.58988952636719
825,7.043449401855469
826,100.18978881835938
827,4.775435481643593
828,6.239797115325928
829,18.557945251464844
830,177.76568603515625
831,123.84120178222656
832,6.004777431488037
833,259.3277587890625
834,188.89529418945312
835,102.90185546875
836,2.6480183601379395
837,107.09147644042969
838,181.87083435058594
839,6.054534435272217
840,201.2939910888672
841,137.462646484375
842,34.79266357421875
843,2.7545056343078613
844,3.954552173614502
845,5.6422882080078125
846,6.165768623352051
847,5.193393707275391
848,157.81854248046875
849,5.560548782348633
850,92.76573181152344
851,-97.7115478515625
852,-59.84165954589844
853,139.2159881591797
854,46.526817321777344
855,6.703711032867432
856,304.72760009765625
857,85.6322021484375
858,110.99177551269531
859,175.05746459960938
860,2.0578643632080267
861,3.0818920135498047
862,2.4044339656829834
863,90.41078186035156
864,260.2485046386719
865,248.15548706054688
866,225.95860290527344
867,5.093749046325684
868,105.05252075195312
869,113.21612548828125
870,140.0765838623047
871,198.85476684570312
872,142.86671447753906
873,2.85373854637146
874,108.88381958007812
875,6.185212135314941
876,126.41720581054688
877,22.49981689453125
878,42.486106872558594
879,5.277150274287668
880,6.162001609802246
881,182.6531219482422
882,5.424360275268555
883,233.3155059814453
884,5.889663219451904
885,189.71920776367188
886,82.76266479492188
887,2.1788198947906494
888,2.16803182595205
889,242.27374267578125
890,3.767554998397827
891,2.872596025466919
892,82.3475112915039
893,5.47989559173584
894,77.5616455078125
895,3.873730421066284
896,218.02642822265625
897,2.2616467475891113
898,231.6786346435547
899,-14.575546264648438
900,226.4111785888672
901,3.248776435852051
902,218.02044677734375
903,4.965368270874023
904,132.583740234375
905,2.0239785302153575
906,1.4587039947509766
907,172.9251708984375
908,-1.8758697509765625
909,89.72869110107422
910,2.4728232027914765
911,6.362204551696777
912,162.99847412109375
913,235.51199340820312
914,338.9664001464844
915,76.18746185302734
916,95.86993408203125
917,-34.18284606933594
918,2.8013687133789062
919,2.9294471740722656
920,341.4061279296875
921,159.15711975097656
922,150.3009490966797
923,2.7408905029296875
924,112.05980682373047
925,191.40948486328125
926,24.959381103515625
927,77.01944732666016
928,5.006940841674805
929,113.28125
930,59.77949523925781
931,210.18600463867188
932,183.21636962890625
933,4.9132513999938965
934,2.024839718774322
935,184.42782592773438
936,90.77838134765625
937,3.3828530311584473
938,5.25449800491333
939,125.74546813964844
940,1.9501395225524902
941,5.6256513595581055
942,4.970515251159668
943,89.45098876953125
944,4.079111099243164
945,2.0590785136336285
946,117.22962951660156
947,66.00292205810547
948,84.90887451171875
949,284.4136657714844
950,271.5616760253906
951,33.66431427001953
952,-10.890457153320312
953,5.063559055328369
954,252.51736450195312
955,212.12498474121094
956,185.1095733642578
957,1.8876709938049316
958,2.7454733848571777
959,159.15724182128906
960,72.57498168945312
961,218.8685302734375
962,3.4528794288635254
963,5.964087963104248
964,4.6674275398254395
965,6.006094860585781
966,4.173755168914795
967,68.65597534179688
968,197.7663116455078
969,199.09817504882812
970,6.2937445640563965
971,279.165283203125
972,5.604764938354492
973,118.88815307617188
974,6.328765392303467
975,4.455694198608398
976,5.02391242980957
977,208.39488220214844
978,265.1940612792969
979,2.1546432971954346
980,1.7632603645324707
981,12.187286376953125
982,37.64978790283203
983,292.6949462890625
984,269.90411376953125
985,275.4283447265625
986,144.33363342285156
987,2.7232816219329834
988,205.875
989,246.59060668945312
990,49.91099548339844
991,4.745263559843961
992,233.40069580078125
993,210.36752319335938
994,2.884368896484375
995,-79.09625244140625
996,52.342620849609375
997,2.0067274487811435
998,66.20600128173828
999,43.12614440917969
1000,44.0692138671875
1001,243.2281036376953
1002,185.4549560546875
1003,4.89475154876709
1004,1.3069093227386475
1005,1.9705350399017334
1006,4.032118282567933
1007,141.80740356445312
1008,1.9380014065975535
1009,6.208789825439453
1010,45.29132080078125
1011,278.5871887207031
1012,24.272079467773438
1013,191.13967895507812
1014,64.3489990234375
1015,212.78652954101562
1016,6.191301345825195
1017,5.476045608520508
1018,3.532137870788574
1019,6.201553821563721
1020,3.9419703483581543
1021,110.70536804199219
1022,97.12493896484375
1023,165.1320037841797
1024,192.75445556640625
1025,4.199028491973877
1026,4.4826483726501465
1027,4.504390716552734
1028,47.12774658203125
1029,3.934831380844116
1030,35.746429443359375
1031,227.6858367919922
1032,3.5432369709014893
1033,2.7877776622772217
1034,199.98316955566406
1035,-0.7065505981445312
1036,231.99880981445312
1037,6.162001609802246
1038,81.98052978515625
1039,3.6619980917219133
1040,-10.49127197265625
1041,3.228672504425049
1042,3.8174917697906494
1043,4.96055793762207
1044,289.3184814453125
1045,51.922019958496094
1046,54.80131530761719
1047,234.65011596679688
1048,1.8933100623899943
1049,3.5677385330200195
1050,5.619968801015543
1051,136.75108337402344
1052,174.96519470214844
1053,246.25502014160156
1054,6.214818000793457
1055,6.0054931640625
1056,-1.5083465576171875
1057,4.828942775726318
1058,2.8124990463256836
1059,2.7413554191589355
1060,109.28828430175781
1061,2.6273791790008545
1062,5.363705158233643
1063,276.0321044921875
1064,235.04824829101562
1065,97.23591613769531
1066,272.509033203125
1067,271.3563232421875
1068,5.376318975792252
1069,3.9009206295013428
1070,303.43603515625
1071,136.42718505859375
1072,5.410919189453125
1073,4.4234442710876465
1074,5.7789435386657715
1075,4.792959690093994
1076,279.15557861328125
1077,6.38990592956543
1078,98.72308349609375
1079,2.043518543243408
1080,2.792020320892334
1081,5.960547924041748
1082,4.139805793762207
1083,3.3784635066986084
1084,5.797316551208496
1085,125.39210510253906
1086,152.6004638671875
1087,129.5133056640625
1088,274.564208984375
1089,8.044655799865723
1090,153.54388427734375
1091,216.81517028808594
1092,5.425772190093994
1093,3.5068821907043457
1094,6.6136908531188965
1095,3.74334716796875
1096,3.389422655105591
1097,6.12903356552124
1098,107.5588150024414
1099,140.30294799804688
1100,5.256023576429989
1101,5.346586227416992
1102,5.806084632873535
1103,260.58135986328125
1104,5.025089861298808
1105,104.9876480102539
1106,4.816329479217529
1107,5.807932376861572
1108,63.46033477783203
1109,107.38090515136719
1110,98.45597839355469
1111,3.1851038932800293
1112,225.01791381835938
1113,3.066582679748535
1114,169.98963928222656
1115,-24.95953369140625
1116,5.6024932861328125
1117,257.8694152832031
1118,316.54815673828125
1119,3.37188982963562
1120,90.22058868408203
1121,24.761009216308594
1122,231.81643676757812
1123,3.265860080718994
1124,180.18118286132812
1125,2.623946189880371
1126,129.67930603027344
1127,6.05970573425293
1128,18.264366149902344
1129,199.30679321289062
1130,5.747827053070068
1131,-0.6630706787109375
1132,5.945146560668945
1133,15.412506103515625
1134,183.3231201171875
1135,203.6695556640625
1136,-0.951416015625
1137,4.497002614542669
1138,107.63584899902344
1139,26.932693481445312
1140,145.43258666992188
1141,203.5596466064453
1142,156.43995666503906
1143,64.74830627441406
1144,14.2684326171875
1145,93.43605041503906
1146,71.77053833007812
1147,3.945641040802002
1148,100.31251525878906
1149,54.227874755859375
1150,3.8367538452148438
1151,1.1576063632965088
1152,3.207312822341919
1153,4.225143909454346
1154,27.82110595703125
1155,203.97718811035156
1156,6.517399787902832
1157,102.94070434570312
1158,235.35174560546875
1159,101.63902282714844
1160,131.35629272460938
1161,1.7127857941866864
1162,4.396570682525635
1163,5.511601448059082
1164,4.334934711456299
1165,218.8299560546875
1166,90.69754791259766
1167,27.622879028320312
1168,4.482637882232666
1169,224.12960815429688
1170,4.9438581466674805
1171,4.3949050051987415
1172,-38.63682556152344
1173,4.0485687255859375
1174,167.376708984375
1175,-63.05436706542969
1176,214.63954162597656
1177,1.8454227447509766
1178,154.09234619140625
1179,3.4244582653045654
1180,1.6101160049438477
1181,1.696671724319458
1182,154.8118896484375
1183,6.728119850158691
1184,3.6033151149749756
1185,274.1914367675781
1186,143.28759765625
1187,3.7378182411193848
1188,3.8194565773010254
1189,181.07070922851562
1190,3.6256637573242188
1191,3.1499483585357666
1192,5.119903087615967
1193,53.4833984375
1194,5.238548278808594
1195,1.934746265411377
1196,329.3399353027344
1197,125.52645874023438
1198,2.625216007232666
1199,270.38543701171875
1200,91.4904556274414
1201,211.24151611328125
1202,45.005401611328125
1203,3.109528064727783
1204,154.73519897460938
1205,1.7880538691921763
1206,210.78855895996094
1207,158.72955322265625
1208,170.05548095703125
1209,216.01161193847656
1210,178.89678955078125
1211,226.92813110351562
1212,6.04608678817749
1213,3.1469054222106934
1214,209.70294189453125
1215,46.939308166503906
1216,202.33486938476562
1217,180.3192138671875
1218,-73.74592590332031
1219,5.971216201782227
1220,5.273244380950928
1221,202.5843048095703
1222,4.996891498565674
1223,2.9856173992156982
1224,2.7792086601257324
1225,131.89389038085938
1226,1.7090256214141846
1227,4.620092391967773
1228,2.68445086479187
1229,95.08121490478516
1230,94.0875244140625
1231,234.86563110351562
1232,1.7683435362607132
1233,37.159950256347656
1234,3.1056480407714844
1235,10.683425903320312
1236,264.6922912597656
1237,3.7423579692840576
1238,2.9417667388916016
1239,3.384490489959717
1240,44.80560302734375
1241,2.115014539507141
1242,4.547181606292725
1243,4.917363582215092
1244,188.62855529785156
1245,3.911935806274414
1246,222.93438720703125
1247,5.937135696411133
1248,111.81201934814453
1249,176.5172576904297
1250,7.139494895935059
1251,109.77986145019531
1252,5.554780960083008
1253,3.2621190547943115
1254,3.9104461669921875
1255,35.55937194824219
1256,124.78874206542969
1257,154.3795623779297
1258,240.47119140625
1259,18.499923706054688
1260,254.6103515625
1261,5.9683518409729
1262,6.114196300506592
1263,187.01458740234375
1264,1.3434276580810547
1265,11.032882690429688
1266,40.773193359375
1267,3.1275794506073
1268,6.491545677185059
1269,303.95654296875
1270,-9.953765869140625
1271,216.3173065185547
1272,24.959381103515625
1273,47.50752258300781
1274,194.18287658691406
1275,210.54986572265625
1276,14.227279663085938
1277,4.654817581176758
1278,0.912135124206543
1279,3.916908025741577
1280,15.588661193847656
1281,3.1411423683166504
1282,118.55057525634766
1283,184.19305419921875
1284,3.4712767601013184
1285,-8.991867065429688
1286,2.5099573135375977
1287,39.83788299560547
1288,141.7870330810547
1289,3.9941320419311523
1290,177.68824768066406
1291,3.2594497203826904
1292,81.6169204711914
1293,140.32032775878906
1294,273.44952392578125
1295,184.61874389648438
1296,6.145554542541504
1297,17.83173370361328
1298,-44.37950134277344
1299,5.908127917205427
1300,181.19570922851562
1301,218.86453247070312
1302,209.228271484375
1303,5.873213291168213
1304,3.4353010654449463
1305,4.924362659454346
1306,92.53971099853516
1307,121.28977966308594
1308,1.895357381310193
1309,4.747379739714248
1310,286.0585021972656
1311,3.233266830444336
1312,6.29580020904541
1313,76.0219955444336
1314,69.85456848144531
1315,98.02389526367188
1316,253.01800537109375
1317,86.2350082397461
1318,2.3014784975748865
1319,171.08204650878906
1320,230.11175537109375
1321,59.44792938232422
1322,19.407691955566406
1323,202.38597106933594
1324,261.59857177734375
1325,59.647483825683594
1326,54.1651611328125
1327,264.70220947265625
1328,3.432210922241211
1329,6.247371673583984
1330,130.5202178955078
1331,-26.214614868164062
1332,262.1156311035156
1333,1.980503797531128
1334,267.7228698730469
1335,1.8789336840302016
1336,179.24822998046875
1337,-4.000213623046875
1338,266.95343017578125
1339,6.084089279174805
1340,161.82699584960938
1341,253.33047485351562
1342,150.5212860107422
1343,31.993072509765625
1344,177.47030639648438
1345,2.2966668605804443
1346,14.635299682617188
1347,112.078857421875
1348,3.1857223510742188
1349,237.47303771972656
1350,100.244140625
1351,227.57794189453125
1352,2.639378547668457
1353,-9.076980590820312
1354,4.853554725646973
1355,6.351813316345215
1356,3.8666558359230407
1357,7.0580244064331055
1358,6.096223831176758
1359,1.7071437778498568
1360,293.7700500488281
1361,4.092901706695557
1362,6.133086681365967
1363,99.50524139404297
1364,3.3146309852600098
1365,5.838004112243652
1366,6.629200458526611
1367,5.9683942794799805
1368,17.168724060058594
1369,185.6459197998047
1370,221.80197143554688
1371,237.96014404296875
1372,40.127296447753906
1373,3.3472790718078613
1374,183.813232421875
1375,256.05950927734375
1376,4.79801607131958
1377,4.341299057006836
1378,87.66914367675781
1379,77.2385482788086
1380,142.49546813964844
1381,221.10470581054688
1382,80.73588562011719
1383,115.72669982910156
1384,-68.90884399414062
1385,141.4680938720703
1386,2.1136727333068848
1387,61.633514404296875
1388,1.693882067289057
1389,238.86074829101562
1390,178.30630493164062
1391,101.14641571044922
1392,78.53773498535156
1393,235.5330047607422
1394,28.945343017578125
1395,52.75608825683594
1396,200.06088256835938
1397,6.077648639678955
1398,237.24331665039062
1399,1.6055947542190552
1400,111.9691162109375
1401,303.67913818359375
1402,53.94353485107422
1403,246.44354248046875
1404,81.44780731201172
1405,175.52928161621094
1406,1.8955719042472274
1407,92.52410125732422
1408,8.314743041992188
1409,3.7990150451660156
1410,250.22235107421875
1411,217.8203887939453
1412,21.102630615234375
1413,89.24899291992188
1414,230.18060302734375
1415,2.504521608352661
1416,3.122098445892334
1417,3.7615768909454346
1418,334.4310302734375
1419,221.9983673095703
1420,4.572479724884033
1421,92.36566162109375
1422,5.87264347076416
1423,3.1678757667541504
1424,4.894961486852361
1425,2.3168530464172363
1426,-11.174636840820312
1427,3.586162567138672
1428,4.1554975509643555
1429,3.995805263519287
1430,4.7979559898376465
1431,5.993056297302246
1432,222.46817016601562
1433,2.683732271194458
1434,5.797045707702637
1435,5.129613360254393
1436,1.5213775634765625
1437,138.8576202392578
1438,111.066650390625
1439,6.146172523498535
1440,2.132469654083252
1441,149.84918212890625
1442,209.3351593017578
1443,43.230003356933594
1444,5.658442974090576
1445,122.86801147460938
1446,248.26480102539062
1447,219.1469268798828
1448,-11.403152465820312
1449,5.874096870422363
1450,260.28662109375
1451,136.98873901367188
1452,5.31013298034668
1453,5.830697261559165
1454,212.17156982421875
1455,32.27497100830078
1456,-55.28425598144531
1457,7.408637046813965
1458,4.7595133781433105
1459,287.12957763671875
1460,287.2738342285156
1461,112.30885314941406
1462,-10.890472412109375
1463,76.63513946533203
1464,5.984315872192383
1465,2.905764102935791
1466,234.19927978515625
1467,5.861181259155273
1468,5.333337306976318
1469,39.01380157470703
1470,3.681612730026245
1471,88.81393432617188
1472,6.374746799468994
1473,2.3326358795166016
1474,240.43429565429688
1475,71.09384155273438
1476,6.624418258666992
1477,2.6044793128967285
1478,115.7124252319336
1479,5.538868427276611
1480,161.842041015625
1481,5.550585746765137
1482,111.90615844726562
1483,6.284732341766357
1484,197.72183227539062
1485,163.267578125
1486,7.247452735900879
1487,3.6619396209716797
1488,69.58287811279297
1489,41.79431915283203
1490,97.14976501464844
1491,3.79300594329834
1492,1.9923821461914626
1493,7.5346479415893555
1494,5.61793851852417
1495,39.05787658691406
1496,7.346616268157959
1497,78.65277099609375
1498,5.933854103088379
1499,118.45646667480469
1500,6.543046951293945
1501,5.615142345428467
1502,106.40067291259766
1503,5.802066802978516
1504,2.0760368222981698
1505,4.690572738647461
1506,210.42898559570312
1507,46.60137939453125
1508,94.42250061035156
1509,73.12592315673828
1510,3.136308431625366
1511,12.932693481445312
1512,102.82609558105469
1513,5.4584197998046875
1514,286.56976318359375
1515,67.24082946777344
1516,2.311674118041992
1517,285.40826416015625
1518,5.534457683563232
1519,241.42210388183594
1520,5.435895919799805
1521,63.48572540283203
1522,4.670600414276123
1523,3.050020456314087
1524,142.6406707763672
1525,14.929534912109375
1526,2.746804714202881
1527,5.908798694610596
1528,3.69559907913208
1529,233.64151000976562
1530,311.00823974609375
1531,3.1439109350053025
1532,5.411147547546172
1533,3.307072162628174
1534,-14.972518920898438
1535,102.34593200683594
1536,5.844937801361084
1537,2.3741002082824707
1538,328.634765625
1539,228.182861328125
1540,2.2044666730077638
1541,157.79551696777344
1542,3.7458269596099854
1543,6.7150115966796875
1544,7.250147342681885
1545,3.5738348553834536
1546,7.5698747634887695
1547,11.4443359375
1548,226.66165161132812
1549,-37.80543518066406
1550,4.943566799163818
1551,2.217041839386118
1552,218.8299560546875
1553,6.2171630859375
1554,249.51922607421875
1555,185.06536865234375
1556,4.252776622772217
1557,2.314056396484375
1558,3.684313047203293
1559,308.8035583496094
1560,140.4327850341797
1561,225.13418579101562
1562,329.6169128417969
1563,142.30526733398438
1564,2.80092191696167
1565,113.29248046875
1566,3.4977073669433594
1567,28.009925842285156
1568,118.1395034790039
1569,22.002891540527344
1570,235.39175415039062
1571,3.8166847229003906
1572,48.96886444091797
1573,2.1995017528533936
1574,4.374372959136963
1575,5.817934036254883
1576,4.90785551071167
1577,6.04541540145874
1578,89.72867584228516
1579,5.452918529510498
1580,239.67367553710938
1581,172.6065673828125
1582,6.117449760437012
1583,257.12518310546875
1584,278.5833740234375
1585,6.248663902282715
1586,4.814196418290269
1587,108.09769439697266
1588,286.84893798828125
1589,8.229534149169922
1590,5.897253036499023
1591,150.3616943359375
1592,7.488643169403076
1593,163.30877685546875
1594,173.5865936279297
1595,153.57948303222656
1596,5.440347194671631
1597,90.22059631347656
1598,6.439262866973877
1599,4.4234442710876465
1600,4.634347801218242
1601,1.7583081722259521
1602,5.729711055755615
1603,230.49407958984375
1604,47.513267517089844
1605,113.16644287109375
1606,278.7928161621094
1607,23.19237518310547
1608,3.254647731781006
1609,6.414655685424805
1610,4.5461626052856445
1611,207.4375457763672
1612,120.07310485839844
1613,2.5926263332366943
1614,257.88031005859375
1615,5.772429466247559
1616,4.65774393081665
1617,230.1903533935547
1618,207.5638427734375
1619,18.39171600341797
1620,92.43449401855469
1621,2.028898239135742
1622,2.723097324371338
1623,2.703807830810547
1624,231.53366088867188
1625,111.43022155761719
1626,1.6471794338784007
1627,71.94029235839844
1628,3.3047046661376953
1629,172.65048217773438
1630,104.52690124511719
1631,3.0199382305145264
1632,256.08880615234375
1633,5.258303642272949
1634,66.12860870361328
1635,3.4189794063568115
1636,4.06623295657557
1637,6.041943546753554
1638,177.99038696289062
1639,65.20211029052734
1640,4.435787677764893
1641,288.7523193359375
1642,143.39825439453125
1643,213.35177612304688
1644,156.13897705078125
1645,197.92385864257812
1646,5.307682708690004
1647,6.431541919708252
1648,29.54051971435547
1649,4.455367943870456
1650,65.32752990722656
1651,5.939510822296143
1652,7.422096252441406
1653,241.62457275390625
1654,6.446491718292236
1655,316.02783203125
1656,54.17870330810547
1657,1.433256983757019
1658,223.55215454101562
1659,2.085793372889114
1660,24.821983337402344
1661,6.574362754821777
1662,219.09762573242188
1663,5.950094223022461
1664,116.49437713623047
1665,0.9431476593017578
1666,27.076995849609375
1667,-33.35804748535156
1668,253.41305541992188
1669,54.713111877441406
1670,2.0914601322139985
1671,2.4563615322113037
1672,6.241017818450928
1673,4.855152606964111
1674,168.68701171875
1675,2.1281805549988304
1676,-36.172760009765625
1677,41.89338684082031
1678,-40.559722900390625
1679,187.81951904296875
1680,136.21543884277344
1681,1.335820198059082
1682,2.3180172443389893
1683,82.00270080566406
1684,40.260475158691406
1685,6.028828144073486
1686,119.82131958007812
1687,7.822019577026367
1688,151.10679626464844
1689,313.3616943359375
1690,2.3451058864593506
1691,3.698413641395417
1692,3.2601730823516846
1693,3.3128130435943604
1694,127.68034362792969
1695,159.8935089111328
1696,132.8834228515625
1697,2.337695360183716
1698,218.45693969726562
1699,202.46580505371094
1700,146.9453125
1701,231.1432342529297
1702,-309.872314453125
1703,5.867599010467529
1704,5.321869850158691
1705,2.985384464263916
1706,153.69845581054688
1707,5.63781212633917
1708,50.542724609375
1709,145.65432739257812
1710,6.363146781921387
1711,98.99072265625
1712,1.898528979025719
1713,5.9199066162109375
1714,-24.394866943359375
1715,4.465415954589844
1716,2.700191020965576
1717,35.701568603515625
1718,148.20127868652344
1719,20.63121795654297
1720,6.204746723175049
1721,218.16969299316406
1722,3.580883741378784
1723,221.72769165039062
1724,167.2047119140625
1725,5.59454870223999
1726,3.9697203636169434
1727,302.30438232421875
1728,3.956569194793701
1729,3.331619413202494
1730,111.63954162597656
1731,227.83888244628906
1732,4.8468146324157715
1733,278.4167175292969
1734,271.3923034667969
1735,216.5203857421875
1736,3.5372092723846436
1737,283.32464599609375
1738,263.7432556152344
1739,208.94320678710938
1740,61.95153045654297
1741,151.67063903808594
1742,234.50582885742188
1743,4.832606315612793
1744,96.66607666015625
1745,13.363372802734375
1746,4.00607769334375
1747,7.052293300628662
1748,162.37240600585938
1749,3.7932667487541605
1750,103.5
1751,48.25603485107422
1752,6.061821460723877
1753,5.820181369781494
1754,264.95904541015625
1755,202.33343505859375
1756,2.0692896877402402
1757,181.73019409179688
1758,281.87225341796875
1759,4.532075881958008
1760,178.57127380371094
1761,253.2408447265625
1762,25.666671752929688
1763,-0.6630706787109375
1764,79.82907104492188
1765,5.241077423095703
1766,228.40005493164062
1767,202.26097106933594
1768,5.95092248916626
1769,146.0915985107422
1770,38.382667541503906
1771,3.04709529876709
1772,215.96170043945312
1773,292.178955078125
1774,6.110095024108887
1775,287.94622802734375
1776,2.7673072814941406
1777,33.84840393066406
1778,61.91007995605469
1779,-16.649581909179688
1780,98.45783996582031
1781,5.697331428527832
1782,275.8165283203125
1783,188.43386840820312
1784,4.156649479863013
1785,40.127288818359375
1786,2.241091012954712
1787,80.3690185546875
1788,4.791111946105957
1789,3.420100450515747
1790,-0.39013671875
1791,4.2276997566223145
1792,3.085139751434326
1793,2.114328384399414
1794,180.0782012939453
1795,199.22647094726562
1796,192.27220153808594
1797,134.64822387695312
1798,6.710607528686523
1799,118.51619720458984
1800,155.29556274414062
1801,4.98586893081665
1802,1.9771406650543213
1803,178.92526245117188
1804,3.2104125022888184
1805,186.77194213867188
1806,5.730441570281982
1807,267.1449279785156
1808,161.54974365234375
1809,42.42338562011719
1810,4.018254280090332
1811,2.5116255283355713
1812,24.821983337402344
1813,3.700019359588623
1814,186.8506622314453
1815,287.4379577636719
1816,5.18705940246582
1817,123.9473876953125
1818,106.40067291259766
1819,242.25698852539062
1820,6.9421892166137695
1821,3.247206687927246
1822,236.9583740234375
1823,7.8577728271484375
1824,83.58296966552734
1825,2.202506884962866
1826,6.4520182609558105
1827,5.923815727233887
1828,2.105032404837909
1829,234.6129913330078
1830,239.9846649169922
1831,6.294404029846191
1832,-101.30715942382812
1833,3.5962765216827393
1834,4.8663716316223145
1835,117.08049011230469
1836,5.93823766708374
1837,6.229498863220215
1838,5.950094223022461
1839,142.68331909179688
1840,4.176605224609375
1841,-59.26896667480469
1842,255.55654907226562
1843,216.68890380859375
1844,230.18060302734375
1845,180.36874389648438
1846,35.72210693359375
1847,277.57568359375
1848,66.25076293945312
1849,3.3047046661376953
1850,4.60365104675293
1851,-150.439697265625
1852,5.836036682128906
1853,70.24120330810547
1854,38.826210021972656
1855,5.530037879943848
1856,187.72633361816406
1857,2.228135108947754
1858,5.177030086517334
1859,5.984957695007324
1860,5.59880256652832
1861,130.01438903808594
1862,6.1491546630859375
1863,81.46875
1864,85.92598724365234
1865,220.95755004882812
1866,133.48377990722656
1867,110.06417083740234
1868,274.2841796875
1869,134.33828735351562
1870,3.7226905822753906
1871,144.73455810546875
1872,58.50731658935547
1873,3.970627784729004
1874,18.09051513671875
1875,153.2633514404297
1876,3.489663600921631
1877,2.4442551136016846
1878,87.86517333984375
1879,106.6777114868164
1880,207.935546875
1881,5.85191535949707
1882,117.37884521484375
1883,7.372533974987361
1884,88.67596435546875
1885,290.4658203125
1886,262.9964599609375
1887,3.1543779373168945
1888,222.797607421875
1889,197.85443115234375
1890,3.4251952171325684
1891,210.85989379882812
1892,239.6585693359375
1893,4.9331746101379395
1894,2.1126958413015613
1895,48.76569366455078
1896,6.575298309326172
1897,102.80677032470703
1898,-18.076675415039062
1899,3.286334991455078
1900,5.948584079742432
1901,296.27191162109375
1902,229.32794189453125
1903,-22.713211059570312
1904,35.222251892089844
1905,55.22295379638672
1906,189.8482208251953
1907,6.25984525680542
1908,6.284319877624512
1909,118.05558776855469
1910,5.561402797698975
1911,4.5925446415046025
1912,3.682480573654175
1913,98.59317016601562
1914,-3.583343505859375
1915,7.601599216461182
1916,-1.4467945098876953
1917,2.464594602584839
1918,131.5413360595703
1919,4.9961323738098145
1920,4.663527750837023
1921,91.85276794433594
1922,3.443309783935547
1923,6.392226696014404
1924,3.208186626434326
1925,3.4373605251312256
1926,110.52790832519531
1927,140.5526885986328
1928,4.370701313018799
1929,-5.137786865234375
1930,1.9658253192901611
1931,5.861927032470703
1932,4.934221267700195
1933,2.2641685009002686
1934,227.62924194335938
1935,6.4109368324279785
1936,5.322146892547607
1937,9.828964233398438
1938,-5.44415283203125
1939,2.3528695106506348
1940,243.88917541503906
1941,3.190995216369629
1942,207.6884765625
1943,4.647947788238525
1944,243.19810485839844
1945,338.285400390625
1946,5.648730278015137
1947,142.64979553222656
1948,5.698296070098877
1949,17.069618225097656
1950,88.54121398925781
1951,2.8811354637145996
1952,25.20215606689453
1953,320.4122314453125
1954,2.4563615322113037
1955,116.63626098632812
1956,1.9680061368688113
1957,124.22807312011719
1958,3.677187204360962
1959,209.68276977539062
1960,68.87871551513672
1961,0.754801869392395
1962,4.355311247419099
1963,3.1282272338867188
1964,4.721179485321045
1965,122.62515258789062
1966,3.3146309852600098
1967,4.355489253997803
1968,243.4962158203125
1969,50.46922302246094
1970,5.8397216796875
1971,3.3601574897766113
1972,141.9159393310547
1973,-31.31658935546875
1974,2.8366894721984863
1975,2.648700714111328
1976,302.72845458984375
1977,1.7094660254663472
1978,205.42062377929688
1979,147.79879760742188
1980,278.44671630859375
1981,149.41810607910156
1982,130.52561950683594
1983,68.10498046875
1984,8.080918312072754
1985,3.8024282455444336
1986,3.7558143865367777
1987,5.758518695831299
1988,1.5388431549072266
1989,5.672112941741943
1990,4.464841842651367
1991,12.758987426757812
1992,4.241295337677002
1993,53.42472839355469
1994,2.237380027770996
1995,58.64531707763672
1996,3.9120800495147705
1997,2.795942783355713
1998,6.312926292419434
1999,262.4515686035156
2000,5.838004112243652
2001,251.61805725097656
2002,-31.7371826171875
2003,6.395830154418945
2004,245.156005859375
2005,88.27885437011719
2006,4.5063323974609375
2007,-13.878768920898438
2008,250.8079833984375
2009,155.60885620117188
2010,256.3913269042969
2011,5.533544842153326
2012,179.0745849609375
2013,-21.203414916992188
2014,245.53466796875
2015,207.14501953125
2016,53.955711364746094
2017,3.4475464820861816
2018,66.01884460449219
2019,-37.67462158203125
2020,6.3511552810668945
2021,4.303467273712158
2022,194.23263549804688
2023,105.71281433105469
2024,3.81135892868042
2025,5.185178180885219
2026,70.57673645019531
2027,5.816920757293701
2028,6.290117263793945
2029,21.897109985351562
2030,323.836181640625
2031,76.95904541015625
2032,256.5287780761719
2033,209.460205078125
2034,3.2081716060638428
2035,1.7501678466796875
2036,204.0709228515625
2037,5.093763828277588
2038,3.4727582931518555
2039,2.9229464530944824
2040,114.8499755859375
2041,206.1301727294922
2042,4.270843982696533
2043,193.90908813476562
2044,3.069396495819092
2045,81.67538452148438
2046,255.58251953125
2047,5.558802604675293
2048,7.0770721435546875
2049,1.6624118089675903
2050,287.6484680175781
2051,3.840149402618408
2052,4.366447925567627
2053,198.00103759765625
2054,3.79677677154541
2055,3.640348196029663
2056,14.929519653320312
2057,196.52886962890625
2058,9.082748413085938
2059,5.30795294079717
2060,4.4663543701171875
2061,2.159091788470815
2062,136.42250061035156
2063,3.7325897216796875
2064,4.62274169921875
2065,3.3483680543817242
2066,2.05927021979847
2067,6.3520283699035645
2068,4.578741550445557
2069,2.2616915702819824
2070,215.93756103515625
2071,286.84893798828125
2072,4.988186836242676
2073,172.8610382080078
2074,266.3459167480469
2075,236.82662963867188
2076,3.7813477516174316
2077,3.6496245861053467
2078,3.642784595489502
2079,3.148414134979248
2080,2.360908031463623
2081,3.1775218341669342
2082,4.630700161027372
2083,-32.05348205566406
2084,2.5117475986480713
2085,4.613047147312685
2086,137.31044006347656
2087,72.72742462158203
2088,48.929115295410156
2089,127.6180419921875
2090,256.7636413574219
2091,168.76661682128906
2092,-138.528076171875
2093,5.036306381225586
2094,4.210567474365234
2095,138.4250946044922
2096,118.52214050292969
2097,126.0425796508789
2098,4.734692096710205
2099,23.96764373779297
2100,38.64888000488281
2101,5.404786109924316
2102,6.122060298919678
2103,102.01869201660156
2104,82.71623229980469
2105,73.67686462402344
2106,263.3945617675781
2107,6.8856024742126465
2108,7.756124496459961
2109,5.888665676116943
2110,261.7644348144531
2111,3.3469836711883545
2112,74.1693344116211
2113,32.70747375488281
2114,2.235705776073093
2115,35.130775451660156
2116,3.934831380844116
2117,3.7529842853546143
2118,4.258627891540527
2119,157.26583862304688
2120,3.4592883951217157
2121,198.52456665039062
2122,212.1414031982422
2123,2.838038921356201
2124,1.7225130480557571
2125,3.648430347442627
2126,5.835695743560791
2127,55.21166229248047
2128,311.4785461425781
2129,1.7407281021939058
2130,2.7781829833984375
2131,4.8934102058410645
2132,5.751219749450684
2133,229.8715057373047
2134,41.46916961669922
2135,178.21678161621094
2136,34.41522979736328
2137,216.87423706054688
2138,3.2288389205932617
2139,59.365943908691406
2140,81.29381561279297
2141,48.48664093017578
2142,5.448594570159912
2143,3.6371917724609375
2144,83.53111267089844
2145,42.05980682373047
2146,3.59670753170638
2147,3.038749933242798
2148,130.21510314941406
2149,-22.039306640625
2150,17.175071716308594
2151,96.41790771484375
2152,5.049416542053223
2153,4.478989124298096
2154,2.755115032196045
2155,2.3213204310672975
2156,5.950094223022461
2157,150.15139770507812
2158,3.750810266335922
2159,256.536865234375
2160,178.2897491455078
2161,237.2681884765625
2162,1.9364359283342412
2163,318.1479797363281
2164,6.029626846313477
2165,3.004546642303467
2166,2.6374313831329346
2167,18.45708465576172
2168,264.4527282714844
2169,2.4563615322113037
2170,2.391003370285034
2171,130.21005249023438
2172,6.067026615142822
2173,242.2818603515625
2174,228.0196533203125
2175,1.8561334609985352
2176,4.804685115814209
2177,-13.79913330078125
2178,2.810091018676758
2179,90.22059631347656
2180,261.3634033203125
2181,2.857285976409912
2182,168.55184936523438
2183,188.9613800048828
2184,5.874096870422363
2185,2.352159261703491
2186,2.6797940731048584
2187,4.440160751342773
2188,245.63412475585938
2189,230.6360626220703
2190,131.69451904296875
2191,2.568861961364746
2192,3.170705795288086
2193,130.43511962890625
2194,3.9481635093688965
2195,4.433932781219482
2196,5.744933605194092
2197,1.9512731435651876
2198,4.679056167602539
2199,3.437114953994751
2200,1.7990027640670079
2201,4.042203903198242
2202,129.79855346679688
2203,3.115139961242676
2204,1.9576305138396306
2205,107.65348052978516
2206,5.557982444763184
2207,180.18118286132812
2208,5.584661960601807
2209,13.305755615234375
2210,223.52255249023438
2211,1.7661823864907447
2212,4.8426313400268555
2213,6.387010097503662
2214,74.25939178466797
2215,31.43358612060547
2216,141.75958251953125
2217,4.664881706237793
2218,42.46039581298828
2219,2.8349924087524414
2220,5.578764915466309
2221,3.7023115158081055
2222,-14.477630615234375
2223,207.70355224609375
2224,-17.328140258789062
2225,144.71224975585938
2226,-20.067214965820312
2227,26.46833038330078
2228,152.19334411621094
2229,136.30450439453125
2230,3.248455047607422
2231,5.628787040710449
2232,4.157250881195068
2233,257.3644714355469
2234,253.006103515625
2235,229.27203369140625
2236,3.040271282196045
2237,3.4043681621551514
2238,252.4081268310547
2239,55.140037536621094
2240,221.4490203857422
2241,3.388742685317993
2242,175.55999755859375
2243,6.004437446594238
2244,94.73663330078125
2245,209.5891876220703
2246,112.40876770019531
2247,289.586181640625
2248,5.963356808074513
2249,346.046630859375
2250,135.1065216064453
2251,4.215188503265381
2252,245.59864807128906
2253,6.215775489807129
2254,137.17987060546875
2255,-45.55589294433594
2256,48.507362365722656
2257,1.4705185890197754
2258,3.0239477157592773
2259,99.32644653320312
2260,5.928199291229248
2261,53.400901794433594
2262,2.1656436920166016
2263,125.26881408691406
2264,4.378265380859375
2265,60.06565856933594
2266,2.2717868781376866
2267,1.5044550895690918
2268,5.7797112464904785
2269,3.8907437324523926
2270,8.009781837463379
2271,218.42965698242188
2272,-22.186599731445312
2273,2.6101322174072266
2274,6.572945594787598
2275,6.464101314544678
2276,4.4854044914245605
2277,4.431512355804443
2278,0.9030981063842773
2279,6.452586650848389
2280,2.656716823577881
2281,199.55154418945312
2282,2.637575149536133
2283,4.729910373687744
2284,178.21676635742188
2285,3.4658517837524414
2286,-25.390304565429688
2287,5.463618278503418
2288,2.5376124382019043
2289,6.822431564331055
2290,-13.42486572265625
2291,81.56548309326172
2292,4.402357578277588
2293,1.9482318840315718
2294,68.14498901367188
2295,3.490377426147461
2296,4.959634879864392
2297,110.93844604492188
2298,-39.089874267578125
2299,121.75082397460938
2300,3.5263657569885254
2301,5.6796956062316895
2302,-32.77032470703125
2303,145.6557159423828
2304,4.756852626800537
2305,-10.750320434570312
2306,189.54299926757812
2307,18.69432830810547
2308,87.88546752929688
2309,6.315943717956543
2310,172.24066162109375
2311,-30.707931518554688
2312,112.15248107910156
2313,4.099795341491699
2314,6.085885047912598
2315,255.67442321777344
2316,7.073368072509766
2317,4.207315647403322
2318,203.20745849609375
2319,6.42193603515625
2320,75.52626037597656
2321,4.24880313873291
2322,236.72500610351562
2323,189.54571533203125
2324,1.9512129970632404
2325,6.535003662109375
2326,3.2327849864959717
2327,95.989990234375
2328,4.789824485778809
2329,274.80474853515625
2330,179.34205627441406
2331,6.027708053588867
2332,254.81655883789062
2333,-7.4373931884765625
2334,-53.269500732421875
2335,5.4647321701049805
2336,42.226593017578125
2337,126.05581665039062
2338,186.92332458496094
2339,23.98174285888672
2340,-37.139190673828125
2341,116.88154602050781
2342,2.895981550216675
2343,5.860512733459473
2344,244.21878051757812
2345,5.44315767288208
2346,75.36055755615234
2347,51.00260925292969
2348,1.9610314982223722
2349,277.34271240234375
2350,57.54249572753906
2351,4.349023818969727
2352,4.8228960037231445
2353,1.6521522998809814
2354,10.29156494140625
2355,144.1878662109375
2356,3.8267550468444824
2357,108.72319030761719
2358,5.968267440795898
2359,6.023405075073242
2360,4.952958797842383
2361,5.9408698081970215
2362,242.13059997558594
2363,3.491518497467041
2364,198.86776733398438
2365,115.22111511230469
2366,38.022621154785156
2367,-1.30743408203125
2368,-63.385772705078125
2369,4.761772155761719
2370,221.02264404296875
2371,63.983245849609375
2372,111.81825256347656
2373,1.9371764677118606
2374,-22.413543701171875
2375,2.9873485565185547
2376,96.96812438964844
2377,125.68455505371094
2378,5.822425842285156
2379,6.3758673667907715
2380,84.09605407714844
2381,147.90866088867188
2382,157.1477508544922
2383,68.6712417602539
2384,2.643860340118408
2385,254.41757202148438
2386,5.984315872192383
2387,-3.21612548828125
2388,270.43658447265625
2389,81.67539978027344
2390,1.8677576216569853
2391,138.7223358154297
2392,73.35411834716797
2393,69.87706756591797
2394,140.14443969726562
2395,5.729711055755615
2396,2.330320358276367
2397,268.95379638671875
2398,260.79425048828125
2399,4.440483570098877
2400,193.57254028320312
2401,105.11882781982422
2402,229.34347534179688
2403,6.006278038024902
2404,2.1320914823846713
2405,5.34998083114624
2406,2.822084903717041
2407,108.91651916503906
2408,245.59864807128906
2409,195.74349975585938
2410,3.9875574111938477
2411,6.220855712890625
2412,277.0790100097656
2413,-17.393585205078125
2414,4.386999538330816
2415,86.65142059326172
2416,256.0722961425781
2417,49.21247100830078
2418,3.816190481185913
2419,3.7240218003775425
2420,1.80316243016286
2421,5.23095703125
2422,192.76495361328125
2423,2.36539363861084
2424,166.91802978515625
2425,6.100545883178711
2426,15.031997680664062
2427,216.72320556640625
2428,3.588134765625
2429,4.097019195556641
2430,6.650595664978027
2431,4.789407253265381
2432,312.26885986328125
2433,246.32244873046875
2434,4.165346622467041
2435,43.56175994873047
2436,230.53652954101562
2437,-68.02244567871094
2438,5.755682945251465
2439,7.562377452850342
2440,194.88909912109375
2441,6.180601119995117
2442,5.492487907409668
2443,4.582805633544922
2444,-17.294219970703125
2445,6.712912559509277
2446,5.701859474182129
2447,245.96343994140625
2448,6.686370372772217
2449,5.638589859008789
2450,60.97388458251953
2451,2.7304744720458984
2452,4.358279705047607
2453,-14.45965576171875
2454,274.45074462890625
2455,152.81784057617188
2456,4.521410942077637
2457,203.13931274414062
2458,5.544606685638428
2459,2.9166488647460938
2460,5.936646461486816
2461,38.18132019042969
2462,70.3233871459961
2463,6.142565727233887
2464,-78.25624084472656
2465,46.60924530029297
2466,194.65975952148438
2467,193.9415283203125
2468,292.6138916015625
2469,268.6695251464844
2470,5.421013355255127
2471,139.8023681640625
2472,3.591407299041748
2473,-4.7143096923828125
2474,213.3695068359375
2475,6.195252418518066
2476,78.41463470458984
2477,151.45689392089844
2478,185.08029174804688
2479,5.1922783851623535
2480,54.47746276855469
2481,54.29071044921875
2482,2.323636531829834
2483,5.045129299163818
2484,139.50244140625
2485,155.60885620117188
2486,6.3219895362854
2487,5.669910430908203
2488,-10.978759765625
2489,202.9164581298828
2490,5.530142307281494
2491,178.5667266845703
2492,121.21477508544922
2493,83.68772888183594
2494,6.029271125793457
2495,5.126068057496451
2496,281.38140869140625
2497,30.64550018310547
2498,1.49483323097229
2499,6.414786338806152
2500,1.9000541940119848
2501,130.09109497070312
2502,233.59201049804688
2503,131.02200317382812
2504,308.072998046875
2505,3.661766290664673
2506,4.434173243307226
2507,285.86773681640625
2508,213.8013916015625
2509,147.82000732421875
2510,6.099094390869141
2511,219.09762573242188
2512,111.83247375488281
2513,101.68171691894531
2514,223.157958984375
2515,282.7376708984375
2516,2.4908969402313232
2517,2.385326385498047
2518,241.83694458007812
2519,3.77591609954834
2520,67.37960815429688
2521,91.77557373046875
2522,2.372908115386963
2523,6.079806804656982
2524,4.368360996246338
2525,294.73626708984375
2526,4.463077545166016
2527,3.690338134765625
2528,258.166259765625
2529,113.16276550292969
2530,220.76275634765625
2531,214.53982543945312
2532,29.717666625976562
2533,2.1399669647216797
2534,5.886679172515869
2535,5.838004112243652
2536,3.6621837135577793
2537,5.667122840881348
2538,5.895467758178711
2539,142.7984619140625
2540,3.1864523887634277
2541,60.866798400878906
2542,31.993072509765625
2543,3.9959702491760254
2544,84.1796875
2545,2.325942167896379
2546,304.9658203125
2547,30.696151733398438
2548,13.430755615234375
2549,176.81912231445312
2550,147.80198669433594
2551,6.668060302734375
2552,2.2748310565948486
2553,249.51803588867188
2554,2.9759016036987305
2555,97.25529479980469
2556,97.88976287841797
2557,3.6486167907714844
2558,-5.482147216796875
2559,5.985012054443359
2560,172.88998413085938
2561,1.9939794540405273
2562,223.65066528320312
2563,269.6172180175781
2564,272.679443359375
2565,4.1175642013549805
2566,4.2774810791015625
2567,239.04278564453125
2568,-22.941818237304688
2569,76.13079833984375
2570,3.3240232467651367
2571,119.35021209716797
2572,-22.014175415039062
2573,191.17233276367188
2574,3.138097047805786
2575,4.906396865844727
2576,3.2733314037323
2577,5.567176144270473
2578,58.53413391113281
2579,5.789856910705566
2580,4.915922164916992
2581,2.194549798965454
2582,-61.29762268066406
2583,0.6967763900756836
2584,6.419010162353516
2585,12.402923583984375
2586,4.967898368835449
2587,191.50009155273438
2588,205.0122528076172
2589,4.848434473668119
2590,32.014076232910156
2591,1.9280292987823486
2592,164.23973083496094
2593,57.6070556640625
2594,99.05184936523438
2595,73.32722473144531
2596,61.60368347167969
2597,5.612720012664795
2598,6.40087366104126
2599,105.542236328125
2600,4.107615947723389
2601,211.84530639648438
2602,5.7036285400390625
2603,272.97113037109375
2604,176.50991821289062
2605,58.29608917236328
2606,3.6087136268615723
2607,55.41673278808594
2608,181.96771240234375
2609,97.3289794921875
2610,3.2728476524353027
2611,-16.259201049804688
2612,2.989647626876831
2613,5.075658798217773
2614,3.675501585006714
2615,178.60342407226562
2616,166.39585876464844
2617,255.80935668945312
2618,229.03549194335938
2619,5.057577133178711
2620,2.909865140914917
2621,4.585923194885254
2622,2.2638094425201416
2623,2.6916074752807617
2624,6.27736234664917
2625,158.5406951904297
2626,292.0096435546875
2627,32.42240905761719
2628,132.07115173339844
2629,28.75812530517578
2630,133.3686065673828
2631,37.39227294921875
2632,6.188466548919678
2633,264.226806640625
2634,-36.767608642578125
2635,149.82884216308594
2636,-65.43809509277344
2637,3.357618808746338
2638,-108.91705322265625
2639,-83.12872314453125
2640,290.44842529296875
2641,4.146890163421631
2642,5.53596305847168
2643,79.49253845214844
2644,153.28857421875
2645,236.5404052734375
2646,3.031351327896118
2647,2.9675750732421875
2648,4.503702640533447
2649,6.183225631713867
2650,214.38589477539062
2651,225.17758178710938
2652,77.21829223632812
2653,3.1857223510742188
2654,87.30903625488281
2655,227.62924194335938
2656,275.71832275390625
2657,2.5502495765686035
2658,10.124786376953125
2659,278.77410888671875
2660,1.8260599493018461
2661,260.51171875
2662,66.62232208251953
2663,-0.9588165283203125
2664,73.58173370361328
2665,203.39047241210938
2666,275.74053955078125
2667,-32.15728759765625
2668,16.58758544921875
2669,6.374746799468994
2670,132.74435424804688
2671,220.9696044921875
2672,131.80311584472656
2673,240.82693481445312
2674,219.9515380859375
2675,1.7301993370056152
2676,-24.140029907226562
2677,226.3858642578125
2678,45.722625732421875
2679,5.487870693206787
2680,113.34249114990234
2681,5.485476493835449
2682,2.423898220062256
2683,2.1346246146564902
2684,3.304370403289795
2685,6.326109409332275
2686,-4.2062225341796875
2687,106.40067291259766
2688,73.90794372558594
2689,68.26057434082031
2690,123.59490966796875
2691,90.81488800048828
2692,30.802352905273438
2693,153.75369262695312
2694,102.58279418945312
2695,8.062581531756555
2696,76.2922134399414
2697,3.2006611728509173
2698,2.336249351501465
2699,4.216135794123387
2700,209.913818359375
2701,76.07737731933594
2702,9.485198974609375
2703,4.0072431564331055
2704,162.77320861816406
2705,2.4043710231781006
2706,5.831167221069336
2707,207.71768188476562
2708,3.235661745071411
2709,63.718589782714844
2710,6.536368370056152
2711,188.76052856445312
2712,1.8785222201093204
2713,86.4329833984375
2714,-45.99446105957031
2715,4.004257678985596
2716,3.4572222232818604
2717,295.03057861328125
2718,4.876676082611084
2719,3.282498359680176
2720,6.561025619506836
2721,6.4535603523254395
2722,3.703592538833618
2723,223.52255249023438
2724,5.918765170611017
2725,34.59254455566406
2726,-56.97557067871094
2727,246.2193603515625
2728,98.79069519042969
2729,178.2971954345703
2730,195.2516326904297
2731,135.53919982910156
2732,5.788132667541504
2733,164.22589111328125
2734,135.65541076660156
2735,75.58625030517578
2736,29.78289031982422
2737,158.5196533203125
2738,146.801513671875
2739,142.94122314453125
2740,6.715670108795166
2741,13.367462158203125
2742,1.5172686576843262
2743,31.997756958007812
2744,15.289535522460938
2745,4.717015743255615
2746,173.27972412109375
2747,188.74630737304688
2748,2.7921485900878906
2749,5.463052749633789
2750,227.44869995117188
2751,255.83523559570312
2752,2.3826258182525635
2753,80.45732879638672
2754,0.40900564193725586
2755,37.89543914794922
2756,181.55250549316406
2757,5.591986179351807
2758,287.86572265625
2759,79.15384674072266
2760,189.15621948242188
2761,6.356283187866211
2762,4.2083940505981445
2763,123.94561004638672
2764,4.338189601898193
2765,132.76934814453125
2766,1.8090267181396484
2767,245.31646728515625
2768,5.093435287475586
2769,3.856657028198242
2770,163.22654724121094
2771,150.89939880371094
2772,6.353399276733398
2773,3.3183391094207764
2774,4.505583203488905
2775,5.484475135803223
2776,3.884443521499634
2777,238.23919677734375
2778,31.815383911132812
2779,2.179625685605875
2780,2.8145384788513184
2781,160.23818969726562
2782,198.4668426513672
2783,5.8767961868711565
2784,26.47496795654297
2785,5.526732921600342
2786,2.878998279571533
2787,87.19712829589844
2788,84.26907348632812
2789,164.65643310546875
2790,240.1044921875
2791,118.2272720336914
2792,127.19989013671875
2793,190.4029083251953
2794,153.57254028320312
2795,100.40518188476562
2796,205.73626708984375
2797,89.21046447753906
2798,-8.481552124023438
2799,18.909942626953125
2800,5.6159820556640625
2801,3.8119451999664307
2802,3.1751174926757812
2803,88.98146057128906
2804,4.283437185312737
2805,-69.04573059082031
2806,6.2289323806762695
2807,6.535003662109375
2808,89.24899291992188
2809,5.777923583984375
2810,5.748081207275391
2811,200.61427307128906
2812,5.563730239868164
2813,5.8329315185546875
2814,5.725586891174316
2815,261.01947021484375
2816,45.60859680175781
2817,288.42120361328125
2818,158.4655303955078
2819,51.075843811035156
2820,134.7719268798828
2821,44.49809265136719
2822,6.106046676635742
2823,30.031051635742188
2824,250.6260986328125
2825,149.78567504882812
2826,7.1745452880859375
2827,6.175400257110596
2828,5.486595630645752
2829,4.7232389297935775
2830,6.144098281860352
2831,5.542572498321533
2832,6.18635368347168
2833,134.96746826171875
2834,3.649718761444092
2835,2.973123550415039
2836,3.507966527234437
2837,3.77242374420166
2838,5.505456924438477
2839,2.063844430281566
2840,22.594833374023438
2841,50.18556213378906
2842,250.71896362304688
2843,6.064343452453613
2844,201.7798614501953
2845,283.06103515625
2846,3.9009509086608887
2847,144.0902862548828
2848,28.256561279296875
2849,5.286712646484375
2850,6.542142391204834
2851,5.711069107055664
2852,-36.67887878417969
2853,107.00605773925781
2854,2.25158953666687
2855,53.53636169433594
2856,5.615215301513672
2857,47.12737274169922
2858,196.69863891601562
2859,1.0299146175384521
2860,117.62702941894531
2861,258.6794128417969
2862,252.2165985107422
2863,3.003878355026245
2864,256.64898681640625
2865,164.04579162597656
2866,1.4594950675964355
2867,2.329598477301827
2868,129.3350372314453
2869,95.85089111328125
2870,172.8583984375
2871,6.265533924102783
2872,253.8957061767578
2873,4.684108734130859
2874,-155.457275390625
2875,3.883848114587289
2876,-3.0375213623046875
2877,263.85980224609375
2878,-114.34796142578125
2879,4.554976463317871
2880,245.47518920898438
2881,5.581512928009033
2882,5.969812393188477
2883,4.932313442230225
2884,5.922586917877197
2885,176.18898010253906
2886,173.0376434326172
2887,5.903866767883301
2888,2.0320260524749756
2889,6.08912467956543
2890,2.693162441253662
2891,-67.46109008789062
2892,161.62725830078125
2893,-100.71498107910156
2894,42.52479553222656
2895,5.116134166717529
2896,1.7534306049346924
2897,5.629450798034668
2898,119.77372741699219
2899,46.920310974121094
2900,2.7185468673706055
2901,104.55139923095703
2902,254.4776153564453
2903,265.1054382324219
2904,4.681392192840576
2905,4.836670875549316
2906,37.980995178222656
2907,3.6915416717529297
2908,58.85839080810547
2909,2.141399627360917
2910,97.30299377441406
2911,4.19576358795166
2912,2.396854877471924
2913,6.0374884605407715
2914,-27.515716552734375
2915,7.816978454589844
2916,164.6470184326172
2917,154.73519897460938
2918,3.6888973712921143
2919,278.75262451171875
2920,209.096435546875
2921,5.217080116271973
2922,4.3047709465026855
2923,164.035888671875
2924,5.129269599914551
2925,3.3277204036712646
2926,5.633438587188721
2927,61.0089111328125
2928,6.196199893951416
2929,150.63125610351562
2930,269.08709716796875
2931,2.3666772842407227
2932,5.382993698120117
2933,-10.660736083984375
2934,93.36457061767578
2935,18.373802185058594
2936,-28.646881103515625
2937,5.70120096206665
2938,0.96649169921875
2939,2.793067455291748
2940,193.27232360839844
2941,135.85995483398438
2942,102.77447509765625
2943,6.390393257141113
2944,6.406452178955078
2945,5.398134231567383
2946,5.929046630859375
2947,-37.450958251953125
2948,2.5886924266815186
2949,6.351128578186035
2950,2.5762856006622314
2951,195.51731872558594
2952,141.41806030273438
2953,6.904114246368408
2954,2.0931453704833984
2955,-126.82498168945312
2956,6.232261657714844
2957,147.43576049804688
2958,6.0280438275182
2959,171.72132873535156
2960,5.983275413513184
2961,204.46932983398438
2962,4.078273773193359
2963,4.261640429513958
2964,245.71389770507812
2965,197.5841827392578
2966,4.920924271808076
2967,3.723745346069336
2968,207.5692596435547
2969,-57.118438720703125
2970,1.6903800964355469
2971,228.56936645507812
2972,5.708666801452637
2973,148.98634338378906
2974,230.89120483398438
2975,4.698991775512695
2976,57.23841857910156
2977,4.576263427734375
2978,4.585048675537109
2979,4.978240013122559
2980,229.53109741210938
2981,328.41259765625
2982,115.01968383789062
2983,160.56369018554688
2984,223.58489990234375
2985,142.34613037109375
2986,242.87136840820312
2987,202.33343505859375
2988,116.512451171875
2989,29.372459411621094
2990,59.94171142578125
2991,6.687129020690918
2992,2.8628411293029785
2993,5.3140698590309645
2994,17.159385681152344
2995,71.83654022216797
2996,4.306029796600342
2997,3.1405081748962402
2998,86.93202209472656
2999,192.02066040039062
3000,73.95545959472656
3001,3.2649717330932617
3002,266.3186950683594
3003,3.906981945037842
3004,305.4500732421875
3005,125.27981567382812
3006,104.01024627685547
3007,5.614064693450928
3008,2.675398826599121
3009,54.25031280517578
3010,4.395686149597168
3011,40.607513427734375
3012,4.324643135070801
3013,171.57720947265625
3014,6.759103775024414
3015,4.448398113250732
3016,5.935332775115967
3017,6.173316955566406
3018,4.710469536069179
3019,214.97811889648438
3020,2.6467907428741455
3021,217.99192810058594
3022,222.26063537597656
3023,3.1678757667541504
3024,171.4945831298828
3025,199.80262756347656
3026,183.14450073242188
3027,6.242715358734131
3028,5.428634166717529
3029,34.129249572753906
3030,-14.650283813476562
3031,5.9516987800598145
3032,6.102619171142578
3033,5.172280788421631
3034,170.74156188964844
3035,163.4246826171875
3036,169.39846801757812
3037,5.4172868728637695
3038,2.1327374128300587
3039,-69.64064025878906
3040,171.90179443359375
3041,5.174203872680664
3042,-25.453582763671875
3043,6.013504981994629
3044,268.0581359863281
3045,174.93202209472656
3046,3.7830796241760254
3047,3.430023670196533
3048,37.38990020751953
3049,5.649744510650635
3050,221.75149536132812
3051,126.61022186279297
3052,6.970442771911621
3053,5.330871105194092
3054,113.12542724609375
3055,194.39410400390625
3056,32.55946350097656
3057,2.6981396675109863
3058,147.79708862304688
3059,1.8506082661014567
3060,229.586669921875
3061,5.028117656707764
3062,236.90689086914062
3063,145.2109375
3064,192.37466430664062
3065,208.970703125
3066,106.0899658203125
3067,-8.7889404296875
3068,5.869817733764648
3069,6.3828020095825195
3070,3.9469590187072754
3071,6.404788970947266
3072,223.9404296875
3073,113.47383880615234
3074,6.267433166503906
3075,5.736577987670898
3076,129.59478759765625
3077,-4.2230682373046875
3078,152.69178771972656
3079,6.068325519561768
3080,3.7007482051849365
3081,34.529632568359375
3082,93.8480224609375
3083,179.65243530273438
3084,1.00175142288208
3085,5.333703517913818
3086,181.03269958496094
3087,2.8795437812805176
3088,153.28125
3089,3.884676694869995
3090,298.00286865234375
3091,65.64517211914062
3092,139.80775451660156
3093,3.4461717182245906
3094,235.41709899902344
3095,214.52078247070312
3096,65.07617950439453
3097,4.658332392375801
3098,6.154112815856934
3099,49.73558807373047
3100,33.10533905029297
3101,3.8123829638562725
3102,2.615273952484131
3103,3.4206807613372803
3104,129.51329040527344
3105,63.15662384033203
3106,2.76226806640625
3107,1.3447428941726685
3108,3.144881248474121
3109,6.362499237060547
3110,236.37403869628906
3111,1.962235689163208
3112,233.0227813720703
3113,5.537823677062988
3114,15.643508911132812
3115,257.43743896484375
3116,93.83882141113281
3117,-73.26116943359375
3118,225.16966247558594
3119,3.3277204036712646
3120,28.94213104248047
3121,-11.888992309570312
3122,147.80198669433594
3123,3.37937593460083
3124,3.218935489654541
3125,4.906382083892822
3126,218.2614288330078
3127,199.94985961914062
3128,-35.591278076171875
3129,284.76239013671875
3130,2.0675947845984375
3131,106.65670776367188
3132,191.68051147460938
3133,121.85417175292969
3134,264.84136962890625
3135,1.6778640810934453
3136,288.33685302734375
3137,2.9431955814361572
3138,178.54861450195312
3139,5.827783584594727
3140,0.29419946670532227
3141,39.892601013183594
3142,3.1826415061950684
3143,156.2172393798828
3144,224.12652587890625
3145,5.6782073974609375
3146,264.7231140136719
3147,121.03543853759766
3148,169.7360076904297
3149,128.8723907470703
3150,1.5837577892559098
3151,216.08737182617188
3152,6.677197456359863
3153,224.63600158691406
3154,148.8003692626953
3155,29.14214324951172
3156,50.248390197753906
3157,4.9077887535095215
3158,275.926025390625
3159,86.90803527832031
3160,279.1591491699219
3161,-89.36477661132812
3162,3.1196436882019043
3163,183.16651916503906
3164,2.8896703720092773
3165,-60.43548583984375
3166,95.54830932617188
3167,6.582122802734375
3168,5.714872360229492
3169,3.1967267990112305
3170,176.66241455078125
3171,4.072355270385742
3172,210.54312133789062
3173,280.0348205566406
3174,108.86328125
3175,-28.556167602539062
3176,3.685537815093994
3177,3.464925527572632
3178,190.9997100830078
3179,5.931305408477783
3180,278.4023742675781
3181,157.93197631835938
3182,281.0752868652344
3183,5.815468788146973
3184,-2.383148193359375
3185,6.710493087768555
3186,161.9951171875
3187,223.82452392578125
3188,-35.82133483886719
3189,242.45596313476562
3190,3.3683342933654785
3191,241.27565002441406
3192,66.57996368408203
3193,6.052225112915039
3194,4.2047119140625
3195,5.511601448059082
3196,152.8817138671875
3197,4.966555595397949
3198,183.8172607421875
3199,213.3455810546875
3200,2.105725049972534
3201,241.38047790527344
3202,4.955263137817383
3203,4.9579973220825195
3204,51.19242858886719
3205,6.555774688720703
3206,307.89361572265625
3207,5.874096870422363
3208,233.31097412109375
3209,17.098365783691406
3210,7.354215145111084
3211,172.06826782226562
3212,216.13873291015625
3213,3.5067687034606934
3214,242.49668884277344
3215,3.3650519847869873
3216,6.452180862426758
3217,149.90509033203125
3218,193.39328002929688
3219,138.56532287597656
3220,101.81108093261719
3221,87.55103302001953
3222,257.09014892578125
3223,317.8007507324219
3224,-39.7454833984375
3225,134.46890258789062
3226,5.766751289367676
3227,4.858941078186035
3228,71.39791870117188
3229,308.87530517578125
3230,210.34620666503906
3231,6.626852035522461
3232,4.876665508219593
3233,5.55538272857666
3234,3.4162983894348145
3235,39.85380554199219
3236,132.0564727783203
3237,30.73187255859375
3238,327.7438659667969
3239,6.232861042022705
3240,75.0472640991211
3241,31.993087768554688
3242,2.295675039291382
3243,56.82843017578125
3244,138.8221893310547
3245,4.652288913726807
3246,240.89576721191406
3247,5.880883693695068
3248,39.07506561279297
3249,-29.548141479492188
3250,245.65818786621094
3251,185.58160400390625
3252,87.10812377929688
3253,60.02686309814453
3254,127.48186492919922
3255,5.750511169433594
3256,5.94163703918457
3257,29.567832946777344
3258,3.401000499725342
3259,65.82206726074219
3260,5.992253303527832
3261,93.03265380859375
3262,290.03125
3263,1.090552806854248
3264,3.2374320030212402
3265,181.04029846191406
3266,3.7028535432875267
3267,6.5475592613220215
3268,4.0915751457214355
3269,5.157410144805908
3270,98.3990478515625
3271,203.58859252929688
3272,2.0531184673309326
3273,202.4763946533203
3274,160.7880859375
3275,127.65519714355469
3276,97.67658996582031
3277,5.560770034790039
3278,6.027488708496094
3279,3.369266986846924
3280,51.971168518066406
3281,259.46697998046875
3282,3.261258602142334
3283,318.51068115234375
3284,295.7225646972656
3285,97.85240173339844
3286,2.6903204917907715
3287,11.448410034179688
3288,-22.195404052734375
3289,1.750255101664774
3290,95.22230529785156
3291,213.0425262451172
3292,2.9705123901367188
3293,113.01602935791016
3294,219.1514129638672
3295,165.196044921875
3296,52.59839630126953
3297,206.24200439453125
3298,2.208115816116333
3299,261.8719177246094
3300,3.2703919410705566
3301,249.21368408203125
3302,181.77308654785156
3303,73.4928207397461
3304,253.20095825195312
3305,3.805863618850708
3306,4.6310667609140515
3307,187.40623474121094
3308,3.197774648666382
3309,6.021615982055664
3310,-71.59683227539062
3311,2.382779598236084
3312,3.969132423400879
3313,2.656179428100586
3314,5.886554718017578
3315,4.605830192565918
3316,312.01153564453125
3317,275.95367431640625
3318,95.61900329589844
3319,1.9017478853083585
3320,2.491283416748047
3321,4.8845367431640625
3322,180.96240234375
3323,5.433356285095215
3324,3.6965956687927246
3325,267.51214599609375
3326,116.2261962890625
3327,-31.555953979492188
3328,6.850450038909912
3329,1.8950472583434266
3330,217.7877197265625
3331,114.2156982421875
3332,4.230404376983643
3333,277.94183349609375
3334,114.1431884765625
3335,3.147373676300049
3336,4.001873435001052
3337,2.281385898590088
3338,1.8117795329152275
3339,29.40540313720703
3340,16.628463745117188
3341,85.67265319824219
3342,242.85400390625
3343,131.32489013671875
3344,3.3059659004211426
3345,232.88870239257812
3346,216.14193725585938
3347,175.2615509033203
3348,30.799888610839844
3349,5.930934906005859
3350,3.764700412750244
3351,2.989910125732422
3352,1.8191945683958826
3353,109.49602508544922
3354,-10.750320434570312
3355,3.2296972274780273
3356,292.89337158203125
3357,5.489889144897461
3358,211.79852294921875
3359,134.52230834960938
3360,79.36084747314453
3361,2.5586113929748535
3362,2.3720829486846924
3363,2.607056140899658
3364,50.67530059814453
3365,168.68017578125
3366,7.00048828125
3367,3.3106623355185363
3368,112.69890594482422
3369,4.837325096130371
3370,80.47266387939453
3371,-73.85464477539062
3372,181.95401000976562
3373,48.63188171386719
3374,299.95001220703125
3375,2.518385887145996
3376,4.0988311767578125
3377,172.53672790527344
3378,6.176419258117676
3379,67.24083709716797
3380,246.71331787109375
3381,6.526220321655273
3382,155.8518829345703
3383,5.872276306152344
3384,146.46876525878906
3385,5.0577712059021
3386,33.128578186035156
3387,2.1017118405511868
3388,202.84213256835938
3389,226.13685607910156
3390,2.739954948425293
3391,5.332376480102539
3392,5.03926420211792
3393,180.620849609375
3394,102.76080322265625
3395,5.1406121253967285
3396,5.004852294921875
3397,84.2939453125
3398,2.6317620277404785
3399,254.58563232421875
3400,182.15396118164062
3401,5.517602920532227
3402,1.4871492385864258
3403,100.70023345947266
3404,186.05203247070312
3405,196.3462371826172
3406,175.05743408203125
3407,3.471055507659912
3408,139.77134704589844
3409,130.82504272460938
3410,6.266901969909668
3411,6.531239986419678
3412,47.41032409667969
3413,2.1543570979703155
3414,6.47222900390625
3415,90.87201690673828
3416,89.00750732421875
3417,185.01255798339844
3418,184.9508514404297
3419,-11.963516235351562
3420,-17.854232788085938
3421,-67.761474609375
3422,186.488525390625
3423,2.064609146984395
3424,3.576317071914673
3425,-4.223114013671875
3426,3.408245086669922
3427,62.05291748046875
3428,0.9415204524993896
3429,281.26470947265625
3430,313.45062255859375
3431,75.69242858886719
3432,5.633438587188721
3433,127.0771255493164
3434,1.9794830700720716
3435,240.0922088623047
3436,220.24818420410156
3437,3.3848349375271636
3438,13.760696411132812
3439,248.73220825195312
3440,5.811164855957031
3441,4.780820942971737
3442,236.2518310546875
3443,5.523600101470947
3444,230.947998046875
3445,2.7983432640168404
3446,6.391770362854004
3447,251.8179931640625
3448,5.700756072998047
3449,5.522459506988525
3450,90.41078186035156
3451,200.9918212890625
3452,1.7244547605514526
3453,3.2162678241729736
3454,24.2974853515625
3455,4.671651853620664
3456,5.1392717361450195
3457,3.9190120088378864
3458,6.44832706451416
3459,200.33709716796875
3460,-87.07820129394531
3461,3.0199382305145264
3462,48.71150207519531
3463,229.01708984375
3464,4.036844297828354
3465,2.788646936416626
3466,7.8509202003479
3467,30.228408813476562
3468,67.40145111083984
3469,284.8537292480469
3470,134.34397888183594
3471,25.799514770507812
3472,271.54296875
3473,6.252776145935059
3474,4.576941967010498
3475,4.11995267868042
3476,32.621131896972656
3477,3.3935914039611816
3478,6.0297136306762695
3479,2.5585641860961914
3480,116.49972534179688
3481,147.15557861328125
3482,125.88175964355469
3483,80.7584228515625
3484,163.72604370117188
3485,2.1542134623003175
3486,222.34500122070312
3487,5.905802249908447
3488,5.357240364959817
3489,2.5092318058013916
3490,5.5242180824279785
3491,3.2036852836608887
3492,2.618142604827881
3493,295.6683654785156
3494,177.24945068359375
3495,6.47819709777832
3496,38.771080017089844
3497,4.617476463317871
3498,6.362792015075684
3499,-13.994583129882812
3500,39.13854217529297
3501,241.3444061279297
3502,5.945024490356445
3503,4.651327610015869
3504,22.388214111328125
3505,191.01133728027344
3506,97.1730728149414
3507,6.347190856933594
3508,3.106673240661621
3509,2.869144916534424
3510,267.530517578125
3511,1.950123528405076
3512,133.5110321044922
3513,93.0789794921875
3514,3.1539645195007324
3515,42.26969909667969
3516,3.0855472087860107
3517,200.23477172851562
3518,4.84937047958374
3519,203.5876922607422
3520,281.13690185546875
3521,1.9733040852356523
3522,36.56446838378906
3523,4.863525390625
3524,5.87264347076416
3525,5.626173496246338
3526,51.19004821777344
3527,1.7633337521874048
3528,278.2437438964844
3529,158.91580200195312
3530,2.360475540161133
3531,88.15047454833984
3532,254.75332641601562
3533,24.292556762695312
3534,7.404151916503906
3535,127.43544006347656
3536,3.402261734008789
3537,135.90933227539062
3538,6.391469478607178
3539,-12.9417724609375
3540,142.76490783691406
3541,-11.143722534179688
3542,2.8447089195251465
3543,187.7625274658203
3544,73.07807159423828
3545,3.0992512702941895
3546,5.868035793304443
3547,177.83255004882812
3548,5.242858409881592
3549,1.9132740940282895
3550,4.648684501647949
3551,4.491162300109863
3552,5.802066802978516
3553,7.754037857055664
3554,173.17355346679688
3555,4.316915512084961
3556,1.8113312721252441
3557,117.7078857421875
3558,5.493782997131348
3559,118.18341064453125
3560,55.45399475097656
3561,6.686370372772217
3562,76.71636199951172
3563,6.6529541015625
3564,5.662032604217529
3565,5.404834747314453
3566,152.72531127929688
3567,1.9828345724187701
3568,236.33438110351562
3569,198.18020629882812
3570,53.024253845214844
3571,191.64285278320312
3572,1.8024720279015984
3573,6.045736789703369
3574,5.683911323547363
3575,2.543602228164673
3576,4.631708145141602
3577,6.083284378051758
3578,96.18861389160156
3579,1.9994447588408355
3580,30.841712951660156
3581,255.46505737304688
3582,64.24768829345703
3583,32.40037536621094
3584,6.165035724639893
3585,34.33405303955078
3586,5.578764915466309
3587,87.60896301269531
3588,4.453057289123535
3589,239.82467651367188
3590,3.037367105484009
3591,3.483269453048706
3592,198.34576416015625
3593,5.488575458526611
3594,74.22074890136719
3595,6.259565830230713
3596,46.56841278076172
3597,334.734130859375
3598,113.31947326660156
3599,113.24333190917969
3600,2.7579827308654785
3601,243.0652618408203
3602,56.52763366699219
3603,4.620971202850342
3604,1.7451958656311035
3605,155.62803649902344
3606,1.95425732332226
3607,3.4916720390319824
3608,306.0372314453125
3609,190.1962890625
3610,34.505271911621094
3611,5.821620941162109
3612,163.7633056640625
3613,6.286813735961914
3614,5.01501239510706
3615,6.718149920581655
3616,54.634185791015625
3617,5.185869216918945
3618,2.5664803981781006
3619,-63.41184997558594
3620,47.06254577636719
3621,123.78002166748047
3622,5.7797112464904785
3623,259.66748046875
3624,22.93061065673828
3625,124.88290405273438
3626,49.58087158203125
3627,-1.8000946044921875
3628,6.12539529800415
3629,69.81615447998047
3630,286.206298828125
3631,289.04315185546875
3632,261.5618591308594
3633,278.0771179199219
3634,148.53335571289062
3635,98.6485595703125
3636,4.378378868103027
3637,76.9900131225586
3638,72.72858428955078
3639,5.191641330718994
3640,264.57501220703125
3641,212.62889099121094
3642,130.08665466308594
3643,192.34957885742188
3644,6.211595058441162
3645,137.09678649902344
3646,2.5919206142425537
3647,5.866139888763428
3648,273.5391845703125
3649,-20.322097778320312
3650,2.9861021041870117
3651,216.96701049804688
3652,84.6503677368164
3653,7.8741302490234375
3654,83.71644592285156
3655,2.048872555934661
3656,203.55703735351562
3657,5.652117729187012
3658,6.980982303619385
3659,4.710469536069179
3660,5.886554718017578
3661,63.61382293701172
3662,2.025328636443148
3663,5.150840759277344
3664,141.7826690673828
3665,4.941489219665527
3666,273.5013427734375
3667,265.2126770019531
3668,193.60081481933594
3669,225.73150634765625
3670,7.092435359954834
3671,6.302603721618652
3672,198.58523559570312
3673,5.753166198730469
3674,273.0483703613281
3675,113.32589721679688
3676,117.58441162109375
3677,35.86622619628906
3678,31.72930908203125
3679,4.7140619376697455
3680,4.566678047180176
3681,183.16659545898438
3682,90.81488800048828
3683,225.2176055908203
3684,49.58087921142578
3685,184.58175659179688
3686,249.46249389648438
3687,96.21670532226562
3688,253.5981903076172
3689,1.962172269821167
3690,174.1844940185547
3691,194.51461791992188
3692,288.3533935546875
3693,313.3455810546875
3694,1.3410365581512451
3695,264.0030822753906
3696,206.86802673339844
3697,1.0487256050109863
3698,-40.46318054199219
3699,4.599720979131858
3700,6.080845832824707
3701,286.46087646484375
3702,3.681612730026245
3703,4.2083369800904
3704,5.555861473083496
3705,1.3447428941726685
3706,80.55543518066406
3707,18.79106903076172
3708,106.20843505859375
3709,3.303389549255371
3710,5.460445608073796
3711,265.34814453125
3712,61.06812286376953
3713,6.179689407348633
3714,231.26861572265625
3715,2.7872068881988525
3716,2.0015065611051193
3717,243.44956970214844
3718,127.78961944580078
3719,210.89657592773438
3720,160.44317626953125
3721,3.095021963119507
3722,5.2224836349487305
3723,3.297954559326172
3724,1.900047542130772
3725,109.71800994873047
3726,1.8169935838940396
3727,220.79100036621094
3728,91.9745101928711
3729,-24.114852905273438
3730,149.87599182128906
3731,107.58891296386719
3732,3.1311585903167725
3733,-56.575836181640625
3734,2.830164909362793
3735,3.4644112586975098
3736,15.874458312988281
3737,5.5242180824279785
3738,203.53231811523438
3739,-8.3612060546875
3740,240.08775329589844
3741,42.688926696777344
3742,257.67657470703125
3743,2.5847051046128264
3744,104.35200500488281
3745,28.605300903320312
3746,4.791184425354004
3747,4.1955108642578125
3748,182.18716430664062
3749,91.57344818115234
3750,1.5607199546072823
3751,205.57664489746094
3752,137.8018798828125
3753,5.214430809020996
3754,3.8650824099309533
3755,24.345359802246094
3756,5.362909317016602
3757,43.7921142578125
3758,6.0704755783081055
3759,51.31267547607422
3760,1.9754858037549006
3761,6.252776145935059
3762,6.110057830810547
3763,148.55047607421875
3764,217.58450317382812
3765,273.3453674316406
3766,6.7202911376953125
3767,255.2353973388672
3768,77.87947082519531
3769,1.7449816661543605
3770,181.15989685058594
3771,3.0533015727996826
3772,276.3865966796875
3773,155.4163818359375
3774,3.08134126663208
3775,3.7292120456695557
3776,217.30133056640625
3777,6.41538143157959
3778,260.36669921875
3779,252.94100952148438
3780,5.809034824371338
3781,6.529411315917969
3782,2.28389573097229
3783,2.5584874153137207
3784,5.812532424926758
3785,20.179908752441406
3786,133.87591552734375
3787,5.777923583984375
3788,5.998945236206055
3789,262.0570068359375
3790,6.852550983428955
3791,5.704685211181641
3792,3.7689945697784424
3793,42.12611389160156
3794,-10.93414306640625
3795,295.5962219238281
3796,181.9540252685547
3797,4.794214248657227
3798,179.68356323242188
3799,-23.93572998046875
3800,235.37356567382812
3801,133.47186279296875
3802,186.33804321289062
3803,80.06265258789062
3804,89.80177307128906
3805,5.949747562408447
3806,2.95365571975708
3807,100.64897155761719
3808,3.358046770095825
3809,-131.34591674804688
3810,2.4627366065979004
3811,4.618902040894429
3812,237.15457153320312
3813,3.5060806274414062
3814,240.1533203125
3815,7.052488327026367
3816,3.9108469486236572
3817,93.5833969116211
3818,6.130799770355225
3819,2.8510236740112305
3820,122.0040283203125
3821,7.44639778137207
3822,5.578764915466309
3823,263.05267333984375
3824,5.400404453277588
3825,202.72201538085938
3826,6.104743003845215
3827,260.95660400390625
3828,277.9742431640625
3829,5.995672702789307
3830,183.80978393554688
3831,73.51367950439453
3832,1.8260599493018461
3833,33.60309600830078
3834,89.69361877441406
3835,2.480515956878662
3836,5.232060432434082
3837,6.173041343688965
3838,6.0265212059021
3839,227.07379150390625
3840,5.563730239868164
3841,151.1431427001953
3842,3.8813977241516113
3843,195.8577423095703
3844,5.745243048695947
3845,5.502779006958008
3846,5.983275413513184
3847,113.09152221679688
3848,112.34146118164062
3849,206.41229248046875
3850,97.46815490722656
3851,167.84185791015625
3852,253.19961547851562
3853,5.698544502258301
3854,268.09161376953125
3855,1.8891100549143276
3856,91.07290649414062
3857,5.532632827758789
3858,3.302269458770752
3859,231.28065490722656
3860,6.059996604919434
3861,-61.45564270019531
3862,-88.89051818847656
3863,3.3231253623962402
3864,2.5733914375305176
3865,259.97509765625
3866,3.758136510848999
3867,175.57583618164062
3868,4.339550971984863
3869,2.932492256164551
3870,141.9720001220703
3871,33.86286926269531
3872,3.3389458656311035
3873,17.77613067626953
3874,296.60284423828125
3875,248.87326049804688
3876,123.71855926513672
3877,-104.42073059082031
3878,173.97198486328125
3879,304.4306640625
3880,6.22749137878418
3881,3.7591609954833984
3882,2.1555798053741455
3883,165.867919921875
3884,176.66848754882812
3885,6.332176685333252
3886,5.96406888961792
3887,5.904349327087402
3888,2.935565710067749
3889,135.6549072265625
3890,0.08987832069396973
3891,3.1717233657836914
3892,98.66285705566406
3893,4.067008018493652
3894,249.228759765625
3895,28.978485107421875
3896,22.707763671875
3897,269.999755859375
3898,175.01361083984375
3899,1.7085756823383869
3900,82.93870544433594
3901,156.2704315185547
3902,2.510176181793213
3903,-6.157745361328125
3904,43.77801513671875
3905,4.037400722503662
3906,7.20778751373291
3907,236.6717529296875
3908,162.28895568847656
3909,3.8692374229431152
3910,4.544991942616047
3911,257.37200927734375
3912,4.434023857116699
3913,-10.125595092773438
3914,248.13427734375
3915,7.190617561340332
3916,5.910406112670898
3917,3.9454009862654056
3918,11.71697998046875
3919,5.1218695640563965
3920,50.667694091796875
3921,106.56259155273438
3922,6.134178424105357
3923,5.000441074371338
3924,279.66314697265625
3925,58.68067932128906
3926,1.980503797531128
3927,243.19810485839844
3928,2.9973840713500977
3929,5.609930992126465
3930,6.283038139343262
3931,127.8692398071289
3932,4.1378021240234375
3933,2.8263633251190186
3934,5.892197132110596
3935,216.72750854492188
3936,1.9592845439910889
3937,2.5220484733581543
3938,3.0848708152770996
3939,255.72509765625
3940,5.776556968688965
3941,6.218070030212402
3942,5.101964473724365
3943,2.9323105812072754
3944,7.828411071340604
3945,294.16229248046875
3946,139.0818328857422
3947,38.845375061035156
3948,135.4966583251953
3949,5.8699951171875
3950,213.09927368164062
3951,1.8423176860779036
3952,130.366943359375
3953,102.23161315917969
3954,2.339261054992676
3955,6.125153541564941
3956,163.13156127929688
3957,56.35093688964844
3958,141.37307739257812
3959,163.34519958496094
3960,5.835483551025391
3961,5.94569975553517
3962,94.03251647949219
3963,5.971585273742676
3964,169.299560546875
3965,5.558276176452637
3966,2.6745126247406006
3967,4.900102615356445
3968,165.43746948242188
3969,26.846420288085938
3970,2.4034783840179443
3971,3.8030762672424316
3972,3.0502262115478516
3973,3.2843384742736816
3974,76.35363006591797
3975,40.989707946777344
3976,3.604700803756714
3977,4.5839619636535645
3978,3.2908318669531136
3979,202.3943328857422
3980,243.5843505859375
3981,252.04164123535156
3982,5.8126068115234375
3983,4.800323963165283
3984,273.6394958496094
3985,224.83261108398438
3986,202.56549072265625
3987,100.13307189941406
3988,4.137206554412842
3989,7.7785491943359375
3990,114.51605987548828
3991,216.068359375
3992,5.723330020904541
3993,6.59030294418335
3994,81.27922058105469
3995,173.57432556152344
3996,3.9017536640167236
3997,132.74435424804688
3998,3.430692434310913
3999,251.0731201171875
4000,5.523019790649414
4001,4.525469779968262
4002,25.634140014648438
4003,181.20855712890625
4004,2.1970489025115967
4005,296.5106201171875
4006,123.52008056640625
4007,6.776922225952148
4008,3.3870930671691895
4009,5.921468734741211
4010,238.82461547851562
4011,4.803491592407227
4012,6.459240913391113
4013,236.0963897705078
4014,5.991279125213623
4015,6.573268413543701
4016,79.58854675292969
4017,105.37576293945312
4018,164.01683044433594
4019,1.478529930114746
4020,1.9754858037549006
4021,96.57588958740234
4022,51.756324768066406
4023,3.4925084114074707
4024,94.59014892578125
4025,68.33428955078125
4026,21.25914764404297
4027,180.95880126953125
4028,93.58320617675781
4029,7.307507514953613
4030,2.1978116035461426
4031,119.54769897460938
4032,109.260498046875
4033,3.9533658027648926
4034,149.72633361816406
4035,103.53822326660156
4036,4.779658317565918
4037,3.705904960632324
4038,5.849420320149144
4039,5.984315872192383
4040,115.75334167480469
4041,251.4622039794922
4042,50.60795593261719
4043,303.18084716796875
4044,4.424538612365723
4045,75.66063690185547
4046,5.742645263671875
4047,4.234432220458984
4048,280.6831359863281
4049,123.72686767578125
4050,266.997802734375
4051,67.81906127929688
4052,2.894094467163086
4053,4.580990314483643
4054,5.283305644989014
4055,4.124227046966553
4056,246.25502014160156
4057,6.251539707183838
4058,288.9425048828125
4059,-0.3901214599609375
4060,250.41311645507812
4061,67.63956451416016
4062,3.7084053257822664
4063,1.5980339050292969
4064,176.62518310546875
4065,1.6737743616104126
4066,106.42938232421875
4067,157.5577392578125
4068,206.55194091796875
4069,260.73779296875
4070,2.644853353500366
4071,2.4935076236724854
4072,2.5893778800964355
4073,4.7926716804504395
4074,3.7946853637695312
4075,18.88806915283203
4076,53.400917053222656
4077,5.215244770050049
4078,6.066798686981201
4079,6.8975911140441895
4080,277.18939208984375
4081,4.896327972412109
4082,107.28013610839844
4083,4.007299900054932
4084,128.8723907470703
4085,104.93331909179688
4086,27.715087890625
4087,3.7375893592834473
4088,3.8441474437713623
4089,134.10292053222656
4090,189.18565368652344
4091,4.04962682723999
4092,90.93043518066406
4093,19.7861328125
4094,5.721905708312988
4095,6.117449760437012
4096,2.2620588419943566
4097,3.307558536529541
4098,1.4614026546478271
4099,18.82215118408203
4100,103.67735290527344
4101,6.1222825050354
4102,3.735563278198242
4103,91.9244384765625
4104,155.0247039794922
4105,6.014519691467285
4106,169.6230010986328
4107,67.68461608886719
4108,110.431396484375
4109,223.35708618164062
4110,5.950132369995117
4111,126.51611328125
4112,67.47474670410156
4113,3.067683219909668
4114,5.0833539962768555
4115,125.2164306640625
4116,176.12393188476562
4117,143.666259765625
4118,291.0338439941406
4119,266.1609802246094
4120,280.39190673828125
4121,134.676025390625
4122,-53.089263916015625
4123,2.122232437133789
4124,95.063232421875
4125,2.3726887702941895
4126,102.9791030883789
4127,5.3187737464904785
4128,1.3410365581512451
4129,6.554110527038574
4130,2.653075695037842
4131,78.55026245117188
4132,6.159616470336914
4133,5.4391655921936035
4134,105.90846252441406
4135,19.998687744140625
4136,124.01374053955078
4137,299.740478515625
4138,3.2486724853515625
4139,131.0944366455078
4140,35.970802307128906
4141,4.403722286224365
4142,93.58319091796875
4143,261.87591552734375
4144,79.96810913085938
4145,46.56669616699219
4146,83.10948181152344
4147,71.76038360595703
4148,289.1458740234375
4149,82.07621002197266
4150,54.48772430419922
4151,31.993072509765625
4152,148.2952117919922
4153,4.337484359741211
4154,280.5155334472656
4155,144.11331176757812
4156,3.1938071250915527
4157,36.609771728515625
4158,4.133276462554932
4159,4.883092403411865
4160,172.15643310546875
4161,194.26296997070312
4162,6.022702217102051
4163,78.20427703857422
4164,192.47341918945312
4165,24.967262268066406
4166,21.988014221191406
4167,151.22900390625
4168,58.50171661376953
4169,2.6481571197509766
4170,115.08077239990234
4171,104.09983825683594
4172,4.428533554077148
4173,2.600205898284912
4174,102.56634521484375
4175,156.34161376953125
4176,2.036051797667678
4177,3.6986894607543945
4178,26.020347595214844
4179,173.95738220214844
4180,212.71188354492188
4181,119.22406005859375
4182,72.30167388916016
4183,73.7369384765625
4184,206.6193084716797
4185,193.618896484375
4186,3.379396915435791
4187,65.3275146484375
4188,4.4134521484375
4189,5.025202751159668
4190,115.00225067138672
4191,2.125591709930112
4192,45.815528869628906
4193,53.113189697265625
4194,5.702018737792969
4195,4.0629377365112305
4196,97.28196716308594
4197,5.6489152908325195
4198,2.915828227996826
4199,5.15993595123291
4200,273.23321533203125
4201,245.85934448242188
4202,202.8102569580078
4203,5.7984724044799805
4204,98.23800659179688
4205,4.992304801940918
4206,7.377199172973633
4207,131.9114227294922
4208,211.604736328125
4209,252.17416381835938
4210,-14.471343994140625
4211,3.8035504817962646
4212,5.7150959968566895
4213,-23.858993530273438
4214,6.791386604309082
4215,2.8805108070373535
4216,0.9801921844482422
4217,2.9252421855926514
4218,5.425772190093994
4219,64.57274627685547
4220,136.25814819335938
4221,1.9854263067245483
4222,117.70787048339844
4223,2.80645751953125
4224,6.477141380310059
4225,4.901573181152344
4226,181.4821014404297
4227,2.6789207458496094
4228,206.64695739746094
4229,148.72496032714844
4230,3.102602958679199
4231,2.649266242980957
4232,90.21028900146484
4233,3.0245490074157715
4234,-4.87969970703125
4235,133.5719451904297
4236,243.4395751953125
4237,147.4102325439453
4238,2.9567887783050537
4239,40.309669494628906
4240,37.68963623046875
4241,86.53082275390625
4242,186.39971923828125
4243,-37.45329284667969
4244,339.0386962890625
4245,4.9061808586120605
4246,2.0006088634630665
4247,3.9768686294555664
4248,4.104091664659586
4249,-11.06927490234375
4250,22.151840209960938
4251,194.49148559570312
4252,6.021305084228516
4253,5.999451637268066
4254,5.113754749298096
4255,-44.48634338378906
4256,27.99999237060547
4257,110.56439208984375
4258,2.4965615272521973
4259,1.6329274115402623
4260,98.45783996582031
4261,2.6481571197509766
4262,253.0953369140625
4263,42.74565887451172
4264,3.4136462211608887
4265,60.56194305419922
4266,5.009664535522461
4267,6.567976951599121
4268,5.873219584418544
4269,207.42703247070312
4270,204.35804748535156
4271,154.1040496826172
4272,5.059940338134766
4273,8.630550384521484
4274,126.2457275390625
4275,6.222505569458008
4276,292.247802734375
4277,205.1360626220703
4278,327.8902587890625
4279,340.8011169433594
4280,108.79692077636719
4281,72.32374572753906
4282,70.6533203125
4283,5.797517776489258
4284,4.5892333984375
4285,55.272430419921875
4286,269.66558837890625
4287,1.8015143575504524
4288,160.64633178710938
4289,212.47483825683594
4290,245.47958374023438
4291,2.83286190032959
4292,5.279005527496338
4293,29.660385131835938
4294,-27.03662109375
4295,0.9230694770812988
4296,5.075612545013428
4297,6.084089279174805
4298,6.354621887207031
4299,134.080322265625
4300,-45.226226806640625
4301,3.0652923583984375
4302,53.445396423339844
4303,1.1227855682373047
4304,-29.296401977539062
4305,2.7999215126037598
4306,320.53326416015625
4307,2.683624267578125
4308,51.66001892089844
4309,4.575936317443848
4310,3.1513376235961914
4311,-12.473983764648438
4312,238.73660278320312
4313,3.3156650066375732
4314,2.5600271224975586
4315,220.79669189453125
4316,1.8293447494506836
4317,198.52456665039062
4318,6.04921293258667
4319,23.88372802734375
4320,252.84561157226562
4321,4.681049346923828
4322,273.3694763183594
4323,101.5435791015625
4324,3.4376933574676514
4325,6.634076118469238
4326,3.292038917541504
4327,104.18659973144531
4328,179.99990844726562
4329,200.41799926757812
4330,30.645797729492188
4331,3.212352991104126
4332,2.397308349609375
4333,222.4429931640625
4334,3.8748714923858643
4335,3.571836471557617
4336,2.139741737887319
4337,5.651642799377441
4338,83.58712768554688
4339,4.523309449360919
4340,27.948020935058594
4341,77.9698715209961
4342,137.55389404296875
4343,216.08316040039062
4344,94.0875244140625
4345,5.889663219451904
4346,3.951937198638916
4347,154.20994567871094
4348,5.414873123168945
4349,103.32386779785156
4350,-7.285980224609375
4351,83.91378784179688
4352,203.06573486328125
4353,4.611198425292969
4354,49.538536071777344
4355,144.11419677734375
4356,1.999939995656988
4357,4.694536209106445
4358,267.4794006347656
4359,209.69729614257812
4360,3.7518088817596436
4361,-42.90118408203125
4362,2.7135238647460938
4363,3.41890811920166
4364,5.237886746912341
4365,1.6375343029617178
4366,2.8876850605010986
4367,251.7735595703125
4368,-6.9684295654296875
4369,112.66031646728516
4370,6.438157081604004
4371,229.37954711914062
4372,99.85231018066406
4373,261.5267028808594
4374,6.305201530456543
4375,245.20773315429688
4376,279.9331970214844
4377,5.311136245727539
4378,5.799302577972412
4379,188.49095153808594
4380,3.0530996322631836
4381,2.544907569885254
4382,6.387594223022461
4383,16.58758544921875
4384,5.102539466561119
4385,199.38442993164062
4386,55.903594970703125
4387,282.0627136230469
4388,140.20298767089844
4389,6.430342197418213
4390,4.093280792236328
4391,4.854589939117432
4392,2.823103904724121
4393,148.09242248535156
4394,105.60906982421875
4395,3.0798091888427734
4396,36.81548309326172
4397,3.47135853767395
4398,6.5530524253845215
4399,3.265385150909424
4400,217.82586669921875
4401,6.613644123077393
4402,263.0116882324219
4403,291.064208984375
4404,247.20428466796875
4405,310.03619384765625
4406,109.69502258300781
4407,61.762969970703125
4408,6.194502830505371
4409,157.92642211914062
4410,-91.61000061035156
4411,3.218935489654541
4412,329.9496154785156
4413,173.9542236328125
4414,4.26517509210502
4415,197.2385711669922
4416,88.26870727539062
4417,2.448509454727173
4418,175.25897216796875
4419,249.8309326171875
4420,288.209716796875
4421,286.8070373535156
4422,15.303848266601562
4423,2.2415237426757812
4424,106.50787353515625
4425,200.1566925048828
4426,5.159289836883545
4427,227.2879638671875
4428,5.932170867919922
4429,4.8394880294799805
4430,5.524380683898926
4431,205.17022705078125
4432,3.8022425245285936
4433,3.4266135692596436
4434,115.88778686523438
4435,5.9933648109436035
4436,6.016584396362305
4437,34.39491271972656
4438,140.28704833984375
4439,7.036413192749023
4440,272.53192138671875
4441,2.6272177696228027
4442,251.9568634033203
4443,5.553731441497803
4444,253.02784729003906
4445,3.681612730026245
4446,3.8091872737695502
4447,115.54894256591797
4448,5.032461643218994
4449,61.60065460205078
4450,89.85301208496094
4451,94.0875244140625
4452,212.54502868652344
4453,237.26573181152344
4454,4.91571569442749
4455,5.837514877319336
4456,154.21714782714844
4457,4.233712673187256
4458,7.127033710479736
4459,101.17840576171875
4460,0.7478702068328857
4461,54.38622283935547
4462,174.7581787109375
4463,102.7327880859375
4464,4.391899293717385
4465,93.8480224609375
4466,4.752171993255615
4467,6.5514373779296875
4468,1.726120372431836
4469,2.6498608589172363
4470,4.345419406890869
4471,2.691833734512329
4472,232.19119262695312
4473,3.7454283237457275
4474,251.3811798095703
4475,3.717616558074951
4476,135.58644104003906
4477,6.034996032714844
4478,4.7047600746154785
4479,134.0391082763672
4480,261.86663818359375
4481,4.151642174764264
4482,234.25439453125
4483,90.81489562988281
4484,254.9114532470703
4485,219.41717529296875
4486,2.14007830619812
4487,165.07598876953125
4488,70.49662780761719
4489,-34.23417663574219
4490,111.15769958496094
4491,4.952528476715088
4492,265.1130676269531
4493,297.04736328125
4494,17.576004028320312
4495,2.8973469734191895
4496,47.74919128417969
4497,6.431922912597656
4498,213.18505859375
4499,306.7101745605469
4500,159.7117462158203
4501,5.34720516204834
4502,5.817328453063965
4503,159.91946411132812
4504,96.96806335449219
4505,75.58409881591797
4506,2.5833849906921387
4507,-21.962905883789062
4508,160.4342041015625
4509,92.0348892211914
4510,2.270015887022562
4511,197.95225524902344
4512,84.44285583496094
4513,138.16879272460938
4514,4.36550235748291
4515,3.006056308746338
4516,2.5295398235321045
4517,5.3890299797058105
4518,65.21302795410156
4519,113.03498077392578
4520,62.80351257324219
4521,3.204479455947876
4522,64.22427368164062
4523,6.461692810058594
4524,214.93045043945312
4525,-0.1608428955078125
4526,2.2323672367980576
4527,116.40457153320312
4528,122.96043395996094
4529,121.03834533691406
4530,83.38311767578125
4531,3.7222490310668945
4532,4.498771747640523
4533,6.024259090423584
4534,59.229698181152344
4535,6.195252418518066
4536,0.6253433227539062
4537,1.9141594675324105
4538,6.001051425933838
4539,296.583984375
4540,245.38986206054688
4541,3.785580635070801
4542,2.690356492996216
4543,209.8627471923828
4544,-23.62152099609375
4545,5.232755184173584
4546,67.11524200439453
4547,5.639711380004883
4548,218.22421264648438
4549,3.6290152072906494
4550,211.89593505859375
4551,31.834060668945312
4552,140.4872283935547
4553,137.54734802246094
4554,5.539518356323242
4555,255.68582153320312
4556,227.9627227783203
4557,4.523131370544434
4558,4.539078235626221
4559,71.04545593261719
4560,7.931282043457031
4561,5.232755184173584
4562,190.38604736328125
4563,-48.85768127441406
4564,269.7746276855469
4565,50.221107482910156
4566,235.29867553710938
4567,320.77777099609375
4568,183.42372131347656
4569,4.875808238983154
4570,152.20375061035156
4571,243.4276580810547
4572,4.6307148933410645
4573,3.8773679733276367
4574,1.6619555950164795
4575,5.899304389953613
4576,192.18911743164062
4577,229.48336791992188
4578,81.87149047851562
4579,-37.409881591796875
4580,0.36203134059906006
4581,300.36376953125
4582,75.67306518554688
4583,3.0462634563446045
4584,272.27117919921875
4585,54.80131530761719
4586,6.1551194190979
4587,3.906464099884033
4588,1.385030746459961
4589,2.8202388286590576
4590,3.1976966857910156
4591,75.26210021972656
4592,4.915924549102783
4593,133.5059356689453
4594,19.14642333984375
4595,2.9534752368927
4596,51.07483673095703
4597,152.79583740234375
4598,4.977585068652452
4599,1.0306243896484375
4600,110.41221618652344
4601,7.003354072570801
4602,5.176989555358887
4603,5.0681317668749335
4604,117.643310546875
4605,2.6235578060150146
4606,110.28954315185547
4607,83.76022338867188
4608,3.5580785274505615
4609,205.6510009765625
4610,84.28805541992188
4611,116.39876556396484
4612,5.230616092681885
4613,-46.87562561035156
4614,91.31758117675781
4615,-35.010345458984375
4616,4.834371566772461
4617,5.342531204223633
4618,3.6659131050109863
4619,6.125014305114746
4620,6.300471305847168
4621,106.30537414550781
4622,3.7290377616882324
4623,6.125072479248047
4624,3.095707893371582
4625,86.84647369384766
4626,46.204986572265625
4627,5.2897186279296875
4628,4.825387954711914
4629,95.67867279052734
4630,5.736731052398682
4631,27.684120178222656
4632,5.964008331298828
4633,242.04576110839844
4634,5.878355026245117
4635,5.734470367431641
4636,113.7449951171875
4637,6.605738639831543
4638,343.4904479980469
4639,273.89630126953125
4640,2.184707279350955
4641,213.8013916015625
4642,141.03414916992188
4643,103.5146255493164
4644,52.05718994140625
4645,6.360389709472656
4646,83.1136474609375
4647,76.10830688476562
4648,188.04251098632812
4649,103.05684661865234
4650,165.2527313232422
4651,59.20506286621094
4652,4.114709377288818
4653,235.05606079101562
4654,43.030799865722656
4655,5.1313276290893555
4656,2.8627238273620605
4657,2.767069101333618
4658,6.162091255187988
4659,111.87045288085938
4660,4.053981781005859
4661,2.2849133014678955
4662,3.9590306282043457
4663,159.83775329589844
4664,5.874096870422363
4665,172.26316833496094
4666,234.768310546875
4667,1.8426099162160088
4668,96.7938232421875
4669,283.09967041015625
4670,51.19242858886719
4671,2.0967087844283165
4672,0.31505727767944336
4673,87.86518096923828
4674,202.7977752685547
4675,1.8153949394581952
4676,168.0991668701172
4677,78.38933563232422
4678,5.748847007751465
4679,-52.63359069824219
4680,4.688557901154061
4681,1.5359368324279785
4682,150.19790649414062
4683,162.39498901367188
4684,141.2831268310547
4685,250.63006591796875
4686,4.727862358093262
4687,229.07070922851562
4688,288.209716796875
4689,104.98766326904297
4690,5.393200874328613
4691,6.195685863494873
4692,5.232227802276611
4693,153.322265625
4694,4.784058732809836
4695,302.9412841796875
4696,4.724092483520508
4697,2.36539363861084
4698,4.645584583282471
4699,2.8331727981567383
4700,133.59104919433594
4701,5.1639485359191895
4702,1.9739924551748695
4703,3.4583864212036133
4704,4.87309455871582
4705,265.388671875
4706,3.5960891246795654
4707,5.027642250061035
4708,3.0158681869506836
4709,107.19175720214844
4710,196.2374725341797
4711,6.149651527404785
4712,214.15667724609375
4713,3.9108469486236572
4714,5.567788600921631
4715,141.00653076171875
4716,39.07624053955078
4717,7.760164260864258
4718,5.424657821655273
4719,185.348388671875
4720,153.8170623779297
4721,6.140977382659912
4722,4.0706734849781485
4723,5.348291397094727
4724,88.27885437011719
4725,160.0596923828125
4726,3.4277052879333496
4727,295.52630615234375
4728,229.22674560546875
4729,4.302295531329087
4730,217.78773498535156
4731,59.532752990722656
4732,-30.911956787109375
4733,5.626657962799072
4734,5.385740756988525
4735,5.647922515869141
4736,4.1267852783203125
4737,97.25527954101562
4738,33.35205078125
4739,140.8439483642578
4740,262.26312255859375
4741,6.230139255523682
4742,30.610694885253906
4743,5.281857013702393
4744,201.62477111816406
4745,63.79199981689453
4746,4.617783546447754
4747,2.699624538421631
4748,3.290780544281006
4749,5.7366437911987305
4750,5.605255603790283
4751,3.935276508331299
4752,78.30216217041016
4753,156.5961151123047
4754,101.18875885009766
4755,4.240021877862208
4756,1.9155434784282206
4757,5.303030490875244
4758,82.46189880371094
4759,96.93971252441406
4760,3.391936779022217
4761,2.175673007965088
4762,199.72509765625
4763,70.36894989013672
4764,3.09407901763916
4765,228.26470947265625
4766,69.32430267333984
4767,92.43449401855469
4768,60.98223114013672
4769,-31.860977172851562
4770,60.56324005126953
4771,39.88457489013672
4772,3.764540910720825
4773,4.105957984924316
4774,172.6077880859375
4775,2.436296224594116
4776,2.094703197479248
4777,123.73479461669922
4778,5.182249546051025
4779,3.3427886962890625
4780,2.643104314804077
4781,95.42713928222656
4782,4.832287788391113
4783,4.130095156117385
4784,2.489798069000244
4785,92.07572937011719
4786,50.93707275390625
4787,6.246665954589844
4788,3.730189323425293
4789,3.3496179580688477
4790,193.10545349121094
4791,204.87081909179688
4792,4.816844463348389
4793,181.53897094726562
4794,36.76720428466797
4795,235.5093994140625
4796,3.13566255569458
4797,162.773193359375
4798,5.950094223022461
4799,4.261966323177711
4800,262.10845947265625
4801,3.189230442047119
4802,4.859224319458008
4803,315.45318603515625
4804,1.8423044681549072
4805,256.4421081542969
4806,4.4817280769348145
4807,2.299258232116699
4808,57.6070556640625
4809,102.7877426147461
4810,1.570523952763878
4811,2.000770514556586
4812,5.128330230712891
4813,186.02175903320312
4814,218.62229919433594
4815,2.32548189163208
4816,2.648700714111328
4817,6.214931011199951
4818,1.7343540453356228
4819,95.52294921875
4820,2.5088274478912354
4821,230.2484588623047
4822,134.64987182617188
4823,5.061278343200684
4824,3.233914852142334
4825,198.31158447265625
4826,3.5196661949157715
4827,5.936195373535156
4828,200.20521545410156
4829,128.39138793945312
4830,159.8865203857422
4831,168.98382568359375
4832,6.811024188995361
4833,3.6000651903703003
4834,141.9678955078125
4835,4.303853324565107
4836,5.898019790649414
4837,209.73101806640625
4838,17.2916259765625
4839,258.07568359375
4840,3.5023515224456787
4841,195.32235717773438
4842,26.986839294433594
4843,2.6838274002075195
4844,4.526597499847412
4845,4.534456729888916
4846,6.944858551025391
4847,3.0432581901550293
4848,2.713496208190918
4849,4.268612861633301
4850,6.751847267150879
4851,6.004316329956055
4852,125.7631607055664
4853,255.1043243408203
4854,2.1908695697784424
4855,2.9385688304901123
4856,155.04641723632812
4857,191.00494384765625
4858,262.76055908203125
4859,117.9924545288086
4860,241.55288696289062
4861,-2.0516357421875
4862,130.30934143066406
4863,7.082679271697998
4864,6.017826080322266
4865,1.8811166897175946
4866,1.773970603942871
4867,3.467806816101074
4868,93.56497192382812
4869,0.6306362152099609
4870,89.4419174194336
4871,6.164188861846924
4872,2.2599774272780255
4873,281.67388916015625
4874,26.85631561279297
4875,2.100106716156006
4876,162.2242889404297
4877,6.387010097503662
4878,118.49567413330078
4879,-7.2132110595703125
4880,6.177004337310791
4881,5.776023864746094
4882,17.230484008789062
4883,1.771274130478089
4884,-2.383148193359375
4885,-29.599746704101562
4886,270.6997985839844
4887,4.8455281257629395
4888,251.31832885742188
4889,70.9289321899414
4890,238.2399444580078
4891,133.27598571777344
4892,2.3243889808654785
4893,5.652117729187012
4894,178.18191528320312
4895,6.262399196624756
4896,5.998292922973633
4897,6.34135103225708
4898,33.217369079589844
4899,182.24234008789062
4900,3.5789873600006104
4901,227.54566955566406
4902,4.5302605313057995
4903,148.73361206054688
4904,310.1898498535156
4905,99.71121978759766
4906,191.39764404296875
4907,207.0183868408203
4908,4.738053798675537
4909,85.7843246459961
4910,221.06613159179688
4911,109.00121307373047
4912,5.398876190185547
4913,196.35939025878906
4914,78.64779663085938
4915,4.6435418128967285
4916,3.834376096725464
4917,6.325745582580566
4918,3.9442574977874756
4919,-14.791473388671875
4920,2.05426755445926
4921,-58.27197265625
4922,186.8302459716797
4923,175.25897216796875
4924,5.642724990844727
4925,2.569055379895622
4926,1.8561334609985352
4927,5.223865985870361
4928,4.175325870513916
4929,108.54810333251953
4930,103.75808715820312
4931,32.85773468017578
4932,5.743880748748779
4933,218.7126007080078
4934,-49.833282470703125
4935,70.33798217773438
4936,308.071533203125
4937,8.21844482421875
4938,78.19335174560547
4939,58.798133850097656
4940,3.2685985565185547
