id,target
1,4.528997633136094
2,4.528997633136094
3,143.4589017620082
4,143.4589017620082
5,4.528997633136094
6,4.528997633136094
7,4.528997633136094
8,143.4589017620082
9,143.4589017620082
10,143.4589017620082
11,143.4589017620082
12,143.4589017620082
13,143.4589017620082
14,143.4589017620082
15,4.276281008902076
16,143.4589017620082
17,4.276281008902076
18,143.4589017620082
19,4.576550218340612
20,6.3462990990991
21,143.4589017620082
22,143.4589017620082
23,4.528997633136094
24,4.528997633136094
25,143.4589017620082
26,143.4589017620082
27,2.2781380090497736
28,143.4589017620082
29,143.4589017620082
30,4.528997633136094
31,4.528997633136094
32,143.4589017620082
33,143.4589017620082
34,4.528997633136094
35,2.2781380090497736
36,4.528997633136094
37,143.4589017620082
38,143.4589017620082
39,143.4589017620082
40,143.4589017620082
41,143.4589017620082
42,4.528997633136094
43,4.528997633136094
44,4.528997633136094
45,143.4589017620082
46,143.4589017620082
47,4.528997633136094
48,143.4589017620082
49,4.528997633136094
50,1.933959825327511
51,143.4589017620082
52,4.528997633136094
53,4.528997633136094
54,143.4589017620082
55,4.528997633136094
56,4.276281008902076
57,4.528997633136094
58,143.4589017620082
59,143.4589017620082
60,4.528997633136094
61,1.933959825327511
62,143.4589017620082
63,4.528997633136094
64,4.528997633136094
65,4.528997633136094
66,4.528997633136094
67,6.3462990990991
68,143.4589017620082
69,143.4589017620082
70,4.276281008902076
71,4.528997633136094
72,4.528997633136094
73,143.4589017620082
74,143.4589017620082
75,143.4589017620082
76,4.528997633136094
77,4.528997633136094
78,143.4589017620082
79,143.4589017620082
80,4.528997633136094
81,143.4589017620082
82,4.528997633136094
83,143.4589017620082
84,143.4589017620082
85,143.4589017620082
86,1.933959825327511
87,143.4589017620082
88,143.4589017620082
89,4.528997633136094
90,4.528997633136094
91,143.4589017620082
92,143.4589017620082
93,143.4589017620082
94,4.528997633136094
95,2.2781380090497736
96,4.528997633136094
97,6.3462990990991
98,143.4589017620082
99,143.4589017620082
100,143.4589017620082
101,4.276281008902076
102,143.4589017620082
103,4.276281008902076
104,4.528997633136094
105,143.4589017620082
106,143.4589017620082
107,143.4589017620082
108,2.2781380090497736
109,143.4589017620082
110,4.528997633136094
111,143.4589017620082
112,1.933959825327511
113,143.4589017620082
114,4.528997633136094
115,4.528997633136094
116,143.4589017620082
117,143.4589017620082
118,143.4589017620082
119,143.4589017620082
120,143.4589017620082
121,143.4589017620082
122,4.528997633136094
123,143.4589017620082
124,143.4589017620082
125,143.4589017620082
126,4.528997633136094
127,143.4589017620082
128,4.276281008902076
129,143.4589017620082
130,143.4589017620082
131,143.4589017620082
132,143.4589017620082
133,143.4589017620082
134,143.4589017620082
135,4.276281008902076
136,4.528997633136094
137,143.4589017620082
138,4.528997633136094
139,143.4589017620082
140,143.4589017620082
141,143.4589017620082
142,143.4589017620082
143,143.4589017620082
144,143.4589017620082
145,6.3462990990991
146,143.4589017620082
147,143.4589017620082
148,4.528997633136094
149,143.4589017620082
150,143.4589017620082
151,143.4589017620082
152,143.4589017620082
153,143.4589017620082
154,143.4589017620082
155,4.576550218340612
156,143.4589017620082
157,143.4589017620082
158,143.4589017620082
159,143.4589017620082
160,4.528997633136094
161,143.4589017620082
162,4.528997633136094
163,143.4589017620082
164,4.528997633136094
165,143.4589017620082
166,143.4589017620082
167,143.4589017620082
168,4.528997633136094
169,4.276281008902076
170,143.4589017620082
171,4.528997633136094
172,4.528997633136094
173,143.4589017620082
174,4.528997633136094
175,4.528997633136094
176,143.4589017620082
177,143.4589017620082
178,143.4589017620082
179,143.4589017620082
180,143.4589017620082
181,4.576550218340612
182,4.528997633136094
183,143.4589017620082
184,4.528997633136094
185,1.933959825327511
186,4.528997633136094
187,2.2781380090497736
188,4.528997633136094
189,143.4589017620082
190,4.528997633136094
191,2.2781380090497736
192,143.4589017620082
193,4.528997633136094
194,143.4589017620082
195,143.4589017620082
196,143.4589017620082
197,143.4589017620082
198,143.4589017620082
199,143.4589017620082
200,4.276281008902076
201,4.528997633136094
202,143.4589017620082
203,143.4589017620082
204,4.528997633136094
205,143.4589017620082
206,143.4589017620082
207,143.4589017620082
208,143.4589017620082
209,143.4589017620082
210,143.4589017620082
211,143.4589017620082
212,143.4589017620082
213,143.4589017620082
214,143.4589017620082
215,143.4589017620082
216,143.4589017620082
217,143.4589017620082
218,143.4589017620082
219,143.4589017620082
220,4.576550218340612
221,143.4589017620082
222,143.4589017620082
223,4.528997633136094
224,143.4589017620082
225,143.4589017620082
226,143.4589017620082
227,143.4589017620082
228,143.4589017620082
229,143.4589017620082
230,4.528997633136094
231,143.4589017620082
232,143.4589017620082
233,143.4589017620082
234,143.4589017620082
235,143.4589017620082
236,4.528997633136094
237,4.276281008902076
238,143.4589017620082
239,4.528997633136094
240,143.4589017620082
241,143.4589017620082
242,143.4589017620082
243,4.528997633136094
244,4.528997633136094
245,143.4589017620082
246,143.4589017620082
247,143.4589017620082
248,4.276281008902076
249,4.528997633136094
250,143.4589017620082
251,143.4589017620082
252,143.4589017620082
253,6.3462990990991
254,143.4589017620082
255,143.4589017620082
256,4.276281008902076
257,1.933959825327511
258,143.4589017620082
259,143.4589017620082
260,2.2781380090497736
261,4.528997633136094
262,4.528997633136094
263,143.4589017620082
264,4.576550218340612
265,4.528997633136094
266,4.528997633136094
267,4.276281008902076
268,2.2781380090497736
269,143.4589017620082
270,4.276281008902076
271,143.4589017620082
272,143.4589017620082
273,4.528997633136094
274,4.528997633136094
275,143.4589017620082
276,143.4589017620082
277,143.4589017620082
278,143.4589017620082
279,4.528997633136094
280,143.4589017620082
281,4.528997633136094
282,143.4589017620082
283,143.4589017620082
284,143.4589017620082
285,143.4589017620082
286,143.4589017620082
287,143.4589017620082
288,4.528997633136094
289,143.4589017620082
290,4.528997633136094
291,143.4589017620082
292,4.528997633136094
293,143.4589017620082
294,143.4589017620082
295,4.528997633136094
296,143.4589017620082
297,143.4589017620082
298,143.4589017620082
299,143.4589017620082
300,4.528997633136094
301,4.528997633136094
302,6.3462990990991
303,4.528997633136094
304,4.576550218340612
305,4.528997633136094
306,143.4589017620082
307,4.276281008902076
308,4.528997633136094
309,143.4589017620082
310,4.276281008902076
311,2.2781380090497736
312,4.528997633136094
313,143.4589017620082
314,4.576550218340612
315,4.528997633136094
316,4.528997633136094
317,4.528997633136094
318,4.576550218340612
319,143.4589017620082
320,1.933959825327511
321,6.3462990990991
322,4.528997633136094
323,1.933959825327511
324,2.2781380090497736
325,4.528997633136094
326,4.528997633136094
327,143.4589017620082
328,4.528997633136094
329,143.4589017620082
330,143.4589017620082
331,143.4589017620082
332,4.528997633136094
333,4.528997633136094
334,4.528997633136094
335,143.4589017620082
336,4.276281008902076
337,1.933959825327511
338,143.4589017620082
339,143.4589017620082
340,143.4589017620082
341,143.4589017620082
342,143.4589017620082
343,4.576550218340612
344,4.528997633136094
345,143.4589017620082
346,4.528997633136094
347,4.576550218340612
348,143.4589017620082
349,143.4589017620082
350,143.4589017620082
351,143.4589017620082
352,143.4589017620082
353,2.2781380090497736
354,4.528997633136094
355,143.4589017620082
356,143.4589017620082
357,4.528997633136094
358,143.4589017620082
359,4.528997633136094
360,143.4589017620082
361,4.528997633136094
362,4.276281008902076
363,143.4589017620082
364,4.528997633136094
365,4.528997633136094
366,143.4589017620082
367,4.528997633136094
368,143.4589017620082
369,4.276281008902076
370,143.4589017620082
371,143.4589017620082
372,143.4589017620082
373,143.4589017620082
374,143.4589017620082
375,143.4589017620082
376,4.528997633136094
377,4.528997633136094
378,4.276281008902076
379,4.528997633136094
380,2.2781380090497736
381,4.528997633136094
382,4.276281008902076
383,143.4589017620082
384,1.933959825327511
385,4.276281008902076
386,143.4589017620082
387,4.528997633136094
388,4.528997633136094
389,143.4589017620082
390,4.576550218340612
391,143.4589017620082
392,4.528997633136094
393,4.576550218340612
394,143.4589017620082
395,143.4589017620082
396,4.528997633136094
397,1.933959825327511
398,4.528997633136094
399,143.4589017620082
400,143.4589017620082
401,1.933959825327511
402,6.3462990990991
403,4.576550218340612
404,4.528997633136094
405,143.4589017620082
406,6.3462990990991
407,143.4589017620082
408,4.528997633136094
409,4.276281008902076
410,4.528997633136094
411,4.528997633136094
412,143.4589017620082
413,143.4589017620082
414,4.528997633136094
415,143.4589017620082
416,4.576550218340612
417,4.528997633136094
418,4.276281008902076
419,4.528997633136094
420,4.528997633136094
421,143.4589017620082
422,143.4589017620082
423,143.4589017620082
424,143.4589017620082
425,4.528997633136094
426,143.4589017620082
427,4.276281008902076
428,143.4589017620082
429,4.528997633136094
430,4.528997633136094
431,143.4589017620082
432,143.4589017620082
433,143.4589017620082
434,6.3462990990991
435,143.4589017620082
436,143.4589017620082
437,143.4589017620082
438,143.4589017620082
439,4.528997633136094
440,143.4589017620082
441,143.4589017620082
442,143.4589017620082
443,143.4589017620082
444,6.3462990990991
445,6.3462990990991
446,143.4589017620082
447,2.2781380090497736
448,4.528997633136094
449,143.4589017620082
450,143.4589017620082
451,143.4589017620082
452,143.4589017620082
453,1.933959825327511
454,4.276281008902076
455,143.4589017620082
456,4.528997633136094
457,4.528997633136094
458,143.4589017620082
459,143.4589017620082
460,143.4589017620082
461,143.4589017620082
462,4.276281008902076
463,143.4589017620082
464,4.528997633136094
465,143.4589017620082
466,143.4589017620082
467,4.276281008902076
468,4.528997633136094
469,143.4589017620082
470,143.4589017620082
471,1.933959825327511
472,1.933959825327511
473,143.4589017620082
474,4.528997633136094
475,143.4589017620082
476,4.528997633136094
477,4.528997633136094
478,4.528997633136094
479,143.4589017620082
480,4.528997633136094
481,4.528997633136094
482,143.4589017620082
483,1.933959825327511
484,143.4589017620082
485,143.4589017620082
486,4.576550218340612
487,4.528997633136094
488,143.4589017620082
489,4.528997633136094
490,4.528997633136094
491,4.276281008902076
492,4.528997633136094
493,4.528997633136094
494,143.4589017620082
495,4.528997633136094
496,143.4589017620082
497,4.528997633136094
498,4.528997633136094
499,4.576550218340612
500,143.4589017620082
501,4.528997633136094
502,143.4589017620082
503,143.4589017620082
504,143.4589017620082
505,2.2781380090497736
506,4.528997633136094
507,143.4589017620082
508,143.4589017620082
509,143.4589017620082
510,4.528997633136094
511,143.4589017620082
512,143.4589017620082
513,143.4589017620082
514,143.4589017620082
515,143.4589017620082
516,143.4589017620082
517,143.4589017620082
518,4.528997633136094
519,143.4589017620082
520,143.4589017620082
521,2.2781380090497736
522,4.576550218340612
523,143.4589017620082
524,4.528997633136094
525,143.4589017620082
526,4.528997633136094
527,6.3462990990991
528,4.528997633136094
529,6.3462990990991
530,143.4589017620082
531,143.4589017620082
532,4.528997633136094
533,143.4589017620082
534,4.576550218340612
535,6.3462990990991
536,4.528997633136094
537,4.276281008902076
538,4.528997633136094
539,143.4589017620082
540,143.4589017620082
541,143.4589017620082
542,143.4589017620082
543,143.4589017620082
544,6.3462990990991
545,4.528997633136094
546,4.528997633136094
547,1.933959825327511
548,143.4589017620082
549,4.528997633136094
550,143.4589017620082
551,4.528997633136094
552,143.4589017620082
553,4.528997633136094
554,143.4589017620082
555,143.4589017620082
556,143.4589017620082
557,143.4589017620082
558,4.528997633136094
559,4.276281008902076
560,143.4589017620082
561,143.4589017620082
562,143.4589017620082
563,4.528997633136094
564,143.4589017620082
565,143.4589017620082
566,4.528997633136094
567,143.4589017620082
568,143.4589017620082
569,143.4589017620082
570,4.528997633136094
571,143.4589017620082
572,2.2781380090497736
573,143.4589017620082
574,143.4589017620082
575,4.528997633136094
576,1.933959825327511
577,4.528997633136094
578,143.4589017620082
579,143.4589017620082
580,143.4589017620082
581,143.4589017620082
582,143.4589017620082
583,4.528997633136094
584,4.528997633136094
585,143.4589017620082
586,4.528997633136094
587,143.4589017620082
588,4.528997633136094
589,143.4589017620082
590,143.4589017620082
591,143.4589017620082
592,6.3462990990991
593,143.4589017620082
594,143.4589017620082
595,143.4589017620082
596,6.3462990990991
597,143.4589017620082
598,4.276281008902076
599,143.4589017620082
600,143.4589017620082
601,143.4589017620082
602,143.4589017620082
603,1.933959825327511
604,143.4589017620082
605,4.528997633136094
606,4.528997633136094
607,4.528997633136094
608,143.4589017620082
609,143.4589017620082
610,143.4589017620082
611,143.4589017620082
612,143.4589017620082
613,143.4589017620082
614,143.4589017620082
615,1.933959825327511
616,143.4589017620082
617,143.4589017620082
618,143.4589017620082
619,4.528997633136094
620,4.528997633136094
621,143.4589017620082
622,143.4589017620082
623,143.4589017620082
624,143.4589017620082
625,1.933959825327511
626,2.2781380090497736
627,143.4589017620082
628,4.528997633136094
629,143.4589017620082
630,4.528997633136094
631,2.2781380090497736
632,143.4589017620082
633,143.4589017620082
634,143.4589017620082
635,4.528997633136094
636,143.4589017620082
637,143.4589017620082
638,6.3462990990991
639,143.4589017620082
640,143.4589017620082
641,4.528997633136094
642,4.528997633136094
643,143.4589017620082
644,4.528997633136094
645,143.4589017620082
646,143.4589017620082
647,143.4589017620082
648,143.4589017620082
649,143.4589017620082
650,143.4589017620082
651,143.4589017620082
652,143.4589017620082
653,4.528997633136094
654,143.4589017620082
655,143.4589017620082
656,143.4589017620082
657,143.4589017620082
658,143.4589017620082
659,1.933959825327511
660,143.4589017620082
661,2.2781380090497736
662,143.4589017620082
663,4.576550218340612
664,143.4589017620082
665,143.4589017620082
666,143.4589017620082
667,143.4589017620082
668,143.4589017620082
669,143.4589017620082
670,143.4589017620082
671,143.4589017620082
672,143.4589017620082
673,4.276281008902076
674,4.528997633136094
675,4.528997633136094
676,6.3462990990991
677,143.4589017620082
678,143.4589017620082
679,4.528997633136094
680,4.528997633136094
681,1.933959825327511
682,143.4589017620082
683,4.276281008902076
684,143.4589017620082
685,143.4589017620082
686,4.528997633136094
687,143.4589017620082
688,143.4589017620082
689,143.4589017620082
690,143.4589017620082
691,2.2781380090497736
692,143.4589017620082
693,4.276281008902076
694,4.576550218340612
695,143.4589017620082
696,143.4589017620082
697,2.2781380090497736
698,143.4589017620082
699,4.528997633136094
700,143.4589017620082
701,4.528997633136094
702,4.528997633136094
703,143.4589017620082
704,143.4589017620082
705,143.4589017620082
706,143.4589017620082
707,143.4589017620082
708,143.4589017620082
709,143.4589017620082
710,143.4589017620082
711,143.4589017620082
712,6.3462990990991
713,143.4589017620082
714,4.528997633136094
715,143.4589017620082
716,4.528997633136094
717,143.4589017620082
718,143.4589017620082
719,143.4589017620082
720,4.528997633136094
721,143.4589017620082
722,4.276281008902076
723,4.276281008902076
724,4.528997633136094
725,4.276281008902076
726,143.4589017620082
727,143.4589017620082
728,143.4589017620082
729,143.4589017620082
730,143.4589017620082
731,143.4589017620082
732,4.528997633136094
733,4.528997633136094
734,143.4589017620082
735,143.4589017620082
736,143.4589017620082
737,143.4589017620082
738,143.4589017620082
739,143.4589017620082
740,143.4589017620082
741,143.4589017620082
742,143.4589017620082
743,143.4589017620082
744,4.276281008902076
745,143.4589017620082
746,143.4589017620082
747,4.528997633136094
748,143.4589017620082
749,143.4589017620082
750,143.4589017620082
751,143.4589017620082
752,143.4589017620082
753,2.2781380090497736
754,143.4589017620082
755,4.528997633136094
756,4.528997633136094
757,143.4589017620082
758,2.2781380090497736
759,143.4589017620082
760,143.4589017620082
761,143.4589017620082
762,4.528997633136094
763,1.933959825327511
764,143.4589017620082
765,4.528997633136094
766,143.4589017620082
767,4.276281008902076
768,4.528997633136094
769,4.528997633136094
770,4.276281008902076
771,143.4589017620082
772,143.4589017620082
773,143.4589017620082
774,143.4589017620082
775,143.4589017620082
776,4.576550218340612
777,143.4589017620082
778,143.4589017620082
779,143.4589017620082
780,143.4589017620082
781,143.4589017620082
782,4.528997633136094
783,143.4589017620082
784,4.528997633136094
785,143.4589017620082
786,143.4589017620082
787,4.528997633136094
788,1.933959825327511
789,143.4589017620082
790,143.4589017620082
791,143.4589017620082
792,143.4589017620082
793,143.4589017620082
794,143.4589017620082
795,143.4589017620082
796,143.4589017620082
797,4.528997633136094
798,143.4589017620082
799,4.528997633136094
800,4.528997633136094
801,143.4589017620082
802,143.4589017620082
803,143.4589017620082
804,4.528997633136094
805,4.276281008902076
806,143.4589017620082
807,4.528997633136094
808,143.4589017620082
809,1.933959825327511
810,143.4589017620082
811,143.4589017620082
812,143.4589017620082
813,143.4589017620082
814,4.528997633136094
815,6.3462990990991
816,4.276281008902076
817,4.528997633136094
818,143.4589017620082
819,4.528997633136094
820,143.4589017620082
821,4.528997633136094
822,1.933959825327511
823,143.4589017620082
824,143.4589017620082
825,4.276281008902076
826,143.4589017620082
827,4.576550218340612
828,4.276281008902076
829,143.4589017620082
830,143.4589017620082
831,143.4589017620082
832,4.528997633136094
833,143.4589017620082
834,143.4589017620082
835,143.4589017620082
836,4.528997633136094
837,143.4589017620082
838,143.4589017620082
839,4.528997633136094
840,143.4589017620082
841,143.4589017620082
842,143.4589017620082
843,4.276281008902076
844,4.528997633136094
845,4.528997633136094
846,6.3462990990991
847,4.528997633136094
848,143.4589017620082
849,4.276281008902076
850,143.4589017620082
851,143.4589017620082
852,143.4589017620082
853,143.4589017620082
854,143.4589017620082
855,4.528997633136094
856,143.4589017620082
857,143.4589017620082
858,143.4589017620082
859,143.4589017620082
860,1.933959825327511
861,4.528997633136094
862,4.528997633136094
863,143.4589017620082
864,143.4589017620082
865,143.4589017620082
866,143.4589017620082
867,4.528997633136094
868,143.4589017620082
869,143.4589017620082
870,143.4589017620082
871,143.4589017620082
872,143.4589017620082
873,4.528997633136094
874,143.4589017620082
875,4.528997633136094
876,143.4589017620082
877,143.4589017620082
878,143.4589017620082
879,4.576550218340612
880,4.528997633136094
881,143.4589017620082
882,6.3462990990991
883,143.4589017620082
884,4.528997633136094
885,143.4589017620082
886,143.4589017620082
887,4.528997633136094
888,1.933959825327511
889,143.4589017620082
890,4.528997633136094
891,4.528997633136094
892,143.4589017620082
893,4.276281008902076
894,143.4589017620082
895,4.528997633136094
896,143.4589017620082
897,2.2781380090497736
898,143.4589017620082
899,143.4589017620082
900,143.4589017620082
901,4.276281008902076
902,143.4589017620082
903,4.528997633136094
904,143.4589017620082
905,1.933959825327511
906,2.2781380090497736
907,143.4589017620082
908,143.4589017620082
909,143.4589017620082
910,1.933959825327511
911,4.528997633136094
912,143.4589017620082
913,143.4589017620082
914,143.4589017620082
915,143.4589017620082
916,143.4589017620082
917,143.4589017620082
918,4.528997633136094
919,4.528997633136094
920,143.4589017620082
921,143.4589017620082
922,143.4589017620082
923,4.528997633136094
924,143.4589017620082
925,143.4589017620082
926,143.4589017620082
927,143.4589017620082
928,4.528997633136094
929,143.4589017620082
930,143.4589017620082
931,143.4589017620082
932,143.4589017620082
933,6.3462990990991
934,1.933959825327511
935,143.4589017620082
936,143.4589017620082
937,4.276281008902076
938,4.276281008902076
939,143.4589017620082
940,2.2781380090497736
941,6.3462990990991
942,6.3462990990991
943,143.4589017620082
944,4.528997633136094
945,1.933959825327511
946,143.4589017620082
947,143.4589017620082
948,143.4589017620082
949,143.4589017620082
950,143.4589017620082
951,143.4589017620082
952,143.4589017620082
953,4.276281008902076
954,143.4589017620082
955,143.4589017620082
956,143.4589017620082
957,4.276281008902076
958,4.528997633136094
959,143.4589017620082
960,143.4589017620082
961,143.4589017620082
962,4.528997633136094
963,4.528997633136094
964,4.528997633136094
965,4.576550218340612
966,4.528997633136094
967,143.4589017620082
968,143.4589017620082
969,143.4589017620082
970,6.3462990990991
971,143.4589017620082
972,4.528997633136094
973,143.4589017620082
974,4.528997633136094
975,4.276281008902076
976,4.528997633136094
977,143.4589017620082
978,143.4589017620082
979,4.528997633136094
980,2.2781380090497736
981,143.4589017620082
982,143.4589017620082
983,143.4589017620082
984,143.4589017620082
985,143.4589017620082
986,143.4589017620082
987,2.2781380090497736
988,143.4589017620082
989,143.4589017620082
990,143.4589017620082
991,4.576550218340612
992,143.4589017620082
993,143.4589017620082
994,4.528997633136094
995,143.4589017620082
996,143.4589017620082
997,1.933959825327511
998,143.4589017620082
999,143.4589017620082
1000,143.4589017620082
1001,143.4589017620082
1002,143.4589017620082
1003,4.528997633136094
1004,2.2781380090497736
1005,2.2781380090497736
1006,4.576550218340612
1007,143.4589017620082
1008,1.933959825327511
1009,4.528997633136094
1010,143.4589017620082
1011,143.4589017620082
1012,143.4589017620082
1013,143.4589017620082
1014,143.4589017620082
1015,143.4589017620082
1016,4.528997633136094
1017,4.528997633136094
1018,4.276281008902076
1019,6.3462990990991
1020,4.528997633136094
1021,143.4589017620082
1022,143.4589017620082
1023,143.4589017620082
1024,143.4589017620082
1025,4.528997633136094
1026,4.528997633136094
1027,4.528997633136094
1028,143.4589017620082
1029,2.2781380090497736
1030,143.4589017620082
1031,143.4589017620082
1032,4.528997633136094
1033,4.528997633136094
1034,143.4589017620082
1035,2.2781380090497736
1036,143.4589017620082
1037,4.528997633136094
1038,143.4589017620082
1039,4.576550218340612
1040,143.4589017620082
1041,4.528997633136094
1042,4.528997633136094
1043,4.528997633136094
1044,143.4589017620082
1045,143.4589017620082
1046,143.4589017620082
1047,143.4589017620082
1048,1.933959825327511
1049,4.528997633136094
1050,4.576550218340612
1051,143.4589017620082
1052,143.4589017620082
1053,143.4589017620082
1054,4.528997633136094
1055,143.4589017620082
1056,143.4589017620082
1057,4.528997633136094
1058,4.528997633136094
1059,4.528997633136094
1060,143.4589017620082
1061,4.528997633136094
1062,4.528997633136094
1063,143.4589017620082
1064,143.4589017620082
1065,143.4589017620082
1066,143.4589017620082
1067,143.4589017620082
1068,4.576550218340612
1069,4.528997633136094
1070,143.4589017620082
1071,143.4589017620082
1072,4.276281008902076
1073,4.528997633136094
1074,4.528997633136094
1075,4.528997633136094
1076,143.4589017620082
1077,4.528997633136094
1078,143.4589017620082
1079,4.528997633136094
1080,4.276281008902076
1081,4.528997633136094
1082,4.528997633136094
1083,4.276281008902076
1084,4.528997633136094
1085,143.4589017620082
1086,143.4589017620082
1087,143.4589017620082
1088,143.4589017620082
1089,6.3462990990991
1090,143.4589017620082
1091,143.4589017620082
1092,4.528997633136094
1093,4.528997633136094
1094,4.528997633136094
1095,4.528997633136094
1096,4.276281008902076
1097,4.528997633136094
1098,143.4589017620082
1099,143.4589017620082
1100,4.576550218340612
1101,4.276281008902076
1102,4.528997633136094
1103,143.4589017620082
1104,4.576550218340612
1105,143.4589017620082
1106,4.528997633136094
1107,4.528997633136094
1108,143.4589017620082
1109,143.4589017620082
1110,143.4589017620082
1111,4.276281008902076
1112,143.4589017620082
1113,4.528997633136094
1114,143.4589017620082
1115,143.4589017620082
1116,6.3462990990991
1117,143.4589017620082
1118,143.4589017620082
1119,4.528997633136094
1120,143.4589017620082
1121,143.4589017620082
1122,143.4589017620082
1123,4.528997633136094
1124,143.4589017620082
1125,2.2781380090497736
1126,143.4589017620082
1127,4.528997633136094
1128,143.4589017620082
1129,143.4589017620082
1130,4.528997633136094
1131,143.4589017620082
1132,4.528997633136094
1133,143.4589017620082
1134,143.4589017620082
1135,143.4589017620082
1136,143.4589017620082
1137,4.576550218340612
1138,143.4589017620082
1139,143.4589017620082
1140,143.4589017620082
1141,143.4589017620082
1142,143.4589017620082
1143,143.4589017620082
1144,143.4589017620082
1145,143.4589017620082
1146,143.4589017620082
1147,4.528997633136094
1148,143.4589017620082
1149,143.4589017620082
1150,4.528997633136094
1151,2.2781380090497736
1152,2.2781380090497736
1153,4.528997633136094
1154,143.4589017620082
1155,143.4589017620082
1156,4.528997633136094
1157,143.4589017620082
1158,143.4589017620082
1159,143.4589017620082
1160,143.4589017620082
1161,1.933959825327511
1162,4.528997633136094
1163,6.3462990990991
1164,4.528997633136094
1165,143.4589017620082
1166,143.4589017620082
1167,143.4589017620082
1168,4.528997633136094
1169,143.4589017620082
1170,4.528997633136094
1171,4.576550218340612
1172,143.4589017620082
1173,4.528997633136094
1174,143.4589017620082
1175,143.4589017620082
1176,143.4589017620082
1177,2.2781380090497736
1178,143.4589017620082
1179,4.276281008902076
1180,4.528997633136094
1181,4.528997633136094
1182,143.4589017620082
1183,6.3462990990991
1184,4.528997633136094
1185,143.4589017620082
1186,143.4589017620082
1187,4.528997633136094
1188,4.528997633136094
1189,143.4589017620082
1190,4.528997633136094
1191,4.528997633136094
1192,6.3462990990991
1193,143.4589017620082
1194,4.528997633136094
1195,2.2781380090497736
1196,143.4589017620082
1197,143.4589017620082
1198,4.528997633136094
1199,143.4589017620082
1200,143.4589017620082
1201,143.4589017620082
1202,143.4589017620082
1203,4.276281008902076
1204,143.4589017620082
1205,1.933959825327511
1206,143.4589017620082
1207,143.4589017620082
1208,143.4589017620082
1209,143.4589017620082
1210,143.4589017620082
1211,143.4589017620082
1212,6.3462990990991
1213,4.528997633136094
1214,143.4589017620082
1215,143.4589017620082
1216,143.4589017620082
1217,143.4589017620082
1218,143.4589017620082
1219,4.528997633136094
1220,4.528997633136094
1221,143.4589017620082
1222,4.276281008902076
1223,4.528997633136094
1224,4.528997633136094
1225,143.4589017620082
1226,2.2781380090497736
1227,4.528997633136094
1228,4.528997633136094
1229,143.4589017620082
1230,143.4589017620082
1231,143.4589017620082
1232,1.933959825327511
1233,143.4589017620082
1234,4.528997633136094
1235,143.4589017620082
1236,143.4589017620082
1237,4.528997633136094
1238,4.528997633136094
1239,4.528997633136094
1240,143.4589017620082
1241,1.933959825327511
1242,4.528997633136094
1243,4.576550218340612
1244,143.4589017620082
1245,4.528997633136094
1246,143.4589017620082
1247,4.528997633136094
1248,143.4589017620082
1249,143.4589017620082
1250,4.276281008902076
1251,143.4589017620082
1252,4.528997633136094
1253,4.528997633136094
1254,4.528997633136094
1255,143.4589017620082
1256,143.4589017620082
1257,143.4589017620082
1258,143.4589017620082
1259,143.4589017620082
1260,143.4589017620082
1261,4.528997633136094
1262,4.528997633136094
1263,143.4589017620082
1264,4.528997633136094
1265,143.4589017620082
1266,143.4589017620082
1267,4.276281008902076
1268,4.276281008902076
1269,143.4589017620082
1270,143.4589017620082
1271,143.4589017620082
1272,143.4589017620082
1273,143.4589017620082
1274,143.4589017620082
1275,143.4589017620082
1276,143.4589017620082
1277,4.276281008902076
1278,4.528997633136094
1279,4.528997633136094
1280,143.4589017620082
1281,4.528997633136094
1282,143.4589017620082
1283,143.4589017620082
1284,4.528997633136094
1285,143.4589017620082
1286,4.528997633136094
1287,143.4589017620082
1288,143.4589017620082
1289,4.528997633136094
1290,143.4589017620082
1291,4.528997633136094
1292,143.4589017620082
1293,143.4589017620082
1294,143.4589017620082
1295,143.4589017620082
1296,4.528997633136094
1297,143.4589017620082
1298,143.4589017620082
1299,4.576550218340612
1300,143.4589017620082
1301,143.4589017620082
1302,143.4589017620082
1303,4.528997633136094
1304,2.2781380090497736
1305,4.528997633136094
1306,143.4589017620082
1307,143.4589017620082
1308,1.933959825327511
1309,4.576550218340612
1310,143.4589017620082
1311,4.528997633136094
1312,4.276281008902076
1313,143.4589017620082
1314,143.4589017620082
1315,143.4589017620082
1316,143.4589017620082
1317,143.4589017620082
1318,1.933959825327511
1319,143.4589017620082
1320,143.4589017620082
1321,143.4589017620082
1322,143.4589017620082
1323,143.4589017620082
1324,143.4589017620082
1325,143.4589017620082
1326,143.4589017620082
1327,143.4589017620082
1328,4.528997633136094
1329,6.3462990990991
1330,143.4589017620082
1331,143.4589017620082
1332,143.4589017620082
1333,4.276281008902076
1334,143.4589017620082
1335,1.933959825327511
1336,143.4589017620082
1337,143.4589017620082
1338,143.4589017620082
1339,4.528997633136094
1340,143.4589017620082
1341,143.4589017620082
1342,143.4589017620082
1343,143.4589017620082
1344,143.4589017620082
1345,4.276281008902076
1346,143.4589017620082
1347,143.4589017620082
1348,4.276281008902076
1349,143.4589017620082
1350,143.4589017620082
1351,143.4589017620082
1352,4.528997633136094
1353,143.4589017620082
1354,4.528997633136094
1355,4.276281008902076
1356,4.576550218340612
1357,4.276281008902076
1358,4.528997633136094
1359,1.933959825327511
1360,143.4589017620082
1361,4.528997633136094
1362,6.3462990990991
1363,143.4589017620082
1364,4.528997633136094
1365,4.528997633136094
1366,4.276281008902076
1367,4.528997633136094
1368,143.4589017620082
1369,143.4589017620082
1370,143.4589017620082
1371,143.4589017620082
1372,143.4589017620082
1373,4.528997633136094
1374,143.4589017620082
1375,143.4589017620082
1376,4.528997633136094
1377,4.528997633136094
1378,143.4589017620082
1379,143.4589017620082
1380,143.4589017620082
1381,143.4589017620082
1382,143.4589017620082
1383,143.4589017620082
1384,143.4589017620082
1385,143.4589017620082
1386,4.528997633136094
1387,143.4589017620082
1388,1.933959825327511
1389,143.4589017620082
1390,143.4589017620082
1391,143.4589017620082
1392,143.4589017620082
1393,143.4589017620082
1394,143.4589017620082
1395,143.4589017620082
1396,143.4589017620082
1397,4.528997633136094
1398,143.4589017620082
1399,2.2781380090497736
1400,143.4589017620082
1401,143.4589017620082
1402,143.4589017620082
1403,143.4589017620082
1404,143.4589017620082
1405,143.4589017620082
1406,1.933959825327511
1407,143.4589017620082
1408,6.3462990990991
1409,4.528997633136094
1410,143.4589017620082
1411,143.4589017620082
1412,143.4589017620082
1413,143.4589017620082
1414,143.4589017620082
1415,4.528997633136094
1416,4.528997633136094
1417,4.528997633136094
1418,143.4589017620082
1419,143.4589017620082
1420,4.528997633136094
1421,143.4589017620082
1422,4.528997633136094
1423,4.528997633136094
1424,4.576550218340612
1425,4.276281008902076
1426,143.4589017620082
1427,4.528997633136094
1428,4.528997633136094
1429,4.528997633136094
1430,4.528997633136094
1431,4.528997633136094
1432,143.4589017620082
1433,4.528997633136094
1434,4.276281008902076
1435,4.576550218340612
1436,143.4589017620082
1437,143.4589017620082
1438,143.4589017620082
1439,4.528997633136094
1440,4.528997633136094
1441,143.4589017620082
1442,143.4589017620082
1443,143.4589017620082
1444,4.528997633136094
1445,143.4589017620082
1446,143.4589017620082
1447,143.4589017620082
1448,143.4589017620082
1449,4.528997633136094
1450,143.4589017620082
1451,143.4589017620082
1452,4.528997633136094
1453,4.576550218340612
1454,143.4589017620082
1455,143.4589017620082
1456,143.4589017620082
1457,4.276281008902076
1458,4.528997633136094
1459,143.4589017620082
1460,143.4589017620082
1461,143.4589017620082
1462,143.4589017620082
1463,143.4589017620082
1464,4.528997633136094
1465,4.528997633136094
1466,143.4589017620082
1467,4.528997633136094
1468,6.3462990990991
1469,143.4589017620082
1470,2.2781380090497736
1471,143.4589017620082
1472,4.528997633136094
1473,4.528997633136094
1474,143.4589017620082
1475,143.4589017620082
1476,4.528997633136094
1477,4.528997633136094
1478,143.4589017620082
1479,4.528997633136094
1480,143.4589017620082
1481,4.528997633136094
1482,143.4589017620082
1483,4.528997633136094
1484,143.4589017620082
1485,143.4589017620082
1486,4.276281008902076
1487,4.528997633136094
1488,143.4589017620082
1489,143.4589017620082
1490,143.4589017620082
1491,4.528997633136094
1492,1.933959825327511
1493,4.528997633136094
1494,4.528997633136094
1495,143.4589017620082
1496,6.3462990990991
1497,143.4589017620082
1498,4.528997633136094
1499,143.4589017620082
1500,4.276281008902076
1501,4.528997633136094
1502,143.4589017620082
1503,4.528997633136094
1504,1.933959825327511
1505,4.528997633136094
1506,143.4589017620082
1507,143.4589017620082
1508,143.4589017620082
1509,143.4589017620082
1510,2.2781380090497736
1511,143.4589017620082
1512,143.4589017620082
1513,4.276281008902076
1514,143.4589017620082
1515,143.4589017620082
1516,4.276281008902076
1517,143.4589017620082
1518,4.528997633136094
1519,143.4589017620082
1520,6.3462990990991
1521,143.4589017620082
1522,4.528997633136094
1523,4.528997633136094
1524,143.4589017620082
1525,143.4589017620082
1526,4.276281008902076
1527,4.528997633136094
1528,4.528997633136094
1529,143.4589017620082
1530,143.4589017620082
1531,4.576550218340612
1532,4.576550218340612
1533,4.528997633136094
1534,143.4589017620082
1535,143.4589017620082
1536,4.528997633136094
1537,2.2781380090497736
1538,143.4589017620082
1539,143.4589017620082
1540,1.933959825327511
1541,143.4589017620082
1542,4.276281008902076
1543,143.4589017620082
1544,6.3462990990991
1545,4.576550218340612
1546,4.276281008902076
1547,143.4589017620082
1548,143.4589017620082
1549,143.4589017620082
1550,4.528997633136094
1551,1.933959825327511
1552,143.4589017620082
1553,4.528997633136094
1554,143.4589017620082
1555,143.4589017620082
1556,4.528997633136094
1557,143.4589017620082
1558,4.576550218340612
1559,143.4589017620082
1560,143.4589017620082
1561,143.4589017620082
1562,143.4589017620082
1563,143.4589017620082
1564,4.528997633136094
1565,143.4589017620082
1566,4.528997633136094
1567,143.4589017620082
1568,143.4589017620082
1569,143.4589017620082
1570,143.4589017620082
1571,4.528997633136094
1572,143.4589017620082
1573,4.276281008902076
1574,4.528997633136094
1575,4.528997633136094
1576,4.528997633136094
1577,4.528997633136094
1578,143.4589017620082
1579,4.528997633136094
1580,143.4589017620082
1581,143.4589017620082
1582,4.528997633136094
1583,143.4589017620082
1584,143.4589017620082
1585,4.528997633136094
1586,4.576550218340612
1587,143.4589017620082
1588,143.4589017620082
1589,4.528997633136094
1590,4.528997633136094
1591,143.4589017620082
1592,6.3462990990991
1593,143.4589017620082
1594,143.4589017620082
1595,143.4589017620082
1596,6.3462990990991
1597,143.4589017620082
1598,4.528997633136094
1599,4.528997633136094
1600,4.576550218340612
1601,4.276281008902076
1602,6.3462990990991
1603,143.4589017620082
1604,143.4589017620082
1605,143.4589017620082
1606,143.4589017620082
1607,143.4589017620082
1608,4.528997633136094
1609,4.276281008902076
1610,4.528997633136094
1611,143.4589017620082
1612,143.4589017620082
1613,4.528997633136094
1614,143.4589017620082
1615,4.528997633136094
1616,4.528997633136094
1617,143.4589017620082
1618,143.4589017620082
1619,143.4589017620082
1620,143.4589017620082
1621,4.528997633136094
1622,4.528997633136094
1623,4.276281008902076
1624,143.4589017620082
1625,143.4589017620082
1626,1.933959825327511
1627,143.4589017620082
1628,4.528997633136094
1629,143.4589017620082
1630,143.4589017620082
1631,4.276281008902076
1632,143.4589017620082
1633,4.528997633136094
1634,143.4589017620082
1635,4.528997633136094
1636,4.576550218340612
1637,4.576550218340612
1638,143.4589017620082
1639,143.4589017620082
1640,4.528997633136094
1641,143.4589017620082
1642,143.4589017620082
1643,143.4589017620082
1644,143.4589017620082
1645,143.4589017620082
1646,4.576550218340612
1647,4.528997633136094
1648,143.4589017620082
1649,4.576550218340612
1650,143.4589017620082
1651,4.528997633136094
1652,4.276281008902076
1653,143.4589017620082
1654,4.528997633136094
1655,143.4589017620082
1656,143.4589017620082
1657,2.2781380090497736
1658,143.4589017620082
1659,1.933959825327511
1660,143.4589017620082
1661,6.3462990990991
1662,143.4589017620082
1663,4.528997633136094
1664,143.4589017620082
1665,2.2781380090497736
1666,143.4589017620082
1667,143.4589017620082
1668,143.4589017620082
1669,143.4589017620082
1670,1.933959825327511
1671,2.2781380090497736
1672,4.528997633136094
1673,4.528997633136094
1674,143.4589017620082
1675,1.933959825327511
1676,143.4589017620082
1677,143.4589017620082
1678,143.4589017620082
1679,143.4589017620082
1680,143.4589017620082
1681,4.276281008902076
1682,4.528997633136094
1683,143.4589017620082
1684,143.4589017620082
1685,4.528997633136094
1686,143.4589017620082
1687,4.276281008902076
1688,143.4589017620082
1689,143.4589017620082
1690,4.528997633136094
1691,4.576550218340612
1692,4.528997633136094
1693,4.528997633136094
1694,143.4589017620082
1695,143.4589017620082
1696,143.4589017620082
1697,4.528997633136094
1698,143.4589017620082
1699,143.4589017620082
1700,143.4589017620082
1701,143.4589017620082
1702,143.4589017620082
1703,4.528997633136094
1704,6.3462990990991
1705,4.528997633136094
1706,143.4589017620082
1707,4.576550218340612
1708,143.4589017620082
1709,143.4589017620082
1710,6.3462990990991
1711,143.4589017620082
1712,1.933959825327511
1713,4.528997633136094
1714,143.4589017620082
1715,4.528997633136094
1716,4.528997633136094
1717,143.4589017620082
1718,143.4589017620082
1719,143.4589017620082
1720,4.528997633136094
1721,143.4589017620082
1722,4.528997633136094
1723,143.4589017620082
1724,143.4589017620082
1725,4.528997633136094
1726,4.528997633136094
1727,143.4589017620082
1728,4.528997633136094
1729,4.576550218340612
1730,143.4589017620082
1731,143.4589017620082
1732,4.528997633136094
1733,143.4589017620082
1734,143.4589017620082
1735,143.4589017620082
1736,4.528997633136094
1737,143.4589017620082
1738,143.4589017620082
1739,143.4589017620082
1740,143.4589017620082
1741,143.4589017620082
1742,143.4589017620082
1743,4.528997633136094
1744,143.4589017620082
1745,143.4589017620082
1746,4.576550218340612
1747,4.276281008902076
1748,143.4589017620082
1749,4.576550218340612
1750,143.4589017620082
1751,143.4589017620082
1752,4.528997633136094
1753,4.528997633136094
1754,143.4589017620082
1755,143.4589017620082
1756,1.933959825327511
1757,143.4589017620082
1758,143.4589017620082
1759,4.528997633136094
1760,143.4589017620082
1761,143.4589017620082
1762,143.4589017620082
1763,143.4589017620082
1764,143.4589017620082
1765,4.528997633136094
1766,143.4589017620082
1767,143.4589017620082
1768,6.3462990990991
1769,143.4589017620082
1770,143.4589017620082
1771,4.528997633136094
1772,143.4589017620082
1773,143.4589017620082
1774,6.3462990990991
1775,143.4589017620082
1776,4.528997633136094
1777,143.4589017620082
1778,143.4589017620082
1779,143.4589017620082
1780,143.4589017620082
1781,4.528997633136094
1782,143.4589017620082
1783,143.4589017620082
1784,4.576550218340612
1785,143.4589017620082
1786,4.528997633136094
1787,143.4589017620082
1788,4.528997633136094
1789,4.528997633136094
1790,143.4589017620082
1791,4.528997633136094
1792,4.528997633136094
1793,4.276281008902076
1794,143.4589017620082
1795,143.4589017620082
1796,143.4589017620082
1797,143.4589017620082
1798,4.276281008902076
1799,143.4589017620082
1800,143.4589017620082
1801,4.528997633136094
1802,4.528997633136094
1803,143.4589017620082
1804,4.528997633136094
1805,143.4589017620082
1806,4.528997633136094
1807,143.4589017620082
1808,143.4589017620082
1809,143.4589017620082
1810,4.528997633136094
1811,4.528997633136094
1812,143.4589017620082
1813,2.2781380090497736
1814,143.4589017620082
1815,143.4589017620082
1816,4.528997633136094
1817,143.4589017620082
1818,143.4589017620082
1819,143.4589017620082
1820,4.528997633136094
1821,4.276281008902076
1822,143.4589017620082
1823,143.4589017620082
1824,143.4589017620082
1825,1.933959825327511
1826,4.528997633136094
1827,4.528997633136094
1828,1.933959825327511
1829,143.4589017620082
1830,143.4589017620082
1831,4.528997633136094
1832,143.4589017620082
1833,4.276281008902076
1834,4.528997633136094
1835,143.4589017620082
1836,6.3462990990991
1837,4.528997633136094
1838,4.528997633136094
1839,143.4589017620082
1840,143.4589017620082
1841,143.4589017620082
1842,143.4589017620082
1843,143.4589017620082
1844,143.4589017620082
1845,143.4589017620082
1846,143.4589017620082
1847,143.4589017620082
1848,143.4589017620082
1849,4.528997633136094
1850,4.276281008902076
1851,143.4589017620082
1852,6.3462990990991
1853,143.4589017620082
1854,143.4589017620082
1855,4.528997633136094
1856,143.4589017620082
1857,4.528997633136094
1858,6.3462990990991
1859,4.528997633136094
1860,6.3462990990991
1861,143.4589017620082
1862,4.528997633136094
1863,143.4589017620082
1864,143.4589017620082
1865,143.4589017620082
1866,143.4589017620082
1867,143.4589017620082
1868,143.4589017620082
1869,143.4589017620082
1870,4.528997633136094
1871,143.4589017620082
1872,143.4589017620082
1873,4.528997633136094
1874,143.4589017620082
1875,143.4589017620082
1876,4.528997633136094
1877,4.528997633136094
1878,143.4589017620082
1879,143.4589017620082
1880,143.4589017620082
1881,6.3462990990991
1882,143.4589017620082
1883,4.576550218340612
1884,143.4589017620082
1885,143.4589017620082
1886,143.4589017620082
1887,4.528997633136094
1888,143.4589017620082
1889,143.4589017620082
1890,4.528997633136094
1891,143.4589017620082
1892,143.4589017620082
1893,4.528997633136094
1894,1.933959825327511
1895,143.4589017620082
1896,4.528997633136094
1897,143.4589017620082
1898,143.4589017620082
1899,4.528997633136094
1900,4.528997633136094
1901,143.4589017620082
1902,143.4589017620082
1903,143.4589017620082
1904,143.4589017620082
1905,143.4589017620082
1906,143.4589017620082
1907,4.528997633136094
1908,4.528997633136094
1909,143.4589017620082
1910,4.528997633136094
1911,4.576550218340612
1912,4.276281008902076
1913,143.4589017620082
1914,143.4589017620082
1915,4.276281008902076
1916,2.2781380090497736
1917,4.528997633136094
1918,143.4589017620082
1919,4.528997633136094
1920,4.576550218340612
1921,143.4589017620082
1922,4.528997633136094
1923,4.528997633136094
1924,4.528997633136094
1925,4.528997633136094
1926,143.4589017620082
1927,143.4589017620082
1928,4.528997633136094
1929,143.4589017620082
1930,4.528997633136094
1931,4.528997633136094
1932,4.528997633136094
1933,4.528997633136094
1934,143.4589017620082
1935,4.528997633136094
1936,4.528997633136094
1937,143.4589017620082
1938,143.4589017620082
1939,4.528997633136094
1940,143.4589017620082
1941,4.528997633136094
1942,143.4589017620082
1943,4.528997633136094
1944,143.4589017620082
1945,143.4589017620082
1946,4.528997633136094
1947,143.4589017620082
1948,6.3462990990991
1949,143.4589017620082
1950,143.4589017620082
1951,4.276281008902076
1952,143.4589017620082
1953,143.4589017620082
1954,2.2781380090497736
1955,143.4589017620082
1956,1.933959825327511
1957,143.4589017620082
1958,4.528997633136094
1959,143.4589017620082
1960,143.4589017620082
1961,2.2781380090497736
1962,4.576550218340612
1963,4.528997633136094
1964,4.528997633136094
1965,143.4589017620082
1966,4.528997633136094
1967,4.528997633136094
1968,143.4589017620082
1969,143.4589017620082
1970,6.3462990990991
1971,4.528997633136094
1972,143.4589017620082
1973,143.4589017620082
1974,4.528997633136094
1975,4.276281008902076
1976,143.4589017620082
1977,1.933959825327511
1978,143.4589017620082
1979,143.4589017620082
1980,143.4589017620082
1981,143.4589017620082
1982,143.4589017620082
1983,143.4589017620082
1984,4.528997633136094
1985,4.528997633136094
1986,4.576550218340612
1987,4.528997633136094
1988,2.2781380090497736
1989,6.3462990990991
1990,4.528997633136094
1991,143.4589017620082
1992,4.528997633136094
1993,143.4589017620082
1994,2.2781380090497736
1995,143.4589017620082
1996,4.276281008902076
1997,4.528997633136094
1998,4.528997633136094
1999,143.4589017620082
2000,4.528997633136094
2001,143.4589017620082
2002,143.4589017620082
2003,4.528997633136094
2004,143.4589017620082
2005,143.4589017620082
2006,4.528997633136094
2007,143.4589017620082
2008,143.4589017620082
2009,143.4589017620082
2010,143.4589017620082
2011,4.576550218340612
2012,143.4589017620082
2013,143.4589017620082
2014,143.4589017620082
2015,143.4589017620082
2016,143.4589017620082
2017,4.528997633136094
2018,143.4589017620082
2019,143.4589017620082
2020,4.528997633136094
2021,4.528997633136094
2022,143.4589017620082
2023,143.4589017620082
2024,4.528997633136094
2025,4.576550218340612
2026,143.4589017620082
2027,4.528997633136094
2028,4.528997633136094
2029,143.4589017620082
2030,143.4589017620082
2031,143.4589017620082
2032,143.4589017620082
2033,143.4589017620082
2034,4.528997633136094
2035,143.4589017620082
2036,143.4589017620082
2037,4.528997633136094
2038,4.528997633136094
2039,4.528997633136094
2040,143.4589017620082
2041,143.4589017620082
2042,4.528997633136094
2043,143.4589017620082
2044,4.528997633136094
2045,143.4589017620082
2046,143.4589017620082
2047,6.3462990990991
2048,143.4589017620082
2049,2.2781380090497736
2050,143.4589017620082
2051,4.528997633136094
2052,4.528997633136094
2053,143.4589017620082
2054,4.528997633136094
2055,4.528997633136094
2056,143.4589017620082
2057,143.4589017620082
2058,143.4589017620082
2059,4.576550218340612
2060,143.4589017620082
2061,1.933959825327511
2062,143.4589017620082
2063,2.2781380090497736
2064,4.528997633136094
2065,4.576550218340612
2066,1.933959825327511
2067,4.276281008902076
2068,4.528997633136094
2069,4.276281008902076
2070,143.4589017620082
2071,143.4589017620082
2072,4.276281008902076
2073,143.4589017620082
2074,143.4589017620082
2075,143.4589017620082
2076,4.528997633136094
2077,4.528997633136094
2078,4.528997633136094
2079,4.528997633136094
2080,4.528997633136094
2081,4.576550218340612
2082,4.576550218340612
2083,143.4589017620082
2084,4.528997633136094
2085,4.576550218340612
2086,143.4589017620082
2087,143.4589017620082
2088,143.4589017620082
2089,143.4589017620082
2090,143.4589017620082
2091,143.4589017620082
2092,143.4589017620082
2093,4.528997633136094
2094,4.528997633136094
2095,143.4589017620082
2096,143.4589017620082
2097,143.4589017620082
2098,4.528997633136094
2099,143.4589017620082
2100,143.4589017620082
2101,4.528997633136094
2102,4.276281008902076
2103,143.4589017620082
2104,143.4589017620082
2105,143.4589017620082
2106,143.4589017620082
2107,6.3462990990991
2108,4.276281008902076
2109,4.528997633136094
2110,143.4589017620082
2111,4.528997633136094
2112,143.4589017620082
2113,143.4589017620082
2114,1.933959825327511
2115,143.4589017620082
2116,2.2781380090497736
2117,4.528997633136094
2118,4.276281008902076
2119,143.4589017620082
2120,4.576550218340612
2121,143.4589017620082
2122,143.4589017620082
2123,4.528997633136094
2124,1.933959825327511
2125,4.528997633136094
2126,4.528997633136094
2127,143.4589017620082
2128,143.4589017620082
2129,1.933959825327511
2130,4.528997633136094
2131,4.276281008902076
2132,4.528997633136094
2133,143.4589017620082
2134,143.4589017620082
2135,143.4589017620082
2136,143.4589017620082
2137,143.4589017620082
2138,4.528997633136094
2139,143.4589017620082
2140,143.4589017620082
2141,143.4589017620082
2142,4.528997633136094
2143,143.4589017620082
2144,143.4589017620082
2145,143.4589017620082
2146,4.576550218340612
2147,4.276281008902076
2148,143.4589017620082
2149,143.4589017620082
2150,143.4589017620082
2151,143.4589017620082
2152,4.528997633136094
2153,4.528997633136094
2154,4.528997633136094
2155,1.933959825327511
2156,4.528997633136094
2157,143.4589017620082
2158,4.576550218340612
2159,143.4589017620082
2160,143.4589017620082
2161,143.4589017620082
2162,1.933959825327511
2163,143.4589017620082
2164,4.528997633136094
2165,4.528997633136094
2166,4.528997633136094
2167,143.4589017620082
2168,143.4589017620082
2169,2.2781380090497736
2170,4.528997633136094
2171,143.4589017620082
2172,4.528997633136094
2173,143.4589017620082
2174,143.4589017620082
2175,2.2781380090497736
2176,4.528997633136094
2177,143.4589017620082
2178,4.528997633136094
2179,143.4589017620082
2180,143.4589017620082
2181,4.528997633136094
2182,143.4589017620082
2183,143.4589017620082
2184,4.528997633136094
2185,4.528997633136094
2186,2.2781380090497736
2187,4.528997633136094
2188,143.4589017620082
2189,143.4589017620082
2190,143.4589017620082
2191,2.2781380090497736
2192,4.528997633136094
2193,143.4589017620082
2194,4.528997633136094
2195,4.528997633136094
2196,4.528997633136094
2197,1.933959825327511
2198,4.276281008902076
2199,4.276281008902076
2200,1.933959825327511
2201,4.528997633136094
2202,143.4589017620082
2203,4.528997633136094
2204,1.933959825327511
2205,143.4589017620082
2206,4.528997633136094
2207,143.4589017620082
2208,4.528997633136094
2209,143.4589017620082
2210,143.4589017620082
2211,1.933959825327511
2212,4.528997633136094
2213,6.3462990990991
2214,143.4589017620082
2215,143.4589017620082
2216,143.4589017620082
2217,4.528997633136094
2218,143.4589017620082
2219,4.528997633136094
2220,6.3462990990991
2221,4.528997633136094
2222,143.4589017620082
2223,143.4589017620082
2224,143.4589017620082
2225,143.4589017620082
2226,143.4589017620082
2227,143.4589017620082
2228,143.4589017620082
2229,143.4589017620082
2230,2.2781380090497736
2231,4.528997633136094
2232,4.528997633136094
2233,143.4589017620082
2234,143.4589017620082
2235,143.4589017620082
2236,4.528997633136094
2237,4.528997633136094
2238,143.4589017620082
2239,143.4589017620082
2240,143.4589017620082
2241,4.528997633136094
2242,143.4589017620082
2243,4.528997633136094
2244,143.4589017620082
2245,143.4589017620082
2246,143.4589017620082
2247,143.4589017620082
2248,4.576550218340612
2249,143.4589017620082
2250,143.4589017620082
2251,4.528997633136094
2252,143.4589017620082
2253,4.528997633136094
2254,143.4589017620082
2255,143.4589017620082
2256,143.4589017620082
2257,2.2781380090497736
2258,4.528997633136094
2259,143.4589017620082
2260,4.528997633136094
2261,143.4589017620082
2262,2.2781380090497736
2263,143.4589017620082
2264,143.4589017620082
2265,143.4589017620082
2266,1.933959825327511
2267,4.276281008902076
2268,4.528997633136094
2269,4.528997633136094
2270,6.3462990990991
2271,143.4589017620082
2272,143.4589017620082
2273,4.528997633136094
2274,6.3462990990991
2275,6.3462990990991
2276,4.528997633136094
2277,4.528997633136094
2278,4.276281008902076
2279,4.528997633136094
2280,4.528997633136094
2281,143.4589017620082
2282,4.528997633136094
2283,4.528997633136094
2284,143.4589017620082
2285,4.528997633136094
2286,143.4589017620082
2287,4.528997633136094
2288,4.528997633136094
2289,4.528997633136094
2290,143.4589017620082
2291,143.4589017620082
2292,4.528997633136094
2293,1.933959825327511
2294,143.4589017620082
2295,4.528997633136094
2296,4.576550218340612
2297,143.4589017620082
2298,143.4589017620082
2299,143.4589017620082
2300,4.528997633136094
2301,4.528997633136094
2302,143.4589017620082
2303,143.4589017620082
2304,4.276281008902076
2305,143.4589017620082
2306,143.4589017620082
2307,143.4589017620082
2308,143.4589017620082
2309,4.528997633136094
2310,143.4589017620082
2311,143.4589017620082
2312,143.4589017620082
2313,4.528997633136094
2314,4.528997633136094
2315,143.4589017620082
2316,4.528997633136094
2317,4.576550218340612
2318,143.4589017620082
2319,4.528997633136094
2320,143.4589017620082
2321,4.528997633136094
2322,143.4589017620082
2323,143.4589017620082
2324,1.933959825327511
2325,143.4589017620082
2326,4.276281008902076
2327,143.4589017620082
2328,4.276281008902076
2329,143.4589017620082
2330,143.4589017620082
2331,4.528997633136094
2332,143.4589017620082
2333,143.4589017620082
2334,143.4589017620082
2335,4.528997633136094
2336,143.4589017620082
2337,143.4589017620082
2338,143.4589017620082
2339,143.4589017620082
2340,143.4589017620082
2341,143.4589017620082
2342,2.2781380090497736
2343,4.528997633136094
2344,143.4589017620082
2345,4.528997633136094
2346,143.4589017620082
2347,143.4589017620082
2348,1.933959825327511
2349,143.4589017620082
2350,143.4589017620082
2351,4.528997633136094
2352,4.528997633136094
2353,2.2781380090497736
2354,143.4589017620082
2355,143.4589017620082
2356,4.528997633136094
2357,143.4589017620082
2358,4.528997633136094
2359,4.528997633136094
2360,4.576550218340612
2361,4.276281008902076
2362,143.4589017620082
2363,4.528997633136094
2364,143.4589017620082
2365,143.4589017620082
2366,143.4589017620082
2367,143.4589017620082
2368,143.4589017620082
2369,4.528997633136094
2370,143.4589017620082
2371,143.4589017620082
2372,143.4589017620082
2373,1.933959825327511
2374,143.4589017620082
2375,4.528997633136094
2376,143.4589017620082
2377,143.4589017620082
2378,4.528997633136094
2379,4.528997633136094
2380,143.4589017620082
2381,143.4589017620082
2382,143.4589017620082
2383,143.4589017620082
2384,4.528997633136094
2385,143.4589017620082
2386,4.528997633136094
2387,143.4589017620082
2388,143.4589017620082
2389,143.4589017620082
2390,1.933959825327511
2391,143.4589017620082
2392,143.4589017620082
2393,143.4589017620082
2394,143.4589017620082
2395,6.3462990990991
2396,4.528997633136094
2397,143.4589017620082
2398,143.4589017620082
2399,4.528997633136094
2400,143.4589017620082
2401,143.4589017620082
2402,143.4589017620082
2403,4.528997633136094
2404,1.933959825327511
2405,6.3462990990991
2406,4.528997633136094
2407,143.4589017620082
2408,143.4589017620082
2409,143.4589017620082
2410,4.528997633136094
2411,4.528997633136094
2412,143.4589017620082
2413,143.4589017620082
2414,4.576550218340612
2415,143.4589017620082
2416,143.4589017620082
2417,143.4589017620082
2418,4.528997633136094
2419,4.576550218340612
2420,1.933959825327511
2421,143.4589017620082
2422,143.4589017620082
2423,2.2781380090497736
2424,143.4589017620082
2425,4.528997633136094
2426,143.4589017620082
2427,143.4589017620082
2428,143.4589017620082
2429,4.276281008902076
2430,4.276281008902076
2431,4.528997633136094
2432,143.4589017620082
2433,143.4589017620082
2434,4.276281008902076
2435,143.4589017620082
2436,143.4589017620082
2437,143.4589017620082
2438,4.528997633136094
2439,6.3462990990991
2440,143.4589017620082
2441,4.528997633136094
2442,4.528997633136094
2443,4.528997633136094
2444,143.4589017620082
2445,6.3462990990991
2446,4.528997633136094
2447,143.4589017620082
2448,6.3462990990991
2449,4.276281008902076
2450,143.4589017620082
2451,2.2781380090497736
2452,4.528997633136094
2453,143.4589017620082
2454,143.4589017620082
2455,143.4589017620082
2456,4.528997633136094
2457,143.4589017620082
2458,4.528997633136094
2459,4.528997633136094
2460,4.528997633136094
2461,143.4589017620082
2462,143.4589017620082
2463,4.528997633136094
2464,143.4589017620082
2465,143.4589017620082
2466,143.4589017620082
2467,143.4589017620082
2468,143.4589017620082
2469,143.4589017620082
2470,6.3462990990991
2471,143.4589017620082
2472,4.276281008902076
2473,143.4589017620082
2474,143.4589017620082
2475,6.3462990990991
2476,143.4589017620082
2477,143.4589017620082
2478,143.4589017620082
2479,4.276281008902076
2480,143.4589017620082
2481,143.4589017620082
2482,2.2781380090497736
2483,6.3462990990991
2484,143.4589017620082
2485,143.4589017620082
2486,4.528997633136094
2487,4.528997633136094
2488,143.4589017620082
2489,143.4589017620082
2490,4.528997633136094
2491,143.4589017620082
2492,143.4589017620082
2493,143.4589017620082
2494,6.3462990990991
2495,4.576550218340612
2496,143.4589017620082
2497,143.4589017620082
2498,2.2781380090497736
2499,4.528997633136094
2500,1.933959825327511
2501,143.4589017620082
2502,143.4589017620082
2503,143.4589017620082
2504,143.4589017620082
2505,4.276281008902076
2506,4.576550218340612
2507,143.4589017620082
2508,143.4589017620082
2509,143.4589017620082
2510,4.528997633136094
2511,143.4589017620082
2512,143.4589017620082
2513,143.4589017620082
2514,143.4589017620082
2515,143.4589017620082
2516,4.528997633136094
2517,4.528997633136094
2518,143.4589017620082
2519,4.528997633136094
2520,143.4589017620082
2521,143.4589017620082
2522,4.276281008902076
2523,4.528997633136094
2524,4.528997633136094
2525,143.4589017620082
2526,4.528997633136094
2527,4.528997633136094
2528,143.4589017620082
2529,143.4589017620082
2530,143.4589017620082
2531,143.4589017620082
2532,143.4589017620082
2533,4.528997633136094
2534,6.3462990990991
2535,4.528997633136094
2536,4.576550218340612
2537,4.528997633136094
2538,4.528997633136094
2539,143.4589017620082
2540,4.276281008902076
2541,143.4589017620082
2542,143.4589017620082
2543,4.276281008902076
2544,143.4589017620082
2545,1.933959825327511
2546,143.4589017620082
2547,143.4589017620082
2548,143.4589017620082
2549,143.4589017620082
2550,143.4589017620082
2551,143.4589017620082
2552,2.2781380090497736
2553,143.4589017620082
2554,4.276281008902076
2555,143.4589017620082
2556,143.4589017620082
2557,4.528997633136094
2558,143.4589017620082
2559,4.528997633136094
2560,143.4589017620082
2561,4.528997633136094
2562,143.4589017620082
2563,143.4589017620082
2564,143.4589017620082
2565,4.528997633136094
2566,4.528997633136094
2567,143.4589017620082
2568,143.4589017620082
2569,143.4589017620082
2570,4.528997633136094
2571,143.4589017620082
2572,143.4589017620082
2573,143.4589017620082
2574,2.2781380090497736
2575,4.528997633136094
2576,4.528997633136094
2577,4.576550218340612
2578,143.4589017620082
2579,4.528997633136094
2580,4.528997633136094
2581,2.2781380090497736
2582,143.4589017620082
2583,4.528997633136094
2584,4.528997633136094
2585,143.4589017620082
2586,4.528997633136094
2587,143.4589017620082
2588,143.4589017620082
2589,4.576550218340612
2590,143.4589017620082
2591,2.2781380090497736
2592,143.4589017620082
2593,143.4589017620082
2594,143.4589017620082
2595,143.4589017620082
2596,143.4589017620082
2597,4.528997633136094
2598,6.3462990990991
2599,143.4589017620082
2600,4.528997633136094
2601,143.4589017620082
2602,4.528997633136094
2603,143.4589017620082
2604,143.4589017620082
2605,143.4589017620082
2606,4.528997633136094
2607,143.4589017620082
2608,143.4589017620082
2609,143.4589017620082
2610,4.528997633136094
2611,143.4589017620082
2612,4.528997633136094
2613,4.528997633136094
2614,4.528997633136094
2615,143.4589017620082
2616,143.4589017620082
2617,143.4589017620082
2618,143.4589017620082
2619,4.528997633136094
2620,4.276281008902076
2621,4.528997633136094
2622,4.528997633136094
2623,4.528997633136094
2624,4.528997633136094
2625,143.4589017620082
2626,143.4589017620082
2627,143.4589017620082
2628,143.4589017620082
2629,143.4589017620082
2630,143.4589017620082
2631,143.4589017620082
2632,4.528997633136094
2633,143.4589017620082
2634,143.4589017620082
2635,143.4589017620082
2636,143.4589017620082
2637,4.528997633136094
2638,143.4589017620082
2639,143.4589017620082
2640,143.4589017620082
2641,4.528997633136094
2642,4.528997633136094
2643,143.4589017620082
2644,143.4589017620082
2645,143.4589017620082
2646,2.2781380090497736
2647,4.528997633136094
2648,4.528997633136094
2649,4.528997633136094
2650,143.4589017620082
2651,143.4589017620082
2652,143.4589017620082
2653,4.276281008902076
2654,143.4589017620082
2655,143.4589017620082
2656,143.4589017620082
2657,4.528997633136094
2658,143.4589017620082
2659,143.4589017620082
2660,1.933959825327511
2661,143.4589017620082
2662,143.4589017620082
2663,143.4589017620082
2664,143.4589017620082
2665,143.4589017620082
2666,143.4589017620082
2667,143.4589017620082
2668,143.4589017620082
2669,4.528997633136094
2670,143.4589017620082
2671,143.4589017620082
2672,143.4589017620082
2673,143.4589017620082
2674,143.4589017620082
2675,4.528997633136094
2676,143.4589017620082
2677,143.4589017620082
2678,143.4589017620082
2679,4.528997633136094
2680,143.4589017620082
2681,4.528997633136094
2682,4.528997633136094
2683,1.933959825327511
2684,4.528997633136094
2685,4.528997633136094
2686,143.4589017620082
2687,143.4589017620082
2688,143.4589017620082
2689,143.4589017620082
2690,143.4589017620082
2691,143.4589017620082
2692,143.4589017620082
2693,143.4589017620082
2694,143.4589017620082
2695,4.576550218340612
2696,143.4589017620082
2697,4.576550218340612
2698,4.528997633136094
2699,4.576550218340612
2700,143.4589017620082
2701,143.4589017620082
2702,143.4589017620082
2703,4.528997633136094
2704,143.4589017620082
2705,4.528997633136094
2706,4.528997633136094
2707,143.4589017620082
2708,4.528997633136094
2709,143.4589017620082
2710,6.3462990990991
2711,143.4589017620082
2712,1.933959825327511
2713,143.4589017620082
2714,143.4589017620082
2715,4.528997633136094
2716,4.528997633136094
2717,143.4589017620082
2718,4.528997633136094
2719,4.528997633136094
2720,4.528997633136094
2721,4.528997633136094
2722,4.528997633136094
2723,143.4589017620082
2724,4.576550218340612
2725,143.4589017620082
2726,143.4589017620082
2727,143.4589017620082
2728,143.4589017620082
2729,143.4589017620082
2730,143.4589017620082
2731,143.4589017620082
2732,4.528997633136094
2733,143.4589017620082
2734,143.4589017620082
2735,143.4589017620082
2736,143.4589017620082
2737,143.4589017620082
2738,143.4589017620082
2739,143.4589017620082
2740,6.3462990990991
2741,143.4589017620082
2742,2.2781380090497736
2743,143.4589017620082
2744,143.4589017620082
2745,4.528997633136094
2746,143.4589017620082
2747,143.4589017620082
2748,4.528997633136094
2749,4.528997633136094
2750,143.4589017620082
2751,143.4589017620082
2752,4.528997633136094
2753,143.4589017620082
2754,2.2781380090497736
2755,143.4589017620082
2756,143.4589017620082
2757,4.528997633136094
2758,143.4589017620082
2759,143.4589017620082
2760,143.4589017620082
2761,4.528997633136094
2762,4.528997633136094
2763,143.4589017620082
2764,4.528997633136094
2765,143.4589017620082
2766,4.276281008902076
2767,143.4589017620082
2768,4.528997633136094
2769,4.528997633136094
2770,143.4589017620082
2771,143.4589017620082
2772,4.528997633136094
2773,4.528997633136094
2774,4.576550218340612
2775,4.528997633136094
2776,4.276281008902076
2777,143.4589017620082
2778,143.4589017620082
2779,1.933959825327511
2780,4.528997633136094
2781,143.4589017620082
2782,143.4589017620082
2783,4.576550218340612
2784,143.4589017620082
2785,4.528997633136094
2786,4.528997633136094
2787,143.4589017620082
2788,143.4589017620082
2789,143.4589017620082
2790,143.4589017620082
2791,143.4589017620082
2792,143.4589017620082
2793,143.4589017620082
2794,143.4589017620082
2795,143.4589017620082
2796,143.4589017620082
2797,143.4589017620082
2798,143.4589017620082
2799,143.4589017620082
2800,4.528997633136094
2801,4.528997633136094
2802,4.528997633136094
2803,143.4589017620082
2804,4.576550218340612
2805,143.4589017620082
2806,6.3462990990991
2807,143.4589017620082
2808,143.4589017620082
2809,4.528997633136094
2810,6.3462990990991
2811,143.4589017620082
2812,6.3462990990991
2813,143.4589017620082
2814,4.528997633136094
2815,143.4589017620082
2816,143.4589017620082
2817,143.4589017620082
2818,143.4589017620082
2819,143.4589017620082
2820,143.4589017620082
2821,143.4589017620082
2822,4.528997633136094
2823,143.4589017620082
2824,143.4589017620082
2825,143.4589017620082
2826,143.4589017620082
2827,4.528997633136094
2828,4.528997633136094
2829,4.576550218340612
2830,4.528997633136094
2831,4.528997633136094
2832,4.276281008902076
2833,143.4589017620082
2834,4.528997633136094
2835,4.528997633136094
2836,4.576550218340612
2837,4.528997633136094
2838,4.528997633136094
2839,1.933959825327511
2840,143.4589017620082
2841,143.4589017620082
2842,143.4589017620082
2843,6.3462990990991
2844,143.4589017620082
2845,143.4589017620082
2846,4.528997633136094
2847,143.4589017620082
2848,143.4589017620082
2849,143.4589017620082
2850,4.528997633136094
2851,4.528997633136094
2852,143.4589017620082
2853,143.4589017620082
2854,4.276281008902076
2855,143.4589017620082
2856,4.528997633136094
2857,143.4589017620082
2858,143.4589017620082
2859,4.276281008902076
2860,143.4589017620082
2861,143.4589017620082
2862,143.4589017620082
2863,4.528997633136094
2864,143.4589017620082
2865,143.4589017620082
2866,4.528997633136094
2867,1.933959825327511
2868,143.4589017620082
2869,143.4589017620082
2870,143.4589017620082
2871,6.3462990990991
2872,143.4589017620082
2873,4.528997633136094
2874,143.4589017620082
2875,4.576550218340612
2876,143.4589017620082
2877,143.4589017620082
2878,143.4589017620082
2879,4.528997633136094
2880,143.4589017620082
2881,4.528997633136094
2882,4.528997633136094
2883,4.528997633136094
2884,4.528997633136094
2885,143.4589017620082
2886,143.4589017620082
2887,4.528997633136094
2888,4.276281008902076
2889,4.528997633136094
2890,2.2781380090497736
2891,143.4589017620082
2892,143.4589017620082
2893,143.4589017620082
2894,143.4589017620082
2895,4.528997633136094
2896,2.2781380090497736
2897,4.528997633136094
2898,143.4589017620082
2899,143.4589017620082
2900,4.528997633136094
2901,143.4589017620082
2902,143.4589017620082
2903,143.4589017620082
2904,4.276281008902076
2905,4.528997633136094
2906,143.4589017620082
2907,4.528997633136094
2908,143.4589017620082
2909,1.933959825327511
2910,143.4589017620082
2911,2.2781380090497736
2912,4.528997633136094
2913,4.528997633136094
2914,143.4589017620082
2915,4.528997633136094
2916,143.4589017620082
2917,143.4589017620082
2918,4.528997633136094
2919,143.4589017620082
2920,143.4589017620082
2921,4.528997633136094
2922,4.528997633136094
2923,143.4589017620082
2924,4.528997633136094
2925,4.528997633136094
2926,4.528997633136094
2927,143.4589017620082
2928,6.3462990990991
2929,143.4589017620082
2930,143.4589017620082
2931,2.2781380090497736
2932,6.3462990990991
2933,143.4589017620082
2934,143.4589017620082
2935,143.4589017620082
2936,143.4589017620082
2937,4.528997633136094
2938,143.4589017620082
2939,4.528997633136094
2940,143.4589017620082
2941,143.4589017620082
2942,143.4589017620082
2943,4.528997633136094
2944,4.528997633136094
2945,4.528997633136094
2946,4.528997633136094
2947,143.4589017620082
2948,2.2781380090497736
2949,4.528997633136094
2950,4.528997633136094
2951,143.4589017620082
2952,143.4589017620082
2953,6.3462990990991
2954,2.2781380090497736
2955,143.4589017620082
2956,4.528997633136094
2957,143.4589017620082
2958,4.576550218340612
2959,143.4589017620082
2960,4.528997633136094
2961,143.4589017620082
2962,2.2781380090497736
2963,4.576550218340612
2964,143.4589017620082
2965,143.4589017620082
2966,4.576550218340612
2967,4.528997633136094
2968,143.4589017620082
2969,143.4589017620082
2970,4.276281008902076
2971,143.4589017620082
2972,4.528997633136094
2973,143.4589017620082
2974,143.4589017620082
2975,4.528997633136094
2976,143.4589017620082
2977,143.4589017620082
2978,4.528997633136094
2979,4.528997633136094
2980,143.4589017620082
2981,143.4589017620082
2982,143.4589017620082
2983,143.4589017620082
2984,143.4589017620082
2985,143.4589017620082
2986,143.4589017620082
2987,143.4589017620082
2988,143.4589017620082
2989,143.4589017620082
2990,143.4589017620082
2991,6.3462990990991
2992,4.528997633136094
2993,4.576550218340612
2994,143.4589017620082
2995,143.4589017620082
2996,4.528997633136094
2997,4.528997633136094
2998,143.4589017620082
2999,143.4589017620082
3000,143.4589017620082
3001,4.528997633136094
3002,143.4589017620082
3003,4.528997633136094
3004,143.4589017620082
3005,143.4589017620082
3006,143.4589017620082
3007,4.528997633136094
3008,4.528997633136094
3009,143.4589017620082
3010,4.528997633136094
3011,143.4589017620082
3012,4.528997633136094
3013,143.4589017620082
3014,6.3462990990991
3015,4.528997633136094
3016,6.3462990990991
3017,4.528997633136094
3018,4.576550218340612
3019,143.4589017620082
3020,4.528997633136094
3021,143.4589017620082
3022,143.4589017620082
3023,4.528997633136094
3024,143.4589017620082
3025,143.4589017620082
3026,143.4589017620082
3027,6.3462990990991
3028,4.528997633136094
3029,143.4589017620082
3030,143.4589017620082
3031,6.3462990990991
3032,6.3462990990991
3033,4.528997633136094
3034,143.4589017620082
3035,143.4589017620082
3036,143.4589017620082
3037,4.528997633136094
3038,1.933959825327511
3039,143.4589017620082
3040,143.4589017620082
3041,4.528997633136094
3042,143.4589017620082
3043,4.528997633136094
3044,143.4589017620082
3045,143.4589017620082
3046,4.528997633136094
3047,4.528997633136094
3048,143.4589017620082
3049,4.528997633136094
3050,143.4589017620082
3051,143.4589017620082
3052,4.528997633136094
3053,4.528997633136094
3054,143.4589017620082
3055,143.4589017620082
3056,143.4589017620082
3057,4.528997633136094
3058,143.4589017620082
3059,1.933959825327511
3060,143.4589017620082
3061,6.3462990990991
3062,143.4589017620082
3063,143.4589017620082
3064,143.4589017620082
3065,143.4589017620082
3066,143.4589017620082
3067,143.4589017620082
3068,4.528997633136094
3069,4.528997633136094
3070,4.528997633136094
3071,4.528997633136094
3072,143.4589017620082
3073,143.4589017620082
3074,4.528997633136094
3075,4.528997633136094
3076,143.4589017620082
3077,143.4589017620082
3078,143.4589017620082
3079,4.528997633136094
3080,4.528997633136094
3081,143.4589017620082
3082,143.4589017620082
3083,143.4589017620082
3084,2.2781380090497736
3085,4.528997633136094
3086,143.4589017620082
3087,2.2781380090497736
3088,143.4589017620082
3089,4.528997633136094
3090,143.4589017620082
3091,143.4589017620082
3092,143.4589017620082
3093,4.576550218340612
3094,143.4589017620082
3095,143.4589017620082
3096,143.4589017620082
3097,4.576550218340612
3098,6.3462990990991
3099,143.4589017620082
3100,143.4589017620082
3101,4.576550218340612
3102,2.2781380090497736
3103,2.2781380090497736
3104,143.4589017620082
3105,143.4589017620082
3106,143.4589017620082
3107,2.2781380090497736
3108,4.528997633136094
3109,4.528997633136094
3110,143.4589017620082
3111,2.2781380090497736
3112,143.4589017620082
3113,4.528997633136094
3114,143.4589017620082
3115,143.4589017620082
3116,143.4589017620082
3117,143.4589017620082
3118,143.4589017620082
3119,4.528997633136094
3120,143.4589017620082
3121,143.4589017620082
3122,143.4589017620082
3123,4.528997633136094
3124,4.528997633136094
3125,4.528997633136094
3126,143.4589017620082
3127,143.4589017620082
3128,143.4589017620082
3129,143.4589017620082
3130,1.933959825327511
3131,143.4589017620082
3132,143.4589017620082
3133,143.4589017620082
3134,143.4589017620082
3135,1.933959825327511
3136,143.4589017620082
3137,4.528997633136094
3138,143.4589017620082
3139,4.528997633136094
3140,4.528997633136094
3141,143.4589017620082
3142,4.528997633136094
3143,143.4589017620082
3144,143.4589017620082
3145,4.528997633136094
3146,143.4589017620082
3147,143.4589017620082
3148,143.4589017620082
3149,143.4589017620082
3150,1.933959825327511
3151,143.4589017620082
3152,6.3462990990991
3153,143.4589017620082
3154,143.4589017620082
3155,143.4589017620082
3156,143.4589017620082
3157,4.528997633136094
3158,143.4589017620082
3159,143.4589017620082
3160,143.4589017620082
3161,143.4589017620082
3162,4.528997633136094
3163,143.4589017620082
3164,4.528997633136094
3165,143.4589017620082
3166,143.4589017620082
3167,4.528997633136094
3168,4.528997633136094
3169,4.528997633136094
3170,143.4589017620082
3171,2.2781380090497736
3172,143.4589017620082
3173,143.4589017620082
3174,143.4589017620082
3175,143.4589017620082
3176,4.528997633136094
3177,4.528997633136094
3178,143.4589017620082
3179,4.528997633136094
3180,143.4589017620082
3181,143.4589017620082
3182,143.4589017620082
3183,6.3462990990991
3184,143.4589017620082
3185,4.528997633136094
3186,143.4589017620082
3187,143.4589017620082
3188,143.4589017620082
3189,143.4589017620082
3190,4.528997633136094
3191,143.4589017620082
3192,143.4589017620082
3193,4.528997633136094
3194,4.528997633136094
3195,6.3462990990991
3196,143.4589017620082
3197,4.528997633136094
3198,143.4589017620082
3199,143.4589017620082
3200,2.2781380090497736
3201,143.4589017620082
3202,4.528997633136094
3203,4.528997633136094
3204,143.4589017620082
3205,4.528997633136094
3206,143.4589017620082
3207,4.528997633136094
3208,143.4589017620082
3209,143.4589017620082
3210,6.3462990990991
3211,143.4589017620082
3212,143.4589017620082
3213,4.528997633136094
3214,143.4589017620082
3215,4.276281008902076
3216,4.528997633136094
3217,143.4589017620082
3218,143.4589017620082
3219,143.4589017620082
3220,143.4589017620082
3221,143.4589017620082
3222,143.4589017620082
3223,143.4589017620082
3224,143.4589017620082
3225,143.4589017620082
3226,4.528997633136094
3227,4.528997633136094
3228,143.4589017620082
3229,143.4589017620082
3230,143.4589017620082
3231,4.276281008902076
3232,4.576550218340612
3233,4.528997633136094
3234,4.528997633136094
3235,143.4589017620082
3236,143.4589017620082
3237,143.4589017620082
3238,143.4589017620082
3239,4.528997633136094
3240,143.4589017620082
3241,143.4589017620082
3242,2.2781380090497736
3243,143.4589017620082
3244,143.4589017620082
3245,4.528997633136094
3246,143.4589017620082
3247,4.528997633136094
3248,143.4589017620082
3249,143.4589017620082
3250,143.4589017620082
3251,143.4589017620082
3252,143.4589017620082
3253,143.4589017620082
3254,143.4589017620082
3255,4.528997633136094
3256,4.528997633136094
3257,143.4589017620082
3258,4.528997633136094
3259,143.4589017620082
3260,4.528997633136094
3261,143.4589017620082
3262,143.4589017620082
3263,4.528997633136094
3264,2.2781380090497736
3265,143.4589017620082
3266,4.576550218340612
3267,4.528997633136094
3268,4.528997633136094
3269,4.528997633136094
3270,143.4589017620082
3271,143.4589017620082
3272,4.276281008902076
3273,143.4589017620082
3274,143.4589017620082
3275,143.4589017620082
3276,143.4589017620082
3277,4.528997633136094
3278,4.528997633136094
3279,4.528997633136094
3280,143.4589017620082
3281,143.4589017620082
3282,4.528997633136094
3283,143.4589017620082
3284,143.4589017620082
3285,143.4589017620082
3286,4.528997633136094
3287,143.4589017620082
3288,143.4589017620082
3289,1.933959825327511
3290,143.4589017620082
3291,143.4589017620082
3292,2.2781380090497736
3293,143.4589017620082
3294,143.4589017620082
3295,143.4589017620082
3296,143.4589017620082
3297,143.4589017620082
3298,4.276281008902076
3299,143.4589017620082
3300,4.276281008902076
3301,143.4589017620082
3302,143.4589017620082
3303,143.4589017620082
3304,143.4589017620082
3305,4.276281008902076
3306,4.576550218340612
3307,143.4589017620082
3308,2.2781380090497736
3309,4.528997633136094
3310,143.4589017620082
3311,4.528997633136094
3312,4.528997633136094
3313,4.276281008902076
3314,6.3462990990991
3315,4.528997633136094
3316,143.4589017620082
3317,143.4589017620082
3318,143.4589017620082
3319,1.933959825327511
3320,4.528997633136094
3321,4.528997633136094
3322,143.4589017620082
3323,4.276281008902076
3324,4.528997633136094
3325,143.4589017620082
3326,143.4589017620082
3327,143.4589017620082
3328,4.528997633136094
3329,1.933959825327511
3330,143.4589017620082
3331,143.4589017620082
3332,4.528997633136094
3333,143.4589017620082
3334,143.4589017620082
3335,4.528997633136094
3336,4.576550218340612
3337,4.528997633136094
3338,1.933959825327511
3339,143.4589017620082
3340,143.4589017620082
3341,143.4589017620082
3342,143.4589017620082
3343,143.4589017620082
3344,2.2781380090497736
3345,143.4589017620082
3346,143.4589017620082
3347,143.4589017620082
3348,143.4589017620082
3349,4.528997633136094
3350,4.528997633136094
3351,4.528997633136094
3352,1.933959825327511
3353,143.4589017620082
3354,143.4589017620082
3355,4.528997633136094
3356,143.4589017620082
3357,2.2781380090497736
3358,143.4589017620082
3359,143.4589017620082
3360,143.4589017620082
3361,4.528997633136094
3362,4.528997633136094
3363,4.528997633136094
3364,143.4589017620082
3365,143.4589017620082
3366,143.4589017620082
3367,4.576550218340612
3368,143.4589017620082
3369,4.276281008902076
3370,143.4589017620082
3371,143.4589017620082
3372,143.4589017620082
3373,143.4589017620082
3374,143.4589017620082
3375,2.2781380090497736
3376,4.528997633136094
3377,143.4589017620082
3378,4.276281008902076
3379,143.4589017620082
3380,143.4589017620082
3381,4.528997633136094
3382,143.4589017620082
3383,4.528997633136094
3384,143.4589017620082
3385,4.276281008902076
3386,143.4589017620082
3387,1.933959825327511
3388,143.4589017620082
3389,143.4589017620082
3390,2.2781380090497736
3391,6.3462990990991
3392,6.3462990990991
3393,143.4589017620082
3394,143.4589017620082
3395,6.3462990990991
3396,4.528997633136094
3397,143.4589017620082
3398,4.528997633136094
3399,143.4589017620082
3400,143.4589017620082
3401,4.528997633136094
3402,2.2781380090497736
3403,143.4589017620082
3404,143.4589017620082
3405,143.4589017620082
3406,143.4589017620082
3407,4.528997633136094
3408,143.4589017620082
3409,143.4589017620082
3410,4.528997633136094
3411,4.276281008902076
3412,143.4589017620082
3413,1.933959825327511
3414,4.528997633136094
3415,143.4589017620082
3416,143.4589017620082
3417,143.4589017620082
3418,143.4589017620082
3419,143.4589017620082
3420,143.4589017620082
3421,143.4589017620082
3422,143.4589017620082
3423,1.933959825327511
3424,2.2781380090497736
3425,143.4589017620082
3426,2.2781380090497736
3427,143.4589017620082
3428,4.528997633136094
3429,143.4589017620082
3430,143.4589017620082
3431,143.4589017620082
3432,4.528997633136094
3433,143.4589017620082
3434,1.933959825327511
3435,143.4589017620082
3436,143.4589017620082
3437,4.576550218340612
3438,143.4589017620082
3439,143.4589017620082
3440,4.528997633136094
3441,4.576550218340612
3442,143.4589017620082
3443,4.528997633136094
3444,143.4589017620082
3445,4.576550218340612
3446,4.528997633136094
3447,143.4589017620082
3448,4.528997633136094
3449,4.528997633136094
3450,143.4589017620082
3451,143.4589017620082
3452,2.2781380090497736
3453,4.528997633136094
3454,143.4589017620082
3455,4.576550218340612
3456,4.528997633136094
3457,4.576550218340612
3458,4.528997633136094
3459,143.4589017620082
3460,143.4589017620082
3461,4.276281008902076
3462,143.4589017620082
3463,143.4589017620082
3464,4.576550218340612
3465,4.528997633136094
3466,4.528997633136094
3467,143.4589017620082
3468,143.4589017620082
3469,143.4589017620082
3470,143.4589017620082
3471,143.4589017620082
3472,143.4589017620082
3473,4.528997633136094
3474,4.528997633136094
3475,4.528997633136094
3476,143.4589017620082
3477,4.528997633136094
3478,4.528997633136094
3479,4.528997633136094
3480,143.4589017620082
3481,143.4589017620082
3482,143.4589017620082
3483,143.4589017620082
3484,143.4589017620082
3485,1.933959825327511
3486,143.4589017620082
3487,4.528997633136094
3488,4.576550218340612
3489,4.528997633136094
3490,4.276281008902076
3491,4.528997633136094
3492,4.528997633136094
3493,143.4589017620082
3494,143.4589017620082
3495,4.528997633136094
3496,143.4589017620082
3497,4.276281008902076
3498,4.528997633136094
3499,143.4589017620082
3500,143.4589017620082
3501,143.4589017620082
3502,4.528997633136094
3503,4.528997633136094
3504,143.4589017620082
3505,143.4589017620082
3506,143.4589017620082
3507,4.528997633136094
3508,2.2781380090497736
3509,4.528997633136094
3510,143.4589017620082
3511,1.933959825327511
3512,143.4589017620082
3513,143.4589017620082
3514,4.528997633136094
3515,143.4589017620082
3516,4.276281008902076
3517,143.4589017620082
3518,4.528997633136094
3519,143.4589017620082
3520,143.4589017620082
3521,1.933959825327511
3522,143.4589017620082
3523,4.528997633136094
3524,4.528997633136094
3525,4.528997633136094
3526,143.4589017620082
3527,1.933959825327511
3528,143.4589017620082
3529,143.4589017620082
3530,4.276281008902076
3531,143.4589017620082
3532,143.4589017620082
3533,143.4589017620082
3534,4.528997633136094
3535,143.4589017620082
3536,4.276281008902076
3537,143.4589017620082
3538,4.276281008902076
3539,143.4589017620082
3540,143.4589017620082
3541,143.4589017620082
3542,4.528997633136094
3543,143.4589017620082
3544,143.4589017620082
3545,4.528997633136094
3546,4.276281008902076
3547,143.4589017620082
3548,4.276281008902076
3549,1.933959825327511
3550,4.528997633136094
3551,4.528997633136094
3552,4.528997633136094
3553,4.528997633136094
3554,143.4589017620082
3555,4.276281008902076
3556,2.2781380090497736
3557,143.4589017620082
3558,6.3462990990991
3559,143.4589017620082
3560,143.4589017620082
3561,6.3462990990991
3562,143.4589017620082
3563,143.4589017620082
3564,4.528997633136094
3565,4.528997633136094
3566,143.4589017620082
3567,1.933959825327511
3568,143.4589017620082
3569,143.4589017620082
3570,143.4589017620082
3571,143.4589017620082
3572,1.933959825327511
3573,4.528997633136094
3574,4.528997633136094
3575,2.2781380090497736
3576,4.528997633136094
3577,4.528997633136094
3578,143.4589017620082
3579,1.933959825327511
3580,143.4589017620082
3581,143.4589017620082
3582,143.4589017620082
3583,143.4589017620082
3584,4.528997633136094
3585,143.4589017620082
3586,6.3462990990991
3587,143.4589017620082
3588,4.528997633136094
3589,143.4589017620082
3590,2.2781380090497736
3591,4.528997633136094
3592,143.4589017620082
3593,4.528997633136094
3594,143.4589017620082
3595,4.528997633136094
3596,143.4589017620082
3597,143.4589017620082
3598,143.4589017620082
3599,143.4589017620082
3600,4.528997633136094
3601,143.4589017620082
3602,143.4589017620082
3603,6.3462990990991
3604,4.276281008902076
3605,143.4589017620082
3606,1.933959825327511
3607,4.528997633136094
3608,143.4589017620082
3609,143.4589017620082
3610,143.4589017620082
3611,4.528997633136094
3612,143.4589017620082
3613,4.276281008902076
3614,4.576550218340612
3615,4.576550218340612
3616,143.4589017620082
3617,6.3462990990991
3618,4.528997633136094
3619,143.4589017620082
3620,143.4589017620082
3621,143.4589017620082
3622,4.528997633136094
3623,143.4589017620082
3624,143.4589017620082
3625,143.4589017620082
3626,143.4589017620082
3627,143.4589017620082
3628,4.528997633136094
3629,143.4589017620082
3630,143.4589017620082
3631,143.4589017620082
3632,143.4589017620082
3633,143.4589017620082
3634,143.4589017620082
3635,143.4589017620082
3636,4.528997633136094
3637,143.4589017620082
3638,143.4589017620082
3639,4.528997633136094
3640,143.4589017620082
3641,143.4589017620082
3642,143.4589017620082
3643,143.4589017620082
3644,6.3462990990991
3645,143.4589017620082
3646,2.2781380090497736
3647,4.528997633136094
3648,143.4589017620082
3649,143.4589017620082
3650,4.528997633136094
3651,143.4589017620082
3652,143.4589017620082
3653,143.4589017620082
3654,143.4589017620082
3655,1.933959825327511
3656,143.4589017620082
3657,4.528997633136094
3658,4.528997633136094
3659,4.576550218340612
3660,6.3462990990991
3661,143.4589017620082
3662,1.933959825327511
3663,4.528997633136094
3664,143.4589017620082
3665,4.528997633136094
3666,143.4589017620082
3667,143.4589017620082
3668,143.4589017620082
3669,143.4589017620082
3670,4.528997633136094
3671,6.3462990990991
3672,143.4589017620082
3673,4.528997633136094
3674,143.4589017620082
3675,143.4589017620082
3676,143.4589017620082
3677,143.4589017620082
3678,143.4589017620082
3679,4.576550218340612
3680,4.528997633136094
3681,143.4589017620082
3682,143.4589017620082
3683,143.4589017620082
3684,143.4589017620082
3685,143.4589017620082
3686,143.4589017620082
3687,143.4589017620082
3688,143.4589017620082
3689,4.528997633136094
3690,143.4589017620082
3691,143.4589017620082
3692,143.4589017620082
3693,143.4589017620082
3694,4.276281008902076
3695,143.4589017620082
3696,143.4589017620082
3697,2.2781380090497736
3698,143.4589017620082
3699,4.576550218340612
3700,4.528997633136094
3701,143.4589017620082
3702,2.2781380090497736
3703,4.576550218340612
3704,4.276281008902076
3705,2.2781380090497736
3706,143.4589017620082
3707,143.4589017620082
3708,143.4589017620082
3709,4.528997633136094
3710,4.576550218340612
3711,143.4589017620082
3712,143.4589017620082
3713,4.528997633136094
3714,143.4589017620082
3715,4.528997633136094
3716,1.933959825327511
3717,143.4589017620082
3718,143.4589017620082
3719,143.4589017620082
3720,143.4589017620082
3721,4.528997633136094
3722,4.528997633136094
3723,2.2781380090497736
3724,1.933959825327511
3725,143.4589017620082
3726,1.933959825327511
3727,143.4589017620082
3728,143.4589017620082
3729,143.4589017620082
3730,143.4589017620082
3731,143.4589017620082
3732,4.528997633136094
3733,143.4589017620082
3734,4.528997633136094
3735,4.528997633136094
3736,143.4589017620082
3737,4.276281008902076
3738,143.4589017620082
3739,143.4589017620082
3740,143.4589017620082
3741,143.4589017620082
3742,143.4589017620082
3743,1.933959825327511
3744,143.4589017620082
3745,143.4589017620082
3746,4.528997633136094
3747,4.528997633136094
3748,143.4589017620082
3749,143.4589017620082
3750,1.933959825327511
3751,143.4589017620082
3752,143.4589017620082
3753,4.528997633136094
3754,4.576550218340612
3755,143.4589017620082
3756,4.528997633136094
3757,143.4589017620082
3758,4.528997633136094
3759,143.4589017620082
3760,1.933959825327511
3761,4.528997633136094
3762,4.528997633136094
3763,143.4589017620082
3764,143.4589017620082
3765,143.4589017620082
3766,6.3462990990991
3767,143.4589017620082
3768,143.4589017620082
3769,1.933959825327511
3770,143.4589017620082
3771,4.528997633136094
3772,143.4589017620082
3773,143.4589017620082
3774,4.528997633136094
3775,4.528997633136094
3776,143.4589017620082
3777,4.528997633136094
3778,143.4589017620082
3779,143.4589017620082
3780,4.276281008902076
3781,4.528997633136094
3782,2.2781380090497736
3783,4.528997633136094
3784,4.528997633136094
3785,143.4589017620082
3786,143.4589017620082
3787,4.528997633136094
3788,4.528997633136094
3789,143.4589017620082
3790,6.3462990990991
3791,4.528997633136094
3792,4.528997633136094
3793,143.4589017620082
3794,143.4589017620082
3795,143.4589017620082
3796,143.4589017620082
3797,4.528997633136094
3798,143.4589017620082
3799,143.4589017620082
3800,143.4589017620082
3801,143.4589017620082
3802,143.4589017620082
3803,143.4589017620082
3804,143.4589017620082
3805,4.528997633136094
3806,2.2781380090497736
3807,143.4589017620082
3808,4.528997633136094
3809,143.4589017620082
3810,4.528997633136094
3811,4.576550218340612
3812,143.4589017620082
3813,4.528997633136094
3814,143.4589017620082
3815,4.276281008902076
3816,4.528997633136094
3817,143.4589017620082
3818,4.528997633136094
3819,4.528997633136094
3820,143.4589017620082
3821,4.276281008902076
3822,6.3462990990991
3823,143.4589017620082
3824,4.528997633136094
3825,143.4589017620082
3826,4.528997633136094
3827,143.4589017620082
3828,143.4589017620082
3829,4.528997633136094
3830,143.4589017620082
3831,143.4589017620082
3832,1.933959825327511
3833,143.4589017620082
3834,143.4589017620082
3835,4.528997633136094
3836,6.3462990990991
3837,4.528997633136094
3838,6.3462990990991
3839,143.4589017620082
3840,6.3462990990991
3841,143.4589017620082
3842,4.528997633136094
3843,143.4589017620082
3844,4.576550218340612
3845,4.528997633136094
3846,4.528997633136094
3847,143.4589017620082
3848,143.4589017620082
3849,143.4589017620082
3850,143.4589017620082
3851,143.4589017620082
3852,143.4589017620082
3853,4.528997633136094
3854,143.4589017620082
3855,1.933959825327511
3856,143.4589017620082
3857,4.528997633136094
3858,4.528997633136094
3859,143.4589017620082
3860,4.276281008902076
3861,143.4589017620082
3862,143.4589017620082
3863,4.528997633136094
3864,4.528997633136094
3865,143.4589017620082
3866,4.528997633136094
3867,143.4589017620082
3868,4.528997633136094
3869,4.528997633136094
3870,143.4589017620082
3871,143.4589017620082
3872,4.528997633136094
3873,143.4589017620082
3874,143.4589017620082
3875,143.4589017620082
3876,143.4589017620082
3877,143.4589017620082
3878,143.4589017620082
3879,143.4589017620082
3880,4.528997633136094
3881,4.528997633136094
3882,4.528997633136094
3883,143.4589017620082
3884,143.4589017620082
3885,4.528997633136094
3886,4.528997633136094
3887,4.528997633136094
3888,4.528997633136094
3889,143.4589017620082
3890,2.2781380090497736
3891,4.528997633136094
3892,143.4589017620082
3893,4.528997633136094
3894,143.4589017620082
3895,143.4589017620082
3896,143.4589017620082
3897,143.4589017620082
3898,143.4589017620082
3899,1.933959825327511
3900,143.4589017620082
3901,143.4589017620082
3902,4.528997633136094
3903,143.4589017620082
3904,143.4589017620082
3905,4.528997633136094
3906,4.276281008902076
3907,143.4589017620082
3908,143.4589017620082
3909,4.528997633136094
3910,4.576550218340612
3911,143.4589017620082
3912,4.528997633136094
3913,143.4589017620082
3914,143.4589017620082
3915,6.3462990990991
3916,4.528997633136094
3917,4.576550218340612
3918,143.4589017620082
3919,4.528997633136094
3920,143.4589017620082
3921,143.4589017620082
3922,4.576550218340612
3923,4.276281008902076
3924,143.4589017620082
3925,143.4589017620082
3926,4.276281008902076
3927,143.4589017620082
3928,4.276281008902076
3929,4.528997633136094
3930,6.3462990990991
3931,143.4589017620082
3932,4.528997633136094
3933,4.276281008902076
3934,4.528997633136094
3935,143.4589017620082
3936,4.276281008902076
3937,4.528997633136094
3938,4.528997633136094
3939,143.4589017620082
3940,4.528997633136094
3941,4.528997633136094
3942,4.276281008902076
3943,4.528997633136094
3944,4.576550218340612
3945,143.4589017620082
3946,143.4589017620082
3947,143.4589017620082
3948,143.4589017620082
3949,6.3462990990991
3950,143.4589017620082
3951,1.933959825327511
3952,143.4589017620082
3953,143.4589017620082
3954,4.528997633136094
3955,4.528997633136094
3956,143.4589017620082
3957,143.4589017620082
3958,143.4589017620082
3959,143.4589017620082
3960,6.3462990990991
3961,4.576550218340612
3962,143.4589017620082
3963,4.528997633136094
3964,143.4589017620082
3965,4.528997633136094
3966,4.528997633136094
3967,4.528997633136094
3968,143.4589017620082
3969,143.4589017620082
3970,4.528997633136094
3971,4.528997633136094
3972,4.528997633136094
3973,4.528997633136094
3974,143.4589017620082
3975,143.4589017620082
3976,4.528997633136094
3977,4.528997633136094
3978,4.576550218340612
3979,143.4589017620082
3980,143.4589017620082
3981,143.4589017620082
3982,4.528997633136094
3983,4.528997633136094
3984,143.4589017620082
3985,143.4589017620082
3986,143.4589017620082
3987,143.4589017620082
3988,4.528997633136094
3989,143.4589017620082
3990,143.4589017620082
3991,143.4589017620082
3992,4.528997633136094
3993,4.276281008902076
3994,143.4589017620082
3995,143.4589017620082
3996,4.528997633136094
3997,143.4589017620082
3998,4.528997633136094
3999,143.4589017620082
4000,4.528997633136094
4001,4.276281008902076
4002,143.4589017620082
4003,143.4589017620082
4004,2.2781380090497736
4005,143.4589017620082
4006,143.4589017620082
4007,4.528997633136094
4008,4.528997633136094
4009,6.3462990990991
4010,143.4589017620082
4011,4.528997633136094
4012,4.528997633136094
4013,143.4589017620082
4014,4.528997633136094
4015,4.276281008902076
4016,143.4589017620082
4017,143.4589017620082
4018,143.4589017620082
4019,4.528997633136094
4020,1.933959825327511
4021,143.4589017620082
4022,143.4589017620082
4023,4.528997633136094
4024,143.4589017620082
4025,143.4589017620082
4026,143.4589017620082
4027,143.4589017620082
4028,143.4589017620082
4029,4.276281008902076
4030,2.2781380090497736
4031,143.4589017620082
4032,143.4589017620082
4033,4.528997633136094
4034,143.4589017620082
4035,143.4589017620082
4036,4.276281008902076
4037,2.2781380090497736
4038,4.576550218340612
4039,4.528997633136094
4040,143.4589017620082
4041,143.4589017620082
4042,143.4589017620082
4043,143.4589017620082
4044,4.528997633136094
4045,143.4589017620082
4046,4.528997633136094
4047,4.528997633136094
4048,143.4589017620082
4049,143.4589017620082
4050,143.4589017620082
4051,143.4589017620082
4052,2.2781380090497736
4053,4.528997633136094
4054,6.3462990990991
4055,4.528997633136094
4056,143.4589017620082
4057,4.528997633136094
4058,143.4589017620082
4059,143.4589017620082
4060,143.4589017620082
4061,143.4589017620082
4062,4.576550218340612
4063,4.528997633136094
4064,143.4589017620082
4065,2.2781380090497736
4066,143.4589017620082
4067,143.4589017620082
4068,143.4589017620082
4069,143.4589017620082
4070,2.2781380090497736
4071,4.528997633136094
4072,4.528997633136094
4073,4.276281008902076
4074,4.528997633136094
4075,143.4589017620082
4076,143.4589017620082
4077,4.528997633136094
4078,4.528997633136094
4079,4.276281008902076
4080,143.4589017620082
4081,4.528997633136094
4082,143.4589017620082
4083,4.528997633136094
4084,143.4589017620082
4085,143.4589017620082
4086,143.4589017620082
4087,4.528997633136094
4088,4.528997633136094
4089,143.4589017620082
4090,143.4589017620082
4091,4.528997633136094
4092,143.4589017620082
4093,143.4589017620082
4094,4.528997633136094
4095,4.528997633136094
4096,1.933959825327511
4097,4.528997633136094
4098,4.528997633136094
4099,143.4589017620082
4100,143.4589017620082
4101,4.528997633136094
4102,4.528997633136094
4103,143.4589017620082
4104,143.4589017620082
4105,4.528997633136094
4106,143.4589017620082
4107,143.4589017620082
4108,143.4589017620082
4109,143.4589017620082
4110,4.528997633136094
4111,143.4589017620082
4112,143.4589017620082
4113,4.528997633136094
4114,6.3462990990991
4115,143.4589017620082
4116,143.4589017620082
4117,143.4589017620082
4118,143.4589017620082
4119,143.4589017620082
4120,143.4589017620082
4121,143.4589017620082
4122,143.4589017620082
4123,4.528997633136094
4124,143.4589017620082
4125,4.276281008902076
4126,143.4589017620082
4127,4.528997633136094
4128,4.276281008902076
4129,4.276281008902076
4130,4.276281008902076
4131,143.4589017620082
4132,4.276281008902076
4133,4.528997633136094
4134,143.4589017620082
4135,143.4589017620082
4136,143.4589017620082
4137,143.4589017620082
4138,143.4589017620082
4139,143.4589017620082
4140,143.4589017620082
4141,4.528997633136094
4142,143.4589017620082
4143,143.4589017620082
4144,143.4589017620082
4145,143.4589017620082
4146,143.4589017620082
4147,143.4589017620082
4148,143.4589017620082
4149,143.4589017620082
4150,143.4589017620082
4151,143.4589017620082
4152,143.4589017620082
4153,4.528997633136094
4154,143.4589017620082
4155,143.4589017620082
4156,4.528997633136094
4157,143.4589017620082
4158,4.276281008902076
4159,4.528997633136094
4160,143.4589017620082
4161,143.4589017620082
4162,4.276281008902076
4163,143.4589017620082
4164,143.4589017620082
4165,143.4589017620082
4166,143.4589017620082
4167,143.4589017620082
4168,143.4589017620082
4169,4.528997633136094
4170,143.4589017620082
4171,143.4589017620082
4172,4.528997633136094
4173,4.528997633136094
4174,143.4589017620082
4175,143.4589017620082
4176,1.933959825327511
4177,4.528997633136094
4178,143.4589017620082
4179,143.4589017620082
4180,143.4589017620082
4181,143.4589017620082
4182,143.4589017620082
4183,143.4589017620082
4184,143.4589017620082
4185,143.4589017620082
4186,4.528997633136094
4187,143.4589017620082
4188,4.528997633136094
4189,4.528997633136094
4190,143.4589017620082
4191,1.933959825327511
4192,143.4589017620082
4193,143.4589017620082
4194,4.528997633136094
4195,4.528997633136094
4196,143.4589017620082
4197,4.528997633136094
4198,4.528997633136094
4199,4.528997633136094
4200,143.4589017620082
4201,143.4589017620082
4202,143.4589017620082
4203,4.528997633136094
4204,143.4589017620082
4205,6.3462990990991
4206,6.3462990990991
4207,143.4589017620082
4208,143.4589017620082
4209,143.4589017620082
4210,143.4589017620082
4211,4.276281008902076
4212,6.3462990990991
4213,143.4589017620082
4214,4.276281008902076
4215,4.528997633136094
4216,4.528997633136094
4217,4.528997633136094
4218,4.528997633136094
4219,143.4589017620082
4220,143.4589017620082
4221,2.2781380090497736
4222,143.4589017620082
4223,4.528997633136094
4224,4.528997633136094
4225,4.528997633136094
4226,143.4589017620082
4227,4.528997633136094
4228,143.4589017620082
4229,143.4589017620082
4230,4.528997633136094
4231,4.528997633136094
4232,143.4589017620082
4233,4.528997633136094
4234,143.4589017620082
4235,143.4589017620082
4236,143.4589017620082
4237,143.4589017620082
4238,4.528997633136094
4239,143.4589017620082
4240,143.4589017620082
4241,143.4589017620082
4242,143.4589017620082
4243,143.4589017620082
4244,143.4589017620082
4245,4.528997633136094
4246,1.933959825327511
4247,4.528997633136094
4248,4.576550218340612
4249,143.4589017620082
4250,143.4589017620082
4251,143.4589017620082
4252,4.528997633136094
4253,4.528997633136094
4254,4.528997633136094
4255,143.4589017620082
4256,143.4589017620082
4257,143.4589017620082
4258,4.528997633136094
4259,1.933959825327511
4260,143.4589017620082
4261,4.528997633136094
4262,143.4589017620082
4263,143.4589017620082
4264,4.528997633136094
4265,143.4589017620082
4266,4.528997633136094
4267,4.276281008902076
4268,4.576550218340612
4269,143.4589017620082
4270,143.4589017620082
4271,143.4589017620082
4272,4.528997633136094
4273,6.3462990990991
4274,143.4589017620082
4275,4.528997633136094
4276,143.4589017620082
4277,143.4589017620082
4278,143.4589017620082
4279,143.4589017620082
4280,143.4589017620082
4281,143.4589017620082
4282,143.4589017620082
4283,4.276281008902076
4284,4.528997633136094
4285,143.4589017620082
4286,143.4589017620082
4287,1.933959825327511
4288,143.4589017620082
4289,143.4589017620082
4290,143.4589017620082
4291,4.528997633136094
4292,4.528997633136094
4293,143.4589017620082
4294,143.4589017620082
4295,2.2781380090497736
4296,4.528997633136094
4297,4.528997633136094
4298,4.276281008902076
4299,143.4589017620082
4300,143.4589017620082
4301,143.4589017620082
4302,143.4589017620082
4303,2.2781380090497736
4304,143.4589017620082
4305,4.528997633136094
4306,143.4589017620082
4307,2.2781380090497736
4308,143.4589017620082
4309,2.2781380090497736
4310,4.528997633136094
4311,143.4589017620082
4312,143.4589017620082
4313,4.528997633136094
4314,4.528997633136094
4315,143.4589017620082
4316,2.2781380090497736
4317,143.4589017620082
4318,4.528997633136094
4319,143.4589017620082
4320,143.4589017620082
4321,4.528997633136094
4322,143.4589017620082
4323,143.4589017620082
4324,4.528997633136094
4325,4.528997633136094
4326,4.528997633136094
4327,143.4589017620082
4328,143.4589017620082
4329,143.4589017620082
4330,143.4589017620082
4331,4.528997633136094
4332,4.276281008902076
4333,143.4589017620082
4334,4.528997633136094
4335,4.528997633136094
4336,1.933959825327511
4337,4.528997633136094
4338,143.4589017620082
4339,4.576550218340612
4340,143.4589017620082
4341,143.4589017620082
4342,143.4589017620082
4343,143.4589017620082
4344,143.4589017620082
4345,4.528997633136094
4346,4.528997633136094
4347,143.4589017620082
4348,4.528997633136094
4349,143.4589017620082
4350,143.4589017620082
4351,143.4589017620082
4352,143.4589017620082
4353,4.528997633136094
4354,143.4589017620082
4355,143.4589017620082
4356,1.933959825327511
4357,4.528997633136094
4358,143.4589017620082
4359,143.4589017620082
4360,2.2781380090497736
4361,143.4589017620082
4362,4.528997633136094
4363,4.528997633136094
4364,4.576550218340612
4365,1.933959825327511
4366,4.528997633136094
4367,143.4589017620082
4368,143.4589017620082
4369,143.4589017620082
4370,4.528997633136094
4371,143.4589017620082
4372,143.4589017620082
4373,143.4589017620082
4374,4.528997633136094
4375,143.4589017620082
4376,143.4589017620082
4377,6.3462990990991
4378,4.528997633136094
4379,143.4589017620082
4380,4.528997633136094
4381,4.276281008902076
4382,4.528997633136094
4383,143.4589017620082
4384,4.576550218340612
4385,143.4589017620082
4386,143.4589017620082
4387,143.4589017620082
4388,143.4589017620082
4389,4.528997633136094
4390,4.528997633136094
4391,4.528997633136094
4392,4.528997633136094
4393,143.4589017620082
4394,143.4589017620082
4395,4.528997633136094
4396,143.4589017620082
4397,4.528997633136094
4398,6.3462990990991
4399,4.528997633136094
4400,143.4589017620082
4401,4.528997633136094
4402,143.4589017620082
4403,143.4589017620082
4404,143.4589017620082
4405,143.4589017620082
4406,143.4589017620082
4407,143.4589017620082
4408,4.528997633136094
4409,143.4589017620082
4410,143.4589017620082
4411,4.528997633136094
4412,143.4589017620082
4413,143.4589017620082
4414,4.576550218340612
4415,143.4589017620082
4416,143.4589017620082
4417,4.528997633136094
4418,143.4589017620082
4419,143.4589017620082
4420,143.4589017620082
4421,143.4589017620082
4422,143.4589017620082
4423,2.2781380090497736
4424,143.4589017620082
4425,143.4589017620082
4426,4.528997633136094
4427,143.4589017620082
4428,4.528997633136094
4429,4.528997633136094
4430,4.528997633136094
4431,143.4589017620082
4432,4.576550218340612
4433,4.276281008902076
4434,143.4589017620082
4435,4.528997633136094
4436,4.528997633136094
4437,143.4589017620082
4438,143.4589017620082
4439,4.276281008902076
4440,143.4589017620082
4441,4.276281008902076
4442,143.4589017620082
4443,4.276281008902076
4444,143.4589017620082
4445,2.2781380090497736
4446,4.576550218340612
4447,143.4589017620082
4448,4.528997633136094
4449,143.4589017620082
4450,143.4589017620082
4451,143.4589017620082
4452,143.4589017620082
4453,143.4589017620082
4454,4.528997633136094
4455,4.528997633136094
4456,143.4589017620082
4457,4.528997633136094
4458,6.3462990990991
4459,143.4589017620082
4460,2.2781380090497736
4461,143.4589017620082
4462,143.4589017620082
4463,143.4589017620082
4464,4.576550218340612
4465,143.4589017620082
4466,4.528997633136094
4467,143.4589017620082
4468,1.933959825327511
4469,4.528997633136094
4470,4.528997633136094
4471,4.528997633136094
4472,143.4589017620082
4473,4.528997633136094
4474,143.4589017620082
4475,4.528997633136094
4476,143.4589017620082
4477,4.528997633136094
4478,4.528997633136094
4479,143.4589017620082
4480,143.4589017620082
4481,4.576550218340612
4482,143.4589017620082
4483,143.4589017620082
4484,143.4589017620082
4485,143.4589017620082
4486,2.2781380090497736
4487,143.4589017620082
4488,143.4589017620082
4489,143.4589017620082
4490,143.4589017620082
4491,4.528997633136094
4492,143.4589017620082
4493,143.4589017620082
4494,143.4589017620082
4495,4.528997633136094
4496,143.4589017620082
4497,4.528997633136094
4498,143.4589017620082
4499,143.4589017620082
4500,143.4589017620082
4501,4.276281008902076
4502,4.528997633136094
4503,143.4589017620082
4504,143.4589017620082
4505,143.4589017620082
4506,4.528997633136094
4507,143.4589017620082
4508,143.4589017620082
4509,143.4589017620082
4510,1.933959825327511
4511,143.4589017620082
4512,143.4589017620082
4513,143.4589017620082
4514,4.528997633136094
4515,4.528997633136094
4516,4.528997633136094
4517,4.528997633136094
4518,143.4589017620082
4519,143.4589017620082
4520,143.4589017620082
4521,4.528997633136094
4522,143.4589017620082
4523,4.528997633136094
4524,143.4589017620082
4525,143.4589017620082
4526,1.933959825327511
4527,143.4589017620082
4528,143.4589017620082
4529,143.4589017620082
4530,143.4589017620082
4531,4.276281008902076
4532,4.576550218340612
4533,4.528997633136094
4534,143.4589017620082
4535,6.3462990990991
4536,4.528997633136094
4537,1.933959825327511
4538,4.528997633136094
4539,143.4589017620082
4540,143.4589017620082
4541,4.528997633136094
4542,2.2781380090497736
4543,143.4589017620082
4544,143.4589017620082
4545,6.3462990990991
4546,143.4589017620082
4547,6.3462990990991
4548,143.4589017620082
4549,4.528997633136094
4550,143.4589017620082
4551,143.4589017620082
4552,143.4589017620082
4553,143.4589017620082
4554,4.528997633136094
4555,143.4589017620082
4556,143.4589017620082
4557,4.528997633136094
4558,4.528997633136094
4559,143.4589017620082
4560,6.3462990990991
4561,6.3462990990991
4562,143.4589017620082
4563,143.4589017620082
4564,143.4589017620082
4565,143.4589017620082
4566,143.4589017620082
4567,143.4589017620082
4568,143.4589017620082
4569,4.528997633136094
4570,143.4589017620082
4571,143.4589017620082
4572,4.528997633136094
4573,4.528997633136094
4574,2.2781380090497736
4575,4.528997633136094
4576,143.4589017620082
4577,143.4589017620082
4578,143.4589017620082
4579,143.4589017620082
4580,2.2781380090497736
4581,143.4589017620082
4582,143.4589017620082
4583,4.528997633136094
4584,143.4589017620082
4585,143.4589017620082
4586,4.276281008902076
4587,2.2781380090497736
4588,4.276281008902076
4589,4.528997633136094
4590,4.528997633136094
4591,143.4589017620082
4592,4.528997633136094
4593,143.4589017620082
4594,143.4589017620082
4595,4.528997633136094
4596,143.4589017620082
4597,143.4589017620082
4598,4.576550218340612
4599,143.4589017620082
4600,143.4589017620082
4601,6.3462990990991
4602,4.528997633136094
4603,4.576550218340612
4604,143.4589017620082
4605,2.2781380090497736
4606,143.4589017620082
4607,143.4589017620082
4608,4.528997633136094
4609,143.4589017620082
4610,143.4589017620082
4611,143.4589017620082
4612,4.276281008902076
4613,143.4589017620082
4614,143.4589017620082
4615,143.4589017620082
4616,4.528997633136094
4617,4.528997633136094
4618,4.528997633136094
4619,4.276281008902076
4620,4.528997633136094
4621,143.4589017620082
4622,4.528997633136094
4623,4.528997633136094
4624,4.528997633136094
4625,143.4589017620082
4626,143.4589017620082
4627,4.528997633136094
4628,4.528997633136094
4629,143.4589017620082
4630,4.528997633136094
4631,143.4589017620082
4632,4.528997633136094
4633,143.4589017620082
4634,4.528997633136094
4635,4.528997633136094
4636,143.4589017620082
4637,4.528997633136094
4638,143.4589017620082
4639,143.4589017620082
4640,1.933959825327511
4641,143.4589017620082
4642,143.4589017620082
4643,143.4589017620082
4644,143.4589017620082
4645,4.528997633136094
4646,143.4589017620082
4647,143.4589017620082
4648,143.4589017620082
4649,143.4589017620082
4650,143.4589017620082
4651,143.4589017620082
4652,4.528997633136094
4653,143.4589017620082
4654,143.4589017620082
4655,4.528997633136094
4656,4.528997633136094
4657,4.528997633136094
4658,4.528997633136094
4659,143.4589017620082
4660,4.276281008902076
4661,4.276281008902076
4662,4.276281008902076
4663,143.4589017620082
4664,4.528997633136094
4665,143.4589017620082
4666,143.4589017620082
4667,1.933959825327511
4668,143.4589017620082
4669,143.4589017620082
4670,143.4589017620082
4671,1.933959825327511
4672,2.2781380090497736
4673,143.4589017620082
4674,143.4589017620082
4675,1.933959825327511
4676,143.4589017620082
4677,143.4589017620082
4678,6.3462990990991
4679,143.4589017620082
4680,4.576550218340612
4681,4.528997633136094
4682,143.4589017620082
4683,143.4589017620082
4684,143.4589017620082
4685,143.4589017620082
4686,4.528997633136094
4687,143.4589017620082
4688,143.4589017620082
4689,143.4589017620082
4690,4.276281008902076
4691,4.528997633136094
4692,4.528997633136094
4693,143.4589017620082
4694,4.576550218340612
4695,143.4589017620082
4696,4.528997633136094
4697,2.2781380090497736
4698,4.528997633136094
4699,4.528997633136094
4700,143.4589017620082
4701,4.528997633136094
4702,1.933959825327511
4703,2.2781380090497736
4704,4.528997633136094
4705,143.4589017620082
4706,4.528997633136094
4707,6.3462990990991
4708,4.528997633136094
4709,143.4589017620082
4710,143.4589017620082
4711,4.528997633136094
4712,143.4589017620082
4713,4.528997633136094
4714,4.528997633136094
4715,143.4589017620082
4716,143.4589017620082
4717,6.3462990990991
4718,4.528997633136094
4719,143.4589017620082
4720,143.4589017620082
4721,6.3462990990991
4722,4.576550218340612
4723,4.528997633136094
4724,143.4589017620082
4725,143.4589017620082
4726,4.276281008902076
4727,143.4589017620082
4728,143.4589017620082
4729,4.576550218340612
4730,143.4589017620082
4731,143.4589017620082
4732,143.4589017620082
4733,6.3462990990991
4734,4.528997633136094
4735,4.528997633136094
4736,2.2781380090497736
4737,143.4589017620082
4738,143.4589017620082
4739,143.4589017620082
4740,143.4589017620082
4741,4.528997633136094
4742,143.4589017620082
4743,4.528997633136094
4744,143.4589017620082
4745,143.4589017620082
4746,4.528997633136094
4747,2.2781380090497736
4748,4.528997633136094
4749,4.528997633136094
4750,6.3462990990991
4751,4.528997633136094
4752,143.4589017620082
4753,143.4589017620082
4754,143.4589017620082
4755,4.576550218340612
4756,1.933959825327511
4757,4.528997633136094
4758,143.4589017620082
4759,143.4589017620082
4760,4.528997633136094
4761,4.528997633136094
4762,143.4589017620082
4763,143.4589017620082
4764,4.528997633136094
4765,143.4589017620082
4766,143.4589017620082
4767,143.4589017620082
4768,143.4589017620082
4769,143.4589017620082
4770,143.4589017620082
4771,143.4589017620082
4772,4.528997633136094
4773,4.528997633136094
4774,143.4589017620082
4775,2.2781380090497736
4776,4.528997633136094
4777,143.4589017620082
4778,6.3462990990991
4779,143.4589017620082
4780,4.528997633136094
4781,143.4589017620082
4782,4.528997633136094
4783,4.576550218340612
4784,4.528997633136094
4785,143.4589017620082
4786,143.4589017620082
4787,4.528997633136094
4788,4.528997633136094
4789,4.528997633136094
4790,143.4589017620082
4791,143.4589017620082
4792,4.528997633136094
4793,143.4589017620082
4794,143.4589017620082
4795,143.4589017620082
4796,4.528997633136094
4797,143.4589017620082
4798,4.528997633136094
4799,4.576550218340612
4800,143.4589017620082
4801,4.528997633136094
4802,4.528997633136094
4803,143.4589017620082
4804,4.276281008902076
4805,143.4589017620082
4806,4.528997633136094
4807,4.528997633136094
4808,143.4589017620082
4809,143.4589017620082
4810,1.933959825327511
4811,1.933959825327511
4812,4.276281008902076
4813,143.4589017620082
4814,143.4589017620082
4815,2.2781380090497736
4816,4.276281008902076
4817,4.528997633136094
4818,1.933959825327511
4819,143.4589017620082
4820,4.528997633136094
4821,143.4589017620082
4822,143.4589017620082
4823,4.528997633136094
4824,4.528997633136094
4825,143.4589017620082
4826,4.276281008902076
4827,4.528997633136094
4828,143.4589017620082
4829,143.4589017620082
4830,143.4589017620082
4831,143.4589017620082
4832,6.3462990990991
4833,4.576550218340612
4834,143.4589017620082
4835,4.576550218340612
4836,4.528997633136094
4837,143.4589017620082
4838,143.4589017620082
4839,143.4589017620082
4840,4.528997633136094
4841,143.4589017620082
4842,143.4589017620082
4843,4.528997633136094
4844,4.528997633136094
4845,4.528997633136094
4846,6.3462990990991
4847,4.276281008902076
4848,4.528997633136094
4849,4.528997633136094
4850,4.528997633136094
4851,4.528997633136094
4852,143.4589017620082
4853,143.4589017620082
4854,4.276281008902076
4855,4.528997633136094
4856,143.4589017620082
4857,143.4589017620082
4858,143.4589017620082
4859,143.4589017620082
4860,143.4589017620082
4861,143.4589017620082
4862,143.4589017620082
4863,6.3462990990991
4864,4.528997633136094
4865,1.933959825327511
4866,2.2781380090497736
4867,2.2781380090497736
4868,143.4589017620082
4869,2.2781380090497736
4870,143.4589017620082
4871,6.3462990990991
4872,1.933959825327511
4873,143.4589017620082
4874,143.4589017620082
4875,4.528997633136094
4876,143.4589017620082
4877,6.3462990990991
4878,143.4589017620082
4879,143.4589017620082
4880,4.528997633136094
4881,4.528997633136094
4882,143.4589017620082
4883,1.933959825327511
4884,143.4589017620082
4885,143.4589017620082
4886,143.4589017620082
4887,4.276281008902076
4888,143.4589017620082
4889,143.4589017620082
4890,143.4589017620082
4891,143.4589017620082
4892,4.276281008902076
4893,4.528997633136094
4894,143.4589017620082
4895,4.528997633136094
4896,4.528997633136094
4897,4.528997633136094
4898,143.4589017620082
4899,143.4589017620082
4900,4.528997633136094
4901,143.4589017620082
4902,4.576550218340612
4903,143.4589017620082
4904,143.4589017620082
4905,143.4589017620082
4906,143.4589017620082
4907,143.4589017620082
4908,4.528997633136094
4909,143.4589017620082
4910,143.4589017620082
4911,143.4589017620082
4912,4.528997633136094
4913,143.4589017620082
4914,143.4589017620082
4915,4.528997633136094
4916,4.528997633136094
4917,4.528997633136094
4918,4.528997633136094
4919,143.4589017620082
4920,1.933959825327511
4921,143.4589017620082
4922,143.4589017620082
4923,143.4589017620082
4924,4.528997633136094
4925,1.933959825327511
4926,2.2781380090497736
4927,4.528997633136094
4928,4.528997633136094
4929,143.4589017620082
4930,143.4589017620082
4931,143.4589017620082
4932,4.528997633136094
4933,143.4589017620082
4934,143.4589017620082
4935,143.4589017620082
4936,143.4589017620082
4937,143.4589017620082
4938,143.4589017620082
4939,143.4589017620082
4940,4.528997633136094
