id,target
1,4.240602440542901
2,2.569020561667851
3,311.44864485016876
4,-20.70927423134167
5,4.512427761387179
6,6.727044131868067
7,5.3816424381001395
8,65.94151308958872
9,81.9749026247221
10,47.890139755204984
11,37.337500467177726
12,-5.745711864501095
13,254.00366760750245
14,184.33291985545924
15,3.763436075837336
16,265.01859094989663
17,3.2703961235799976
18,88.4279094366344
19,3.194603557325551
20,6.495087077701949
21,-66.85632304280004
22,59.612008387895365
23,3.317647911927352
24,2.9197328548887915
25,20.962143538417145
26,78.97014012752354
27,1.104088003855044
28,157.8348382743411
29,45.518248993962395
30,3.728357946093472
31,6.532821918245311
32,34.07647248639545
33,51.481107272803186
34,4.251015116779701
35,2.310111417770415
36,5.585271395461944
37,269.48741902013364
38,230.58072223963887
39,64.2800274212142
40,120.67604984169306
41,-50.84853801275736
42,2.3023053106605453
43,5.97647200961631
44,4.4986502799886745
45,97.312466119037
46,44.36450629277926
47,3.019820895976835
48,-82.4883941334683
49,4.347898722001357
50,1.8042226632274132
51,238.1988632231234
52,3.2804242475989978
53,2.0233365834651273
54,69.22981827202926
55,2.965211877900947
56,4.439291254780365
57,5.644933988650679
58,152.07326822198698
59,230.3861891183007
60,6.863734828143405
61,2.221590702162508
62,220.14799883934603
63,6.66907330753701
64,2.8140857248612434
65,2.143123722678321
66,4.874026375284303
67,5.013677575775767
68,200.39869922479105
69,128.1733067426465
70,1.8866376122719868
71,2.535659446089206
72,2.403545074475648
73,30.043279136859542
74,248.98534418192236
75,207.9228217965884
76,6.412076983065884
77,5.9771039205215635
78,128.3218925604906
79,275.85669603389255
80,3.791221874691422
81,39.53827110060729
82,4.192767277936703
83,169.7893182830331
84,36.215684912682995
85,6.943089069293977
86,2.29441820756166
87,51.27061261758796
88,213.19746789818552
89,6.008770599821864
90,5.329702385067893
91,49.342582530364595
92,43.99974371227007
93,33.60546374631861
94,5.76784534986136
95,3.917270417066731
96,3.081060874793099
97,6.8940374141032645
98,221.68469144283728
99,81.49970407854028
100,280.83139594653426
101,5.799504897623998
102,253.3381139651965
103,3.0143586184684947
104,6.633750309884358
105,122.43531448506164
106,-23.762502174970177
107,275.7676382523861
108,2.686450244861879
109,186.43165580103525
110,3.4381700467206833
111,55.30805562287427
112,2.1369808592922976
113,156.64295633289476
114,6.66270418931842
115,5.61654698988566
116,397.9685141890493
117,198.33022298897856
118,163.76943783892335
119,231.00177173054243
120,335.3413481721393
121,143.47442544951105
122,3.7786843027101487
123,94.8057529725377
124,263.0128545290493
125,125.95791143476475
126,6.286436569783278
127,122.140331014893
128,3.795392605394634
129,224.23477179928392
130,83.09132030897382
131,64.68929824522154
132,-15.86477590805924
133,-104.3465824918372
134,327.3194192851576
135,5.879797450950018
136,1.821277603051656
137,141.13236246553873
138,5.807923412477265
139,199.4360926576963
140,288.526890227626
141,52.811043160014314
142,-20.487799205451516
143,63.61417000850865
144,15.782974122040384
145,6.746778097010653
146,168.77163136427183
147,211.03192056771508
148,1.9173652534243504
149,295.6401108956082
150,51.60484969989331
151,288.04868867827395
152,237.11339237532184
153,174.68942623145753
154,43.32231638948044
155,4.229384580705232
156,216.22914652272777
157,119.17260756149956
158,145.65219268082743
159,144.05487449434904
160,6.307746447268332
161,63.34472531999096
162,4.660985948767478
163,295.2304647821223
164,3.0490871047994252
165,71.62057626351262
166,209.8943726355528
167,328.9527391278719
168,7.607384350189158
169,1.8631953529289396
170,222.47455750333796
171,3.0736366176171317
172,4.337649018376446
173,-50.29351028917057
174,4.164264422625417
175,5.598752525971831
176,139.82937405082913
177,73.82307287177004
178,314.91922752365184
179,113.71731616818248
180,214.6629465263977
181,6.69264922693464
182,2.808222531155392
183,284.1756054477971
184,7.8009192994424845
185,1.6255566984047023
186,3.4583685555072465
187,2.83961413491932
188,3.928227796212497
189,65.02630065307352
190,4.43269604526818
191,2.3779196017527413
192,33.56866691050179
193,3.2355079960905884
194,319.7473171872625
195,98.7185738973117
196,282.6678613842474
197,114.03571710336472
198,222.58606313506908
199,47.68811441376362
200,2.352110856848934
201,3.3465050122470967
202,80.19738265238644
203,50.41273813693984
204,4.5414453335512395
205,277.8633127065913
206,67.58872936096475
207,209.54207819081583
208,136.18357641043323
209,68.90689828018745
210,162.43465019324012
211,66.3030840835807
212,104.9208551200466
213,263.5208465484766
214,74.74253976460645
215,25.926349312541483
216,169.76503920463028
217,100.03727220121328
218,156.89161877609135
219,204.93417286655543
220,5.824062853343403
221,214.2789581464235
222,154.0869283895738
223,3.092809499148392
224,190.2001842452471
225,271.00706887488536
226,169.67480210580743
227,50.97856949386219
228,268.8640061846862
229,271.7183761324287
230,0.8302492167070772
231,215.13716568232223
232,47.92706831569612
233,58.229074654910335
234,259.1871823675299
235,110.24637205872936
236,2.253249838462289
237,6.45549767949674
238,39.40573764083553
239,6.411805737465578
240,177.76257813864078
241,316.8204268171445
242,236.8886276486678
243,4.367714582549253
244,4.401642398966512
245,48.82251826612527
246,141.82277840229943
247,140.55164890006813
248,5.34751957383398
249,5.706587923561207
250,63.18756417463079
251,58.73073396574664
252,200.22567102405765
253,8.025743215777778
254,192.15004208444208
255,-57.33077331243646
256,6.553453298031581
257,2.033973016010136
258,79.68522019655036
259,277.66703478574607
260,2.0722181185957
261,5.627451366785845
262,6.264385847629474
263,-26.49974941320989
264,3.7072106247931087
265,3.4397407827073905
266,2.0498556102560537
267,3.6145863367547566
268,1.6335278481119713
269,199.30349937753292
270,3.158451253389882
271,166.5240496208456
272,138.56816961924224
273,4.636620077002387
274,4.2505838649251695
275,319.89567943638997
276,166.6008632933538
277,186.48431999015327
278,-69.19161526274509
279,4.437675562793648
280,184.62013963436303
281,5.15013106423012
282,211.8943035202729
283,188.87446067878176
284,142.6615785411435
285,248.61997731022737
286,139.9478841815268
287,229.30183028217616
288,6.394813016126931
289,144.9007000401153
290,4.881459796382158
291,50.88070139143288
292,4.264373420809052
293,90.332888189314
294,119.91637847099403
295,6.011161217509511
296,121.7382726094596
297,53.44425162179124
298,-59.135553091459855
299,202.05755350386556
300,5.747318225228715
301,3.976879064231032
302,4.667451234897744
303,4.649874508997972
304,4.036291230637125
305,4.7476919944979175
306,235.9253638561583
307,3.0777208157680844
308,3.116893962520947
309,125.14026477603812
310,2.167677046498236
311,2.137496892933111
312,3.6642056282081343
313,140.5297193007318
314,4.199507297699958
315,-1.2351044057138263
316,2.128277401866364
317,4.8362868842368645
318,3.753975891419861
319,75.25484735659805
320,1.8330275021664184
321,6.2685274178262205
322,2.864447885335992
323,1.8158991654622656
324,2.2823150688044835
325,3.402881422634709
326,4.913855964769433
327,43.014009302280506
328,4.873451028814655
329,104.49662604089544
330,52.304765472434234
331,44.80769074584623
332,5.624616924960067
333,3.3878658349426014
334,6.82024375631682
335,143.34723431384117
336,3.8439796839527025
337,2.33262178528675
338,130.14904162407294
339,44.95432970324022
340,287.3161364977366
341,130.46949297764104
342,83.91464353798617
343,3.4807973279667705
344,2.732938414304394
345,117.90858541082564
346,3.1335926810849375
347,5.535117448059564
348,93.62542422938104
349,-66.67660125075315
350,111.76958230925727
351,240.2624084124072
352,23.875668293343793
353,1.0456739251589715
354,5.862664900315322
355,365.4809471676507
356,214.98084856164704
357,3.274453027993379
358,25.627522070839497
359,4.526068426949018
360,139.45143611654595
361,4.533254370595581
362,5.242748396557983
363,34.85710718221344
364,4.413822296666208
365,5.469010283757522
366,73.86823402249911
367,4.576270050894181
368,238.63461337085928
369,5.245018973801518
370,-17.504626941009313
371,246.8672712508896
372,55.649430466710754
373,165.56266549222792
374,5.991917031835338
375,109.67898421591076
376,3.058251031830031
377,2.8047497571258617
378,4.010865129892859
379,3.217470773274097
380,0.5057920387345758
381,5.922096452042642
382,7.23104360329489
383,173.07152211742695
384,1.801681053327698
385,3.650118873108548
386,292.37867030272554
387,2.0498631604003332
388,4.054793610994504
389,78.07894192856604
390,5.421589619230277
391,170.20743949003133
392,6.5294728327024
393,3.8806662610523137
394,317.02669809691355
395,188.22398165984208
396,2.1123578289410583
397,1.7252460966646446
398,7.1766955905710175
399,174.35010330237677
400,226.6982598414509
401,1.6626801272659493
402,6.476908014539192
403,5.901879307153647
404,5.820712825609955
405,18.35926774550149
406,7.5012284670168174
407,-59.539020151856406
408,4.236225674606814
409,2.9865424371272793
410,3.6556090449945087
411,2.5566642266157085
412,-12.710687353415109
413,318.5002411163835
414,5.791003777442837
415,54.29600645013466
416,3.2239015927793746
417,6.795990913650379
418,5.341956000364487
419,5.631750290748204
420,4.622658024988457
421,132.85518846423375
422,185.4963748757233
423,165.4935261286172
424,142.013838502888
425,5.8862540709294935
426,228.07294179175756
427,3.79750346030268
428,255.20378882851767
429,2.271828496370196
430,4.5067684060848245
431,258.31918480380614
432,143.2680406554372
433,19.25892356347695
434,6.231479967444882
435,67.66757683770129
436,237.98500714566737
437,223.67528493312244
438,164.2523788867964
439,5.906270536687232
440,256.8250136468938
441,213.8325915103572
442,125.52843466497164
443,324.9203987053704
444,5.685759501372823
445,6.533229619034722
446,65.14579349071128
447,1.254024639717498
448,6.245363779575503
449,329.8823826755904
450,275.95222274132954
451,147.6251259774173
452,227.48365673546363
453,1.8492305924508696
454,4.117702776329794
455,131.9320135001581
456,2.5490256918630467
457,4.921388850921562
458,264.34869185688274
459,68.30285476847311
460,8.147886436989802
461,136.34668533978794
462,6.539512183910775
463,200.76079790635683
464,5.228864094024041
465,152.4845557072207
466,72.26931039949923
467,2.2850698519477457
468,5.6037764922560305
469,41.94775515867913
470,38.70941940989945
471,1.7796124552787953
472,1.8571751971449344
473,43.119568229550936
474,5.9164170707305646
475,108.58368419856588
476,6.840844435334385
477,2.2646784896149152
478,4.408173429608606
479,213.4198685110916
480,4.853400903189108
481,6.342864256748327
482,227.2170567535751
483,1.7245008517295033
484,205.1870701825702
485,106.8779994121397
486,4.3246627345000785
487,2.4861023145933263
488,211.69072403394583
489,2.7972385749811877
490,4.789252574078118
491,6.586669480669143
492,3.6639994781354464
493,3.944224394717067
494,223.93628147253563
495,5.8035048553378905
496,123.36383933109975
497,6.549912627780052
498,5.466287273580669
499,5.590412593353633
500,13.428402254151482
501,3.4318820567322215
502,314.1139299291831
503,97.14736175149852
504,9.324448527599452
505,1.8511715241894384
506,6.438842354540732
507,332.3115463345389
508,77.19758587014981
509,264.9915530602305
510,4.208660213716497
511,128.2033635325165
512,195.5104793781546
513,239.14124090097033
514,305.3762415213417
515,314.1561010202204
516,220.02954088101305
517,321.65343226072315
518,7.425236772433425
519,45.86083419405224
520,288.59460500357767
521,1.452304613267663
522,3.897747189517321
523,229.78501027503864
524,4.279983608476668
525,171.30573270137762
526,5.855252110110803
527,4.73454127539167
528,4.366533202449338
529,6.42339167580443
530,260.6799672870745
531,106.32949574297972
532,3.710154764775019
533,75.83651803729623
534,4.381584319415193
535,6.7517204974679155
536,5.905106983368064
537,1.3164969205171029
538,5.083324857199409
539,264.41049072374574
540,257.40178604121
541,232.24832230997723
542,82.40846035950825
543,111.40763906810297
544,5.4086491845161335
545,3.976438858844111
546,3.081717679369187
547,2.013096569495634
548,313.03294904066604
549,5.851073605631689
550,242.4576947322517
551,5.803645480668894
552,119.64042265258767
553,3.8021441172061103
554,76.67767145668935
555,121.758285495689
556,236.6960073027596
557,189.9472062941561
558,5.263021877913761
559,5.977839926324812
560,169.6872395337578
561,177.11558145498662
562,162.1662382431894
563,3.3372939277062836
564,24.28002298588344
565,167.86157383204628
566,2.705152150294507
567,59.17187666514896
568,101.43423281451156
569,330.59130681798297
570,3.642077923176727
571,203.4185649496162
572,3.393799320376078
573,101.44156913213196
574,114.75816474804834
575,7.751449798150051
576,1.8362984443884736
577,3.111137950684528
578,171.90015905335764
579,-7.550479255964995
580,270.18695645767724
581,62.23745496923961
582,54.127197634027866
583,5.220756151137423
584,3.2757533180289085
585,156.01729207662032
586,4.896175207023736
587,232.2535380506398
588,3.003967241688839
589,207.15767808495352
590,268.2689544486947
591,147.3399461153257
592,7.072612871900562
593,240.86924940252817
594,251.2001029850373
595,41.64246496964463
596,5.362084078119313
597,98.72209613095374
598,2.6579462618774725
599,61.98085585096554
600,185.2032703134167
601,168.6288122706992
602,42.091859650941
603,2.025709185296102
604,245.3113077870119
605,2.870155371148951
606,2.595869980322424
607,6.671977579322602
608,45.57321806483497
609,289.2407130647798
610,49.61352318612392
611,71.41785299884292
612,-5.251346014673718
613,31.881587196789653
614,50.335703326315866
615,1.933630016988976
616,188.5036790745583
617,-64.21752225612443
618,233.91648477323255
619,4.771101791927395
620,5.439822757855752
621,184.70772831648017
622,89.02822084579175
623,173.1348320343725
624,192.07324055839769
625,2.433765825468761
626,1.953891097457404
627,75.38125976923317
628,4.742330949655012
629,206.03189800957617
630,4.411078715489301
631,2.1048970138416268
632,190.145322836116
633,137.8474126573384
634,226.1500979881508
635,2.754699277870762
636,97.87504312935177
637,111.05633225646592
638,6.712724420269004
639,29.25107839610518
640,114.85360077996272
641,6.875274472952203
642,3.2468005215068914
643,289.5130792075373
644,3.223455517594288
645,97.00124725025336
646,68.49370560045365
647,185.571471613217
648,246.67944242137384
649,377.58480072135126
650,326.2443262353888
651,69.81257396681389
652,47.93474889496986
653,3.236239326500797
654,186.1069733195766
655,-12.177304230837391
656,169.59231122275784
657,169.03530117464118
658,289.9707879548494
659,1.877915798675157
660,127.9194579980692
661,3.729136848250649
662,150.7732048651192
663,3.767802148993014
664,-54.768440367412666
665,83.67072109855937
666,142.24621042004014
667,248.26655794384405
668,326.27585061626957
669,141.6743530071834
670,197.57921187437995
671,107.24063808659704
672,95.63393749923284
673,4.147094966368075
674,5.75532013907898
675,5.794177778236991
676,5.664362081824705
677,30.554761824927375
678,185.40389551676765
679,4.871761979505459
680,3.23891539651363
681,1.9147307245146168
682,67.97566177460766
683,5.94188521112637
684,176.3263238755636
685,228.93189844569105
686,5.602251806986173
687,376.823030180234
688,88.12839657850951
689,90.45328187583442
690,319.02478715362287
691,3.790227650535405
692,56.66523746071137
693,5.190619347470656
694,7.425925200183867
695,37.98746583401126
696,292.3201948661492
697,0.3669207225569971
698,219.84811204162327
699,1.4360288219506012
700,252.21807639814187
701,3.487929406944545
702,3.346301964058142
703,53.89829926691972
704,87.15407458759856
705,176.50131270781816
706,197.35002515147303
707,151.95933625018148
708,53.62664421335812
709,88.53485875874243
710,224.17571191573165
711,244.7866026702256
712,6.770302590683638
713,7.215811686345747
714,6.682728195059503
715,242.31074576942945
716,3.5427790928089293
717,78.80278072601078
718,369.88545569443136
719,202.05655377397756
720,4.814113965766356
721,150.86964702111453
722,2.2628483393741607
723,6.513253603001161
724,2.295983386600479
725,2.578128782587367
726,107.3367087712303
727,240.33376253142472
728,50.27697275714797
729,52.601388408314065
730,63.01927916113425
731,289.60102367187847
732,4.727880613208103
733,6.557851791008496
734,18.408379680641676
735,251.55676192138807
736,56.45721479639356
737,42.30685571858251
738,135.10997516438647
739,287.0154674615843
740,133.59377756432934
741,11.707595650068074
742,267.1726575010586
743,143.406334243667
744,1.52294789160111
745,283.4707196654297
746,180.48614195650407
747,4.125986426807707
748,59.94749196516255
749,94.95674774025868
750,188.68439047626975
751,68.8453056095667
752,237.95428907170313
753,1.8889662263211289
754,244.2501369424982
755,6.428107724023137
756,5.9143017249777285
757,184.20884973027225
758,2.308884523000878
759,64.48009670501355
760,-1.5763401259054597
761,222.2553786540186
762,5.119192472685687
763,2.20084375177568
764,97.57430118732228
765,4.611194531867386
766,35.24556248156192
767,0.8886409106532591
768,4.966347530979745
769,5.770585463882863
770,2.149531691023625
771,270.1919113990714
772,75.9308145702602
773,118.8807390225148
774,-18.87145578741967
775,30.19713493051681
776,4.249641336524964
777,198.46076215099367
778,-16.238764290657137
779,180.73037692061297
780,57.71555258042584
781,319.7233978838356
782,3.953381991238156
783,47.22417983143636
784,2.780734678216603
785,25.10942522678739
786,143.01976675184284
787,5.495643724355189
788,1.8722556603694265
789,165.20409181860705
790,94.34892720231778
791,-26.426314969871477
792,111.42732606107909
793,-85.69667798879306
794,308.83202376454443
795,-57.73814402072513
796,128.0121030351765
797,3.5481019372017024
798,56.61191696584311
799,3.330263556127893
800,5.915982246967477
801,235.64685066302977
802,97.6947180593251
803,173.28023345526506
804,6.601702376746555
805,1.8087180920859345
806,176.09706467899298
807,2.39032774400046
808,75.66104201138225
809,1.62636693498396
810,51.76508220939158
811,255.6468128510297
812,98.33692774879604
813,269.91368909336904
814,5.983137010970311
815,4.825164730545374
816,6.97756978775457
817,2.360328940816282
818,8.392644378553305
819,5.037561518738206
820,80.94746382281076
821,5.786380244569582
822,2.0223297288335207
823,33.79166054365569
824,90.0859555065053
825,7.410900680225366
826,79.87119919550291
827,4.22032429187283
828,6.327277572121134
829,45.10900011233712
830,159.23685264745328
831,96.07480858336956
832,6.045502871645898
833,253.96060157114565
834,201.22318986814903
835,107.0147778891376
836,2.381596901230478
837,54.1798069223331
838,159.5852201144147
839,5.779645109439649
840,211.20525265825657
841,148.50097342051413
842,60.665471546934235
843,2.825581886360731
844,2.830298082640043
845,5.276613970719803
846,6.473876474377424
847,5.58151145852466
848,138.62584708022712
849,6.4992875242939485
850,88.77775549538603
851,11.202167127363472
852,32.98151188674433
853,86.46168259145995
854,31.7257161388818
855,7.566084239628839
856,233.35754396182844
857,93.97212097148532
858,59.170918349241376
859,210.58701848948317
860,2.082334932239309
861,3.367747480510871
862,2.89031929707881
863,115.5541267707546
864,249.0777199349177
865,265.5152504518266
866,209.7769441317487
867,5.357651871342323
868,112.68651964390487
869,158.5559839509827
870,115.07739284254431
871,144.58218078161997
872,129.49752755494868
873,2.9908514558367214
874,65.89391721555687
875,6.532797139131849
876,107.78672299127015
877,35.797091376930695
878,150.55577995021466
879,4.973063867614288
880,6.905072992038633
881,165.55296518011463
882,5.9109163014859405
883,233.94528497988696
884,5.9091724748719265
885,172.54406119125372
886,72.99879494928732
887,2.4109315886165095
888,2.162184953201445
889,253.36451208483055
890,3.959817145546303
891,3.1069752933170993
892,74.00647672668576
893,5.186753919129565
894,-3.529248029973061
895,3.5553755452524394
896,204.82523754663004
897,2.4104899384387326
898,208.6177669156995
899,-57.16588246285882
900,249.86102117348855
901,3.8759423787359246
902,203.49964197497937
903,5.47017148168738
904,132.89282078449824
905,1.9234488663931848
906,0.8205103188957092
907,206.07776431195884
908,36.88106678029514
909,86.71228010594656
910,2.474314225182156
911,6.72385037824731
912,291.1602210091883
913,169.08360627910787
914,287.3594155310243
915,114.97956140296864
916,128.6825368724372
917,-6.296156393797154
918,2.362213788466727
919,2.9329357152063524
920,382.022957451906
921,133.34930090845836
922,192.5986921501903
923,2.7115111382609367
924,85.88308084456047
925,183.09120110865905
926,55.4184096376452
927,67.85443164173874
928,5.308870125111538
929,12.241417212056511
930,-19.640548021901036
931,211.6737623740412
932,188.46749737667727
933,5.4843857878626645
934,2.065155816247571
935,181.8414242742752
936,27.905039419228057
937,3.5705038186083815
938,4.642448982989302
939,138.676221645626
940,0.9830444521508496
941,5.9547361628576185
942,5.031709465386389
943,120.09355767136088
944,4.937529731133423
945,2.0260782848323187
946,86.80690333910981
947,52.615455824459005
948,44.22402170420127
949,227.9292692653188
950,377.7764433448134
951,36.46195617421228
952,-27.02342558588147
953,6.1234968965367225
954,248.98781105642095
955,174.92648950127165
956,133.9322462846901
957,2.4384773494842547
958,3.109467244544952
959,189.5270727165716
960,50.2861078313285
961,159.9681862855321
962,3.1874196627156266
963,6.411296108930008
964,5.074478778088779
965,6.790162751987874
966,3.982658240462034
967,43.146174934750306
968,167.0921479705997
969,204.40602054937747
970,6.3302413042669485
971,357.49516325447837
972,5.633238240987827
973,115.35714785929824
974,5.177054076224416
975,4.054962162865529
976,5.388991714741802
977,180.16246629456737
978,312.2592547195108
979,2.8597199152364494
980,1.841470226343684
981,-8.911710612435751
982,43.82544248263949
983,301.69298158099275
984,332.5744573362982
985,254.1821846503171
986,93.05348401932264
987,3.6273710439353857
988,241.863006747564
989,336.1644564630578
990,139.4193311324663
991,4.173300207199323
992,309.5910129085964
993,183.2590757461174
994,3.298872632196231
995,-11.471822226053057
996,13.584097946559192
997,2.0702068741313417
998,43.155117836101965
999,87.67191331845905
1000,-26.31696342920516
1001,280.2581013488249
1002,172.8400085229749
1003,5.714187786664174
1004,1.216744555256514
1005,1.7996133119878532
1006,3.811002198095782
1007,132.08869870813166
1008,1.9306795213697092
1009,6.866720893788466
1010,59.22689560918833
1011,259.0713000427139
1012,0.2554594311443505
1013,225.63275739798257
1014,69.06880966095727
1015,225.94100006232568
1016,6.597029977809766
1017,5.159290629050031
1018,3.071783310182364
1019,6.450461678811994
1020,4.1089747359301345
1021,140.58173152634694
1022,87.65415202130035
1023,170.0277896169314
1024,168.23261576640016
1025,5.331321307996436
1026,3.751338729698515
1027,4.889177980133175
1028,79.0156710463215
1029,3.581855810223954
1030,28.604645731935776
1031,272.37846953564474
1032,3.1132668185707453
1033,2.8289145534360056
1034,234.0874684102302
1035,1.3723265548745252
1036,235.95531646424809
1037,6.844883272285288
1038,45.04324345737308
1039,3.7888860538173903
1040,4.45995831466466
1041,3.005086314649472
1042,4.040379307739876
1043,3.622419211258652
1044,322.6730104837849
1045,150.4925110118002
1046,41.65103444400964
1047,215.80645545759745
1048,1.802915962846772
1049,3.5189419215476483
1050,6.0560029047389285
1051,72.48537239202787
1052,171.69247339463357
1053,249.3605812892781
1054,6.23424366803264
1055,25.458554105128
1056,24.84716211600063
1057,4.558010227753805
1058,2.9640207102169307
1059,3.046549047821954
1060,126.40276016048308
1061,3.6768080535406216
1062,5.901434399488186
1063,294.9982986610138
1064,245.02756519343052
1065,56.05414897108705
1066,249.43739709008548
1067,268.3122930603304
1068,5.552762824976447
1069,4.662422868030882
1070,309.7490400428169
1071,174.80274730661623
1072,5.17622435881038
1073,3.647242684385289
1074,6.373871264770347
1075,4.834475393759714
1076,289.10914543769
1077,6.296753872037837
1078,184.12609185105583
1079,3.105450664720756
1080,2.589058194606211
1081,5.8799548984844865
1082,4.033201416746303
1083,3.6618601696191546
1084,6.39609287190422
1085,155.0958161528355
1086,162.1919660485376
1087,50.1279848599896
1088,293.3150099125472
1089,8.272179812220822
1090,128.93502519575787
1091,262.11230782399286
1092,5.519956707305886
1093,3.673362173140787
1094,6.837192621534907
1095,2.827631370670518
1096,2.2628079501141376
1097,4.122243552936928
1098,75.74446516414199
1099,118.57579900869746
1100,5.235225863647334
1101,4.754958130940943
1102,5.388923856920069
1103,256.8667176016196
1104,4.63608517781441
1105,108.63660872396969
1106,5.394556330059812
1107,6.520059623324477
1108,19.044459784231968
1109,123.05991326759248
1110,126.3639609094426
1111,3.449974918883686
1112,208.69014524972025
1113,2.778854435541584
1114,157.92256524786256
1115,-30.398852999607684
1116,5.59471160436255
1117,305.23037436294874
1118,260.7601177106777
1119,4.808234594891275
1120,48.627822774305166
1121,-29.326750879163512
1122,225.6660505470276
1123,3.450963198943164
1124,181.9206848232701
1125,2.77636673247925
1126,76.16501507587671
1127,6.223544592842257
1128,-51.26898976093335
1129,137.07478830531113
1130,6.161232465388152
1131,50.30293749507672
1132,3.0846916973423713
1133,-73.93401433273173
1134,188.16433213609184
1135,205.2647144625976
1136,-59.63283379496453
1137,4.247189242025591
1138,37.6004345039767
1139,96.67795416556083
1140,127.7894565536986
1141,198.0524969223478
1142,157.0402455141336
1143,38.13288834258742
1144,-48.6456941717969
1145,123.52076243869764
1146,36.40835077126772
1147,4.369835268279928
1148,119.57755024456154
1149,48.854399851645425
1150,4.1909387011450905
1151,1.5248061844959655
1152,4.41640919678437
1153,4.194047950418273
1154,34.723353419035384
1155,157.16796810174947
1156,6.692395087010104
1157,82.27509769431636
1158,193.4007281642031
1159,115.05284136751628
1160,120.66885204393785
1161,1.71524780037368
1162,5.559389164435684
1163,5.155045558202959
1164,5.131830234474885
1165,191.37138753535504
1166,51.12122049626258
1167,-32.85971993975967
1168,4.927815891132753
1169,160.85595129132784
1170,4.955347047563031
1171,4.1726889194124155
1172,-8.787769073364009
1173,3.62058515684456
1174,215.66575103919405
1175,-55.346019255438605
1176,239.64320286037864
1177,1.7569068842435216
1178,138.93978065217806
1179,2.5088097076828464
1180,2.6246845552569473
1181,1.775044084753373
1182,142.70094485127404
1183,7.39090331193048
1184,3.7820835328337536
1185,273.0721334433065
1186,139.3048342718593
1187,4.413512986509145
1188,3.088795856439205
1189,148.49772611176274
1190,3.7747550368089953
1191,3.7550669636597145
1192,5.055913020064745
1193,140.30119865873968
1194,5.569212109149623
1195,2.094332784412444
1196,267.8572355163804
1197,96.79477035371671
1198,3.0394839116445524
1199,256.86753863251715
1200,82.19626138561676
1201,244.81943842558792
1202,79.01779579821994
1203,3.1925806489583377
1204,154.5127989753865
1205,1.8118781754145257
1206,152.0134497666627
1207,146.9627980738581
1208,241.4991460597372
1209,251.61196147526255
1210,184.10345362758324
1211,218.53811898910104
1212,5.88976452769217
1213,3.773015695923946
1214,193.87901671844048
1215,129.76575480218125
1216,240.47928459003236
1217,169.96195671612486
1218,-43.23601014296194
1219,6.082891110094118
1220,5.838672442108153
1221,265.32223379145165
1222,5.879829650910478
1223,2.4041329135570257
1224,3.0534631845835545
1225,121.39509710844244
1226,1.301967871464017
1227,4.694493168144783
1228,1.676823287112802
1229,43.96797380168998
1230,88.76828467104771
1231,229.68352539485733
1232,1.7975157735203366
1233,-25.189251690929307
1234,2.885805585911393
1235,16.98780456910283
1236,254.43637520838985
1237,3.825262316947627
1238,2.7861099020716993
1239,0.5664815626175075
1240,50.49260900601211
1241,2.1023424584132693
1242,5.019813331040265
1243,4.740518106128576
1244,182.2189077102593
1245,4.398581424542602
1246,267.5449798541212
1247,5.514008549135553
1248,113.14770148967229
1249,153.18319112639813
1250,7.927830654726055
1251,38.49325668137561
1252,5.858471187780485
1253,4.109643611903825
1254,4.246808737006882
1255,37.5687618959839
1256,71.78180119516216
1257,134.6463377976761
1258,258.7568137688752
1259,47.32646220652241
1260,262.10625521908946
1261,5.699836063814837
1262,5.347560343911146
1263,218.4766394564883
1264,2.505867267075453
1265,25.30083299460983
1266,139.5509654659564
1267,2.4973558339294955
1268,6.4146238098902515
1269,258.1534008828836
1270,-60.94982264236125
1271,268.526269566678
1272,53.56248317744691
1273,13.170002887251806
1274,227.02970606066827
1275,201.09567946927143
1276,53.596381113020946
1277,4.449588207849692
1278,1.31180483342795
1279,3.9770664084129934
1280,-58.37894381450832
1281,3.5956128926927833
1282,104.98598543898612
1283,170.7531731779559
1284,2.767029939448301
1285,-56.322192241977994
1286,2.756785820406958
1287,47.877880821937104
1288,129.8645006727175
1289,4.117935604623032
1290,209.66901490534423
1291,3.3923868664264423
1292,48.07330163156977
1293,118.36847954838032
1294,256.4458313752896
1295,164.79779981954854
1296,6.2820414177750745
1297,67.0576096761285
1298,7.410025191002877
1299,5.929348111478127
1300,155.52582608223483
1301,256.1122846710867
1302,196.43522219592307
1303,6.04175212449134
1304,3.342351036561958
1305,5.068941665072648
1306,52.7267010107772
1307,159.6468270819305
1308,1.8671135322486896
1309,4.680947733379675
1310,343.0780742849708
1311,2.7101677236791173
1312,7.708610492724788
1313,44.916682935130794
1314,164.479899997473
1315,213.02264184644596
1316,256.5914727294049
1317,66.92660837782168
1318,2.1939171330332323
1319,255.53399762838816
1320,268.7260807617882
1321,14.658241851316678
1322,52.04552919127352
1323,277.2594176187379
1324,226.0662533713098
1325,49.441809114248656
1326,62.385086343875635
1327,237.6889753417312
1328,2.8564417751457727
1329,5.824954589027286
1330,134.41926461594278
1331,-15.071171096019464
1332,300.38745146615116
1333,1.9147327908626952
1334,342.03458090769766
1335,1.831474213521387
1336,107.03061821286305
1337,35.70003397576498
1338,241.5760629837457
1339,6.323542075595542
1340,181.11629997559865
1341,234.97113028933984
1342,194.73727889242565
1343,41.357277992163915
1344,119.44240876959714
1345,2.6690436584221384
1346,69.07715677665024
1347,87.68506250099716
1348,2.9865317910834466
1349,186.78139394661903
1350,27.92313226949122
1351,222.1873811192096
1352,2.604374244021699
1353,14.47542502625403
1354,4.99442588149679
1355,6.307158378486667
1356,3.558686364265611
1357,7.712458235898435
1358,6.768935613351361
1359,1.666655080980989
1360,292.8075949630064
1361,5.051050896801138
1362,6.357299842916547
1363,65.85933906424475
1364,3.693290609643519
1365,5.88748497720736
1366,6.920692735599832
1367,5.962117301816029
1368,7.051960642126
1369,186.2072242136296
1370,299.3521662507871
1371,220.66161996387183
1372,14.357073004952149
1373,3.7161360461995274
1374,170.17088985685882
1375,183.23432063581896
1376,5.743017340077396
1377,5.040416808600681
1378,103.3543870246038
1379,74.54121947353121
1380,115.21241308944045
1381,254.57645554442752
1382,94.99803369292032
1383,50.48595053432376
1384,-10.77086323120152
1385,162.23259177973785
1386,1.9621535723717656
1387,65.43600350497704
1388,1.6464600254607418
1389,209.2679689467689
1390,181.72220968317623
1391,35.6226977648451
1392,56.707337645140086
1393,280.9118284162099
1394,-16.762846925008226
1395,42.28626230015981
1396,176.79222570525326
1397,5.445773448792374
1398,197.9170231456087
1399,1.7661091318753863
1400,111.51003235808004
1401,357.1217499039242
1402,58.34271968757334
1403,301.54615826256025
1404,89.12985964063775
1405,114.10605447246635
1406,1.9410835462663647
1407,100.26284027802458
1408,7.489764773385446
1409,3.9920397008207273
1410,258.3346850330805
1411,272.43856690815426
1412,-42.25656604679616
1413,133.0263706105451
1414,250.31189466024796
1415,2.4255159671908806
1416,2.579784038613623
1417,4.673920852499063
1418,330.09767742513066
1419,167.1891775284307
1420,4.739503414097968
1421,37.43079145487101
1422,6.653254390627788
1423,3.5993778759968613
1424,5.0052149735871785
1425,2.237723384559583
1426,-22.718468753582783
1427,3.936062402878966
1428,4.979313826146992
1429,3.761211702036836
1430,4.398577769334047
1431,6.567771773893206
1432,152.98587069452572
1433,2.857319267045072
1434,6.4838856004186045
1435,4.936482543860368
1436,-56.51584671168624
1437,176.42200411151137
1438,141.39604624699427
1439,6.364266769092896
1440,2.576412633021452
1441,125.14966892226732
1442,199.1797734325488
1443,59.47304772260093
1444,5.8502320832886445
1445,50.60259149776276
1446,286.7288810515207
1447,239.53389464817127
1448,-16.625622961981342
1449,5.908227648474274
1450,275.08999821857543
1451,200.18818482431945
1452,5.3802150367864074
1453,5.415312912031551
1454,165.4469199664505
1455,64.96846713513571
1456,-1.094186985191164
1457,8.0654613623162
1458,5.053864895079382
1459,293.1456234293408
1460,340.3278479726216
1461,141.93268229165375
1462,-14.597315261587257
1463,88.06935700214359
1464,5.9462455638023135
1465,3.306645575394534
1466,234.4495420590669
1467,5.704299293073218
1468,5.618224623844334
1469,32.2569928053431
1470,3.717193480571255
1471,-0.4835011555153437
1472,6.751460793076051
1473,2.966667460515447
1474,243.84358870220697
1475,108.96003716648131
1476,6.7880548817102895
1477,2.624943770733926
1478,103.89318672438374
1479,4.758568449801556
1480,116.2668352269516
1481,5.912348950512035
1482,158.09670505131453
1483,6.459185296618307
1484,250.1663590863483
1485,190.39336870276185
1486,6.915705303526837
1487,3.448492771937798
1488,107.23339597984318
1489,-3.2554971578122935
1490,88.62859710932621
1491,3.3561990914833157
1492,1.9288805951032069
1493,7.70937775025532
1494,5.435006667257769
1495,19.147339111940067
1496,7.736594331919664
1497,48.417315967137185
1498,5.3108561782447685
1499,79.52485641067081
1500,6.983190989570222
1501,5.762740053178492
1502,48.876038608648415
1503,5.655735389264273
1504,2.092753527960884
1505,5.0398156271216115
1506,198.18158127967035
1507,49.763774170905975
1508,110.87755344558845
1509,67.75346258831142
1510,2.708232921894278
1511,26.3998545013417
1512,76.0460004625379
1513,5.278966343970228
1514,283.6579412829462
1515,60.22631635307959
1516,2.811552263279096
1517,354.8155688247659
1518,4.520131490031908
1519,235.38575337567175
1520,4.725802174563673
1521,38.78516235769784
1522,4.920270488320738
1523,2.800585212762504
1524,95.99105562771749
1525,-30.989930770653956
1526,2.074810639821066
1527,5.95508265254648
1528,4.422191452767522
1529,215.27203738362743
1530,265.3536735166091
1531,3.4192886019245265
1532,5.980502474337477
1533,3.507580192181057
1534,0.6034822859010678
1535,86.66762765147564
1536,5.549505520708695
1537,2.452160138253668
1538,281.6005354901017
1539,176.63461088147275
1540,2.1488343646808983
1541,122.5280024376988
1542,3.2835282056730937
1543,18.802280625178145
1544,8.252283531891578
1545,3.475267194948146
1546,6.4141496334983055
1547,-31.186004049584753
1548,202.56339963119876
1549,44.95366827468297
1550,2.222673511928817
1551,2.231007372932332
1552,232.93312245616164
1553,6.379532054708248
1554,279.23547352203536
1555,139.24708297763482
1556,4.409671573252989
1557,13.707537919470706
1558,3.856828023855525
1559,248.8169595252084
1560,208.8778105188911
1561,198.1023116382921
1562,241.0652552608389
1563,94.47655853695866
1564,3.547049091016385
1565,103.87804943210756
1566,3.7277662144370938
1567,-8.671170716258928
1568,102.34875876735616
1569,20.25803022308628
1570,274.13124504338055
1571,3.4755478846181513
1572,86.45968989489305
1573,2.5915339762325154
1574,4.511315665106927
1575,6.093606687486454
1576,4.307522313011296
1577,5.532077428004788
1578,89.86812644716962
1579,5.14323277421781
1580,175.24075326723573
1581,231.21373844947627
1582,6.8153037406292425
1583,298.0380277917077
1584,299.5331333931756
1585,6.104291740869026
1586,4.732565302913349
1587,56.17440322694654
1588,287.7570286500845
1589,7.095759154144338
1590,6.168399249194585
1591,130.63922556069642
1592,7.332858885243009
1593,118.92399535721935
1594,140.36204907790085
1595,119.31230682627948
1596,5.709020656591221
1597,59.49353482425415
1598,7.46185506110474
1599,4.309294159229404
1600,4.5284325478280305
1601,2.909593069055507
1602,5.872623824772726
1603,306.8301837337099
1604,39.46124772822704
1605,91.3897928611581
1606,268.0901223298191
1607,5.608490426067758
1608,3.80314307299246
1609,7.470981019135897
1610,3.671472003920796
1611,197.17711197881917
1612,94.83984720085182
1613,2.623521099310261
1614,256.60663630993963
1615,5.506688569347278
1616,4.097725234061786
1617,181.57424771601603
1618,205.4036640173697
1619,6.85447464391235
1620,24.63649865294481
1621,2.296849363746398
1622,2.603031464089789
1623,2.570290552685139
1624,269.5616460912396
1625,52.668075830003126
1626,1.6303273209105342
1627,42.77353790801648
1628,3.7711419101171666
1629,214.7696954843968
1630,103.24405809191089
1631,3.3828414563982325
1632,295.9122843451984
1633,5.14022893903668
1634,-17.770785999018372
1635,3.602452256388674
1636,4.387703764694212
1637,7.608089944491371
1638,220.9160549226898
1639,30.620566051675713
1640,4.906361503265491
1641,316.76321263771285
1642,144.1106541510262
1643,185.73457719127944
1644,127.14435966801662
1645,176.99285393357965
1646,5.763769247085236
1647,6.650789344686465
1648,21.328257005344796
1649,4.336951841777148
1650,95.38364114015896
1651,6.658731038412424
1652,6.481050577934388
1653,216.7154781012698
1654,6.5263635296704665
1655,306.47790152343407
1656,50.04374164204553
1657,1.2702455139441995
1658,279.822772160597
1659,2.1276898096694197
1660,-21.8688717968132
1661,6.775949841049099
1662,187.4821656153748
1663,5.955234173968713
1664,107.84574888301964
1665,0.9992040164114068
1666,113.47678210463422
1667,-68.1700331054551
1668,250.24276416016065
1669,55.938563481735194
1670,2.1484312822915785
1671,2.4277548070995785
1672,5.4189763264390445
1673,5.015327020564689
1674,144.73671048701758
1675,2.1050598040426136
1676,-54.35560807963956
1677,32.06982934291918
1678,-29.82658086993965
1679,264.25648410957274
1680,95.58087518305504
1681,1.3596463702448247
1682,3.1619610787884307
1683,69.56635105843307
1684,30.1423983553715
1685,6.676490713069684
1686,138.8313719105511
1687,7.494253856823473
1688,193.8419341920383
1689,269.2711327584409
1690,3.0148918457990317
1691,3.7947446858777543
1692,4.097530780032596
1693,3.11446665948543
1694,77.27926946458331
1695,219.18843091142355
1696,119.5778540911582
1697,1.898386743318595
1698,213.21189930079623
1699,176.151324657665
1700,131.53782022816242
1701,285.7102614292623
1702,-73.65526883489734
1703,5.635219250964502
1704,5.511157787957337
1705,3.3939370381237928
1706,100.76838250925846
1707,5.250276402565764
1708,87.48434753970548
1709,131.8730483189447
1710,6.229333321343194
1711,78.18511483937475
1712,1.843763422357529
1713,5.742302691812972
1714,-60.24467968322245
1715,5.090076226772091
1716,3.2178299303494833
1717,20.702875205724673
1718,129.14142544173592
1719,17.2934998696068
1720,6.1667727386443
1721,239.77759645004457
1722,3.564736807503038
1723,144.64829630421875
1724,143.56011383397706
1725,2.52508077130045
1726,4.256464770019095
1727,249.11270907331055
1728,4.2485722746709005
1729,3.3331229279728483
1730,61.742502557584345
1731,200.42796176573313
1732,4.724845477873991
1733,378.5769952876251
1734,271.39797551340473
1735,187.5220406507681
1736,3.368963265095821
1737,297.2601032596489
1738,289.19412372517263
1739,214.5236897168259
1740,89.55489483880115
1741,120.84686009461046
1742,248.9787475696044
1743,5.084512034474918
1744,121.5187635608738
1745,44.520614988795906
1746,3.734623008108523
1747,7.065503394831091
1748,193.16263001048156
1749,3.6562644441713337
1750,55.29671927915791
1751,26.12353803462706
1752,7.457669279000153
1753,6.022787948607995
1754,272.0959590825341
1755,217.17313521930728
1756,1.867857373505546
1757,235.69172227934743
1758,345.13051447442905
1759,5.256352350720384
1760,257.32550021143044
1761,255.4591747147487
1762,11.280224239967504
1763,49.49910834780552
1764,12.00000939636058
1765,5.378311130388682
1766,230.50233393165712
1767,181.8541578326481
1768,5.865297398328183
1769,93.06254502501118
1770,55.76481024183884
1771,3.123433052705934
1772,216.4257035121859
1773,254.31983418533787
1774,6.589404593979957
1775,285.5261403582248
1776,3.150366445814315
1777,4.795022169958121
1778,33.19924199997966
1779,15.181580570191628
1780,119.04810449164852
1781,5.637691621975027
1782,189.03508056829975
1783,235.36181857175976
1784,3.9763188056558136
1785,85.02786484127498
1786,2.7862765550636217
1787,80.90235950020946
1788,5.103297527388846
1789,2.457585172239544
1790,36.09060004858806
1791,4.45071486868855
1792,2.737076004533371
1793,1.9973246264267217
1794,159.31887093692052
1795,184.0387128980096
1796,257.1720179425744
1797,125.4063998259664
1798,6.823942670867125
1799,231.3225073448945
1800,130.4650597200358
1801,5.393101140856785
1802,2.1182113451463653
1803,149.90568437443451
1804,4.283979512438112
1805,202.65465856938116
1806,5.797664697040813
1807,287.1718885684958
1808,158.7860890885259
1809,72.06008545381866
1810,4.6165837555583815
1811,2.7656096336616915
1812,19.202035305283943
1813,3.913405365864096
1814,172.61138439421993
1815,252.8002014770624
1816,5.5563711706814525
1817,128.2080928263555
1818,36.021741190638025
1819,228.5820173368067
1820,8.037982094416316
1821,3.368111370581321
1822,234.17844741699224
1823,-25.9663819606764
1824,41.003413045700526
1825,2.2899444390745707
1826,6.027364219957109
1827,3.148860951715384
1828,2.038089873500607
1829,207.12436995195935
1830,232.21292620688547
1831,6.8166610194532975
1832,56.71997938938092
1833,3.992113955926616
1834,4.076536364147232
1835,100.57872384377856
1836,6.358024106853589
1837,6.000335996967152
1838,5.953434569276393
1839,137.00010712979042
1840,-10.02938453386097
1841,-82.70368922347573
1842,246.5935868194983
1843,160.57951167368793
1844,252.37187515639152
1845,152.28838338064526
1846,45.64224463573149
1847,267.63167931556535
1848,134.0171579611901
1849,3.9369003073761992
1850,6.1740535271445385
1851,-74.43250034817304
1852,5.884390145500686
1853,66.47981163406132
1854,76.40668459588895
1855,4.923375173127272
1856,198.33696215473483
1857,2.436816064800009
1858,5.0471234264022184
1859,5.811767625978346
1860,5.685977250303793
1861,150.72840347322443
1862,6.354411396592759
1863,51.18548348551867
1864,64.18066733771202
1865,204.7429288959195
1866,118.66553348594196
1867,76.4001883982883
1868,262.4125333682106
1869,152.0393668266525
1870,3.388559731075544
1871,238.22176857241757
1872,43.68700773739125
1873,2.6992897720729325
1874,20.674119792243697
1875,78.84610242828805
1876,3.388281756810729
1877,2.583428174204512
1878,54.76398096978471
1879,34.062822862190615
1880,284.6115306044965
1881,6.074108205916289
1882,102.46672620356242
1883,6.997870648997048
1884,72.34433185881593
1885,308.7071589162118
1886,261.8200953309198
1887,3.174024224105704
1888,209.38658197940745
1889,224.99955424996745
1890,2.369654601072564
1891,248.02626606817552
1892,214.4019592775983
1893,4.328449165981597
1894,2.077101806977497
1895,15.445392264959535
1896,5.874628232504586
1897,52.60700962688925
1898,-81.42776571327681
1899,2.8314213777767936
1900,5.858722563190895
1901,253.1252304764224
1902,216.29050873876133
1903,-54.91522837376205
1904,42.39055975767228
1905,60.61143789915769
1906,167.75790043327297
1907,6.824510536582327
1908,6.768886326086799
1909,115.74767479147869
1910,5.780651848468459
1911,4.952108251402988
1912,3.857378530142328
1913,76.3754280311393
1914,-27.728915091181364
1915,7.648818385946646
1916,0.8738788963880421
1917,3.157844282210086
1918,148.38023747660213
1919,5.050358505368104
1920,4.5389087015904455
1921,78.9477323343389
1922,3.7574656421341466
1923,6.32368889174024
1924,2.6429573270813127
1925,4.398427522290117
1926,92.30092743889524
1927,149.02401565162972
1928,3.6803419894110494
1929,47.76022959163613
1930,2.5039310556516163
1931,6.115262477899632
1932,4.885013040139808
1933,2.789481662524566
1934,249.06375409961615
1935,6.3371132923107245
1936,4.841764758732686
1937,-0.104195600682273
1938,-22.14422021208766
1939,2.577915558090353
1940,282.3124632759805
1941,3.5304610056259293
1942,223.44803433279984
1943,3.8425891852840217
1944,221.00869347131092
1945,287.1249962886074
1946,5.93128099471313
1947,98.62230566616128
1948,5.726943462973833
1949,-4.430042035185483
1950,31.914768732998343
1951,2.868929287590787
1952,40.49163493256832
1953,418.36023656556665
1954,2.7659069220088393
1955,113.24503541962656
1956,1.9569395154200349
1957,128.39556327635418
1958,4.164547201239548
1959,172.8929522824096
1960,67.98307332787837
1961,1.1590837313433688
1962,4.190869854436427
1963,3.441613325356089
1964,4.9221477960073035
1965,78.90438635529921
1966,3.412089200303168
1967,4.885176075755338
1968,251.35692795228476
1969,20.278868183649216
1970,5.791354708956186
1971,1.973919575606417
1972,94.84633527582416
1973,-30.81695176136806
1974,2.7462806178274644
1975,3.1386545571724063
1976,347.16600238167706
1977,1.6447928380889971
1978,221.8682055740896
1979,67.40630769348296
1980,266.728322364933
1981,179.88216167653596
1982,140.72090515420777
1983,84.49003519181963
1984,8.717974745363103
1985,4.8948213390744275
1986,3.76545063097583
1987,6.021664741134156
1988,1.0498370631035732
1989,6.115557560345064
1990,4.923835262359649
1991,29.444108188821076
1992,4.276022308723121
1993,42.4921824841588
1994,1.655135955177736
1995,110.6076648906904
1996,4.160334955954983
1997,2.830098631535507
1998,5.320045999251896
1999,290.6568753638702
2000,5.892904157493316
2001,295.4234225908532
2002,-55.47807906418056
2003,6.806261086808785
2004,325.1127999888341
2005,53.16822206144492
2006,4.830052208260898
2007,46.02270506079997
2008,230.0295561203818
2009,134.31580993586152
2010,244.3559218382591
2011,6.742449326912112
2012,177.1648419291156
2013,-32.89309071059884
2014,287.54545062849684
2015,182.96067432268492
2016,27.363709284243782
2017,3.358994167396889
2018,59.97246515886111
2019,101.76276906088084
2020,6.813582078702134
2021,4.567468243337344
2022,180.4923460619709
2023,72.27170003491727
2024,2.951226234919149
2025,4.163997087446388
2026,84.63185560536093
2027,5.884270505685635
2028,6.259733475366115
2029,54.80876790023691
2030,302.15816180202387
2031,85.29802726562626
2032,288.93760719945334
2033,250.84069367246747
2034,2.5887515381700252
2035,72.83976857858276
2036,197.69267774453863
2037,5.503108084983461
2038,2.791647711018056
2039,2.9836202904432687
2040,152.55649574141134
2041,275.56028318512983
2042,4.2022288205191405
2043,187.46547061896672
2044,2.127883211588146
2045,98.41301733367078
2046,280.6631712987117
2047,5.553180969213589
2048,-28.103115932246087
2049,1.7887004588806996
2050,359.61815784676185
2051,3.696284884031157
2052,1.739007256541601
2053,247.97293761705495
2054,4.9112142533591046
2055,3.918563455463056
2056,-45.65604413153209
2057,194.3573235163023
2058,-29.315168288782388
2059,4.9138128230592795
2060,28.780002364185616
2061,2.333863145906701
2062,154.90031572433796
2063,3.764898890749579
2064,4.2126019558823335
2065,3.4837882298566116
2066,2.072269684346609
2067,6.13450080285028
2068,2.7311142228418452
2069,1.5209738196621436
2070,277.11331094161744
2071,284.3927028449856
2072,4.420984884947808
2073,201.1563184663741
2074,392.6283536619829
2075,249.15421342029225
2076,3.549035821002927
2077,2.8377935024925103
2078,4.280412995905294
2079,4.124736955246952
2080,2.782571883866208
2081,3.134827006437683
2082,4.8711271188263225
2083,39.17853306597664
2084,1.9802051139698449
2085,4.865768838558373
2086,117.59168339154228
2087,99.60898296527984
2088,28.89405191825268
2089,31.89751881164117
2090,233.3760544645016
2091,193.65071679929756
2092,-102.20505894523905
2093,5.439827862370966
2094,3.7686282270373135
2095,104.71631340650153
2096,53.2686858552011
2097,113.69974421103264
2098,5.2848161748387845
2099,-25.013454105136212
2100,26.42089165693009
2101,5.756751505666723
2102,6.3956867394149395
2103,33.49258582521437
2104,56.75212154592739
2105,49.38187825551802
2106,317.90068189607314
2107,7.0295320924779725
2108,6.915038344917356
2109,5.812179020209239
2110,241.02836728974808
2111,3.799401572678504
2112,59.823301513315485
2113,104.52780362269831
2114,2.628496925486413
2115,52.37595156645881
2116,3.5061175670057185
2117,3.4816835072375505
2118,3.737585648554473
2119,114.94596976218376
2120,3.741436823978611
2121,188.4459006248521
2122,228.05512738707512
2123,3.015059429031288
2124,1.6200852774535688
2125,4.535343706445952
2126,6.091289471983807
2127,81.87797371316289
2128,215.46060208045463
2129,1.788137907322653
2130,2.519706254686604
2131,5.723754605504685
2132,6.061905214566866
2133,234.65330851728137
2134,17.766781668639798
2135,223.6528637498263
2136,37.87185783334195
2137,236.9285660260067
2138,3.335477721523194
2139,73.03140216806338
2140,50.07871158616304
2141,71.84337084829082
2142,5.671553768947503
2143,-3.2554186246345753
2144,168.53158984766063
2145,54.69220801685695
2146,3.896894868151514
2147,4.741475222215363
2148,45.573017274187784
2149,-58.791386418936725
2150,-4.946646784684686
2151,59.00640032372806
2152,5.016560941443029
2153,3.537043198021549
2154,1.6987567874712457
2155,2.443676730837096
2156,5.970601897407831
2157,117.36595345746686
2158,3.7326817149624847
2159,336.563097032294
2160,229.03658983900812
2161,267.1604386451834
2162,1.8387757709302712
2163,308.9761484554995
2164,6.2968827243663466
2165,3.170436070349221
2166,2.797172246715552
2167,40.33139022552355
2168,313.5051850606606
2169,2.459267718838374
2170,2.466648776710205
2171,154.1046432980491
2172,5.315042351113966
2173,249.89917373999216
2174,265.72768138872226
2175,1.1476137494761969
2176,4.631781063023662
2177,-65.05065064634235
2178,3.609173614145017
2179,67.75614364827833
2180,278.6547317776233
2181,2.478314929482751
2182,165.16635723061444
2183,193.30976045950024
2184,5.9166637692643125
2185,2.563469578366584
2186,3.0220841856281955
2187,4.913055129570032
2188,251.79985699700663
2189,232.58991862021233
2190,68.5906812579181
2191,2.618123728532626
2192,3.0973348149271245
2193,109.16749010031458
2194,2.7869032386590984
2195,4.866339597111119
2196,6.518745791860168
2197,1.9065679739732808
2198,4.431187597735641
2199,3.336325662590183
2200,1.7562488097683249
2201,4.17590785675462
2202,75.16855725611973
2203,2.30023186715455
2204,1.9385012043752452
2205,104.29728200562602
2206,5.385893876176779
2207,164.6756555575626
2208,5.6148629477617735
2209,-2.3865192677722726
2210,247.39808628173833
2211,1.763214056964452
2212,4.883687714496034
2213,6.465282303037248
2214,121.45694193338944
2215,25.006550136193432
2216,91.97740115549784
2217,4.732757715577981
2218,26.271940661573577
2219,2.5731216961397356
2220,5.574848079338428
2221,2.9982556917937946
2222,-73.11471407121476
2223,195.09216674624355
2224,-49.82851753425157
2225,173.46125537499833
2226,-11.495329126097356
2227,69.02135429450662
2228,152.9910549471791
2229,123.40081964848244
2230,3.342492143171781
2231,5.402315779064193
2232,4.4096636716735995
2233,255.4002568178905
2234,232.3651093360823
2235,224.69071916434513
2236,3.108063589930803
2237,3.6282617633297582
2238,242.55041929290505
2239,96.98074825030116
2240,235.2366496693456
2241,2.453438267357145
2242,232.78099806972244
2243,5.833000870217464
2244,95.37760010584375
2245,235.45935299125745
2246,120.298138803346
2247,232.1461132567881
2248,6.031468697513596
2249,287.6122013407243
2250,133.90844413983896
2251,5.039567034772905
2252,267.09138580119975
2253,6.186372899054502
2254,186.82689816904815
2255,-95.54976094609692
2256,46.18769292477329
2257,2.051571860243725
2258,3.010308198739233
2259,59.87131676811332
2260,6.201750926515591
2261,96.94848843485686
2262,2.296437815590846
2263,69.3240326992713
2264,-26.996267394068223
2265,48.697408834316626
2266,2.3824873781775757
2267,2.5595948116019285
2268,5.649833324707119
2269,3.638933355464222
2270,9.50203595360671
2271,141.0084550143132
2272,46.61683792767747
2273,3.729848569115593
2274,6.11527568224337
2275,7.009736047377199
2276,4.9156640612248435
2277,2.2114794567437555
2278,0.9376278965676512
2279,5.965959348762478
2280,2.279211521269003
2281,196.78055703744812
2282,2.775452317921131
2283,4.0988422469784025
2284,239.10891636740803
2285,2.746450723774315
2286,-20.092487627589648
2287,5.160257807424714
2288,2.278666221634394
2289,5.6188295732561135
2290,-56.43006824838244
2291,37.34521243738377
2292,5.095757179769537
2293,1.936331482535238
2294,6.031540946506702
2295,2.7528553163808676
2296,4.892557596702536
2297,91.18163853118604
2298,-31.909374385683872
2299,-1.070939185611966
2300,4.18149544842974
2301,5.608333548861605
2302,-100.84355690298464
2303,159.66553405552065
2304,5.783077201622277
2305,26.03186599743081
2306,268.66649257757456
2307,20.920412554081953
2308,46.02091393677941
2309,6.283587907932342
2310,178.07801029637338
2311,-60.73151707164796
2312,86.8828024438779
2313,4.113697067352094
2314,5.068450822019016
2315,211.24417557906392
2316,7.771668615474378
2317,3.876016999461787
2318,245.0706838298316
2319,6.643575650345643
2320,103.44556671355583
2321,3.4750172183449983
2322,204.86990455790868
2323,164.87290312388242
2324,1.963617982055955
2325,36.32039608589386
2326,3.1162411608519545
2327,111.91707825678108
2328,4.448418278119215
2329,325.11521552489086
2330,174.88145263522318
2331,-0.3017724111128827
2332,282.0213788428596
2333,23.721893258763497
2334,5.577541044566042
2335,5.311099212799263
2336,36.35772420037276
2337,136.4855283291297
2338,176.92436994425944
2339,23.18317265149112
2340,62.91131080613634
2341,115.71316788124363
2342,2.463141253093923
2343,6.580506067149321
2344,318.94445628091023
2345,5.966431875812341
2346,141.63095182836915
2347,148.86663328412897
2348,1.8532717276358288
2349,263.19026532137957
2350,31.4493035371756
2351,5.217932144571725
2352,5.036557402573115
2353,1.6714949126873284
2354,-27.284206532410455
2355,132.29502607211222
2356,3.8039067716185473
2357,123.8154266376784
2358,6.457820488167337
2359,6.86077887886739
2360,4.470125288992042
2361,5.931723984481196
2362,234.68439601469248
2363,4.858142238900736
2364,258.3799683919758
2365,87.18668250680933
2366,74.28895723626724
2367,47.65506862022991
2368,-65.74220674398845
2369,4.740977276348467
2370,221.4098573823602
2371,33.08535661507463
2372,61.32034072709372
2373,1.9812459826662263
2374,-66.69167258997089
2375,1.8363713177775616
2376,140.43331367150637
2377,105.716814243176
2378,5.399094582478626
2379,6.592502911327941
2380,36.2077316761753
2381,164.01212073304802
2382,136.09293815294686
2383,55.9882847240595
2384,3.309259630433266
2385,244.3334519672025
2386,5.954079935860635
2387,29.509962518557508
2388,263.9217704022137
2389,82.59945634391558
2390,1.9360536376287012
2391,116.49887662705484
2392,24.178730415232536
2393,49.826431198791155
2394,134.26509910701637
2395,5.898152330883601
2396,2.49072088872129
2397,281.6857847933834
2398,296.0063776237576
2399,4.362634060677529
2400,205.06222236150631
2401,56.92227183240247
2402,244.41660946539517
2403,6.453725414948819
2404,1.9485293394105825
2405,5.211651276407881
2406,3.0620577419984283
2407,79.12718357520764
2408,269.20997540665405
2409,165.7590908649899
2410,4.718004050069258
2411,6.661629030230765
2412,309.6877497371474
2413,-3.908107592009454
2414,4.160155428699069
2415,74.20495855082967
2416,258.82228196958863
2417,29.53629786516424
2418,3.3819191045086376
2419,3.906245903655812
2420,1.8030256269472773
2421,9.754590465836667
2422,224.71661523556065
2423,2.658072680196531
2424,184.97146016958567
2425,5.781663900212476
2426,-20.038314379377965
2427,151.21579834245196
2428,24.26439589205249
2429,3.692741385356352
2430,6.17785590692901
2431,3.9096997210952695
2432,333.444850695771
2433,239.70275323950645
2434,4.585471983587616
2435,52.30250259649543
2436,231.91139999245445
2437,-71.35043104979833
2438,5.520170305734388
2439,7.190874837999198
2440,118.12228081511182
2441,6.483182661907222
2442,5.907723689909037
2443,4.974542987452893
2444,-81.94803149896278
2445,6.725831338438767
2446,5.504356517360045
2447,235.2309578136808
2448,6.451031334732847
2449,6.471514760642175
2450,29.296073166167847
2451,3.1652711176426545
2452,4.225652670149722
2453,48.507088909876
2454,297.3832283336915
2455,118.51237282860656
2456,3.199117694873086
2457,267.336649556463
2458,6.126918346397015
2459,2.1050468976347436
2460,5.751582759686683
2461,70.64168768458929
2462,52.638083656819006
2463,6.132380337150235
2464,-62.97417971440082
2465,33.40943294782711
2466,199.62313395572855
2467,154.77218692518517
2468,244.23655351015495
2469,253.697870208465
2470,5.936282533468811
2471,125.78847134767906
2472,3.042437176179578
2473,36.45599676290582
2474,163.28039454074784
2475,6.470929840482023
2476,98.06442126403296
2477,159.56669984504487
2478,146.79985566271046
2479,5.232954286158297
2480,32.89994588593026
2481,58.55849541885731
2482,2.437404057748388
2483,5.062263335733224
2484,135.2673164559531
2485,132.91509494386585
2486,6.761958376110896
2487,5.518777193489042
2488,-39.81201431344774
2489,185.38459953261403
2490,5.560250087384003
2491,151.40381058245674
2492,22.888082014601913
2493,61.97463817413647
2494,5.914029639648039
2495,5.393233795609326
2496,27.83544753208683
2497,91.47665978813474
2498,1.725443714132162
2499,6.786275124101389
2500,1.8636016084234497
2501,106.88720436266584
2502,295.66701634014464
2503,58.001134687938354
2504,358.6028160914774
2505,3.515708408655543
2506,4.407360566029859
2507,270.3655180779814
2508,186.49155708511805
2509,103.04202623769524
2510,6.735753889485629
2511,187.18876445262427
2512,90.92937010100042
2513,181.3599526750048
2514,220.88840884732528
2515,300.40754873160597
2516,1.8361464486938184
2517,2.294307908023073
2518,308.30668422047637
2519,4.13384862585292
2520,111.11720515639604
2521,145.54089024462482
2522,2.1996837888455785
2523,6.466715550693053
2524,4.834356195856551
2525,303.3099624880653
2526,4.793976826195879
2527,4.151838992025114
2528,234.2196642546386
2529,92.502941080987
2530,245.95269959284536
2531,313.18486225164213
2532,54.196035633795994
2533,2.262093927464021
2534,5.88759208427805
2535,5.90664090229074
2536,3.808717366445713
2537,6.692607868007437
2538,5.926651462247245
2539,143.73239262633064
2540,2.542757509831553
2541,-9.167348727553136
2542,-14.241545059121396
2543,5.849138927839862
2544,177.9447068391445
2545,2.4476711908209925
2546,284.4702620890404
2547,26.36338339328888
2548,28.65623961527497
2549,163.13683534373166
2550,118.9270904104927
2551,-64.75525834793635
2552,2.2862111572737622
2553,300.6118371621211
2554,2.4891525842402036
2555,40.12209669603497
2556,113.48117474952554
2557,4.2299485655855875
2558,16.7306776835082
2559,6.506970331591356
2560,242.32455333692684
2561,1.9413365206181072
2562,214.39475254751272
2563,233.14299566654333
2564,272.29353372528624
2565,4.891799417055402
2566,4.89747784441295
2567,251.83765771044852
2568,77.56604686232161
2569,67.85685439145021
2570,3.7938770730087743
2571,94.1178182311102
2572,-55.94922673929977
2573,183.1875064286255
2574,3.176605241315632
2575,4.548790535759903
2576,3.1816228878348003
2577,6.4109057133779626
2578,45.43742624901232
2579,5.951348259156685
2580,4.547626684319859
2581,2.811955221636857
2582,-58.28212733963338
2583,1.8358689592408788
2584,6.88575886943233
2585,55.25970005224636
2586,4.827455092588207
2587,220.5465058392371
2588,195.62618731817128
2589,4.712744536510389
2590,47.58453549892191
2591,1.5285983219946908
2592,111.96782003781078
2593,63.13799033776845
2594,54.3361518768733
2595,51.28939486988567
2596,51.50393515542295
2597,5.410416755708069
2598,6.419027050076588
2599,-34.204121432438995
2600,3.0590547622938984
2601,209.07768364566888
2602,6.385850075306068
2603,358.12991256710893
2604,152.77977554633406
2605,40.31566967028089
2606,4.848195089614821
2607,40.63871274315317
2608,209.6212420866779
2609,24.38469576419088
2610,2.528772190399948
2611,6.955206481175283
2612,3.301182313421544
2613,4.658124960259116
2614,2.9536948558201113
2615,101.80156576232945
2616,164.80185342727992
2617,258.9908956057643
2618,189.3457242781944
2619,4.8563564987288945
2620,1.9926472632214551
2621,4.389521932098622
2622,2.9665077008394576
2623,1.3892950731058855
2624,6.9386531201100565
2625,110.8321644676438
2626,301.34215489998337
2627,45.72918574046763
2628,148.61757336443594
2629,24.12241026861593
2630,121.4180872135421
2631,21.44333816574889
2632,6.28641906052479
2633,274.224205115117
2634,57.26929202284519
2635,166.7905548005876
2636,-45.11080768036554
2637,3.7591546815653856
2638,-54.54298177515832
2639,-69.72804805737968
2640,190.52248802726865
2641,2.613708217858357
2642,5.6277671414447195
2643,205.74821740457213
2644,157.2967499424085
2645,212.9916147122597
2646,2.3733638115305196
2647,3.465444256243096
2648,4.04205419268335
2649,6.758836068213763
2650,302.76132473346604
2651,205.61278056784107
2652,59.00090043213342
2653,3.8076425910770624
2654,20.918241533552468
2655,220.7221647766065
2656,246.18116129381593
2657,3.156375979813611
2658,10.20391779706306
2659,270.3444004788018
2660,1.85225282720527
2661,260.3324388066874
2662,88.56911033845272
2663,-1.0335105075030304
2664,97.88610295756592
2665,285.8363198626277
2666,210.68272116409912
2667,-55.96549992859189
2668,37.599550197136665
2669,6.78782096277535
2670,104.06769425521604
2671,187.2117804644145
2672,121.47850790181955
2673,227.06758390694455
2674,234.17428135822632
2675,1.379706249681974
2676,-51.418265934838
2677,370.3509585363304
2678,15.489554174749756
2679,5.57814037344701
2680,66.34030313462834
2681,5.499670643072418
2682,2.7459415569697883
2683,2.4974561901208627
2684,3.030432841265462
2685,6.540265356480103
2686,28.621931721712883
2687,29.394550473638
2688,63.41120925182576
2689,44.608717074136045
2690,144.9716087072268
2691,88.02583629331096
2692,55.40901595854103
2693,124.2287773094479
2694,124.19550576590004
2695,7.592104139317128
2696,169.13159013068503
2697,3.712427816534929
2698,2.4700528005379017
2699,4.5194184492531715
2700,188.84039226748916
2701,65.74356318801524
2702,45.59234665601068
2703,4.378727981335167
2704,163.8089863782951
2705,3.232831481719882
2706,5.368538976985604
2707,189.05927995620263
2708,3.573889394935618
2709,57.96592308920515
2710,5.567823898675433
2711,180.73498714249092
2712,1.8759958957960965
2713,152.1892121068415
2714,-40.460401814344216
2715,4.805787702677157
2716,2.89639834644282
2717,266.1540270854618
2718,3.715507379761399
2719,3.002190855555869
2720,6.80353961198383
2721,6.303546375334346
2722,4.490843561254771
2723,218.04894080252024
2724,6.54141466238136
2725,42.36462659375088
2726,3.3671280566051607
2727,297.84369461520066
2728,53.50258332467689
2729,184.55405702566816
2730,177.75034744992448
2731,149.25655523898388
2732,6.734751393595938
2733,238.42711631289063
2734,119.14674926009044
2735,84.52829749658139
2736,91.06607570269654
2737,199.08467791783852
2738,145.48281774715244
2739,100.6693190581172
2740,5.673901248063098
2741,50.38795775513667
2742,1.1243371789743688
2743,47.80066813248524
2744,-27.448765663367784
2745,5.042602568954856
2746,218.7580237233016
2747,175.45180397917292
2748,2.8372177880046627
2749,5.496576052690819
2750,206.09755280738972
2751,273.0264894890608
2752,2.2468774480864875
2753,131.05100233589133
2754,0.4990669498081507
2755,29.592694894704252
2756,293.5605590077458
2757,5.8779994082291935
2758,271.16658131168106
2759,52.01829693201094
2760,179.82024170153505
2761,6.554731895707722
2762,4.4859756475937385
2763,109.46452353422636
2764,4.9384176820696295
2765,122.50998063251262
2766,2.018857053462116
2767,257.60847126197405
2768,4.277936335395097
2769,3.6259242035023673
2770,230.26639501697656
2771,145.67799759685303
2772,7.192549709234703
2773,3.279161863547841
2774,4.492602306270472
2775,6.309141844254108
2776,4.122253523460286
2777,267.72665276264274
2778,28.119920416831626
2779,2.243177964355264
2780,3.1110425915269837
2781,244.65160876637975
2782,212.97344717140123
2783,5.732958863879968
2784,0.1572770217144725
2785,5.9448908711711566
2786,3.7199686242518664
2787,64.57906446618533
2788,-3.3228509534355304
2789,154.30609557209564
2790,216.76753113721247
2791,98.70284347802716
2792,175.32235541428858
2793,165.25755185813028
2794,160.3702608372786
2795,51.27805461889673
2796,255.18726710819743
2797,117.02655541288998
2798,46.15501441778357
2799,33.82444752526089
2800,5.555004124934816
2801,4.564108389878765
2802,3.1592652947993707
2803,76.47423568294198
2804,3.936734460909605
2805,60.529658526880155
2806,6.650861416973112
2807,33.52396684603445
2808,89.77408489933057
2809,6.091894266083427
2810,5.627021377572805
2811,192.66057699151952
2812,6.02675820748303
2813,4.763810109173876
2814,6.1170185391811644
2815,270.99699256042743
2816,59.822417491626695
2817,260.69619192539415
2818,96.90202347016762
2819,53.74456736850105
2820,178.20886325919992
2821,45.58830648670232
2822,6.245961352940401
2823,50.98119611752527
2824,242.16868135759177
2825,121.55127675457814
2826,-69.97777675045762
2827,6.480441048331432
2828,5.539259092487759
2829,4.92244681590992
2830,6.3688701002882615
2831,5.90875644149859
2832,6.440585187977028
2833,148.67713732222234
2834,3.554605721425669
2835,3.4075065482514
2836,3.386621345209959
2837,3.182576070548629
2838,5.795497247851518
2839,2.00081410251223
2840,51.846185886700155
2841,60.69762456050248
2842,290.1039385127217
2843,6.171559992182091
2844,176.19295490771444
2845,287.56570222976563
2846,3.294314231047016
2847,102.5961177250214
2848,-5.836804587515047
2849,-55.35652113287419
2850,6.659034110625949
2851,6.612666141991639
2852,-33.1128909987183
2853,80.08142808018043
2854,2.4341654973324967
2855,69.23945101372765
2856,5.875786405465935
2857,42.70465917359343
2858,250.93438564765145
2859,1.561941243731572
2860,145.6936739920797
2861,297.8759391441013
2862,245.16315689842003
2863,2.788304761751728
2864,262.26660864907177
2865,224.65692487616496
2866,1.514985464084714
2867,2.472743132504454
2868,92.19575172762474
2869,52.33921264510376
2870,196.7246230157041
2871,6.405195837150984
2872,263.2467464261822
2873,5.294287114142486
2874,7.5284900076164
2875,4.393699612821019
2876,-34.42036717280816
2877,282.09742125171937
2878,-69.83988855336045
2879,5.168097214724548
2880,207.04443584785855
2881,5.77980673047492
2882,5.9515823533034204
2883,4.446404286205595
2884,6.658645463274158
2885,160.79237748718765
2886,248.74207457941532
2887,5.903328316169203
2888,2.3676965917928583
2889,6.627068138386791
2890,2.5260024693910066
2891,-65.32009202156846
2892,143.6034017805482
2893,39.91886192764173
2894,74.53467403092117
2895,4.759643330245506
2896,2.989945416950555
2897,5.376164176883368
2898,94.12217154931234
2899,33.77980117618192
2900,3.297904477569596
2901,19.058324398817664
2902,242.88952843521767
2903,264.22305898415664
2904,4.551085714413354
2905,3.59632497000848
2906,35.27233121235236
2907,4.265917742316633
2908,17.600994567416492
2909,2.041593087675293
2910,103.37720751309848
2911,3.8678587118490566
2912,2.556532720153195
2913,6.708162112726729
2914,51.01033182644436
2915,8.06583882080782
2916,264.7371612048566
2917,154.21911286027728
2918,3.920531461419402
2919,359.10600756877614
2920,191.59327274489556
2921,5.546210341170987
2922,3.4533730514939673
2923,238.49812625616696
2924,5.511562091689014
2925,4.905806847599312
2926,6.023094015031289
2927,9.682103462205554
2928,6.347700312565635
2929,158.9289051249184
2930,263.4942434801227
2931,1.959601933211868
2932,5.58799545344533
2933,-31.510177502660547
2934,113.41709562588088
2935,-0.9034317390368668
2936,-65.3132553457196
2937,6.512968977918822
2938,49.788150821472506
2939,3.200205103804035
2940,175.08074745305046
2941,83.93740056629272
2942,77.64827273490918
2943,6.194195045027005
2944,6.552338226075866
2945,5.886645230614635
2946,6.474843203030093
2947,-50.74954797717017
2948,2.3161384599638826
2949,6.750063997103232
2950,3.1544480877981607
2951,135.64684816006294
2952,131.84678587924395
2953,7.44138678557223
2954,1.6139973957882905
2955,9.888071639798635
2956,6.477554295533137
2957,93.36004062504348
2958,5.870989528681147
2959,187.79612743731383
2960,6.321177229044488
2961,200.0144216955088
2962,4.13876110214751
2963,4.02511073145998
2964,224.07154892559288
2965,186.67688054040264
2966,4.552350006081614
2967,3.879882589578222
2968,158.83464392603526
2969,-80.7638432379207
2970,2.011744170166663
2971,218.8295530430131
2972,7.342592015879124
2973,205.2009128711453
2974,250.11755601707887
2975,5.064433281698219
2976,44.81898748207088
2977,43.82490872341791
2978,4.688307172540225
2979,4.671879214819215
2980,306.67583433091056
2981,335.7034651131963
2982,150.14449177381474
2983,149.42221514049743
2984,286.3248764498466
2985,125.04326660059168
2986,282.69341205850776
2987,228.24528115262055
2988,117.69675688404428
2989,97.4297428986871
2990,31.25689921921052
2991,7.260717323091699
2992,3.072439090801472
2993,5.42923725425978
2994,39.165549503330766
2995,6.1139475790033835
2996,4.08299077233603
2997,3.6106842459062105
2998,96.89204288092256
2999,158.75869999351755
3000,76.41949666489789
3001,3.1755361673877474
3002,317.1781713112637
3003,4.3979638008435415
3004,294.7487625921018
3005,79.42352476553278
3006,89.90429830582033
3007,6.223529462298647
3008,3.026031752989388
3009,34.174418996653955
3010,4.286770406140967
3011,86.25665657932635
3012,5.312939013516798
3013,193.4313390742622
3014,6.211895276355106
3015,3.8268926782670247
3016,5.860146590531782
3017,6.363495208717816
3018,4.190961831111183
3019,236.53072263538783
3020,3.118819101187393
3021,226.75232322722144
3022,276.60491022536337
3023,3.37463861683835
3024,93.50595734423936
3025,237.93430838045836
3026,155.1797577175819
3027,6.2766829276992855
3028,5.492395031473944
3029,-20.49384452586478
3030,-48.74835860059104
3031,6.228499130702214
3032,6.56414949344045
3033,5.036897445045417
3034,116.8795632251078
3035,162.68141811565997
3036,207.7442973641145
3037,5.6172770393066855
3038,2.1511970261009945
3039,-25.749302842810007
3040,184.3175704875243
3041,4.772425063007511
3042,21.231538646376023
3043,5.812937023692094
3044,212.1013957254497
3045,177.75414559636488
3046,4.820890526447516
3047,4.462128281984606
3048,48.45479444952497
3049,5.824131113593148
3050,248.99370134075951
3051,93.7744243251542
3052,6.400622873553313
3053,3.9925911231207
3054,113.72663588525371
3055,201.04468571907637
3056,67.04546983848482
3057,3.2591008659979437
3058,105.95205015402456
3059,1.80591762361806
3060,260.1494337069922
3061,5.084845520031448
3062,222.3600732490492
3063,161.51265119490927
3064,240.4183517358284
3065,250.25911102574895
3066,124.50664864128213
3067,35.40038340822816
3068,6.044720538396677
3069,5.778310165386018
3070,3.696760219305301
3071,6.24254025050375
3072,207.38012628093
3073,131.39436528131472
3074,6.270177227446474
3075,5.951087962484658
3076,132.5686332096342
3077,56.412290868808725
3078,74.79333579462961
3079,5.850625472374331
3080,3.2006789939906453
3081,23.66158218465528
3082,109.85482419589312
3083,108.31597705548842
3084,1.1226800868611724
3085,5.800146259400777
3086,225.88100441299167
3087,3.055271699031324
3088,87.22947189630027
3089,3.5534597728814497
3090,290.8338808576284
3091,143.5749707737379
3092,96.13201837262766
3093,3.9713047212652186
3094,194.8889465298294
3095,271.3066845525358
3096,137.34406311722253
3097,4.479801187247173
3098,6.515907055282342
3099,26.58736369431434
3100,93.23465864042534
3101,3.888846797354706
3102,2.5870437071020467
3103,3.358551437575985
3104,51.612130986516355
3105,-0.8690979543239266
3106,26.145542893796872
3107,1.5831448245409805
3108,2.6412977595712133
3109,6.689959024941714
3110,243.16218289120525
3111,1.99603954576425
3112,202.46142873679793
3113,5.489250616315309
3114,61.82001353950488
3115,248.0248212328891
3116,102.2134286746506
3117,-19.821523412332716
3118,248.2362574636708
3119,4.8729478141043945
3120,56.2524156211923
3121,82.63185255330102
3122,136.23521628778545
3123,3.989616341642901
3124,2.989018040623948
3125,3.857973052993244
3126,221.28616617179904
3127,251.41811326163003
3128,39.55574910483928
3129,369.4003718569149
3130,2.1302399125786877
3131,104.450462155588
3132,180.84557522066817
3133,124.90591866375652
3134,230.508624276362
3135,1.6691645500500716
3136,303.92709471623215
3137,3.131285900318405
3138,148.31714740492745
3139,5.911356422427888
3140,1.8497705069985837
3141,23.75858755811628
3142,3.5398415141867665
3143,104.9232992410501
3144,271.6690463431105
3145,4.7011478361150525
3146,275.8421743695743
3147,130.74164331467932
3148,100.62664027841603
3149,-20.14323696492894
3150,1.6867000568540906
3151,225.6441321880803
3152,7.175128962891915
3153,226.7833683442406
3154,169.85691071535123
3155,53.02385750837359
3156,47.44136417530708
3157,4.842384039956902
3158,279.7779568519232
3159,108.55174870907746
3160,248.62211300797168
3161,-42.42209220351039
3162,4.138507382191923
3163,179.85459163616787
3164,3.571769902763735
3165,-0.5900092299588828
3166,65.87975416705453
3167,6.569308311368201
3168,5.456709527876763
3169,3.365031918641769
3170,204.35735350781317
3171,3.0176499624802977
3172,228.04061537543973
3173,268.36199796630956
3174,53.87761873135506
3175,-55.675489887513514
3176,3.9113693616117806
3177,3.212041033647723
3178,179.95650452920313
3179,6.232534648772528
3180,311.1666395737219
3181,233.37631965165292
3182,294.34251807709586
3183,6.09167619439031
3184,143.02830316279736
3185,7.094353417082706
3186,196.21252192642407
3187,256.81176302313867
3188,-60.357367066823905
3189,229.51087190768763
3190,4.205088459395149
3191,229.05036470018672
3192,58.15780855597488
3193,6.22867273035407
3194,4.6805327460273105
3195,6.003377103830667
3196,144.72264628244966
3197,5.476562350464691
3198,189.6503221381965
3199,178.03078265780113
3200,2.2635418248213677
3201,323.08733108581134
3202,4.574328026717726
3203,4.7301981490284
3204,-6.169908069270448
3205,6.649630976513175
3206,267.5443062516704
3207,5.916689749766813
3208,190.0894778013109
3209,-42.40662781343596
3210,7.310736613206377
3211,230.52259167438024
3212,232.3210752507979
3213,2.700659934402774
3214,251.95471053805932
3215,3.4693344451162584
3216,6.042415678461987
3217,122.64379693229996
3218,302.32487657803847
3219,80.74418384046531
3220,80.23602710786511
3221,103.55627769090604
3222,238.65456300079444
3223,357.94633457109364
3224,-67.81270523878604
3225,129.38985507027286
3226,5.8551199899046535
3227,5.902910395794531
3228,18.162555530000397
3229,306.16873001631546
3230,223.98950370954685
3231,7.04110318739859
3232,5.062027349770355
3233,5.750281911910863
3234,4.427127680041657
3235,137.38476021393095
3236,136.3183420894451
3237,27.05165630715769
3238,300.008532523026
3239,6.592546882912295
3240,53.226231252845736
3241,-9.805189624229904
3242,2.496308571779141
3243,37.933165338559256
3244,197.1940176484721
3245,5.053417435045966
3246,237.27445703379453
3247,6.42140859146226
3248,73.81226185167876
3249,-19.838751937271574
3250,226.13851206466265
3251,245.03463711887196
3252,127.76055385563804
3253,56.27458184181928
3254,156.58819382284602
3255,6.711074398025771
3256,6.183048364321989
3257,14.639191296959543
3258,2.4966650205308505
3259,34.94709970867862
3260,5.765893799504084
3261,102.62071658710344
3262,306.04921369809745
3263,2.038800807315019
3264,4.519703228815624
3265,135.80557220840083
3266,3.7959837661102527
3267,6.809784973581288
3268,2.970485124722943
3269,5.3480755011330325
3270,71.53834238720482
3271,218.95701898579068
3272,2.6734928582987316
3273,229.6125354777924
3274,240.34200959365887
3275,130.9386045117939
3276,117.6900999420308
3277,6.581915186620065
3278,5.950028465509776
3279,3.3772762880692584
3280,158.78146262972052
3281,287.0326340823052
3282,2.8894963149055406
3283,368.2077865089583
3284,355.69652825791917
3285,93.77105655110871
3286,3.0558782910446554
3287,0.5677099348590336
3288,43.83307266510457
3289,1.80235255677332
3290,46.790787826661834
3291,231.38526414661604
3292,3.0803903346144907
3293,53.53031146810413
3294,202.02344847650565
3295,149.94028985712103
3296,17.380096107222677
3297,191.70588128426277
3298,2.353130779513408
3299,238.12806390492472
3300,3.064831206517685
3301,200.20583335039544
3302,203.52673590821985
3303,-10.289756759906863
3304,228.96399595087195
3305,5.238419640441583
3306,4.472086930085335
3307,159.57689009611613
3308,3.157600212471169
3309,6.363521200645464
3310,-47.02560580091352
3311,2.100209461284556
3312,3.664012273949083
3313,2.6697566541789386
3314,5.988295436033395
3315,4.027058641805521
3316,324.120771918105
3317,296.0982518887966
3318,33.21502760903928
3319,1.8840159097237696
3320,1.9252470448494337
3321,5.273582180678028
3322,157.23552287072656
3323,4.624746145862181
3324,4.022074991223124
3325,318.647152605257
3326,91.9438595879835
3327,-69.23819343102184
3328,6.33422821647529
3329,1.8880616007649325
3330,170.4230527987565
3331,110.35401793132036
3332,3.78798274720833
3333,242.94557520439713
3334,108.51341356875638
3335,3.5839983149972174
3336,4.297363708578638
3337,2.850770088686417
3338,1.7655796148544345
3339,14.63871474609534
3340,40.56999510886884
3341,66.23304322511407
3342,253.04014737474537
3343,122.67956899978792
3344,3.411884974048557
3345,254.415631404799
3346,306.7899289393211
3347,194.24077675763868
3348,76.11678803923776
3349,5.6331916735250855
3350,3.912174481100793
3351,3.116028236117862
3352,1.8419918575448475
3353,154.7136224931648
3354,65.56722962088514
3355,3.1175726315637893
3356,301.58546975755337
3357,3.7128507491477647
3358,244.25476966270708
3359,86.15970099027456
3360,160.29986719552312
3361,3.423736789966534
3362,3.2000163285072065
3363,3.603974393054274
3364,12.63748556540871
3365,80.9102031309422
3366,54.886583520724514
3367,3.3155519669026
3368,111.1883668770549
3369,4.703222472756374
3370,67.12951186949924
3371,-0.7773878635721649
3372,206.65642054264555
3373,78.20109217877531
3374,299.97603202568246
3375,2.4252785983424494
3376,2.34101812957598
3377,109.00955255490956
3378,5.350559422266372
3379,63.681646702294984
3380,341.818244372663
3381,6.69114318755485
3382,106.39015288787166
3383,6.355074259925274
3384,49.72565448610426
3385,4.436658348333359
3386,55.74234018295358
3387,2.1527754889198665
3388,169.6759401146163
3389,206.1605987217881
3390,2.2173017877641685
3391,5.698685399409113
3392,5.098946300414175
3393,178.6249686165487
3394,132.19311253831464
3395,5.3953623913445
3396,5.808508404492081
3397,163.69987593696314
3398,1.9867104133489948
3399,191.5742707271515
3400,170.0933550573178
3401,4.917605721675846
3402,0.4728214683595155
3403,62.641608937484285
3404,111.2864804949423
3405,170.86476776483005
3406,197.80499385827767
3407,3.991221517870051
3408,130.02782776282305
3409,129.09127636192898
3410,6.1408944768293265
3411,5.501272189235469
3412,68.2088631624898
3413,2.1589643135456673
3414,6.890900143769884
3415,121.52467853199904
3416,83.0304434710319
3417,188.08077162010585
3418,162.1030817162203
3419,69.16869421357055
3420,4.092003553031725
3421,-71.8257039253884
3422,190.00034483121652
3423,2.006005706222676
3424,3.623939150317512
3425,9.886783335419132
3426,3.2796389310419727
3427,52.53898868598419
3428,2.586327916966745
3429,327.261519470508
3430,329.8168406372953
3431,136.59428925160046
3432,5.975337383078654
3433,88.81879915176779
3434,1.900601165338199
3435,301.0535137198078
3436,214.4448992128336
3437,3.349105136661742
3438,23.599292641404688
3439,278.1252115747343
3440,6.597170247277297
3441,4.469808682473893
3442,237.21933973650383
3443,5.022160670544085
3444,211.54336423809815
3445,3.676459500960718
3446,5.776873262059952
3447,251.61996128296136
3448,5.319684850561253
3449,5.748347036580582
3450,118.18976460395588
3451,201.9624825417583
3452,1.9325781946083749
3453,1.9614755796039685
3454,14.319880898668169
3455,4.046084663963192
3456,5.647917323900773
3457,3.9224709853231694
3458,6.218803554330263
3459,174.17545860144173
3460,-42.559412899511535
3461,3.7210757822856593
3462,43.644764289323696
3463,221.52379910785328
3464,4.184727017532618
3465,2.9234901899565706
3466,6.635563708374266
3467,103.63038861974788
3468,33.38062490521709
3469,320.6271754841576
3470,140.82475513819475
3471,11.770127985710072
3472,273.1382733702609
3473,6.677783070846748
3474,3.616044953161056
3475,4.786611804565441
3476,39.3092409980396
3477,3.62575092480181
3478,6.716583607595935
3479,2.913279836750884
3480,106.8777806750226
3481,138.16205537172758
3482,73.05850455305668
3483,65.165409747189
3484,192.24631862194633
3485,2.413905729639875
3486,208.0525012375637
3487,5.830360866896416
3488,5.2173530003841035
3489,3.3886108376251407
3490,6.465806126905563
3491,3.010389658116274
3492,2.4589541900142327
3493,311.97482165039014
3494,117.29287158466217
3495,6.364465538735261
3496,13.012484054011496
3497,4.648998413603519
3498,6.773435921079739
3499,-17.562147288772373
3500,128.0861178058249
3501,285.9719723527336
3502,6.180241394566743
3503,3.6728169662692816
3504,144.3929038863243
3505,148.2442327007758
3506,96.0799285760116
3507,6.252567991034924
3508,3.206609521787253
3509,3.117609967981012
3510,282.4296739792711
3511,1.9548828716778
3512,59.76773160034406
3513,102.62034222010364
3514,3.260551113810182
3515,86.13588134593832
3516,3.369617025967529
3517,185.72666410654625
3518,4.339404244836557
3519,237.99408491125303
3520,326.3606833540185
3521,1.8729898211152671
3522,133.47790762816976
3523,4.906817518072531
3524,6.627794421289019
3525,5.282300841992783
3526,21.30952901774193
3527,1.6505651861349877
3528,271.02059824509877
3529,166.4642217845971
3530,2.756722597542897
3531,55.78252641208013
3532,261.5693964510558
3533,52.76450717147342
3534,8.206065190690602
3535,80.48958428000667
3536,3.4562587030923684
3537,55.52167284041255
3538,7.173205055859658
3539,60.8101302149502
3540,148.82722508897143
3541,-80.01255577717751
3542,2.7446136745199436
3543,197.3164661499549
3544,30.251984334819017
3545,2.5667793744430036
3546,6.1604645341573345
3547,172.19518517297485
3548,5.437354805945769
3549,1.749744655834053
3550,4.679344211860182
3551,5.030211689280424
3552,5.6446723953978415
3553,6.791747152756628
3554,179.69499311354468
3555,4.109134350243242
3556,2.287007319962897
3557,105.71489197918864
3558,5.1013995242214385
3559,81.3681017411208
3560,68.6256755983081
3561,5.82190028913021
3562,7.077280769789117
3563,-50.594838537076825
3564,5.884382762718229
3565,4.694179282104308
3566,171.38605776900573
3567,1.9139219600130457
3568,243.27933090856197
3569,166.54760703443566
3570,59.64899907187568
3571,197.45164075170769
3572,1.871838555825652
3573,6.09656211509891
3574,5.689699492822981
3575,1.8773736376436352
3576,5.154912218019771
3577,6.0257944954967355
3578,74.58635971527559
3579,1.9738958945507816
3580,68.3974848950323
3581,246.5221365832881
3582,70.53496879504914
3583,72.41136372064452
3584,6.697943234633502
3585,29.10455891139273
3586,5.778518028713398
3587,32.188840019452435
3588,3.1988247693875476
3589,208.06495610807565
3590,2.6834637730546524
3591,3.4159518733082725
3592,201.119324530471
3593,5.188725188908602
3594,6.2031716717620125
3595,6.7161990339451005
3596,39.0569277729825
3597,308.7214619165058
3598,66.51936389310114
3599,80.08766039960747
3600,2.7111947516386463
3601,280.1462489368159
3602,21.89677125295519
3603,5.4465138030219915
3604,3.2357120086394247
3605,156.97854140933396
3606,2.1209994645147563
3607,3.661859504526224
3608,282.6742727021998
3609,219.70180134441392
3610,57.86628790439136
3611,5.447202369985087
3612,290.30205522417407
3613,6.43845511802394
3614,4.802722167867323
3615,6.620263897159846
3616,57.164620883896205
3617,5.194048059320787
3618,3.083816667867875
3619,-57.45642665071505
3620,7.715028573041576
3621,57.26133831790611
3622,5.488056321462224
3623,257.1577521577749
3624,-15.938761953131284
3625,95.91496847321493
3626,50.654788791487135
3627,31.963917617906915
3628,6.853291619429833
3629,39.11447894335405
3630,246.2929607419107
3631,310.8022787170459
3632,240.7126772267173
3633,232.23562337263223
3634,96.53520188726075
3635,132.13085521082783
3636,4.8160395902203135
3637,40.97096950907223
3638,67.48455900817547
3639,5.0209174414841815
3640,348.94365343849495
3641,207.29498387498504
3642,154.29892196059663
3643,197.90218195122517
3644,6.3342514302969875
3645,106.12038788010295
3646,2.488382167520151
3647,5.8258491322744
3648,226.4020367277589
3649,0.1376736937215521
3650,3.1312897579184646
3651,190.2211997045437
3652,49.9996592076576
3653,-1.404858808942484
3654,67.79630081804908
3655,2.053749316768238
3656,142.0623238171209
3657,5.6169615583715
3658,8.503666257935114
3659,4.497742991819694
3660,5.8749806833576645
3661,41.46649067273839
3662,2.0868541478733293
3663,5.970489668653038
3664,118.0609989928631
3665,4.905582299582892
3666,273.6178520553065
3667,236.55638130523909
3668,257.8598669544567
3669,232.73499028774592
3670,7.614259215907053
3671,6.84284610174522
3672,238.6599221623454
3673,5.065821658219687
3674,293.49939597790615
3675,143.568043614336
3676,50.026608203241274
3677,34.7864020029459
3678,-9.013678034096628
3679,4.285197325835084
3680,3.767123902912061
3681,142.0114023616146
3682,87.8745804087423
3683,167.1623628451761
3684,17.01880658537391
3685,151.24794635324798
3686,267.0802666153545
3687,114.98727897339418
3688,278.3562531278894
3689,2.259944637305513
3690,188.92963786644788
3691,176.05202331844498
3692,296.6345443467488
3693,277.9371930483514
3694,1.3930604432908886
3695,252.22563841270963
3696,216.42483236111627
3697,0.8528779883917496
3698,-36.950542048049655
3699,4.2499304444736525
3700,5.4468386193751215
3701,374.3078442944483
3702,3.471467742369989
3703,3.8443571483642094
3704,6.715854596695383
3705,1.3962888763759154
3706,71.26555269180817
3707,36.327969390791246
3708,123.02653161496296
3709,3.187506321210809
3710,6.212480905811441
3711,334.4461265690997
3712,49.44974623198769
3713,5.520927759070319
3714,287.04920374367333
3715,2.7145008085260085
3716,1.996678843713762
3717,150.48839014130493
3718,68.34172438397887
3719,158.75986349793376
3720,155.04532413539934
3721,2.898058234104984
3722,3.941992575911006
3723,3.3014206845324807
3724,1.8629166324545656
3725,72.39498442770252
3726,1.692722832048812
3727,240.60783923743045
3728,74.18569809656483
3729,-38.89853630154503
3730,133.06904262516596
3731,69.64981539283505
3732,3.4226992077431557
3733,-36.044404784744415
3734,3.5044223048759924
3735,2.2600096260473386
3736,-40.51485348215527
3737,6.481227242241251
3738,198.10774039902392
3739,-42.333577059538754
3740,239.82457915716975
3741,24.108626748840383
3742,270.9855062351053
3743,2.4239852739113217
3744,93.86600485165616
3745,21.650551285197807
3746,4.8550817283186865
3747,5.000145207954306
3748,226.61757771680297
3749,86.8627895978929
3750,1.5643432225498335
3751,244.1710248491247
3752,84.52790150133218
3753,4.796920120336364
3754,3.7910332198879466
3755,37.00040286730936
3756,5.610856739830001
3757,23.86303941906619
3758,5.964661629128372
3759,45.195367717044235
3760,1.8680626421046136
3761,6.637285728527934
3762,5.842702835534582
3763,123.04317166686955
3764,167.34540338889457
3765,360.14968166685986
3766,7.011477820677963
3767,284.73368459726424
3768,70.53478937430955
3769,1.6448315985827535
3770,130.57449916468897
3771,3.4002445560030563
3772,203.0615472807983
3773,247.55015229550725
3774,2.545483169074618
3775,3.5183737006497107
3776,221.20863926903024
3777,6.340107769364363
3778,216.1597113724608
3779,278.27364481028445
3780,5.950672380407033
3781,6.506341286631661
3782,2.0081420380206687
3783,1.916677755797508
3784,5.51838442322422
3785,24.98293187339705
3786,82.19816931481705
3787,5.996988895769906
3788,6.672811218550185
3789,285.1570819575615
3790,7.210128358031064
3791,6.704485865215712
3792,3.526251369147815
3793,34.51109048598469
3794,-10.618094126823417
3795,205.50238271878035
3796,242.38509785473408
3797,5.092996046843418
3798,192.6804272199538
3799,-59.63451014928462
3800,232.38600546487777
3801,129.3558404570077
3802,150.44540389429633
3803,56.21159468644742
3804,53.25039038514348
3805,3.822738806109128
3806,3.1494806134991133
3807,93.56545088051097
3808,3.4687426047979395
3809,-36.999045652025835
3810,2.826769753811987
3811,4.6261582844635125
3812,257.8337948925028
3813,3.366572197937024
3814,293.79223772000233
3815,7.437487246232048
3816,3.8225555307591113
3817,53.09238462841205
3818,6.42054414764163
3819,2.467940880870489
3820,121.63514254980323
3821,7.981746794420151
3822,5.538588349587272
3823,252.0615789027693
3824,5.081409634741759
3825,214.50173249885296
3826,6.114503499765132
3827,296.1999444558437
3828,288.5507876626171
3829,6.6501855384217
3830,233.52808668072413
3831,51.854489642013206
3832,1.789267424143732
3833,57.07779492873136
3834,80.99313250141853
3835,2.70025115070281
3836,5.214326233002442
3837,6.857770777993667
3838,5.942074056991819
3839,239.78600808265125
3840,5.7765402226238605
3841,113.35682481104809
3842,3.7449564978220065
3843,231.7004569141125
3844,5.87304830980608
3845,6.581082687600452
3846,6.0391827916899095
3847,75.86020167579348
3848,136.31006598934417
3849,183.08535939940188
3850,10.997856386247337
3851,161.47235927861766
3852,238.6064447912425
3853,5.643077657145393
3854,233.0196296524572
3855,1.9506627102158831
3856,62.86158180213759
3857,3.790224038912057
3858,2.9340725688656573
3859,259.64668801148343
3860,6.278111354265888
3861,-64.19665363429216
3862,-10.695748590382523
3863,3.559968196493668
3864,2.863957168582825
3865,312.5580575299922
3866,4.526942733015193
3867,211.29233603189488
3868,4.681459002608007
3869,3.1829949954606596
3870,140.69016521892306
3871,43.92483745664574
3872,4.321943598120507
3873,16.387251647603723
3874,351.8968310404593
3875,267.4505469898395
3876,86.78155547709783
3877,-69.8069187437097
3878,212.6762209509602
3879,266.8086040585769
3880,6.608938471754703
3881,3.885103263462839
3882,2.415927562434737
3883,212.6480735475526
3884,149.46676243017458
3885,6.443293651033849
3886,5.3103080729700745
3887,6.078532170867761
3888,2.611828252421957
3889,184.54035870832544
3890,1.0818869081036064
3891,3.095983743395037
3892,144.3949782041152
3893,2.6566280580772164
3894,302.66782966135617
3895,-29.780632987594107
3896,27.256243578093805
3897,237.78855106393416
3898,204.89255714753955
3899,1.7780048149958945
3900,61.91323795504965
3901,117.95766764288884
3902,3.100693103213115
3903,46.03463642551306
3904,59.49969167403839
3905,3.50260292713136
3906,7.913475724294873
3907,204.22385841046415
3908,138.54292418352856
3909,3.308530823511565
3910,4.171286757130896
3911,233.53711029657617
3912,4.48675369966274
3913,41.3781227439987
3914,292.79599274155856
3915,7.0236870775112035
3916,5.797050205906606
3917,3.8762267262178014
3918,-48.459831194074454
3919,5.2356564837596
3920,39.249748756142424
3921,72.54628531943087
3922,7.433263718534269
3923,2.726164041567946
3924,375.66998975316625
3925,81.3837458531979
3926,2.3036584412286616
3927,245.17260028204177
3928,3.6639122600502834
3929,5.492858436886973
3930,6.3188478391867235
3931,188.75573761228185
3932,4.674296792621065
3933,2.8762982895282954
3934,6.636165084366553
3935,216.62655677480063
3936,1.894096599553375
3937,3.4491898665641405
3938,3.2665962475129287
3939,294.74387628804186
3940,6.383731002651566
3941,6.407067637822197
3942,5.622570327899745
3943,3.15506726434507
3944,6.851638634848083
3945,333.2487818407134
3946,183.29739454533177
3947,35.109652207218
3948,127.84660984460822
3949,5.354315843882637
3950,236.55990349668195
3951,1.7613755827329851
3952,79.84271654951695
3953,139.15162304027788
3954,2.47572453816795
3955,6.240784778542622
3956,156.67781436768166
3957,55.41439329832181
3958,61.593561608661105
3959,233.35342463548608
3960,6.200341846460361
3961,6.764086466232978
3962,103.4466794088846
3963,5.878651478970732
3964,144.42797894748082
3965,6.673364445027415
3966,3.5437764487383627
3967,3.4747552072708268
3968,167.74655407397557
3969,69.28951831258543
3970,2.5293740878915805
3971,3.6719734092797824
3972,3.2315795119738455
3973,3.5588483084433102
3974,34.738140896289444
3975,65.44640894745729
3976,3.6049189380800177
3977,4.164545921261672
3978,3.410206743436862
3979,119.21232050402976
3980,239.59871726382295
3981,249.6360365109278
3982,5.501049400100742
3983,2.959781995754137
3984,385.62040101186346
3985,244.9030820169614
3986,142.96293646354016
3987,105.2766420289015
3988,3.4075183448581434
3989,-6.789369481354762
3990,72.27379765912721
3991,292.7141612827419
3992,5.723185447464785
3993,5.835030810116233
3994,45.459615232016496
3995,125.42986451869876
3996,4.798504728493386
3997,104.06769425521604
3998,2.478907081336603
3999,270.6343333384499
4000,5.202596828785511
4001,4.276899242281447
4002,61.547724173526376
4003,161.5876334573885
4004,2.2579235202139776
4005,295.0051475463407
4006,91.64671532705546
4007,6.581087166709499
4008,3.436137121190922
4009,5.570022812505719
4010,193.99103410883075
4011,2.64465451381458
4012,6.37705363171445
4013,253.37504906599264
4014,5.902887163232553
4015,6.081949510731711
4016,68.49598007894315
4017,181.58638461554813
4018,114.1357493657428
4019,1.3642997430739905
4020,1.9522451235115232
4021,143.6540795666007
4022,36.28176210953452
4023,3.9599792456280727
4024,121.05226323817294
4025,69.21595424818472
4026,82.64282016757767
4027,252.9311975728928
4028,97.6560391761737
4029,7.061362810291396
4030,2.2680989859824296
4031,111.37110802455852
4032,79.00986926364934
4033,3.0696306474613286
4034,261.7463737993153
4035,79.09091015718536
4036,3.506873458603195
4037,3.686346258967999
4038,5.865918773079792
4039,5.954285889771906
4040,113.54855402775522
4041,331.84792218909627
4042,55.99093817135668
4043,253.45540489529796
4044,4.685188163062795
4045,25.222362510389846
4046,5.807607273196692
4047,3.9516460782898513
4048,266.1442446507176
4049,111.53073590673928
4050,285.79872054524
4051,60.98318411709761
4052,2.8391657061827966
4053,4.27041416764386
4054,5.5562032048815215
4055,4.21196814958228
4056,254.1363114499039
4057,6.9790229903235215
4058,256.70347255389265
4059,44.94990876844082
4060,254.42760707647636
4061,117.56026998151856
4062,3.678921004786869
4063,2.2457484647210233
4064,184.4349590509136
4065,1.8583505010046169
4066,95.88775825040038
4067,199.5481805061328
4068,175.81959851196282
4069,350.47466159049026
4070,2.882341240211029
4071,2.6702742380333473
4072,1.7827389583614548
4073,3.005387042478776
4074,4.060509126451247
4075,-45.50697017772664
4076,26.644014563012703
4077,4.82025383311804
4078,6.280509634901059
4079,6.975528697669948
4080,270.42824626200786
4081,3.4001044299035543
4082,141.31442573570092
4083,4.2201123923637045
4084,-12.521596200686014
4085,35.51353765913862
4086,4.3259642621490535
4087,4.134611943635862
4088,4.867967199061063
4089,86.0747411430153
4090,147.63392729370088
4091,4.331079640406973
4092,84.1719321309954
4093,21.59395875101545
4094,5.0435678605649805
4095,6.792420393192454
4096,2.524884694190429
4097,2.579555611064444
4098,2.7967654212189776
4099,-34.57635165055392
4100,16.52686943894164
4101,6.584349558503387
4102,4.555903268214129
4103,69.99079522562558
4104,212.11433680385392
4105,5.818964933332595
4106,109.49665743900736
4107,94.95820655656468
4108,88.64309119024807
4109,235.525350834172
4110,6.15099812245133
4111,72.55863526833977
4112,97.88432637767433
4113,3.466594912505621
4114,5.1358931511010075
4115,75.76847380274369
4116,138.06411538770527
4117,82.24747648898055
4118,274.1537966063564
4119,253.76947578671752
4120,226.0857704900922
4121,85.68234597141989
4122,-16.46751894010948
4123,2.0985140146749535
4124,100.7447804745143
4125,2.5312677592056345
4126,63.145588535469315
4127,5.988482042182184
4128,1.7314293973989323
4129,6.49837278914362
4130,1.9110027096531543
4131,58.2308463754309
4132,6.213977905812003
4133,5.075236990389755
4134,109.94962905120434
4135,-6.515994558292808
4136,152.88868277224816
4137,364.06731645655714
4138,-7.239662227492846
4139,119.29260660361356
4140,57.4800873619117
4141,4.408970135492611
4142,116.23048034475468
4143,295.2237289220119
4144,81.73926058441153
4145,239.9531843053011
4146,66.58564151568052
4147,64.1206784655009
4148,274.10361285756625
4149,61.59642868029735
4150,32.175193396406065
4151,66.710015194514
4152,126.3429395585117
4153,3.995226677370282
4154,352.75964063111894
4155,157.00493459583657
4156,3.271913103820325
4157,-13.484041506048086
4158,3.945487300828293
4159,4.512345556282348
4160,153.10164729576258
4161,173.08336561613174
4162,6.427531701280805
4163,78.6345643424526
4164,163.19716715269277
4165,-6.021456728283106
4166,48.12968850155711
4167,106.17858405480165
4168,4.498855789117691
4169,2.819345777608524
4170,1.6562743367153283
4171,85.02437059545852
4172,4.564460142262758
4173,4.079826698521815
4174,86.98388210527578
4175,120.90116854385718
4176,1.9720884689146827
4177,3.4923866333399345
4178,28.58248808306437
4179,120.47761525243185
4180,183.1166672253569
4181,41.496697635365805
4182,60.6365441150956
4183,16.745394903578095
4184,185.3949093423088
4185,292.18634572618873
4186,2.883536207920711
4187,81.91847963750122
4188,4.119745288574958
4189,4.358056334583026
4190,121.77083591237368
4191,2.0541387563472164
4192,30.42774022583847
4193,50.09252410331462
4194,5.903853028905799
4195,4.292725730787331
4196,137.53553523286928
4197,6.431362095194085
4198,3.2377736365096283
4199,4.983317460218532
4200,295.79579957272904
4201,246.83263338091797
4202,169.2552651070472
4203,5.503409387243209
4204,97.83106821858536
4205,5.199754492753588
4206,7.74056655560676
4207,143.27171297502218
4208,155.1288119301954
4209,220.84276941535452
4210,-47.19820820595164
4211,1.9400754263243936
4212,5.594414398967583
4213,-30.13643980968609
4214,6.778803800932332
4215,3.1297568415753023
4216,1.6178786591960743
4217,3.1367265298881843
4218,5.737907343130872
4219,37.96516742184805
4220,69.84318779333721
4221,2.076815781488849
4222,122.71306588005766
4223,3.0232572733793375
4224,6.525014778885887
4225,4.967602766791705
4226,282.53618745789566
4227,2.7682950064632563
4228,208.8878562993085
4229,108.52566695678117
4230,3.1948148524346944
4231,2.168259279094474
4232,44.99393705708049
4233,3.182873157593141
4234,-1.5719272368402133
4235,67.28275230494174
4236,244.0725090263149
4237,170.301284549464
4238,2.9654714303420255
4239,83.27273264384743
4240,14.255014291607178
4241,54.296481392530445
4242,242.06545506902285
4243,-91.32844474494712
4244,334.4690488755608
4245,4.648748218537051
4246,1.982712953908957
4247,3.7495586081518297
4248,4.174850526413437
4249,-55.61004160129022
4250,7.194439081815599
4251,306.3660624082921
4252,6.601687176745958
4253,6.243794549671053
4254,5.460145402458036
4255,-52.735428863085815
4256,3.9972551972418926
4257,110.82625776273042
4258,2.6438185489061077
4259,1.5693013539769156
4260,74.04163663711535
4261,2.6547067561797535
4262,302.9557798485034
4263,110.20153479629649
4264,2.578684074118926
4265,35.150624373935365
4266,4.27786428412907
4267,5.940535511437833
4268,5.820091679247383
4269,165.55806282965287
4270,227.2894147046278
4271,185.47794182332697
4272,5.134448872221887
4273,8.148815901510122
4274,53.30956720116424
4275,6.353095410395582
4276,303.4687278262166
4277,212.76850511927145
4278,370.06886354441815
4279,338.75851605046853
4280,125.21963703059151
4281,53.06448505253782
4282,18.254168623275277
4283,6.518609143114856
4284,4.944502958621749
4285,108.96379821572758
4286,309.11526196660714
4287,1.8070008008830916
4288,186.43323464558003
4289,206.49016680614417
4290,164.9386431364479
4291,3.1473247979821477
4292,5.005325525048636
4293,-6.976278487080766
4294,-35.76696224381896
4295,0.8016707037960663
4296,5.554878293454818
4297,6.915853821132767
4298,5.833050315553505
4299,78.97730323435988
4300,46.10271685821341
4301,-6.137645357878576
4302,142.29271123304682
4303,1.6928023762359896
4304,-49.44249733777594
4305,3.816555154140497
4306,283.93652293244895
4307,2.707187990679076
4308,41.43497207558544
4309,4.891511779873982
4310,2.9219872894625105
4311,-18.933205283389363
4312,359.2837692444041
4313,3.199932927640393
4314,1.9495536535255835
4315,228.69155556800345
4316,1.6478934729228036
4317,188.4459006248521
4318,6.1704007604480635
4319,43.65040883184195
4320,110.50584167098748
4321,4.77363899945292
4322,297.2792976841229
4323,94.63908174862068
4324,3.389296770521927
4325,6.468553721232795
4326,4.002743081977847
4327,98.71004179379344
4328,142.75067893232014
4329,196.66852757432375
4330,23.51313446678737
4331,2.933053055229905
4332,2.4388446028000508
4333,225.70817534977888
4334,3.9573727715297062
4335,2.8887058139925497
4336,2.1118184710644385
4337,6.020373349239722
4338,4.688927319868721
4339,4.900910852872249
4340,-29.697176064592902
4341,56.6050069060564
4342,172.07767976405017
4343,165.85827523417848
4344,150.93723293677093
4345,5.917492393539884
4346,4.8693858207557765
4347,180.45599047491905
4348,5.6016853432292555
4349,163.9141151364731
4350,-44.98497421662373
4351,124.5902267706454
4352,158.72664860464667
4353,5.295968162395379
4354,104.1380549144054
4355,142.15760901493897
4356,1.9080433374693009
4357,4.973570973467766
4358,300.19707810888764
4359,215.70303021781172
4360,3.2165440244938623
4361,14.036387940959004
4362,0.2574564267282919
4363,3.573739765175622
4364,4.776294621589988
4365,1.6339238062337098
4366,3.572029746352292
4367,245.44021325442665
4368,-26.299839218097183
4369,67.69253379664576
4370,6.353605181080136
4371,190.74211977691624
4372,89.56238824208206
4373,318.1227649109475
4374,6.694218721687934
4375,222.2087291411884
4376,272.35467394530565
4377,5.459355506544905
4378,5.693312951008646
4379,195.91269440497285
4380,3.1588513267343026
4381,2.316203187838643
4382,6.738924095310444
4383,31.331322914618426
4384,4.883268239566448
4385,204.8468985020348
4386,8.814643060772891
4387,309.28483670988
4388,90.54140536104003
4389,6.713689539018689
4390,4.046211745847093
4391,4.156507383802483
4392,2.508121005788768
4393,81.80989613632144
4394,88.20300104567482
4395,3.2091400715244465
4396,-11.10210636712224
4397,2.730780457787592
4398,6.534722841944696
4399,2.8413842536942906
4400,237.5582756576775
4401,7.003474345352465
4402,225.16058755655115
4403,286.3164785540313
4404,231.3937502919684
4405,370.37424400258874
4406,46.71352026208613
4407,78.76752501566693
4408,6.573429164493998
4409,102.397388819496
4410,-96.03373461464948
4411,2.8302108193684052
4412,265.5687612873245
4413,216.29032492253592
4414,4.054379252079361
4415,181.42527309887996
4416,44.527468910603645
4417,2.7663649642502013
4418,231.79810908634744
4419,281.9500405203191
4420,340.93621593841834
4421,337.5208462125924
4422,0.9505927390895136
4423,1.7266405746569056
4424,49.166232683161894
4425,165.04421468059098
4426,5.312739575446265
4427,214.66516146672933
4428,6.215528331737931
4429,5.171542099375829
4430,5.133025294962907
4431,183.211007451706
4432,3.8277365098042138
4433,3.920325714617408
4434,121.12944488223616
4435,5.670562323285962
4436,6.16367386732574
4437,-5.035939525392206
4438,84.51207247688401
4439,7.0124687886107395
4440,259.55996011468096
4441,1.252588263889327
4442,253.7066504766123
4443,6.525421128971281
4444,275.4609410584019
4445,3.631933115412911
4446,3.6575831799492553
4447,124.9551073890753
4448,5.015565050909819
4449,-16.00340584649756
4450,78.92939160254024
4451,100.7052915802975
4452,316.1051202797674
4453,249.14030394046608
4454,5.198760452811318
4455,5.281780948481595
4456,208.3710276150095
4457,4.2264801930963
4458,6.805382493171919
4459,61.12175505110319
4460,0.5770831924358544
4461,95.72439160894488
4462,155.02494240965098
4463,36.725130059555426
4464,4.172152895751043
4465,113.34459213873826
4466,4.66767452030073
4467,4.355578878369539
4468,1.786589151897886
4469,2.180357097916249
4470,4.8964980254816615
4471,2.7941488981668146
4472,265.01697516311077
4473,3.6020570774049547
4474,240.5079478887065
4475,4.5916445810226385
4476,84.4337841628012
4477,5.758120012205505
4478,3.948297940289057
4479,129.67382392052838
4480,284.87329317569015
4481,3.857288255343654
4482,214.92297988292216
4483,73.72717080998719
4484,317.56804468493567
4485,237.8060829395937
4486,2.367297433094259
4487,92.69007318134912
4488,59.21770240840638
4489,-49.52387293584096
4490,99.36895837493428
4491,5.684967525321808
4492,267.49314903054494
4493,318.0693376644209
4494,16.681841676174013
4495,2.9156461385043797
4496,118.10169075425144
4497,6.778619140995603
4498,204.86946558567095
4499,316.34696492095986
4500,155.23117143969708
4501,5.960346785583172
4502,5.959108622751901
4503,184.386842660822
4504,23.883449818043392
4505,62.15824700815529
4506,2.2556672875332517
4507,-32.30208269320988
4508,132.39008267430262
4509,46.649103225739026
4510,2.2434218169682243
4511,267.32504480831943
4512,58.010295242043235
4513,98.38867611916132
4514,2.4015201764379626
4515,3.162339161032001
4516,3.5062359451731955
4517,4.530085183113078
4518,15.45444503751743
4519,113.68593861227065
4520,54.825920637455
4521,2.4056213363254977
4522,90.82374153707352
4523,6.7593356928702955
4524,238.1842496642211
4525,17.014652584048996
4526,2.234170881704794
4527,103.5884390230814
4528,126.44536604971633
4529,128.82173774697225
4530,206.34925609028383
4531,4.058036178215006
4532,4.21037799990834
4533,4.389305028823015
4534,64.0877456426852
4535,6.0361011749234565
4536,2.0224439565368844
4537,1.9214115572755883
4538,6.378010316803324
4539,288.6619478014348
4540,161.80385252500125
4541,3.362084530473521
4542,2.75139461992095
4543,212.10558778780347
4544,43.90718417421334
4545,5.431294291097756
4546,19.25276270135514
4547,5.97396665774193
4548,173.5334399035915
4549,4.786737440338883
4550,247.9552885139585
4551,30.851052654192777
4552,106.00138990122308
4553,99.41728611658952
4554,5.2831470530062035
4555,193.51624217687336
4556,297.85175188423614
4557,5.059688520856232
4558,4.547903203854825
4559,65.62434274269381
4560,6.818770304449298
4561,5.444529377059361
4562,184.70766216402927
4563,45.95634445159922
4564,245.5071656262617
4565,55.82195551039433
4566,205.1300102850242
4567,271.866885589951
4568,143.211958068453
4569,5.182758814715335
4570,213.4841317769527
4571,245.1920589654159
4572,5.356344714813991
4573,3.021739155695058
4574,1.781136853820149
4575,5.459615377346926
4576,139.1096931962408
4577,242.64278940581167
4578,74.49312189500306
4579,22.25529397712007
4580,0.1119038545913548
4581,359.8762592189034
4582,7.954074775588446
4583,1.0483965528585664
4584,289.82537861519666
4585,39.98994147621934
4586,6.176615008919037
4587,4.403396104261448
4588,1.5457154280309076
4589,4.293757792924016
4590,3.386015526671787
4591,65.39910969294367
4592,5.577891435097031
4593,115.30761162750252
4594,-15.181157812089436
4595,2.6266591571322055
4596,58.04646082764915
4597,129.38917680617695
4598,4.476651321822883
4599,-46.724998706678775
4600,88.34407406478776
4601,6.955414318316307
4602,5.315423208681034
4603,5.110473614593779
4604,76.88465102051899
4605,1.7804700530641542
4606,144.32218422395803
4607,27.05155741095811
4608,4.636892685869582
4609,209.161351604025
4610,92.54987260333668
4611,124.04656001427132
4612,2.527320256512362
4613,-74.01224427517124
4614,69.90754046827813
4615,-39.37195947283477
4616,4.555888088550196
4617,4.707884113108756
4618,4.0931253001323915
4619,6.219044967273076
4620,6.689436407114978
4621,109.58845900426016
4622,3.7327915625887305
4623,6.192710581898955
4624,0.4513651392891217
4625,97.47460380229872
4626,50.565677307868526
4627,5.441225701055727
4628,6.035291263827957
4629,60.84749954445671
4630,5.4267285460548385
4631,-6.097879519044072
4632,6.664342828271583
4633,232.31953384564457
4634,5.679968238786132
4635,5.664093413982158
4636,33.65245584305371
4637,7.054777393853782
4638,397.2113505580343
4639,276.1394656790811
4640,2.0802081967239636
4641,192.0524419081567
4642,146.73561651047535
4643,50.80215111774366
4644,35.8942931422085
4645,5.7476380974623815
4646,42.365147895581664
4647,25.39772987394072
4648,186.1962927894392
4649,105.90943138532997
4650,128.7189452185646
4651,55.090143848451866
4652,4.910503490415811
4653,244.43789550684585
4654,7.601745960116428
4655,5.842451816971912
4656,3.430063871389226
4657,3.221094132217752
4658,6.753584787838323
4659,44.93506336791049
4660,1.7737177652827736
4661,2.6855742552869204
4662,3.858610536920383
4663,121.81783565773192
4664,5.907522871103202
4665,166.4811068659455
4666,248.99049462287337
4667,1.8448295324154895
4668,118.9254423225156
4669,244.5641708188404
4670,45.19015015960962
4671,2.050295515305375
4672,0.6414187282136723
4673,66.391442774833
4674,276.49777370895833
4675,1.7995412626331908
4676,117.5777663941779
4677,50.785101973618794
4678,5.4849931525187925
4679,99.16835112284996
4680,4.311529002906873
4681,1.6954998183625716
4682,215.34000551119647
4683,151.78637237729137
4684,94.61069235387389
4685,247.4205713992088
4686,4.15538165891078
4687,218.74563836373193
4688,329.7713479127217
4689,107.82690501778632
4690,6.636844588710515
4691,6.860679205533633
4692,4.42870396220899
4693,80.64235629143819
4694,4.6848488203902345
4695,370.7353347846688
4696,4.639637403814004
4697,2.5495802307399797
4698,4.624075395057033
4699,3.818224086240521
4700,96.24732055840737
4701,5.755378096868851
4702,1.9553119222664308
4703,3.1146665473300783
4704,5.057333080693974
4705,281.83061736697084
4706,3.5807534795070564
4707,5.071477220703786
4708,3.1352748770160352
4709,76.79699520512033
4710,148.98376283519502
4711,6.309635351042964
4712,259.39666731676255
4713,3.715052599253256
4714,5.667764857504281
4715,61.14055845042225
4716,110.88122675679683
4717,7.255633394936431
4718,6.445989320560654
4719,200.15675867084184
4720,179.66246549623455
4721,6.312176027783217
4722,3.9320319880867705
4723,6.822768237757589
4724,46.54363960680754
4725,212.90178909652064
4726,3.706704216724465
4727,296.5392095626303
4728,223.38641632597955
4729,4.053045138844833
4730,167.3475300841821
4731,135.0357191171769
4732,-29.024665682911913
4733,5.721484098249349
4734,6.3979645144548085
4735,5.5236938461344565
4736,3.4972170247701557
4737,37.99842461429322
4738,-26.13596437569207
4739,165.50744590554845
4740,290.3826832331278
4741,4.933954720056216
4742,83.79317671742922
4743,5.80089527962409
4744,257.03162767601407
4745,48.32161748007291
4746,3.826898379909229
4747,2.8842949442633103
4748,3.2071099537296326
4749,5.4746689872832865
4750,5.71857306889264
4751,3.9640302256572246
4752,103.02197345454977
4753,144.8671593044891
4754,120.15853934581504
4755,4.198568666119542
4756,1.9738179730783336
4757,3.499891459047354
4758,74.9541618567013
4759,111.71337633276588
4760,5.120533005768262
4761,3.23246997782918
4762,176.16538642415333
4763,222.81652781749384
4764,2.5592247265596453
4765,359.24508949985693
4766,27.316935700265105
4767,10.109812704824432
4768,26.097959209868243
4769,-31.923409626800986
4770,36.54998023066889
4771,33.13802118405566
4772,4.318311054885331
4773,4.294534034114044
4774,149.38494071556892
4775,1.6619369843051908
4776,2.512262584615466
4777,198.11369125995435
4778,5.110539853969212
4779,28.78875074439219
4780,2.219498140161803
4781,62.21515690690048
4782,4.999415723090627
4783,4.142753787355492
4784,2.8160266287168216
4785,33.18503089809736
4786,67.0501739177783
4787,5.357079530277377
4788,3.8413232264792576
4789,3.355076287713925
4790,112.90483403287296
4791,218.34299631079443
4792,4.435888794039894
4793,164.85581970109848
4794,63.50462318335859
4795,215.44683334443815
4796,3.247806520452315
4797,134.07917175205674
4798,5.952749540561772
4799,4.0240174090594785
4800,342.3292988964089
4801,3.608586759898447
4802,5.31540029286168
4803,252.01528664547817
4804,1.959871988687858
4805,244.1654299241065
4806,4.223287282823477
4807,3.1619254177548672
4808,64.00844974001544
4809,89.04669614254496
4810,1.640278397836947
4811,2.090097815071867
4812,5.228455191915301
4813,294.249504473572
4814,235.45372721013385
4815,3.0699799734486435
4816,2.8157064679755157
4817,5.9082789293179765
4818,1.6871226988393166
4819,79.0027904024496
4820,2.614854426336943
4821,190.0860635853374
4822,128.86095269340296
4823,4.828407727390846
4824,3.02930043208275
4825,232.99837159675627
4826,4.646219687146606
4827,6.172268069863044
4828,206.1914153423309
4829,118.71958848659276
4830,97.6984418218776
4831,178.6454602017199
4832,6.961871246820133
4833,3.6602817769690343
4834,105.28073364899484
4835,3.9358381451832782
4836,6.6522968988798485
4837,198.81425872899172
4838,37.070978754121526
4839,308.2920256796134
4840,3.3200753309890194
4841,151.46035370629284
4842,25.746751156248965
4843,2.483009196200083
4844,4.183776000160428
4845,4.688985667191568
4846,6.905192171147141
4847,3.859484423196285
4848,2.50609521294231
4849,5.29482445502723
4850,6.785582494179253
4851,5.936033081834743
4852,88.80201186242495
4853,284.1231525456057
4854,2.9981873561509476
4855,3.528769693628663
4856,184.9644490093008
4857,242.0105138692839
4858,276.86093951134825
4859,133.81833229738032
4860,236.93101666525513
4861,-24.77046619357682
4862,135.5631009331886
4863,6.919149529952003
4864,5.816764720751664
4865,1.8446076461339536
4866,0.9833681680179998
4867,3.5008622315445512
4868,44.335623523263514
4869,1.258283970969006
4870,131.4125600776127
4871,6.625448975793268
4872,2.380693249526611
4873,293.7734051929699
4874,6.375342594552504
4875,3.4925552467657663
4876,231.8670319303584
4877,6.174725794774717
4878,66.9128411153109
4879,74.88212831753171
4880,5.671156349250601
4881,6.042991844935843
4882,54.07157555043814
4883,1.810774745462081
4884,150.77341788405778
4885,-66.08726253838515
4886,240.01614938531088
4887,5.012335224105699
4888,296.3601405102144
4889,24.12004162565279
4890,221.7104239264545
4891,156.5532159038152
4892,1.942516894396736
4893,5.690414419619201
4894,88.19837700834631
4895,6.715332013411827
4896,5.942664142263578
4897,6.646672528856953
4898,37.84629361980067
4899,218.75746488996165
4900,2.014654726442489
4901,273.85555277846964
4902,4.453868714632315
4903,148.98338082382574
4904,396.112167723449
4905,96.39504304938792
4906,154.70332340963375
4907,186.1220311896892
4908,4.670127455083
4909,163.11682148237566
4910,148.75389894522024
4911,72.31279609742876
4912,5.7389854282519694
4913,210.2784149873782
4914,178.74304445914134
4915,3.112735286585941
4916,4.739867366703623
4917,6.517263255916231
4918,2.6903315246950905
4919,88.42390265022182
4920,2.0295256365076906
4921,-8.610520860901195
4922,181.9923408587896
4923,237.65698814833405
4924,6.498222065587859
4925,2.614083149737916
4926,0.6456156106852023
4927,5.752744123812486
4928,2.806640458854308
4929,68.35225286411446
4930,110.72718657776504
4931,-33.439169446395546
4932,5.766372426715434
4933,351.94979975574995
4934,-59.54081385720975
4935,55.25281364068328
4936,235.06916482399345
4937,46.665630012954765
4938,89.54351262715535
4939,55.04418565108462
4940,3.5275433038329
